contest_id,name,draft_group,game_type,entry_fee,entries,max_entries,max_per_user,prize_pool,starts_utc,starts_text
196151357,NFL $2.75M Fantasy Football Millionaire [$1M to 1st],154078,Classic,20.0,6519,161764,150,2750000.0,2026-10-04 17:00:00+00:00,Sun 1:00PM
196151359,NFL $2.5M MEGA Millionaire [$1M to 1st],154078,Classic,4444.0,38,634,19,2536000.0,2026-10-04 17:00:00+00:00,Sun 1:00PM
195745385,NFL $6M Midseason Main Event [$1.5M to 1st],153728,Classic,1500.0,23,4444,133,6000000.0,2026-11-01 18:00:00+00:00,Sun 1:00PM
196187074,NFL Showdown $1.5M Thursday Night Showdown [$500K to 1st] (PIT @ CLE),154084,Showdown Captain Mode,20.0,3176,88235,150,1500000.0,2026-10-02 00:15:00+00:00,Thu 8:15PM
196151355,NFL $1.25M Wildcat [$250K to 1st],154078,Classic,333.0,118,4170,125,1250000.0,2026-10-04 17:00:00+00:00,Sun 1:00PM
196151358,NFL $700K Play-Action [20 Entry Max],154078,Classic,3.0,12034,277447,20,700000.0,2026-10-04 17:00:00+00:00,Sun 1:00PM
196187072,NFL Showdown $500K Wildcat [$100K to 1st] (PIT @ CLE),154084,Showdown Captain Mode,333.0,66,1668,50,500000.0,2026-10-02 00:15:00+00:00,Thu 8:15PM
196187070,NFL Showdown $402K Luxury Box [$100K to 1st] (PIT @ CLE),154084,Showdown Captain Mode,3180.0,9,134,4,402000.0,2026-10-02 00:15:00+00:00,Thu 8:15PM
196187076,NFL Showdown $250K Play-Action [20 Entry Max] (PIT @ CLE),154084,Showdown Captain Mode,3.0,5117,99088,20,250000.0,2026-10-02 00:15:00+00:00,Thu 8:15PM
196187075,NFL Showdown $250K Flea Flicker [$50K to 1st] (PIT @ CLE),154084,Showdown Captain Mode,5.0,3177,59453,150,250000.0,2026-10-02 00:15:00+00:00,Thu 8:15PM
196187073,NFL Showdown $150K Bootleg [$50K to 1st] (PIT @ CLE),154084,Showdown Captain Mode,33.0,205,5300,150,150000.0,2026-10-02 00:15:00+00:00,Thu 8:15PM
196151360,"NFL $500K Power Sweep [$100K to 1st, 5 Entry Max]",154078,Classic,150.0,182,3703,5,500000.0,2026-10-04 17:00:00+00:00,Sun 1:00PM
196169713,"NFL $250K Power Sweep [$50K to 1st, 3 Entry Max]",154078,Classic,150.0,49,1851,3,250000.0,2026-10-04 17:00:00+00:00,Sun 1:00PM
196169714,"NFL $150K Power Sweep [$30K to 1st, 3 Entry Max]",154078,Classic,150.0,26,1111,3,150000.0,2026-10-04 17:00:00+00:00,Sun 1:00PM
196169758,NFL Single Entry $5 Double Up,154078,Classic,5.0,124,3448,1,15000.0,2026-10-04 17:00:00+00:00,Sun 1:00PM
196169760,NFL Single Entry $5 Double Up,154078,Classic,5.0,89,2758,1,12000.0,2026-10-04 17:00:00+00:00,Sun 1:00PM
196169761,NFL Single Entry $5 Double Up,154078,Classic,5.0,88,2298,1,10000.0,2026-10-04 17:00:00+00:00,Sun 1:00PM
196169729,"NFL $400K Spy [$100K to 1st, Single Entry]",154078,Classic,100.0,161,4444,1,400000.0,2026-10-04 17:00:00+00:00,Sun 1:00PM
196169730,"NFL $200K Spy [$50K to 1st, Single Entry]",154078,Classic,100.0,55,2222,1,200000.0,2026-10-04 17:00:00+00:00,Sun 1:00PM
196169731,"NFL $75K Spy [$15K to 1st, Single Entry]",154078,Classic,100.0,44,833,1,75000.0,2026-10-04 17:00:00+00:00,Sun 1:00PM
196169752,NFL GIANT $25 Double Up [Single Entry],154078,Classic,25.0,99,2758,1,60000.0,2026-10-04 17:00:00+00:00,Sun 1:00PM
196169753,NFL GIANT $25 Double Up [Single Entry],154078,Classic,25.0,55,1839,1,40000.0,2026-10-04 17:00:00+00:00,Sun 1:00PM
196169754,NFL GIANT $25 Double Up [Single Entry],154078,Classic,25.0,47,1379,1,30000.0,2026-10-04 17:00:00+00:00,Sun 1:00PM
196169686,NFL GIANT $25 Double Up,154078,Classic,25.0,55,1149,34,25000.0,2026-10-04 17:00:00+00:00,Sun 1:00PM
196169700,NFL $400K Flea Flicker [$50K to 1st],154078,Classic,5.0,3192,95124,150,400000.0,2026-10-04 17:00:00+00:00,Sun 1:00PM
196187125,"NFL Showdown $160K Four-Point Stance [$50K to 1st, 5 Entry Max] (PIT @ CLE)",154084,Showdown Captain Mode,444.0,27,400,5,160000.0,2026-10-02 00:15:00+00:00,Thu 8:15PM
196187095,"NFL Showdown $80K Huddle [$10K to 1st, Single Entry] (PIT @ CLE)",154084,Showdown Captain Mode,5.0,511,19024,1,80000.0,2026-10-02 00:15:00+00:00,Thu 8:15PM
196187067,NFL Showdown $10K Huddle [Single Entry] (PIT @ CLE),154084,Showdown Captain Mode,5.0,181,2378,1,10000.0,2026-10-02 00:15:00+00:00,Thu 8:15PM
196169724,"NFL $400K Game Changer [$100K to 1st, Single Entry]",154078,Classic,1500.0,10,282,1,400000.0,2026-10-04 17:00:00+00:00,Sun 1:00PM
196169712,"NFL $250K Facemask [5 Entry Max, $50K to 1st]",154078,Classic,555.0,13,500,5,250000.0,2026-10-04 17:00:00+00:00,Sun 1:00PM
196169690,NFL $61K Luxury Box [$20K to 1st],154078,Classic,1500.0,1,43,1,61000.0,2026-10-04 17:00:00+00:00,Sun 1:00PM
196169689,NFL $170K Thunderdome [Single Entry],154078,Classic,5300.0,1,34,1,170000.0,2026-10-04 17:00:00+00:00,Sun 1:00PM
196171215,NFL $20K Thunderdome [Must Fill],154078,Classic,5300.0,0,4,1,20000.0,2026-10-04 17:00:00+00:00,Sun 1:00PM
196169733,"NFL $200K Red Zone [$25K to 1st, Single Entry]",154078,Classic,50.0,89,4545,1,200000.0,2026-10-04 17:00:00+00:00,Sun 1:00PM
196169734,NFL $75K Red Zone [Single Entry],154078,Classic,50.0,37,1704,1,75000.0,2026-10-04 17:00:00+00:00,Sun 1:00PM
196169681,NFL $50K Red Zone [Single Entry],154078,Classic,50.0,39,1136,1,50000.0,2026-10-04 17:00:00+00:00,Sun 1:00PM
196169737,NFL $150K Fair Catch [Single Entry],154078,Classic,12.0,386,14705,1,150000.0,2026-10-04 17:00:00+00:00,Sun 1:00PM
196169738,NFL $75K Fair Catch [Single Entry],154078,Classic,12.0,178,7352,1,75000.0,2026-10-04 17:00:00+00:00,Sun 1:00PM
196169682,NFL $50K Fair Catch [Single Entry],154078,Classic,12.0,171,4901,1,50000.0,2026-10-04 17:00:00+00:00,Sun 1:00PM
196169688,NFL GIANT $5 Double Up,154078,Classic,5.0,240,9195,150,40000.0,2026-10-04 17:00:00+00:00,Sun 1:00PM
196169749,NFL GIANT $50 Double Up [Single Entry],154078,Classic,50.0,42,1136,1,50000.0,2026-10-04 17:00:00+00:00,Sun 1:00PM
196169750,NFL GIANT $50 Double Up [Single Entry],154078,Classic,50.0,19,681,1,30000.0,2026-10-04 17:00:00+00:00,Sun 1:00PM
196169751,NFL GIANT $50 Double Up [Single Entry],154078,Classic,50.0,12,454,1,20000.0,2026-10-04 17:00:00+00:00,Sun 1:00PM
196169687,NFL GIANT $10 Double Up [Single Entry],154078,Classic,10.0,149,4597,1,40000.0,2026-10-04 17:00:00+00:00,Sun 1:00PM
196169755,NFL GIANT $10 Double Up,154078,Classic,10.0,177,3448,103,30000.0,2026-10-04 17:00:00+00:00,Sun 1:00PM
196169756,NFL GIANT $10 Double Up [Single Entry],154078,Classic,10.0,104,2873,1,25000.0,2026-10-04 17:00:00+00:00,Sun 1:00PM
196169745,NFL GIANT $100 Double Up [Single Entry],154078,Classic,100.0,20,555,1,50000.0,2026-10-04 17:00:00+00:00,Sun 1:00PM
196169746,NFL GIANT $100 Double Up [Single Entry],154078,Classic,100.0,12,333,1,30000.0,2026-10-04 17:00:00+00:00,Sun 1:00PM
196169747,NFL GIANT $100 Double Up [Single Entry],154078,Classic,100.0,7,222,1,20000.0,2026-10-04 17:00:00+00:00,Sun 1:00PM
196169705,NFL $175K mini-MAX [150 Entry Max],154078,Classic,0.5,15428,416171,150,175000.0,2026-10-04 17:00:00+00:00,Sun 1:00PM
196169727,"NFL $125K Double Spy [$25K to 1st, Single Entry]",154078,Classic,200.0,21,694,1,125000.0,2026-10-04 17:00:00+00:00,Sun 1:00PM
196169728,"NFL $75K Double Spy [$20K to 1st, Single Entry]",154078,Classic,200.0,14,416,1,75000.0,2026-10-04 17:00:00+00:00,Sun 1:00PM
196170802,NFL SUPERSatellite to NFL 11-1 Midseason Main Event [10x],154078,Classic,165.0,1,101,3,15000.0,2026-10-04 17:00:00+00:00,Sun 1:00PM
196170533,"NFL SUPERSatellite to $4,444 NFL Fantasy Football MEGA Millionaire [3x]",154078,Classic,147.0,0,100,3,13332.0,2026-10-04 17:00:00+00:00,Sun 1:00PM
196170547,NFL SUPERSatellite to NFL $555 Fantasy Football Millionaire [10x],154078,Classic,63.0,1,100,3,5550.0,2026-10-04 17:00:00+00:00,Sun 1:00PM
196170771,"NFL $5,085 2026 FFWC Qualifier Satellite",154078,Classic,84.0,4,68,2,5085.0,2026-10-04 17:00:00+00:00,Sun 1:00PM
196169683,NFL $100K Huddle [Single Entry],154078,Classic,5.0,685,23781,1,100000.0,2026-10-04 17:00:00+00:00,Sun 1:00PM
196169684,NFL $10K Huddle [Single Entry],154078,Classic,5.0,246,2378,1,10000.0,2026-10-04 17:00:00+00:00,Sun 1:00PM
196170773,"NFL $5,085 2026 FFWC Qualifier Satellite",154078,Classic,513.0,0,11,1,5085.0,2026-10-04 17:00:00+00:00,Sun 1:00PM
196170772,"NFL $5,085 2026 FFWC Qualifier Satellite",154078,Classic,513.0,0,11,1,5085.0,2026-10-04 17:00:00+00:00,Sun 1:00PM
196169716,NFL $125K Three-Point Stance [5 Entry Max],154078,Classic,33.0,96,4417,5,125000.0,2026-10-04 17:00:00+00:00,Sun 1:00PM
196169699,"NFL $100K Slant [$10K to 1st, 2x Min Cash]",154078,Classic,9.0,405,13071,150,100000.0,2026-10-04 17:00:00+00:00,Sun 1:00PM
196169735,NFL $75K Blind Side [Single Entry],154078,Classic,27.0,91,3239,1,75000.0,2026-10-04 17:00:00+00:00,Sun 1:00PM
196169736,NFL $25K Blind Side [Single Entry],154078,Classic,27.0,55,1079,1,25000.0,2026-10-04 17:00:00+00:00,Sun 1:00PM
196151356,NFL $100K First Down [20 Entry Max],154078,Classic,1.0,6788,118906,20,100000.0,2026-10-04 17:00:00+00:00,Sun 1:00PM
196169691,"NFL $80K Pocket Passer [$20K to 1st, 4 Entry Max]",154078,Classic,250.0,4,355,4,80000.0,2026-10-04 17:00:00+00:00,Sun 1:00PM
196169695,"NFL $70K Octopus [$20K to 1st, 8 Entry Max]",154078,Classic,88.0,26,903,8,70000.0,2026-10-04 17:00:00+00:00,Sun 1:00PM
196169743,NFL GIANT $250 Double Up [Single Entry],154078,Classic,250.0,9,177,1,40000.0,2026-10-04 17:00:00+00:00,Sun 1:00PM
196169685,NFL GIANT $250 Double Up [Single Entry],154078,Classic,250.0,5,88,1,20000.0,2026-10-04 17:00:00+00:00,Sun 1:00PM
196187115,NFL Showdown Single Entry $5 Double Up (PIT @ CLE),154084,Showdown Captain Mode,5.0,46,1149,1,5000.0,2026-10-02 00:15:00+00:00,Thu 8:15PM
196187116,NFL Showdown Single Entry $5 Double Up (PIT @ CLE),154084,Showdown Captain Mode,5.0,19,689,1,3000.0,2026-10-02 00:15:00+00:00,Thu 8:15PM
196187117,NFL Showdown Single Entry $5 Double Up (PIT @ CLE),154084,Showdown Captain Mode,5.0,12,229,1,1000.0,2026-10-02 00:15:00+00:00,Thu 8:15PM
196187127,NFL Showdown Single Entry $5 Double Up (PIT @ CLE),154084,Showdown Captain Mode,5.0,9,229,1,1000.0,2026-10-02 00:15:00+00:00,Thu 8:15PM
196187128,NFL Showdown Single Entry $5 Double Up (PIT @ CLE),154084,Showdown Captain Mode,5.0,8,229,1,1000.0,2026-10-02 00:15:00+00:00,Thu 8:15PM
196187129,NFL Showdown Single Entry $5 Double Up (PIT @ CLE),154084,Showdown Captain Mode,5.0,8,229,1,1000.0,2026-10-02 00:15:00+00:00,Thu 8:15PM
196187130,NFL Showdown Single Entry $5 Double Up (PIT @ CLE),154084,Showdown Captain Mode,5.0,9,229,1,1000.0,2026-10-02 00:15:00+00:00,Thu 8:15PM
196187107,NFL Showdown Single Entry $25 Double Up (PIT @ CLE),154084,Showdown Captain Mode,25.0,22,459,1,10000.0,2026-10-02 00:15:00+00:00,Thu 8:15PM
196187108,NFL Showdown Single Entry $25 Double Up (PIT @ CLE),154084,Showdown Captain Mode,25.0,11,229,1,5000.0,2026-10-02 00:15:00+00:00,Thu 8:15PM
196187109,NFL Showdown Single Entry $25 Double Up (PIT @ CLE),154084,Showdown Captain Mode,25.0,3,45,1,1000.0,2026-10-02 00:15:00+00:00,Thu 8:15PM
196187131,NFL Showdown Single Entry $25 Double Up (PIT @ CLE),154084,Showdown Captain Mode,25.0,2,45,1,1000.0,2026-10-02 00:15:00+00:00,Thu 8:15PM
196187132,NFL Showdown Single Entry $25 Double Up (PIT @ CLE),154084,Showdown Captain Mode,25.0,2,45,1,1000.0,2026-10-02 00:15:00+00:00,Thu 8:15PM
196187133,NFL Showdown Single Entry $25 Double Up (PIT @ CLE),154084,Showdown Captain Mode,25.0,2,45,1,1000.0,2026-10-02 00:15:00+00:00,Thu 8:15PM
196187134,NFL Showdown Single Entry $25 Double Up (PIT @ CLE),154084,Showdown Captain Mode,25.0,2,45,1,1000.0,2026-10-02 00:15:00+00:00,Thu 8:15PM
196186381,NFL $30K Thu-Mon Special [$10K to 1st] (Thu-Mon),154077,Classic,18.0,155,1960,58,30000.0,2026-10-02 00:15:00+00:00,Thu 8:15PM
196185543,NFL $20K Thunderdome [Must Fill] (Thu-Mon),154077,Classic,5300.0,0,4,1,20000.0,2026-10-02 00:15:00+00:00,Thu 8:15PM
196186395,NFL $10K Pylon [Single Entry] (Thu-Mon),154077,Classic,3.0,404,3963,1,10000.0,2026-10-02 00:15:00+00:00,Thu 8:15PM
196186394,NFL $6K Huddle [Single Entry] (Thu-Mon),154077,Classic,5.0,147,1426,1,6000.0,2026-10-02 00:15:00+00:00,Thu 8:15PM
196186378,NFL $6K Wildcat [Single Entry] (Thu-Mon),154077,Classic,333.0,2,20,1,6000.0,2026-10-02 00:15:00+00:00,Thu 8:15PM
196187098,NFL Showdown $250 Double Up (PIT @ CLE),154084,Showdown Captain Mode,250.0,4,71,2,16000.0,2026-10-02 00:15:00+00:00,Thu 8:15PM
196187068,NFL Showdown $51K Luxury Box [$20K to 1st] (PIT @ CLE),154084,Showdown Captain Mode,1500.0,2,36,1,51000.0,2026-10-02 00:15:00+00:00,Thu 8:15PM
196187071,NFL Showdown $21.3K Luxury Box [$10K to 1st] (PIT @ CLE),154084,Showdown Captain Mode,1500.0,1,15,1,21300.0,2026-10-02 00:15:00+00:00,Thu 8:15PM
196187069,NFL Showdown $80K Thunderdome [$40K to 1st] (PIT @ CLE),154084,Showdown Captain Mode,5300.0,1,16,1,80000.0,2026-10-02 00:15:00+00:00,Thu 8:15PM
196185438,NFL Showdown $20K Thunderdome [Must Fill] (PIT @ CLE),154084,Showdown Captain Mode,5300.0,0,4,1,20000.0,2026-10-02 00:15:00+00:00,Thu 8:15PM
196187590,"NFL Showdown SUPERSatellite to $4,444 NFL Fantasy Football MEGA Millionaire [3x] (PIT @ CLE)",154084,Showdown Captain Mode,147.0,14,100,3,13332.0,2026-10-02 00:15:00+00:00,Thu 8:15PM
196169762,NFL $2 Double Up,154078,Classic,2.0,308,8620,20,15000.0,2026-10-04 17:00:00+00:00,Sun 1:00PM
196169711,NFL $70K Touch Pass [3 Entry Max],154078,Classic,777.0,3,100,3,70000.0,2026-10-04 17:00:00+00:00,Sun 1:00PM
196169693,"NFL $75K 11 Personnel Special [$15K to 1st, 11 Entry Max]",154078,Classic,111.0,5,750,11,75000.0,2026-10-04 17:00:00+00:00,Sun 1:00PM
196169717,NFL $60K Screen Pass [5 Entry Max],154078,Classic,15.0,184,4705,5,60000.0,2026-10-04 17:00:00+00:00,Sun 1:00PM
196169718,NFL $40K Screen Pass [3 Entry Max],154078,Classic,15.0,125,3137,3,40000.0,2026-10-04 17:00:00+00:00,Sun 1:00PM
196169702,NFL $50K MEGA mini-MAX [150 Entry Max],154078,Classic,2.0,779,29726,150,50000.0,2026-10-04 17:00:00+00:00,Sun 1:00PM
196169679,NFL $50K Spin Move [Single Entry],154078,Classic,300.0,5,185,1,50000.0,2026-10-04 17:00:00+00:00,Sun 1:00PM
196169680,NFL $20K Spin Move [Single Entry],154078,Classic,300.0,1,74,1,20000.0,2026-10-04 17:00:00+00:00,Sun 1:00PM
196186162,NFL Single Stat $20K Thunderdome [Must Fill] (PIT @ CLE Total Yards),154115,Single Stat - Total Yards,5300.0,0,4,1,20000.0,2026-10-02 00:15:00+00:00,Thu 8:15PM
196186165,"NFL Single Stat $10,170 2026 FFWC Qualifier Satellite [Must Fill] (PIT @ CLE Total Yards)",154115,Single Stat - Total Yards,3592.0,0,3,1,10170.0,2026-10-02 00:15:00+00:00,Thu 8:15PM
196186197,NFL Single Stat $3K Winner Take All [20 Entry Max] (PIT @ CLE Total Yards),154115,Single Stat - Total Yards,5.0,27,713,20,3000.0,2026-10-02 00:15:00+00:00,Thu 8:15PM
196186063,NFL Single Stat $1K Winner Take All [3 Entry Max] (PIT @ CLE Total Yards),154115,Single Stat - Total Yards,1.0,149,1189,3,1000.0,2026-10-02 00:15:00+00:00,Thu 8:15PM
196186163,"NFL Single Stat Satellite to NFL $4,444 Fantasy Football MEGA Millionaire [Must Fill] (PIT @ CLE Tot",154115,Single Stat - Total Yards,1570.0,0,3,1,4444.0,2026-10-02 00:15:00+00:00,Thu 8:15PM
196169769,"NFL $60K Super Booster [Top 60 Win $1,000]",154078,Classic,27.0,169,2591,77,60000.0,2026-10-04 17:00:00+00:00,Sun 1:00PM
196169770,NFL $20K Super Booster [Top 200 Win $100],154078,Classic,4.0,165,5945,20,20000.0,2026-10-04 17:00:00+00:00,Sun 1:00PM
196169768,"NFL $15K Super Booster [Top 15 Win $1,000]",154078,Classic,50.0,15,340,10,15000.0,2026-10-04 17:00:00+00:00,Sun 1:00PM
196169771,NFL $8K Super Booster [Top 400 Win $20],154078,Classic,2.0,189,4756,20,8000.0,2026-10-04 17:00:00+00:00,Sun 1:00PM
196169725,NFL $50K Stiff Arm [Single Entry],154078,Classic,555.0,3,100,1,50000.0,2026-10-04 17:00:00+00:00,Sun 1:00PM
196169701,NFL $40K Front Four [20 Entry Max],154078,Classic,4.0,444,11890,20,40000.0,2026-10-04 17:00:00+00:00,Sun 1:00PM
196169719,NFL $40K Engage Eight [5 Entry Max],154078,Classic,8.0,257,5882,5,40000.0,2026-10-04 17:00:00+00:00,Sun 1:00PM
196169739,NFL $30K Pylon [Single Entry],154078,Classic,3.0,509,11890,1,30000.0,2026-10-04 17:00:00+00:00,Sun 1:00PM
196169740,NFL $20K Pylon [Single Entry],154078,Classic,3.0,301,7927,1,20000.0,2026-10-04 17:00:00+00:00,Sun 1:00PM
196169720,NFL $40K Nickel [5 Entry Max],154078,Classic,5.0,348,9512,5,40000.0,2026-10-04 17:00:00+00:00,Sun 1:00PM
196169698,NFL $40K 1st and 10 [10 Entry Max],154078,Classic,10.0,204,4705,10,40000.0,2026-10-04 17:00:00+00:00,Sun 1:00PM
196180811,NFL $40K High Step [$10K to 1st],154078,Classic,400.0,2,111,1,40000.0,2026-10-04 17:00:00+00:00,Sun 1:00PM
196169767,NFL GIANT $530 50-50 [Top 50% Win],154078,Classic,530.0,2,40,1,20000.0,2026-10-04 17:00:00+00:00,Sun 1:00PM
196169742,NFL $250 Double Up,154078,Classic,250.0,4,71,2,16000.0,2026-10-04 17:00:00+00:00,Sun 1:00PM
196169732,NFL $30K End Zone [Single Entry],154078,Classic,75.0,23,454,1,30000.0,2026-10-04 17:00:00+00:00,Sun 1:00PM
196169722,NFL $25K Triple Option [5 Entry Max],154078,Classic,3.0,443,9908,5,25000.0,2026-10-04 17:00:00+00:00,Sun 1:00PM
196169715,NFL $30K Goal Line [5 Entry Max],154078,Classic,75.0,10,454,5,30000.0,2026-10-04 17:00:00+00:00,Sun 1:00PM
196169703,NFL $20K Safety [20 Entry Max],154078,Classic,2.0,378,11890,20,20000.0,2026-10-04 17:00:00+00:00,Sun 1:00PM
196169696,"NFL $25K 4th and 10 [10 Entry Max, $3K to 1st]",154078,Classic,40.0,30,728,10,25000.0,2026-10-04 17:00:00+00:00,Sun 1:00PM
196169694,NFL $30K Hot Route [$5K to 1st],154078,Classic,100.0,5,334,10,30100.0,2026-10-04 17:00:00+00:00,Sun 1:00PM
196169692,NFL $20K Touchdown,154078,Classic,200.0,2,111,3,20000.0,2026-10-04 17:00:00+00:00,Sun 1:00PM
196169706,NFL $20K Quarter Jukebox [Just $0.25!] ,154078,Classic,0.25,3894,95124,20,20000.0,2026-10-04 17:00:00+00:00,Sun 1:00PM
196171216,NFL $100K Heavy Hitter [Must Fill],154078,Classic,26200.0,0,4,1,100000.0,2026-10-04 17:00:00+00:00,Sun 1:00PM
196171217,NFL $75K Heavy Hitter [Must Fill],154078,Classic,26200.0,0,3,1,75000.0,2026-10-04 17:00:00+00:00,Sun 1:00PM
196171218,NFL $60K Nosebleed Section [Must Fill],154078,Classic,10600.0,0,6,1,60000.0,2026-10-04 17:00:00+00:00,Sun 1:00PM
196169721,NFL $15K Cover Four [5 Entry Max],154078,Classic,4.0,183,4458,5,15000.0,2026-10-04 17:00:00+00:00,Sun 1:00PM
196186393,NFL $4K Fair Catch [Single Entry] (Thu-Mon),154077,Classic,12.0,39,392,1,4000.0,2026-10-02 00:15:00+00:00,Thu 8:15PM
196186390,NFL $4K Nickel [3 Entry Max] (Thu-Mon),154077,Classic,5.0,76,951,3,4000.0,2026-10-02 00:15:00+00:00,Thu 8:15PM
196186391,NFL $4K Spy [Single Entry] (Thu-Mon),154077,Classic,100.0,2,44,1,4000.0,2026-10-02 00:15:00+00:00,Thu 8:15PM
196185546,"NFL $10,170 2026 FFWC Qualifier Satellite [Must Fill] (Thu-Mon)",154077,Classic,3592.0,0,3,1,10170.0,2026-10-02 00:15:00+00:00,Thu 8:15PM
196186379,NFL $3.1K Deep Threat [Single Entry] (Thu-Mon),154077,Classic,180.0,2,19,1,3100.0,2026-10-02 00:15:00+00:00,Thu 8:15PM
196187715,"NFL Showdown $5,085 2026 FFWC Qualifier Satellite (PIT @ CLE)",154084,Showdown Captain Mode,84.0,8,68,2,5085.0,2026-10-02 00:15:00+00:00,Thu 8:15PM
196187716,"NFL Showdown $5,085 2026 FFWC Qualifier Satellite (PIT @ CLE)",154084,Showdown Captain Mode,513.0,3,11,1,5085.0,2026-10-02 00:15:00+00:00,Thu 8:15PM
196187089,"NFL Showdown $100K Spy [$20K to 1st, Single Entry] (PIT @ CLE)",154084,Showdown Captain Mode,100.0,25,1111,1,100000.0,2026-10-02 00:15:00+00:00,Thu 8:15PM
196187090,NFL Showdown $35K Spy [Single Entry] (PIT @ CLE),154084,Showdown Captain Mode,100.0,11,388,1,35000.0,2026-10-02 00:15:00+00:00,Thu 8:15PM
196187079,NFL Showdown $80K mini-MAX [150 Entry Max] (PIT @ CLE),154084,Showdown Captain Mode,0.5,12748,190249,150,80000.0,2026-10-02 00:15:00+00:00,Thu 8:15PM
196187078,NFL Showdown $60K First Down [20 Entry Max] (PIT @ CLE),154084,Showdown Captain Mode,1.0,2928,71343,20,60000.0,2026-10-02 00:15:00+00:00,Thu 8:15PM
196187093,"NFL Showdown $35K Bubble Screen [$10K to 1st, Single Entry] (PIT @ CLE)",154084,Showdown Captain Mode,15.0,76,2745,1,35000.0,2026-10-02 00:15:00+00:00,Thu 8:15PM
196187094,"NFL Showdown $20K Bubble Screen [Single Entry, $5K to 1st] (PIT @ CLE)",154084,Showdown Captain Mode,15.0,50,1568,1,20000.0,2026-10-02 00:15:00+00:00,Thu 8:15PM
196187088,"NFL Showdown $40K Double Spy [$10K to 1st, Single Entry] (PIT @ CLE)",154084,Showdown Captain Mode,200.0,5,222,1,40000.0,2026-10-02 00:15:00+00:00,Thu 8:15PM
196187082,NFL Showdown $50K Power Sweep [5 Entry Max] (PIT @ CLE),154084,Showdown Captain Mode,150.0,28,370,5,50000.0,2026-10-02 00:15:00+00:00,Thu 8:15PM
196187091,NFL Showdown $30K Red Zone [Single Entry] (PIT @ CLE),154084,Showdown Captain Mode,50.0,16,681,1,30000.0,2026-10-02 00:15:00+00:00,Thu 8:15PM
196187092,NFL Showdown $20K Red Zone [Single Entry] (PIT @ CLE),154084,Showdown Captain Mode,50.0,13,454,1,20000.0,2026-10-02 00:15:00+00:00,Thu 8:15PM
196187087,NFL Showdown $25K Checkdown Pass [Single Entry] (PIT @ CLE),154084,Showdown Captain Mode,777.0,3,35,1,25000.0,2026-10-02 00:15:00+00:00,Thu 8:15PM
196187084,NFL Showdown $20K Hard Count [5 Entry Max] (PIT @ CLE),154084,Showdown Captain Mode,20.0,43,1176,5,20000.0,2026-10-02 00:15:00+00:00,Thu 8:15PM
196185439,NFL Showdown $100K Heavy Hitter [Must Fill] (PIT @ CLE),154084,Showdown Captain Mode,26200.0,0,4,1,100000.0,2026-10-02 00:15:00+00:00,Thu 8:15PM
196185440,NFL Showdown $75K Heavy Hitter [Must Fill] (PIT @ CLE),154084,Showdown Captain Mode,26200.0,0,3,1,75000.0,2026-10-02 00:15:00+00:00,Thu 8:15PM
196185441,NFL Showdown $60K Nosebleed Section [Must Fill] (PIT @ CLE),154084,Showdown Captain Mode,10600.0,0,6,1,60000.0,2026-10-02 00:15:00+00:00,Thu 8:15PM
196187096,NFL Showdown $15K Pylon [Single Entry] (PIT @ CLE),154084,Showdown Captain Mode,3.0,286,5945,1,15000.0,2026-10-02 00:15:00+00:00,Thu 8:15PM
196187085,NFL Showdown $15K Cover Four [5 Entry Max] (PIT @ CLE),154084,Showdown Captain Mode,4.0,160,4458,5,15000.0,2026-10-02 00:15:00+00:00,Thu 8:15PM
196187083,NFL Showdown $15K Goal Line [5 Entry Max] (PIT @ CLE),154084,Showdown Captain Mode,75.0,10,227,5,15000.0,2026-10-02 00:15:00+00:00,Thu 8:15PM
196187077,NFL Showdown $10K Safety [20 Entry Max] (PIT @ CLE),154084,Showdown Captain Mode,2.0,415,5945,20,10000.0,2026-10-02 00:15:00+00:00,Thu 8:15PM
196187080,NFL Showdown $10K Quarter Jukebox [Just $0.25!] (PIT @ CLE),154084,Showdown Captain Mode,0.25,2538,47562,20,10000.0,2026-10-02 00:15:00+00:00,Thu 8:15PM
196187097,NFL Showdown $5K Daily Dollar [Single Entry] (PIT @ CLE),154084,Showdown Captain Mode,1.0,290,5945,1,5000.0,2026-10-02 00:15:00+00:00,Thu 8:15PM
196187101,NFL Showdown Single Entry $100 Double Up (PIT @ CLE),154084,Showdown Captain Mode,100.0,3,88,1,8000.0,2026-10-02 00:15:00+00:00,Thu 8:15PM
196187102,NFL Showdown Single Entry $100 Double Up (PIT @ CLE),154084,Showdown Captain Mode,100.0,2,44,1,4000.0,2026-10-02 00:15:00+00:00,Thu 8:15PM
196187112,NFL Showdown Single Entry $10 Double Up (PIT @ CLE),154084,Showdown Captain Mode,10.0,22,574,1,5000.0,2026-10-02 00:15:00+00:00,Thu 8:15PM
196187113,NFL Showdown Single Entry $10 Double Up (PIT @ CLE),154084,Showdown Captain Mode,10.0,19,344,1,3000.0,2026-10-02 00:15:00+00:00,Thu 8:15PM
196187104,NFL Showdown Single Entry $50 Double Up (PIT @ CLE),154084,Showdown Captain Mode,50.0,5,90,1,4000.0,2026-10-02 00:15:00+00:00,Thu 8:15PM
196187105,NFL Showdown Single Entry $50 Double Up (PIT @ CLE),154084,Showdown Captain Mode,50.0,4,45,1,2000.0,2026-10-02 00:15:00+00:00,Thu 8:15PM
196187118,NFL Showdown $2 Double Up (PIT @ CLE),154084,Showdown Captain Mode,2.0,105,1724,20,3000.0,2026-10-02 00:15:00+00:00,Thu 8:15PM
196187120,"NFL Showdown $1,060 50-50 [Top 50% Win] (PIT @ CLE)",154084,Showdown Captain Mode,1060.0,2,10,1,10000.0,2026-10-02 00:15:00+00:00,Thu 8:15PM
196187122,"NFL Showdown $10K Super Booster [Top 10 Win $1,000] (PIT @ CLE)",154084,Showdown Captain Mode,27.0,26,431,12,10000.0,2026-10-02 00:15:00+00:00,Thu 8:15PM
196187123,NFL Showdown $4K Super Booster [Top 40 Win $100] (PIT @ CLE),154084,Showdown Captain Mode,4.0,104,1189,20,4000.0,2026-10-02 00:15:00+00:00,Thu 8:15PM
196187124,NFL Showdown $2K Super Booster [Top 100 Win $20] (PIT @ CLE),154084,Showdown Captain Mode,2.0,63,1189,20,2000.0,2026-10-02 00:15:00+00:00,Thu 8:15PM
196187121,NFL Showdown $530 50-50 [Top 50% Win] (PIT @ CLE),154084,Showdown Captain Mode,530.0,2,16,1,8000.0,2026-10-02 00:15:00+00:00,Thu 8:15PM
196187114,NFL Showdown $5 Double Up (PIT @ CLE),154084,Showdown Captain Mode,5.0,88,1379,41,6000.0,2026-10-02 00:15:00+00:00,Thu 8:15PM
196187100,NFL Showdown $100 Double Up (PIT @ CLE),154084,Showdown Captain Mode,100.0,4,68,2,6200.0,2026-10-02 00:15:00+00:00,Thu 8:15PM
196187103,NFL Showdown $50 Double Up (PIT @ CLE),154084,Showdown Captain Mode,50.0,3,68,2,3000.0,2026-10-02 00:15:00+00:00,Thu 8:15PM
196187106,NFL Showdown $25 Double Up (PIT @ CLE),154084,Showdown Captain Mode,25.0,5,101,3,2200.0,2026-10-02 00:15:00+00:00,Thu 8:15PM
196187126,NFL Showdown Single Entry $250 Double Up (PIT @ CLE),154084,Showdown Captain Mode,250.0,1,11,1,2500.0,2026-10-02 00:15:00+00:00,Thu 8:15PM
196187099,NFL Showdown Single Entry $250 Double Up (PIT @ CLE),154084,Showdown Captain Mode,250.0,1,11,1,2500.0,2026-10-02 00:15:00+00:00,Thu 8:15PM
196187581,"NFL Showdown Satellite to NFL $4,444 Fantasy Football MEGA Millionaire (PIT @ CLE)",154084,Showdown Captain Mode,448.0,2,11,1,4444.0,2026-10-02 00:15:00+00:00,Thu 8:15PM
196187582,"NFL Showdown Satellite to NFL $4,444 Fantasy Football MEGA Millionaire (PIT @ CLE)",154084,Showdown Captain Mode,448.0,2,11,1,4444.0,2026-10-02 00:15:00+00:00,Thu 8:15PM
196187580,"NFL Showdown Satellite to NFL $4,444 Fantasy Football MEGA Millionaire (PIT @ CLE)",154084,Showdown Captain Mode,448.0,2,11,1,4444.0,2026-10-02 00:15:00+00:00,Thu 8:15PM
196187584,"NFL Showdown Satellite to NFL $4,444 Fantasy Football MEGA Millionaire (PIT @ CLE)",154084,Showdown Captain Mode,176.0,4,28,1,4444.0,2026-10-02 00:15:00+00:00,Thu 8:15PM
196187583,"NFL Showdown Satellite to NFL $4,444 Fantasy Football MEGA Millionaire (PIT @ CLE)",154084,Showdown Captain Mode,176.0,4,28,1,4444.0,2026-10-02 00:15:00+00:00,Thu 8:15PM
196187586,"NFL Showdown Satellite to NFL $4,444 Fantasy Football MEGA Millionaire (PIT @ CLE)",154084,Showdown Captain Mode,75.0,4,67,2,4444.0,2026-10-02 00:15:00+00:00,Thu 8:15PM
196187585,"NFL Showdown Satellite to NFL $4,444 Fantasy Football MEGA Millionaire (PIT @ CLE)",154084,Showdown Captain Mode,75.0,4,67,2,4444.0,2026-10-02 00:15:00+00:00,Thu 8:15PM
196187589,"NFL Showdown Satellite to NFL $4,444 Fantasy Football MEGA Millionaire (PIT @ CLE)",154084,Showdown Captain Mode,13.0,32,402,12,4444.0,2026-10-02 00:15:00+00:00,Thu 8:15PM
196187718,"NFL Showdown Satellite to NFL 10-12 $4,444 Showdown MEGA Millionaire (PIT @ CLE)",154084,Showdown Captain Mode,13.0,29,402,12,4444.0,2026-10-02 00:15:00+00:00,Thu 8:15PM
196187720,"NFL Showdown Satellite to NFL 10-12 $4,444 Showdown MEGA Millionaire (PIT @ CLE)",154084,Showdown Captain Mode,70.0,3,72,2,4444.0,2026-10-02 00:15:00+00:00,Thu 8:15PM
196187722,"NFL Showdown Satellite to NFL 10-12 $4,444 Showdown MEGA Millionaire (PIT @ CLE)",154084,Showdown Captain Mode,176.0,3,28,1,4444.0,2026-10-02 00:15:00+00:00,Thu 8:15PM
196187721,"NFL Showdown Satellite to NFL 10-12 $4,444 Showdown MEGA Millionaire (PIT @ CLE)",154084,Showdown Captain Mode,176.0,3,28,1,4444.0,2026-10-02 00:15:00+00:00,Thu 8:15PM
196187724,"NFL Showdown Satellite to NFL 10-12 $4,444 Showdown MEGA Millionaire (PIT @ CLE)",154084,Showdown Captain Mode,448.0,1,11,1,4444.0,2026-10-02 00:15:00+00:00,Thu 8:15PM
196187723,"NFL Showdown Satellite to NFL 10-12 $4,444 Showdown MEGA Millionaire (PIT @ CLE)",154084,Showdown Captain Mode,448.0,1,11,1,4444.0,2026-10-02 00:15:00+00:00,Thu 8:15PM
196187588,"NFL Showdown Satellite to NFL $4,444 Fantasy Football MEGA Millionaire (PIT @ CLE)",154084,Showdown Captain Mode,37.0,6,140,4,4444.0,2026-10-02 00:15:00+00:00,Thu 8:15PM
196187587,"NFL Showdown Satellite to NFL $4,444 Fantasy Football MEGA Millionaire (PIT @ CLE)",154084,Showdown Captain Mode,37.0,6,140,4,4444.0,2026-10-02 00:15:00+00:00,Thu 8:15PM
196187086,NFL Showdown $5K Singleback [5 Entry Max] (PIT @ CLE),154084,Showdown Captain Mode,1.0,261,5945,5,5000.0,2026-10-02 00:15:00+00:00,Thu 8:15PM
196187081,NFL Showdown $4K Dime Package [Just $0.10!] (PIT @ CLE),154084,Showdown Captain Mode,0.1,3170,47562,20,4000.0,2026-10-02 00:15:00+00:00,Thu 8:15PM
196187719,"NFL Showdown Satellite to NFL 10-12 $4,444 Showdown MEGA Millionaire (PIT @ CLE)",154084,Showdown Captain Mode,37.0,6,140,4,4444.0,2026-10-02 00:15:00+00:00,Thu 8:15PM
196172052,NFL Single Stat $20K Thunderdome [Must Fill] (Touchdowns),154114,Single Stat - Touchdowns,5300.0,0,4,1,20000.0,2026-10-04 17:00:00+00:00,Sun 1:00PM
196172055,"NFL Single Stat $10,170 2026 FFWC Qualifier Satellite [Must Fill] (Touchdowns)",154114,Single Stat - Touchdowns,3592.0,0,3,1,10170.0,2026-10-04 17:00:00+00:00,Sun 1:00PM
196172078,NFL Single Stat $3K Winner Take All [20 Entry Max] (Touchdowns),154114,Single Stat - Touchdowns,5.0,14,713,20,3000.0,2026-10-04 17:00:00+00:00,Sun 1:00PM
196171948,NFL Single Stat $1K Winner Take All [Single Entry] (Touchdowns),154114,Single Stat - Touchdowns,5.0,3,237,1,1000.0,2026-10-04 17:00:00+00:00,Sun 1:00PM
196172079,NFL Single Stat $4K Winner Take All [20 Entry Max] (Touchdowns),154114,Single Stat - Touchdowns,1.0,221,4756,20,4000.0,2026-10-04 17:00:00+00:00,Sun 1:00PM
196171947,NFL Single Stat $1K Winner Take All [3 Entry Max] (Touchdowns),154114,Single Stat - Touchdowns,1.0,50,1189,3,1000.0,2026-10-04 17:00:00+00:00,Sun 1:00PM
196185444,"NFL Showdown $10,170 2026 FFWC Qualifier Satellite [Must Fill] (PIT @ CLE)",154084,Showdown Captain Mode,3592.0,0,3,1,10170.0,2026-10-02 00:15:00+00:00,Thu 8:15PM
196187731,NFL Showdown SUPERSatellite to NFL 11-1 Midseason Main Event [2x] (PIT @ CLE),154084,Showdown Captain Mode,50.0,5,68,2,3000.0,2026-10-02 00:15:00+00:00,Thu 8:15PM
196187732,NFL Showdown Satellite to NFL 11-1 Midseason Main Event (PIT @ CLE),154084,Showdown Captain Mode,17.0,14,103,3,1500.0,2026-10-02 00:15:00+00:00,Thu 8:15PM
196187713,"NFL Showdown $1,350 2026 FFWC Qualifier Satellite (PIT @ CLE)",154084,Showdown Captain Mode,23.0,7,69,2,1350.0,2026-10-02 00:15:00+00:00,Thu 8:15PM
196200096,$500K NFL Pocket Cup Qualifier #138 (PIT @ CLE),154084,Showdown Captain Mode,3.0,1,673,20,1700.0,2026-10-02 00:15:00+00:00,Thu 8:15PM
196200095,$500K NFL Pocket Cup Qualifier #137 (PIT @ CLE),154084,Showdown Captain Mode,3.0,20,673,20,1700.0,2026-10-02 00:15:00+00:00,Thu 8:15PM
196186406,NFL Single Entry $5 Double Up (Thu-Mon),154077,Classic,5.0,24,229,1,1000.0,2026-10-02 00:15:00+00:00,Thu 8:15PM
196186401,NFL Single Entry $25 Double Up (Thu-Mon),154077,Classic,25.0,8,91,1,2000.0,2026-10-02 00:15:00+00:00,Thu 8:15PM
196186402,NFL Single Entry $25 Double Up (Thu-Mon),154077,Classic,25.0,6,45,1,1000.0,2026-10-02 00:15:00+00:00,Thu 8:15PM
196186409,NFL Single Entry $25 Double Up (Thu-Mon),154077,Classic,25.0,5,45,1,1000.0,2026-10-02 00:15:00+00:00,Thu 8:15PM
196186405,NFL $5 Double Up (Thu-Mon),154077,Classic,5.0,21,172,5,750.0,2026-10-02 00:15:00+00:00,Thu 8:15PM
196186400,NFL $25 Double Up (Thu-Mon),154077,Classic,25.0,7,68,2,1500.0,2026-10-02 00:15:00+00:00,Thu 8:15PM
196186404,NFL Single Entry $10 Double Up (Thu-Mon),154077,Classic,10.0,13,172,1,1500.0,2026-10-02 00:15:00+00:00,Thu 8:15PM
196186382,NFL $3K Flea Flicker [$1K to 1st] (Thu-Mon),154077,Classic,5.0,75,713,21,3000.0,2026-10-02 00:15:00+00:00,Thu 8:15PM
196186385,NFL $4K First Down [20 Entry Max] (Thu-Mon),154077,Classic,1.0,437,4756,20,4000.0,2026-10-02 00:15:00+00:00,Thu 8:15PM
196186389,NFL $2K Hard Count [3 Entry Max] (Thu-Mon),154077,Classic,20.0,10,117,3,2000.0,2026-10-02 00:15:00+00:00,Thu 8:15PM
196186392,NFL $2K Red Zone [Single Entry] (Thu-Mon),154077,Classic,50.0,2,45,1,2000.0,2026-10-02 00:15:00+00:00,Thu 8:15PM
196186397,NFL Single Entry $250 Double Up (Thu-Mon),154077,Classic,250.0,3,11,1,2500.0,2026-10-02 00:15:00+00:00,Thu 8:15PM
196186399,NFL Single Entry $50 Double Up (Thu-Mon),154077,Classic,50.0,5,34,1,1500.0,2026-10-02 00:15:00+00:00,Thu 8:15PM
196186398,NFL Single Entry $100 Double Up (Thu-Mon),154077,Classic,100.0,4,22,1,2000.0,2026-10-02 00:15:00+00:00,Thu 8:15PM
196186407,NFL $2 Double Up (Thu-Mon),154077,Classic,2.0,102,574,17,1000.0,2026-10-02 00:15:00+00:00,Thu 8:15PM
196186383,NFL $2.5K Play-Action [20 Entry Max] (Thu-Mon),154077,Classic,3.0,98,990,20,2500.0,2026-10-02 00:15:00+00:00,Thu 8:15PM
196186386,NFL $3K mini-MAX [150 Entry Max] (Thu-Mon),154077,Classic,0.5,814,7134,150,3000.0,2026-10-02 00:15:00+00:00,Thu 8:15PM
196186380,NFL $2K Bootleg [2 Entry Max] (Thu-Mon),154077,Classic,33.0,0,70,2,2000.0,2026-10-02 00:15:00+00:00,Thu 8:15PM
196186396,NFL $1.5K Daily Dollar [Single Entry] (Thu-Mon),154077,Classic,1.0,268,1783,1,1500.0,2026-10-02 00:15:00+00:00,Thu 8:15PM
196186384,NFL $500 Safety (Thu-Mon),154077,Classic,2.0,60,297,8,500.0,2026-10-02 00:15:00+00:00,Thu 8:15PM
196187729,NFL Showdown Satellite to NFL 11-1 Midseason Main Event (PIT @ CLE),154084,Showdown Captain Mode,26.0,10,67,2,1500.0,2026-10-02 00:15:00+00:00,Thu 8:15PM
196187730,NFL Showdown Satellite to NFL 11-1 Midseason Main Event (PIT @ CLE),154084,Showdown Captain Mode,151.0,0,11,1,1500.0,2026-10-02 00:15:00+00:00,Thu 8:15PM
196187733,NFL Showdown Satellite to NFL 11-1 Midseason Main Event (PIT @ CLE),154084,Showdown Captain Mode,5.0,37,356,10,1500.0,2026-10-02 00:15:00+00:00,Thu 8:15PM
196187714,"NFL Showdown $1,350 2026 FFWC Qualifier Satellite (PIT @ CLE)",154084,Showdown Captain Mode,136.0,2,11,1,1350.0,2026-10-02 00:15:00+00:00,Thu 8:15PM
196186403,NFL $10 Double Up (Thu-Mon),154077,Classic,10.0,11,69,2,600.0,2026-10-02 00:15:00+00:00,Thu 8:15PM
196186408,NFL Single Entry $2 Double Up (Thu-Mon),154077,Classic,2.0,11,114,1,200.0,2026-10-02 00:15:00+00:00,Thu 8:15PM
196186387,NFL $1K Quarter Jukebox [Just $0.25!] (Thu-Mon),154077,Classic,0.25,653,4756,20,1000.0,2026-10-02 00:15:00+00:00,Thu 8:15PM
196186688,NFL $267 Winner Take All [$1K to 1st] (Thu-Mon),154077,Classic,267.0,0,4,1,1000.0,2026-10-02 00:15:00+00:00,Thu 8:15PM
196186388,NFL $500 Dime Package [Just $0.10!] (Thu-Mon),154077,Classic,0.1,955,5945,20,500.0,2026-10-02 00:15:00+00:00,Thu 8:15PM
196187594,NFL Showdown Satellite to NFL $555 Fantasy Football Millionaire (PIT @ CLE),154084,Showdown Captain Mode,22.0,4,29,1,555.0,2026-10-02 00:15:00+00:00,Thu 8:15PM
196187593,NFL Showdown Satellite to NFL $555 Fantasy Football Millionaire (PIT @ CLE),154084,Showdown Captain Mode,22.0,4,29,1,555.0,2026-10-02 00:15:00+00:00,Thu 8:15PM
196187596,NFL Showdown Satellite to NFL $555 Fantasy Football Millionaire (PIT @ CLE),154084,Showdown Captain Mode,9.0,12,72,2,555.0,2026-10-02 00:15:00+00:00,Thu 8:15PM
196187595,NFL Showdown Satellite to NFL $555 Fantasy Football Millionaire (PIT @ CLE),154084,Showdown Captain Mode,9.0,9,72,2,555.0,2026-10-02 00:15:00+00:00,Thu 8:15PM
196187111,NFL Showdown $10 Double Up (PIT @ CLE),154084,Showdown Captain Mode,10.0,4,114,3,1000.0,2026-10-02 00:15:00+00:00,Thu 8:15PM
196187119,NFL Showdown Single Entry $2 Double Up (PIT @ CLE),154084,Showdown Captain Mode,2.0,33,574,1,1000.0,2026-10-02 00:15:00+00:00,Thu 8:15PM
196187598,NFL Showdown Satellite to NFL $555 Fantasy Football Millionaire (PIT @ CLE),154084,Showdown Captain Mode,6.0,16,108,3,555.0,2026-10-02 00:15:00+00:00,Thu 8:15PM
196187597,NFL Showdown Satellite to NFL $555 Fantasy Football Millionaire (PIT @ CLE),154084,Showdown Captain Mode,6.0,10,108,3,555.0,2026-10-02 00:15:00+00:00,Thu 8:15PM
196187710,NFL Showdown $490 2026 FFWC Qualifier Satellite (PIT @ CLE),154084,Showdown Captain Mode,8.0,8,72,2,490.0,2026-10-02 00:15:00+00:00,Thu 8:15PM
196187711,NFL Showdown $490 2026 FFWC Qualifier Satellite (PIT @ CLE),154084,Showdown Captain Mode,18.0,4,32,1,490.0,2026-10-02 00:15:00+00:00,Thu 8:15PM
196169741,NFL $10K Daily Dollar [Single Entry],154078,Classic,1.0,499,11890,1,10000.0,2026-10-04 17:00:00+00:00,Sun 1:00PM
196169697,NFL $10K Hail Mary,154078,Classic,12.0,6,980,29,10000.0,2026-10-04 17:00:00+00:00,Sun 1:00PM
196169765,"NFL $2,120 50-50 [Top 50% Win]",154078,Classic,2120.0,1,8,1,16000.0,2026-10-04 17:00:00+00:00,Sun 1:00PM
196169766,"NFL $1,060 50-50 [Top 50% Win]",154078,Classic,1060.0,1,14,1,14000.0,2026-10-04 17:00:00+00:00,Sun 1:00PM
196169757,NFL Single Entry $10 Double Up,154078,Classic,10.0,54,1149,1,10000.0,2026-10-04 17:00:00+00:00,Sun 1:00PM
196187592,NFL Showdown Satellite to NFL $555 Fantasy Football Millionaire (PIT @ CLE),154084,Showdown Captain Mode,90.0,1,7,1,555.0,2026-10-02 00:15:00+00:00,Thu 8:15PM
196187591,NFL Showdown Satellite to NFL $555 Fantasy Football Millionaire (PIT @ CLE),154084,Showdown Captain Mode,90.0,1,7,1,555.0,2026-10-02 00:15:00+00:00,Thu 8:15PM
196187712,NFL Showdown $490 2026 FFWC Qualifier Satellite (PIT @ CLE),154084,Showdown Captain Mode,38.0,2,15,1,490.0,2026-10-02 00:15:00+00:00,Thu 8:15PM
196185442,"NFL Showdown Satellite to NFL $4,444 Fantasy Football MEGA Millionaire [Must Fill] (PIT @ CLE)",154084,Showdown Captain Mode,1570.0,0,3,1,4444.0,2026-10-02 00:15:00+00:00,Thu 8:15PM
196185445,"NFL Showdown Satellite to NFL 10-12 $4,444 Showdown MEGA Millionaire [Must Fill] (PIT @ CLE)",154084,Showdown Captain Mode,1570.0,0,3,1,4444.0,2026-10-02 00:15:00+00:00,Thu 8:15PM
196185542,"NFL $1,060 Winner Take All [$4K to 1st] (Must Fill) (Thu-Mon)",154077,Classic,1060.0,0,4,1,4000.0,2026-10-02 00:15:00+00:00,Thu 8:15PM
196185544,"NFL Satellite to NFL $4,444 Fantasy Football MEGA Millionaire [Must Fill] (Thu-Mon)",154077,Classic,1570.0,0,3,1,4444.0,2026-10-02 00:15:00+00:00,Thu 8:15PM
196185547,"NFL Satellite to NFL 10-12 $4,444 Showdown MEGA Millionaire [Must Fill] (Thu-Mon)",154077,Classic,1570.0,0,3,1,4444.0,2026-10-02 00:15:00+00:00,Thu 8:15PM
196185549,NFL Satellite to NFL 11-1 Midseason Main Event [Must Fill] (Thu-Mon),154077,Classic,530.0,0,3,1,1500.0,2026-10-02 00:15:00+00:00,Thu 8:15PM
196185545,NFL Satellite to NFL $555 Fantasy Football Millionaire [Must Fill] (Thu-Mon),154077,Classic,201.0,0,3,1,555.0,2026-10-02 00:15:00+00:00,Thu 8:15PM
196186166,"NFL Single Stat Satellite to NFL 10-12 $4,444 Showdown MEGA Millionaire [Must Fill] (PIT @ CLE Total",154115,Single Stat - Total Yards,1570.0,0,3,1,4444.0,2026-10-02 00:15:00+00:00,Thu 8:15PM
196186169,NFL Single Stat Satellite to NFL 10-25 Midseason Warm Up Millionaire [Must Fill] (PIT @ CLE Total Ya,154115,Single Stat - Total Yards,55.0,0,3,1,150.0,2026-10-02 00:15:00+00:00,Thu 8:15PM
196186161,"NFL Single Stat $1,060 Winner Take All [$4K to 1st] (Must Fill) (PIT @ CLE Total Yards)",154115,Single Stat - Total Yards,1060.0,0,4,1,4000.0,2026-10-02 00:15:00+00:00,Thu 8:15PM
196186168,NFL Single Stat Satellite to NFL 11-1 Midseason Main Event [Must Fill] (PIT @ CLE Total Yards),154115,Single Stat - Total Yards,530.0,0,3,1,1500.0,2026-10-02 00:15:00+00:00,Thu 8:15PM
196186164,NFL Single Stat Satellite to NFL $555 Fantasy Football Millionaire [Must Fill] (PIT @ CLE Total Yard,154115,Single Stat - Total Yards,201.0,0,3,1,555.0,2026-10-02 00:15:00+00:00,Thu 8:15PM
196185448,NFL Showdown Satellite to NFL 11-1 Midseason Main Event [Must Fill] (PIT @ CLE),154084,Showdown Captain Mode,530.0,0,3,1,1500.0,2026-10-02 00:15:00+00:00,Thu 8:15PM
196187757,NFL Showdown Satellite to NBA $888 MEGA 8's Special (10-21) [Must Fill] (PIT @ CLE),154084,Showdown Captain Mode,322.0,0,3,1,888.0,2026-10-02 00:15:00+00:00,Thu 8:15PM
196185443,NFL Showdown Satellite to NFL $555 Fantasy Football Millionaire [Must Fill] (PIT @ CLE),154084,Showdown Captain Mode,201.0,0,3,1,555.0,2026-10-02 00:15:00+00:00,Thu 8:15PM
196187742,NFL Showdown Satellite to NHL 11-3 $555 Barn Burner [Must Fill] (PIT @ CLE),154084,Showdown Captain Mode,201.0,0,3,1,555.0,2026-10-02 00:15:00+00:00,Thu 8:15PM
196187758,NFL Showdown Satellite to UFC 332 $555 Knockout Special (10-3) [Must Fill] (PIT @ CLE),154084,Showdown Captain Mode,201.0,0,3,1,555.0,2026-10-02 00:15:00+00:00,Thu 8:15PM
196169744,NFL $100 Double Up,154078,Classic,100.0,6,68,2,6200.0,2026-10-04 17:00:00+00:00,Sun 1:00PM
196169763,NFL Single Entry $2 Double Up,154078,Classic,2.0,82,2298,1,4000.0,2026-10-04 17:00:00+00:00,Sun 1:00PM
196169764,NFL Single Entry $2 Double Up,154078,Classic,2.0,65,1724,1,3000.0,2026-10-04 17:00:00+00:00,Sun 1:00PM
196169723,NFL $10K Singleback [5 Entry Max],154078,Classic,1.0,623,11890,5,10000.0,2026-10-04 17:00:00+00:00,Sun 1:00PM
196169707,NFL $7.5K Dime Package [Just $0.10!] ,154078,Classic,0.1,4981,89179,20,7500.0,2026-10-04 17:00:00+00:00,Sun 1:00PM
196169704,NFL $5K All-or-Nothing [Winner Take All],154078,Classic,1.0,357,5945,20,5000.0,2026-10-04 17:00:00+00:00,Sun 1:00PM
196162750,$2K T-Mobile Lightening Drive Football Takeover,154078,Classic,0.0,796,999999999,1,2000.0,2026-10-04 17:00:00+00:00,Sun 1:00PM
196169708,Beginner NFL $500 Gridiron,154078,Classic,27.0,0,21,1,500.0,2026-10-04 17:00:00+00:00,Sun 1:00PM
196169710,Casual NFL $500 First Down,154078,Classic,1.0,16,594,10,500.0,2026-10-04 17:00:00+00:00,Sun 1:00PM
196169709,Casual NFL $250 Front Four,154078,Classic,4.0,3,74,2,250.0,2026-10-04 17:00:00+00:00,Sun 1:00PM
196169748,NFL $50 Double Up,154078,Classic,50.0,6,90,2,4000.0,2026-10-04 17:00:00+00:00,Sun 1:00PM
196170800,NFL SUPERSatellite to NFL 11-1 Midseason Main Event [3x],154078,Classic,51.0,0,100,3,4500.0,2026-10-04 17:00:00+00:00,Sun 1:00PM
196170524,"NFL Satellite to NFL $4,444 Fantasy Football MEGA Millionaire",154078,Classic,448.0,0,11,1,4444.0,2026-10-04 17:00:00+00:00,Sun 1:00PM
196170523,"NFL Satellite to NFL $4,444 Fantasy Football MEGA Millionaire",154078,Classic,448.0,0,11,1,4444.0,2026-10-04 17:00:00+00:00,Sun 1:00PM
196170526,"NFL Satellite to NFL $4,444 Fantasy Football MEGA Millionaire",154078,Classic,176.0,2,28,1,4444.0,2026-10-04 17:00:00+00:00,Sun 1:00PM
196170525,"NFL Satellite to NFL $4,444 Fantasy Football MEGA Millionaire",154078,Classic,176.0,2,28,1,4444.0,2026-10-04 17:00:00+00:00,Sun 1:00PM
196170528,"NFL Satellite to NFL $4,444 Fantasy Football MEGA Millionaire",154078,Classic,75.0,2,67,2,4444.0,2026-10-04 17:00:00+00:00,Sun 1:00PM
196170527,"NFL Satellite to NFL $4,444 Fantasy Football MEGA Millionaire",154078,Classic,75.0,2,67,2,4444.0,2026-10-04 17:00:00+00:00,Sun 1:00PM
196170532,"NFL Satellite to NFL $4,444 Fantasy Football MEGA Millionaire",154078,Classic,13.0,8,402,12,4444.0,2026-10-04 17:00:00+00:00,Sun 1:00PM
196170531,"NFL Satellite to NFL $4,444 Fantasy Football MEGA Millionaire",154078,Classic,13.0,5,402,12,4444.0,2026-10-04 17:00:00+00:00,Sun 1:00PM
196170778,"NFL Satellite to NFL 10-12 $4,444 Showdown MEGA Millionaire",154078,Classic,13.0,1,402,12,4444.0,2026-10-04 17:00:00+00:00,Sun 1:00PM
196170780,"NFL Satellite to NFL 10-12 $4,444 Showdown MEGA Millionaire",154078,Classic,70.0,0,72,2,4444.0,2026-10-04 17:00:00+00:00,Sun 1:00PM
196170781,"NFL Satellite to NFL 10-12 $4,444 Showdown MEGA Millionaire",154078,Classic,176.0,1,28,1,4444.0,2026-10-04 17:00:00+00:00,Sun 1:00PM
196170782,"NFL Satellite to NFL 10-12 $4,444 Showdown MEGA Millionaire",154078,Classic,448.0,0,11,1,4444.0,2026-10-04 17:00:00+00:00,Sun 1:00PM
196170530,"NFL Satellite to NFL $4,444 Fantasy Football MEGA Millionaire",154078,Classic,37.0,2,140,4,4444.0,2026-10-04 17:00:00+00:00,Sun 1:00PM
196170529,"NFL Satellite to NFL $4,444 Fantasy Football MEGA Millionaire",154078,Classic,37.0,1,140,4,4444.0,2026-10-04 17:00:00+00:00,Sun 1:00PM
196170779,"NFL Satellite to NFL 10-12 $4,444 Showdown MEGA Millionaire",154078,Classic,37.0,1,140,4,4444.0,2026-10-04 17:00:00+00:00,Sun 1:00PM
196171221,"NFL $10,170 2026 FFWC Qualifier Satellite [Must Fill]",154078,Classic,3592.0,0,3,1,10170.0,2026-10-04 17:00:00+00:00,Sun 1:00PM
196170801,NFL SUPERSatellite to NFL 11-1 Midseason Main Event [2x],154078,Classic,50.0,0,68,2,3000.0,2026-10-04 17:00:00+00:00,Sun 1:00PM
196170804,NFL Satellite to NFL 11-1 Midseason Main Event,154078,Classic,17.0,1,103,3,1500.0,2026-10-04 17:00:00+00:00,Sun 1:00PM
196170805,NFL Satellite to NFL 11-1 Midseason Main Event,154078,Classic,17.0,1,103,3,1500.0,2026-10-04 17:00:00+00:00,Sun 1:00PM
196170803,NFL Satellite to NFL 11-1 Midseason Main Event,154078,Classic,17.0,0,103,3,1500.0,2026-10-04 17:00:00+00:00,Sun 1:00PM
196171949,NFL Single Stat $1K Winner Take All [Single Entry] (Touchdowns),154114,Single Stat - Touchdowns,10.0,6,117,1,1000.0,2026-10-04 17:00:00+00:00,Sun 1:00PM
196172053,"NFL Single Stat Satellite to NFL $4,444 Fantasy Football MEGA Millionaire [Must Fill] (Touchdowns)",154114,Single Stat - Touchdowns,1570.0,0,3,1,4444.0,2026-10-04 17:00:00+00:00,Sun 1:00PM
196172056,"NFL Single Stat Satellite to NFL 10-12 $4,444 Showdown MEGA Millionaire [Must Fill] (Touchdowns)",154114,Single Stat - Touchdowns,1570.0,0,3,1,4444.0,2026-10-04 17:00:00+00:00,Sun 1:00PM
196172051,"NFL Single Stat $1,060 Winner Take All [$4K to 1st] (Must Fill) (Touchdowns)",154114,Single Stat - Touchdowns,1060.0,0,4,1,4000.0,2026-10-04 17:00:00+00:00,Sun 1:00PM
196170767,"NFL $1,350 2026 FFWC Qualifier Satellite",154078,Classic,23.0,2,69,2,1350.0,2026-10-04 17:00:00+00:00,Sun 1:00PM
196170766,"NFL $1,350 2026 FFWC Qualifier Satellite",154078,Classic,23.0,2,69,2,1350.0,2026-10-04 17:00:00+00:00,Sun 1:00PM
196200255,$500K NFL Pocket Cup Qualifier #153,154078,Classic,3.0,0,673,20,1700.0,2026-10-04 17:00:00+00:00,Sun 1:00PM
196200256,$500K NFL Pocket Cup Qualifier #154,154078,Classic,3.0,0,673,20,1700.0,2026-10-04 17:00:00+00:00,Sun 1:00PM
196200254,$500K NFL Pocket Cup Qualifier #152,154078,Classic,3.0,0,673,20,1700.0,2026-10-04 17:00:00+00:00,Sun 1:00PM
196170545,NFL SUPERSatellite to NFL $555 Fantasy Football Millionaire [2x],154078,Classic,19.0,2,68,2,1110.0,2026-10-04 17:00:00+00:00,Sun 1:00PM
196172235,NFL SUPERSatellite to NHL 10-13 $360 Spin-O-Rama [3x],154078,Classic,12.0,0,105,3,1080.0,2026-10-04 17:00:00+00:00,Sun 1:00PM
196170794,NFL Satellite to NFL 11-1 Midseason Main Event,154078,Classic,26.0,1,67,2,1500.0,2026-10-04 17:00:00+00:00,Sun 1:00PM
196170795,NFL Satellite to NFL 11-1 Midseason Main Event,154078,Classic,26.0,2,67,2,1500.0,2026-10-04 17:00:00+00:00,Sun 1:00PM
196170793,NFL Satellite to NFL 11-1 Midseason Main Event,154078,Classic,26.0,2,67,2,1500.0,2026-10-04 17:00:00+00:00,Sun 1:00PM
196170797,NFL Satellite to NFL 11-1 Midseason Main Event,154078,Classic,151.0,0,11,1,1500.0,2026-10-04 17:00:00+00:00,Sun 1:00PM
196170798,NFL Satellite to NFL 11-1 Midseason Main Event,154078,Classic,151.0,0,11,1,1500.0,2026-10-04 17:00:00+00:00,Sun 1:00PM
196170799,NFL Satellite to NFL 11-1 Midseason Main Event,154078,Classic,151.0,0,11,1,1500.0,2026-10-04 17:00:00+00:00,Sun 1:00PM
196170796,NFL Satellite to NFL 11-1 Midseason Main Event,154078,Classic,151.0,0,11,1,1500.0,2026-10-04 17:00:00+00:00,Sun 1:00PM
196170807,NFL Satellite to NFL 11-1 Midseason Main Event,154078,Classic,5.0,6,356,10,1500.0,2026-10-04 17:00:00+00:00,Sun 1:00PM
196170808,NFL Satellite to NFL 11-1 Midseason Main Event,154078,Classic,5.0,4,356,10,1500.0,2026-10-04 17:00:00+00:00,Sun 1:00PM
196170809,NFL Satellite to NFL 11-1 Midseason Main Event,154078,Classic,5.0,5,356,10,1500.0,2026-10-04 17:00:00+00:00,Sun 1:00PM
196170806,NFL Satellite to NFL 11-1 Midseason Main Event,154078,Classic,5.0,1,356,10,1500.0,2026-10-04 17:00:00+00:00,Sun 1:00PM
196170769,"NFL $1,350 2026 FFWC Qualifier Satellite",154078,Classic,136.0,1,11,1,1350.0,2026-10-04 17:00:00+00:00,Sun 1:00PM
196170770,"NFL $1,350 2026 FFWC Qualifier Satellite",154078,Classic,136.0,1,11,1,1350.0,2026-10-04 17:00:00+00:00,Sun 1:00PM
196170768,"NFL $1,350 2026 FFWC Qualifier Satellite",154078,Classic,136.0,2,11,1,1350.0,2026-10-04 17:00:00+00:00,Sun 1:00PM
196170546,NFL SUPERSatellite to NFL $555 Fantasy Football Millionaire [2x],154078,Classic,137.0,0,9,1,1110.0,2026-10-04 17:00:00+00:00,Sun 1:00PM
196172256,NFL Satellite to NBA $888 MEGA 8's Special (10-21),154078,Classic,5.0,2,211,6,888.0,2026-10-04 17:00:00+00:00,Sun 1:00PM
196172257,NFL Satellite to NBA $888 MEGA 8's Special (10-21),154078,Classic,15.0,0,69,2,888.0,2026-10-04 17:00:00+00:00,Sun 1:00PM
196170538,NFL Satellite to NFL $555 Fantasy Football Millionaire,154078,Classic,22.0,3,29,1,555.0,2026-10-04 17:00:00+00:00,Sun 1:00PM
196170537,NFL Satellite to NFL $555 Fantasy Football Millionaire,154078,Classic,22.0,1,29,1,555.0,2026-10-04 17:00:00+00:00,Sun 1:00PM
196170540,NFL Satellite to NFL $555 Fantasy Football Millionaire,154078,Classic,9.0,7,72,2,555.0,2026-10-04 17:00:00+00:00,Sun 1:00PM
196170541,NFL Satellite to NFL $555 Fantasy Football Millionaire,154078,Classic,9.0,1,72,2,555.0,2026-10-04 17:00:00+00:00,Sun 1:00PM
196170539,NFL Satellite to NFL $555 Fantasy Football Millionaire,154078,Classic,9.0,1,72,2,555.0,2026-10-04 17:00:00+00:00,Sun 1:00PM
196170543,NFL Satellite to NFL $555 Fantasy Football Millionaire,154078,Classic,6.0,9,108,3,555.0,2026-10-04 17:00:00+00:00,Sun 1:00PM
196170544,NFL Satellite to NFL $555 Fantasy Football Millionaire,154078,Classic,6.0,2,108,3,555.0,2026-10-04 17:00:00+00:00,Sun 1:00PM
196170542,NFL Satellite to NFL $555 Fantasy Football Millionaire,154078,Classic,6.0,1,108,3,555.0,2026-10-04 17:00:00+00:00,Sun 1:00PM
196170715,NFL SUPERSat to $20 NFL Fantasy Football Millionaire [25x],154078,Classic,3.0,31,198,5,500.0,2026-10-04 17:00:00+00:00,Sun 1:00PM
196170714,NFL SUPERSat to $20 NFL Fantasy Football Millionaire [25x],154078,Classic,3.0,34,198,5,500.0,2026-10-04 17:00:00+00:00,Sun 1:00PM
196170717,NFL SUPERSat to $20 NFL Fantasy Football Millionaire [25x],154078,Classic,5.0,20,118,3,500.0,2026-10-04 17:00:00+00:00,Sun 1:00PM
196170716,NFL SUPERSat to $20 NFL Fantasy Football Millionaire [25x],154078,Classic,5.0,20,118,3,500.0,2026-10-04 17:00:00+00:00,Sun 1:00PM
196170762,NFL $490 2026 FFWC Qualifier Satellite,154078,Classic,8.0,3,72,2,490.0,2026-10-04 17:00:00+00:00,Sun 1:00PM
196170761,NFL $490 2026 FFWC Qualifier Satellite,154078,Classic,8.0,0,72,2,490.0,2026-10-04 17:00:00+00:00,Sun 1:00PM
196170764,NFL $490 2026 FFWC Qualifier Satellite,154078,Classic,18.0,0,32,1,490.0,2026-10-04 17:00:00+00:00,Sun 1:00PM
196170763,NFL $490 2026 FFWC Qualifier Satellite,154078,Classic,18.0,0,32,1,490.0,2026-10-04 17:00:00+00:00,Sun 1:00PM
196200221,$500K NFL Pocket Cup Qualifier #141,154078,Classic,0.1,150,14268,150,1200.0,2026-10-04 17:00:00+00:00,Sun 1:00PM
196200222,$500K NFL Pocket Cup Qualifier #142,154078,Classic,0.1,0,14268,150,1200.0,2026-10-04 17:00:00+00:00,Sun 1:00PM
196200224,$500K NFL Pocket Cup Qualifier #144,154078,Classic,0.1,0,14268,150,1200.0,2026-10-04 17:00:00+00:00,Sun 1:00PM
196200223,$500K NFL Pocket Cup Qualifier #143,154078,Classic,0.1,45,14268,150,1200.0,2026-10-04 17:00:00+00:00,Sun 1:00PM
196200129,$500K NFL Pocket Cup Qualifier #140,154078,Classic,0.01,980,142687,150,1200.0,2026-10-04 17:00:00+00:00,Sun 1:00PM
196200241,$500K NFL Pocket Cup Qualifier #146,154078,Classic,0.25,1,5707,150,1200.0,2026-10-04 17:00:00+00:00,Sun 1:00PM
196200242,$500K NFL Pocket Cup Qualifier #147,154078,Classic,0.25,2,5707,150,1200.0,2026-10-04 17:00:00+00:00,Sun 1:00PM
196200243,$500K NFL Pocket Cup Qualifier #148,154078,Classic,0.25,1,5707,150,1200.0,2026-10-04 17:00:00+00:00,Sun 1:00PM
196200240,$500K NFL Pocket Cup Qualifier #145,154078,Classic,0.25,1,5707,150,1200.0,2026-10-04 17:00:00+00:00,Sun 1:00PM
196200247,$500K NFL Pocket Cup Qualifier #150,154078,Classic,1.0,1,1426,20,1200.0,2026-10-04 17:00:00+00:00,Sun 1:00PM
196200248,$500K NFL Pocket Cup Qualifier #151,154078,Classic,1.0,1,1426,20,1200.0,2026-10-04 17:00:00+00:00,Sun 1:00PM
196200246,$500K NFL Pocket Cup Qualifier #149,154078,Classic,1.0,1,1426,20,1200.0,2026-10-04 17:00:00+00:00,Sun 1:00PM
196170536,NFL Satellite to NFL $555 Fantasy Football Millionaire,154078,Classic,90.0,0,7,1,555.0,2026-10-04 17:00:00+00:00,Sun 1:00PM
196170534,NFL Satellite to NFL $555 Fantasy Football Millionaire,154078,Classic,90.0,0,7,1,555.0,2026-10-04 17:00:00+00:00,Sun 1:00PM
196172231,NFL Satellite to NHL 11-3 $555 Barn Burner,154078,Classic,90.0,0,7,1,555.0,2026-10-04 17:00:00+00:00,Sun 1:00PM
196172230,NFL Satellite to NHL 11-3 $555 Barn Burner,154078,Classic,90.0,0,7,1,555.0,2026-10-04 17:00:00+00:00,Sun 1:00PM
196172232,NFL Satellite to NHL 11-3 $555 Barn Burner,154078,Classic,43.0,0,15,1,555.0,2026-10-04 17:00:00+00:00,Sun 1:00PM
196172266,NFL Satellite to UFC 333 $555 Knockout Special (10-24),154078,Classic,90.0,0,7,1,555.0,2026-10-04 17:00:00+00:00,Sun 1:00PM
196170765,NFL $490 2026 FFWC Qualifier Satellite,154078,Classic,38.0,0,15,1,490.0,2026-10-04 17:00:00+00:00,Sun 1:00PM
196172258,NFL Satellite to NBA $888 MEGA 8's Special (10-21),154078,Classic,140.0,0,7,1,888.0,2026-10-04 17:00:00+00:00,Sun 1:00PM
196170707,NFL SUPERSat to $20 NFL Fantasy Football Millionaire [25x],154078,Classic,0.25,209,2378,20,500.0,2026-10-04 17:00:00+00:00,Sun 1:00PM
196170708,NFL SUPERSat to $20 NFL Fantasy Football Millionaire [25x],154078,Classic,0.25,153,2378,20,500.0,2026-10-04 17:00:00+00:00,Sun 1:00PM
196170709,NFL SUPERSat to $20 NFL Fantasy Football Millionaire [25x],154078,Classic,0.25,130,2378,20,500.0,2026-10-04 17:00:00+00:00,Sun 1:00PM
196170706,NFL SUPERSat to $20 NFL Fantasy Football Millionaire [25x],154078,Classic,0.25,137,2378,20,500.0,2026-10-04 17:00:00+00:00,Sun 1:00PM
196170711,NFL SUPERSat to $20 NFL Fantasy Football Millionaire [25x],154078,Classic,1.0,92,594,17,500.0,2026-10-04 17:00:00+00:00,Sun 1:00PM
196170712,NFL SUPERSat to $20 NFL Fantasy Football Millionaire [25x],154078,Classic,1.0,90,594,17,500.0,2026-10-04 17:00:00+00:00,Sun 1:00PM
196170713,NFL SUPERSat to $20 NFL Fantasy Football Millionaire [25x],154078,Classic,1.0,79,594,17,500.0,2026-10-04 17:00:00+00:00,Sun 1:00PM
196170710,NFL SUPERSat to $20 NFL Fantasy Football Millionaire [25x],154078,Classic,1.0,72,594,17,500.0,2026-10-04 17:00:00+00:00,Sun 1:00PM
196171219,"NFL Satellite to NFL $4,444 Fantasy Football MEGA Millionaire [Must Fill]",154078,Classic,1570.0,1,3,1,4444.0,2026-10-04 17:00:00+00:00,Sun 1:00PM
196171222,"NFL Satellite to NFL 10-12 $4,444 Showdown MEGA Millionaire [Must Fill]",154078,Classic,1570.0,0,3,1,4444.0,2026-10-04 17:00:00+00:00,Sun 1:00PM
196171224,NFL Satellite to NFL 11-1 Midseason Main Event [Must Fill],154078,Classic,530.0,1,3,1,1500.0,2026-10-04 17:00:00+00:00,Sun 1:00PM
196172255,NFL Satellite to NBA $888 MEGA 8's Special (10-21) [Must Fill],154078,Classic,322.0,0,3,1,888.0,2026-10-04 17:00:00+00:00,Sun 1:00PM
196171220,NFL Satellite to NFL $555 Fantasy Football Millionaire [Must Fill],154078,Classic,201.0,1,3,1,555.0,2026-10-04 17:00:00+00:00,Sun 1:00PM
196172058,NFL Single Stat Satellite to NFL 11-1 Midseason Main Event [Must Fill] (Touchdowns),154114,Single Stat - Touchdowns,530.0,0,3,1,1500.0,2026-10-04 17:00:00+00:00,Sun 1:00PM
196172054,NFL Single Stat Satellite to NFL $555 Fantasy Football Millionaire [Must Fill] (Touchdowns),154114,Single Stat - Touchdowns,201.0,0,3,1,555.0,2026-10-04 17:00:00+00:00,Sun 1:00PM
196172059,NFL Single Stat Satellite to NFL 10-25 Midseason Warm Up Millionaire [Must Fill] (Touchdowns),154114,Single Stat - Touchdowns,55.0,0,3,1,150.0,2026-10-04 17:00:00+00:00,Sun 1:00PM
196172233,NFL Satellite to NHL 11-3 $555 Barn Burner [Must Fill],154078,Classic,201.0,1,3,1,555.0,2026-10-04 17:00:00+00:00,Sun 1:00PM
196172265,NFL Satellite to UFC 333 $555 Knockout Special (10-24) [Must Fill],154078,Classic,201.0,0,3,1,555.0,2026-10-04 17:00:00+00:00,Sun 1:00PM
196172264,NFL Satellite to UFC 333 $555 Knockout Special (10-24) [Must Fill],154078,Classic,201.0,0,3,1,555.0,2026-10-04 17:00:00+00:00,Sun 1:00PM
196172234,NFL Satellite to NHL 10-13 $360 Spin-O-Rama,154078,Classic,9.0,0,47,1,360.0,2026-10-04 17:00:00+00:00,Sun 1:00PM
196170784,NFL Satellite to NFL $333 Wildcat,154078,Classic,5.0,1,79,2,333.0,2026-10-04 17:00:00+00:00,Sun 1:00PM
196170785,NFL Satellite to NFL $333 Wildcat,154078,Classic,5.0,1,79,2,333.0,2026-10-04 17:00:00+00:00,Sun 1:00PM
196170783,NFL Satellite to NFL $333 Wildcat,154078,Classic,5.0,0,79,2,333.0,2026-10-04 17:00:00+00:00,Sun 1:00PM
196187743,NFL Showdown Satellite to NHL 10-13 $360 Spin-O-Rama (PIT @ CLE),154084,Showdown Captain Mode,5.0,3,85,2,360.0,2026-10-02 00:15:00+00:00,Thu 8:15PM
196187725,NFL Showdown Satellite to NFL $333 Wildcat (PIT @ CLE),154084,Showdown Captain Mode,5.0,11,79,2,333.0,2026-10-02 00:15:00+00:00,Thu 8:15PM
196187726,NFL Showdown Satellite to NFL $333 Wildcat (PIT @ CLE),154084,Showdown Captain Mode,17.0,8,23,1,333.0,2026-10-02 00:15:00+00:00,Thu 8:15PM
196187734,NFL Showdown Satellite to NFL 10-25 Midseason Warm Up Millionaire (PIT @ CLE),154084,Showdown Captain Mode,8.0,4,22,1,150.0,2026-10-02 00:15:00+00:00,Thu 8:15PM
196187735,NFL Showdown Satellite to NFL 10-25 Midseason Warm Up Millionaire (PIT @ CLE),154084,Showdown Captain Mode,11.0,2,16,1,150.0,2026-10-02 00:15:00+00:00,Thu 8:15PM
196187737,NFL Showdown Satellite to NFL 10-25 Midseason Warm Up Millionaire (PIT @ CLE),154084,Showdown Captain Mode,16.0,2,11,1,150.0,2026-10-02 00:15:00+00:00,Thu 8:15PM
196187736,NFL Showdown Satellite to NFL 10-25 Midseason Warm Up Millionaire (PIT @ CLE),154084,Showdown Captain Mode,16.0,1,11,1,150.0,2026-10-02 00:15:00+00:00,Thu 8:15PM
196187740,NFL Showdown Satellite to NFL 10-25 Midseason Warm Up Millionaire (PIT @ CLE),154084,Showdown Captain Mode,2.0,5,89,2,150.0,2026-10-02 00:15:00+00:00,Thu 8:15PM
196187717,NFL Showdown $125 2026 FFWC Qualifier Satellite (PIT @ CLE),154084,Showdown Captain Mode,7.0,5,21,1,125.0,2026-10-02 00:15:00+00:00,Thu 8:15PM
196187727,NFL Showdown Satellite to NFL $333 Wildcat (PIT @ CLE),154084,Showdown Captain Mode,35.0,1,11,1,333.0,2026-10-02 00:15:00+00:00,Thu 8:15PM
196187728,NFL Showdown Satellite to NFL $333 Wildcat (PIT @ CLE),154084,Showdown Captain Mode,75.0,0,5,1,333.0,2026-10-02 00:15:00+00:00,Thu 8:15PM
196187709,NFL Showdown $125 2026 FFWC Qualifier Satellite (PIT @ CLE),154084,Showdown Captain Mode,29.0,1,5,1,125.0,2026-10-02 00:15:00+00:00,Thu 8:15PM
196187739,NFL Showdown Satellite to NFL 10-25 Midseason Warm Up Millionaire (PIT @ CLE),154084,Showdown Captain Mode,1.0,9,178,5,150.0,2026-10-02 00:15:00+00:00,Thu 8:15PM
196187738,NFL Showdown Satellite to NFL 10-25 Midseason Warm Up Millionaire (PIT @ CLE),154084,Showdown Captain Mode,1.0,9,178,5,150.0,2026-10-02 00:15:00+00:00,Thu 8:15PM
196187708,NFL Showdown $125 2026 FFWC Qualifier Satellite (PIT @ CLE),154084,Showdown Captain Mode,1.0,10,148,4,125.0,2026-10-02 00:15:00+00:00,Thu 8:15PM
196187707,NFL Showdown $125 2026 FFWC Qualifier Satellite (PIT @ CLE),154084,Showdown Captain Mode,1.0,10,148,4,125.0,2026-10-02 00:15:00+00:00,Thu 8:15PM
196185449,NFL Showdown Satellite to NFL 10-25 Midseason Warm Up Millionaire [Must Fill] (PIT @ CLE),154084,Showdown Captain Mode,55.0,0,3,1,150.0,2026-10-02 00:15:00+00:00,Thu 8:15PM
196187744,NFL Showdown Satellite to NHL 10-13 $360 Spin-O-Rama [Must Fill] (PIT @ CLE),154084,Showdown Captain Mode,130.0,0,3,1,360.0,2026-10-02 00:15:00+00:00,Thu 8:15PM
196185447,NFL Showdown Satellite to NFL $333 Wildcat [Must Fill] (PIT @ CLE),154084,Showdown Captain Mode,121.0,0,3,1,333.0,2026-10-02 00:15:00+00:00,Thu 8:15PM
196185550,NFL Satellite to NFL 10-25 Midseason Warm Up Millionaire [Must Fill] (Thu-Mon),154077,Classic,55.0,0,3,1,150.0,2026-10-02 00:15:00+00:00,Thu 8:15PM
196170787,NFL Satellite to NFL $333 Wildcat,154078,Classic,17.0,1,23,1,333.0,2026-10-04 17:00:00+00:00,Sun 1:00PM
196170788,NFL Satellite to NFL $333 Wildcat,154078,Classic,17.0,1,23,1,333.0,2026-10-04 17:00:00+00:00,Sun 1:00PM
196170786,NFL Satellite to NFL $333 Wildcat,154078,Classic,17.0,1,23,1,333.0,2026-10-04 17:00:00+00:00,Sun 1:00PM
196170811,NFL Satellite to NFL 10-25 Midseason Warm Up Millionaire,154078,Classic,8.0,0,22,1,150.0,2026-10-04 17:00:00+00:00,Sun 1:00PM
196170810,NFL Satellite to NFL 10-25 Midseason Warm Up Millionaire,154078,Classic,8.0,0,22,1,150.0,2026-10-04 17:00:00+00:00,Sun 1:00PM
196170813,NFL Satellite to NFL 10-25 Midseason Warm Up Millionaire,154078,Classic,11.0,0,16,1,150.0,2026-10-04 17:00:00+00:00,Sun 1:00PM
196170812,NFL Satellite to NFL 10-25 Midseason Warm Up Millionaire,154078,Classic,11.0,0,16,1,150.0,2026-10-04 17:00:00+00:00,Sun 1:00PM
196170814,NFL Satellite to NFL 10-25 Midseason Warm Up Millionaire,154078,Classic,16.0,0,11,1,150.0,2026-10-04 17:00:00+00:00,Sun 1:00PM
196170817,NFL Satellite to NFL 10-25 Midseason Warm Up Millionaire,154078,Classic,2.0,3,89,2,150.0,2026-10-04 17:00:00+00:00,Sun 1:00PM
196170776,NFL $125 2026 FFWC Qualifier Satellite,154078,Classic,7.0,1,21,1,125.0,2026-10-04 17:00:00+00:00,Sun 1:00PM
196170777,NFL $125 2026 FFWC Qualifier Satellite,154078,Classic,7.0,0,21,1,125.0,2026-10-04 17:00:00+00:00,Sun 1:00PM
196170775,NFL $125 2026 FFWC Qualifier Satellite,154078,Classic,7.0,0,21,1,125.0,2026-10-04 17:00:00+00:00,Sun 1:00PM
196170751,NFL $50 2026 FFWC Qualifier SUPERSatellite [2x],154078,Classic,9.0,0,13,1,100.0,2026-10-04 17:00:00+00:00,Sun 1:00PM
196172236,NFL Satellite to NHL 10-13 $360 Spin-O-Rama,154078,Classic,38.0,0,11,1,360.0,2026-10-04 17:00:00+00:00,Sun 1:00PM
196170790,NFL Satellite to NFL $333 Wildcat,154078,Classic,35.0,0,11,1,333.0,2026-10-04 17:00:00+00:00,Sun 1:00PM
196170789,NFL Satellite to NFL $333 Wildcat,154078,Classic,35.0,0,11,1,333.0,2026-10-04 17:00:00+00:00,Sun 1:00PM
196170792,NFL Satellite to NFL $333 Wildcat,154078,Classic,75.0,1,5,1,333.0,2026-10-04 17:00:00+00:00,Sun 1:00PM
196170791,NFL Satellite to NFL $333 Wildcat,154078,Classic,75.0,0,5,1,333.0,2026-10-04 17:00:00+00:00,Sun 1:00PM
196170754,NFL $125 2026 FFWC Qualifier Satellite,154078,Classic,29.0,0,5,1,125.0,2026-10-04 17:00:00+00:00,Sun 1:00PM
196170757,NFL $125 2026 FFWC Qualifier Satellite,154078,Classic,29.0,0,5,1,125.0,2026-10-04 17:00:00+00:00,Sun 1:00PM
196170753,NFL $125 2026 FFWC Qualifier Satellite,154078,Classic,29.0,0,5,1,125.0,2026-10-04 17:00:00+00:00,Sun 1:00PM
196170816,NFL Satellite to NFL 10-25 Midseason Warm Up Millionaire,154078,Classic,1.0,7,178,5,150.0,2026-10-04 17:00:00+00:00,Sun 1:00PM
196170815,NFL Satellite to NFL 10-25 Midseason Warm Up Millionaire,154078,Classic,1.0,6,178,5,150.0,2026-10-04 17:00:00+00:00,Sun 1:00PM
196170752,NFL $125 2026 FFWC Qualifier Satellite,154078,Classic,1.0,20,148,4,125.0,2026-10-04 17:00:00+00:00,Sun 1:00PM
196171225,NFL Satellite to NFL 10-25 Midseason Warm Up Millionaire [Must Fill],154078,Classic,55.0,1,3,1,150.0,2026-10-04 17:00:00+00:00,Sun 1:00PM
196172239,NFL Satellite to NAS Title Race (11-8) [Must Fill],154078,Classic,145.0,0,3,1,400.0,2026-10-04 17:00:00+00:00,Sun 1:00PM
196172237,NFL Satellite to NHL 10-13 $360 Spin-O-Rama [Must Fill],154078,Classic,130.0,1,3,1,360.0,2026-10-04 17:00:00+00:00,Sun 1:00PM
196187689,NFL Showdown SUPERSat to $20 NFL Fantasy Football Millionaire [4x] (PIT @ CLE),154084,Showdown Captain Mode,4.0,4,23,1,80.0,2026-10-02 00:15:00+00:00,Thu 8:15PM
196187688,NFL Showdown SUPERSat to $20 NFL Fantasy Football Millionaire [4x] (PIT @ CLE),154084,Showdown Captain Mode,4.0,4,23,1,80.0,2026-10-02 00:15:00+00:00,Thu 8:15PM
196187687,NFL Showdown SUPERSat to $20 NFL Fantasy Football Millionaire [4x] (PIT @ CLE),154084,Showdown Captain Mode,4.0,4,23,1,80.0,2026-10-02 00:15:00+00:00,Thu 8:15PM
196187686,NFL Showdown SUPERSat to $20 NFL Fantasy Football Millionaire [4x] (PIT @ CLE),154084,Showdown Captain Mode,4.0,5,23,1,80.0,2026-10-02 00:15:00+00:00,Thu 8:15PM
196187685,NFL Showdown SUPERSat to $20 NFL Fantasy Football Millionaire [2x] (PIT @ CLE),154084,Showdown Captain Mode,0.25,20,190,5,40.0,2026-10-02 00:15:00+00:00,Thu 8:15PM
196187684,NFL Showdown SUPERSat to $20 NFL Fantasy Football Millionaire [2x] (PIT @ CLE),154084,Showdown Captain Mode,0.25,15,190,5,40.0,2026-10-02 00:15:00+00:00,Thu 8:15PM
196187683,NFL Showdown SUPERSat to $20 NFL Fantasy Football Millionaire [2x] (PIT @ CLE),154084,Showdown Captain Mode,0.25,15,190,5,40.0,2026-10-02 00:15:00+00:00,Thu 8:15PM
196187682,NFL Showdown SUPERSat to $20 NFL Fantasy Football Millionaire [2x] (PIT @ CLE),154084,Showdown Captain Mode,0.25,18,190,5,40.0,2026-10-02 00:15:00+00:00,Thu 8:15PM
196187681,NFL Showdown SUPERSat to $20 NFL Fantasy Football Millionaire [2x] (PIT @ CLE),154084,Showdown Captain Mode,0.25,18,190,5,40.0,2026-10-02 00:15:00+00:00,Thu 8:15PM
196187618,NFL Showdown Satellite to $20 NFL Fantasy Football Millionaire (PIT @ CLE),154084,Showdown Captain Mode,2.0,3,11,1,20.0,2026-10-02 00:15:00+00:00,Thu 8:15PM
196187617,NFL Showdown Satellite to $20 NFL Fantasy Football Millionaire (PIT @ CLE),154084,Showdown Captain Mode,2.0,3,11,1,20.0,2026-10-02 00:15:00+00:00,Thu 8:15PM
196187616,NFL Showdown Satellite to $20 NFL Fantasy Football Millionaire (PIT @ CLE),154084,Showdown Captain Mode,2.0,2,11,1,20.0,2026-10-02 00:15:00+00:00,Thu 8:15PM
196187615,NFL Showdown Satellite to $20 NFL Fantasy Football Millionaire (PIT @ CLE),154084,Showdown Captain Mode,2.0,2,11,1,20.0,2026-10-02 00:15:00+00:00,Thu 8:15PM
196187614,NFL Showdown Satellite to $20 NFL Fantasy Football Millionaire (PIT @ CLE),154084,Showdown Captain Mode,2.0,2,11,1,20.0,2026-10-02 00:15:00+00:00,Thu 8:15PM
196187613,NFL Showdown Satellite to $20 NFL Fantasy Football Millionaire (PIT @ CLE),154084,Showdown Captain Mode,2.0,2,11,1,20.0,2026-10-02 00:15:00+00:00,Thu 8:15PM
196187612,NFL Showdown Satellite to $20 NFL Fantasy Football Millionaire (PIT @ CLE),154084,Showdown Captain Mode,2.0,2,11,1,20.0,2026-10-02 00:15:00+00:00,Thu 8:15PM
196187611,NFL Showdown Satellite to $20 NFL Fantasy Football Millionaire (PIT @ CLE),154084,Showdown Captain Mode,2.0,2,11,1,20.0,2026-10-02 00:15:00+00:00,Thu 8:15PM
196187610,NFL Showdown Satellite to $20 NFL Fantasy Football Millionaire (PIT @ CLE),154084,Showdown Captain Mode,2.0,2,11,1,20.0,2026-10-02 00:15:00+00:00,Thu 8:15PM
196187609,NFL Showdown Satellite to $20 NFL Fantasy Football Millionaire (PIT @ CLE),154084,Showdown Captain Mode,2.0,2,11,1,20.0,2026-10-02 00:15:00+00:00,Thu 8:15PM
196187608,NFL Showdown Satellite to $20 NFL Fantasy Football Millionaire (PIT @ CLE),154084,Showdown Captain Mode,2.0,2,11,1,20.0,2026-10-02 00:15:00+00:00,Thu 8:15PM
196187607,NFL Showdown Satellite to $20 NFL Fantasy Football Millionaire (PIT @ CLE),154084,Showdown Captain Mode,2.0,2,11,1,20.0,2026-10-02 00:15:00+00:00,Thu 8:15PM
196187606,NFL Showdown Satellite to $20 NFL Fantasy Football Millionaire (PIT @ CLE),154084,Showdown Captain Mode,2.0,2,11,1,20.0,2026-10-02 00:15:00+00:00,Thu 8:15PM
196187605,NFL Showdown Satellite to $20 NFL Fantasy Football Millionaire (PIT @ CLE),154084,Showdown Captain Mode,2.0,2,11,1,20.0,2026-10-02 00:15:00+00:00,Thu 8:15PM
196187604,NFL Showdown Satellite to $20 NFL Fantasy Football Millionaire (PIT @ CLE),154084,Showdown Captain Mode,2.0,2,11,1,20.0,2026-10-02 00:15:00+00:00,Thu 8:15PM
196187603,NFL Showdown Satellite to $20 NFL Fantasy Football Millionaire (PIT @ CLE),154084,Showdown Captain Mode,2.0,2,11,1,20.0,2026-10-02 00:15:00+00:00,Thu 8:15PM
196187602,NFL Showdown Satellite to $20 NFL Fantasy Football Millionaire (PIT @ CLE),154084,Showdown Captain Mode,2.0,2,11,1,20.0,2026-10-02 00:15:00+00:00,Thu 8:15PM
196187601,NFL Showdown Satellite to $20 NFL Fantasy Football Millionaire (PIT @ CLE),154084,Showdown Captain Mode,2.0,2,11,1,20.0,2026-10-02 00:15:00+00:00,Thu 8:15PM
196187600,NFL Showdown Satellite to $20 NFL Fantasy Football Millionaire (PIT @ CLE),154084,Showdown Captain Mode,2.0,3,11,1,20.0,2026-10-02 00:15:00+00:00,Thu 8:15PM
196187599,NFL Showdown Satellite to $20 NFL Fantasy Football Millionaire (PIT @ CLE),154084,Showdown Captain Mode,2.0,3,11,1,20.0,2026-10-02 00:15:00+00:00,Thu 8:15PM
196187638,NFL Showdown Satellite to $20 NFL Fantasy Football Millionaire (PIT @ CLE),154084,Showdown Captain Mode,1.0,5,23,1,20.0,2026-10-02 00:15:00+00:00,Thu 8:15PM
196187637,NFL Showdown Satellite to $20 NFL Fantasy Football Millionaire (PIT @ CLE),154084,Showdown Captain Mode,1.0,4,23,1,20.0,2026-10-02 00:15:00+00:00,Thu 8:15PM
196187636,NFL Showdown Satellite to $20 NFL Fantasy Football Millionaire (PIT @ CLE),154084,Showdown Captain Mode,1.0,3,23,1,20.0,2026-10-02 00:15:00+00:00,Thu 8:15PM
196187635,NFL Showdown Satellite to $20 NFL Fantasy Football Millionaire (PIT @ CLE),154084,Showdown Captain Mode,1.0,3,23,1,20.0,2026-10-02 00:15:00+00:00,Thu 8:15PM
196187634,NFL Showdown Satellite to $20 NFL Fantasy Football Millionaire (PIT @ CLE),154084,Showdown Captain Mode,1.0,3,23,1,20.0,2026-10-02 00:15:00+00:00,Thu 8:15PM
196187633,NFL Showdown Satellite to $20 NFL Fantasy Football Millionaire (PIT @ CLE),154084,Showdown Captain Mode,1.0,3,23,1,20.0,2026-10-02 00:15:00+00:00,Thu 8:15PM
196187632,NFL Showdown Satellite to $20 NFL Fantasy Football Millionaire (PIT @ CLE),154084,Showdown Captain Mode,1.0,3,23,1,20.0,2026-10-02 00:15:00+00:00,Thu 8:15PM
196187631,NFL Showdown Satellite to $20 NFL Fantasy Football Millionaire (PIT @ CLE),154084,Showdown Captain Mode,1.0,3,23,1,20.0,2026-10-02 00:15:00+00:00,Thu 8:15PM
196187630,NFL Showdown Satellite to $20 NFL Fantasy Football Millionaire (PIT @ CLE),154084,Showdown Captain Mode,1.0,3,23,1,20.0,2026-10-02 00:15:00+00:00,Thu 8:15PM
196187629,NFL Showdown Satellite to $20 NFL Fantasy Football Millionaire (PIT @ CLE),154084,Showdown Captain Mode,1.0,3,23,1,20.0,2026-10-02 00:15:00+00:00,Thu 8:15PM
196187628,NFL Showdown Satellite to $20 NFL Fantasy Football Millionaire (PIT @ CLE),154084,Showdown Captain Mode,1.0,2,23,1,20.0,2026-10-02 00:15:00+00:00,Thu 8:15PM
196187627,NFL Showdown Satellite to $20 NFL Fantasy Football Millionaire (PIT @ CLE),154084,Showdown Captain Mode,1.0,2,23,1,20.0,2026-10-02 00:15:00+00:00,Thu 8:15PM
196187626,NFL Showdown Satellite to $20 NFL Fantasy Football Millionaire (PIT @ CLE),154084,Showdown Captain Mode,1.0,2,23,1,20.0,2026-10-02 00:15:00+00:00,Thu 8:15PM
196187625,NFL Showdown Satellite to $20 NFL Fantasy Football Millionaire (PIT @ CLE),154084,Showdown Captain Mode,1.0,2,23,1,20.0,2026-10-02 00:15:00+00:00,Thu 8:15PM
196187624,NFL Showdown Satellite to $20 NFL Fantasy Football Millionaire (PIT @ CLE),154084,Showdown Captain Mode,1.0,2,23,1,20.0,2026-10-02 00:15:00+00:00,Thu 8:15PM
196187623,NFL Showdown Satellite to $20 NFL Fantasy Football Millionaire (PIT @ CLE),154084,Showdown Captain Mode,1.0,4,23,1,20.0,2026-10-02 00:15:00+00:00,Thu 8:15PM
196187622,NFL Showdown Satellite to $20 NFL Fantasy Football Millionaire (PIT @ CLE),154084,Showdown Captain Mode,1.0,3,23,1,20.0,2026-10-02 00:15:00+00:00,Thu 8:15PM
196187621,NFL Showdown Satellite to $20 NFL Fantasy Football Millionaire (PIT @ CLE),154084,Showdown Captain Mode,1.0,3,23,1,20.0,2026-10-02 00:15:00+00:00,Thu 8:15PM
196187620,NFL Showdown Satellite to $20 NFL Fantasy Football Millionaire (PIT @ CLE),154084,Showdown Captain Mode,1.0,3,23,1,20.0,2026-10-02 00:15:00+00:00,Thu 8:15PM
196187619,NFL Showdown Satellite to $20 NFL Fantasy Football Millionaire (PIT @ CLE),154084,Showdown Captain Mode,1.0,4,23,1,20.0,2026-10-02 00:15:00+00:00,Thu 8:15PM
196187658,NFL Showdown Satellite to $20 NFL Fantasy Football Millionaire (PIT @ CLE),154084,Showdown Captain Mode,0.25,6,95,2,20.0,2026-10-02 00:15:00+00:00,Thu 8:15PM
196187657,NFL Showdown Satellite to $20 NFL Fantasy Football Millionaire (PIT @ CLE),154084,Showdown Captain Mode,0.25,6,95,2,20.0,2026-10-02 00:15:00+00:00,Thu 8:15PM
196187656,NFL Showdown Satellite to $20 NFL Fantasy Football Millionaire (PIT @ CLE),154084,Showdown Captain Mode,0.25,5,95,2,20.0,2026-10-02 00:15:00+00:00,Thu 8:15PM
196187655,NFL Showdown Satellite to $20 NFL Fantasy Football Millionaire (PIT @ CLE),154084,Showdown Captain Mode,0.25,5,95,2,20.0,2026-10-02 00:15:00+00:00,Thu 8:15PM
196187654,NFL Showdown Satellite to $20 NFL Fantasy Football Millionaire (PIT @ CLE),154084,Showdown Captain Mode,0.25,6,95,2,20.0,2026-10-02 00:15:00+00:00,Thu 8:15PM
196187653,NFL Showdown Satellite to $20 NFL Fantasy Football Millionaire (PIT @ CLE),154084,Showdown Captain Mode,0.25,6,95,2,20.0,2026-10-02 00:15:00+00:00,Thu 8:15PM
196187652,NFL Showdown Satellite to $20 NFL Fantasy Football Millionaire (PIT @ CLE),154084,Showdown Captain Mode,0.25,5,95,2,20.0,2026-10-02 00:15:00+00:00,Thu 8:15PM
196187651,NFL Showdown Satellite to $20 NFL Fantasy Football Millionaire (PIT @ CLE),154084,Showdown Captain Mode,0.25,5,95,2,20.0,2026-10-02 00:15:00+00:00,Thu 8:15PM
196187650,NFL Showdown Satellite to $20 NFL Fantasy Football Millionaire (PIT @ CLE),154084,Showdown Captain Mode,0.25,5,95,2,20.0,2026-10-02 00:15:00+00:00,Thu 8:15PM
196187649,NFL Showdown Satellite to $20 NFL Fantasy Football Millionaire (PIT @ CLE),154084,Showdown Captain Mode,0.25,5,95,2,20.0,2026-10-02 00:15:00+00:00,Thu 8:15PM
196187648,NFL Showdown Satellite to $20 NFL Fantasy Football Millionaire (PIT @ CLE),154084,Showdown Captain Mode,0.25,5,95,2,20.0,2026-10-02 00:15:00+00:00,Thu 8:15PM
196187647,NFL Showdown Satellite to $20 NFL Fantasy Football Millionaire (PIT @ CLE),154084,Showdown Captain Mode,0.25,5,95,2,20.0,2026-10-02 00:15:00+00:00,Thu 8:15PM
196187646,NFL Showdown Satellite to $20 NFL Fantasy Football Millionaire (PIT @ CLE),154084,Showdown Captain Mode,0.25,5,95,2,20.0,2026-10-02 00:15:00+00:00,Thu 8:15PM
196187645,NFL Showdown Satellite to $20 NFL Fantasy Football Millionaire (PIT @ CLE),154084,Showdown Captain Mode,0.25,7,95,2,20.0,2026-10-02 00:15:00+00:00,Thu 8:15PM
196187644,NFL Showdown Satellite to $20 NFL Fantasy Football Millionaire (PIT @ CLE),154084,Showdown Captain Mode,0.25,7,95,2,20.0,2026-10-02 00:15:00+00:00,Thu 8:15PM
196187643,NFL Showdown Satellite to $20 NFL Fantasy Football Millionaire (PIT @ CLE),154084,Showdown Captain Mode,0.25,6,95,2,20.0,2026-10-02 00:15:00+00:00,Thu 8:15PM
196187642,NFL Showdown Satellite to $20 NFL Fantasy Football Millionaire (PIT @ CLE),154084,Showdown Captain Mode,0.25,6,95,2,20.0,2026-10-02 00:15:00+00:00,Thu 8:15PM
196187641,NFL Showdown Satellite to $20 NFL Fantasy Football Millionaire (PIT @ CLE),154084,Showdown Captain Mode,0.25,6,95,2,20.0,2026-10-02 00:15:00+00:00,Thu 8:15PM
196187640,NFL Showdown Satellite to $20 NFL Fantasy Football Millionaire (PIT @ CLE),154084,Showdown Captain Mode,0.25,6,95,2,20.0,2026-10-02 00:15:00+00:00,Thu 8:15PM
196187639,NFL Showdown Satellite to $20 NFL Fantasy Football Millionaire (PIT @ CLE),154084,Showdown Captain Mode,0.25,7,95,2,20.0,2026-10-02 00:15:00+00:00,Thu 8:15PM
196187680,NFL Showdown Satellite to $20 NFL Fantasy Football Millionaire (PIT @ CLE),154084,Showdown Captain Mode,0.1,51,237,7,20.0,2026-10-02 00:15:00+00:00,Thu 8:15PM
196187679,NFL Showdown Satellite to $20 NFL Fantasy Football Millionaire (PIT @ CLE),154084,Showdown Captain Mode,0.1,55,237,7,20.0,2026-10-02 00:15:00+00:00,Thu 8:15PM
196187678,NFL Showdown Satellite to $20 NFL Fantasy Football Millionaire (PIT @ CLE),154084,Showdown Captain Mode,0.1,42,237,7,20.0,2026-10-02 00:15:00+00:00,Thu 8:15PM
196187677,NFL Showdown Satellite to $20 NFL Fantasy Football Millionaire (PIT @ CLE),154084,Showdown Captain Mode,0.1,36,237,7,20.0,2026-10-02 00:15:00+00:00,Thu 8:15PM
196187676,NFL Showdown Satellite to $20 NFL Fantasy Football Millionaire (PIT @ CLE),154084,Showdown Captain Mode,0.1,40,237,7,20.0,2026-10-02 00:15:00+00:00,Thu 8:15PM
196187675,NFL Showdown Satellite to $20 NFL Fantasy Football Millionaire (PIT @ CLE),154084,Showdown Captain Mode,0.1,31,237,7,20.0,2026-10-02 00:15:00+00:00,Thu 8:15PM
196187674,NFL Showdown Satellite to $20 NFL Fantasy Football Millionaire (PIT @ CLE),154084,Showdown Captain Mode,0.1,30,237,7,20.0,2026-10-02 00:15:00+00:00,Thu 8:15PM
196187673,NFL Showdown Satellite to $20 NFL Fantasy Football Millionaire (PIT @ CLE),154084,Showdown Captain Mode,0.1,36,237,7,20.0,2026-10-02 00:15:00+00:00,Thu 8:15PM
196187672,NFL Showdown Satellite to $20 NFL Fantasy Football Millionaire (PIT @ CLE),154084,Showdown Captain Mode,0.1,36,237,7,20.0,2026-10-02 00:15:00+00:00,Thu 8:15PM
196187671,NFL Showdown Satellite to $20 NFL Fantasy Football Millionaire (PIT @ CLE),154084,Showdown Captain Mode,0.1,36,237,7,20.0,2026-10-02 00:15:00+00:00,Thu 8:15PM
196187670,NFL Showdown Satellite to $20 NFL Fantasy Football Millionaire (PIT @ CLE),154084,Showdown Captain Mode,0.1,36,237,7,20.0,2026-10-02 00:15:00+00:00,Thu 8:15PM
196187669,NFL Showdown Satellite to $20 NFL Fantasy Football Millionaire (PIT @ CLE),154084,Showdown Captain Mode,0.1,43,237,7,20.0,2026-10-02 00:15:00+00:00,Thu 8:15PM
196187668,NFL Showdown Satellite to $20 NFL Fantasy Football Millionaire (PIT @ CLE),154084,Showdown Captain Mode,0.1,36,237,7,20.0,2026-10-02 00:15:00+00:00,Thu 8:15PM
196187667,NFL Showdown Satellite to $20 NFL Fantasy Football Millionaire (PIT @ CLE),154084,Showdown Captain Mode,0.1,37,237,7,20.0,2026-10-02 00:15:00+00:00,Thu 8:15PM
196187666,NFL Showdown Satellite to $20 NFL Fantasy Football Millionaire (PIT @ CLE),154084,Showdown Captain Mode,0.1,36,237,7,20.0,2026-10-02 00:15:00+00:00,Thu 8:15PM
196187665,NFL Showdown Satellite to $20 NFL Fantasy Football Millionaire (PIT @ CLE),154084,Showdown Captain Mode,0.1,36,237,7,20.0,2026-10-02 00:15:00+00:00,Thu 8:15PM
196187664,NFL Showdown Satellite to $20 NFL Fantasy Football Millionaire (PIT @ CLE),154084,Showdown Captain Mode,0.1,36,237,7,20.0,2026-10-02 00:15:00+00:00,Thu 8:15PM
196187663,NFL Showdown Satellite to $20 NFL Fantasy Football Millionaire (PIT @ CLE),154084,Showdown Captain Mode,0.1,36,237,7,20.0,2026-10-02 00:15:00+00:00,Thu 8:15PM
196187662,NFL Showdown Satellite to $20 NFL Fantasy Football Millionaire (PIT @ CLE),154084,Showdown Captain Mode,0.1,36,237,7,20.0,2026-10-02 00:15:00+00:00,Thu 8:15PM
196187661,NFL Showdown Satellite to $20 NFL Fantasy Football Millionaire (PIT @ CLE),154084,Showdown Captain Mode,0.1,33,237,7,20.0,2026-10-02 00:15:00+00:00,Thu 8:15PM
196187660,NFL Showdown Satellite to $20 NFL Fantasy Football Millionaire (PIT @ CLE),154084,Showdown Captain Mode,0.1,31,237,7,20.0,2026-10-02 00:15:00+00:00,Thu 8:15PM
196187659,NFL Showdown Satellite to $20 NFL Fantasy Football Millionaire (PIT @ CLE),154084,Showdown Captain Mode,0.1,27,237,7,20.0,2026-10-02 00:15:00+00:00,Thu 8:15PM
196187706,NFL Showdown $33 2026 FFWC Qualifier Satellite (PIT @ CLE),154084,Showdown Captain Mode,3.0,1,13,1,33.0,2026-10-02 00:15:00+00:00,Thu 8:15PM
196187705,NFL Showdown $33 2026 FFWC Qualifier Satellite (PIT @ CLE),154084,Showdown Captain Mode,1.0,1,39,1,33.0,2026-10-02 00:15:00+00:00,Thu 8:15PM
196187704,NFL Showdown $18 2026 FFWC Qualifier Satellite (PIT @ CLE),154084,Showdown Captain Mode,3.0,1,7,1,18.0,2026-10-02 00:15:00+00:00,Thu 8:15PM
196187703,NFL Showdown $18 2026 FFWC Qualifier Satellite (PIT @ CLE),154084,Showdown Captain Mode,3.0,1,7,1,18.0,2026-10-02 00:15:00+00:00,Thu 8:15PM
196187702,NFL Showdown $18 2026 FFWC Qualifier Satellite (PIT @ CLE),154084,Showdown Captain Mode,1.0,1,21,1,18.0,2026-10-02 00:15:00+00:00,Thu 8:15PM
196187701,NFL Showdown $18 2026 FFWC Qualifier Satellite (PIT @ CLE),154084,Showdown Captain Mode,0.25,4,85,2,18.0,2026-10-02 00:15:00+00:00,Thu 8:15PM
196187700,NFL Showdown $5 2026 FFWC Qualifier Satellite (PIT @ CLE),154084,Showdown Captain Mode,1.0,1,7,1,6.0,2026-10-02 00:15:00+00:00,Thu 8:15PM
196187699,NFL Showdown $5 2026 FFWC Qualifier Satellite (PIT @ CLE),154084,Showdown Captain Mode,1.0,1,7,1,6.0,2026-10-02 00:15:00+00:00,Thu 8:15PM
196187698,NFL Showdown $5 2026 FFWC Qualifier Satellite (PIT @ CLE),154084,Showdown Captain Mode,1.0,1,7,1,6.0,2026-10-02 00:15:00+00:00,Thu 8:15PM
196187697,NFL Showdown $5 2026 FFWC Qualifier Satellite (PIT @ CLE),154084,Showdown Captain Mode,1.0,1,7,1,6.0,2026-10-02 00:15:00+00:00,Thu 8:15PM
196187696,NFL Showdown $5 2026 FFWC Qualifier Satellite (PIT @ CLE),154084,Showdown Captain Mode,0.5,1,14,1,6.0,2026-10-02 00:15:00+00:00,Thu 8:15PM
196187695,NFL Showdown $5 2026 FFWC Qualifier Satellite (PIT @ CLE),154084,Showdown Captain Mode,0.5,1,14,1,6.0,2026-10-02 00:15:00+00:00,Thu 8:15PM
196187694,NFL Showdown $5 2026 FFWC Qualifier Satellite (PIT @ CLE),154084,Showdown Captain Mode,0.5,1,14,1,6.0,2026-10-02 00:15:00+00:00,Thu 8:15PM
196187693,NFL Showdown $5 2026 FFWC Qualifier Satellite (PIT @ CLE),154084,Showdown Captain Mode,0.5,1,14,1,6.0,2026-10-02 00:15:00+00:00,Thu 8:15PM
196187692,NFL Showdown $5 2026 FFWC Qualifier Satellite (PIT @ CLE),154084,Showdown Captain Mode,0.1,4,71,2,6.0,2026-10-02 00:15:00+00:00,Thu 8:15PM
196187691,NFL Showdown $5 2026 FFWC Qualifier Satellite (PIT @ CLE),154084,Showdown Captain Mode,0.1,4,71,2,6.0,2026-10-02 00:15:00+00:00,Thu 8:15PM
196187690,NFL Showdown $5 2026 FFWC Qualifier Satellite (PIT @ CLE),154084,Showdown Captain Mode,0.1,5,71,2,6.0,2026-10-02 00:15:00+00:00,Thu 8:15PM
196187770,NFL Showdown Satellite to UFC 333 $25 Special (10-24) [2x] (PIT @ CLE),154084,Showdown Captain Mode,3.0,2,19,1,50.0,2026-10-02 00:15:00+00:00,Thu 8:15PM
196187766,NFL Showdown Satellite to UFC 333 $25 Special (10-24) (PIT @ CLE),154084,Showdown Captain Mode,0.25,7,118,3,25.0,2026-10-02 00:15:00+00:00,Thu 8:15PM
196187765,NFL Showdown Satellite to UFC 333 $25 Special (10-24) (PIT @ CLE),154084,Showdown Captain Mode,0.25,9,118,3,25.0,2026-10-02 00:15:00+00:00,Thu 8:15PM
196187768,NFL Showdown Satellite to UFC 333 $25 Special (10-24) (PIT @ CLE),154084,Showdown Captain Mode,0.5,2,59,1,25.0,2026-10-02 00:15:00+00:00,Thu 8:15PM
196187767,NFL Showdown Satellite to UFC 333 $25 Special (10-24) (PIT @ CLE),154084,Showdown Captain Mode,0.5,2,59,1,25.0,2026-10-02 00:15:00+00:00,Thu 8:15PM
196187769,NFL Showdown Satellite to UFC 333 $25 Special (10-24) (PIT @ CLE),154084,Showdown Captain Mode,1.0,2,29,1,25.0,2026-10-02 00:15:00+00:00,Thu 8:15PM
196187756,NFL Showdown SUPERSatellite to NBA 10-20 $20 Opening Tip Off [2x] (PIT @ CLE),154084,Showdown Captain Mode,0.1,45,475,14,40.0,2026-10-02 00:15:00+00:00,Thu 8:15PM
196187754,NFL Showdown Satellite to NBA 10-20 $20 Opening Tip Off (PIT @ CLE),154084,Showdown Captain Mode,2.0,1,11,1,20.0,2026-10-02 00:15:00+00:00,Thu 8:15PM
196187753,NFL Showdown Satellite to NBA 10-20 $20 Opening Tip Off (PIT @ CLE),154084,Showdown Captain Mode,2.0,1,11,1,20.0,2026-10-02 00:15:00+00:00,Thu 8:15PM
196187751,NFL Showdown Satellite to NBA 10-20 $20 Opening Tip Off (PIT @ CLE),154084,Showdown Captain Mode,1.0,2,23,1,20.0,2026-10-02 00:15:00+00:00,Thu 8:15PM
196187750,NFL Showdown Satellite to NBA 10-20 $20 Opening Tip Off (PIT @ CLE),154084,Showdown Captain Mode,1.0,1,23,1,20.0,2026-10-02 00:15:00+00:00,Thu 8:15PM
196187749,NFL Showdown Satellite to NBA 10-20 $20 Opening Tip Off (PIT @ CLE),154084,Showdown Captain Mode,0.25,3,95,2,20.0,2026-10-02 00:15:00+00:00,Thu 8:15PM
196187748,NFL Showdown Satellite to NBA 10-20 $20 Opening Tip Off (PIT @ CLE),154084,Showdown Captain Mode,0.25,3,95,2,20.0,2026-10-02 00:15:00+00:00,Thu 8:15PM
196187747,NFL Showdown Satellite to NBA 10-20 $20 Opening Tip Off (PIT @ CLE),154084,Showdown Captain Mode,0.1,15,237,7,20.0,2026-10-02 00:15:00+00:00,Thu 8:15PM
196187746,NFL Showdown Satellite to NBA 10-20 $20 Opening Tip Off (PIT @ CLE),154084,Showdown Captain Mode,0.1,11,237,7,20.0,2026-10-02 00:15:00+00:00,Thu 8:15PM
196187764,NFL Showdown Satellite to UFC 332 $25 Special (10-3) (PIT @ CLE),154084,Showdown Captain Mode,1.0,1,29,1,25.0,2026-10-02 00:15:00+00:00,Thu 8:15PM
196187763,NFL Showdown Satellite to UFC 332 $25 Special (10-3) (PIT @ CLE),154084,Showdown Captain Mode,1.0,2,29,1,25.0,2026-10-02 00:15:00+00:00,Thu 8:15PM
196187762,NFL Showdown Satellite to UFC 332 $25 Special (10-3) (PIT @ CLE),154084,Showdown Captain Mode,0.5,1,59,1,25.0,2026-10-02 00:15:00+00:00,Thu 8:15PM
196187761,NFL Showdown Satellite to UFC 332 $25 Special (10-3) (PIT @ CLE),154084,Showdown Captain Mode,0.5,2,59,1,25.0,2026-10-02 00:15:00+00:00,Thu 8:15PM
196187760,NFL Showdown Satellite to UFC 332 $25 Special (10-3) (PIT @ CLE),154084,Showdown Captain Mode,0.25,6,118,3,25.0,2026-10-02 00:15:00+00:00,Thu 8:15PM
196187759,NFL Showdown Satellite to UFC 332 $25 Special (10-3) (PIT @ CLE),154084,Showdown Captain Mode,0.25,6,118,3,25.0,2026-10-02 00:15:00+00:00,Thu 8:15PM
196187554,NFL Showdown $100 Contest (PIT @ CLE),154084,Showdown Captain Mode,100.0,0,11,1,1000.0,2026-10-02 00:15:00+00:00,Thu 8:15PM
196187535,NFL Showdown $50 Contest (PIT @ CLE),154084,Showdown Captain Mode,50.0,0,11,1,500.0,2026-10-02 00:15:00+00:00,Thu 8:15PM
196187536,NFL Showdown $27 Contest (PIT @ CLE),154084,Showdown Captain Mode,27.0,0,21,1,500.0,2026-10-02 00:15:00+00:00,Thu 8:15PM
196187537,NFL Showdown $9 Contest (PIT @ CLE),154084,Showdown Captain Mode,9.0,2,39,1,300.0,2026-10-02 00:15:00+00:00,Thu 8:15PM
196187538,NFL Showdown $5 Contest (PIT @ CLE),154084,Showdown Captain Mode,5.0,3,47,1,200.0,2026-10-02 00:15:00+00:00,Thu 8:15PM
196187540,NFL Showdown $3 Contest (PIT @ CLE),154084,Showdown Captain Mode,3.0,14,118,3,300.0,2026-10-02 00:15:00+00:00,Thu 8:15PM
196187539,NFL Showdown $3 Contest (PIT @ CLE),154084,Showdown Captain Mode,3.0,7,118,3,300.0,2026-10-02 00:15:00+00:00,Thu 8:15PM
196187561,NFL Showdown $1 Contest (PIT @ CLE),154084,Showdown Captain Mode,1.0,9,118,3,100.0,2026-10-02 00:15:00+00:00,Thu 8:15PM
196187560,NFL Showdown $1 Contest (PIT @ CLE),154084,Showdown Captain Mode,1.0,16,118,3,100.0,2026-10-02 00:15:00+00:00,Thu 8:15PM
196187543,NFL Showdown $1 Contest (PIT @ CLE),154084,Showdown Captain Mode,1.0,8,118,3,100.0,2026-10-02 00:15:00+00:00,Thu 8:15PM
196187542,NFL Showdown $1 Contest (PIT @ CLE),154084,Showdown Captain Mode,1.0,6,118,3,100.0,2026-10-02 00:15:00+00:00,Thu 8:15PM
196187541,NFL Showdown $1 Contest (PIT @ CLE),154084,Showdown Captain Mode,1.0,6,118,3,100.0,2026-10-02 00:15:00+00:00,Thu 8:15PM
196187559,NFL Showdown $0.25 Contest (PIT @ CLE),154084,Showdown Captain Mode,0.25,30,237,7,50.0,2026-10-02 00:15:00+00:00,Thu 8:15PM
196187558,NFL Showdown $0.25 Contest (PIT @ CLE),154084,Showdown Captain Mode,0.25,31,237,7,50.0,2026-10-02 00:15:00+00:00,Thu 8:15PM
196187557,NFL Showdown $0.25 Contest (PIT @ CLE),154084,Showdown Captain Mode,0.25,27,237,7,50.0,2026-10-02 00:15:00+00:00,Thu 8:15PM
196187556,NFL Showdown $0.25 Contest (PIT @ CLE),154084,Showdown Captain Mode,0.25,13,237,7,50.0,2026-10-02 00:15:00+00:00,Thu 8:15PM
196187555,NFL Showdown $0.25 Contest (PIT @ CLE),154084,Showdown Captain Mode,0.25,13,237,7,50.0,2026-10-02 00:15:00+00:00,Thu 8:15PM
196187553,NFL Showdown $0.25 Contest (PIT @ CLE),154084,Showdown Captain Mode,0.25,14,237,7,50.0,2026-10-02 00:15:00+00:00,Thu 8:15PM
196187552,NFL Showdown $0.25 Contest (PIT @ CLE),154084,Showdown Captain Mode,0.25,12,237,7,50.0,2026-10-02 00:15:00+00:00,Thu 8:15PM
196187551,NFL Showdown $0.25 Contest (PIT @ CLE),154084,Showdown Captain Mode,0.25,20,237,7,50.0,2026-10-02 00:15:00+00:00,Thu 8:15PM
196187550,NFL Showdown $0.25 Contest (PIT @ CLE),154084,Showdown Captain Mode,0.25,12,237,7,50.0,2026-10-02 00:15:00+00:00,Thu 8:15PM
196187549,NFL Showdown $0.25 Contest (PIT @ CLE),154084,Showdown Captain Mode,0.25,13,237,7,50.0,2026-10-02 00:15:00+00:00,Thu 8:15PM
196187548,NFL Showdown $0.25 Contest (PIT @ CLE),154084,Showdown Captain Mode,0.25,12,237,7,50.0,2026-10-02 00:15:00+00:00,Thu 8:15PM
196187547,NFL Showdown $0.25 Contest (PIT @ CLE),154084,Showdown Captain Mode,0.25,12,237,7,50.0,2026-10-02 00:15:00+00:00,Thu 8:15PM
196187546,NFL Showdown $0.25 Contest (PIT @ CLE),154084,Showdown Captain Mode,0.25,18,237,7,50.0,2026-10-02 00:15:00+00:00,Thu 8:15PM
196187545,NFL Showdown $0.25 Contest (PIT @ CLE),154084,Showdown Captain Mode,0.25,12,237,7,50.0,2026-10-02 00:15:00+00:00,Thu 8:15PM
196187544,NFL Showdown $0.25 Contest (PIT @ CLE),154084,Showdown Captain Mode,0.25,13,237,7,50.0,2026-10-02 00:15:00+00:00,Thu 8:15PM
196187534,NFL Showdown $267 Winner Take All [$1K to 1st] (PIT @ CLE),154084,Showdown Captain Mode,267.0,0,4,1,1000.0,2026-10-02 00:15:00+00:00,Thu 8:15PM
196187533,NFL Showdown $267 Winner Take All [$1K to 1st] (PIT @ CLE),154084,Showdown Captain Mode,267.0,0,4,1,1000.0,2026-10-02 00:15:00+00:00,Thu 8:15PM
196187532,NFL Showdown $267 Winner Take All [$1K to 1st] (PIT @ CLE),154084,Showdown Captain Mode,267.0,0,4,1,1000.0,2026-10-02 00:15:00+00:00,Thu 8:15PM
196187531,NFL Showdown $267 Winner Take All [$1K to 1st] (PIT @ CLE),154084,Showdown Captain Mode,267.0,0,4,1,1000.0,2026-10-02 00:15:00+00:00,Thu 8:15PM
196187530,NFL Showdown $267 Winner Take All [$1K to 1st] (PIT @ CLE),154084,Showdown Captain Mode,267.0,0,4,1,1000.0,2026-10-02 00:15:00+00:00,Thu 8:15PM
196187529,NFL Showdown $267 Winner Take All [$1K to 1st] (PIT @ CLE),154084,Showdown Captain Mode,267.0,0,4,1,1000.0,2026-10-02 00:15:00+00:00,Thu 8:15PM
196187528,NFL Showdown $267 Winner Take All [$1K to 1st] (PIT @ CLE),154084,Showdown Captain Mode,267.0,0,4,1,1000.0,2026-10-02 00:15:00+00:00,Thu 8:15PM
196187527,NFL Showdown $267 Winner Take All [$1K to 1st] (PIT @ CLE),154084,Showdown Captain Mode,267.0,0,4,1,1000.0,2026-10-02 00:15:00+00:00,Thu 8:15PM
196187526,NFL Showdown $267 Winner Take All [$1K to 1st] (PIT @ CLE),154084,Showdown Captain Mode,267.0,0,4,1,1000.0,2026-10-02 00:15:00+00:00,Thu 8:15PM
196187525,NFL Showdown $267 Winner Take All [$1K to 1st] (PIT @ CLE),154084,Showdown Captain Mode,267.0,0,4,1,1000.0,2026-10-02 00:15:00+00:00,Thu 8:15PM
196187494,NFL Showdown $100 Winner Take All [$1K to 1st] (PIT @ CLE),154084,Showdown Captain Mode,100.0,0,11,1,1000.0,2026-10-02 00:15:00+00:00,Thu 8:15PM
196187480,NFL Showdown $85 Winner Take All [$300 to 1st] (PIT @ CLE),154084,Showdown Captain Mode,85.0,0,4,1,300.0,2026-10-02 00:15:00+00:00,Thu 8:15PM
196187479,NFL Showdown $85 Winner Take All [$300 to 1st] (PIT @ CLE),154084,Showdown Captain Mode,85.0,0,4,1,300.0,2026-10-02 00:15:00+00:00,Thu 8:15PM
196187478,NFL Showdown $85 Winner Take All [$300 to 1st] (PIT @ CLE),154084,Showdown Captain Mode,85.0,0,4,1,300.0,2026-10-02 00:15:00+00:00,Thu 8:15PM
196187477,NFL Showdown $85 Winner Take All [$300 to 1st] (PIT @ CLE),154084,Showdown Captain Mode,85.0,0,4,1,300.0,2026-10-02 00:15:00+00:00,Thu 8:15PM
196187476,NFL Showdown $85 Winner Take All [$300 to 1st] (PIT @ CLE),154084,Showdown Captain Mode,85.0,0,4,1,300.0,2026-10-02 00:15:00+00:00,Thu 8:15PM
196187475,NFL Showdown $85 Winner Take All [$300 to 1st] (PIT @ CLE),154084,Showdown Captain Mode,85.0,0,4,1,300.0,2026-10-02 00:15:00+00:00,Thu 8:15PM
196187474,NFL Showdown $85 Winner Take All [$300 to 1st] (PIT @ CLE),154084,Showdown Captain Mode,85.0,0,4,1,300.0,2026-10-02 00:15:00+00:00,Thu 8:15PM
196187495,NFL Showdown $50 Winner Take All [$500 to 1st] (PIT @ CLE),154084,Showdown Captain Mode,50.0,0,11,1,500.0,2026-10-02 00:15:00+00:00,Thu 8:15PM
196187524,NFL Showdown $27 Winner Take All [$500 to 1st] (PIT @ CLE),154084,Showdown Captain Mode,27.0,1,21,1,500.0,2026-10-02 00:15:00+00:00,Thu 8:15PM
196187496,NFL Showdown $9 Winner Take All [$500 to 1st] (PIT @ CLE),154084,Showdown Captain Mode,9.0,4,65,1,500.0,2026-10-02 00:15:00+00:00,Thu 8:15PM
196187503,NFL Showdown $5 Winner Take All [$100 to 1st] (PIT @ CLE),154084,Showdown Captain Mode,5.0,2,23,1,100.0,2026-10-02 00:15:00+00:00,Thu 8:15PM
196187502,NFL Showdown $5 Winner Take All [$100 to 1st] (PIT @ CLE),154084,Showdown Captain Mode,5.0,2,23,1,100.0,2026-10-02 00:15:00+00:00,Thu 8:15PM
196187501,NFL Showdown $5 Winner Take All [$100 to 1st] (PIT @ CLE),154084,Showdown Captain Mode,5.0,2,23,1,100.0,2026-10-02 00:15:00+00:00,Thu 8:15PM
196187500,NFL Showdown $5 Winner Take All [$100 to 1st] (PIT @ CLE),154084,Showdown Captain Mode,5.0,2,23,1,100.0,2026-10-02 00:15:00+00:00,Thu 8:15PM
196187499,NFL Showdown $5 Winner Take All [$100 to 1st] (PIT @ CLE),154084,Showdown Captain Mode,5.0,3,23,1,100.0,2026-10-02 00:15:00+00:00,Thu 8:15PM
196187498,NFL Showdown $5 Winner Take All [$100 to 1st] (PIT @ CLE),154084,Showdown Captain Mode,5.0,3,23,1,100.0,2026-10-02 00:15:00+00:00,Thu 8:15PM
196187497,NFL Showdown $5 Winner Take All [$100 to 1st] (PIT @ CLE),154084,Showdown Captain Mode,5.0,3,23,1,100.0,2026-10-02 00:15:00+00:00,Thu 8:15PM
196187507,NFL Showdown $3 Winner Take All [$100 to 1st] (PIT @ CLE),154084,Showdown Captain Mode,3.0,3,39,1,100.0,2026-10-02 00:15:00+00:00,Thu 8:15PM
196187506,NFL Showdown $3 Winner Take All [$100 to 1st] (PIT @ CLE),154084,Showdown Captain Mode,3.0,2,39,1,100.0,2026-10-02 00:15:00+00:00,Thu 8:15PM
196187505,NFL Showdown $3 Winner Take All [$100 to 1st] (PIT @ CLE),154084,Showdown Captain Mode,3.0,3,39,1,100.0,2026-10-02 00:15:00+00:00,Thu 8:15PM
196187504,NFL Showdown $3 Winner Take All [$100 to 1st] (PIT @ CLE),154084,Showdown Captain Mode,3.0,5,39,1,100.0,2026-10-02 00:15:00+00:00,Thu 8:15PM
196187493,NFL Showdown $1 Winner Take All [$100 to 1st] (PIT @ CLE),154084,Showdown Captain Mode,1.0,10,118,3,100.0,2026-10-02 00:15:00+00:00,Thu 8:15PM
196187492,NFL Showdown $1 Winner Take All [$100 to 1st] (PIT @ CLE),154084,Showdown Captain Mode,1.0,17,118,3,100.0,2026-10-02 00:15:00+00:00,Thu 8:15PM
196187491,NFL Showdown $1 Winner Take All [$100 to 1st] (PIT @ CLE),154084,Showdown Captain Mode,1.0,12,118,3,100.0,2026-10-02 00:15:00+00:00,Thu 8:15PM
196187490,NFL Showdown $1 Winner Take All [$100 to 1st] (PIT @ CLE),154084,Showdown Captain Mode,1.0,9,118,3,100.0,2026-10-02 00:15:00+00:00,Thu 8:15PM
196187489,NFL Showdown $1 Winner Take All [$100 to 1st] (PIT @ CLE),154084,Showdown Captain Mode,1.0,9,118,3,100.0,2026-10-02 00:15:00+00:00,Thu 8:15PM
196187488,NFL Showdown $1 Winner Take All [$100 to 1st] (PIT @ CLE),154084,Showdown Captain Mode,1.0,10,118,3,100.0,2026-10-02 00:15:00+00:00,Thu 8:15PM
196187487,NFL Showdown $1 Winner Take All [$100 to 1st] (PIT @ CLE),154084,Showdown Captain Mode,1.0,9,118,3,100.0,2026-10-02 00:15:00+00:00,Thu 8:15PM
196187486,NFL Showdown $1 Winner Take All [$100 to 1st] (PIT @ CLE),154084,Showdown Captain Mode,1.0,9,118,3,100.0,2026-10-02 00:15:00+00:00,Thu 8:15PM
196187485,NFL Showdown $1 Winner Take All [$100 to 1st] (PIT @ CLE),154084,Showdown Captain Mode,1.0,10,118,3,100.0,2026-10-02 00:15:00+00:00,Thu 8:15PM
196187484,NFL Showdown $1 Winner Take All [$100 to 1st] (PIT @ CLE),154084,Showdown Captain Mode,1.0,9,118,3,100.0,2026-10-02 00:15:00+00:00,Thu 8:15PM
196187523,NFL Showdown $0.25 Winner Take All [$100 to 1st] (PIT @ CLE),154084,Showdown Captain Mode,0.25,55,475,10,100.0,2026-10-02 00:15:00+00:00,Thu 8:15PM
196187522,NFL Showdown $0.25 Winner Take All [$100 to 1st] (PIT @ CLE),154084,Showdown Captain Mode,0.25,70,475,10,100.0,2026-10-02 00:15:00+00:00,Thu 8:15PM
196187521,NFL Showdown $0.25 Winner Take All [$100 to 1st] (PIT @ CLE),154084,Showdown Captain Mode,0.25,48,475,10,100.0,2026-10-02 00:15:00+00:00,Thu 8:15PM
196187520,NFL Showdown $0.25 Winner Take All [$100 to 1st] (PIT @ CLE),154084,Showdown Captain Mode,0.25,47,475,10,100.0,2026-10-02 00:15:00+00:00,Thu 8:15PM
196187519,NFL Showdown $0.25 Winner Take All [$100 to 1st] (PIT @ CLE),154084,Showdown Captain Mode,0.25,47,475,10,100.0,2026-10-02 00:15:00+00:00,Thu 8:15PM
196187518,NFL Showdown $0.25 Winner Take All [$100 to 1st] (PIT @ CLE),154084,Showdown Captain Mode,0.25,59,475,10,100.0,2026-10-02 00:15:00+00:00,Thu 8:15PM
196187517,NFL Showdown $0.25 Winner Take All [$100 to 1st] (PIT @ CLE),154084,Showdown Captain Mode,0.25,46,475,10,100.0,2026-10-02 00:15:00+00:00,Thu 8:15PM
196187516,NFL Showdown $0.25 Winner Take All [$100 to 1st] (PIT @ CLE),154084,Showdown Captain Mode,0.25,48,475,10,100.0,2026-10-02 00:15:00+00:00,Thu 8:15PM
196187515,NFL Showdown $0.25 Winner Take All [$100 to 1st] (PIT @ CLE),154084,Showdown Captain Mode,0.25,55,475,10,100.0,2026-10-02 00:15:00+00:00,Thu 8:15PM
196187514,NFL Showdown $0.25 Winner Take All [$100 to 1st] (PIT @ CLE),154084,Showdown Captain Mode,0.25,45,475,10,100.0,2026-10-02 00:15:00+00:00,Thu 8:15PM
196187513,NFL Showdown $0.25 Winner Take All [$100 to 1st] (PIT @ CLE),154084,Showdown Captain Mode,0.25,39,475,10,100.0,2026-10-02 00:15:00+00:00,Thu 8:15PM
196187512,NFL Showdown $0.25 Winner Take All [$100 to 1st] (PIT @ CLE),154084,Showdown Captain Mode,0.25,35,475,10,100.0,2026-10-02 00:15:00+00:00,Thu 8:15PM
196187511,NFL Showdown $0.25 Winner Take All [$100 to 1st] (PIT @ CLE),154084,Showdown Captain Mode,0.25,35,475,10,100.0,2026-10-02 00:15:00+00:00,Thu 8:15PM
196187510,NFL Showdown $0.25 Winner Take All [$100 to 1st] (PIT @ CLE),154084,Showdown Captain Mode,0.25,35,475,10,100.0,2026-10-02 00:15:00+00:00,Thu 8:15PM
196187509,NFL Showdown $0.25 Winner Take All [$100 to 1st] (PIT @ CLE),154084,Showdown Captain Mode,0.25,45,475,10,100.0,2026-10-02 00:15:00+00:00,Thu 8:15PM
196187508,NFL Showdown $0.25 Winner Take All [$100 to 1st] (PIT @ CLE),154084,Showdown Captain Mode,0.25,50,475,10,100.0,2026-10-02 00:15:00+00:00,Thu 8:15PM
196187333,Casual NFL Showdown 10x Booster [Top 3 Win $50] (PIT @ CLE),154084,Showdown Captain Mode,5.0,1,35,1,150.0,2026-10-02 00:15:00+00:00,Thu 8:15PM
196187260,NFL Showdown 10x Booster [Top 3 Win $100] (PIT @ CLE),154084,Showdown Captain Mode,10.0,6,35,1,300.0,2026-10-02 00:15:00+00:00,Thu 8:15PM
196187259,NFL Showdown 10x Booster [Top 3 Win $100] (PIT @ CLE),154084,Showdown Captain Mode,10.0,7,35,1,300.0,2026-10-02 00:15:00+00:00,Thu 8:15PM
196187258,NFL Showdown 10x Booster [Top 3 Win $100] (PIT @ CLE),154084,Showdown Captain Mode,10.0,6,35,1,300.0,2026-10-02 00:15:00+00:00,Thu 8:15PM
196187257,NFL Showdown 10x Booster [Top 3 Win $100] (PIT @ CLE),154084,Showdown Captain Mode,10.0,4,35,1,300.0,2026-10-02 00:15:00+00:00,Thu 8:15PM
196187256,NFL Showdown 10x Booster [Top 3 Win $100] (PIT @ CLE),154084,Showdown Captain Mode,10.0,6,35,1,300.0,2026-10-02 00:15:00+00:00,Thu 8:15PM
196187263,NFL Showdown 10x Booster [Top 5 Win $50] (PIT @ CLE),154084,Showdown Captain Mode,5.0,7,59,1,250.0,2026-10-02 00:15:00+00:00,Thu 8:15PM
196187262,NFL Showdown 10x Booster [Top 5 Win $50] (PIT @ CLE),154084,Showdown Captain Mode,5.0,6,59,1,250.0,2026-10-02 00:15:00+00:00,Thu 8:15PM
196187261,NFL Showdown 10x Booster [Top 5 Win $50] (PIT @ CLE),154084,Showdown Captain Mode,5.0,7,59,1,250.0,2026-10-02 00:15:00+00:00,Thu 8:15PM
196187281,NFL Showdown 10x Booster [Top 5 Win $20] (PIT @ CLE),154084,Showdown Captain Mode,2.0,10,59,1,100.0,2026-10-02 00:15:00+00:00,Thu 8:15PM
196187280,NFL Showdown 10x Booster [Top 5 Win $20] (PIT @ CLE),154084,Showdown Captain Mode,2.0,9,59,1,100.0,2026-10-02 00:15:00+00:00,Thu 8:15PM
196187266,NFL Showdown 10x Booster [Top 5 Win $20] (PIT @ CLE),154084,Showdown Captain Mode,2.0,6,59,1,100.0,2026-10-02 00:15:00+00:00,Thu 8:15PM
196187265,NFL Showdown 10x Booster [Top 5 Win $20] (PIT @ CLE),154084,Showdown Captain Mode,2.0,5,59,1,100.0,2026-10-02 00:15:00+00:00,Thu 8:15PM
196187264,NFL Showdown 10x Booster [Top 5 Win $20] (PIT @ CLE),154084,Showdown Captain Mode,2.0,5,59,1,100.0,2026-10-02 00:15:00+00:00,Thu 8:15PM
196187283,NFL Showdown 10x Booster [Top 3 Win $20] (PIT @ CLE),154084,Showdown Captain Mode,2.0,6,35,1,60.0,2026-10-02 00:15:00+00:00,Thu 8:15PM
196187282,NFL Showdown 10x Booster [Top 3 Win $20] (PIT @ CLE),154084,Showdown Captain Mode,2.0,3,35,1,60.0,2026-10-02 00:15:00+00:00,Thu 8:15PM
196187567,NFL Showdown 40x Micro Booster [Top 5 Win $10] (PIT @ CLE),154084,Showdown Captain Mode,0.25,46,237,7,50.0,2026-10-02 00:15:00+00:00,Thu 8:15PM
196187566,NFL Showdown 40x Micro Booster [Top 5 Win $10] (PIT @ CLE),154084,Showdown Captain Mode,0.25,50,237,7,50.0,2026-10-02 00:15:00+00:00,Thu 8:15PM
196187565,NFL Showdown 40x Micro Booster [Top 5 Win $10] (PIT @ CLE),154084,Showdown Captain Mode,0.25,42,237,7,50.0,2026-10-02 00:15:00+00:00,Thu 8:15PM
196187564,NFL Showdown 40x Micro Booster [Top 5 Win $10] (PIT @ CLE),154084,Showdown Captain Mode,0.25,36,237,7,50.0,2026-10-02 00:15:00+00:00,Thu 8:15PM
196187563,NFL Showdown 40x Micro Booster [Top 5 Win $10] (PIT @ CLE),154084,Showdown Captain Mode,0.25,24,237,7,50.0,2026-10-02 00:15:00+00:00,Thu 8:15PM
196187562,NFL Showdown 40x Micro Booster [Top 5 Win $10] (PIT @ CLE),154084,Showdown Captain Mode,0.25,28,237,7,50.0,2026-10-02 00:15:00+00:00,Thu 8:15PM
196187271,NFL Showdown 40x Micro Booster [Top 5 Win $10] (PIT @ CLE),154084,Showdown Captain Mode,0.25,36,237,7,50.0,2026-10-02 00:15:00+00:00,Thu 8:15PM
196187270,NFL Showdown 40x Micro Booster [Top 5 Win $10] (PIT @ CLE),154084,Showdown Captain Mode,0.25,28,237,7,50.0,2026-10-02 00:15:00+00:00,Thu 8:15PM
196187269,NFL Showdown 40x Micro Booster [Top 5 Win $10] (PIT @ CLE),154084,Showdown Captain Mode,0.25,27,237,7,50.0,2026-10-02 00:15:00+00:00,Thu 8:15PM
196187268,NFL Showdown 40x Micro Booster [Top 5 Win $10] (PIT @ CLE),154084,Showdown Captain Mode,0.25,34,237,7,50.0,2026-10-02 00:15:00+00:00,Thu 8:15PM
196187267,NFL Showdown 40x Micro Booster [Top 5 Win $10] (PIT @ CLE),154084,Showdown Captain Mode,0.25,26,237,7,50.0,2026-10-02 00:15:00+00:00,Thu 8:15PM
196187273,NFL Showdown $25 Quintuple Up [Top 4 Win $125] (PIT @ CLE),154084,Showdown Captain Mode,25.0,3,22,1,500.0,2026-10-02 00:15:00+00:00,Thu 8:15PM
196187272,NFL Showdown $25 Quintuple Up [Top 4 Win $125] (PIT @ CLE),154084,Showdown Captain Mode,25.0,3,22,1,500.0,2026-10-02 00:15:00+00:00,Thu 8:15PM
196187284,NFL Showdown $10 Quintuple Up [Top 5 Win $50] (PIT @ CLE),154084,Showdown Captain Mode,10.0,5,28,1,250.0,2026-10-02 00:15:00+00:00,Thu 8:15PM
196187274,NFL Showdown $10 Quintuple Up [Top 5 Win $50] (PIT @ CLE),154084,Showdown Captain Mode,10.0,4,28,1,250.0,2026-10-02 00:15:00+00:00,Thu 8:15PM
196187291,NFL Showdown $5 Quintuple Up [Top 5 Win $25] (PIT @ CLE),154084,Showdown Captain Mode,5.0,3,28,1,125.0,2026-10-02 00:15:00+00:00,Thu 8:15PM
196187290,NFL Showdown $5 Quintuple Up [Top 5 Win $25] (PIT @ CLE),154084,Showdown Captain Mode,5.0,3,28,1,125.0,2026-10-02 00:15:00+00:00,Thu 8:15PM
196187289,NFL Showdown $5 Quintuple Up [Top 5 Win $25] (PIT @ CLE),154084,Showdown Captain Mode,5.0,3,28,1,125.0,2026-10-02 00:15:00+00:00,Thu 8:15PM
196187288,NFL Showdown $5 Quintuple Up [Top 5 Win $25] (PIT @ CLE),154084,Showdown Captain Mode,5.0,3,28,1,125.0,2026-10-02 00:15:00+00:00,Thu 8:15PM
196187287,NFL Showdown $5 Quintuple Up [Top 5 Win $25] (PIT @ CLE),154084,Showdown Captain Mode,5.0,3,28,1,125.0,2026-10-02 00:15:00+00:00,Thu 8:15PM
196187286,NFL Showdown $5 Quintuple Up [Top 5 Win $25] (PIT @ CLE),154084,Showdown Captain Mode,5.0,3,28,1,125.0,2026-10-02 00:15:00+00:00,Thu 8:15PM
196187285,NFL Showdown $5 Quintuple Up [Top 5 Win $25] (PIT @ CLE),154084,Showdown Captain Mode,5.0,3,28,1,125.0,2026-10-02 00:15:00+00:00,Thu 8:15PM
196187575,NFL Showdown $1 Quintuple Up [Top 5 Win $5] (PIT @ CLE),154084,Showdown Captain Mode,1.0,6,28,1,25.0,2026-10-02 00:15:00+00:00,Thu 8:15PM
196187574,NFL Showdown $1 Quintuple Up [Top 5 Win $5] (PIT @ CLE),154084,Showdown Captain Mode,1.0,2,28,1,25.0,2026-10-02 00:15:00+00:00,Thu 8:15PM
196187573,NFL Showdown $1 Quintuple Up [Top 5 Win $5] (PIT @ CLE),154084,Showdown Captain Mode,1.0,2,28,1,25.0,2026-10-02 00:15:00+00:00,Thu 8:15PM
196187572,NFL Showdown $1 Quintuple Up [Top 5 Win $5] (PIT @ CLE),154084,Showdown Captain Mode,1.0,4,28,1,25.0,2026-10-02 00:15:00+00:00,Thu 8:15PM
196187571,NFL Showdown $1 Quintuple Up [Top 5 Win $5] (PIT @ CLE),154084,Showdown Captain Mode,1.0,2,28,1,25.0,2026-10-02 00:15:00+00:00,Thu 8:15PM
196187570,NFL Showdown $1 Quintuple Up [Top 5 Win $5] (PIT @ CLE),154084,Showdown Captain Mode,1.0,2,28,1,25.0,2026-10-02 00:15:00+00:00,Thu 8:15PM
196187569,NFL Showdown $1 Quintuple Up [Top 5 Win $5] (PIT @ CLE),154084,Showdown Captain Mode,1.0,2,28,1,25.0,2026-10-02 00:15:00+00:00,Thu 8:15PM
196187568,NFL Showdown $1 Quintuple Up [Top 5 Win $5] (PIT @ CLE),154084,Showdown Captain Mode,1.0,3,28,1,25.0,2026-10-02 00:15:00+00:00,Thu 8:15PM
196187301,NFL Showdown $1 Quintuple Up [Top 5 Win $5] (PIT @ CLE),154084,Showdown Captain Mode,1.0,2,28,1,25.0,2026-10-02 00:15:00+00:00,Thu 8:15PM
196187300,NFL Showdown $1 Quintuple Up [Top 5 Win $5] (PIT @ CLE),154084,Showdown Captain Mode,1.0,2,28,1,25.0,2026-10-02 00:15:00+00:00,Thu 8:15PM
196187299,NFL Showdown $1 Quintuple Up [Top 5 Win $5] (PIT @ CLE),154084,Showdown Captain Mode,1.0,1,28,1,25.0,2026-10-02 00:15:00+00:00,Thu 8:15PM
196187298,NFL Showdown $1 Quintuple Up [Top 5 Win $5] (PIT @ CLE),154084,Showdown Captain Mode,1.0,1,28,1,25.0,2026-10-02 00:15:00+00:00,Thu 8:15PM
196187297,NFL Showdown $1 Quintuple Up [Top 5 Win $5] (PIT @ CLE),154084,Showdown Captain Mode,1.0,1,28,1,25.0,2026-10-02 00:15:00+00:00,Thu 8:15PM
196187296,NFL Showdown $1 Quintuple Up [Top 5 Win $5] (PIT @ CLE),154084,Showdown Captain Mode,1.0,2,28,1,25.0,2026-10-02 00:15:00+00:00,Thu 8:15PM
196187295,NFL Showdown $1 Quintuple Up [Top 5 Win $5] (PIT @ CLE),154084,Showdown Captain Mode,1.0,1,28,1,25.0,2026-10-02 00:15:00+00:00,Thu 8:15PM
196187294,NFL Showdown $1 Quintuple Up [Top 5 Win $5] (PIT @ CLE),154084,Showdown Captain Mode,1.0,1,28,1,25.0,2026-10-02 00:15:00+00:00,Thu 8:15PM
196187293,NFL Showdown $1 Quintuple Up [Top 5 Win $5] (PIT @ CLE),154084,Showdown Captain Mode,1.0,1,28,1,25.0,2026-10-02 00:15:00+00:00,Thu 8:15PM
196187292,NFL Showdown $1 Quintuple Up [Top 5 Win $5] (PIT @ CLE),154084,Showdown Captain Mode,1.0,2,28,1,25.0,2026-10-02 00:15:00+00:00,Thu 8:15PM
196187255,NFL Showdown $250 Triple Up [Top 3 Win $750] (PIT @ CLE),154084,Showdown Captain Mode,250.0,0,10,1,2250.0,2026-10-02 00:15:00+00:00,Thu 8:15PM
196187335,NFL Showdown $100 Triple Up [Top 3 Win $300] (PIT @ CLE),154084,Showdown Captain Mode,100.0,1,10,1,900.0,2026-10-02 00:15:00+00:00,Thu 8:15PM
196187334,NFL Showdown $50 Triple Up [Top 5 Win $150] (PIT @ CLE),154084,Showdown Captain Mode,50.0,2,17,1,750.0,2026-10-02 00:15:00+00:00,Thu 8:15PM
196187336,NFL Showdown $25 Triple Up [Top 9 Win $75] (PIT @ CLE),154084,Showdown Captain Mode,25.0,3,31,1,675.0,2026-10-02 00:15:00+00:00,Thu 8:15PM
196187339,NFL Showdown $10 Triple Up [Top 9 Win $30] (PIT @ CLE),154084,Showdown Captain Mode,10.0,4,31,1,270.0,2026-10-02 00:15:00+00:00,Thu 8:15PM
196187338,NFL Showdown $10 Triple Up [Top 9 Win $30] (PIT @ CLE),154084,Showdown Captain Mode,10.0,4,31,1,270.0,2026-10-02 00:15:00+00:00,Thu 8:15PM
196187337,NFL Showdown $10 Triple Up [Top 9 Win $30] (PIT @ CLE),154084,Showdown Captain Mode,10.0,5,31,1,270.0,2026-10-02 00:15:00+00:00,Thu 8:15PM
196187350,NFL Showdown $5 Triple Up [Top 9 Win $15] (PIT @ CLE),154084,Showdown Captain Mode,5.0,4,31,1,135.0,2026-10-02 00:15:00+00:00,Thu 8:15PM
196187349,NFL Showdown $5 Triple Up [Top 9 Win $15] (PIT @ CLE),154084,Showdown Captain Mode,5.0,2,31,1,135.0,2026-10-02 00:15:00+00:00,Thu 8:15PM
196187348,NFL Showdown $5 Triple Up [Top 9 Win $15] (PIT @ CLE),154084,Showdown Captain Mode,5.0,4,31,1,135.0,2026-10-02 00:15:00+00:00,Thu 8:15PM
196187347,NFL Showdown $5 Triple Up [Top 9 Win $15] (PIT @ CLE),154084,Showdown Captain Mode,5.0,3,31,1,135.0,2026-10-02 00:15:00+00:00,Thu 8:15PM
196187346,NFL Showdown $5 Triple Up [Top 9 Win $15] (PIT @ CLE),154084,Showdown Captain Mode,5.0,3,31,1,135.0,2026-10-02 00:15:00+00:00,Thu 8:15PM
196187345,NFL Showdown $5 Triple Up [Top 9 Win $15] (PIT @ CLE),154084,Showdown Captain Mode,5.0,3,31,1,135.0,2026-10-02 00:15:00+00:00,Thu 8:15PM
196187344,NFL Showdown $5 Triple Up [Top 9 Win $15] (PIT @ CLE),154084,Showdown Captain Mode,5.0,3,31,1,135.0,2026-10-02 00:15:00+00:00,Thu 8:15PM
196187343,NFL Showdown $5 Triple Up [Top 9 Win $15] (PIT @ CLE),154084,Showdown Captain Mode,5.0,3,31,1,135.0,2026-10-02 00:15:00+00:00,Thu 8:15PM
196187342,NFL Showdown $5 Triple Up [Top 9 Win $15] (PIT @ CLE),154084,Showdown Captain Mode,5.0,3,31,1,135.0,2026-10-02 00:15:00+00:00,Thu 8:15PM
196187341,NFL Showdown $5 Triple Up [Top 9 Win $15] (PIT @ CLE),154084,Showdown Captain Mode,5.0,3,31,1,135.0,2026-10-02 00:15:00+00:00,Thu 8:15PM
196187340,NFL Showdown $5 Triple Up [Top 9 Win $15] (PIT @ CLE),154084,Showdown Captain Mode,5.0,3,31,1,135.0,2026-10-02 00:15:00+00:00,Thu 8:15PM
196187368,NFL Showdown $1 Triple Up [Top 9 Win $3] (PIT @ CLE),154084,Showdown Captain Mode,1.0,4,31,1,27.0,2026-10-02 00:15:00+00:00,Thu 8:15PM
196187367,NFL Showdown $1 Triple Up [Top 9 Win $3] (PIT @ CLE),154084,Showdown Captain Mode,1.0,3,31,1,27.0,2026-10-02 00:15:00+00:00,Thu 8:15PM
196187366,NFL Showdown $1 Triple Up [Top 9 Win $3] (PIT @ CLE),154084,Showdown Captain Mode,1.0,4,31,1,27.0,2026-10-02 00:15:00+00:00,Thu 8:15PM
196187365,NFL Showdown $1 Triple Up [Top 9 Win $3] (PIT @ CLE),154084,Showdown Captain Mode,1.0,3,31,1,27.0,2026-10-02 00:15:00+00:00,Thu 8:15PM
196187364,NFL Showdown $1 Triple Up [Top 9 Win $3] (PIT @ CLE),154084,Showdown Captain Mode,1.0,3,31,1,27.0,2026-10-02 00:15:00+00:00,Thu 8:15PM
196187363,NFL Showdown $1 Triple Up [Top 9 Win $3] (PIT @ CLE),154084,Showdown Captain Mode,1.0,3,31,1,27.0,2026-10-02 00:15:00+00:00,Thu 8:15PM
196187362,NFL Showdown $1 Triple Up [Top 9 Win $3] (PIT @ CLE),154084,Showdown Captain Mode,1.0,3,31,1,27.0,2026-10-02 00:15:00+00:00,Thu 8:15PM
196187361,NFL Showdown $1 Triple Up [Top 9 Win $3] (PIT @ CLE),154084,Showdown Captain Mode,1.0,2,31,1,27.0,2026-10-02 00:15:00+00:00,Thu 8:15PM
196187360,NFL Showdown $1 Triple Up [Top 9 Win $3] (PIT @ CLE),154084,Showdown Captain Mode,1.0,2,31,1,27.0,2026-10-02 00:15:00+00:00,Thu 8:15PM
196187359,NFL Showdown $1 Triple Up [Top 9 Win $3] (PIT @ CLE),154084,Showdown Captain Mode,1.0,2,31,1,27.0,2026-10-02 00:15:00+00:00,Thu 8:15PM
196187358,NFL Showdown $1 Triple Up [Top 9 Win $3] (PIT @ CLE),154084,Showdown Captain Mode,1.0,2,31,1,27.0,2026-10-02 00:15:00+00:00,Thu 8:15PM
196187357,NFL Showdown $1 Triple Up [Top 9 Win $3] (PIT @ CLE),154084,Showdown Captain Mode,1.0,2,31,1,27.0,2026-10-02 00:15:00+00:00,Thu 8:15PM
196187356,NFL Showdown $1 Triple Up [Top 9 Win $3] (PIT @ CLE),154084,Showdown Captain Mode,1.0,2,31,1,27.0,2026-10-02 00:15:00+00:00,Thu 8:15PM
196187355,NFL Showdown $1 Triple Up [Top 9 Win $3] (PIT @ CLE),154084,Showdown Captain Mode,1.0,3,31,1,27.0,2026-10-02 00:15:00+00:00,Thu 8:15PM
196187354,NFL Showdown $1 Triple Up [Top 9 Win $3] (PIT @ CLE),154084,Showdown Captain Mode,1.0,4,31,1,27.0,2026-10-02 00:15:00+00:00,Thu 8:15PM
196187353,NFL Showdown $1 Triple Up [Top 9 Win $3] (PIT @ CLE),154084,Showdown Captain Mode,1.0,3,31,1,27.0,2026-10-02 00:15:00+00:00,Thu 8:15PM
196187352,NFL Showdown $1 Triple Up [Top 9 Win $3] (PIT @ CLE),154084,Showdown Captain Mode,1.0,4,31,1,27.0,2026-10-02 00:15:00+00:00,Thu 8:15PM
196187351,NFL Showdown $1 Triple Up [Top 9 Win $3] (PIT @ CLE),154084,Showdown Captain Mode,1.0,4,31,1,27.0,2026-10-02 00:15:00+00:00,Thu 8:15PM
196187410,Casual NFL Showdown $10 Double Up (PIT @ CLE),154084,Showdown Captain Mode,10.0,0,11,1,100.0,2026-10-02 00:15:00+00:00,Thu 8:15PM
196187413,Casual NFL Showdown $5 Double Up (PIT @ CLE),154084,Showdown Captain Mode,5.0,1,23,1,100.0,2026-10-02 00:15:00+00:00,Thu 8:15PM
196187412,Casual NFL Showdown $1 Double Up (PIT @ CLE),154084,Showdown Captain Mode,1.0,0,23,1,20.0,2026-10-02 00:15:00+00:00,Thu 8:15PM
196187411,Casual NFL Showdown $1 Double Up (PIT @ CLE),154084,Showdown Captain Mode,1.0,2,23,1,20.0,2026-10-02 00:15:00+00:00,Thu 8:15PM
196187332,NFL Showdown $250 Double Up (PIT @ CLE),154084,Showdown Captain Mode,250.0,1,11,1,2500.0,2026-10-02 00:15:00+00:00,Thu 8:15PM
196187576,NFL Showdown $100 Double Up (PIT @ CLE),154084,Showdown Captain Mode,100.0,1,11,1,1000.0,2026-10-02 00:15:00+00:00,Thu 8:15PM
196187414,NFL Showdown $50 Double Up (PIT @ CLE),154084,Showdown Captain Mode,50.0,1,11,1,500.0,2026-10-02 00:15:00+00:00,Thu 8:15PM
196187408,NFL Showdown $50 Double Up (PIT @ CLE),154084,Showdown Captain Mode,50.0,1,11,1,500.0,2026-10-02 00:15:00+00:00,Thu 8:15PM
196187453,NFL Showdown $25 Double Up (PIT @ CLE),154084,Showdown Captain Mode,25.0,3,11,1,250.0,2026-10-02 00:15:00+00:00,Thu 8:15PM
196187452,NFL Showdown $25 Double Up (PIT @ CLE),154084,Showdown Captain Mode,25.0,1,11,1,250.0,2026-10-02 00:15:00+00:00,Thu 8:15PM
196187451,NFL Showdown $25 Double Up (PIT @ CLE),154084,Showdown Captain Mode,25.0,1,11,1,250.0,2026-10-02 00:15:00+00:00,Thu 8:15PM
196187418,NFL Showdown $25 Double Up (PIT @ CLE),154084,Showdown Captain Mode,25.0,1,11,1,250.0,2026-10-02 00:15:00+00:00,Thu 8:15PM
196187417,NFL Showdown $25 Double Up (PIT @ CLE),154084,Showdown Captain Mode,25.0,1,11,1,250.0,2026-10-02 00:15:00+00:00,Thu 8:15PM
196187416,NFL Showdown $25 Double Up (PIT @ CLE),154084,Showdown Captain Mode,25.0,1,11,1,250.0,2026-10-02 00:15:00+00:00,Thu 8:15PM
196187415,NFL Showdown $25 Double Up (PIT @ CLE),154084,Showdown Captain Mode,25.0,2,11,1,250.0,2026-10-02 00:15:00+00:00,Thu 8:15PM
196187279,NFL Showdown $25 Double Up (PIT @ CLE),154084,Showdown Captain Mode,25.0,1,11,1,250.0,2026-10-02 00:15:00+00:00,Thu 8:15PM
196187278,NFL Showdown $25 Double Up (PIT @ CLE),154084,Showdown Captain Mode,25.0,1,11,1,250.0,2026-10-02 00:15:00+00:00,Thu 8:15PM
196187277,NFL Showdown $25 Double Up (PIT @ CLE),154084,Showdown Captain Mode,25.0,1,11,1,250.0,2026-10-02 00:15:00+00:00,Thu 8:15PM
196187276,NFL Showdown $25 Double Up (PIT @ CLE),154084,Showdown Captain Mode,25.0,1,11,1,250.0,2026-10-02 00:15:00+00:00,Thu 8:15PM
196187275,NFL Showdown $25 Double Up (PIT @ CLE),154084,Showdown Captain Mode,25.0,1,11,1,250.0,2026-10-02 00:15:00+00:00,Thu 8:15PM
196187579,NFL Showdown $15 Double Up (PIT @ CLE),154084,Showdown Captain Mode,15.0,2,16,1,210.0,2026-10-02 00:15:00+00:00,Thu 8:15PM
196187578,NFL Showdown $15 Double Up (PIT @ CLE),154084,Showdown Captain Mode,15.0,2,16,1,210.0,2026-10-02 00:15:00+00:00,Thu 8:15PM
196187407,NFL Showdown $10 Double Up (PIT @ CLE),154084,Showdown Captain Mode,10.0,3,39,1,340.0,2026-10-02 00:15:00+00:00,Thu 8:15PM
196187577,NFL Showdown $10 Double Up (PIT @ CLE),154084,Showdown Captain Mode,10.0,2,23,1,200.0,2026-10-02 00:15:00+00:00,Thu 8:15PM
196187409,NFL Showdown $10 Double Up (PIT @ CLE),154084,Showdown Captain Mode,10.0,2,23,1,200.0,2026-10-02 00:15:00+00:00,Thu 8:15PM
196187473,NFL Showdown $10 Double Up (PIT @ CLE),154084,Showdown Captain Mode,10.0,2,11,1,100.0,2026-10-02 00:15:00+00:00,Thu 8:15PM
196187472,NFL Showdown $10 Double Up (PIT @ CLE),154084,Showdown Captain Mode,10.0,1,11,1,100.0,2026-10-02 00:15:00+00:00,Thu 8:15PM
196187471,NFL Showdown $10 Double Up (PIT @ CLE),154084,Showdown Captain Mode,10.0,1,11,1,100.0,2026-10-02 00:15:00+00:00,Thu 8:15PM
196187450,NFL Showdown $10 Double Up (PIT @ CLE),154084,Showdown Captain Mode,10.0,1,11,1,100.0,2026-10-02 00:15:00+00:00,Thu 8:15PM
196187449,NFL Showdown $10 Double Up (PIT @ CLE),154084,Showdown Captain Mode,10.0,1,11,1,100.0,2026-10-02 00:15:00+00:00,Thu 8:15PM
196187448,NFL Showdown $10 Double Up (PIT @ CLE),154084,Showdown Captain Mode,10.0,2,11,1,100.0,2026-10-02 00:15:00+00:00,Thu 8:15PM
196187447,NFL Showdown $10 Double Up (PIT @ CLE),154084,Showdown Captain Mode,10.0,1,11,1,100.0,2026-10-02 00:15:00+00:00,Thu 8:15PM
196187373,NFL Showdown $10 Double Up (PIT @ CLE),154084,Showdown Captain Mode,10.0,1,11,1,100.0,2026-10-02 00:15:00+00:00,Thu 8:15PM
196187372,NFL Showdown $10 Double Up (PIT @ CLE),154084,Showdown Captain Mode,10.0,1,11,1,100.0,2026-10-02 00:15:00+00:00,Thu 8:15PM
196187371,NFL Showdown $10 Double Up (PIT @ CLE),154084,Showdown Captain Mode,10.0,2,11,1,100.0,2026-10-02 00:15:00+00:00,Thu 8:15PM
196187370,NFL Showdown $10 Double Up (PIT @ CLE),154084,Showdown Captain Mode,10.0,2,11,1,100.0,2026-10-02 00:15:00+00:00,Thu 8:15PM
196187369,NFL Showdown $10 Double Up (PIT @ CLE),154084,Showdown Captain Mode,10.0,2,11,1,100.0,2026-10-02 00:15:00+00:00,Thu 8:15PM
196187406,NFL Showdown $5 Double Up (PIT @ CLE),154084,Showdown Captain Mode,5.0,2,39,1,170.0,2026-10-02 00:15:00+00:00,Thu 8:15PM
196187405,NFL Showdown $5 Double Up (PIT @ CLE),154084,Showdown Captain Mode,5.0,3,39,1,170.0,2026-10-02 00:15:00+00:00,Thu 8:15PM
196187483,NFL Showdown $5 Double Up (PIT @ CLE),154084,Showdown Captain Mode,5.0,2,23,1,100.0,2026-10-02 00:15:00+00:00,Thu 8:15PM
196187482,NFL Showdown $5 Double Up (PIT @ CLE),154084,Showdown Captain Mode,5.0,1,23,1,100.0,2026-10-02 00:15:00+00:00,Thu 8:15PM
196187481,NFL Showdown $5 Double Up (PIT @ CLE),154084,Showdown Captain Mode,5.0,1,23,1,100.0,2026-10-02 00:15:00+00:00,Thu 8:15PM
196187457,NFL Showdown $5 Double Up (PIT @ CLE),154084,Showdown Captain Mode,5.0,1,23,1,100.0,2026-10-02 00:15:00+00:00,Thu 8:15PM
196187456,NFL Showdown $5 Double Up (PIT @ CLE),154084,Showdown Captain Mode,5.0,1,23,1,100.0,2026-10-02 00:15:00+00:00,Thu 8:15PM
196187455,NFL Showdown $5 Double Up (PIT @ CLE),154084,Showdown Captain Mode,5.0,1,23,1,100.0,2026-10-02 00:15:00+00:00,Thu 8:15PM
196187454,NFL Showdown $5 Double Up (PIT @ CLE),154084,Showdown Captain Mode,5.0,1,23,1,100.0,2026-10-02 00:15:00+00:00,Thu 8:15PM
196187423,NFL Showdown $5 Double Up (PIT @ CLE),154084,Showdown Captain Mode,5.0,1,23,1,100.0,2026-10-02 00:15:00+00:00,Thu 8:15PM
196187422,NFL Showdown $5 Double Up (PIT @ CLE),154084,Showdown Captain Mode,5.0,1,23,1,100.0,2026-10-02 00:15:00+00:00,Thu 8:15PM
196187421,NFL Showdown $5 Double Up (PIT @ CLE),154084,Showdown Captain Mode,5.0,1,23,1,100.0,2026-10-02 00:15:00+00:00,Thu 8:15PM
196187420,NFL Showdown $5 Double Up (PIT @ CLE),154084,Showdown Captain Mode,5.0,1,23,1,100.0,2026-10-02 00:15:00+00:00,Thu 8:15PM
196187419,NFL Showdown $5 Double Up (PIT @ CLE),154084,Showdown Captain Mode,5.0,1,23,1,100.0,2026-10-02 00:15:00+00:00,Thu 8:15PM
196187404,NFL Showdown $3 Double Up (PIT @ CLE),154084,Showdown Captain Mode,3.0,6,62,1,162.0,2026-10-02 00:15:00+00:00,Thu 8:15PM
196187403,NFL Showdown $3 Double Up (PIT @ CLE),154084,Showdown Captain Mode,3.0,3,62,1,162.0,2026-10-02 00:15:00+00:00,Thu 8:15PM
196187402,NFL Showdown $3 Double Up (PIT @ CLE),154084,Showdown Captain Mode,3.0,3,39,1,102.0,2026-10-02 00:15:00+00:00,Thu 8:15PM
196187401,NFL Showdown $3 Double Up (PIT @ CLE),154084,Showdown Captain Mode,3.0,2,39,1,102.0,2026-10-02 00:15:00+00:00,Thu 8:15PM
196187460,NFL Showdown $3 Double Up (PIT @ CLE),154084,Showdown Captain Mode,3.0,3,23,1,60.0,2026-10-02 00:15:00+00:00,Thu 8:15PM
196187459,NFL Showdown $3 Double Up (PIT @ CLE),154084,Showdown Captain Mode,3.0,2,23,1,60.0,2026-10-02 00:15:00+00:00,Thu 8:15PM
196187458,NFL Showdown $3 Double Up (PIT @ CLE),154084,Showdown Captain Mode,3.0,2,23,1,60.0,2026-10-02 00:15:00+00:00,Thu 8:15PM
196187426,NFL Showdown $3 Double Up (PIT @ CLE),154084,Showdown Captain Mode,3.0,2,23,1,60.0,2026-10-02 00:15:00+00:00,Thu 8:15PM
196187425,NFL Showdown $3 Double Up (PIT @ CLE),154084,Showdown Captain Mode,3.0,2,23,1,60.0,2026-10-02 00:15:00+00:00,Thu 8:15PM
196187424,NFL Showdown $3 Double Up (PIT @ CLE),154084,Showdown Captain Mode,3.0,2,23,1,60.0,2026-10-02 00:15:00+00:00,Thu 8:15PM
196187306,NFL Showdown $3 Double Up (PIT @ CLE),154084,Showdown Captain Mode,3.0,2,23,1,60.0,2026-10-02 00:15:00+00:00,Thu 8:15PM
196187305,NFL Showdown $3 Double Up (PIT @ CLE),154084,Showdown Captain Mode,3.0,2,23,1,60.0,2026-10-02 00:15:00+00:00,Thu 8:15PM
196187304,NFL Showdown $3 Double Up (PIT @ CLE),154084,Showdown Captain Mode,3.0,2,23,1,60.0,2026-10-02 00:15:00+00:00,Thu 8:15PM
196187303,NFL Showdown $3 Double Up (PIT @ CLE),154084,Showdown Captain Mode,3.0,2,23,1,60.0,2026-10-02 00:15:00+00:00,Thu 8:15PM
196187302,NFL Showdown $3 Double Up (PIT @ CLE),154084,Showdown Captain Mode,3.0,2,23,1,60.0,2026-10-02 00:15:00+00:00,Thu 8:15PM
196187400,NFL Showdown $1 Double Up (PIT @ CLE),154084,Showdown Captain Mode,1.0,6,62,1,54.0,2026-10-02 00:15:00+00:00,Thu 8:15PM
196187399,NFL Showdown $1 Double Up (PIT @ CLE),154084,Showdown Captain Mode,1.0,3,62,1,54.0,2026-10-02 00:15:00+00:00,Thu 8:15PM
196187398,NFL Showdown $1 Double Up (PIT @ CLE),154084,Showdown Captain Mode,1.0,3,62,1,54.0,2026-10-02 00:15:00+00:00,Thu 8:15PM
196187397,NFL Showdown $1 Double Up (PIT @ CLE),154084,Showdown Captain Mode,1.0,2,62,1,54.0,2026-10-02 00:15:00+00:00,Thu 8:15PM
196187396,NFL Showdown $1 Double Up (PIT @ CLE),154084,Showdown Captain Mode,1.0,2,62,1,54.0,2026-10-02 00:15:00+00:00,Thu 8:15PM
196187395,NFL Showdown $1 Double Up (PIT @ CLE),154084,Showdown Captain Mode,1.0,4,62,1,54.0,2026-10-02 00:15:00+00:00,Thu 8:15PM
196187394,NFL Showdown $1 Double Up (PIT @ CLE),154084,Showdown Captain Mode,1.0,3,62,1,54.0,2026-10-02 00:15:00+00:00,Thu 8:15PM
196187393,NFL Showdown $1 Double Up (PIT @ CLE),154084,Showdown Captain Mode,1.0,3,62,1,54.0,2026-10-02 00:15:00+00:00,Thu 8:15PM
196187392,NFL Showdown $1 Double Up (PIT @ CLE),154084,Showdown Captain Mode,1.0,4,62,1,54.0,2026-10-02 00:15:00+00:00,Thu 8:15PM
196187391,NFL Showdown $1 Double Up (PIT @ CLE),154084,Showdown Captain Mode,1.0,3,62,1,54.0,2026-10-02 00:15:00+00:00,Thu 8:15PM
196187390,NFL Showdown $1 Double Up (PIT @ CLE),154084,Showdown Captain Mode,1.0,3,62,1,54.0,2026-10-02 00:15:00+00:00,Thu 8:15PM
196187389,NFL Showdown $1 Double Up (PIT @ CLE),154084,Showdown Captain Mode,1.0,3,62,1,54.0,2026-10-02 00:15:00+00:00,Thu 8:15PM
196187388,NFL Showdown $1 Double Up (PIT @ CLE),154084,Showdown Captain Mode,1.0,4,62,1,54.0,2026-10-02 00:15:00+00:00,Thu 8:15PM
196187387,NFL Showdown $1 Double Up (PIT @ CLE),154084,Showdown Captain Mode,1.0,4,62,1,54.0,2026-10-02 00:15:00+00:00,Thu 8:15PM
196187386,NFL Showdown $1 Double Up (PIT @ CLE),154084,Showdown Captain Mode,1.0,3,62,1,54.0,2026-10-02 00:15:00+00:00,Thu 8:15PM
196187385,NFL Showdown $1 Double Up (PIT @ CLE),154084,Showdown Captain Mode,1.0,2,39,1,34.0,2026-10-02 00:15:00+00:00,Thu 8:15PM
196187384,NFL Showdown $1 Double Up (PIT @ CLE),154084,Showdown Captain Mode,1.0,2,39,1,34.0,2026-10-02 00:15:00+00:00,Thu 8:15PM
196187383,NFL Showdown $1 Double Up (PIT @ CLE),154084,Showdown Captain Mode,1.0,2,39,1,34.0,2026-10-02 00:15:00+00:00,Thu 8:15PM
196187382,NFL Showdown $1 Double Up (PIT @ CLE),154084,Showdown Captain Mode,1.0,2,39,1,34.0,2026-10-02 00:15:00+00:00,Thu 8:15PM
196187381,NFL Showdown $1 Double Up (PIT @ CLE),154084,Showdown Captain Mode,1.0,2,39,1,34.0,2026-10-02 00:15:00+00:00,Thu 8:15PM
196187380,NFL Showdown $1 Double Up (PIT @ CLE),154084,Showdown Captain Mode,1.0,2,39,1,34.0,2026-10-02 00:15:00+00:00,Thu 8:15PM
196187379,NFL Showdown $1 Double Up (PIT @ CLE),154084,Showdown Captain Mode,1.0,2,39,1,34.0,2026-10-02 00:15:00+00:00,Thu 8:15PM
196187378,NFL Showdown $1 Double Up (PIT @ CLE),154084,Showdown Captain Mode,1.0,2,39,1,34.0,2026-10-02 00:15:00+00:00,Thu 8:15PM
196187377,NFL Showdown $1 Double Up (PIT @ CLE),154084,Showdown Captain Mode,1.0,2,39,1,34.0,2026-10-02 00:15:00+00:00,Thu 8:15PM
196187376,NFL Showdown $1 Double Up (PIT @ CLE),154084,Showdown Captain Mode,1.0,2,39,1,34.0,2026-10-02 00:15:00+00:00,Thu 8:15PM
196187375,NFL Showdown $1 Double Up (PIT @ CLE),154084,Showdown Captain Mode,1.0,2,39,1,34.0,2026-10-02 00:15:00+00:00,Thu 8:15PM
196187374,NFL Showdown $1 Double Up (PIT @ CLE),154084,Showdown Captain Mode,1.0,2,39,1,34.0,2026-10-02 00:15:00+00:00,Thu 8:15PM
196187470,NFL Showdown $1 Double Up (PIT @ CLE),154084,Showdown Captain Mode,1.0,2,23,1,20.0,2026-10-02 00:15:00+00:00,Thu 8:15PM
196187469,NFL Showdown $1 Double Up (PIT @ CLE),154084,Showdown Captain Mode,1.0,2,23,1,20.0,2026-10-02 00:15:00+00:00,Thu 8:15PM
196187468,NFL Showdown $1 Double Up (PIT @ CLE),154084,Showdown Captain Mode,1.0,2,23,1,20.0,2026-10-02 00:15:00+00:00,Thu 8:15PM
196187467,NFL Showdown $1 Double Up (PIT @ CLE),154084,Showdown Captain Mode,1.0,2,23,1,20.0,2026-10-02 00:15:00+00:00,Thu 8:15PM
196187466,NFL Showdown $1 Double Up (PIT @ CLE),154084,Showdown Captain Mode,1.0,2,23,1,20.0,2026-10-02 00:15:00+00:00,Thu 8:15PM
196187465,NFL Showdown $1 Double Up (PIT @ CLE),154084,Showdown Captain Mode,1.0,2,23,1,20.0,2026-10-02 00:15:00+00:00,Thu 8:15PM
196187464,NFL Showdown $1 Double Up (PIT @ CLE),154084,Showdown Captain Mode,1.0,2,23,1,20.0,2026-10-02 00:15:00+00:00,Thu 8:15PM
196187463,NFL Showdown $1 Double Up (PIT @ CLE),154084,Showdown Captain Mode,1.0,2,23,1,20.0,2026-10-02 00:15:00+00:00,Thu 8:15PM
196187462,NFL Showdown $1 Double Up (PIT @ CLE),154084,Showdown Captain Mode,1.0,2,23,1,20.0,2026-10-02 00:15:00+00:00,Thu 8:15PM
196187461,NFL Showdown $1 Double Up (PIT @ CLE),154084,Showdown Captain Mode,1.0,2,23,1,20.0,2026-10-02 00:15:00+00:00,Thu 8:15PM
196187446,NFL Showdown $1 Double Up (PIT @ CLE),154084,Showdown Captain Mode,1.0,2,23,1,20.0,2026-10-02 00:15:00+00:00,Thu 8:15PM
196187445,NFL Showdown $1 Double Up (PIT @ CLE),154084,Showdown Captain Mode,1.0,2,23,1,20.0,2026-10-02 00:15:00+00:00,Thu 8:15PM
196187444,NFL Showdown $1 Double Up (PIT @ CLE),154084,Showdown Captain Mode,1.0,2,23,1,20.0,2026-10-02 00:15:00+00:00,Thu 8:15PM
196187443,NFL Showdown $1 Double Up (PIT @ CLE),154084,Showdown Captain Mode,1.0,2,23,1,20.0,2026-10-02 00:15:00+00:00,Thu 8:15PM
196187442,NFL Showdown $1 Double Up (PIT @ CLE),154084,Showdown Captain Mode,1.0,2,23,1,20.0,2026-10-02 00:15:00+00:00,Thu 8:15PM
196187441,NFL Showdown $1 Double Up (PIT @ CLE),154084,Showdown Captain Mode,1.0,2,23,1,20.0,2026-10-02 00:15:00+00:00,Thu 8:15PM
196187440,NFL Showdown $1 Double Up (PIT @ CLE),154084,Showdown Captain Mode,1.0,2,23,1,20.0,2026-10-02 00:15:00+00:00,Thu 8:15PM
196187439,NFL Showdown $1 Double Up (PIT @ CLE),154084,Showdown Captain Mode,1.0,2,23,1,20.0,2026-10-02 00:15:00+00:00,Thu 8:15PM
196187438,NFL Showdown $1 Double Up (PIT @ CLE),154084,Showdown Captain Mode,1.0,2,23,1,20.0,2026-10-02 00:15:00+00:00,Thu 8:15PM
196187437,NFL Showdown $1 Double Up (PIT @ CLE),154084,Showdown Captain Mode,1.0,2,23,1,20.0,2026-10-02 00:15:00+00:00,Thu 8:15PM
196187436,NFL Showdown $1 Double Up (PIT @ CLE),154084,Showdown Captain Mode,1.0,2,23,1,20.0,2026-10-02 00:15:00+00:00,Thu 8:15PM
196187435,NFL Showdown $1 Double Up (PIT @ CLE),154084,Showdown Captain Mode,1.0,2,23,1,20.0,2026-10-02 00:15:00+00:00,Thu 8:15PM
196187434,NFL Showdown $1 Double Up (PIT @ CLE),154084,Showdown Captain Mode,1.0,2,23,1,20.0,2026-10-02 00:15:00+00:00,Thu 8:15PM
196187433,NFL Showdown $1 Double Up (PIT @ CLE),154084,Showdown Captain Mode,1.0,2,23,1,20.0,2026-10-02 00:15:00+00:00,Thu 8:15PM
196187432,NFL Showdown $1 Double Up (PIT @ CLE),154084,Showdown Captain Mode,1.0,2,23,1,20.0,2026-10-02 00:15:00+00:00,Thu 8:15PM
196187431,NFL Showdown $1 Double Up (PIT @ CLE),154084,Showdown Captain Mode,1.0,2,23,1,20.0,2026-10-02 00:15:00+00:00,Thu 8:15PM
196187430,NFL Showdown $1 Double Up (PIT @ CLE),154084,Showdown Captain Mode,1.0,2,23,1,20.0,2026-10-02 00:15:00+00:00,Thu 8:15PM
196187429,NFL Showdown $1 Double Up (PIT @ CLE),154084,Showdown Captain Mode,1.0,2,23,1,20.0,2026-10-02 00:15:00+00:00,Thu 8:15PM
196187428,NFL Showdown $1 Double Up (PIT @ CLE),154084,Showdown Captain Mode,1.0,2,23,1,20.0,2026-10-02 00:15:00+00:00,Thu 8:15PM
196187427,NFL Showdown $1 Double Up (PIT @ CLE),154084,Showdown Captain Mode,1.0,2,23,1,20.0,2026-10-02 00:15:00+00:00,Thu 8:15PM
196187331,NFL Showdown $1 Double Up (PIT @ CLE),154084,Showdown Captain Mode,1.0,3,23,1,20.0,2026-10-02 00:15:00+00:00,Thu 8:15PM
196187330,NFL Showdown $1 Double Up (PIT @ CLE),154084,Showdown Captain Mode,1.0,2,23,1,20.0,2026-10-02 00:15:00+00:00,Thu 8:15PM
196187329,NFL Showdown $1 Double Up (PIT @ CLE),154084,Showdown Captain Mode,1.0,2,23,1,20.0,2026-10-02 00:15:00+00:00,Thu 8:15PM
196187328,NFL Showdown $1 Double Up (PIT @ CLE),154084,Showdown Captain Mode,1.0,2,23,1,20.0,2026-10-02 00:15:00+00:00,Thu 8:15PM
196187327,NFL Showdown $1 Double Up (PIT @ CLE),154084,Showdown Captain Mode,1.0,2,23,1,20.0,2026-10-02 00:15:00+00:00,Thu 8:15PM
196187326,NFL Showdown $1 Double Up (PIT @ CLE),154084,Showdown Captain Mode,1.0,2,23,1,20.0,2026-10-02 00:15:00+00:00,Thu 8:15PM
196187325,NFL Showdown $1 Double Up (PIT @ CLE),154084,Showdown Captain Mode,1.0,2,23,1,20.0,2026-10-02 00:15:00+00:00,Thu 8:15PM
196187324,NFL Showdown $1 Double Up (PIT @ CLE),154084,Showdown Captain Mode,1.0,2,23,1,20.0,2026-10-02 00:15:00+00:00,Thu 8:15PM
196187323,NFL Showdown $1 Double Up (PIT @ CLE),154084,Showdown Captain Mode,1.0,2,23,1,20.0,2026-10-02 00:15:00+00:00,Thu 8:15PM
196187322,NFL Showdown $1 Double Up (PIT @ CLE),154084,Showdown Captain Mode,1.0,2,23,1,20.0,2026-10-02 00:15:00+00:00,Thu 8:15PM
196187321,NFL Showdown $1 Double Up (PIT @ CLE),154084,Showdown Captain Mode,1.0,2,23,1,20.0,2026-10-02 00:15:00+00:00,Thu 8:15PM
196187320,NFL Showdown $1 Double Up (PIT @ CLE),154084,Showdown Captain Mode,1.0,2,23,1,20.0,2026-10-02 00:15:00+00:00,Thu 8:15PM
196187319,NFL Showdown $1 Double Up (PIT @ CLE),154084,Showdown Captain Mode,1.0,2,23,1,20.0,2026-10-02 00:15:00+00:00,Thu 8:15PM
196187318,NFL Showdown $1 Double Up (PIT @ CLE),154084,Showdown Captain Mode,1.0,2,23,1,20.0,2026-10-02 00:15:00+00:00,Thu 8:15PM
196187317,NFL Showdown $1 Double Up (PIT @ CLE),154084,Showdown Captain Mode,1.0,2,23,1,20.0,2026-10-02 00:15:00+00:00,Thu 8:15PM
196187316,NFL Showdown $1 Double Up (PIT @ CLE),154084,Showdown Captain Mode,1.0,2,23,1,20.0,2026-10-02 00:15:00+00:00,Thu 8:15PM
196187315,NFL Showdown $1 Double Up (PIT @ CLE),154084,Showdown Captain Mode,1.0,2,23,1,20.0,2026-10-02 00:15:00+00:00,Thu 8:15PM
196187314,NFL Showdown $1 Double Up (PIT @ CLE),154084,Showdown Captain Mode,1.0,2,23,1,20.0,2026-10-02 00:15:00+00:00,Thu 8:15PM
196187313,NFL Showdown $1 Double Up (PIT @ CLE),154084,Showdown Captain Mode,1.0,2,23,1,20.0,2026-10-02 00:15:00+00:00,Thu 8:15PM
196187312,NFL Showdown $1 Double Up (PIT @ CLE),154084,Showdown Captain Mode,1.0,2,23,1,20.0,2026-10-02 00:15:00+00:00,Thu 8:15PM
196187311,NFL Showdown $1 Double Up (PIT @ CLE),154084,Showdown Captain Mode,1.0,2,23,1,20.0,2026-10-02 00:15:00+00:00,Thu 8:15PM
196187310,NFL Showdown $1 Double Up (PIT @ CLE),154084,Showdown Captain Mode,1.0,2,23,1,20.0,2026-10-02 00:15:00+00:00,Thu 8:15PM
196187309,NFL Showdown $1 Double Up (PIT @ CLE),154084,Showdown Captain Mode,1.0,2,23,1,20.0,2026-10-02 00:15:00+00:00,Thu 8:15PM
196187308,NFL Showdown $1 Double Up (PIT @ CLE),154084,Showdown Captain Mode,1.0,2,23,1,20.0,2026-10-02 00:15:00+00:00,Thu 8:15PM
196187307,NFL Showdown $1 Double Up (PIT @ CLE),154084,Showdown Captain Mode,1.0,2,23,1,20.0,2026-10-02 00:15:00+00:00,Thu 8:15PM
196194999,NFL Showdown FREE 100-Player (PIT @ CLE),154084,Showdown Captain Mode,0.0,63,100,1,0.0,2026-10-02 00:15:00+00:00,Thu 8:15PM
196195005,NFL Showdown FREE 75-Player (PIT @ CLE),154084,Showdown Captain Mode,0.0,24,75,1,0.0,2026-10-02 00:15:00+00:00,Thu 8:15PM
196195002,NFL Showdown FREE 40-Player (PIT @ CLE),154084,Showdown Captain Mode,0.0,20,40,1,0.0,2026-10-02 00:15:00+00:00,Thu 8:15PM
196195001,NFL Showdown FREE 25-Player (PIT @ CLE),154084,Showdown Captain Mode,0.0,19,25,1,0.0,2026-10-02 00:15:00+00:00,Thu 8:15PM
196197594,NFL Showdown FREE 20-Player (PIT @ CLE) x14,154084,Showdown Captain Mode,0.0,8,20,1,0.0,2026-10-02 00:15:00+00:00,Thu 8:15PM
196197597,NFL Showdown FREE 10-Player (PIT @ CLE) x25,154084,Showdown Captain Mode,0.0,9,10,1,0.0,2026-10-02 00:15:00+00:00,Thu 8:15PM
196186696,NFL Satellite to $20 NFL Fantasy Football Millionaire (Thu-Mon),154077,Classic,2.0,4,11,1,20.0,2026-10-02 00:15:00+00:00,Thu 8:15PM
196186695,NFL Satellite to $20 NFL Fantasy Football Millionaire (Thu-Mon),154077,Classic,2.0,3,11,1,20.0,2026-10-02 00:15:00+00:00,Thu 8:15PM
196186694,NFL Satellite to $20 NFL Fantasy Football Millionaire (Thu-Mon),154077,Classic,2.0,3,11,1,20.0,2026-10-02 00:15:00+00:00,Thu 8:15PM
196186699,NFL Satellite to $20 NFL Fantasy Football Millionaire (Thu-Mon),154077,Classic,1.0,7,23,1,20.0,2026-10-02 00:15:00+00:00,Thu 8:15PM
196186698,NFL Satellite to $20 NFL Fantasy Football Millionaire (Thu-Mon),154077,Classic,1.0,2,23,1,20.0,2026-10-02 00:15:00+00:00,Thu 8:15PM
196186697,NFL Satellite to $20 NFL Fantasy Football Millionaire (Thu-Mon),154077,Classic,1.0,3,23,1,20.0,2026-10-02 00:15:00+00:00,Thu 8:15PM
196186701,NFL Satellite to $20 NFL Fantasy Football Millionaire (Thu-Mon),154077,Classic,0.25,12,95,2,20.0,2026-10-02 00:15:00+00:00,Thu 8:15PM
196186700,NFL Satellite to $20 NFL Fantasy Football Millionaire (Thu-Mon),154077,Classic,0.25,12,95,2,20.0,2026-10-02 00:15:00+00:00,Thu 8:15PM
196186703,NFL Satellite to $20 NFL Fantasy Football Millionaire (Thu-Mon),154077,Classic,0.1,32,237,7,20.0,2026-10-02 00:15:00+00:00,Thu 8:15PM
196186702,NFL Satellite to $20 NFL Fantasy Football Millionaire (Thu-Mon),154077,Classic,0.1,39,237,7,20.0,2026-10-02 00:15:00+00:00,Thu 8:15PM
196186690,NFL $1 Contest (Thu-Mon),154077,Classic,1.0,18,118,3,100.0,2026-10-02 00:15:00+00:00,Thu 8:15PM
196186689,NFL $1 Contest (Thu-Mon),154077,Classic,1.0,15,118,3,100.0,2026-10-02 00:15:00+00:00,Thu 8:15PM
196186648,NFL 10x Booster [Top 3 Win $100] (Thu-Mon),154077,Classic,10.0,6,35,1,300.0,2026-10-02 00:15:00+00:00,Thu 8:15PM
196186642,NFL 10x Booster [Top 3 Win $50] (Thu-Mon),154077,Classic,5.0,3,35,1,150.0,2026-10-02 00:15:00+00:00,Thu 8:15PM
196186641,NFL 10x Booster [Top 3 Win $50] (Thu-Mon),154077,Classic,5.0,4,35,1,150.0,2026-10-02 00:15:00+00:00,Thu 8:15PM
196186640,NFL 10x Booster [Top 3 Win $20] (Thu-Mon),154077,Classic,2.0,6,35,1,60.0,2026-10-02 00:15:00+00:00,Thu 8:15PM
196186639,NFL 10x Booster [Top 3 Win $20] (Thu-Mon),154077,Classic,2.0,10,35,1,60.0,2026-10-02 00:15:00+00:00,Thu 8:15PM
196186638,NFL 10x Booster [Top 3 Win $20] (Thu-Mon),154077,Classic,2.0,6,35,1,60.0,2026-10-02 00:15:00+00:00,Thu 8:15PM
196186682,NFL $5 Quintuple Up [Top 5 Win $25] (Thu-Mon),154077,Classic,5.0,6,28,1,125.0,2026-10-02 00:15:00+00:00,Thu 8:15PM
196186681,NFL $5 Quintuple Up [Top 5 Win $25] (Thu-Mon),154077,Classic,5.0,4,28,1,125.0,2026-10-02 00:15:00+00:00,Thu 8:15PM
196186680,NFL $1 Quintuple Up [Top 5 Win $5] (Thu-Mon),154077,Classic,1.0,5,28,1,25.0,2026-10-02 00:15:00+00:00,Thu 8:15PM
196186679,NFL $1 Quintuple Up [Top 5 Win $5] (Thu-Mon),154077,Classic,1.0,6,28,1,25.0,2026-10-02 00:15:00+00:00,Thu 8:15PM
196186678,NFL $1 Quintuple Up [Top 5 Win $5] (Thu-Mon),154077,Classic,1.0,7,28,1,25.0,2026-10-02 00:15:00+00:00,Thu 8:15PM
196186677,NFL $10 Triple Up [Top 9 Win $30] (Thu-Mon),154077,Classic,10.0,3,31,1,270.0,2026-10-02 00:15:00+00:00,Thu 8:15PM
196186676,NFL $5 Triple Up [Top 9 Win $15] (Thu-Mon),154077,Classic,5.0,2,31,1,135.0,2026-10-02 00:15:00+00:00,Thu 8:15PM
196186675,NFL $5 Triple Up [Top 9 Win $15] (Thu-Mon),154077,Classic,5.0,3,31,1,135.0,2026-10-02 00:15:00+00:00,Thu 8:15PM
196186674,NFL $1 Triple Up [Top 9 Win $3] (Thu-Mon),154077,Classic,1.0,9,31,1,27.0,2026-10-02 00:15:00+00:00,Thu 8:15PM
196186673,NFL $1 Triple Up [Top 9 Win $3] (Thu-Mon),154077,Classic,1.0,5,31,1,27.0,2026-10-02 00:15:00+00:00,Thu 8:15PM
196186672,NFL $1 Triple Up [Top 9 Win $3] (Thu-Mon),154077,Classic,1.0,5,31,1,27.0,2026-10-02 00:15:00+00:00,Thu 8:15PM
196186671,NFL $1 Triple Up [Top 9 Win $3] (Thu-Mon),154077,Classic,1.0,4,31,1,27.0,2026-10-02 00:15:00+00:00,Thu 8:15PM
196186670,NFL $1 Triple Up [Top 9 Win $3] (Thu-Mon),154077,Classic,1.0,6,31,1,27.0,2026-10-02 00:15:00+00:00,Thu 8:15PM
196186649,NFL $50 Double Up (Thu-Mon),154077,Classic,50.0,3,11,1,500.0,2026-10-02 00:15:00+00:00,Thu 8:15PM
196186643,NFL $25 Double Up (Thu-Mon),154077,Classic,25.0,4,22,1,500.0,2026-10-02 00:15:00+00:00,Thu 8:15PM
196186669,NFL $25 Double Up (Thu-Mon),154077,Classic,25.0,3,11,1,250.0,2026-10-02 00:15:00+00:00,Thu 8:15PM
196186668,NFL $25 Double Up (Thu-Mon),154077,Classic,25.0,4,11,1,250.0,2026-10-02 00:15:00+00:00,Thu 8:15PM
196186647,NFL $25 Double Up (Thu-Mon),154077,Classic,25.0,3,11,1,250.0,2026-10-02 00:15:00+00:00,Thu 8:15PM
196186646,NFL $25 Double Up (Thu-Mon),154077,Classic,25.0,3,11,1,250.0,2026-10-02 00:15:00+00:00,Thu 8:15PM
196186645,NFL $25 Double Up (Thu-Mon),154077,Classic,25.0,3,11,1,250.0,2026-10-02 00:15:00+00:00,Thu 8:15PM
196186644,NFL $25 Double Up (Thu-Mon),154077,Classic,25.0,3,11,1,250.0,2026-10-02 00:15:00+00:00,Thu 8:15PM
196186651,NFL $10 Double Up (Thu-Mon),154077,Classic,10.0,4,23,1,200.0,2026-10-02 00:15:00+00:00,Thu 8:15PM
196186650,NFL $10 Double Up (Thu-Mon),154077,Classic,10.0,4,23,1,200.0,2026-10-02 00:15:00+00:00,Thu 8:15PM
196186666,NFL $10 Double Up (Thu-Mon),154077,Classic,10.0,4,23,1,200.0,2026-10-02 00:15:00+00:00,Thu 8:15PM
196186665,NFL $10 Double Up (Thu-Mon),154077,Classic,10.0,4,23,1,200.0,2026-10-02 00:15:00+00:00,Thu 8:15PM
196186667,NFL $10 Double Up (Thu-Mon),154077,Classic,10.0,3,11,1,100.0,2026-10-02 00:15:00+00:00,Thu 8:15PM
196186683,NFL $5 Double Up (Thu-Mon),154077,Classic,5.0,4,39,1,170.0,2026-10-02 00:15:00+00:00,Thu 8:15PM
196186664,NFL $5 Double Up (Thu-Mon),154077,Classic,5.0,3,23,1,100.0,2026-10-02 00:15:00+00:00,Thu 8:15PM
196186663,NFL $5 Double Up (Thu-Mon),154077,Classic,5.0,3,23,1,100.0,2026-10-02 00:15:00+00:00,Thu 8:15PM
196186656,NFL $5 Double Up (Thu-Mon),154077,Classic,5.0,3,23,1,100.0,2026-10-02 00:15:00+00:00,Thu 8:15PM
196186655,NFL $5 Double Up (Thu-Mon),154077,Classic,5.0,3,23,1,100.0,2026-10-02 00:15:00+00:00,Thu 8:15PM
196186654,NFL $5 Double Up (Thu-Mon),154077,Classic,5.0,3,23,1,100.0,2026-10-02 00:15:00+00:00,Thu 8:15PM
196186653,NFL $5 Double Up (Thu-Mon),154077,Classic,5.0,3,23,1,100.0,2026-10-02 00:15:00+00:00,Thu 8:15PM
196186652,NFL $5 Double Up (Thu-Mon),154077,Classic,5.0,3,23,1,100.0,2026-10-02 00:15:00+00:00,Thu 8:15PM
196186659,NFL $3 Double Up (Thu-Mon),154077,Classic,3.0,4,23,1,60.0,2026-10-02 00:15:00+00:00,Thu 8:15PM
196186658,NFL $3 Double Up (Thu-Mon),154077,Classic,3.0,4,23,1,60.0,2026-10-02 00:15:00+00:00,Thu 8:15PM
196186657,NFL $3 Double Up (Thu-Mon),154077,Classic,3.0,4,23,1,60.0,2026-10-02 00:15:00+00:00,Thu 8:15PM
196186684,NFL $1 Double Up (Thu-Mon),154077,Classic,1.0,14,62,1,54.0,2026-10-02 00:15:00+00:00,Thu 8:15PM
196186687,NFL $1 Double Up (Thu-Mon),154077,Classic,1.0,8,39,1,34.0,2026-10-02 00:15:00+00:00,Thu 8:15PM
196186686,NFL $1 Double Up (Thu-Mon),154077,Classic,1.0,7,39,1,34.0,2026-10-02 00:15:00+00:00,Thu 8:15PM
196186685,NFL $1 Double Up (Thu-Mon),154077,Classic,1.0,7,39,1,34.0,2026-10-02 00:15:00+00:00,Thu 8:15PM
196186693,NFL $1 Double Up (Thu-Mon),154077,Classic,1.0,5,23,1,20.0,2026-10-02 00:15:00+00:00,Thu 8:15PM
196186692,NFL $1 Double Up (Thu-Mon),154077,Classic,1.0,5,23,1,20.0,2026-10-02 00:15:00+00:00,Thu 8:15PM
196186691,NFL $1 Double Up (Thu-Mon),154077,Classic,1.0,5,23,1,20.0,2026-10-02 00:15:00+00:00,Thu 8:15PM
196186662,NFL $1 Double Up (Thu-Mon),154077,Classic,1.0,4,23,1,20.0,2026-10-02 00:15:00+00:00,Thu 8:15PM
196186661,NFL $1 Double Up (Thu-Mon),154077,Classic,1.0,4,23,1,20.0,2026-10-02 00:15:00+00:00,Thu 8:15PM
196186660,NFL $1 Double Up (Thu-Mon),154077,Classic,1.0,5,23,1,20.0,2026-10-02 00:15:00+00:00,Thu 8:15PM
196186592,NFL FREE 100-Player (Thu-Mon),154077,Classic,0.0,73,100,1,0.0,2026-10-02 00:15:00+00:00,Thu 8:15PM
196187803,NFL FREE 50-Player (Thu-Mon),154077,Classic,0.0,34,50,1,0.0,2026-10-02 00:15:00+00:00,Thu 8:15PM
196186070,NFL Single Stat $20 10-Player [Top 2 Win] (PIT @ CLE Total Yards),154115,Single Stat - Total Yards,20.0,1,10,1,180.0,2026-10-02 00:15:00+00:00,Thu 8:15PM
196186069,NFL Single Stat $10 10-Player [Top 2 Win] (PIT @ CLE Total Yards),154115,Single Stat - Total Yards,10.0,1,10,1,90.0,2026-10-02 00:15:00+00:00,Thu 8:15PM
196186068,NFL Single Stat $5 10-Player [Top 2 Win] (PIT @ CLE Total Yards),154115,Single Stat - Total Yards,5.0,2,10,1,45.0,2026-10-02 00:15:00+00:00,Thu 8:15PM
196186067,NFL Single Stat $2 10-Player [Top 2 Win] (PIT @ CLE Total Yards),154115,Single Stat - Total Yards,2.0,1,10,1,18.0,2026-10-02 00:15:00+00:00,Thu 8:15PM
196186066,NFL Single Stat $2 10-Player [Top 2 Win] (PIT @ CLE Total Yards),154115,Single Stat - Total Yards,2.0,1,10,1,18.0,2026-10-02 00:15:00+00:00,Thu 8:15PM
196186065,NFL Single Stat $1 10-Player [Top 2 Win] (PIT @ CLE Total Yards),154115,Single Stat - Total Yards,1.0,2,10,1,9.0,2026-10-02 00:15:00+00:00,Thu 8:15PM
196186064,NFL Single Stat $1 10-Player [Top 2 Win] (PIT @ CLE Total Yards),154115,Single Stat - Total Yards,1.0,1,10,1,9.0,2026-10-02 00:15:00+00:00,Thu 8:15PM
196170396,NFL $5K Mini Gridiron,154078,Classic,27.0,7,215,6,5000.0,2026-10-04 17:00:00+00:00,Sun 1:00PM
196170026,NFL $5K Mini Hail Mary,154078,Classic,12.0,3,490,14,5000.0,2026-10-04 17:00:00+00:00,Sun 1:00PM
196170035,NFL $5K Mini Slant,154078,Classic,9.0,4,653,19,5000.0,2026-10-04 17:00:00+00:00,Sun 1:00PM
196170250,NFL $5K Mini Flea Flicker,154078,Classic,5.0,4,1189,35,5000.0,2026-10-04 17:00:00+00:00,Sun 1:00PM
196170351,NFL $5K Mini Play-Action,154078,Classic,3.0,69,1981,20,5000.0,2026-10-04 17:00:00+00:00,Sun 1:00PM
196170473,NFL $4K Mini First Down,154078,Classic,1.0,206,4756,20,4000.0,2026-10-04 17:00:00+00:00,Sun 1:00PM
196170406,NFL $250 Dime Package [Just $0.10!],154078,Classic,0.1,447,2972,20,250.0,2026-10-04 17:00:00+00:00,Sun 1:00PM
196170405,NFL $250 Dime Package [Just $0.10!],154078,Classic,0.1,315,2972,20,250.0,2026-10-04 17:00:00+00:00,Sun 1:00PM
196170404,NFL $250 Dime Package [Just $0.10!],154078,Classic,0.1,288,2972,20,250.0,2026-10-04 17:00:00+00:00,Sun 1:00PM
196170403,NFL $250 Dime Package [Just $0.10!],154078,Classic,0.1,274,2972,20,250.0,2026-10-04 17:00:00+00:00,Sun 1:00PM
196170402,NFL $250 Dime Package [Just $0.10!],154078,Classic,0.1,251,2972,20,250.0,2026-10-04 17:00:00+00:00,Sun 1:00PM
196170401,NFL $250 Dime Package [Just $0.10!],154078,Classic,0.1,185,2972,20,250.0,2026-10-04 17:00:00+00:00,Sun 1:00PM
196170400,NFL $250 Dime Package [Just $0.10!],154078,Classic,0.1,205,2972,20,250.0,2026-10-04 17:00:00+00:00,Sun 1:00PM
196170399,NFL $250 Dime Package [Just $0.10!],154078,Classic,0.1,204,2972,20,250.0,2026-10-04 17:00:00+00:00,Sun 1:00PM
196170398,NFL $250 Dime Package [Just $0.10!],154078,Classic,0.1,206,2972,20,250.0,2026-10-04 17:00:00+00:00,Sun 1:00PM
196170397,NFL $250 Dime Package [Just $0.10!],154078,Classic,0.1,202,2972,20,250.0,2026-10-04 17:00:00+00:00,Sun 1:00PM
196170705,NFL SUPERSat to $20 NFL Fantasy Football Millionaire [4x],154078,Classic,4.0,8,23,1,80.0,2026-10-04 17:00:00+00:00,Sun 1:00PM
196170704,NFL SUPERSat to $20 NFL Fantasy Football Millionaire [4x],154078,Classic,4.0,7,23,1,80.0,2026-10-04 17:00:00+00:00,Sun 1:00PM
196170703,NFL SUPERSat to $20 NFL Fantasy Football Millionaire [4x],154078,Classic,4.0,7,23,1,80.0,2026-10-04 17:00:00+00:00,Sun 1:00PM
196170702,NFL SUPERSat to $20 NFL Fantasy Football Millionaire [2x],154078,Classic,0.25,18,190,5,40.0,2026-10-04 17:00:00+00:00,Sun 1:00PM
196170701,NFL SUPERSat to $20 NFL Fantasy Football Millionaire [2x],154078,Classic,0.25,15,190,5,40.0,2026-10-04 17:00:00+00:00,Sun 1:00PM
196170700,NFL SUPERSat to $20 NFL Fantasy Football Millionaire [2x],154078,Classic,0.25,15,190,5,40.0,2026-10-04 17:00:00+00:00,Sun 1:00PM
196170699,NFL SUPERSat to $20 NFL Fantasy Football Millionaire [2x],154078,Classic,0.25,15,190,5,40.0,2026-10-04 17:00:00+00:00,Sun 1:00PM
196170698,NFL SUPERSat to $20 NFL Fantasy Football Millionaire [2x],154078,Classic,0.25,15,190,5,40.0,2026-10-04 17:00:00+00:00,Sun 1:00PM
196170697,NFL SUPERSat to $20 NFL Fantasy Football Millionaire [2x],154078,Classic,0.25,15,190,5,40.0,2026-10-04 17:00:00+00:00,Sun 1:00PM
196170696,NFL SUPERSat to $20 NFL Fantasy Football Millionaire [2x],154078,Classic,0.25,15,190,5,40.0,2026-10-04 17:00:00+00:00,Sun 1:00PM
196170695,NFL SUPERSat to $20 NFL Fantasy Football Millionaire [2x],154078,Classic,0.25,14,190,5,40.0,2026-10-04 17:00:00+00:00,Sun 1:00PM
196170694,NFL SUPERSat to $20 NFL Fantasy Football Millionaire [2x],154078,Classic,0.25,14,190,5,40.0,2026-10-04 17:00:00+00:00,Sun 1:00PM
196170693,NFL SUPERSat to $20 NFL Fantasy Football Millionaire [2x],154078,Classic,0.25,14,190,5,40.0,2026-10-04 17:00:00+00:00,Sun 1:00PM
196170692,NFL SUPERSat to $20 NFL Fantasy Football Millionaire [2x],154078,Classic,0.25,15,190,5,40.0,2026-10-04 17:00:00+00:00,Sun 1:00PM
196170691,NFL SUPERSat to $20 NFL Fantasy Football Millionaire [2x],154078,Classic,0.25,14,190,5,40.0,2026-10-04 17:00:00+00:00,Sun 1:00PM
196170690,NFL SUPERSat to $20 NFL Fantasy Football Millionaire [2x],154078,Classic,0.25,15,190,5,40.0,2026-10-04 17:00:00+00:00,Sun 1:00PM
196170689,NFL SUPERSat to $20 NFL Fantasy Football Millionaire [2x],154078,Classic,0.25,14,190,5,40.0,2026-10-04 17:00:00+00:00,Sun 1:00PM
196170688,NFL SUPERSat to $20 NFL Fantasy Football Millionaire [2x],154078,Classic,0.25,14,190,5,40.0,2026-10-04 17:00:00+00:00,Sun 1:00PM
196170587,NFL Satellite to $20 NFL Fantasy Football Millionaire,154078,Classic,2.0,3,11,1,20.0,2026-10-04 17:00:00+00:00,Sun 1:00PM
196170586,NFL Satellite to $20 NFL Fantasy Football Millionaire,154078,Classic,2.0,2,11,1,20.0,2026-10-04 17:00:00+00:00,Sun 1:00PM
196170585,NFL Satellite to $20 NFL Fantasy Football Millionaire,154078,Classic,2.0,3,11,1,20.0,2026-10-04 17:00:00+00:00,Sun 1:00PM
196170584,NFL Satellite to $20 NFL Fantasy Football Millionaire,154078,Classic,2.0,3,11,1,20.0,2026-10-04 17:00:00+00:00,Sun 1:00PM
196170583,NFL Satellite to $20 NFL Fantasy Football Millionaire,154078,Classic,2.0,3,11,1,20.0,2026-10-04 17:00:00+00:00,Sun 1:00PM
196170582,NFL Satellite to $20 NFL Fantasy Football Millionaire,154078,Classic,2.0,2,11,1,20.0,2026-10-04 17:00:00+00:00,Sun 1:00PM
196170581,NFL Satellite to $20 NFL Fantasy Football Millionaire,154078,Classic,2.0,2,11,1,20.0,2026-10-04 17:00:00+00:00,Sun 1:00PM
196170580,NFL Satellite to $20 NFL Fantasy Football Millionaire,154078,Classic,2.0,2,11,1,20.0,2026-10-04 17:00:00+00:00,Sun 1:00PM
196170579,NFL Satellite to $20 NFL Fantasy Football Millionaire,154078,Classic,2.0,2,11,1,20.0,2026-10-04 17:00:00+00:00,Sun 1:00PM
196170578,NFL Satellite to $20 NFL Fantasy Football Millionaire,154078,Classic,2.0,2,11,1,20.0,2026-10-04 17:00:00+00:00,Sun 1:00PM
196170577,NFL Satellite to $20 NFL Fantasy Football Millionaire,154078,Classic,2.0,2,11,1,20.0,2026-10-04 17:00:00+00:00,Sun 1:00PM
196170576,NFL Satellite to $20 NFL Fantasy Football Millionaire,154078,Classic,2.0,2,11,1,20.0,2026-10-04 17:00:00+00:00,Sun 1:00PM
196170575,NFL Satellite to $20 NFL Fantasy Football Millionaire,154078,Classic,2.0,2,11,1,20.0,2026-10-04 17:00:00+00:00,Sun 1:00PM
196170574,NFL Satellite to $20 NFL Fantasy Football Millionaire,154078,Classic,2.0,2,11,1,20.0,2026-10-04 17:00:00+00:00,Sun 1:00PM
196170573,NFL Satellite to $20 NFL Fantasy Football Millionaire,154078,Classic,2.0,2,11,1,20.0,2026-10-04 17:00:00+00:00,Sun 1:00PM
196170572,NFL Satellite to $20 NFL Fantasy Football Millionaire,154078,Classic,2.0,2,11,1,20.0,2026-10-04 17:00:00+00:00,Sun 1:00PM
196170571,NFL Satellite to $20 NFL Fantasy Football Millionaire,154078,Classic,2.0,2,11,1,20.0,2026-10-04 17:00:00+00:00,Sun 1:00PM
196170570,NFL Satellite to $20 NFL Fantasy Football Millionaire,154078,Classic,2.0,2,11,1,20.0,2026-10-04 17:00:00+00:00,Sun 1:00PM
196170569,NFL Satellite to $20 NFL Fantasy Football Millionaire,154078,Classic,2.0,2,11,1,20.0,2026-10-04 17:00:00+00:00,Sun 1:00PM
196170568,NFL Satellite to $20 NFL Fantasy Football Millionaire,154078,Classic,2.0,2,11,1,20.0,2026-10-04 17:00:00+00:00,Sun 1:00PM
196170567,NFL Satellite to $20 NFL Fantasy Football Millionaire,154078,Classic,2.0,2,11,1,20.0,2026-10-04 17:00:00+00:00,Sun 1:00PM
196170566,NFL Satellite to $20 NFL Fantasy Football Millionaire,154078,Classic,2.0,2,11,1,20.0,2026-10-04 17:00:00+00:00,Sun 1:00PM
196170565,NFL Satellite to $20 NFL Fantasy Football Millionaire,154078,Classic,2.0,2,11,1,20.0,2026-10-04 17:00:00+00:00,Sun 1:00PM
196170564,NFL Satellite to $20 NFL Fantasy Football Millionaire,154078,Classic,2.0,2,11,1,20.0,2026-10-04 17:00:00+00:00,Sun 1:00PM
196170563,NFL Satellite to $20 NFL Fantasy Football Millionaire,154078,Classic,2.0,2,11,1,20.0,2026-10-04 17:00:00+00:00,Sun 1:00PM
196170562,NFL Satellite to $20 NFL Fantasy Football Millionaire,154078,Classic,2.0,2,11,1,20.0,2026-10-04 17:00:00+00:00,Sun 1:00PM
196170561,NFL Satellite to $20 NFL Fantasy Football Millionaire,154078,Classic,2.0,2,11,1,20.0,2026-10-04 17:00:00+00:00,Sun 1:00PM
196170560,NFL Satellite to $20 NFL Fantasy Football Millionaire,154078,Classic,2.0,2,11,1,20.0,2026-10-04 17:00:00+00:00,Sun 1:00PM
196170559,NFL Satellite to $20 NFL Fantasy Football Millionaire,154078,Classic,2.0,2,11,1,20.0,2026-10-04 17:00:00+00:00,Sun 1:00PM
196170558,NFL Satellite to $20 NFL Fantasy Football Millionaire,154078,Classic,2.0,2,11,1,20.0,2026-10-04 17:00:00+00:00,Sun 1:00PM
196170557,NFL Satellite to $20 NFL Fantasy Football Millionaire,154078,Classic,2.0,2,11,1,20.0,2026-10-04 17:00:00+00:00,Sun 1:00PM
196170556,NFL Satellite to $20 NFL Fantasy Football Millionaire,154078,Classic,2.0,2,11,1,20.0,2026-10-04 17:00:00+00:00,Sun 1:00PM
196170555,NFL Satellite to $20 NFL Fantasy Football Millionaire,154078,Classic,2.0,2,11,1,20.0,2026-10-04 17:00:00+00:00,Sun 1:00PM
196170554,NFL Satellite to $20 NFL Fantasy Football Millionaire,154078,Classic,2.0,2,11,1,20.0,2026-10-04 17:00:00+00:00,Sun 1:00PM
196170553,NFL Satellite to $20 NFL Fantasy Football Millionaire,154078,Classic,2.0,2,11,1,20.0,2026-10-04 17:00:00+00:00,Sun 1:00PM
196170552,NFL Satellite to $20 NFL Fantasy Football Millionaire,154078,Classic,2.0,2,11,1,20.0,2026-10-04 17:00:00+00:00,Sun 1:00PM
196170551,NFL Satellite to $20 NFL Fantasy Football Millionaire,154078,Classic,2.0,2,11,1,20.0,2026-10-04 17:00:00+00:00,Sun 1:00PM
196170550,NFL Satellite to $20 NFL Fantasy Football Millionaire,154078,Classic,2.0,2,11,1,20.0,2026-10-04 17:00:00+00:00,Sun 1:00PM
196170549,NFL Satellite to $20 NFL Fantasy Football Millionaire,154078,Classic,2.0,2,11,1,20.0,2026-10-04 17:00:00+00:00,Sun 1:00PM
196170548,NFL Satellite to $20 NFL Fantasy Football Millionaire,154078,Classic,2.0,2,11,1,20.0,2026-10-04 17:00:00+00:00,Sun 1:00PM
196170627,NFL Satellite to $20 NFL Fantasy Football Millionaire,154078,Classic,1.0,3,23,1,20.0,2026-10-04 17:00:00+00:00,Sun 1:00PM
196170626,NFL Satellite to $20 NFL Fantasy Football Millionaire,154078,Classic,1.0,5,23,1,20.0,2026-10-04 17:00:00+00:00,Sun 1:00PM
196170625,NFL Satellite to $20 NFL Fantasy Football Millionaire,154078,Classic,1.0,4,23,1,20.0,2026-10-04 17:00:00+00:00,Sun 1:00PM
196170624,NFL Satellite to $20 NFL Fantasy Football Millionaire,154078,Classic,1.0,3,23,1,20.0,2026-10-04 17:00:00+00:00,Sun 1:00PM
196170623,NFL Satellite to $20 NFL Fantasy Football Millionaire,154078,Classic,1.0,4,23,1,20.0,2026-10-04 17:00:00+00:00,Sun 1:00PM
196170622,NFL Satellite to $20 NFL Fantasy Football Millionaire,154078,Classic,1.0,3,23,1,20.0,2026-10-04 17:00:00+00:00,Sun 1:00PM
196170621,NFL Satellite to $20 NFL Fantasy Football Millionaire,154078,Classic,1.0,3,23,1,20.0,2026-10-04 17:00:00+00:00,Sun 1:00PM
196170620,NFL Satellite to $20 NFL Fantasy Football Millionaire,154078,Classic,1.0,3,23,1,20.0,2026-10-04 17:00:00+00:00,Sun 1:00PM
196170619,NFL Satellite to $20 NFL Fantasy Football Millionaire,154078,Classic,1.0,2,23,1,20.0,2026-10-04 17:00:00+00:00,Sun 1:00PM
196170618,NFL Satellite to $20 NFL Fantasy Football Millionaire,154078,Classic,1.0,2,23,1,20.0,2026-10-04 17:00:00+00:00,Sun 1:00PM
196170617,NFL Satellite to $20 NFL Fantasy Football Millionaire,154078,Classic,1.0,2,23,1,20.0,2026-10-04 17:00:00+00:00,Sun 1:00PM
196170616,NFL Satellite to $20 NFL Fantasy Football Millionaire,154078,Classic,1.0,2,23,1,20.0,2026-10-04 17:00:00+00:00,Sun 1:00PM
196170615,NFL Satellite to $20 NFL Fantasy Football Millionaire,154078,Classic,1.0,2,23,1,20.0,2026-10-04 17:00:00+00:00,Sun 1:00PM
196170614,NFL Satellite to $20 NFL Fantasy Football Millionaire,154078,Classic,1.0,2,23,1,20.0,2026-10-04 17:00:00+00:00,Sun 1:00PM
196170613,NFL Satellite to $20 NFL Fantasy Football Millionaire,154078,Classic,1.0,2,23,1,20.0,2026-10-04 17:00:00+00:00,Sun 1:00PM
196170612,NFL Satellite to $20 NFL Fantasy Football Millionaire,154078,Classic,1.0,3,23,1,20.0,2026-10-04 17:00:00+00:00,Sun 1:00PM
196170611,NFL Satellite to $20 NFL Fantasy Football Millionaire,154078,Classic,1.0,2,23,1,20.0,2026-10-04 17:00:00+00:00,Sun 1:00PM
196170610,NFL Satellite to $20 NFL Fantasy Football Millionaire,154078,Classic,1.0,2,23,1,20.0,2026-10-04 17:00:00+00:00,Sun 1:00PM
196170609,NFL Satellite to $20 NFL Fantasy Football Millionaire,154078,Classic,1.0,2,23,1,20.0,2026-10-04 17:00:00+00:00,Sun 1:00PM
196170608,NFL Satellite to $20 NFL Fantasy Football Millionaire,154078,Classic,1.0,2,23,1,20.0,2026-10-04 17:00:00+00:00,Sun 1:00PM
196170607,NFL Satellite to $20 NFL Fantasy Football Millionaire,154078,Classic,1.0,2,23,1,20.0,2026-10-04 17:00:00+00:00,Sun 1:00PM
196170606,NFL Satellite to $20 NFL Fantasy Football Millionaire,154078,Classic,1.0,2,23,1,20.0,2026-10-04 17:00:00+00:00,Sun 1:00PM
196170605,NFL Satellite to $20 NFL Fantasy Football Millionaire,154078,Classic,1.0,2,23,1,20.0,2026-10-04 17:00:00+00:00,Sun 1:00PM
196170604,NFL Satellite to $20 NFL Fantasy Football Millionaire,154078,Classic,1.0,2,23,1,20.0,2026-10-04 17:00:00+00:00,Sun 1:00PM
196170603,NFL Satellite to $20 NFL Fantasy Football Millionaire,154078,Classic,1.0,2,23,1,20.0,2026-10-04 17:00:00+00:00,Sun 1:00PM
196170602,NFL Satellite to $20 NFL Fantasy Football Millionaire,154078,Classic,1.0,2,23,1,20.0,2026-10-04 17:00:00+00:00,Sun 1:00PM
196170601,NFL Satellite to $20 NFL Fantasy Football Millionaire,154078,Classic,1.0,2,23,1,20.0,2026-10-04 17:00:00+00:00,Sun 1:00PM
196170600,NFL Satellite to $20 NFL Fantasy Football Millionaire,154078,Classic,1.0,2,23,1,20.0,2026-10-04 17:00:00+00:00,Sun 1:00PM
196170599,NFL Satellite to $20 NFL Fantasy Football Millionaire,154078,Classic,1.0,2,23,1,20.0,2026-10-04 17:00:00+00:00,Sun 1:00PM
196170598,NFL Satellite to $20 NFL Fantasy Football Millionaire,154078,Classic,1.0,2,23,1,20.0,2026-10-04 17:00:00+00:00,Sun 1:00PM
196170597,NFL Satellite to $20 NFL Fantasy Football Millionaire,154078,Classic,1.0,2,23,1,20.0,2026-10-04 17:00:00+00:00,Sun 1:00PM
196170596,NFL Satellite to $20 NFL Fantasy Football Millionaire,154078,Classic,1.0,3,23,1,20.0,2026-10-04 17:00:00+00:00,Sun 1:00PM
196170595,NFL Satellite to $20 NFL Fantasy Football Millionaire,154078,Classic,1.0,2,23,1,20.0,2026-10-04 17:00:00+00:00,Sun 1:00PM
196170594,NFL Satellite to $20 NFL Fantasy Football Millionaire,154078,Classic,1.0,2,23,1,20.0,2026-10-04 17:00:00+00:00,Sun 1:00PM
196170593,NFL Satellite to $20 NFL Fantasy Football Millionaire,154078,Classic,1.0,2,23,1,20.0,2026-10-04 17:00:00+00:00,Sun 1:00PM
196170592,NFL Satellite to $20 NFL Fantasy Football Millionaire,154078,Classic,1.0,3,23,1,20.0,2026-10-04 17:00:00+00:00,Sun 1:00PM
196170591,NFL Satellite to $20 NFL Fantasy Football Millionaire,154078,Classic,1.0,3,23,1,20.0,2026-10-04 17:00:00+00:00,Sun 1:00PM
196170590,NFL Satellite to $20 NFL Fantasy Football Millionaire,154078,Classic,1.0,3,23,1,20.0,2026-10-04 17:00:00+00:00,Sun 1:00PM
196170589,NFL Satellite to $20 NFL Fantasy Football Millionaire,154078,Classic,1.0,3,23,1,20.0,2026-10-04 17:00:00+00:00,Sun 1:00PM
196170588,NFL Satellite to $20 NFL Fantasy Football Millionaire,154078,Classic,1.0,3,23,1,20.0,2026-10-04 17:00:00+00:00,Sun 1:00PM
196170637,NFL Satellite to $20 NFL Fantasy Football Millionaire,154078,Classic,0.25,10,95,2,20.0,2026-10-04 17:00:00+00:00,Sun 1:00PM
196170636,NFL Satellite to $20 NFL Fantasy Football Millionaire,154078,Classic,0.25,7,95,2,20.0,2026-10-04 17:00:00+00:00,Sun 1:00PM
196170635,NFL Satellite to $20 NFL Fantasy Football Millionaire,154078,Classic,0.25,7,95,2,20.0,2026-10-04 17:00:00+00:00,Sun 1:00PM
196170634,NFL Satellite to $20 NFL Fantasy Football Millionaire,154078,Classic,0.25,8,95,2,20.0,2026-10-04 17:00:00+00:00,Sun 1:00PM
196170633,NFL Satellite to $20 NFL Fantasy Football Millionaire,154078,Classic,0.25,7,95,2,20.0,2026-10-04 17:00:00+00:00,Sun 1:00PM
196170632,NFL Satellite to $20 NFL Fantasy Football Millionaire,154078,Classic,0.25,6,95,2,20.0,2026-10-04 17:00:00+00:00,Sun 1:00PM
196170631,NFL Satellite to $20 NFL Fantasy Football Millionaire,154078,Classic,0.25,7,95,2,20.0,2026-10-04 17:00:00+00:00,Sun 1:00PM
196170630,NFL Satellite to $20 NFL Fantasy Football Millionaire,154078,Classic,0.25,6,95,2,20.0,2026-10-04 17:00:00+00:00,Sun 1:00PM
196170629,NFL Satellite to $20 NFL Fantasy Football Millionaire,154078,Classic,0.25,8,95,2,20.0,2026-10-04 17:00:00+00:00,Sun 1:00PM
196170628,NFL Satellite to $20 NFL Fantasy Football Millionaire,154078,Classic,0.25,6,95,2,20.0,2026-10-04 17:00:00+00:00,Sun 1:00PM
196170687,NFL Satellite to $20 NFL Fantasy Football Millionaire,154078,Classic,0.1,50,237,7,20.0,2026-10-04 17:00:00+00:00,Sun 1:00PM
196170686,NFL Satellite to $20 NFL Fantasy Football Millionaire,154078,Classic,0.1,45,237,7,20.0,2026-10-04 17:00:00+00:00,Sun 1:00PM
196170685,NFL Satellite to $20 NFL Fantasy Football Millionaire,154078,Classic,0.1,42,237,7,20.0,2026-10-04 17:00:00+00:00,Sun 1:00PM
196170684,NFL Satellite to $20 NFL Fantasy Football Millionaire,154078,Classic,0.1,43,237,7,20.0,2026-10-04 17:00:00+00:00,Sun 1:00PM
196170683,NFL Satellite to $20 NFL Fantasy Football Millionaire,154078,Classic,0.1,41,237,7,20.0,2026-10-04 17:00:00+00:00,Sun 1:00PM
196170682,NFL Satellite to $20 NFL Fantasy Football Millionaire,154078,Classic,0.1,37,237,7,20.0,2026-10-04 17:00:00+00:00,Sun 1:00PM
196170681,NFL Satellite to $20 NFL Fantasy Football Millionaire,154078,Classic,0.1,36,237,7,20.0,2026-10-04 17:00:00+00:00,Sun 1:00PM
196170680,NFL Satellite to $20 NFL Fantasy Football Millionaire,154078,Classic,0.1,37,237,7,20.0,2026-10-04 17:00:00+00:00,Sun 1:00PM
196170679,NFL Satellite to $20 NFL Fantasy Football Millionaire,154078,Classic,0.1,37,237,7,20.0,2026-10-04 17:00:00+00:00,Sun 1:00PM
196170678,NFL Satellite to $20 NFL Fantasy Football Millionaire,154078,Classic,0.1,35,237,7,20.0,2026-10-04 17:00:00+00:00,Sun 1:00PM
196170677,NFL Satellite to $20 NFL Fantasy Football Millionaire,154078,Classic,0.1,36,237,7,20.0,2026-10-04 17:00:00+00:00,Sun 1:00PM
196170676,NFL Satellite to $20 NFL Fantasy Football Millionaire,154078,Classic,0.1,36,237,7,20.0,2026-10-04 17:00:00+00:00,Sun 1:00PM
196170675,NFL Satellite to $20 NFL Fantasy Football Millionaire,154078,Classic,0.1,35,237,7,20.0,2026-10-04 17:00:00+00:00,Sun 1:00PM
196170674,NFL Satellite to $20 NFL Fantasy Football Millionaire,154078,Classic,0.1,34,237,7,20.0,2026-10-04 17:00:00+00:00,Sun 1:00PM
196170673,NFL Satellite to $20 NFL Fantasy Football Millionaire,154078,Classic,0.1,34,237,7,20.0,2026-10-04 17:00:00+00:00,Sun 1:00PM
196170672,NFL Satellite to $20 NFL Fantasy Football Millionaire,154078,Classic,0.1,35,237,7,20.0,2026-10-04 17:00:00+00:00,Sun 1:00PM
196170671,NFL Satellite to $20 NFL Fantasy Football Millionaire,154078,Classic,0.1,36,237,7,20.0,2026-10-04 17:00:00+00:00,Sun 1:00PM
196170670,NFL Satellite to $20 NFL Fantasy Football Millionaire,154078,Classic,0.1,34,237,7,20.0,2026-10-04 17:00:00+00:00,Sun 1:00PM
196170669,NFL Satellite to $20 NFL Fantasy Football Millionaire,154078,Classic,0.1,34,237,7,20.0,2026-10-04 17:00:00+00:00,Sun 1:00PM
196170668,NFL Satellite to $20 NFL Fantasy Football Millionaire,154078,Classic,0.1,34,237,7,20.0,2026-10-04 17:00:00+00:00,Sun 1:00PM
196170667,NFL Satellite to $20 NFL Fantasy Football Millionaire,154078,Classic,0.1,34,237,7,20.0,2026-10-04 17:00:00+00:00,Sun 1:00PM
196170666,NFL Satellite to $20 NFL Fantasy Football Millionaire,154078,Classic,0.1,34,237,7,20.0,2026-10-04 17:00:00+00:00,Sun 1:00PM
196170665,NFL Satellite to $20 NFL Fantasy Football Millionaire,154078,Classic,0.1,34,237,7,20.0,2026-10-04 17:00:00+00:00,Sun 1:00PM
196170664,NFL Satellite to $20 NFL Fantasy Football Millionaire,154078,Classic,0.1,35,237,7,20.0,2026-10-04 17:00:00+00:00,Sun 1:00PM
196170663,NFL Satellite to $20 NFL Fantasy Football Millionaire,154078,Classic,0.1,34,237,7,20.0,2026-10-04 17:00:00+00:00,Sun 1:00PM
196170662,NFL Satellite to $20 NFL Fantasy Football Millionaire,154078,Classic,0.1,34,237,7,20.0,2026-10-04 17:00:00+00:00,Sun 1:00PM
196170661,NFL Satellite to $20 NFL Fantasy Football Millionaire,154078,Classic,0.1,34,237,7,20.0,2026-10-04 17:00:00+00:00,Sun 1:00PM
196170660,NFL Satellite to $20 NFL Fantasy Football Millionaire,154078,Classic,0.1,35,237,7,20.0,2026-10-04 17:00:00+00:00,Sun 1:00PM
196170659,NFL Satellite to $20 NFL Fantasy Football Millionaire,154078,Classic,0.1,34,237,7,20.0,2026-10-04 17:00:00+00:00,Sun 1:00PM
196170658,NFL Satellite to $20 NFL Fantasy Football Millionaire,154078,Classic,0.1,34,237,7,20.0,2026-10-04 17:00:00+00:00,Sun 1:00PM
196170657,NFL Satellite to $20 NFL Fantasy Football Millionaire,154078,Classic,0.1,34,237,7,20.0,2026-10-04 17:00:00+00:00,Sun 1:00PM
196170656,NFL Satellite to $20 NFL Fantasy Football Millionaire,154078,Classic,0.1,34,237,7,20.0,2026-10-04 17:00:00+00:00,Sun 1:00PM
196170655,NFL Satellite to $20 NFL Fantasy Football Millionaire,154078,Classic,0.1,34,237,7,20.0,2026-10-04 17:00:00+00:00,Sun 1:00PM
196170654,NFL Satellite to $20 NFL Fantasy Football Millionaire,154078,Classic,0.1,34,237,7,20.0,2026-10-04 17:00:00+00:00,Sun 1:00PM
196170653,NFL Satellite to $20 NFL Fantasy Football Millionaire,154078,Classic,0.1,27,237,7,20.0,2026-10-04 17:00:00+00:00,Sun 1:00PM
196170652,NFL Satellite to $20 NFL Fantasy Football Millionaire,154078,Classic,0.1,35,237,7,20.0,2026-10-04 17:00:00+00:00,Sun 1:00PM
196170651,NFL Satellite to $20 NFL Fantasy Football Millionaire,154078,Classic,0.1,34,237,7,20.0,2026-10-04 17:00:00+00:00,Sun 1:00PM
196170650,NFL Satellite to $20 NFL Fantasy Football Millionaire,154078,Classic,0.1,35,237,7,20.0,2026-10-04 17:00:00+00:00,Sun 1:00PM
196170649,NFL Satellite to $20 NFL Fantasy Football Millionaire,154078,Classic,0.1,27,237,7,20.0,2026-10-04 17:00:00+00:00,Sun 1:00PM
196170648,NFL Satellite to $20 NFL Fantasy Football Millionaire,154078,Classic,0.1,27,237,7,20.0,2026-10-04 17:00:00+00:00,Sun 1:00PM
196170647,NFL Satellite to $20 NFL Fantasy Football Millionaire,154078,Classic,0.1,27,237,7,20.0,2026-10-04 17:00:00+00:00,Sun 1:00PM
196170646,NFL Satellite to $20 NFL Fantasy Football Millionaire,154078,Classic,0.1,27,237,7,20.0,2026-10-04 17:00:00+00:00,Sun 1:00PM
196170645,NFL Satellite to $20 NFL Fantasy Football Millionaire,154078,Classic,0.1,27,237,7,20.0,2026-10-04 17:00:00+00:00,Sun 1:00PM
196170644,NFL Satellite to $20 NFL Fantasy Football Millionaire,154078,Classic,0.1,20,237,7,20.0,2026-10-04 17:00:00+00:00,Sun 1:00PM
196170643,NFL Satellite to $20 NFL Fantasy Football Millionaire,154078,Classic,0.1,20,237,7,20.0,2026-10-04 17:00:00+00:00,Sun 1:00PM
196170642,NFL Satellite to $20 NFL Fantasy Football Millionaire,154078,Classic,0.1,20,237,7,20.0,2026-10-04 17:00:00+00:00,Sun 1:00PM
196170641,NFL Satellite to $20 NFL Fantasy Football Millionaire,154078,Classic,0.1,20,237,7,20.0,2026-10-04 17:00:00+00:00,Sun 1:00PM
196170640,NFL Satellite to $20 NFL Fantasy Football Millionaire,154078,Classic,0.1,20,237,7,20.0,2026-10-04 17:00:00+00:00,Sun 1:00PM
196170639,NFL Satellite to $20 NFL Fantasy Football Millionaire,154078,Classic,0.1,21,237,7,20.0,2026-10-04 17:00:00+00:00,Sun 1:00PM
196170638,NFL Satellite to $20 NFL Fantasy Football Millionaire,154078,Classic,0.1,27,237,7,20.0,2026-10-04 17:00:00+00:00,Sun 1:00PM
196170774,NFL $50 2026 FFWC Qualifier Satellite,154078,Classic,2.0,2,29,1,50.0,2026-10-04 17:00:00+00:00,Sun 1:00PM
196170750,NFL $33 2026 FFWC Qualifier Satellite,154078,Classic,3.0,2,13,1,33.0,2026-10-04 17:00:00+00:00,Sun 1:00PM
196170749,NFL $33 2026 FFWC Qualifier Satellite,154078,Classic,1.0,2,39,1,33.0,2026-10-04 17:00:00+00:00,Sun 1:00PM
196170748,NFL $18 2026 FFWC Qualifier Satellite,154078,Classic,3.0,1,7,1,18.0,2026-10-04 17:00:00+00:00,Sun 1:00PM
196170747,NFL $18 2026 FFWC Qualifier Satellite,154078,Classic,3.0,1,7,1,18.0,2026-10-04 17:00:00+00:00,Sun 1:00PM
196170746,NFL $18 2026 FFWC Qualifier Satellite,154078,Classic,1.0,2,21,1,18.0,2026-10-04 17:00:00+00:00,Sun 1:00PM
196170745,NFL $18 2026 FFWC Qualifier Satellite,154078,Classic,1.0,1,21,1,18.0,2026-10-04 17:00:00+00:00,Sun 1:00PM
196170744,NFL $18 2026 FFWC Qualifier Satellite,154078,Classic,0.25,2,85,2,18.0,2026-10-04 17:00:00+00:00,Sun 1:00PM
196170743,NFL $5 2026 FFWC Qualifier Satellite,154078,Classic,1.0,1,7,1,6.0,2026-10-04 17:00:00+00:00,Sun 1:00PM
196170742,NFL $5 2026 FFWC Qualifier Satellite,154078,Classic,1.0,1,7,1,6.0,2026-10-04 17:00:00+00:00,Sun 1:00PM
196170741,NFL $5 2026 FFWC Qualifier Satellite,154078,Classic,1.0,1,7,1,6.0,2026-10-04 17:00:00+00:00,Sun 1:00PM
196170740,NFL $5 2026 FFWC Qualifier Satellite,154078,Classic,1.0,1,7,1,6.0,2026-10-04 17:00:00+00:00,Sun 1:00PM
196170739,NFL $5 2026 FFWC Qualifier Satellite,154078,Classic,1.0,1,7,1,6.0,2026-10-04 17:00:00+00:00,Sun 1:00PM
196170738,NFL $5 2026 FFWC Qualifier Satellite,154078,Classic,1.0,1,7,1,6.0,2026-10-04 17:00:00+00:00,Sun 1:00PM
196170737,NFL $5 2026 FFWC Qualifier Satellite,154078,Classic,0.5,2,14,1,6.0,2026-10-04 17:00:00+00:00,Sun 1:00PM
196170736,NFL $5 2026 FFWC Qualifier Satellite,154078,Classic,0.5,1,14,1,6.0,2026-10-04 17:00:00+00:00,Sun 1:00PM
196170735,NFL $5 2026 FFWC Qualifier Satellite,154078,Classic,0.5,1,14,1,6.0,2026-10-04 17:00:00+00:00,Sun 1:00PM
196170734,NFL $5 2026 FFWC Qualifier Satellite,154078,Classic,0.5,1,14,1,6.0,2026-10-04 17:00:00+00:00,Sun 1:00PM
196170733,NFL $5 2026 FFWC Qualifier Satellite,154078,Classic,0.5,1,14,1,6.0,2026-10-04 17:00:00+00:00,Sun 1:00PM
196170732,NFL $5 2026 FFWC Qualifier Satellite,154078,Classic,0.5,1,14,1,6.0,2026-10-04 17:00:00+00:00,Sun 1:00PM
196170731,NFL $5 2026 FFWC Qualifier Satellite,154078,Classic,0.5,1,14,1,6.0,2026-10-04 17:00:00+00:00,Sun 1:00PM
196170730,NFL $5 2026 FFWC Qualifier Satellite,154078,Classic,0.5,1,14,1,6.0,2026-10-04 17:00:00+00:00,Sun 1:00PM
196170729,NFL $5 2026 FFWC Qualifier Satellite,154078,Classic,0.5,1,14,1,6.0,2026-10-04 17:00:00+00:00,Sun 1:00PM
196170728,NFL $5 2026 FFWC Qualifier Satellite,154078,Classic,0.5,1,14,1,6.0,2026-10-04 17:00:00+00:00,Sun 1:00PM
196170727,NFL $5 2026 FFWC Qualifier Satellite,154078,Classic,0.1,13,71,2,6.0,2026-10-04 17:00:00+00:00,Sun 1:00PM
196170726,NFL $5 2026 FFWC Qualifier Satellite,154078,Classic,0.1,8,71,2,6.0,2026-10-04 17:00:00+00:00,Sun 1:00PM
196170725,NFL $5 2026 FFWC Qualifier Satellite,154078,Classic,0.1,8,71,2,6.0,2026-10-04 17:00:00+00:00,Sun 1:00PM
196170724,NFL $5 2026 FFWC Qualifier Satellite,154078,Classic,0.1,7,71,2,6.0,2026-10-04 17:00:00+00:00,Sun 1:00PM
196170723,NFL $5 2026 FFWC Qualifier Satellite,154078,Classic,0.1,8,71,2,6.0,2026-10-04 17:00:00+00:00,Sun 1:00PM
196170722,NFL $5 2026 FFWC Qualifier Satellite,154078,Classic,0.1,6,71,2,6.0,2026-10-04 17:00:00+00:00,Sun 1:00PM
196170721,NFL $5 2026 FFWC Qualifier Satellite,154078,Classic,0.1,5,71,2,6.0,2026-10-04 17:00:00+00:00,Sun 1:00PM
196170720,NFL $5 2026 FFWC Qualifier Satellite,154078,Classic,0.1,5,71,2,6.0,2026-10-04 17:00:00+00:00,Sun 1:00PM
196170719,NFL $5 2026 FFWC Qualifier Satellite,154078,Classic,0.1,7,71,2,6.0,2026-10-04 17:00:00+00:00,Sun 1:00PM
196170718,NFL $5 2026 FFWC Qualifier Satellite,154078,Classic,0.1,5,71,2,6.0,2026-10-04 17:00:00+00:00,Sun 1:00PM
196172278,NFL Satellite to UFC 333 $25 Special (10-24) [2x],154078,Classic,3.0,1,19,1,50.0,2026-10-04 17:00:00+00:00,Sun 1:00PM
196172277,NFL Satellite to UFC 333 $25 Special (10-24) [2x],154078,Classic,3.0,1,19,1,50.0,2026-10-04 17:00:00+00:00,Sun 1:00PM
196172269,NFL Satellite to UFC 333 $25 Special (10-24),154078,Classic,0.1,18,297,8,25.0,2026-10-04 17:00:00+00:00,Sun 1:00PM
196172268,NFL Satellite to UFC 333 $25 Special (10-24),154078,Classic,0.1,17,297,8,25.0,2026-10-04 17:00:00+00:00,Sun 1:00PM
196172267,NFL Satellite to UFC 333 $25 Special (10-24),154078,Classic,0.1,18,297,8,25.0,2026-10-04 17:00:00+00:00,Sun 1:00PM
196172272,NFL Satellite to UFC 333 $25 Special (10-24),154078,Classic,0.25,7,118,3,25.0,2026-10-04 17:00:00+00:00,Sun 1:00PM
196172271,NFL Satellite to UFC 333 $25 Special (10-24),154078,Classic,0.25,7,118,3,25.0,2026-10-04 17:00:00+00:00,Sun 1:00PM
196172270,NFL Satellite to UFC 333 $25 Special (10-24),154078,Classic,0.25,7,118,3,25.0,2026-10-04 17:00:00+00:00,Sun 1:00PM
196172274,NFL Satellite to UFC 333 $25 Special (10-24),154078,Classic,0.5,2,59,1,25.0,2026-10-04 17:00:00+00:00,Sun 1:00PM
196172273,NFL Satellite to UFC 333 $25 Special (10-24),154078,Classic,0.5,1,59,1,25.0,2026-10-04 17:00:00+00:00,Sun 1:00PM
196172276,NFL Satellite to UFC 333 $25 Special (10-24),154078,Classic,1.0,1,29,1,25.0,2026-10-04 17:00:00+00:00,Sun 1:00PM
196172275,NFL Satellite to UFC 333 $25 Special (10-24),154078,Classic,1.0,1,29,1,25.0,2026-10-04 17:00:00+00:00,Sun 1:00PM
196172254,NFL SUPERSatellite to NBA 10-20 $20 Opening Tip Off [2x],154078,Classic,5.0,1,9,1,40.0,2026-10-04 17:00:00+00:00,Sun 1:00PM
196172253,NFL SUPERSatellite to NBA 10-20 $20 Opening Tip Off [2x],154078,Classic,0.25,12,190,5,40.0,2026-10-04 17:00:00+00:00,Sun 1:00PM
196172252,NFL SUPERSatellite to NBA 10-20 $20 Opening Tip Off [2x],154078,Classic,0.1,33,475,14,40.0,2026-10-04 17:00:00+00:00,Sun 1:00PM
196172251,NFL SUPERSatellite to NBA 10-20 $20 Opening Tip Off [2x],154078,Classic,0.1,29,475,14,40.0,2026-10-04 17:00:00+00:00,Sun 1:00PM
196172249,NFL Satellite to NBA 10-20 $20 Opening Tip Off,154078,Classic,2.0,2,11,1,20.0,2026-10-04 17:00:00+00:00,Sun 1:00PM
196172248,NFL Satellite to NBA 10-20 $20 Opening Tip Off,154078,Classic,2.0,2,11,1,20.0,2026-10-04 17:00:00+00:00,Sun 1:00PM
196172247,NFL Satellite to NBA 10-20 $20 Opening Tip Off,154078,Classic,1.0,2,23,1,20.0,2026-10-04 17:00:00+00:00,Sun 1:00PM
196172246,NFL Satellite to NBA 10-20 $20 Opening Tip Off,154078,Classic,0.25,5,95,2,20.0,2026-10-04 17:00:00+00:00,Sun 1:00PM
196172245,NFL Satellite to NBA 10-20 $20 Opening Tip Off,154078,Classic,0.25,6,95,2,20.0,2026-10-04 17:00:00+00:00,Sun 1:00PM
196172244,NFL Satellite to NBA 10-20 $20 Opening Tip Off,154078,Classic,0.1,16,237,7,20.0,2026-10-04 17:00:00+00:00,Sun 1:00PM
196172243,NFL Satellite to NBA 10-20 $20 Opening Tip Off,154078,Classic,0.1,18,237,7,20.0,2026-10-04 17:00:00+00:00,Sun 1:00PM
196172242,NFL Satellite to NBA 10-20 $20 Opening Tip Off,154078,Classic,0.1,18,237,7,20.0,2026-10-04 17:00:00+00:00,Sun 1:00PM
196172241,NFL Satellite to NBA 10-20 $20 Opening Tip Off,154078,Classic,0.1,15,237,7,20.0,2026-10-04 17:00:00+00:00,Sun 1:00PM
196172240,NFL Satellite to NBA 10-20 $20 Opening Tip Off,154078,Classic,0.1,15,237,7,20.0,2026-10-04 17:00:00+00:00,Sun 1:00PM
196172260,NFL Satellite to NBA Best Ball $20 Shootaround,154078,Classic,1.0,1,23,1,20.0,2026-10-04 17:00:00+00:00,Sun 1:00PM
196172259,NFL Satellite to NBA Best Ball $20 Shootaround,154078,Classic,1.0,2,23,1,20.0,2026-10-04 17:00:00+00:00,Sun 1:00PM
196172261,NFL Satellite to NBA Best Ball $20 Shootaround,154078,Classic,0.25,4,95,2,20.0,2026-10-04 17:00:00+00:00,Sun 1:00PM
196172263,NFL Satellite to NBA Best Ball $20 Shootaround,154078,Classic,0.1,22,237,7,20.0,2026-10-04 17:00:00+00:00,Sun 1:00PM
196172262,NFL Satellite to NBA Best Ball $20 Shootaround,154078,Classic,0.1,24,237,7,20.0,2026-10-04 17:00:00+00:00,Sun 1:00PM
196170018,NFL $3 Ticket SUPERSatellite [4x],154078,Classic,0.25,10,57,1,12.0,2026-10-04 17:00:00+00:00,Sun 1:00PM
196170017,NFL $3 Ticket SUPERSatellite [4x],154078,Classic,0.25,10,57,1,12.0,2026-10-04 17:00:00+00:00,Sun 1:00PM
196170437,NFL $10 Hundo [Single Entry],154078,Classic,10.0,12,100,1,900.0,2026-10-04 17:00:00+00:00,Sun 1:00PM
196170436,NFL $10 Hundo [Single Entry],154078,Classic,10.0,7,100,1,900.0,2026-10-04 17:00:00+00:00,Sun 1:00PM
196170435,NFL $10 Hundo [Single Entry],154078,Classic,10.0,8,100,1,900.0,2026-10-04 17:00:00+00:00,Sun 1:00PM
196170434,NFL $10 Hundo [Single Entry],154078,Classic,10.0,8,100,1,900.0,2026-10-04 17:00:00+00:00,Sun 1:00PM
196170472,NFL $5 Hundo [Single Entry],154078,Classic,5.0,11,100,1,450.0,2026-10-04 17:00:00+00:00,Sun 1:00PM
196170471,NFL $5 Hundo [Single Entry],154078,Classic,5.0,9,100,1,450.0,2026-10-04 17:00:00+00:00,Sun 1:00PM
196170470,NFL $5 Hundo [Single Entry],154078,Classic,5.0,8,100,1,450.0,2026-10-04 17:00:00+00:00,Sun 1:00PM
196170469,NFL $5 Hundo [Single Entry],154078,Classic,5.0,8,100,1,450.0,2026-10-04 17:00:00+00:00,Sun 1:00PM
196170468,NFL $3 Hundo [Single Entry],154078,Classic,3.0,18,100,1,270.0,2026-10-04 17:00:00+00:00,Sun 1:00PM
196170467,NFL $3 Hundo [Single Entry],154078,Classic,3.0,11,100,1,270.0,2026-10-04 17:00:00+00:00,Sun 1:00PM
196170466,NFL $3 Hundo [Single Entry],154078,Classic,3.0,13,100,1,270.0,2026-10-04 17:00:00+00:00,Sun 1:00PM
196170465,NFL $3 Hundo [Single Entry],154078,Classic,3.0,11,100,1,270.0,2026-10-04 17:00:00+00:00,Sun 1:00PM
196170464,NFL $3 Hundo [Single Entry],154078,Classic,3.0,11,100,1,270.0,2026-10-04 17:00:00+00:00,Sun 1:00PM
196170463,NFL $3 Hundo [Single Entry],154078,Classic,3.0,10,100,1,270.0,2026-10-04 17:00:00+00:00,Sun 1:00PM
196170462,NFL $1 Hundo [Single Entry],154078,Classic,1.0,17,100,1,90.0,2026-10-04 17:00:00+00:00,Sun 1:00PM
196170461,NFL $1 Hundo [Single Entry],154078,Classic,1.0,15,100,1,90.0,2026-10-04 17:00:00+00:00,Sun 1:00PM
196170460,NFL $1 Hundo [Single Entry],154078,Classic,1.0,14,100,1,90.0,2026-10-04 17:00:00+00:00,Sun 1:00PM
196170459,NFL $1 Hundo [Single Entry],154078,Classic,1.0,13,100,1,90.0,2026-10-04 17:00:00+00:00,Sun 1:00PM
196170458,NFL $1 Hundo [Single Entry],154078,Classic,1.0,13,100,1,90.0,2026-10-04 17:00:00+00:00,Sun 1:00PM
196170457,NFL $1 Hundo [Single Entry],154078,Classic,1.0,12,100,1,90.0,2026-10-04 17:00:00+00:00,Sun 1:00PM
196170456,NFL $1 Hundo [Single Entry],154078,Classic,1.0,12,100,1,90.0,2026-10-04 17:00:00+00:00,Sun 1:00PM
196170455,NFL $1 Hundo [Single Entry],154078,Classic,1.0,10,100,1,90.0,2026-10-04 17:00:00+00:00,Sun 1:00PM
196170454,NFL $1 Hundo [Single Entry],154078,Classic,1.0,10,100,1,90.0,2026-10-04 17:00:00+00:00,Sun 1:00PM
196170453,NFL $1 Hundo [Single Entry],154078,Classic,1.0,8,100,1,90.0,2026-10-04 17:00:00+00:00,Sun 1:00PM
196170452,NFL $1 Hundo [Single Entry],154078,Classic,1.0,8,100,1,90.0,2026-10-04 17:00:00+00:00,Sun 1:00PM
196170451,NFL $1 Hundo [Single Entry],154078,Classic,1.0,8,100,1,90.0,2026-10-04 17:00:00+00:00,Sun 1:00PM
196170450,NFL $1 Hundo [Single Entry],154078,Classic,1.0,9,100,1,90.0,2026-10-04 17:00:00+00:00,Sun 1:00PM
196170449,NFL $1 Hundo [Single Entry],154078,Classic,1.0,8,100,1,90.0,2026-10-04 17:00:00+00:00,Sun 1:00PM
196170448,NFL $1 Hundo [Single Entry],154078,Classic,1.0,8,100,1,90.0,2026-10-04 17:00:00+00:00,Sun 1:00PM
196170447,NFL $1 Hundo [Single Entry],154078,Classic,1.0,8,100,1,90.0,2026-10-04 17:00:00+00:00,Sun 1:00PM
196170446,NFL $1 Hundo [Single Entry],154078,Classic,1.0,8,100,1,90.0,2026-10-04 17:00:00+00:00,Sun 1:00PM
196170445,NFL $1 Hundo [Single Entry],154078,Classic,1.0,8,100,1,90.0,2026-10-04 17:00:00+00:00,Sun 1:00PM
196170444,NFL $1 Hundo [Single Entry],154078,Classic,1.0,8,100,1,90.0,2026-10-04 17:00:00+00:00,Sun 1:00PM
196170443,NFL $1 Hundo [Single Entry],154078,Classic,1.0,8,100,1,90.0,2026-10-04 17:00:00+00:00,Sun 1:00PM
196170442,NFL $1 Hundo [Single Entry],154078,Classic,1.0,8,100,1,90.0,2026-10-04 17:00:00+00:00,Sun 1:00PM
196170441,NFL $1 Hundo [Single Entry],154078,Classic,1.0,8,100,1,90.0,2026-10-04 17:00:00+00:00,Sun 1:00PM
196170440,NFL $1 Hundo [Single Entry],154078,Classic,1.0,9,100,1,90.0,2026-10-04 17:00:00+00:00,Sun 1:00PM
196170439,NFL $1 Hundo [Single Entry],154078,Classic,1.0,8,100,1,90.0,2026-10-04 17:00:00+00:00,Sun 1:00PM
196170438,NFL $1 Hundo [Single Entry],154078,Classic,1.0,9,100,1,90.0,2026-10-04 17:00:00+00:00,Sun 1:00PM
196170029,NFL $50 Contest,154078,Classic,50.0,1,11,1,500.0,2026-10-04 17:00:00+00:00,Sun 1:00PM
196170124,NFL $27 Contest,154078,Classic,27.0,1,21,1,500.0,2026-10-04 17:00:00+00:00,Sun 1:00PM
196170025,NFL $27 Contest,154078,Classic,27.0,0,21,1,500.0,2026-10-04 17:00:00+00:00,Sun 1:00PM
196170074,NFL $9 Contest,154078,Classic,9.0,0,65,1,500.0,2026-10-04 17:00:00+00:00,Sun 1:00PM
196169940,NFL $5 Contest,154078,Classic,5.0,11,237,7,1000.0,2026-10-04 17:00:00+00:00,Sun 1:00PM
196169941,NFL $5 Contest,154078,Classic,5.0,6,118,3,500.0,2026-10-04 17:00:00+00:00,Sun 1:00PM
196170075,NFL $3 Contest,154078,Classic,3.0,9,118,3,300.0,2026-10-04 17:00:00+00:00,Sun 1:00PM
196170008,NFL $3 Contest,154078,Classic,3.0,12,118,3,300.0,2026-10-04 17:00:00+00:00,Sun 1:00PM
196170007,NFL $3 Contest,154078,Classic,3.0,9,118,3,300.0,2026-10-04 17:00:00+00:00,Sun 1:00PM
196170006,NFL $3 Contest,154078,Classic,3.0,6,118,3,300.0,2026-10-04 17:00:00+00:00,Sun 1:00PM
196170020,NFL $1 Contest,154078,Classic,1.0,33,594,17,500.0,2026-10-04 17:00:00+00:00,Sun 1:00PM
196170077,NFL $1 Contest,154078,Classic,1.0,16,237,7,200.0,2026-10-04 17:00:00+00:00,Sun 1:00PM
196170076,NFL $1 Contest,154078,Classic,1.0,23,237,7,200.0,2026-10-04 17:00:00+00:00,Sun 1:00PM
196170019,NFL $1 Contest,154078,Classic,1.0,16,237,7,200.0,2026-10-04 17:00:00+00:00,Sun 1:00PM
196170023,NFL $0.25 Contest,154078,Classic,0.25,59,2378,20,500.0,2026-10-04 17:00:00+00:00,Sun 1:00PM
196170080,NFL $0.25 Contest,154078,Classic,0.25,31,475,14,100.0,2026-10-04 17:00:00+00:00,Sun 1:00PM
196170079,NFL $0.25 Contest,154078,Classic,0.25,28,475,14,100.0,2026-10-04 17:00:00+00:00,Sun 1:00PM
196170078,NFL $0.25 Contest,154078,Classic,0.25,25,475,14,100.0,2026-10-04 17:00:00+00:00,Sun 1:00PM
196170005,NFL $0.25 Contest,154078,Classic,0.25,26,475,14,100.0,2026-10-04 17:00:00+00:00,Sun 1:00PM
196170004,NFL $0.25 Contest,154078,Classic,0.25,25,475,14,100.0,2026-10-04 17:00:00+00:00,Sun 1:00PM
196170003,NFL $0.25 Contest,154078,Classic,0.25,30,475,14,100.0,2026-10-04 17:00:00+00:00,Sun 1:00PM
196170081,"NFL $1,060 Winner Take All [$4K to 1st]",154078,Classic,1060.0,1,4,1,4000.0,2026-10-04 17:00:00+00:00,Sun 1:00PM
196170410,NFL $267 Winner Take All [$1K to 1st],154078,Classic,267.0,1,4,1,1000.0,2026-10-04 17:00:00+00:00,Sun 1:00PM
196170409,NFL $267 Winner Take All [$1K to 1st],154078,Classic,267.0,1,4,1,1000.0,2026-10-04 17:00:00+00:00,Sun 1:00PM
196170408,NFL $267 Winner Take All [$1K to 1st],154078,Classic,267.0,1,4,1,1000.0,2026-10-04 17:00:00+00:00,Sun 1:00PM
196170407,NFL $267 Winner Take All [$1K to 1st],154078,Classic,267.0,1,4,1,1000.0,2026-10-04 17:00:00+00:00,Sun 1:00PM
196170216,NFL $267 Winner Take All [$1K to 1st],154078,Classic,267.0,1,4,1,1000.0,2026-10-04 17:00:00+00:00,Sun 1:00PM
196170215,NFL $267 Winner Take All [$1K to 1st],154078,Classic,267.0,1,4,1,1000.0,2026-10-04 17:00:00+00:00,Sun 1:00PM
196170214,NFL $267 Winner Take All [$1K to 1st],154078,Classic,267.0,1,4,1,1000.0,2026-10-04 17:00:00+00:00,Sun 1:00PM
196170213,NFL $267 Winner Take All [$1K to 1st],154078,Classic,267.0,1,4,1,1000.0,2026-10-04 17:00:00+00:00,Sun 1:00PM
196170037,NFL $100 Winner Take All [$1K to 1st],154078,Classic,100.0,1,11,1,1000.0,2026-10-04 17:00:00+00:00,Sun 1:00PM
196170036,NFL $100 Winner Take All [$1K to 1st],154078,Classic,100.0,1,11,1,1000.0,2026-10-04 17:00:00+00:00,Sun 1:00PM
196170039,NFL $50 Winner Take All [$1K to 1st],154078,Classic,50.0,1,22,1,1000.0,2026-10-04 17:00:00+00:00,Sun 1:00PM
196170038,NFL $50 Winner Take All [$1K to 1st],154078,Classic,50.0,1,22,1,1000.0,2026-10-04 17:00:00+00:00,Sun 1:00PM
196170329,NFL $50 Winner Take All [$500 to 1st],154078,Classic,50.0,2,11,1,500.0,2026-10-04 17:00:00+00:00,Sun 1:00PM
196170328,NFL $50 Winner Take All [$500 to 1st],154078,Classic,50.0,2,11,1,500.0,2026-10-04 17:00:00+00:00,Sun 1:00PM
196170083,NFL $50 Winner Take All [$500 to 1st],154078,Classic,50.0,1,11,1,500.0,2026-10-04 17:00:00+00:00,Sun 1:00PM
196170082,NFL $50 Winner Take All [$500 to 1st],154078,Classic,50.0,1,11,1,500.0,2026-10-04 17:00:00+00:00,Sun 1:00PM
196170041,NFL $50 Winner Take All [$500 to 1st],154078,Classic,50.0,1,11,1,500.0,2026-10-04 17:00:00+00:00,Sun 1:00PM
196170040,NFL $50 Winner Take All [$500 to 1st],154078,Classic,50.0,1,11,1,500.0,2026-10-04 17:00:00+00:00,Sun 1:00PM
196170042,NFL $27 Winner Take All [$1K to 1st],154078,Classic,27.0,2,43,1,1000.0,2026-10-04 17:00:00+00:00,Sun 1:00PM
196170330,NFL $27 Winner Take All [$500 to 1st],154078,Classic,27.0,0,21,1,500.0,2026-10-04 17:00:00+00:00,Sun 1:00PM
196170043,NFL $27 Winner Take All [$500 to 1st],154078,Classic,27.0,0,21,1,500.0,2026-10-04 17:00:00+00:00,Sun 1:00PM
196170011,NFL $9 Winner Take All [$1K to 1st],154078,Classic,9.0,11,130,3,1000.0,2026-10-04 17:00:00+00:00,Sun 1:00PM
196170010,NFL $9 Winner Take All [$1K to 1st],154078,Classic,9.0,10,130,3,1000.0,2026-10-04 17:00:00+00:00,Sun 1:00PM
196170009,NFL $9 Winner Take All [$500 to 1st],154078,Classic,9.0,4,65,1,500.0,2026-10-04 17:00:00+00:00,Sun 1:00PM
196169980,NFL $5 Winner Take All [$1K to 1st],154078,Classic,5.0,21,237,7,1000.0,2026-10-04 17:00:00+00:00,Sun 1:00PM
196170093,NFL $5 Winner Take All [$100 to 1st],154078,Classic,5.0,4,23,1,100.0,2026-10-04 17:00:00+00:00,Sun 1:00PM
196170092,NFL $5 Winner Take All [$100 to 1st],154078,Classic,5.0,2,23,1,100.0,2026-10-04 17:00:00+00:00,Sun 1:00PM
196170091,NFL $5 Winner Take All [$100 to 1st],154078,Classic,5.0,2,23,1,100.0,2026-10-04 17:00:00+00:00,Sun 1:00PM
196170090,NFL $5 Winner Take All [$100 to 1st],154078,Classic,5.0,2,23,1,100.0,2026-10-04 17:00:00+00:00,Sun 1:00PM
196170089,NFL $5 Winner Take All [$100 to 1st],154078,Classic,5.0,2,23,1,100.0,2026-10-04 17:00:00+00:00,Sun 1:00PM
196170088,NFL $5 Winner Take All [$100 to 1st],154078,Classic,5.0,2,23,1,100.0,2026-10-04 17:00:00+00:00,Sun 1:00PM
196170087,NFL $5 Winner Take All [$100 to 1st],154078,Classic,5.0,2,23,1,100.0,2026-10-04 17:00:00+00:00,Sun 1:00PM
196170086,NFL $5 Winner Take All [$100 to 1st],154078,Classic,5.0,2,23,1,100.0,2026-10-04 17:00:00+00:00,Sun 1:00PM
196170085,NFL $5 Winner Take All [$100 to 1st],154078,Classic,5.0,2,23,1,100.0,2026-10-04 17:00:00+00:00,Sun 1:00PM
196170084,NFL $5 Winner Take All [$100 to 1st],154078,Classic,5.0,2,23,1,100.0,2026-10-04 17:00:00+00:00,Sun 1:00PM
196170053,NFL $5 Winner Take All [$100 to 1st],154078,Classic,5.0,1,23,1,100.0,2026-10-04 17:00:00+00:00,Sun 1:00PM
196170052,NFL $5 Winner Take All [$100 to 1st],154078,Classic,5.0,2,23,1,100.0,2026-10-04 17:00:00+00:00,Sun 1:00PM
196170051,NFL $5 Winner Take All [$100 to 1st],154078,Classic,5.0,1,23,1,100.0,2026-10-04 17:00:00+00:00,Sun 1:00PM
196170050,NFL $5 Winner Take All [$100 to 1st],154078,Classic,5.0,1,23,1,100.0,2026-10-04 17:00:00+00:00,Sun 1:00PM
196170049,NFL $5 Winner Take All [$100 to 1st],154078,Classic,5.0,1,23,1,100.0,2026-10-04 17:00:00+00:00,Sun 1:00PM
196170048,NFL $5 Winner Take All [$100 to 1st],154078,Classic,5.0,1,23,1,100.0,2026-10-04 17:00:00+00:00,Sun 1:00PM
196170047,NFL $5 Winner Take All [$100 to 1st],154078,Classic,5.0,1,23,1,100.0,2026-10-04 17:00:00+00:00,Sun 1:00PM
196170046,NFL $5 Winner Take All [$100 to 1st],154078,Classic,5.0,1,23,1,100.0,2026-10-04 17:00:00+00:00,Sun 1:00PM
196170045,NFL $5 Winner Take All [$100 to 1st],154078,Classic,5.0,1,23,1,100.0,2026-10-04 17:00:00+00:00,Sun 1:00PM
196170044,NFL $5 Winner Take All [$100 to 1st],154078,Classic,5.0,2,23,1,100.0,2026-10-04 17:00:00+00:00,Sun 1:00PM
196169982,NFL $3 Winner Take All [$1K to 1st],154078,Classic,3.0,25,396,10,1000.0,2026-10-04 17:00:00+00:00,Sun 1:00PM
196169981,NFL $3 Winner Take All [$1K to 1st],154078,Classic,3.0,25,396,10,1000.0,2026-10-04 17:00:00+00:00,Sun 1:00PM
196170094,NFL $3 Winner Take All [$100 to 1st],154078,Classic,3.0,5,39,1,100.0,2026-10-04 17:00:00+00:00,Sun 1:00PM
196170056,NFL $3 Winner Take All [$100 to 1st],154078,Classic,3.0,3,39,1,100.0,2026-10-04 17:00:00+00:00,Sun 1:00PM
196170055,NFL $3 Winner Take All [$100 to 1st],154078,Classic,3.0,3,39,1,100.0,2026-10-04 17:00:00+00:00,Sun 1:00PM
196170054,NFL $3 Winner Take All [$100 to 1st],154078,Classic,3.0,5,39,1,100.0,2026-10-04 17:00:00+00:00,Sun 1:00PM
196170022,NFL $1 Winner Take All [$500 to 1st],154078,Classic,1.0,29,594,15,500.0,2026-10-04 17:00:00+00:00,Sun 1:00PM
196170021,NFL $1 Winner Take All [$500 to 1st],154078,Classic,1.0,29,594,15,500.0,2026-10-04 17:00:00+00:00,Sun 1:00PM
196170102,NFL $1 Winner Take All [$100 to 1st],154078,Classic,1.0,16,118,3,100.0,2026-10-04 17:00:00+00:00,Sun 1:00PM
196170101,NFL $1 Winner Take All [$100 to 1st],154078,Classic,1.0,15,118,3,100.0,2026-10-04 17:00:00+00:00,Sun 1:00PM
196170100,NFL $1 Winner Take All [$100 to 1st],154078,Classic,1.0,9,118,3,100.0,2026-10-04 17:00:00+00:00,Sun 1:00PM
196170099,NFL $1 Winner Take All [$100 to 1st],154078,Classic,1.0,9,118,3,100.0,2026-10-04 17:00:00+00:00,Sun 1:00PM
196170098,NFL $1 Winner Take All [$100 to 1st],154078,Classic,1.0,9,118,3,100.0,2026-10-04 17:00:00+00:00,Sun 1:00PM
196170097,NFL $1 Winner Take All [$100 to 1st],154078,Classic,1.0,7,118,3,100.0,2026-10-04 17:00:00+00:00,Sun 1:00PM
196170096,NFL $1 Winner Take All [$100 to 1st],154078,Classic,1.0,6,118,3,100.0,2026-10-04 17:00:00+00:00,Sun 1:00PM
196170095,NFL $1 Winner Take All [$100 to 1st],154078,Classic,1.0,6,118,3,100.0,2026-10-04 17:00:00+00:00,Sun 1:00PM
196170062,NFL $1 Winner Take All [$100 to 1st],154078,Classic,1.0,6,118,3,100.0,2026-10-04 17:00:00+00:00,Sun 1:00PM
196170061,NFL $1 Winner Take All [$100 to 1st],154078,Classic,1.0,6,118,3,100.0,2026-10-04 17:00:00+00:00,Sun 1:00PM
196170060,NFL $1 Winner Take All [$100 to 1st],154078,Classic,1.0,6,118,3,100.0,2026-10-04 17:00:00+00:00,Sun 1:00PM
196170059,NFL $1 Winner Take All [$100 to 1st],154078,Classic,1.0,6,118,3,100.0,2026-10-04 17:00:00+00:00,Sun 1:00PM
196170058,NFL $1 Winner Take All [$100 to 1st],154078,Classic,1.0,6,118,3,100.0,2026-10-04 17:00:00+00:00,Sun 1:00PM
196170057,NFL $1 Winner Take All [$100 to 1st],154078,Classic,1.0,7,118,3,100.0,2026-10-04 17:00:00+00:00,Sun 1:00PM
196169983,NFL $0.25 Winner Take All [$500 to 1st],154078,Classic,0.25,173,2378,20,500.0,2026-10-04 17:00:00+00:00,Sun 1:00PM
196170110,NFL $0.25 Winner Take All [$100 to 1st],154078,Classic,0.25,73,475,10,100.0,2026-10-04 17:00:00+00:00,Sun 1:00PM
196170109,NFL $0.25 Winner Take All [$100 to 1st],154078,Classic,0.25,58,475,10,100.0,2026-10-04 17:00:00+00:00,Sun 1:00PM
196170108,NFL $0.25 Winner Take All [$100 to 1st],154078,Classic,0.25,51,475,10,100.0,2026-10-04 17:00:00+00:00,Sun 1:00PM
196170107,NFL $0.25 Winner Take All [$100 to 1st],154078,Classic,0.25,47,475,10,100.0,2026-10-04 17:00:00+00:00,Sun 1:00PM
196170106,NFL $0.25 Winner Take All [$100 to 1st],154078,Classic,0.25,37,475,10,100.0,2026-10-04 17:00:00+00:00,Sun 1:00PM
196170105,NFL $0.25 Winner Take All [$100 to 1st],154078,Classic,0.25,37,475,10,100.0,2026-10-04 17:00:00+00:00,Sun 1:00PM
196170104,NFL $0.25 Winner Take All [$100 to 1st],154078,Classic,0.25,37,475,10,100.0,2026-10-04 17:00:00+00:00,Sun 1:00PM
196170103,NFL $0.25 Winner Take All [$100 to 1st],154078,Classic,0.25,36,475,10,100.0,2026-10-04 17:00:00+00:00,Sun 1:00PM
196170072,NFL $0.25 Winner Take All [$100 to 1st],154078,Classic,0.25,38,475,10,100.0,2026-10-04 17:00:00+00:00,Sun 1:00PM
196170071,NFL $0.25 Winner Take All [$100 to 1st],154078,Classic,0.25,36,475,10,100.0,2026-10-04 17:00:00+00:00,Sun 1:00PM
196170070,NFL $0.25 Winner Take All [$100 to 1st],154078,Classic,0.25,36,475,10,100.0,2026-10-04 17:00:00+00:00,Sun 1:00PM
196170069,NFL $0.25 Winner Take All [$100 to 1st],154078,Classic,0.25,36,475,10,100.0,2026-10-04 17:00:00+00:00,Sun 1:00PM
196170068,NFL $0.25 Winner Take All [$100 to 1st],154078,Classic,0.25,36,475,10,100.0,2026-10-04 17:00:00+00:00,Sun 1:00PM
196170067,NFL $0.25 Winner Take All [$100 to 1st],154078,Classic,0.25,43,475,10,100.0,2026-10-04 17:00:00+00:00,Sun 1:00PM
196170066,NFL $0.25 Winner Take All [$100 to 1st],154078,Classic,0.25,47,475,10,100.0,2026-10-04 17:00:00+00:00,Sun 1:00PM
196170065,NFL $0.25 Winner Take All [$100 to 1st],154078,Classic,0.25,58,475,10,100.0,2026-10-04 17:00:00+00:00,Sun 1:00PM
196170064,NFL $0.25 Winner Take All [$100 to 1st],154078,Classic,0.25,51,475,10,100.0,2026-10-04 17:00:00+00:00,Sun 1:00PM
196170063,NFL $0.25 Winner Take All [$100 to 1st],154078,Classic,0.25,56,475,10,100.0,2026-10-04 17:00:00+00:00,Sun 1:00PM
196170157,Casual NFL 10x Booster [Top 10 Win $100],154078,Classic,10.0,2,117,3,1000.0,2026-10-04 17:00:00+00:00,Sun 1:00PM
196170156,Casual NFL 10x Booster [Top 10 Win $50],154078,Classic,5.0,1,118,3,500.0,2026-10-04 17:00:00+00:00,Sun 1:00PM
196170073,"NFL 10x Booster [Top 3 Win $1,000]",154078,Classic,100.0,0,33,1,3000.0,2026-10-04 17:00:00+00:00,Sun 1:00PM
196169952,NFL 10x Booster [Top 3 Win $500],154078,Classic,50.0,2,34,1,1500.0,2026-10-04 17:00:00+00:00,Sun 1:00PM
196169955,NFL 10x Booster [Top 5 Win $250],154078,Classic,25.0,4,58,1,1250.0,2026-10-04 17:00:00+00:00,Sun 1:00PM
196169954,NFL 10x Booster [Top 5 Win $250],154078,Classic,25.0,1,58,1,1250.0,2026-10-04 17:00:00+00:00,Sun 1:00PM
196169953,NFL 10x Booster [Top 5 Win $250],154078,Classic,25.0,3,58,1,1250.0,2026-10-04 17:00:00+00:00,Sun 1:00PM
196169985,NFL BIG 10x Booster [Top 30 Win $100],154078,Classic,10.0,2,352,10,3000.0,2026-10-04 17:00:00+00:00,Sun 1:00PM
196169956,NFL 10x Booster [Top 10 Win $100],154078,Classic,10.0,0,117,3,1000.0,2026-10-04 17:00:00+00:00,Sun 1:00PM
196169961,NFL 10x Booster [Top 5 Win $100],154078,Classic,10.0,1,58,1,500.0,2026-10-04 17:00:00+00:00,Sun 1:00PM
196169960,NFL 10x Booster [Top 5 Win $100],154078,Classic,10.0,2,58,1,500.0,2026-10-04 17:00:00+00:00,Sun 1:00PM
196169959,NFL 10x Booster [Top 5 Win $100],154078,Classic,10.0,3,58,1,500.0,2026-10-04 17:00:00+00:00,Sun 1:00PM
196169958,NFL 10x Booster [Top 5 Win $100],154078,Classic,10.0,4,58,1,500.0,2026-10-04 17:00:00+00:00,Sun 1:00PM
196169957,NFL 10x Booster [Top 5 Win $100],154078,Classic,10.0,1,58,1,500.0,2026-10-04 17:00:00+00:00,Sun 1:00PM
196169966,NFL 10x Booster [Top 10 Win $50],154078,Classic,5.0,9,118,3,500.0,2026-10-04 17:00:00+00:00,Sun 1:00PM
196169965,NFL 10x Booster [Top 10 Win $50],154078,Classic,5.0,9,118,3,500.0,2026-10-04 17:00:00+00:00,Sun 1:00PM
196169964,NFL 10x Booster [Top 10 Win $50],154078,Classic,5.0,6,118,3,500.0,2026-10-04 17:00:00+00:00,Sun 1:00PM
196169963,NFL 10x Booster [Top 10 Win $50],154078,Classic,5.0,3,118,3,500.0,2026-10-04 17:00:00+00:00,Sun 1:00PM
196169962,NFL 10x Booster [Top 10 Win $50],154078,Classic,5.0,7,118,3,500.0,2026-10-04 17:00:00+00:00,Sun 1:00PM
196169976,NFL 10x Booster [Top 5 Win $50],154078,Classic,5.0,5,59,1,250.0,2026-10-04 17:00:00+00:00,Sun 1:00PM
196169975,NFL 10x Booster [Top 5 Win $50],154078,Classic,5.0,3,59,1,250.0,2026-10-04 17:00:00+00:00,Sun 1:00PM
196169974,NFL 10x Booster [Top 5 Win $50],154078,Classic,5.0,1,59,1,250.0,2026-10-04 17:00:00+00:00,Sun 1:00PM
196169973,NFL 10x Booster [Top 5 Win $50],154078,Classic,5.0,1,59,1,250.0,2026-10-04 17:00:00+00:00,Sun 1:00PM
196169972,NFL 10x Booster [Top 5 Win $50],154078,Classic,5.0,0,59,1,250.0,2026-10-04 17:00:00+00:00,Sun 1:00PM
196169971,NFL 10x Booster [Top 5 Win $50],154078,Classic,5.0,0,59,1,250.0,2026-10-04 17:00:00+00:00,Sun 1:00PM
196169970,NFL 10x Booster [Top 5 Win $50],154078,Classic,5.0,0,59,1,250.0,2026-10-04 17:00:00+00:00,Sun 1:00PM
196169969,NFL 10x Booster [Top 5 Win $50],154078,Classic,5.0,0,59,1,250.0,2026-10-04 17:00:00+00:00,Sun 1:00PM
196169968,NFL 10x Booster [Top 5 Win $50],154078,Classic,5.0,0,59,1,250.0,2026-10-04 17:00:00+00:00,Sun 1:00PM
196169967,NFL 10x Booster [Top 5 Win $50],154078,Classic,5.0,0,59,1,250.0,2026-10-04 17:00:00+00:00,Sun 1:00PM
196170132,NFL 10x Booster [Top 3 Win $50],154078,Classic,5.0,0,35,1,150.0,2026-10-04 17:00:00+00:00,Sun 1:00PM
196170131,NFL 10x Booster [Top 3 Win $50],154078,Classic,5.0,0,35,1,150.0,2026-10-04 17:00:00+00:00,Sun 1:00PM
196170130,NFL 10x Booster [Top 3 Win $50],154078,Classic,5.0,2,35,1,150.0,2026-10-04 17:00:00+00:00,Sun 1:00PM
196170120,NFL 10x Booster [Top 3 Win $50],154078,Classic,5.0,2,35,1,150.0,2026-10-04 17:00:00+00:00,Sun 1:00PM
196170119,NFL 10x Booster [Top 3 Win $50],154078,Classic,5.0,1,35,1,150.0,2026-10-04 17:00:00+00:00,Sun 1:00PM
196170118,NFL 10x Booster [Top 3 Win $50],154078,Classic,5.0,1,35,1,150.0,2026-10-04 17:00:00+00:00,Sun 1:00PM
196170117,NFL 10x Booster [Top 3 Win $50],154078,Classic,5.0,3,35,1,150.0,2026-10-04 17:00:00+00:00,Sun 1:00PM
196169977,NFL 10x Booster [Top 25 Win $20],154078,Classic,2.0,11,297,8,500.0,2026-10-04 17:00:00+00:00,Sun 1:00PM
196170112,NFL 10x Booster [Top 10 Win $20],154078,Classic,2.0,5,118,3,200.0,2026-10-04 17:00:00+00:00,Sun 1:00PM
196170111,NFL 10x Booster [Top 10 Win $20],154078,Classic,2.0,4,118,3,200.0,2026-10-04 17:00:00+00:00,Sun 1:00PM
196169979,NFL 10x Booster [Top 10 Win $20],154078,Classic,2.0,4,118,3,200.0,2026-10-04 17:00:00+00:00,Sun 1:00PM
196169978,NFL 10x Booster [Top 10 Win $20],154078,Classic,2.0,6,118,3,200.0,2026-10-04 17:00:00+00:00,Sun 1:00PM
196170333,NFL 10x Booster [Top 5 Win $20],154078,Classic,2.0,3,59,1,100.0,2026-10-04 17:00:00+00:00,Sun 1:00PM
196170332,NFL 10x Booster [Top 5 Win $20],154078,Classic,2.0,2,59,1,100.0,2026-10-04 17:00:00+00:00,Sun 1:00PM
196170331,NFL 10x Booster [Top 5 Win $20],154078,Classic,2.0,2,59,1,100.0,2026-10-04 17:00:00+00:00,Sun 1:00PM
196170249,NFL 10x Booster [Top 5 Win $20],154078,Classic,2.0,3,59,1,100.0,2026-10-04 17:00:00+00:00,Sun 1:00PM
196170248,NFL 10x Booster [Top 5 Win $20],154078,Classic,2.0,2,59,1,100.0,2026-10-04 17:00:00+00:00,Sun 1:00PM
196170247,NFL 10x Booster [Top 5 Win $20],154078,Classic,2.0,1,59,1,100.0,2026-10-04 17:00:00+00:00,Sun 1:00PM
196170144,NFL 10x Booster [Top 3 Win $20],154078,Classic,2.0,5,35,1,60.0,2026-10-04 17:00:00+00:00,Sun 1:00PM
196170143,NFL 10x Booster [Top 3 Win $20],154078,Classic,2.0,3,35,1,60.0,2026-10-04 17:00:00+00:00,Sun 1:00PM
196170142,NFL 10x Booster [Top 3 Win $20],154078,Classic,2.0,4,35,1,60.0,2026-10-04 17:00:00+00:00,Sun 1:00PM
196170129,NFL 10x Booster [Top 3 Win $20],154078,Classic,2.0,3,35,1,60.0,2026-10-04 17:00:00+00:00,Sun 1:00PM
196170128,NFL 10x Booster [Top 3 Win $20],154078,Classic,2.0,4,35,1,60.0,2026-10-04 17:00:00+00:00,Sun 1:00PM
196170127,NFL 10x Booster [Top 3 Win $20],154078,Classic,2.0,2,35,1,60.0,2026-10-04 17:00:00+00:00,Sun 1:00PM
196170126,NFL 10x Booster [Top 3 Win $20],154078,Classic,2.0,1,35,1,60.0,2026-10-04 17:00:00+00:00,Sun 1:00PM
196170125,NFL 10x Booster [Top 3 Win $20],154078,Classic,2.0,1,35,1,60.0,2026-10-04 17:00:00+00:00,Sun 1:00PM
196169995,NFL BIG 40x Micro Booster [Top 50 Win $10],154078,Classic,0.25,152,2378,20,500.0,2026-10-04 17:00:00+00:00,Sun 1:00PM
196170114,NFL 40x Micro Booster [Top 20 Win $10],154078,Classic,0.25,102,951,20,200.0,2026-10-04 17:00:00+00:00,Sun 1:00PM
196170113,NFL 40x Micro Booster [Top 20 Win $10],154078,Classic,0.25,80,951,20,200.0,2026-10-04 17:00:00+00:00,Sun 1:00PM
196169994,NFL 40x Micro Booster [Top 20 Win $10],154078,Classic,0.25,43,951,20,200.0,2026-10-04 17:00:00+00:00,Sun 1:00PM
196169993,NFL 40x Micro Booster [Top 20 Win $10],154078,Classic,0.25,43,951,20,200.0,2026-10-04 17:00:00+00:00,Sun 1:00PM
196169992,NFL 40x Micro Booster [Top 20 Win $10],154078,Classic,0.25,44,951,20,200.0,2026-10-04 17:00:00+00:00,Sun 1:00PM
196169991,NFL 40x Micro Booster [Top 20 Win $10],154078,Classic,0.25,43,951,20,200.0,2026-10-04 17:00:00+00:00,Sun 1:00PM
196169990,NFL 40x Micro Booster [Top 20 Win $10],154078,Classic,0.25,44,951,20,200.0,2026-10-04 17:00:00+00:00,Sun 1:00PM
196170031,NFL $100 Quintuple Up [Top 4 Win $500],154078,Classic,100.0,1,22,1,2000.0,2026-10-04 17:00:00+00:00,Sun 1:00PM
196170411,NFL $50 Quintuple Up [Top 4 Win $250],154078,Classic,50.0,2,22,1,1000.0,2026-10-04 17:00:00+00:00,Sun 1:00PM
196170002,NFL $25 Quintuple Up [Top 4 Win $125],154078,Classic,25.0,2,22,1,500.0,2026-10-04 17:00:00+00:00,Sun 1:00PM
196170001,NFL $25 Quintuple Up [Top 4 Win $125],154078,Classic,25.0,2,22,1,500.0,2026-10-04 17:00:00+00:00,Sun 1:00PM
196170000,NFL $25 Quintuple Up [Top 4 Win $125],154078,Classic,25.0,2,22,1,500.0,2026-10-04 17:00:00+00:00,Sun 1:00PM
196170015,NFL $10 Quintuple Up [Top 5 Win $50],154078,Classic,10.0,3,28,1,250.0,2026-10-04 17:00:00+00:00,Sun 1:00PM
196170014,NFL $10 Quintuple Up [Top 5 Win $50],154078,Classic,10.0,5,28,1,250.0,2026-10-04 17:00:00+00:00,Sun 1:00PM
196170013,NFL $10 Quintuple Up [Top 5 Win $50],154078,Classic,10.0,1,28,1,250.0,2026-10-04 17:00:00+00:00,Sun 1:00PM
196170012,NFL $10 Quintuple Up [Top 5 Win $50],154078,Classic,10.0,1,28,1,250.0,2026-10-04 17:00:00+00:00,Sun 1:00PM
196169999,NFL $5 Quintuple Up [Top 10 Win $25],154078,Classic,5.0,2,57,1,250.0,2026-10-04 17:00:00+00:00,Sun 1:00PM
196169998,NFL $5 Quintuple Up [Top 10 Win $25],154078,Classic,5.0,2,57,1,250.0,2026-10-04 17:00:00+00:00,Sun 1:00PM
196169997,NFL $5 Quintuple Up [Top 10 Win $25],154078,Classic,5.0,3,57,1,250.0,2026-10-04 17:00:00+00:00,Sun 1:00PM
196169996,NFL $5 Quintuple Up [Top 10 Win $25],154078,Classic,5.0,3,57,1,250.0,2026-10-04 17:00:00+00:00,Sun 1:00PM
196170522,NFL $5 Quintuple Up [Top 5 Win $25],154078,Classic,5.0,4,28,1,125.0,2026-10-04 17:00:00+00:00,Sun 1:00PM
196170521,NFL $5 Quintuple Up [Top 5 Win $25],154078,Classic,5.0,3,28,1,125.0,2026-10-04 17:00:00+00:00,Sun 1:00PM
196170520,NFL $5 Quintuple Up [Top 5 Win $25],154078,Classic,5.0,3,28,1,125.0,2026-10-04 17:00:00+00:00,Sun 1:00PM
196170519,NFL $5 Quintuple Up [Top 5 Win $25],154078,Classic,5.0,2,28,1,125.0,2026-10-04 17:00:00+00:00,Sun 1:00PM
196170518,NFL $5 Quintuple Up [Top 5 Win $25],154078,Classic,5.0,2,28,1,125.0,2026-10-04 17:00:00+00:00,Sun 1:00PM
196170517,NFL $5 Quintuple Up [Top 5 Win $25],154078,Classic,5.0,3,28,1,125.0,2026-10-04 17:00:00+00:00,Sun 1:00PM
196169989,NFL $1 Quintuple Up [Top 25 Win $5],154078,Classic,1.0,5,143,1,125.0,2026-10-04 17:00:00+00:00,Sun 1:00PM
196169988,NFL $1 Quintuple Up [Top 25 Win $5],154078,Classic,1.0,3,143,1,125.0,2026-10-04 17:00:00+00:00,Sun 1:00PM
196169987,NFL $1 Quintuple Up [Top 25 Win $5],154078,Classic,1.0,3,143,1,125.0,2026-10-04 17:00:00+00:00,Sun 1:00PM
196169986,NFL $1 Quintuple Up [Top 25 Win $5],154078,Classic,1.0,5,143,1,125.0,2026-10-04 17:00:00+00:00,Sun 1:00PM
196170418,NFL $1 Quintuple Up [Top 10 Win $5],154078,Classic,1.0,4,57,1,50.0,2026-10-04 17:00:00+00:00,Sun 1:00PM
196170417,NFL $1 Quintuple Up [Top 10 Win $5],154078,Classic,1.0,3,57,1,50.0,2026-10-04 17:00:00+00:00,Sun 1:00PM
196170416,NFL $1 Quintuple Up [Top 10 Win $5],154078,Classic,1.0,1,57,1,50.0,2026-10-04 17:00:00+00:00,Sun 1:00PM
196170415,NFL $1 Quintuple Up [Top 10 Win $5],154078,Classic,1.0,1,57,1,50.0,2026-10-04 17:00:00+00:00,Sun 1:00PM
196170414,NFL $1 Quintuple Up [Top 10 Win $5],154078,Classic,1.0,2,57,1,50.0,2026-10-04 17:00:00+00:00,Sun 1:00PM
196170413,NFL $1 Quintuple Up [Top 10 Win $5],154078,Classic,1.0,2,57,1,50.0,2026-10-04 17:00:00+00:00,Sun 1:00PM
196170412,NFL $1 Quintuple Up [Top 10 Win $5],154078,Classic,1.0,1,57,1,50.0,2026-10-04 17:00:00+00:00,Sun 1:00PM
196170433,NFL $1 Quintuple Up [Top 5 Win $5],154078,Classic,1.0,2,28,1,25.0,2026-10-04 17:00:00+00:00,Sun 1:00PM
196170432,NFL $1 Quintuple Up [Top 5 Win $5],154078,Classic,1.0,2,28,1,25.0,2026-10-04 17:00:00+00:00,Sun 1:00PM
196170431,NFL $1 Quintuple Up [Top 5 Win $5],154078,Classic,1.0,2,28,1,25.0,2026-10-04 17:00:00+00:00,Sun 1:00PM
196170430,NFL $1 Quintuple Up [Top 5 Win $5],154078,Classic,1.0,1,28,1,25.0,2026-10-04 17:00:00+00:00,Sun 1:00PM
196170429,NFL $1 Quintuple Up [Top 5 Win $5],154078,Classic,1.0,1,28,1,25.0,2026-10-04 17:00:00+00:00,Sun 1:00PM
196170428,NFL $1 Quintuple Up [Top 5 Win $5],154078,Classic,1.0,1,28,1,25.0,2026-10-04 17:00:00+00:00,Sun 1:00PM
196170427,NFL $1 Quintuple Up [Top 5 Win $5],154078,Classic,1.0,1,28,1,25.0,2026-10-04 17:00:00+00:00,Sun 1:00PM
196170426,NFL $1 Quintuple Up [Top 5 Win $5],154078,Classic,1.0,3,28,1,25.0,2026-10-04 17:00:00+00:00,Sun 1:00PM
196170425,NFL $1 Quintuple Up [Top 5 Win $5],154078,Classic,1.0,2,28,1,25.0,2026-10-04 17:00:00+00:00,Sun 1:00PM
196170424,NFL $1 Quintuple Up [Top 5 Win $5],154078,Classic,1.0,1,28,1,25.0,2026-10-04 17:00:00+00:00,Sun 1:00PM
196170423,NFL $1 Quintuple Up [Top 5 Win $5],154078,Classic,1.0,1,28,1,25.0,2026-10-04 17:00:00+00:00,Sun 1:00PM
196170422,NFL $1 Quintuple Up [Top 5 Win $5],154078,Classic,1.0,1,28,1,25.0,2026-10-04 17:00:00+00:00,Sun 1:00PM
196170421,NFL $1 Quintuple Up [Top 5 Win $5],154078,Classic,1.0,1,28,1,25.0,2026-10-04 17:00:00+00:00,Sun 1:00PM
196170420,NFL $1 Quintuple Up [Top 5 Win $5],154078,Classic,1.0,1,28,1,25.0,2026-10-04 17:00:00+00:00,Sun 1:00PM
196170419,NFL $1 Quintuple Up [Top 5 Win $5],154078,Classic,1.0,1,28,1,25.0,2026-10-04 17:00:00+00:00,Sun 1:00PM
196170211,Casual NFL $5 Triple Up [Top 9 Win $15],154078,Classic,5.0,0,31,1,135.0,2026-10-04 17:00:00+00:00,Sun 1:00PM
196170212,Casual NFL $1 Triple Up [Top 9 Win $3],154078,Classic,1.0,2,31,1,27.0,2026-10-04 17:00:00+00:00,Sun 1:00PM
196170016,NFL $250 Triple Up [Top 3 Win $750],154078,Classic,250.0,1,10,1,2250.0,2026-10-04 17:00:00+00:00,Sun 1:00PM
196170395,NFL $100 Triple Up [Top 3 Win $300],154078,Classic,100.0,1,10,1,900.0,2026-10-04 17:00:00+00:00,Sun 1:00PM
196170394,NFL $100 Triple Up [Top 3 Win $300],154078,Classic,100.0,1,10,1,900.0,2026-10-04 17:00:00+00:00,Sun 1:00PM
196170393,NFL $100 Triple Up [Top 3 Win $300],154078,Classic,100.0,1,10,1,900.0,2026-10-04 17:00:00+00:00,Sun 1:00PM
196170210,NFL $50 Triple Up [Top 10 Win $150],154078,Classic,50.0,1,34,1,1500.0,2026-10-04 17:00:00+00:00,Sun 1:00PM
196170352,NFL $50 Triple Up [Top 5 Win $150],154078,Classic,50.0,1,17,1,750.0,2026-10-04 17:00:00+00:00,Sun 1:00PM
196169949,NFL $25 Triple Up [Top 18 Win $75],154078,Classic,25.0,2,62,1,1350.0,2026-10-04 17:00:00+00:00,Sun 1:00PM
196170209,NFL $25 Triple Up [Top 9 Win $75],154078,Classic,25.0,1,31,1,675.0,2026-10-04 17:00:00+00:00,Sun 1:00PM
196170208,NFL $25 Triple Up [Top 9 Win $75],154078,Classic,25.0,1,31,1,675.0,2026-10-04 17:00:00+00:00,Sun 1:00PM
196169950,NFL $10 Triple Up [Top 30 Win $30] (Multi-Entry),154078,Classic,10.0,3,103,3,900.0,2026-10-04 17:00:00+00:00,Sun 1:00PM
196170246,NFL $10 Triple Up [Top 18 Win $30],154078,Classic,10.0,3,62,1,540.0,2026-10-04 17:00:00+00:00,Sun 1:00PM
196170207,NFL $10 Triple Up [Top 18 Win $30],154078,Classic,10.0,3,62,1,540.0,2026-10-04 17:00:00+00:00,Sun 1:00PM
196170206,NFL $10 Triple Up [Top 9 Win $30],154078,Classic,10.0,1,31,1,270.0,2026-10-04 17:00:00+00:00,Sun 1:00PM
196170205,NFL $10 Triple Up [Top 9 Win $30],154078,Classic,10.0,1,31,1,270.0,2026-10-04 17:00:00+00:00,Sun 1:00PM
196170204,NFL $10 Triple Up [Top 9 Win $30],154078,Classic,10.0,1,31,1,270.0,2026-10-04 17:00:00+00:00,Sun 1:00PM
196170203,NFL $10 Triple Up [Top 9 Win $30],154078,Classic,10.0,1,31,1,270.0,2026-10-04 17:00:00+00:00,Sun 1:00PM
196170202,NFL $10 Triple Up [Top 9 Win $30],154078,Classic,10.0,1,31,1,270.0,2026-10-04 17:00:00+00:00,Sun 1:00PM
196170245,NFL $5 Triple Up [Top 18 Win $15],154078,Classic,5.0,3,62,1,270.0,2026-10-04 17:00:00+00:00,Sun 1:00PM
196170244,NFL $5 Triple Up [Top 18 Win $15],154078,Classic,5.0,3,62,1,270.0,2026-10-04 17:00:00+00:00,Sun 1:00PM
196170201,NFL $5 Triple Up [Top 18 Win $15],154078,Classic,5.0,3,62,1,270.0,2026-10-04 17:00:00+00:00,Sun 1:00PM
196170200,NFL $5 Triple Up [Top 18 Win $15],154078,Classic,5.0,3,62,1,270.0,2026-10-04 17:00:00+00:00,Sun 1:00PM
196170199,NFL $5 Triple Up [Top 18 Win $15],154078,Classic,5.0,3,62,1,270.0,2026-10-04 17:00:00+00:00,Sun 1:00PM
196170198,NFL $5 Triple Up [Top 9 Win $15],154078,Classic,5.0,2,31,1,135.0,2026-10-04 17:00:00+00:00,Sun 1:00PM
196170197,NFL $5 Triple Up [Top 9 Win $15],154078,Classic,5.0,2,31,1,135.0,2026-10-04 17:00:00+00:00,Sun 1:00PM
196170196,NFL $5 Triple Up [Top 9 Win $15],154078,Classic,5.0,2,31,1,135.0,2026-10-04 17:00:00+00:00,Sun 1:00PM
196170195,NFL $5 Triple Up [Top 9 Win $15],154078,Classic,5.0,2,31,1,135.0,2026-10-04 17:00:00+00:00,Sun 1:00PM
196170194,NFL $5 Triple Up [Top 9 Win $15],154078,Classic,5.0,1,31,1,135.0,2026-10-04 17:00:00+00:00,Sun 1:00PM
196170193,NFL $5 Triple Up [Top 9 Win $15],154078,Classic,5.0,1,31,1,135.0,2026-10-04 17:00:00+00:00,Sun 1:00PM
196170192,NFL $5 Triple Up [Top 9 Win $15],154078,Classic,5.0,1,31,1,135.0,2026-10-04 17:00:00+00:00,Sun 1:00PM
196169951,NFL $1 Triple Up [Top 60 Win $3] (Multi-Entry),154078,Classic,1.0,18,206,6,180.0,2026-10-04 17:00:00+00:00,Sun 1:00PM
196170243,NFL $1 Triple Up [Top 30 Win $3],154078,Classic,1.0,4,103,1,90.0,2026-10-04 17:00:00+00:00,Sun 1:00PM
196170242,NFL $1 Triple Up [Top 30 Win $3],154078,Classic,1.0,4,103,1,90.0,2026-10-04 17:00:00+00:00,Sun 1:00PM
196170176,NFL $1 Triple Up [Top 30 Win $3],154078,Classic,1.0,4,103,1,90.0,2026-10-04 17:00:00+00:00,Sun 1:00PM
196170175,NFL $1 Triple Up [Top 30 Win $3],154078,Classic,1.0,4,103,1,90.0,2026-10-04 17:00:00+00:00,Sun 1:00PM
196170174,NFL $1 Triple Up [Top 30 Win $3],154078,Classic,1.0,4,103,1,90.0,2026-10-04 17:00:00+00:00,Sun 1:00PM
196170173,NFL $1 Triple Up [Top 30 Win $3],154078,Classic,1.0,4,103,1,90.0,2026-10-04 17:00:00+00:00,Sun 1:00PM
196170241,NFL $1 Triple Up [Top 18 Win $3],154078,Classic,1.0,3,62,1,54.0,2026-10-04 17:00:00+00:00,Sun 1:00PM
196170172,NFL $1 Triple Up [Top 18 Win $3],154078,Classic,1.0,3,62,1,54.0,2026-10-04 17:00:00+00:00,Sun 1:00PM
196170171,NFL $1 Triple Up [Top 18 Win $3],154078,Classic,1.0,3,62,1,54.0,2026-10-04 17:00:00+00:00,Sun 1:00PM
196170191,NFL $1 Triple Up [Top 9 Win $3],154078,Classic,1.0,3,31,1,27.0,2026-10-04 17:00:00+00:00,Sun 1:00PM
196170190,NFL $1 Triple Up [Top 9 Win $3],154078,Classic,1.0,2,31,1,27.0,2026-10-04 17:00:00+00:00,Sun 1:00PM
196170189,NFL $1 Triple Up [Top 9 Win $3],154078,Classic,1.0,2,31,1,27.0,2026-10-04 17:00:00+00:00,Sun 1:00PM
196170188,NFL $1 Triple Up [Top 9 Win $3],154078,Classic,1.0,2,31,1,27.0,2026-10-04 17:00:00+00:00,Sun 1:00PM
196170187,NFL $1 Triple Up [Top 9 Win $3],154078,Classic,1.0,2,31,1,27.0,2026-10-04 17:00:00+00:00,Sun 1:00PM
196170186,NFL $1 Triple Up [Top 9 Win $3],154078,Classic,1.0,2,31,1,27.0,2026-10-04 17:00:00+00:00,Sun 1:00PM
196170185,NFL $1 Triple Up [Top 9 Win $3],154078,Classic,1.0,2,31,1,27.0,2026-10-04 17:00:00+00:00,Sun 1:00PM
196170184,NFL $1 Triple Up [Top 9 Win $3],154078,Classic,1.0,2,31,1,27.0,2026-10-04 17:00:00+00:00,Sun 1:00PM
196170183,NFL $1 Triple Up [Top 9 Win $3],154078,Classic,1.0,2,31,1,27.0,2026-10-04 17:00:00+00:00,Sun 1:00PM
196170182,NFL $1 Triple Up [Top 9 Win $3],154078,Classic,1.0,3,31,1,27.0,2026-10-04 17:00:00+00:00,Sun 1:00PM
196170181,NFL $1 Triple Up [Top 9 Win $3],154078,Classic,1.0,2,31,1,27.0,2026-10-04 17:00:00+00:00,Sun 1:00PM
196170180,NFL $1 Triple Up [Top 9 Win $3],154078,Classic,1.0,2,31,1,27.0,2026-10-04 17:00:00+00:00,Sun 1:00PM
196170179,NFL $1 Triple Up [Top 9 Win $3],154078,Classic,1.0,2,31,1,27.0,2026-10-04 17:00:00+00:00,Sun 1:00PM
196170178,NFL $1 Triple Up [Top 9 Win $3],154078,Classic,1.0,2,31,1,27.0,2026-10-04 17:00:00+00:00,Sun 1:00PM
196170177,NFL $1 Triple Up [Top 9 Win $3],154078,Classic,1.0,2,31,1,27.0,2026-10-04 17:00:00+00:00,Sun 1:00PM
196170028,Beginner NFL $25 Double Up,154078,Classic,25.0,0,11,1,250.0,2026-10-04 17:00:00+00:00,Sun 1:00PM
196170027,Beginner NFL $25 Double Up,154078,Classic,25.0,0,11,1,250.0,2026-10-04 17:00:00+00:00,Sun 1:00PM
196170335,Beginner NFL $10 Double Up,154078,Classic,10.0,0,11,1,100.0,2026-10-04 17:00:00+00:00,Sun 1:00PM
196170334,Beginner NFL $10 Double Up,154078,Classic,10.0,0,11,1,100.0,2026-10-04 17:00:00+00:00,Sun 1:00PM
196170141,Beginner NFL $5 Double Up,154078,Classic,5.0,0,23,1,100.0,2026-10-04 17:00:00+00:00,Sun 1:00PM
196170140,Beginner NFL $3 Double Up,154078,Classic,3.0,0,23,1,60.0,2026-10-04 17:00:00+00:00,Sun 1:00PM
196170139,Beginner NFL $1 Double Up,154078,Classic,1.0,3,23,1,20.0,2026-10-04 17:00:00+00:00,Sun 1:00PM
196170138,Beginner NFL $1 Double Up,154078,Classic,1.0,1,23,1,20.0,2026-10-04 17:00:00+00:00,Sun 1:00PM
196170312,Casual NFL $50 Double Up,154078,Classic,50.0,1,11,1,500.0,2026-10-04 17:00:00+00:00,Sun 1:00PM
196170159,Casual NFL $25 Double Up,154078,Classic,25.0,1,11,1,250.0,2026-10-04 17:00:00+00:00,Sun 1:00PM
196170158,Casual NFL $25 Double Up,154078,Classic,25.0,1,11,1,250.0,2026-10-04 17:00:00+00:00,Sun 1:00PM
196170337,Casual NFL $10 Double Up,154078,Classic,10.0,2,23,1,200.0,2026-10-04 17:00:00+00:00,Sun 1:00PM
196170336,Casual NFL $10 Double Up,154078,Classic,10.0,2,23,1,200.0,2026-10-04 17:00:00+00:00,Sun 1:00PM
196170342,Casual NFL $10 Double Up,154078,Classic,10.0,1,11,1,100.0,2026-10-04 17:00:00+00:00,Sun 1:00PM
196170341,Casual NFL $10 Double Up,154078,Classic,10.0,1,11,1,100.0,2026-10-04 17:00:00+00:00,Sun 1:00PM
196170340,Casual NFL $10 Double Up,154078,Classic,10.0,0,11,1,100.0,2026-10-04 17:00:00+00:00,Sun 1:00PM
196170339,Casual NFL $10 Double Up,154078,Classic,10.0,0,11,1,100.0,2026-10-04 17:00:00+00:00,Sun 1:00PM
196170338,Casual NFL $10 Double Up,154078,Classic,10.0,0,11,1,100.0,2026-10-04 17:00:00+00:00,Sun 1:00PM
196170165,Casual NFL $5 Double Up,154078,Classic,5.0,2,23,1,100.0,2026-10-04 17:00:00+00:00,Sun 1:00PM
196170164,Casual NFL $5 Double Up,154078,Classic,5.0,1,23,1,100.0,2026-10-04 17:00:00+00:00,Sun 1:00PM
196170163,Casual NFL $5 Double Up,154078,Classic,5.0,1,23,1,100.0,2026-10-04 17:00:00+00:00,Sun 1:00PM
196170162,Casual NFL $5 Double Up,154078,Classic,5.0,2,23,1,100.0,2026-10-04 17:00:00+00:00,Sun 1:00PM
196170161,Casual NFL $5 Double Up,154078,Classic,5.0,0,23,1,100.0,2026-10-04 17:00:00+00:00,Sun 1:00PM
196170160,Casual NFL $5 Double Up,154078,Classic,5.0,0,23,1,100.0,2026-10-04 17:00:00+00:00,Sun 1:00PM
196170289,Casual NFL $3 Double Up,154078,Classic,3.0,1,62,1,162.0,2026-10-04 17:00:00+00:00,Sun 1:00PM
196170294,Casual NFL $3 Double Up,154078,Classic,3.0,0,39,1,102.0,2026-10-04 17:00:00+00:00,Sun 1:00PM
196170167,Casual NFL $3 Double Up,154078,Classic,3.0,0,23,1,60.0,2026-10-04 17:00:00+00:00,Sun 1:00PM
196170166,Casual NFL $3 Double Up,154078,Classic,3.0,0,23,1,60.0,2026-10-04 17:00:00+00:00,Sun 1:00PM
196170291,Casual NFL $1 Double Up,154078,Classic,1.0,4,124,1,108.0,2026-10-04 17:00:00+00:00,Sun 1:00PM
196170290,Casual NFL $1 Double Up,154078,Classic,1.0,2,124,1,108.0,2026-10-04 17:00:00+00:00,Sun 1:00PM
196170288,Casual NFL $1 Double Up,154078,Classic,1.0,2,62,1,54.0,2026-10-04 17:00:00+00:00,Sun 1:00PM
196170293,Casual NFL $1 Double Up,154078,Classic,1.0,2,39,1,34.0,2026-10-04 17:00:00+00:00,Sun 1:00PM
196170292,Casual NFL $1 Double Up,154078,Classic,1.0,1,39,1,34.0,2026-10-04 17:00:00+00:00,Sun 1:00PM
196170170,Casual NFL $1 Double Up,154078,Classic,1.0,1,23,1,20.0,2026-10-04 17:00:00+00:00,Sun 1:00PM
196170169,Casual NFL $1 Double Up,154078,Classic,1.0,2,23,1,20.0,2026-10-04 17:00:00+00:00,Sun 1:00PM
196170168,Casual NFL $1 Double Up,154078,Classic,1.0,2,23,1,20.0,2026-10-04 17:00:00+00:00,Sun 1:00PM
196170350,"NFL $1,060 50-50 [Top 50% Win]",154078,Classic,1060.0,1,6,1,6000.0,2026-10-04 17:00:00+00:00,Sun 1:00PM
196170024,NFL $530 50-50 [Top 50% Win],154078,Classic,530.0,1,10,1,5000.0,2026-10-04 17:00:00+00:00,Sun 1:00PM
196169984,NFL $250 Double Up,154078,Classic,250.0,1,11,1,2500.0,2026-10-04 17:00:00+00:00,Sun 1:00PM
196170030,NFL $100 Double Up,154078,Classic,100.0,2,22,1,2000.0,2026-10-04 17:00:00+00:00,Sun 1:00PM
196170133,NFL $100 Double Up,154078,Classic,100.0,1,11,1,1000.0,2026-10-04 17:00:00+00:00,Sun 1:00PM
196170116,NFL $100 Double Up,154078,Classic,100.0,1,11,1,1000.0,2026-10-04 17:00:00+00:00,Sun 1:00PM
196170115,NFL $100 Double Up,154078,Classic,100.0,2,11,1,1000.0,2026-10-04 17:00:00+00:00,Sun 1:00PM
196170284,NFL $50 Double Up,154078,Classic,50.0,4,100,1,4400.0,2026-10-04 17:00:00+00:00,Sun 1:00PM
196170283,NFL $50 Double Up,154078,Classic,50.0,3,50,1,2200.0,2026-10-04 17:00:00+00:00,Sun 1:00PM
196170239,NFL $50 Double Up,154078,Classic,50.0,3,22,1,1000.0,2026-10-04 17:00:00+00:00,Sun 1:00PM
196170238,NFL $50 Double Up,154078,Classic,50.0,3,22,1,1000.0,2026-10-04 17:00:00+00:00,Sun 1:00PM
196170311,NFL $50 Double Up,154078,Classic,50.0,2,11,1,500.0,2026-10-04 17:00:00+00:00,Sun 1:00PM
196170123,NFL $50 Double Up,154078,Classic,50.0,2,11,1,500.0,2026-10-04 17:00:00+00:00,Sun 1:00PM
196170122,NFL $50 Double Up,154078,Classic,50.0,2,11,1,500.0,2026-10-04 17:00:00+00:00,Sun 1:00PM
196170121,NFL $50 Double Up,154078,Classic,50.0,2,11,1,500.0,2026-10-04 17:00:00+00:00,Sun 1:00PM
196170282,NFL $25 Double Up,154078,Classic,25.0,4,85,1,1850.0,2026-10-04 17:00:00+00:00,Sun 1:00PM
196170286,NFL $25 Double Up,154078,Classic,25.0,3,62,1,1350.0,2026-10-04 17:00:00+00:00,Sun 1:00PM
196170281,NFL $25 Double Up,154078,Classic,25.0,3,62,1,1350.0,2026-10-04 17:00:00+00:00,Sun 1:00PM
196170310,NFL $25 Double Up,154078,Classic,25.0,3,39,1,850.0,2026-10-04 17:00:00+00:00,Sun 1:00PM
196170309,NFL $25 Double Up,154078,Classic,25.0,4,39,1,850.0,2026-10-04 17:00:00+00:00,Sun 1:00PM
196170137,NFL $25 Double Up,154078,Classic,25.0,4,22,1,500.0,2026-10-04 17:00:00+00:00,Sun 1:00PM
196170136,NFL $25 Double Up,154078,Classic,25.0,4,22,1,500.0,2026-10-04 17:00:00+00:00,Sun 1:00PM
196170135,NFL $25 Double Up,154078,Classic,25.0,4,22,1,500.0,2026-10-04 17:00:00+00:00,Sun 1:00PM
196170134,NFL $25 Double Up,154078,Classic,25.0,4,22,1,500.0,2026-10-04 17:00:00+00:00,Sun 1:00PM
196170511,NFL $25 Double Up,154078,Classic,25.0,2,11,1,250.0,2026-10-04 17:00:00+00:00,Sun 1:00PM
196170510,NFL $25 Double Up,154078,Classic,25.0,2,11,1,250.0,2026-10-04 17:00:00+00:00,Sun 1:00PM
196170509,NFL $25 Double Up,154078,Classic,25.0,2,11,1,250.0,2026-10-04 17:00:00+00:00,Sun 1:00PM
196170508,NFL $25 Double Up,154078,Classic,25.0,2,11,1,250.0,2026-10-04 17:00:00+00:00,Sun 1:00PM
196170034,NFL $25 Double Up,154078,Classic,25.0,2,11,1,250.0,2026-10-04 17:00:00+00:00,Sun 1:00PM
196170033,NFL $25 Double Up,154078,Classic,25.0,2,11,1,250.0,2026-10-04 17:00:00+00:00,Sun 1:00PM
196170032,NFL $25 Double Up,154078,Classic,25.0,2,11,1,250.0,2026-10-04 17:00:00+00:00,Sun 1:00PM
196170285,NFL $10 Double Up,154078,Classic,10.0,5,124,1,1080.0,2026-10-04 17:00:00+00:00,Sun 1:00PM
196170280,NFL $10 Double Up,154078,Classic,10.0,5,124,1,1080.0,2026-10-04 17:00:00+00:00,Sun 1:00PM
196170279,NFL $10 Double Up,154078,Classic,10.0,5,124,1,1080.0,2026-10-04 17:00:00+00:00,Sun 1:00PM
196170277,NFL $10 Double Up,154078,Classic,10.0,6,124,1,1080.0,2026-10-04 17:00:00+00:00,Sun 1:00PM
196170287,NFL $10 Double Up,154078,Classic,10.0,3,62,1,540.0,2026-10-04 17:00:00+00:00,Sun 1:00PM
196170276,NFL $10 Double Up,154078,Classic,10.0,3,62,1,540.0,2026-10-04 17:00:00+00:00,Sun 1:00PM
196170308,NFL $10 Double Up,154078,Classic,10.0,3,39,1,340.0,2026-10-04 17:00:00+00:00,Sun 1:00PM
196170307,NFL $10 Double Up,154078,Classic,10.0,3,39,1,340.0,2026-10-04 17:00:00+00:00,Sun 1:00PM
196170155,NFL $10 Double Up,154078,Classic,10.0,3,23,1,200.0,2026-10-04 17:00:00+00:00,Sun 1:00PM
196170154,NFL $10 Double Up,154078,Classic,10.0,3,23,1,200.0,2026-10-04 17:00:00+00:00,Sun 1:00PM
196170153,NFL $10 Double Up,154078,Classic,10.0,3,23,1,200.0,2026-10-04 17:00:00+00:00,Sun 1:00PM
196170327,NFL $10 Double Up,154078,Classic,10.0,3,11,1,100.0,2026-10-04 17:00:00+00:00,Sun 1:00PM
196170326,NFL $10 Double Up,154078,Classic,10.0,3,11,1,100.0,2026-10-04 17:00:00+00:00,Sun 1:00PM
196170325,NFL $10 Double Up,154078,Classic,10.0,3,11,1,100.0,2026-10-04 17:00:00+00:00,Sun 1:00PM
196170324,NFL $10 Double Up,154078,Classic,10.0,3,11,1,100.0,2026-10-04 17:00:00+00:00,Sun 1:00PM
196170323,NFL $10 Double Up,154078,Classic,10.0,3,11,1,100.0,2026-10-04 17:00:00+00:00,Sun 1:00PM
196170322,NFL $10 Double Up,154078,Classic,10.0,3,11,1,100.0,2026-10-04 17:00:00+00:00,Sun 1:00PM
196170321,NFL $10 Double Up,154078,Classic,10.0,3,11,1,100.0,2026-10-04 17:00:00+00:00,Sun 1:00PM
196170320,NFL $10 Double Up,154078,Classic,10.0,3,11,1,100.0,2026-10-04 17:00:00+00:00,Sun 1:00PM
196170319,NFL $10 Double Up,154078,Classic,10.0,3,11,1,100.0,2026-10-04 17:00:00+00:00,Sun 1:00PM
196170318,NFL $10 Double Up,154078,Classic,10.0,3,11,1,100.0,2026-10-04 17:00:00+00:00,Sun 1:00PM
196170516,NFL $10 Double Up,154078,Classic,10.0,3,11,1,100.0,2026-10-04 17:00:00+00:00,Sun 1:00PM
196170515,NFL $10 Double Up,154078,Classic,10.0,3,11,1,100.0,2026-10-04 17:00:00+00:00,Sun 1:00PM
196170514,NFL $10 Double Up,154078,Classic,10.0,3,11,1,100.0,2026-10-04 17:00:00+00:00,Sun 1:00PM
196170513,NFL $10 Double Up,154078,Classic,10.0,3,11,1,100.0,2026-10-04 17:00:00+00:00,Sun 1:00PM
196170512,NFL $10 Double Up,154078,Classic,10.0,3,11,1,100.0,2026-10-04 17:00:00+00:00,Sun 1:00PM
196170240,NFL $5 Double Up [3 Entry Max],154078,Classic,5.0,7,344,3,1500.0,2026-10-04 17:00:00+00:00,Sun 1:00PM
196170275,NFL $5 Double Up,154078,Classic,5.0,6,124,1,540.0,2026-10-04 17:00:00+00:00,Sun 1:00PM
196170274,NFL $5 Double Up,154078,Classic,5.0,4,124,1,540.0,2026-10-04 17:00:00+00:00,Sun 1:00PM
196170273,NFL $5 Double Up,154078,Classic,5.0,2,62,1,270.0,2026-10-04 17:00:00+00:00,Sun 1:00PM
196170272,NFL $5 Double Up,154078,Classic,5.0,2,62,1,270.0,2026-10-04 17:00:00+00:00,Sun 1:00PM
196170306,NFL $5 Double Up,154078,Classic,5.0,4,39,1,170.0,2026-10-04 17:00:00+00:00,Sun 1:00PM
196170305,NFL $5 Double Up,154078,Classic,5.0,2,39,1,170.0,2026-10-04 17:00:00+00:00,Sun 1:00PM
196170304,NFL $5 Double Up,154078,Classic,5.0,2,39,1,170.0,2026-10-04 17:00:00+00:00,Sun 1:00PM
196170303,NFL $5 Double Up,154078,Classic,5.0,2,39,1,170.0,2026-10-04 17:00:00+00:00,Sun 1:00PM
196170302,NFL $5 Double Up,154078,Classic,5.0,2,39,1,170.0,2026-10-04 17:00:00+00:00,Sun 1:00PM
196170152,NFL $5 Double Up,154078,Classic,5.0,2,23,1,100.0,2026-10-04 17:00:00+00:00,Sun 1:00PM
196170151,NFL $5 Double Up,154078,Classic,5.0,2,23,1,100.0,2026-10-04 17:00:00+00:00,Sun 1:00PM
196170150,NFL $5 Double Up,154078,Classic,5.0,2,23,1,100.0,2026-10-04 17:00:00+00:00,Sun 1:00PM
196170149,NFL $5 Double Up,154078,Classic,5.0,2,23,1,100.0,2026-10-04 17:00:00+00:00,Sun 1:00PM
196170148,NFL $5 Double Up,154078,Classic,5.0,2,23,1,100.0,2026-10-04 17:00:00+00:00,Sun 1:00PM
196170147,NFL $5 Double Up,154078,Classic,5.0,2,23,1,100.0,2026-10-04 17:00:00+00:00,Sun 1:00PM
196170146,NFL $5 Double Up,154078,Classic,5.0,2,23,1,100.0,2026-10-04 17:00:00+00:00,Sun 1:00PM
196170145,NFL $5 Double Up,154078,Classic,5.0,2,23,1,100.0,2026-10-04 17:00:00+00:00,Sun 1:00PM
196170231,NFL $5 Double Up,154078,Classic,5.0,2,23,1,100.0,2026-10-04 17:00:00+00:00,Sun 1:00PM
196170230,NFL $5 Double Up,154078,Classic,5.0,2,23,1,100.0,2026-10-04 17:00:00+00:00,Sun 1:00PM
196170229,NFL $5 Double Up,154078,Classic,5.0,2,23,1,100.0,2026-10-04 17:00:00+00:00,Sun 1:00PM
196170228,NFL $5 Double Up,154078,Classic,5.0,2,23,1,100.0,2026-10-04 17:00:00+00:00,Sun 1:00PM
196170227,NFL $5 Double Up,154078,Classic,5.0,2,23,1,100.0,2026-10-04 17:00:00+00:00,Sun 1:00PM
196170236,NFL $3 Double Up,154078,Classic,3.0,80,1149,20,3000.0,2026-10-04 17:00:00+00:00,Sun 1:00PM
196170237,NFL $3 Double Up [3 Entry Max],154078,Classic,3.0,16,344,3,900.0,2026-10-04 17:00:00+00:00,Sun 1:00PM
196169943,NFL $3 Double Up,154078,Classic,3.0,9,229,1,600.0,2026-10-04 17:00:00+00:00,Sun 1:00PM
196169942,NFL $3 Double Up,154078,Classic,3.0,6,229,1,600.0,2026-10-04 17:00:00+00:00,Sun 1:00PM
196170344,NFL $3 Double Up,154078,Classic,3.0,3,124,1,324.0,2026-10-04 17:00:00+00:00,Sun 1:00PM
196170343,NFL $3 Double Up,154078,Classic,3.0,3,124,1,324.0,2026-10-04 17:00:00+00:00,Sun 1:00PM
196170271,NFL $3 Double Up,154078,Classic,3.0,3,124,1,324.0,2026-10-04 17:00:00+00:00,Sun 1:00PM
196170270,NFL $3 Double Up,154078,Classic,3.0,3,124,1,324.0,2026-10-04 17:00:00+00:00,Sun 1:00PM
196170269,NFL $3 Double Up,154078,Classic,3.0,4,124,1,324.0,2026-10-04 17:00:00+00:00,Sun 1:00PM
196170268,NFL $3 Double Up,154078,Classic,3.0,4,124,1,324.0,2026-10-04 17:00:00+00:00,Sun 1:00PM
196170267,NFL $3 Double Up,154078,Classic,3.0,1,62,1,162.0,2026-10-04 17:00:00+00:00,Sun 1:00PM
196170266,NFL $3 Double Up,154078,Classic,3.0,1,62,1,162.0,2026-10-04 17:00:00+00:00,Sun 1:00PM
196170265,NFL $3 Double Up,154078,Classic,3.0,2,62,1,162.0,2026-10-04 17:00:00+00:00,Sun 1:00PM
196170301,NFL $3 Double Up,154078,Classic,3.0,1,39,1,102.0,2026-10-04 17:00:00+00:00,Sun 1:00PM
196170300,NFL $3 Double Up,154078,Classic,3.0,1,39,1,102.0,2026-10-04 17:00:00+00:00,Sun 1:00PM
196170226,NFL $3 Double Up,154078,Classic,3.0,2,23,1,60.0,2026-10-04 17:00:00+00:00,Sun 1:00PM
196170225,NFL $3 Double Up,154078,Classic,3.0,1,23,1,60.0,2026-10-04 17:00:00+00:00,Sun 1:00PM
196170224,NFL $3 Double Up,154078,Classic,3.0,1,23,1,60.0,2026-10-04 17:00:00+00:00,Sun 1:00PM
196170223,NFL $3 Double Up,154078,Classic,3.0,1,23,1,60.0,2026-10-04 17:00:00+00:00,Sun 1:00PM
196170222,NFL $3 Double Up,154078,Classic,3.0,1,23,1,60.0,2026-10-04 17:00:00+00:00,Sun 1:00PM
196170221,NFL $3 Double Up,154078,Classic,3.0,1,23,1,60.0,2026-10-04 17:00:00+00:00,Sun 1:00PM
196170220,NFL $3 Double Up,154078,Classic,3.0,1,23,1,60.0,2026-10-04 17:00:00+00:00,Sun 1:00PM
196170219,NFL $3 Double Up,154078,Classic,3.0,1,23,1,60.0,2026-10-04 17:00:00+00:00,Sun 1:00PM
196170218,NFL $3 Double Up,154078,Classic,3.0,1,23,1,60.0,2026-10-04 17:00:00+00:00,Sun 1:00PM
196170217,NFL $3 Double Up,154078,Classic,3.0,1,23,1,60.0,2026-10-04 17:00:00+00:00,Sun 1:00PM
196170497,NFL $3 Double Up,154078,Classic,3.0,1,23,1,60.0,2026-10-04 17:00:00+00:00,Sun 1:00PM
196170496,NFL $3 Double Up,154078,Classic,3.0,1,23,1,60.0,2026-10-04 17:00:00+00:00,Sun 1:00PM
196170495,NFL $3 Double Up,154078,Classic,3.0,1,23,1,60.0,2026-10-04 17:00:00+00:00,Sun 1:00PM
196170494,NFL $3 Double Up,154078,Classic,3.0,1,23,1,60.0,2026-10-04 17:00:00+00:00,Sun 1:00PM
196170232,NFL $1 Double Up [3 Entry Max],154078,Classic,1.0,41,862,3,750.0,2026-10-04 17:00:00+00:00,Sun 1:00PM
196170235,NFL $1 Double Up,154078,Classic,1.0,18,459,1,400.0,2026-10-04 17:00:00+00:00,Sun 1:00PM
196170234,NFL $1 Double Up,154078,Classic,1.0,17,459,1,400.0,2026-10-04 17:00:00+00:00,Sun 1:00PM
196170233,NFL $1 Double Up,154078,Classic,1.0,15,459,1,400.0,2026-10-04 17:00:00+00:00,Sun 1:00PM
196169948,NFL $1 Double Up,154078,Classic,1.0,8,229,1,200.0,2026-10-04 17:00:00+00:00,Sun 1:00PM
196169947,NFL $1 Double Up,154078,Classic,1.0,7,229,1,200.0,2026-10-04 17:00:00+00:00,Sun 1:00PM
196169946,NFL $1 Double Up,154078,Classic,1.0,4,229,1,200.0,2026-10-04 17:00:00+00:00,Sun 1:00PM
196169945,NFL $1 Double Up,154078,Classic,1.0,6,229,1,200.0,2026-10-04 17:00:00+00:00,Sun 1:00PM
196169944,NFL $1 Double Up,154078,Classic,1.0,6,229,1,200.0,2026-10-04 17:00:00+00:00,Sun 1:00PM
196170264,NFL $1 Double Up,154078,Classic,1.0,3,124,1,108.0,2026-10-04 17:00:00+00:00,Sun 1:00PM
196170263,NFL $1 Double Up,154078,Classic,1.0,3,124,1,108.0,2026-10-04 17:00:00+00:00,Sun 1:00PM
196170262,NFL $1 Double Up,154078,Classic,1.0,3,124,1,108.0,2026-10-04 17:00:00+00:00,Sun 1:00PM
196170261,NFL $1 Double Up,154078,Classic,1.0,3,124,1,108.0,2026-10-04 17:00:00+00:00,Sun 1:00PM
196170260,NFL $1 Double Up,154078,Classic,1.0,3,124,1,108.0,2026-10-04 17:00:00+00:00,Sun 1:00PM
196170259,NFL $1 Double Up,154078,Classic,1.0,3,124,1,108.0,2026-10-04 17:00:00+00:00,Sun 1:00PM
196170349,NFL $1 Double Up,154078,Classic,1.0,1,62,1,54.0,2026-10-04 17:00:00+00:00,Sun 1:00PM
196170348,NFL $1 Double Up,154078,Classic,1.0,1,62,1,54.0,2026-10-04 17:00:00+00:00,Sun 1:00PM
196170347,NFL $1 Double Up,154078,Classic,1.0,1,62,1,54.0,2026-10-04 17:00:00+00:00,Sun 1:00PM
196170346,NFL $1 Double Up,154078,Classic,1.0,1,62,1,54.0,2026-10-04 17:00:00+00:00,Sun 1:00PM
196170345,NFL $1 Double Up,154078,Classic,1.0,1,62,1,54.0,2026-10-04 17:00:00+00:00,Sun 1:00PM
196170258,NFL $1 Double Up,154078,Classic,1.0,1,62,1,54.0,2026-10-04 17:00:00+00:00,Sun 1:00PM
196170257,NFL $1 Double Up,154078,Classic,1.0,1,62,1,54.0,2026-10-04 17:00:00+00:00,Sun 1:00PM
196170256,NFL $1 Double Up,154078,Classic,1.0,1,62,1,54.0,2026-10-04 17:00:00+00:00,Sun 1:00PM
196170255,NFL $1 Double Up,154078,Classic,1.0,1,62,1,54.0,2026-10-04 17:00:00+00:00,Sun 1:00PM
196170254,NFL $1 Double Up,154078,Classic,1.0,1,62,1,54.0,2026-10-04 17:00:00+00:00,Sun 1:00PM
196170253,NFL $1 Double Up,154078,Classic,1.0,1,62,1,54.0,2026-10-04 17:00:00+00:00,Sun 1:00PM
196170252,NFL $1 Double Up,154078,Classic,1.0,1,62,1,54.0,2026-10-04 17:00:00+00:00,Sun 1:00PM
196170251,NFL $1 Double Up,154078,Classic,1.0,1,62,1,54.0,2026-10-04 17:00:00+00:00,Sun 1:00PM
196170317,NFL $1 Double Up,154078,Classic,1.0,1,39,1,34.0,2026-10-04 17:00:00+00:00,Sun 1:00PM
196170316,NFL $1 Double Up,154078,Classic,1.0,1,39,1,34.0,2026-10-04 17:00:00+00:00,Sun 1:00PM
196170315,NFL $1 Double Up,154078,Classic,1.0,1,39,1,34.0,2026-10-04 17:00:00+00:00,Sun 1:00PM
196170314,NFL $1 Double Up,154078,Classic,1.0,1,39,1,34.0,2026-10-04 17:00:00+00:00,Sun 1:00PM
196170313,NFL $1 Double Up,154078,Classic,1.0,1,39,1,34.0,2026-10-04 17:00:00+00:00,Sun 1:00PM
196170299,NFL $1 Double Up,154078,Classic,1.0,1,39,1,34.0,2026-10-04 17:00:00+00:00,Sun 1:00PM
196170298,NFL $1 Double Up,154078,Classic,1.0,1,39,1,34.0,2026-10-04 17:00:00+00:00,Sun 1:00PM
196170297,NFL $1 Double Up,154078,Classic,1.0,1,39,1,34.0,2026-10-04 17:00:00+00:00,Sun 1:00PM
196170296,NFL $1 Double Up,154078,Classic,1.0,1,39,1,34.0,2026-10-04 17:00:00+00:00,Sun 1:00PM
196170295,NFL $1 Double Up,154078,Classic,1.0,1,39,1,34.0,2026-10-04 17:00:00+00:00,Sun 1:00PM
196170392,NFL $1 Double Up,154078,Classic,1.0,1,23,1,20.0,2026-10-04 17:00:00+00:00,Sun 1:00PM
196170391,NFL $1 Double Up,154078,Classic,1.0,1,23,1,20.0,2026-10-04 17:00:00+00:00,Sun 1:00PM
196170390,NFL $1 Double Up,154078,Classic,1.0,1,23,1,20.0,2026-10-04 17:00:00+00:00,Sun 1:00PM
196170389,NFL $1 Double Up,154078,Classic,1.0,1,23,1,20.0,2026-10-04 17:00:00+00:00,Sun 1:00PM
196170388,NFL $1 Double Up,154078,Classic,1.0,1,23,1,20.0,2026-10-04 17:00:00+00:00,Sun 1:00PM
196170387,NFL $1 Double Up,154078,Classic,1.0,1,23,1,20.0,2026-10-04 17:00:00+00:00,Sun 1:00PM
196170386,NFL $1 Double Up,154078,Classic,1.0,1,23,1,20.0,2026-10-04 17:00:00+00:00,Sun 1:00PM
196170385,NFL $1 Double Up,154078,Classic,1.0,1,23,1,20.0,2026-10-04 17:00:00+00:00,Sun 1:00PM
196170384,NFL $1 Double Up,154078,Classic,1.0,1,23,1,20.0,2026-10-04 17:00:00+00:00,Sun 1:00PM
196170383,NFL $1 Double Up,154078,Classic,1.0,1,23,1,20.0,2026-10-04 17:00:00+00:00,Sun 1:00PM
196170382,NFL $1 Double Up,154078,Classic,1.0,1,23,1,20.0,2026-10-04 17:00:00+00:00,Sun 1:00PM
196170381,NFL $1 Double Up,154078,Classic,1.0,1,23,1,20.0,2026-10-04 17:00:00+00:00,Sun 1:00PM
196170380,NFL $1 Double Up,154078,Classic,1.0,1,23,1,20.0,2026-10-04 17:00:00+00:00,Sun 1:00PM
196170379,NFL $1 Double Up,154078,Classic,1.0,1,23,1,20.0,2026-10-04 17:00:00+00:00,Sun 1:00PM
196170378,NFL $1 Double Up,154078,Classic,1.0,1,23,1,20.0,2026-10-04 17:00:00+00:00,Sun 1:00PM
196170377,NFL $1 Double Up,154078,Classic,1.0,1,23,1,20.0,2026-10-04 17:00:00+00:00,Sun 1:00PM
196170376,NFL $1 Double Up,154078,Classic,1.0,1,23,1,20.0,2026-10-04 17:00:00+00:00,Sun 1:00PM
196170375,NFL $1 Double Up,154078,Classic,1.0,1,23,1,20.0,2026-10-04 17:00:00+00:00,Sun 1:00PM
196170374,NFL $1 Double Up,154078,Classic,1.0,1,23,1,20.0,2026-10-04 17:00:00+00:00,Sun 1:00PM
196170373,NFL $1 Double Up,154078,Classic,1.0,1,23,1,20.0,2026-10-04 17:00:00+00:00,Sun 1:00PM
196170372,NFL $1 Double Up,154078,Classic,1.0,1,23,1,20.0,2026-10-04 17:00:00+00:00,Sun 1:00PM
196170371,NFL $1 Double Up,154078,Classic,1.0,1,23,1,20.0,2026-10-04 17:00:00+00:00,Sun 1:00PM
196170370,NFL $1 Double Up,154078,Classic,1.0,1,23,1,20.0,2026-10-04 17:00:00+00:00,Sun 1:00PM
196170369,NFL $1 Double Up,154078,Classic,1.0,1,23,1,20.0,2026-10-04 17:00:00+00:00,Sun 1:00PM
196170368,NFL $1 Double Up,154078,Classic,1.0,1,23,1,20.0,2026-10-04 17:00:00+00:00,Sun 1:00PM
196170367,NFL $1 Double Up,154078,Classic,1.0,1,23,1,20.0,2026-10-04 17:00:00+00:00,Sun 1:00PM
196170366,NFL $1 Double Up,154078,Classic,1.0,1,23,1,20.0,2026-10-04 17:00:00+00:00,Sun 1:00PM
196170365,NFL $1 Double Up,154078,Classic,1.0,1,23,1,20.0,2026-10-04 17:00:00+00:00,Sun 1:00PM
196170364,NFL $1 Double Up,154078,Classic,1.0,1,23,1,20.0,2026-10-04 17:00:00+00:00,Sun 1:00PM
196170363,NFL $1 Double Up,154078,Classic,1.0,1,23,1,20.0,2026-10-04 17:00:00+00:00,Sun 1:00PM
196170362,NFL $1 Double Up,154078,Classic,1.0,1,23,1,20.0,2026-10-04 17:00:00+00:00,Sun 1:00PM
196170361,NFL $1 Double Up,154078,Classic,1.0,1,23,1,20.0,2026-10-04 17:00:00+00:00,Sun 1:00PM
196170360,NFL $1 Double Up,154078,Classic,1.0,1,23,1,20.0,2026-10-04 17:00:00+00:00,Sun 1:00PM
196170359,NFL $1 Double Up,154078,Classic,1.0,1,23,1,20.0,2026-10-04 17:00:00+00:00,Sun 1:00PM
196170358,NFL $1 Double Up,154078,Classic,1.0,1,23,1,20.0,2026-10-04 17:00:00+00:00,Sun 1:00PM
196170357,NFL $1 Double Up,154078,Classic,1.0,1,23,1,20.0,2026-10-04 17:00:00+00:00,Sun 1:00PM
196170356,NFL $1 Double Up,154078,Classic,1.0,1,23,1,20.0,2026-10-04 17:00:00+00:00,Sun 1:00PM
196170355,NFL $1 Double Up,154078,Classic,1.0,1,23,1,20.0,2026-10-04 17:00:00+00:00,Sun 1:00PM
196170354,NFL $1 Double Up,154078,Classic,1.0,1,23,1,20.0,2026-10-04 17:00:00+00:00,Sun 1:00PM
196170353,NFL $1 Double Up,154078,Classic,1.0,1,23,1,20.0,2026-10-04 17:00:00+00:00,Sun 1:00PM
196170493,NFL $1 Double Up,154078,Classic,1.0,1,23,1,20.0,2026-10-04 17:00:00+00:00,Sun 1:00PM
196170492,NFL $1 Double Up,154078,Classic,1.0,1,23,1,20.0,2026-10-04 17:00:00+00:00,Sun 1:00PM
196170491,NFL $1 Double Up,154078,Classic,1.0,1,23,1,20.0,2026-10-04 17:00:00+00:00,Sun 1:00PM
196170490,NFL $1 Double Up,154078,Classic,1.0,1,23,1,20.0,2026-10-04 17:00:00+00:00,Sun 1:00PM
196170489,NFL $1 Double Up,154078,Classic,1.0,1,23,1,20.0,2026-10-04 17:00:00+00:00,Sun 1:00PM
196170488,NFL $1 Double Up,154078,Classic,1.0,1,23,1,20.0,2026-10-04 17:00:00+00:00,Sun 1:00PM
196170487,NFL $1 Double Up,154078,Classic,1.0,1,23,1,20.0,2026-10-04 17:00:00+00:00,Sun 1:00PM
196170486,NFL $1 Double Up,154078,Classic,1.0,1,23,1,20.0,2026-10-04 17:00:00+00:00,Sun 1:00PM
196170485,NFL $1 Double Up,154078,Classic,1.0,1,23,1,20.0,2026-10-04 17:00:00+00:00,Sun 1:00PM
196170484,NFL $1 Double Up,154078,Classic,1.0,1,23,1,20.0,2026-10-04 17:00:00+00:00,Sun 1:00PM
196170483,NFL $1 Double Up,154078,Classic,1.0,1,23,1,20.0,2026-10-04 17:00:00+00:00,Sun 1:00PM
196170482,NFL $1 Double Up,154078,Classic,1.0,1,23,1,20.0,2026-10-04 17:00:00+00:00,Sun 1:00PM
196170481,NFL $1 Double Up,154078,Classic,1.0,1,23,1,20.0,2026-10-04 17:00:00+00:00,Sun 1:00PM
196170480,NFL $1 Double Up,154078,Classic,1.0,1,23,1,20.0,2026-10-04 17:00:00+00:00,Sun 1:00PM
196170479,NFL $1 Double Up,154078,Classic,1.0,1,23,1,20.0,2026-10-04 17:00:00+00:00,Sun 1:00PM
196170478,NFL $1 Double Up,154078,Classic,1.0,1,23,1,20.0,2026-10-04 17:00:00+00:00,Sun 1:00PM
196170477,NFL $1 Double Up,154078,Classic,1.0,1,23,1,20.0,2026-10-04 17:00:00+00:00,Sun 1:00PM
196170476,NFL $1 Double Up,154078,Classic,1.0,1,23,1,20.0,2026-10-04 17:00:00+00:00,Sun 1:00PM
196170475,NFL $1 Double Up,154078,Classic,1.0,1,23,1,20.0,2026-10-04 17:00:00+00:00,Sun 1:00PM
196170474,NFL $1 Double Up,154078,Classic,1.0,1,23,1,20.0,2026-10-04 17:00:00+00:00,Sun 1:00PM
196170507,NFL $1 Double Up,154078,Classic,1.0,1,23,1,20.0,2026-10-04 17:00:00+00:00,Sun 1:00PM
196170506,NFL $1 Double Up,154078,Classic,1.0,1,23,1,20.0,2026-10-04 17:00:00+00:00,Sun 1:00PM
196170505,NFL $1 Double Up,154078,Classic,1.0,1,23,1,20.0,2026-10-04 17:00:00+00:00,Sun 1:00PM
196170504,NFL $1 Double Up,154078,Classic,1.0,1,23,1,20.0,2026-10-04 17:00:00+00:00,Sun 1:00PM
196170503,NFL $1 Double Up,154078,Classic,1.0,1,23,1,20.0,2026-10-04 17:00:00+00:00,Sun 1:00PM
196170502,NFL $1 Double Up,154078,Classic,1.0,1,23,1,20.0,2026-10-04 17:00:00+00:00,Sun 1:00PM
196170501,NFL $1 Double Up,154078,Classic,1.0,1,23,1,20.0,2026-10-04 17:00:00+00:00,Sun 1:00PM
196170500,NFL $1 Double Up,154078,Classic,1.0,1,23,1,20.0,2026-10-04 17:00:00+00:00,Sun 1:00PM
196170499,NFL $1 Double Up,154078,Classic,1.0,1,23,1,20.0,2026-10-04 17:00:00+00:00,Sun 1:00PM
196170498,NFL $1 Double Up,154078,Classic,1.0,1,23,1,20.0,2026-10-04 17:00:00+00:00,Sun 1:00PM
196194989,NFL FREE 150-Player,154078,Classic,0.0,118,150,1,0.0,2026-10-04 17:00:00+00:00,Sun 1:00PM
196194987,NFL FREE 200-Player,154078,Classic,0.0,46,200,1,0.0,2026-10-04 17:00:00+00:00,Sun 1:00PM
196193990,NFL FREE 200-Player x5,154078,Classic,0.0,58,200,1,0.0,2026-10-04 17:00:00+00:00,Sun 1:00PM
196193158,NFL FREE 200-Player,154078,Classic,0.0,64,200,1,0.0,2026-10-04 17:00:00+00:00,Sun 1:00PM
196195086,NFL FREE 100-Player,154078,Classic,0.0,25,100,1,0.0,2026-10-04 17:00:00+00:00,Sun 1:00PM
196194988,NFL FREE 100-Player,154078,Classic,0.0,42,100,1,0.0,2026-10-04 17:00:00+00:00,Sun 1:00PM
196194992,NFL FREE 50-Player,154078,Classic,0.0,20,50,1,0.0,2026-10-04 17:00:00+00:00,Sun 1:00PM
196171959,NFL Single Stat $20 10-Player [Top 2 Win] (Touchdowns),154114,Single Stat - Touchdowns,20.0,0,10,1,180.0,2026-10-04 17:00:00+00:00,Sun 1:00PM
196171958,NFL Single Stat $20 10-Player [Top 2 Win] (Touchdowns),154114,Single Stat - Touchdowns,20.0,0,10,1,180.0,2026-10-04 17:00:00+00:00,Sun 1:00PM
196171957,NFL Single Stat $10 10-Player [Top 2 Win] (Touchdowns),154114,Single Stat - Touchdowns,10.0,0,10,1,90.0,2026-10-04 17:00:00+00:00,Sun 1:00PM
196171956,NFL Single Stat $10 10-Player [Top 2 Win] (Touchdowns),154114,Single Stat - Touchdowns,10.0,0,10,1,90.0,2026-10-04 17:00:00+00:00,Sun 1:00PM
196171955,NFL Single Stat $5 10-Player [Top 2 Win] (Touchdowns),154114,Single Stat - Touchdowns,5.0,0,10,1,45.0,2026-10-04 17:00:00+00:00,Sun 1:00PM
196171954,NFL Single Stat $5 10-Player [Top 2 Win] (Touchdowns),154114,Single Stat - Touchdowns,5.0,0,10,1,45.0,2026-10-04 17:00:00+00:00,Sun 1:00PM
196171953,NFL Single Stat $2 10-Player [Top 2 Win] (Touchdowns),154114,Single Stat - Touchdowns,2.0,2,10,1,18.0,2026-10-04 17:00:00+00:00,Sun 1:00PM
196171952,NFL Single Stat $2 10-Player [Top 2 Win] (Touchdowns),154114,Single Stat - Touchdowns,2.0,0,10,1,18.0,2026-10-04 17:00:00+00:00,Sun 1:00PM
196171951,NFL Single Stat $1 10-Player [Top 2 Win] (Touchdowns),154114,Single Stat - Touchdowns,1.0,2,10,1,9.0,2026-10-04 17:00:00+00:00,Sun 1:00PM
196171950,NFL Single Stat $1 10-Player [Top 2 Win] (Touchdowns),154114,Single Stat - Touchdowns,1.0,0,10,1,9.0,2026-10-04 17:00:00+00:00,Sun 1:00PM
196158545,NFL Best Ball $10 12-Player (W4-W17 Sit + Go),154031,Best Ball,10.0,4,12,1,108.0,2026-10-01 22:13:00+00:00,Thu 6:13PM
196186003,NFL Best Ball $1 12-Player (W4-W17 Sit + Go),154031,Best Ball,1.0,4,12,1,10.8,2026-10-01 22:13:00+00:00,Thu 6:13PM
196177889,NFL Best Ball $5 12-Player (W4-W17 Sit + Go),154031,Best Ball,5.0,2,12,1,54.0,2026-10-01 22:13:00+00:00,Thu 6:13PM
196052090,NFL Best Ball $20 12-Player (W4-W17 Sit + Go),154031,Best Ball,20.0,3,12,1,216.0,2026-10-01 22:13:00+00:00,Thu 6:13PM
196052092,NFL Best Ball $50 12-Player (W4-W17 Sit + Go),154031,Best Ball,50.0,0,12,1,540.0,2026-10-01 22:13:00+00:00,Thu 6:13PM
196052091,NFL Best Ball $109 12-Player (W4-W17 Sit + Go),154031,Best Ball,109.0,0,12,1,1200.0,2026-10-01 22:13:00+00:00,Thu 6:13PM
196052095,NFL Best Ball $215 12-Player (W4-W17 Sit + Go),154031,Best Ball,215.0,0,12,1,2400.0,2026-10-01 22:13:00+00:00,Thu 6:13PM
196052097,NFL Best Ball $530 12-Player (W4-W17 Sit + Go),154031,Best Ball,530.0,0,12,1,6000.0,2026-10-01 22:13:00+00:00,Thu 6:13PM
196052099,"NFL Best Ball $1,060 12-Player (W4-W17 Sit + Go)",154031,Best Ball,1060.0,0,12,1,12000.0,2026-10-01 22:13:00+00:00,Thu 6:13PM
196195442,NFL Best Ball $10 6-Player (W4-W17 Sit + Go),154031,Best Ball,10.0,0,6,1,54.0,2026-10-01 23:13:00+00:00,Thu 7:13PM
196196343,NFL Best Ball $1 6-Player (W4-W17 Sit + Go),154031,Best Ball,1.0,0,6,1,5.4,2026-10-01 23:13:00+00:00,Thu 7:13PM
196188248,NFL Best Ball $5 6-Player (W4-W17 Sit + Go),154031,Best Ball,5.0,0,6,1,27.0,2026-10-01 23:13:00+00:00,Thu 7:13PM
196052083,NFL Best Ball $20 6-Player (W4-W17 Sit + Go),154031,Best Ball,20.0,0,6,1,108.0,2026-10-01 23:13:00+00:00,Thu 7:13PM
196052085,NFL Best Ball $50 6-Player (W4-W17 Sit + Go),154031,Best Ball,50.0,0,6,1,270.0,2026-10-01 23:13:00+00:00,Thu 7:13PM
196052078,NFL Best Ball $109 6-Player (W4-W17 Sit + Go),154031,Best Ball,109.0,0,6,1,600.0,2026-10-01 23:13:00+00:00,Thu 7:13PM
196052094,NFL Best Ball $215 6-Player (W4-W17 Sit + Go),154031,Best Ball,215.0,0,6,1,1200.0,2026-10-01 23:13:00+00:00,Thu 7:13PM
196052096,NFL Best Ball $530 6-Player (W4-W17 Sit + Go),154031,Best Ball,530.0,0,6,1,3000.0,2026-10-01 23:13:00+00:00,Thu 7:13PM
196052098,"NFL Best Ball $1,060 6-Player (W4-W17 Sit + Go)",154031,Best Ball,1060.0,0,6,1,6000.0,2026-10-01 23:13:00+00:00,Thu 7:13PM
196185798,NFL Snake $1 12-Player (Thu-Mon),154106,Snake,1.0,4,12,1,10.8,2026-10-01 23:31:00+00:00,Thu 7:31PM
196185804,NFL Snake $10 12-Player (Thu-Mon),154106,Snake,10.0,0,12,1,108.0,2026-10-01 23:31:00+00:00,Thu 7:31PM
196185801,NFL Snake $5 12-Player (Thu-Mon),154106,Snake,5.0,0,12,1,54.0,2026-10-01 23:31:00+00:00,Thu 7:31PM
196185807,NFL Snake $20 12-Player (Thu-Mon),154106,Snake,20.0,0,12,1,216.0,2026-10-01 23:31:00+00:00,Thu 7:31PM
196185809,NFL Snake $50 12-Player (Thu-Mon),154106,Snake,50.0,0,12,1,540.0,2026-10-01 23:31:00+00:00,Thu 7:31PM
196193975,NFL Best Ball $10 3-Player (W4-W17 Sit + Go),154031,Best Ball,10.0,1,3,1,27.0,2026-10-01 23:43:00+00:00,Thu 7:43PM
196167477,NFL Best Ball $20 3-Player (W4-W17 Sit + Go),154031,Best Ball,20.0,1,3,1,54.0,2026-10-01 23:43:00+00:00,Thu 7:43PM
196198413,NFL Best Ball $1 3-Player (W4-W17 Sit + Go),154031,Best Ball,1.0,0,3,1,2.7,2026-10-01 23:43:00+00:00,Thu 7:43PM
196183558,NFL Best Ball $5 3-Player (W4-W17 Sit + Go),154031,Best Ball,5.0,0,3,1,13.5,2026-10-01 23:43:00+00:00,Thu 7:43PM
196052084,NFL Best Ball $50 3-Player (W4-W17 Sit + Go),154031,Best Ball,50.0,0,3,1,135.0,2026-10-01 23:43:00+00:00,Thu 7:43PM
196186817,NFL Best Ball $109 3-Player (W4-W17 Sit + Go),154031,Best Ball,109.0,0,3,1,300.0,2026-10-01 23:43:00+00:00,Thu 7:43PM
196052093,NFL Best Ball $215 3-Player (W4-W17 Sit + Go),154031,Best Ball,215.0,0,3,1,600.0,2026-10-01 23:43:00+00:00,Thu 7:43PM
196052086,NFL Best Ball $530 3-Player (W4-W17 Sit + Go),154031,Best Ball,530.0,0,3,1,1500.0,2026-10-01 23:43:00+00:00,Thu 7:43PM
196052079,"NFL Best Ball $1,060 3-Player (W4-W17 Sit + Go)",154031,Best Ball,1060.0,0,3,1,3000.0,2026-10-01 23:43:00+00:00,Thu 7:43PM
196185802,NFL Snake $10 6-Player (Thu-Mon),154106,Snake,10.0,1,6,1,54.0,2026-10-01 23:52:00+00:00,Thu 7:52PM
196185796,NFL Snake $1 6-Player (Thu-Mon),154106,Snake,1.0,2,6,1,5.4,2026-10-01 23:52:00+00:00,Thu 7:52PM
196185797,NFL Snake $1 6-Player (Thu-Mon),154106,Snake,1.0,1,6,1,5.4,2026-10-01 23:52:00+00:00,Thu 7:52PM
196185800,NFL Snake $5 6-Player (Thu-Mon),154106,Snake,5.0,1,6,1,27.0,2026-10-01 23:52:00+00:00,Thu 7:52PM
196185803,NFL Snake $10 6-Player (Thu-Mon),154106,Snake,10.0,0,6,1,54.0,2026-10-01 23:52:00+00:00,Thu 7:52PM
196197765,NFL Snake $5 6-Player (Thu-Mon),154106,Snake,5.0,0,6,1,27.0,2026-10-01 23:52:00+00:00,Thu 7:52PM
196185805,NFL Snake $20 6-Player (Thu-Mon),154106,Snake,20.0,0,6,1,108.0,2026-10-01 23:52:00+00:00,Thu 7:52PM
196185806,NFL Snake $20 6-Player (Thu-Mon),154106,Snake,20.0,0,6,1,108.0,2026-10-01 23:52:00+00:00,Thu 7:52PM
196185808,NFL Snake $50 6-Player (Thu-Mon),154106,Snake,50.0,0,6,1,270.0,2026-10-01 23:52:00+00:00,Thu 7:52PM
196185810,NFL Snake $109 6-Player (Thu-Mon),154106,Snake,109.0,0,6,1,600.0,2026-10-01 23:52:00+00:00,Thu 7:52PM
196185811,NFL Snake $530 6-Player (Thu-Mon),154106,Snake,530.0,0,6,1,3000.0,2026-10-01 23:52:00+00:00,Thu 7:52PM
196200092,NFL Snake $1 3-Player (Thu-Mon),154106,Snake,1.0,1,3,1,2.7,2026-10-02 00:02:00+00:00,Thu 8:02PM
196185812,NFL Snake $10 3-Player (Thu-Mon),154106,Snake,10.0,0,3,1,27.0,2026-10-02 00:02:00+00:00,Thu 8:02PM
196185813,NFL Snake $10 3-Player (Thu-Mon),154106,Snake,10.0,0,3,1,27.0,2026-10-02 00:02:00+00:00,Thu 8:02PM
196185814,NFL Snake $10 3-Player (Thu-Mon),154106,Snake,10.0,0,3,1,27.0,2026-10-02 00:02:00+00:00,Thu 8:02PM
196195397,NFL Snake $1 3-Player (Thu-Mon),154106,Snake,1.0,0,3,1,2.7,2026-10-02 00:02:00+00:00,Thu 8:02PM
196199508,NFL Snake $1 3-Player (Thu-Mon),154106,Snake,1.0,0,3,1,2.7,2026-10-02 00:02:00+00:00,Thu 8:02PM
196185818,NFL Snake $5 3-Player (Thu-Mon),154106,Snake,5.0,0,3,1,13.5,2026-10-02 00:02:00+00:00,Thu 8:02PM
196185820,NFL Snake $5 3-Player (Thu-Mon),154106,Snake,5.0,0,3,1,13.5,2026-10-02 00:02:00+00:00,Thu 8:02PM
196194170,NFL Snake $5 3-Player (Thu-Mon),154106,Snake,5.0,0,3,1,13.5,2026-10-02 00:02:00+00:00,Thu 8:02PM
196185821,NFL Snake $20 3-Player (Thu-Mon),154106,Snake,20.0,0,3,1,54.0,2026-10-02 00:02:00+00:00,Thu 8:02PM
196185823,NFL Snake $20 3-Player (Thu-Mon),154106,Snake,20.0,0,3,1,54.0,2026-10-02 00:02:00+00:00,Thu 8:02PM
196196542,NFL Snake $20 3-Player (Thu-Mon),154106,Snake,20.0,0,3,1,54.0,2026-10-02 00:02:00+00:00,Thu 8:02PM
196185824,NFL Snake $50 3-Player (Thu-Mon),154106,Snake,50.0,0,3,1,135.0,2026-10-02 00:02:00+00:00,Thu 8:02PM
196185825,NFL Snake $50 3-Player (Thu-Mon),154106,Snake,50.0,0,3,1,135.0,2026-10-02 00:02:00+00:00,Thu 8:02PM
196185826,NFL Snake $50 3-Player (Thu-Mon),154106,Snake,50.0,0,3,1,135.0,2026-10-02 00:02:00+00:00,Thu 8:02PM
196185827,NFL Snake $109 3-Player (Thu-Mon),154106,Snake,109.0,0,3,1,300.0,2026-10-02 00:02:00+00:00,Thu 8:02PM
196185828,NFL Snake $109 3-Player (Thu-Mon),154106,Snake,109.0,0,3,1,300.0,2026-10-02 00:02:00+00:00,Thu 8:02PM
196185829,NFL Snake $109 3-Player (Thu-Mon),154106,Snake,109.0,0,3,1,300.0,2026-10-02 00:02:00+00:00,Thu 8:02PM
196185830,NFL Snake $530 3-Player (Thu-Mon),154106,Snake,530.0,0,3,1,1500.0,2026-10-02 00:02:00+00:00,Thu 8:02PM
196185831,NFL Snake $530 3-Player (Thu-Mon),154106,Snake,530.0,0,3,1,1500.0,2026-10-02 00:02:00+00:00,Thu 8:02PM
196185832,"NFL Snake $1,060 3-Player (Thu-Mon)",154106,Snake,1060.0,0,3,1,3000.0,2026-10-02 00:02:00+00:00,Thu 8:02PM
196185833,"NFL Snake $2,120 3-Player (Thu-Mon)",154106,Snake,2120.0,0,3,1,6000.0,2026-10-02 00:02:00+00:00,Thu 8:02PM
196185834,"NFL Snake $5,300 3-Player (Thu-Mon)",154106,Snake,5300.0,0,3,1,15000.0,2026-10-02 00:02:00+00:00,Thu 8:02PM
196185835,"NFL Snake $10,600 3-Player (Thu-Mon)",154106,Snake,10600.0,0,3,1,30000.0,2026-10-02 00:02:00+00:00,Thu 8:02PM
196185764,NFL Snake Showdown $10 4-Player (PIT @ CLE Snake),154109,Snake Showdown,10.0,0,4,1,36.0,2026-10-02 00:05:00+00:00,Thu 8:05PM
196185765,NFL Snake Showdown $10 4-Player (PIT @ CLE Snake),154109,Snake Showdown,10.0,0,4,1,36.0,2026-10-02 00:05:00+00:00,Thu 8:05PM
196185766,NFL Snake Showdown $10 4-Player (PIT @ CLE Snake),154109,Snake Showdown,10.0,0,4,1,36.0,2026-10-02 00:05:00+00:00,Thu 8:05PM
196185752,NFL Snake Showdown $1 4-Player (PIT @ CLE Snake),154109,Snake Showdown,1.0,0,4,1,3.6,2026-10-02 00:05:00+00:00,Thu 8:05PM
196185753,NFL Snake Showdown $1 4-Player (PIT @ CLE Snake),154109,Snake Showdown,1.0,0,4,1,3.6,2026-10-02 00:05:00+00:00,Thu 8:05PM
196185754,NFL Snake Showdown $1 4-Player (PIT @ CLE Snake),154109,Snake Showdown,1.0,0,4,1,3.6,2026-10-02 00:05:00+00:00,Thu 8:05PM
196185758,NFL Snake Showdown $5 4-Player (PIT @ CLE Snake),154109,Snake Showdown,5.0,0,4,1,18.0,2026-10-02 00:05:00+00:00,Thu 8:05PM
196185759,NFL Snake Showdown $5 4-Player (PIT @ CLE Snake),154109,Snake Showdown,5.0,0,4,1,18.0,2026-10-02 00:05:00+00:00,Thu 8:05PM
196185760,NFL Snake Showdown $5 4-Player (PIT @ CLE Snake),154109,Snake Showdown,5.0,0,4,1,18.0,2026-10-02 00:05:00+00:00,Thu 8:05PM
196185770,NFL Snake Showdown $20 4-Player (PIT @ CLE Snake),154109,Snake Showdown,20.0,0,4,1,72.0,2026-10-02 00:05:00+00:00,Thu 8:05PM
196185771,NFL Snake Showdown $20 4-Player (PIT @ CLE Snake),154109,Snake Showdown,20.0,0,4,1,72.0,2026-10-02 00:05:00+00:00,Thu 8:05PM
196185772,NFL Snake Showdown $20 4-Player (PIT @ CLE Snake),154109,Snake Showdown,20.0,0,4,1,72.0,2026-10-02 00:05:00+00:00,Thu 8:05PM
196185776,NFL Snake Showdown $50 4-Player (PIT @ CLE Snake),154109,Snake Showdown,50.0,0,4,1,180.0,2026-10-02 00:05:00+00:00,Thu 8:05PM
196185780,NFL Snake Showdown $109 4-Player (PIT @ CLE Snake),154109,Snake Showdown,109.0,0,4,1,400.0,2026-10-02 00:05:00+00:00,Thu 8:05PM
196185783,NFL Snake Showdown $530 4-Player (PIT @ CLE Snake),154109,Snake Showdown,530.0,0,4,1,2000.0,2026-10-02 00:05:00+00:00,Thu 8:05PM
196185756,NFL Snake Showdown $5 3-Player (PIT @ CLE Snake),154109,Snake Showdown,5.0,1,3,1,13.5,2026-10-02 00:07:00+00:00,Thu 8:07PM
196185767,NFL Snake Showdown $20 3-Player (PIT @ CLE Snake),154109,Snake Showdown,20.0,1,3,1,54.0,2026-10-02 00:07:00+00:00,Thu 8:07PM
196185761,NFL Snake Showdown $10 3-Player (PIT @ CLE Snake),154109,Snake Showdown,10.0,0,3,1,27.0,2026-10-02 00:07:00+00:00,Thu 8:07PM
196185762,NFL Snake Showdown $10 3-Player (PIT @ CLE Snake),154109,Snake Showdown,10.0,0,3,1,27.0,2026-10-02 00:07:00+00:00,Thu 8:07PM
196185763,NFL Snake Showdown $10 3-Player (PIT @ CLE Snake),154109,Snake Showdown,10.0,0,3,1,27.0,2026-10-02 00:07:00+00:00,Thu 8:07PM
196185749,NFL Snake Showdown $1 3-Player (PIT @ CLE Snake),154109,Snake Showdown,1.0,0,3,1,2.7,2026-10-02 00:07:00+00:00,Thu 8:07PM
196185750,NFL Snake Showdown $1 3-Player (PIT @ CLE Snake),154109,Snake Showdown,1.0,0,3,1,2.7,2026-10-02 00:07:00+00:00,Thu 8:07PM
196197671,NFL Snake Showdown $1 3-Player (PIT @ CLE Snake),154109,Snake Showdown,1.0,0,3,1,2.7,2026-10-02 00:07:00+00:00,Thu 8:07PM
196185757,NFL Snake Showdown $5 3-Player (PIT @ CLE Snake),154109,Snake Showdown,5.0,0,3,1,13.5,2026-10-02 00:07:00+00:00,Thu 8:07PM
196197608,NFL Snake Showdown $5 3-Player (PIT @ CLE Snake),154109,Snake Showdown,5.0,0,3,1,13.5,2026-10-02 00:07:00+00:00,Thu 8:07PM
196185768,NFL Snake Showdown $20 3-Player (PIT @ CLE Snake),154109,Snake Showdown,20.0,0,3,1,54.0,2026-10-02 00:07:00+00:00,Thu 8:07PM
196185769,NFL Snake Showdown $20 3-Player (PIT @ CLE Snake),154109,Snake Showdown,20.0,0,3,1,54.0,2026-10-02 00:07:00+00:00,Thu 8:07PM
196185773,NFL Snake Showdown $50 3-Player (PIT @ CLE Snake),154109,Snake Showdown,50.0,0,3,1,135.0,2026-10-02 00:07:00+00:00,Thu 8:07PM
196185774,NFL Snake Showdown $50 3-Player (PIT @ CLE Snake),154109,Snake Showdown,50.0,0,3,1,135.0,2026-10-02 00:07:00+00:00,Thu 8:07PM
196185775,NFL Snake Showdown $50 3-Player (PIT @ CLE Snake),154109,Snake Showdown,50.0,0,3,1,135.0,2026-10-02 00:07:00+00:00,Thu 8:07PM
196185777,NFL Snake Showdown $109 3-Player (PIT @ CLE Snake),154109,Snake Showdown,109.0,0,3,1,300.0,2026-10-02 00:07:00+00:00,Thu 8:07PM
196185778,NFL Snake Showdown $109 3-Player (PIT @ CLE Snake),154109,Snake Showdown,109.0,0,3,1,300.0,2026-10-02 00:07:00+00:00,Thu 8:07PM
196185779,NFL Snake Showdown $109 3-Player (PIT @ CLE Snake),154109,Snake Showdown,109.0,0,3,1,300.0,2026-10-02 00:07:00+00:00,Thu 8:07PM
196185781,NFL Snake Showdown $530 3-Player (PIT @ CLE Snake),154109,Snake Showdown,530.0,0,3,1,1500.0,2026-10-02 00:07:00+00:00,Thu 8:07PM
196185782,NFL Snake Showdown $530 3-Player (PIT @ CLE Snake),154109,Snake Showdown,530.0,0,3,1,1500.0,2026-10-02 00:07:00+00:00,Thu 8:07PM
196185784,"NFL Snake Showdown $1,060 3-Player (PIT @ CLE Snake)",154109,Snake Showdown,1060.0,0,3,1,3000.0,2026-10-02 00:07:00+00:00,Thu 8:07PM
196185785,"NFL Snake Showdown $2,120 3-Player (PIT @ CLE Snake)",154109,Snake Showdown,2120.0,0,3,1,6000.0,2026-10-02 00:07:00+00:00,Thu 8:07PM
196185786,"NFL Snake Showdown $5,300 3-Player (PIT @ CLE Snake)",154109,Snake Showdown,5300.0,0,3,1,15000.0,2026-10-02 00:07:00+00:00,Thu 8:07PM
196185787,"NFL Snake Showdown $10,600 3-Player (PIT @ CLE Snake)",154109,Snake Showdown,10600.0,0,3,1,30000.0,2026-10-02 00:07:00+00:00,Thu 8:07PM
196185446,NFL Showdown Satellite to $20 NFL Fantasy Football Millionaire [Must Fill] (PIT @ CLE),154084,Showdown Captain Mode,7.4,1,3,1,20.0,2026-10-02 00:15:00+00:00,Thu 8:15PM
196187745,NFL Showdown Satellite to NBA Best Ball $20 Shootaround [Must Fill] (PIT @ CLE),154084,Showdown Captain Mode,7.4,1,3,1,20.0,2026-10-02 00:15:00+00:00,Thu 8:15PM
196187755,NFL Showdown Satellite to NBA 10-20 $20 Opening Tip Off [Must Fill] (PIT @ CLE),154084,Showdown Captain Mode,7.4,1,3,1,20.0,2026-10-02 00:15:00+00:00,Thu 8:15PM
196185365,Casual NFL Showdown $5 50-50 (PIT @ CLE),154084,Showdown Captain Mode,5.0,1,10,1,45.0,2026-10-02 00:15:00+00:00,Thu 8:15PM
196185407,Casual NFL Showdown $2 5-Player (PIT @ CLE),154084,Showdown Captain Mode,2.0,1,5,1,9.0,2026-10-02 00:15:00+00:00,Thu 8:15PM
196185379,Casual NFL Showdown $1 50-50 (PIT @ CLE),154084,Showdown Captain Mode,1.0,1,10,1,9.0,2026-10-02 00:15:00+00:00,Thu 8:15PM
196185275,Beginner NFL Showdown $1 50-50 (PIT @ CLE),154084,Showdown Captain Mode,1.0,1,10,1,9.0,2026-10-02 00:15:00+00:00,Thu 8:15PM
196185427,NFL Showdown $3 Double Up (PIT @ CLE),154084,Showdown Captain Mode,3.0,1,11,1,30.0,2026-10-02 00:15:00+00:00,Thu 8:15PM
196185428,NFL Showdown $3 Double Up (PIT @ CLE),154084,Showdown Captain Mode,3.0,1,11,1,30.0,2026-10-02 00:15:00+00:00,Thu 8:15PM
196185310,NFL Showdown $2 50-50 (PIT @ CLE),154084,Showdown Captain Mode,2.0,1,100,1,180.0,2026-10-02 00:15:00+00:00,Thu 8:15PM
196185341,NFL Showdown $2 50-50 (PIT @ CLE),154084,Showdown Captain Mode,2.0,1,50,1,90.0,2026-10-02 00:15:00+00:00,Thu 8:15PM
196185331,NFL Showdown $2 50-50 (PIT @ CLE),154084,Showdown Captain Mode,2.0,1,20,1,36.0,2026-10-02 00:15:00+00:00,Thu 8:15PM
196185163,NFL Showdown $2 50-50 (PIT @ CLE),154084,Showdown Captain Mode,2.0,1,20,1,36.0,2026-10-02 00:15:00+00:00,Thu 8:15PM
196185164,NFL Showdown $2 50-50 (PIT @ CLE),154084,Showdown Captain Mode,2.0,1,20,1,36.0,2026-10-02 00:15:00+00:00,Thu 8:15PM
196185165,NFL Showdown $2 50-50 (PIT @ CLE),154084,Showdown Captain Mode,2.0,1,20,1,36.0,2026-10-02 00:15:00+00:00,Thu 8:15PM
196185300,NFL Showdown $2 50-50 (PIT @ CLE),154084,Showdown Captain Mode,2.0,1,10,1,18.0,2026-10-02 00:15:00+00:00,Thu 8:15PM
196185301,NFL Showdown $2 50-50 (PIT @ CLE),154084,Showdown Captain Mode,2.0,1,10,1,18.0,2026-10-02 00:15:00+00:00,Thu 8:15PM
196185302,NFL Showdown $2 50-50 (PIT @ CLE),154084,Showdown Captain Mode,2.0,1,10,1,18.0,2026-10-02 00:15:00+00:00,Thu 8:15PM
196185432,NFL Showdown $2 100-Player (PIT @ CLE),154084,Showdown Captain Mode,2.0,1,100,1,180.0,2026-10-02 00:15:00+00:00,Thu 8:15PM
196185239,NFL Showdown $2 40-Player (PIT @ CLE),154084,Showdown Captain Mode,2.0,1,40,1,72.0,2026-10-02 00:15:00+00:00,Thu 8:15PM
196185240,NFL Showdown $2 40-Player (PIT @ CLE),154084,Showdown Captain Mode,2.0,1,40,1,72.0,2026-10-02 00:15:00+00:00,Thu 8:15PM
196185234,NFL Showdown $2 20-Player (PIT @ CLE),154084,Showdown Captain Mode,2.0,1,20,1,36.0,2026-10-02 00:15:00+00:00,Thu 8:15PM
196185235,NFL Showdown $2 20-Player (PIT @ CLE),154084,Showdown Captain Mode,2.0,1,20,1,36.0,2026-10-02 00:15:00+00:00,Thu 8:15PM
196185236,NFL Showdown $2 20-Player (PIT @ CLE),154084,Showdown Captain Mode,2.0,1,20,1,36.0,2026-10-02 00:15:00+00:00,Thu 8:15PM
196198865,NFL Showdown $2 20-Player (PIT @ CLE),154084,Showdown Captain Mode,2.0,1,20,1,36.0,2026-10-02 00:15:00+00:00,Thu 8:15PM
196198866,NFL Showdown $2 20-Player (PIT @ CLE),154084,Showdown Captain Mode,2.0,1,20,1,36.0,2026-10-02 00:15:00+00:00,Thu 8:15PM
196185140,NFL Showdown $2 10-Player (PIT @ CLE),154084,Showdown Captain Mode,2.0,1,10,1,18.0,2026-10-02 00:15:00+00:00,Thu 8:15PM
196185141,NFL Showdown $2 10-Player (PIT @ CLE),154084,Showdown Captain Mode,2.0,1,10,1,18.0,2026-10-02 00:15:00+00:00,Thu 8:15PM
196185142,NFL Showdown $2 10-Player (PIT @ CLE),154084,Showdown Captain Mode,2.0,1,10,1,18.0,2026-10-02 00:15:00+00:00,Thu 8:15PM
196185137,NFL Showdown $2 5-Player (PIT @ CLE),154084,Showdown Captain Mode,2.0,1,5,1,9.0,2026-10-02 00:15:00+00:00,Thu 8:15PM
196185138,NFL Showdown $2 5-Player (PIT @ CLE),154084,Showdown Captain Mode,2.0,1,5,1,9.0,2026-10-02 00:15:00+00:00,Thu 8:15PM
196185139,NFL Showdown $2 5-Player (PIT @ CLE),154084,Showdown Captain Mode,2.0,1,5,1,9.0,2026-10-02 00:15:00+00:00,Thu 8:15PM
196185185,NFL Showdown $2 3-Player (PIT @ CLE),154084,Showdown Captain Mode,2.0,1,3,1,5.4,2026-10-02 00:15:00+00:00,Thu 8:15PM
196185186,NFL Showdown $2 3-Player (PIT @ CLE),154084,Showdown Captain Mode,2.0,2,3,1,5.4,2026-10-02 00:15:00+00:00,Thu 8:15PM
196185187,NFL Showdown $2 3-Player (PIT @ CLE),154084,Showdown Captain Mode,2.0,2,3,1,5.4,2026-10-02 00:15:00+00:00,Thu 8:15PM
196194574,NFL Showdown $2 3-Player (PIT @ CLE),154084,Showdown Captain Mode,2.0,1,3,1,5.4,2026-10-02 00:15:00+00:00,Thu 8:15PM
196194678,NFL Showdown $2 3-Player (PIT @ CLE),154084,Showdown Captain Mode,2.0,1,3,1,5.4,2026-10-02 00:15:00+00:00,Thu 8:15PM
196185308,NFL Showdown $1 50-50 (PIT @ CLE),154084,Showdown Captain Mode,1.0,2,100,1,90.0,2026-10-02 00:15:00+00:00,Thu 8:15PM
196195422,NFL Showdown $1 50-50 (PIT @ CLE),154084,Showdown Captain Mode,1.0,1,100,1,90.0,2026-10-02 00:15:00+00:00,Thu 8:15PM
196185340,NFL Showdown $1 50-50 (PIT @ CLE),154084,Showdown Captain Mode,1.0,2,50,1,45.0,2026-10-02 00:15:00+00:00,Thu 8:15PM
196195423,NFL Showdown $1 50-50 (PIT @ CLE),154084,Showdown Captain Mode,1.0,1,50,1,45.0,2026-10-02 00:15:00+00:00,Thu 8:15PM
196185174,NFL Showdown $1 50-50 (PIT @ CLE),154084,Showdown Captain Mode,1.0,2,20,1,18.0,2026-10-02 00:15:00+00:00,Thu 8:15PM
196185175,NFL Showdown $1 50-50 (PIT @ CLE),154084,Showdown Captain Mode,1.0,2,20,1,18.0,2026-10-02 00:15:00+00:00,Thu 8:15PM
196185176,NFL Showdown $1 50-50 (PIT @ CLE),154084,Showdown Captain Mode,1.0,2,20,1,18.0,2026-10-02 00:15:00+00:00,Thu 8:15PM
196195425,NFL Showdown $1 50-50 (PIT @ CLE),154084,Showdown Captain Mode,1.0,1,20,1,18.0,2026-10-02 00:15:00+00:00,Thu 8:15PM
196195426,NFL Showdown $1 50-50 (PIT @ CLE),154084,Showdown Captain Mode,1.0,1,20,1,18.0,2026-10-02 00:15:00+00:00,Thu 8:15PM
196195427,NFL Showdown $1 50-50 (PIT @ CLE),154084,Showdown Captain Mode,1.0,1,20,1,18.0,2026-10-02 00:15:00+00:00,Thu 8:15PM
196185297,NFL Showdown $1 50-50 (PIT @ CLE),154084,Showdown Captain Mode,1.0,2,10,1,9.0,2026-10-02 00:15:00+00:00,Thu 8:15PM
196185298,NFL Showdown $1 50-50 (PIT @ CLE),154084,Showdown Captain Mode,1.0,2,10,1,9.0,2026-10-02 00:15:00+00:00,Thu 8:15PM
196185299,NFL Showdown $1 50-50 (PIT @ CLE),154084,Showdown Captain Mode,1.0,1,10,1,9.0,2026-10-02 00:15:00+00:00,Thu 8:15PM
196185429,NFL Showdown $1 Double Up (PIT @ CLE),154084,Showdown Captain Mode,1.0,4,11,1,10.0,2026-10-02 00:15:00+00:00,Thu 8:15PM
196185430,NFL Showdown $1 Double Up (PIT @ CLE),154084,Showdown Captain Mode,1.0,1,11,1,10.0,2026-10-02 00:15:00+00:00,Thu 8:15PM
196187136,NFL Showdown $1 Double Up (PIT @ CLE),154084,Showdown Captain Mode,1.0,3,11,1,10.0,2026-10-02 00:15:00+00:00,Thu 8:15PM
196196345,NFL Showdown $1 Double Up (PIT @ CLE),154084,Showdown Captain Mode,1.0,1,11,1,10.0,2026-10-02 00:15:00+00:00,Thu 8:15PM
196185431,NFL Showdown $1 100-Player (PIT @ CLE),154084,Showdown Captain Mode,1.0,1,100,1,90.0,2026-10-02 00:15:00+00:00,Thu 8:15PM
196185237,NFL Showdown $1 40-Player (PIT @ CLE),154084,Showdown Captain Mode,1.0,1,40,1,36.0,2026-10-02 00:15:00+00:00,Thu 8:15PM
196185238,NFL Showdown $1 40-Player (PIT @ CLE),154084,Showdown Captain Mode,1.0,2,40,1,36.0,2026-10-02 00:15:00+00:00,Thu 8:15PM
196187157,NFL Showdown $1 40-Player (PIT @ CLE),154084,Showdown Captain Mode,1.0,1,40,1,36.0,2026-10-02 00:15:00+00:00,Thu 8:15PM
196185231,NFL Showdown $1 20-Player (PIT @ CLE),154084,Showdown Captain Mode,1.0,1,20,1,18.0,2026-10-02 00:15:00+00:00,Thu 8:15PM
196185232,NFL Showdown $1 20-Player (PIT @ CLE),154084,Showdown Captain Mode,1.0,1,20,1,18.0,2026-10-02 00:15:00+00:00,Thu 8:15PM
196185233,NFL Showdown $1 20-Player (PIT @ CLE),154084,Showdown Captain Mode,1.0,1,20,1,18.0,2026-10-02 00:15:00+00:00,Thu 8:15PM
196193578,NFL Showdown $1 20-Player (Winner Takes All) (PIT @ CLE),154084,Showdown Captain Mode,1.0,3,20,1,18.0,2026-10-02 00:15:00+00:00,Thu 8:15PM
196185199,NFL Showdown $1 10-Player (PIT @ CLE),154084,Showdown Captain Mode,1.0,2,10,1,9.0,2026-10-02 00:15:00+00:00,Thu 8:15PM
196185200,NFL Showdown $1 10-Player (PIT @ CLE),154084,Showdown Captain Mode,1.0,1,10,1,9.0,2026-10-02 00:15:00+00:00,Thu 8:15PM
196185201,NFL Showdown $1 10-Player (PIT @ CLE),154084,Showdown Captain Mode,1.0,2,10,1,9.0,2026-10-02 00:15:00+00:00,Thu 8:15PM
196185146,NFL Showdown $1 5-Player (PIT @ CLE),154084,Showdown Captain Mode,1.0,2,5,1,4.5,2026-10-02 00:15:00+00:00,Thu 8:15PM
196185147,NFL Showdown $1 5-Player (PIT @ CLE),154084,Showdown Captain Mode,1.0,2,5,1,4.5,2026-10-02 00:15:00+00:00,Thu 8:15PM
196185148,NFL Showdown $1 5-Player (PIT @ CLE),154084,Showdown Captain Mode,1.0,1,5,1,4.5,2026-10-02 00:15:00+00:00,Thu 8:15PM
196195414,NFL Showdown $1 5-Player (PIT @ CLE),154084,Showdown Captain Mode,1.0,1,5,1,4.5,2026-10-02 00:15:00+00:00,Thu 8:15PM
196195424,NFL Showdown $1 5-Player (PIT @ CLE),154084,Showdown Captain Mode,1.0,1,5,1,4.5,2026-10-02 00:15:00+00:00,Thu 8:15PM
196185182,NFL Showdown $1 3-Player (PIT @ CLE),154084,Showdown Captain Mode,1.0,1,3,1,2.7,2026-10-02 00:15:00+00:00,Thu 8:15PM
196185183,NFL Showdown $1 3-Player (PIT @ CLE),154084,Showdown Captain Mode,1.0,1,3,1,2.7,2026-10-02 00:15:00+00:00,Thu 8:15PM
196185184,NFL Showdown $1 3-Player (PIT @ CLE),154084,Showdown Captain Mode,1.0,1,3,1,2.7,2026-10-02 00:15:00+00:00,Thu 8:15PM
196198995,NFL Showdown $1 3-Player (PIT @ CLE),154084,Showdown Captain Mode,1.0,1,3,1,2.7,2026-10-02 00:15:00+00:00,Thu 8:15PM
196185418,Casual NFL Showdown $109 5-Player (PIT @ CLE),154084,Showdown Captain Mode,109.0,0,5,1,500.0,2026-10-02 00:15:00+00:00,Thu 8:15PM
196185417,Casual NFL Showdown $109 3-Player (PIT @ CLE),154084,Showdown Captain Mode,109.0,0,3,1,300.0,2026-10-02 00:15:00+00:00,Thu 8:15PM
196185357,Casual NFL Showdown $50 50-50 (PIT @ CLE),154084,Showdown Captain Mode,50.0,0,10,1,450.0,2026-10-02 00:15:00+00:00,Thu 8:15PM
196185358,Casual NFL Showdown $50 50-50 (PIT @ CLE),154084,Showdown Captain Mode,50.0,0,10,1,450.0,2026-10-02 00:15:00+00:00,Thu 8:15PM
196185359,Casual NFL Showdown $50 5-Player (PIT @ CLE),154084,Showdown Captain Mode,50.0,0,5,1,225.0,2026-10-02 00:15:00+00:00,Thu 8:15PM
196185381,Casual NFL Showdown $50 3-Player (PIT @ CLE),154084,Showdown Captain Mode,50.0,0,3,1,135.0,2026-10-02 00:15:00+00:00,Thu 8:15PM
196185382,Casual NFL Showdown $50 3-Player (PIT @ CLE),154084,Showdown Captain Mode,50.0,0,3,1,135.0,2026-10-02 00:15:00+00:00,Thu 8:15PM
196185354,Casual NFL Showdown $20 50-50 (PIT @ CLE),154084,Showdown Captain Mode,20.0,0,10,1,180.0,2026-10-02 00:15:00+00:00,Thu 8:15PM
196185355,Casual NFL Showdown $20 50-50 (PIT @ CLE),154084,Showdown Captain Mode,20.0,0,10,1,180.0,2026-10-02 00:15:00+00:00,Thu 8:15PM
196185356,Casual NFL Showdown $20 50-50 (PIT @ CLE),154084,Showdown Captain Mode,20.0,0,10,1,180.0,2026-10-02 00:15:00+00:00,Thu 8:15PM
196185351,Casual NFL Showdown $20 5-Player (PIT @ CLE),154084,Showdown Captain Mode,20.0,0,5,1,90.0,2026-10-02 00:15:00+00:00,Thu 8:15PM
196185352,Casual NFL Showdown $20 5-Player (PIT @ CLE),154084,Showdown Captain Mode,20.0,0,5,1,90.0,2026-10-02 00:15:00+00:00,Thu 8:15PM
196185353,Casual NFL Showdown $20 5-Player (PIT @ CLE),154084,Showdown Captain Mode,20.0,0,5,1,90.0,2026-10-02 00:15:00+00:00,Thu 8:15PM
196185384,Casual NFL Showdown $20 3-Player (PIT @ CLE),154084,Showdown Captain Mode,20.0,0,3,1,54.0,2026-10-02 00:15:00+00:00,Thu 8:15PM
196185386,Casual NFL Showdown $20 3-Player (PIT @ CLE),154084,Showdown Captain Mode,20.0,0,3,1,54.0,2026-10-02 00:15:00+00:00,Thu 8:15PM
196185387,Casual NFL Showdown $20 3-Player (PIT @ CLE),154084,Showdown Captain Mode,20.0,0,3,1,54.0,2026-10-02 00:15:00+00:00,Thu 8:15PM
196185360,Casual NFL Showdown $10 50-50 (PIT @ CLE),154084,Showdown Captain Mode,10.0,0,10,1,90.0,2026-10-02 00:15:00+00:00,Thu 8:15PM
196185361,Casual NFL Showdown $10 50-50 (PIT @ CLE),154084,Showdown Captain Mode,10.0,0,10,1,90.0,2026-10-02 00:15:00+00:00,Thu 8:15PM
196185362,Casual NFL Showdown $10 50-50 (PIT @ CLE),154084,Showdown Captain Mode,10.0,0,10,1,90.0,2026-10-02 00:15:00+00:00,Thu 8:15PM
196185391,Casual NFL Showdown $10 5-Player (PIT @ CLE),154084,Showdown Captain Mode,10.0,0,5,1,45.0,2026-10-02 00:15:00+00:00,Thu 8:15PM
196185393,Casual NFL Showdown $10 5-Player (PIT @ CLE),154084,Showdown Captain Mode,10.0,0,5,1,45.0,2026-10-02 00:15:00+00:00,Thu 8:15PM
196185395,Casual NFL Showdown $10 5-Player (PIT @ CLE),154084,Showdown Captain Mode,10.0,0,5,1,45.0,2026-10-02 00:15:00+00:00,Thu 8:15PM
196185396,Casual NFL Showdown $10 3-Player (PIT @ CLE),154084,Showdown Captain Mode,10.0,0,3,1,27.0,2026-10-02 00:15:00+00:00,Thu 8:15PM
196185397,Casual NFL Showdown $10 3-Player (PIT @ CLE),154084,Showdown Captain Mode,10.0,0,3,1,27.0,2026-10-02 00:15:00+00:00,Thu 8:15PM
196185398,Casual NFL Showdown $10 3-Player (PIT @ CLE),154084,Showdown Captain Mode,10.0,0,3,1,27.0,2026-10-02 00:15:00+00:00,Thu 8:15PM
196185363,Casual NFL Showdown $5 50-50 (PIT @ CLE),154084,Showdown Captain Mode,5.0,0,10,1,45.0,2026-10-02 00:15:00+00:00,Thu 8:15PM
196185367,Casual NFL Showdown $5 50-50 (PIT @ CLE),154084,Showdown Captain Mode,5.0,0,10,1,45.0,2026-10-02 00:15:00+00:00,Thu 8:15PM
196187217,Casual NFL Showdown $5 50-50 (PIT @ CLE),154084,Showdown Captain Mode,5.0,0,10,1,45.0,2026-10-02 00:15:00+00:00,Thu 8:15PM
196185399,Casual NFL Showdown $5 5-Player (PIT @ CLE),154084,Showdown Captain Mode,5.0,0,5,1,22.5,2026-10-02 00:15:00+00:00,Thu 8:15PM
196185400,Casual NFL Showdown $5 5-Player (PIT @ CLE),154084,Showdown Captain Mode,5.0,0,5,1,22.5,2026-10-02 00:15:00+00:00,Thu 8:15PM
196185401,Casual NFL Showdown $5 5-Player (PIT @ CLE),154084,Showdown Captain Mode,5.0,0,5,1,22.5,2026-10-02 00:15:00+00:00,Thu 8:15PM
196185402,Casual NFL Showdown $5 3-Player (PIT @ CLE),154084,Showdown Captain Mode,5.0,0,3,1,13.5,2026-10-02 00:15:00+00:00,Thu 8:15PM
196185403,Casual NFL Showdown $5 3-Player (PIT @ CLE),154084,Showdown Captain Mode,5.0,0,3,1,13.5,2026-10-02 00:15:00+00:00,Thu 8:15PM
196185404,Casual NFL Showdown $5 3-Player (PIT @ CLE),154084,Showdown Captain Mode,5.0,0,3,1,13.5,2026-10-02 00:15:00+00:00,Thu 8:15PM
196185369,Casual NFL Showdown $3 50-50 (PIT @ CLE),154084,Showdown Captain Mode,3.0,0,10,1,27.0,2026-10-02 00:15:00+00:00,Thu 8:15PM
196185370,Casual NFL Showdown $3 50-50 (PIT @ CLE),154084,Showdown Captain Mode,3.0,0,10,1,27.0,2026-10-02 00:15:00+00:00,Thu 8:15PM
196185372,Casual NFL Showdown $3 50-50 (PIT @ CLE),154084,Showdown Captain Mode,3.0,0,10,1,27.0,2026-10-02 00:15:00+00:00,Thu 8:15PM
196185405,Casual NFL Showdown $2 5-Player (PIT @ CLE),154084,Showdown Captain Mode,2.0,0,5,1,9.0,2026-10-02 00:15:00+00:00,Thu 8:15PM
196185406,Casual NFL Showdown $2 5-Player (PIT @ CLE),154084,Showdown Captain Mode,2.0,0,5,1,9.0,2026-10-02 00:15:00+00:00,Thu 8:15PM
196195392,Casual NFL Showdown $2 5-Player (PIT @ CLE),154084,Showdown Captain Mode,2.0,0,5,1,9.0,2026-10-02 00:15:00+00:00,Thu 8:15PM
196185408,Casual NFL Showdown $2 3-Player (PIT @ CLE),154084,Showdown Captain Mode,2.0,0,3,1,5.4,2026-10-02 00:15:00+00:00,Thu 8:15PM
196185409,Casual NFL Showdown $2 3-Player (PIT @ CLE),154084,Showdown Captain Mode,2.0,0,3,1,5.4,2026-10-02 00:15:00+00:00,Thu 8:15PM
196185410,Casual NFL Showdown $2 3-Player (PIT @ CLE),154084,Showdown Captain Mode,2.0,0,3,1,5.4,2026-10-02 00:15:00+00:00,Thu 8:15PM
196185376,Casual NFL Showdown $1 50-50 (PIT @ CLE),154084,Showdown Captain Mode,1.0,0,10,1,9.0,2026-10-02 00:15:00+00:00,Thu 8:15PM
196185378,Casual NFL Showdown $1 50-50 (PIT @ CLE),154084,Showdown Captain Mode,1.0,0,10,1,9.0,2026-10-02 00:15:00+00:00,Thu 8:15PM
196195436,Casual NFL Showdown $1 50-50 (PIT @ CLE),154084,Showdown Captain Mode,1.0,0,10,1,9.0,2026-10-02 00:15:00+00:00,Thu 8:15PM
196185411,Casual NFL Showdown $1 5-Player (PIT @ CLE),154084,Showdown Captain Mode,1.0,0,5,1,4.5,2026-10-02 00:15:00+00:00,Thu 8:15PM
196185412,Casual NFL Showdown $1 5-Player (PIT @ CLE),154084,Showdown Captain Mode,1.0,0,5,1,4.5,2026-10-02 00:15:00+00:00,Thu 8:15PM
196185413,Casual NFL Showdown $1 5-Player (PIT @ CLE),154084,Showdown Captain Mode,1.0,0,5,1,4.5,2026-10-02 00:15:00+00:00,Thu 8:15PM
196185414,Casual NFL Showdown $1 3-Player (PIT @ CLE),154084,Showdown Captain Mode,1.0,0,3,1,2.7,2026-10-02 00:15:00+00:00,Thu 8:15PM
196185415,Casual NFL Showdown $1 3-Player (PIT @ CLE),154084,Showdown Captain Mode,1.0,0,3,1,2.7,2026-10-02 00:15:00+00:00,Thu 8:15PM
196185416,Casual NFL Showdown $1 3-Player (PIT @ CLE),154084,Showdown Captain Mode,1.0,0,3,1,2.7,2026-10-02 00:15:00+00:00,Thu 8:15PM
196185336,Beginner NFL Showdown $109 5-Player (PIT @ CLE),154084,Showdown Captain Mode,109.0,0,5,1,500.0,2026-10-02 00:15:00+00:00,Thu 8:15PM
196185335,Beginner NFL Showdown $109 3-Player (PIT @ CLE),154084,Showdown Captain Mode,109.0,0,3,1,300.0,2026-10-02 00:15:00+00:00,Thu 8:15PM
196185303,Beginner NFL Showdown $50 50-50 (PIT @ CLE),154084,Showdown Captain Mode,50.0,0,10,1,450.0,2026-10-02 00:15:00+00:00,Thu 8:15PM
196185304,Beginner NFL Showdown $50 50-50 (PIT @ CLE),154084,Showdown Captain Mode,50.0,0,10,1,450.0,2026-10-02 00:15:00+00:00,Thu 8:15PM
196185307,Beginner NFL Showdown $50 5-Player (PIT @ CLE),154084,Showdown Captain Mode,50.0,0,5,1,225.0,2026-10-02 00:15:00+00:00,Thu 8:15PM
196185305,Beginner NFL Showdown $50 3-Player (PIT @ CLE),154084,Showdown Captain Mode,50.0,0,3,1,135.0,2026-10-02 00:15:00+00:00,Thu 8:15PM
196185306,Beginner NFL Showdown $50 3-Player (PIT @ CLE),154084,Showdown Captain Mode,50.0,0,3,1,135.0,2026-10-02 00:15:00+00:00,Thu 8:15PM
196185287,Beginner NFL Showdown $20 50-50 (PIT @ CLE),154084,Showdown Captain Mode,20.0,0,10,1,180.0,2026-10-02 00:15:00+00:00,Thu 8:15PM
196185288,Beginner NFL Showdown $20 50-50 (PIT @ CLE),154084,Showdown Captain Mode,20.0,0,10,1,180.0,2026-10-02 00:15:00+00:00,Thu 8:15PM
196185289,Beginner NFL Showdown $20 50-50 (PIT @ CLE),154084,Showdown Captain Mode,20.0,0,10,1,180.0,2026-10-02 00:15:00+00:00,Thu 8:15PM
196185272,Beginner NFL Showdown $20 5-Player (PIT @ CLE),154084,Showdown Captain Mode,20.0,0,5,1,90.0,2026-10-02 00:15:00+00:00,Thu 8:15PM
196185273,Beginner NFL Showdown $20 5-Player (PIT @ CLE),154084,Showdown Captain Mode,20.0,0,5,1,90.0,2026-10-02 00:15:00+00:00,Thu 8:15PM
196185274,Beginner NFL Showdown $20 5-Player (PIT @ CLE),154084,Showdown Captain Mode,20.0,0,5,1,90.0,2026-10-02 00:15:00+00:00,Thu 8:15PM
196185254,Beginner NFL Showdown $20 3-Player (PIT @ CLE),154084,Showdown Captain Mode,20.0,0,3,1,54.0,2026-10-02 00:15:00+00:00,Thu 8:15PM
196185255,Beginner NFL Showdown $20 3-Player (PIT @ CLE),154084,Showdown Captain Mode,20.0,0,3,1,54.0,2026-10-02 00:15:00+00:00,Thu 8:15PM
196185256,Beginner NFL Showdown $20 3-Player (PIT @ CLE),154084,Showdown Captain Mode,20.0,0,3,1,54.0,2026-10-02 00:15:00+00:00,Thu 8:15PM
196185284,Beginner NFL Showdown $10 50-50 (PIT @ CLE),154084,Showdown Captain Mode,10.0,0,10,1,90.0,2026-10-02 00:15:00+00:00,Thu 8:15PM
196185285,Beginner NFL Showdown $10 50-50 (PIT @ CLE),154084,Showdown Captain Mode,10.0,0,10,1,90.0,2026-10-02 00:15:00+00:00,Thu 8:15PM
196185286,Beginner NFL Showdown $10 50-50 (PIT @ CLE),154084,Showdown Captain Mode,10.0,0,10,1,90.0,2026-10-02 00:15:00+00:00,Thu 8:15PM
196185269,Beginner NFL Showdown $10 5-Player (PIT @ CLE),154084,Showdown Captain Mode,10.0,0,5,1,45.0,2026-10-02 00:15:00+00:00,Thu 8:15PM
196185270,Beginner NFL Showdown $10 5-Player (PIT @ CLE),154084,Showdown Captain Mode,10.0,0,5,1,45.0,2026-10-02 00:15:00+00:00,Thu 8:15PM
196185271,Beginner NFL Showdown $10 5-Player (PIT @ CLE),154084,Showdown Captain Mode,10.0,0,5,1,45.0,2026-10-02 00:15:00+00:00,Thu 8:15PM
196185251,Beginner NFL Showdown $10 3-Player (PIT @ CLE),154084,Showdown Captain Mode,10.0,0,3,1,27.0,2026-10-02 00:15:00+00:00,Thu 8:15PM
196185252,Beginner NFL Showdown $10 3-Player (PIT @ CLE),154084,Showdown Captain Mode,10.0,0,3,1,27.0,2026-10-02 00:15:00+00:00,Thu 8:15PM
196185253,Beginner NFL Showdown $10 3-Player (PIT @ CLE),154084,Showdown Captain Mode,10.0,0,3,1,27.0,2026-10-02 00:15:00+00:00,Thu 8:15PM
196185281,Beginner NFL Showdown $5 50-50 (PIT @ CLE),154084,Showdown Captain Mode,5.0,0,10,1,45.0,2026-10-02 00:15:00+00:00,Thu 8:15PM
196185282,Beginner NFL Showdown $5 50-50 (PIT @ CLE),154084,Showdown Captain Mode,5.0,0,10,1,45.0,2026-10-02 00:15:00+00:00,Thu 8:15PM
196185283,Beginner NFL Showdown $5 50-50 (PIT @ CLE),154084,Showdown Captain Mode,5.0,0,10,1,45.0,2026-10-02 00:15:00+00:00,Thu 8:15PM
196185266,Beginner NFL Showdown $5 5-Player (PIT @ CLE),154084,Showdown Captain Mode,5.0,0,5,1,22.5,2026-10-02 00:15:00+00:00,Thu 8:15PM
196185267,Beginner NFL Showdown $5 5-Player (PIT @ CLE),154084,Showdown Captain Mode,5.0,0,5,1,22.5,2026-10-02 00:15:00+00:00,Thu 8:15PM
196185268,Beginner NFL Showdown $5 5-Player (PIT @ CLE),154084,Showdown Captain Mode,5.0,0,5,1,22.5,2026-10-02 00:15:00+00:00,Thu 8:15PM
196185245,Beginner NFL Showdown $5 3-Player (PIT @ CLE),154084,Showdown Captain Mode,5.0,0,3,1,13.5,2026-10-02 00:15:00+00:00,Thu 8:15PM
196185246,Beginner NFL Showdown $5 3-Player (PIT @ CLE),154084,Showdown Captain Mode,5.0,0,3,1,13.5,2026-10-02 00:15:00+00:00,Thu 8:15PM
196185247,Beginner NFL Showdown $5 3-Player (PIT @ CLE),154084,Showdown Captain Mode,5.0,0,3,1,13.5,2026-10-02 00:15:00+00:00,Thu 8:15PM
196185278,Beginner NFL Showdown $3 50-50 (PIT @ CLE),154084,Showdown Captain Mode,3.0,0,10,1,27.0,2026-10-02 00:15:00+00:00,Thu 8:15PM
196185279,Beginner NFL Showdown $3 50-50 (PIT @ CLE),154084,Showdown Captain Mode,3.0,0,10,1,27.0,2026-10-02 00:15:00+00:00,Thu 8:15PM
196185280,Beginner NFL Showdown $3 50-50 (PIT @ CLE),154084,Showdown Captain Mode,3.0,0,10,1,27.0,2026-10-02 00:15:00+00:00,Thu 8:15PM
196185263,Beginner NFL Showdown $2 5-Player (PIT @ CLE),154084,Showdown Captain Mode,2.0,0,5,1,9.0,2026-10-02 00:15:00+00:00,Thu 8:15PM
196185264,Beginner NFL Showdown $2 5-Player (PIT @ CLE),154084,Showdown Captain Mode,2.0,0,5,1,9.0,2026-10-02 00:15:00+00:00,Thu 8:15PM
196185265,Beginner NFL Showdown $2 5-Player (PIT @ CLE),154084,Showdown Captain Mode,2.0,0,5,1,9.0,2026-10-02 00:15:00+00:00,Thu 8:15PM
196185257,Beginner NFL Showdown $2 3-Player (PIT @ CLE),154084,Showdown Captain Mode,2.0,0,3,1,5.4,2026-10-02 00:15:00+00:00,Thu 8:15PM
196185258,Beginner NFL Showdown $2 3-Player (PIT @ CLE),154084,Showdown Captain Mode,2.0,0,3,1,5.4,2026-10-02 00:15:00+00:00,Thu 8:15PM
196185259,Beginner NFL Showdown $2 3-Player (PIT @ CLE),154084,Showdown Captain Mode,2.0,0,3,1,5.4,2026-10-02 00:15:00+00:00,Thu 8:15PM
196185276,Beginner NFL Showdown $1 50-50 (PIT @ CLE),154084,Showdown Captain Mode,1.0,0,10,1,9.0,2026-10-02 00:15:00+00:00,Thu 8:15PM
196185277,Beginner NFL Showdown $1 50-50 (PIT @ CLE),154084,Showdown Captain Mode,1.0,0,10,1,9.0,2026-10-02 00:15:00+00:00,Thu 8:15PM
196199653,Beginner NFL Showdown $1 50-50 (PIT @ CLE),154084,Showdown Captain Mode,1.0,0,10,1,9.0,2026-10-02 00:15:00+00:00,Thu 8:15PM
196185260,Beginner NFL Showdown $1 5-Player (PIT @ CLE),154084,Showdown Captain Mode,1.0,0,5,1,4.5,2026-10-02 00:15:00+00:00,Thu 8:15PM
196185261,Beginner NFL Showdown $1 5-Player (PIT @ CLE),154084,Showdown Captain Mode,1.0,0,5,1,4.5,2026-10-02 00:15:00+00:00,Thu 8:15PM
196185262,Beginner NFL Showdown $1 5-Player (PIT @ CLE),154084,Showdown Captain Mode,1.0,0,5,1,4.5,2026-10-02 00:15:00+00:00,Thu 8:15PM
196185248,Beginner NFL Showdown $1 3-Player (PIT @ CLE),154084,Showdown Captain Mode,1.0,0,3,1,2.7,2026-10-02 00:15:00+00:00,Thu 8:15PM
196185249,Beginner NFL Showdown $1 3-Player (PIT @ CLE),154084,Showdown Captain Mode,1.0,0,3,1,2.7,2026-10-02 00:15:00+00:00,Thu 8:15PM
196185250,Beginner NFL Showdown $1 3-Player (PIT @ CLE),154084,Showdown Captain Mode,1.0,0,3,1,2.7,2026-10-02 00:15:00+00:00,Thu 8:15PM
196185311,"NFL Showdown $10,600 3-Player (PIT @ CLE)",154084,Showdown Captain Mode,10600.0,0,3,1,30000.0,2026-10-02 00:15:00+00:00,Thu 8:15PM
196185312,"NFL Showdown $10,600 3-Player (PIT @ CLE)",154084,Showdown Captain Mode,10600.0,0,3,1,30000.0,2026-10-02 00:15:00+00:00,Thu 8:15PM
196185315,"NFL Showdown $5,300 50-50 (PIT @ CLE)",154084,Showdown Captain Mode,5300.0,0,4,1,20000.0,2026-10-02 00:15:00+00:00,Thu 8:15PM
196185316,"NFL Showdown $5,300 50-50 (PIT @ CLE)",154084,Showdown Captain Mode,5300.0,0,4,1,20000.0,2026-10-02 00:15:00+00:00,Thu 8:15PM
196185313,"NFL Showdown $5,300 3-Player (PIT @ CLE)",154084,Showdown Captain Mode,5300.0,0,3,1,15000.0,2026-10-02 00:15:00+00:00,Thu 8:15PM
196185314,"NFL Showdown $5,300 3-Player (PIT @ CLE)",154084,Showdown Captain Mode,5300.0,0,3,1,15000.0,2026-10-02 00:15:00+00:00,Thu 8:15PM
196185349,"NFL Showdown $2,120 50-50 (PIT @ CLE)",154084,Showdown Captain Mode,2120.0,0,4,1,8000.0,2026-10-02 00:15:00+00:00,Thu 8:15PM
196185350,"NFL Showdown $2,120 50-50 (PIT @ CLE)",154084,Showdown Captain Mode,2120.0,0,4,1,8000.0,2026-10-02 00:15:00+00:00,Thu 8:15PM
196185347,"NFL Showdown $2,120 5-Player (PIT @ CLE)",154084,Showdown Captain Mode,2120.0,0,5,1,10000.0,2026-10-02 00:15:00+00:00,Thu 8:15PM
196185348,"NFL Showdown $2,120 5-Player (PIT @ CLE)",154084,Showdown Captain Mode,2120.0,0,5,1,10000.0,2026-10-02 00:15:00+00:00,Thu 8:15PM
196185345,"NFL Showdown $2,120 3-Player (PIT @ CLE)",154084,Showdown Captain Mode,2120.0,0,3,1,6000.0,2026-10-02 00:15:00+00:00,Thu 8:15PM
196185346,"NFL Showdown $2,120 3-Player (PIT @ CLE)",154084,Showdown Captain Mode,2120.0,0,3,1,6000.0,2026-10-02 00:15:00+00:00,Thu 8:15PM
196185317,"NFL Showdown $1,060 50-50 (PIT @ CLE)",154084,Showdown Captain Mode,1060.0,0,4,1,4000.0,2026-10-02 00:15:00+00:00,Thu 8:15PM
196185318,"NFL Showdown $1,060 50-50 (PIT @ CLE)",154084,Showdown Captain Mode,1060.0,0,4,1,4000.0,2026-10-02 00:15:00+00:00,Thu 8:15PM
196185202,"NFL Showdown $1,060 5-Player (PIT @ CLE)",154084,Showdown Captain Mode,1060.0,0,5,1,5000.0,2026-10-02 00:15:00+00:00,Thu 8:15PM
196185203,"NFL Showdown $1,060 5-Player (PIT @ CLE)",154084,Showdown Captain Mode,1060.0,0,5,1,5000.0,2026-10-02 00:15:00+00:00,Thu 8:15PM
196185319,"NFL Showdown $1,060 3-Player (PIT @ CLE)",154084,Showdown Captain Mode,1060.0,0,3,1,3000.0,2026-10-02 00:15:00+00:00,Thu 8:15PM
196185320,"NFL Showdown $1,060 3-Player (PIT @ CLE)",154084,Showdown Captain Mode,1060.0,0,3,1,3000.0,2026-10-02 00:15:00+00:00,Thu 8:15PM
196185321,NFL Showdown $530 50-50 (PIT @ CLE),154084,Showdown Captain Mode,530.0,0,4,1,2000.0,2026-10-02 00:15:00+00:00,Thu 8:15PM
196185322,NFL Showdown $530 50-50 (PIT @ CLE),154084,Showdown Captain Mode,530.0,0,4,1,2000.0,2026-10-02 00:15:00+00:00,Thu 8:15PM
196185339,NFL Showdown $530 50-50 (PIT @ CLE),154084,Showdown Captain Mode,530.0,0,8,1,4000.0,2026-10-02 00:15:00+00:00,Thu 8:15PM
196185229,NFL Showdown $530 5-Player (PIT @ CLE),154084,Showdown Captain Mode,530.0,0,5,1,2500.0,2026-10-02 00:15:00+00:00,Thu 8:15PM
196185230,NFL Showdown $530 5-Player (PIT @ CLE),154084,Showdown Captain Mode,530.0,0,5,1,2500.0,2026-10-02 00:15:00+00:00,Thu 8:15PM
196185323,NFL Showdown $530 3-Player (PIT @ CLE),154084,Showdown Captain Mode,530.0,0,3,1,1500.0,2026-10-02 00:15:00+00:00,Thu 8:15PM
196185324,NFL Showdown $530 3-Player (PIT @ CLE),154084,Showdown Captain Mode,530.0,0,3,1,1500.0,2026-10-02 00:15:00+00:00,Thu 8:15PM
196185338,NFL Showdown $270 50-50 (PIT @ CLE),154084,Showdown Captain Mode,270.0,0,8,1,2000.0,2026-10-02 00:15:00+00:00,Thu 8:15PM
196185436,NFL Showdown $270 50-50 (PIT @ CLE),154084,Showdown Captain Mode,270.0,0,4,1,1000.0,2026-10-02 00:15:00+00:00,Thu 8:15PM
196185437,NFL Showdown $270 50-50 (PIT @ CLE),154084,Showdown Captain Mode,270.0,0,4,1,1000.0,2026-10-02 00:15:00+00:00,Thu 8:15PM
196185290,NFL Showdown $270 10-Player (PIT @ CLE),154084,Showdown Captain Mode,270.0,0,10,1,2500.0,2026-10-02 00:15:00+00:00,Thu 8:15PM
196185325,NFL Showdown $270 3-Player (PIT @ CLE),154084,Showdown Captain Mode,270.0,0,3,1,750.0,2026-10-02 00:15:00+00:00,Thu 8:15PM
196185326,NFL Showdown $270 3-Player (PIT @ CLE),154084,Showdown Captain Mode,270.0,0,3,1,750.0,2026-10-02 00:15:00+00:00,Thu 8:15PM
196185227,NFL Showdown $270 5-Player (PIT @ CLE),154084,Showdown Captain Mode,270.0,0,5,1,1250.0,2026-10-02 00:15:00+00:00,Thu 8:15PM
196185228,NFL Showdown $270 5-Player (PIT @ CLE),154084,Showdown Captain Mode,270.0,0,5,1,1250.0,2026-10-02 00:15:00+00:00,Thu 8:15PM
196185337,NFL Showdown $162 50-50 (PIT @ CLE),154084,Showdown Captain Mode,162.0,0,8,1,1200.0,2026-10-02 00:15:00+00:00,Thu 8:15PM
196185212,NFL Showdown $162 50-50 (PIT @ CLE),154084,Showdown Captain Mode,162.0,0,4,1,600.0,2026-10-02 00:15:00+00:00,Thu 8:15PM
196185213,NFL Showdown $162 50-50 (PIT @ CLE),154084,Showdown Captain Mode,162.0,0,4,1,600.0,2026-10-02 00:15:00+00:00,Thu 8:15PM
196185225,NFL Showdown $162 5-Player (PIT @ CLE),154084,Showdown Captain Mode,162.0,0,5,1,750.0,2026-10-02 00:15:00+00:00,Thu 8:15PM
196185226,NFL Showdown $162 5-Player (PIT @ CLE),154084,Showdown Captain Mode,162.0,0,5,1,750.0,2026-10-02 00:15:00+00:00,Thu 8:15PM
196185222,NFL Showdown $162 3-Player (PIT @ CLE),154084,Showdown Captain Mode,162.0,0,3,1,450.0,2026-10-02 00:15:00+00:00,Thu 8:15PM
196185223,NFL Showdown $162 3-Player (PIT @ CLE),154084,Showdown Captain Mode,162.0,0,3,1,450.0,2026-10-02 00:15:00+00:00,Thu 8:15PM
196185224,NFL Showdown $162 3-Player (PIT @ CLE),154084,Showdown Captain Mode,162.0,0,3,1,450.0,2026-10-02 00:15:00+00:00,Thu 8:15PM
196185244,NFL Showdown $109 50-50 (PIT @ CLE),154084,Showdown Captain Mode,109.0,0,20,1,2000.0,2026-10-02 00:15:00+00:00,Thu 8:15PM
196185216,NFL Showdown $109 50-50 (PIT @ CLE),154084,Showdown Captain Mode,109.0,0,10,1,1000.0,2026-10-02 00:15:00+00:00,Thu 8:15PM
196185327,NFL Showdown $109 50-50 (PIT @ CLE),154084,Showdown Captain Mode,109.0,0,4,1,400.0,2026-10-02 00:15:00+00:00,Thu 8:15PM
196185328,NFL Showdown $109 50-50 (PIT @ CLE),154084,Showdown Captain Mode,109.0,0,4,1,400.0,2026-10-02 00:15:00+00:00,Thu 8:15PM
196185329,NFL Showdown $109 5-Player (PIT @ CLE),154084,Showdown Captain Mode,109.0,0,5,1,500.0,2026-10-02 00:15:00+00:00,Thu 8:15PM
196185330,NFL Showdown $109 5-Player (PIT @ CLE),154084,Showdown Captain Mode,109.0,0,5,1,500.0,2026-10-02 00:15:00+00:00,Thu 8:15PM
196185332,NFL Showdown $109 3-Player (PIT @ CLE),154084,Showdown Captain Mode,109.0,0,3,1,300.0,2026-10-02 00:15:00+00:00,Thu 8:15PM
196185333,NFL Showdown $109 3-Player (PIT @ CLE),154084,Showdown Captain Mode,109.0,0,3,1,300.0,2026-10-02 00:15:00+00:00,Thu 8:15PM
196185334,NFL Showdown $109 3-Player (PIT @ CLE),154084,Showdown Captain Mode,109.0,0,3,1,300.0,2026-10-02 00:15:00+00:00,Thu 8:15PM
196185243,NFL Showdown $50 50-50 (PIT @ CLE),154084,Showdown Captain Mode,50.0,0,20,1,900.0,2026-10-02 00:15:00+00:00,Thu 8:15PM
196185214,NFL Showdown $50 50-50 (PIT @ CLE),154084,Showdown Captain Mode,50.0,0,10,1,450.0,2026-10-02 00:15:00+00:00,Thu 8:15PM
196185215,NFL Showdown $50 50-50 (PIT @ CLE),154084,Showdown Captain Mode,50.0,0,10,1,450.0,2026-10-02 00:15:00+00:00,Thu 8:15PM
196185171,NFL Showdown $50 50-50 (PIT @ CLE),154084,Showdown Captain Mode,50.0,0,4,1,180.0,2026-10-02 00:15:00+00:00,Thu 8:15PM
196185172,NFL Showdown $50 50-50 (PIT @ CLE),154084,Showdown Captain Mode,50.0,0,4,1,180.0,2026-10-02 00:15:00+00:00,Thu 8:15PM
196185173,NFL Showdown $50 50-50 (PIT @ CLE),154084,Showdown Captain Mode,50.0,0,4,1,180.0,2026-10-02 00:15:00+00:00,Thu 8:15PM
196185424,NFL Showdown $50 Double Up (PIT @ CLE),154084,Showdown Captain Mode,50.0,0,22,1,1000.0,2026-10-02 00:15:00+00:00,Thu 8:15PM
196185423,NFL Showdown $50 Double Up (PIT @ CLE),154084,Showdown Captain Mode,50.0,0,11,1,500.0,2026-10-02 00:15:00+00:00,Thu 8:15PM
196185293,NFL Showdown $50 20-Player (PIT @ CLE),154084,Showdown Captain Mode,50.0,0,20,1,900.0,2026-10-02 00:15:00+00:00,Thu 8:15PM
196185204,NFL Showdown $50 10-Player (PIT @ CLE),154084,Showdown Captain Mode,50.0,0,10,1,450.0,2026-10-02 00:15:00+00:00,Thu 8:15PM
196185205,NFL Showdown $50 10-Player (PIT @ CLE),154084,Showdown Captain Mode,50.0,0,10,1,450.0,2026-10-02 00:15:00+00:00,Thu 8:15PM
196185180,NFL Showdown $50 5-Player (PIT @ CLE),154084,Showdown Captain Mode,50.0,0,5,1,225.0,2026-10-02 00:15:00+00:00,Thu 8:15PM
196185181,NFL Showdown $50 5-Player (PIT @ CLE),154084,Showdown Captain Mode,50.0,0,5,1,225.0,2026-10-02 00:15:00+00:00,Thu 8:15PM
196185177,NFL Showdown $50 3-Player (PIT @ CLE),154084,Showdown Captain Mode,50.0,0,3,1,135.0,2026-10-02 00:15:00+00:00,Thu 8:15PM
196185178,NFL Showdown $50 3-Player (PIT @ CLE),154084,Showdown Captain Mode,50.0,0,3,1,135.0,2026-10-02 00:15:00+00:00,Thu 8:15PM
196185179,NFL Showdown $50 3-Player (PIT @ CLE),154084,Showdown Captain Mode,50.0,0,3,1,135.0,2026-10-02 00:15:00+00:00,Thu 8:15PM
196185422,NFL Showdown $25 Double Up (PIT @ CLE),154084,Showdown Captain Mode,25.0,0,22,1,500.0,2026-10-02 00:15:00+00:00,Thu 8:15PM
196185421,NFL Showdown $25 Double Up (PIT @ CLE),154084,Showdown Captain Mode,25.0,0,11,1,250.0,2026-10-02 00:15:00+00:00,Thu 8:15PM
196185344,NFL Showdown $20 50-50 (PIT @ CLE),154084,Showdown Captain Mode,20.0,0,50,1,900.0,2026-10-02 00:15:00+00:00,Thu 8:15PM
196185241,NFL Showdown $20 50-50 (PIT @ CLE),154084,Showdown Captain Mode,20.0,0,20,1,360.0,2026-10-02 00:15:00+00:00,Thu 8:15PM
196185242,NFL Showdown $20 50-50 (PIT @ CLE),154084,Showdown Captain Mode,20.0,0,20,1,360.0,2026-10-02 00:15:00+00:00,Thu 8:15PM
196185161,NFL Showdown $20 50-50 (PIT @ CLE),154084,Showdown Captain Mode,20.0,0,10,1,180.0,2026-10-02 00:15:00+00:00,Thu 8:15PM
196185162,NFL Showdown $20 50-50 (PIT @ CLE),154084,Showdown Captain Mode,20.0,0,10,1,180.0,2026-10-02 00:15:00+00:00,Thu 8:15PM
196185435,NFL Showdown $20 100-Player (PIT @ CLE),154084,Showdown Captain Mode,20.0,0,100,1,1800.0,2026-10-02 00:15:00+00:00,Thu 8:15PM
196185296,NFL Showdown $20 40-Player (PIT @ CLE),154084,Showdown Captain Mode,20.0,0,40,1,720.0,2026-10-02 00:15:00+00:00,Thu 8:15PM
196185291,NFL Showdown $20 20-Player (PIT @ CLE),154084,Showdown Captain Mode,20.0,0,20,1,360.0,2026-10-02 00:15:00+00:00,Thu 8:15PM
196185292,NFL Showdown $20 20-Player (PIT @ CLE),154084,Showdown Captain Mode,20.0,0,20,1,360.0,2026-10-02 00:15:00+00:00,Thu 8:15PM
196185210,NFL Showdown $20 10-Player (PIT @ CLE),154084,Showdown Captain Mode,20.0,0,10,1,180.0,2026-10-02 00:15:00+00:00,Thu 8:15PM
196185211,NFL Showdown $20 10-Player (PIT @ CLE),154084,Showdown Captain Mode,20.0,0,10,1,180.0,2026-10-02 00:15:00+00:00,Thu 8:15PM
196185155,NFL Showdown $20 5-Player (PIT @ CLE),154084,Showdown Captain Mode,20.0,0,5,1,90.0,2026-10-02 00:15:00+00:00,Thu 8:15PM
196185156,NFL Showdown $20 5-Player (PIT @ CLE),154084,Showdown Captain Mode,20.0,0,5,1,90.0,2026-10-02 00:15:00+00:00,Thu 8:15PM
196185157,NFL Showdown $20 5-Player (PIT @ CLE),154084,Showdown Captain Mode,20.0,0,5,1,90.0,2026-10-02 00:15:00+00:00,Thu 8:15PM
196185194,NFL Showdown $20 3-Player (PIT @ CLE),154084,Showdown Captain Mode,20.0,0,3,1,54.0,2026-10-02 00:15:00+00:00,Thu 8:15PM
196185195,NFL Showdown $20 3-Player (PIT @ CLE),154084,Showdown Captain Mode,20.0,0,3,1,54.0,2026-10-02 00:15:00+00:00,Thu 8:15PM
196185196,NFL Showdown $20 3-Player (PIT @ CLE),154084,Showdown Captain Mode,20.0,0,3,1,54.0,2026-10-02 00:15:00+00:00,Thu 8:15PM
196185343,NFL Showdown $10 50-50 (PIT @ CLE),154084,Showdown Captain Mode,10.0,0,50,1,450.0,2026-10-02 00:15:00+00:00,Thu 8:15PM
196185220,NFL Showdown $10 50-50 (PIT @ CLE),154084,Showdown Captain Mode,10.0,0,20,1,180.0,2026-10-02 00:15:00+00:00,Thu 8:15PM
196185221,NFL Showdown $10 50-50 (PIT @ CLE),154084,Showdown Captain Mode,10.0,0,20,1,180.0,2026-10-02 00:15:00+00:00,Thu 8:15PM
196185197,NFL Showdown $10 50-50 (PIT @ CLE),154084,Showdown Captain Mode,10.0,0,10,1,90.0,2026-10-02 00:15:00+00:00,Thu 8:15PM
196185198,NFL Showdown $10 50-50 (PIT @ CLE),154084,Showdown Captain Mode,10.0,0,10,1,90.0,2026-10-02 00:15:00+00:00,Thu 8:15PM
196185419,NFL Showdown $10 Double Up (PIT @ CLE),154084,Showdown Captain Mode,10.0,0,11,1,100.0,2026-10-02 00:15:00+00:00,Thu 8:15PM
196185420,NFL Showdown $10 Double Up (PIT @ CLE),154084,Showdown Captain Mode,10.0,0,11,1,100.0,2026-10-02 00:15:00+00:00,Thu 8:15PM
196185434,NFL Showdown $10 100-Player (PIT @ CLE),154084,Showdown Captain Mode,10.0,0,100,1,900.0,2026-10-02 00:15:00+00:00,Thu 8:15PM
196185295,NFL Showdown $10 40-Player (PIT @ CLE),154084,Showdown Captain Mode,10.0,0,40,1,360.0,2026-10-02 00:15:00+00:00,Thu 8:15PM
196185206,NFL Showdown $10 20-Player (PIT @ CLE),154084,Showdown Captain Mode,10.0,0,20,1,180.0,2026-10-02 00:15:00+00:00,Thu 8:15PM
196185207,NFL Showdown $10 20-Player (PIT @ CLE),154084,Showdown Captain Mode,10.0,0,20,1,180.0,2026-10-02 00:15:00+00:00,Thu 8:15PM
196185169,NFL Showdown $10 10-Player (PIT @ CLE),154084,Showdown Captain Mode,10.0,0,10,1,90.0,2026-10-02 00:15:00+00:00,Thu 8:15PM
196185170,NFL Showdown $10 10-Player (PIT @ CLE),154084,Showdown Captain Mode,10.0,0,10,1,90.0,2026-10-02 00:15:00+00:00,Thu 8:15PM
196185152,NFL Showdown $10 5-Player (PIT @ CLE),154084,Showdown Captain Mode,10.0,0,5,1,45.0,2026-10-02 00:15:00+00:00,Thu 8:15PM
196185153,NFL Showdown $10 5-Player (PIT @ CLE),154084,Showdown Captain Mode,10.0,0,5,1,45.0,2026-10-02 00:15:00+00:00,Thu 8:15PM
196185154,NFL Showdown $10 5-Player (PIT @ CLE),154084,Showdown Captain Mode,10.0,0,5,1,45.0,2026-10-02 00:15:00+00:00,Thu 8:15PM
196185191,NFL Showdown $10 3-Player (PIT @ CLE),154084,Showdown Captain Mode,10.0,0,3,1,27.0,2026-10-02 00:15:00+00:00,Thu 8:15PM
196185192,NFL Showdown $10 3-Player (PIT @ CLE),154084,Showdown Captain Mode,10.0,0,3,1,27.0,2026-10-02 00:15:00+00:00,Thu 8:15PM
196185193,NFL Showdown $10 3-Player (PIT @ CLE),154084,Showdown Captain Mode,10.0,0,3,1,27.0,2026-10-02 00:15:00+00:00,Thu 8:15PM
196185309,NFL Showdown $5 50-50 (PIT @ CLE),154084,Showdown Captain Mode,5.0,0,100,1,450.0,2026-10-02 00:15:00+00:00,Thu 8:15PM
196185342,NFL Showdown $5 50-50 (PIT @ CLE),154084,Showdown Captain Mode,5.0,0,50,1,225.0,2026-10-02 00:15:00+00:00,Thu 8:15PM
196185217,NFL Showdown $5 50-50 (PIT @ CLE),154084,Showdown Captain Mode,5.0,0,20,1,90.0,2026-10-02 00:15:00+00:00,Thu 8:15PM
196185218,NFL Showdown $5 50-50 (PIT @ CLE),154084,Showdown Captain Mode,5.0,0,20,1,90.0,2026-10-02 00:15:00+00:00,Thu 8:15PM
196185219,NFL Showdown $5 50-50 (PIT @ CLE),154084,Showdown Captain Mode,5.0,0,20,1,90.0,2026-10-02 00:15:00+00:00,Thu 8:15PM
196185158,NFL Showdown $5 50-50 (PIT @ CLE),154084,Showdown Captain Mode,5.0,0,10,1,45.0,2026-10-02 00:15:00+00:00,Thu 8:15PM
196185159,NFL Showdown $5 50-50 (PIT @ CLE),154084,Showdown Captain Mode,5.0,0,10,1,45.0,2026-10-02 00:15:00+00:00,Thu 8:15PM
196185160,NFL Showdown $5 50-50 (PIT @ CLE),154084,Showdown Captain Mode,5.0,0,10,1,45.0,2026-10-02 00:15:00+00:00,Thu 8:15PM
196185425,NFL Showdown $5 Double Up (PIT @ CLE),154084,Showdown Captain Mode,5.0,0,11,1,50.0,2026-10-02 00:15:00+00:00,Thu 8:15PM
196185426,NFL Showdown $5 Double Up (PIT @ CLE),154084,Showdown Captain Mode,5.0,0,11,1,50.0,2026-10-02 00:15:00+00:00,Thu 8:15PM
196185433,NFL Showdown $5 100-Player (PIT @ CLE),154084,Showdown Captain Mode,5.0,0,100,1,450.0,2026-10-02 00:15:00+00:00,Thu 8:15PM
196186781,NFL Showdown $5 100-Player (PIT @ CLE),154084,Showdown Captain Mode,5.0,0,100,1,450.0,2026-10-02 00:15:00+00:00,Thu 8:15PM
196185294,NFL Showdown $5 40-Player (PIT @ CLE),154084,Showdown Captain Mode,5.0,0,40,1,180.0,2026-10-02 00:15:00+00:00,Thu 8:15PM
196185208,NFL Showdown $5 20-Player (PIT @ CLE),154084,Showdown Captain Mode,5.0,0,20,1,90.0,2026-10-02 00:15:00+00:00,Thu 8:15PM
196185209,NFL Showdown $5 20-Player (PIT @ CLE),154084,Showdown Captain Mode,5.0,0,20,1,90.0,2026-10-02 00:15:00+00:00,Thu 8:15PM
196185143,NFL Showdown $5 10-Player (PIT @ CLE),154084,Showdown Captain Mode,5.0,0,10,1,45.0,2026-10-02 00:15:00+00:00,Thu 8:15PM
196185144,NFL Showdown $5 10-Player (PIT @ CLE),154084,Showdown Captain Mode,5.0,0,10,1,45.0,2026-10-02 00:15:00+00:00,Thu 8:15PM
196185145,NFL Showdown $5 10-Player (PIT @ CLE),154084,Showdown Captain Mode,5.0,0,10,1,45.0,2026-10-02 00:15:00+00:00,Thu 8:15PM
196185149,NFL Showdown $5 5-Player (PIT @ CLE),154084,Showdown Captain Mode,5.0,0,5,1,22.5,2026-10-02 00:15:00+00:00,Thu 8:15PM
196185150,NFL Showdown $5 5-Player (PIT @ CLE),154084,Showdown Captain Mode,5.0,0,5,1,22.5,2026-10-02 00:15:00+00:00,Thu 8:15PM
196185151,NFL Showdown $5 5-Player (PIT @ CLE),154084,Showdown Captain Mode,5.0,0,5,1,22.5,2026-10-02 00:15:00+00:00,Thu 8:15PM
196185188,NFL Showdown $5 3-Player (PIT @ CLE),154084,Showdown Captain Mode,5.0,0,3,1,13.5,2026-10-02 00:15:00+00:00,Thu 8:15PM
196185189,NFL Showdown $5 3-Player (PIT @ CLE),154084,Showdown Captain Mode,5.0,0,3,1,13.5,2026-10-02 00:15:00+00:00,Thu 8:15PM
196185190,NFL Showdown $5 3-Player (PIT @ CLE),154084,Showdown Captain Mode,5.0,0,3,1,13.5,2026-10-02 00:15:00+00:00,Thu 8:15PM
196185166,NFL Showdown $5 3-Player (PIT @ CLE),154084,Showdown Captain Mode,5.0,0,3,1,13.5,2026-10-02 00:15:00+00:00,Thu 8:15PM
196185167,NFL Showdown $5 3-Player (PIT @ CLE),154084,Showdown Captain Mode,5.0,0,3,1,13.5,2026-10-02 00:15:00+00:00,Thu 8:15PM
196185168,NFL Showdown $5 3-Player (PIT @ CLE),154084,Showdown Captain Mode,5.0,0,3,1,13.5,2026-10-02 00:15:00+00:00,Thu 8:15PM
196198877,NFL Showdown $3 Double Up (PIT @ CLE),154084,Showdown Captain Mode,3.0,0,11,1,30.0,2026-10-02 00:15:00+00:00,Thu 8:15PM
196198878,NFL Showdown $3 Double Up (PIT @ CLE),154084,Showdown Captain Mode,3.0,0,11,1,30.0,2026-10-02 00:15:00+00:00,Thu 8:15PM
196198873,NFL Showdown $2 50-50 (PIT @ CLE),154084,Showdown Captain Mode,2.0,0,100,1,180.0,2026-10-02 00:15:00+00:00,Thu 8:15PM
196198876,NFL Showdown $2 50-50 (PIT @ CLE),154084,Showdown Captain Mode,2.0,0,50,1,90.0,2026-10-02 00:15:00+00:00,Thu 8:15PM
196198874,NFL Showdown $2 50-50 (PIT @ CLE),154084,Showdown Captain Mode,2.0,0,20,1,36.0,2026-10-02 00:15:00+00:00,Thu 8:15PM
196198861,NFL Showdown $2 50-50 (PIT @ CLE),154084,Showdown Captain Mode,2.0,0,20,1,36.0,2026-10-02 00:15:00+00:00,Thu 8:15PM
196198862,NFL Showdown $2 50-50 (PIT @ CLE),154084,Showdown Captain Mode,2.0,0,20,1,36.0,2026-10-02 00:15:00+00:00,Thu 8:15PM
196198863,NFL Showdown $2 50-50 (PIT @ CLE),154084,Showdown Captain Mode,2.0,0,20,1,36.0,2026-10-02 00:15:00+00:00,Thu 8:15PM
196199010,NFL Showdown $2 50-50 (PIT @ CLE),154084,Showdown Captain Mode,2.0,0,10,1,18.0,2026-10-02 00:15:00+00:00,Thu 8:15PM
196199011,NFL Showdown $2 50-50 (PIT @ CLE),154084,Showdown Captain Mode,2.0,0,10,1,18.0,2026-10-02 00:15:00+00:00,Thu 8:15PM
196199012,NFL Showdown $2 50-50 (PIT @ CLE),154084,Showdown Captain Mode,2.0,0,10,1,18.0,2026-10-02 00:15:00+00:00,Thu 8:15PM
196198880,NFL Showdown $2 100-Player (PIT @ CLE),154084,Showdown Captain Mode,2.0,0,100,1,180.0,2026-10-02 00:15:00+00:00,Thu 8:15PM
196198869,NFL Showdown $2 40-Player (PIT @ CLE),154084,Showdown Captain Mode,2.0,0,40,1,72.0,2026-10-02 00:15:00+00:00,Thu 8:15PM
196198871,NFL Showdown $2 40-Player (PIT @ CLE),154084,Showdown Captain Mode,2.0,0,40,1,72.0,2026-10-02 00:15:00+00:00,Thu 8:15PM
196198864,NFL Showdown $2 20-Player (PIT @ CLE),154084,Showdown Captain Mode,2.0,0,20,1,36.0,2026-10-02 00:15:00+00:00,Thu 8:15PM
196199129,NFL Showdown $2 20-Player (PIT @ CLE),154084,Showdown Captain Mode,2.0,0,20,1,36.0,2026-10-02 00:15:00+00:00,Thu 8:15PM
196199130,NFL Showdown $2 20-Player (PIT @ CLE),154084,Showdown Captain Mode,2.0,0,20,1,36.0,2026-10-02 00:15:00+00:00,Thu 8:15PM
196198986,NFL Showdown $2 10-Player (PIT @ CLE),154084,Showdown Captain Mode,2.0,0,10,1,18.0,2026-10-02 00:15:00+00:00,Thu 8:15PM
196198987,NFL Showdown $2 10-Player (PIT @ CLE),154084,Showdown Captain Mode,2.0,0,10,1,18.0,2026-10-02 00:15:00+00:00,Thu 8:15PM
196198988,NFL Showdown $2 10-Player (PIT @ CLE),154084,Showdown Captain Mode,2.0,0,10,1,18.0,2026-10-02 00:15:00+00:00,Thu 8:15PM
196198983,NFL Showdown $2 5-Player (PIT @ CLE),154084,Showdown Captain Mode,2.0,0,5,1,9.0,2026-10-02 00:15:00+00:00,Thu 8:15PM
196198984,NFL Showdown $2 5-Player (PIT @ CLE),154084,Showdown Captain Mode,2.0,0,5,1,9.0,2026-10-02 00:15:00+00:00,Thu 8:15PM
196198985,NFL Showdown $2 5-Player (PIT @ CLE),154084,Showdown Captain Mode,2.0,0,5,1,9.0,2026-10-02 00:15:00+00:00,Thu 8:15PM
196198998,NFL Showdown $2 3-Player (PIT @ CLE),154084,Showdown Captain Mode,2.0,0,3,1,5.4,2026-10-02 00:15:00+00:00,Thu 8:15PM
196198999,NFL Showdown $2 3-Player (PIT @ CLE),154084,Showdown Captain Mode,2.0,0,3,1,5.4,2026-10-02 00:15:00+00:00,Thu 8:15PM
196199000,NFL Showdown $2 3-Player (PIT @ CLE),154084,Showdown Captain Mode,2.0,0,3,1,5.4,2026-10-02 00:15:00+00:00,Thu 8:15PM
196198872,NFL Showdown $1 50-50 (PIT @ CLE),154084,Showdown Captain Mode,1.0,0,100,1,90.0,2026-10-02 00:15:00+00:00,Thu 8:15PM
196198875,NFL Showdown $1 50-50 (PIT @ CLE),154084,Showdown Captain Mode,1.0,0,50,1,45.0,2026-10-02 00:15:00+00:00,Thu 8:15PM
196198992,NFL Showdown $1 50-50 (PIT @ CLE),154084,Showdown Captain Mode,1.0,0,20,1,18.0,2026-10-02 00:15:00+00:00,Thu 8:15PM
196198993,NFL Showdown $1 50-50 (PIT @ CLE),154084,Showdown Captain Mode,1.0,0,20,1,18.0,2026-10-02 00:15:00+00:00,Thu 8:15PM
196198994,NFL Showdown $1 50-50 (PIT @ CLE),154084,Showdown Captain Mode,1.0,0,20,1,18.0,2026-10-02 00:15:00+00:00,Thu 8:15PM
196199007,NFL Showdown $1 50-50 (PIT @ CLE),154084,Showdown Captain Mode,1.0,0,10,1,9.0,2026-10-02 00:15:00+00:00,Thu 8:15PM
196199008,NFL Showdown $1 50-50 (PIT @ CLE),154084,Showdown Captain Mode,1.0,0,10,1,9.0,2026-10-02 00:15:00+00:00,Thu 8:15PM
196199009,NFL Showdown $1 50-50 (PIT @ CLE),154084,Showdown Captain Mode,1.0,0,10,1,9.0,2026-10-02 00:15:00+00:00,Thu 8:15PM
196199013,NFL Showdown $1 Double Up (PIT @ CLE),154084,Showdown Captain Mode,1.0,0,11,1,10.0,2026-10-02 00:15:00+00:00,Thu 8:15PM
196199014,NFL Showdown $1 Double Up (PIT @ CLE),154084,Showdown Captain Mode,1.0,0,11,1,10.0,2026-10-02 00:15:00+00:00,Thu 8:15PM
196198879,NFL Showdown $1 100-Player (PIT @ CLE),154084,Showdown Captain Mode,1.0,0,100,1,90.0,2026-10-02 00:15:00+00:00,Thu 8:15PM
196198867,NFL Showdown $1 40-Player (PIT @ CLE),154084,Showdown Captain Mode,1.0,0,40,1,36.0,2026-10-02 00:15:00+00:00,Thu 8:15PM
196198868,NFL Showdown $1 40-Player (PIT @ CLE),154084,Showdown Captain Mode,1.0,0,40,1,36.0,2026-10-02 00:15:00+00:00,Thu 8:15PM
196199004,NFL Showdown $1 20-Player (PIT @ CLE),154084,Showdown Captain Mode,1.0,0,20,1,18.0,2026-10-02 00:15:00+00:00,Thu 8:15PM
196199005,NFL Showdown $1 20-Player (PIT @ CLE),154084,Showdown Captain Mode,1.0,0,20,1,18.0,2026-10-02 00:15:00+00:00,Thu 8:15PM
196199006,NFL Showdown $1 20-Player (PIT @ CLE),154084,Showdown Captain Mode,1.0,0,20,1,18.0,2026-10-02 00:15:00+00:00,Thu 8:15PM
196199001,NFL Showdown $1 10-Player (PIT @ CLE),154084,Showdown Captain Mode,1.0,0,10,1,9.0,2026-10-02 00:15:00+00:00,Thu 8:15PM
196199002,NFL Showdown $1 10-Player (PIT @ CLE),154084,Showdown Captain Mode,1.0,0,10,1,9.0,2026-10-02 00:15:00+00:00,Thu 8:15PM
196199003,NFL Showdown $1 10-Player (PIT @ CLE),154084,Showdown Captain Mode,1.0,0,10,1,9.0,2026-10-02 00:15:00+00:00,Thu 8:15PM
196198989,NFL Showdown $1 5-Player (PIT @ CLE),154084,Showdown Captain Mode,1.0,0,5,1,4.5,2026-10-02 00:15:00+00:00,Thu 8:15PM
196198990,NFL Showdown $1 5-Player (PIT @ CLE),154084,Showdown Captain Mode,1.0,0,5,1,4.5,2026-10-02 00:15:00+00:00,Thu 8:15PM
196198991,NFL Showdown $1 5-Player (PIT @ CLE),154084,Showdown Captain Mode,1.0,0,5,1,4.5,2026-10-02 00:15:00+00:00,Thu 8:15PM
196198996,NFL Showdown $1 3-Player (PIT @ CLE),154084,Showdown Captain Mode,1.0,0,3,1,2.7,2026-10-02 00:15:00+00:00,Thu 8:15PM
196198997,NFL Showdown $1 3-Player (PIT @ CLE),154084,Showdown Captain Mode,1.0,0,3,1,2.7,2026-10-02 00:15:00+00:00,Thu 8:15PM
196200402,NFL Showdown $1 3-Player (PIT @ CLE),154084,Showdown Captain Mode,1.0,0,3,1,2.7,2026-10-02 00:15:00+00:00,Thu 8:15PM
196185455,Beginner NFL $5 50-50 (Thu-Mon),154077,Classic,5.0,1,4,1,18.0,2026-10-02 00:15:00+00:00,Thu 8:15PM
196194381,NFL $20 5-Player (Winner Takes All) (Thu-Mon),154077,Classic,20.0,3,5,1,90.0,2026-10-02 00:15:00+00:00,Thu 8:15PM
196185516,NFL $20 3-Player (Thu-Mon),154077,Classic,20.0,1,3,1,54.0,2026-10-02 00:15:00+00:00,Thu 8:15PM
196185480,NFL $5 20-Player (Thu-Mon),154077,Classic,5.0,1,20,1,90.0,2026-10-02 00:15:00+00:00,Thu 8:15PM
196197360,NFL $5 20-Player (Winner Takes All) (Thu-Mon),154077,Classic,5.0,1,20,1,90.0,2026-10-02 00:15:00+00:00,Thu 8:15PM
196196202,NFL $5 18-Player (Top 2 Win) (Thu-Mon),154077,Classic,5.0,2,18,1,81.0,2026-10-02 00:15:00+00:00,Thu 8:15PM
196185531,NFL $3 Double Up (Thu-Mon),154077,Classic,3.0,1,11,1,30.0,2026-10-02 00:15:00+00:00,Thu 8:15PM
196185532,NFL $3 Double Up (Thu-Mon),154077,Classic,3.0,1,11,1,30.0,2026-10-02 00:15:00+00:00,Thu 8:15PM
196185486,NFL $2 50-50 (Thu-Mon),154077,Classic,2.0,1,20,1,36.0,2026-10-02 00:15:00+00:00,Thu 8:15PM
196185487,NFL $2 50-50 (Thu-Mon),154077,Classic,2.0,1,10,1,18.0,2026-10-02 00:15:00+00:00,Thu 8:15PM
196185491,NFL $2 20-Player (Thu-Mon),154077,Classic,2.0,1,20,1,36.0,2026-10-02 00:15:00+00:00,Thu 8:15PM
196185492,NFL $2 10-Player (Thu-Mon),154077,Classic,2.0,1,10,1,18.0,2026-10-02 00:15:00+00:00,Thu 8:15PM
196185493,NFL $2 10-Player (Thu-Mon),154077,Classic,2.0,2,10,1,18.0,2026-10-02 00:15:00+00:00,Thu 8:15PM
196193885,NFL $2 10-Player (Thu-Mon),154077,Classic,2.0,1,10,1,18.0,2026-10-02 00:15:00+00:00,Thu 8:15PM
196185495,NFL $2 5-Player (Thu-Mon),154077,Classic,2.0,1,5,1,9.0,2026-10-02 00:15:00+00:00,Thu 8:15PM
196185496,NFL $2 5-Player (Thu-Mon),154077,Classic,2.0,1,5,1,9.0,2026-10-02 00:15:00+00:00,Thu 8:15PM
196185498,NFL $2 3-Player (Thu-Mon),154077,Classic,2.0,1,3,1,5.4,2026-10-02 00:15:00+00:00,Thu 8:15PM
196185499,NFL $2 3-Player (Thu-Mon),154077,Classic,2.0,1,3,1,5.4,2026-10-02 00:15:00+00:00,Thu 8:15PM
196185500,NFL $1 50-50 (Thu-Mon),154077,Classic,1.0,3,20,1,18.0,2026-10-02 00:15:00+00:00,Thu 8:15PM
196195472,NFL $1 50-50 (Thu-Mon),154077,Classic,1.0,2,20,1,18.0,2026-10-02 00:15:00+00:00,Thu 8:15PM
196196608,NFL $1 50-50 (Thu-Mon),154077,Classic,1.0,1,20,1,18.0,2026-10-02 00:15:00+00:00,Thu 8:15PM
196185501,NFL $1 50-50 (Thu-Mon),154077,Classic,1.0,1,10,1,9.0,2026-10-02 00:15:00+00:00,Thu 8:15PM
196185502,NFL $1 50-50 (Thu-Mon),154077,Classic,1.0,1,10,1,9.0,2026-10-02 00:15:00+00:00,Thu 8:15PM
196185533,NFL $1 Double Up (Thu-Mon),154077,Classic,1.0,1,11,1,10.0,2026-10-02 00:15:00+00:00,Thu 8:15PM
196185534,NFL $1 Double Up (Thu-Mon),154077,Classic,1.0,1,11,1,10.0,2026-10-02 00:15:00+00:00,Thu 8:15PM
196185504,NFL $1 20-Player (Thu-Mon),154077,Classic,1.0,2,20,1,18.0,2026-10-02 00:15:00+00:00,Thu 8:15PM
196186437,NFL $1 20-Player (Thu-Mon),154077,Classic,1.0,1,20,1,18.0,2026-10-02 00:15:00+00:00,Thu 8:15PM
196193916,NFL $1 20-Player (Winner Takes All) (Thu-Mon),154077,Classic,1.0,3,20,1,18.0,2026-10-02 00:15:00+00:00,Thu 8:15PM
196194821,NFL $1 19-Player (Winner Takes All) (Thu-Mon),154077,Classic,1.0,4,19,1,17.1,2026-10-02 00:15:00+00:00,Thu 8:15PM
196194289,NFL $1 12-Player (Top 3 Win) (Thu-Mon),154077,Classic,1.0,3,12,1,10.8,2026-10-02 00:15:00+00:00,Thu 8:15PM
196185505,NFL $1 10-Player (Thu-Mon),154077,Classic,1.0,1,10,1,9.0,2026-10-02 00:15:00+00:00,Thu 8:15PM
196185506,NFL $1 10-Player (Thu-Mon),154077,Classic,1.0,1,10,1,9.0,2026-10-02 00:15:00+00:00,Thu 8:15PM
196185507,NFL $1 5-Player (Thu-Mon),154077,Classic,1.0,2,5,1,4.5,2026-10-02 00:15:00+00:00,Thu 8:15PM
196185508,NFL $1 5-Player (Thu-Mon),154077,Classic,1.0,2,5,1,4.5,2026-10-02 00:15:00+00:00,Thu 8:15PM
196185509,NFL $1 5-Player (Thu-Mon),154077,Classic,1.0,2,5,1,4.5,2026-10-02 00:15:00+00:00,Thu 8:15PM
196196609,NFL $1 5-Player (Thu-Mon),154077,Classic,1.0,1,5,1,4.5,2026-10-02 00:15:00+00:00,Thu 8:15PM
196196610,NFL $1 5-Player (Thu-Mon),154077,Classic,1.0,1,5,1,4.5,2026-10-02 00:15:00+00:00,Thu 8:15PM
196196611,NFL $1 5-Player (Thu-Mon),154077,Classic,1.0,1,5,1,4.5,2026-10-02 00:15:00+00:00,Thu 8:15PM
196185511,NFL $1 3-Player (Thu-Mon),154077,Classic,1.0,1,3,1,2.7,2026-10-02 00:15:00+00:00,Thu 8:15PM
196185512,NFL $1 3-Player (Thu-Mon),154077,Classic,1.0,1,3,1,2.7,2026-10-02 00:15:00+00:00,Thu 8:15PM
196185513,NFL $1 3-Player (Thu-Mon),154077,Classic,1.0,1,3,1,2.7,2026-10-02 00:15:00+00:00,Thu 8:15PM
196193919,NFL $2 100-Player (Top 10 Win) (Thu-Mon),154077,Classic,2.0,3,100,1,180.0,2026-10-02 00:15:00+00:00,Thu 8:15PM
196185548,NFL Satellite to $20 NFL Fantasy Football Millionaire [Must Fill] (Thu-Mon),154077,Classic,7.4,0,3,1,20.0,2026-10-02 00:15:00+00:00,Thu 8:15PM
196185452,Beginner NFL $50 50-50 (Thu-Mon),154077,Classic,50.0,0,4,1,180.0,2026-10-02 00:15:00+00:00,Thu 8:15PM
196185457,Beginner NFL $50 3-Player (Thu-Mon),154077,Classic,50.0,0,3,1,135.0,2026-10-02 00:15:00+00:00,Thu 8:15PM
196185453,Beginner NFL $20 50-50 (Thu-Mon),154077,Classic,20.0,0,4,1,72.0,2026-10-02 00:15:00+00:00,Thu 8:15PM
196185458,Beginner NFL $20 3-Player (Thu-Mon),154077,Classic,20.0,0,3,1,54.0,2026-10-02 00:15:00+00:00,Thu 8:15PM
196185454,Beginner NFL $10 50-50 (Thu-Mon),154077,Classic,10.0,0,4,1,36.0,2026-10-02 00:15:00+00:00,Thu 8:15PM
196185459,Beginner NFL $10 3-Player (Thu-Mon),154077,Classic,10.0,0,3,1,27.0,2026-10-02 00:15:00+00:00,Thu 8:15PM
196194943,Beginner NFL $5 50-50 (Thu-Mon),154077,Classic,5.0,0,4,1,18.0,2026-10-02 00:15:00+00:00,Thu 8:15PM
196185460,Beginner NFL $5 3-Player (Thu-Mon),154077,Classic,5.0,0,3,1,13.5,2026-10-02 00:15:00+00:00,Thu 8:15PM
196185456,Beginner NFL $3 50-50 (Thu-Mon),154077,Classic,3.0,0,4,1,10.8,2026-10-02 00:15:00+00:00,Thu 8:15PM
196185461,Beginner NFL $2 3-Player (Thu-Mon),154077,Classic,2.0,0,3,1,5.4,2026-10-02 00:15:00+00:00,Thu 8:15PM
196185541,Beginner NFL $1 50-50 (Thu-Mon),154077,Classic,1.0,0,4,1,3.6,2026-10-02 00:15:00+00:00,Thu 8:15PM
196185462,Beginner NFL $1 3-Player (Thu-Mon),154077,Classic,1.0,0,3,1,2.7,2026-10-02 00:15:00+00:00,Thu 8:15PM
196185463,"NFL $10,600 3-Player (Thu-Mon)",154077,Classic,10600.0,0,3,1,30000.0,2026-10-02 00:15:00+00:00,Thu 8:15PM
196185464,"NFL $10,600 3-Player (Thu-Mon)",154077,Classic,10600.0,0,3,1,30000.0,2026-10-02 00:15:00+00:00,Thu 8:15PM
196185467,"NFL $5,300 50-50 (Thu-Mon)",154077,Classic,5300.0,0,4,1,20000.0,2026-10-02 00:15:00+00:00,Thu 8:15PM
196185468,"NFL $5,300 50-50 (Thu-Mon)",154077,Classic,5300.0,0,4,1,20000.0,2026-10-02 00:15:00+00:00,Thu 8:15PM
196185465,"NFL $5,300 3-Player (Thu-Mon)",154077,Classic,5300.0,0,3,1,15000.0,2026-10-02 00:15:00+00:00,Thu 8:15PM
196185466,"NFL $5,300 3-Player (Thu-Mon)",154077,Classic,5300.0,0,3,1,15000.0,2026-10-02 00:15:00+00:00,Thu 8:15PM
196185469,"NFL $1,060 50-50 (Thu-Mon)",154077,Classic,1060.0,0,4,1,4000.0,2026-10-02 00:15:00+00:00,Thu 8:15PM
196185470,"NFL $1,060 50-50 (Thu-Mon)",154077,Classic,1060.0,0,4,1,4000.0,2026-10-02 00:15:00+00:00,Thu 8:15PM
196185471,"NFL $1,060 3-Player (Thu-Mon)",154077,Classic,1060.0,0,3,1,3000.0,2026-10-02 00:15:00+00:00,Thu 8:15PM
196185472,"NFL $1,060 3-Player (Thu-Mon)",154077,Classic,1060.0,0,3,1,3000.0,2026-10-02 00:15:00+00:00,Thu 8:15PM
196185473,NFL $530 50-50 (Thu-Mon),154077,Classic,530.0,0,4,1,2000.0,2026-10-02 00:15:00+00:00,Thu 8:15PM
196185474,NFL $530 50-50 (Thu-Mon),154077,Classic,530.0,0,4,1,2000.0,2026-10-02 00:15:00+00:00,Thu 8:15PM
196185475,NFL $530 3-Player (Thu-Mon),154077,Classic,530.0,0,3,1,1500.0,2026-10-02 00:15:00+00:00,Thu 8:15PM
196185476,NFL $530 3-Player (Thu-Mon),154077,Classic,530.0,0,3,1,1500.0,2026-10-02 00:15:00+00:00,Thu 8:15PM
196185535,NFL $270 50-50 (Thu-Mon),154077,Classic,270.0,0,4,1,1000.0,2026-10-02 00:15:00+00:00,Thu 8:15PM
196185536,NFL $270 50-50 (Thu-Mon),154077,Classic,270.0,0,4,1,1000.0,2026-10-02 00:15:00+00:00,Thu 8:15PM
196185481,NFL $270 3-Player (Thu-Mon),154077,Classic,270.0,0,3,1,750.0,2026-10-02 00:15:00+00:00,Thu 8:15PM
196185482,NFL $270 3-Player (Thu-Mon),154077,Classic,270.0,0,3,1,750.0,2026-10-02 00:15:00+00:00,Thu 8:15PM
196185484,NFL $109 50-50 (Thu-Mon),154077,Classic,109.0,0,4,1,400.0,2026-10-02 00:15:00+00:00,Thu 8:15PM
196185485,NFL $109 50-50 (Thu-Mon),154077,Classic,109.0,0,4,1,400.0,2026-10-02 00:15:00+00:00,Thu 8:15PM
196185488,NFL $109 3-Player (Thu-Mon),154077,Classic,109.0,0,3,1,300.0,2026-10-02 00:15:00+00:00,Thu 8:15PM
196185489,NFL $109 3-Player (Thu-Mon),154077,Classic,109.0,0,3,1,300.0,2026-10-02 00:15:00+00:00,Thu 8:15PM
196185490,NFL $109 3-Player (Thu-Mon),154077,Classic,109.0,0,3,1,300.0,2026-10-02 00:15:00+00:00,Thu 8:15PM
196185497,NFL $50 50-50 (Thu-Mon),154077,Classic,50.0,0,8,1,360.0,2026-10-02 00:15:00+00:00,Thu 8:15PM
196185494,NFL $50 50-50 (Thu-Mon),154077,Classic,50.0,0,4,1,180.0,2026-10-02 00:15:00+00:00,Thu 8:15PM
196185528,NFL $50 Double Up (Thu-Mon),154077,Classic,50.0,0,22,1,1000.0,2026-10-02 00:15:00+00:00,Thu 8:15PM
196185527,NFL $50 Double Up (Thu-Mon),154077,Classic,50.0,0,11,1,500.0,2026-10-02 00:15:00+00:00,Thu 8:15PM
196185503,NFL $50 3-Player (Thu-Mon),154077,Classic,50.0,0,3,1,135.0,2026-10-02 00:15:00+00:00,Thu 8:15PM
196185526,NFL $25 Double Up (Thu-Mon),154077,Classic,25.0,0,22,1,500.0,2026-10-02 00:15:00+00:00,Thu 8:15PM
196185525,NFL $25 Double Up (Thu-Mon),154077,Classic,25.0,0,11,1,250.0,2026-10-02 00:15:00+00:00,Thu 8:15PM
196185514,NFL $20 50-50 (Thu-Mon),154077,Classic,20.0,0,10,1,180.0,2026-10-02 00:15:00+00:00,Thu 8:15PM
196185510,NFL $20 50-50 (Thu-Mon),154077,Classic,20.0,0,4,1,72.0,2026-10-02 00:15:00+00:00,Thu 8:15PM
196185515,NFL $20 5-Player (Thu-Mon),154077,Classic,20.0,0,5,1,90.0,2026-10-02 00:15:00+00:00,Thu 8:15PM
196185517,NFL $20 3-Player (Thu-Mon),154077,Classic,20.0,0,3,1,54.0,2026-10-02 00:15:00+00:00,Thu 8:15PM
196194376,NFL $20 3-Player (Thu-Mon),154077,Classic,20.0,0,3,1,54.0,2026-10-02 00:15:00+00:00,Thu 8:15PM
196185519,NFL $10 50-50 (Thu-Mon),154077,Classic,10.0,0,10,1,90.0,2026-10-02 00:15:00+00:00,Thu 8:15PM
196185518,NFL $10 50-50 (Thu-Mon),154077,Classic,10.0,0,4,1,36.0,2026-10-02 00:15:00+00:00,Thu 8:15PM
196185523,NFL $10 Double Up (Thu-Mon),154077,Classic,10.0,0,11,1,100.0,2026-10-02 00:15:00+00:00,Thu 8:15PM
196185524,NFL $10 Double Up (Thu-Mon),154077,Classic,10.0,0,11,1,100.0,2026-10-02 00:15:00+00:00,Thu 8:15PM
196185520,NFL $10 5-Player (Thu-Mon),154077,Classic,10.0,0,5,1,45.0,2026-10-02 00:15:00+00:00,Thu 8:15PM
196185521,NFL $10 3-Player (Thu-Mon),154077,Classic,10.0,0,3,1,27.0,2026-10-02 00:15:00+00:00,Thu 8:15PM
196185522,NFL $10 3-Player (Thu-Mon),154077,Classic,10.0,0,3,1,27.0,2026-10-02 00:15:00+00:00,Thu 8:15PM
196185477,NFL $5 50-50 (Thu-Mon),154077,Classic,5.0,0,10,1,45.0,2026-10-02 00:15:00+00:00,Thu 8:15PM
196185478,NFL $5 50-50 (Thu-Mon),154077,Classic,5.0,0,4,1,18.0,2026-10-02 00:15:00+00:00,Thu 8:15PM
196185479,NFL $5 50-50 (Thu-Mon),154077,Classic,5.0,0,4,1,18.0,2026-10-02 00:15:00+00:00,Thu 8:15PM
196185529,NFL $5 Double Up (Thu-Mon),154077,Classic,5.0,0,11,1,50.0,2026-10-02 00:15:00+00:00,Thu 8:15PM
196185530,NFL $5 Double Up (Thu-Mon),154077,Classic,5.0,0,11,1,50.0,2026-10-02 00:15:00+00:00,Thu 8:15PM
196186898,NFL $5 20-Player (Thu-Mon),154077,Classic,5.0,0,20,1,90.0,2026-10-02 00:15:00+00:00,Thu 8:15PM
196185483,NFL $5 10-Player (Thu-Mon),154077,Classic,5.0,0,10,1,45.0,2026-10-02 00:15:00+00:00,Thu 8:15PM
196185537,NFL $5 5-Player (Thu-Mon),154077,Classic,5.0,0,5,1,22.5,2026-10-02 00:15:00+00:00,Thu 8:15PM
196185538,NFL $5 5-Player (Thu-Mon),154077,Classic,5.0,0,5,1,22.5,2026-10-02 00:15:00+00:00,Thu 8:15PM
196185539,NFL $5 3-Player (Thu-Mon),154077,Classic,5.0,0,3,1,13.5,2026-10-02 00:15:00+00:00,Thu 8:15PM
196185540,NFL $5 3-Player (Thu-Mon),154077,Classic,5.0,0,3,1,13.5,2026-10-02 00:15:00+00:00,Thu 8:15PM
196199049,NFL $3 Double Up (Thu-Mon),154077,Classic,3.0,0,11,1,30.0,2026-10-02 00:15:00+00:00,Thu 8:15PM
196199050,NFL $3 Double Up (Thu-Mon),154077,Classic,3.0,0,11,1,30.0,2026-10-02 00:15:00+00:00,Thu 8:15PM
196199028,NFL $2 50-50 (Thu-Mon),154077,Classic,2.0,0,20,1,36.0,2026-10-02 00:15:00+00:00,Thu 8:15PM
196199029,NFL $2 50-50 (Thu-Mon),154077,Classic,2.0,0,10,1,18.0,2026-10-02 00:15:00+00:00,Thu 8:15PM
196199030,NFL $2 20-Player (Thu-Mon),154077,Classic,2.0,0,20,1,36.0,2026-10-02 00:15:00+00:00,Thu 8:15PM
196199031,NFL $2 10-Player (Thu-Mon),154077,Classic,2.0,0,10,1,18.0,2026-10-02 00:15:00+00:00,Thu 8:15PM
196199032,NFL $2 10-Player (Thu-Mon),154077,Classic,2.0,0,10,1,18.0,2026-10-02 00:15:00+00:00,Thu 8:15PM
196199033,NFL $2 5-Player (Thu-Mon),154077,Classic,2.0,0,5,1,9.0,2026-10-02 00:15:00+00:00,Thu 8:15PM
196199034,NFL $2 5-Player (Thu-Mon),154077,Classic,2.0,0,5,1,9.0,2026-10-02 00:15:00+00:00,Thu 8:15PM
196199035,NFL $2 3-Player (Thu-Mon),154077,Classic,2.0,0,3,1,5.4,2026-10-02 00:15:00+00:00,Thu 8:15PM
196199036,NFL $2 3-Player (Thu-Mon),154077,Classic,2.0,0,3,1,5.4,2026-10-02 00:15:00+00:00,Thu 8:15PM
196199037,NFL $1 50-50 (Thu-Mon),154077,Classic,1.0,0,20,1,18.0,2026-10-02 00:15:00+00:00,Thu 8:15PM
196199038,NFL $1 50-50 (Thu-Mon),154077,Classic,1.0,0,10,1,9.0,2026-10-02 00:15:00+00:00,Thu 8:15PM
196199039,NFL $1 50-50 (Thu-Mon),154077,Classic,1.0,0,10,1,9.0,2026-10-02 00:15:00+00:00,Thu 8:15PM
196199051,NFL $1 Double Up (Thu-Mon),154077,Classic,1.0,0,11,1,10.0,2026-10-02 00:15:00+00:00,Thu 8:15PM
196199052,NFL $1 Double Up (Thu-Mon),154077,Classic,1.0,0,11,1,10.0,2026-10-02 00:15:00+00:00,Thu 8:15PM
196199040,NFL $1 20-Player (Thu-Mon),154077,Classic,1.0,0,20,1,18.0,2026-10-02 00:15:00+00:00,Thu 8:15PM
196199041,NFL $1 10-Player (Thu-Mon),154077,Classic,1.0,0,10,1,9.0,2026-10-02 00:15:00+00:00,Thu 8:15PM
196199042,NFL $1 10-Player (Thu-Mon),154077,Classic,1.0,0,10,1,9.0,2026-10-02 00:15:00+00:00,Thu 8:15PM
196199043,NFL $1 5-Player (Thu-Mon),154077,Classic,1.0,0,5,1,4.5,2026-10-02 00:15:00+00:00,Thu 8:15PM
196199044,NFL $1 5-Player (Thu-Mon),154077,Classic,1.0,0,5,1,4.5,2026-10-02 00:15:00+00:00,Thu 8:15PM
196199045,NFL $1 5-Player (Thu-Mon),154077,Classic,1.0,0,5,1,4.5,2026-10-02 00:15:00+00:00,Thu 8:15PM
196199046,NFL $1 3-Player (Thu-Mon),154077,Classic,1.0,0,3,1,2.7,2026-10-02 00:15:00+00:00,Thu 8:15PM
196199047,NFL $1 3-Player (Thu-Mon),154077,Classic,1.0,0,3,1,2.7,2026-10-02 00:15:00+00:00,Thu 8:15PM
196199048,NFL $1 3-Player (Thu-Mon),154077,Classic,1.0,0,3,1,2.7,2026-10-02 00:15:00+00:00,Thu 8:15PM
196186081,Beginner NFL Single Stat $1 3-Player (PIT @ CLE Total Yards),154115,Single Stat - Total Yards,1.0,1,3,1,2.7,2026-10-02 00:15:00+00:00,Thu 8:15PM
196186167,NFL Single Stat Satellite to $20 NFL Fantasy Football Millionaire [Must Fill] (PIT @ CLE Total Yards,154115,Single Stat - Total Yards,7.4,0,3,1,20.0,2026-10-02 00:15:00+00:00,Thu 8:15PM
196186071,Beginner NFL Single Stat $50 50-50 (PIT @ CLE Total Yards),154115,Single Stat - Total Yards,50.0,0,4,1,180.0,2026-10-02 00:15:00+00:00,Thu 8:15PM
196186076,Beginner NFL Single Stat $50 3-Player (PIT @ CLE Total Yards),154115,Single Stat - Total Yards,50.0,0,3,1,135.0,2026-10-02 00:15:00+00:00,Thu 8:15PM
196186072,Beginner NFL Single Stat $20 50-50 (PIT @ CLE Total Yards),154115,Single Stat - Total Yards,20.0,0,4,1,72.0,2026-10-02 00:15:00+00:00,Thu 8:15PM
196186077,Beginner NFL Single Stat $20 3-Player (PIT @ CLE Total Yards),154115,Single Stat - Total Yards,20.0,0,3,1,54.0,2026-10-02 00:15:00+00:00,Thu 8:15PM
196186073,Beginner NFL Single Stat $10 50-50 (PIT @ CLE Total Yards),154115,Single Stat - Total Yards,10.0,0,4,1,36.0,2026-10-02 00:15:00+00:00,Thu 8:15PM
196186078,Beginner NFL Single Stat $10 3-Player (PIT @ CLE Total Yards),154115,Single Stat - Total Yards,10.0,0,3,1,27.0,2026-10-02 00:15:00+00:00,Thu 8:15PM
196186074,Beginner NFL Single Stat $5 50-50 (PIT @ CLE Total Yards),154115,Single Stat - Total Yards,5.0,0,4,1,18.0,2026-10-02 00:15:00+00:00,Thu 8:15PM
196186079,Beginner NFL Single Stat $5 3-Player (PIT @ CLE Total Yards),154115,Single Stat - Total Yards,5.0,0,3,1,13.5,2026-10-02 00:15:00+00:00,Thu 8:15PM
196186075,Beginner NFL Single Stat $3 50-50 (PIT @ CLE Total Yards),154115,Single Stat - Total Yards,3.0,0,4,1,10.8,2026-10-02 00:15:00+00:00,Thu 8:15PM
196186080,Beginner NFL Single Stat $2 3-Player (PIT @ CLE Total Yards),154115,Single Stat - Total Yards,2.0,0,3,1,5.4,2026-10-02 00:15:00+00:00,Thu 8:15PM
196186160,Beginner NFL Single Stat $1 50-50 (PIT @ CLE Total Yards),154115,Single Stat - Total Yards,1.0,0,4,1,3.6,2026-10-02 00:15:00+00:00,Thu 8:15PM
196199801,Beginner NFL Single Stat $1 3-Player (PIT @ CLE Total Yards),154115,Single Stat - Total Yards,1.0,0,3,1,2.7,2026-10-02 00:15:00+00:00,Thu 8:15PM
196186082,"NFL Single Stat $10,600 3-Player (PIT @ CLE Total Yards)",154115,Single Stat - Total Yards,10600.0,0,3,1,30000.0,2026-10-02 00:15:00+00:00,Thu 8:15PM
196186083,"NFL Single Stat $10,600 3-Player (PIT @ CLE Total Yards)",154115,Single Stat - Total Yards,10600.0,0,3,1,30000.0,2026-10-02 00:15:00+00:00,Thu 8:15PM
196186086,"NFL Single Stat $5,300 50-50 (PIT @ CLE Total Yards)",154115,Single Stat - Total Yards,5300.0,0,4,1,20000.0,2026-10-02 00:15:00+00:00,Thu 8:15PM
196186087,"NFL Single Stat $5,300 50-50 (PIT @ CLE Total Yards)",154115,Single Stat - Total Yards,5300.0,0,4,1,20000.0,2026-10-02 00:15:00+00:00,Thu 8:15PM
196186084,"NFL Single Stat $5,300 3-Player (PIT @ CLE Total Yards)",154115,Single Stat - Total Yards,5300.0,0,3,1,15000.0,2026-10-02 00:15:00+00:00,Thu 8:15PM
196186085,"NFL Single Stat $5,300 3-Player (PIT @ CLE Total Yards)",154115,Single Stat - Total Yards,5300.0,0,3,1,15000.0,2026-10-02 00:15:00+00:00,Thu 8:15PM
196186088,"NFL Single Stat $1,060 50-50 (PIT @ CLE Total Yards)",154115,Single Stat - Total Yards,1060.0,0,4,1,4000.0,2026-10-02 00:15:00+00:00,Thu 8:15PM
196186089,"NFL Single Stat $1,060 50-50 (PIT @ CLE Total Yards)",154115,Single Stat - Total Yards,1060.0,0,4,1,4000.0,2026-10-02 00:15:00+00:00,Thu 8:15PM
196186090,"NFL Single Stat $1,060 3-Player (PIT @ CLE Total Yards)",154115,Single Stat - Total Yards,1060.0,0,3,1,3000.0,2026-10-02 00:15:00+00:00,Thu 8:15PM
196186091,"NFL Single Stat $1,060 3-Player (PIT @ CLE Total Yards)",154115,Single Stat - Total Yards,1060.0,0,3,1,3000.0,2026-10-02 00:15:00+00:00,Thu 8:15PM
196186092,NFL Single Stat $530 50-50 (PIT @ CLE Total Yards),154115,Single Stat - Total Yards,530.0,0,4,1,2000.0,2026-10-02 00:15:00+00:00,Thu 8:15PM
196186093,NFL Single Stat $530 50-50 (PIT @ CLE Total Yards),154115,Single Stat - Total Yards,530.0,0,4,1,2000.0,2026-10-02 00:15:00+00:00,Thu 8:15PM
196186094,NFL Single Stat $530 3-Player (PIT @ CLE Total Yards),154115,Single Stat - Total Yards,530.0,0,3,1,1500.0,2026-10-02 00:15:00+00:00,Thu 8:15PM
196186095,NFL Single Stat $530 3-Player (PIT @ CLE Total Yards),154115,Single Stat - Total Yards,530.0,0,3,1,1500.0,2026-10-02 00:15:00+00:00,Thu 8:15PM
196186154,NFL Single Stat $270 50-50 (PIT @ CLE Total Yards),154115,Single Stat - Total Yards,270.0,0,4,1,1000.0,2026-10-02 00:15:00+00:00,Thu 8:15PM
196186155,NFL Single Stat $270 50-50 (PIT @ CLE Total Yards),154115,Single Stat - Total Yards,270.0,0,4,1,1000.0,2026-10-02 00:15:00+00:00,Thu 8:15PM
196186100,NFL Single Stat $270 3-Player (PIT @ CLE Total Yards),154115,Single Stat - Total Yards,270.0,0,3,1,750.0,2026-10-02 00:15:00+00:00,Thu 8:15PM
196186101,NFL Single Stat $270 3-Player (PIT @ CLE Total Yards),154115,Single Stat - Total Yards,270.0,0,3,1,750.0,2026-10-02 00:15:00+00:00,Thu 8:15PM
196186103,NFL Single Stat $109 50-50 (PIT @ CLE Total Yards),154115,Single Stat - Total Yards,109.0,0,4,1,400.0,2026-10-02 00:15:00+00:00,Thu 8:15PM
196186104,NFL Single Stat $109 50-50 (PIT @ CLE Total Yards),154115,Single Stat - Total Yards,109.0,0,4,1,400.0,2026-10-02 00:15:00+00:00,Thu 8:15PM
196186107,NFL Single Stat $109 3-Player (PIT @ CLE Total Yards),154115,Single Stat - Total Yards,109.0,0,3,1,300.0,2026-10-02 00:15:00+00:00,Thu 8:15PM
196186108,NFL Single Stat $109 3-Player (PIT @ CLE Total Yards),154115,Single Stat - Total Yards,109.0,0,3,1,300.0,2026-10-02 00:15:00+00:00,Thu 8:15PM
196186109,NFL Single Stat $109 3-Player (PIT @ CLE Total Yards),154115,Single Stat - Total Yards,109.0,0,3,1,300.0,2026-10-02 00:15:00+00:00,Thu 8:15PM
196186116,NFL Single Stat $50 50-50 (PIT @ CLE Total Yards),154115,Single Stat - Total Yards,50.0,0,8,1,360.0,2026-10-02 00:15:00+00:00,Thu 8:15PM
196186113,NFL Single Stat $50 50-50 (PIT @ CLE Total Yards),154115,Single Stat - Total Yards,50.0,0,4,1,180.0,2026-10-02 00:15:00+00:00,Thu 8:15PM
196186147,NFL Single Stat $50 Double Up (PIT @ CLE Total Yards),154115,Single Stat - Total Yards,50.0,0,22,1,1000.0,2026-10-02 00:15:00+00:00,Thu 8:15PM
196186146,NFL Single Stat $50 Double Up (PIT @ CLE Total Yards),154115,Single Stat - Total Yards,50.0,0,11,1,500.0,2026-10-02 00:15:00+00:00,Thu 8:15PM
196186122,NFL Single Stat $50 3-Player (PIT @ CLE Total Yards),154115,Single Stat - Total Yards,50.0,0,3,1,135.0,2026-10-02 00:15:00+00:00,Thu 8:15PM
196186145,NFL Single Stat $25 Double Up (PIT @ CLE Total Yards),154115,Single Stat - Total Yards,25.0,0,22,1,500.0,2026-10-02 00:15:00+00:00,Thu 8:15PM
196186144,NFL Single Stat $25 Double Up (PIT @ CLE Total Yards),154115,Single Stat - Total Yards,25.0,0,11,1,250.0,2026-10-02 00:15:00+00:00,Thu 8:15PM
196186133,NFL Single Stat $20 50-50 (PIT @ CLE Total Yards),154115,Single Stat - Total Yards,20.0,0,10,1,180.0,2026-10-02 00:15:00+00:00,Thu 8:15PM
196186129,NFL Single Stat $20 50-50 (PIT @ CLE Total Yards),154115,Single Stat - Total Yards,20.0,0,4,1,72.0,2026-10-02 00:15:00+00:00,Thu 8:15PM
196186134,NFL Single Stat $20 5-Player (PIT @ CLE Total Yards),154115,Single Stat - Total Yards,20.0,0,5,1,90.0,2026-10-02 00:15:00+00:00,Thu 8:15PM
196186135,NFL Single Stat $20 3-Player (PIT @ CLE Total Yards),154115,Single Stat - Total Yards,20.0,0,3,1,54.0,2026-10-02 00:15:00+00:00,Thu 8:15PM
196186136,NFL Single Stat $20 3-Player (PIT @ CLE Total Yards),154115,Single Stat - Total Yards,20.0,0,3,1,54.0,2026-10-02 00:15:00+00:00,Thu 8:15PM
196186138,NFL Single Stat $10 50-50 (PIT @ CLE Total Yards),154115,Single Stat - Total Yards,10.0,0,10,1,90.0,2026-10-02 00:15:00+00:00,Thu 8:15PM
196186137,NFL Single Stat $10 50-50 (PIT @ CLE Total Yards),154115,Single Stat - Total Yards,10.0,0,4,1,36.0,2026-10-02 00:15:00+00:00,Thu 8:15PM
196186142,NFL Single Stat $10 Double Up (PIT @ CLE Total Yards),154115,Single Stat - Total Yards,10.0,0,11,1,100.0,2026-10-02 00:15:00+00:00,Thu 8:15PM
196186143,NFL Single Stat $10 Double Up (PIT @ CLE Total Yards),154115,Single Stat - Total Yards,10.0,0,11,1,100.0,2026-10-02 00:15:00+00:00,Thu 8:15PM
196186139,NFL Single Stat $10 5-Player (PIT @ CLE Total Yards),154115,Single Stat - Total Yards,10.0,0,5,1,45.0,2026-10-02 00:15:00+00:00,Thu 8:15PM
196186140,NFL Single Stat $10 3-Player (PIT @ CLE Total Yards),154115,Single Stat - Total Yards,10.0,0,3,1,27.0,2026-10-02 00:15:00+00:00,Thu 8:15PM
196186141,NFL Single Stat $10 3-Player (PIT @ CLE Total Yards),154115,Single Stat - Total Yards,10.0,0,3,1,27.0,2026-10-02 00:15:00+00:00,Thu 8:15PM
196186096,NFL Single Stat $5 50-50 (PIT @ CLE Total Yards),154115,Single Stat - Total Yards,5.0,0,10,1,45.0,2026-10-02 00:15:00+00:00,Thu 8:15PM
196186097,NFL Single Stat $5 50-50 (PIT @ CLE Total Yards),154115,Single Stat - Total Yards,5.0,0,4,1,18.0,2026-10-02 00:15:00+00:00,Thu 8:15PM
196186098,NFL Single Stat $5 50-50 (PIT @ CLE Total Yards),154115,Single Stat - Total Yards,5.0,0,4,1,18.0,2026-10-02 00:15:00+00:00,Thu 8:15PM
196186148,NFL Single Stat $5 Double Up (PIT @ CLE Total Yards),154115,Single Stat - Total Yards,5.0,0,11,1,50.0,2026-10-02 00:15:00+00:00,Thu 8:15PM
196186149,NFL Single Stat $5 Double Up (PIT @ CLE Total Yards),154115,Single Stat - Total Yards,5.0,0,11,1,50.0,2026-10-02 00:15:00+00:00,Thu 8:15PM
196186099,NFL Single Stat $5 20-Player (PIT @ CLE Total Yards),154115,Single Stat - Total Yards,5.0,0,20,1,90.0,2026-10-02 00:15:00+00:00,Thu 8:15PM
196186102,NFL Single Stat $5 10-Player (PIT @ CLE Total Yards),154115,Single Stat - Total Yards,5.0,0,10,1,45.0,2026-10-02 00:15:00+00:00,Thu 8:15PM
196186156,NFL Single Stat $5 5-Player (PIT @ CLE Total Yards),154115,Single Stat - Total Yards,5.0,0,5,1,22.5,2026-10-02 00:15:00+00:00,Thu 8:15PM
196186157,NFL Single Stat $5 5-Player (PIT @ CLE Total Yards),154115,Single Stat - Total Yards,5.0,0,5,1,22.5,2026-10-02 00:15:00+00:00,Thu 8:15PM
196186158,NFL Single Stat $5 3-Player (PIT @ CLE Total Yards),154115,Single Stat - Total Yards,5.0,0,3,1,13.5,2026-10-02 00:15:00+00:00,Thu 8:15PM
196186159,NFL Single Stat $5 3-Player (PIT @ CLE Total Yards),154115,Single Stat - Total Yards,5.0,0,3,1,13.5,2026-10-02 00:15:00+00:00,Thu 8:15PM
196186150,NFL Single Stat $3 Double Up (PIT @ CLE Total Yards),154115,Single Stat - Total Yards,3.0,0,11,1,30.0,2026-10-02 00:15:00+00:00,Thu 8:15PM
196186151,NFL Single Stat $3 Double Up (PIT @ CLE Total Yards),154115,Single Stat - Total Yards,3.0,0,11,1,30.0,2026-10-02 00:15:00+00:00,Thu 8:15PM
196186105,NFL Single Stat $2 50-50 (PIT @ CLE Total Yards),154115,Single Stat - Total Yards,2.0,0,20,1,36.0,2026-10-02 00:15:00+00:00,Thu 8:15PM
196186106,NFL Single Stat $2 50-50 (PIT @ CLE Total Yards),154115,Single Stat - Total Yards,2.0,0,10,1,18.0,2026-10-02 00:15:00+00:00,Thu 8:15PM
196186110,NFL Single Stat $2 20-Player (PIT @ CLE Total Yards),154115,Single Stat - Total Yards,2.0,0,20,1,36.0,2026-10-02 00:15:00+00:00,Thu 8:15PM
196186111,NFL Single Stat $2 10-Player (PIT @ CLE Total Yards),154115,Single Stat - Total Yards,2.0,0,10,1,18.0,2026-10-02 00:15:00+00:00,Thu 8:15PM
196186112,NFL Single Stat $2 10-Player (PIT @ CLE Total Yards),154115,Single Stat - Total Yards,2.0,0,10,1,18.0,2026-10-02 00:15:00+00:00,Thu 8:15PM
196186114,NFL Single Stat $2 5-Player (PIT @ CLE Total Yards),154115,Single Stat - Total Yards,2.0,0,5,1,9.0,2026-10-02 00:15:00+00:00,Thu 8:15PM
196186115,NFL Single Stat $2 5-Player (PIT @ CLE Total Yards),154115,Single Stat - Total Yards,2.0,0,5,1,9.0,2026-10-02 00:15:00+00:00,Thu 8:15PM
196186117,NFL Single Stat $2 3-Player (PIT @ CLE Total Yards),154115,Single Stat - Total Yards,2.0,0,3,1,5.4,2026-10-02 00:15:00+00:00,Thu 8:15PM
196186118,NFL Single Stat $2 3-Player (PIT @ CLE Total Yards),154115,Single Stat - Total Yards,2.0,0,3,1,5.4,2026-10-02 00:15:00+00:00,Thu 8:15PM
196186119,NFL Single Stat $1 50-50 (PIT @ CLE Total Yards),154115,Single Stat - Total Yards,1.0,0,20,1,18.0,2026-10-02 00:15:00+00:00,Thu 8:15PM
196186120,NFL Single Stat $1 50-50 (PIT @ CLE Total Yards),154115,Single Stat - Total Yards,1.0,0,10,1,9.0,2026-10-02 00:15:00+00:00,Thu 8:15PM
196186121,NFL Single Stat $1 50-50 (PIT @ CLE Total Yards),154115,Single Stat - Total Yards,1.0,0,10,1,9.0,2026-10-02 00:15:00+00:00,Thu 8:15PM
196186152,NFL Single Stat $1 Double Up (PIT @ CLE Total Yards),154115,Single Stat - Total Yards,1.0,0,11,1,10.0,2026-10-02 00:15:00+00:00,Thu 8:15PM
196186153,NFL Single Stat $1 Double Up (PIT @ CLE Total Yards),154115,Single Stat - Total Yards,1.0,0,11,1,10.0,2026-10-02 00:15:00+00:00,Thu 8:15PM
196186123,NFL Single Stat $1 20-Player (PIT @ CLE Total Yards),154115,Single Stat - Total Yards,1.0,0,20,1,18.0,2026-10-02 00:15:00+00:00,Thu 8:15PM
196186124,NFL Single Stat $1 10-Player (PIT @ CLE Total Yards),154115,Single Stat - Total Yards,1.0,0,10,1,9.0,2026-10-02 00:15:00+00:00,Thu 8:15PM
196186125,NFL Single Stat $1 10-Player (PIT @ CLE Total Yards),154115,Single Stat - Total Yards,1.0,0,10,1,9.0,2026-10-02 00:15:00+00:00,Thu 8:15PM
196186126,NFL Single Stat $1 5-Player (PIT @ CLE Total Yards),154115,Single Stat - Total Yards,1.0,0,5,1,4.5,2026-10-02 00:15:00+00:00,Thu 8:15PM
196186127,NFL Single Stat $1 5-Player (PIT @ CLE Total Yards),154115,Single Stat - Total Yards,1.0,0,5,1,4.5,2026-10-02 00:15:00+00:00,Thu 8:15PM
196186128,NFL Single Stat $1 5-Player (PIT @ CLE Total Yards),154115,Single Stat - Total Yards,1.0,0,5,1,4.5,2026-10-02 00:15:00+00:00,Thu 8:15PM
196186130,NFL Single Stat $1 3-Player (PIT @ CLE Total Yards),154115,Single Stat - Total Yards,1.0,0,3,1,2.7,2026-10-02 00:15:00+00:00,Thu 8:15PM
196186131,NFL Single Stat $1 3-Player (PIT @ CLE Total Yards),154115,Single Stat - Total Yards,1.0,0,3,1,2.7,2026-10-02 00:15:00+00:00,Thu 8:15PM
196186132,NFL Single Stat $1 3-Player (PIT @ CLE Total Yards),154115,Single Stat - Total Yards,1.0,0,3,1,2.7,2026-10-02 00:15:00+00:00,Thu 8:15PM
196171908,NFL Snake $10 12-Player,154107,Snake,10.0,1,12,1,108.0,2026-10-04 16:16:00+00:00,Sun 12:16PM
196185032,NFL Snake $1 12-Player,154107,Snake,1.0,1,12,1,10.8,2026-10-04 16:16:00+00:00,Sun 12:16PM
196171905,NFL Snake $5 12-Player,154107,Snake,5.0,1,12,1,54.0,2026-10-04 16:16:00+00:00,Sun 12:16PM
196171911,NFL Snake $20 12-Player,154107,Snake,20.0,0,12,1,216.0,2026-10-04 16:16:00+00:00,Sun 12:16PM
196171913,NFL Snake $50 12-Player,154107,Snake,50.0,0,12,1,540.0,2026-10-04 16:16:00+00:00,Sun 12:16PM
196171900,NFL Snake $1 6-Player,154107,Snake,1.0,1,6,1,5.4,2026-10-04 16:37:00+00:00,Sun 12:37PM
196171906,NFL Snake $10 6-Player,154107,Snake,10.0,0,6,1,54.0,2026-10-04 16:37:00+00:00,Sun 12:37PM
196171907,NFL Snake $10 6-Player,154107,Snake,10.0,0,6,1,54.0,2026-10-04 16:37:00+00:00,Sun 12:37PM
196171901,NFL Snake $1 6-Player,154107,Snake,1.0,0,6,1,5.4,2026-10-04 16:37:00+00:00,Sun 12:37PM
196171903,NFL Snake $5 6-Player,154107,Snake,5.0,0,6,1,27.0,2026-10-04 16:37:00+00:00,Sun 12:37PM
196171904,NFL Snake $5 6-Player,154107,Snake,5.0,0,6,1,27.0,2026-10-04 16:37:00+00:00,Sun 12:37PM
196171909,NFL Snake $20 6-Player,154107,Snake,20.0,0,6,1,108.0,2026-10-04 16:37:00+00:00,Sun 12:37PM
196171910,NFL Snake $20 6-Player,154107,Snake,20.0,0,6,1,108.0,2026-10-04 16:37:00+00:00,Sun 12:37PM
196171912,NFL Snake $50 6-Player,154107,Snake,50.0,0,6,1,270.0,2026-10-04 16:37:00+00:00,Sun 12:37PM
196171914,NFL Snake $109 6-Player,154107,Snake,109.0,0,6,1,600.0,2026-10-04 16:37:00+00:00,Sun 12:37PM
196171915,NFL Snake $530 6-Player,154107,Snake,530.0,0,6,1,3000.0,2026-10-04 16:37:00+00:00,Sun 12:37PM
196197471,NFL Snake $10 3-Player,154107,Snake,10.0,1,3,1,27.0,2026-10-04 16:47:00+00:00,Sun 12:47PM
196198228,NFL Snake $10 3-Player,154107,Snake,10.0,0,3,1,27.0,2026-10-04 16:47:00+00:00,Sun 12:47PM
196200399,NFL Snake $10 3-Player,154107,Snake,10.0,0,3,1,27.0,2026-10-04 16:47:00+00:00,Sun 12:47PM
196179639,NFL Snake $1 3-Player,154107,Snake,1.0,0,3,1,2.7,2026-10-04 16:47:00+00:00,Sun 12:47PM
196193829,NFL Snake $1 3-Player,154107,Snake,1.0,0,3,1,2.7,2026-10-04 16:47:00+00:00,Sun 12:47PM
196197217,NFL Snake $1 3-Player,154107,Snake,1.0,0,3,1,2.7,2026-10-04 16:47:00+00:00,Sun 12:47PM
196171924,NFL Snake $5 3-Player,154107,Snake,5.0,0,3,1,13.5,2026-10-04 16:47:00+00:00,Sun 12:47PM
196175890,NFL Snake $5 3-Player,154107,Snake,5.0,0,3,1,13.5,2026-10-04 16:47:00+00:00,Sun 12:47PM
196193832,NFL Snake $5 3-Player,154107,Snake,5.0,0,3,1,13.5,2026-10-04 16:47:00+00:00,Sun 12:47PM
196171925,NFL Snake $20 3-Player,154107,Snake,20.0,0,3,1,54.0,2026-10-04 16:47:00+00:00,Sun 12:47PM
196171926,NFL Snake $20 3-Player,154107,Snake,20.0,0,3,1,54.0,2026-10-04 16:47:00+00:00,Sun 12:47PM
196171927,NFL Snake $20 3-Player,154107,Snake,20.0,0,3,1,54.0,2026-10-04 16:47:00+00:00,Sun 12:47PM
196171928,NFL Snake $50 3-Player,154107,Snake,50.0,0,3,1,135.0,2026-10-04 16:47:00+00:00,Sun 12:47PM
196171929,NFL Snake $50 3-Player,154107,Snake,50.0,0,3,1,135.0,2026-10-04 16:47:00+00:00,Sun 12:47PM
196171930,NFL Snake $50 3-Player,154107,Snake,50.0,0,3,1,135.0,2026-10-04 16:47:00+00:00,Sun 12:47PM
196171931,NFL Snake $109 3-Player,154107,Snake,109.0,0,3,1,300.0,2026-10-04 16:47:00+00:00,Sun 12:47PM
196171932,NFL Snake $109 3-Player,154107,Snake,109.0,0,3,1,300.0,2026-10-04 16:47:00+00:00,Sun 12:47PM
196171933,NFL Snake $109 3-Player,154107,Snake,109.0,0,3,1,300.0,2026-10-04 16:47:00+00:00,Sun 12:47PM
196171934,NFL Snake $530 3-Player,154107,Snake,530.0,0,3,1,1500.0,2026-10-04 16:47:00+00:00,Sun 12:47PM
196171935,NFL Snake $530 3-Player,154107,Snake,530.0,0,3,1,1500.0,2026-10-04 16:47:00+00:00,Sun 12:47PM
196171936,"NFL Snake $1,060 3-Player",154107,Snake,1060.0,0,3,1,3000.0,2026-10-04 16:47:00+00:00,Sun 12:47PM
196171937,"NFL Snake $2,120 3-Player",154107,Snake,2120.0,0,3,1,6000.0,2026-10-04 16:47:00+00:00,Sun 12:47PM
196171938,"NFL Snake $5,300 3-Player",154107,Snake,5300.0,0,3,1,15000.0,2026-10-04 16:47:00+00:00,Sun 12:47PM
196171939,"NFL Snake $10,600 3-Player",154107,Snake,10600.0,0,3,1,30000.0,2026-10-04 16:47:00+00:00,Sun 12:47PM
196171148,Casual NFL $20 50-50,154078,Classic,20.0,1,10,1,180.0,2026-10-04 17:00:00+00:00,Sun 1:00PM
196194268,Casual NFL $20 50-50,154078,Classic,20.0,1,10,1,180.0,2026-10-04 17:00:00+00:00,Sun 1:00PM
196171156,Casual NFL $5 50-50,154078,Classic,5.0,1,10,1,45.0,2026-10-04 17:00:00+00:00,Sun 1:00PM
196171157,Casual NFL $5 50-50,154078,Classic,5.0,1,10,1,45.0,2026-10-04 17:00:00+00:00,Sun 1:00PM
196171159,Casual NFL $3 50-50,154078,Classic,3.0,2,10,1,27.0,2026-10-04 17:00:00+00:00,Sun 1:00PM
196171162,Casual NFL $1 50-50,154078,Classic,1.0,2,10,1,9.0,2026-10-04 17:00:00+00:00,Sun 1:00PM
196171163,Casual NFL $1 50-50,154078,Classic,1.0,2,10,1,9.0,2026-10-04 17:00:00+00:00,Sun 1:00PM
196171164,Casual NFL $1 50-50,154078,Classic,1.0,1,10,1,9.0,2026-10-04 17:00:00+00:00,Sun 1:00PM
196171068,Beginner NFL $1 50-50,154078,Classic,1.0,1,10,1,9.0,2026-10-04 17:00:00+00:00,Sun 1:00PM
196171069,Beginner NFL $1 50-50,154078,Classic,1.0,1,10,1,9.0,2026-10-04 17:00:00+00:00,Sun 1:00PM
196171070,Beginner NFL $1 50-50,154078,Classic,1.0,1,10,1,9.0,2026-10-04 17:00:00+00:00,Sun 1:00PM
196171104,"NFL $10,600 3-Player",154078,Classic,10600.0,1,3,1,30000.0,2026-10-04 17:00:00+00:00,Sun 1:00PM
196171105,"NFL $10,600 3-Player",154078,Classic,10600.0,1,3,1,30000.0,2026-10-04 17:00:00+00:00,Sun 1:00PM
196177311,"NFL $10,600 3-Player",154078,Classic,10600.0,1,3,1,30000.0,2026-10-04 17:00:00+00:00,Sun 1:00PM
196177312,"NFL $10,600 3-Player",154078,Classic,10600.0,1,3,1,30000.0,2026-10-04 17:00:00+00:00,Sun 1:00PM
196171106,"NFL $5,300 3-Player",154078,Classic,5300.0,1,3,1,15000.0,2026-10-04 17:00:00+00:00,Sun 1:00PM
196171107,"NFL $5,300 3-Player",154078,Classic,5300.0,1,3,1,15000.0,2026-10-04 17:00:00+00:00,Sun 1:00PM
196177313,"NFL $5,300 3-Player",154078,Classic,5300.0,1,3,1,15000.0,2026-10-04 17:00:00+00:00,Sun 1:00PM
196177314,"NFL $5,300 3-Player",154078,Classic,5300.0,1,3,1,15000.0,2026-10-04 17:00:00+00:00,Sun 1:00PM
196171138,"NFL $2,120 3-Player",154078,Classic,2120.0,1,3,1,6000.0,2026-10-04 17:00:00+00:00,Sun 1:00PM
196171139,"NFL $2,120 3-Player",154078,Classic,2120.0,1,3,1,6000.0,2026-10-04 17:00:00+00:00,Sun 1:00PM
196177324,"NFL $2,120 3-Player",154078,Classic,2120.0,1,3,1,6000.0,2026-10-04 17:00:00+00:00,Sun 1:00PM
196177325,"NFL $2,120 3-Player",154078,Classic,2120.0,1,3,1,6000.0,2026-10-04 17:00:00+00:00,Sun 1:00PM
196171112,"NFL $1,060 3-Player",154078,Classic,1060.0,1,3,1,3000.0,2026-10-04 17:00:00+00:00,Sun 1:00PM
196171113,"NFL $1,060 3-Player",154078,Classic,1060.0,1,3,1,3000.0,2026-10-04 17:00:00+00:00,Sun 1:00PM
196177315,"NFL $1,060 3-Player",154078,Classic,1060.0,1,3,1,3000.0,2026-10-04 17:00:00+00:00,Sun 1:00PM
196177316,"NFL $1,060 3-Player",154078,Classic,1060.0,1,3,1,3000.0,2026-10-04 17:00:00+00:00,Sun 1:00PM
196171116,NFL $530 3-Player,154078,Classic,530.0,1,3,1,1500.0,2026-10-04 17:00:00+00:00,Sun 1:00PM
196171117,NFL $530 3-Player,154078,Classic,530.0,1,3,1,1500.0,2026-10-04 17:00:00+00:00,Sun 1:00PM
196177317,NFL $530 3-Player,154078,Classic,530.0,1,3,1,1500.0,2026-10-04 17:00:00+00:00,Sun 1:00PM
196177318,NFL $530 3-Player,154078,Classic,530.0,1,3,1,1500.0,2026-10-04 17:00:00+00:00,Sun 1:00PM
196171118,NFL $270 3-Player,154078,Classic,270.0,1,3,1,750.0,2026-10-04 17:00:00+00:00,Sun 1:00PM
196171119,NFL $270 3-Player,154078,Classic,270.0,1,3,1,750.0,2026-10-04 17:00:00+00:00,Sun 1:00PM
196177319,NFL $270 3-Player,154078,Classic,270.0,1,3,1,750.0,2026-10-04 17:00:00+00:00,Sun 1:00PM
196177320,NFL $270 3-Player,154078,Classic,270.0,1,3,1,750.0,2026-10-04 17:00:00+00:00,Sun 1:00PM
196171015,NFL $162 3-Player,154078,Classic,162.0,1,3,1,450.0,2026-10-04 17:00:00+00:00,Sun 1:00PM
196171016,NFL $162 3-Player,154078,Classic,162.0,1,3,1,450.0,2026-10-04 17:00:00+00:00,Sun 1:00PM
196171017,NFL $162 3-Player,154078,Classic,162.0,1,3,1,450.0,2026-10-04 17:00:00+00:00,Sun 1:00PM
196177308,NFL $162 3-Player,154078,Classic,162.0,1,3,1,450.0,2026-10-04 17:00:00+00:00,Sun 1:00PM
196177309,NFL $162 3-Player,154078,Classic,162.0,1,3,1,450.0,2026-10-04 17:00:00+00:00,Sun 1:00PM
196177310,NFL $162 3-Player,154078,Classic,162.0,1,3,1,450.0,2026-10-04 17:00:00+00:00,Sun 1:00PM
196179432,NFL $162 3-Player,154078,Classic,162.0,1,3,1,450.0,2026-10-04 17:00:00+00:00,Sun 1:00PM
196171125,NFL $109 3-Player,154078,Classic,109.0,1,3,1,300.0,2026-10-04 17:00:00+00:00,Sun 1:00PM
196171126,NFL $109 3-Player,154078,Classic,109.0,2,3,1,300.0,2026-10-04 17:00:00+00:00,Sun 1:00PM
196171127,NFL $109 3-Player,154078,Classic,109.0,1,3,1,300.0,2026-10-04 17:00:00+00:00,Sun 1:00PM
196172806,NFL $109 3-Player,154078,Classic,109.0,1,3,1,300.0,2026-10-04 17:00:00+00:00,Sun 1:00PM
196177321,NFL $109 3-Player,154078,Classic,109.0,1,3,1,300.0,2026-10-04 17:00:00+00:00,Sun 1:00PM
196177322,NFL $109 3-Player,154078,Classic,109.0,1,3,1,300.0,2026-10-04 17:00:00+00:00,Sun 1:00PM
196177323,NFL $109 3-Player,154078,Classic,109.0,1,3,1,300.0,2026-10-04 17:00:00+00:00,Sun 1:00PM
196167445,NFL $109 3-Player (Winner Takes All),154078,Classic,109.0,2,3,1,300.0,2026-10-04 17:00:00+00:00,Sun 1:00PM
196162141,NFL $50 10-Player (Winner Takes All),154078,Classic,50.0,3,10,1,450.0,2026-10-04 17:00:00+00:00,Sun 1:00PM
196170970,NFL $50 3-Player,154078,Classic,50.0,1,3,1,135.0,2026-10-04 17:00:00+00:00,Sun 1:00PM
196170971,NFL $50 3-Player,154078,Classic,50.0,2,3,1,135.0,2026-10-04 17:00:00+00:00,Sun 1:00PM
196170972,NFL $50 3-Player,154078,Classic,50.0,1,3,1,135.0,2026-10-04 17:00:00+00:00,Sun 1:00PM
196172804,NFL $50 3-Player,154078,Classic,50.0,1,3,1,135.0,2026-10-04 17:00:00+00:00,Sun 1:00PM
196177295,NFL $50 3-Player,154078,Classic,50.0,1,3,1,135.0,2026-10-04 17:00:00+00:00,Sun 1:00PM
196177296,NFL $50 3-Player,154078,Classic,50.0,1,3,1,135.0,2026-10-04 17:00:00+00:00,Sun 1:00PM
196177297,NFL $50 3-Player,154078,Classic,50.0,1,3,1,135.0,2026-10-04 17:00:00+00:00,Sun 1:00PM
196167429,NFL $50 3-Player (Winner Takes All),154078,Classic,50.0,2,3,1,135.0,2026-10-04 17:00:00+00:00,Sun 1:00PM
196171137,NFL $20 50-50,154078,Classic,20.0,1,50,1,900.0,2026-10-04 17:00:00+00:00,Sun 1:00PM
196181842,NFL $20 15-Player (Winner Takes All),154078,Classic,20.0,1,15,1,270.0,2026-10-04 17:00:00+00:00,Sun 1:00PM
196171212,NFL $20 100-Player,154078,Classic,20.0,1,100,1,1800.0,2026-10-04 17:00:00+00:00,Sun 1:00PM
196171003,NFL $20 10-Player,154078,Classic,20.0,1,10,1,180.0,2026-10-04 17:00:00+00:00,Sun 1:00PM
196166912,NFL $20 10-Player (Top 2 Win),154078,Classic,20.0,2,10,1,180.0,2026-10-04 17:00:00+00:00,Sun 1:00PM
196170987,NFL $20 3-Player,154078,Classic,20.0,2,3,1,54.0,2026-10-04 17:00:00+00:00,Sun 1:00PM
196170988,NFL $20 3-Player,154078,Classic,20.0,1,3,1,54.0,2026-10-04 17:00:00+00:00,Sun 1:00PM
196170989,NFL $20 3-Player,154078,Classic,20.0,1,3,1,54.0,2026-10-04 17:00:00+00:00,Sun 1:00PM
196172805,NFL $20 3-Player,154078,Classic,20.0,1,3,1,54.0,2026-10-04 17:00:00+00:00,Sun 1:00PM
196177305,NFL $20 3-Player,154078,Classic,20.0,1,3,1,54.0,2026-10-04 17:00:00+00:00,Sun 1:00PM
196177306,NFL $20 3-Player,154078,Classic,20.0,1,3,1,54.0,2026-10-04 17:00:00+00:00,Sun 1:00PM
196177307,NFL $20 3-Player,154078,Classic,20.0,1,3,1,54.0,2026-10-04 17:00:00+00:00,Sun 1:00PM
196167428,NFL $20 3-Player (Winner Takes All),154078,Classic,20.0,2,3,1,54.0,2026-10-04 17:00:00+00:00,Sun 1:00PM
196170990,NFL $10 50-50,154078,Classic,10.0,1,10,1,90.0,2026-10-04 17:00:00+00:00,Sun 1:00PM
196170984,NFL $10 3-Player,154078,Classic,10.0,2,3,1,27.0,2026-10-04 17:00:00+00:00,Sun 1:00PM
196170985,NFL $10 3-Player,154078,Classic,10.0,1,3,1,27.0,2026-10-04 17:00:00+00:00,Sun 1:00PM
196170986,NFL $10 3-Player,154078,Classic,10.0,1,3,1,27.0,2026-10-04 17:00:00+00:00,Sun 1:00PM
196177301,NFL $10 3-Player,154078,Classic,10.0,2,3,1,27.0,2026-10-04 17:00:00+00:00,Sun 1:00PM
196177302,NFL $10 3-Player,154078,Classic,10.0,2,3,1,27.0,2026-10-04 17:00:00+00:00,Sun 1:00PM
196177303,NFL $10 3-Player,154078,Classic,10.0,2,3,1,27.0,2026-10-04 17:00:00+00:00,Sun 1:00PM
196187956,NFL $10 4-Player (Winner Takes All) x5,154078,Classic,10.0,1,4,1,36.0,2026-10-04 17:00:00+00:00,Sun 1:00PM
196171102,NFL $5 50-50,154078,Classic,5.0,1,100,1,450.0,2026-10-04 17:00:00+00:00,Sun 1:00PM
196170951,NFL $5 50-50,154078,Classic,5.0,2,10,1,45.0,2026-10-04 17:00:00+00:00,Sun 1:00PM
196171202,NFL $5 Double Up,154078,Classic,5.0,1,11,1,50.0,2026-10-04 17:00:00+00:00,Sun 1:00PM
196163293,NFL $5 20-Player (Winner Takes All),154078,Classic,5.0,13,20,1,90.0,2026-10-04 17:00:00+00:00,Sun 1:00PM
196170938,NFL $5 10-Player,154078,Classic,5.0,1,10,1,45.0,2026-10-04 17:00:00+00:00,Sun 1:00PM
196161813,NFL $5 10-Player (Winner Takes All),154078,Classic,5.0,4,10,1,45.0,2026-10-04 17:00:00+00:00,Sun 1:00PM
196170943,NFL $5 5-Player,154078,Classic,5.0,2,5,1,22.5,2026-10-04 17:00:00+00:00,Sun 1:00PM
196172752,NFL $5 3-Player,154078,Classic,5.0,2,3,1,13.5,2026-10-04 17:00:00+00:00,Sun 1:00PM
196177298,NFL $5 3-Player,154078,Classic,5.0,2,3,1,13.5,2026-10-04 17:00:00+00:00,Sun 1:00PM
196177299,NFL $5 3-Player,154078,Classic,5.0,2,3,1,13.5,2026-10-04 17:00:00+00:00,Sun 1:00PM
196177300,NFL $5 3-Player,154078,Classic,5.0,2,3,1,13.5,2026-10-04 17:00:00+00:00,Sun 1:00PM
196183681,NFL $5 3-Player,154078,Classic,5.0,1,3,1,13.5,2026-10-04 17:00:00+00:00,Sun 1:00PM
196170959,NFL $5 3-Player,154078,Classic,5.0,1,3,1,13.5,2026-10-04 17:00:00+00:00,Sun 1:00PM
196170960,NFL $5 3-Player,154078,Classic,5.0,1,3,1,13.5,2026-10-04 17:00:00+00:00,Sun 1:00PM
196170961,NFL $5 3-Player,154078,Classic,5.0,1,3,1,13.5,2026-10-04 17:00:00+00:00,Sun 1:00PM
196177292,NFL $5 3-Player,154078,Classic,5.0,1,3,1,13.5,2026-10-04 17:00:00+00:00,Sun 1:00PM
196177293,NFL $5 3-Player,154078,Classic,5.0,1,3,1,13.5,2026-10-04 17:00:00+00:00,Sun 1:00PM
196177294,NFL $5 3-Player,154078,Classic,5.0,1,3,1,13.5,2026-10-04 17:00:00+00:00,Sun 1:00PM
196171204,NFL $3 Double Up,154078,Classic,3.0,1,11,1,30.0,2026-10-04 17:00:00+00:00,Sun 1:00PM
196171205,NFL $3 Double Up,154078,Classic,3.0,1,11,1,30.0,2026-10-04 17:00:00+00:00,Sun 1:00PM
196171103,NFL $2 50-50,154078,Classic,2.0,4,100,1,180.0,2026-10-04 17:00:00+00:00,Sun 1:00PM
196180544,NFL $2 50-50,154078,Classic,2.0,2,100,1,180.0,2026-10-04 17:00:00+00:00,Sun 1:00PM
196197483,NFL $2 50-50,154078,Classic,2.0,1,100,1,180.0,2026-10-04 17:00:00+00:00,Sun 1:00PM
196171134,NFL $2 50-50,154078,Classic,2.0,2,50,1,90.0,2026-10-04 17:00:00+00:00,Sun 1:00PM
196197484,NFL $2 50-50,154078,Classic,2.0,1,50,1,90.0,2026-10-04 17:00:00+00:00,Sun 1:00PM
196171124,NFL $2 50-50,154078,Classic,2.0,1,20,1,36.0,2026-10-04 17:00:00+00:00,Sun 1:00PM
196170956,NFL $2 50-50,154078,Classic,2.0,1,20,1,36.0,2026-10-04 17:00:00+00:00,Sun 1:00PM
196170957,NFL $2 50-50,154078,Classic,2.0,1,20,1,36.0,2026-10-04 17:00:00+00:00,Sun 1:00PM
196170958,NFL $2 50-50,154078,Classic,2.0,1,20,1,36.0,2026-10-04 17:00:00+00:00,Sun 1:00PM
196171093,NFL $2 50-50,154078,Classic,2.0,1,10,1,18.0,2026-10-04 17:00:00+00:00,Sun 1:00PM
196171094,NFL $2 50-50,154078,Classic,2.0,1,10,1,18.0,2026-10-04 17:00:00+00:00,Sun 1:00PM
196171095,NFL $2 50-50,154078,Classic,2.0,1,10,1,18.0,2026-10-04 17:00:00+00:00,Sun 1:00PM
196171209,NFL $2 100-Player,154078,Classic,2.0,1,100,1,180.0,2026-10-04 17:00:00+00:00,Sun 1:00PM
196171032,NFL $2 40-Player,154078,Classic,2.0,1,40,1,72.0,2026-10-04 17:00:00+00:00,Sun 1:00PM
196171033,NFL $2 40-Player,154078,Classic,2.0,1,40,1,72.0,2026-10-04 17:00:00+00:00,Sun 1:00PM
196161815,NFL $2 25-Player (Top 3 Win),154078,Classic,2.0,11,25,1,45.0,2026-10-04 17:00:00+00:00,Sun 1:00PM
196171027,NFL $2 20-Player,154078,Classic,2.0,1,20,1,36.0,2026-10-04 17:00:00+00:00,Sun 1:00PM
196171028,NFL $2 20-Player,154078,Classic,2.0,1,20,1,36.0,2026-10-04 17:00:00+00:00,Sun 1:00PM
196171029,NFL $2 20-Player,154078,Classic,2.0,1,20,1,36.0,2026-10-04 17:00:00+00:00,Sun 1:00PM
196162536,NFL $2 15-Player (Top 2 Win),154078,Classic,2.0,3,15,1,27.0,2026-10-04 17:00:00+00:00,Sun 1:00PM
196170933,NFL $2 10-Player,154078,Classic,2.0,2,10,1,18.0,2026-10-04 17:00:00+00:00,Sun 1:00PM
196170934,NFL $2 10-Player,154078,Classic,2.0,1,10,1,18.0,2026-10-04 17:00:00+00:00,Sun 1:00PM
196170935,NFL $2 10-Player,154078,Classic,2.0,1,10,1,18.0,2026-10-04 17:00:00+00:00,Sun 1:00PM
196177812,NFL $2 10-Player,154078,Classic,2.0,1,10,1,18.0,2026-10-04 17:00:00+00:00,Sun 1:00PM
196170930,NFL $2 5-Player,154078,Classic,2.0,1,5,1,9.0,2026-10-04 17:00:00+00:00,Sun 1:00PM
196170931,NFL $2 5-Player,154078,Classic,2.0,2,5,1,9.0,2026-10-04 17:00:00+00:00,Sun 1:00PM
196170932,NFL $2 5-Player,154078,Classic,2.0,1,5,1,9.0,2026-10-04 17:00:00+00:00,Sun 1:00PM
196188280,NFL $2 5-Player,154078,Classic,2.0,1,5,1,9.0,2026-10-04 17:00:00+00:00,Sun 1:00PM
196170978,NFL $2 3-Player,154078,Classic,2.0,1,3,1,5.4,2026-10-04 17:00:00+00:00,Sun 1:00PM
196170979,NFL $2 3-Player,154078,Classic,2.0,1,3,1,5.4,2026-10-04 17:00:00+00:00,Sun 1:00PM
196170980,NFL $2 3-Player,154078,Classic,2.0,2,3,1,5.4,2026-10-04 17:00:00+00:00,Sun 1:00PM
196188282,NFL $2 3-Player,154078,Classic,2.0,1,3,1,5.4,2026-10-04 17:00:00+00:00,Sun 1:00PM
196171101,NFL $1 50-50,154078,Classic,1.0,3,100,1,90.0,2026-10-04 17:00:00+00:00,Sun 1:00PM
196197481,NFL $1 50-50,154078,Classic,1.0,2,100,1,90.0,2026-10-04 17:00:00+00:00,Sun 1:00PM
196198590,NFL $1 50-50,154078,Classic,1.0,1,100,1,90.0,2026-10-04 17:00:00+00:00,Sun 1:00PM
196171133,NFL $1 50-50,154078,Classic,1.0,2,50,1,45.0,2026-10-04 17:00:00+00:00,Sun 1:00PM
196197482,NFL $1 50-50,154078,Classic,1.0,1,50,1,45.0,2026-10-04 17:00:00+00:00,Sun 1:00PM
196170967,NFL $1 50-50,154078,Classic,1.0,1,20,1,18.0,2026-10-04 17:00:00+00:00,Sun 1:00PM
196170968,NFL $1 50-50,154078,Classic,1.0,1,20,1,18.0,2026-10-04 17:00:00+00:00,Sun 1:00PM
196170969,NFL $1 50-50,154078,Classic,1.0,1,20,1,18.0,2026-10-04 17:00:00+00:00,Sun 1:00PM
196171090,NFL $1 50-50,154078,Classic,1.0,1,10,1,9.0,2026-10-04 17:00:00+00:00,Sun 1:00PM
196171091,NFL $1 50-50,154078,Classic,1.0,1,10,1,9.0,2026-10-04 17:00:00+00:00,Sun 1:00PM
196171092,NFL $1 50-50,154078,Classic,1.0,1,10,1,9.0,2026-10-04 17:00:00+00:00,Sun 1:00PM
196171206,NFL $1 Double Up,154078,Classic,1.0,1,11,1,10.0,2026-10-04 17:00:00+00:00,Sun 1:00PM
196171207,NFL $1 Double Up,154078,Classic,1.0,1,11,1,10.0,2026-10-04 17:00:00+00:00,Sun 1:00PM
196164451,NFL $1 50-Player (Winner Takes All),154078,Classic,1.0,9,50,1,45.0,2026-10-04 17:00:00+00:00,Sun 1:00PM
196171208,NFL $1 100-Player,154078,Classic,1.0,1,100,1,90.0,2026-10-04 17:00:00+00:00,Sun 1:00PM
196171030,NFL $1 40-Player,154078,Classic,1.0,1,40,1,36.0,2026-10-04 17:00:00+00:00,Sun 1:00PM
196171031,NFL $1 40-Player,154078,Classic,1.0,1,40,1,36.0,2026-10-04 17:00:00+00:00,Sun 1:00PM
196164463,NFL $1 40-Player (Top 5 Win),154078,Classic,1.0,5,40,1,36.0,2026-10-04 17:00:00+00:00,Sun 1:00PM
196164449,NFL $1 30-Player (Top 3 Win),154078,Classic,1.0,2,30,1,27.0,2026-10-04 17:00:00+00:00,Sun 1:00PM
196171024,NFL $1 20-Player,154078,Classic,1.0,1,20,1,18.0,2026-10-04 17:00:00+00:00,Sun 1:00PM
196171025,NFL $1 20-Player,154078,Classic,1.0,1,20,1,18.0,2026-10-04 17:00:00+00:00,Sun 1:00PM
196171026,NFL $1 20-Player,154078,Classic,1.0,1,20,1,18.0,2026-10-04 17:00:00+00:00,Sun 1:00PM
196193657,NFL $1 20-Player (Winner Takes All),154078,Classic,1.0,3,20,1,18.0,2026-10-04 17:00:00+00:00,Sun 1:00PM
196164457,NFL $1 15-Player (Winner Takes All),154078,Classic,1.0,4,15,1,13.5,2026-10-04 17:00:00+00:00,Sun 1:00PM
196170992,NFL $1 10-Player,154078,Classic,1.0,1,10,1,9.0,2026-10-04 17:00:00+00:00,Sun 1:00PM
196170993,NFL $1 10-Player,154078,Classic,1.0,1,10,1,9.0,2026-10-04 17:00:00+00:00,Sun 1:00PM
196170994,NFL $1 10-Player,154078,Classic,1.0,1,10,1,9.0,2026-10-04 17:00:00+00:00,Sun 1:00PM
196170939,NFL $1 5-Player,154078,Classic,1.0,1,5,1,4.5,2026-10-04 17:00:00+00:00,Sun 1:00PM
196170940,NFL $1 5-Player,154078,Classic,1.0,2,5,1,4.5,2026-10-04 17:00:00+00:00,Sun 1:00PM
196170941,NFL $1 5-Player,154078,Classic,1.0,1,5,1,4.5,2026-10-04 17:00:00+00:00,Sun 1:00PM
196188281,NFL $1 5-Player,154078,Classic,1.0,1,5,1,4.5,2026-10-04 17:00:00+00:00,Sun 1:00PM
196170975,NFL $1 3-Player,154078,Classic,1.0,2,3,1,2.7,2026-10-04 17:00:00+00:00,Sun 1:00PM
196170976,NFL $1 3-Player,154078,Classic,1.0,1,3,1,2.7,2026-10-04 17:00:00+00:00,Sun 1:00PM
196180885,NFL $1 3-Player,154078,Classic,1.0,1,3,1,2.7,2026-10-04 17:00:00+00:00,Sun 1:00PM
196188283,NFL $1 3-Player,154078,Classic,1.0,1,3,1,2.7,2026-10-04 17:00:00+00:00,Sun 1:00PM
196161849,NFL $1 200-Player (Winner Takes All),154078,Classic,1.0,11,200,1,180.0,2026-10-04 17:00:00+00:00,Sun 1:00PM
196161814,NFL $3 10-Player (Winner Takes All) x2,154078,Classic,3.0,6,10,1,27.0,2026-10-04 17:00:00+00:00,Sun 1:00PM
196162164,NFL $5 200-Player (Top 3 Win),154078,Classic,5.0,4,200,1,900.0,2026-10-04 17:00:00+00:00,Sun 1:00PM
196171223,NFL Satellite to $20 NFL Fantasy Football Millionaire [Must Fill],154078,Classic,7.4,0,3,1,20.0,2026-10-04 17:00:00+00:00,Sun 1:00PM
196172238,NFL Satellite to NBA Best Ball $20 Shootaround [Must Fill],154078,Classic,7.4,0,3,1,20.0,2026-10-04 17:00:00+00:00,Sun 1:00PM
196172250,NFL Satellite to NBA 10-20 $20 Opening Tip Off [Must Fill],154078,Classic,7.4,0,3,1,20.0,2026-10-04 17:00:00+00:00,Sun 1:00PM
196171195,Casual NFL $109 5-Player,154078,Classic,109.0,0,5,1,500.0,2026-10-04 17:00:00+00:00,Sun 1:00PM
196171194,Casual NFL $109 3-Player,154078,Classic,109.0,0,3,1,300.0,2026-10-04 17:00:00+00:00,Sun 1:00PM
196171150,Casual NFL $50 50-50,154078,Classic,50.0,0,10,1,450.0,2026-10-04 17:00:00+00:00,Sun 1:00PM
196171151,Casual NFL $50 50-50,154078,Classic,50.0,0,10,1,450.0,2026-10-04 17:00:00+00:00,Sun 1:00PM
196171152,Casual NFL $50 5-Player,154078,Classic,50.0,0,5,1,225.0,2026-10-04 17:00:00+00:00,Sun 1:00PM
196171165,Casual NFL $50 3-Player,154078,Classic,50.0,0,3,1,135.0,2026-10-04 17:00:00+00:00,Sun 1:00PM
196171166,Casual NFL $50 3-Player,154078,Classic,50.0,0,3,1,135.0,2026-10-04 17:00:00+00:00,Sun 1:00PM
196171147,Casual NFL $20 50-50,154078,Classic,20.0,0,10,1,180.0,2026-10-04 17:00:00+00:00,Sun 1:00PM
196171149,Casual NFL $20 50-50,154078,Classic,20.0,0,10,1,180.0,2026-10-04 17:00:00+00:00,Sun 1:00PM
196200428,Casual NFL $20 50-50,154078,Classic,20.0,0,10,1,180.0,2026-10-04 17:00:00+00:00,Sun 1:00PM
196171144,Casual NFL $20 5-Player,154078,Classic,20.0,0,5,1,90.0,2026-10-04 17:00:00+00:00,Sun 1:00PM
196171145,Casual NFL $20 5-Player,154078,Classic,20.0,0,5,1,90.0,2026-10-04 17:00:00+00:00,Sun 1:00PM
196171146,Casual NFL $20 5-Player,154078,Classic,20.0,0,5,1,90.0,2026-10-04 17:00:00+00:00,Sun 1:00PM
196171167,Casual NFL $20 3-Player,154078,Classic,20.0,0,3,1,54.0,2026-10-04 17:00:00+00:00,Sun 1:00PM
196171168,Casual NFL $20 3-Player,154078,Classic,20.0,0,3,1,54.0,2026-10-04 17:00:00+00:00,Sun 1:00PM
196171169,Casual NFL $20 3-Player,154078,Classic,20.0,0,3,1,54.0,2026-10-04 17:00:00+00:00,Sun 1:00PM
196171153,Casual NFL $10 50-50,154078,Classic,10.0,0,10,1,90.0,2026-10-04 17:00:00+00:00,Sun 1:00PM
196171154,Casual NFL $10 50-50,154078,Classic,10.0,0,10,1,90.0,2026-10-04 17:00:00+00:00,Sun 1:00PM
196171155,Casual NFL $10 50-50,154078,Classic,10.0,0,10,1,90.0,2026-10-04 17:00:00+00:00,Sun 1:00PM
196171170,Casual NFL $10 5-Player,154078,Classic,10.0,0,5,1,45.0,2026-10-04 17:00:00+00:00,Sun 1:00PM
196171171,Casual NFL $10 5-Player,154078,Classic,10.0,0,5,1,45.0,2026-10-04 17:00:00+00:00,Sun 1:00PM
196171172,Casual NFL $10 5-Player,154078,Classic,10.0,0,5,1,45.0,2026-10-04 17:00:00+00:00,Sun 1:00PM
196171173,Casual NFL $10 3-Player,154078,Classic,10.0,0,3,1,27.0,2026-10-04 17:00:00+00:00,Sun 1:00PM
196171174,Casual NFL $10 3-Player,154078,Classic,10.0,0,3,1,27.0,2026-10-04 17:00:00+00:00,Sun 1:00PM
196171175,Casual NFL $10 3-Player,154078,Classic,10.0,0,3,1,27.0,2026-10-04 17:00:00+00:00,Sun 1:00PM
196171158,Casual NFL $5 50-50,154078,Classic,5.0,0,10,1,45.0,2026-10-04 17:00:00+00:00,Sun 1:00PM
196195024,Casual NFL $5 50-50,154078,Classic,5.0,0,10,1,45.0,2026-10-04 17:00:00+00:00,Sun 1:00PM
196199266,Casual NFL $5 50-50,154078,Classic,5.0,0,10,1,45.0,2026-10-04 17:00:00+00:00,Sun 1:00PM
196171176,Casual NFL $5 5-Player,154078,Classic,5.0,0,5,1,22.5,2026-10-04 17:00:00+00:00,Sun 1:00PM
196171177,Casual NFL $5 5-Player,154078,Classic,5.0,0,5,1,22.5,2026-10-04 17:00:00+00:00,Sun 1:00PM
196171178,Casual NFL $5 5-Player,154078,Classic,5.0,0,5,1,22.5,2026-10-04 17:00:00+00:00,Sun 1:00PM
196171179,Casual NFL $5 3-Player,154078,Classic,5.0,0,3,1,13.5,2026-10-04 17:00:00+00:00,Sun 1:00PM
196171180,Casual NFL $5 3-Player,154078,Classic,5.0,0,3,1,13.5,2026-10-04 17:00:00+00:00,Sun 1:00PM
196171181,Casual NFL $5 3-Player,154078,Classic,5.0,0,3,1,13.5,2026-10-04 17:00:00+00:00,Sun 1:00PM
196171160,Casual NFL $3 50-50,154078,Classic,3.0,0,10,1,27.0,2026-10-04 17:00:00+00:00,Sun 1:00PM
196171161,Casual NFL $3 50-50,154078,Classic,3.0,0,10,1,27.0,2026-10-04 17:00:00+00:00,Sun 1:00PM
196180596,Casual NFL $3 50-50,154078,Classic,3.0,0,10,1,27.0,2026-10-04 17:00:00+00:00,Sun 1:00PM
196171182,Casual NFL $2 5-Player,154078,Classic,2.0,0,5,1,9.0,2026-10-04 17:00:00+00:00,Sun 1:00PM
196171183,Casual NFL $2 5-Player,154078,Classic,2.0,0,5,1,9.0,2026-10-04 17:00:00+00:00,Sun 1:00PM
196171184,Casual NFL $2 5-Player,154078,Classic,2.0,0,5,1,9.0,2026-10-04 17:00:00+00:00,Sun 1:00PM
196171185,Casual NFL $2 3-Player,154078,Classic,2.0,0,3,1,5.4,2026-10-04 17:00:00+00:00,Sun 1:00PM
196171186,Casual NFL $2 3-Player,154078,Classic,2.0,0,3,1,5.4,2026-10-04 17:00:00+00:00,Sun 1:00PM
196171187,Casual NFL $2 3-Player,154078,Classic,2.0,0,3,1,5.4,2026-10-04 17:00:00+00:00,Sun 1:00PM
196188265,Casual NFL $1 50-50,154078,Classic,1.0,0,10,1,9.0,2026-10-04 17:00:00+00:00,Sun 1:00PM
196197832,Casual NFL $1 50-50,154078,Classic,1.0,0,10,1,9.0,2026-10-04 17:00:00+00:00,Sun 1:00PM
196200435,Casual NFL $1 50-50,154078,Classic,1.0,0,10,1,9.0,2026-10-04 17:00:00+00:00,Sun 1:00PM
196171188,Casual NFL $1 5-Player,154078,Classic,1.0,0,5,1,4.5,2026-10-04 17:00:00+00:00,Sun 1:00PM
196171189,Casual NFL $1 5-Player,154078,Classic,1.0,0,5,1,4.5,2026-10-04 17:00:00+00:00,Sun 1:00PM
196171190,Casual NFL $1 5-Player,154078,Classic,1.0,0,5,1,4.5,2026-10-04 17:00:00+00:00,Sun 1:00PM
196171191,Casual NFL $1 3-Player,154078,Classic,1.0,0,3,1,2.7,2026-10-04 17:00:00+00:00,Sun 1:00PM
196171192,Casual NFL $1 3-Player,154078,Classic,1.0,0,3,1,2.7,2026-10-04 17:00:00+00:00,Sun 1:00PM
196171193,Casual NFL $1 3-Player,154078,Classic,1.0,0,3,1,2.7,2026-10-04 17:00:00+00:00,Sun 1:00PM
196171129,Beginner NFL $109 5-Player,154078,Classic,109.0,0,5,1,500.0,2026-10-04 17:00:00+00:00,Sun 1:00PM
196171128,Beginner NFL $109 3-Player,154078,Classic,109.0,0,3,1,300.0,2026-10-04 17:00:00+00:00,Sun 1:00PM
196171096,Beginner NFL $50 50-50,154078,Classic,50.0,0,10,1,450.0,2026-10-04 17:00:00+00:00,Sun 1:00PM
196171097,Beginner NFL $50 50-50,154078,Classic,50.0,0,10,1,450.0,2026-10-04 17:00:00+00:00,Sun 1:00PM
196171100,Beginner NFL $50 5-Player,154078,Classic,50.0,0,5,1,225.0,2026-10-04 17:00:00+00:00,Sun 1:00PM
196171098,Beginner NFL $50 3-Player,154078,Classic,50.0,0,3,1,135.0,2026-10-04 17:00:00+00:00,Sun 1:00PM
196171099,Beginner NFL $50 3-Player,154078,Classic,50.0,0,3,1,135.0,2026-10-04 17:00:00+00:00,Sun 1:00PM
196171080,Beginner NFL $20 50-50,154078,Classic,20.0,0,10,1,180.0,2026-10-04 17:00:00+00:00,Sun 1:00PM
196171081,Beginner NFL $20 50-50,154078,Classic,20.0,0,10,1,180.0,2026-10-04 17:00:00+00:00,Sun 1:00PM
196171082,Beginner NFL $20 50-50,154078,Classic,20.0,0,10,1,180.0,2026-10-04 17:00:00+00:00,Sun 1:00PM
196171065,Beginner NFL $20 5-Player,154078,Classic,20.0,0,5,1,90.0,2026-10-04 17:00:00+00:00,Sun 1:00PM
196171066,Beginner NFL $20 5-Player,154078,Classic,20.0,0,5,1,90.0,2026-10-04 17:00:00+00:00,Sun 1:00PM
196171067,Beginner NFL $20 5-Player,154078,Classic,20.0,0,5,1,90.0,2026-10-04 17:00:00+00:00,Sun 1:00PM
196171047,Beginner NFL $20 3-Player,154078,Classic,20.0,0,3,1,54.0,2026-10-04 17:00:00+00:00,Sun 1:00PM
196171048,Beginner NFL $20 3-Player,154078,Classic,20.0,0,3,1,54.0,2026-10-04 17:00:00+00:00,Sun 1:00PM
196171049,Beginner NFL $20 3-Player,154078,Classic,20.0,0,3,1,54.0,2026-10-04 17:00:00+00:00,Sun 1:00PM
196171077,Beginner NFL $10 50-50,154078,Classic,10.0,0,10,1,90.0,2026-10-04 17:00:00+00:00,Sun 1:00PM
196171078,Beginner NFL $10 50-50,154078,Classic,10.0,0,10,1,90.0,2026-10-04 17:00:00+00:00,Sun 1:00PM
196171079,Beginner NFL $10 50-50,154078,Classic,10.0,0,10,1,90.0,2026-10-04 17:00:00+00:00,Sun 1:00PM
196171062,Beginner NFL $10 5-Player,154078,Classic,10.0,0,5,1,45.0,2026-10-04 17:00:00+00:00,Sun 1:00PM
196171063,Beginner NFL $10 5-Player,154078,Classic,10.0,0,5,1,45.0,2026-10-04 17:00:00+00:00,Sun 1:00PM
196171064,Beginner NFL $10 5-Player,154078,Classic,10.0,0,5,1,45.0,2026-10-04 17:00:00+00:00,Sun 1:00PM
196171044,Beginner NFL $10 3-Player,154078,Classic,10.0,0,3,1,27.0,2026-10-04 17:00:00+00:00,Sun 1:00PM
196171045,Beginner NFL $10 3-Player,154078,Classic,10.0,0,3,1,27.0,2026-10-04 17:00:00+00:00,Sun 1:00PM
196171046,Beginner NFL $10 3-Player,154078,Classic,10.0,0,3,1,27.0,2026-10-04 17:00:00+00:00,Sun 1:00PM
196171074,Beginner NFL $5 50-50,154078,Classic,5.0,0,10,1,45.0,2026-10-04 17:00:00+00:00,Sun 1:00PM
196171075,Beginner NFL $5 50-50,154078,Classic,5.0,0,10,1,45.0,2026-10-04 17:00:00+00:00,Sun 1:00PM
196171076,Beginner NFL $5 50-50,154078,Classic,5.0,0,10,1,45.0,2026-10-04 17:00:00+00:00,Sun 1:00PM
196171059,Beginner NFL $5 5-Player,154078,Classic,5.0,0,5,1,22.5,2026-10-04 17:00:00+00:00,Sun 1:00PM
196171060,Beginner NFL $5 5-Player,154078,Classic,5.0,0,5,1,22.5,2026-10-04 17:00:00+00:00,Sun 1:00PM
196171061,Beginner NFL $5 5-Player,154078,Classic,5.0,0,5,1,22.5,2026-10-04 17:00:00+00:00,Sun 1:00PM
196171038,Beginner NFL $5 3-Player,154078,Classic,5.0,0,3,1,13.5,2026-10-04 17:00:00+00:00,Sun 1:00PM
196171039,Beginner NFL $5 3-Player,154078,Classic,5.0,0,3,1,13.5,2026-10-04 17:00:00+00:00,Sun 1:00PM
196171040,Beginner NFL $5 3-Player,154078,Classic,5.0,0,3,1,13.5,2026-10-04 17:00:00+00:00,Sun 1:00PM
196171071,Beginner NFL $3 50-50,154078,Classic,3.0,0,10,1,27.0,2026-10-04 17:00:00+00:00,Sun 1:00PM
196171072,Beginner NFL $3 50-50,154078,Classic,3.0,0,10,1,27.0,2026-10-04 17:00:00+00:00,Sun 1:00PM
196171073,Beginner NFL $3 50-50,154078,Classic,3.0,0,10,1,27.0,2026-10-04 17:00:00+00:00,Sun 1:00PM
196171056,Beginner NFL $2 5-Player,154078,Classic,2.0,0,5,1,9.0,2026-10-04 17:00:00+00:00,Sun 1:00PM
196171057,Beginner NFL $2 5-Player,154078,Classic,2.0,0,5,1,9.0,2026-10-04 17:00:00+00:00,Sun 1:00PM
196171058,Beginner NFL $2 5-Player,154078,Classic,2.0,0,5,1,9.0,2026-10-04 17:00:00+00:00,Sun 1:00PM
196171050,Beginner NFL $2 3-Player,154078,Classic,2.0,0,3,1,5.4,2026-10-04 17:00:00+00:00,Sun 1:00PM
196171051,Beginner NFL $2 3-Player,154078,Classic,2.0,0,3,1,5.4,2026-10-04 17:00:00+00:00,Sun 1:00PM
196171052,Beginner NFL $2 3-Player,154078,Classic,2.0,0,3,1,5.4,2026-10-04 17:00:00+00:00,Sun 1:00PM
196172169,Beginner NFL $1 50-50,154078,Classic,1.0,0,10,1,9.0,2026-10-04 17:00:00+00:00,Sun 1:00PM
196172170,Beginner NFL $1 50-50,154078,Classic,1.0,0,10,1,9.0,2026-10-04 17:00:00+00:00,Sun 1:00PM
196172171,Beginner NFL $1 50-50,154078,Classic,1.0,0,10,1,9.0,2026-10-04 17:00:00+00:00,Sun 1:00PM
196171053,Beginner NFL $1 5-Player,154078,Classic,1.0,0,5,1,4.5,2026-10-04 17:00:00+00:00,Sun 1:00PM
196171054,Beginner NFL $1 5-Player,154078,Classic,1.0,0,5,1,4.5,2026-10-04 17:00:00+00:00,Sun 1:00PM
196171055,Beginner NFL $1 5-Player,154078,Classic,1.0,0,5,1,4.5,2026-10-04 17:00:00+00:00,Sun 1:00PM
196171041,Beginner NFL $1 3-Player,154078,Classic,1.0,0,3,1,2.7,2026-10-04 17:00:00+00:00,Sun 1:00PM
196171042,Beginner NFL $1 3-Player,154078,Classic,1.0,0,3,1,2.7,2026-10-04 17:00:00+00:00,Sun 1:00PM
196171043,Beginner NFL $1 3-Player,154078,Classic,1.0,0,3,1,2.7,2026-10-04 17:00:00+00:00,Sun 1:00PM
196183692,"NFL $10,600 3-Player",154078,Classic,10600.0,0,3,1,30000.0,2026-10-04 17:00:00+00:00,Sun 1:00PM
196183693,"NFL $10,600 3-Player",154078,Classic,10600.0,0,3,1,30000.0,2026-10-04 17:00:00+00:00,Sun 1:00PM
196171108,"NFL $5,300 50-50",154078,Classic,5300.0,0,4,1,20000.0,2026-10-04 17:00:00+00:00,Sun 1:00PM
196171109,"NFL $5,300 50-50",154078,Classic,5300.0,0,4,1,20000.0,2026-10-04 17:00:00+00:00,Sun 1:00PM
196183694,"NFL $5,300 3-Player",154078,Classic,5300.0,0,3,1,15000.0,2026-10-04 17:00:00+00:00,Sun 1:00PM
196183695,"NFL $5,300 3-Player",154078,Classic,5300.0,0,3,1,15000.0,2026-10-04 17:00:00+00:00,Sun 1:00PM
196171142,"NFL $2,120 50-50",154078,Classic,2120.0,0,4,1,8000.0,2026-10-04 17:00:00+00:00,Sun 1:00PM
196171143,"NFL $2,120 50-50",154078,Classic,2120.0,0,4,1,8000.0,2026-10-04 17:00:00+00:00,Sun 1:00PM
196171140,"NFL $2,120 5-Player",154078,Classic,2120.0,0,5,1,10000.0,2026-10-04 17:00:00+00:00,Sun 1:00PM
196171141,"NFL $2,120 5-Player",154078,Classic,2120.0,0,5,1,10000.0,2026-10-04 17:00:00+00:00,Sun 1:00PM
196183705,"NFL $2,120 3-Player",154078,Classic,2120.0,0,3,1,6000.0,2026-10-04 17:00:00+00:00,Sun 1:00PM
196183706,"NFL $2,120 3-Player",154078,Classic,2120.0,0,3,1,6000.0,2026-10-04 17:00:00+00:00,Sun 1:00PM
196171110,"NFL $1,060 50-50",154078,Classic,1060.0,0,4,1,4000.0,2026-10-04 17:00:00+00:00,Sun 1:00PM
196171111,"NFL $1,060 50-50",154078,Classic,1060.0,0,4,1,4000.0,2026-10-04 17:00:00+00:00,Sun 1:00PM
196170995,"NFL $1,060 5-Player",154078,Classic,1060.0,0,5,1,5000.0,2026-10-04 17:00:00+00:00,Sun 1:00PM
196170996,"NFL $1,060 5-Player",154078,Classic,1060.0,0,5,1,5000.0,2026-10-04 17:00:00+00:00,Sun 1:00PM
196183696,"NFL $1,060 3-Player",154078,Classic,1060.0,0,3,1,3000.0,2026-10-04 17:00:00+00:00,Sun 1:00PM
196183697,"NFL $1,060 3-Player",154078,Classic,1060.0,0,3,1,3000.0,2026-10-04 17:00:00+00:00,Sun 1:00PM
196171114,NFL $530 50-50,154078,Classic,530.0,0,4,1,2000.0,2026-10-04 17:00:00+00:00,Sun 1:00PM
196171115,NFL $530 50-50,154078,Classic,530.0,0,4,1,2000.0,2026-10-04 17:00:00+00:00,Sun 1:00PM
196171132,NFL $530 50-50,154078,Classic,530.0,0,8,1,4000.0,2026-10-04 17:00:00+00:00,Sun 1:00PM
196171022,NFL $530 5-Player,154078,Classic,530.0,0,5,1,2500.0,2026-10-04 17:00:00+00:00,Sun 1:00PM
196171023,NFL $530 5-Player,154078,Classic,530.0,0,5,1,2500.0,2026-10-04 17:00:00+00:00,Sun 1:00PM
196183698,NFL $530 3-Player,154078,Classic,530.0,0,3,1,1500.0,2026-10-04 17:00:00+00:00,Sun 1:00PM
196183699,NFL $530 3-Player,154078,Classic,530.0,0,3,1,1500.0,2026-10-04 17:00:00+00:00,Sun 1:00PM
196171131,NFL $270 50-50,154078,Classic,270.0,0,8,1,2000.0,2026-10-04 17:00:00+00:00,Sun 1:00PM
196171213,NFL $270 50-50,154078,Classic,270.0,0,4,1,1000.0,2026-10-04 17:00:00+00:00,Sun 1:00PM
196171214,NFL $270 50-50,154078,Classic,270.0,0,4,1,1000.0,2026-10-04 17:00:00+00:00,Sun 1:00PM
196171083,NFL $270 10-Player,154078,Classic,270.0,0,10,1,2500.0,2026-10-04 17:00:00+00:00,Sun 1:00PM
196183700,NFL $270 3-Player,154078,Classic,270.0,0,3,1,750.0,2026-10-04 17:00:00+00:00,Sun 1:00PM
196183701,NFL $270 3-Player,154078,Classic,270.0,0,3,1,750.0,2026-10-04 17:00:00+00:00,Sun 1:00PM
196171020,NFL $270 5-Player,154078,Classic,270.0,0,5,1,1250.0,2026-10-04 17:00:00+00:00,Sun 1:00PM
196171021,NFL $270 5-Player,154078,Classic,270.0,0,5,1,1250.0,2026-10-04 17:00:00+00:00,Sun 1:00PM
196171130,NFL $162 50-50,154078,Classic,162.0,0,8,1,1200.0,2026-10-04 17:00:00+00:00,Sun 1:00PM
196171005,NFL $162 50-50,154078,Classic,162.0,0,4,1,600.0,2026-10-04 17:00:00+00:00,Sun 1:00PM
196171006,NFL $162 50-50,154078,Classic,162.0,0,4,1,600.0,2026-10-04 17:00:00+00:00,Sun 1:00PM
196171018,NFL $162 5-Player,154078,Classic,162.0,0,5,1,750.0,2026-10-04 17:00:00+00:00,Sun 1:00PM
196171019,NFL $162 5-Player,154078,Classic,162.0,0,5,1,750.0,2026-10-04 17:00:00+00:00,Sun 1:00PM
196183689,NFL $162 3-Player,154078,Classic,162.0,0,3,1,450.0,2026-10-04 17:00:00+00:00,Sun 1:00PM
196183690,NFL $162 3-Player,154078,Classic,162.0,0,3,1,450.0,2026-10-04 17:00:00+00:00,Sun 1:00PM
196183691,NFL $162 3-Player,154078,Classic,162.0,0,3,1,450.0,2026-10-04 17:00:00+00:00,Sun 1:00PM
196171037,NFL $109 50-50,154078,Classic,109.0,0,20,1,2000.0,2026-10-04 17:00:00+00:00,Sun 1:00PM
196171009,NFL $109 50-50,154078,Classic,109.0,0,10,1,1000.0,2026-10-04 17:00:00+00:00,Sun 1:00PM
196171120,NFL $109 50-50,154078,Classic,109.0,0,4,1,400.0,2026-10-04 17:00:00+00:00,Sun 1:00PM
196171121,NFL $109 50-50,154078,Classic,109.0,0,4,1,400.0,2026-10-04 17:00:00+00:00,Sun 1:00PM
196171122,NFL $109 5-Player,154078,Classic,109.0,0,5,1,500.0,2026-10-04 17:00:00+00:00,Sun 1:00PM
196171123,NFL $109 5-Player,154078,Classic,109.0,0,5,1,500.0,2026-10-04 17:00:00+00:00,Sun 1:00PM
196183702,NFL $109 3-Player,154078,Classic,109.0,0,3,1,300.0,2026-10-04 17:00:00+00:00,Sun 1:00PM
196183703,NFL $109 3-Player,154078,Classic,109.0,0,3,1,300.0,2026-10-04 17:00:00+00:00,Sun 1:00PM
196183704,NFL $109 3-Player,154078,Classic,109.0,0,3,1,300.0,2026-10-04 17:00:00+00:00,Sun 1:00PM
196171036,NFL $50 50-50,154078,Classic,50.0,0,20,1,900.0,2026-10-04 17:00:00+00:00,Sun 1:00PM
196171007,NFL $50 50-50,154078,Classic,50.0,0,10,1,450.0,2026-10-04 17:00:00+00:00,Sun 1:00PM
196171008,NFL $50 50-50,154078,Classic,50.0,0,10,1,450.0,2026-10-04 17:00:00+00:00,Sun 1:00PM
196170964,NFL $50 50-50,154078,Classic,50.0,0,4,1,180.0,2026-10-04 17:00:00+00:00,Sun 1:00PM
196170965,NFL $50 50-50,154078,Classic,50.0,0,4,1,180.0,2026-10-04 17:00:00+00:00,Sun 1:00PM
196170966,NFL $50 50-50,154078,Classic,50.0,0,4,1,180.0,2026-10-04 17:00:00+00:00,Sun 1:00PM
196171201,NFL $50 Double Up,154078,Classic,50.0,0,22,1,1000.0,2026-10-04 17:00:00+00:00,Sun 1:00PM
196171200,NFL $50 Double Up,154078,Classic,50.0,0,11,1,500.0,2026-10-04 17:00:00+00:00,Sun 1:00PM
196171086,NFL $50 20-Player,154078,Classic,50.0,0,20,1,900.0,2026-10-04 17:00:00+00:00,Sun 1:00PM
196170997,NFL $50 10-Player,154078,Classic,50.0,0,10,1,450.0,2026-10-04 17:00:00+00:00,Sun 1:00PM
196170998,NFL $50 10-Player,154078,Classic,50.0,0,10,1,450.0,2026-10-04 17:00:00+00:00,Sun 1:00PM
196170973,NFL $50 5-Player,154078,Classic,50.0,0,5,1,225.0,2026-10-04 17:00:00+00:00,Sun 1:00PM
196170974,NFL $50 5-Player,154078,Classic,50.0,0,5,1,225.0,2026-10-04 17:00:00+00:00,Sun 1:00PM
196183677,NFL $50 3-Player,154078,Classic,50.0,0,3,1,135.0,2026-10-04 17:00:00+00:00,Sun 1:00PM
196183678,NFL $50 3-Player,154078,Classic,50.0,0,3,1,135.0,2026-10-04 17:00:00+00:00,Sun 1:00PM
196183679,NFL $50 3-Player,154078,Classic,50.0,0,3,1,135.0,2026-10-04 17:00:00+00:00,Sun 1:00PM
196171199,NFL $25 Double Up,154078,Classic,25.0,0,22,1,500.0,2026-10-04 17:00:00+00:00,Sun 1:00PM
196171198,NFL $25 Double Up,154078,Classic,25.0,0,11,1,250.0,2026-10-04 17:00:00+00:00,Sun 1:00PM
196180190,NFL $20 50-50,154078,Classic,20.0,0,50,1,900.0,2026-10-04 17:00:00+00:00,Sun 1:00PM
196171034,NFL $20 50-50,154078,Classic,20.0,0,20,1,360.0,2026-10-04 17:00:00+00:00,Sun 1:00PM
196171035,NFL $20 50-50,154078,Classic,20.0,0,20,1,360.0,2026-10-04 17:00:00+00:00,Sun 1:00PM
196170954,NFL $20 50-50,154078,Classic,20.0,0,10,1,180.0,2026-10-04 17:00:00+00:00,Sun 1:00PM
196170955,NFL $20 50-50,154078,Classic,20.0,0,10,1,180.0,2026-10-04 17:00:00+00:00,Sun 1:00PM
196199866,NFL $20 100-Player,154078,Classic,20.0,0,100,1,1800.0,2026-10-04 17:00:00+00:00,Sun 1:00PM
196171089,NFL $20 40-Player,154078,Classic,20.0,0,40,1,720.0,2026-10-04 17:00:00+00:00,Sun 1:00PM
196171084,NFL $20 20-Player,154078,Classic,20.0,0,20,1,360.0,2026-10-04 17:00:00+00:00,Sun 1:00PM
196171085,NFL $20 20-Player,154078,Classic,20.0,0,20,1,360.0,2026-10-04 17:00:00+00:00,Sun 1:00PM
196171004,NFL $20 10-Player,154078,Classic,20.0,0,10,1,180.0,2026-10-04 17:00:00+00:00,Sun 1:00PM
196195087,NFL $20 10-Player,154078,Classic,20.0,0,10,1,180.0,2026-10-04 17:00:00+00:00,Sun 1:00PM
196170948,NFL $20 5-Player,154078,Classic,20.0,0,5,1,90.0,2026-10-04 17:00:00+00:00,Sun 1:00PM
196170949,NFL $20 5-Player,154078,Classic,20.0,0,5,1,90.0,2026-10-04 17:00:00+00:00,Sun 1:00PM
196170950,NFL $20 5-Player,154078,Classic,20.0,0,5,1,90.0,2026-10-04 17:00:00+00:00,Sun 1:00PM
196183686,NFL $20 3-Player,154078,Classic,20.0,0,3,1,54.0,2026-10-04 17:00:00+00:00,Sun 1:00PM
196183687,NFL $20 3-Player,154078,Classic,20.0,0,3,1,54.0,2026-10-04 17:00:00+00:00,Sun 1:00PM
196183688,NFL $20 3-Player,154078,Classic,20.0,0,3,1,54.0,2026-10-04 17:00:00+00:00,Sun 1:00PM
196171136,NFL $10 50-50,154078,Classic,10.0,0,50,1,450.0,2026-10-04 17:00:00+00:00,Sun 1:00PM
196171013,NFL $10 50-50,154078,Classic,10.0,0,20,1,180.0,2026-10-04 17:00:00+00:00,Sun 1:00PM
196171014,NFL $10 50-50,154078,Classic,10.0,0,20,1,180.0,2026-10-04 17:00:00+00:00,Sun 1:00PM
196170991,NFL $10 50-50,154078,Classic,10.0,0,10,1,90.0,2026-10-04 17:00:00+00:00,Sun 1:00PM
196198198,NFL $10 50-50,154078,Classic,10.0,0,10,1,90.0,2026-10-04 17:00:00+00:00,Sun 1:00PM
196171196,NFL $10 Double Up,154078,Classic,10.0,0,11,1,100.0,2026-10-04 17:00:00+00:00,Sun 1:00PM
196171197,NFL $10 Double Up,154078,Classic,10.0,0,11,1,100.0,2026-10-04 17:00:00+00:00,Sun 1:00PM
196171211,NFL $10 100-Player,154078,Classic,10.0,0,100,1,900.0,2026-10-04 17:00:00+00:00,Sun 1:00PM
196171088,NFL $10 40-Player,154078,Classic,10.0,0,40,1,360.0,2026-10-04 17:00:00+00:00,Sun 1:00PM
196170999,NFL $10 20-Player,154078,Classic,10.0,0,20,1,180.0,2026-10-04 17:00:00+00:00,Sun 1:00PM
196171000,NFL $10 20-Player,154078,Classic,10.0,0,20,1,180.0,2026-10-04 17:00:00+00:00,Sun 1:00PM
196170962,NFL $10 10-Player,154078,Classic,10.0,0,10,1,90.0,2026-10-04 17:00:00+00:00,Sun 1:00PM
196170963,NFL $10 10-Player,154078,Classic,10.0,0,10,1,90.0,2026-10-04 17:00:00+00:00,Sun 1:00PM
196170945,NFL $10 5-Player,154078,Classic,10.0,0,5,1,45.0,2026-10-04 17:00:00+00:00,Sun 1:00PM
196170946,NFL $10 5-Player,154078,Classic,10.0,0,5,1,45.0,2026-10-04 17:00:00+00:00,Sun 1:00PM
196170947,NFL $10 5-Player,154078,Classic,10.0,0,5,1,45.0,2026-10-04 17:00:00+00:00,Sun 1:00PM
196183683,NFL $10 3-Player,154078,Classic,10.0,0,3,1,27.0,2026-10-04 17:00:00+00:00,Sun 1:00PM
196183684,NFL $10 3-Player,154078,Classic,10.0,0,3,1,27.0,2026-10-04 17:00:00+00:00,Sun 1:00PM
196183685,NFL $10 3-Player,154078,Classic,10.0,0,3,1,27.0,2026-10-04 17:00:00+00:00,Sun 1:00PM
196194569,NFL $5 50-50,154078,Classic,5.0,0,100,1,450.0,2026-10-04 17:00:00+00:00,Sun 1:00PM
196171135,NFL $5 50-50,154078,Classic,5.0,0,50,1,225.0,2026-10-04 17:00:00+00:00,Sun 1:00PM
196171010,NFL $5 50-50,154078,Classic,5.0,0,20,1,90.0,2026-10-04 17:00:00+00:00,Sun 1:00PM
196171011,NFL $5 50-50,154078,Classic,5.0,0,20,1,90.0,2026-10-04 17:00:00+00:00,Sun 1:00PM
196171012,NFL $5 50-50,154078,Classic,5.0,0,20,1,90.0,2026-10-04 17:00:00+00:00,Sun 1:00PM
196170952,NFL $5 50-50,154078,Classic,5.0,0,10,1,45.0,2026-10-04 17:00:00+00:00,Sun 1:00PM
196170953,NFL $5 50-50,154078,Classic,5.0,0,10,1,45.0,2026-10-04 17:00:00+00:00,Sun 1:00PM
196180162,NFL $5 50-50,154078,Classic,5.0,0,10,1,45.0,2026-10-04 17:00:00+00:00,Sun 1:00PM
196171203,NFL $5 Double Up,154078,Classic,5.0,0,11,1,50.0,2026-10-04 17:00:00+00:00,Sun 1:00PM
196179623,NFL $5 Double Up,154078,Classic,5.0,0,11,1,50.0,2026-10-04 17:00:00+00:00,Sun 1:00PM
196171210,NFL $5 100-Player,154078,Classic,5.0,0,100,1,450.0,2026-10-04 17:00:00+00:00,Sun 1:00PM
196171087,NFL $5 40-Player,154078,Classic,5.0,0,40,1,180.0,2026-10-04 17:00:00+00:00,Sun 1:00PM
196171001,NFL $5 20-Player,154078,Classic,5.0,0,20,1,90.0,2026-10-04 17:00:00+00:00,Sun 1:00PM
196171002,NFL $5 20-Player,154078,Classic,5.0,0,20,1,90.0,2026-10-04 17:00:00+00:00,Sun 1:00PM
196170936,NFL $5 10-Player,154078,Classic,5.0,0,10,1,45.0,2026-10-04 17:00:00+00:00,Sun 1:00PM
196170937,NFL $5 10-Player,154078,Classic,5.0,0,10,1,45.0,2026-10-04 17:00:00+00:00,Sun 1:00PM
196198224,NFL $5 10-Player,154078,Classic,5.0,0,10,1,45.0,2026-10-04 17:00:00+00:00,Sun 1:00PM
196170942,NFL $5 5-Player,154078,Classic,5.0,0,5,1,22.5,2026-10-04 17:00:00+00:00,Sun 1:00PM
196170944,NFL $5 5-Player,154078,Classic,5.0,0,5,1,22.5,2026-10-04 17:00:00+00:00,Sun 1:00PM
196188279,NFL $5 5-Player,154078,Classic,5.0,0,5,1,22.5,2026-10-04 17:00:00+00:00,Sun 1:00PM
196183680,NFL $5 3-Player,154078,Classic,5.0,0,3,1,13.5,2026-10-04 17:00:00+00:00,Sun 1:00PM
196183682,NFL $5 3-Player,154078,Classic,5.0,0,3,1,13.5,2026-10-04 17:00:00+00:00,Sun 1:00PM
196200072,NFL $5 3-Player,154078,Classic,5.0,0,3,1,13.5,2026-10-04 17:00:00+00:00,Sun 1:00PM
196183674,NFL $5 3-Player,154078,Classic,5.0,0,3,1,13.5,2026-10-04 17:00:00+00:00,Sun 1:00PM
196183675,NFL $5 3-Player,154078,Classic,5.0,0,3,1,13.5,2026-10-04 17:00:00+00:00,Sun 1:00PM
196183676,NFL $5 3-Player,154078,Classic,5.0,0,3,1,13.5,2026-10-04 17:00:00+00:00,Sun 1:00PM
196198595,NFL $3 Double Up,154078,Classic,3.0,0,11,1,30.0,2026-10-04 17:00:00+00:00,Sun 1:00PM
196198596,NFL $3 Double Up,154078,Classic,3.0,0,11,1,30.0,2026-10-04 17:00:00+00:00,Sun 1:00PM
196198591,NFL $2 50-50,154078,Classic,2.0,0,100,1,180.0,2026-10-04 17:00:00+00:00,Sun 1:00PM
196198594,NFL $2 50-50,154078,Classic,2.0,0,50,1,90.0,2026-10-04 17:00:00+00:00,Sun 1:00PM
196198592,NFL $2 50-50,154078,Classic,2.0,0,20,1,36.0,2026-10-04 17:00:00+00:00,Sun 1:00PM
196198580,NFL $2 50-50,154078,Classic,2.0,0,20,1,36.0,2026-10-04 17:00:00+00:00,Sun 1:00PM
196198581,NFL $2 50-50,154078,Classic,2.0,0,20,1,36.0,2026-10-04 17:00:00+00:00,Sun 1:00PM
196198582,NFL $2 50-50,154078,Classic,2.0,0,20,1,36.0,2026-10-04 17:00:00+00:00,Sun 1:00PM
196198611,NFL $2 50-50,154078,Classic,2.0,0,10,1,18.0,2026-10-04 17:00:00+00:00,Sun 1:00PM
196198612,NFL $2 50-50,154078,Classic,2.0,0,10,1,18.0,2026-10-04 17:00:00+00:00,Sun 1:00PM
196198613,NFL $2 50-50,154078,Classic,2.0,0,10,1,18.0,2026-10-04 17:00:00+00:00,Sun 1:00PM
196198598,NFL $2 100-Player,154078,Classic,2.0,0,100,1,180.0,2026-10-04 17:00:00+00:00,Sun 1:00PM
196198588,NFL $2 40-Player,154078,Classic,2.0,0,40,1,72.0,2026-10-04 17:00:00+00:00,Sun 1:00PM
196198589,NFL $2 40-Player,154078,Classic,2.0,0,40,1,72.0,2026-10-04 17:00:00+00:00,Sun 1:00PM
196198583,NFL $2 20-Player,154078,Classic,2.0,0,20,1,36.0,2026-10-04 17:00:00+00:00,Sun 1:00PM
196198584,NFL $2 20-Player,154078,Classic,2.0,0,20,1,36.0,2026-10-04 17:00:00+00:00,Sun 1:00PM
196198585,NFL $2 20-Player,154078,Classic,2.0,0,20,1,36.0,2026-10-04 17:00:00+00:00,Sun 1:00PM
196198602,NFL $2 10-Player,154078,Classic,2.0,0,10,1,18.0,2026-10-04 17:00:00+00:00,Sun 1:00PM
196198603,NFL $2 10-Player,154078,Classic,2.0,0,10,1,18.0,2026-10-04 17:00:00+00:00,Sun 1:00PM
196198604,NFL $2 10-Player,154078,Classic,2.0,0,10,1,18.0,2026-10-04 17:00:00+00:00,Sun 1:00PM
196198632,NFL $2 5-Player,154078,Classic,2.0,0,5,1,9.0,2026-10-04 17:00:00+00:00,Sun 1:00PM
196198633,NFL $2 5-Player,154078,Classic,2.0,0,5,1,9.0,2026-10-04 17:00:00+00:00,Sun 1:00PM
196198634,NFL $2 5-Player,154078,Classic,2.0,0,5,1,9.0,2026-10-04 17:00:00+00:00,Sun 1:00PM
196198641,NFL $2 3-Player,154078,Classic,2.0,0,3,1,5.4,2026-10-04 17:00:00+00:00,Sun 1:00PM
196198642,NFL $2 3-Player,154078,Classic,2.0,0,3,1,5.4,2026-10-04 17:00:00+00:00,Sun 1:00PM
196198643,NFL $2 3-Player,154078,Classic,2.0,0,3,1,5.4,2026-10-04 17:00:00+00:00,Sun 1:00PM
196200382,NFL $1 50-50,154078,Classic,1.0,0,100,1,90.0,2026-10-04 17:00:00+00:00,Sun 1:00PM
196198593,NFL $1 50-50,154078,Classic,1.0,0,50,1,45.0,2026-10-04 17:00:00+00:00,Sun 1:00PM
196198605,NFL $1 50-50,154078,Classic,1.0,0,20,1,18.0,2026-10-04 17:00:00+00:00,Sun 1:00PM
196198606,NFL $1 50-50,154078,Classic,1.0,0,20,1,18.0,2026-10-04 17:00:00+00:00,Sun 1:00PM
196198607,NFL $1 50-50,154078,Classic,1.0,0,20,1,18.0,2026-10-04 17:00:00+00:00,Sun 1:00PM
196198648,NFL $1 50-50,154078,Classic,1.0,0,10,1,9.0,2026-10-04 17:00:00+00:00,Sun 1:00PM
196198649,NFL $1 50-50,154078,Classic,1.0,0,10,1,9.0,2026-10-04 17:00:00+00:00,Sun 1:00PM
196198650,NFL $1 50-50,154078,Classic,1.0,0,10,1,9.0,2026-10-04 17:00:00+00:00,Sun 1:00PM
196198651,NFL $1 Double Up,154078,Classic,1.0,0,11,1,10.0,2026-10-04 17:00:00+00:00,Sun 1:00PM
196198652,NFL $1 Double Up,154078,Classic,1.0,0,11,1,10.0,2026-10-04 17:00:00+00:00,Sun 1:00PM
196198597,NFL $1 100-Player,154078,Classic,1.0,0,100,1,90.0,2026-10-04 17:00:00+00:00,Sun 1:00PM
196198586,NFL $1 40-Player,154078,Classic,1.0,0,40,1,36.0,2026-10-04 17:00:00+00:00,Sun 1:00PM
196198587,NFL $1 40-Player,154078,Classic,1.0,0,40,1,36.0,2026-10-04 17:00:00+00:00,Sun 1:00PM
196198608,NFL $1 20-Player,154078,Classic,1.0,0,20,1,18.0,2026-10-04 17:00:00+00:00,Sun 1:00PM
196198609,NFL $1 20-Player,154078,Classic,1.0,0,20,1,18.0,2026-10-04 17:00:00+00:00,Sun 1:00PM
196198610,NFL $1 20-Player,154078,Classic,1.0,0,20,1,18.0,2026-10-04 17:00:00+00:00,Sun 1:00PM
196198644,NFL $1 10-Player,154078,Classic,1.0,0,10,1,9.0,2026-10-04 17:00:00+00:00,Sun 1:00PM
196198645,NFL $1 10-Player,154078,Classic,1.0,0,10,1,9.0,2026-10-04 17:00:00+00:00,Sun 1:00PM
196198646,NFL $1 10-Player,154078,Classic,1.0,0,10,1,9.0,2026-10-04 17:00:00+00:00,Sun 1:00PM
196198635,NFL $1 5-Player,154078,Classic,1.0,0,5,1,4.5,2026-10-04 17:00:00+00:00,Sun 1:00PM
196198636,NFL $1 5-Player,154078,Classic,1.0,0,5,1,4.5,2026-10-04 17:00:00+00:00,Sun 1:00PM
196198637,NFL $1 5-Player,154078,Classic,1.0,0,5,1,4.5,2026-10-04 17:00:00+00:00,Sun 1:00PM
196198638,NFL $1 3-Player,154078,Classic,1.0,0,3,1,2.7,2026-10-04 17:00:00+00:00,Sun 1:00PM
196198639,NFL $1 3-Player,154078,Classic,1.0,0,3,1,2.7,2026-10-04 17:00:00+00:00,Sun 1:00PM
196198640,NFL $1 3-Player,154078,Classic,1.0,0,3,1,2.7,2026-10-04 17:00:00+00:00,Sun 1:00PM
196172009,NFL Single Stat $1 50-50 (Touchdowns),154114,Single Stat - Touchdowns,1.0,1,10,1,9.0,2026-10-04 17:00:00+00:00,Sun 1:00PM
196197539,NFL Single Stat $1 50-50 (Touchdowns),154114,Single Stat - Touchdowns,1.0,1,10,1,9.0,2026-10-04 17:00:00+00:00,Sun 1:00PM
196172012,NFL Single Stat $1 20-Player (Touchdowns),154114,Single Stat - Touchdowns,1.0,1,20,1,18.0,2026-10-04 17:00:00+00:00,Sun 1:00PM
196172057,NFL Single Stat Satellite to $20 NFL Fantasy Football Millionaire [Must Fill] (Touchdowns),154114,Single Stat - Touchdowns,7.4,0,3,1,20.0,2026-10-04 17:00:00+00:00,Sun 1:00PM
196171960,Beginner NFL Single Stat $50 50-50 (Touchdowns),154114,Single Stat - Touchdowns,50.0,0,4,1,180.0,2026-10-04 17:00:00+00:00,Sun 1:00PM
196171965,Beginner NFL Single Stat $50 3-Player (Touchdowns),154114,Single Stat - Touchdowns,50.0,0,3,1,135.0,2026-10-04 17:00:00+00:00,Sun 1:00PM
196171961,Beginner NFL Single Stat $20 50-50 (Touchdowns),154114,Single Stat - Touchdowns,20.0,0,4,1,72.0,2026-10-04 17:00:00+00:00,Sun 1:00PM
196171966,Beginner NFL Single Stat $20 3-Player (Touchdowns),154114,Single Stat - Touchdowns,20.0,0,3,1,54.0,2026-10-04 17:00:00+00:00,Sun 1:00PM
196171962,Beginner NFL Single Stat $10 50-50 (Touchdowns),154114,Single Stat - Touchdowns,10.0,0,4,1,36.0,2026-10-04 17:00:00+00:00,Sun 1:00PM
196171967,Beginner NFL Single Stat $10 3-Player (Touchdowns),154114,Single Stat - Touchdowns,10.0,0,3,1,27.0,2026-10-04 17:00:00+00:00,Sun 1:00PM
196171963,Beginner NFL Single Stat $5 50-50 (Touchdowns),154114,Single Stat - Touchdowns,5.0,0,4,1,18.0,2026-10-04 17:00:00+00:00,Sun 1:00PM
196171968,Beginner NFL Single Stat $5 3-Player (Touchdowns),154114,Single Stat - Touchdowns,5.0,0,3,1,13.5,2026-10-04 17:00:00+00:00,Sun 1:00PM
196171964,Beginner NFL Single Stat $3 50-50 (Touchdowns),154114,Single Stat - Touchdowns,3.0,0,4,1,10.8,2026-10-04 17:00:00+00:00,Sun 1:00PM
196171969,Beginner NFL Single Stat $2 3-Player (Touchdowns),154114,Single Stat - Touchdowns,2.0,0,3,1,5.4,2026-10-04 17:00:00+00:00,Sun 1:00PM
196172050,Beginner NFL Single Stat $1 50-50 (Touchdowns),154114,Single Stat - Touchdowns,1.0,0,4,1,3.6,2026-10-04 17:00:00+00:00,Sun 1:00PM
196171970,Beginner NFL Single Stat $1 3-Player (Touchdowns),154114,Single Stat - Touchdowns,1.0,0,3,1,2.7,2026-10-04 17:00:00+00:00,Sun 1:00PM
196171971,"NFL Single Stat $10,600 3-Player (Touchdowns)",154114,Single Stat - Touchdowns,10600.0,0,3,1,30000.0,2026-10-04 17:00:00+00:00,Sun 1:00PM
196171972,"NFL Single Stat $10,600 3-Player (Touchdowns)",154114,Single Stat - Touchdowns,10600.0,0,3,1,30000.0,2026-10-04 17:00:00+00:00,Sun 1:00PM
196171975,"NFL Single Stat $5,300 50-50 (Touchdowns)",154114,Single Stat - Touchdowns,5300.0,0,4,1,20000.0,2026-10-04 17:00:00+00:00,Sun 1:00PM
196171976,"NFL Single Stat $5,300 50-50 (Touchdowns)",154114,Single Stat - Touchdowns,5300.0,0,4,1,20000.0,2026-10-04 17:00:00+00:00,Sun 1:00PM
196171973,"NFL Single Stat $5,300 3-Player (Touchdowns)",154114,Single Stat - Touchdowns,5300.0,0,3,1,15000.0,2026-10-04 17:00:00+00:00,Sun 1:00PM
196171974,"NFL Single Stat $5,300 3-Player (Touchdowns)",154114,Single Stat - Touchdowns,5300.0,0,3,1,15000.0,2026-10-04 17:00:00+00:00,Sun 1:00PM
196171977,"NFL Single Stat $1,060 50-50 (Touchdowns)",154114,Single Stat - Touchdowns,1060.0,0,4,1,4000.0,2026-10-04 17:00:00+00:00,Sun 1:00PM
196171978,"NFL Single Stat $1,060 50-50 (Touchdowns)",154114,Single Stat - Touchdowns,1060.0,0,4,1,4000.0,2026-10-04 17:00:00+00:00,Sun 1:00PM
196171979,"NFL Single Stat $1,060 3-Player (Touchdowns)",154114,Single Stat - Touchdowns,1060.0,0,3,1,3000.0,2026-10-04 17:00:00+00:00,Sun 1:00PM
196171980,"NFL Single Stat $1,060 3-Player (Touchdowns)",154114,Single Stat - Touchdowns,1060.0,0,3,1,3000.0,2026-10-04 17:00:00+00:00,Sun 1:00PM
196171981,NFL Single Stat $530 50-50 (Touchdowns),154114,Single Stat - Touchdowns,530.0,0,4,1,2000.0,2026-10-04 17:00:00+00:00,Sun 1:00PM
196171982,NFL Single Stat $530 50-50 (Touchdowns),154114,Single Stat - Touchdowns,530.0,0,4,1,2000.0,2026-10-04 17:00:00+00:00,Sun 1:00PM
196171983,NFL Single Stat $530 3-Player (Touchdowns),154114,Single Stat - Touchdowns,530.0,0,3,1,1500.0,2026-10-04 17:00:00+00:00,Sun 1:00PM
196171984,NFL Single Stat $530 3-Player (Touchdowns),154114,Single Stat - Touchdowns,530.0,0,3,1,1500.0,2026-10-04 17:00:00+00:00,Sun 1:00PM
196172044,NFL Single Stat $270 50-50 (Touchdowns),154114,Single Stat - Touchdowns,270.0,0,4,1,1000.0,2026-10-04 17:00:00+00:00,Sun 1:00PM
196172045,NFL Single Stat $270 50-50 (Touchdowns),154114,Single Stat - Touchdowns,270.0,0,4,1,1000.0,2026-10-04 17:00:00+00:00,Sun 1:00PM
196171989,NFL Single Stat $270 3-Player (Touchdowns),154114,Single Stat - Touchdowns,270.0,0,3,1,750.0,2026-10-04 17:00:00+00:00,Sun 1:00PM
196171990,NFL Single Stat $270 3-Player (Touchdowns),154114,Single Stat - Touchdowns,270.0,0,3,1,750.0,2026-10-04 17:00:00+00:00,Sun 1:00PM
196171992,NFL Single Stat $109 50-50 (Touchdowns),154114,Single Stat - Touchdowns,109.0,0,4,1,400.0,2026-10-04 17:00:00+00:00,Sun 1:00PM
196171993,NFL Single Stat $109 50-50 (Touchdowns),154114,Single Stat - Touchdowns,109.0,0,4,1,400.0,2026-10-04 17:00:00+00:00,Sun 1:00PM
196171996,NFL Single Stat $109 3-Player (Touchdowns),154114,Single Stat - Touchdowns,109.0,0,3,1,300.0,2026-10-04 17:00:00+00:00,Sun 1:00PM
196171997,NFL Single Stat $109 3-Player (Touchdowns),154114,Single Stat - Touchdowns,109.0,0,3,1,300.0,2026-10-04 17:00:00+00:00,Sun 1:00PM
196171998,NFL Single Stat $109 3-Player (Touchdowns),154114,Single Stat - Touchdowns,109.0,0,3,1,300.0,2026-10-04 17:00:00+00:00,Sun 1:00PM
196172005,NFL Single Stat $50 50-50 (Touchdowns),154114,Single Stat - Touchdowns,50.0,0,8,1,360.0,2026-10-04 17:00:00+00:00,Sun 1:00PM
196172002,NFL Single Stat $50 50-50 (Touchdowns),154114,Single Stat - Touchdowns,50.0,0,4,1,180.0,2026-10-04 17:00:00+00:00,Sun 1:00PM
196172037,NFL Single Stat $50 Double Up (Touchdowns),154114,Single Stat - Touchdowns,50.0,0,22,1,1000.0,2026-10-04 17:00:00+00:00,Sun 1:00PM
196172036,NFL Single Stat $50 Double Up (Touchdowns),154114,Single Stat - Touchdowns,50.0,0,11,1,500.0,2026-10-04 17:00:00+00:00,Sun 1:00PM
196172011,NFL Single Stat $50 3-Player (Touchdowns),154114,Single Stat - Touchdowns,50.0,0,3,1,135.0,2026-10-04 17:00:00+00:00,Sun 1:00PM
196172034,NFL Single Stat $25 Double Up (Touchdowns),154114,Single Stat - Touchdowns,25.0,0,22,1,500.0,2026-10-04 17:00:00+00:00,Sun 1:00PM
196172033,NFL Single Stat $25 Double Up (Touchdowns),154114,Single Stat - Touchdowns,25.0,0,11,1,250.0,2026-10-04 17:00:00+00:00,Sun 1:00PM
196172022,NFL Single Stat $20 50-50 (Touchdowns),154114,Single Stat - Touchdowns,20.0,0,10,1,180.0,2026-10-04 17:00:00+00:00,Sun 1:00PM
196172018,NFL Single Stat $20 50-50 (Touchdowns),154114,Single Stat - Touchdowns,20.0,0,4,1,72.0,2026-10-04 17:00:00+00:00,Sun 1:00PM
196172023,NFL Single Stat $20 5-Player (Touchdowns),154114,Single Stat - Touchdowns,20.0,0,5,1,90.0,2026-10-04 17:00:00+00:00,Sun 1:00PM
196172024,NFL Single Stat $20 3-Player (Touchdowns),154114,Single Stat - Touchdowns,20.0,0,3,1,54.0,2026-10-04 17:00:00+00:00,Sun 1:00PM
196172025,NFL Single Stat $20 3-Player (Touchdowns),154114,Single Stat - Touchdowns,20.0,0,3,1,54.0,2026-10-04 17:00:00+00:00,Sun 1:00PM
196172027,NFL Single Stat $10 50-50 (Touchdowns),154114,Single Stat - Touchdowns,10.0,0,10,1,90.0,2026-10-04 17:00:00+00:00,Sun 1:00PM
196172026,NFL Single Stat $10 50-50 (Touchdowns),154114,Single Stat - Touchdowns,10.0,0,4,1,36.0,2026-10-04 17:00:00+00:00,Sun 1:00PM
196172031,NFL Single Stat $10 Double Up (Touchdowns),154114,Single Stat - Touchdowns,10.0,0,11,1,100.0,2026-10-04 17:00:00+00:00,Sun 1:00PM
196172032,NFL Single Stat $10 Double Up (Touchdowns),154114,Single Stat - Touchdowns,10.0,0,11,1,100.0,2026-10-04 17:00:00+00:00,Sun 1:00PM
196172028,NFL Single Stat $10 5-Player (Touchdowns),154114,Single Stat - Touchdowns,10.0,0,5,1,45.0,2026-10-04 17:00:00+00:00,Sun 1:00PM
196172029,NFL Single Stat $10 3-Player (Touchdowns),154114,Single Stat - Touchdowns,10.0,0,3,1,27.0,2026-10-04 17:00:00+00:00,Sun 1:00PM
196172030,NFL Single Stat $10 3-Player (Touchdowns),154114,Single Stat - Touchdowns,10.0,0,3,1,27.0,2026-10-04 17:00:00+00:00,Sun 1:00PM
196171985,NFL Single Stat $5 50-50 (Touchdowns),154114,Single Stat - Touchdowns,5.0,0,10,1,45.0,2026-10-04 17:00:00+00:00,Sun 1:00PM
196171986,NFL Single Stat $5 50-50 (Touchdowns),154114,Single Stat - Touchdowns,5.0,0,4,1,18.0,2026-10-04 17:00:00+00:00,Sun 1:00PM
196171987,NFL Single Stat $5 50-50 (Touchdowns),154114,Single Stat - Touchdowns,5.0,0,4,1,18.0,2026-10-04 17:00:00+00:00,Sun 1:00PM
196172038,NFL Single Stat $5 Double Up (Touchdowns),154114,Single Stat - Touchdowns,5.0,0,11,1,50.0,2026-10-04 17:00:00+00:00,Sun 1:00PM
196172039,NFL Single Stat $5 Double Up (Touchdowns),154114,Single Stat - Touchdowns,5.0,0,11,1,50.0,2026-10-04 17:00:00+00:00,Sun 1:00PM
196171988,NFL Single Stat $5 20-Player (Touchdowns),154114,Single Stat - Touchdowns,5.0,0,20,1,90.0,2026-10-04 17:00:00+00:00,Sun 1:00PM
196171991,NFL Single Stat $5 10-Player (Touchdowns),154114,Single Stat - Touchdowns,5.0,0,10,1,45.0,2026-10-04 17:00:00+00:00,Sun 1:00PM
196172046,NFL Single Stat $5 5-Player (Touchdowns),154114,Single Stat - Touchdowns,5.0,0,5,1,22.5,2026-10-04 17:00:00+00:00,Sun 1:00PM
196172047,NFL Single Stat $5 5-Player (Touchdowns),154114,Single Stat - Touchdowns,5.0,0,5,1,22.5,2026-10-04 17:00:00+00:00,Sun 1:00PM
196172048,NFL Single Stat $5 3-Player (Touchdowns),154114,Single Stat - Touchdowns,5.0,0,3,1,13.5,2026-10-04 17:00:00+00:00,Sun 1:00PM
196172049,NFL Single Stat $5 3-Player (Touchdowns),154114,Single Stat - Touchdowns,5.0,0,3,1,13.5,2026-10-04 17:00:00+00:00,Sun 1:00PM
196172040,NFL Single Stat $3 Double Up (Touchdowns),154114,Single Stat - Touchdowns,3.0,0,11,1,30.0,2026-10-04 17:00:00+00:00,Sun 1:00PM
196172041,NFL Single Stat $3 Double Up (Touchdowns),154114,Single Stat - Touchdowns,3.0,0,11,1,30.0,2026-10-04 17:00:00+00:00,Sun 1:00PM
196171994,NFL Single Stat $2 50-50 (Touchdowns),154114,Single Stat - Touchdowns,2.0,0,20,1,36.0,2026-10-04 17:00:00+00:00,Sun 1:00PM
196171995,NFL Single Stat $2 50-50 (Touchdowns),154114,Single Stat - Touchdowns,2.0,0,10,1,18.0,2026-10-04 17:00:00+00:00,Sun 1:00PM
196171999,NFL Single Stat $2 20-Player (Touchdowns),154114,Single Stat - Touchdowns,2.0,0,20,1,36.0,2026-10-04 17:00:00+00:00,Sun 1:00PM
196172000,NFL Single Stat $2 10-Player (Touchdowns),154114,Single Stat - Touchdowns,2.0,0,10,1,18.0,2026-10-04 17:00:00+00:00,Sun 1:00PM
196172001,NFL Single Stat $2 10-Player (Touchdowns),154114,Single Stat - Touchdowns,2.0,0,10,1,18.0,2026-10-04 17:00:00+00:00,Sun 1:00PM
196172003,NFL Single Stat $2 5-Player (Touchdowns),154114,Single Stat - Touchdowns,2.0,0,5,1,9.0,2026-10-04 17:00:00+00:00,Sun 1:00PM
196172004,NFL Single Stat $2 5-Player (Touchdowns),154114,Single Stat - Touchdowns,2.0,0,5,1,9.0,2026-10-04 17:00:00+00:00,Sun 1:00PM
196172006,NFL Single Stat $2 3-Player (Touchdowns),154114,Single Stat - Touchdowns,2.0,0,3,1,5.4,2026-10-04 17:00:00+00:00,Sun 1:00PM
196172007,NFL Single Stat $2 3-Player (Touchdowns),154114,Single Stat - Touchdowns,2.0,0,3,1,5.4,2026-10-04 17:00:00+00:00,Sun 1:00PM
196172008,NFL Single Stat $1 50-50 (Touchdowns),154114,Single Stat - Touchdowns,1.0,0,20,1,18.0,2026-10-04 17:00:00+00:00,Sun 1:00PM
196172010,NFL Single Stat $1 50-50 (Touchdowns),154114,Single Stat - Touchdowns,1.0,0,10,1,9.0,2026-10-04 17:00:00+00:00,Sun 1:00PM
196197994,NFL Single Stat $1 50-50 (Touchdowns),154114,Single Stat - Touchdowns,1.0,0,10,1,9.0,2026-10-04 17:00:00+00:00,Sun 1:00PM
196172042,NFL Single Stat $1 Double Up (Touchdowns),154114,Single Stat - Touchdowns,1.0,0,11,1,10.0,2026-10-04 17:00:00+00:00,Sun 1:00PM
196172043,NFL Single Stat $1 Double Up (Touchdowns),154114,Single Stat - Touchdowns,1.0,0,11,1,10.0,2026-10-04 17:00:00+00:00,Sun 1:00PM
196181893,NFL Single Stat $1 20-Player (Touchdowns),154114,Single Stat - Touchdowns,1.0,0,20,1,18.0,2026-10-04 17:00:00+00:00,Sun 1:00PM
196172013,NFL Single Stat $1 10-Player (Touchdowns),154114,Single Stat - Touchdowns,1.0,0,10,1,9.0,2026-10-04 17:00:00+00:00,Sun 1:00PM
196172014,NFL Single Stat $1 10-Player (Touchdowns),154114,Single Stat - Touchdowns,1.0,0,10,1,9.0,2026-10-04 17:00:00+00:00,Sun 1:00PM
196172015,NFL Single Stat $1 5-Player (Touchdowns),154114,Single Stat - Touchdowns,1.0,0,5,1,4.5,2026-10-04 17:00:00+00:00,Sun 1:00PM
196172016,NFL Single Stat $1 5-Player (Touchdowns),154114,Single Stat - Touchdowns,1.0,0,5,1,4.5,2026-10-04 17:00:00+00:00,Sun 1:00PM
196172017,NFL Single Stat $1 5-Player (Touchdowns),154114,Single Stat - Touchdowns,1.0,0,5,1,4.5,2026-10-04 17:00:00+00:00,Sun 1:00PM
196172019,NFL Single Stat $1 3-Player (Touchdowns),154114,Single Stat - Touchdowns,1.0,0,3,1,2.7,2026-10-04 17:00:00+00:00,Sun 1:00PM
196172020,NFL Single Stat $1 3-Player (Touchdowns),154114,Single Stat - Touchdowns,1.0,0,3,1,2.7,2026-10-04 17:00:00+00:00,Sun 1:00PM
196172021,NFL Single Stat $1 3-Player (Touchdowns),154114,Single Stat - Touchdowns,1.0,0,3,1,2.7,2026-10-04 17:00:00+00:00,Sun 1:00PM
