contest_id,name,draft_group,game_type,entry_fee,entries,max_entries,max_per_user,prize_pool,starts_utc,starts_text
196285155,NFL Showdown $1.5M Monday Night Showdown [$500K to 1st] (ATL @ NO),154099,Showdown Captain Mode,20.0,62028,88235,150,1500000.0,2026-10-06 00:15:00+00:00,Mon 8:15PM
196285153,NFL Showdown $600K Wildcat [$150K to 1st] (ATL @ NO),154099,Showdown Captain Mode,333.0,1549,2002,60,600000.0,2026-10-06 00:15:00+00:00,Mon 8:15PM
196285157,NFL Showdown $300K Play-Action [20 Entry Max] (ATL @ NO),154099,Showdown Captain Mode,3.0,89216,118906,20,300000.0,2026-10-06 00:15:00+00:00,Mon 8:15PM
196403752,NFL $2.75M Fantasy Football Millionaire [$1M to 1st],154468,Classic,20.0,2980,161764,150,2750000.0,2026-10-11 17:00:00+00:00,Sun 1:00PM
196403754,NFL $2.5M MEGA Millionaire [$1M to 1st],154468,Classic,4444.0,7,634,19,2536000.0,2026-10-11 17:00:00+00:00,Sun 1:00PM
195745385,NFL $6M Midseason Main Event [$1.5M to 1st],153728,Classic,1500.0,46,4444,133,6000000.0,2026-11-01 18:00:00+00:00,Sun 1:00PM
196285175,"NFL Showdown $80K Huddle [$10K to 1st, Single Entry] (ATL @ NO)",154099,Showdown Captain Mode,5.0,9219,19024,1,80000.0,2026-10-06 00:15:00+00:00,Mon 8:15PM
196285176,NFL Showdown $20K Huddle [Single Entry] (ATL @ NO),154099,Showdown Captain Mode,5.0,4613,4756,1,20000.0,2026-10-06 00:15:00+00:00,Mon 8:15PM
196429982,NFL Showdown $12K Huddle [Single Entry] (ATL @ NO),154099,Showdown Captain Mode,5.0,381,2853,1,12000.0,2026-10-06 00:15:00+00:00,Mon 8:15PM
196285154,NFL Showdown $150K Bootleg [$50K to 1st] (ATL @ NO),154099,Showdown Captain Mode,33.0,4030,5300,150,150000.0,2026-10-06 00:15:00+00:00,Mon 8:15PM
196285138,NFL Showdown $402K Luxury Box [$100K to 1st] (ATL @ NO),154099,Showdown Captain Mode,3180.0,120,134,4,402000.0,2026-10-06 00:15:00+00:00,Mon 8:15PM
196285170,"NFL Showdown $100K Spy [$20K to 1st, Single Entry] (ATL @ NO)",154099,Showdown Captain Mode,100.0,862,1111,1,100000.0,2026-10-06 00:15:00+00:00,Mon 8:15PM
196285171,"NFL Showdown $40K Spy [$10K to 1st, Single Entry] (ATL @ NO)",154099,Showdown Captain Mode,100.0,435,444,1,40000.0,2026-10-06 00:15:00+00:00,Mon 8:15PM
196430203,NFL Showdown $15K Spy [Single Entry] (ATL @ NO),154099,Showdown Captain Mode,100.0,16,166,1,15000.0,2026-10-06 00:15:00+00:00,Mon 8:15PM
196285156,NFL Showdown $250K Flea Flicker [$50K to 1st] (ATL @ NO),154099,Showdown Captain Mode,5.0,56588,59453,150,250000.0,2026-10-06 00:15:00+00:00,Mon 8:15PM
196430182,NFL Showdown $30K Flea Flicker [$10K to 1st] (ATL @ NO),154099,Showdown Captain Mode,5.0,1797,7134,150,30000.0,2026-10-06 00:15:00+00:00,Mon 8:15PM
196285151,NFL Showdown $61K Luxury Box [$20K to 1st] (ATL @ NO),154099,Showdown Captain Mode,1500.0,28,43,1,61000.0,2026-10-06 00:15:00+00:00,Mon 8:15PM
196285187,NFL Showdown Single Entry $5 Double Up (ATL @ NO),154099,Showdown Captain Mode,5.0,789,1379,1,6000.0,2026-10-06 00:15:00+00:00,Mon 8:15PM
196285188,NFL Showdown Single Entry $5 Double Up (ATL @ NO),154099,Showdown Captain Mode,5.0,472,689,1,3000.0,2026-10-06 00:15:00+00:00,Mon 8:15PM
196428497,NFL Showdown Single Entry $5 Double Up (ATL @ NO),154099,Showdown Captain Mode,5.0,37,229,1,1000.0,2026-10-06 00:15:00+00:00,Mon 8:15PM
196285221,NFL Showdown Single Entry $5 Double Up (ATL @ NO),154099,Showdown Captain Mode,5.0,139,229,1,1000.0,2026-10-06 00:15:00+00:00,Mon 8:15PM
196285220,NFL Showdown Single Entry $5 Double Up (ATL @ NO),154099,Showdown Captain Mode,5.0,140,229,1,1000.0,2026-10-06 00:15:00+00:00,Mon 8:15PM
196285219,NFL Showdown Single Entry $5 Double Up (ATL @ NO),154099,Showdown Captain Mode,5.0,153,229,1,1000.0,2026-10-06 00:15:00+00:00,Mon 8:15PM
196285218,NFL Showdown Single Entry $5 Double Up (ATL @ NO),154099,Showdown Captain Mode,5.0,176,229,1,1000.0,2026-10-06 00:15:00+00:00,Mon 8:15PM
196285182,NFL Showdown Single Entry $25 Double Up (ATL @ NO),154099,Showdown Captain Mode,25.0,350,459,1,10000.0,2026-10-06 00:15:00+00:00,Mon 8:15PM
196285183,NFL Showdown Single Entry $25 Double Up (ATL @ NO),154099,Showdown Captain Mode,25.0,182,229,1,5000.0,2026-10-06 00:15:00+00:00,Mon 8:15PM
196423974,NFL Showdown Single Entry $25 Double Up (ATL @ NO),154099,Showdown Captain Mode,25.0,44,68,1,1500.0,2026-10-06 00:15:00+00:00,Mon 8:15PM
196285215,NFL Showdown Single Entry $25 Double Up (ATL @ NO),154099,Showdown Captain Mode,25.0,38,45,1,1000.0,2026-10-06 00:15:00+00:00,Mon 8:15PM
196285216,NFL Showdown Single Entry $25 Double Up (ATL @ NO),154099,Showdown Captain Mode,25.0,38,45,1,1000.0,2026-10-06 00:15:00+00:00,Mon 8:15PM
196285214,NFL Showdown Single Entry $25 Double Up (ATL @ NO),154099,Showdown Captain Mode,25.0,39,45,1,1000.0,2026-10-06 00:15:00+00:00,Mon 8:15PM
196285217,NFL Showdown Single Entry $25 Double Up (ATL @ NO),154099,Showdown Captain Mode,25.0,39,45,1,1000.0,2026-10-06 00:15:00+00:00,Mon 8:15PM
196430567,NFL Showdown Single Entry $25 Double Up (ATL @ NO),154099,Showdown Captain Mode,25.0,0,34,1,750.0,2026-10-06 00:15:00+00:00,Mon 8:15PM
196428839,NFL Showdown Single Entry $25 Double Up (ATL @ NO),154099,Showdown Captain Mode,25.0,8,34,1,750.0,2026-10-06 00:15:00+00:00,Mon 8:15PM
196403750,NFL $1.25M Wildcat [$250K to 1st],154468,Classic,333.0,47,4170,125,1250000.0,2026-10-11 17:00:00+00:00,Sun 1:00PM
196403753,NFL $700K Play-Action [20 Entry Max],154468,Classic,3.0,5331,277447,20,700000.0,2026-10-11 17:00:00+00:00,Sun 1:00PM
196285225,NFL $30K Flea Flicker [$10K to 1st] (Mon-Thu),154120,Classic,5.0,6484,7134,150,30000.0,2026-10-06 00:15:00+00:00,Mon 8:15PM
196430097,NFL $7K Flea Flicker [$2K to 1st] (Mon-Thu),154120,Classic,5.0,202,1664,49,7000.0,2026-10-06 00:15:00+00:00,Mon 8:15PM
196285236,NFL $5K Pylon [Single Entry] (Mon-Thu),154120,Classic,3.0,1377,1981,1,5000.0,2026-10-06 00:15:00+00:00,Mon 8:15PM
196285141,NFL Showdown $250 Double Up (ATL @ NO),154099,Showdown Captain Mode,250.0,46,71,2,16000.0,2026-10-06 00:15:00+00:00,Mon 8:15PM
196269491,$14M 2026 Fantasy Football World Championship Qualifier #72 (ATL @ NO),154099,Showdown Captain Mode,5085.0,14,16,1,70000.0,2026-10-06 00:15:00+00:00,Mon 8:15PM
196287854,$3M NFL King of the Desert Qualifier #36 (ATL @ NO),154099,Showdown Captain Mode,100.0,197,267,8,22700.0,2026-10-06 00:15:00+00:00,Mon 8:15PM
196269490,$14M 2026 Fantasy Football World Championship Qualifier #71 (ATL @ NO),154099,Showdown Captain Mode,490.0,195,200,6,83300.0,2026-10-06 00:15:00+00:00,Mon 8:15PM
196285159,NFL Showdown $70K First Down [20 Entry Max] (ATL @ NO),154099,Showdown Captain Mode,1.0,58101,83234,20,70000.0,2026-10-06 00:15:00+00:00,Mon 8:15PM
196285168,"NFL Showdown $40K Double Spy [$10K to 1st, Single Entry] (ATL @ NO)",154099,Showdown Captain Mode,200.0,149,222,1,40000.0,2026-10-06 00:15:00+00:00,Mon 8:15PM
196285169,NFL Showdown $10K Double Spy [Single Entry] (ATL @ NO),154099,Showdown Captain Mode,200.0,41,55,1,10000.0,2026-10-06 00:15:00+00:00,Mon 8:15PM
196285162,NFL Showdown $50K Power Sweep [5 Entry Max] (ATL @ NO),154099,Showdown Captain Mode,150.0,304,370,5,50000.0,2026-10-06 00:15:00+00:00,Mon 8:15PM
196285139,NFL Showdown $30K Red Zone [Single Entry] (ATL @ NO),154099,Showdown Captain Mode,50.0,431,681,1,30000.0,2026-10-06 00:15:00+00:00,Mon 8:15PM
196285172,NFL Showdown $20K Red Zone [Single Entry] (ATL @ NO),154099,Showdown Captain Mode,50.0,344,454,1,20000.0,2026-10-06 00:15:00+00:00,Mon 8:15PM
196285173,"NFL Showdown $35K Bubble Screen [$10K to 1st, Single Entry] (ATL @ NO)",154099,Showdown Captain Mode,15.0,2405,2745,1,35000.0,2026-10-06 00:15:00+00:00,Mon 8:15PM
196285174,"NFL Showdown $20K Bubble Screen [Single Entry, $5K to 1st] (ATL @ NO)",154099,Showdown Captain Mode,15.0,1534,1568,1,20000.0,2026-10-06 00:15:00+00:00,Mon 8:15PM
196429909,NFL Showdown $10K Bubble Screen [Single Entry] (ATL @ NO),154099,Showdown Captain Mode,15.0,150,784,1,10000.0,2026-10-06 00:15:00+00:00,Mon 8:15PM
196285137,NFL Showdown $100K mini-MAX [150 Entry Max] (ATL @ NO),154099,Showdown Captain Mode,0.5,233950,237812,150,100000.0,2026-10-06 00:15:00+00:00,Mon 8:15PM
196429904,NFL Showdown $20K mini-MAX [150 Max Entry] (ATL @ NO),154099,Showdown Captain Mode,0.5,9327,47562,150,20000.0,2026-10-06 00:15:00+00:00,Mon 8:15PM
196285177,NFL Showdown $15K Pylon [Single Entry] (ATL @ NO),154099,Showdown Captain Mode,3.0,3407,5945,1,15000.0,2026-10-06 00:15:00+00:00,Mon 8:15PM
196285164,NFL Showdown $20K Hard Count [5 Entry Max] (ATL @ NO),154099,Showdown Captain Mode,20.0,1032,1176,5,20000.0,2026-10-06 00:15:00+00:00,Mon 8:15PM
196430624,NFL Showdown $8K Hard Count [3 Entry Max] (ATL @ NO),154099,Showdown Captain Mode,20.0,13,470,3,8000.0,2026-10-06 00:15:00+00:00,Mon 8:15PM
196285165,NFL Showdown $15K Cover Four [5 Entry Max] (ATL @ NO),154099,Showdown Captain Mode,4.0,3480,4458,5,15000.0,2026-10-06 00:15:00+00:00,Mon 8:15PM
196285163,NFL Showdown $15K Goal Line [5 Entry Max] (ATL @ NO),154099,Showdown Captain Mode,75.0,193,227,5,15000.0,2026-10-06 00:15:00+00:00,Mon 8:15PM
196430742,NFL Showdown $10K Goal Line [3 Entry Max] (ATL @ NO),154099,Showdown Captain Mode,75.0,0,151,3,10000.0,2026-10-06 00:15:00+00:00,Mon 8:15PM
196285167,NFL Showdown $20K Checkdown Pass [Single Entry] (ATL @ NO),154099,Showdown Captain Mode,777.0,26,28,1,20000.0,2026-10-06 00:15:00+00:00,Mon 8:15PM
196420277,NFL Showdown $10K Chain-Mover [$2K to 1st] (ATL @ NO),154099,Showdown Captain Mode,10.0,595,1176,35,10000.0,2026-10-06 00:15:00+00:00,Mon 8:15PM
196428893,NFL Showdown $6.4K Four-Point Stance [Single Entry] (ATL @ NO),154099,Showdown Captain Mode,444.0,4,16,1,6400.0,2026-10-06 00:15:00+00:00,Mon 8:15PM
196286358,NFL Showdown $100K Heavy Hitter [Must Fill] (ATL @ NO),154099,Showdown Captain Mode,26200.0,2,4,1,100000.0,2026-10-06 00:15:00+00:00,Mon 8:15PM
196285140,NFL Showdown $10K Dimeback [Single Entry] (ATL @ NO),154099,Showdown Captain Mode,6.0,1558,1960,1,10000.0,2026-10-06 00:15:00+00:00,Mon 8:15PM
196286360,NFL Showdown $60K Nosebleed Section [Must Fill] (ATL @ NO),154099,Showdown Captain Mode,10600.0,1,6,1,60000.0,2026-10-06 00:15:00+00:00,Mon 8:15PM
196304952,"NFL Showdown SUPERSatellite to $4,444 NFL Fantasy Football MEGA Millionaire [3x] (ATL @ NO)",154099,Showdown Captain Mode,147.0,88,100,3,13332.0,2026-10-06 00:15:00+00:00,Mon 8:15PM
196287565,NFL Showdown SUPERSatellite to NFL $555 Fantasy Football Millionaire [10x] (ATL @ NO),154099,Showdown Captain Mode,63.0,59,100,3,5550.0,2026-10-06 00:15:00+00:00,Mon 8:15PM
196287686,"NFL Showdown Satellite to NFL 10-12 $4,444 Showdown MEGA Millionaire (ATL @ NO)",154099,Showdown Captain Mode,37.0,100,140,4,4444.0,2026-10-06 00:15:00+00:00,Mon 8:15PM
196287691,"NFL Showdown Satellite to NFL 10-12 $4,444 Showdown MEGA Millionaire (ATL @ NO)",154099,Showdown Captain Mode,448.0,9,11,1,4444.0,2026-10-06 00:15:00+00:00,Mon 8:15PM
196287690,"NFL Showdown Satellite to NFL 10-12 $4,444 Showdown MEGA Millionaire (ATL @ NO)",154099,Showdown Captain Mode,448.0,9,11,1,4444.0,2026-10-06 00:15:00+00:00,Mon 8:15PM
196285178,NFL Showdown $7.5K Daily Dollar [Single Entry] (ATL @ NO),154099,Showdown Captain Mode,1.0,5243,8917,1,7500.0,2026-10-06 00:15:00+00:00,Mon 8:15PM
196428803,NFL Showdown $20K Thunderdome [Must Fill] (ATL @ NO),154099,Showdown Captain Mode,5300.0,1,4,1,20000.0,2026-10-06 00:15:00+00:00,Mon 8:15PM
196285158,NFL Showdown $12K Safety [20 Entry Max] (ATL @ NO),154099,Showdown Captain Mode,2.0,7133,7134,20,12000.0,2026-10-06 00:15:00+00:00,Mon 8:15PM
196428542,NFL Showdown $5K Safety [20 Entry Max] (ATL @ NO),154099,Showdown Captain Mode,2.0,914,2972,20,5000.0,2026-10-06 00:15:00+00:00,Mon 8:15PM
196285160,NFL Showdown $10K Quarter Jukebox [Just $0.25!] (ATL @ NO),154099,Showdown Captain Mode,0.25,41149,47562,20,10000.0,2026-10-06 00:15:00+00:00,Mon 8:15PM
196430588,NFL Showdown $4K Quarter Jukebox [Just $0.25!] (ATL @ NO),154099,Showdown Captain Mode,0.25,570,19024,20,4000.0,2026-10-06 00:15:00+00:00,Mon 8:15PM
196285166,NFL Showdown $7.5K Singleback [5 Entry Max] (ATL @ NO),154099,Showdown Captain Mode,1.0,6838,8917,5,7500.0,2026-10-06 00:15:00+00:00,Mon 8:15PM
196285143,NFL Showdown $100 Double Up (ATL @ NO),154099,Showdown Captain Mode,100.0,42,68,2,6200.0,2026-10-06 00:15:00+00:00,Mon 8:15PM
196285184,NFL Showdown Single Entry $10 Double Up (ATL @ NO),154099,Showdown Captain Mode,10.0,419,574,1,5000.0,2026-10-06 00:15:00+00:00,Mon 8:15PM
196285185,NFL Showdown Single Entry $10 Double Up (ATL @ NO),154099,Showdown Captain Mode,10.0,272,344,1,3000.0,2026-10-06 00:15:00+00:00,Mon 8:15PM
196285181,NFL Showdown Single Entry $50 Double Up (ATL @ NO),154099,Showdown Captain Mode,50.0,80,113,1,5000.0,2026-10-06 00:15:00+00:00,Mon 8:15PM
196285145,NFL Showdown Single Entry $50 Double Up (ATL @ NO),154099,Showdown Captain Mode,50.0,31,45,1,2000.0,2026-10-06 00:15:00+00:00,Mon 8:15PM
196285190,NFL Showdown $2 Double Up (ATL @ NO),154099,Showdown Captain Mode,2.0,1636,2298,20,4000.0,2026-10-06 00:15:00+00:00,Mon 8:15PM
196285193,"NFL Showdown $1,060 50-50 [Top 50% Win] (ATL @ NO)",154099,Showdown Captain Mode,1060.0,10,12,1,12000.0,2026-10-06 00:15:00+00:00,Mon 8:15PM
196285179,NFL Showdown Single Entry $100 Double Up (ATL @ NO),154099,Showdown Captain Mode,100.0,66,88,1,8000.0,2026-10-06 00:15:00+00:00,Mon 8:15PM
196285180,NFL Showdown Single Entry $100 Double Up (ATL @ NO),154099,Showdown Captain Mode,100.0,35,44,1,4000.0,2026-10-06 00:15:00+00:00,Mon 8:15PM
196285198,NFL Showdown $530 50-50 [Top 50% Win] (ATL @ NO),154099,Showdown Captain Mode,530.0,12,16,1,8000.0,2026-10-06 00:15:00+00:00,Mon 8:15PM
196285186,NFL Showdown $5 Double Up (ATL @ NO),154099,Showdown Captain Mode,5.0,999,1379,41,6000.0,2026-10-06 00:15:00+00:00,Mon 8:15PM
196285144,NFL Showdown $50 Double Up (ATL @ NO),154099,Showdown Captain Mode,50.0,49,68,2,3000.0,2026-10-06 00:15:00+00:00,Mon 8:15PM
196285146,NFL Showdown $25 Double Up (ATL @ NO),154099,Showdown Captain Mode,25.0,61,101,3,2200.0,2026-10-06 00:15:00+00:00,Mon 8:15PM
196287682,"NFL Showdown $5,085 2026 FFWC Qualifier Satellite (ATL @ NO)",154099,Showdown Captain Mode,84.0,53,68,2,5085.0,2026-10-06 00:15:00+00:00,Mon 8:15PM
196287687,"NFL Showdown Satellite to NFL 10-12 $4,444 Showdown MEGA Millionaire (ATL @ NO)",154099,Showdown Captain Mode,70.0,50,72,2,4444.0,2026-10-06 00:15:00+00:00,Mon 8:15PM
196287537,"NFL Showdown Satellite to NFL $4,444 Fantasy Football MEGA Millionaire (ATL @ NO)",154099,Showdown Captain Mode,176.0,24,28,1,4444.0,2026-10-06 00:15:00+00:00,Mon 8:15PM
196304950,"NFL Showdown Satellite to NFL $4,444 Fantasy Football MEGA Millionaire (ATL @ NO)",154099,Showdown Captain Mode,176.0,23,28,1,4444.0,2026-10-06 00:15:00+00:00,Mon 8:15PM
196285243,NFL Single Stat $3K Winner Take All [20 Entry Max] (ATL @ NO Total Yards),154117,Single Stat - Total Yards,5.0,388,713,20,3000.0,2026-10-06 00:15:00+00:00,Mon 8:15PM
196285843,NFL Single Stat $20K Thunderdome [Must Fill] (ATL @ NO Total Yards),154117,Single Stat - Total Yards,5300.0,0,4,1,20000.0,2026-10-06 00:15:00+00:00,Mon 8:15PM
196285846,"NFL Single Stat $10,170 2026 FFWC Qualifier Satellite [Must Fill] (ATL @ NO Total Yards)",154117,Single Stat - Total Yards,3592.0,0,3,1,10170.0,2026-10-06 00:15:00+00:00,Mon 8:15PM
196422296,NFL Single Stat $1K Winner Take All [3 Entry Max] (ATL @ NO Total Yards),154117,Single Stat - Total Yards,1.0,612,1189,3,1000.0,2026-10-06 00:15:00+00:00,Mon 8:15PM
196285844,"NFL Single Stat Satellite to NFL $4,444 Fantasy Football MEGA Millionaire [Must Fill] (ATL @ NO Tota",154117,Single Stat - Total Yards,1570.0,0,3,1,4444.0,2026-10-06 00:15:00+00:00,Mon 8:15PM
196407683,NFL $20K Thunderdome [Must Fill] (Mon-Thu),154120,Classic,5300.0,1,4,1,20000.0,2026-10-06 00:15:00+00:00,Mon 8:15PM
196285235,NFL $5K Fair Catch [Single Entry] (Mon-Thu),154120,Classic,12.0,370,490,1,5000.0,2026-10-06 00:15:00+00:00,Mon 8:15PM
196285233,NFL $3K Spy [Single Entry] (Mon-Thu),154120,Classic,100.0,31,33,1,3000.0,2026-10-06 00:15:00+00:00,Mon 8:15PM
196430290,NFL $1.17K Spy [Single Entry] (Mon-Thu),154120,Classic,100.0,1,13,1,1170.0,2026-10-06 00:15:00+00:00,Mon 8:15PM
196285227,NFL $4K First Down [20 Entry Max] (Mon-Thu),154120,Classic,1.0,4145,4756,20,4000.0,2026-10-06 00:15:00+00:00,Mon 8:15PM
196430405,NFL $500 First Down (Mon-Thu),154120,Classic,1.0,45,594,17,500.0,2026-10-06 00:15:00+00:00,Mon 8:15PM
196297440,NFL In-Game $15K 2nd Half Clash [$5K to 1st] (2H ATL @ NO),154104,In-Game Showdown (H2),20.0,51,882,26,15000.0,2026-10-06 01:15:00+00:00,Mon 9:15PM
196298019,NFL In-Game $20K Thunderdome [Must Fill] (2H ATL @ NO),154104,In-Game Showdown (H2),5300.0,0,4,1,20000.0,2026-10-06 01:15:00+00:00,Mon 9:15PM
196298022,"NFL In-Game $10,170 2026 FFWC Qualifier Satellite [Must Fill] (2H ATL @ NO)",154104,In-Game Showdown (H2),3592.0,0,3,1,10170.0,2026-10-06 01:15:00+00:00,Mon 9:15PM
196297437,NFL In-Game $1.8K Deep Threat [Single Entry] (2H ATL @ NO),154104,In-Game Showdown (H2),180.0,0,11,1,1800.0,2026-10-06 01:15:00+00:00,Mon 9:15PM
196297444,NFL In-Game $1K Huddle [Single Entry] (2H ATL @ NO),154104,In-Game Showdown (H2),5.0,33,237,1,1000.0,2026-10-06 01:15:00+00:00,Mon 9:15PM
196298118,NFL In-Game $20K Thunderdome [Must Fill] (4Q ATL @ NO),154105,In-Game Showdown (Q4),5300.0,0,4,1,20000.0,2026-10-06 01:45:00+00:00,Mon 9:45PM
196298121,"NFL In-Game $10,170 2026 FFWC Qualifier Satellite [Must Fill] (4Q ATL @ NO)",154105,In-Game Showdown (Q4),3592.0,0,3,1,10170.0,2026-10-06 01:45:00+00:00,Mon 9:45PM
196297447,NFL In-Game $3K 4th Quarter Finish [$1K to 1st] (4Q ATL @ NO),154105,In-Game Showdown (Q4),15.0,18,235,7,3000.0,2026-10-06 01:45:00+00:00,Mon 9:45PM
196298119,"NFL In-Game Satellite to NFL $4,444 Fantasy Football MEGA Millionaire [Must Fill] (4Q ATL @ NO)",154105,In-Game Showdown (Q4),1570.0,0,3,1,4444.0,2026-10-06 01:45:00+00:00,Mon 9:45PM
196298122,"NFL In-Game Satellite to NFL 10-12 $4,444 Showdown MEGA Millionaire [Must Fill] (4Q ATL @ NO)",154105,In-Game Showdown (Q4),1570.0,0,3,1,4444.0,2026-10-06 01:45:00+00:00,Mon 9:45PM
196403755,"NFL $500K Power Sweep [$100K to 1st, 5 Entry Max]",154468,Classic,150.0,99,3703,5,500000.0,2026-10-11 17:00:00+00:00,Sun 1:00PM
196420180,"NFL $250K Power Sweep [$50K to 1st, 3 Entry Max]",154468,Classic,150.0,18,1851,3,250000.0,2026-10-11 17:00:00+00:00,Sun 1:00PM
196420181,"NFL $150K Power Sweep [$30K to 1st, 3 Entry Max]",154468,Classic,150.0,4,1111,3,150000.0,2026-10-11 17:00:00+00:00,Sun 1:00PM
196420168,NFL $400K Flea Flicker [$50K to 1st],154468,Classic,5.0,482,95124,150,400000.0,2026-10-11 17:00:00+00:00,Sun 1:00PM
196420197,"NFL $400K Spy [$100K to 1st, Single Entry]",154468,Classic,100.0,41,4444,1,400000.0,2026-10-11 17:00:00+00:00,Sun 1:00PM
196420198,"NFL $200K Spy [$50K to 1st, Single Entry]",154468,Classic,100.0,23,2222,1,200000.0,2026-10-11 17:00:00+00:00,Sun 1:00PM
196420199,"NFL $100K Spy [$20K to 1st, Single Entry]",154468,Classic,100.0,12,1111,1,100000.0,2026-10-11 17:00:00+00:00,Sun 1:00PM
196287689,"NFL Showdown Satellite to NFL 10-12 $4,444 Showdown MEGA Millionaire (ATL @ NO)",154099,Showdown Captain Mode,176.0,21,28,1,4444.0,2026-10-06 00:15:00+00:00,Mon 8:15PM
196287688,"NFL Showdown Satellite to NFL 10-12 $4,444 Showdown MEGA Millionaire (ATL @ NO)",154099,Showdown Captain Mode,176.0,20,28,1,4444.0,2026-10-06 00:15:00+00:00,Mon 8:15PM
196285161,NFL Showdown $5K Dime Package [Just $0.10!]  (ATL @ NO),154099,Showdown Captain Mode,0.1,45213,59453,20,5000.0,2026-10-06 00:15:00+00:00,Mon 8:15PM
196287539,"NFL Showdown Satellite to NFL $4,444 Fantasy Football MEGA Millionaire (ATL @ NO)",154099,Showdown Captain Mode,37.0,114,140,4,4444.0,2026-10-06 00:15:00+00:00,Mon 8:15PM
196287698,NFL Showdown SUPERSatellite to NFL 11-1 Midseason Main Event [2x] (ATL @ NO),154099,Showdown Captain Mode,50.0,51,68,2,3000.0,2026-10-06 00:15:00+00:00,Mon 8:15PM
196420760,"NFL Showdown $10,170 2026 FFWC Qualifier Satellite [Must Fill] (ATL @ NO)",154099,Showdown Captain Mode,3592.0,1,3,1,10170.0,2026-10-06 00:15:00+00:00,Mon 8:15PM
196287680,"NFL Showdown $1,350 2026 FFWC Qualifier Satellite (ATL @ NO)",154099,Showdown Captain Mode,23.0,59,69,2,1350.0,2026-10-06 00:15:00+00:00,Mon 8:15PM
196285213,NFL Showdown Single Entry $250 Double Up (ATL @ NO),154099,Showdown Captain Mode,250.0,9,11,1,2500.0,2026-10-06 00:15:00+00:00,Mon 8:15PM
196285142,NFL Showdown Single Entry $250 Double Up (ATL @ NO),154099,Showdown Captain Mode,250.0,9,11,1,2500.0,2026-10-06 00:15:00+00:00,Mon 8:15PM
196427493,NFL $1.25K Bootleg [Single Entry] (Mon-Thu),154120,Classic,33.0,1,44,1,1250.0,2026-10-06 00:15:00+00:00,Mon 8:15PM
196285241,NFL Single Entry $5 Double Up (Mon-Thu),154120,Classic,5.0,84,114,1,500.0,2026-10-06 00:15:00+00:00,Mon 8:15PM
196285239,NFL Single Entry $25 Double Up (Mon-Thu),154120,Classic,25.0,28,34,1,750.0,2026-10-06 00:15:00+00:00,Mon 8:15PM
196285240,NFL Single Entry $10 Double Up (Mon-Thu),154120,Classic,10.0,52,57,1,500.0,2026-10-06 00:15:00+00:00,Mon 8:15PM
196285148,NFL Showdown $10 Double Up (ATL @ NO),154099,Showdown Captain Mode,10.0,89,114,3,1000.0,2026-10-06 00:15:00+00:00,Mon 8:15PM
196285149,NFL Showdown Single Entry $2 Double Up (ATL @ NO),154099,Showdown Captain Mode,2.0,528,574,1,1000.0,2026-10-06 00:15:00+00:00,Mon 8:15PM
196430096,NFL Showdown Single Entry $2 Double Up (ATL @ NO),154099,Showdown Captain Mode,2.0,26,287,1,500.0,2026-10-06 00:15:00+00:00,Mon 8:15PM
196287564,NFL Showdown SUPERSatellite to NFL $555 Fantasy Football Millionaire [2x] (ATL @ NO),154099,Showdown Captain Mode,137.0,6,9,1,1110.0,2026-10-06 00:15:00+00:00,Mon 8:15PM
196287563,NFL Showdown SUPERSatellite to NFL $555 Fantasy Football Millionaire [2x] (ATL @ NO),154099,Showdown Captain Mode,19.0,64,68,2,1110.0,2026-10-06 00:15:00+00:00,Mon 8:15PM
196287556,NFL Showdown Satellite to NFL $555 Fantasy Football Millionaire (ATL @ NO),154099,Showdown Captain Mode,6.0,98,108,3,555.0,2026-10-06 00:15:00+00:00,Mon 8:15PM
196287560,NFL Showdown Satellite to NFL $555 Fantasy Football Millionaire (ATL @ NO),154099,Showdown Captain Mode,6.0,74,108,3,555.0,2026-10-06 00:15:00+00:00,Mon 8:15PM
196287559,NFL Showdown Satellite to NFL $555 Fantasy Football Millionaire (ATL @ NO),154099,Showdown Captain Mode,6.0,75,108,3,555.0,2026-10-06 00:15:00+00:00,Mon 8:15PM
196287561,NFL Showdown Satellite to NFL $555 Fantasy Football Millionaire (ATL @ NO),154099,Showdown Captain Mode,6.0,76,108,3,555.0,2026-10-06 00:15:00+00:00,Mon 8:15PM
196287558,NFL Showdown Satellite to NFL $555 Fantasy Football Millionaire (ATL @ NO),154099,Showdown Captain Mode,6.0,92,108,3,555.0,2026-10-06 00:15:00+00:00,Mon 8:15PM
196287557,NFL Showdown Satellite to NFL $555 Fantasy Football Millionaire (ATL @ NO),154099,Showdown Captain Mode,6.0,104,108,3,555.0,2026-10-06 00:15:00+00:00,Mon 8:15PM
196287562,NFL Showdown Satellite to NFL $555 Fantasy Football Millionaire (ATL @ NO),154099,Showdown Captain Mode,6.0,70,108,3,555.0,2026-10-06 00:15:00+00:00,Mon 8:15PM
196287547,NFL Showdown Satellite to NFL $555 Fantasy Football Millionaire (ATL @ NO),154099,Showdown Captain Mode,22.0,21,29,1,555.0,2026-10-06 00:15:00+00:00,Mon 8:15PM
196287549,NFL Showdown Satellite to NFL $555 Fantasy Football Millionaire (ATL @ NO),154099,Showdown Captain Mode,22.0,20,29,1,555.0,2026-10-06 00:15:00+00:00,Mon 8:15PM
196287546,NFL Showdown Satellite to NFL $555 Fantasy Football Millionaire (ATL @ NO),154099,Showdown Captain Mode,22.0,21,29,1,555.0,2026-10-06 00:15:00+00:00,Mon 8:15PM
196287548,NFL Showdown Satellite to NFL $555 Fantasy Football Millionaire (ATL @ NO),154099,Showdown Captain Mode,22.0,22,29,1,555.0,2026-10-06 00:15:00+00:00,Mon 8:15PM
196287545,NFL Showdown Satellite to NFL $555 Fantasy Football Millionaire (ATL @ NO),154099,Showdown Captain Mode,22.0,20,29,1,555.0,2026-10-06 00:15:00+00:00,Mon 8:15PM
196287550,NFL Showdown Satellite to NFL $555 Fantasy Football Millionaire (ATL @ NO),154099,Showdown Captain Mode,9.0,59,72,2,555.0,2026-10-06 00:15:00+00:00,Mon 8:15PM
196287551,NFL Showdown Satellite to NFL $555 Fantasy Football Millionaire (ATL @ NO),154099,Showdown Captain Mode,9.0,58,72,2,555.0,2026-10-06 00:15:00+00:00,Mon 8:15PM
196287553,NFL Showdown Satellite to NFL $555 Fantasy Football Millionaire (ATL @ NO),154099,Showdown Captain Mode,9.0,58,72,2,555.0,2026-10-06 00:15:00+00:00,Mon 8:15PM
196287552,NFL Showdown Satellite to NFL $555 Fantasy Football Millionaire (ATL @ NO),154099,Showdown Captain Mode,9.0,60,72,2,555.0,2026-10-06 00:15:00+00:00,Mon 8:15PM
196287555,NFL Showdown Satellite to NFL $555 Fantasy Football Millionaire (ATL @ NO),154099,Showdown Captain Mode,9.0,60,72,2,555.0,2026-10-06 00:15:00+00:00,Mon 8:15PM
196287554,NFL Showdown Satellite to NFL $555 Fantasy Football Millionaire (ATL @ NO),154099,Showdown Captain Mode,9.0,55,72,2,555.0,2026-10-06 00:15:00+00:00,Mon 8:15PM
196287678,NFL Showdown $490 2026 FFWC Qualifier Satellite (ATL @ NO),154099,Showdown Captain Mode,18.0,28,32,1,490.0,2026-10-06 00:15:00+00:00,Mon 8:15PM
196287677,NFL Showdown $490 2026 FFWC Qualifier Satellite (ATL @ NO),154099,Showdown Captain Mode,8.0,62,72,2,490.0,2026-10-06 00:15:00+00:00,Mon 8:15PM
196287540,NFL Showdown Satellite to NFL $555 Fantasy Football Millionaire (ATL @ NO),154099,Showdown Captain Mode,90.0,6,7,1,555.0,2026-10-06 00:15:00+00:00,Mon 8:15PM
196287544,NFL Showdown Satellite to NFL $555 Fantasy Football Millionaire (ATL @ NO),154099,Showdown Captain Mode,90.0,5,7,1,555.0,2026-10-06 00:15:00+00:00,Mon 8:15PM
196287541,NFL Showdown Satellite to NFL $555 Fantasy Football Millionaire (ATL @ NO),154099,Showdown Captain Mode,90.0,6,7,1,555.0,2026-10-06 00:15:00+00:00,Mon 8:15PM
196287542,NFL Showdown Satellite to NFL $555 Fantasy Football Millionaire (ATL @ NO),154099,Showdown Captain Mode,90.0,6,7,1,555.0,2026-10-06 00:15:00+00:00,Mon 8:15PM
196287543,NFL Showdown Satellite to NFL $555 Fantasy Football Millionaire (ATL @ NO),154099,Showdown Captain Mode,90.0,5,7,1,555.0,2026-10-06 00:15:00+00:00,Mon 8:15PM
196285238,NFL Single Entry $50 Double Up (Mon-Thu),154120,Classic,50.0,10,11,1,500.0,2026-10-06 00:15:00+00:00,Mon 8:15PM
196285222,NFL Single Entry $2 Double Up (Mon-Thu),154120,Classic,2.0,82,114,1,200.0,2026-10-06 00:15:00+00:00,Mon 8:15PM
196285226,NFL $2K Play-Action [20 Entry Max] (Mon-Thu),154120,Classic,3.0,559,792,20,2000.0,2026-10-06 00:15:00+00:00,Mon 8:15PM
196407686,"NFL $10,170 2026 FFWC Qualifier Satellite [Must Fill] (Mon-Thu)",154120,Classic,3592.0,2,3,1,10170.0,2026-10-06 00:15:00+00:00,Mon 8:15PM
196285231,NFL $1.5K Nickel [3 Entry Max] (Mon-Thu),154120,Classic,5.0,313,356,3,1500.0,2026-10-06 00:15:00+00:00,Mon 8:15PM
196285234,NFL $1K Red Zone [Single Entry] (Mon-Thu),154120,Classic,50.0,20,22,1,1000.0,2026-10-06 00:15:00+00:00,Mon 8:15PM
196285237,NFL $1K Daily Dollar [Single Entry] (Mon-Thu),154120,Classic,1.0,1088,1189,1,1000.0,2026-10-06 00:15:00+00:00,Mon 8:15PM
196429198,NFL $150 Daily Dollar [Single Entry] (Mon-Thu),154120,Classic,1.0,30,178,1,150.0,2026-10-06 00:15:00+00:00,Mon 8:15PM
196285229,NFL $1K Quarter Jukebox [Just $0.25!] (Mon-Thu),154120,Classic,0.25,4670,4756,20,1000.0,2026-10-06 00:15:00+00:00,Mon 8:15PM
196427323,NFL $200 Quarter Jukebox [Just $0.25!] (Mon-Thu),154120,Classic,0.25,129,951,20,200.0,2026-10-06 00:15:00+00:00,Mon 8:15PM
196286361,"NFL Showdown Satellite to NFL $4,444 Fantasy Football MEGA Millionaire [Must Fill] (ATL @ NO)",154099,Showdown Captain Mode,1570.0,2,3,1,4444.0,2026-10-06 00:15:00+00:00,Mon 8:15PM
196286364,"NFL Showdown Satellite to NFL 10-12 $4,444 Showdown MEGA Millionaire [Must Fill] (ATL @ NO)",154099,Showdown Captain Mode,1570.0,2,3,1,4444.0,2026-10-06 00:15:00+00:00,Mon 8:15PM
196286367,NFL Showdown Satellite to NFL 11-1 Midseason Main Event [Must Fill] (ATL @ NO),154099,Showdown Captain Mode,530.0,2,3,1,1500.0,2026-10-06 00:15:00+00:00,Mon 8:15PM
196425441,NFL Showdown Satellite to NFL $555 Fantasy Football Millionaire [Must Fill] (ATL @ NO),154099,Showdown Captain Mode,201.0,1,3,1,555.0,2026-10-06 00:15:00+00:00,Mon 8:15PM
196287753,NFL Showdown Satellite to NBA $888 MEGA 8's Special (10-21) [Must Fill] (ATL @ NO),154099,Showdown Captain Mode,322.0,2,3,1,888.0,2026-10-06 00:15:00+00:00,Mon 8:15PM
196407682,"NFL $1,060 Winner Take All [$4K to 1st] (Must Fill) (Mon-Thu)",154120,Classic,1060.0,1,4,1,4000.0,2026-10-06 00:15:00+00:00,Mon 8:15PM
196407684,"NFL Satellite to NFL $4,444 Fantasy Football MEGA Millionaire [Must Fill] (Mon-Thu)",154120,Classic,1570.0,0,3,1,4444.0,2026-10-06 00:15:00+00:00,Mon 8:15PM
196407687,"NFL Satellite to NFL 10-12 $4,444 Showdown MEGA Millionaire [Must Fill] (Mon-Thu)",154120,Classic,1570.0,0,3,1,4444.0,2026-10-06 00:15:00+00:00,Mon 8:15PM
196407689,NFL Satellite to NFL 11-1 Midseason Main Event [Must Fill] (Mon-Thu),154120,Classic,530.0,2,3,1,1500.0,2026-10-06 00:15:00+00:00,Mon 8:15PM
196407685,NFL Satellite to NFL $555 Fantasy Football Millionaire [Must Fill] (Mon-Thu),154120,Classic,201.0,2,3,1,555.0,2026-10-06 00:15:00+00:00,Mon 8:15PM
196285847,"NFL Single Stat Satellite to NFL 10-12 $4,444 Showdown MEGA Millionaire [Must Fill] (ATL @ NO Total ",154117,Single Stat - Total Yards,1570.0,0,3,1,4444.0,2026-10-06 00:15:00+00:00,Mon 8:15PM
196285850,NFL Single Stat Satellite to NFL 10-25 Midseason Warm Up Millionaire [Must Fill] (ATL @ NO Total Yar,154117,Single Stat - Total Yards,55.0,0,3,1,150.0,2026-10-06 00:15:00+00:00,Mon 8:15PM
196285842,"NFL Single Stat $1,060 Winner Take All [$4K to 1st] (Must Fill) (ATL @ NO Total Yards)",154117,Single Stat - Total Yards,1060.0,0,4,1,4000.0,2026-10-06 00:15:00+00:00,Mon 8:15PM
196285849,NFL Single Stat Satellite to NFL 11-1 Midseason Main Event [Must Fill] (ATL @ NO Total Yards),154117,Single Stat - Total Yards,530.0,0,3,1,1500.0,2026-10-06 00:15:00+00:00,Mon 8:15PM
196285845,NFL Single Stat Satellite to NFL $555 Fantasy Football Millionaire [Must Fill] (ATL @ NO Total Yards,154117,Single Stat - Total Yards,201.0,0,3,1,555.0,2026-10-06 00:15:00+00:00,Mon 8:15PM
196297441,NFL In-Game $500 Play-Action (2H ATL @ NO),154104,In-Game Showdown (H2),3.0,32,198,5,500.0,2026-10-06 01:15:00+00:00,Mon 9:15PM
196297439,NFL In-Game $600 Bootleg [Single Entry] (2H ATL @ NO),154104,In-Game Showdown (H2),33.0,1,21,1,600.0,2026-10-06 01:15:00+00:00,Mon 9:15PM
196297702,NFL In-Game $267 Winner Take All [$1K to 1st] (2H ATL @ NO),154104,In-Game Showdown (H2),267.0,0,4,1,1000.0,2026-10-06 01:15:00+00:00,Mon 9:15PM
196297442,NFL In-Game $500 First Down (2H ATL @ NO),154104,In-Game Showdown (H2),1.0,120,594,17,500.0,2026-10-06 01:15:00+00:00,Mon 9:15PM
196298020,"NFL In-Game Satellite to NFL $4,444 Fantasy Football MEGA Millionaire [Must Fill] (2H ATL @ NO)",154104,In-Game Showdown (H2),1570.0,0,3,1,4444.0,2026-10-06 01:15:00+00:00,Mon 9:15PM
196287739,NFL Showdown Satellite to NHL 11-3 $555 Barn Burner [Must Fill] (ATL @ NO),154099,Showdown Captain Mode,201.0,2,3,1,555.0,2026-10-06 00:15:00+00:00,Mon 8:15PM
196287761,NFL Showdown Satellite to MLB 10-23 $333 Championship Perfect Game (ATL @ NO),154099,Showdown Captain Mode,17.0,10,23,1,333.0,2026-10-06 00:15:00+00:00,Mon 8:15PM
196287740,NFL Showdown Satellite to NHL 10-13 $360 Spin-O-Rama (ATL @ NO),154099,Showdown Captain Mode,5.0,34,85,2,360.0,2026-10-06 00:15:00+00:00,Mon 8:15PM
196427074,NFL Showdown Satellite to NFL $333 Wildcat (ATL @ NO),154099,Showdown Captain Mode,5.0,26,79,2,333.0,2026-10-06 00:15:00+00:00,Mon 8:15PM
196427497,NFL Showdown Satellite to NFL $333 Wildcat (ATL @ NO),154099,Showdown Captain Mode,17.0,10,23,1,333.0,2026-10-06 00:15:00+00:00,Mon 8:15PM
196298023,"NFL In-Game Satellite to NFL 10-12 $4,444 Showdown MEGA Millionaire [Must Fill] (2H ATL @ NO)",154104,In-Game Showdown (H2),1570.0,0,3,1,4444.0,2026-10-06 01:15:00+00:00,Mon 9:15PM
196298018,"NFL In-Game $1,060 Winner Take All [$4K to 1st] (Must Fill) (2H ATL @ NO)",154104,In-Game Showdown (H2),1060.0,0,4,1,4000.0,2026-10-06 01:15:00+00:00,Mon 9:15PM
196298025,NFL In-Game Satellite to NFL 11-1 Midseason Main Event [Must Fill] (2H ATL @ NO),154104,In-Game Showdown (H2),530.0,0,3,1,1500.0,2026-10-06 01:15:00+00:00,Mon 9:15PM
196298021,NFL In-Game Satellite to NFL $555 Fantasy Football Millionaire [Must Fill] (2H ATL @ NO),154104,In-Game Showdown (H2),201.0,0,3,1,555.0,2026-10-06 01:15:00+00:00,Mon 9:15PM
196427489,NFL In-Game $155 Fair Catch [Single Entry] (2H ATL @ NO),154104,In-Game Showdown (H2),12.0,0,15,1,155.0,2026-10-06 01:15:00+00:00,Mon 9:15PM
196297446,NFL In-Game $285 Bootleg [Single Entry] (4Q ATL @ NO),154105,In-Game Showdown (Q4),33.0,1,10,1,285.0,2026-10-06 01:45:00+00:00,Mon 9:45PM
196298117,"NFL In-Game $1,060 Winner Take All [$4K to 1st] (Must Fill) (4Q ATL @ NO)",154105,In-Game Showdown (Q4),1060.0,0,4,1,4000.0,2026-10-06 01:45:00+00:00,Mon 9:45PM
196298124,NFL In-Game Satellite to NFL 11-1 Midseason Main Event [Must Fill] (4Q ATL @ NO),154105,In-Game Showdown (Q4),530.0,0,3,1,1500.0,2026-10-06 01:45:00+00:00,Mon 9:45PM
196298120,NFL In-Game Satellite to NFL $555 Fantasy Football Millionaire [Must Fill] (4Q ATL @ NO),154105,In-Game Showdown (Q4),201.0,0,3,1,555.0,2026-10-06 01:45:00+00:00,Mon 9:45PM
196297448,NFL In-Game $150 First Down (4Q ATL @ NO),154105,In-Game Showdown (Q4),1.0,45,178,5,150.0,2026-10-06 01:45:00+00:00,Mon 9:45PM
196420217,NFL GIANT $25 Double Up [Single Entry],154468,Classic,25.0,18,2758,1,60000.0,2026-10-11 17:00:00+00:00,Sun 1:00PM
196420218,NFL GIANT $25 Double Up [Single Entry],154468,Classic,25.0,10,1839,1,40000.0,2026-10-11 17:00:00+00:00,Sun 1:00PM
196420219,NFL GIANT $25 Double Up [Single Entry],154468,Classic,25.0,7,1379,1,30000.0,2026-10-11 17:00:00+00:00,Sun 1:00PM
196420153,NFL GIANT $25 Double Up,154468,Classic,25.0,0,919,27,20000.0,2026-10-11 17:00:00+00:00,Sun 1:00PM
196420191,"NFL $400K Game Changer [$100K to 1st, Single Entry]",154468,Classic,1500.0,2,282,1,400000.0,2026-10-11 17:00:00+00:00,Sun 1:00PM
196420201,"NFL $200K Red Zone [$25K to 1st, Single Entry]",154468,Classic,50.0,27,4545,1,200000.0,2026-10-11 17:00:00+00:00,Sun 1:00PM
196420202,NFL $75K Red Zone [Single Entry],154468,Classic,50.0,16,1704,1,75000.0,2026-10-11 17:00:00+00:00,Sun 1:00PM
196420146,NFL $50K Red Zone [Single Entry],154468,Classic,50.0,13,1136,1,50000.0,2026-10-11 17:00:00+00:00,Sun 1:00PM
196420158,NFL $70.8K Luxury Box [Single Entry],154468,Classic,1500.0,1,50,1,70800.0,2026-10-11 17:00:00+00:00,Sun 1:00PM
196420157,NFL $170K Thunderdome [Single Entry],154468,Classic,5300.0,0,34,1,170000.0,2026-10-11 17:00:00+00:00,Sun 1:00PM
196420743,NFL $20K Thunderdome [Must Fill],154468,Classic,5300.0,0,4,1,20000.0,2026-10-11 17:00:00+00:00,Sun 1:00PM
196420179,"NFL $250K Facemask [5 Entry Max, $50K to 1st]",154468,Classic,555.0,2,500,5,250000.0,2026-10-11 17:00:00+00:00,Sun 1:00PM
196420205,NFL $150K Fair Catch [Single Entry],154468,Classic,12.0,81,14705,1,150000.0,2026-10-11 17:00:00+00:00,Sun 1:00PM
196420206,NFL $75K Fair Catch [Single Entry],154468,Classic,12.0,42,7352,1,75000.0,2026-10-11 17:00:00+00:00,Sun 1:00PM
196420147,NFL $50K Fair Catch [Single Entry],154468,Classic,12.0,44,4901,1,50000.0,2026-10-11 17:00:00+00:00,Sun 1:00PM
196420156,NFL GIANT $5 Double Up,154468,Classic,5.0,3,9195,150,40000.0,2026-10-11 17:00:00+00:00,Sun 1:00PM
196420222,NFL GIANT $5 Double Up [Single Entry],154468,Classic,5.0,29,4597,1,20000.0,2026-10-11 17:00:00+00:00,Sun 1:00PM
196420155,NFL GIANT $10 Double Up [Single Entry],154468,Classic,10.0,33,4597,1,40000.0,2026-10-11 17:00:00+00:00,Sun 1:00PM
196420220,NFL GIANT $10 Double Up [Single Entry],154468,Classic,10.0,19,2873,1,25000.0,2026-10-11 17:00:00+00:00,Sun 1:00PM
196420154,NFL GIANT $10 Double Up,154468,Classic,10.0,2,2873,86,25000.0,2026-10-11 17:00:00+00:00,Sun 1:00PM
196420211,NFL GIANT $100 Double Up [Single Entry],154468,Classic,100.0,2,555,1,50000.0,2026-10-11 17:00:00+00:00,Sun 1:00PM
196420212,NFL GIANT $100 Double Up [Single Entry],154468,Classic,100.0,2,333,1,30000.0,2026-10-11 17:00:00+00:00,Sun 1:00PM
196420213,NFL GIANT $100 Double Up [Single Entry],154468,Classic,100.0,2,222,1,20000.0,2026-10-11 17:00:00+00:00,Sun 1:00PM
196420152,NFL GIANT $50 Double Up [Single Entry],154468,Classic,50.0,4,909,1,40000.0,2026-10-11 17:00:00+00:00,Sun 1:00PM
196420215,NFL GIANT $50 Double Up [Single Entry],154468,Classic,50.0,3,681,1,30000.0,2026-10-11 17:00:00+00:00,Sun 1:00PM
196420216,NFL GIANT $50 Double Up [Single Entry],154468,Classic,50.0,3,454,1,20000.0,2026-10-11 17:00:00+00:00,Sun 1:00PM
196420173,NFL $175K mini-MAX [150 Entry Max],154468,Classic,0.5,3201,416171,150,175000.0,2026-10-11 17:00:00+00:00,Sun 1:00PM
196420148,NFL $100K Huddle [Single Entry],154468,Classic,5.0,124,23781,1,100000.0,2026-10-11 17:00:00+00:00,Sun 1:00PM
196420149,NFL $10K Huddle [Single Entry],154468,Classic,5.0,55,2378,1,10000.0,2026-10-11 17:00:00+00:00,Sun 1:00PM
196421771,NFL SUPERSatellite to NFL 11-1 Midseason Main Event [10x],154468,Classic,165.0,0,101,3,15000.0,2026-10-11 17:00:00+00:00,Sun 1:00PM
196421508,"NFL SUPERSatellite to $4,444 NFL Fantasy Football MEGA Millionaire [3x]",154468,Classic,147.0,0,100,3,13332.0,2026-10-11 17:00:00+00:00,Sun 1:00PM
196421521,NFL SUPERSatellite to NFL $555 Fantasy Football Millionaire [10x],154468,Classic,63.0,1,100,3,5550.0,2026-10-11 17:00:00+00:00,Sun 1:00PM
196421740,"NFL $5,085 2026 FFWC Qualifier Satellite",154468,Classic,84.0,0,68,2,5085.0,2026-10-11 17:00:00+00:00,Sun 1:00PM
196420195,"NFL $125K Double Spy [$25K to 1st, Single Entry]",154468,Classic,200.0,8,694,1,125000.0,2026-10-11 17:00:00+00:00,Sun 1:00PM
196420196,"NFL $75K Double Spy [$20K to 1st, Single Entry]",154468,Classic,200.0,7,416,1,75000.0,2026-10-11 17:00:00+00:00,Sun 1:00PM
196421742,"NFL $5,085 2026 FFWC Qualifier Satellite",154468,Classic,513.0,0,11,1,5085.0,2026-10-11 17:00:00+00:00,Sun 1:00PM
196421741,"NFL $5,085 2026 FFWC Qualifier Satellite",154468,Classic,513.0,0,11,1,5085.0,2026-10-11 17:00:00+00:00,Sun 1:00PM
196420183,NFL $125K Three-Point Stance [5 Entry Max],154468,Classic,33.0,30,4417,5,125000.0,2026-10-11 17:00:00+00:00,Sun 1:00PM
196420167,"NFL $100K Slant [$10K to 1st, 2x Min Cash]",154468,Classic,9.0,174,13071,150,100000.0,2026-10-11 17:00:00+00:00,Sun 1:00PM
196420203,NFL $75K Blind Side [Single Entry],154468,Classic,27.0,24,3239,1,75000.0,2026-10-11 17:00:00+00:00,Sun 1:00PM
196420204,NFL $25K Blind Side [Single Entry],154468,Classic,27.0,21,1079,1,25000.0,2026-10-11 17:00:00+00:00,Sun 1:00PM
196403751,NFL $100K First Down [20 Entry Max],154468,Classic,1.0,3467,118906,20,100000.0,2026-10-11 17:00:00+00:00,Sun 1:00PM
196420159,NFL $100K Pocket Passer [4 Entry Max],154468,Classic,250.0,0,444,4,100000.0,2026-10-11 17:00:00+00:00,Sun 1:00PM
196420209,NFL GIANT $250 Double Up [Single Entry],154468,Classic,250.0,1,177,1,40000.0,2026-10-11 17:00:00+00:00,Sun 1:00PM
196420151,NFL GIANT $250 Double Up [Single Entry],154468,Classic,250.0,1,88,1,20000.0,2026-10-11 17:00:00+00:00,Sun 1:00PM
196420225,NFL $2 Double Up,154468,Classic,2.0,47,6896,20,12000.0,2026-10-11 17:00:00+00:00,Sun 1:00PM
196420232,"NFL $70K Super Booster [Top 70 Win $1,000]",154468,Classic,27.0,1,3023,90,70000.0,2026-10-11 17:00:00+00:00,Sun 1:00PM
196420233,NFL $20K Super Booster [Top 200 Win $100],154468,Classic,4.0,25,5945,20,20000.0,2026-10-11 17:00:00+00:00,Sun 1:00PM
196420231,"NFL $15K Super Booster [Top 15 Win $1,000]",154468,Classic,50.0,0,340,10,15000.0,2026-10-11 17:00:00+00:00,Sun 1:00PM
196420234,NFL $8K Super Booster [Top 400 Win $20],154468,Classic,2.0,4,4756,20,8000.0,2026-10-11 17:00:00+00:00,Sun 1:00PM
196420163,"NFL $70K Octopus [$20K to 1st, 8 Entry Max]",154468,Classic,88.0,2,903,8,70000.0,2026-10-11 17:00:00+00:00,Sun 1:00PM
196420178,NFL $70K Touch Pass [3 Entry Max],154468,Classic,777.0,0,100,3,70000.0,2026-10-11 17:00:00+00:00,Sun 1:00PM
196420161,"NFL $75K 11 Personnel Special [$15K to 1st, 11 Entry Max]",154468,Classic,111.0,1,750,11,75000.0,2026-10-11 17:00:00+00:00,Sun 1:00PM
196420194,NFL $60K Spin Move [Single Entry],154468,Classic,300.0,1,222,1,60000.0,2026-10-11 17:00:00+00:00,Sun 1:00PM
196420145,NFL $20K Spin Move [Single Entry],154468,Classic,300.0,1,74,1,20000.0,2026-10-11 17:00:00+00:00,Sun 1:00PM
196420184,NFL $60K Screen Pass [5 Entry Max],154468,Classic,15.0,42,4705,5,60000.0,2026-10-11 17:00:00+00:00,Sun 1:00PM
196420185,NFL $40K Screen Pass [3 Entry Max],154468,Classic,15.0,39,3137,3,40000.0,2026-10-11 17:00:00+00:00,Sun 1:00PM
196420170,NFL $50K MEGA mini-MAX [150 Entry Max],154468,Classic,2.0,699,29726,150,50000.0,2026-10-11 17:00:00+00:00,Sun 1:00PM
196420192,NFL $50K Stiff Arm [Single Entry],154468,Classic,555.0,1,100,1,50000.0,2026-10-11 17:00:00+00:00,Sun 1:00PM
196420302,NFL $30K Pylon [Single Entry],154468,Classic,3.0,77,11890,1,30000.0,2026-10-11 17:00:00+00:00,Sun 1:00PM
196420303,NFL $20K Pylon [Single Entry],154468,Classic,3.0,51,7927,1,20000.0,2026-10-11 17:00:00+00:00,Sun 1:00PM
196420200,NFL $35K End Zone [Single Entry],154468,Classic,75.0,5,530,1,35000.0,2026-10-11 17:00:00+00:00,Sun 1:00PM
196420166,NFL $40K 1st and 10 [10 Entry Max],154468,Classic,10.0,41,4705,10,40000.0,2026-10-11 17:00:00+00:00,Sun 1:00PM
196420186,NFL $40K Engage Eight [5 Entry Max],154468,Classic,8.0,48,5882,5,40000.0,2026-10-11 17:00:00+00:00,Sun 1:00PM
196420187,NFL $40K Nickel [5 Entry Max],154468,Classic,5.0,76,9512,5,40000.0,2026-10-11 17:00:00+00:00,Sun 1:00PM
196420193,"NFL $40K High Step [$10K to 1st, Single Entry]",154468,Classic,400.0,1,111,1,40000.0,2026-10-11 17:00:00+00:00,Sun 1:00PM
196420229,NFL GIANT $530 50-50 [Top 50% Win],154468,Classic,530.0,0,40,1,20000.0,2026-10-11 17:00:00+00:00,Sun 1:00PM
196420221,NFL Single Entry $10 Double Up,154468,Classic,10.0,6,1724,1,15000.0,2026-10-11 17:00:00+00:00,Sun 1:00PM
196420208,NFL $250 Double Up,154468,Classic,250.0,0,71,2,16000.0,2026-10-11 17:00:00+00:00,Sun 1:00PM
196420227,"NFL $2,120 50-50 [Top 50% Win]",154468,Classic,2120.0,0,8,1,16000.0,2026-10-11 17:00:00+00:00,Sun 1:00PM
196420386,NFL $40K Front Four [20 Entry Max],154468,Classic,4.0,95,11890,20,40000.0,2026-10-11 17:00:00+00:00,Sun 1:00PM
196420189,NFL $25K Triple Option [5 Entry Max],154468,Classic,3.0,85,9908,5,25000.0,2026-10-11 17:00:00+00:00,Sun 1:00PM
196420182,NFL $30K Goal Line [5 Entry Max],154468,Classic,75.0,1,454,5,30000.0,2026-10-11 17:00:00+00:00,Sun 1:00PM
196420162,NFL $35K Hot Route [$5K to 1st],154468,Classic,100.0,0,388,11,35000.0,2026-10-11 17:00:00+00:00,Sun 1:00PM
196420171,NFL $20K Safety [20 Entry Max],154468,Classic,2.0,92,11890,20,20000.0,2026-10-11 17:00:00+00:00,Sun 1:00PM
196420164,"NFL $25K 4th and 10 [10 Entry Max, $3K to 1st]",154468,Classic,40.0,0,728,10,25000.0,2026-10-11 17:00:00+00:00,Sun 1:00PM
196420160,NFL $20K Touchdown,154468,Classic,200.0,0,111,3,20000.0,2026-10-11 17:00:00+00:00,Sun 1:00PM
196420174,NFL $20K Quarter Jukebox [Just $0.25!] ,154468,Classic,0.25,827,95124,20,20000.0,2026-10-11 17:00:00+00:00,Sun 1:00PM
196420744,NFL $100K Heavy Hitter [Must Fill],154468,Classic,26200.0,0,4,1,100000.0,2026-10-11 17:00:00+00:00,Sun 1:00PM
196420745,NFL $75K Heavy Hitter [Must Fill],154468,Classic,26200.0,0,3,1,75000.0,2026-10-11 17:00:00+00:00,Sun 1:00PM
196420746,NFL $60K Nosebleed Section [Must Fill],154468,Classic,10600.0,0,6,1,60000.0,2026-10-11 17:00:00+00:00,Sun 1:00PM
196420188,NFL $15K Cover Four [5 Entry Max],154468,Classic,4.0,28,4458,5,15000.0,2026-10-11 17:00:00+00:00,Sun 1:00PM
196420190,NFL $12K Singleback [5 Entry Max],154468,Classic,1.0,102,14268,5,12000.0,2026-10-11 17:00:00+00:00,Sun 1:00PM
196420207,NFL $10K Daily Dollar [Single Entry],154468,Classic,1.0,86,11890,1,10000.0,2026-10-11 17:00:00+00:00,Sun 1:00PM
196420228,"NFL $1,060 50-50 [Top 50% Win]",154468,Classic,1060.0,0,16,1,16000.0,2026-10-11 17:00:00+00:00,Sun 1:00PM
196420223,NFL Single Entry $5 Double Up,154468,Classic,5.0,21,2758,1,12000.0,2026-10-11 17:00:00+00:00,Sun 1:00PM
196420224,NFL Single Entry $5 Double Up,154468,Classic,5.0,14,2298,1,10000.0,2026-10-11 17:00:00+00:00,Sun 1:00PM
196420226,NFL Single Entry $2 Double Up,154468,Classic,2.0,24,4022,1,7000.0,2026-10-11 17:00:00+00:00,Sun 1:00PM
196420210,NFL $100 Double Up,154468,Classic,100.0,2,68,2,6200.0,2026-10-11 17:00:00+00:00,Sun 1:00PM
196422222,NFL Single Stat $20K Thunderdome [Must Fill] (Touchdowns),154503,Single Stat - Touchdowns,5300.0,0,4,1,20000.0,2026-10-11 17:00:00+00:00,Sun 1:00PM
196422225,"NFL Single Stat $10,170 2026 FFWC Qualifier Satellite [Must Fill] (Touchdowns)",154503,Single Stat - Touchdowns,3592.0,0,3,1,10170.0,2026-10-11 17:00:00+00:00,Sun 1:00PM
196422098,NFL Single Stat $4K Winner Take All [20 Entry Max] (Touchdowns),154503,Single Stat - Touchdowns,1.0,47,4756,20,4000.0,2026-10-11 17:00:00+00:00,Sun 1:00PM
196422117,NFL Single Stat $1K Winner Take All [3 Entry Max] (Touchdowns),154503,Single Stat - Touchdowns,1.0,13,1189,3,1000.0,2026-10-11 17:00:00+00:00,Sun 1:00PM
196422097,NFL Single Stat $3K Winner Take All [20 Entry Max] (Touchdowns),154503,Single Stat - Touchdowns,5.0,2,713,20,3000.0,2026-10-11 17:00:00+00:00,Sun 1:00PM
196422118,NFL Single Stat $1K Winner Take All [Single Entry] (Touchdowns),154503,Single Stat - Touchdowns,5.0,0,237,1,1000.0,2026-10-11 17:00:00+00:00,Sun 1:00PM
196420165,NFL $10K Hail Mary,154468,Classic,12.0,2,980,29,10000.0,2026-10-11 17:00:00+00:00,Sun 1:00PM
196420175,NFL $7.5K Dime Package [Just $0.10!] ,154468,Classic,0.1,1020,89179,20,7500.0,2026-10-11 17:00:00+00:00,Sun 1:00PM
196420172,NFL $5K All-or-Nothing [Winner Take All],154468,Classic,1.0,51,5945,20,5000.0,2026-10-11 17:00:00+00:00,Sun 1:00PM
196420177,Casual NFL $500 First Down,154468,Classic,1.0,0,594,10,500.0,2026-10-11 17:00:00+00:00,Sun 1:00PM
196420176,Casual NFL $250 Front Four,154468,Classic,4.0,0,74,2,250.0,2026-10-11 17:00:00+00:00,Sun 1:00PM
196425922,NFL Showdown Satellite to NFL $333 Wildcat (ATL @ NO),154099,Showdown Captain Mode,75.0,1,5,1,333.0,2026-10-06 00:15:00+00:00,Mon 8:15PM
196287707,NFL Showdown Satellite to NFL 10-25 Midseason Warm Up Millionaire (ATL @ NO),154099,Showdown Captain Mode,2.0,59,89,2,150.0,2026-10-06 00:15:00+00:00,Mon 8:15PM
196287704,NFL Showdown Satellite to NFL 10-25 Midseason Warm Up Millionaire (ATL @ NO),154099,Showdown Captain Mode,16.0,9,11,1,150.0,2026-10-06 00:15:00+00:00,Mon 8:15PM
196287703,NFL Showdown Satellite to NFL 10-25 Midseason Warm Up Millionaire (ATL @ NO),154099,Showdown Captain Mode,16.0,6,11,1,150.0,2026-10-06 00:15:00+00:00,Mon 8:15PM
196287762,NFL Showdown Satellite to MLB 10-23 $333 Championship Perfect Game (ATL @ NO),154099,Showdown Captain Mode,35.0,5,11,1,333.0,2026-10-06 00:15:00+00:00,Mon 8:15PM
196287702,NFL Showdown Satellite to NFL 10-25 Midseason Warm Up Millionaire (ATL @ NO),154099,Showdown Captain Mode,11.0,11,16,1,150.0,2026-10-06 00:15:00+00:00,Mon 8:15PM
196407690,NFL Satellite to NFL 10-25 Midseason Warm Up Millionaire [Must Fill] (Mon-Thu),154120,Classic,55.0,0,3,1,150.0,2026-10-06 00:15:00+00:00,Mon 8:15PM
196419485,NFL $85 Winner Take All [$300 to 1st] (Mon-Thu),154120,Classic,85.0,1,4,1,300.0,2026-10-06 00:15:00+00:00,Mon 8:15PM
196425891,NFL $150 Dime Package [Just $0.10!] (Mon-Thu),154120,Classic,0.1,529,1783,20,150.0,2026-10-06 00:15:00+00:00,Mon 8:15PM
196285232,NFL $300 Singleback [3 Entry Max] (Mon-Thu),154120,Classic,1.0,321,356,3,300.0,2026-10-06 00:15:00+00:00,Mon 8:15PM
196287701,NFL Showdown Satellite to NFL 10-25 Midseason Warm Up Millionaire (ATL @ NO),154099,Showdown Captain Mode,8.0,18,22,1,150.0,2026-10-06 00:15:00+00:00,Mon 8:15PM
196287684,NFL Showdown $125 2026 FFWC Qualifier Satellite (ATL @ NO),154099,Showdown Captain Mode,7.0,16,21,1,125.0,2026-10-06 00:15:00+00:00,Mon 8:15PM
196287694,NFL Showdown Satellite to NFL $333 Wildcat (ATL @ NO),154099,Showdown Captain Mode,35.0,10,11,1,333.0,2026-10-06 00:15:00+00:00,Mon 8:15PM
196287706,NFL Showdown Satellite to NFL 10-25 Midseason Warm Up Millionaire (ATL @ NO),154099,Showdown Captain Mode,1.0,175,178,5,150.0,2026-10-06 00:15:00+00:00,Mon 8:15PM
196287705,NFL Showdown Satellite to NFL 10-25 Midseason Warm Up Millionaire (ATL @ NO),154099,Showdown Captain Mode,1.0,135,178,5,150.0,2026-10-06 00:15:00+00:00,Mon 8:15PM
196287675,NFL Showdown $125 2026 FFWC Qualifier Satellite (ATL @ NO),154099,Showdown Captain Mode,1.0,119,148,4,125.0,2026-10-06 00:15:00+00:00,Mon 8:15PM
196287674,NFL Showdown $125 2026 FFWC Qualifier Satellite (ATL @ NO),154099,Showdown Captain Mode,1.0,104,148,4,125.0,2026-10-06 00:15:00+00:00,Mon 8:15PM
196425357,NFL Showdown Satellite to NFL 10-25 Midseason Warm Up Millionaire [Must Fill] (ATL @ NO),154099,Showdown Captain Mode,55.0,1,3,1,150.0,2026-10-06 00:15:00+00:00,Mon 8:15PM
196287741,NFL Showdown Satellite to NHL 10-13 $360 Spin-O-Rama [Must Fill] (ATL @ NO),154099,Showdown Captain Mode,130.0,2,3,1,360.0,2026-10-06 00:15:00+00:00,Mon 8:15PM
196421769,NFL SUPERSatellite to NFL 11-1 Midseason Main Event [3x],154468,Classic,51.0,0,100,3,4500.0,2026-10-11 17:00:00+00:00,Sun 1:00PM
196421499,"NFL Satellite to NFL $4,444 Fantasy Football MEGA Millionaire",154468,Classic,448.0,0,11,1,4444.0,2026-10-11 17:00:00+00:00,Sun 1:00PM
196421498,"NFL Satellite to NFL $4,444 Fantasy Football MEGA Millionaire",154468,Classic,448.0,0,11,1,4444.0,2026-10-11 17:00:00+00:00,Sun 1:00PM
196421501,"NFL Satellite to NFL $4,444 Fantasy Football MEGA Millionaire",154468,Classic,176.0,0,28,1,4444.0,2026-10-11 17:00:00+00:00,Sun 1:00PM
196421500,"NFL Satellite to NFL $4,444 Fantasy Football MEGA Millionaire",154468,Classic,176.0,0,28,1,4444.0,2026-10-11 17:00:00+00:00,Sun 1:00PM
196421503,"NFL Satellite to NFL $4,444 Fantasy Football MEGA Millionaire",154468,Classic,75.0,1,67,2,4444.0,2026-10-11 17:00:00+00:00,Sun 1:00PM
196421502,"NFL Satellite to NFL $4,444 Fantasy Football MEGA Millionaire",154468,Classic,75.0,2,67,2,4444.0,2026-10-11 17:00:00+00:00,Sun 1:00PM
196421507,"NFL Satellite to NFL $4,444 Fantasy Football MEGA Millionaire",154468,Classic,13.0,3,402,12,4444.0,2026-10-11 17:00:00+00:00,Sun 1:00PM
196421506,"NFL Satellite to NFL $4,444 Fantasy Football MEGA Millionaire",154468,Classic,13.0,2,402,12,4444.0,2026-10-11 17:00:00+00:00,Sun 1:00PM
196421747,"NFL Satellite to NFL 10-12 $4,444 Showdown MEGA Millionaire",154468,Classic,13.0,0,402,12,4444.0,2026-10-11 17:00:00+00:00,Sun 1:00PM
196421749,"NFL Satellite to NFL 10-12 $4,444 Showdown MEGA Millionaire",154468,Classic,70.0,0,72,2,4444.0,2026-10-11 17:00:00+00:00,Sun 1:00PM
196421750,"NFL Satellite to NFL 10-12 $4,444 Showdown MEGA Millionaire",154468,Classic,176.0,0,28,1,4444.0,2026-10-11 17:00:00+00:00,Sun 1:00PM
196421751,"NFL Satellite to NFL 10-12 $4,444 Showdown MEGA Millionaire",154468,Classic,448.0,0,11,1,4444.0,2026-10-11 17:00:00+00:00,Sun 1:00PM
196421505,"NFL Satellite to NFL $4,444 Fantasy Football MEGA Millionaire",154468,Classic,37.0,0,140,4,4444.0,2026-10-11 17:00:00+00:00,Sun 1:00PM
196421504,"NFL Satellite to NFL $4,444 Fantasy Football MEGA Millionaire",154468,Classic,37.0,1,140,4,4444.0,2026-10-11 17:00:00+00:00,Sun 1:00PM
196297701,NFL In-Game $25 Winner Take All [$110 to 1st] (2H ATL @ NO),154104,In-Game Showdown (H2),25.0,0,5,1,110.0,2026-10-06 01:15:00+00:00,Mon 9:15PM
196297438,NFL In-Game $400 Red Zone [Single Entry] (2H ATL @ NO),154104,In-Game Showdown (H2),50.0,0,9,1,400.0,2026-10-06 01:15:00+00:00,Mon 9:15PM
196297445,NFL In-Game $100 Daily Dollar [Single Entry] (2H ATL @ NO),154104,In-Game Showdown (H2),1.0,13,118,1,100.0,2026-10-06 01:15:00+00:00,Mon 9:15PM
196297443,NFL In-Game $100 Quarter Jukebox [Just $0.25!] (2H ATL @ NO),154104,In-Game Showdown (H2),0.25,125,475,14,100.0,2026-10-06 01:15:00+00:00,Mon 9:15PM
196298026,NFL In-Game Satellite to NFL 10-25 Midseason Warm Up Millionaire [Must Fill] (2H ATL @ NO),154104,In-Game Showdown (H2),55.0,0,3,1,150.0,2026-10-06 01:15:00+00:00,Mon 9:15PM
196421748,"NFL Satellite to NFL 10-12 $4,444 Showdown MEGA Millionaire",154468,Classic,37.0,1,140,4,4444.0,2026-10-11 17:00:00+00:00,Sun 1:00PM
196420749,"NFL $10,170 2026 FFWC Qualifier Satellite [Must Fill]",154468,Classic,3592.0,0,3,1,10170.0,2026-10-11 17:00:00+00:00,Sun 1:00PM
196421770,NFL SUPERSatellite to NFL 11-1 Midseason Main Event [2x],154468,Classic,50.0,0,68,2,3000.0,2026-10-11 17:00:00+00:00,Sun 1:00PM
196421773,NFL Satellite to NFL 11-1 Midseason Main Event,154468,Classic,17.0,0,103,3,1500.0,2026-10-11 17:00:00+00:00,Sun 1:00PM
196421774,NFL Satellite to NFL 11-1 Midseason Main Event,154468,Classic,17.0,0,103,3,1500.0,2026-10-11 17:00:00+00:00,Sun 1:00PM
196421772,NFL Satellite to NFL 11-1 Midseason Main Event,154468,Classic,17.0,0,103,3,1500.0,2026-10-11 17:00:00+00:00,Sun 1:00PM
196420214,NFL $50 Double Up,154468,Classic,50.0,2,68,2,3000.0,2026-10-11 17:00:00+00:00,Sun 1:00PM
196421736,"NFL $1,350 2026 FFWC Qualifier Satellite",154468,Classic,23.0,1,69,2,1350.0,2026-10-11 17:00:00+00:00,Sun 1:00PM
196421735,"NFL $1,350 2026 FFWC Qualifier Satellite",154468,Classic,23.0,0,69,2,1350.0,2026-10-11 17:00:00+00:00,Sun 1:00PM
196421519,NFL SUPERSatellite to NFL $555 Fantasy Football Millionaire [2x],154468,Classic,19.0,0,68,2,1110.0,2026-10-11 17:00:00+00:00,Sun 1:00PM
196422119,NFL Single Stat $1K Winner Take All [Single Entry] (Touchdowns),154503,Single Stat - Touchdowns,10.0,1,117,1,1000.0,2026-10-11 17:00:00+00:00,Sun 1:00PM
196422223,"NFL Single Stat Satellite to NFL $4,444 Fantasy Football MEGA Millionaire [Must Fill] (Touchdowns)",154503,Single Stat - Touchdowns,1570.0,0,3,1,4444.0,2026-10-11 17:00:00+00:00,Sun 1:00PM
196422226,"NFL Single Stat Satellite to NFL 10-12 $4,444 Showdown MEGA Millionaire [Must Fill] (Touchdowns)",154503,Single Stat - Touchdowns,1570.0,0,3,1,4444.0,2026-10-11 17:00:00+00:00,Sun 1:00PM
196422221,"NFL Single Stat $1,060 Winner Take All [$4K to 1st] (Must Fill) (Touchdowns)",154503,Single Stat - Touchdowns,1060.0,0,4,1,4000.0,2026-10-11 17:00:00+00:00,Sun 1:00PM
196287763,NFL Showdown Satellite to MLB 10-23 $333 Championship Perfect Game [Must Fill] (ATL @ NO),154099,Showdown Captain Mode,121.0,0,3,1,333.0,2026-10-06 00:15:00+00:00,Mon 8:15PM
196426833,NFL Showdown Satellite to NFL $333 Wildcat [Must Fill] (ATL @ NO),154099,Showdown Captain Mode,121.0,0,3,1,333.0,2026-10-06 00:15:00+00:00,Mon 8:15PM
196422035,NFL SUPERSatellite to NHL 10-13 $360 Spin-O-Rama [3x],154468,Classic,12.0,0,105,3,1080.0,2026-10-11 17:00:00+00:00,Sun 1:00PM
196421763,NFL Satellite to NFL 11-1 Midseason Main Event,154468,Classic,26.0,0,67,2,1500.0,2026-10-11 17:00:00+00:00,Sun 1:00PM
196421764,NFL Satellite to NFL 11-1 Midseason Main Event,154468,Classic,26.0,1,67,2,1500.0,2026-10-11 17:00:00+00:00,Sun 1:00PM
196421762,NFL Satellite to NFL 11-1 Midseason Main Event,154468,Classic,26.0,0,67,2,1500.0,2026-10-11 17:00:00+00:00,Sun 1:00PM
196421766,NFL Satellite to NFL 11-1 Midseason Main Event,154468,Classic,151.0,0,11,1,1500.0,2026-10-11 17:00:00+00:00,Sun 1:00PM
196421767,NFL Satellite to NFL 11-1 Midseason Main Event,154468,Classic,151.0,0,11,1,1500.0,2026-10-11 17:00:00+00:00,Sun 1:00PM
196421768,NFL Satellite to NFL 11-1 Midseason Main Event,154468,Classic,151.0,0,11,1,1500.0,2026-10-11 17:00:00+00:00,Sun 1:00PM
196421765,NFL Satellite to NFL 11-1 Midseason Main Event,154468,Classic,151.0,0,11,1,1500.0,2026-10-11 17:00:00+00:00,Sun 1:00PM
196421776,NFL Satellite to NFL 11-1 Midseason Main Event,154468,Classic,5.0,4,356,10,1500.0,2026-10-11 17:00:00+00:00,Sun 1:00PM
196421777,NFL Satellite to NFL 11-1 Midseason Main Event,154468,Classic,5.0,3,356,10,1500.0,2026-10-11 17:00:00+00:00,Sun 1:00PM
196421778,NFL Satellite to NFL 11-1 Midseason Main Event,154468,Classic,5.0,2,356,10,1500.0,2026-10-11 17:00:00+00:00,Sun 1:00PM
196421775,NFL Satellite to NFL 11-1 Midseason Main Event,154468,Classic,5.0,2,356,10,1500.0,2026-10-11 17:00:00+00:00,Sun 1:00PM
196421738,"NFL $1,350 2026 FFWC Qualifier Satellite",154468,Classic,136.0,0,11,1,1350.0,2026-10-11 17:00:00+00:00,Sun 1:00PM
196421739,"NFL $1,350 2026 FFWC Qualifier Satellite",154468,Classic,136.0,0,11,1,1350.0,2026-10-11 17:00:00+00:00,Sun 1:00PM
196421737,"NFL $1,350 2026 FFWC Qualifier Satellite",154468,Classic,136.0,0,11,1,1350.0,2026-10-11 17:00:00+00:00,Sun 1:00PM
196297449,NFL In-Game $50 Quarter Jukebox [Just $0.25!] (4Q ATL @ NO),154105,In-Game Showdown (Q4),0.25,44,237,7,50.0,2026-10-06 01:45:00+00:00,Mon 9:45PM
196298125,NFL In-Game Satellite to NFL 10-25 Midseason Warm Up Millionaire [Must Fill] (4Q ATL @ NO),154105,In-Game Showdown (Q4),55.0,0,3,1,150.0,2026-10-06 01:45:00+00:00,Mon 9:45PM
196421520,NFL SUPERSatellite to NFL $555 Fantasy Football Millionaire [2x],154468,Classic,137.0,0,9,1,1110.0,2026-10-11 17:00:00+00:00,Sun 1:00PM
196422062,NFL Satellite to NBA $888 MEGA 8's Special (10-21),154468,Classic,5.0,1,211,6,888.0,2026-10-11 17:00:00+00:00,Sun 1:00PM
196421512,NFL Satellite to NFL $555 Fantasy Football Millionaire,154468,Classic,22.0,1,29,1,555.0,2026-10-11 17:00:00+00:00,Sun 1:00PM
196421511,NFL Satellite to NFL $555 Fantasy Football Millionaire,154468,Classic,22.0,1,29,1,555.0,2026-10-11 17:00:00+00:00,Sun 1:00PM
196421514,NFL Satellite to NFL $555 Fantasy Football Millionaire,154468,Classic,9.0,3,72,2,555.0,2026-10-11 17:00:00+00:00,Sun 1:00PM
196421515,NFL Satellite to NFL $555 Fantasy Football Millionaire,154468,Classic,9.0,0,72,2,555.0,2026-10-11 17:00:00+00:00,Sun 1:00PM
196421513,NFL Satellite to NFL $555 Fantasy Football Millionaire,154468,Classic,9.0,0,72,2,555.0,2026-10-11 17:00:00+00:00,Sun 1:00PM
196421517,NFL Satellite to NFL $555 Fantasy Football Millionaire,154468,Classic,6.0,1,108,3,555.0,2026-10-11 17:00:00+00:00,Sun 1:00PM
196421518,NFL Satellite to NFL $555 Fantasy Football Millionaire,154468,Classic,6.0,1,108,3,555.0,2026-10-11 17:00:00+00:00,Sun 1:00PM
196421516,NFL Satellite to NFL $555 Fantasy Football Millionaire,154468,Classic,6.0,1,108,3,555.0,2026-10-11 17:00:00+00:00,Sun 1:00PM
196421689,NFL SUPERSat to $20 NFL Fantasy Football Millionaire [25x],154468,Classic,3.0,0,198,5,500.0,2026-10-11 17:00:00+00:00,Sun 1:00PM
196421688,NFL SUPERSat to $20 NFL Fantasy Football Millionaire [25x],154468,Classic,3.0,0,198,5,500.0,2026-10-11 17:00:00+00:00,Sun 1:00PM
196421691,NFL SUPERSat to $20 NFL Fantasy Football Millionaire [25x],154468,Classic,5.0,0,118,3,500.0,2026-10-11 17:00:00+00:00,Sun 1:00PM
196421690,NFL SUPERSat to $20 NFL Fantasy Football Millionaire [25x],154468,Classic,5.0,0,118,3,500.0,2026-10-11 17:00:00+00:00,Sun 1:00PM
196421731,NFL $490 2026 FFWC Qualifier Satellite,154468,Classic,8.0,0,72,2,490.0,2026-10-11 17:00:00+00:00,Sun 1:00PM
196421730,NFL $490 2026 FFWC Qualifier Satellite,154468,Classic,8.0,0,72,2,490.0,2026-10-11 17:00:00+00:00,Sun 1:00PM
196421733,NFL $490 2026 FFWC Qualifier Satellite,154468,Classic,18.0,0,32,1,490.0,2026-10-11 17:00:00+00:00,Sun 1:00PM
196421732,NFL $490 2026 FFWC Qualifier Satellite,154468,Classic,18.0,0,32,1,490.0,2026-10-11 17:00:00+00:00,Sun 1:00PM
196421510,NFL Satellite to NFL $555 Fantasy Football Millionaire,154468,Classic,90.0,0,7,1,555.0,2026-10-11 17:00:00+00:00,Sun 1:00PM
196421509,NFL Satellite to NFL $555 Fantasy Football Millionaire,154468,Classic,90.0,0,7,1,555.0,2026-10-11 17:00:00+00:00,Sun 1:00PM
196422031,NFL Satellite to NHL 11-3 $555 Barn Burner,154468,Classic,90.0,0,7,1,555.0,2026-10-11 17:00:00+00:00,Sun 1:00PM
196422030,NFL Satellite to NHL 11-3 $555 Barn Burner,154468,Classic,90.0,0,7,1,555.0,2026-10-11 17:00:00+00:00,Sun 1:00PM
196422032,NFL Satellite to NHL 11-3 $555 Barn Burner,154468,Classic,43.0,0,15,1,555.0,2026-10-11 17:00:00+00:00,Sun 1:00PM
196422070,NFL Satellite to UFC 333 $555 Knockout Special (10-24),154468,Classic,90.0,0,7,1,555.0,2026-10-11 17:00:00+00:00,Sun 1:00PM
196421734,NFL $490 2026 FFWC Qualifier Satellite,154468,Classic,38.0,0,15,1,490.0,2026-10-11 17:00:00+00:00,Sun 1:00PM
196421681,NFL SUPERSat to $20 NFL Fantasy Football Millionaire [25x],154468,Classic,0.25,23,2378,20,500.0,2026-10-11 17:00:00+00:00,Sun 1:00PM
196421682,NFL SUPERSat to $20 NFL Fantasy Football Millionaire [25x],154468,Classic,0.25,20,2378,20,500.0,2026-10-11 17:00:00+00:00,Sun 1:00PM
196421683,NFL SUPERSat to $20 NFL Fantasy Football Millionaire [25x],154468,Classic,0.25,21,2378,20,500.0,2026-10-11 17:00:00+00:00,Sun 1:00PM
196421680,NFL SUPERSat to $20 NFL Fantasy Football Millionaire [25x],154468,Classic,0.25,22,2378,20,500.0,2026-10-11 17:00:00+00:00,Sun 1:00PM
196421685,NFL SUPERSat to $20 NFL Fantasy Football Millionaire [25x],154468,Classic,1.0,3,594,17,500.0,2026-10-11 17:00:00+00:00,Sun 1:00PM
196421686,NFL SUPERSat to $20 NFL Fantasy Football Millionaire [25x],154468,Classic,1.0,1,594,17,500.0,2026-10-11 17:00:00+00:00,Sun 1:00PM
196421687,NFL SUPERSat to $20 NFL Fantasy Football Millionaire [25x],154468,Classic,1.0,0,594,17,500.0,2026-10-11 17:00:00+00:00,Sun 1:00PM
196421684,NFL SUPERSat to $20 NFL Fantasy Football Millionaire [25x],154468,Classic,1.0,0,594,17,500.0,2026-10-11 17:00:00+00:00,Sun 1:00PM
196420747,"NFL Satellite to NFL $4,444 Fantasy Football MEGA Millionaire [Must Fill]",154468,Classic,1570.0,0,3,1,4444.0,2026-10-11 17:00:00+00:00,Sun 1:00PM
196420750,"NFL Satellite to NFL 10-12 $4,444 Showdown MEGA Millionaire [Must Fill]",154468,Classic,1570.0,0,3,1,4444.0,2026-10-11 17:00:00+00:00,Sun 1:00PM
196420753,NFL Satellite to NFL 11-1 Midseason Main Event [Must Fill],154468,Classic,530.0,0,3,1,1500.0,2026-10-11 17:00:00+00:00,Sun 1:00PM
196422061,NFL Satellite to NBA $888 MEGA 8's Special (10-21) [Must Fill],154468,Classic,322.0,0,3,1,888.0,2026-10-11 17:00:00+00:00,Sun 1:00PM
196420748,NFL Satellite to NFL $555 Fantasy Football Millionaire [Must Fill],154468,Classic,201.0,0,3,1,555.0,2026-10-11 17:00:00+00:00,Sun 1:00PM
196422033,NFL Satellite to NHL 11-3 $555 Barn Burner [Must Fill],154468,Classic,201.0,0,3,1,555.0,2026-10-11 17:00:00+00:00,Sun 1:00PM
196422069,NFL Satellite to UFC 333 $555 Knockout Special (10-24) [Must Fill],154468,Classic,201.0,0,3,1,555.0,2026-10-11 17:00:00+00:00,Sun 1:00PM
196422068,NFL Satellite to UFC 333 $555 Knockout Special (10-24) [Must Fill],154468,Classic,201.0,0,3,1,555.0,2026-10-11 17:00:00+00:00,Sun 1:00PM
196422228,NFL Single Stat Satellite to NFL 11-1 Midseason Main Event [Must Fill] (Touchdowns),154503,Single Stat - Touchdowns,530.0,0,3,1,1500.0,2026-10-11 17:00:00+00:00,Sun 1:00PM
196422224,NFL Single Stat Satellite to NFL $555 Fantasy Football Millionaire [Must Fill] (Touchdowns),154503,Single Stat - Touchdowns,201.0,0,3,1,555.0,2026-10-11 17:00:00+00:00,Sun 1:00PM
196422229,NFL Single Stat Satellite to NFL 10-25 Midseason Warm Up Millionaire [Must Fill] (Touchdowns),154503,Single Stat - Touchdowns,55.0,0,3,1,150.0,2026-10-11 17:00:00+00:00,Sun 1:00PM
196421755,NFL Satellite to NFL $333 Wildcat,154468,Classic,17.0,2,23,1,333.0,2026-10-11 17:00:00+00:00,Sun 1:00PM
196421756,NFL Satellite to NFL $333 Wildcat,154468,Classic,17.0,0,23,1,333.0,2026-10-11 17:00:00+00:00,Sun 1:00PM
196421757,NFL Satellite to NFL $333 Wildcat,154468,Classic,17.0,1,23,1,333.0,2026-10-11 17:00:00+00:00,Sun 1:00PM
196421752,NFL Satellite to NFL $333 Wildcat,154468,Classic,5.0,0,79,2,333.0,2026-10-11 17:00:00+00:00,Sun 1:00PM
196421754,NFL Satellite to NFL $333 Wildcat,154468,Classic,5.0,0,79,2,333.0,2026-10-11 17:00:00+00:00,Sun 1:00PM
196421753,NFL Satellite to NFL $333 Wildcat,154468,Classic,5.0,2,79,2,333.0,2026-10-11 17:00:00+00:00,Sun 1:00PM
196422034,NFL Satellite to NHL 10-13 $360 Spin-O-Rama,154468,Classic,9.0,0,47,1,360.0,2026-10-11 17:00:00+00:00,Sun 1:00PM
196422086,NFL Satellite to MLB 10-23 $333 Championship Perfect Game,154468,Classic,5.0,0,79,2,333.0,2026-10-11 17:00:00+00:00,Sun 1:00PM
196422087,NFL Satellite to MLB 10-23 $333 Championship Perfect Game,154468,Classic,17.0,0,23,1,333.0,2026-10-11 17:00:00+00:00,Sun 1:00PM
196421780,NFL Satellite to NFL 10-25 Midseason Warm Up Millionaire,154468,Classic,8.0,0,22,1,150.0,2026-10-11 17:00:00+00:00,Sun 1:00PM
196421779,NFL Satellite to NFL 10-25 Midseason Warm Up Millionaire,154468,Classic,8.0,0,22,1,150.0,2026-10-11 17:00:00+00:00,Sun 1:00PM
196421782,NFL Satellite to NFL 10-25 Midseason Warm Up Millionaire,154468,Classic,11.0,0,16,1,150.0,2026-10-11 17:00:00+00:00,Sun 1:00PM
196421781,NFL Satellite to NFL 10-25 Midseason Warm Up Millionaire,154468,Classic,11.0,0,16,1,150.0,2026-10-11 17:00:00+00:00,Sun 1:00PM
196421783,NFL Satellite to NFL 10-25 Midseason Warm Up Millionaire,154468,Classic,16.0,0,11,1,150.0,2026-10-11 17:00:00+00:00,Sun 1:00PM
196421786,NFL Satellite to NFL 10-25 Midseason Warm Up Millionaire,154468,Classic,2.0,0,89,2,150.0,2026-10-11 17:00:00+00:00,Sun 1:00PM
196421745,NFL $125 2026 FFWC Qualifier Satellite,154468,Classic,7.0,0,21,1,125.0,2026-10-11 17:00:00+00:00,Sun 1:00PM
196421746,NFL $125 2026 FFWC Qualifier Satellite,154468,Classic,7.0,0,21,1,125.0,2026-10-11 17:00:00+00:00,Sun 1:00PM
196421744,NFL $125 2026 FFWC Qualifier Satellite,154468,Classic,7.0,0,21,1,125.0,2026-10-11 17:00:00+00:00,Sun 1:00PM
196421725,NFL $50 2026 FFWC Qualifier SUPERSatellite [2x],154468,Classic,9.0,0,13,1,100.0,2026-10-11 17:00:00+00:00,Sun 1:00PM
196422036,NFL Satellite to NHL 10-13 $360 Spin-O-Rama,154468,Classic,38.0,0,11,1,360.0,2026-10-11 17:00:00+00:00,Sun 1:00PM
196421759,NFL Satellite to NFL $333 Wildcat,154468,Classic,35.0,0,11,1,333.0,2026-10-11 17:00:00+00:00,Sun 1:00PM
196421758,NFL Satellite to NFL $333 Wildcat,154468,Classic,35.0,0,11,1,333.0,2026-10-11 17:00:00+00:00,Sun 1:00PM
196421761,NFL Satellite to NFL $333 Wildcat,154468,Classic,75.0,0,5,1,333.0,2026-10-11 17:00:00+00:00,Sun 1:00PM
196421760,NFL Satellite to NFL $333 Wildcat,154468,Classic,75.0,0,5,1,333.0,2026-10-11 17:00:00+00:00,Sun 1:00PM
196421728,NFL $125 2026 FFWC Qualifier Satellite,154468,Classic,29.0,0,5,1,125.0,2026-10-11 17:00:00+00:00,Sun 1:00PM
196421729,NFL $125 2026 FFWC Qualifier Satellite,154468,Classic,29.0,0,5,1,125.0,2026-10-11 17:00:00+00:00,Sun 1:00PM
196421727,NFL $125 2026 FFWC Qualifier Satellite,154468,Classic,29.0,0,5,1,125.0,2026-10-11 17:00:00+00:00,Sun 1:00PM
196421785,NFL Satellite to NFL 10-25 Midseason Warm Up Millionaire,154468,Classic,1.0,5,178,5,150.0,2026-10-11 17:00:00+00:00,Sun 1:00PM
196421784,NFL Satellite to NFL 10-25 Midseason Warm Up Millionaire,154468,Classic,1.0,6,178,5,150.0,2026-10-11 17:00:00+00:00,Sun 1:00PM
196421726,NFL $125 2026 FFWC Qualifier Satellite,154468,Classic,1.0,1,148,4,125.0,2026-10-11 17:00:00+00:00,Sun 1:00PM
196420754,NFL Satellite to NFL 10-25 Midseason Warm Up Millionaire [Must Fill],154468,Classic,55.0,0,3,1,150.0,2026-10-11 17:00:00+00:00,Sun 1:00PM
196422039,NFL Satellite to NAS Title Race (11-8) [Must Fill],154468,Classic,145.0,0,3,1,400.0,2026-10-11 17:00:00+00:00,Sun 1:00PM
196422037,NFL Satellite to NHL 10-13 $360 Spin-O-Rama [Must Fill],154468,Classic,130.0,0,3,1,360.0,2026-10-11 17:00:00+00:00,Sun 1:00PM
196420752,NFL Satellite to NFL $333 Wildcat [Must Fill],154468,Classic,121.0,0,3,1,333.0,2026-10-11 17:00:00+00:00,Sun 1:00PM
196422088,NFL Satellite to MLB 10-23 $333 Championship Perfect Game [Must Fill],154468,Classic,121.0,0,3,1,333.0,2026-10-11 17:00:00+00:00,Sun 1:00PM
196428897,NFL Showdown SUPERSat to $20 NFL Fantasy Football Millionaire [4x] (ATL @ NO),154099,Showdown Captain Mode,4.0,7,23,1,80.0,2026-10-06 00:15:00+00:00,Mon 8:15PM
196287655,NFL Showdown SUPERSat to $20 NFL Fantasy Football Millionaire [4x] (ATL @ NO),154099,Showdown Captain Mode,4.0,22,23,1,80.0,2026-10-06 00:15:00+00:00,Mon 8:15PM
196287654,NFL Showdown SUPERSat to $20 NFL Fantasy Football Millionaire [4x] (ATL @ NO),154099,Showdown Captain Mode,4.0,21,23,1,80.0,2026-10-06 00:15:00+00:00,Mon 8:15PM
196287653,NFL Showdown SUPERSat to $20 NFL Fantasy Football Millionaire [4x] (ATL @ NO),154099,Showdown Captain Mode,4.0,20,23,1,80.0,2026-10-06 00:15:00+00:00,Mon 8:15PM
196430445,NFL Showdown SUPERSat to $20 NFL Fantasy Football Millionaire [2x] (ATL @ NO),154099,Showdown Captain Mode,0.25,21,190,5,40.0,2026-10-06 00:15:00+00:00,Mon 8:15PM
196430174,NFL Showdown SUPERSat to $20 NFL Fantasy Football Millionaire [2x] (ATL @ NO),154099,Showdown Captain Mode,0.25,57,190,5,40.0,2026-10-06 00:15:00+00:00,Mon 8:15PM
196430101,NFL Showdown SUPERSat to $20 NFL Fantasy Football Millionaire [2x] (ATL @ NO),154099,Showdown Captain Mode,0.25,74,190,5,40.0,2026-10-06 00:15:00+00:00,Mon 8:15PM
196428837,NFL Showdown SUPERSat to $20 NFL Fantasy Football Millionaire [2x] (ATL @ NO),154099,Showdown Captain Mode,0.25,91,190,5,40.0,2026-10-06 00:15:00+00:00,Mon 8:15PM
196419846,NFL Showdown SUPERSat to $20 NFL Fantasy Football Millionaire [2x] (ATL @ NO),154099,Showdown Captain Mode,0.25,186,190,5,40.0,2026-10-06 00:15:00+00:00,Mon 8:15PM
196430833,NFL Showdown Satellite to $20 NFL Fantasy Football Millionaire (ATL @ NO),154099,Showdown Captain Mode,2.0,0,11,1,20.0,2026-10-06 00:15:00+00:00,Mon 8:15PM
196430829,NFL Showdown Satellite to $20 NFL Fantasy Football Millionaire (ATL @ NO),154099,Showdown Captain Mode,2.0,0,11,1,20.0,2026-10-06 00:15:00+00:00,Mon 8:15PM
196430744,NFL Showdown Satellite to $20 NFL Fantasy Football Millionaire (ATL @ NO),154099,Showdown Captain Mode,2.0,1,11,1,20.0,2026-10-06 00:15:00+00:00,Mon 8:15PM
196430323,NFL Showdown Satellite to $20 NFL Fantasy Football Millionaire (ATL @ NO),154099,Showdown Captain Mode,2.0,6,11,1,20.0,2026-10-06 00:15:00+00:00,Mon 8:15PM
196430322,NFL Showdown Satellite to $20 NFL Fantasy Football Millionaire (ATL @ NO),154099,Showdown Captain Mode,2.0,5,11,1,20.0,2026-10-06 00:15:00+00:00,Mon 8:15PM
196428607,NFL Showdown Satellite to $20 NFL Fantasy Football Millionaire (ATL @ NO),154099,Showdown Captain Mode,2.0,8,11,1,20.0,2026-10-06 00:15:00+00:00,Mon 8:15PM
196428606,NFL Showdown Satellite to $20 NFL Fantasy Football Millionaire (ATL @ NO),154099,Showdown Captain Mode,2.0,9,11,1,20.0,2026-10-06 00:15:00+00:00,Mon 8:15PM
196428605,NFL Showdown Satellite to $20 NFL Fantasy Football Millionaire (ATL @ NO),154099,Showdown Captain Mode,2.0,7,11,1,20.0,2026-10-06 00:15:00+00:00,Mon 8:15PM
196427736,NFL Showdown Satellite to $20 NFL Fantasy Football Millionaire (ATL @ NO),154099,Showdown Captain Mode,2.0,9,11,1,20.0,2026-10-06 00:15:00+00:00,Mon 8:15PM
196427318,NFL Showdown Satellite to $20 NFL Fantasy Football Millionaire (ATL @ NO),154099,Showdown Captain Mode,2.0,9,11,1,20.0,2026-10-06 00:15:00+00:00,Mon 8:15PM
196427317,NFL Showdown Satellite to $20 NFL Fantasy Football Millionaire (ATL @ NO),154099,Showdown Captain Mode,2.0,9,11,1,20.0,2026-10-06 00:15:00+00:00,Mon 8:15PM
196427316,NFL Showdown Satellite to $20 NFL Fantasy Football Millionaire (ATL @ NO),154099,Showdown Captain Mode,2.0,7,11,1,20.0,2026-10-06 00:15:00+00:00,Mon 8:15PM
196427315,NFL Showdown Satellite to $20 NFL Fantasy Football Millionaire (ATL @ NO),154099,Showdown Captain Mode,2.0,8,11,1,20.0,2026-10-06 00:15:00+00:00,Mon 8:15PM
196427314,NFL Showdown Satellite to $20 NFL Fantasy Football Millionaire (ATL @ NO),154099,Showdown Captain Mode,2.0,7,11,1,20.0,2026-10-06 00:15:00+00:00,Mon 8:15PM
196427313,NFL Showdown Satellite to $20 NFL Fantasy Football Millionaire (ATL @ NO),154099,Showdown Captain Mode,2.0,7,11,1,20.0,2026-10-06 00:15:00+00:00,Mon 8:15PM
196427312,NFL Showdown Satellite to $20 NFL Fantasy Football Millionaire (ATL @ NO),154099,Showdown Captain Mode,2.0,8,11,1,20.0,2026-10-06 00:15:00+00:00,Mon 8:15PM
196427096,NFL Showdown Satellite to $20 NFL Fantasy Football Millionaire (ATL @ NO),154099,Showdown Captain Mode,2.0,9,11,1,20.0,2026-10-06 00:15:00+00:00,Mon 8:15PM
196426910,NFL Showdown Satellite to $20 NFL Fantasy Football Millionaire (ATL @ NO),154099,Showdown Captain Mode,2.0,10,11,1,20.0,2026-10-06 00:15:00+00:00,Mon 8:15PM
196426901,NFL Showdown Satellite to $20 NFL Fantasy Football Millionaire (ATL @ NO),154099,Showdown Captain Mode,2.0,10,11,1,20.0,2026-10-06 00:15:00+00:00,Mon 8:15PM
196426894,NFL Showdown Satellite to $20 NFL Fantasy Football Millionaire (ATL @ NO),154099,Showdown Captain Mode,2.0,10,11,1,20.0,2026-10-06 00:15:00+00:00,Mon 8:15PM
196430456,NFL Showdown Satellite to $20 NFL Fantasy Football Millionaire (ATL @ NO),154099,Showdown Captain Mode,1.0,4,23,1,20.0,2026-10-06 00:15:00+00:00,Mon 8:15PM
196430218,NFL Showdown Satellite to $20 NFL Fantasy Football Millionaire (ATL @ NO),154099,Showdown Captain Mode,1.0,7,23,1,20.0,2026-10-06 00:15:00+00:00,Mon 8:15PM
196430216,NFL Showdown Satellite to $20 NFL Fantasy Football Millionaire (ATL @ NO),154099,Showdown Captain Mode,1.0,7,23,1,20.0,2026-10-06 00:15:00+00:00,Mon 8:15PM
196430187,NFL Showdown Satellite to $20 NFL Fantasy Football Millionaire (ATL @ NO),154099,Showdown Captain Mode,1.0,6,23,1,20.0,2026-10-06 00:15:00+00:00,Mon 8:15PM
196430186,NFL Showdown Satellite to $20 NFL Fantasy Football Millionaire (ATL @ NO),154099,Showdown Captain Mode,1.0,6,23,1,20.0,2026-10-06 00:15:00+00:00,Mon 8:15PM
196430185,NFL Showdown Satellite to $20 NFL Fantasy Football Millionaire (ATL @ NO),154099,Showdown Captain Mode,1.0,5,23,1,20.0,2026-10-06 00:15:00+00:00,Mon 8:15PM
196430104,NFL Showdown Satellite to $20 NFL Fantasy Football Millionaire (ATL @ NO),154099,Showdown Captain Mode,1.0,8,23,1,20.0,2026-10-06 00:15:00+00:00,Mon 8:15PM
196430103,NFL Showdown Satellite to $20 NFL Fantasy Football Millionaire (ATL @ NO),154099,Showdown Captain Mode,1.0,9,23,1,20.0,2026-10-06 00:15:00+00:00,Mon 8:15PM
196430102,NFL Showdown Satellite to $20 NFL Fantasy Football Millionaire (ATL @ NO),154099,Showdown Captain Mode,1.0,9,23,1,20.0,2026-10-06 00:15:00+00:00,Mon 8:15PM
196428611,NFL Showdown Satellite to $20 NFL Fantasy Football Millionaire (ATL @ NO),154099,Showdown Captain Mode,1.0,11,23,1,20.0,2026-10-06 00:15:00+00:00,Mon 8:15PM
196428610,NFL Showdown Satellite to $20 NFL Fantasy Football Millionaire (ATL @ NO),154099,Showdown Captain Mode,1.0,10,23,1,20.0,2026-10-06 00:15:00+00:00,Mon 8:15PM
196428609,NFL Showdown Satellite to $20 NFL Fantasy Football Millionaire (ATL @ NO),154099,Showdown Captain Mode,1.0,8,23,1,20.0,2026-10-06 00:15:00+00:00,Mon 8:15PM
196428597,NFL Showdown Satellite to $20 NFL Fantasy Football Millionaire (ATL @ NO),154099,Showdown Captain Mode,1.0,9,23,1,20.0,2026-10-06 00:15:00+00:00,Mon 8:15PM
196428596,NFL Showdown Satellite to $20 NFL Fantasy Football Millionaire (ATL @ NO),154099,Showdown Captain Mode,1.0,9,23,1,20.0,2026-10-06 00:15:00+00:00,Mon 8:15PM
196428568,NFL Showdown Satellite to $20 NFL Fantasy Football Millionaire (ATL @ NO),154099,Showdown Captain Mode,1.0,9,23,1,20.0,2026-10-06 00:15:00+00:00,Mon 8:15PM
196428560,NFL Showdown Satellite to $20 NFL Fantasy Football Millionaire (ATL @ NO),154099,Showdown Captain Mode,1.0,9,23,1,20.0,2026-10-06 00:15:00+00:00,Mon 8:15PM
196427301,NFL Showdown Satellite to $20 NFL Fantasy Football Millionaire (ATL @ NO),154099,Showdown Captain Mode,1.0,16,23,1,20.0,2026-10-06 00:15:00+00:00,Mon 8:15PM
196426908,NFL Showdown Satellite to $20 NFL Fantasy Football Millionaire (ATL @ NO),154099,Showdown Captain Mode,1.0,17,23,1,20.0,2026-10-06 00:15:00+00:00,Mon 8:15PM
196421830,NFL Showdown Satellite to $20 NFL Fantasy Football Millionaire (ATL @ NO),154099,Showdown Captain Mode,1.0,22,23,1,20.0,2026-10-06 00:15:00+00:00,Mon 8:15PM
196419820,NFL Showdown Satellite to $20 NFL Fantasy Football Millionaire (ATL @ NO),154099,Showdown Captain Mode,1.0,22,23,1,20.0,2026-10-06 00:15:00+00:00,Mon 8:15PM
196430834,NFL Showdown Satellite to $20 NFL Fantasy Football Millionaire (ATL @ NO),154099,Showdown Captain Mode,0.25,0,95,2,20.0,2026-10-06 00:15:00+00:00,Mon 8:15PM
196430484,NFL Showdown Satellite to $20 NFL Fantasy Football Millionaire (ATL @ NO),154099,Showdown Captain Mode,0.25,7,95,2,20.0,2026-10-06 00:15:00+00:00,Mon 8:15PM
196430460,NFL Showdown Satellite to $20 NFL Fantasy Football Millionaire (ATL @ NO),154099,Showdown Captain Mode,0.25,7,95,2,20.0,2026-10-06 00:15:00+00:00,Mon 8:15PM
196430457,NFL Showdown Satellite to $20 NFL Fantasy Football Millionaire (ATL @ NO),154099,Showdown Captain Mode,0.25,8,95,2,20.0,2026-10-06 00:15:00+00:00,Mon 8:15PM
196430453,NFL Showdown Satellite to $20 NFL Fantasy Football Millionaire (ATL @ NO),154099,Showdown Captain Mode,0.25,8,95,2,20.0,2026-10-06 00:15:00+00:00,Mon 8:15PM
196430439,NFL Showdown Satellite to $20 NFL Fantasy Football Millionaire (ATL @ NO),154099,Showdown Captain Mode,0.25,7,95,2,20.0,2026-10-06 00:15:00+00:00,Mon 8:15PM
196430438,NFL Showdown Satellite to $20 NFL Fantasy Football Millionaire (ATL @ NO),154099,Showdown Captain Mode,0.25,8,95,2,20.0,2026-10-06 00:15:00+00:00,Mon 8:15PM
196430298,NFL Showdown Satellite to $20 NFL Fantasy Football Millionaire (ATL @ NO),154099,Showdown Captain Mode,0.25,13,95,2,20.0,2026-10-06 00:15:00+00:00,Mon 8:15PM
196430297,NFL Showdown Satellite to $20 NFL Fantasy Football Millionaire (ATL @ NO),154099,Showdown Captain Mode,0.25,13,95,2,20.0,2026-10-06 00:15:00+00:00,Mon 8:15PM
196430250,NFL Showdown Satellite to $20 NFL Fantasy Football Millionaire (ATL @ NO),154099,Showdown Captain Mode,0.25,15,95,2,20.0,2026-10-06 00:15:00+00:00,Mon 8:15PM
196430224,NFL Showdown Satellite to $20 NFL Fantasy Football Millionaire (ATL @ NO),154099,Showdown Captain Mode,0.25,14,95,2,20.0,2026-10-06 00:15:00+00:00,Mon 8:15PM
196430177,NFL Showdown Satellite to $20 NFL Fantasy Football Millionaire (ATL @ NO),154099,Showdown Captain Mode,0.25,18,95,2,20.0,2026-10-06 00:15:00+00:00,Mon 8:15PM
196430167,NFL Showdown Satellite to $20 NFL Fantasy Football Millionaire (ATL @ NO),154099,Showdown Captain Mode,0.25,17,95,2,20.0,2026-10-06 00:15:00+00:00,Mon 8:15PM
196430166,NFL Showdown Satellite to $20 NFL Fantasy Football Millionaire (ATL @ NO),154099,Showdown Captain Mode,0.25,13,95,2,20.0,2026-10-06 00:15:00+00:00,Mon 8:15PM
196430106,NFL Showdown Satellite to $20 NFL Fantasy Football Millionaire (ATL @ NO),154099,Showdown Captain Mode,0.25,20,95,2,20.0,2026-10-06 00:15:00+00:00,Mon 8:15PM
196430105,NFL Showdown Satellite to $20 NFL Fantasy Football Millionaire (ATL @ NO),154099,Showdown Captain Mode,0.25,18,95,2,20.0,2026-10-06 00:15:00+00:00,Mon 8:15PM
196428845,NFL Showdown Satellite to $20 NFL Fantasy Football Millionaire (ATL @ NO),154099,Showdown Captain Mode,0.25,27,95,2,20.0,2026-10-06 00:15:00+00:00,Mon 8:15PM
196428706,NFL Showdown Satellite to $20 NFL Fantasy Football Millionaire (ATL @ NO),154099,Showdown Captain Mode,0.25,29,95,2,20.0,2026-10-06 00:15:00+00:00,Mon 8:15PM
196427554,NFL Showdown Satellite to $20 NFL Fantasy Football Millionaire (ATL @ NO),154099,Showdown Captain Mode,0.25,39,95,2,20.0,2026-10-06 00:15:00+00:00,Mon 8:15PM
196425360,NFL Showdown Satellite to $20 NFL Fantasy Football Millionaire (ATL @ NO),154099,Showdown Captain Mode,0.25,58,95,2,20.0,2026-10-06 00:15:00+00:00,Mon 8:15PM
196430410,NFL Showdown Satellite to $20 NFL Fantasy Football Millionaire (ATL @ NO),154099,Showdown Captain Mode,0.1,34,237,7,20.0,2026-10-06 00:15:00+00:00,Mon 8:15PM
196430258,NFL Showdown Satellite to $20 NFL Fantasy Football Millionaire (ATL @ NO),154099,Showdown Captain Mode,0.1,92,237,7,20.0,2026-10-06 00:15:00+00:00,Mon 8:15PM
196430257,NFL Showdown Satellite to $20 NFL Fantasy Football Millionaire (ATL @ NO),154099,Showdown Captain Mode,0.1,69,237,7,20.0,2026-10-06 00:15:00+00:00,Mon 8:15PM
196427361,NFL Showdown Satellite to $20 NFL Fantasy Football Millionaire (ATL @ NO),154099,Showdown Captain Mode,0.1,206,237,7,20.0,2026-10-06 00:15:00+00:00,Mon 8:15PM
196426170,NFL Showdown Satellite to $20 NFL Fantasy Football Millionaire (ATL @ NO),154099,Showdown Captain Mode,0.1,202,237,7,20.0,2026-10-06 00:15:00+00:00,Mon 8:15PM
196425361,NFL Showdown Satellite to $20 NFL Fantasy Football Millionaire (ATL @ NO),154099,Showdown Captain Mode,0.1,216,237,7,20.0,2026-10-06 00:15:00+00:00,Mon 8:15PM
196423542,NFL Showdown Satellite to $20 NFL Fantasy Football Millionaire (ATL @ NO),154099,Showdown Captain Mode,0.1,221,237,7,20.0,2026-10-06 00:15:00+00:00,Mon 8:15PM
196423541,NFL Showdown Satellite to $20 NFL Fantasy Football Millionaire (ATL @ NO),154099,Showdown Captain Mode,0.1,212,237,7,20.0,2026-10-06 00:15:00+00:00,Mon 8:15PM
196423318,NFL Showdown Satellite to $20 NFL Fantasy Football Millionaire (ATL @ NO),154099,Showdown Captain Mode,0.1,191,237,7,20.0,2026-10-06 00:15:00+00:00,Mon 8:15PM
196423315,NFL Showdown Satellite to $20 NFL Fantasy Football Millionaire (ATL @ NO),154099,Showdown Captain Mode,0.1,195,237,7,20.0,2026-10-06 00:15:00+00:00,Mon 8:15PM
196423223,NFL Showdown Satellite to $20 NFL Fantasy Football Millionaire (ATL @ NO),154099,Showdown Captain Mode,0.1,203,237,7,20.0,2026-10-06 00:15:00+00:00,Mon 8:15PM
196422282,NFL Showdown Satellite to $20 NFL Fantasy Football Millionaire (ATL @ NO),154099,Showdown Captain Mode,0.1,195,237,7,20.0,2026-10-06 00:15:00+00:00,Mon 8:15PM
196422279,NFL Showdown Satellite to $20 NFL Fantasy Football Millionaire (ATL @ NO),154099,Showdown Captain Mode,0.1,190,237,7,20.0,2026-10-06 00:15:00+00:00,Mon 8:15PM
196420776,NFL Showdown Satellite to $20 NFL Fantasy Football Millionaire (ATL @ NO),154099,Showdown Captain Mode,0.1,195,237,7,20.0,2026-10-06 00:15:00+00:00,Mon 8:15PM
196420775,NFL Showdown Satellite to $20 NFL Fantasy Football Millionaire (ATL @ NO),154099,Showdown Captain Mode,0.1,190,237,7,20.0,2026-10-06 00:15:00+00:00,Mon 8:15PM
196420755,NFL Showdown Satellite to $20 NFL Fantasy Football Millionaire (ATL @ NO),154099,Showdown Captain Mode,0.1,190,237,7,20.0,2026-10-06 00:15:00+00:00,Mon 8:15PM
196420280,NFL Showdown Satellite to $20 NFL Fantasy Football Millionaire (ATL @ NO),154099,Showdown Captain Mode,0.1,180,237,7,20.0,2026-10-06 00:15:00+00:00,Mon 8:15PM
196419745,NFL Showdown Satellite to $20 NFL Fantasy Football Millionaire (ATL @ NO),154099,Showdown Captain Mode,0.1,206,237,7,20.0,2026-10-06 00:15:00+00:00,Mon 8:15PM
196419744,NFL Showdown Satellite to $20 NFL Fantasy Football Millionaire (ATL @ NO),154099,Showdown Captain Mode,0.1,212,237,7,20.0,2026-10-06 00:15:00+00:00,Mon 8:15PM
196419736,NFL Showdown Satellite to $20 NFL Fantasy Football Millionaire (ATL @ NO),154099,Showdown Captain Mode,0.1,214,237,7,20.0,2026-10-06 00:15:00+00:00,Mon 8:15PM
196419531,NFL Showdown Satellite to $20 NFL Fantasy Football Millionaire (ATL @ NO),154099,Showdown Captain Mode,0.1,216,237,7,20.0,2026-10-06 00:15:00+00:00,Mon 8:15PM
196419476,NFL Showdown Satellite to $20 NFL Fantasy Football Millionaire (ATL @ NO),154099,Showdown Captain Mode,0.1,220,237,7,20.0,2026-10-06 00:15:00+00:00,Mon 8:15PM
196287673,NFL Showdown $33 2026 FFWC Qualifier Satellite (ATL @ NO),154099,Showdown Captain Mode,3.0,7,13,1,33.0,2026-10-06 00:15:00+00:00,Mon 8:15PM
196287672,NFL Showdown $33 2026 FFWC Qualifier Satellite (ATL @ NO),154099,Showdown Captain Mode,1.0,17,39,1,33.0,2026-10-06 00:15:00+00:00,Mon 8:15PM
196287671,NFL Showdown $18 2026 FFWC Qualifier Satellite (ATL @ NO),154099,Showdown Captain Mode,3.0,6,7,1,18.0,2026-10-06 00:15:00+00:00,Mon 8:15PM
196287670,NFL Showdown $18 2026 FFWC Qualifier Satellite (ATL @ NO),154099,Showdown Captain Mode,3.0,5,7,1,18.0,2026-10-06 00:15:00+00:00,Mon 8:15PM
196287669,NFL Showdown $18 2026 FFWC Qualifier Satellite (ATL @ NO),154099,Showdown Captain Mode,1.0,12,21,1,18.0,2026-10-06 00:15:00+00:00,Mon 8:15PM
196287668,NFL Showdown $18 2026 FFWC Qualifier Satellite (ATL @ NO),154099,Showdown Captain Mode,0.25,63,85,2,18.0,2026-10-06 00:15:00+00:00,Mon 8:15PM
196422230,NFL Showdown $5 2026 FFWC Qualifier Satellite (ATL @ NO),154099,Showdown Captain Mode,1.0,4,7,1,6.0,2026-10-06 00:15:00+00:00,Mon 8:15PM
196422372,NFL Showdown $5 2026 FFWC Qualifier Satellite (ATL @ NO),154099,Showdown Captain Mode,0.5,12,14,1,6.0,2026-10-06 00:15:00+00:00,Mon 8:15PM
196420803,NFL Showdown $5 2026 FFWC Qualifier Satellite (ATL @ NO),154099,Showdown Captain Mode,0.5,11,14,1,6.0,2026-10-06 00:15:00+00:00,Mon 8:15PM
196423661,NFL Showdown $5 2026 FFWC Qualifier Satellite (ATL @ NO),154099,Showdown Captain Mode,0.1,41,71,2,6.0,2026-10-06 00:15:00+00:00,Mon 8:15PM
196423652,NFL Showdown $5 2026 FFWC Qualifier Satellite (ATL @ NO),154099,Showdown Captain Mode,0.1,39,71,2,6.0,2026-10-06 00:15:00+00:00,Mon 8:15PM
196287759,NFL Showdown Satellite to EPL $25 Boxing Day Special Ticket (12-26) (ATL @ NO),154099,Showdown Captain Mode,4.0,4,7,1,25.0,2026-10-06 00:15:00+00:00,Mon 8:15PM
196287760,NFL Showdown Satellite to EPL $25 Boxing Day Special Ticket (12-26) (ATL @ NO),154099,Showdown Captain Mode,1.0,14,29,1,25.0,2026-10-06 00:15:00+00:00,Mon 8:15PM
196287758,NFL Showdown Satellite to UFC 333 $25 Special (10-24) [2x] (ATL @ NO),154099,Showdown Captain Mode,3.0,13,19,1,50.0,2026-10-06 00:15:00+00:00,Mon 8:15PM
196287755,NFL Showdown Satellite to UFC 333 $25 Special (10-24) (ATL @ NO),154099,Showdown Captain Mode,0.25,106,118,3,25.0,2026-10-06 00:15:00+00:00,Mon 8:15PM
196287756,NFL Showdown Satellite to UFC 333 $25 Special (10-24) (ATL @ NO),154099,Showdown Captain Mode,0.5,40,59,1,25.0,2026-10-06 00:15:00+00:00,Mon 8:15PM
196426961,NFL Showdown Satellite to UFC 333 $25 Special (10-24) (ATL @ NO),154099,Showdown Captain Mode,1.0,10,29,1,25.0,2026-10-06 00:15:00+00:00,Mon 8:15PM
196287752,NFL Showdown SUPERSatellite to NBA 10-20 $20 Opening Tip Off [2x] (ATL @ NO),154099,Showdown Captain Mode,0.1,454,475,14,40.0,2026-10-06 00:15:00+00:00,Mon 8:15PM
196287750,NFL Showdown Satellite to NBA 10-20 $20 Opening Tip Off (ATL @ NO),154099,Showdown Captain Mode,2.0,9,11,1,20.0,2026-10-06 00:15:00+00:00,Mon 8:15PM
196287749,NFL Showdown Satellite to NBA 10-20 $20 Opening Tip Off (ATL @ NO),154099,Showdown Captain Mode,2.0,8,11,1,20.0,2026-10-06 00:15:00+00:00,Mon 8:15PM
196287748,NFL Showdown Satellite to NBA 10-20 $20 Opening Tip Off (ATL @ NO),154099,Showdown Captain Mode,1.0,18,23,1,20.0,2026-10-06 00:15:00+00:00,Mon 8:15PM
196287747,NFL Showdown Satellite to NBA 10-20 $20 Opening Tip Off (ATL @ NO),154099,Showdown Captain Mode,1.0,19,23,1,20.0,2026-10-06 00:15:00+00:00,Mon 8:15PM
196287746,NFL Showdown Satellite to NBA 10-20 $20 Opening Tip Off (ATL @ NO),154099,Showdown Captain Mode,0.25,76,95,2,20.0,2026-10-06 00:15:00+00:00,Mon 8:15PM
196287745,NFL Showdown Satellite to NBA 10-20 $20 Opening Tip Off (ATL @ NO),154099,Showdown Captain Mode,0.25,77,95,2,20.0,2026-10-06 00:15:00+00:00,Mon 8:15PM
196287744,NFL Showdown Satellite to NBA 10-20 $20 Opening Tip Off (ATL @ NO),154099,Showdown Captain Mode,0.1,235,237,7,20.0,2026-10-06 00:15:00+00:00,Mon 8:15PM
196287743,NFL Showdown Satellite to NBA 10-20 $20 Opening Tip Off (ATL @ NO),154099,Showdown Captain Mode,0.1,226,237,7,20.0,2026-10-06 00:15:00+00:00,Mon 8:15PM
196287509,NFL Showdown $100 Contest (ATL @ NO),154099,Showdown Captain Mode,100.0,10,11,1,1000.0,2026-10-06 00:15:00+00:00,Mon 8:15PM
196287490,NFL Showdown $50 Contest (ATL @ NO),154099,Showdown Captain Mode,50.0,10,11,1,500.0,2026-10-06 00:15:00+00:00,Mon 8:15PM
196287491,NFL Showdown $27 Contest (ATL @ NO),154099,Showdown Captain Mode,27.0,16,21,1,500.0,2026-10-06 00:15:00+00:00,Mon 8:15PM
196287492,NFL Showdown $9 Contest (ATL @ NO),154099,Showdown Captain Mode,9.0,30,39,1,300.0,2026-10-06 00:15:00+00:00,Mon 8:15PM
196287493,NFL Showdown $5 Contest (ATL @ NO),154099,Showdown Captain Mode,5.0,31,47,1,200.0,2026-10-06 00:15:00+00:00,Mon 8:15PM
196427097,NFL Showdown $3 Contest (ATL @ NO),154099,Showdown Captain Mode,3.0,55,118,3,300.0,2026-10-06 00:15:00+00:00,Mon 8:15PM
196287494,NFL Showdown $3 Contest (ATL @ NO),154099,Showdown Captain Mode,3.0,104,118,3,300.0,2026-10-06 00:15:00+00:00,Mon 8:15PM
196425993,NFL Showdown $1 Contest (ATL @ NO),154099,Showdown Captain Mode,1.0,68,118,3,100.0,2026-10-06 00:15:00+00:00,Mon 8:15PM
196287515,NFL Showdown $1 Contest (ATL @ NO),154099,Showdown Captain Mode,1.0,106,118,3,100.0,2026-10-06 00:15:00+00:00,Mon 8:15PM
196287498,NFL Showdown $1 Contest (ATL @ NO),154099,Showdown Captain Mode,1.0,90,118,3,100.0,2026-10-06 00:15:00+00:00,Mon 8:15PM
196287497,NFL Showdown $1 Contest (ATL @ NO),154099,Showdown Captain Mode,1.0,73,118,3,100.0,2026-10-06 00:15:00+00:00,Mon 8:15PM
196287496,NFL Showdown $1 Contest (ATL @ NO),154099,Showdown Captain Mode,1.0,76,118,3,100.0,2026-10-06 00:15:00+00:00,Mon 8:15PM
196430088,NFL Showdown $0.25 Contest (ATL @ NO),154099,Showdown Captain Mode,0.25,82,237,7,50.0,2026-10-06 00:15:00+00:00,Mon 8:15PM
196429081,NFL Showdown $0.25 Contest (ATL @ NO),154099,Showdown Captain Mode,0.25,87,237,7,50.0,2026-10-06 00:15:00+00:00,Mon 8:15PM
196428253,NFL Showdown $0.25 Contest (ATL @ NO),154099,Showdown Captain Mode,0.25,109,237,7,50.0,2026-10-06 00:15:00+00:00,Mon 8:15PM
196425381,NFL Showdown $0.25 Contest (ATL @ NO),154099,Showdown Captain Mode,0.25,179,237,7,50.0,2026-10-06 00:15:00+00:00,Mon 8:15PM
196287510,NFL Showdown $0.25 Contest (ATL @ NO),154099,Showdown Captain Mode,0.25,222,237,7,50.0,2026-10-06 00:15:00+00:00,Mon 8:15PM
196287508,NFL Showdown $0.25 Contest (ATL @ NO),154099,Showdown Captain Mode,0.25,221,237,7,50.0,2026-10-06 00:15:00+00:00,Mon 8:15PM
196287507,NFL Showdown $0.25 Contest (ATL @ NO),154099,Showdown Captain Mode,0.25,191,237,7,50.0,2026-10-06 00:15:00+00:00,Mon 8:15PM
196287506,NFL Showdown $0.25 Contest (ATL @ NO),154099,Showdown Captain Mode,0.25,184,237,7,50.0,2026-10-06 00:15:00+00:00,Mon 8:15PM
196287505,NFL Showdown $0.25 Contest (ATL @ NO),154099,Showdown Captain Mode,0.25,188,237,7,50.0,2026-10-06 00:15:00+00:00,Mon 8:15PM
196287504,NFL Showdown $0.25 Contest (ATL @ NO),154099,Showdown Captain Mode,0.25,171,237,7,50.0,2026-10-06 00:15:00+00:00,Mon 8:15PM
196287503,NFL Showdown $0.25 Contest (ATL @ NO),154099,Showdown Captain Mode,0.25,174,237,7,50.0,2026-10-06 00:15:00+00:00,Mon 8:15PM
196287502,NFL Showdown $0.25 Contest (ATL @ NO),154099,Showdown Captain Mode,0.25,171,237,7,50.0,2026-10-06 00:15:00+00:00,Mon 8:15PM
196287501,NFL Showdown $0.25 Contest (ATL @ NO),154099,Showdown Captain Mode,0.25,177,237,7,50.0,2026-10-06 00:15:00+00:00,Mon 8:15PM
196287500,NFL Showdown $0.25 Contest (ATL @ NO),154099,Showdown Captain Mode,0.25,172,237,7,50.0,2026-10-06 00:15:00+00:00,Mon 8:15PM
196287499,NFL Showdown $0.25 Contest (ATL @ NO),154099,Showdown Captain Mode,0.25,192,237,7,50.0,2026-10-06 00:15:00+00:00,Mon 8:15PM
196428577,NFL Showdown $267 Winner Take All [$1K to 1st] (ATL @ NO),154099,Showdown Captain Mode,267.0,1,4,1,1000.0,2026-10-06 00:15:00+00:00,Mon 8:15PM
196427535,NFL Showdown $267 Winner Take All [$1K to 1st] (ATL @ NO),154099,Showdown Captain Mode,267.0,2,4,1,1000.0,2026-10-06 00:15:00+00:00,Mon 8:15PM
196427365,NFL Showdown $267 Winner Take All [$1K to 1st] (ATL @ NO),154099,Showdown Captain Mode,267.0,1,4,1,1000.0,2026-10-06 00:15:00+00:00,Mon 8:15PM
196415399,NFL Showdown $267 Winner Take All [$1K to 1st] (ATL @ NO),154099,Showdown Captain Mode,267.0,2,4,1,1000.0,2026-10-06 00:15:00+00:00,Mon 8:15PM
196287486,NFL Showdown $267 Winner Take All [$1K to 1st] (ATL @ NO),154099,Showdown Captain Mode,267.0,2,4,1,1000.0,2026-10-06 00:15:00+00:00,Mon 8:15PM
196287485,NFL Showdown $267 Winner Take All [$1K to 1st] (ATL @ NO),154099,Showdown Captain Mode,267.0,2,4,1,1000.0,2026-10-06 00:15:00+00:00,Mon 8:15PM
196287484,NFL Showdown $267 Winner Take All [$1K to 1st] (ATL @ NO),154099,Showdown Captain Mode,267.0,2,4,1,1000.0,2026-10-06 00:15:00+00:00,Mon 8:15PM
196287483,NFL Showdown $267 Winner Take All [$1K to 1st] (ATL @ NO),154099,Showdown Captain Mode,267.0,2,4,1,1000.0,2026-10-06 00:15:00+00:00,Mon 8:15PM
196287482,NFL Showdown $267 Winner Take All [$1K to 1st] (ATL @ NO),154099,Showdown Captain Mode,267.0,2,4,1,1000.0,2026-10-06 00:15:00+00:00,Mon 8:15PM
196287480,NFL Showdown $267 Winner Take All [$1K to 1st] (ATL @ NO),154099,Showdown Captain Mode,267.0,2,4,1,1000.0,2026-10-06 00:15:00+00:00,Mon 8:15PM
196287449,NFL Showdown $100 Winner Take All [$1K to 1st] (ATL @ NO),154099,Showdown Captain Mode,100.0,10,11,1,1000.0,2026-10-06 00:15:00+00:00,Mon 8:15PM
196430837,NFL Showdown $85 Winner Take All [$300 to 1st] (ATL @ NO),154099,Showdown Captain Mode,85.0,0,4,1,300.0,2026-10-06 00:15:00+00:00,Mon 8:15PM
196418506,NFL Showdown $85 Winner Take All [$300 to 1st] (ATL @ NO),154099,Showdown Captain Mode,85.0,1,4,1,300.0,2026-10-06 00:15:00+00:00,Mon 8:15PM
196287434,NFL Showdown $85 Winner Take All [$300 to 1st] (ATL @ NO),154099,Showdown Captain Mode,85.0,2,4,1,300.0,2026-10-06 00:15:00+00:00,Mon 8:15PM
196287432,NFL Showdown $85 Winner Take All [$300 to 1st] (ATL @ NO),154099,Showdown Captain Mode,85.0,2,4,1,300.0,2026-10-06 00:15:00+00:00,Mon 8:15PM
196287431,NFL Showdown $85 Winner Take All [$300 to 1st] (ATL @ NO),154099,Showdown Captain Mode,85.0,3,4,1,300.0,2026-10-06 00:15:00+00:00,Mon 8:15PM
196287430,NFL Showdown $85 Winner Take All [$300 to 1st] (ATL @ NO),154099,Showdown Captain Mode,85.0,2,4,1,300.0,2026-10-06 00:15:00+00:00,Mon 8:15PM
196287429,NFL Showdown $85 Winner Take All [$300 to 1st] (ATL @ NO),154099,Showdown Captain Mode,85.0,2,4,1,300.0,2026-10-06 00:15:00+00:00,Mon 8:15PM
196428833,NFL Showdown $5 Winner Take All [$100 to 1st] (ATL @ NO),154099,Showdown Captain Mode,5.0,4,23,1,100.0,2026-10-06 00:15:00+00:00,Mon 8:15PM
196427169,NFL Showdown $5 Winner Take All [$100 to 1st] (ATL @ NO),154099,Showdown Captain Mode,5.0,17,23,1,100.0,2026-10-06 00:15:00+00:00,Mon 8:15PM
196426637,NFL Showdown $5 Winner Take All [$100 to 1st] (ATL @ NO),154099,Showdown Captain Mode,5.0,12,23,1,100.0,2026-10-06 00:15:00+00:00,Mon 8:15PM
196425997,NFL Showdown $5 Winner Take All [$100 to 1st] (ATL @ NO),154099,Showdown Captain Mode,5.0,12,23,1,100.0,2026-10-06 00:15:00+00:00,Mon 8:15PM
196418719,NFL Showdown $5 Winner Take All [$100 to 1st] (ATL @ NO),154099,Showdown Captain Mode,5.0,15,23,1,100.0,2026-10-06 00:15:00+00:00,Mon 8:15PM
196287454,NFL Showdown $5 Winner Take All [$100 to 1st] (ATL @ NO),154099,Showdown Captain Mode,5.0,20,23,1,100.0,2026-10-06 00:15:00+00:00,Mon 8:15PM
196287453,NFL Showdown $5 Winner Take All [$100 to 1st] (ATL @ NO),154099,Showdown Captain Mode,5.0,20,23,1,100.0,2026-10-06 00:15:00+00:00,Mon 8:15PM
196287462,NFL Showdown $3 Winner Take All [$100 to 1st] (ATL @ NO),154099,Showdown Captain Mode,3.0,30,39,1,100.0,2026-10-06 00:15:00+00:00,Mon 8:15PM
196287461,NFL Showdown $3 Winner Take All [$100 to 1st] (ATL @ NO),154099,Showdown Captain Mode,3.0,22,39,1,100.0,2026-10-06 00:15:00+00:00,Mon 8:15PM
196287460,NFL Showdown $3 Winner Take All [$100 to 1st] (ATL @ NO),154099,Showdown Captain Mode,3.0,22,39,1,100.0,2026-10-06 00:15:00+00:00,Mon 8:15PM
196287459,NFL Showdown $3 Winner Take All [$100 to 1st] (ATL @ NO),154099,Showdown Captain Mode,3.0,24,39,1,100.0,2026-10-06 00:15:00+00:00,Mon 8:15PM
196430093,NFL Showdown $1 Winner Take All [$100 to 1st] (ATL @ NO),154099,Showdown Captain Mode,1.0,48,118,3,100.0,2026-10-06 00:15:00+00:00,Mon 8:15PM
196430065,NFL Showdown $1 Winner Take All [$100 to 1st] (ATL @ NO),154099,Showdown Captain Mode,1.0,46,118,3,100.0,2026-10-06 00:15:00+00:00,Mon 8:15PM
196430053,NFL Showdown $1 Winner Take All [$100 to 1st] (ATL @ NO),154099,Showdown Captain Mode,1.0,40,118,3,100.0,2026-10-06 00:15:00+00:00,Mon 8:15PM
196429972,NFL Showdown $1 Winner Take All [$100 to 1st] (ATL @ NO),154099,Showdown Captain Mode,1.0,46,118,3,100.0,2026-10-06 00:15:00+00:00,Mon 8:15PM
196428900,NFL Showdown $1 Winner Take All [$100 to 1st] (ATL @ NO),154099,Showdown Captain Mode,1.0,48,118,3,100.0,2026-10-06 00:15:00+00:00,Mon 8:15PM
196428554,NFL Showdown $1 Winner Take All [$100 to 1st] (ATL @ NO),154099,Showdown Captain Mode,1.0,60,118,3,100.0,2026-10-06 00:15:00+00:00,Mon 8:15PM
196427894,NFL Showdown $1 Winner Take All [$100 to 1st] (ATL @ NO),154099,Showdown Captain Mode,1.0,69,118,3,100.0,2026-10-06 00:15:00+00:00,Mon 8:15PM
196427578,NFL Showdown $1 Winner Take All [$100 to 1st] (ATL @ NO),154099,Showdown Captain Mode,1.0,80,118,3,100.0,2026-10-06 00:15:00+00:00,Mon 8:15PM
196423828,NFL Showdown $1 Winner Take All [$100 to 1st] (ATL @ NO),154099,Showdown Captain Mode,1.0,115,118,3,100.0,2026-10-06 00:15:00+00:00,Mon 8:15PM
196422371,NFL Showdown $1 Winner Take All [$100 to 1st] (ATL @ NO),154099,Showdown Captain Mode,1.0,110,118,3,100.0,2026-10-06 00:15:00+00:00,Mon 8:15PM
196430622,NFL Showdown $0.25 Winner Take All [$100 to 1st] (ATL @ NO),154099,Showdown Captain Mode,0.25,61,475,10,100.0,2026-10-06 00:15:00+00:00,Mon 8:15PM
196430531,NFL Showdown $0.25 Winner Take All [$100 to 1st] (ATL @ NO),154099,Showdown Captain Mode,0.25,70,475,10,100.0,2026-10-06 00:15:00+00:00,Mon 8:15PM
196430270,NFL Showdown $0.25 Winner Take All [$100 to 1st] (ATL @ NO),154099,Showdown Captain Mode,0.25,142,475,10,100.0,2026-10-06 00:15:00+00:00,Mon 8:15PM
196430112,NFL Showdown $0.25 Winner Take All [$100 to 1st] (ATL @ NO),154099,Showdown Captain Mode,0.25,184,475,10,100.0,2026-10-06 00:15:00+00:00,Mon 8:15PM
196430049,NFL Showdown $0.25 Winner Take All [$100 to 1st] (ATL @ NO),154099,Showdown Captain Mode,0.25,175,475,10,100.0,2026-10-06 00:15:00+00:00,Mon 8:15PM
196429074,NFL Showdown $0.25 Winner Take All [$100 to 1st] (ATL @ NO),154099,Showdown Captain Mode,0.25,206,475,10,100.0,2026-10-06 00:15:00+00:00,Mon 8:15PM
196429073,NFL Showdown $0.25 Winner Take All [$100 to 1st] (ATL @ NO),154099,Showdown Captain Mode,0.25,196,475,10,100.0,2026-10-06 00:15:00+00:00,Mon 8:15PM
196429072,NFL Showdown $0.25 Winner Take All [$100 to 1st] (ATL @ NO),154099,Showdown Captain Mode,0.25,203,475,10,100.0,2026-10-06 00:15:00+00:00,Mon 8:15PM
196428807,NFL Showdown $0.25 Winner Take All [$100 to 1st] (ATL @ NO),154099,Showdown Captain Mode,0.25,223,475,10,100.0,2026-10-06 00:15:00+00:00,Mon 8:15PM
196428685,NFL Showdown $0.25 Winner Take All [$100 to 1st] (ATL @ NO),154099,Showdown Captain Mode,0.25,211,475,10,100.0,2026-10-06 00:15:00+00:00,Mon 8:15PM
196428682,NFL Showdown $0.25 Winner Take All [$100 to 1st] (ATL @ NO),154099,Showdown Captain Mode,0.25,187,475,10,100.0,2026-10-06 00:15:00+00:00,Mon 8:15PM
196427559,NFL Showdown $0.25 Winner Take All [$100 to 1st] (ATL @ NO),154099,Showdown Captain Mode,0.25,300,475,10,100.0,2026-10-06 00:15:00+00:00,Mon 8:15PM
196427192,NFL Showdown $0.25 Winner Take All [$100 to 1st] (ATL @ NO),154099,Showdown Captain Mode,0.25,306,475,10,100.0,2026-10-06 00:15:00+00:00,Mon 8:15PM
196426675,NFL Showdown $0.25 Winner Take All [$100 to 1st] (ATL @ NO),154099,Showdown Captain Mode,0.25,363,475,10,100.0,2026-10-06 00:15:00+00:00,Mon 8:15PM
196425875,NFL Showdown $0.25 Winner Take All [$100 to 1st] (ATL @ NO),154099,Showdown Captain Mode,0.25,407,475,10,100.0,2026-10-06 00:15:00+00:00,Mon 8:15PM
196420855,NFL Showdown $0.25 Winner Take All [$100 to 1st] (ATL @ NO),154099,Showdown Captain Mode,0.25,437,475,10,100.0,2026-10-06 00:15:00+00:00,Mon 8:15PM
196287288,Casual NFL Showdown 10x Booster [Top 3 Win $50] (ATL @ NO),154099,Showdown Captain Mode,5.0,6,35,1,150.0,2026-10-06 00:15:00+00:00,Mon 8:15PM
196430223,NFL Showdown 10x Booster [Top 3 Win $100] (ATL @ NO),154099,Showdown Captain Mode,10.0,15,35,1,300.0,2026-10-06 00:15:00+00:00,Mon 8:15PM
196427732,NFL Showdown 10x Booster [Top 3 Win $100] (ATL @ NO),154099,Showdown Captain Mode,10.0,17,35,1,300.0,2026-10-06 00:15:00+00:00,Mon 8:15PM
196426993,NFL Showdown 10x Booster [Top 3 Win $100] (ATL @ NO),154099,Showdown Captain Mode,10.0,21,35,1,300.0,2026-10-06 00:15:00+00:00,Mon 8:15PM
196425851,NFL Showdown 10x Booster [Top 3 Win $100] (ATL @ NO),154099,Showdown Captain Mode,10.0,21,35,1,300.0,2026-10-06 00:15:00+00:00,Mon 8:15PM
196420802,NFL Showdown 10x Booster [Top 3 Win $100] (ATL @ NO),154099,Showdown Captain Mode,10.0,28,35,1,300.0,2026-10-06 00:15:00+00:00,Mon 8:15PM
196430574,NFL Showdown 10x Booster [Top 5 Win $50] (ATL @ NO),154099,Showdown Captain Mode,5.0,5,59,1,250.0,2026-10-06 00:15:00+00:00,Mon 8:15PM
196428840,NFL Showdown 10x Booster [Top 5 Win $50] (ATL @ NO),154099,Showdown Captain Mode,5.0,31,59,1,250.0,2026-10-06 00:15:00+00:00,Mon 8:15PM
196419848,NFL Showdown 10x Booster [Top 5 Win $50] (ATL @ NO),154099,Showdown Captain Mode,5.0,55,59,1,250.0,2026-10-06 00:15:00+00:00,Mon 8:15PM
196430329,NFL Showdown 10x Booster [Top 5 Win $20] (ATL @ NO),154099,Showdown Captain Mode,2.0,10,59,1,100.0,2026-10-06 00:15:00+00:00,Mon 8:15PM
196426355,NFL Showdown 10x Booster [Top 5 Win $20] (ATL @ NO),154099,Showdown Captain Mode,2.0,45,59,1,100.0,2026-10-06 00:15:00+00:00,Mon 8:15PM
196287221,NFL Showdown 10x Booster [Top 5 Win $20] (ATL @ NO),154099,Showdown Captain Mode,2.0,56,59,1,100.0,2026-10-06 00:15:00+00:00,Mon 8:15PM
196287220,NFL Showdown 10x Booster [Top 5 Win $20] (ATL @ NO),154099,Showdown Captain Mode,2.0,43,59,1,100.0,2026-10-06 00:15:00+00:00,Mon 8:15PM
196287219,NFL Showdown 10x Booster [Top 5 Win $20] (ATL @ NO),154099,Showdown Captain Mode,2.0,43,59,1,100.0,2026-10-06 00:15:00+00:00,Mon 8:15PM
196427253,NFL Showdown 10x Booster [Top 3 Win $20] (ATL @ NO),154099,Showdown Captain Mode,2.0,17,35,1,60.0,2026-10-06 00:15:00+00:00,Mon 8:15PM
196427252,NFL Showdown 10x Booster [Top 3 Win $20] (ATL @ NO),154099,Showdown Captain Mode,2.0,14,35,1,60.0,2026-10-06 00:15:00+00:00,Mon 8:15PM
196430447,NFL Showdown 40x Micro Booster [Top 5 Win $10] (ATL @ NO),154099,Showdown Captain Mode,0.25,33,237,7,50.0,2026-10-06 00:15:00+00:00,Mon 8:15PM
196430296,NFL Showdown 40x Micro Booster [Top 5 Win $10] (ATL @ NO),154099,Showdown Captain Mode,0.25,70,237,7,50.0,2026-10-06 00:15:00+00:00,Mon 8:15PM
196427621,NFL Showdown 40x Micro Booster [Top 5 Win $10] (ATL @ NO),154099,Showdown Captain Mode,0.25,171,237,7,50.0,2026-10-06 00:15:00+00:00,Mon 8:15PM
196427620,NFL Showdown 40x Micro Booster [Top 5 Win $10] (ATL @ NO),154099,Showdown Captain Mode,0.25,129,237,7,50.0,2026-10-06 00:15:00+00:00,Mon 8:15PM
196427331,NFL Showdown 40x Micro Booster [Top 5 Win $10] (ATL @ NO),154099,Showdown Captain Mode,0.25,137,237,7,50.0,2026-10-06 00:15:00+00:00,Mon 8:15PM
196427028,NFL Showdown 40x Micro Booster [Top 5 Win $10] (ATL @ NO),154099,Showdown Captain Mode,0.25,163,237,7,50.0,2026-10-06 00:15:00+00:00,Mon 8:15PM
196425773,NFL Showdown 40x Micro Booster [Top 5 Win $10] (ATL @ NO),154099,Showdown Captain Mode,0.25,219,237,7,50.0,2026-10-06 00:15:00+00:00,Mon 8:15PM
196425643,NFL Showdown 40x Micro Booster [Top 5 Win $10] (ATL @ NO),154099,Showdown Captain Mode,0.25,189,237,7,50.0,2026-10-06 00:15:00+00:00,Mon 8:15PM
196421833,NFL Showdown 40x Micro Booster [Top 5 Win $10] (ATL @ NO),154099,Showdown Captain Mode,0.25,210,237,7,50.0,2026-10-06 00:15:00+00:00,Mon 8:15PM
196419351,NFL Showdown 40x Micro Booster [Top 5 Win $10] (ATL @ NO),154099,Showdown Captain Mode,0.25,234,237,7,50.0,2026-10-06 00:15:00+00:00,Mon 8:15PM
196419134,NFL Showdown 40x Micro Booster [Top 5 Win $10] (ATL @ NO),154099,Showdown Captain Mode,0.25,212,237,7,50.0,2026-10-06 00:15:00+00:00,Mon 8:15PM
196418781,NFL Showdown 40x Micro Booster [Top 5 Win $10] (ATL @ NO),154099,Showdown Captain Mode,0.25,196,237,7,50.0,2026-10-06 00:15:00+00:00,Mon 8:15PM
196287228,NFL Showdown $25 Quintuple Up [Top 4 Win $125] (ATL @ NO),154099,Showdown Captain Mode,25.0,15,22,1,500.0,2026-10-06 00:15:00+00:00,Mon 8:15PM
196287227,NFL Showdown $25 Quintuple Up [Top 4 Win $125] (ATL @ NO),154099,Showdown Captain Mode,25.0,10,22,1,500.0,2026-10-06 00:15:00+00:00,Mon 8:15PM
196430594,NFL Showdown $10 Quintuple Up [Top 5 Win $50] (ATL @ NO),154099,Showdown Captain Mode,10.0,2,28,1,250.0,2026-10-06 00:15:00+00:00,Mon 8:15PM
196287229,NFL Showdown $10 Quintuple Up [Top 5 Win $50] (ATL @ NO),154099,Showdown Captain Mode,10.0,27,28,1,250.0,2026-10-06 00:15:00+00:00,Mon 8:15PM
196430621,NFL Showdown $5 Quintuple Up [Top 5 Win $25] (ATL @ NO),154099,Showdown Captain Mode,5.0,3,28,1,125.0,2026-10-06 00:15:00+00:00,Mon 8:15PM
196430358,NFL Showdown $5 Quintuple Up [Top 5 Win $25] (ATL @ NO),154099,Showdown Captain Mode,5.0,4,28,1,125.0,2026-10-06 00:15:00+00:00,Mon 8:15PM
196426041,NFL Showdown $5 Quintuple Up [Top 5 Win $25] (ATL @ NO),154099,Showdown Captain Mode,5.0,18,28,1,125.0,2026-10-06 00:15:00+00:00,Mon 8:15PM
196418684,NFL Showdown $5 Quintuple Up [Top 5 Win $25] (ATL @ NO),154099,Showdown Captain Mode,5.0,26,28,1,125.0,2026-10-06 00:15:00+00:00,Mon 8:15PM
196287242,NFL Showdown $5 Quintuple Up [Top 5 Win $25] (ATL @ NO),154099,Showdown Captain Mode,5.0,23,28,1,125.0,2026-10-06 00:15:00+00:00,Mon 8:15PM
196287241,NFL Showdown $5 Quintuple Up [Top 5 Win $25] (ATL @ NO),154099,Showdown Captain Mode,5.0,23,28,1,125.0,2026-10-06 00:15:00+00:00,Mon 8:15PM
196287240,NFL Showdown $5 Quintuple Up [Top 5 Win $25] (ATL @ NO),154099,Showdown Captain Mode,5.0,22,28,1,125.0,2026-10-06 00:15:00+00:00,Mon 8:15PM
196430361,NFL Showdown $1 Quintuple Up [Top 5 Win $5] (ATL @ NO),154099,Showdown Captain Mode,1.0,3,28,1,25.0,2026-10-06 00:15:00+00:00,Mon 8:15PM
196430221,NFL Showdown $1 Quintuple Up [Top 5 Win $5] (ATL @ NO),154099,Showdown Captain Mode,1.0,6,28,1,25.0,2026-10-06 00:15:00+00:00,Mon 8:15PM
196429905,NFL Showdown $1 Quintuple Up [Top 5 Win $5] (ATL @ NO),154099,Showdown Captain Mode,1.0,17,28,1,25.0,2026-10-06 00:15:00+00:00,Mon 8:15PM
196427694,NFL Showdown $1 Quintuple Up [Top 5 Win $5] (ATL @ NO),154099,Showdown Captain Mode,1.0,15,28,1,25.0,2026-10-06 00:15:00+00:00,Mon 8:15PM
196426727,NFL Showdown $1 Quintuple Up [Top 5 Win $5] (ATL @ NO),154099,Showdown Captain Mode,1.0,20,28,1,25.0,2026-10-06 00:15:00+00:00,Mon 8:15PM
196421832,NFL Showdown $1 Quintuple Up [Top 5 Win $5] (ATL @ NO),154099,Showdown Captain Mode,1.0,21,28,1,25.0,2026-10-06 00:15:00+00:00,Mon 8:15PM
196419737,NFL Showdown $1 Quintuple Up [Top 5 Win $5] (ATL @ NO),154099,Showdown Captain Mode,1.0,19,28,1,25.0,2026-10-06 00:15:00+00:00,Mon 8:15PM
196419611,NFL Showdown $1 Quintuple Up [Top 5 Win $5] (ATL @ NO),154099,Showdown Captain Mode,1.0,20,28,1,25.0,2026-10-06 00:15:00+00:00,Mon 8:15PM
196287524,NFL Showdown $1 Quintuple Up [Top 5 Win $5] (ATL @ NO),154099,Showdown Captain Mode,1.0,24,28,1,25.0,2026-10-06 00:15:00+00:00,Mon 8:15PM
196287523,NFL Showdown $1 Quintuple Up [Top 5 Win $5] (ATL @ NO),154099,Showdown Captain Mode,1.0,17,28,1,25.0,2026-10-06 00:15:00+00:00,Mon 8:15PM
196287256,NFL Showdown $1 Quintuple Up [Top 5 Win $5] (ATL @ NO),154099,Showdown Captain Mode,1.0,19,28,1,25.0,2026-10-06 00:15:00+00:00,Mon 8:15PM
196287255,NFL Showdown $1 Quintuple Up [Top 5 Win $5] (ATL @ NO),154099,Showdown Captain Mode,1.0,18,28,1,25.0,2026-10-06 00:15:00+00:00,Mon 8:15PM
196287254,NFL Showdown $1 Quintuple Up [Top 5 Win $5] (ATL @ NO),154099,Showdown Captain Mode,1.0,15,28,1,25.0,2026-10-06 00:15:00+00:00,Mon 8:15PM
196287253,NFL Showdown $1 Quintuple Up [Top 5 Win $5] (ATL @ NO),154099,Showdown Captain Mode,1.0,14,28,1,25.0,2026-10-06 00:15:00+00:00,Mon 8:15PM
196287252,NFL Showdown $1 Quintuple Up [Top 5 Win $5] (ATL @ NO),154099,Showdown Captain Mode,1.0,14,28,1,25.0,2026-10-06 00:15:00+00:00,Mon 8:15PM
196287251,NFL Showdown $1 Quintuple Up [Top 5 Win $5] (ATL @ NO),154099,Showdown Captain Mode,1.0,13,28,1,25.0,2026-10-06 00:15:00+00:00,Mon 8:15PM
196287250,NFL Showdown $1 Quintuple Up [Top 5 Win $5] (ATL @ NO),154099,Showdown Captain Mode,1.0,12,28,1,25.0,2026-10-06 00:15:00+00:00,Mon 8:15PM
196287249,NFL Showdown $1 Quintuple Up [Top 5 Win $5] (ATL @ NO),154099,Showdown Captain Mode,1.0,15,28,1,25.0,2026-10-06 00:15:00+00:00,Mon 8:15PM
196287248,NFL Showdown $1 Quintuple Up [Top 5 Win $5] (ATL @ NO),154099,Showdown Captain Mode,1.0,16,28,1,25.0,2026-10-06 00:15:00+00:00,Mon 8:15PM
196287247,NFL Showdown $1 Quintuple Up [Top 5 Win $5] (ATL @ NO),154099,Showdown Captain Mode,1.0,20,28,1,25.0,2026-10-06 00:15:00+00:00,Mon 8:15PM
196287210,NFL Showdown $250 Triple Up [Top 3 Win $750] (ATL @ NO),154099,Showdown Captain Mode,250.0,6,10,1,2250.0,2026-10-06 00:15:00+00:00,Mon 8:15PM
196428754,NFL Showdown $100 Triple Up [Top 3 Win $300] (ATL @ NO),154099,Showdown Captain Mode,100.0,1,10,1,900.0,2026-10-06 00:15:00+00:00,Mon 8:15PM
196287289,NFL Showdown $50 Triple Up [Top 5 Win $150] (ATL @ NO),154099,Showdown Captain Mode,50.0,10,17,1,750.0,2026-10-06 00:15:00+00:00,Mon 8:15PM
196287291,NFL Showdown $25 Triple Up [Top 9 Win $75] (ATL @ NO),154099,Showdown Captain Mode,25.0,24,31,1,675.0,2026-10-06 00:15:00+00:00,Mon 8:15PM
196287294,NFL Showdown $10 Triple Up [Top 9 Win $30] (ATL @ NO),154099,Showdown Captain Mode,10.0,27,31,1,270.0,2026-10-06 00:15:00+00:00,Mon 8:15PM
196287293,NFL Showdown $10 Triple Up [Top 9 Win $30] (ATL @ NO),154099,Showdown Captain Mode,10.0,28,31,1,270.0,2026-10-06 00:15:00+00:00,Mon 8:15PM
196287292,NFL Showdown $10 Triple Up [Top 9 Win $30] (ATL @ NO),154099,Showdown Captain Mode,10.0,28,31,1,270.0,2026-10-06 00:15:00+00:00,Mon 8:15PM
196429907,NFL Showdown $5 Triple Up [Top 9 Win $15] (ATL @ NO),154099,Showdown Captain Mode,5.0,6,31,1,135.0,2026-10-06 00:15:00+00:00,Mon 8:15PM
196287304,NFL Showdown $5 Triple Up [Top 9 Win $15] (ATL @ NO),154099,Showdown Captain Mode,5.0,28,31,1,135.0,2026-10-06 00:15:00+00:00,Mon 8:15PM
196287303,NFL Showdown $5 Triple Up [Top 9 Win $15] (ATL @ NO),154099,Showdown Captain Mode,5.0,28,31,1,135.0,2026-10-06 00:15:00+00:00,Mon 8:15PM
196287302,NFL Showdown $5 Triple Up [Top 9 Win $15] (ATL @ NO),154099,Showdown Captain Mode,5.0,26,31,1,135.0,2026-10-06 00:15:00+00:00,Mon 8:15PM
196287301,NFL Showdown $5 Triple Up [Top 9 Win $15] (ATL @ NO),154099,Showdown Captain Mode,5.0,24,31,1,135.0,2026-10-06 00:15:00+00:00,Mon 8:15PM
196287300,NFL Showdown $5 Triple Up [Top 9 Win $15] (ATL @ NO),154099,Showdown Captain Mode,5.0,22,31,1,135.0,2026-10-06 00:15:00+00:00,Mon 8:15PM
196287299,NFL Showdown $5 Triple Up [Top 9 Win $15] (ATL @ NO),154099,Showdown Captain Mode,5.0,23,31,1,135.0,2026-10-06 00:15:00+00:00,Mon 8:15PM
196287298,NFL Showdown $5 Triple Up [Top 9 Win $15] (ATL @ NO),154099,Showdown Captain Mode,5.0,25,31,1,135.0,2026-10-06 00:15:00+00:00,Mon 8:15PM
196287297,NFL Showdown $5 Triple Up [Top 9 Win $15] (ATL @ NO),154099,Showdown Captain Mode,5.0,22,31,1,135.0,2026-10-06 00:15:00+00:00,Mon 8:15PM
196287296,NFL Showdown $5 Triple Up [Top 9 Win $15] (ATL @ NO),154099,Showdown Captain Mode,5.0,22,31,1,135.0,2026-10-06 00:15:00+00:00,Mon 8:15PM
196287295,NFL Showdown $5 Triple Up [Top 9 Win $15] (ATL @ NO),154099,Showdown Captain Mode,5.0,20,31,1,135.0,2026-10-06 00:15:00+00:00,Mon 8:15PM
196430173,NFL Showdown $1 Triple Up [Top 9 Win $3] (ATL @ NO),154099,Showdown Captain Mode,1.0,7,31,1,27.0,2026-10-06 00:15:00+00:00,Mon 8:15PM
196427068,NFL Showdown $1 Triple Up [Top 9 Win $3] (ATL @ NO),154099,Showdown Captain Mode,1.0,16,31,1,27.0,2026-10-06 00:15:00+00:00,Mon 8:15PM
196426232,NFL Showdown $1 Triple Up [Top 9 Win $3] (ATL @ NO),154099,Showdown Captain Mode,1.0,17,31,1,27.0,2026-10-06 00:15:00+00:00,Mon 8:15PM
196422002,NFL Showdown $1 Triple Up [Top 9 Win $3] (ATL @ NO),154099,Showdown Captain Mode,1.0,24,31,1,27.0,2026-10-06 00:15:00+00:00,Mon 8:15PM
196418327,NFL Showdown $1 Triple Up [Top 9 Win $3] (ATL @ NO),154099,Showdown Captain Mode,1.0,23,31,1,27.0,2026-10-06 00:15:00+00:00,Mon 8:15PM
196287318,NFL Showdown $1 Triple Up [Top 9 Win $3] (ATL @ NO),154099,Showdown Captain Mode,1.0,24,31,1,27.0,2026-10-06 00:15:00+00:00,Mon 8:15PM
196287317,NFL Showdown $1 Triple Up [Top 9 Win $3] (ATL @ NO),154099,Showdown Captain Mode,1.0,25,31,1,27.0,2026-10-06 00:15:00+00:00,Mon 8:15PM
196287316,NFL Showdown $1 Triple Up [Top 9 Win $3] (ATL @ NO),154099,Showdown Captain Mode,1.0,22,31,1,27.0,2026-10-06 00:15:00+00:00,Mon 8:15PM
196287315,NFL Showdown $1 Triple Up [Top 9 Win $3] (ATL @ NO),154099,Showdown Captain Mode,1.0,22,31,1,27.0,2026-10-06 00:15:00+00:00,Mon 8:15PM
196287314,NFL Showdown $1 Triple Up [Top 9 Win $3] (ATL @ NO),154099,Showdown Captain Mode,1.0,28,31,1,27.0,2026-10-06 00:15:00+00:00,Mon 8:15PM
196287313,NFL Showdown $1 Triple Up [Top 9 Win $3] (ATL @ NO),154099,Showdown Captain Mode,1.0,21,31,1,27.0,2026-10-06 00:15:00+00:00,Mon 8:15PM
196287312,NFL Showdown $1 Triple Up [Top 9 Win $3] (ATL @ NO),154099,Showdown Captain Mode,1.0,20,31,1,27.0,2026-10-06 00:15:00+00:00,Mon 8:15PM
196287311,NFL Showdown $1 Triple Up [Top 9 Win $3] (ATL @ NO),154099,Showdown Captain Mode,1.0,18,31,1,27.0,2026-10-06 00:15:00+00:00,Mon 8:15PM
196287310,NFL Showdown $1 Triple Up [Top 9 Win $3] (ATL @ NO),154099,Showdown Captain Mode,1.0,18,31,1,27.0,2026-10-06 00:15:00+00:00,Mon 8:15PM
196287309,NFL Showdown $1 Triple Up [Top 9 Win $3] (ATL @ NO),154099,Showdown Captain Mode,1.0,19,31,1,27.0,2026-10-06 00:15:00+00:00,Mon 8:15PM
196287308,NFL Showdown $1 Triple Up [Top 9 Win $3] (ATL @ NO),154099,Showdown Captain Mode,1.0,20,31,1,27.0,2026-10-06 00:15:00+00:00,Mon 8:15PM
196287307,NFL Showdown $1 Triple Up [Top 9 Win $3] (ATL @ NO),154099,Showdown Captain Mode,1.0,26,31,1,27.0,2026-10-06 00:15:00+00:00,Mon 8:15PM
196287365,Casual NFL Showdown $10 Double Up (ATL @ NO),154099,Showdown Captain Mode,10.0,2,11,1,100.0,2026-10-06 00:15:00+00:00,Mon 8:15PM
196287368,Casual NFL Showdown $5 Double Up (ATL @ NO),154099,Showdown Captain Mode,5.0,10,23,1,100.0,2026-10-06 00:15:00+00:00,Mon 8:15PM
196287367,Casual NFL Showdown $1 Double Up (ATL @ NO),154099,Showdown Captain Mode,1.0,17,23,1,20.0,2026-10-06 00:15:00+00:00,Mon 8:15PM
196287366,Casual NFL Showdown $1 Double Up (ATL @ NO),154099,Showdown Captain Mode,1.0,10,23,1,20.0,2026-10-06 00:15:00+00:00,Mon 8:15PM
196287287,NFL Showdown $250 Double Up (ATL @ NO),154099,Showdown Captain Mode,250.0,7,11,1,2500.0,2026-10-06 00:15:00+00:00,Mon 8:15PM
196287531,NFL Showdown $100 Double Up (ATL @ NO),154099,Showdown Captain Mode,100.0,7,11,1,1000.0,2026-10-06 00:15:00+00:00,Mon 8:15PM
196287369,NFL Showdown $50 Double Up (ATL @ NO),154099,Showdown Captain Mode,50.0,8,11,1,500.0,2026-10-06 00:15:00+00:00,Mon 8:15PM
196287363,NFL Showdown $50 Double Up (ATL @ NO),154099,Showdown Captain Mode,50.0,7,11,1,500.0,2026-10-06 00:15:00+00:00,Mon 8:15PM
196418316,NFL Showdown $25 Double Up (ATL @ NO),154099,Showdown Captain Mode,25.0,9,11,1,250.0,2026-10-06 00:15:00+00:00,Mon 8:15PM
196287407,NFL Showdown $25 Double Up (ATL @ NO),154099,Showdown Captain Mode,25.0,8,11,1,250.0,2026-10-06 00:15:00+00:00,Mon 8:15PM
196287406,NFL Showdown $25 Double Up (ATL @ NO),154099,Showdown Captain Mode,25.0,7,11,1,250.0,2026-10-06 00:15:00+00:00,Mon 8:15PM
196287373,NFL Showdown $25 Double Up (ATL @ NO),154099,Showdown Captain Mode,25.0,7,11,1,250.0,2026-10-06 00:15:00+00:00,Mon 8:15PM
196287372,NFL Showdown $25 Double Up (ATL @ NO),154099,Showdown Captain Mode,25.0,8,11,1,250.0,2026-10-06 00:15:00+00:00,Mon 8:15PM
196287371,NFL Showdown $25 Double Up (ATL @ NO),154099,Showdown Captain Mode,25.0,6,11,1,250.0,2026-10-06 00:15:00+00:00,Mon 8:15PM
196287370,NFL Showdown $25 Double Up (ATL @ NO),154099,Showdown Captain Mode,25.0,7,11,1,250.0,2026-10-06 00:15:00+00:00,Mon 8:15PM
196287234,NFL Showdown $25 Double Up (ATL @ NO),154099,Showdown Captain Mode,25.0,6,11,1,250.0,2026-10-06 00:15:00+00:00,Mon 8:15PM
196287233,NFL Showdown $25 Double Up (ATL @ NO),154099,Showdown Captain Mode,25.0,6,11,1,250.0,2026-10-06 00:15:00+00:00,Mon 8:15PM
196287232,NFL Showdown $25 Double Up (ATL @ NO),154099,Showdown Captain Mode,25.0,6,11,1,250.0,2026-10-06 00:15:00+00:00,Mon 8:15PM
196287231,NFL Showdown $25 Double Up (ATL @ NO),154099,Showdown Captain Mode,25.0,6,11,1,250.0,2026-10-06 00:15:00+00:00,Mon 8:15PM
196287230,NFL Showdown $25 Double Up (ATL @ NO),154099,Showdown Captain Mode,25.0,6,11,1,250.0,2026-10-06 00:15:00+00:00,Mon 8:15PM
196287534,NFL Showdown $15 Double Up (ATL @ NO),154099,Showdown Captain Mode,15.0,14,16,1,210.0,2026-10-06 00:15:00+00:00,Mon 8:15PM
196287533,NFL Showdown $15 Double Up (ATL @ NO),154099,Showdown Captain Mode,15.0,11,16,1,210.0,2026-10-06 00:15:00+00:00,Mon 8:15PM
196287362,NFL Showdown $10 Double Up (ATL @ NO),154099,Showdown Captain Mode,10.0,32,39,1,340.0,2026-10-06 00:15:00+00:00,Mon 8:15PM
196287532,NFL Showdown $10 Double Up (ATL @ NO),154099,Showdown Captain Mode,10.0,14,23,1,200.0,2026-10-06 00:15:00+00:00,Mon 8:15PM
196287364,NFL Showdown $10 Double Up (ATL @ NO),154099,Showdown Captain Mode,10.0,13,23,1,200.0,2026-10-06 00:15:00+00:00,Mon 8:15PM
196423983,NFL Showdown $10 Double Up (ATL @ NO),154099,Showdown Captain Mode,10.0,5,11,1,100.0,2026-10-06 00:15:00+00:00,Mon 8:15PM
196287428,NFL Showdown $10 Double Up (ATL @ NO),154099,Showdown Captain Mode,10.0,9,11,1,100.0,2026-10-06 00:15:00+00:00,Mon 8:15PM
196287426,NFL Showdown $10 Double Up (ATL @ NO),154099,Showdown Captain Mode,10.0,6,11,1,100.0,2026-10-06 00:15:00+00:00,Mon 8:15PM
196287405,NFL Showdown $10 Double Up (ATL @ NO),154099,Showdown Captain Mode,10.0,5,11,1,100.0,2026-10-06 00:15:00+00:00,Mon 8:15PM
196287404,NFL Showdown $10 Double Up (ATL @ NO),154099,Showdown Captain Mode,10.0,6,11,1,100.0,2026-10-06 00:15:00+00:00,Mon 8:15PM
196287403,NFL Showdown $10 Double Up (ATL @ NO),154099,Showdown Captain Mode,10.0,6,11,1,100.0,2026-10-06 00:15:00+00:00,Mon 8:15PM
196287402,NFL Showdown $10 Double Up (ATL @ NO),154099,Showdown Captain Mode,10.0,7,11,1,100.0,2026-10-06 00:15:00+00:00,Mon 8:15PM
196287328,NFL Showdown $10 Double Up (ATL @ NO),154099,Showdown Captain Mode,10.0,6,11,1,100.0,2026-10-06 00:15:00+00:00,Mon 8:15PM
196287327,NFL Showdown $10 Double Up (ATL @ NO),154099,Showdown Captain Mode,10.0,7,11,1,100.0,2026-10-06 00:15:00+00:00,Mon 8:15PM
196287326,NFL Showdown $10 Double Up (ATL @ NO),154099,Showdown Captain Mode,10.0,7,11,1,100.0,2026-10-06 00:15:00+00:00,Mon 8:15PM
196287325,NFL Showdown $10 Double Up (ATL @ NO),154099,Showdown Captain Mode,10.0,7,11,1,100.0,2026-10-06 00:15:00+00:00,Mon 8:15PM
196287324,NFL Showdown $10 Double Up (ATL @ NO),154099,Showdown Captain Mode,10.0,9,11,1,100.0,2026-10-06 00:15:00+00:00,Mon 8:15PM
196287361,NFL Showdown $5 Double Up (ATL @ NO),154099,Showdown Captain Mode,5.0,35,39,1,170.0,2026-10-06 00:15:00+00:00,Mon 8:15PM
196287360,NFL Showdown $5 Double Up (ATL @ NO),154099,Showdown Captain Mode,5.0,32,39,1,170.0,2026-10-06 00:15:00+00:00,Mon 8:15PM
196430249,NFL Showdown $5 Double Up (ATL @ NO),154099,Showdown Captain Mode,5.0,1,23,1,100.0,2026-10-06 00:15:00+00:00,Mon 8:15PM
196287437,NFL Showdown $5 Double Up (ATL @ NO),154099,Showdown Captain Mode,5.0,15,23,1,100.0,2026-10-06 00:15:00+00:00,Mon 8:15PM
196287436,NFL Showdown $5 Double Up (ATL @ NO),154099,Showdown Captain Mode,5.0,14,23,1,100.0,2026-10-06 00:15:00+00:00,Mon 8:15PM
196287412,NFL Showdown $5 Double Up (ATL @ NO),154099,Showdown Captain Mode,5.0,15,23,1,100.0,2026-10-06 00:15:00+00:00,Mon 8:15PM
196287411,NFL Showdown $5 Double Up (ATL @ NO),154099,Showdown Captain Mode,5.0,12,23,1,100.0,2026-10-06 00:15:00+00:00,Mon 8:15PM
196287410,NFL Showdown $5 Double Up (ATL @ NO),154099,Showdown Captain Mode,5.0,12,23,1,100.0,2026-10-06 00:15:00+00:00,Mon 8:15PM
196287409,NFL Showdown $5 Double Up (ATL @ NO),154099,Showdown Captain Mode,5.0,12,23,1,100.0,2026-10-06 00:15:00+00:00,Mon 8:15PM
196287378,NFL Showdown $5 Double Up (ATL @ NO),154099,Showdown Captain Mode,5.0,11,23,1,100.0,2026-10-06 00:15:00+00:00,Mon 8:15PM
196287377,NFL Showdown $5 Double Up (ATL @ NO),154099,Showdown Captain Mode,5.0,12,23,1,100.0,2026-10-06 00:15:00+00:00,Mon 8:15PM
196287376,NFL Showdown $5 Double Up (ATL @ NO),154099,Showdown Captain Mode,5.0,12,23,1,100.0,2026-10-06 00:15:00+00:00,Mon 8:15PM
196287375,NFL Showdown $5 Double Up (ATL @ NO),154099,Showdown Captain Mode,5.0,12,23,1,100.0,2026-10-06 00:15:00+00:00,Mon 8:15PM
196287374,NFL Showdown $5 Double Up (ATL @ NO),154099,Showdown Captain Mode,5.0,15,23,1,100.0,2026-10-06 00:15:00+00:00,Mon 8:15PM
196287359,NFL Showdown $3 Double Up (ATL @ NO),154099,Showdown Captain Mode,3.0,59,62,1,162.0,2026-10-06 00:15:00+00:00,Mon 8:15PM
196287358,NFL Showdown $3 Double Up (ATL @ NO),154099,Showdown Captain Mode,3.0,42,62,1,162.0,2026-10-06 00:15:00+00:00,Mon 8:15PM
196287357,NFL Showdown $3 Double Up (ATL @ NO),154099,Showdown Captain Mode,3.0,35,39,1,102.0,2026-10-06 00:15:00+00:00,Mon 8:15PM
196287356,NFL Showdown $3 Double Up (ATL @ NO),154099,Showdown Captain Mode,3.0,34,39,1,102.0,2026-10-06 00:15:00+00:00,Mon 8:15PM
196430208,NFL Showdown $3 Double Up (ATL @ NO),154099,Showdown Captain Mode,3.0,4,23,1,60.0,2026-10-06 00:15:00+00:00,Mon 8:15PM
196287415,NFL Showdown $3 Double Up (ATL @ NO),154099,Showdown Captain Mode,3.0,19,23,1,60.0,2026-10-06 00:15:00+00:00,Mon 8:15PM
196287413,NFL Showdown $3 Double Up (ATL @ NO),154099,Showdown Captain Mode,3.0,18,23,1,60.0,2026-10-06 00:15:00+00:00,Mon 8:15PM
196287381,NFL Showdown $3 Double Up (ATL @ NO),154099,Showdown Captain Mode,3.0,18,23,1,60.0,2026-10-06 00:15:00+00:00,Mon 8:15PM
196287380,NFL Showdown $3 Double Up (ATL @ NO),154099,Showdown Captain Mode,3.0,15,23,1,60.0,2026-10-06 00:15:00+00:00,Mon 8:15PM
196287379,NFL Showdown $3 Double Up (ATL @ NO),154099,Showdown Captain Mode,3.0,16,23,1,60.0,2026-10-06 00:15:00+00:00,Mon 8:15PM
196287261,NFL Showdown $3 Double Up (ATL @ NO),154099,Showdown Captain Mode,3.0,15,23,1,60.0,2026-10-06 00:15:00+00:00,Mon 8:15PM
196287260,NFL Showdown $3 Double Up (ATL @ NO),154099,Showdown Captain Mode,3.0,15,23,1,60.0,2026-10-06 00:15:00+00:00,Mon 8:15PM
196287259,NFL Showdown $3 Double Up (ATL @ NO),154099,Showdown Captain Mode,3.0,15,23,1,60.0,2026-10-06 00:15:00+00:00,Mon 8:15PM
196287258,NFL Showdown $3 Double Up (ATL @ NO),154099,Showdown Captain Mode,3.0,16,23,1,60.0,2026-10-06 00:15:00+00:00,Mon 8:15PM
196287257,NFL Showdown $3 Double Up (ATL @ NO),154099,Showdown Captain Mode,3.0,22,23,1,60.0,2026-10-06 00:15:00+00:00,Mon 8:15PM
196430536,NFL Showdown $1 Double Up (ATL @ NO),154099,Showdown Captain Mode,1.0,5,62,1,54.0,2026-10-06 00:15:00+00:00,Mon 8:15PM
196426476,NFL Showdown $1 Double Up (ATL @ NO),154099,Showdown Captain Mode,1.0,37,62,1,54.0,2026-10-06 00:15:00+00:00,Mon 8:15PM
196425877,NFL Showdown $1 Double Up (ATL @ NO),154099,Showdown Captain Mode,1.0,34,62,1,54.0,2026-10-06 00:15:00+00:00,Mon 8:15PM
196287352,NFL Showdown $1 Double Up (ATL @ NO),154099,Showdown Captain Mode,1.0,58,62,1,54.0,2026-10-06 00:15:00+00:00,Mon 8:15PM
196287351,NFL Showdown $1 Double Up (ATL @ NO),154099,Showdown Captain Mode,1.0,51,62,1,54.0,2026-10-06 00:15:00+00:00,Mon 8:15PM
196287350,NFL Showdown $1 Double Up (ATL @ NO),154099,Showdown Captain Mode,1.0,46,62,1,54.0,2026-10-06 00:15:00+00:00,Mon 8:15PM
196287349,NFL Showdown $1 Double Up (ATL @ NO),154099,Showdown Captain Mode,1.0,39,62,1,54.0,2026-10-06 00:15:00+00:00,Mon 8:15PM
196287348,NFL Showdown $1 Double Up (ATL @ NO),154099,Showdown Captain Mode,1.0,39,62,1,54.0,2026-10-06 00:15:00+00:00,Mon 8:15PM
196287347,NFL Showdown $1 Double Up (ATL @ NO),154099,Showdown Captain Mode,1.0,41,62,1,54.0,2026-10-06 00:15:00+00:00,Mon 8:15PM
196287346,NFL Showdown $1 Double Up (ATL @ NO),154099,Showdown Captain Mode,1.0,40,62,1,54.0,2026-10-06 00:15:00+00:00,Mon 8:15PM
196287345,NFL Showdown $1 Double Up (ATL @ NO),154099,Showdown Captain Mode,1.0,41,62,1,54.0,2026-10-06 00:15:00+00:00,Mon 8:15PM
196287344,NFL Showdown $1 Double Up (ATL @ NO),154099,Showdown Captain Mode,1.0,44,62,1,54.0,2026-10-06 00:15:00+00:00,Mon 8:15PM
196287343,NFL Showdown $1 Double Up (ATL @ NO),154099,Showdown Captain Mode,1.0,40,62,1,54.0,2026-10-06 00:15:00+00:00,Mon 8:15PM
196287342,NFL Showdown $1 Double Up (ATL @ NO),154099,Showdown Captain Mode,1.0,41,62,1,54.0,2026-10-06 00:15:00+00:00,Mon 8:15PM
196287341,NFL Showdown $1 Double Up (ATL @ NO),154099,Showdown Captain Mode,1.0,41,62,1,54.0,2026-10-06 00:15:00+00:00,Mon 8:15PM
196287340,NFL Showdown $1 Double Up (ATL @ NO),154099,Showdown Captain Mode,1.0,36,39,1,34.0,2026-10-06 00:15:00+00:00,Mon 8:15PM
196287339,NFL Showdown $1 Double Up (ATL @ NO),154099,Showdown Captain Mode,1.0,30,39,1,34.0,2026-10-06 00:15:00+00:00,Mon 8:15PM
196287338,NFL Showdown $1 Double Up (ATL @ NO),154099,Showdown Captain Mode,1.0,28,39,1,34.0,2026-10-06 00:15:00+00:00,Mon 8:15PM
196287337,NFL Showdown $1 Double Up (ATL @ NO),154099,Showdown Captain Mode,1.0,30,39,1,34.0,2026-10-06 00:15:00+00:00,Mon 8:15PM
196287336,NFL Showdown $1 Double Up (ATL @ NO),154099,Showdown Captain Mode,1.0,28,39,1,34.0,2026-10-06 00:15:00+00:00,Mon 8:15PM
196287335,NFL Showdown $1 Double Up (ATL @ NO),154099,Showdown Captain Mode,1.0,27,39,1,34.0,2026-10-06 00:15:00+00:00,Mon 8:15PM
196287334,NFL Showdown $1 Double Up (ATL @ NO),154099,Showdown Captain Mode,1.0,28,39,1,34.0,2026-10-06 00:15:00+00:00,Mon 8:15PM
196287333,NFL Showdown $1 Double Up (ATL @ NO),154099,Showdown Captain Mode,1.0,27,39,1,34.0,2026-10-06 00:15:00+00:00,Mon 8:15PM
196287332,NFL Showdown $1 Double Up (ATL @ NO),154099,Showdown Captain Mode,1.0,29,39,1,34.0,2026-10-06 00:15:00+00:00,Mon 8:15PM
196287331,NFL Showdown $1 Double Up (ATL @ NO),154099,Showdown Captain Mode,1.0,28,39,1,34.0,2026-10-06 00:15:00+00:00,Mon 8:15PM
196287330,NFL Showdown $1 Double Up (ATL @ NO),154099,Showdown Captain Mode,1.0,27,39,1,34.0,2026-10-06 00:15:00+00:00,Mon 8:15PM
196287329,NFL Showdown $1 Double Up (ATL @ NO),154099,Showdown Captain Mode,1.0,28,39,1,34.0,2026-10-06 00:15:00+00:00,Mon 8:15PM
196426640,NFL Showdown $1 Double Up (ATL @ NO),154099,Showdown Captain Mode,1.0,12,23,1,20.0,2026-10-06 00:15:00+00:00,Mon 8:15PM
196426638,NFL Showdown $1 Double Up (ATL @ NO),154099,Showdown Captain Mode,1.0,10,23,1,20.0,2026-10-06 00:15:00+00:00,Mon 8:15PM
196426229,NFL Showdown $1 Double Up (ATL @ NO),154099,Showdown Captain Mode,1.0,10,23,1,20.0,2026-10-06 00:15:00+00:00,Mon 8:15PM
196426163,NFL Showdown $1 Double Up (ATL @ NO),154099,Showdown Captain Mode,1.0,12,23,1,20.0,2026-10-06 00:15:00+00:00,Mon 8:15PM
196426162,NFL Showdown $1 Double Up (ATL @ NO),154099,Showdown Captain Mode,1.0,11,23,1,20.0,2026-10-06 00:15:00+00:00,Mon 8:15PM
196426161,NFL Showdown $1 Double Up (ATL @ NO),154099,Showdown Captain Mode,1.0,12,23,1,20.0,2026-10-06 00:15:00+00:00,Mon 8:15PM
196426160,NFL Showdown $1 Double Up (ATL @ NO),154099,Showdown Captain Mode,1.0,11,23,1,20.0,2026-10-06 00:15:00+00:00,Mon 8:15PM
196425837,NFL Showdown $1 Double Up (ATL @ NO),154099,Showdown Captain Mode,1.0,13,23,1,20.0,2026-10-06 00:15:00+00:00,Mon 8:15PM
196425836,NFL Showdown $1 Double Up (ATL @ NO),154099,Showdown Captain Mode,1.0,12,23,1,20.0,2026-10-06 00:15:00+00:00,Mon 8:15PM
196425831,NFL Showdown $1 Double Up (ATL @ NO),154099,Showdown Captain Mode,1.0,12,23,1,20.0,2026-10-06 00:15:00+00:00,Mon 8:15PM
196425818,NFL Showdown $1 Double Up (ATL @ NO),154099,Showdown Captain Mode,1.0,13,23,1,20.0,2026-10-06 00:15:00+00:00,Mon 8:15PM
196418478,NFL Showdown $1 Double Up (ATL @ NO),154099,Showdown Captain Mode,1.0,15,23,1,20.0,2026-10-06 00:15:00+00:00,Mon 8:15PM
196287422,NFL Showdown $1 Double Up (ATL @ NO),154099,Showdown Captain Mode,1.0,18,23,1,20.0,2026-10-06 00:15:00+00:00,Mon 8:15PM
196287421,NFL Showdown $1 Double Up (ATL @ NO),154099,Showdown Captain Mode,1.0,19,23,1,20.0,2026-10-06 00:15:00+00:00,Mon 8:15PM
196287419,NFL Showdown $1 Double Up (ATL @ NO),154099,Showdown Captain Mode,1.0,18,23,1,20.0,2026-10-06 00:15:00+00:00,Mon 8:15PM
196287418,NFL Showdown $1 Double Up (ATL @ NO),154099,Showdown Captain Mode,1.0,17,23,1,20.0,2026-10-06 00:15:00+00:00,Mon 8:15PM
196287417,NFL Showdown $1 Double Up (ATL @ NO),154099,Showdown Captain Mode,1.0,17,23,1,20.0,2026-10-06 00:15:00+00:00,Mon 8:15PM
196287416,NFL Showdown $1 Double Up (ATL @ NO),154099,Showdown Captain Mode,1.0,19,23,1,20.0,2026-10-06 00:15:00+00:00,Mon 8:15PM
196287401,NFL Showdown $1 Double Up (ATL @ NO),154099,Showdown Captain Mode,1.0,17,23,1,20.0,2026-10-06 00:15:00+00:00,Mon 8:15PM
196287400,NFL Showdown $1 Double Up (ATL @ NO),154099,Showdown Captain Mode,1.0,18,23,1,20.0,2026-10-06 00:15:00+00:00,Mon 8:15PM
196287399,NFL Showdown $1 Double Up (ATL @ NO),154099,Showdown Captain Mode,1.0,17,23,1,20.0,2026-10-06 00:15:00+00:00,Mon 8:15PM
196287398,NFL Showdown $1 Double Up (ATL @ NO),154099,Showdown Captain Mode,1.0,17,23,1,20.0,2026-10-06 00:15:00+00:00,Mon 8:15PM
196287397,NFL Showdown $1 Double Up (ATL @ NO),154099,Showdown Captain Mode,1.0,16,23,1,20.0,2026-10-06 00:15:00+00:00,Mon 8:15PM
196287396,NFL Showdown $1 Double Up (ATL @ NO),154099,Showdown Captain Mode,1.0,18,23,1,20.0,2026-10-06 00:15:00+00:00,Mon 8:15PM
196287395,NFL Showdown $1 Double Up (ATL @ NO),154099,Showdown Captain Mode,1.0,17,23,1,20.0,2026-10-06 00:15:00+00:00,Mon 8:15PM
196287394,NFL Showdown $1 Double Up (ATL @ NO),154099,Showdown Captain Mode,1.0,16,23,1,20.0,2026-10-06 00:15:00+00:00,Mon 8:15PM
196287393,NFL Showdown $1 Double Up (ATL @ NO),154099,Showdown Captain Mode,1.0,16,23,1,20.0,2026-10-06 00:15:00+00:00,Mon 8:15PM
196287392,NFL Showdown $1 Double Up (ATL @ NO),154099,Showdown Captain Mode,1.0,16,23,1,20.0,2026-10-06 00:15:00+00:00,Mon 8:15PM
196287391,NFL Showdown $1 Double Up (ATL @ NO),154099,Showdown Captain Mode,1.0,16,23,1,20.0,2026-10-06 00:15:00+00:00,Mon 8:15PM
196287390,NFL Showdown $1 Double Up (ATL @ NO),154099,Showdown Captain Mode,1.0,16,23,1,20.0,2026-10-06 00:15:00+00:00,Mon 8:15PM
196287389,NFL Showdown $1 Double Up (ATL @ NO),154099,Showdown Captain Mode,1.0,17,23,1,20.0,2026-10-06 00:15:00+00:00,Mon 8:15PM
196287388,NFL Showdown $1 Double Up (ATL @ NO),154099,Showdown Captain Mode,1.0,17,23,1,20.0,2026-10-06 00:15:00+00:00,Mon 8:15PM
196287387,NFL Showdown $1 Double Up (ATL @ NO),154099,Showdown Captain Mode,1.0,16,23,1,20.0,2026-10-06 00:15:00+00:00,Mon 8:15PM
196287386,NFL Showdown $1 Double Up (ATL @ NO),154099,Showdown Captain Mode,1.0,16,23,1,20.0,2026-10-06 00:15:00+00:00,Mon 8:15PM
196287385,NFL Showdown $1 Double Up (ATL @ NO),154099,Showdown Captain Mode,1.0,16,23,1,20.0,2026-10-06 00:15:00+00:00,Mon 8:15PM
196287384,NFL Showdown $1 Double Up (ATL @ NO),154099,Showdown Captain Mode,1.0,16,23,1,20.0,2026-10-06 00:15:00+00:00,Mon 8:15PM
196287383,NFL Showdown $1 Double Up (ATL @ NO),154099,Showdown Captain Mode,1.0,16,23,1,20.0,2026-10-06 00:15:00+00:00,Mon 8:15PM
196287382,NFL Showdown $1 Double Up (ATL @ NO),154099,Showdown Captain Mode,1.0,16,23,1,20.0,2026-10-06 00:15:00+00:00,Mon 8:15PM
196287286,NFL Showdown $1 Double Up (ATL @ NO),154099,Showdown Captain Mode,1.0,16,23,1,20.0,2026-10-06 00:15:00+00:00,Mon 8:15PM
196287285,NFL Showdown $1 Double Up (ATL @ NO),154099,Showdown Captain Mode,1.0,16,23,1,20.0,2026-10-06 00:15:00+00:00,Mon 8:15PM
196287284,NFL Showdown $1 Double Up (ATL @ NO),154099,Showdown Captain Mode,1.0,16,23,1,20.0,2026-10-06 00:15:00+00:00,Mon 8:15PM
196287283,NFL Showdown $1 Double Up (ATL @ NO),154099,Showdown Captain Mode,1.0,16,23,1,20.0,2026-10-06 00:15:00+00:00,Mon 8:15PM
196287282,NFL Showdown $1 Double Up (ATL @ NO),154099,Showdown Captain Mode,1.0,16,23,1,20.0,2026-10-06 00:15:00+00:00,Mon 8:15PM
196287281,NFL Showdown $1 Double Up (ATL @ NO),154099,Showdown Captain Mode,1.0,16,23,1,20.0,2026-10-06 00:15:00+00:00,Mon 8:15PM
196287280,NFL Showdown $1 Double Up (ATL @ NO),154099,Showdown Captain Mode,1.0,16,23,1,20.0,2026-10-06 00:15:00+00:00,Mon 8:15PM
196287279,NFL Showdown $1 Double Up (ATL @ NO),154099,Showdown Captain Mode,1.0,16,23,1,20.0,2026-10-06 00:15:00+00:00,Mon 8:15PM
196287278,NFL Showdown $1 Double Up (ATL @ NO),154099,Showdown Captain Mode,1.0,16,23,1,20.0,2026-10-06 00:15:00+00:00,Mon 8:15PM
196287277,NFL Showdown $1 Double Up (ATL @ NO),154099,Showdown Captain Mode,1.0,17,23,1,20.0,2026-10-06 00:15:00+00:00,Mon 8:15PM
196287276,NFL Showdown $1 Double Up (ATL @ NO),154099,Showdown Captain Mode,1.0,16,23,1,20.0,2026-10-06 00:15:00+00:00,Mon 8:15PM
196287275,NFL Showdown $1 Double Up (ATL @ NO),154099,Showdown Captain Mode,1.0,16,23,1,20.0,2026-10-06 00:15:00+00:00,Mon 8:15PM
196287274,NFL Showdown $1 Double Up (ATL @ NO),154099,Showdown Captain Mode,1.0,16,23,1,20.0,2026-10-06 00:15:00+00:00,Mon 8:15PM
196287273,NFL Showdown $1 Double Up (ATL @ NO),154099,Showdown Captain Mode,1.0,16,23,1,20.0,2026-10-06 00:15:00+00:00,Mon 8:15PM
196287272,NFL Showdown $1 Double Up (ATL @ NO),154099,Showdown Captain Mode,1.0,16,23,1,20.0,2026-10-06 00:15:00+00:00,Mon 8:15PM
196287271,NFL Showdown $1 Double Up (ATL @ NO),154099,Showdown Captain Mode,1.0,16,23,1,20.0,2026-10-06 00:15:00+00:00,Mon 8:15PM
196287270,NFL Showdown $1 Double Up (ATL @ NO),154099,Showdown Captain Mode,1.0,16,23,1,20.0,2026-10-06 00:15:00+00:00,Mon 8:15PM
196287269,NFL Showdown $1 Double Up (ATL @ NO),154099,Showdown Captain Mode,1.0,16,23,1,20.0,2026-10-06 00:15:00+00:00,Mon 8:15PM
196287268,NFL Showdown $1 Double Up (ATL @ NO),154099,Showdown Captain Mode,1.0,16,23,1,20.0,2026-10-06 00:15:00+00:00,Mon 8:15PM
196287267,NFL Showdown $1 Double Up (ATL @ NO),154099,Showdown Captain Mode,1.0,16,23,1,20.0,2026-10-06 00:15:00+00:00,Mon 8:15PM
196287266,NFL Showdown $1 Double Up (ATL @ NO),154099,Showdown Captain Mode,1.0,16,23,1,20.0,2026-10-06 00:15:00+00:00,Mon 8:15PM
196287265,NFL Showdown $1 Double Up (ATL @ NO),154099,Showdown Captain Mode,1.0,16,23,1,20.0,2026-10-06 00:15:00+00:00,Mon 8:15PM
196287264,NFL Showdown $1 Double Up (ATL @ NO),154099,Showdown Captain Mode,1.0,18,23,1,20.0,2026-10-06 00:15:00+00:00,Mon 8:15PM
196287263,NFL Showdown $1 Double Up (ATL @ NO),154099,Showdown Captain Mode,1.0,19,23,1,20.0,2026-10-06 00:15:00+00:00,Mon 8:15PM
196287262,NFL Showdown $1 Double Up (ATL @ NO),154099,Showdown Captain Mode,1.0,22,23,1,20.0,2026-10-06 00:15:00+00:00,Mon 8:15PM
196430741,NFL Showdown FREE 150-Player (ATL @ NO),154099,Showdown Captain Mode,0.0,4,150,1,0.0,2026-10-06 00:15:00+00:00,Mon 8:15PM
196426659,NFL Satellite to $20 NFL Fantasy Football Millionaire (Mon-Thu),154120,Classic,2.0,4,11,1,20.0,2026-10-06 00:15:00+00:00,Mon 8:15PM
196419503,NFL Satellite to $20 NFL Fantasy Football Millionaire (Mon-Thu),154120,Classic,1.0,7,23,1,20.0,2026-10-06 00:15:00+00:00,Mon 8:15PM
196430482,NFL Satellite to $20 NFL Fantasy Football Millionaire (Mon-Thu),154120,Classic,0.25,2,95,2,20.0,2026-10-06 00:15:00+00:00,Mon 8:15PM
196407543,NFL Satellite to $20 NFL Fantasy Football Millionaire (Mon-Thu),154120,Classic,0.1,197,237,7,20.0,2026-10-06 00:15:00+00:00,Mon 8:15PM
196407537,NFL $25 Double Up (Mon-Thu),154120,Classic,25.0,9,11,1,250.0,2026-10-06 00:15:00+00:00,Mon 8:15PM
196418326,NFL $10 Double Up (Mon-Thu),154120,Classic,10.0,7,11,1,100.0,2026-10-06 00:15:00+00:00,Mon 8:15PM
196407535,NFL $5 Double Up (Mon-Thu),154120,Classic,5.0,18,23,1,100.0,2026-10-06 00:15:00+00:00,Mon 8:15PM
196428431,NFL $1 Double Up (Mon-Thu),154120,Classic,1.0,8,23,1,20.0,2026-10-06 00:15:00+00:00,Mon 8:15PM
196419790,NFL $1 Double Up (Mon-Thu),154120,Classic,1.0,17,23,1,20.0,2026-10-06 00:15:00+00:00,Mon 8:15PM
196415675,NFL FREE 200-Player (Mon-Thu),154120,Classic,0.0,43,200,1,0.0,2026-10-06 00:15:00+00:00,Mon 8:15PM
196410409,NFL FREE 200-Player (Mon-Thu),154120,Classic,0.0,82,200,1,0.0,2026-10-06 00:15:00+00:00,Mon 8:15PM
196412352,NFL FREE 50-Player (Mon-Thu),154120,Classic,0.0,39,50,1,0.0,2026-10-06 00:15:00+00:00,Mon 8:15PM
196430212,NFL FREE 30-Player (Mon-Thu),154120,Classic,0.0,3,30,1,0.0,2026-10-06 00:15:00+00:00,Mon 8:15PM
196430285,NFL FREE 25-Player (Mon-Thu),154120,Classic,0.0,3,25,1,0.0,2026-10-06 00:15:00+00:00,Mon 8:15PM
196430315,NFL FREE 20-Player (Mon-Thu),154120,Classic,0.0,4,20,1,0.0,2026-10-06 00:15:00+00:00,Mon 8:15PM
196286067,NFL Single Stat $20 10-Player [Top 2 Win] (ATL @ NO Total Yards),154117,Single Stat - Total Yards,20.0,2,10,1,180.0,2026-10-06 00:15:00+00:00,Mon 8:15PM
196286066,NFL Single Stat $10 10-Player [Top 2 Win] (ATL @ NO Total Yards),154117,Single Stat - Total Yards,10.0,1,10,1,90.0,2026-10-06 00:15:00+00:00,Mon 8:15PM
196286065,NFL Single Stat $5 10-Player [Top 2 Win] (ATL @ NO Total Yards),154117,Single Stat - Total Yards,5.0,8,10,1,45.0,2026-10-06 00:15:00+00:00,Mon 8:15PM
196286064,NFL Single Stat $5 10-Player [Top 2 Win] (ATL @ NO Total Yards),154117,Single Stat - Total Yards,5.0,3,10,1,45.0,2026-10-06 00:15:00+00:00,Mon 8:15PM
196423994,NFL Single Stat $2 10-Player [Top 2 Win] (ATL @ NO Total Yards),154117,Single Stat - Total Yards,2.0,1,10,1,18.0,2026-10-06 00:15:00+00:00,Mon 8:15PM
196286062,NFL Single Stat $2 10-Player [Top 2 Win] (ATL @ NO Total Yards),154117,Single Stat - Total Yards,2.0,7,10,1,18.0,2026-10-06 00:15:00+00:00,Mon 8:15PM
196425508,NFL Single Stat $1 10-Player [Top 2 Win] (ATL @ NO Total Yards),154117,Single Stat - Total Yards,1.0,5,10,1,9.0,2026-10-06 00:15:00+00:00,Mon 8:15PM
196413970,NFL Single Stat $1 10-Player [Top 2 Win] (ATL @ NO Total Yards),154117,Single Stat - Total Yards,1.0,9,10,1,9.0,2026-10-06 00:15:00+00:00,Mon 8:15PM
196429981,NFL Single Stat FREE 100-Player (ATL @ NO Total Yards),154117,Single Stat - Total Yards,0.0,4,100,1,0.0,2026-10-06 00:15:00+00:00,Mon 8:15PM
196297700,NFL In-Game $10 Double Up (2H ATL @ NO),154104,In-Game Showdown (H2),10.0,4,11,1,100.0,2026-10-06 01:15:00+00:00,Mon 9:15PM
196297703,NFL In-Game $1 Double Up (2H ATL @ NO),154104,In-Game Showdown (H2),1.0,6,23,1,20.0,2026-10-06 01:15:00+00:00,Mon 9:15PM
196415408,NFL In-Game FREE 200-Player (2H ATL @ NO),154104,In-Game Showdown (H2),0.0,6,200,1,0.0,2026-10-06 01:15:00+00:00,Mon 9:15PM
196400426,NFL In-Game FREE 150-Player (2H ATL @ NO),154104,In-Game Showdown (H2),0.0,12,150,1,0.0,2026-10-06 01:15:00+00:00,Mon 9:15PM
196297707,NFL In-Game $10 Double Up (4Q ATL @ NO),154105,In-Game Showdown (Q4),10.0,2,11,1,100.0,2026-10-06 01:45:00+00:00,Mon 9:45PM
196297706,NFL In-Game $1 Double Up (4Q ATL @ NO),154105,In-Game Showdown (Q4),1.0,3,23,1,20.0,2026-10-06 01:45:00+00:00,Mon 9:45PM
196421371,NFL $5K Mini Gridiron,154468,Classic,27.0,2,215,6,5000.0,2026-10-11 17:00:00+00:00,Sun 1:00PM
196421002,NFL $5K Mini Hail Mary,154468,Classic,12.0,0,490,14,5000.0,2026-10-11 17:00:00+00:00,Sun 1:00PM
196421011,NFL $5K Mini Slant,154468,Classic,9.0,0,653,19,5000.0,2026-10-11 17:00:00+00:00,Sun 1:00PM
196421226,NFL $5K Mini Flea Flicker,154468,Classic,5.0,1,1189,35,5000.0,2026-10-11 17:00:00+00:00,Sun 1:00PM
196421326,NFL $5K Mini Play-Action,154468,Classic,3.0,21,1981,20,5000.0,2026-10-11 17:00:00+00:00,Sun 1:00PM
196421448,NFL $4K Mini First Down,154468,Classic,1.0,23,4756,20,4000.0,2026-10-11 17:00:00+00:00,Sun 1:00PM
196421381,NFL $250 Dime Package [Just $0.10!],154468,Classic,0.1,147,2972,20,250.0,2026-10-11 17:00:00+00:00,Sun 1:00PM
196421380,NFL $250 Dime Package [Just $0.10!],154468,Classic,0.1,31,2972,20,250.0,2026-10-11 17:00:00+00:00,Sun 1:00PM
196421379,NFL $250 Dime Package [Just $0.10!],154468,Classic,0.1,50,2972,20,250.0,2026-10-11 17:00:00+00:00,Sun 1:00PM
196421378,NFL $250 Dime Package [Just $0.10!],154468,Classic,0.1,51,2972,20,250.0,2026-10-11 17:00:00+00:00,Sun 1:00PM
196421377,NFL $250 Dime Package [Just $0.10!],154468,Classic,0.1,49,2972,20,250.0,2026-10-11 17:00:00+00:00,Sun 1:00PM
196421376,NFL $250 Dime Package [Just $0.10!],154468,Classic,0.1,68,2972,20,250.0,2026-10-11 17:00:00+00:00,Sun 1:00PM
196421375,NFL $250 Dime Package [Just $0.10!],154468,Classic,0.1,68,2972,20,250.0,2026-10-11 17:00:00+00:00,Sun 1:00PM
196421374,NFL $250 Dime Package [Just $0.10!],154468,Classic,0.1,50,2972,20,250.0,2026-10-11 17:00:00+00:00,Sun 1:00PM
196421373,NFL $250 Dime Package [Just $0.10!],154468,Classic,0.1,50,2972,20,250.0,2026-10-11 17:00:00+00:00,Sun 1:00PM
196421372,NFL $250 Dime Package [Just $0.10!],154468,Classic,0.1,52,2972,20,250.0,2026-10-11 17:00:00+00:00,Sun 1:00PM
196421679,NFL SUPERSat to $20 NFL Fantasy Football Millionaire [4x],154468,Classic,4.0,0,23,1,80.0,2026-10-11 17:00:00+00:00,Sun 1:00PM
196421678,NFL SUPERSat to $20 NFL Fantasy Football Millionaire [4x],154468,Classic,4.0,0,23,1,80.0,2026-10-11 17:00:00+00:00,Sun 1:00PM
196421677,NFL SUPERSat to $20 NFL Fantasy Football Millionaire [4x],154468,Classic,4.0,0,23,1,80.0,2026-10-11 17:00:00+00:00,Sun 1:00PM
196421676,NFL SUPERSat to $20 NFL Fantasy Football Millionaire [2x],154468,Classic,0.25,5,190,5,40.0,2026-10-11 17:00:00+00:00,Sun 1:00PM
196421675,NFL SUPERSat to $20 NFL Fantasy Football Millionaire [2x],154468,Classic,0.25,5,190,5,40.0,2026-10-11 17:00:00+00:00,Sun 1:00PM
196421674,NFL SUPERSat to $20 NFL Fantasy Football Millionaire [2x],154468,Classic,0.25,5,190,5,40.0,2026-10-11 17:00:00+00:00,Sun 1:00PM
196421673,NFL SUPERSat to $20 NFL Fantasy Football Millionaire [2x],154468,Classic,0.25,5,190,5,40.0,2026-10-11 17:00:00+00:00,Sun 1:00PM
196421672,NFL SUPERSat to $20 NFL Fantasy Football Millionaire [2x],154468,Classic,0.25,0,190,5,40.0,2026-10-11 17:00:00+00:00,Sun 1:00PM
196421671,NFL SUPERSat to $20 NFL Fantasy Football Millionaire [2x],154468,Classic,0.25,0,190,5,40.0,2026-10-11 17:00:00+00:00,Sun 1:00PM
196421670,NFL SUPERSat to $20 NFL Fantasy Football Millionaire [2x],154468,Classic,0.25,0,190,5,40.0,2026-10-11 17:00:00+00:00,Sun 1:00PM
196421669,NFL SUPERSat to $20 NFL Fantasy Football Millionaire [2x],154468,Classic,0.25,0,190,5,40.0,2026-10-11 17:00:00+00:00,Sun 1:00PM
196421668,NFL SUPERSat to $20 NFL Fantasy Football Millionaire [2x],154468,Classic,0.25,0,190,5,40.0,2026-10-11 17:00:00+00:00,Sun 1:00PM
196421667,NFL SUPERSat to $20 NFL Fantasy Football Millionaire [2x],154468,Classic,0.25,0,190,5,40.0,2026-10-11 17:00:00+00:00,Sun 1:00PM
196421666,NFL SUPERSat to $20 NFL Fantasy Football Millionaire [2x],154468,Classic,0.25,0,190,5,40.0,2026-10-11 17:00:00+00:00,Sun 1:00PM
196421665,NFL SUPERSat to $20 NFL Fantasy Football Millionaire [2x],154468,Classic,0.25,0,190,5,40.0,2026-10-11 17:00:00+00:00,Sun 1:00PM
196421664,NFL SUPERSat to $20 NFL Fantasy Football Millionaire [2x],154468,Classic,0.25,0,190,5,40.0,2026-10-11 17:00:00+00:00,Sun 1:00PM
196421663,NFL SUPERSat to $20 NFL Fantasy Football Millionaire [2x],154468,Classic,0.25,0,190,5,40.0,2026-10-11 17:00:00+00:00,Sun 1:00PM
196421662,NFL SUPERSat to $20 NFL Fantasy Football Millionaire [2x],154468,Classic,0.25,0,190,5,40.0,2026-10-11 17:00:00+00:00,Sun 1:00PM
196421561,NFL Satellite to $20 NFL Fantasy Football Millionaire,154468,Classic,2.0,0,11,1,20.0,2026-10-11 17:00:00+00:00,Sun 1:00PM
196421560,NFL Satellite to $20 NFL Fantasy Football Millionaire,154468,Classic,2.0,0,11,1,20.0,2026-10-11 17:00:00+00:00,Sun 1:00PM
196421559,NFL Satellite to $20 NFL Fantasy Football Millionaire,154468,Classic,2.0,0,11,1,20.0,2026-10-11 17:00:00+00:00,Sun 1:00PM
196421558,NFL Satellite to $20 NFL Fantasy Football Millionaire,154468,Classic,2.0,0,11,1,20.0,2026-10-11 17:00:00+00:00,Sun 1:00PM
196421557,NFL Satellite to $20 NFL Fantasy Football Millionaire,154468,Classic,2.0,0,11,1,20.0,2026-10-11 17:00:00+00:00,Sun 1:00PM
196421556,NFL Satellite to $20 NFL Fantasy Football Millionaire,154468,Classic,2.0,0,11,1,20.0,2026-10-11 17:00:00+00:00,Sun 1:00PM
196421555,NFL Satellite to $20 NFL Fantasy Football Millionaire,154468,Classic,2.0,0,11,1,20.0,2026-10-11 17:00:00+00:00,Sun 1:00PM
196421554,NFL Satellite to $20 NFL Fantasy Football Millionaire,154468,Classic,2.0,0,11,1,20.0,2026-10-11 17:00:00+00:00,Sun 1:00PM
196421553,NFL Satellite to $20 NFL Fantasy Football Millionaire,154468,Classic,2.0,0,11,1,20.0,2026-10-11 17:00:00+00:00,Sun 1:00PM
196421552,NFL Satellite to $20 NFL Fantasy Football Millionaire,154468,Classic,2.0,0,11,1,20.0,2026-10-11 17:00:00+00:00,Sun 1:00PM
196421551,NFL Satellite to $20 NFL Fantasy Football Millionaire,154468,Classic,2.0,0,11,1,20.0,2026-10-11 17:00:00+00:00,Sun 1:00PM
196421550,NFL Satellite to $20 NFL Fantasy Football Millionaire,154468,Classic,2.0,0,11,1,20.0,2026-10-11 17:00:00+00:00,Sun 1:00PM
196421549,NFL Satellite to $20 NFL Fantasy Football Millionaire,154468,Classic,2.0,0,11,1,20.0,2026-10-11 17:00:00+00:00,Sun 1:00PM
196421548,NFL Satellite to $20 NFL Fantasy Football Millionaire,154468,Classic,2.0,0,11,1,20.0,2026-10-11 17:00:00+00:00,Sun 1:00PM
196421547,NFL Satellite to $20 NFL Fantasy Football Millionaire,154468,Classic,2.0,0,11,1,20.0,2026-10-11 17:00:00+00:00,Sun 1:00PM
196421546,NFL Satellite to $20 NFL Fantasy Football Millionaire,154468,Classic,2.0,0,11,1,20.0,2026-10-11 17:00:00+00:00,Sun 1:00PM
196421545,NFL Satellite to $20 NFL Fantasy Football Millionaire,154468,Classic,2.0,0,11,1,20.0,2026-10-11 17:00:00+00:00,Sun 1:00PM
196421544,NFL Satellite to $20 NFL Fantasy Football Millionaire,154468,Classic,2.0,0,11,1,20.0,2026-10-11 17:00:00+00:00,Sun 1:00PM
196421543,NFL Satellite to $20 NFL Fantasy Football Millionaire,154468,Classic,2.0,0,11,1,20.0,2026-10-11 17:00:00+00:00,Sun 1:00PM
196421542,NFL Satellite to $20 NFL Fantasy Football Millionaire,154468,Classic,2.0,0,11,1,20.0,2026-10-11 17:00:00+00:00,Sun 1:00PM
196421541,NFL Satellite to $20 NFL Fantasy Football Millionaire,154468,Classic,2.0,0,11,1,20.0,2026-10-11 17:00:00+00:00,Sun 1:00PM
196421540,NFL Satellite to $20 NFL Fantasy Football Millionaire,154468,Classic,2.0,0,11,1,20.0,2026-10-11 17:00:00+00:00,Sun 1:00PM
196421539,NFL Satellite to $20 NFL Fantasy Football Millionaire,154468,Classic,2.0,0,11,1,20.0,2026-10-11 17:00:00+00:00,Sun 1:00PM
196421538,NFL Satellite to $20 NFL Fantasy Football Millionaire,154468,Classic,2.0,0,11,1,20.0,2026-10-11 17:00:00+00:00,Sun 1:00PM
196421537,NFL Satellite to $20 NFL Fantasy Football Millionaire,154468,Classic,2.0,0,11,1,20.0,2026-10-11 17:00:00+00:00,Sun 1:00PM
196421536,NFL Satellite to $20 NFL Fantasy Football Millionaire,154468,Classic,2.0,0,11,1,20.0,2026-10-11 17:00:00+00:00,Sun 1:00PM
196421535,NFL Satellite to $20 NFL Fantasy Football Millionaire,154468,Classic,2.0,0,11,1,20.0,2026-10-11 17:00:00+00:00,Sun 1:00PM
196421534,NFL Satellite to $20 NFL Fantasy Football Millionaire,154468,Classic,2.0,0,11,1,20.0,2026-10-11 17:00:00+00:00,Sun 1:00PM
196421533,NFL Satellite to $20 NFL Fantasy Football Millionaire,154468,Classic,2.0,0,11,1,20.0,2026-10-11 17:00:00+00:00,Sun 1:00PM
196421532,NFL Satellite to $20 NFL Fantasy Football Millionaire,154468,Classic,2.0,0,11,1,20.0,2026-10-11 17:00:00+00:00,Sun 1:00PM
196421531,NFL Satellite to $20 NFL Fantasy Football Millionaire,154468,Classic,2.0,0,11,1,20.0,2026-10-11 17:00:00+00:00,Sun 1:00PM
196421530,NFL Satellite to $20 NFL Fantasy Football Millionaire,154468,Classic,2.0,0,11,1,20.0,2026-10-11 17:00:00+00:00,Sun 1:00PM
196421529,NFL Satellite to $20 NFL Fantasy Football Millionaire,154468,Classic,2.0,0,11,1,20.0,2026-10-11 17:00:00+00:00,Sun 1:00PM
196421528,NFL Satellite to $20 NFL Fantasy Football Millionaire,154468,Classic,2.0,0,11,1,20.0,2026-10-11 17:00:00+00:00,Sun 1:00PM
196421527,NFL Satellite to $20 NFL Fantasy Football Millionaire,154468,Classic,2.0,0,11,1,20.0,2026-10-11 17:00:00+00:00,Sun 1:00PM
196421526,NFL Satellite to $20 NFL Fantasy Football Millionaire,154468,Classic,2.0,0,11,1,20.0,2026-10-11 17:00:00+00:00,Sun 1:00PM
196421525,NFL Satellite to $20 NFL Fantasy Football Millionaire,154468,Classic,2.0,0,11,1,20.0,2026-10-11 17:00:00+00:00,Sun 1:00PM
196421524,NFL Satellite to $20 NFL Fantasy Football Millionaire,154468,Classic,2.0,0,11,1,20.0,2026-10-11 17:00:00+00:00,Sun 1:00PM
196421523,NFL Satellite to $20 NFL Fantasy Football Millionaire,154468,Classic,2.0,0,11,1,20.0,2026-10-11 17:00:00+00:00,Sun 1:00PM
196421522,NFL Satellite to $20 NFL Fantasy Football Millionaire,154468,Classic,2.0,0,11,1,20.0,2026-10-11 17:00:00+00:00,Sun 1:00PM
196421601,NFL Satellite to $20 NFL Fantasy Football Millionaire,154468,Classic,1.0,0,23,1,20.0,2026-10-11 17:00:00+00:00,Sun 1:00PM
196421600,NFL Satellite to $20 NFL Fantasy Football Millionaire,154468,Classic,1.0,0,23,1,20.0,2026-10-11 17:00:00+00:00,Sun 1:00PM
196421599,NFL Satellite to $20 NFL Fantasy Football Millionaire,154468,Classic,1.0,0,23,1,20.0,2026-10-11 17:00:00+00:00,Sun 1:00PM
196421598,NFL Satellite to $20 NFL Fantasy Football Millionaire,154468,Classic,1.0,0,23,1,20.0,2026-10-11 17:00:00+00:00,Sun 1:00PM
196421597,NFL Satellite to $20 NFL Fantasy Football Millionaire,154468,Classic,1.0,0,23,1,20.0,2026-10-11 17:00:00+00:00,Sun 1:00PM
196421596,NFL Satellite to $20 NFL Fantasy Football Millionaire,154468,Classic,1.0,0,23,1,20.0,2026-10-11 17:00:00+00:00,Sun 1:00PM
196421595,NFL Satellite to $20 NFL Fantasy Football Millionaire,154468,Classic,1.0,0,23,1,20.0,2026-10-11 17:00:00+00:00,Sun 1:00PM
196421594,NFL Satellite to $20 NFL Fantasy Football Millionaire,154468,Classic,1.0,0,23,1,20.0,2026-10-11 17:00:00+00:00,Sun 1:00PM
196421593,NFL Satellite to $20 NFL Fantasy Football Millionaire,154468,Classic,1.0,0,23,1,20.0,2026-10-11 17:00:00+00:00,Sun 1:00PM
196421592,NFL Satellite to $20 NFL Fantasy Football Millionaire,154468,Classic,1.0,0,23,1,20.0,2026-10-11 17:00:00+00:00,Sun 1:00PM
196421591,NFL Satellite to $20 NFL Fantasy Football Millionaire,154468,Classic,1.0,0,23,1,20.0,2026-10-11 17:00:00+00:00,Sun 1:00PM
196421590,NFL Satellite to $20 NFL Fantasy Football Millionaire,154468,Classic,1.0,0,23,1,20.0,2026-10-11 17:00:00+00:00,Sun 1:00PM
196421589,NFL Satellite to $20 NFL Fantasy Football Millionaire,154468,Classic,1.0,0,23,1,20.0,2026-10-11 17:00:00+00:00,Sun 1:00PM
196421588,NFL Satellite to $20 NFL Fantasy Football Millionaire,154468,Classic,1.0,0,23,1,20.0,2026-10-11 17:00:00+00:00,Sun 1:00PM
196421587,NFL Satellite to $20 NFL Fantasy Football Millionaire,154468,Classic,1.0,0,23,1,20.0,2026-10-11 17:00:00+00:00,Sun 1:00PM
196421586,NFL Satellite to $20 NFL Fantasy Football Millionaire,154468,Classic,1.0,0,23,1,20.0,2026-10-11 17:00:00+00:00,Sun 1:00PM
196421585,NFL Satellite to $20 NFL Fantasy Football Millionaire,154468,Classic,1.0,0,23,1,20.0,2026-10-11 17:00:00+00:00,Sun 1:00PM
196421584,NFL Satellite to $20 NFL Fantasy Football Millionaire,154468,Classic,1.0,0,23,1,20.0,2026-10-11 17:00:00+00:00,Sun 1:00PM
196421583,NFL Satellite to $20 NFL Fantasy Football Millionaire,154468,Classic,1.0,0,23,1,20.0,2026-10-11 17:00:00+00:00,Sun 1:00PM
196421582,NFL Satellite to $20 NFL Fantasy Football Millionaire,154468,Classic,1.0,0,23,1,20.0,2026-10-11 17:00:00+00:00,Sun 1:00PM
196421581,NFL Satellite to $20 NFL Fantasy Football Millionaire,154468,Classic,1.0,0,23,1,20.0,2026-10-11 17:00:00+00:00,Sun 1:00PM
196421580,NFL Satellite to $20 NFL Fantasy Football Millionaire,154468,Classic,1.0,0,23,1,20.0,2026-10-11 17:00:00+00:00,Sun 1:00PM
196421579,NFL Satellite to $20 NFL Fantasy Football Millionaire,154468,Classic,1.0,0,23,1,20.0,2026-10-11 17:00:00+00:00,Sun 1:00PM
196421578,NFL Satellite to $20 NFL Fantasy Football Millionaire,154468,Classic,1.0,0,23,1,20.0,2026-10-11 17:00:00+00:00,Sun 1:00PM
196421577,NFL Satellite to $20 NFL Fantasy Football Millionaire,154468,Classic,1.0,0,23,1,20.0,2026-10-11 17:00:00+00:00,Sun 1:00PM
196421576,NFL Satellite to $20 NFL Fantasy Football Millionaire,154468,Classic,1.0,0,23,1,20.0,2026-10-11 17:00:00+00:00,Sun 1:00PM
196421575,NFL Satellite to $20 NFL Fantasy Football Millionaire,154468,Classic,1.0,0,23,1,20.0,2026-10-11 17:00:00+00:00,Sun 1:00PM
196421574,NFL Satellite to $20 NFL Fantasy Football Millionaire,154468,Classic,1.0,0,23,1,20.0,2026-10-11 17:00:00+00:00,Sun 1:00PM
196421573,NFL Satellite to $20 NFL Fantasy Football Millionaire,154468,Classic,1.0,0,23,1,20.0,2026-10-11 17:00:00+00:00,Sun 1:00PM
196421572,NFL Satellite to $20 NFL Fantasy Football Millionaire,154468,Classic,1.0,0,23,1,20.0,2026-10-11 17:00:00+00:00,Sun 1:00PM
196421571,NFL Satellite to $20 NFL Fantasy Football Millionaire,154468,Classic,1.0,0,23,1,20.0,2026-10-11 17:00:00+00:00,Sun 1:00PM
196421570,NFL Satellite to $20 NFL Fantasy Football Millionaire,154468,Classic,1.0,0,23,1,20.0,2026-10-11 17:00:00+00:00,Sun 1:00PM
196421569,NFL Satellite to $20 NFL Fantasy Football Millionaire,154468,Classic,1.0,0,23,1,20.0,2026-10-11 17:00:00+00:00,Sun 1:00PM
196421568,NFL Satellite to $20 NFL Fantasy Football Millionaire,154468,Classic,1.0,0,23,1,20.0,2026-10-11 17:00:00+00:00,Sun 1:00PM
196421567,NFL Satellite to $20 NFL Fantasy Football Millionaire,154468,Classic,1.0,0,23,1,20.0,2026-10-11 17:00:00+00:00,Sun 1:00PM
196421566,NFL Satellite to $20 NFL Fantasy Football Millionaire,154468,Classic,1.0,0,23,1,20.0,2026-10-11 17:00:00+00:00,Sun 1:00PM
196421565,NFL Satellite to $20 NFL Fantasy Football Millionaire,154468,Classic,1.0,0,23,1,20.0,2026-10-11 17:00:00+00:00,Sun 1:00PM
196421564,NFL Satellite to $20 NFL Fantasy Football Millionaire,154468,Classic,1.0,0,23,1,20.0,2026-10-11 17:00:00+00:00,Sun 1:00PM
196421563,NFL Satellite to $20 NFL Fantasy Football Millionaire,154468,Classic,1.0,0,23,1,20.0,2026-10-11 17:00:00+00:00,Sun 1:00PM
196421562,NFL Satellite to $20 NFL Fantasy Football Millionaire,154468,Classic,1.0,0,23,1,20.0,2026-10-11 17:00:00+00:00,Sun 1:00PM
196421611,NFL Satellite to $20 NFL Fantasy Football Millionaire,154468,Classic,0.25,0,95,2,20.0,2026-10-11 17:00:00+00:00,Sun 1:00PM
196421610,NFL Satellite to $20 NFL Fantasy Football Millionaire,154468,Classic,0.25,0,95,2,20.0,2026-10-11 17:00:00+00:00,Sun 1:00PM
196421609,NFL Satellite to $20 NFL Fantasy Football Millionaire,154468,Classic,0.25,0,95,2,20.0,2026-10-11 17:00:00+00:00,Sun 1:00PM
196421608,NFL Satellite to $20 NFL Fantasy Football Millionaire,154468,Classic,0.25,0,95,2,20.0,2026-10-11 17:00:00+00:00,Sun 1:00PM
196421607,NFL Satellite to $20 NFL Fantasy Football Millionaire,154468,Classic,0.25,0,95,2,20.0,2026-10-11 17:00:00+00:00,Sun 1:00PM
196421606,NFL Satellite to $20 NFL Fantasy Football Millionaire,154468,Classic,0.25,0,95,2,20.0,2026-10-11 17:00:00+00:00,Sun 1:00PM
196421605,NFL Satellite to $20 NFL Fantasy Football Millionaire,154468,Classic,0.25,0,95,2,20.0,2026-10-11 17:00:00+00:00,Sun 1:00PM
196421604,NFL Satellite to $20 NFL Fantasy Football Millionaire,154468,Classic,0.25,0,95,2,20.0,2026-10-11 17:00:00+00:00,Sun 1:00PM
196421603,NFL Satellite to $20 NFL Fantasy Football Millionaire,154468,Classic,0.25,0,95,2,20.0,2026-10-11 17:00:00+00:00,Sun 1:00PM
196421602,NFL Satellite to $20 NFL Fantasy Football Millionaire,154468,Classic,0.25,0,95,2,20.0,2026-10-11 17:00:00+00:00,Sun 1:00PM
196421661,NFL Satellite to $20 NFL Fantasy Football Millionaire,154468,Classic,0.1,3,237,7,20.0,2026-10-11 17:00:00+00:00,Sun 1:00PM
196421660,NFL Satellite to $20 NFL Fantasy Football Millionaire,154468,Classic,0.1,4,237,7,20.0,2026-10-11 17:00:00+00:00,Sun 1:00PM
196421659,NFL Satellite to $20 NFL Fantasy Football Millionaire,154468,Classic,0.1,5,237,7,20.0,2026-10-11 17:00:00+00:00,Sun 1:00PM
196421658,NFL Satellite to $20 NFL Fantasy Football Millionaire,154468,Classic,0.1,2,237,7,20.0,2026-10-11 17:00:00+00:00,Sun 1:00PM
196421657,NFL Satellite to $20 NFL Fantasy Football Millionaire,154468,Classic,0.1,2,237,7,20.0,2026-10-11 17:00:00+00:00,Sun 1:00PM
196421656,NFL Satellite to $20 NFL Fantasy Football Millionaire,154468,Classic,0.1,3,237,7,20.0,2026-10-11 17:00:00+00:00,Sun 1:00PM
196421655,NFL Satellite to $20 NFL Fantasy Football Millionaire,154468,Classic,0.1,2,237,7,20.0,2026-10-11 17:00:00+00:00,Sun 1:00PM
196421654,NFL Satellite to $20 NFL Fantasy Football Millionaire,154468,Classic,0.1,1,237,7,20.0,2026-10-11 17:00:00+00:00,Sun 1:00PM
196421653,NFL Satellite to $20 NFL Fantasy Football Millionaire,154468,Classic,0.1,2,237,7,20.0,2026-10-11 17:00:00+00:00,Sun 1:00PM
196421652,NFL Satellite to $20 NFL Fantasy Football Millionaire,154468,Classic,0.1,2,237,7,20.0,2026-10-11 17:00:00+00:00,Sun 1:00PM
196421651,NFL Satellite to $20 NFL Fantasy Football Millionaire,154468,Classic,0.1,2,237,7,20.0,2026-10-11 17:00:00+00:00,Sun 1:00PM
196421650,NFL Satellite to $20 NFL Fantasy Football Millionaire,154468,Classic,0.1,2,237,7,20.0,2026-10-11 17:00:00+00:00,Sun 1:00PM
196421649,NFL Satellite to $20 NFL Fantasy Football Millionaire,154468,Classic,0.1,2,237,7,20.0,2026-10-11 17:00:00+00:00,Sun 1:00PM
196421648,NFL Satellite to $20 NFL Fantasy Football Millionaire,154468,Classic,0.1,2,237,7,20.0,2026-10-11 17:00:00+00:00,Sun 1:00PM
196421647,NFL Satellite to $20 NFL Fantasy Football Millionaire,154468,Classic,0.1,2,237,7,20.0,2026-10-11 17:00:00+00:00,Sun 1:00PM
196421646,NFL Satellite to $20 NFL Fantasy Football Millionaire,154468,Classic,0.1,2,237,7,20.0,2026-10-11 17:00:00+00:00,Sun 1:00PM
196421645,NFL Satellite to $20 NFL Fantasy Football Millionaire,154468,Classic,0.1,2,237,7,20.0,2026-10-11 17:00:00+00:00,Sun 1:00PM
196421644,NFL Satellite to $20 NFL Fantasy Football Millionaire,154468,Classic,0.1,2,237,7,20.0,2026-10-11 17:00:00+00:00,Sun 1:00PM
196421643,NFL Satellite to $20 NFL Fantasy Football Millionaire,154468,Classic,0.1,2,237,7,20.0,2026-10-11 17:00:00+00:00,Sun 1:00PM
196421642,NFL Satellite to $20 NFL Fantasy Football Millionaire,154468,Classic,0.1,2,237,7,20.0,2026-10-11 17:00:00+00:00,Sun 1:00PM
196421641,NFL Satellite to $20 NFL Fantasy Football Millionaire,154468,Classic,0.1,2,237,7,20.0,2026-10-11 17:00:00+00:00,Sun 1:00PM
196421640,NFL Satellite to $20 NFL Fantasy Football Millionaire,154468,Classic,0.1,2,237,7,20.0,2026-10-11 17:00:00+00:00,Sun 1:00PM
196421639,NFL Satellite to $20 NFL Fantasy Football Millionaire,154468,Classic,0.1,2,237,7,20.0,2026-10-11 17:00:00+00:00,Sun 1:00PM
196421638,NFL Satellite to $20 NFL Fantasy Football Millionaire,154468,Classic,0.1,2,237,7,20.0,2026-10-11 17:00:00+00:00,Sun 1:00PM
196421637,NFL Satellite to $20 NFL Fantasy Football Millionaire,154468,Classic,0.1,2,237,7,20.0,2026-10-11 17:00:00+00:00,Sun 1:00PM
196421636,NFL Satellite to $20 NFL Fantasy Football Millionaire,154468,Classic,0.1,2,237,7,20.0,2026-10-11 17:00:00+00:00,Sun 1:00PM
196421635,NFL Satellite to $20 NFL Fantasy Football Millionaire,154468,Classic,0.1,2,237,7,20.0,2026-10-11 17:00:00+00:00,Sun 1:00PM
196421634,NFL Satellite to $20 NFL Fantasy Football Millionaire,154468,Classic,0.1,2,237,7,20.0,2026-10-11 17:00:00+00:00,Sun 1:00PM
196421633,NFL Satellite to $20 NFL Fantasy Football Millionaire,154468,Classic,0.1,2,237,7,20.0,2026-10-11 17:00:00+00:00,Sun 1:00PM
196421632,NFL Satellite to $20 NFL Fantasy Football Millionaire,154468,Classic,0.1,2,237,7,20.0,2026-10-11 17:00:00+00:00,Sun 1:00PM
196421631,NFL Satellite to $20 NFL Fantasy Football Millionaire,154468,Classic,0.1,2,237,7,20.0,2026-10-11 17:00:00+00:00,Sun 1:00PM
196421630,NFL Satellite to $20 NFL Fantasy Football Millionaire,154468,Classic,0.1,2,237,7,20.0,2026-10-11 17:00:00+00:00,Sun 1:00PM
196421629,NFL Satellite to $20 NFL Fantasy Football Millionaire,154468,Classic,0.1,2,237,7,20.0,2026-10-11 17:00:00+00:00,Sun 1:00PM
196421628,NFL Satellite to $20 NFL Fantasy Football Millionaire,154468,Classic,0.1,2,237,7,20.0,2026-10-11 17:00:00+00:00,Sun 1:00PM
196421627,NFL Satellite to $20 NFL Fantasy Football Millionaire,154468,Classic,0.1,2,237,7,20.0,2026-10-11 17:00:00+00:00,Sun 1:00PM
196421626,NFL Satellite to $20 NFL Fantasy Football Millionaire,154468,Classic,0.1,2,237,7,20.0,2026-10-11 17:00:00+00:00,Sun 1:00PM
196421625,NFL Satellite to $20 NFL Fantasy Football Millionaire,154468,Classic,0.1,2,237,7,20.0,2026-10-11 17:00:00+00:00,Sun 1:00PM
196421624,NFL Satellite to $20 NFL Fantasy Football Millionaire,154468,Classic,0.1,2,237,7,20.0,2026-10-11 17:00:00+00:00,Sun 1:00PM
196421623,NFL Satellite to $20 NFL Fantasy Football Millionaire,154468,Classic,0.1,2,237,7,20.0,2026-10-11 17:00:00+00:00,Sun 1:00PM
196421622,NFL Satellite to $20 NFL Fantasy Football Millionaire,154468,Classic,0.1,2,237,7,20.0,2026-10-11 17:00:00+00:00,Sun 1:00PM
196421621,NFL Satellite to $20 NFL Fantasy Football Millionaire,154468,Classic,0.1,2,237,7,20.0,2026-10-11 17:00:00+00:00,Sun 1:00PM
196421620,NFL Satellite to $20 NFL Fantasy Football Millionaire,154468,Classic,0.1,2,237,7,20.0,2026-10-11 17:00:00+00:00,Sun 1:00PM
196421619,NFL Satellite to $20 NFL Fantasy Football Millionaire,154468,Classic,0.1,2,237,7,20.0,2026-10-11 17:00:00+00:00,Sun 1:00PM
196421618,NFL Satellite to $20 NFL Fantasy Football Millionaire,154468,Classic,0.1,2,237,7,20.0,2026-10-11 17:00:00+00:00,Sun 1:00PM
196421617,NFL Satellite to $20 NFL Fantasy Football Millionaire,154468,Classic,0.1,2,237,7,20.0,2026-10-11 17:00:00+00:00,Sun 1:00PM
196421616,NFL Satellite to $20 NFL Fantasy Football Millionaire,154468,Classic,0.1,2,237,7,20.0,2026-10-11 17:00:00+00:00,Sun 1:00PM
196421615,NFL Satellite to $20 NFL Fantasy Football Millionaire,154468,Classic,0.1,2,237,7,20.0,2026-10-11 17:00:00+00:00,Sun 1:00PM
196421614,NFL Satellite to $20 NFL Fantasy Football Millionaire,154468,Classic,0.1,9,237,7,20.0,2026-10-11 17:00:00+00:00,Sun 1:00PM
196421613,NFL Satellite to $20 NFL Fantasy Football Millionaire,154468,Classic,0.1,2,237,7,20.0,2026-10-11 17:00:00+00:00,Sun 1:00PM
196421612,NFL Satellite to $20 NFL Fantasy Football Millionaire,154468,Classic,0.1,3,237,7,20.0,2026-10-11 17:00:00+00:00,Sun 1:00PM
196421743,NFL $50 2026 FFWC Qualifier Satellite,154468,Classic,2.0,0,29,1,50.0,2026-10-11 17:00:00+00:00,Sun 1:00PM
196421724,NFL $33 2026 FFWC Qualifier Satellite,154468,Classic,3.0,0,13,1,33.0,2026-10-11 17:00:00+00:00,Sun 1:00PM
196421723,NFL $33 2026 FFWC Qualifier Satellite,154468,Classic,1.0,0,39,1,33.0,2026-10-11 17:00:00+00:00,Sun 1:00PM
196421722,NFL $18 2026 FFWC Qualifier Satellite,154468,Classic,3.0,0,7,1,18.0,2026-10-11 17:00:00+00:00,Sun 1:00PM
196421721,NFL $18 2026 FFWC Qualifier Satellite,154468,Classic,3.0,0,7,1,18.0,2026-10-11 17:00:00+00:00,Sun 1:00PM
196421720,NFL $18 2026 FFWC Qualifier Satellite,154468,Classic,1.0,0,21,1,18.0,2026-10-11 17:00:00+00:00,Sun 1:00PM
196421719,NFL $18 2026 FFWC Qualifier Satellite,154468,Classic,1.0,0,21,1,18.0,2026-10-11 17:00:00+00:00,Sun 1:00PM
196421718,NFL $18 2026 FFWC Qualifier Satellite,154468,Classic,0.25,0,85,2,18.0,2026-10-11 17:00:00+00:00,Sun 1:00PM
196421717,NFL $5 2026 FFWC Qualifier Satellite,154468,Classic,1.0,0,7,1,6.0,2026-10-11 17:00:00+00:00,Sun 1:00PM
196421716,NFL $5 2026 FFWC Qualifier Satellite,154468,Classic,1.0,0,7,1,6.0,2026-10-11 17:00:00+00:00,Sun 1:00PM
196421715,NFL $5 2026 FFWC Qualifier Satellite,154468,Classic,1.0,0,7,1,6.0,2026-10-11 17:00:00+00:00,Sun 1:00PM
196421714,NFL $5 2026 FFWC Qualifier Satellite,154468,Classic,1.0,0,7,1,6.0,2026-10-11 17:00:00+00:00,Sun 1:00PM
196421713,NFL $5 2026 FFWC Qualifier Satellite,154468,Classic,1.0,0,7,1,6.0,2026-10-11 17:00:00+00:00,Sun 1:00PM
196421712,NFL $5 2026 FFWC Qualifier Satellite,154468,Classic,1.0,0,7,1,6.0,2026-10-11 17:00:00+00:00,Sun 1:00PM
196421711,NFL $5 2026 FFWC Qualifier Satellite,154468,Classic,0.5,0,14,1,6.0,2026-10-11 17:00:00+00:00,Sun 1:00PM
196421710,NFL $5 2026 FFWC Qualifier Satellite,154468,Classic,0.5,0,14,1,6.0,2026-10-11 17:00:00+00:00,Sun 1:00PM
196421709,NFL $5 2026 FFWC Qualifier Satellite,154468,Classic,0.5,1,14,1,6.0,2026-10-11 17:00:00+00:00,Sun 1:00PM
196421708,NFL $5 2026 FFWC Qualifier Satellite,154468,Classic,0.5,0,14,1,6.0,2026-10-11 17:00:00+00:00,Sun 1:00PM
196421707,NFL $5 2026 FFWC Qualifier Satellite,154468,Classic,0.5,0,14,1,6.0,2026-10-11 17:00:00+00:00,Sun 1:00PM
196421706,NFL $5 2026 FFWC Qualifier Satellite,154468,Classic,0.5,0,14,1,6.0,2026-10-11 17:00:00+00:00,Sun 1:00PM
196421705,NFL $5 2026 FFWC Qualifier Satellite,154468,Classic,0.5,0,14,1,6.0,2026-10-11 17:00:00+00:00,Sun 1:00PM
196421704,NFL $5 2026 FFWC Qualifier Satellite,154468,Classic,0.5,0,14,1,6.0,2026-10-11 17:00:00+00:00,Sun 1:00PM
196421703,NFL $5 2026 FFWC Qualifier Satellite,154468,Classic,0.5,0,14,1,6.0,2026-10-11 17:00:00+00:00,Sun 1:00PM
196421702,NFL $5 2026 FFWC Qualifier Satellite,154468,Classic,0.5,0,14,1,6.0,2026-10-11 17:00:00+00:00,Sun 1:00PM
196421701,NFL $5 2026 FFWC Qualifier Satellite,154468,Classic,0.1,2,71,2,6.0,2026-10-11 17:00:00+00:00,Sun 1:00PM
196421700,NFL $5 2026 FFWC Qualifier Satellite,154468,Classic,0.1,2,71,2,6.0,2026-10-11 17:00:00+00:00,Sun 1:00PM
196421699,NFL $5 2026 FFWC Qualifier Satellite,154468,Classic,0.1,1,71,2,6.0,2026-10-11 17:00:00+00:00,Sun 1:00PM
196421698,NFL $5 2026 FFWC Qualifier Satellite,154468,Classic,0.1,1,71,2,6.0,2026-10-11 17:00:00+00:00,Sun 1:00PM
196421697,NFL $5 2026 FFWC Qualifier Satellite,154468,Classic,0.1,1,71,2,6.0,2026-10-11 17:00:00+00:00,Sun 1:00PM
196421696,NFL $5 2026 FFWC Qualifier Satellite,154468,Classic,0.1,1,71,2,6.0,2026-10-11 17:00:00+00:00,Sun 1:00PM
196421695,NFL $5 2026 FFWC Qualifier Satellite,154468,Classic,0.1,1,71,2,6.0,2026-10-11 17:00:00+00:00,Sun 1:00PM
196421694,NFL $5 2026 FFWC Qualifier Satellite,154468,Classic,0.1,1,71,2,6.0,2026-10-11 17:00:00+00:00,Sun 1:00PM
196421693,NFL $5 2026 FFWC Qualifier Satellite,154468,Classic,0.1,2,71,2,6.0,2026-10-11 17:00:00+00:00,Sun 1:00PM
196421692,NFL $5 2026 FFWC Qualifier Satellite,154468,Classic,0.1,2,71,2,6.0,2026-10-11 17:00:00+00:00,Sun 1:00PM
196422084,NFL Satellite to EPL $25 Boxing Day Special Ticket (12-26),154468,Classic,4.0,1,7,1,25.0,2026-10-11 17:00:00+00:00,Sun 1:00PM
196422085,NFL Satellite to EPL $25 Boxing Day Special Ticket (12-26),154468,Classic,1.0,1,29,1,25.0,2026-10-11 17:00:00+00:00,Sun 1:00PM
196422083,NFL Satellite to UFC 333 $25 Special (10-24) [2x],154468,Classic,3.0,0,19,1,50.0,2026-10-11 17:00:00+00:00,Sun 1:00PM
196422082,NFL Satellite to UFC 333 $25 Special (10-24) [2x],154468,Classic,3.0,0,19,1,50.0,2026-10-11 17:00:00+00:00,Sun 1:00PM
196422074,NFL Satellite to UFC 333 $25 Special (10-24),154468,Classic,0.1,1,297,8,25.0,2026-10-11 17:00:00+00:00,Sun 1:00PM
196422073,NFL Satellite to UFC 333 $25 Special (10-24),154468,Classic,0.1,1,297,8,25.0,2026-10-11 17:00:00+00:00,Sun 1:00PM
196422072,NFL Satellite to UFC 333 $25 Special (10-24),154468,Classic,0.1,1,297,8,25.0,2026-10-11 17:00:00+00:00,Sun 1:00PM
196422071,NFL Satellite to UFC 333 $25 Special (10-24),154468,Classic,0.1,1,297,8,25.0,2026-10-11 17:00:00+00:00,Sun 1:00PM
196422077,NFL Satellite to UFC 333 $25 Special (10-24),154468,Classic,0.25,1,118,3,25.0,2026-10-11 17:00:00+00:00,Sun 1:00PM
196422076,NFL Satellite to UFC 333 $25 Special (10-24),154468,Classic,0.25,1,118,3,25.0,2026-10-11 17:00:00+00:00,Sun 1:00PM
196422075,NFL Satellite to UFC 333 $25 Special (10-24),154468,Classic,0.25,1,118,3,25.0,2026-10-11 17:00:00+00:00,Sun 1:00PM
196422079,NFL Satellite to UFC 333 $25 Special (10-24),154468,Classic,0.5,0,59,1,25.0,2026-10-11 17:00:00+00:00,Sun 1:00PM
196422078,NFL Satellite to UFC 333 $25 Special (10-24),154468,Classic,0.5,0,59,1,25.0,2026-10-11 17:00:00+00:00,Sun 1:00PM
196422081,NFL Satellite to UFC 333 $25 Special (10-24),154468,Classic,1.0,0,29,1,25.0,2026-10-11 17:00:00+00:00,Sun 1:00PM
196422080,NFL Satellite to UFC 333 $25 Special (10-24),154468,Classic,1.0,0,29,1,25.0,2026-10-11 17:00:00+00:00,Sun 1:00PM
196422060,NFL SUPERSatellite to NBA 10-20 $20 Opening Tip Off [2x],154468,Classic,5.0,0,9,1,40.0,2026-10-11 17:00:00+00:00,Sun 1:00PM
196422059,NFL SUPERSatellite to NBA 10-20 $20 Opening Tip Off [2x],154468,Classic,5.0,0,9,1,40.0,2026-10-11 17:00:00+00:00,Sun 1:00PM
196422058,NFL SUPERSatellite to NBA 10-20 $20 Opening Tip Off [2x],154468,Classic,0.25,0,190,5,40.0,2026-10-11 17:00:00+00:00,Sun 1:00PM
196422057,NFL SUPERSatellite to NBA 10-20 $20 Opening Tip Off [2x],154468,Classic,0.1,1,475,14,40.0,2026-10-11 17:00:00+00:00,Sun 1:00PM
196422056,NFL SUPERSatellite to NBA 10-20 $20 Opening Tip Off [2x],154468,Classic,0.1,1,475,14,40.0,2026-10-11 17:00:00+00:00,Sun 1:00PM
196422055,NFL SUPERSatellite to NBA 10-20 $20 Opening Tip Off [2x],154468,Classic,0.1,0,475,14,40.0,2026-10-11 17:00:00+00:00,Sun 1:00PM
196422054,NFL SUPERSatellite to NBA 10-20 $20 Opening Tip Off [2x],154468,Classic,0.1,0,475,14,40.0,2026-10-11 17:00:00+00:00,Sun 1:00PM
196422052,NFL Satellite to NBA 10-20 $20 Opening Tip Off,154468,Classic,2.0,0,11,1,20.0,2026-10-11 17:00:00+00:00,Sun 1:00PM
196422051,NFL Satellite to NBA 10-20 $20 Opening Tip Off,154468,Classic,2.0,0,11,1,20.0,2026-10-11 17:00:00+00:00,Sun 1:00PM
196422050,NFL Satellite to NBA 10-20 $20 Opening Tip Off,154468,Classic,1.0,0,23,1,20.0,2026-10-11 17:00:00+00:00,Sun 1:00PM
196422049,NFL Satellite to NBA 10-20 $20 Opening Tip Off,154468,Classic,0.25,2,95,2,20.0,2026-10-11 17:00:00+00:00,Sun 1:00PM
196422048,NFL Satellite to NBA 10-20 $20 Opening Tip Off,154468,Classic,0.25,2,95,2,20.0,2026-10-11 17:00:00+00:00,Sun 1:00PM
196422047,NFL Satellite to NBA 10-20 $20 Opening Tip Off,154468,Classic,0.1,0,237,7,20.0,2026-10-11 17:00:00+00:00,Sun 1:00PM
196422046,NFL Satellite to NBA 10-20 $20 Opening Tip Off,154468,Classic,0.1,0,237,7,20.0,2026-10-11 17:00:00+00:00,Sun 1:00PM
196422045,NFL Satellite to NBA 10-20 $20 Opening Tip Off,154468,Classic,0.1,0,237,7,20.0,2026-10-11 17:00:00+00:00,Sun 1:00PM
196422044,NFL Satellite to NBA 10-20 $20 Opening Tip Off,154468,Classic,0.1,0,237,7,20.0,2026-10-11 17:00:00+00:00,Sun 1:00PM
196422043,NFL Satellite to NBA 10-20 $20 Opening Tip Off,154468,Classic,0.1,0,237,7,20.0,2026-10-11 17:00:00+00:00,Sun 1:00PM
196422042,NFL Satellite to NBA 10-20 $20 Opening Tip Off,154468,Classic,0.1,0,237,7,20.0,2026-10-11 17:00:00+00:00,Sun 1:00PM
196422041,NFL Satellite to NBA 10-20 $20 Opening Tip Off,154468,Classic,0.1,1,237,7,20.0,2026-10-11 17:00:00+00:00,Sun 1:00PM
196422040,NFL Satellite to NBA 10-20 $20 Opening Tip Off,154468,Classic,0.1,0,237,7,20.0,2026-10-11 17:00:00+00:00,Sun 1:00PM
196422064,NFL Satellite to NBA Best Ball $20 Shootaround,154468,Classic,1.0,0,23,1,20.0,2026-10-11 17:00:00+00:00,Sun 1:00PM
196422063,NFL Satellite to NBA Best Ball $20 Shootaround,154468,Classic,1.0,0,23,1,20.0,2026-10-11 17:00:00+00:00,Sun 1:00PM
196422065,NFL Satellite to NBA Best Ball $20 Shootaround,154468,Classic,0.25,2,95,2,20.0,2026-10-11 17:00:00+00:00,Sun 1:00PM
196422067,NFL Satellite to NBA Best Ball $20 Shootaround,154468,Classic,0.1,3,237,7,20.0,2026-10-11 17:00:00+00:00,Sun 1:00PM
196422066,NFL Satellite to NBA Best Ball $20 Shootaround,154468,Classic,0.1,3,237,7,20.0,2026-10-11 17:00:00+00:00,Sun 1:00PM
196420994,NFL $3 Ticket SUPERSatellite [4x],154468,Classic,0.25,5,57,1,12.0,2026-10-11 17:00:00+00:00,Sun 1:00PM
196420993,NFL $3 Ticket SUPERSatellite [4x],154468,Classic,0.25,4,57,1,12.0,2026-10-11 17:00:00+00:00,Sun 1:00PM
196421412,NFL $10 Hundo [Single Entry],154468,Classic,10.0,1,100,1,900.0,2026-10-11 17:00:00+00:00,Sun 1:00PM
196421411,NFL $10 Hundo [Single Entry],154468,Classic,10.0,1,100,1,900.0,2026-10-11 17:00:00+00:00,Sun 1:00PM
196421410,NFL $10 Hundo [Single Entry],154468,Classic,10.0,2,100,1,900.0,2026-10-11 17:00:00+00:00,Sun 1:00PM
196421409,NFL $10 Hundo [Single Entry],154468,Classic,10.0,1,100,1,900.0,2026-10-11 17:00:00+00:00,Sun 1:00PM
196421447,NFL $5 Hundo [Single Entry],154468,Classic,5.0,5,100,1,450.0,2026-10-11 17:00:00+00:00,Sun 1:00PM
196421446,NFL $5 Hundo [Single Entry],154468,Classic,5.0,3,100,1,450.0,2026-10-11 17:00:00+00:00,Sun 1:00PM
196421445,NFL $5 Hundo [Single Entry],154468,Classic,5.0,4,100,1,450.0,2026-10-11 17:00:00+00:00,Sun 1:00PM
196421444,NFL $5 Hundo [Single Entry],154468,Classic,5.0,3,100,1,450.0,2026-10-11 17:00:00+00:00,Sun 1:00PM
196421443,NFL $3 Hundo [Single Entry],154468,Classic,3.0,6,100,1,270.0,2026-10-11 17:00:00+00:00,Sun 1:00PM
196421442,NFL $3 Hundo [Single Entry],154468,Classic,3.0,4,100,1,270.0,2026-10-11 17:00:00+00:00,Sun 1:00PM
196421441,NFL $3 Hundo [Single Entry],154468,Classic,3.0,4,100,1,270.0,2026-10-11 17:00:00+00:00,Sun 1:00PM
196421440,NFL $3 Hundo [Single Entry],154468,Classic,3.0,4,100,1,270.0,2026-10-11 17:00:00+00:00,Sun 1:00PM
196421439,NFL $3 Hundo [Single Entry],154468,Classic,3.0,4,100,1,270.0,2026-10-11 17:00:00+00:00,Sun 1:00PM
196421438,NFL $3 Hundo [Single Entry],154468,Classic,3.0,2,100,1,270.0,2026-10-11 17:00:00+00:00,Sun 1:00PM
196421437,NFL $1 Hundo [Single Entry],154468,Classic,1.0,2,100,1,90.0,2026-10-11 17:00:00+00:00,Sun 1:00PM
196421436,NFL $1 Hundo [Single Entry],154468,Classic,1.0,2,100,1,90.0,2026-10-11 17:00:00+00:00,Sun 1:00PM
196421435,NFL $1 Hundo [Single Entry],154468,Classic,1.0,2,100,1,90.0,2026-10-11 17:00:00+00:00,Sun 1:00PM
196421434,NFL $1 Hundo [Single Entry],154468,Classic,1.0,3,100,1,90.0,2026-10-11 17:00:00+00:00,Sun 1:00PM
196421433,NFL $1 Hundo [Single Entry],154468,Classic,1.0,2,100,1,90.0,2026-10-11 17:00:00+00:00,Sun 1:00PM
196421432,NFL $1 Hundo [Single Entry],154468,Classic,1.0,2,100,1,90.0,2026-10-11 17:00:00+00:00,Sun 1:00PM
196421431,NFL $1 Hundo [Single Entry],154468,Classic,1.0,2,100,1,90.0,2026-10-11 17:00:00+00:00,Sun 1:00PM
196421430,NFL $1 Hundo [Single Entry],154468,Classic,1.0,2,100,1,90.0,2026-10-11 17:00:00+00:00,Sun 1:00PM
196421429,NFL $1 Hundo [Single Entry],154468,Classic,1.0,2,100,1,90.0,2026-10-11 17:00:00+00:00,Sun 1:00PM
196421428,NFL $1 Hundo [Single Entry],154468,Classic,1.0,2,100,1,90.0,2026-10-11 17:00:00+00:00,Sun 1:00PM
196421427,NFL $1 Hundo [Single Entry],154468,Classic,1.0,2,100,1,90.0,2026-10-11 17:00:00+00:00,Sun 1:00PM
196421426,NFL $1 Hundo [Single Entry],154468,Classic,1.0,2,100,1,90.0,2026-10-11 17:00:00+00:00,Sun 1:00PM
196421425,NFL $1 Hundo [Single Entry],154468,Classic,1.0,2,100,1,90.0,2026-10-11 17:00:00+00:00,Sun 1:00PM
196421424,NFL $1 Hundo [Single Entry],154468,Classic,1.0,2,100,1,90.0,2026-10-11 17:00:00+00:00,Sun 1:00PM
196421423,NFL $1 Hundo [Single Entry],154468,Classic,1.0,2,100,1,90.0,2026-10-11 17:00:00+00:00,Sun 1:00PM
196421422,NFL $1 Hundo [Single Entry],154468,Classic,1.0,2,100,1,90.0,2026-10-11 17:00:00+00:00,Sun 1:00PM
196421421,NFL $1 Hundo [Single Entry],154468,Classic,1.0,2,100,1,90.0,2026-10-11 17:00:00+00:00,Sun 1:00PM
196421420,NFL $1 Hundo [Single Entry],154468,Classic,1.0,2,100,1,90.0,2026-10-11 17:00:00+00:00,Sun 1:00PM
196421419,NFL $1 Hundo [Single Entry],154468,Classic,1.0,2,100,1,90.0,2026-10-11 17:00:00+00:00,Sun 1:00PM
196421418,NFL $1 Hundo [Single Entry],154468,Classic,1.0,2,100,1,90.0,2026-10-11 17:00:00+00:00,Sun 1:00PM
196421417,NFL $1 Hundo [Single Entry],154468,Classic,1.0,2,100,1,90.0,2026-10-11 17:00:00+00:00,Sun 1:00PM
196421416,NFL $1 Hundo [Single Entry],154468,Classic,1.0,2,100,1,90.0,2026-10-11 17:00:00+00:00,Sun 1:00PM
196421415,NFL $1 Hundo [Single Entry],154468,Classic,1.0,2,100,1,90.0,2026-10-11 17:00:00+00:00,Sun 1:00PM
196421414,NFL $1 Hundo [Single Entry],154468,Classic,1.0,2,100,1,90.0,2026-10-11 17:00:00+00:00,Sun 1:00PM
196421413,NFL $1 Hundo [Single Entry],154468,Classic,1.0,2,100,1,90.0,2026-10-11 17:00:00+00:00,Sun 1:00PM
196421005,NFL $50 Contest,154468,Classic,50.0,0,11,1,500.0,2026-10-11 17:00:00+00:00,Sun 1:00PM
196421100,NFL $27 Contest,154468,Classic,27.0,0,21,1,500.0,2026-10-11 17:00:00+00:00,Sun 1:00PM
196421001,NFL $27 Contest,154468,Classic,27.0,0,21,1,500.0,2026-10-11 17:00:00+00:00,Sun 1:00PM
196421050,NFL $9 Contest,154468,Classic,9.0,1,65,1,500.0,2026-10-11 17:00:00+00:00,Sun 1:00PM
196420916,NFL $5 Contest,154468,Classic,5.0,0,237,7,1000.0,2026-10-11 17:00:00+00:00,Sun 1:00PM
196420917,NFL $5 Contest,154468,Classic,5.0,3,118,3,500.0,2026-10-11 17:00:00+00:00,Sun 1:00PM
196421051,NFL $3 Contest,154468,Classic,3.0,6,118,3,300.0,2026-10-11 17:00:00+00:00,Sun 1:00PM
196420984,NFL $3 Contest,154468,Classic,3.0,3,118,3,300.0,2026-10-11 17:00:00+00:00,Sun 1:00PM
196420983,NFL $3 Contest,154468,Classic,3.0,3,118,3,300.0,2026-10-11 17:00:00+00:00,Sun 1:00PM
196420982,NFL $3 Contest,154468,Classic,3.0,3,118,3,300.0,2026-10-11 17:00:00+00:00,Sun 1:00PM
196420996,NFL $1 Contest,154468,Classic,1.0,0,594,17,500.0,2026-10-11 17:00:00+00:00,Sun 1:00PM
196421053,NFL $1 Contest,154468,Classic,1.0,0,237,7,200.0,2026-10-11 17:00:00+00:00,Sun 1:00PM
196421052,NFL $1 Contest,154468,Classic,1.0,0,237,7,200.0,2026-10-11 17:00:00+00:00,Sun 1:00PM
196420995,NFL $1 Contest,154468,Classic,1.0,0,237,7,200.0,2026-10-11 17:00:00+00:00,Sun 1:00PM
196420999,NFL $0.25 Contest,154468,Classic,0.25,37,2378,20,500.0,2026-10-11 17:00:00+00:00,Sun 1:00PM
196421056,NFL $0.25 Contest,154468,Classic,0.25,2,475,14,100.0,2026-10-11 17:00:00+00:00,Sun 1:00PM
196421055,NFL $0.25 Contest,154468,Classic,0.25,0,475,14,100.0,2026-10-11 17:00:00+00:00,Sun 1:00PM
196421054,NFL $0.25 Contest,154468,Classic,0.25,0,475,14,100.0,2026-10-11 17:00:00+00:00,Sun 1:00PM
196420981,NFL $0.25 Contest,154468,Classic,0.25,0,475,14,100.0,2026-10-11 17:00:00+00:00,Sun 1:00PM
196420980,NFL $0.25 Contest,154468,Classic,0.25,0,475,14,100.0,2026-10-11 17:00:00+00:00,Sun 1:00PM
196420979,NFL $0.25 Contest,154468,Classic,0.25,4,475,14,100.0,2026-10-11 17:00:00+00:00,Sun 1:00PM
196421057,"NFL $1,060 Winner Take All [$4K to 1st]",154468,Classic,1060.0,0,4,1,4000.0,2026-10-11 17:00:00+00:00,Sun 1:00PM
196421385,NFL $267 Winner Take All [$1K to 1st],154468,Classic,267.0,0,4,1,1000.0,2026-10-11 17:00:00+00:00,Sun 1:00PM
196421384,NFL $267 Winner Take All [$1K to 1st],154468,Classic,267.0,0,4,1,1000.0,2026-10-11 17:00:00+00:00,Sun 1:00PM
196421383,NFL $267 Winner Take All [$1K to 1st],154468,Classic,267.0,0,4,1,1000.0,2026-10-11 17:00:00+00:00,Sun 1:00PM
196421382,NFL $267 Winner Take All [$1K to 1st],154468,Classic,267.0,0,4,1,1000.0,2026-10-11 17:00:00+00:00,Sun 1:00PM
196421192,NFL $267 Winner Take All [$1K to 1st],154468,Classic,267.0,0,4,1,1000.0,2026-10-11 17:00:00+00:00,Sun 1:00PM
196421191,NFL $267 Winner Take All [$1K to 1st],154468,Classic,267.0,0,4,1,1000.0,2026-10-11 17:00:00+00:00,Sun 1:00PM
196421190,NFL $267 Winner Take All [$1K to 1st],154468,Classic,267.0,0,4,1,1000.0,2026-10-11 17:00:00+00:00,Sun 1:00PM
196421189,NFL $267 Winner Take All [$1K to 1st],154468,Classic,267.0,0,4,1,1000.0,2026-10-11 17:00:00+00:00,Sun 1:00PM
196421013,NFL $100 Winner Take All [$1K to 1st],154468,Classic,100.0,0,11,1,1000.0,2026-10-11 17:00:00+00:00,Sun 1:00PM
196421012,NFL $100 Winner Take All [$1K to 1st],154468,Classic,100.0,0,11,1,1000.0,2026-10-11 17:00:00+00:00,Sun 1:00PM
196421015,NFL $50 Winner Take All [$1K to 1st],154468,Classic,50.0,0,22,1,1000.0,2026-10-11 17:00:00+00:00,Sun 1:00PM
196421014,NFL $50 Winner Take All [$1K to 1st],154468,Classic,50.0,0,22,1,1000.0,2026-10-11 17:00:00+00:00,Sun 1:00PM
196421304,NFL $50 Winner Take All [$500 to 1st],154468,Classic,50.0,0,11,1,500.0,2026-10-11 17:00:00+00:00,Sun 1:00PM
196421303,NFL $50 Winner Take All [$500 to 1st],154468,Classic,50.0,0,11,1,500.0,2026-10-11 17:00:00+00:00,Sun 1:00PM
196421059,NFL $50 Winner Take All [$500 to 1st],154468,Classic,50.0,0,11,1,500.0,2026-10-11 17:00:00+00:00,Sun 1:00PM
196421058,NFL $50 Winner Take All [$500 to 1st],154468,Classic,50.0,0,11,1,500.0,2026-10-11 17:00:00+00:00,Sun 1:00PM
196421017,NFL $50 Winner Take All [$500 to 1st],154468,Classic,50.0,0,11,1,500.0,2026-10-11 17:00:00+00:00,Sun 1:00PM
196421016,NFL $50 Winner Take All [$500 to 1st],154468,Classic,50.0,0,11,1,500.0,2026-10-11 17:00:00+00:00,Sun 1:00PM
196421018,NFL $27 Winner Take All [$1K to 1st],154468,Classic,27.0,1,43,1,1000.0,2026-10-11 17:00:00+00:00,Sun 1:00PM
196421305,NFL $27 Winner Take All [$500 to 1st],154468,Classic,27.0,0,21,1,500.0,2026-10-11 17:00:00+00:00,Sun 1:00PM
196421019,NFL $27 Winner Take All [$500 to 1st],154468,Classic,27.0,0,21,1,500.0,2026-10-11 17:00:00+00:00,Sun 1:00PM
196420987,NFL $9 Winner Take All [$1K to 1st],154468,Classic,9.0,0,130,3,1000.0,2026-10-11 17:00:00+00:00,Sun 1:00PM
196420986,NFL $9 Winner Take All [$1K to 1st],154468,Classic,9.0,0,130,3,1000.0,2026-10-11 17:00:00+00:00,Sun 1:00PM
196420985,NFL $9 Winner Take All [$500 to 1st],154468,Classic,9.0,0,65,1,500.0,2026-10-11 17:00:00+00:00,Sun 1:00PM
196420956,NFL $5 Winner Take All [$1K to 1st],154468,Classic,5.0,0,237,7,1000.0,2026-10-11 17:00:00+00:00,Sun 1:00PM
196421069,NFL $5 Winner Take All [$100 to 1st],154468,Classic,5.0,0,23,1,100.0,2026-10-11 17:00:00+00:00,Sun 1:00PM
196421068,NFL $5 Winner Take All [$100 to 1st],154468,Classic,5.0,0,23,1,100.0,2026-10-11 17:00:00+00:00,Sun 1:00PM
196421067,NFL $5 Winner Take All [$100 to 1st],154468,Classic,5.0,0,23,1,100.0,2026-10-11 17:00:00+00:00,Sun 1:00PM
196421066,NFL $5 Winner Take All [$100 to 1st],154468,Classic,5.0,0,23,1,100.0,2026-10-11 17:00:00+00:00,Sun 1:00PM
196421065,NFL $5 Winner Take All [$100 to 1st],154468,Classic,5.0,0,23,1,100.0,2026-10-11 17:00:00+00:00,Sun 1:00PM
196421064,NFL $5 Winner Take All [$100 to 1st],154468,Classic,5.0,0,23,1,100.0,2026-10-11 17:00:00+00:00,Sun 1:00PM
196421063,NFL $5 Winner Take All [$100 to 1st],154468,Classic,5.0,0,23,1,100.0,2026-10-11 17:00:00+00:00,Sun 1:00PM
196421062,NFL $5 Winner Take All [$100 to 1st],154468,Classic,5.0,0,23,1,100.0,2026-10-11 17:00:00+00:00,Sun 1:00PM
196421061,NFL $5 Winner Take All [$100 to 1st],154468,Classic,5.0,0,23,1,100.0,2026-10-11 17:00:00+00:00,Sun 1:00PM
196421060,NFL $5 Winner Take All [$100 to 1st],154468,Classic,5.0,0,23,1,100.0,2026-10-11 17:00:00+00:00,Sun 1:00PM
196421029,NFL $5 Winner Take All [$100 to 1st],154468,Classic,5.0,0,23,1,100.0,2026-10-11 17:00:00+00:00,Sun 1:00PM
196421028,NFL $5 Winner Take All [$100 to 1st],154468,Classic,5.0,0,23,1,100.0,2026-10-11 17:00:00+00:00,Sun 1:00PM
196421027,NFL $5 Winner Take All [$100 to 1st],154468,Classic,5.0,0,23,1,100.0,2026-10-11 17:00:00+00:00,Sun 1:00PM
196421026,NFL $5 Winner Take All [$100 to 1st],154468,Classic,5.0,0,23,1,100.0,2026-10-11 17:00:00+00:00,Sun 1:00PM
196421025,NFL $5 Winner Take All [$100 to 1st],154468,Classic,5.0,0,23,1,100.0,2026-10-11 17:00:00+00:00,Sun 1:00PM
196421024,NFL $5 Winner Take All [$100 to 1st],154468,Classic,5.0,0,23,1,100.0,2026-10-11 17:00:00+00:00,Sun 1:00PM
196421023,NFL $5 Winner Take All [$100 to 1st],154468,Classic,5.0,0,23,1,100.0,2026-10-11 17:00:00+00:00,Sun 1:00PM
196421022,NFL $5 Winner Take All [$100 to 1st],154468,Classic,5.0,0,23,1,100.0,2026-10-11 17:00:00+00:00,Sun 1:00PM
196421021,NFL $5 Winner Take All [$100 to 1st],154468,Classic,5.0,1,23,1,100.0,2026-10-11 17:00:00+00:00,Sun 1:00PM
196421020,NFL $5 Winner Take All [$100 to 1st],154468,Classic,5.0,0,23,1,100.0,2026-10-11 17:00:00+00:00,Sun 1:00PM
196420958,NFL $3 Winner Take All [$1K to 1st],154468,Classic,3.0,0,396,10,1000.0,2026-10-11 17:00:00+00:00,Sun 1:00PM
196420957,NFL $3 Winner Take All [$1K to 1st],154468,Classic,3.0,0,396,10,1000.0,2026-10-11 17:00:00+00:00,Sun 1:00PM
196421070,NFL $3 Winner Take All [$100 to 1st],154468,Classic,3.0,0,39,1,100.0,2026-10-11 17:00:00+00:00,Sun 1:00PM
196421032,NFL $3 Winner Take All [$100 to 1st],154468,Classic,3.0,0,39,1,100.0,2026-10-11 17:00:00+00:00,Sun 1:00PM
196421031,NFL $3 Winner Take All [$100 to 1st],154468,Classic,3.0,0,39,1,100.0,2026-10-11 17:00:00+00:00,Sun 1:00PM
196421030,NFL $3 Winner Take All [$100 to 1st],154468,Classic,3.0,1,39,1,100.0,2026-10-11 17:00:00+00:00,Sun 1:00PM
196420998,NFL $1 Winner Take All [$500 to 1st],154468,Classic,1.0,2,594,15,500.0,2026-10-11 17:00:00+00:00,Sun 1:00PM
196420997,NFL $1 Winner Take All [$500 to 1st],154468,Classic,1.0,1,594,15,500.0,2026-10-11 17:00:00+00:00,Sun 1:00PM
196421078,NFL $1 Winner Take All [$100 to 1st],154468,Classic,1.0,4,118,3,100.0,2026-10-11 17:00:00+00:00,Sun 1:00PM
196421077,NFL $1 Winner Take All [$100 to 1st],154468,Classic,1.0,3,118,3,100.0,2026-10-11 17:00:00+00:00,Sun 1:00PM
196421076,NFL $1 Winner Take All [$100 to 1st],154468,Classic,1.0,3,118,3,100.0,2026-10-11 17:00:00+00:00,Sun 1:00PM
196421075,NFL $1 Winner Take All [$100 to 1st],154468,Classic,1.0,3,118,3,100.0,2026-10-11 17:00:00+00:00,Sun 1:00PM
196421074,NFL $1 Winner Take All [$100 to 1st],154468,Classic,1.0,4,118,3,100.0,2026-10-11 17:00:00+00:00,Sun 1:00PM
196421073,NFL $1 Winner Take All [$100 to 1st],154468,Classic,1.0,4,118,3,100.0,2026-10-11 17:00:00+00:00,Sun 1:00PM
196421072,NFL $1 Winner Take All [$100 to 1st],154468,Classic,1.0,3,118,3,100.0,2026-10-11 17:00:00+00:00,Sun 1:00PM
196421071,NFL $1 Winner Take All [$100 to 1st],154468,Classic,1.0,0,118,3,100.0,2026-10-11 17:00:00+00:00,Sun 1:00PM
196421038,NFL $1 Winner Take All [$100 to 1st],154468,Classic,1.0,0,118,3,100.0,2026-10-11 17:00:00+00:00,Sun 1:00PM
196421037,NFL $1 Winner Take All [$100 to 1st],154468,Classic,1.0,0,118,3,100.0,2026-10-11 17:00:00+00:00,Sun 1:00PM
196421036,NFL $1 Winner Take All [$100 to 1st],154468,Classic,1.0,0,118,3,100.0,2026-10-11 17:00:00+00:00,Sun 1:00PM
196421035,NFL $1 Winner Take All [$100 to 1st],154468,Classic,1.0,0,118,3,100.0,2026-10-11 17:00:00+00:00,Sun 1:00PM
196421034,NFL $1 Winner Take All [$100 to 1st],154468,Classic,1.0,0,118,3,100.0,2026-10-11 17:00:00+00:00,Sun 1:00PM
196421033,NFL $1 Winner Take All [$100 to 1st],154468,Classic,1.0,0,118,3,100.0,2026-10-11 17:00:00+00:00,Sun 1:00PM
196420959,NFL $0.25 Winner Take All [$500 to 1st],154468,Classic,0.25,49,2378,20,500.0,2026-10-11 17:00:00+00:00,Sun 1:00PM
196421086,NFL $0.25 Winner Take All [$100 to 1st],154468,Classic,0.25,12,475,10,100.0,2026-10-11 17:00:00+00:00,Sun 1:00PM
196421085,NFL $0.25 Winner Take All [$100 to 1st],154468,Classic,0.25,12,475,10,100.0,2026-10-11 17:00:00+00:00,Sun 1:00PM
196421084,NFL $0.25 Winner Take All [$100 to 1st],154468,Classic,0.25,10,475,10,100.0,2026-10-11 17:00:00+00:00,Sun 1:00PM
196421083,NFL $0.25 Winner Take All [$100 to 1st],154468,Classic,0.25,0,475,10,100.0,2026-10-11 17:00:00+00:00,Sun 1:00PM
196421082,NFL $0.25 Winner Take All [$100 to 1st],154468,Classic,0.25,0,475,10,100.0,2026-10-11 17:00:00+00:00,Sun 1:00PM
196421081,NFL $0.25 Winner Take All [$100 to 1st],154468,Classic,0.25,0,475,10,100.0,2026-10-11 17:00:00+00:00,Sun 1:00PM
196421080,NFL $0.25 Winner Take All [$100 to 1st],154468,Classic,0.25,0,475,10,100.0,2026-10-11 17:00:00+00:00,Sun 1:00PM
196421079,NFL $0.25 Winner Take All [$100 to 1st],154468,Classic,0.25,0,475,10,100.0,2026-10-11 17:00:00+00:00,Sun 1:00PM
196421048,NFL $0.25 Winner Take All [$100 to 1st],154468,Classic,0.25,0,475,10,100.0,2026-10-11 17:00:00+00:00,Sun 1:00PM
196421047,NFL $0.25 Winner Take All [$100 to 1st],154468,Classic,0.25,0,475,10,100.0,2026-10-11 17:00:00+00:00,Sun 1:00PM
196421046,NFL $0.25 Winner Take All [$100 to 1st],154468,Classic,0.25,0,475,10,100.0,2026-10-11 17:00:00+00:00,Sun 1:00PM
196421045,NFL $0.25 Winner Take All [$100 to 1st],154468,Classic,0.25,0,475,10,100.0,2026-10-11 17:00:00+00:00,Sun 1:00PM
196421044,NFL $0.25 Winner Take All [$100 to 1st],154468,Classic,0.25,0,475,10,100.0,2026-10-11 17:00:00+00:00,Sun 1:00PM
196421043,NFL $0.25 Winner Take All [$100 to 1st],154468,Classic,0.25,0,475,10,100.0,2026-10-11 17:00:00+00:00,Sun 1:00PM
196421042,NFL $0.25 Winner Take All [$100 to 1st],154468,Classic,0.25,0,475,10,100.0,2026-10-11 17:00:00+00:00,Sun 1:00PM
196421041,NFL $0.25 Winner Take All [$100 to 1st],154468,Classic,0.25,2,475,10,100.0,2026-10-11 17:00:00+00:00,Sun 1:00PM
196421040,NFL $0.25 Winner Take All [$100 to 1st],154468,Classic,0.25,0,475,10,100.0,2026-10-11 17:00:00+00:00,Sun 1:00PM
196421039,NFL $0.25 Winner Take All [$100 to 1st],154468,Classic,0.25,0,475,10,100.0,2026-10-11 17:00:00+00:00,Sun 1:00PM
196421133,Casual NFL 10x Booster [Top 10 Win $100],154468,Classic,10.0,0,117,3,1000.0,2026-10-11 17:00:00+00:00,Sun 1:00PM
196421132,Casual NFL 10x Booster [Top 10 Win $50],154468,Classic,5.0,0,118,3,500.0,2026-10-11 17:00:00+00:00,Sun 1:00PM
196421049,"NFL 10x Booster [Top 3 Win $1,000]",154468,Classic,100.0,0,33,1,3000.0,2026-10-11 17:00:00+00:00,Sun 1:00PM
196420928,NFL 10x Booster [Top 3 Win $500],154468,Classic,50.0,0,34,1,1500.0,2026-10-11 17:00:00+00:00,Sun 1:00PM
196420931,NFL 10x Booster [Top 5 Win $250],154468,Classic,25.0,0,58,1,1250.0,2026-10-11 17:00:00+00:00,Sun 1:00PM
196420930,NFL 10x Booster [Top 5 Win $250],154468,Classic,25.0,0,58,1,1250.0,2026-10-11 17:00:00+00:00,Sun 1:00PM
196420929,NFL 10x Booster [Top 5 Win $250],154468,Classic,25.0,0,58,1,1250.0,2026-10-11 17:00:00+00:00,Sun 1:00PM
196420961,NFL BIG 10x Booster [Top 30 Win $100],154468,Classic,10.0,1,352,10,3000.0,2026-10-11 17:00:00+00:00,Sun 1:00PM
196420932,NFL 10x Booster [Top 10 Win $100],154468,Classic,10.0,0,117,3,1000.0,2026-10-11 17:00:00+00:00,Sun 1:00PM
196420937,NFL 10x Booster [Top 5 Win $100],154468,Classic,10.0,0,58,1,500.0,2026-10-11 17:00:00+00:00,Sun 1:00PM
196420936,NFL 10x Booster [Top 5 Win $100],154468,Classic,10.0,0,58,1,500.0,2026-10-11 17:00:00+00:00,Sun 1:00PM
196420935,NFL 10x Booster [Top 5 Win $100],154468,Classic,10.0,0,58,1,500.0,2026-10-11 17:00:00+00:00,Sun 1:00PM
196420934,NFL 10x Booster [Top 5 Win $100],154468,Classic,10.0,0,58,1,500.0,2026-10-11 17:00:00+00:00,Sun 1:00PM
196420933,NFL 10x Booster [Top 5 Win $100],154468,Classic,10.0,0,58,1,500.0,2026-10-11 17:00:00+00:00,Sun 1:00PM
196420942,NFL 10x Booster [Top 10 Win $50],154468,Classic,5.0,3,118,3,500.0,2026-10-11 17:00:00+00:00,Sun 1:00PM
196420941,NFL 10x Booster [Top 10 Win $50],154468,Classic,5.0,3,118,3,500.0,2026-10-11 17:00:00+00:00,Sun 1:00PM
196420940,NFL 10x Booster [Top 10 Win $50],154468,Classic,5.0,3,118,3,500.0,2026-10-11 17:00:00+00:00,Sun 1:00PM
196420939,NFL 10x Booster [Top 10 Win $50],154468,Classic,5.0,0,118,3,500.0,2026-10-11 17:00:00+00:00,Sun 1:00PM
196420938,NFL 10x Booster [Top 10 Win $50],154468,Classic,5.0,0,118,3,500.0,2026-10-11 17:00:00+00:00,Sun 1:00PM
196420952,NFL 10x Booster [Top 5 Win $50],154468,Classic,5.0,0,59,1,250.0,2026-10-11 17:00:00+00:00,Sun 1:00PM
196420951,NFL 10x Booster [Top 5 Win $50],154468,Classic,5.0,0,59,1,250.0,2026-10-11 17:00:00+00:00,Sun 1:00PM
196420950,NFL 10x Booster [Top 5 Win $50],154468,Classic,5.0,1,59,1,250.0,2026-10-11 17:00:00+00:00,Sun 1:00PM
196420949,NFL 10x Booster [Top 5 Win $50],154468,Classic,5.0,0,59,1,250.0,2026-10-11 17:00:00+00:00,Sun 1:00PM
196420948,NFL 10x Booster [Top 5 Win $50],154468,Classic,5.0,0,59,1,250.0,2026-10-11 17:00:00+00:00,Sun 1:00PM
196420947,NFL 10x Booster [Top 5 Win $50],154468,Classic,5.0,0,59,1,250.0,2026-10-11 17:00:00+00:00,Sun 1:00PM
196420946,NFL 10x Booster [Top 5 Win $50],154468,Classic,5.0,0,59,1,250.0,2026-10-11 17:00:00+00:00,Sun 1:00PM
196420945,NFL 10x Booster [Top 5 Win $50],154468,Classic,5.0,0,59,1,250.0,2026-10-11 17:00:00+00:00,Sun 1:00PM
196420944,NFL 10x Booster [Top 5 Win $50],154468,Classic,5.0,0,59,1,250.0,2026-10-11 17:00:00+00:00,Sun 1:00PM
196420943,NFL 10x Booster [Top 5 Win $50],154468,Classic,5.0,0,59,1,250.0,2026-10-11 17:00:00+00:00,Sun 1:00PM
196421108,NFL 10x Booster [Top 3 Win $50],154468,Classic,5.0,0,35,1,150.0,2026-10-11 17:00:00+00:00,Sun 1:00PM
196421107,NFL 10x Booster [Top 3 Win $50],154468,Classic,5.0,0,35,1,150.0,2026-10-11 17:00:00+00:00,Sun 1:00PM
196421106,NFL 10x Booster [Top 3 Win $50],154468,Classic,5.0,0,35,1,150.0,2026-10-11 17:00:00+00:00,Sun 1:00PM
196421096,NFL 10x Booster [Top 3 Win $50],154468,Classic,5.0,0,35,1,150.0,2026-10-11 17:00:00+00:00,Sun 1:00PM
196421095,NFL 10x Booster [Top 3 Win $50],154468,Classic,5.0,0,35,1,150.0,2026-10-11 17:00:00+00:00,Sun 1:00PM
196421094,NFL 10x Booster [Top 3 Win $50],154468,Classic,5.0,0,35,1,150.0,2026-10-11 17:00:00+00:00,Sun 1:00PM
196421093,NFL 10x Booster [Top 3 Win $50],154468,Classic,5.0,0,35,1,150.0,2026-10-11 17:00:00+00:00,Sun 1:00PM
196420953,NFL 10x Booster [Top 25 Win $20],154468,Classic,2.0,0,297,8,500.0,2026-10-11 17:00:00+00:00,Sun 1:00PM
196421088,NFL 10x Booster [Top 10 Win $20],154468,Classic,2.0,0,118,3,200.0,2026-10-11 17:00:00+00:00,Sun 1:00PM
196421087,NFL 10x Booster [Top 10 Win $20],154468,Classic,2.0,0,118,3,200.0,2026-10-11 17:00:00+00:00,Sun 1:00PM
196420955,NFL 10x Booster [Top 10 Win $20],154468,Classic,2.0,0,118,3,200.0,2026-10-11 17:00:00+00:00,Sun 1:00PM
196420954,NFL 10x Booster [Top 10 Win $20],154468,Classic,2.0,0,118,3,200.0,2026-10-11 17:00:00+00:00,Sun 1:00PM
196421308,NFL 10x Booster [Top 5 Win $20],154468,Classic,2.0,1,59,1,100.0,2026-10-11 17:00:00+00:00,Sun 1:00PM
196421307,NFL 10x Booster [Top 5 Win $20],154468,Classic,2.0,1,59,1,100.0,2026-10-11 17:00:00+00:00,Sun 1:00PM
196421306,NFL 10x Booster [Top 5 Win $20],154468,Classic,2.0,1,59,1,100.0,2026-10-11 17:00:00+00:00,Sun 1:00PM
196421225,NFL 10x Booster [Top 5 Win $20],154468,Classic,2.0,1,59,1,100.0,2026-10-11 17:00:00+00:00,Sun 1:00PM
196421224,NFL 10x Booster [Top 5 Win $20],154468,Classic,2.0,0,59,1,100.0,2026-10-11 17:00:00+00:00,Sun 1:00PM
196421223,NFL 10x Booster [Top 5 Win $20],154468,Classic,2.0,1,59,1,100.0,2026-10-11 17:00:00+00:00,Sun 1:00PM
196421120,NFL 10x Booster [Top 3 Win $20],154468,Classic,2.0,0,35,1,60.0,2026-10-11 17:00:00+00:00,Sun 1:00PM
196421119,NFL 10x Booster [Top 3 Win $20],154468,Classic,2.0,1,35,1,60.0,2026-10-11 17:00:00+00:00,Sun 1:00PM
196421118,NFL 10x Booster [Top 3 Win $20],154468,Classic,2.0,1,35,1,60.0,2026-10-11 17:00:00+00:00,Sun 1:00PM
196421105,NFL 10x Booster [Top 3 Win $20],154468,Classic,2.0,1,35,1,60.0,2026-10-11 17:00:00+00:00,Sun 1:00PM
196421104,NFL 10x Booster [Top 3 Win $20],154468,Classic,2.0,0,35,1,60.0,2026-10-11 17:00:00+00:00,Sun 1:00PM
196421103,NFL 10x Booster [Top 3 Win $20],154468,Classic,2.0,0,35,1,60.0,2026-10-11 17:00:00+00:00,Sun 1:00PM
196421102,NFL 10x Booster [Top 3 Win $20],154468,Classic,2.0,0,35,1,60.0,2026-10-11 17:00:00+00:00,Sun 1:00PM
196421101,NFL 10x Booster [Top 3 Win $20],154468,Classic,2.0,0,35,1,60.0,2026-10-11 17:00:00+00:00,Sun 1:00PM
196420971,NFL BIG 40x Micro Booster [Top 50 Win $10],154468,Classic,0.25,33,2378,20,500.0,2026-10-11 17:00:00+00:00,Sun 1:00PM
196421090,NFL 40x Micro Booster [Top 20 Win $10],154468,Classic,0.25,5,951,20,200.0,2026-10-11 17:00:00+00:00,Sun 1:00PM
196421089,NFL 40x Micro Booster [Top 20 Win $10],154468,Classic,0.25,4,951,20,200.0,2026-10-11 17:00:00+00:00,Sun 1:00PM
196420970,NFL 40x Micro Booster [Top 20 Win $10],154468,Classic,0.25,0,951,20,200.0,2026-10-11 17:00:00+00:00,Sun 1:00PM
196420969,NFL 40x Micro Booster [Top 20 Win $10],154468,Classic,0.25,0,951,20,200.0,2026-10-11 17:00:00+00:00,Sun 1:00PM
196420968,NFL 40x Micro Booster [Top 20 Win $10],154468,Classic,0.25,0,951,20,200.0,2026-10-11 17:00:00+00:00,Sun 1:00PM
196420967,NFL 40x Micro Booster [Top 20 Win $10],154468,Classic,0.25,0,951,20,200.0,2026-10-11 17:00:00+00:00,Sun 1:00PM
196420966,NFL 40x Micro Booster [Top 20 Win $10],154468,Classic,0.25,0,951,20,200.0,2026-10-11 17:00:00+00:00,Sun 1:00PM
196421007,NFL $100 Quintuple Up [Top 4 Win $500],154468,Classic,100.0,0,22,1,2000.0,2026-10-11 17:00:00+00:00,Sun 1:00PM
196421386,NFL $50 Quintuple Up [Top 4 Win $250],154468,Classic,50.0,0,22,1,1000.0,2026-10-11 17:00:00+00:00,Sun 1:00PM
196420978,NFL $25 Quintuple Up [Top 4 Win $125],154468,Classic,25.0,0,22,1,500.0,2026-10-11 17:00:00+00:00,Sun 1:00PM
196420977,NFL $25 Quintuple Up [Top 4 Win $125],154468,Classic,25.0,0,22,1,500.0,2026-10-11 17:00:00+00:00,Sun 1:00PM
196420976,NFL $25 Quintuple Up [Top 4 Win $125],154468,Classic,25.0,0,22,1,500.0,2026-10-11 17:00:00+00:00,Sun 1:00PM
196420991,NFL $10 Quintuple Up [Top 5 Win $50],154468,Classic,10.0,0,28,1,250.0,2026-10-11 17:00:00+00:00,Sun 1:00PM
196420990,NFL $10 Quintuple Up [Top 5 Win $50],154468,Classic,10.0,0,28,1,250.0,2026-10-11 17:00:00+00:00,Sun 1:00PM
196420989,NFL $10 Quintuple Up [Top 5 Win $50],154468,Classic,10.0,0,28,1,250.0,2026-10-11 17:00:00+00:00,Sun 1:00PM
196420988,NFL $10 Quintuple Up [Top 5 Win $50],154468,Classic,10.0,0,28,1,250.0,2026-10-11 17:00:00+00:00,Sun 1:00PM
196420975,NFL $5 Quintuple Up [Top 10 Win $25],154468,Classic,5.0,0,57,1,250.0,2026-10-11 17:00:00+00:00,Sun 1:00PM
196420974,NFL $5 Quintuple Up [Top 10 Win $25],154468,Classic,5.0,0,57,1,250.0,2026-10-11 17:00:00+00:00,Sun 1:00PM
196420973,NFL $5 Quintuple Up [Top 10 Win $25],154468,Classic,5.0,0,57,1,250.0,2026-10-11 17:00:00+00:00,Sun 1:00PM
196420972,NFL $5 Quintuple Up [Top 10 Win $25],154468,Classic,5.0,0,57,1,250.0,2026-10-11 17:00:00+00:00,Sun 1:00PM
196421497,NFL $5 Quintuple Up [Top 5 Win $25],154468,Classic,5.0,1,28,1,125.0,2026-10-11 17:00:00+00:00,Sun 1:00PM
196421496,NFL $5 Quintuple Up [Top 5 Win $25],154468,Classic,5.0,1,28,1,125.0,2026-10-11 17:00:00+00:00,Sun 1:00PM
196421495,NFL $5 Quintuple Up [Top 5 Win $25],154468,Classic,5.0,1,28,1,125.0,2026-10-11 17:00:00+00:00,Sun 1:00PM
196421494,NFL $5 Quintuple Up [Top 5 Win $25],154468,Classic,5.0,1,28,1,125.0,2026-10-11 17:00:00+00:00,Sun 1:00PM
196421493,NFL $5 Quintuple Up [Top 5 Win $25],154468,Classic,5.0,1,28,1,125.0,2026-10-11 17:00:00+00:00,Sun 1:00PM
196421492,NFL $5 Quintuple Up [Top 5 Win $25],154468,Classic,5.0,1,28,1,125.0,2026-10-11 17:00:00+00:00,Sun 1:00PM
196420965,NFL $1 Quintuple Up [Top 25 Win $5],154468,Classic,1.0,1,143,1,125.0,2026-10-11 17:00:00+00:00,Sun 1:00PM
196420964,NFL $1 Quintuple Up [Top 25 Win $5],154468,Classic,1.0,0,143,1,125.0,2026-10-11 17:00:00+00:00,Sun 1:00PM
196420963,NFL $1 Quintuple Up [Top 25 Win $5],154468,Classic,1.0,0,143,1,125.0,2026-10-11 17:00:00+00:00,Sun 1:00PM
196420962,NFL $1 Quintuple Up [Top 25 Win $5],154468,Classic,1.0,1,143,1,125.0,2026-10-11 17:00:00+00:00,Sun 1:00PM
196421393,NFL $1 Quintuple Up [Top 10 Win $5],154468,Classic,1.0,0,57,1,50.0,2026-10-11 17:00:00+00:00,Sun 1:00PM
196421392,NFL $1 Quintuple Up [Top 10 Win $5],154468,Classic,1.0,0,57,1,50.0,2026-10-11 17:00:00+00:00,Sun 1:00PM
196421391,NFL $1 Quintuple Up [Top 10 Win $5],154468,Classic,1.0,0,57,1,50.0,2026-10-11 17:00:00+00:00,Sun 1:00PM
196421390,NFL $1 Quintuple Up [Top 10 Win $5],154468,Classic,1.0,0,57,1,50.0,2026-10-11 17:00:00+00:00,Sun 1:00PM
196421389,NFL $1 Quintuple Up [Top 10 Win $5],154468,Classic,1.0,0,57,1,50.0,2026-10-11 17:00:00+00:00,Sun 1:00PM
196421388,NFL $1 Quintuple Up [Top 10 Win $5],154468,Classic,1.0,0,57,1,50.0,2026-10-11 17:00:00+00:00,Sun 1:00PM
196421387,NFL $1 Quintuple Up [Top 10 Win $5],154468,Classic,1.0,0,57,1,50.0,2026-10-11 17:00:00+00:00,Sun 1:00PM
196421408,NFL $1 Quintuple Up [Top 5 Win $5],154468,Classic,1.0,1,28,1,25.0,2026-10-11 17:00:00+00:00,Sun 1:00PM
196421407,NFL $1 Quintuple Up [Top 5 Win $5],154468,Classic,1.0,1,28,1,25.0,2026-10-11 17:00:00+00:00,Sun 1:00PM
196421406,NFL $1 Quintuple Up [Top 5 Win $5],154468,Classic,1.0,1,28,1,25.0,2026-10-11 17:00:00+00:00,Sun 1:00PM
196421405,NFL $1 Quintuple Up [Top 5 Win $5],154468,Classic,1.0,0,28,1,25.0,2026-10-11 17:00:00+00:00,Sun 1:00PM
196421404,NFL $1 Quintuple Up [Top 5 Win $5],154468,Classic,1.0,0,28,1,25.0,2026-10-11 17:00:00+00:00,Sun 1:00PM
196421403,NFL $1 Quintuple Up [Top 5 Win $5],154468,Classic,1.0,1,28,1,25.0,2026-10-11 17:00:00+00:00,Sun 1:00PM
196421402,NFL $1 Quintuple Up [Top 5 Win $5],154468,Classic,1.0,0,28,1,25.0,2026-10-11 17:00:00+00:00,Sun 1:00PM
196421401,NFL $1 Quintuple Up [Top 5 Win $5],154468,Classic,1.0,0,28,1,25.0,2026-10-11 17:00:00+00:00,Sun 1:00PM
196421400,NFL $1 Quintuple Up [Top 5 Win $5],154468,Classic,1.0,0,28,1,25.0,2026-10-11 17:00:00+00:00,Sun 1:00PM
196421399,NFL $1 Quintuple Up [Top 5 Win $5],154468,Classic,1.0,0,28,1,25.0,2026-10-11 17:00:00+00:00,Sun 1:00PM
196421398,NFL $1 Quintuple Up [Top 5 Win $5],154468,Classic,1.0,0,28,1,25.0,2026-10-11 17:00:00+00:00,Sun 1:00PM
196421397,NFL $1 Quintuple Up [Top 5 Win $5],154468,Classic,1.0,0,28,1,25.0,2026-10-11 17:00:00+00:00,Sun 1:00PM
196421396,NFL $1 Quintuple Up [Top 5 Win $5],154468,Classic,1.0,0,28,1,25.0,2026-10-11 17:00:00+00:00,Sun 1:00PM
196421395,NFL $1 Quintuple Up [Top 5 Win $5],154468,Classic,1.0,1,28,1,25.0,2026-10-11 17:00:00+00:00,Sun 1:00PM
196421394,NFL $1 Quintuple Up [Top 5 Win $5],154468,Classic,1.0,0,28,1,25.0,2026-10-11 17:00:00+00:00,Sun 1:00PM
196421187,Casual NFL $5 Triple Up [Top 9 Win $15],154468,Classic,5.0,0,31,1,135.0,2026-10-11 17:00:00+00:00,Sun 1:00PM
196421188,Casual NFL $1 Triple Up [Top 9 Win $3],154468,Classic,1.0,0,31,1,27.0,2026-10-11 17:00:00+00:00,Sun 1:00PM
196420992,NFL $250 Triple Up [Top 3 Win $750],154468,Classic,250.0,0,10,1,2250.0,2026-10-11 17:00:00+00:00,Sun 1:00PM
196421370,NFL $100 Triple Up [Top 3 Win $300],154468,Classic,100.0,0,10,1,900.0,2026-10-11 17:00:00+00:00,Sun 1:00PM
196421369,NFL $100 Triple Up [Top 3 Win $300],154468,Classic,100.0,0,10,1,900.0,2026-10-11 17:00:00+00:00,Sun 1:00PM
196421368,NFL $100 Triple Up [Top 3 Win $300],154468,Classic,100.0,0,10,1,900.0,2026-10-11 17:00:00+00:00,Sun 1:00PM
196421186,NFL $50 Triple Up [Top 10 Win $150],154468,Classic,50.0,0,34,1,1500.0,2026-10-11 17:00:00+00:00,Sun 1:00PM
196421327,NFL $50 Triple Up [Top 5 Win $150],154468,Classic,50.0,0,17,1,750.0,2026-10-11 17:00:00+00:00,Sun 1:00PM
196420925,NFL $25 Triple Up [Top 18 Win $75],154468,Classic,25.0,0,62,1,1350.0,2026-10-11 17:00:00+00:00,Sun 1:00PM
196421185,NFL $25 Triple Up [Top 9 Win $75],154468,Classic,25.0,0,31,1,675.0,2026-10-11 17:00:00+00:00,Sun 1:00PM
196421184,NFL $25 Triple Up [Top 9 Win $75],154468,Classic,25.0,0,31,1,675.0,2026-10-11 17:00:00+00:00,Sun 1:00PM
196420926,NFL $10 Triple Up [Top 30 Win $30] (Multi-Entry),154468,Classic,10.0,0,103,3,900.0,2026-10-11 17:00:00+00:00,Sun 1:00PM
196421222,NFL $10 Triple Up [Top 18 Win $30],154468,Classic,10.0,0,62,1,540.0,2026-10-11 17:00:00+00:00,Sun 1:00PM
196421183,NFL $10 Triple Up [Top 18 Win $30],154468,Classic,10.0,0,62,1,540.0,2026-10-11 17:00:00+00:00,Sun 1:00PM
196421182,NFL $10 Triple Up [Top 9 Win $30],154468,Classic,10.0,0,31,1,270.0,2026-10-11 17:00:00+00:00,Sun 1:00PM
196421181,NFL $10 Triple Up [Top 9 Win $30],154468,Classic,10.0,0,31,1,270.0,2026-10-11 17:00:00+00:00,Sun 1:00PM
196421180,NFL $10 Triple Up [Top 9 Win $30],154468,Classic,10.0,0,31,1,270.0,2026-10-11 17:00:00+00:00,Sun 1:00PM
196421179,NFL $10 Triple Up [Top 9 Win $30],154468,Classic,10.0,0,31,1,270.0,2026-10-11 17:00:00+00:00,Sun 1:00PM
196421178,NFL $10 Triple Up [Top 9 Win $30],154468,Classic,10.0,0,31,1,270.0,2026-10-11 17:00:00+00:00,Sun 1:00PM
196421221,NFL $5 Triple Up [Top 18 Win $15],154468,Classic,5.0,1,62,1,270.0,2026-10-11 17:00:00+00:00,Sun 1:00PM
196421220,NFL $5 Triple Up [Top 18 Win $15],154468,Classic,5.0,1,62,1,270.0,2026-10-11 17:00:00+00:00,Sun 1:00PM
196421177,NFL $5 Triple Up [Top 18 Win $15],154468,Classic,5.0,1,62,1,270.0,2026-10-11 17:00:00+00:00,Sun 1:00PM
196421176,NFL $5 Triple Up [Top 18 Win $15],154468,Classic,5.0,1,62,1,270.0,2026-10-11 17:00:00+00:00,Sun 1:00PM
196421175,NFL $5 Triple Up [Top 18 Win $15],154468,Classic,5.0,1,62,1,270.0,2026-10-11 17:00:00+00:00,Sun 1:00PM
196421174,NFL $5 Triple Up [Top 9 Win $15],154468,Classic,5.0,2,31,1,135.0,2026-10-11 17:00:00+00:00,Sun 1:00PM
196421173,NFL $5 Triple Up [Top 9 Win $15],154468,Classic,5.0,1,31,1,135.0,2026-10-11 17:00:00+00:00,Sun 1:00PM
196421172,NFL $5 Triple Up [Top 9 Win $15],154468,Classic,5.0,1,31,1,135.0,2026-10-11 17:00:00+00:00,Sun 1:00PM
196421171,NFL $5 Triple Up [Top 9 Win $15],154468,Classic,5.0,1,31,1,135.0,2026-10-11 17:00:00+00:00,Sun 1:00PM
196421170,NFL $5 Triple Up [Top 9 Win $15],154468,Classic,5.0,1,31,1,135.0,2026-10-11 17:00:00+00:00,Sun 1:00PM
196421169,NFL $5 Triple Up [Top 9 Win $15],154468,Classic,5.0,1,31,1,135.0,2026-10-11 17:00:00+00:00,Sun 1:00PM
196421168,NFL $5 Triple Up [Top 9 Win $15],154468,Classic,5.0,1,31,1,135.0,2026-10-11 17:00:00+00:00,Sun 1:00PM
196420927,NFL $1 Triple Up [Top 60 Win $3] (Multi-Entry),154468,Classic,1.0,0,206,6,180.0,2026-10-11 17:00:00+00:00,Sun 1:00PM
196421219,NFL $1 Triple Up [Top 30 Win $3],154468,Classic,1.0,0,103,1,90.0,2026-10-11 17:00:00+00:00,Sun 1:00PM
196421218,NFL $1 Triple Up [Top 30 Win $3],154468,Classic,1.0,0,103,1,90.0,2026-10-11 17:00:00+00:00,Sun 1:00PM
196421152,NFL $1 Triple Up [Top 30 Win $3],154468,Classic,1.0,0,103,1,90.0,2026-10-11 17:00:00+00:00,Sun 1:00PM
196421151,NFL $1 Triple Up [Top 30 Win $3],154468,Classic,1.0,1,103,1,90.0,2026-10-11 17:00:00+00:00,Sun 1:00PM
196421150,NFL $1 Triple Up [Top 30 Win $3],154468,Classic,1.0,0,103,1,90.0,2026-10-11 17:00:00+00:00,Sun 1:00PM
196421149,NFL $1 Triple Up [Top 30 Win $3],154468,Classic,1.0,0,103,1,90.0,2026-10-11 17:00:00+00:00,Sun 1:00PM
196421217,NFL $1 Triple Up [Top 18 Win $3],154468,Classic,1.0,0,62,1,54.0,2026-10-11 17:00:00+00:00,Sun 1:00PM
196421148,NFL $1 Triple Up [Top 18 Win $3],154468,Classic,1.0,0,62,1,54.0,2026-10-11 17:00:00+00:00,Sun 1:00PM
196421147,NFL $1 Triple Up [Top 18 Win $3],154468,Classic,1.0,0,62,1,54.0,2026-10-11 17:00:00+00:00,Sun 1:00PM
196421167,NFL $1 Triple Up [Top 9 Win $3],154468,Classic,1.0,0,31,1,27.0,2026-10-11 17:00:00+00:00,Sun 1:00PM
196421166,NFL $1 Triple Up [Top 9 Win $3],154468,Classic,1.0,0,31,1,27.0,2026-10-11 17:00:00+00:00,Sun 1:00PM
196421165,NFL $1 Triple Up [Top 9 Win $3],154468,Classic,1.0,0,31,1,27.0,2026-10-11 17:00:00+00:00,Sun 1:00PM
196421164,NFL $1 Triple Up [Top 9 Win $3],154468,Classic,1.0,1,31,1,27.0,2026-10-11 17:00:00+00:00,Sun 1:00PM
196421163,NFL $1 Triple Up [Top 9 Win $3],154468,Classic,1.0,0,31,1,27.0,2026-10-11 17:00:00+00:00,Sun 1:00PM
196421162,NFL $1 Triple Up [Top 9 Win $3],154468,Classic,1.0,0,31,1,27.0,2026-10-11 17:00:00+00:00,Sun 1:00PM
196421161,NFL $1 Triple Up [Top 9 Win $3],154468,Classic,1.0,0,31,1,27.0,2026-10-11 17:00:00+00:00,Sun 1:00PM
196421160,NFL $1 Triple Up [Top 9 Win $3],154468,Classic,1.0,0,31,1,27.0,2026-10-11 17:00:00+00:00,Sun 1:00PM
196421159,NFL $1 Triple Up [Top 9 Win $3],154468,Classic,1.0,0,31,1,27.0,2026-10-11 17:00:00+00:00,Sun 1:00PM
196421158,NFL $1 Triple Up [Top 9 Win $3],154468,Classic,1.0,0,31,1,27.0,2026-10-11 17:00:00+00:00,Sun 1:00PM
196421157,NFL $1 Triple Up [Top 9 Win $3],154468,Classic,1.0,0,31,1,27.0,2026-10-11 17:00:00+00:00,Sun 1:00PM
196421156,NFL $1 Triple Up [Top 9 Win $3],154468,Classic,1.0,1,31,1,27.0,2026-10-11 17:00:00+00:00,Sun 1:00PM
196421155,NFL $1 Triple Up [Top 9 Win $3],154468,Classic,1.0,0,31,1,27.0,2026-10-11 17:00:00+00:00,Sun 1:00PM
196421154,NFL $1 Triple Up [Top 9 Win $3],154468,Classic,1.0,0,31,1,27.0,2026-10-11 17:00:00+00:00,Sun 1:00PM
196421153,NFL $1 Triple Up [Top 9 Win $3],154468,Classic,1.0,0,31,1,27.0,2026-10-11 17:00:00+00:00,Sun 1:00PM
196421004,Beginner NFL $25 Double Up,154468,Classic,25.0,0,11,1,250.0,2026-10-11 17:00:00+00:00,Sun 1:00PM
196421003,Beginner NFL $25 Double Up,154468,Classic,25.0,0,11,1,250.0,2026-10-11 17:00:00+00:00,Sun 1:00PM
196421310,Beginner NFL $10 Double Up,154468,Classic,10.0,0,11,1,100.0,2026-10-11 17:00:00+00:00,Sun 1:00PM
196421309,Beginner NFL $10 Double Up,154468,Classic,10.0,0,11,1,100.0,2026-10-11 17:00:00+00:00,Sun 1:00PM
196421117,Beginner NFL $5 Double Up,154468,Classic,5.0,0,23,1,100.0,2026-10-11 17:00:00+00:00,Sun 1:00PM
196421116,Beginner NFL $3 Double Up,154468,Classic,3.0,0,23,1,60.0,2026-10-11 17:00:00+00:00,Sun 1:00PM
196421115,Beginner NFL $1 Double Up,154468,Classic,1.0,2,23,1,20.0,2026-10-11 17:00:00+00:00,Sun 1:00PM
196421114,Beginner NFL $1 Double Up,154468,Classic,1.0,1,23,1,20.0,2026-10-11 17:00:00+00:00,Sun 1:00PM
196421287,Casual NFL $50 Double Up,154468,Classic,50.0,0,11,1,500.0,2026-10-11 17:00:00+00:00,Sun 1:00PM
196421135,Casual NFL $25 Double Up,154468,Classic,25.0,0,11,1,250.0,2026-10-11 17:00:00+00:00,Sun 1:00PM
196421134,Casual NFL $25 Double Up,154468,Classic,25.0,0,11,1,250.0,2026-10-11 17:00:00+00:00,Sun 1:00PM
196421312,Casual NFL $10 Double Up,154468,Classic,10.0,0,23,1,200.0,2026-10-11 17:00:00+00:00,Sun 1:00PM
196421311,Casual NFL $10 Double Up,154468,Classic,10.0,0,23,1,200.0,2026-10-11 17:00:00+00:00,Sun 1:00PM
196421317,Casual NFL $10 Double Up,154468,Classic,10.0,0,11,1,100.0,2026-10-11 17:00:00+00:00,Sun 1:00PM
196421316,Casual NFL $10 Double Up,154468,Classic,10.0,0,11,1,100.0,2026-10-11 17:00:00+00:00,Sun 1:00PM
196421315,Casual NFL $10 Double Up,154468,Classic,10.0,0,11,1,100.0,2026-10-11 17:00:00+00:00,Sun 1:00PM
196421314,Casual NFL $10 Double Up,154468,Classic,10.0,0,11,1,100.0,2026-10-11 17:00:00+00:00,Sun 1:00PM
196421313,Casual NFL $10 Double Up,154468,Classic,10.0,0,11,1,100.0,2026-10-11 17:00:00+00:00,Sun 1:00PM
196421141,Casual NFL $5 Double Up,154468,Classic,5.0,0,23,1,100.0,2026-10-11 17:00:00+00:00,Sun 1:00PM
196421140,Casual NFL $5 Double Up,154468,Classic,5.0,0,23,1,100.0,2026-10-11 17:00:00+00:00,Sun 1:00PM
196421139,Casual NFL $5 Double Up,154468,Classic,5.0,0,23,1,100.0,2026-10-11 17:00:00+00:00,Sun 1:00PM
196421138,Casual NFL $5 Double Up,154468,Classic,5.0,0,23,1,100.0,2026-10-11 17:00:00+00:00,Sun 1:00PM
196421137,Casual NFL $5 Double Up,154468,Classic,5.0,0,23,1,100.0,2026-10-11 17:00:00+00:00,Sun 1:00PM
196421136,Casual NFL $5 Double Up,154468,Classic,5.0,0,23,1,100.0,2026-10-11 17:00:00+00:00,Sun 1:00PM
196421264,Casual NFL $3 Double Up,154468,Classic,3.0,0,62,1,162.0,2026-10-11 17:00:00+00:00,Sun 1:00PM
196421269,Casual NFL $3 Double Up,154468,Classic,3.0,0,39,1,102.0,2026-10-11 17:00:00+00:00,Sun 1:00PM
196421143,Casual NFL $3 Double Up,154468,Classic,3.0,0,23,1,60.0,2026-10-11 17:00:00+00:00,Sun 1:00PM
196421142,Casual NFL $3 Double Up,154468,Classic,3.0,0,23,1,60.0,2026-10-11 17:00:00+00:00,Sun 1:00PM
196421266,Casual NFL $1 Double Up,154468,Classic,1.0,1,124,1,108.0,2026-10-11 17:00:00+00:00,Sun 1:00PM
196421265,Casual NFL $1 Double Up,154468,Classic,1.0,1,124,1,108.0,2026-10-11 17:00:00+00:00,Sun 1:00PM
196421263,Casual NFL $1 Double Up,154468,Classic,1.0,0,62,1,54.0,2026-10-11 17:00:00+00:00,Sun 1:00PM
196421268,Casual NFL $1 Double Up,154468,Classic,1.0,0,39,1,34.0,2026-10-11 17:00:00+00:00,Sun 1:00PM
196421267,Casual NFL $1 Double Up,154468,Classic,1.0,0,39,1,34.0,2026-10-11 17:00:00+00:00,Sun 1:00PM
196421146,Casual NFL $1 Double Up,154468,Classic,1.0,0,23,1,20.0,2026-10-11 17:00:00+00:00,Sun 1:00PM
196421145,Casual NFL $1 Double Up,154468,Classic,1.0,0,23,1,20.0,2026-10-11 17:00:00+00:00,Sun 1:00PM
196421144,Casual NFL $1 Double Up,154468,Classic,1.0,0,23,1,20.0,2026-10-11 17:00:00+00:00,Sun 1:00PM
196421325,"NFL $1,060 50-50 [Top 50% Win]",154468,Classic,1060.0,0,6,1,6000.0,2026-10-11 17:00:00+00:00,Sun 1:00PM
196421000,NFL $530 50-50 [Top 50% Win],154468,Classic,530.0,0,10,1,5000.0,2026-10-11 17:00:00+00:00,Sun 1:00PM
196420960,NFL $250 Double Up,154468,Classic,250.0,0,11,1,2500.0,2026-10-11 17:00:00+00:00,Sun 1:00PM
196421006,NFL $100 Double Up,154468,Classic,100.0,1,22,1,2000.0,2026-10-11 17:00:00+00:00,Sun 1:00PM
196421109,NFL $100 Double Up,154468,Classic,100.0,0,11,1,1000.0,2026-10-11 17:00:00+00:00,Sun 1:00PM
196421092,NFL $100 Double Up,154468,Classic,100.0,0,11,1,1000.0,2026-10-11 17:00:00+00:00,Sun 1:00PM
196421091,NFL $100 Double Up,154468,Classic,100.0,0,11,1,1000.0,2026-10-11 17:00:00+00:00,Sun 1:00PM
196421259,NFL $50 Double Up,154468,Classic,50.0,1,100,1,4400.0,2026-10-11 17:00:00+00:00,Sun 1:00PM
196421258,NFL $50 Double Up,154468,Classic,50.0,1,50,1,2200.0,2026-10-11 17:00:00+00:00,Sun 1:00PM
196421215,NFL $50 Double Up,154468,Classic,50.0,1,22,1,1000.0,2026-10-11 17:00:00+00:00,Sun 1:00PM
196421214,NFL $50 Double Up,154468,Classic,50.0,1,22,1,1000.0,2026-10-11 17:00:00+00:00,Sun 1:00PM
196421286,NFL $50 Double Up,154468,Classic,50.0,0,11,1,500.0,2026-10-11 17:00:00+00:00,Sun 1:00PM
196421099,NFL $50 Double Up,154468,Classic,50.0,0,11,1,500.0,2026-10-11 17:00:00+00:00,Sun 1:00PM
196421098,NFL $50 Double Up,154468,Classic,50.0,0,11,1,500.0,2026-10-11 17:00:00+00:00,Sun 1:00PM
196421097,NFL $50 Double Up,154468,Classic,50.0,0,11,1,500.0,2026-10-11 17:00:00+00:00,Sun 1:00PM
196421257,NFL $25 Double Up,154468,Classic,25.0,1,85,1,1850.0,2026-10-11 17:00:00+00:00,Sun 1:00PM
196421261,NFL $25 Double Up,154468,Classic,25.0,1,62,1,1350.0,2026-10-11 17:00:00+00:00,Sun 1:00PM
196421256,NFL $25 Double Up,154468,Classic,25.0,1,62,1,1350.0,2026-10-11 17:00:00+00:00,Sun 1:00PM
196421285,NFL $25 Double Up,154468,Classic,25.0,1,39,1,850.0,2026-10-11 17:00:00+00:00,Sun 1:00PM
196421284,NFL $25 Double Up,154468,Classic,25.0,1,39,1,850.0,2026-10-11 17:00:00+00:00,Sun 1:00PM
196421113,NFL $25 Double Up,154468,Classic,25.0,2,22,1,500.0,2026-10-11 17:00:00+00:00,Sun 1:00PM
196421112,NFL $25 Double Up,154468,Classic,25.0,2,22,1,500.0,2026-10-11 17:00:00+00:00,Sun 1:00PM
196421111,NFL $25 Double Up,154468,Classic,25.0,2,22,1,500.0,2026-10-11 17:00:00+00:00,Sun 1:00PM
196421110,NFL $25 Double Up,154468,Classic,25.0,2,22,1,500.0,2026-10-11 17:00:00+00:00,Sun 1:00PM
196421486,NFL $25 Double Up,154468,Classic,25.0,0,11,1,250.0,2026-10-11 17:00:00+00:00,Sun 1:00PM
196421485,NFL $25 Double Up,154468,Classic,25.0,0,11,1,250.0,2026-10-11 17:00:00+00:00,Sun 1:00PM
196421484,NFL $25 Double Up,154468,Classic,25.0,0,11,1,250.0,2026-10-11 17:00:00+00:00,Sun 1:00PM
196421483,NFL $25 Double Up,154468,Classic,25.0,0,11,1,250.0,2026-10-11 17:00:00+00:00,Sun 1:00PM
196421010,NFL $25 Double Up,154468,Classic,25.0,0,11,1,250.0,2026-10-11 17:00:00+00:00,Sun 1:00PM
196421009,NFL $25 Double Up,154468,Classic,25.0,0,11,1,250.0,2026-10-11 17:00:00+00:00,Sun 1:00PM
196421008,NFL $25 Double Up,154468,Classic,25.0,0,11,1,250.0,2026-10-11 17:00:00+00:00,Sun 1:00PM
196421260,NFL $10 Double Up,154468,Classic,10.0,1,124,1,1080.0,2026-10-11 17:00:00+00:00,Sun 1:00PM
196421255,NFL $10 Double Up,154468,Classic,10.0,1,124,1,1080.0,2026-10-11 17:00:00+00:00,Sun 1:00PM
196421254,NFL $10 Double Up,154468,Classic,10.0,1,124,1,1080.0,2026-10-11 17:00:00+00:00,Sun 1:00PM
196421253,NFL $10 Double Up,154468,Classic,10.0,1,124,1,1080.0,2026-10-11 17:00:00+00:00,Sun 1:00PM
196421262,NFL $10 Double Up,154468,Classic,10.0,1,62,1,540.0,2026-10-11 17:00:00+00:00,Sun 1:00PM
196421252,NFL $10 Double Up,154468,Classic,10.0,1,62,1,540.0,2026-10-11 17:00:00+00:00,Sun 1:00PM
196421283,NFL $10 Double Up,154468,Classic,10.0,1,39,1,340.0,2026-10-11 17:00:00+00:00,Sun 1:00PM
196421282,NFL $10 Double Up,154468,Classic,10.0,1,39,1,340.0,2026-10-11 17:00:00+00:00,Sun 1:00PM
196421131,NFL $10 Double Up,154468,Classic,10.0,1,23,1,200.0,2026-10-11 17:00:00+00:00,Sun 1:00PM
196421130,NFL $10 Double Up,154468,Classic,10.0,1,23,1,200.0,2026-10-11 17:00:00+00:00,Sun 1:00PM
196421129,NFL $10 Double Up,154468,Classic,10.0,1,23,1,200.0,2026-10-11 17:00:00+00:00,Sun 1:00PM
196421302,NFL $10 Double Up,154468,Classic,10.0,0,11,1,100.0,2026-10-11 17:00:00+00:00,Sun 1:00PM
196421301,NFL $10 Double Up,154468,Classic,10.0,0,11,1,100.0,2026-10-11 17:00:00+00:00,Sun 1:00PM
196421300,NFL $10 Double Up,154468,Classic,10.0,0,11,1,100.0,2026-10-11 17:00:00+00:00,Sun 1:00PM
196421299,NFL $10 Double Up,154468,Classic,10.0,0,11,1,100.0,2026-10-11 17:00:00+00:00,Sun 1:00PM
196421298,NFL $10 Double Up,154468,Classic,10.0,0,11,1,100.0,2026-10-11 17:00:00+00:00,Sun 1:00PM
196421297,NFL $10 Double Up,154468,Classic,10.0,0,11,1,100.0,2026-10-11 17:00:00+00:00,Sun 1:00PM
196421296,NFL $10 Double Up,154468,Classic,10.0,0,11,1,100.0,2026-10-11 17:00:00+00:00,Sun 1:00PM
196421295,NFL $10 Double Up,154468,Classic,10.0,0,11,1,100.0,2026-10-11 17:00:00+00:00,Sun 1:00PM
196421294,NFL $10 Double Up,154468,Classic,10.0,0,11,1,100.0,2026-10-11 17:00:00+00:00,Sun 1:00PM
196421293,NFL $10 Double Up,154468,Classic,10.0,0,11,1,100.0,2026-10-11 17:00:00+00:00,Sun 1:00PM
196421491,NFL $10 Double Up,154468,Classic,10.0,0,11,1,100.0,2026-10-11 17:00:00+00:00,Sun 1:00PM
196421490,NFL $10 Double Up,154468,Classic,10.0,0,11,1,100.0,2026-10-11 17:00:00+00:00,Sun 1:00PM
196421489,NFL $10 Double Up,154468,Classic,10.0,0,11,1,100.0,2026-10-11 17:00:00+00:00,Sun 1:00PM
196421488,NFL $10 Double Up,154468,Classic,10.0,0,11,1,100.0,2026-10-11 17:00:00+00:00,Sun 1:00PM
196421487,NFL $10 Double Up,154468,Classic,10.0,0,11,1,100.0,2026-10-11 17:00:00+00:00,Sun 1:00PM
196421216,NFL $5 Double Up [3 Entry Max],154468,Classic,5.0,0,344,3,1500.0,2026-10-11 17:00:00+00:00,Sun 1:00PM
196421251,NFL $5 Double Up,154468,Classic,5.0,1,124,1,540.0,2026-10-11 17:00:00+00:00,Sun 1:00PM
196421250,NFL $5 Double Up,154468,Classic,5.0,1,124,1,540.0,2026-10-11 17:00:00+00:00,Sun 1:00PM
196421249,NFL $5 Double Up,154468,Classic,5.0,1,62,1,270.0,2026-10-11 17:00:00+00:00,Sun 1:00PM
196421248,NFL $5 Double Up,154468,Classic,5.0,1,62,1,270.0,2026-10-11 17:00:00+00:00,Sun 1:00PM
196421281,NFL $5 Double Up,154468,Classic,5.0,1,39,1,170.0,2026-10-11 17:00:00+00:00,Sun 1:00PM
196421280,NFL $5 Double Up,154468,Classic,5.0,1,39,1,170.0,2026-10-11 17:00:00+00:00,Sun 1:00PM
196421279,NFL $5 Double Up,154468,Classic,5.0,1,39,1,170.0,2026-10-11 17:00:00+00:00,Sun 1:00PM
196421278,NFL $5 Double Up,154468,Classic,5.0,1,39,1,170.0,2026-10-11 17:00:00+00:00,Sun 1:00PM
196421277,NFL $5 Double Up,154468,Classic,5.0,1,39,1,170.0,2026-10-11 17:00:00+00:00,Sun 1:00PM
196421128,NFL $5 Double Up,154468,Classic,5.0,1,23,1,100.0,2026-10-11 17:00:00+00:00,Sun 1:00PM
196421127,NFL $5 Double Up,154468,Classic,5.0,1,23,1,100.0,2026-10-11 17:00:00+00:00,Sun 1:00PM
196421126,NFL $5 Double Up,154468,Classic,5.0,1,23,1,100.0,2026-10-11 17:00:00+00:00,Sun 1:00PM
196421125,NFL $5 Double Up,154468,Classic,5.0,1,23,1,100.0,2026-10-11 17:00:00+00:00,Sun 1:00PM
196421124,NFL $5 Double Up,154468,Classic,5.0,1,23,1,100.0,2026-10-11 17:00:00+00:00,Sun 1:00PM
196421123,NFL $5 Double Up,154468,Classic,5.0,1,23,1,100.0,2026-10-11 17:00:00+00:00,Sun 1:00PM
196421122,NFL $5 Double Up,154468,Classic,5.0,1,23,1,100.0,2026-10-11 17:00:00+00:00,Sun 1:00PM
196421121,NFL $5 Double Up,154468,Classic,5.0,1,23,1,100.0,2026-10-11 17:00:00+00:00,Sun 1:00PM
196421207,NFL $5 Double Up,154468,Classic,5.0,1,23,1,100.0,2026-10-11 17:00:00+00:00,Sun 1:00PM
196421206,NFL $5 Double Up,154468,Classic,5.0,1,23,1,100.0,2026-10-11 17:00:00+00:00,Sun 1:00PM
196421205,NFL $5 Double Up,154468,Classic,5.0,1,23,1,100.0,2026-10-11 17:00:00+00:00,Sun 1:00PM
196421204,NFL $5 Double Up,154468,Classic,5.0,1,23,1,100.0,2026-10-11 17:00:00+00:00,Sun 1:00PM
196421203,NFL $5 Double Up,154468,Classic,5.0,1,23,1,100.0,2026-10-11 17:00:00+00:00,Sun 1:00PM
196421212,NFL $3 Double Up,154468,Classic,3.0,0,1149,20,3000.0,2026-10-11 17:00:00+00:00,Sun 1:00PM
196421213,NFL $3 Double Up [3 Entry Max],154468,Classic,3.0,0,344,3,900.0,2026-10-11 17:00:00+00:00,Sun 1:00PM
196420919,NFL $3 Double Up,154468,Classic,3.0,1,229,1,600.0,2026-10-11 17:00:00+00:00,Sun 1:00PM
196420918,NFL $3 Double Up,154468,Classic,3.0,0,229,1,600.0,2026-10-11 17:00:00+00:00,Sun 1:00PM
196421319,NFL $3 Double Up,154468,Classic,3.0,0,124,1,324.0,2026-10-11 17:00:00+00:00,Sun 1:00PM
196421318,NFL $3 Double Up,154468,Classic,3.0,0,124,1,324.0,2026-10-11 17:00:00+00:00,Sun 1:00PM
196421247,NFL $3 Double Up,154468,Classic,3.0,0,124,1,324.0,2026-10-11 17:00:00+00:00,Sun 1:00PM
196421246,NFL $3 Double Up,154468,Classic,3.0,0,124,1,324.0,2026-10-11 17:00:00+00:00,Sun 1:00PM
196421245,NFL $3 Double Up,154468,Classic,3.0,0,124,1,324.0,2026-10-11 17:00:00+00:00,Sun 1:00PM
196421244,NFL $3 Double Up,154468,Classic,3.0,0,124,1,324.0,2026-10-11 17:00:00+00:00,Sun 1:00PM
196421243,NFL $3 Double Up,154468,Classic,3.0,0,62,1,162.0,2026-10-11 17:00:00+00:00,Sun 1:00PM
196421242,NFL $3 Double Up,154468,Classic,3.0,0,62,1,162.0,2026-10-11 17:00:00+00:00,Sun 1:00PM
196421241,NFL $3 Double Up,154468,Classic,3.0,0,62,1,162.0,2026-10-11 17:00:00+00:00,Sun 1:00PM
196421276,NFL $3 Double Up,154468,Classic,3.0,0,39,1,102.0,2026-10-11 17:00:00+00:00,Sun 1:00PM
196421275,NFL $3 Double Up,154468,Classic,3.0,1,39,1,102.0,2026-10-11 17:00:00+00:00,Sun 1:00PM
196421202,NFL $3 Double Up,154468,Classic,3.0,0,23,1,60.0,2026-10-11 17:00:00+00:00,Sun 1:00PM
196421201,NFL $3 Double Up,154468,Classic,3.0,0,23,1,60.0,2026-10-11 17:00:00+00:00,Sun 1:00PM
196421200,NFL $3 Double Up,154468,Classic,3.0,0,23,1,60.0,2026-10-11 17:00:00+00:00,Sun 1:00PM
196421199,NFL $3 Double Up,154468,Classic,3.0,0,23,1,60.0,2026-10-11 17:00:00+00:00,Sun 1:00PM
196421198,NFL $3 Double Up,154468,Classic,3.0,0,23,1,60.0,2026-10-11 17:00:00+00:00,Sun 1:00PM
196421197,NFL $3 Double Up,154468,Classic,3.0,0,23,1,60.0,2026-10-11 17:00:00+00:00,Sun 1:00PM
196421196,NFL $3 Double Up,154468,Classic,3.0,0,23,1,60.0,2026-10-11 17:00:00+00:00,Sun 1:00PM
196421195,NFL $3 Double Up,154468,Classic,3.0,0,23,1,60.0,2026-10-11 17:00:00+00:00,Sun 1:00PM
196421194,NFL $3 Double Up,154468,Classic,3.0,0,23,1,60.0,2026-10-11 17:00:00+00:00,Sun 1:00PM
196421193,NFL $3 Double Up,154468,Classic,3.0,0,23,1,60.0,2026-10-11 17:00:00+00:00,Sun 1:00PM
196421472,NFL $3 Double Up,154468,Classic,3.0,0,23,1,60.0,2026-10-11 17:00:00+00:00,Sun 1:00PM
196421471,NFL $3 Double Up,154468,Classic,3.0,0,23,1,60.0,2026-10-11 17:00:00+00:00,Sun 1:00PM
196421470,NFL $3 Double Up,154468,Classic,3.0,0,23,1,60.0,2026-10-11 17:00:00+00:00,Sun 1:00PM
196421469,NFL $3 Double Up,154468,Classic,3.0,0,23,1,60.0,2026-10-11 17:00:00+00:00,Sun 1:00PM
196421208,NFL $1 Double Up [3 Entry Max],154468,Classic,1.0,6,862,3,750.0,2026-10-11 17:00:00+00:00,Sun 1:00PM
196421211,NFL $1 Double Up,154468,Classic,1.0,4,459,1,400.0,2026-10-11 17:00:00+00:00,Sun 1:00PM
196421210,NFL $1 Double Up,154468,Classic,1.0,3,459,1,400.0,2026-10-11 17:00:00+00:00,Sun 1:00PM
196421209,NFL $1 Double Up,154468,Classic,1.0,3,459,1,400.0,2026-10-11 17:00:00+00:00,Sun 1:00PM
196420924,NFL $1 Double Up,154468,Classic,1.0,1,229,1,200.0,2026-10-11 17:00:00+00:00,Sun 1:00PM
196420923,NFL $1 Double Up,154468,Classic,1.0,0,229,1,200.0,2026-10-11 17:00:00+00:00,Sun 1:00PM
196420922,NFL $1 Double Up,154468,Classic,1.0,0,229,1,200.0,2026-10-11 17:00:00+00:00,Sun 1:00PM
196420921,NFL $1 Double Up,154468,Classic,1.0,0,229,1,200.0,2026-10-11 17:00:00+00:00,Sun 1:00PM
196420920,NFL $1 Double Up,154468,Classic,1.0,0,229,1,200.0,2026-10-11 17:00:00+00:00,Sun 1:00PM
196421240,NFL $1 Double Up,154468,Classic,1.0,1,124,1,108.0,2026-10-11 17:00:00+00:00,Sun 1:00PM
196421239,NFL $1 Double Up,154468,Classic,1.0,0,124,1,108.0,2026-10-11 17:00:00+00:00,Sun 1:00PM
196421238,NFL $1 Double Up,154468,Classic,1.0,0,124,1,108.0,2026-10-11 17:00:00+00:00,Sun 1:00PM
196421237,NFL $1 Double Up,154468,Classic,1.0,0,124,1,108.0,2026-10-11 17:00:00+00:00,Sun 1:00PM
196421236,NFL $1 Double Up,154468,Classic,1.0,0,124,1,108.0,2026-10-11 17:00:00+00:00,Sun 1:00PM
196421235,NFL $1 Double Up,154468,Classic,1.0,0,124,1,108.0,2026-10-11 17:00:00+00:00,Sun 1:00PM
196421324,NFL $1 Double Up,154468,Classic,1.0,0,62,1,54.0,2026-10-11 17:00:00+00:00,Sun 1:00PM
196421323,NFL $1 Double Up,154468,Classic,1.0,0,62,1,54.0,2026-10-11 17:00:00+00:00,Sun 1:00PM
196421322,NFL $1 Double Up,154468,Classic,1.0,0,62,1,54.0,2026-10-11 17:00:00+00:00,Sun 1:00PM
196421321,NFL $1 Double Up,154468,Classic,1.0,0,62,1,54.0,2026-10-11 17:00:00+00:00,Sun 1:00PM
196421320,NFL $1 Double Up,154468,Classic,1.0,0,62,1,54.0,2026-10-11 17:00:00+00:00,Sun 1:00PM
196421234,NFL $1 Double Up,154468,Classic,1.0,0,62,1,54.0,2026-10-11 17:00:00+00:00,Sun 1:00PM
196421233,NFL $1 Double Up,154468,Classic,1.0,0,62,1,54.0,2026-10-11 17:00:00+00:00,Sun 1:00PM
196421232,NFL $1 Double Up,154468,Classic,1.0,0,62,1,54.0,2026-10-11 17:00:00+00:00,Sun 1:00PM
196421231,NFL $1 Double Up,154468,Classic,1.0,0,62,1,54.0,2026-10-11 17:00:00+00:00,Sun 1:00PM
196421230,NFL $1 Double Up,154468,Classic,1.0,0,62,1,54.0,2026-10-11 17:00:00+00:00,Sun 1:00PM
196421229,NFL $1 Double Up,154468,Classic,1.0,0,62,1,54.0,2026-10-11 17:00:00+00:00,Sun 1:00PM
196421228,NFL $1 Double Up,154468,Classic,1.0,0,62,1,54.0,2026-10-11 17:00:00+00:00,Sun 1:00PM
196421227,NFL $1 Double Up,154468,Classic,1.0,0,62,1,54.0,2026-10-11 17:00:00+00:00,Sun 1:00PM
196421292,NFL $1 Double Up,154468,Classic,1.0,0,39,1,34.0,2026-10-11 17:00:00+00:00,Sun 1:00PM
196421291,NFL $1 Double Up,154468,Classic,1.0,0,39,1,34.0,2026-10-11 17:00:00+00:00,Sun 1:00PM
196421290,NFL $1 Double Up,154468,Classic,1.0,0,39,1,34.0,2026-10-11 17:00:00+00:00,Sun 1:00PM
196421289,NFL $1 Double Up,154468,Classic,1.0,0,39,1,34.0,2026-10-11 17:00:00+00:00,Sun 1:00PM
196421288,NFL $1 Double Up,154468,Classic,1.0,0,39,1,34.0,2026-10-11 17:00:00+00:00,Sun 1:00PM
196421274,NFL $1 Double Up,154468,Classic,1.0,0,39,1,34.0,2026-10-11 17:00:00+00:00,Sun 1:00PM
196421273,NFL $1 Double Up,154468,Classic,1.0,0,39,1,34.0,2026-10-11 17:00:00+00:00,Sun 1:00PM
196421272,NFL $1 Double Up,154468,Classic,1.0,0,39,1,34.0,2026-10-11 17:00:00+00:00,Sun 1:00PM
196421271,NFL $1 Double Up,154468,Classic,1.0,0,39,1,34.0,2026-10-11 17:00:00+00:00,Sun 1:00PM
196421270,NFL $1 Double Up,154468,Classic,1.0,0,39,1,34.0,2026-10-11 17:00:00+00:00,Sun 1:00PM
196421367,NFL $1 Double Up,154468,Classic,1.0,0,23,1,20.0,2026-10-11 17:00:00+00:00,Sun 1:00PM
196421366,NFL $1 Double Up,154468,Classic,1.0,0,23,1,20.0,2026-10-11 17:00:00+00:00,Sun 1:00PM
196421365,NFL $1 Double Up,154468,Classic,1.0,0,23,1,20.0,2026-10-11 17:00:00+00:00,Sun 1:00PM
196421364,NFL $1 Double Up,154468,Classic,1.0,0,23,1,20.0,2026-10-11 17:00:00+00:00,Sun 1:00PM
196421363,NFL $1 Double Up,154468,Classic,1.0,0,23,1,20.0,2026-10-11 17:00:00+00:00,Sun 1:00PM
196421362,NFL $1 Double Up,154468,Classic,1.0,1,23,1,20.0,2026-10-11 17:00:00+00:00,Sun 1:00PM
196421361,NFL $1 Double Up,154468,Classic,1.0,0,23,1,20.0,2026-10-11 17:00:00+00:00,Sun 1:00PM
196421360,NFL $1 Double Up,154468,Classic,1.0,0,23,1,20.0,2026-10-11 17:00:00+00:00,Sun 1:00PM
196421359,NFL $1 Double Up,154468,Classic,1.0,0,23,1,20.0,2026-10-11 17:00:00+00:00,Sun 1:00PM
196421358,NFL $1 Double Up,154468,Classic,1.0,0,23,1,20.0,2026-10-11 17:00:00+00:00,Sun 1:00PM
196421357,NFL $1 Double Up,154468,Classic,1.0,0,23,1,20.0,2026-10-11 17:00:00+00:00,Sun 1:00PM
196421356,NFL $1 Double Up,154468,Classic,1.0,0,23,1,20.0,2026-10-11 17:00:00+00:00,Sun 1:00PM
196421355,NFL $1 Double Up,154468,Classic,1.0,0,23,1,20.0,2026-10-11 17:00:00+00:00,Sun 1:00PM
196421354,NFL $1 Double Up,154468,Classic,1.0,0,23,1,20.0,2026-10-11 17:00:00+00:00,Sun 1:00PM
196421353,NFL $1 Double Up,154468,Classic,1.0,0,23,1,20.0,2026-10-11 17:00:00+00:00,Sun 1:00PM
196421352,NFL $1 Double Up,154468,Classic,1.0,0,23,1,20.0,2026-10-11 17:00:00+00:00,Sun 1:00PM
196421351,NFL $1 Double Up,154468,Classic,1.0,0,23,1,20.0,2026-10-11 17:00:00+00:00,Sun 1:00PM
196421350,NFL $1 Double Up,154468,Classic,1.0,0,23,1,20.0,2026-10-11 17:00:00+00:00,Sun 1:00PM
196421349,NFL $1 Double Up,154468,Classic,1.0,0,23,1,20.0,2026-10-11 17:00:00+00:00,Sun 1:00PM
196421348,NFL $1 Double Up,154468,Classic,1.0,0,23,1,20.0,2026-10-11 17:00:00+00:00,Sun 1:00PM
196421347,NFL $1 Double Up,154468,Classic,1.0,0,23,1,20.0,2026-10-11 17:00:00+00:00,Sun 1:00PM
196421346,NFL $1 Double Up,154468,Classic,1.0,0,23,1,20.0,2026-10-11 17:00:00+00:00,Sun 1:00PM
196421345,NFL $1 Double Up,154468,Classic,1.0,0,23,1,20.0,2026-10-11 17:00:00+00:00,Sun 1:00PM
196421344,NFL $1 Double Up,154468,Classic,1.0,0,23,1,20.0,2026-10-11 17:00:00+00:00,Sun 1:00PM
196421343,NFL $1 Double Up,154468,Classic,1.0,0,23,1,20.0,2026-10-11 17:00:00+00:00,Sun 1:00PM
196421342,NFL $1 Double Up,154468,Classic,1.0,0,23,1,20.0,2026-10-11 17:00:00+00:00,Sun 1:00PM
196421341,NFL $1 Double Up,154468,Classic,1.0,0,23,1,20.0,2026-10-11 17:00:00+00:00,Sun 1:00PM
196421340,NFL $1 Double Up,154468,Classic,1.0,0,23,1,20.0,2026-10-11 17:00:00+00:00,Sun 1:00PM
196421339,NFL $1 Double Up,154468,Classic,1.0,0,23,1,20.0,2026-10-11 17:00:00+00:00,Sun 1:00PM
196421338,NFL $1 Double Up,154468,Classic,1.0,0,23,1,20.0,2026-10-11 17:00:00+00:00,Sun 1:00PM
196421337,NFL $1 Double Up,154468,Classic,1.0,0,23,1,20.0,2026-10-11 17:00:00+00:00,Sun 1:00PM
196421336,NFL $1 Double Up,154468,Classic,1.0,0,23,1,20.0,2026-10-11 17:00:00+00:00,Sun 1:00PM
196421335,NFL $1 Double Up,154468,Classic,1.0,0,23,1,20.0,2026-10-11 17:00:00+00:00,Sun 1:00PM
196421334,NFL $1 Double Up,154468,Classic,1.0,0,23,1,20.0,2026-10-11 17:00:00+00:00,Sun 1:00PM
196421333,NFL $1 Double Up,154468,Classic,1.0,0,23,1,20.0,2026-10-11 17:00:00+00:00,Sun 1:00PM
196421332,NFL $1 Double Up,154468,Classic,1.0,0,23,1,20.0,2026-10-11 17:00:00+00:00,Sun 1:00PM
196421331,NFL $1 Double Up,154468,Classic,1.0,0,23,1,20.0,2026-10-11 17:00:00+00:00,Sun 1:00PM
196421330,NFL $1 Double Up,154468,Classic,1.0,0,23,1,20.0,2026-10-11 17:00:00+00:00,Sun 1:00PM
196421329,NFL $1 Double Up,154468,Classic,1.0,0,23,1,20.0,2026-10-11 17:00:00+00:00,Sun 1:00PM
196421328,NFL $1 Double Up,154468,Classic,1.0,0,23,1,20.0,2026-10-11 17:00:00+00:00,Sun 1:00PM
196421468,NFL $1 Double Up,154468,Classic,1.0,0,23,1,20.0,2026-10-11 17:00:00+00:00,Sun 1:00PM
196421467,NFL $1 Double Up,154468,Classic,1.0,0,23,1,20.0,2026-10-11 17:00:00+00:00,Sun 1:00PM
196421466,NFL $1 Double Up,154468,Classic,1.0,0,23,1,20.0,2026-10-11 17:00:00+00:00,Sun 1:00PM
196421465,NFL $1 Double Up,154468,Classic,1.0,0,23,1,20.0,2026-10-11 17:00:00+00:00,Sun 1:00PM
196421464,NFL $1 Double Up,154468,Classic,1.0,0,23,1,20.0,2026-10-11 17:00:00+00:00,Sun 1:00PM
196421463,NFL $1 Double Up,154468,Classic,1.0,0,23,1,20.0,2026-10-11 17:00:00+00:00,Sun 1:00PM
196421462,NFL $1 Double Up,154468,Classic,1.0,0,23,1,20.0,2026-10-11 17:00:00+00:00,Sun 1:00PM
196421461,NFL $1 Double Up,154468,Classic,1.0,0,23,1,20.0,2026-10-11 17:00:00+00:00,Sun 1:00PM
196421460,NFL $1 Double Up,154468,Classic,1.0,0,23,1,20.0,2026-10-11 17:00:00+00:00,Sun 1:00PM
196421459,NFL $1 Double Up,154468,Classic,1.0,0,23,1,20.0,2026-10-11 17:00:00+00:00,Sun 1:00PM
196421458,NFL $1 Double Up,154468,Classic,1.0,0,23,1,20.0,2026-10-11 17:00:00+00:00,Sun 1:00PM
196421457,NFL $1 Double Up,154468,Classic,1.0,0,23,1,20.0,2026-10-11 17:00:00+00:00,Sun 1:00PM
196421456,NFL $1 Double Up,154468,Classic,1.0,0,23,1,20.0,2026-10-11 17:00:00+00:00,Sun 1:00PM
196421455,NFL $1 Double Up,154468,Classic,1.0,0,23,1,20.0,2026-10-11 17:00:00+00:00,Sun 1:00PM
196421454,NFL $1 Double Up,154468,Classic,1.0,0,23,1,20.0,2026-10-11 17:00:00+00:00,Sun 1:00PM
196421453,NFL $1 Double Up,154468,Classic,1.0,0,23,1,20.0,2026-10-11 17:00:00+00:00,Sun 1:00PM
196421452,NFL $1 Double Up,154468,Classic,1.0,0,23,1,20.0,2026-10-11 17:00:00+00:00,Sun 1:00PM
196421451,NFL $1 Double Up,154468,Classic,1.0,0,23,1,20.0,2026-10-11 17:00:00+00:00,Sun 1:00PM
196421450,NFL $1 Double Up,154468,Classic,1.0,0,23,1,20.0,2026-10-11 17:00:00+00:00,Sun 1:00PM
196421449,NFL $1 Double Up,154468,Classic,1.0,0,23,1,20.0,2026-10-11 17:00:00+00:00,Sun 1:00PM
196421482,NFL $1 Double Up,154468,Classic,1.0,0,23,1,20.0,2026-10-11 17:00:00+00:00,Sun 1:00PM
196421481,NFL $1 Double Up,154468,Classic,1.0,0,23,1,20.0,2026-10-11 17:00:00+00:00,Sun 1:00PM
196421480,NFL $1 Double Up,154468,Classic,1.0,0,23,1,20.0,2026-10-11 17:00:00+00:00,Sun 1:00PM
196421479,NFL $1 Double Up,154468,Classic,1.0,0,23,1,20.0,2026-10-11 17:00:00+00:00,Sun 1:00PM
196421478,NFL $1 Double Up,154468,Classic,1.0,0,23,1,20.0,2026-10-11 17:00:00+00:00,Sun 1:00PM
196421477,NFL $1 Double Up,154468,Classic,1.0,0,23,1,20.0,2026-10-11 17:00:00+00:00,Sun 1:00PM
196421476,NFL $1 Double Up,154468,Classic,1.0,0,23,1,20.0,2026-10-11 17:00:00+00:00,Sun 1:00PM
196421475,NFL $1 Double Up,154468,Classic,1.0,0,23,1,20.0,2026-10-11 17:00:00+00:00,Sun 1:00PM
196421474,NFL $1 Double Up,154468,Classic,1.0,0,23,1,20.0,2026-10-11 17:00:00+00:00,Sun 1:00PM
196421473,NFL $1 Double Up,154468,Classic,1.0,0,23,1,20.0,2026-10-11 17:00:00+00:00,Sun 1:00PM
196422257,NFL FREE 100-Player,154468,Classic,0.0,37,100,1,0.0,2026-10-11 17:00:00+00:00,Sun 1:00PM
196414653,NFL FREE 100-Player,154468,Classic,0.0,83,100,1,0.0,2026-10-11 17:00:00+00:00,Sun 1:00PM
196421990,NFL FREE 35-Player,154468,Classic,0.0,9,35,1,0.0,2026-10-11 17:00:00+00:00,Sun 1:00PM
196422089,NFL FREE 16-Player,154468,Classic,0.0,10,16,1,0.0,2026-10-11 17:00:00+00:00,Sun 1:00PM
196422129,NFL Single Stat $20 10-Player [Top 2 Win] (Touchdowns),154503,Single Stat - Touchdowns,20.0,0,10,1,180.0,2026-10-11 17:00:00+00:00,Sun 1:00PM
196422128,NFL Single Stat $20 10-Player [Top 2 Win] (Touchdowns),154503,Single Stat - Touchdowns,20.0,0,10,1,180.0,2026-10-11 17:00:00+00:00,Sun 1:00PM
196422127,NFL Single Stat $10 10-Player [Top 2 Win] (Touchdowns),154503,Single Stat - Touchdowns,10.0,0,10,1,90.0,2026-10-11 17:00:00+00:00,Sun 1:00PM
196422126,NFL Single Stat $10 10-Player [Top 2 Win] (Touchdowns),154503,Single Stat - Touchdowns,10.0,0,10,1,90.0,2026-10-11 17:00:00+00:00,Sun 1:00PM
196422125,NFL Single Stat $5 10-Player [Top 2 Win] (Touchdowns),154503,Single Stat - Touchdowns,5.0,0,10,1,45.0,2026-10-11 17:00:00+00:00,Sun 1:00PM
196422124,NFL Single Stat $5 10-Player [Top 2 Win] (Touchdowns),154503,Single Stat - Touchdowns,5.0,0,10,1,45.0,2026-10-11 17:00:00+00:00,Sun 1:00PM
196422123,NFL Single Stat $2 10-Player [Top 2 Win] (Touchdowns),154503,Single Stat - Touchdowns,2.0,0,10,1,18.0,2026-10-11 17:00:00+00:00,Sun 1:00PM
196422122,NFL Single Stat $2 10-Player [Top 2 Win] (Touchdowns),154503,Single Stat - Touchdowns,2.0,0,10,1,18.0,2026-10-11 17:00:00+00:00,Sun 1:00PM
196422121,NFL Single Stat $1 10-Player [Top 2 Win] (Touchdowns),154503,Single Stat - Touchdowns,1.0,2,10,1,9.0,2026-10-11 17:00:00+00:00,Sun 1:00PM
196422120,NFL Single Stat $1 10-Player [Top 2 Win] (Touchdowns),154503,Single Stat - Touchdowns,1.0,0,10,1,9.0,2026-10-11 17:00:00+00:00,Sun 1:00PM
196428122,NFL Single Stat FREE 200-Player (Touchdowns),154503,Single Stat - Touchdowns,0.0,1,200,1,0.0,2026-10-11 17:00:00+00:00,Sun 1:00PM
196430393,NFL Snake Showdown $10 4-Player (ATL @ NO Snake),154111,Snake Showdown,10.0,2,4,1,36.0,2026-10-06 00:05:00+00:00,Mon 8:05PM
196430740,NFL Snake Showdown $10 4-Player (ATL @ NO Snake),154111,Snake Showdown,10.0,1,4,1,36.0,2026-10-06 00:05:00+00:00,Mon 8:05PM
196430782,NFL Snake Showdown $10 4-Player (ATL @ NO Snake),154111,Snake Showdown,10.0,1,4,1,36.0,2026-10-06 00:05:00+00:00,Mon 8:05PM
196430335,NFL Snake Showdown $5 4-Player (ATL @ NO Snake),154111,Snake Showdown,5.0,1,4,1,18.0,2026-10-06 00:05:00+00:00,Mon 8:05PM
196430442,NFL Snake Showdown $5 4-Player (ATL @ NO Snake),154111,Snake Showdown,5.0,1,4,1,18.0,2026-10-06 00:05:00+00:00,Mon 8:05PM
196430765,NFL Snake Showdown $5 4-Player (ATL @ NO Snake),154111,Snake Showdown,5.0,2,4,1,18.0,2026-10-06 00:05:00+00:00,Mon 8:05PM
196430395,NFL Snake Showdown $20 4-Player (ATL @ NO Snake),154111,Snake Showdown,20.0,3,4,1,72.0,2026-10-06 00:05:00+00:00,Mon 8:05PM
196430497,NFL Snake Showdown $20 4-Player (ATL @ NO Snake),154111,Snake Showdown,20.0,2,4,1,72.0,2026-10-06 00:05:00+00:00,Mon 8:05PM
196430612,NFL Snake Showdown $20 4-Player (ATL @ NO Snake),154111,Snake Showdown,20.0,2,4,1,72.0,2026-10-06 00:05:00+00:00,Mon 8:05PM
196430330,NFL Snake Showdown $109 4-Player (ATL @ NO Snake),154111,Snake Showdown,109.0,1,4,1,400.0,2026-10-06 00:05:00+00:00,Mon 8:05PM
196285446,NFL Snake Showdown $530 4-Player (ATL @ NO Snake),154111,Snake Showdown,530.0,1,4,1,2000.0,2026-10-06 00:05:00+00:00,Mon 8:05PM
196430369,NFL Snake Showdown $1 4-Player (ATL @ NO Snake),154111,Snake Showdown,1.0,0,4,1,3.6,2026-10-06 00:05:00+00:00,Mon 8:05PM
196430620,NFL Snake Showdown $1 4-Player (ATL @ NO Snake),154111,Snake Showdown,1.0,0,4,1,3.6,2026-10-06 00:05:00+00:00,Mon 8:05PM
196430839,NFL Snake Showdown $1 4-Player (ATL @ NO Snake),154111,Snake Showdown,1.0,0,4,1,3.6,2026-10-06 00:05:00+00:00,Mon 8:05PM
196430857,NFL Snake Showdown $50 4-Player (ATL @ NO Snake),154111,Snake Showdown,50.0,0,4,1,180.0,2026-10-06 00:05:00+00:00,Mon 8:05PM
196430504,NFL Snake Showdown $10 3-Player (ATL @ NO Snake),154111,Snake Showdown,10.0,1,3,1,27.0,2026-10-06 00:07:00+00:00,Mon 8:07PM
196430591,NFL Snake Showdown $10 3-Player (ATL @ NO Snake),154111,Snake Showdown,10.0,1,3,1,27.0,2026-10-06 00:07:00+00:00,Mon 8:07PM
196430745,NFL Snake Showdown $10 3-Player (ATL @ NO Snake),154111,Snake Showdown,10.0,1,3,1,27.0,2026-10-06 00:07:00+00:00,Mon 8:07PM
196430739,NFL Snake Showdown $1 3-Player (ATL @ NO Snake),154111,Snake Showdown,1.0,1,3,1,2.7,2026-10-06 00:07:00+00:00,Mon 8:07PM
196430578,NFL Snake Showdown $5 3-Player (ATL @ NO Snake),154111,Snake Showdown,5.0,1,3,1,13.5,2026-10-06 00:07:00+00:00,Mon 8:07PM
196430754,NFL Snake Showdown $5 3-Player (ATL @ NO Snake),154111,Snake Showdown,5.0,1,3,1,13.5,2026-10-06 00:07:00+00:00,Mon 8:07PM
196430332,NFL Snake Showdown $20 3-Player (ATL @ NO Snake),154111,Snake Showdown,20.0,2,3,1,54.0,2026-10-06 00:07:00+00:00,Mon 8:07PM
196430611,NFL Snake Showdown $20 3-Player (ATL @ NO Snake),154111,Snake Showdown,20.0,2,3,1,54.0,2026-10-06 00:07:00+00:00,Mon 8:07PM
196430751,NFL Snake Showdown $20 3-Player (ATL @ NO Snake),154111,Snake Showdown,20.0,2,3,1,54.0,2026-10-06 00:07:00+00:00,Mon 8:07PM
196430494,NFL Snake Showdown $50 3-Player (ATL @ NO Snake),154111,Snake Showdown,50.0,1,3,1,135.0,2026-10-06 00:07:00+00:00,Mon 8:07PM
196430565,NFL Snake Showdown $50 3-Player (ATL @ NO Snake),154111,Snake Showdown,50.0,1,3,1,135.0,2026-10-06 00:07:00+00:00,Mon 8:07PM
196430769,NFL Snake Showdown $50 3-Player (ATL @ NO Snake),154111,Snake Showdown,50.0,1,3,1,135.0,2026-10-06 00:07:00+00:00,Mon 8:07PM
196430200,NFL Snake Showdown $109 3-Player (ATL @ NO Snake),154111,Snake Showdown,109.0,1,3,1,300.0,2026-10-06 00:07:00+00:00,Mon 8:07PM
196430538,NFL Snake Showdown $109 3-Player (ATL @ NO Snake),154111,Snake Showdown,109.0,1,3,1,300.0,2026-10-06 00:07:00+00:00,Mon 8:07PM
196430542,NFL Snake Showdown $109 3-Player (ATL @ NO Snake),154111,Snake Showdown,109.0,1,3,1,300.0,2026-10-06 00:07:00+00:00,Mon 8:07PM
196285445,NFL Snake Showdown $530 3-Player (ATL @ NO Snake),154111,Snake Showdown,530.0,1,3,1,1500.0,2026-10-06 00:07:00+00:00,Mon 8:07PM
196426895,NFL Snake Showdown $530 3-Player (ATL @ NO Snake),154111,Snake Showdown,530.0,1,3,1,1500.0,2026-10-06 00:07:00+00:00,Mon 8:07PM
196285447,"NFL Snake Showdown $1,060 3-Player (ATL @ NO Snake)",154111,Snake Showdown,1060.0,1,3,1,3000.0,2026-10-06 00:07:00+00:00,Mon 8:07PM
196285448,"NFL Snake Showdown $2,120 3-Player (ATL @ NO Snake)",154111,Snake Showdown,2120.0,1,3,1,6000.0,2026-10-06 00:07:00+00:00,Mon 8:07PM
196285449,"NFL Snake Showdown $5,300 3-Player (ATL @ NO Snake)",154111,Snake Showdown,5300.0,1,3,1,15000.0,2026-10-06 00:07:00+00:00,Mon 8:07PM
196430762,NFL Snake Showdown $1 3-Player (ATL @ NO Snake),154111,Snake Showdown,1.0,0,3,1,2.7,2026-10-06 00:07:00+00:00,Mon 8:07PM
196430781,NFL Snake Showdown $1 3-Player (ATL @ NO Snake),154111,Snake Showdown,1.0,0,3,1,2.7,2026-10-06 00:07:00+00:00,Mon 8:07PM
196430835,NFL Snake Showdown $5 3-Player (ATL @ NO Snake),154111,Snake Showdown,5.0,0,3,1,13.5,2026-10-06 00:07:00+00:00,Mon 8:07PM
196285450,"NFL Snake Showdown $10,600 3-Player (ATL @ NO Snake)",154111,Snake Showdown,10600.0,0,3,1,30000.0,2026-10-06 00:07:00+00:00,Mon 8:07PM
196425354,NFL Showdown Satellite to $20 NFL Fantasy Football Millionaire [Must Fill] (ATL @ NO),154099,Showdown Captain Mode,7.4,2,3,1,20.0,2026-10-06 00:15:00+00:00,Mon 8:15PM
196287751,NFL Showdown Satellite to NBA 10-20 $20 Opening Tip Off [Must Fill] (ATL @ NO),154099,Showdown Captain Mode,7.4,2,3,1,20.0,2026-10-06 00:15:00+00:00,Mon 8:15PM
196286297,Casual NFL Showdown $10 50-50 (ATL @ NO),154099,Showdown Captain Mode,10.0,1,10,1,90.0,2026-10-06 00:15:00+00:00,Mon 8:15PM
196286315,Casual NFL Showdown $10 3-Player (ATL @ NO),154099,Showdown Captain Mode,10.0,1,3,1,27.0,2026-10-06 00:15:00+00:00,Mon 8:15PM
196286316,Casual NFL Showdown $10 3-Player (ATL @ NO),154099,Showdown Captain Mode,10.0,1,3,1,27.0,2026-10-06 00:15:00+00:00,Mon 8:15PM
196286303,Casual NFL Showdown $3 50-50 (ATL @ NO),154099,Showdown Captain Mode,3.0,1,10,1,27.0,2026-10-06 00:15:00+00:00,Mon 8:15PM
196286327,Casual NFL Showdown $2 3-Player (ATL @ NO),154099,Showdown Captain Mode,2.0,1,3,1,5.4,2026-10-06 00:15:00+00:00,Mon 8:15PM
196286306,Casual NFL Showdown $1 50-50 (ATL @ NO),154099,Showdown Captain Mode,1.0,2,10,1,9.0,2026-10-06 00:15:00+00:00,Mon 8:15PM
196286205,Beginner NFL Showdown $10 5-Player (ATL @ NO),154099,Showdown Captain Mode,10.0,1,5,1,45.0,2026-10-06 00:15:00+00:00,Mon 8:15PM
196286217,Beginner NFL Showdown $5 50-50 (ATL @ NO),154099,Showdown Captain Mode,5.0,1,10,1,45.0,2026-10-06 00:15:00+00:00,Mon 8:15PM
196286210,Beginner NFL Showdown $1 50-50 (ATL @ NO),154099,Showdown Captain Mode,1.0,2,10,1,9.0,2026-10-06 00:15:00+00:00,Mon 8:15PM
196286246,"NFL Showdown $10,600 3-Player (ATL @ NO)",154099,Showdown Captain Mode,10600.0,2,3,1,30000.0,2026-10-06 00:15:00+00:00,Mon 8:15PM
196286247,"NFL Showdown $10,600 3-Player (ATL @ NO)",154099,Showdown Captain Mode,10600.0,2,3,1,30000.0,2026-10-06 00:15:00+00:00,Mon 8:15PM
196402683,"NFL Showdown $10,600 3-Player (ATL @ NO)",154099,Showdown Captain Mode,10600.0,2,3,1,30000.0,2026-10-06 00:15:00+00:00,Mon 8:15PM
196402684,"NFL Showdown $10,600 3-Player (ATL @ NO)",154099,Showdown Captain Mode,10600.0,2,3,1,30000.0,2026-10-06 00:15:00+00:00,Mon 8:15PM
196286250,"NFL Showdown $5,300 50-50 (ATL @ NO)",154099,Showdown Captain Mode,5300.0,3,4,1,20000.0,2026-10-06 00:15:00+00:00,Mon 8:15PM
196286251,"NFL Showdown $5,300 50-50 (ATL @ NO)",154099,Showdown Captain Mode,5300.0,3,4,1,20000.0,2026-10-06 00:15:00+00:00,Mon 8:15PM
196286248,"NFL Showdown $5,300 3-Player (ATL @ NO)",154099,Showdown Captain Mode,5300.0,2,3,1,15000.0,2026-10-06 00:15:00+00:00,Mon 8:15PM
196286249,"NFL Showdown $5,300 3-Player (ATL @ NO)",154099,Showdown Captain Mode,5300.0,2,3,1,15000.0,2026-10-06 00:15:00+00:00,Mon 8:15PM
196402686,"NFL Showdown $5,300 3-Player (ATL @ NO)",154099,Showdown Captain Mode,5300.0,2,3,1,15000.0,2026-10-06 00:15:00+00:00,Mon 8:15PM
196402687,"NFL Showdown $5,300 3-Player (ATL @ NO)",154099,Showdown Captain Mode,5300.0,2,3,1,15000.0,2026-10-06 00:15:00+00:00,Mon 8:15PM
196286284,"NFL Showdown $2,120 50-50 (ATL @ NO)",154099,Showdown Captain Mode,2120.0,2,4,1,8000.0,2026-10-06 00:15:00+00:00,Mon 8:15PM
196286285,"NFL Showdown $2,120 50-50 (ATL @ NO)",154099,Showdown Captain Mode,2120.0,2,4,1,8000.0,2026-10-06 00:15:00+00:00,Mon 8:15PM
196286282,"NFL Showdown $2,120 5-Player (ATL @ NO)",154099,Showdown Captain Mode,2120.0,1,5,1,10000.0,2026-10-06 00:15:00+00:00,Mon 8:15PM
196286280,"NFL Showdown $2,120 3-Player (ATL @ NO)",154099,Showdown Captain Mode,2120.0,1,3,1,6000.0,2026-10-06 00:15:00+00:00,Mon 8:15PM
196286281,"NFL Showdown $2,120 3-Player (ATL @ NO)",154099,Showdown Captain Mode,2120.0,1,3,1,6000.0,2026-10-06 00:15:00+00:00,Mon 8:15PM
196286252,"NFL Showdown $1,060 50-50 (ATL @ NO)",154099,Showdown Captain Mode,1060.0,3,4,1,4000.0,2026-10-06 00:15:00+00:00,Mon 8:15PM
196286253,"NFL Showdown $1,060 50-50 (ATL @ NO)",154099,Showdown Captain Mode,1060.0,3,4,1,4000.0,2026-10-06 00:15:00+00:00,Mon 8:15PM
196286137,"NFL Showdown $1,060 5-Player (ATL @ NO)",154099,Showdown Captain Mode,1060.0,1,5,1,5000.0,2026-10-06 00:15:00+00:00,Mon 8:15PM
196286255,"NFL Showdown $1,060 3-Player (ATL @ NO)",154099,Showdown Captain Mode,1060.0,1,3,1,3000.0,2026-10-06 00:15:00+00:00,Mon 8:15PM
196403699,"NFL Showdown $1,060 3-Player (ATL @ NO)",154099,Showdown Captain Mode,1060.0,2,3,1,3000.0,2026-10-06 00:15:00+00:00,Mon 8:15PM
196403700,"NFL Showdown $1,060 3-Player (ATL @ NO)",154099,Showdown Captain Mode,1060.0,2,3,1,3000.0,2026-10-06 00:15:00+00:00,Mon 8:15PM
196286256,NFL Showdown $530 50-50 (ATL @ NO),154099,Showdown Captain Mode,530.0,3,4,1,2000.0,2026-10-06 00:15:00+00:00,Mon 8:15PM
196286257,NFL Showdown $530 50-50 (ATL @ NO),154099,Showdown Captain Mode,530.0,3,4,1,2000.0,2026-10-06 00:15:00+00:00,Mon 8:15PM
196286274,NFL Showdown $530 50-50 (ATL @ NO),154099,Showdown Captain Mode,530.0,2,8,1,4000.0,2026-10-06 00:15:00+00:00,Mon 8:15PM
196286165,NFL Showdown $530 5-Player (ATL @ NO),154099,Showdown Captain Mode,530.0,2,5,1,2500.0,2026-10-06 00:15:00+00:00,Mon 8:15PM
196286258,NFL Showdown $530 3-Player (ATL @ NO),154099,Showdown Captain Mode,530.0,1,3,1,1500.0,2026-10-06 00:15:00+00:00,Mon 8:15PM
196286259,NFL Showdown $530 3-Player (ATL @ NO),154099,Showdown Captain Mode,530.0,1,3,1,1500.0,2026-10-06 00:15:00+00:00,Mon 8:15PM
196403702,NFL Showdown $530 3-Player (ATL @ NO),154099,Showdown Captain Mode,530.0,2,3,1,1500.0,2026-10-06 00:15:00+00:00,Mon 8:15PM
196286273,NFL Showdown $270 50-50 (ATL @ NO),154099,Showdown Captain Mode,270.0,2,8,1,2000.0,2026-10-06 00:15:00+00:00,Mon 8:15PM
196286356,NFL Showdown $270 50-50 (ATL @ NO),154099,Showdown Captain Mode,270.0,3,4,1,1000.0,2026-10-06 00:15:00+00:00,Mon 8:15PM
196286261,NFL Showdown $270 3-Player (ATL @ NO),154099,Showdown Captain Mode,270.0,1,3,1,750.0,2026-10-06 00:15:00+00:00,Mon 8:15PM
196403703,NFL Showdown $270 3-Player (ATL @ NO),154099,Showdown Captain Mode,270.0,2,3,1,750.0,2026-10-06 00:15:00+00:00,Mon 8:15PM
196411734,NFL Showdown $270 3-Player (ATL @ NO),154099,Showdown Captain Mode,270.0,1,3,1,750.0,2026-10-06 00:15:00+00:00,Mon 8:15PM
196286162,NFL Showdown $270 5-Player (ATL @ NO),154099,Showdown Captain Mode,270.0,1,5,1,1250.0,2026-10-06 00:15:00+00:00,Mon 8:15PM
196286272,NFL Showdown $162 50-50 (ATL @ NO),154099,Showdown Captain Mode,162.0,1,8,1,1200.0,2026-10-06 00:15:00+00:00,Mon 8:15PM
196286147,NFL Showdown $162 50-50 (ATL @ NO),154099,Showdown Captain Mode,162.0,3,4,1,600.0,2026-10-06 00:15:00+00:00,Mon 8:15PM
196286148,NFL Showdown $162 50-50 (ATL @ NO),154099,Showdown Captain Mode,162.0,3,4,1,600.0,2026-10-06 00:15:00+00:00,Mon 8:15PM
196286160,NFL Showdown $162 5-Player (ATL @ NO),154099,Showdown Captain Mode,162.0,1,5,1,750.0,2026-10-06 00:15:00+00:00,Mon 8:15PM
196286157,NFL Showdown $162 3-Player (ATL @ NO),154099,Showdown Captain Mode,162.0,1,3,1,450.0,2026-10-06 00:15:00+00:00,Mon 8:15PM
196286158,NFL Showdown $162 3-Player (ATL @ NO),154099,Showdown Captain Mode,162.0,1,3,1,450.0,2026-10-06 00:15:00+00:00,Mon 8:15PM
196286159,NFL Showdown $162 3-Player (ATL @ NO),154099,Showdown Captain Mode,162.0,1,3,1,450.0,2026-10-06 00:15:00+00:00,Mon 8:15PM
196403692,NFL Showdown $162 3-Player (ATL @ NO),154099,Showdown Captain Mode,162.0,2,3,1,450.0,2026-10-06 00:15:00+00:00,Mon 8:15PM
196403693,NFL Showdown $162 3-Player (ATL @ NO),154099,Showdown Captain Mode,162.0,2,3,1,450.0,2026-10-06 00:15:00+00:00,Mon 8:15PM
196403694,NFL Showdown $162 3-Player (ATL @ NO),154099,Showdown Captain Mode,162.0,2,3,1,450.0,2026-10-06 00:15:00+00:00,Mon 8:15PM
196411738,NFL Showdown $162 3-Player (ATL @ NO),154099,Showdown Captain Mode,162.0,1,3,1,450.0,2026-10-06 00:15:00+00:00,Mon 8:15PM
196286179,NFL Showdown $109 50-50 (ATL @ NO),154099,Showdown Captain Mode,109.0,3,20,1,2000.0,2026-10-06 00:15:00+00:00,Mon 8:15PM
196418292,NFL Showdown $109 50-50 (ATL @ NO),154099,Showdown Captain Mode,109.0,1,20,1,2000.0,2026-10-06 00:15:00+00:00,Mon 8:15PM
196424257,NFL Showdown $109 50-50 (ATL @ NO),154099,Showdown Captain Mode,109.0,1,20,1,2000.0,2026-10-06 00:15:00+00:00,Mon 8:15PM
196286151,NFL Showdown $109 50-50 (ATL @ NO),154099,Showdown Captain Mode,109.0,2,10,1,1000.0,2026-10-06 00:15:00+00:00,Mon 8:15PM
196286262,NFL Showdown $109 50-50 (ATL @ NO),154099,Showdown Captain Mode,109.0,2,4,1,400.0,2026-10-06 00:15:00+00:00,Mon 8:15PM
196286263,NFL Showdown $109 50-50 (ATL @ NO),154099,Showdown Captain Mode,109.0,2,4,1,400.0,2026-10-06 00:15:00+00:00,Mon 8:15PM
196286264,NFL Showdown $109 5-Player (ATL @ NO),154099,Showdown Captain Mode,109.0,1,5,1,500.0,2026-10-06 00:15:00+00:00,Mon 8:15PM
196422026,NFL Showdown $109 5-Player (Winner Takes All) (ATL @ NO) x2,154099,Showdown Captain Mode,109.0,2,5,1,500.0,2026-10-06 00:15:00+00:00,Mon 8:15PM
196286267,NFL Showdown $109 3-Player (ATL @ NO),154099,Showdown Captain Mode,109.0,1,3,1,300.0,2026-10-06 00:15:00+00:00,Mon 8:15PM
196286269,NFL Showdown $109 3-Player (ATL @ NO),154099,Showdown Captain Mode,109.0,1,3,1,300.0,2026-10-06 00:15:00+00:00,Mon 8:15PM
196403706,NFL Showdown $109 3-Player (ATL @ NO),154099,Showdown Captain Mode,109.0,1,3,1,300.0,2026-10-06 00:15:00+00:00,Mon 8:15PM
196412879,NFL Showdown $109 3-Player (ATL @ NO),154099,Showdown Captain Mode,109.0,2,3,1,300.0,2026-10-06 00:15:00+00:00,Mon 8:15PM
196286178,NFL Showdown $50 50-50 (ATL @ NO),154099,Showdown Captain Mode,50.0,1,20,1,900.0,2026-10-06 00:15:00+00:00,Mon 8:15PM
196286149,NFL Showdown $50 50-50 (ATL @ NO),154099,Showdown Captain Mode,50.0,1,10,1,450.0,2026-10-06 00:15:00+00:00,Mon 8:15PM
196286150,NFL Showdown $50 50-50 (ATL @ NO),154099,Showdown Captain Mode,50.0,1,10,1,450.0,2026-10-06 00:15:00+00:00,Mon 8:15PM
196286106,NFL Showdown $50 50-50 (ATL @ NO),154099,Showdown Captain Mode,50.0,2,4,1,180.0,2026-10-06 00:15:00+00:00,Mon 8:15PM
196286107,NFL Showdown $50 50-50 (ATL @ NO),154099,Showdown Captain Mode,50.0,2,4,1,180.0,2026-10-06 00:15:00+00:00,Mon 8:15PM
196286108,NFL Showdown $50 50-50 (ATL @ NO),154099,Showdown Captain Mode,50.0,2,4,1,180.0,2026-10-06 00:15:00+00:00,Mon 8:15PM
196286343,NFL Showdown $50 Double Up (ATL @ NO),154099,Showdown Captain Mode,50.0,1,22,1,1000.0,2026-10-06 00:15:00+00:00,Mon 8:15PM
196286342,NFL Showdown $50 Double Up (ATL @ NO),154099,Showdown Captain Mode,50.0,1,11,1,500.0,2026-10-06 00:15:00+00:00,Mon 8:15PM
196414852,NFL Showdown $50 6-Player (Winner Takes All) (ATL @ NO),154099,Showdown Captain Mode,50.0,5,6,1,270.0,2026-10-06 00:15:00+00:00,Mon 8:15PM
196286115,NFL Showdown $50 5-Player (ATL @ NO),154099,Showdown Captain Mode,50.0,1,5,1,225.0,2026-10-06 00:15:00+00:00,Mon 8:15PM
196414243,NFL Showdown $50 5-Player (Winner Takes All) (ATL @ NO),154099,Showdown Captain Mode,50.0,3,5,1,225.0,2026-10-06 00:15:00+00:00,Mon 8:15PM
196286113,NFL Showdown $50 3-Player (ATL @ NO),154099,Showdown Captain Mode,50.0,1,3,1,135.0,2026-10-06 00:15:00+00:00,Mon 8:15PM
196403680,NFL Showdown $50 3-Player (ATL @ NO),154099,Showdown Captain Mode,50.0,1,3,1,135.0,2026-10-06 00:15:00+00:00,Mon 8:15PM
196403681,NFL Showdown $50 3-Player (ATL @ NO),154099,Showdown Captain Mode,50.0,1,3,1,135.0,2026-10-06 00:15:00+00:00,Mon 8:15PM
196403682,NFL Showdown $50 3-Player (ATL @ NO),154099,Showdown Captain Mode,50.0,1,3,1,135.0,2026-10-06 00:15:00+00:00,Mon 8:15PM
196286341,NFL Showdown $25 Double Up (ATL @ NO),154099,Showdown Captain Mode,25.0,1,22,1,500.0,2026-10-06 00:15:00+00:00,Mon 8:15PM
196286340,NFL Showdown $25 Double Up (ATL @ NO),154099,Showdown Captain Mode,25.0,1,11,1,250.0,2026-10-06 00:15:00+00:00,Mon 8:15PM
196286279,NFL Showdown $20 50-50 (ATL @ NO),154099,Showdown Captain Mode,20.0,1,50,1,900.0,2026-10-06 00:15:00+00:00,Mon 8:15PM
196286176,NFL Showdown $20 50-50 (ATL @ NO),154099,Showdown Captain Mode,20.0,1,20,1,360.0,2026-10-06 00:15:00+00:00,Mon 8:15PM
196286177,NFL Showdown $20 50-50 (ATL @ NO),154099,Showdown Captain Mode,20.0,1,20,1,360.0,2026-10-06 00:15:00+00:00,Mon 8:15PM
196414564,NFL Showdown $20 50-50 (ATL @ NO),154099,Showdown Captain Mode,20.0,1,20,1,360.0,2026-10-06 00:15:00+00:00,Mon 8:15PM
196286096,NFL Showdown $20 50-50 (ATL @ NO),154099,Showdown Captain Mode,20.0,1,10,1,180.0,2026-10-06 00:15:00+00:00,Mon 8:15PM
196286097,NFL Showdown $20 50-50 (ATL @ NO),154099,Showdown Captain Mode,20.0,1,10,1,180.0,2026-10-06 00:15:00+00:00,Mon 8:15PM
196286354,NFL Showdown $20 100-Player (ATL @ NO),154099,Showdown Captain Mode,20.0,4,100,1,1800.0,2026-10-06 00:15:00+00:00,Mon 8:15PM
196293355,NFL Showdown $20 100-Player (ATL @ NO),154099,Showdown Captain Mode,20.0,1,100,1,1800.0,2026-10-06 00:15:00+00:00,Mon 8:15PM
196391326,NFL Showdown $20 100-Player (ATL @ NO),154099,Showdown Captain Mode,20.0,1,100,1,1800.0,2026-10-06 00:15:00+00:00,Mon 8:15PM
196394964,NFL Showdown $20 100-Player (ATL @ NO),154099,Showdown Captain Mode,20.0,1,100,1,1800.0,2026-10-06 00:15:00+00:00,Mon 8:15PM
196400766,NFL Showdown $20 100-Player (ATL @ NO),154099,Showdown Captain Mode,20.0,1,100,1,1800.0,2026-10-06 00:15:00+00:00,Mon 8:15PM
196401557,NFL Showdown $20 100-Player (ATL @ NO),154099,Showdown Captain Mode,20.0,1,100,1,1800.0,2026-10-06 00:15:00+00:00,Mon 8:15PM
196402161,NFL Showdown $20 100-Player (ATL @ NO),154099,Showdown Captain Mode,20.0,1,100,1,1800.0,2026-10-06 00:15:00+00:00,Mon 8:15PM
196402399,NFL Showdown $20 100-Player (ATL @ NO),154099,Showdown Captain Mode,20.0,1,100,1,1800.0,2026-10-06 00:15:00+00:00,Mon 8:15PM
196286145,NFL Showdown $20 10-Player (ATL @ NO),154099,Showdown Captain Mode,20.0,1,10,1,180.0,2026-10-06 00:15:00+00:00,Mon 8:15PM
196414932,NFL Showdown $20 10-Player (Winner Takes All) (ATL @ NO),154099,Showdown Captain Mode,20.0,4,10,1,180.0,2026-10-06 00:15:00+00:00,Mon 8:15PM
196286091,NFL Showdown $20 5-Player (ATL @ NO),154099,Showdown Captain Mode,20.0,1,5,1,90.0,2026-10-06 00:15:00+00:00,Mon 8:15PM
196425854,NFL Showdown $20 3-Player (ATL @ NO),154099,Showdown Captain Mode,20.0,2,3,1,54.0,2026-10-06 00:15:00+00:00,Mon 8:15PM
196427309,NFL Showdown $20 3-Player (ATL @ NO),154099,Showdown Captain Mode,20.0,1,3,1,54.0,2026-10-06 00:15:00+00:00,Mon 8:15PM
196286278,NFL Showdown $10 50-50 (ATL @ NO),154099,Showdown Captain Mode,10.0,1,50,1,450.0,2026-10-06 00:15:00+00:00,Mon 8:15PM
196286155,NFL Showdown $10 50-50 (ATL @ NO),154099,Showdown Captain Mode,10.0,2,20,1,180.0,2026-10-06 00:15:00+00:00,Mon 8:15PM
196286156,NFL Showdown $10 50-50 (ATL @ NO),154099,Showdown Captain Mode,10.0,2,20,1,180.0,2026-10-06 00:15:00+00:00,Mon 8:15PM
196286132,NFL Showdown $10 50-50 (ATL @ NO),154099,Showdown Captain Mode,10.0,1,10,1,90.0,2026-10-06 00:15:00+00:00,Mon 8:15PM
196286133,NFL Showdown $10 50-50 (ATL @ NO),154099,Showdown Captain Mode,10.0,1,10,1,90.0,2026-10-06 00:15:00+00:00,Mon 8:15PM
196391797,NFL Showdown $10 50-50 (ATL @ NO),154099,Showdown Captain Mode,10.0,2,10,1,90.0,2026-10-06 00:15:00+00:00,Mon 8:15PM
196286338,NFL Showdown $10 Double Up (ATL @ NO),154099,Showdown Captain Mode,10.0,1,11,1,100.0,2026-10-06 00:15:00+00:00,Mon 8:15PM
196286339,NFL Showdown $10 Double Up (ATL @ NO),154099,Showdown Captain Mode,10.0,1,11,1,100.0,2026-10-06 00:15:00+00:00,Mon 8:15PM
196295768,NFL Showdown $10 30-Player (Winner Takes All) (ATL @ NO),154099,Showdown Captain Mode,10.0,11,30,1,270.0,2026-10-06 00:15:00+00:00,Mon 8:15PM
196286353,NFL Showdown $10 100-Player (ATL @ NO),154099,Showdown Captain Mode,10.0,1,100,1,900.0,2026-10-06 00:15:00+00:00,Mon 8:15PM
196414576,NFL Showdown $10 100-Player (ATL @ NO),154099,Showdown Captain Mode,10.0,1,100,1,900.0,2026-10-06 00:15:00+00:00,Mon 8:15PM
196286104,NFL Showdown $10 10-Player (ATL @ NO),154099,Showdown Captain Mode,10.0,1,10,1,90.0,2026-10-06 00:15:00+00:00,Mon 8:15PM
196286087,NFL Showdown $10 5-Player (ATL @ NO),154099,Showdown Captain Mode,10.0,1,5,1,45.0,2026-10-06 00:15:00+00:00,Mon 8:15PM
196286088,NFL Showdown $10 5-Player (ATL @ NO),154099,Showdown Captain Mode,10.0,1,5,1,45.0,2026-10-06 00:15:00+00:00,Mon 8:15PM
196426758,NFL Showdown $10 3-Player (ATL @ NO),154099,Showdown Captain Mode,10.0,1,3,1,27.0,2026-10-06 00:15:00+00:00,Mon 8:15PM
196426759,NFL Showdown $10 3-Player (ATL @ NO),154099,Showdown Captain Mode,10.0,1,3,1,27.0,2026-10-06 00:15:00+00:00,Mon 8:15PM
196426760,NFL Showdown $10 3-Player (ATL @ NO),154099,Showdown Captain Mode,10.0,1,3,1,27.0,2026-10-06 00:15:00+00:00,Mon 8:15PM
196422292,NFL Showdown $10 12-Player (Top 3 Win) (ATL @ NO),154099,Showdown Captain Mode,10.0,7,12,1,108.0,2026-10-06 00:15:00+00:00,Mon 8:15PM
196426098,NFL Showdown $10 12-Player (Winner Takes All) (ATL @ NO),154099,Showdown Captain Mode,10.0,9,12,1,108.0,2026-10-06 00:15:00+00:00,Mon 8:15PM
196286244,NFL Showdown $5 50-50 (ATL @ NO),154099,Showdown Captain Mode,5.0,2,100,1,450.0,2026-10-06 00:15:00+00:00,Mon 8:15PM
196411054,NFL Showdown $5 50-50 (ATL @ NO),154099,Showdown Captain Mode,5.0,1,100,1,450.0,2026-10-06 00:15:00+00:00,Mon 8:15PM
196418293,NFL Showdown $5 50-50 (ATL @ NO),154099,Showdown Captain Mode,5.0,1,100,1,450.0,2026-10-06 00:15:00+00:00,Mon 8:15PM
196286277,NFL Showdown $5 50-50 (ATL @ NO),154099,Showdown Captain Mode,5.0,1,50,1,225.0,2026-10-06 00:15:00+00:00,Mon 8:15PM
196286152,NFL Showdown $5 50-50 (ATL @ NO),154099,Showdown Captain Mode,5.0,3,20,1,90.0,2026-10-06 00:15:00+00:00,Mon 8:15PM
196286153,NFL Showdown $5 50-50 (ATL @ NO),154099,Showdown Captain Mode,5.0,1,20,1,90.0,2026-10-06 00:15:00+00:00,Mon 8:15PM
196286154,NFL Showdown $5 50-50 (ATL @ NO),154099,Showdown Captain Mode,5.0,1,20,1,90.0,2026-10-06 00:15:00+00:00,Mon 8:15PM
196414994,NFL Showdown $5 50-50 (ATL @ NO),154099,Showdown Captain Mode,5.0,1,20,1,90.0,2026-10-06 00:15:00+00:00,Mon 8:15PM
196286093,NFL Showdown $5 50-50 (ATL @ NO),154099,Showdown Captain Mode,5.0,6,10,1,45.0,2026-10-06 00:15:00+00:00,Mon 8:15PM
196286094,NFL Showdown $5 50-50 (ATL @ NO),154099,Showdown Captain Mode,5.0,2,10,1,45.0,2026-10-06 00:15:00+00:00,Mon 8:15PM
196286095,NFL Showdown $5 50-50 (ATL @ NO),154099,Showdown Captain Mode,5.0,2,10,1,45.0,2026-10-06 00:15:00+00:00,Mon 8:15PM
196418269,NFL Showdown $5 50-50 (ATL @ NO),154099,Showdown Captain Mode,5.0,1,10,1,45.0,2026-10-06 00:15:00+00:00,Mon 8:15PM
196418270,NFL Showdown $5 50-50 (ATL @ NO),154099,Showdown Captain Mode,5.0,1,10,1,45.0,2026-10-06 00:15:00+00:00,Mon 8:15PM
196418271,NFL Showdown $5 50-50 (ATL @ NO),154099,Showdown Captain Mode,5.0,1,10,1,45.0,2026-10-06 00:15:00+00:00,Mon 8:15PM
196286344,NFL Showdown $5 Double Up (ATL @ NO),154099,Showdown Captain Mode,5.0,3,11,1,50.0,2026-10-06 00:15:00+00:00,Mon 8:15PM
196286345,NFL Showdown $5 Double Up (ATL @ NO),154099,Showdown Captain Mode,5.0,7,11,1,50.0,2026-10-06 00:15:00+00:00,Mon 8:15PM
196404114,NFL Showdown $5 Double Up (ATL @ NO),154099,Showdown Captain Mode,5.0,2,11,1,50.0,2026-10-06 00:15:00+00:00,Mon 8:15PM
196418312,NFL Showdown $5 Double Up (ATL @ NO),154099,Showdown Captain Mode,5.0,1,11,1,50.0,2026-10-06 00:15:00+00:00,Mon 8:15PM
196418313,NFL Showdown $5 Double Up (ATL @ NO),154099,Showdown Captain Mode,5.0,1,11,1,50.0,2026-10-06 00:15:00+00:00,Mon 8:15PM
196425814,NFL Showdown $5 25-Player (Winner Takes All) (ATL @ NO),154099,Showdown Captain Mode,5.0,6,25,1,112.5,2026-10-06 00:15:00+00:00,Mon 8:15PM
196286078,NFL Showdown $5 10-Player (ATL @ NO),154099,Showdown Captain Mode,5.0,2,10,1,45.0,2026-10-06 00:15:00+00:00,Mon 8:15PM
196286084,NFL Showdown $5 5-Player (ATL @ NO),154099,Showdown Captain Mode,5.0,1,5,1,22.5,2026-10-06 00:15:00+00:00,Mon 8:15PM
196286085,NFL Showdown $5 5-Player (ATL @ NO),154099,Showdown Captain Mode,5.0,1,5,1,22.5,2026-10-06 00:15:00+00:00,Mon 8:15PM
196430359,NFL Showdown $5 5-Player (Winner Takes All) (ATL @ NO),154099,Showdown Captain Mode,5.0,1,5,1,22.5,2026-10-06 00:15:00+00:00,Mon 8:15PM
196419703,NFL Showdown $5 3-Player (ATL @ NO),154099,Showdown Captain Mode,5.0,1,3,1,13.5,2026-10-06 00:15:00+00:00,Mon 8:15PM
196286102,NFL Showdown $5 3-Player (ATL @ NO),154099,Showdown Captain Mode,5.0,2,3,1,13.5,2026-10-06 00:15:00+00:00,Mon 8:15PM
196286103,NFL Showdown $5 3-Player (ATL @ NO),154099,Showdown Captain Mode,5.0,2,3,1,13.5,2026-10-06 00:15:00+00:00,Mon 8:15PM
196403677,NFL Showdown $5 3-Player (ATL @ NO),154099,Showdown Captain Mode,5.0,1,3,1,13.5,2026-10-06 00:15:00+00:00,Mon 8:15PM
196403678,NFL Showdown $5 3-Player (ATL @ NO),154099,Showdown Captain Mode,5.0,1,3,1,13.5,2026-10-06 00:15:00+00:00,Mon 8:15PM
196430409,NFL Showdown $5 3-Player (Winner Takes All) (ATL @ NO),154099,Showdown Captain Mode,5.0,1,3,1,13.5,2026-10-06 00:15:00+00:00,Mon 8:15PM
196286346,NFL Showdown $3 Double Up (ATL @ NO),154099,Showdown Captain Mode,3.0,3,11,1,30.0,2026-10-06 00:15:00+00:00,Mon 8:15PM
196286347,NFL Showdown $3 Double Up (ATL @ NO),154099,Showdown Captain Mode,3.0,1,11,1,30.0,2026-10-06 00:15:00+00:00,Mon 8:15PM
196295085,NFL Showdown $3 Double Up (ATL @ NO),154099,Showdown Captain Mode,3.0,1,11,1,30.0,2026-10-06 00:15:00+00:00,Mon 8:15PM
196295086,NFL Showdown $3 Double Up (ATL @ NO),154099,Showdown Captain Mode,3.0,1,11,1,30.0,2026-10-06 00:15:00+00:00,Mon 8:15PM
196397041,NFL Showdown $3 Double Up (ATL @ NO),154099,Showdown Captain Mode,3.0,1,11,1,30.0,2026-10-06 00:15:00+00:00,Mon 8:15PM
196397042,NFL Showdown $3 Double Up (ATL @ NO),154099,Showdown Captain Mode,3.0,1,11,1,30.0,2026-10-06 00:15:00+00:00,Mon 8:15PM
196416971,NFL Showdown $3 Double Up (ATL @ NO),154099,Showdown Captain Mode,3.0,1,11,1,30.0,2026-10-06 00:15:00+00:00,Mon 8:15PM
196416972,NFL Showdown $3 Double Up (ATL @ NO),154099,Showdown Captain Mode,3.0,2,11,1,30.0,2026-10-06 00:15:00+00:00,Mon 8:15PM
196418773,NFL Showdown $3 Double Up (ATL @ NO),154099,Showdown Captain Mode,3.0,1,11,1,30.0,2026-10-06 00:15:00+00:00,Mon 8:15PM
196427310,NFL Showdown $3 Double Up (ATL @ NO),154099,Showdown Captain Mode,3.0,1,11,1,30.0,2026-10-06 00:15:00+00:00,Mon 8:15PM
196427311,NFL Showdown $3 Double Up (ATL @ NO),154099,Showdown Captain Mode,3.0,1,11,1,30.0,2026-10-06 00:15:00+00:00,Mon 8:15PM
196286245,NFL Showdown $2 50-50 (ATL @ NO),154099,Showdown Captain Mode,2.0,7,100,1,180.0,2026-10-06 00:15:00+00:00,Mon 8:15PM
196295081,NFL Showdown $2 50-50 (ATL @ NO),154099,Showdown Captain Mode,2.0,3,100,1,180.0,2026-10-06 00:15:00+00:00,Mon 8:15PM
196397037,NFL Showdown $2 50-50 (ATL @ NO),154099,Showdown Captain Mode,2.0,2,100,1,180.0,2026-10-06 00:15:00+00:00,Mon 8:15PM
196416970,NFL Showdown $2 50-50 (ATL @ NO),154099,Showdown Captain Mode,2.0,1,100,1,180.0,2026-10-06 00:15:00+00:00,Mon 8:15PM
196286276,NFL Showdown $2 50-50 (ATL @ NO),154099,Showdown Captain Mode,2.0,5,50,1,90.0,2026-10-06 00:15:00+00:00,Mon 8:15PM
196295084,NFL Showdown $2 50-50 (ATL @ NO),154099,Showdown Captain Mode,2.0,2,50,1,90.0,2026-10-06 00:15:00+00:00,Mon 8:15PM
196397040,NFL Showdown $2 50-50 (ATL @ NO),154099,Showdown Captain Mode,2.0,1,50,1,90.0,2026-10-06 00:15:00+00:00,Mon 8:15PM
196286266,NFL Showdown $2 50-50 (ATL @ NO),154099,Showdown Captain Mode,2.0,5,20,1,36.0,2026-10-06 00:15:00+00:00,Mon 8:15PM
196295082,NFL Showdown $2 50-50 (ATL @ NO),154099,Showdown Captain Mode,2.0,4,20,1,36.0,2026-10-06 00:15:00+00:00,Mon 8:15PM
196397038,NFL Showdown $2 50-50 (ATL @ NO),154099,Showdown Captain Mode,2.0,2,20,1,36.0,2026-10-06 00:15:00+00:00,Mon 8:15PM
196286098,NFL Showdown $2 50-50 (ATL @ NO),154099,Showdown Captain Mode,2.0,3,20,1,36.0,2026-10-06 00:15:00+00:00,Mon 8:15PM
196286099,NFL Showdown $2 50-50 (ATL @ NO),154099,Showdown Captain Mode,2.0,3,20,1,36.0,2026-10-06 00:15:00+00:00,Mon 8:15PM
196286100,NFL Showdown $2 50-50 (ATL @ NO),154099,Showdown Captain Mode,2.0,8,20,1,36.0,2026-10-06 00:15:00+00:00,Mon 8:15PM
196295070,NFL Showdown $2 50-50 (ATL @ NO),154099,Showdown Captain Mode,2.0,3,20,1,36.0,2026-10-06 00:15:00+00:00,Mon 8:15PM
196295071,NFL Showdown $2 50-50 (ATL @ NO),154099,Showdown Captain Mode,2.0,3,20,1,36.0,2026-10-06 00:15:00+00:00,Mon 8:15PM
196295072,NFL Showdown $2 50-50 (ATL @ NO),154099,Showdown Captain Mode,2.0,3,20,1,36.0,2026-10-06 00:15:00+00:00,Mon 8:15PM
196397007,NFL Showdown $2 50-50 (ATL @ NO),154099,Showdown Captain Mode,2.0,1,20,1,36.0,2026-10-06 00:15:00+00:00,Mon 8:15PM
196397008,NFL Showdown $2 50-50 (ATL @ NO),154099,Showdown Captain Mode,2.0,1,20,1,36.0,2026-10-06 00:15:00+00:00,Mon 8:15PM
196397009,NFL Showdown $2 50-50 (ATL @ NO),154099,Showdown Captain Mode,2.0,1,20,1,36.0,2026-10-06 00:15:00+00:00,Mon 8:15PM
196286235,NFL Showdown $2 50-50 (ATL @ NO),154099,Showdown Captain Mode,2.0,7,10,1,18.0,2026-10-06 00:15:00+00:00,Mon 8:15PM
196286236,NFL Showdown $2 50-50 (ATL @ NO),154099,Showdown Captain Mode,2.0,4,10,1,18.0,2026-10-06 00:15:00+00:00,Mon 8:15PM
196286237,NFL Showdown $2 50-50 (ATL @ NO),154099,Showdown Captain Mode,2.0,4,10,1,18.0,2026-10-06 00:15:00+00:00,Mon 8:15PM
196295130,NFL Showdown $2 50-50 (ATL @ NO),154099,Showdown Captain Mode,2.0,4,10,1,18.0,2026-10-06 00:15:00+00:00,Mon 8:15PM
196295131,NFL Showdown $2 50-50 (ATL @ NO),154099,Showdown Captain Mode,2.0,4,10,1,18.0,2026-10-06 00:15:00+00:00,Mon 8:15PM
196295132,NFL Showdown $2 50-50 (ATL @ NO),154099,Showdown Captain Mode,2.0,4,10,1,18.0,2026-10-06 00:15:00+00:00,Mon 8:15PM
196397033,NFL Showdown $2 50-50 (ATL @ NO),154099,Showdown Captain Mode,2.0,1,10,1,18.0,2026-10-06 00:15:00+00:00,Mon 8:15PM
196397034,NFL Showdown $2 50-50 (ATL @ NO),154099,Showdown Captain Mode,2.0,1,10,1,18.0,2026-10-06 00:15:00+00:00,Mon 8:15PM
196397035,NFL Showdown $2 50-50 (ATL @ NO),154099,Showdown Captain Mode,2.0,1,10,1,18.0,2026-10-06 00:15:00+00:00,Mon 8:15PM
196286351,NFL Showdown $2 100-Player (ATL @ NO),154099,Showdown Captain Mode,2.0,2,100,1,180.0,2026-10-06 00:15:00+00:00,Mon 8:15PM
196295088,NFL Showdown $2 100-Player (ATL @ NO),154099,Showdown Captain Mode,2.0,2,100,1,180.0,2026-10-06 00:15:00+00:00,Mon 8:15PM
196397046,NFL Showdown $2 100-Player (ATL @ NO),154099,Showdown Captain Mode,2.0,2,100,1,180.0,2026-10-06 00:15:00+00:00,Mon 8:15PM
196416973,NFL Showdown $2 100-Player (ATL @ NO),154099,Showdown Captain Mode,2.0,1,100,1,180.0,2026-10-06 00:15:00+00:00,Mon 8:15PM
196286174,NFL Showdown $2 40-Player (ATL @ NO),154099,Showdown Captain Mode,2.0,2,40,1,72.0,2026-10-06 00:15:00+00:00,Mon 8:15PM
196286175,NFL Showdown $2 40-Player (ATL @ NO),154099,Showdown Captain Mode,2.0,3,40,1,72.0,2026-10-06 00:15:00+00:00,Mon 8:15PM
196295078,NFL Showdown $2 40-Player (ATL @ NO),154099,Showdown Captain Mode,2.0,2,40,1,72.0,2026-10-06 00:15:00+00:00,Mon 8:15PM
196295079,NFL Showdown $2 40-Player (ATL @ NO),154099,Showdown Captain Mode,2.0,1,40,1,72.0,2026-10-06 00:15:00+00:00,Mon 8:15PM
196286169,NFL Showdown $2 20-Player (ATL @ NO),154099,Showdown Captain Mode,2.0,2,20,1,36.0,2026-10-06 00:15:00+00:00,Mon 8:15PM
196286170,NFL Showdown $2 20-Player (ATL @ NO),154099,Showdown Captain Mode,2.0,1,20,1,36.0,2026-10-06 00:15:00+00:00,Mon 8:15PM
196286171,NFL Showdown $2 20-Player (ATL @ NO),154099,Showdown Captain Mode,2.0,1,20,1,36.0,2026-10-06 00:15:00+00:00,Mon 8:15PM
196295073,NFL Showdown $2 20-Player (ATL @ NO),154099,Showdown Captain Mode,2.0,1,20,1,36.0,2026-10-06 00:15:00+00:00,Mon 8:15PM
196295074,NFL Showdown $2 20-Player (ATL @ NO),154099,Showdown Captain Mode,2.0,1,20,1,36.0,2026-10-06 00:15:00+00:00,Mon 8:15PM
196295075,NFL Showdown $2 20-Player (ATL @ NO),154099,Showdown Captain Mode,2.0,1,20,1,36.0,2026-10-06 00:15:00+00:00,Mon 8:15PM
196418829,NFL Showdown $2 15-Player (Top 2 Win) (ATL @ NO),154099,Showdown Captain Mode,2.0,1,15,1,27.0,2026-10-06 00:15:00+00:00,Mon 8:15PM
196286075,NFL Showdown $2 10-Player (ATL @ NO),154099,Showdown Captain Mode,2.0,1,10,1,18.0,2026-10-06 00:15:00+00:00,Mon 8:15PM
196286076,NFL Showdown $2 10-Player (ATL @ NO),154099,Showdown Captain Mode,2.0,1,10,1,18.0,2026-10-06 00:15:00+00:00,Mon 8:15PM
196286077,NFL Showdown $2 10-Player (ATL @ NO),154099,Showdown Captain Mode,2.0,1,10,1,18.0,2026-10-06 00:15:00+00:00,Mon 8:15PM
196295106,NFL Showdown $2 10-Player (ATL @ NO),154099,Showdown Captain Mode,2.0,1,10,1,18.0,2026-10-06 00:15:00+00:00,Mon 8:15PM
196295107,NFL Showdown $2 10-Player (ATL @ NO),154099,Showdown Captain Mode,2.0,1,10,1,18.0,2026-10-06 00:15:00+00:00,Mon 8:15PM
196295108,NFL Showdown $2 10-Player (ATL @ NO),154099,Showdown Captain Mode,2.0,1,10,1,18.0,2026-10-06 00:15:00+00:00,Mon 8:15PM
196415012,NFL Showdown $2 10-Player (Top 2 Win) (ATL @ NO),154099,Showdown Captain Mode,2.0,4,10,1,18.0,2026-10-06 00:15:00+00:00,Mon 8:15PM
196413852,NFL Showdown $2 10-Player (Winner Takes All) (ATL @ NO),154099,Showdown Captain Mode,2.0,5,10,1,18.0,2026-10-06 00:15:00+00:00,Mon 8:15PM
196416234,NFL Showdown $2 6-Player (Winner Takes All) (ATL @ NO),154099,Showdown Captain Mode,2.0,4,6,1,10.8,2026-10-06 00:15:00+00:00,Mon 8:15PM
196295103,NFL Showdown $2 5-Player (ATL @ NO),154099,Showdown Captain Mode,2.0,2,5,1,9.0,2026-10-06 00:15:00+00:00,Mon 8:15PM
196295104,NFL Showdown $2 5-Player (ATL @ NO),154099,Showdown Captain Mode,2.0,3,5,1,9.0,2026-10-06 00:15:00+00:00,Mon 8:15PM
196295105,NFL Showdown $2 5-Player (ATL @ NO),154099,Showdown Captain Mode,2.0,3,5,1,9.0,2026-10-06 00:15:00+00:00,Mon 8:15PM
196413894,NFL Showdown $2 5-Player (Winner Takes All) (ATL @ NO) x5,154099,Showdown Captain Mode,2.0,4,5,1,9.0,2026-10-06 00:15:00+00:00,Mon 8:15PM
196427625,NFL Showdown $2 4-Player (Winner Takes All) (ATL @ NO),154099,Showdown Captain Mode,2.0,1,4,1,7.2,2026-10-06 00:15:00+00:00,Mon 8:15PM
196428875,NFL Showdown $2 3-Player (ATL @ NO),154099,Showdown Captain Mode,2.0,1,3,1,5.4,2026-10-06 00:15:00+00:00,Mon 8:15PM
196428876,NFL Showdown $2 3-Player (ATL @ NO),154099,Showdown Captain Mode,2.0,1,3,1,5.4,2026-10-06 00:15:00+00:00,Mon 8:15PM
196428877,NFL Showdown $2 3-Player (ATL @ NO),154099,Showdown Captain Mode,2.0,1,3,1,5.4,2026-10-06 00:15:00+00:00,Mon 8:15PM
196286243,NFL Showdown $1 50-50 (ATL @ NO),154099,Showdown Captain Mode,1.0,7,100,1,90.0,2026-10-06 00:15:00+00:00,Mon 8:15PM
196295080,NFL Showdown $1 50-50 (ATL @ NO),154099,Showdown Captain Mode,1.0,3,100,1,90.0,2026-10-06 00:15:00+00:00,Mon 8:15PM
196397036,NFL Showdown $1 50-50 (ATL @ NO),154099,Showdown Captain Mode,1.0,1,100,1,90.0,2026-10-06 00:15:00+00:00,Mon 8:15PM
196286275,NFL Showdown $1 50-50 (ATL @ NO),154099,Showdown Captain Mode,1.0,4,50,1,45.0,2026-10-06 00:15:00+00:00,Mon 8:15PM
196295083,NFL Showdown $1 50-50 (ATL @ NO),154099,Showdown Captain Mode,1.0,4,50,1,45.0,2026-10-06 00:15:00+00:00,Mon 8:15PM
196397039,NFL Showdown $1 50-50 (ATL @ NO),154099,Showdown Captain Mode,1.0,2,50,1,45.0,2026-10-06 00:15:00+00:00,Mon 8:15PM
196412640,NFL Showdown $1 50-50 (ATL @ NO),154099,Showdown Captain Mode,1.0,1,50,1,45.0,2026-10-06 00:15:00+00:00,Mon 8:15PM
196286109,NFL Showdown $1 50-50 (ATL @ NO),154099,Showdown Captain Mode,1.0,7,20,1,18.0,2026-10-06 00:15:00+00:00,Mon 8:15PM
196286110,NFL Showdown $1 50-50 (ATL @ NO),154099,Showdown Captain Mode,1.0,8,20,1,18.0,2026-10-06 00:15:00+00:00,Mon 8:15PM
196286111,NFL Showdown $1 50-50 (ATL @ NO),154099,Showdown Captain Mode,1.0,6,20,1,18.0,2026-10-06 00:15:00+00:00,Mon 8:15PM
196295112,NFL Showdown $1 50-50 (ATL @ NO),154099,Showdown Captain Mode,1.0,4,20,1,18.0,2026-10-06 00:15:00+00:00,Mon 8:15PM
196295113,NFL Showdown $1 50-50 (ATL @ NO),154099,Showdown Captain Mode,1.0,6,20,1,18.0,2026-10-06 00:15:00+00:00,Mon 8:15PM
196295114,NFL Showdown $1 50-50 (ATL @ NO),154099,Showdown Captain Mode,1.0,5,20,1,18.0,2026-10-06 00:15:00+00:00,Mon 8:15PM
196397010,NFL Showdown $1 50-50 (ATL @ NO),154099,Showdown Captain Mode,1.0,2,20,1,18.0,2026-10-06 00:15:00+00:00,Mon 8:15PM
196397011,NFL Showdown $1 50-50 (ATL @ NO),154099,Showdown Captain Mode,1.0,2,20,1,18.0,2026-10-06 00:15:00+00:00,Mon 8:15PM
196397012,NFL Showdown $1 50-50 (ATL @ NO),154099,Showdown Captain Mode,1.0,2,20,1,18.0,2026-10-06 00:15:00+00:00,Mon 8:15PM
196412629,NFL Showdown $1 50-50 (ATL @ NO),154099,Showdown Captain Mode,1.0,1,20,1,18.0,2026-10-06 00:15:00+00:00,Mon 8:15PM
196412630,NFL Showdown $1 50-50 (ATL @ NO),154099,Showdown Captain Mode,1.0,1,20,1,18.0,2026-10-06 00:15:00+00:00,Mon 8:15PM
196412631,NFL Showdown $1 50-50 (ATL @ NO),154099,Showdown Captain Mode,1.0,1,20,1,18.0,2026-10-06 00:15:00+00:00,Mon 8:15PM
196286232,NFL Showdown $1 50-50 (ATL @ NO),154099,Showdown Captain Mode,1.0,6,10,1,9.0,2026-10-06 00:15:00+00:00,Mon 8:15PM
196286234,NFL Showdown $1 50-50 (ATL @ NO),154099,Showdown Captain Mode,1.0,6,10,1,9.0,2026-10-06 00:15:00+00:00,Mon 8:15PM
196295127,NFL Showdown $1 50-50 (ATL @ NO),154099,Showdown Captain Mode,1.0,4,10,1,9.0,2026-10-06 00:15:00+00:00,Mon 8:15PM
196295128,NFL Showdown $1 50-50 (ATL @ NO),154099,Showdown Captain Mode,1.0,3,10,1,9.0,2026-10-06 00:15:00+00:00,Mon 8:15PM
196295129,NFL Showdown $1 50-50 (ATL @ NO),154099,Showdown Captain Mode,1.0,3,10,1,9.0,2026-10-06 00:15:00+00:00,Mon 8:15PM
196397030,NFL Showdown $1 50-50 (ATL @ NO),154099,Showdown Captain Mode,1.0,1,10,1,9.0,2026-10-06 00:15:00+00:00,Mon 8:15PM
196397031,NFL Showdown $1 50-50 (ATL @ NO),154099,Showdown Captain Mode,1.0,1,10,1,9.0,2026-10-06 00:15:00+00:00,Mon 8:15PM
196397032,NFL Showdown $1 50-50 (ATL @ NO),154099,Showdown Captain Mode,1.0,1,10,1,9.0,2026-10-06 00:15:00+00:00,Mon 8:15PM
196286349,NFL Showdown $1 Double Up (ATL @ NO),154099,Showdown Captain Mode,1.0,6,11,1,10.0,2026-10-06 00:15:00+00:00,Mon 8:15PM
196295133,NFL Showdown $1 Double Up (ATL @ NO),154099,Showdown Captain Mode,1.0,3,11,1,10.0,2026-10-06 00:15:00+00:00,Mon 8:15PM
196295134,NFL Showdown $1 Double Up (ATL @ NO),154099,Showdown Captain Mode,1.0,3,11,1,10.0,2026-10-06 00:15:00+00:00,Mon 8:15PM
196397043,NFL Showdown $1 Double Up (ATL @ NO),154099,Showdown Captain Mode,1.0,1,11,1,10.0,2026-10-06 00:15:00+00:00,Mon 8:15PM
196397044,NFL Showdown $1 Double Up (ATL @ NO),154099,Showdown Captain Mode,1.0,2,11,1,10.0,2026-10-06 00:15:00+00:00,Mon 8:15PM
196415542,NFL Showdown $1 Double Up (ATL @ NO),154099,Showdown Captain Mode,1.0,1,11,1,10.0,2026-10-06 00:15:00+00:00,Mon 8:15PM
196428848,NFL Showdown $1 50-50  (ATL @ NO),154099,Showdown Captain Mode,1.0,1,4,1,3.6,2026-10-06 00:15:00+00:00,Mon 8:15PM
196286350,NFL Showdown $1 100-Player (ATL @ NO),154099,Showdown Captain Mode,1.0,6,100,1,90.0,2026-10-06 00:15:00+00:00,Mon 8:15PM
196295087,NFL Showdown $1 100-Player (ATL @ NO),154099,Showdown Captain Mode,1.0,9,100,1,90.0,2026-10-06 00:15:00+00:00,Mon 8:15PM
196343789,NFL Showdown $1 100-Player (ATL @ NO),154099,Showdown Captain Mode,1.0,4,100,1,90.0,2026-10-06 00:15:00+00:00,Mon 8:15PM
196397045,NFL Showdown $1 100-Player (ATL @ NO),154099,Showdown Captain Mode,1.0,3,100,1,90.0,2026-10-06 00:15:00+00:00,Mon 8:15PM
196286172,NFL Showdown $1 40-Player (ATL @ NO),154099,Showdown Captain Mode,1.0,3,40,1,36.0,2026-10-06 00:15:00+00:00,Mon 8:15PM
196286173,NFL Showdown $1 40-Player (ATL @ NO),154099,Showdown Captain Mode,1.0,2,40,1,36.0,2026-10-06 00:15:00+00:00,Mon 8:15PM
196295076,NFL Showdown $1 40-Player (ATL @ NO),154099,Showdown Captain Mode,1.0,2,40,1,36.0,2026-10-06 00:15:00+00:00,Mon 8:15PM
196295077,NFL Showdown $1 40-Player (ATL @ NO),154099,Showdown Captain Mode,1.0,2,40,1,36.0,2026-10-06 00:15:00+00:00,Mon 8:15PM
196397026,NFL Showdown $1 40-Player (ATL @ NO),154099,Showdown Captain Mode,1.0,1,40,1,36.0,2026-10-06 00:15:00+00:00,Mon 8:15PM
196397027,NFL Showdown $1 40-Player (ATL @ NO),154099,Showdown Captain Mode,1.0,1,40,1,36.0,2026-10-06 00:15:00+00:00,Mon 8:15PM
196413715,NFL Showdown $1 30-Player (Winner Takes All) (ATL @ NO),154099,Showdown Captain Mode,1.0,20,30,1,27.0,2026-10-06 00:15:00+00:00,Mon 8:15PM
196286166,NFL Showdown $1 20-Player (ATL @ NO),154099,Showdown Captain Mode,1.0,2,20,1,18.0,2026-10-06 00:15:00+00:00,Mon 8:15PM
196286167,NFL Showdown $1 20-Player (ATL @ NO),154099,Showdown Captain Mode,1.0,2,20,1,18.0,2026-10-06 00:15:00+00:00,Mon 8:15PM
196286168,NFL Showdown $1 20-Player (ATL @ NO),154099,Showdown Captain Mode,1.0,3,20,1,18.0,2026-10-06 00:15:00+00:00,Mon 8:15PM
196295124,NFL Showdown $1 20-Player (ATL @ NO),154099,Showdown Captain Mode,1.0,3,20,1,18.0,2026-10-06 00:15:00+00:00,Mon 8:15PM
196295125,NFL Showdown $1 20-Player (ATL @ NO),154099,Showdown Captain Mode,1.0,2,20,1,18.0,2026-10-06 00:15:00+00:00,Mon 8:15PM
196295126,NFL Showdown $1 20-Player (ATL @ NO),154099,Showdown Captain Mode,1.0,2,20,1,18.0,2026-10-06 00:15:00+00:00,Mon 8:15PM
196397020,NFL Showdown $1 20-Player (ATL @ NO),154099,Showdown Captain Mode,1.0,1,20,1,18.0,2026-10-06 00:15:00+00:00,Mon 8:15PM
196397021,NFL Showdown $1 20-Player (ATL @ NO),154099,Showdown Captain Mode,1.0,1,20,1,18.0,2026-10-06 00:15:00+00:00,Mon 8:15PM
196397022,NFL Showdown $1 20-Player (ATL @ NO),154099,Showdown Captain Mode,1.0,1,20,1,18.0,2026-10-06 00:15:00+00:00,Mon 8:15PM
196286134,NFL Showdown $1 10-Player (ATL @ NO),154099,Showdown Captain Mode,1.0,2,10,1,9.0,2026-10-06 00:15:00+00:00,Mon 8:15PM
196286135,NFL Showdown $1 10-Player (ATL @ NO),154099,Showdown Captain Mode,1.0,2,10,1,9.0,2026-10-06 00:15:00+00:00,Mon 8:15PM
196286136,NFL Showdown $1 10-Player (ATL @ NO),154099,Showdown Captain Mode,1.0,3,10,1,9.0,2026-10-06 00:15:00+00:00,Mon 8:15PM
196295121,NFL Showdown $1 10-Player (ATL @ NO),154099,Showdown Captain Mode,1.0,2,10,1,9.0,2026-10-06 00:15:00+00:00,Mon 8:15PM
196295122,NFL Showdown $1 10-Player (ATL @ NO),154099,Showdown Captain Mode,1.0,2,10,1,9.0,2026-10-06 00:15:00+00:00,Mon 8:15PM
196295123,NFL Showdown $1 10-Player (ATL @ NO),154099,Showdown Captain Mode,1.0,2,10,1,9.0,2026-10-06 00:15:00+00:00,Mon 8:15PM
196397017,NFL Showdown $1 10-Player (ATL @ NO),154099,Showdown Captain Mode,1.0,1,10,1,9.0,2026-10-06 00:15:00+00:00,Mon 8:15PM
196397018,NFL Showdown $1 10-Player (ATL @ NO),154099,Showdown Captain Mode,1.0,1,10,1,9.0,2026-10-06 00:15:00+00:00,Mon 8:15PM
196397019,NFL Showdown $1 10-Player (ATL @ NO),154099,Showdown Captain Mode,1.0,2,10,1,9.0,2026-10-06 00:15:00+00:00,Mon 8:15PM
196427029,NFL Showdown $1 10-Player (Top 2 Win) (ATL @ NO),154099,Showdown Captain Mode,1.0,3,10,1,9.0,2026-10-06 00:15:00+00:00,Mon 8:15PM
196397005,NFL Showdown $1 5-Player (ATL @ NO),154099,Showdown Captain Mode,1.0,4,5,1,4.5,2026-10-06 00:15:00+00:00,Mon 8:15PM
196397006,NFL Showdown $1 5-Player (ATL @ NO),154099,Showdown Captain Mode,1.0,1,5,1,4.5,2026-10-06 00:15:00+00:00,Mon 8:15PM
196410981,NFL Showdown $1 5-Player (ATL @ NO),154099,Showdown Captain Mode,1.0,1,5,1,4.5,2026-10-06 00:15:00+00:00,Mon 8:15PM
196412627,NFL Showdown $1 5-Player (ATL @ NO),154099,Showdown Captain Mode,1.0,1,5,1,4.5,2026-10-06 00:15:00+00:00,Mon 8:15PM
196412628,NFL Showdown $1 5-Player (ATL @ NO),154099,Showdown Captain Mode,1.0,1,5,1,4.5,2026-10-06 00:15:00+00:00,Mon 8:15PM
196415017,NFL Showdown $1 5-Player (ATL @ NO),154099,Showdown Captain Mode,1.0,1,5,1,4.5,2026-10-06 00:15:00+00:00,Mon 8:15PM
196428872,NFL Showdown $1 3-Player (ATL @ NO),154099,Showdown Captain Mode,1.0,1,3,1,2.7,2026-10-06 00:15:00+00:00,Mon 8:15PM
196428873,NFL Showdown $1 3-Player (ATL @ NO),154099,Showdown Captain Mode,1.0,1,3,1,2.7,2026-10-06 00:15:00+00:00,Mon 8:15PM
196428874,NFL Showdown $1 3-Player (ATL @ NO),154099,Showdown Captain Mode,1.0,1,3,1,2.7,2026-10-06 00:15:00+00:00,Mon 8:15PM
196419788,NFL Showdown $3 17-Player (Winner Takes All) (ATL @ NO),154099,Showdown Captain Mode,3.0,14,17,1,45.9,2026-10-06 00:15:00+00:00,Mon 8:15PM
196427584,NFL Showdown $3 5-Player (Winner Takes All) (ATL @ NO),154099,Showdown Captain Mode,3.0,3,5,1,13.5,2026-10-06 00:15:00+00:00,Mon 8:15PM
196418826,NFL Showdown $3 8-Player (Top 2 Win) (ATL @ NO),154099,Showdown Captain Mode,3.0,5,8,1,21.6,2026-10-06 00:15:00+00:00,Mon 8:15PM
196430761,NFL Showdown Satellite to NBA Best Ball $20 Shootaround [Must Fill] (ATL @ NO),154099,Showdown Captain Mode,7.4,0,3,1,20.0,2026-10-06 00:15:00+00:00,Mon 8:15PM
196286337,Casual NFL Showdown $109 5-Player (ATL @ NO),154099,Showdown Captain Mode,109.0,0,5,1,500.0,2026-10-06 00:15:00+00:00,Mon 8:15PM
196286336,Casual NFL Showdown $109 3-Player (ATL @ NO),154099,Showdown Captain Mode,109.0,0,3,1,300.0,2026-10-06 00:15:00+00:00,Mon 8:15PM
196286292,Casual NFL Showdown $50 50-50 (ATL @ NO),154099,Showdown Captain Mode,50.0,0,10,1,450.0,2026-10-06 00:15:00+00:00,Mon 8:15PM
196286293,Casual NFL Showdown $50 50-50 (ATL @ NO),154099,Showdown Captain Mode,50.0,0,10,1,450.0,2026-10-06 00:15:00+00:00,Mon 8:15PM
196286294,Casual NFL Showdown $50 5-Player (ATL @ NO),154099,Showdown Captain Mode,50.0,0,5,1,225.0,2026-10-06 00:15:00+00:00,Mon 8:15PM
196286307,Casual NFL Showdown $50 3-Player (ATL @ NO),154099,Showdown Captain Mode,50.0,0,3,1,135.0,2026-10-06 00:15:00+00:00,Mon 8:15PM
196286308,Casual NFL Showdown $50 3-Player (ATL @ NO),154099,Showdown Captain Mode,50.0,0,3,1,135.0,2026-10-06 00:15:00+00:00,Mon 8:15PM
196286289,Casual NFL Showdown $20 50-50 (ATL @ NO),154099,Showdown Captain Mode,20.0,0,10,1,180.0,2026-10-06 00:15:00+00:00,Mon 8:15PM
196286290,Casual NFL Showdown $20 50-50 (ATL @ NO),154099,Showdown Captain Mode,20.0,0,10,1,180.0,2026-10-06 00:15:00+00:00,Mon 8:15PM
196286291,Casual NFL Showdown $20 50-50 (ATL @ NO),154099,Showdown Captain Mode,20.0,0,10,1,180.0,2026-10-06 00:15:00+00:00,Mon 8:15PM
196286286,Casual NFL Showdown $20 5-Player (ATL @ NO),154099,Showdown Captain Mode,20.0,0,5,1,90.0,2026-10-06 00:15:00+00:00,Mon 8:15PM
196286287,Casual NFL Showdown $20 5-Player (ATL @ NO),154099,Showdown Captain Mode,20.0,0,5,1,90.0,2026-10-06 00:15:00+00:00,Mon 8:15PM
196286288,Casual NFL Showdown $20 5-Player (ATL @ NO),154099,Showdown Captain Mode,20.0,0,5,1,90.0,2026-10-06 00:15:00+00:00,Mon 8:15PM
196286309,Casual NFL Showdown $20 3-Player (ATL @ NO),154099,Showdown Captain Mode,20.0,0,3,1,54.0,2026-10-06 00:15:00+00:00,Mon 8:15PM
196286310,Casual NFL Showdown $20 3-Player (ATL @ NO),154099,Showdown Captain Mode,20.0,0,3,1,54.0,2026-10-06 00:15:00+00:00,Mon 8:15PM
196286311,Casual NFL Showdown $20 3-Player (ATL @ NO),154099,Showdown Captain Mode,20.0,0,3,1,54.0,2026-10-06 00:15:00+00:00,Mon 8:15PM
196286295,Casual NFL Showdown $10 50-50 (ATL @ NO),154099,Showdown Captain Mode,10.0,0,10,1,90.0,2026-10-06 00:15:00+00:00,Mon 8:15PM
196286296,Casual NFL Showdown $10 50-50 (ATL @ NO),154099,Showdown Captain Mode,10.0,0,10,1,90.0,2026-10-06 00:15:00+00:00,Mon 8:15PM
196287895,Casual NFL Showdown $10 50-50 (ATL @ NO),154099,Showdown Captain Mode,10.0,0,10,1,90.0,2026-10-06 00:15:00+00:00,Mon 8:15PM
196286312,Casual NFL Showdown $10 5-Player (ATL @ NO),154099,Showdown Captain Mode,10.0,0,5,1,45.0,2026-10-06 00:15:00+00:00,Mon 8:15PM
196286313,Casual NFL Showdown $10 5-Player (ATL @ NO),154099,Showdown Captain Mode,10.0,0,5,1,45.0,2026-10-06 00:15:00+00:00,Mon 8:15PM
196286314,Casual NFL Showdown $10 5-Player (ATL @ NO),154099,Showdown Captain Mode,10.0,0,5,1,45.0,2026-10-06 00:15:00+00:00,Mon 8:15PM
196286317,Casual NFL Showdown $10 3-Player (ATL @ NO),154099,Showdown Captain Mode,10.0,0,3,1,27.0,2026-10-06 00:15:00+00:00,Mon 8:15PM
196427508,Casual NFL Showdown $10 3-Player (ATL @ NO),154099,Showdown Captain Mode,10.0,0,3,1,27.0,2026-10-06 00:15:00+00:00,Mon 8:15PM
196427511,Casual NFL Showdown $10 3-Player (ATL @ NO),154099,Showdown Captain Mode,10.0,0,3,1,27.0,2026-10-06 00:15:00+00:00,Mon 8:15PM
196286298,Casual NFL Showdown $5 50-50 (ATL @ NO),154099,Showdown Captain Mode,5.0,0,10,1,45.0,2026-10-06 00:15:00+00:00,Mon 8:15PM
196286299,Casual NFL Showdown $5 50-50 (ATL @ NO),154099,Showdown Captain Mode,5.0,0,10,1,45.0,2026-10-06 00:15:00+00:00,Mon 8:15PM
196286300,Casual NFL Showdown $5 50-50 (ATL @ NO),154099,Showdown Captain Mode,5.0,0,10,1,45.0,2026-10-06 00:15:00+00:00,Mon 8:15PM
196286318,Casual NFL Showdown $5 5-Player (ATL @ NO),154099,Showdown Captain Mode,5.0,0,5,1,22.5,2026-10-06 00:15:00+00:00,Mon 8:15PM
196286319,Casual NFL Showdown $5 5-Player (ATL @ NO),154099,Showdown Captain Mode,5.0,0,5,1,22.5,2026-10-06 00:15:00+00:00,Mon 8:15PM
196286320,Casual NFL Showdown $5 5-Player (ATL @ NO),154099,Showdown Captain Mode,5.0,0,5,1,22.5,2026-10-06 00:15:00+00:00,Mon 8:15PM
196286321,Casual NFL Showdown $5 3-Player (ATL @ NO),154099,Showdown Captain Mode,5.0,0,3,1,13.5,2026-10-06 00:15:00+00:00,Mon 8:15PM
196286322,Casual NFL Showdown $5 3-Player (ATL @ NO),154099,Showdown Captain Mode,5.0,0,3,1,13.5,2026-10-06 00:15:00+00:00,Mon 8:15PM
196286323,Casual NFL Showdown $5 3-Player (ATL @ NO),154099,Showdown Captain Mode,5.0,0,3,1,13.5,2026-10-06 00:15:00+00:00,Mon 8:15PM
196286301,Casual NFL Showdown $3 50-50 (ATL @ NO),154099,Showdown Captain Mode,3.0,0,10,1,27.0,2026-10-06 00:15:00+00:00,Mon 8:15PM
196286302,Casual NFL Showdown $3 50-50 (ATL @ NO),154099,Showdown Captain Mode,3.0,0,10,1,27.0,2026-10-06 00:15:00+00:00,Mon 8:15PM
196419819,Casual NFL Showdown $3 50-50 (ATL @ NO),154099,Showdown Captain Mode,3.0,0,10,1,27.0,2026-10-06 00:15:00+00:00,Mon 8:15PM
196286324,Casual NFL Showdown $2 5-Player (ATL @ NO),154099,Showdown Captain Mode,2.0,0,5,1,9.0,2026-10-06 00:15:00+00:00,Mon 8:15PM
196286325,Casual NFL Showdown $2 5-Player (ATL @ NO),154099,Showdown Captain Mode,2.0,0,5,1,9.0,2026-10-06 00:15:00+00:00,Mon 8:15PM
196286326,Casual NFL Showdown $2 5-Player (ATL @ NO),154099,Showdown Captain Mode,2.0,0,5,1,9.0,2026-10-06 00:15:00+00:00,Mon 8:15PM
196286328,Casual NFL Showdown $2 3-Player (ATL @ NO),154099,Showdown Captain Mode,2.0,0,3,1,5.4,2026-10-06 00:15:00+00:00,Mon 8:15PM
196286329,Casual NFL Showdown $2 3-Player (ATL @ NO),154099,Showdown Captain Mode,2.0,0,3,1,5.4,2026-10-06 00:15:00+00:00,Mon 8:15PM
196410612,Casual NFL Showdown $2 3-Player (ATL @ NO),154099,Showdown Captain Mode,2.0,0,3,1,5.4,2026-10-06 00:15:00+00:00,Mon 8:15PM
196286304,Casual NFL Showdown $1 50-50 (ATL @ NO),154099,Showdown Captain Mode,1.0,0,10,1,9.0,2026-10-06 00:15:00+00:00,Mon 8:15PM
196286305,Casual NFL Showdown $1 50-50 (ATL @ NO),154099,Showdown Captain Mode,1.0,0,10,1,9.0,2026-10-06 00:15:00+00:00,Mon 8:15PM
196402866,Casual NFL Showdown $1 50-50 (ATL @ NO),154099,Showdown Captain Mode,1.0,0,10,1,9.0,2026-10-06 00:15:00+00:00,Mon 8:15PM
196286330,Casual NFL Showdown $1 5-Player (ATL @ NO),154099,Showdown Captain Mode,1.0,0,5,1,4.5,2026-10-06 00:15:00+00:00,Mon 8:15PM
196286331,Casual NFL Showdown $1 5-Player (ATL @ NO),154099,Showdown Captain Mode,1.0,0,5,1,4.5,2026-10-06 00:15:00+00:00,Mon 8:15PM
196286332,Casual NFL Showdown $1 5-Player (ATL @ NO),154099,Showdown Captain Mode,1.0,0,5,1,4.5,2026-10-06 00:15:00+00:00,Mon 8:15PM
196286333,Casual NFL Showdown $1 3-Player (ATL @ NO),154099,Showdown Captain Mode,1.0,0,3,1,2.7,2026-10-06 00:15:00+00:00,Mon 8:15PM
196286334,Casual NFL Showdown $1 3-Player (ATL @ NO),154099,Showdown Captain Mode,1.0,0,3,1,2.7,2026-10-06 00:15:00+00:00,Mon 8:15PM
196286335,Casual NFL Showdown $1 3-Player (ATL @ NO),154099,Showdown Captain Mode,1.0,0,3,1,2.7,2026-10-06 00:15:00+00:00,Mon 8:15PM
196286271,Beginner NFL Showdown $109 5-Player (ATL @ NO),154099,Showdown Captain Mode,109.0,0,5,1,500.0,2026-10-06 00:15:00+00:00,Mon 8:15PM
196286270,Beginner NFL Showdown $109 3-Player (ATL @ NO),154099,Showdown Captain Mode,109.0,0,3,1,300.0,2026-10-06 00:15:00+00:00,Mon 8:15PM
196286238,Beginner NFL Showdown $50 50-50 (ATL @ NO),154099,Showdown Captain Mode,50.0,0,10,1,450.0,2026-10-06 00:15:00+00:00,Mon 8:15PM
196286239,Beginner NFL Showdown $50 50-50 (ATL @ NO),154099,Showdown Captain Mode,50.0,0,10,1,450.0,2026-10-06 00:15:00+00:00,Mon 8:15PM
196286242,Beginner NFL Showdown $50 5-Player (ATL @ NO),154099,Showdown Captain Mode,50.0,0,5,1,225.0,2026-10-06 00:15:00+00:00,Mon 8:15PM
196286240,Beginner NFL Showdown $50 3-Player (ATL @ NO),154099,Showdown Captain Mode,50.0,0,3,1,135.0,2026-10-06 00:15:00+00:00,Mon 8:15PM
196286241,Beginner NFL Showdown $50 3-Player (ATL @ NO),154099,Showdown Captain Mode,50.0,0,3,1,135.0,2026-10-06 00:15:00+00:00,Mon 8:15PM
196286222,Beginner NFL Showdown $20 50-50 (ATL @ NO),154099,Showdown Captain Mode,20.0,0,10,1,180.0,2026-10-06 00:15:00+00:00,Mon 8:15PM
196286223,Beginner NFL Showdown $20 50-50 (ATL @ NO),154099,Showdown Captain Mode,20.0,0,10,1,180.0,2026-10-06 00:15:00+00:00,Mon 8:15PM
196286224,Beginner NFL Showdown $20 50-50 (ATL @ NO),154099,Showdown Captain Mode,20.0,0,10,1,180.0,2026-10-06 00:15:00+00:00,Mon 8:15PM
196286207,Beginner NFL Showdown $20 5-Player (ATL @ NO),154099,Showdown Captain Mode,20.0,0,5,1,90.0,2026-10-06 00:15:00+00:00,Mon 8:15PM
196286208,Beginner NFL Showdown $20 5-Player (ATL @ NO),154099,Showdown Captain Mode,20.0,0,5,1,90.0,2026-10-06 00:15:00+00:00,Mon 8:15PM
196286209,Beginner NFL Showdown $20 5-Player (ATL @ NO),154099,Showdown Captain Mode,20.0,0,5,1,90.0,2026-10-06 00:15:00+00:00,Mon 8:15PM
196286189,Beginner NFL Showdown $20 3-Player (ATL @ NO),154099,Showdown Captain Mode,20.0,0,3,1,54.0,2026-10-06 00:15:00+00:00,Mon 8:15PM
196286190,Beginner NFL Showdown $20 3-Player (ATL @ NO),154099,Showdown Captain Mode,20.0,0,3,1,54.0,2026-10-06 00:15:00+00:00,Mon 8:15PM
196286191,Beginner NFL Showdown $20 3-Player (ATL @ NO),154099,Showdown Captain Mode,20.0,0,3,1,54.0,2026-10-06 00:15:00+00:00,Mon 8:15PM
196286219,Beginner NFL Showdown $10 50-50 (ATL @ NO),154099,Showdown Captain Mode,10.0,0,10,1,90.0,2026-10-06 00:15:00+00:00,Mon 8:15PM
196286220,Beginner NFL Showdown $10 50-50 (ATL @ NO),154099,Showdown Captain Mode,10.0,0,10,1,90.0,2026-10-06 00:15:00+00:00,Mon 8:15PM
196286221,Beginner NFL Showdown $10 50-50 (ATL @ NO),154099,Showdown Captain Mode,10.0,0,10,1,90.0,2026-10-06 00:15:00+00:00,Mon 8:15PM
196286204,Beginner NFL Showdown $10 5-Player (ATL @ NO),154099,Showdown Captain Mode,10.0,0,5,1,45.0,2026-10-06 00:15:00+00:00,Mon 8:15PM
196286206,Beginner NFL Showdown $10 5-Player (ATL @ NO),154099,Showdown Captain Mode,10.0,0,5,1,45.0,2026-10-06 00:15:00+00:00,Mon 8:15PM
196422024,Beginner NFL Showdown $10 5-Player (ATL @ NO),154099,Showdown Captain Mode,10.0,0,5,1,45.0,2026-10-06 00:15:00+00:00,Mon 8:15PM
196286186,Beginner NFL Showdown $10 3-Player (ATL @ NO),154099,Showdown Captain Mode,10.0,0,3,1,27.0,2026-10-06 00:15:00+00:00,Mon 8:15PM
196286187,Beginner NFL Showdown $10 3-Player (ATL @ NO),154099,Showdown Captain Mode,10.0,0,3,1,27.0,2026-10-06 00:15:00+00:00,Mon 8:15PM
196286188,Beginner NFL Showdown $10 3-Player (ATL @ NO),154099,Showdown Captain Mode,10.0,0,3,1,27.0,2026-10-06 00:15:00+00:00,Mon 8:15PM
196286216,Beginner NFL Showdown $5 50-50 (ATL @ NO),154099,Showdown Captain Mode,5.0,0,10,1,45.0,2026-10-06 00:15:00+00:00,Mon 8:15PM
196286218,Beginner NFL Showdown $5 50-50 (ATL @ NO),154099,Showdown Captain Mode,5.0,0,10,1,45.0,2026-10-06 00:15:00+00:00,Mon 8:15PM
196427726,Beginner NFL Showdown $5 50-50 (ATL @ NO),154099,Showdown Captain Mode,5.0,0,10,1,45.0,2026-10-06 00:15:00+00:00,Mon 8:15PM
196286201,Beginner NFL Showdown $5 5-Player (ATL @ NO),154099,Showdown Captain Mode,5.0,0,5,1,22.5,2026-10-06 00:15:00+00:00,Mon 8:15PM
196286202,Beginner NFL Showdown $5 5-Player (ATL @ NO),154099,Showdown Captain Mode,5.0,0,5,1,22.5,2026-10-06 00:15:00+00:00,Mon 8:15PM
196286203,Beginner NFL Showdown $5 5-Player (ATL @ NO),154099,Showdown Captain Mode,5.0,0,5,1,22.5,2026-10-06 00:15:00+00:00,Mon 8:15PM
196286180,Beginner NFL Showdown $5 3-Player (ATL @ NO),154099,Showdown Captain Mode,5.0,0,3,1,13.5,2026-10-06 00:15:00+00:00,Mon 8:15PM
196286181,Beginner NFL Showdown $5 3-Player (ATL @ NO),154099,Showdown Captain Mode,5.0,0,3,1,13.5,2026-10-06 00:15:00+00:00,Mon 8:15PM
196286182,Beginner NFL Showdown $5 3-Player (ATL @ NO),154099,Showdown Captain Mode,5.0,0,3,1,13.5,2026-10-06 00:15:00+00:00,Mon 8:15PM
196286213,Beginner NFL Showdown $3 50-50 (ATL @ NO),154099,Showdown Captain Mode,3.0,0,10,1,27.0,2026-10-06 00:15:00+00:00,Mon 8:15PM
196286214,Beginner NFL Showdown $3 50-50 (ATL @ NO),154099,Showdown Captain Mode,3.0,0,10,1,27.0,2026-10-06 00:15:00+00:00,Mon 8:15PM
196286215,Beginner NFL Showdown $3 50-50 (ATL @ NO),154099,Showdown Captain Mode,3.0,0,10,1,27.0,2026-10-06 00:15:00+00:00,Mon 8:15PM
196286198,Beginner NFL Showdown $2 5-Player (ATL @ NO),154099,Showdown Captain Mode,2.0,0,5,1,9.0,2026-10-06 00:15:00+00:00,Mon 8:15PM
196286199,Beginner NFL Showdown $2 5-Player (ATL @ NO),154099,Showdown Captain Mode,2.0,0,5,1,9.0,2026-10-06 00:15:00+00:00,Mon 8:15PM
196286200,Beginner NFL Showdown $2 5-Player (ATL @ NO),154099,Showdown Captain Mode,2.0,0,5,1,9.0,2026-10-06 00:15:00+00:00,Mon 8:15PM
196286192,Beginner NFL Showdown $2 3-Player (ATL @ NO),154099,Showdown Captain Mode,2.0,0,3,1,5.4,2026-10-06 00:15:00+00:00,Mon 8:15PM
196286193,Beginner NFL Showdown $2 3-Player (ATL @ NO),154099,Showdown Captain Mode,2.0,0,3,1,5.4,2026-10-06 00:15:00+00:00,Mon 8:15PM
196286194,Beginner NFL Showdown $2 3-Player (ATL @ NO),154099,Showdown Captain Mode,2.0,0,3,1,5.4,2026-10-06 00:15:00+00:00,Mon 8:15PM
196286211,Beginner NFL Showdown $1 50-50 (ATL @ NO),154099,Showdown Captain Mode,1.0,0,10,1,9.0,2026-10-06 00:15:00+00:00,Mon 8:15PM
196286212,Beginner NFL Showdown $1 50-50 (ATL @ NO),154099,Showdown Captain Mode,1.0,0,10,1,9.0,2026-10-06 00:15:00+00:00,Mon 8:15PM
196426156,Beginner NFL Showdown $1 50-50 (ATL @ NO),154099,Showdown Captain Mode,1.0,0,10,1,9.0,2026-10-06 00:15:00+00:00,Mon 8:15PM
196286195,Beginner NFL Showdown $1 5-Player (ATL @ NO),154099,Showdown Captain Mode,1.0,0,5,1,4.5,2026-10-06 00:15:00+00:00,Mon 8:15PM
196286196,Beginner NFL Showdown $1 5-Player (ATL @ NO),154099,Showdown Captain Mode,1.0,0,5,1,4.5,2026-10-06 00:15:00+00:00,Mon 8:15PM
196286197,Beginner NFL Showdown $1 5-Player (ATL @ NO),154099,Showdown Captain Mode,1.0,0,5,1,4.5,2026-10-06 00:15:00+00:00,Mon 8:15PM
196286183,Beginner NFL Showdown $1 3-Player (ATL @ NO),154099,Showdown Captain Mode,1.0,0,3,1,2.7,2026-10-06 00:15:00+00:00,Mon 8:15PM
196286184,Beginner NFL Showdown $1 3-Player (ATL @ NO),154099,Showdown Captain Mode,1.0,0,3,1,2.7,2026-10-06 00:15:00+00:00,Mon 8:15PM
196286185,Beginner NFL Showdown $1 3-Player (ATL @ NO),154099,Showdown Captain Mode,1.0,0,3,1,2.7,2026-10-06 00:15:00+00:00,Mon 8:15PM
196403695,"NFL Showdown $10,600 3-Player (ATL @ NO)",154099,Showdown Captain Mode,10600.0,0,3,1,30000.0,2026-10-06 00:15:00+00:00,Mon 8:15PM
196403696,"NFL Showdown $10,600 3-Player (ATL @ NO)",154099,Showdown Captain Mode,10600.0,0,3,1,30000.0,2026-10-06 00:15:00+00:00,Mon 8:15PM
196411739,"NFL Showdown $5,300 50-50 (ATL @ NO)",154099,Showdown Captain Mode,5300.0,0,4,1,20000.0,2026-10-06 00:15:00+00:00,Mon 8:15PM
196411740,"NFL Showdown $5,300 50-50 (ATL @ NO)",154099,Showdown Captain Mode,5300.0,0,4,1,20000.0,2026-10-06 00:15:00+00:00,Mon 8:15PM
196403697,"NFL Showdown $5,300 3-Player (ATL @ NO)",154099,Showdown Captain Mode,5300.0,0,3,1,15000.0,2026-10-06 00:15:00+00:00,Mon 8:15PM
196403698,"NFL Showdown $5,300 3-Player (ATL @ NO)",154099,Showdown Captain Mode,5300.0,0,3,1,15000.0,2026-10-06 00:15:00+00:00,Mon 8:15PM
196411741,"NFL Showdown $2,120 50-50 (ATL @ NO)",154099,Showdown Captain Mode,2120.0,0,4,1,8000.0,2026-10-06 00:15:00+00:00,Mon 8:15PM
196411742,"NFL Showdown $2,120 50-50 (ATL @ NO)",154099,Showdown Captain Mode,2120.0,0,4,1,8000.0,2026-10-06 00:15:00+00:00,Mon 8:15PM
196286283,"NFL Showdown $2,120 5-Player (ATL @ NO)",154099,Showdown Captain Mode,2120.0,0,5,1,10000.0,2026-10-06 00:15:00+00:00,Mon 8:15PM
196428641,"NFL Showdown $2,120 5-Player (ATL @ NO)",154099,Showdown Captain Mode,2120.0,0,5,1,10000.0,2026-10-06 00:15:00+00:00,Mon 8:15PM
196403708,"NFL Showdown $2,120 3-Player (ATL @ NO)",154099,Showdown Captain Mode,2120.0,0,3,1,6000.0,2026-10-06 00:15:00+00:00,Mon 8:15PM
196403709,"NFL Showdown $2,120 3-Player (ATL @ NO)",154099,Showdown Captain Mode,2120.0,0,3,1,6000.0,2026-10-06 00:15:00+00:00,Mon 8:15PM
196418294,"NFL Showdown $1,060 50-50 (ATL @ NO)",154099,Showdown Captain Mode,1060.0,0,4,1,4000.0,2026-10-06 00:15:00+00:00,Mon 8:15PM
196418295,"NFL Showdown $1,060 50-50 (ATL @ NO)",154099,Showdown Captain Mode,1060.0,0,4,1,4000.0,2026-10-06 00:15:00+00:00,Mon 8:15PM
196286138,"NFL Showdown $1,060 5-Player (ATL @ NO)",154099,Showdown Captain Mode,1060.0,0,5,1,5000.0,2026-10-06 00:15:00+00:00,Mon 8:15PM
196428635,"NFL Showdown $1,060 5-Player (ATL @ NO)",154099,Showdown Captain Mode,1060.0,0,5,1,5000.0,2026-10-06 00:15:00+00:00,Mon 8:15PM
196411730,"NFL Showdown $1,060 3-Player (ATL @ NO)",154099,Showdown Captain Mode,1060.0,0,3,1,3000.0,2026-10-06 00:15:00+00:00,Mon 8:15PM
196411731,"NFL Showdown $1,060 3-Player (ATL @ NO)",154099,Showdown Captain Mode,1060.0,0,3,1,3000.0,2026-10-06 00:15:00+00:00,Mon 8:15PM
196418296,NFL Showdown $530 50-50 (ATL @ NO),154099,Showdown Captain Mode,530.0,0,4,1,2000.0,2026-10-06 00:15:00+00:00,Mon 8:15PM
196418297,NFL Showdown $530 50-50 (ATL @ NO),154099,Showdown Captain Mode,530.0,0,4,1,2000.0,2026-10-06 00:15:00+00:00,Mon 8:15PM
196418302,NFL Showdown $530 50-50 (ATL @ NO),154099,Showdown Captain Mode,530.0,0,8,1,4000.0,2026-10-06 00:15:00+00:00,Mon 8:15PM
196286164,NFL Showdown $530 5-Player (ATL @ NO),154099,Showdown Captain Mode,530.0,0,5,1,2500.0,2026-10-06 00:15:00+00:00,Mon 8:15PM
196427186,NFL Showdown $530 5-Player (ATL @ NO),154099,Showdown Captain Mode,530.0,0,5,1,2500.0,2026-10-06 00:15:00+00:00,Mon 8:15PM
196411732,NFL Showdown $530 3-Player (ATL @ NO),154099,Showdown Captain Mode,530.0,0,3,1,1500.0,2026-10-06 00:15:00+00:00,Mon 8:15PM
196411733,NFL Showdown $530 3-Player (ATL @ NO),154099,Showdown Captain Mode,530.0,0,3,1,1500.0,2026-10-06 00:15:00+00:00,Mon 8:15PM
196418301,NFL Showdown $270 50-50 (ATL @ NO),154099,Showdown Captain Mode,270.0,0,8,1,2000.0,2026-10-06 00:15:00+00:00,Mon 8:15PM
196418314,NFL Showdown $270 50-50 (ATL @ NO),154099,Showdown Captain Mode,270.0,0,4,1,1000.0,2026-10-06 00:15:00+00:00,Mon 8:15PM
196418315,NFL Showdown $270 50-50 (ATL @ NO),154099,Showdown Captain Mode,270.0,0,4,1,1000.0,2026-10-06 00:15:00+00:00,Mon 8:15PM
196286225,NFL Showdown $270 10-Player (ATL @ NO),154099,Showdown Captain Mode,270.0,0,10,1,2500.0,2026-10-06 00:15:00+00:00,Mon 8:15PM
196411735,NFL Showdown $270 3-Player (ATL @ NO),154099,Showdown Captain Mode,270.0,0,3,1,750.0,2026-10-06 00:15:00+00:00,Mon 8:15PM
196428638,NFL Showdown $270 3-Player (ATL @ NO),154099,Showdown Captain Mode,270.0,0,3,1,750.0,2026-10-06 00:15:00+00:00,Mon 8:15PM
196286163,NFL Showdown $270 5-Player (ATL @ NO),154099,Showdown Captain Mode,270.0,0,5,1,1250.0,2026-10-06 00:15:00+00:00,Mon 8:15PM
196428637,NFL Showdown $270 5-Player (ATL @ NO),154099,Showdown Captain Mode,270.0,0,5,1,1250.0,2026-10-06 00:15:00+00:00,Mon 8:15PM
196418300,NFL Showdown $162 50-50 (ATL @ NO),154099,Showdown Captain Mode,162.0,0,8,1,1200.0,2026-10-06 00:15:00+00:00,Mon 8:15PM
196418279,NFL Showdown $162 50-50 (ATL @ NO),154099,Showdown Captain Mode,162.0,0,4,1,600.0,2026-10-06 00:15:00+00:00,Mon 8:15PM
196418280,NFL Showdown $162 50-50 (ATL @ NO),154099,Showdown Captain Mode,162.0,0,4,1,600.0,2026-10-06 00:15:00+00:00,Mon 8:15PM
196286161,NFL Showdown $162 5-Player (ATL @ NO),154099,Showdown Captain Mode,162.0,0,5,1,750.0,2026-10-06 00:15:00+00:00,Mon 8:15PM
196428636,NFL Showdown $162 5-Player (ATL @ NO),154099,Showdown Captain Mode,162.0,0,5,1,750.0,2026-10-06 00:15:00+00:00,Mon 8:15PM
196411736,NFL Showdown $162 3-Player (ATL @ NO),154099,Showdown Captain Mode,162.0,0,3,1,450.0,2026-10-06 00:15:00+00:00,Mon 8:15PM
196411737,NFL Showdown $162 3-Player (ATL @ NO),154099,Showdown Captain Mode,162.0,0,3,1,450.0,2026-10-06 00:15:00+00:00,Mon 8:15PM
196430406,NFL Showdown $162 3-Player (ATL @ NO),154099,Showdown Captain Mode,162.0,0,3,1,450.0,2026-10-06 00:15:00+00:00,Mon 8:15PM
196425805,NFL Showdown $109 50-50 (ATL @ NO),154099,Showdown Captain Mode,109.0,0,20,1,2000.0,2026-10-06 00:15:00+00:00,Mon 8:15PM
196418283,NFL Showdown $109 50-50 (ATL @ NO),154099,Showdown Captain Mode,109.0,0,10,1,1000.0,2026-10-06 00:15:00+00:00,Mon 8:15PM
196418298,NFL Showdown $109 50-50 (ATL @ NO),154099,Showdown Captain Mode,109.0,0,4,1,400.0,2026-10-06 00:15:00+00:00,Mon 8:15PM
196418299,NFL Showdown $109 50-50 (ATL @ NO),154099,Showdown Captain Mode,109.0,0,4,1,400.0,2026-10-06 00:15:00+00:00,Mon 8:15PM
196286265,NFL Showdown $109 5-Player (ATL @ NO),154099,Showdown Captain Mode,109.0,0,5,1,500.0,2026-10-06 00:15:00+00:00,Mon 8:15PM
196428639,NFL Showdown $109 5-Player (ATL @ NO),154099,Showdown Captain Mode,109.0,0,5,1,500.0,2026-10-06 00:15:00+00:00,Mon 8:15PM
196403707,NFL Showdown $109 3-Player (ATL @ NO),154099,Showdown Captain Mode,109.0,0,3,1,300.0,2026-10-06 00:15:00+00:00,Mon 8:15PM
196428640,NFL Showdown $109 3-Player (ATL @ NO),154099,Showdown Captain Mode,109.0,0,3,1,300.0,2026-10-06 00:15:00+00:00,Mon 8:15PM
196429414,NFL Showdown $109 3-Player (ATL @ NO),154099,Showdown Captain Mode,109.0,0,3,1,300.0,2026-10-06 00:15:00+00:00,Mon 8:15PM
196418291,NFL Showdown $50 50-50 (ATL @ NO),154099,Showdown Captain Mode,50.0,0,20,1,900.0,2026-10-06 00:15:00+00:00,Mon 8:15PM
196418281,NFL Showdown $50 50-50 (ATL @ NO),154099,Showdown Captain Mode,50.0,0,10,1,450.0,2026-10-06 00:15:00+00:00,Mon 8:15PM
196418282,NFL Showdown $50 50-50 (ATL @ NO),154099,Showdown Captain Mode,50.0,0,10,1,450.0,2026-10-06 00:15:00+00:00,Mon 8:15PM
196418274,NFL Showdown $50 50-50 (ATL @ NO),154099,Showdown Captain Mode,50.0,0,4,1,180.0,2026-10-06 00:15:00+00:00,Mon 8:15PM
196418275,NFL Showdown $50 50-50 (ATL @ NO),154099,Showdown Captain Mode,50.0,0,4,1,180.0,2026-10-06 00:15:00+00:00,Mon 8:15PM
196418276,NFL Showdown $50 50-50 (ATL @ NO),154099,Showdown Captain Mode,50.0,0,4,1,180.0,2026-10-06 00:15:00+00:00,Mon 8:15PM
196418311,NFL Showdown $50 Double Up (ATL @ NO),154099,Showdown Captain Mode,50.0,0,22,1,1000.0,2026-10-06 00:15:00+00:00,Mon 8:15PM
196418310,NFL Showdown $50 Double Up (ATL @ NO),154099,Showdown Captain Mode,50.0,0,11,1,500.0,2026-10-06 00:15:00+00:00,Mon 8:15PM
196286228,NFL Showdown $50 20-Player (ATL @ NO),154099,Showdown Captain Mode,50.0,0,20,1,900.0,2026-10-06 00:15:00+00:00,Mon 8:15PM
196286139,NFL Showdown $50 10-Player (ATL @ NO),154099,Showdown Captain Mode,50.0,0,10,1,450.0,2026-10-06 00:15:00+00:00,Mon 8:15PM
196286140,NFL Showdown $50 10-Player (ATL @ NO),154099,Showdown Captain Mode,50.0,0,10,1,450.0,2026-10-06 00:15:00+00:00,Mon 8:15PM
196286116,NFL Showdown $50 5-Player (ATL @ NO),154099,Showdown Captain Mode,50.0,0,5,1,225.0,2026-10-06 00:15:00+00:00,Mon 8:15PM
196428625,NFL Showdown $50 5-Player (ATL @ NO),154099,Showdown Captain Mode,50.0,0,5,1,225.0,2026-10-06 00:15:00+00:00,Mon 8:15PM
196428622,NFL Showdown $50 3-Player (ATL @ NO),154099,Showdown Captain Mode,50.0,0,3,1,135.0,2026-10-06 00:15:00+00:00,Mon 8:15PM
196428623,NFL Showdown $50 3-Player (ATL @ NO),154099,Showdown Captain Mode,50.0,0,3,1,135.0,2026-10-06 00:15:00+00:00,Mon 8:15PM
196428624,NFL Showdown $50 3-Player (ATL @ NO),154099,Showdown Captain Mode,50.0,0,3,1,135.0,2026-10-06 00:15:00+00:00,Mon 8:15PM
196418309,NFL Showdown $25 Double Up (ATL @ NO),154099,Showdown Captain Mode,25.0,0,22,1,500.0,2026-10-06 00:15:00+00:00,Mon 8:15PM
196418308,NFL Showdown $25 Double Up (ATL @ NO),154099,Showdown Captain Mode,25.0,0,11,1,250.0,2026-10-06 00:15:00+00:00,Mon 8:15PM
196418305,NFL Showdown $20 50-50 (ATL @ NO),154099,Showdown Captain Mode,20.0,0,50,1,900.0,2026-10-06 00:15:00+00:00,Mon 8:15PM
196418289,NFL Showdown $20 50-50 (ATL @ NO),154099,Showdown Captain Mode,20.0,0,20,1,360.0,2026-10-06 00:15:00+00:00,Mon 8:15PM
196418290,NFL Showdown $20 50-50 (ATL @ NO),154099,Showdown Captain Mode,20.0,0,20,1,360.0,2026-10-06 00:15:00+00:00,Mon 8:15PM
196418272,NFL Showdown $20 50-50 (ATL @ NO),154099,Showdown Captain Mode,20.0,0,10,1,180.0,2026-10-06 00:15:00+00:00,Mon 8:15PM
196418273,NFL Showdown $20 50-50 (ATL @ NO),154099,Showdown Captain Mode,20.0,0,10,1,180.0,2026-10-06 00:15:00+00:00,Mon 8:15PM
196413851,NFL Showdown $20 100-Player (ATL @ NO),154099,Showdown Captain Mode,20.0,0,100,1,1800.0,2026-10-06 00:15:00+00:00,Mon 8:15PM
196286231,NFL Showdown $20 40-Player (ATL @ NO),154099,Showdown Captain Mode,20.0,0,40,1,720.0,2026-10-06 00:15:00+00:00,Mon 8:15PM
196286226,NFL Showdown $20 20-Player (ATL @ NO),154099,Showdown Captain Mode,20.0,0,20,1,360.0,2026-10-06 00:15:00+00:00,Mon 8:15PM
196286227,NFL Showdown $20 20-Player (ATL @ NO),154099,Showdown Captain Mode,20.0,0,20,1,360.0,2026-10-06 00:15:00+00:00,Mon 8:15PM
196286146,NFL Showdown $20 10-Player (ATL @ NO),154099,Showdown Captain Mode,20.0,0,10,1,180.0,2026-10-06 00:15:00+00:00,Mon 8:15PM
196423917,NFL Showdown $20 10-Player (ATL @ NO),154099,Showdown Captain Mode,20.0,0,10,1,180.0,2026-10-06 00:15:00+00:00,Mon 8:15PM
196286090,NFL Showdown $20 5-Player (ATL @ NO),154099,Showdown Captain Mode,20.0,0,5,1,90.0,2026-10-06 00:15:00+00:00,Mon 8:15PM
196286092,NFL Showdown $20 5-Player (ATL @ NO),154099,Showdown Captain Mode,20.0,0,5,1,90.0,2026-10-06 00:15:00+00:00,Mon 8:15PM
196428619,NFL Showdown $20 5-Player (ATL @ NO),154099,Showdown Captain Mode,20.0,0,5,1,90.0,2026-10-06 00:15:00+00:00,Mon 8:15PM
196428632,NFL Showdown $20 3-Player (ATL @ NO),154099,Showdown Captain Mode,20.0,0,3,1,54.0,2026-10-06 00:15:00+00:00,Mon 8:15PM
196428633,NFL Showdown $20 3-Player (ATL @ NO),154099,Showdown Captain Mode,20.0,0,3,1,54.0,2026-10-06 00:15:00+00:00,Mon 8:15PM
196428634,NFL Showdown $20 3-Player (ATL @ NO),154099,Showdown Captain Mode,20.0,0,3,1,54.0,2026-10-06 00:15:00+00:00,Mon 8:15PM
196418304,NFL Showdown $10 50-50 (ATL @ NO),154099,Showdown Captain Mode,10.0,0,50,1,450.0,2026-10-06 00:15:00+00:00,Mon 8:15PM
196418287,NFL Showdown $10 50-50 (ATL @ NO),154099,Showdown Captain Mode,10.0,0,20,1,180.0,2026-10-06 00:15:00+00:00,Mon 8:15PM
196418288,NFL Showdown $10 50-50 (ATL @ NO),154099,Showdown Captain Mode,10.0,0,20,1,180.0,2026-10-06 00:15:00+00:00,Mon 8:15PM
196418277,NFL Showdown $10 50-50 (ATL @ NO),154099,Showdown Captain Mode,10.0,0,10,1,90.0,2026-10-06 00:15:00+00:00,Mon 8:15PM
196418278,NFL Showdown $10 50-50 (ATL @ NO),154099,Showdown Captain Mode,10.0,0,10,1,90.0,2026-10-06 00:15:00+00:00,Mon 8:15PM
196418306,NFL Showdown $10 Double Up (ATL @ NO),154099,Showdown Captain Mode,10.0,0,11,1,100.0,2026-10-06 00:15:00+00:00,Mon 8:15PM
196418307,NFL Showdown $10 Double Up (ATL @ NO),154099,Showdown Captain Mode,10.0,0,11,1,100.0,2026-10-06 00:15:00+00:00,Mon 8:15PM
196430048,NFL Showdown $10 100-Player (ATL @ NO),154099,Showdown Captain Mode,10.0,0,100,1,900.0,2026-10-06 00:15:00+00:00,Mon 8:15PM
196286230,NFL Showdown $10 40-Player (ATL @ NO),154099,Showdown Captain Mode,10.0,0,40,1,360.0,2026-10-06 00:15:00+00:00,Mon 8:15PM
196286141,NFL Showdown $10 20-Player (ATL @ NO),154099,Showdown Captain Mode,10.0,0,20,1,180.0,2026-10-06 00:15:00+00:00,Mon 8:15PM
196286142,NFL Showdown $10 20-Player (ATL @ NO),154099,Showdown Captain Mode,10.0,0,20,1,180.0,2026-10-06 00:15:00+00:00,Mon 8:15PM
196286105,NFL Showdown $10 10-Player (ATL @ NO),154099,Showdown Captain Mode,10.0,0,10,1,90.0,2026-10-06 00:15:00+00:00,Mon 8:15PM
196414987,NFL Showdown $10 10-Player (ATL @ NO),154099,Showdown Captain Mode,10.0,0,10,1,90.0,2026-10-06 00:15:00+00:00,Mon 8:15PM
196286089,NFL Showdown $10 5-Player (ATL @ NO),154099,Showdown Captain Mode,10.0,0,5,1,45.0,2026-10-06 00:15:00+00:00,Mon 8:15PM
196428617,NFL Showdown $10 5-Player (ATL @ NO),154099,Showdown Captain Mode,10.0,0,5,1,45.0,2026-10-06 00:15:00+00:00,Mon 8:15PM
196428618,NFL Showdown $10 5-Player (ATL @ NO),154099,Showdown Captain Mode,10.0,0,5,1,45.0,2026-10-06 00:15:00+00:00,Mon 8:15PM
196428629,NFL Showdown $10 3-Player (ATL @ NO),154099,Showdown Captain Mode,10.0,0,3,1,27.0,2026-10-06 00:15:00+00:00,Mon 8:15PM
196428630,NFL Showdown $10 3-Player (ATL @ NO),154099,Showdown Captain Mode,10.0,0,3,1,27.0,2026-10-06 00:15:00+00:00,Mon 8:15PM
196428631,NFL Showdown $10 3-Player (ATL @ NO),154099,Showdown Captain Mode,10.0,0,3,1,27.0,2026-10-06 00:15:00+00:00,Mon 8:15PM
196430665,NFL Showdown $5 50-50 (ATL @ NO),154099,Showdown Captain Mode,5.0,0,100,1,450.0,2026-10-06 00:15:00+00:00,Mon 8:15PM
196418303,NFL Showdown $5 50-50 (ATL @ NO),154099,Showdown Captain Mode,5.0,0,50,1,225.0,2026-10-06 00:15:00+00:00,Mon 8:15PM
196418284,NFL Showdown $5 50-50 (ATL @ NO),154099,Showdown Captain Mode,5.0,0,20,1,90.0,2026-10-06 00:15:00+00:00,Mon 8:15PM
196418285,NFL Showdown $5 50-50 (ATL @ NO),154099,Showdown Captain Mode,5.0,0,20,1,90.0,2026-10-06 00:15:00+00:00,Mon 8:15PM
196418286,NFL Showdown $5 50-50 (ATL @ NO),154099,Showdown Captain Mode,5.0,0,20,1,90.0,2026-10-06 00:15:00+00:00,Mon 8:15PM
196430571,NFL Showdown $5 50-50 (ATL @ NO),154099,Showdown Captain Mode,5.0,0,10,1,45.0,2026-10-06 00:15:00+00:00,Mon 8:15PM
196430572,NFL Showdown $5 50-50 (ATL @ NO),154099,Showdown Captain Mode,5.0,0,10,1,45.0,2026-10-06 00:15:00+00:00,Mon 8:15PM
196430573,NFL Showdown $5 50-50 (ATL @ NO),154099,Showdown Captain Mode,5.0,0,10,1,45.0,2026-10-06 00:15:00+00:00,Mon 8:15PM
196430575,NFL Showdown $5 Double Up (ATL @ NO),154099,Showdown Captain Mode,5.0,0,11,1,50.0,2026-10-06 00:15:00+00:00,Mon 8:15PM
196430576,NFL Showdown $5 Double Up (ATL @ NO),154099,Showdown Captain Mode,5.0,0,11,1,50.0,2026-10-06 00:15:00+00:00,Mon 8:15PM
196286352,NFL Showdown $5 100-Player (ATL @ NO),154099,Showdown Captain Mode,5.0,0,100,1,450.0,2026-10-06 00:15:00+00:00,Mon 8:15PM
196286229,NFL Showdown $5 40-Player (ATL @ NO),154099,Showdown Captain Mode,5.0,0,40,1,180.0,2026-10-06 00:15:00+00:00,Mon 8:15PM
196286143,NFL Showdown $5 20-Player (ATL @ NO),154099,Showdown Captain Mode,5.0,0,20,1,90.0,2026-10-06 00:15:00+00:00,Mon 8:15PM
196286144,NFL Showdown $5 20-Player (ATL @ NO),154099,Showdown Captain Mode,5.0,0,20,1,90.0,2026-10-06 00:15:00+00:00,Mon 8:15PM
196286079,NFL Showdown $5 10-Player (ATL @ NO),154099,Showdown Captain Mode,5.0,0,10,1,45.0,2026-10-06 00:15:00+00:00,Mon 8:15PM
196286080,NFL Showdown $5 10-Player (ATL @ NO),154099,Showdown Captain Mode,5.0,0,10,1,45.0,2026-10-06 00:15:00+00:00,Mon 8:15PM
196419678,NFL Showdown $5 10-Player (ATL @ NO),154099,Showdown Captain Mode,5.0,0,10,1,45.0,2026-10-06 00:15:00+00:00,Mon 8:15PM
196286086,NFL Showdown $5 5-Player (ATL @ NO),154099,Showdown Captain Mode,5.0,0,5,1,22.5,2026-10-06 00:15:00+00:00,Mon 8:15PM
196428615,NFL Showdown $5 5-Player (ATL @ NO),154099,Showdown Captain Mode,5.0,0,5,1,22.5,2026-10-06 00:15:00+00:00,Mon 8:15PM
196428616,NFL Showdown $5 5-Player (ATL @ NO),154099,Showdown Captain Mode,5.0,0,5,1,22.5,2026-10-06 00:15:00+00:00,Mon 8:15PM
196428626,NFL Showdown $5 3-Player (ATL @ NO),154099,Showdown Captain Mode,5.0,0,3,1,13.5,2026-10-06 00:15:00+00:00,Mon 8:15PM
196428627,NFL Showdown $5 3-Player (ATL @ NO),154099,Showdown Captain Mode,5.0,0,3,1,13.5,2026-10-06 00:15:00+00:00,Mon 8:15PM
196428628,NFL Showdown $5 3-Player (ATL @ NO),154099,Showdown Captain Mode,5.0,0,3,1,13.5,2026-10-06 00:15:00+00:00,Mon 8:15PM
196403679,NFL Showdown $5 3-Player (ATL @ NO),154099,Showdown Captain Mode,5.0,0,3,1,13.5,2026-10-06 00:15:00+00:00,Mon 8:15PM
196428620,NFL Showdown $5 3-Player (ATL @ NO),154099,Showdown Captain Mode,5.0,0,3,1,13.5,2026-10-06 00:15:00+00:00,Mon 8:15PM
196428621,NFL Showdown $5 3-Player (ATL @ NO),154099,Showdown Captain Mode,5.0,0,3,1,13.5,2026-10-06 00:15:00+00:00,Mon 8:15PM
196430436,NFL Showdown $3 Double Up (ATL @ NO),154099,Showdown Captain Mode,3.0,0,11,1,30.0,2026-10-06 00:15:00+00:00,Mon 8:15PM
196430437,NFL Showdown $3 Double Up (ATL @ NO),154099,Showdown Captain Mode,3.0,0,11,1,30.0,2026-10-06 00:15:00+00:00,Mon 8:15PM
196425525,NFL Showdown $2 50-50 (ATL @ NO),154099,Showdown Captain Mode,2.0,0,100,1,180.0,2026-10-06 00:15:00+00:00,Mon 8:15PM
196425528,NFL Showdown $2 50-50 (ATL @ NO),154099,Showdown Captain Mode,2.0,0,50,1,90.0,2026-10-06 00:15:00+00:00,Mon 8:15PM
196425526,NFL Showdown $2 50-50 (ATL @ NO),154099,Showdown Captain Mode,2.0,0,20,1,36.0,2026-10-06 00:15:00+00:00,Mon 8:15PM
196425512,NFL Showdown $2 50-50 (ATL @ NO),154099,Showdown Captain Mode,2.0,0,20,1,36.0,2026-10-06 00:15:00+00:00,Mon 8:15PM
196425513,NFL Showdown $2 50-50 (ATL @ NO),154099,Showdown Captain Mode,2.0,0,20,1,36.0,2026-10-06 00:15:00+00:00,Mon 8:15PM
196425514,NFL Showdown $2 50-50 (ATL @ NO),154099,Showdown Captain Mode,2.0,0,20,1,36.0,2026-10-06 00:15:00+00:00,Mon 8:15PM
196425521,NFL Showdown $2 50-50 (ATL @ NO),154099,Showdown Captain Mode,2.0,0,10,1,18.0,2026-10-06 00:15:00+00:00,Mon 8:15PM
196425522,NFL Showdown $2 50-50 (ATL @ NO),154099,Showdown Captain Mode,2.0,0,10,1,18.0,2026-10-06 00:15:00+00:00,Mon 8:15PM
196425523,NFL Showdown $2 50-50 (ATL @ NO),154099,Showdown Captain Mode,2.0,0,10,1,18.0,2026-10-06 00:15:00+00:00,Mon 8:15PM
196427179,NFL Showdown $2 100-Player (ATL @ NO),154099,Showdown Captain Mode,2.0,0,100,1,180.0,2026-10-06 00:15:00+00:00,Mon 8:15PM
196397028,NFL Showdown $2 40-Player (ATL @ NO),154099,Showdown Captain Mode,2.0,0,40,1,72.0,2026-10-06 00:15:00+00:00,Mon 8:15PM
196397029,NFL Showdown $2 40-Player (ATL @ NO),154099,Showdown Captain Mode,2.0,0,40,1,72.0,2026-10-06 00:15:00+00:00,Mon 8:15PM
196397023,NFL Showdown $2 20-Player (ATL @ NO),154099,Showdown Captain Mode,2.0,0,20,1,36.0,2026-10-06 00:15:00+00:00,Mon 8:15PM
196397024,NFL Showdown $2 20-Player (ATL @ NO),154099,Showdown Captain Mode,2.0,0,20,1,36.0,2026-10-06 00:15:00+00:00,Mon 8:15PM
196397025,NFL Showdown $2 20-Player (ATL @ NO),154099,Showdown Captain Mode,2.0,0,20,1,36.0,2026-10-06 00:15:00+00:00,Mon 8:15PM
196397001,NFL Showdown $2 10-Player (ATL @ NO),154099,Showdown Captain Mode,2.0,0,10,1,18.0,2026-10-06 00:15:00+00:00,Mon 8:15PM
196397002,NFL Showdown $2 10-Player (ATL @ NO),154099,Showdown Captain Mode,2.0,0,10,1,18.0,2026-10-06 00:15:00+00:00,Mon 8:15PM
196397003,NFL Showdown $2 10-Player (ATL @ NO),154099,Showdown Captain Mode,2.0,0,10,1,18.0,2026-10-06 00:15:00+00:00,Mon 8:15PM
196396998,NFL Showdown $2 5-Player (ATL @ NO),154099,Showdown Captain Mode,2.0,0,5,1,9.0,2026-10-06 00:15:00+00:00,Mon 8:15PM
196396999,NFL Showdown $2 5-Player (ATL @ NO),154099,Showdown Captain Mode,2.0,0,5,1,9.0,2026-10-06 00:15:00+00:00,Mon 8:15PM
196397000,NFL Showdown $2 5-Player (ATL @ NO),154099,Showdown Captain Mode,2.0,0,5,1,9.0,2026-10-06 00:15:00+00:00,Mon 8:15PM
196430774,NFL Showdown $2 3-Player (ATL @ NO),154099,Showdown Captain Mode,2.0,0,3,1,5.4,2026-10-06 00:15:00+00:00,Mon 8:15PM
196430775,NFL Showdown $2 3-Player (ATL @ NO),154099,Showdown Captain Mode,2.0,0,3,1,5.4,2026-10-06 00:15:00+00:00,Mon 8:15PM
196430776,NFL Showdown $2 3-Player (ATL @ NO),154099,Showdown Captain Mode,2.0,0,3,1,5.4,2026-10-06 00:15:00+00:00,Mon 8:15PM
196425524,NFL Showdown $1 50-50 (ATL @ NO),154099,Showdown Captain Mode,1.0,0,100,1,90.0,2026-10-06 00:15:00+00:00,Mon 8:15PM
196425527,NFL Showdown $1 50-50 (ATL @ NO),154099,Showdown Captain Mode,1.0,0,50,1,45.0,2026-10-06 00:15:00+00:00,Mon 8:15PM
196425515,NFL Showdown $1 50-50 (ATL @ NO),154099,Showdown Captain Mode,1.0,0,20,1,18.0,2026-10-06 00:15:00+00:00,Mon 8:15PM
196425516,NFL Showdown $1 50-50 (ATL @ NO),154099,Showdown Captain Mode,1.0,0,20,1,18.0,2026-10-06 00:15:00+00:00,Mon 8:15PM
196425517,NFL Showdown $1 50-50 (ATL @ NO),154099,Showdown Captain Mode,1.0,0,20,1,18.0,2026-10-06 00:15:00+00:00,Mon 8:15PM
196425518,NFL Showdown $1 50-50 (ATL @ NO),154099,Showdown Captain Mode,1.0,0,10,1,9.0,2026-10-06 00:15:00+00:00,Mon 8:15PM
196425519,NFL Showdown $1 50-50 (ATL @ NO),154099,Showdown Captain Mode,1.0,0,10,1,9.0,2026-10-06 00:15:00+00:00,Mon 8:15PM
196425520,NFL Showdown $1 50-50 (ATL @ NO),154099,Showdown Captain Mode,1.0,0,10,1,9.0,2026-10-06 00:15:00+00:00,Mon 8:15PM
196425529,NFL Showdown $1 Double Up (ATL @ NO),154099,Showdown Captain Mode,1.0,0,11,1,10.0,2026-10-06 00:15:00+00:00,Mon 8:15PM
196425530,NFL Showdown $1 Double Up (ATL @ NO),154099,Showdown Captain Mode,1.0,0,11,1,10.0,2026-10-06 00:15:00+00:00,Mon 8:15PM
196412641,NFL Showdown $1 100-Player (ATL @ NO),154099,Showdown Captain Mode,1.0,0,100,1,90.0,2026-10-06 00:15:00+00:00,Mon 8:15PM
196412638,NFL Showdown $1 40-Player (ATL @ NO),154099,Showdown Captain Mode,1.0,0,40,1,36.0,2026-10-06 00:15:00+00:00,Mon 8:15PM
196412639,NFL Showdown $1 40-Player (ATL @ NO),154099,Showdown Captain Mode,1.0,0,40,1,36.0,2026-10-06 00:15:00+00:00,Mon 8:15PM
196412635,NFL Showdown $1 20-Player (ATL @ NO),154099,Showdown Captain Mode,1.0,0,20,1,18.0,2026-10-06 00:15:00+00:00,Mon 8:15PM
196412636,NFL Showdown $1 20-Player (ATL @ NO),154099,Showdown Captain Mode,1.0,0,20,1,18.0,2026-10-06 00:15:00+00:00,Mon 8:15PM
196412637,NFL Showdown $1 20-Player (ATL @ NO),154099,Showdown Captain Mode,1.0,0,20,1,18.0,2026-10-06 00:15:00+00:00,Mon 8:15PM
196412632,NFL Showdown $1 10-Player (ATL @ NO),154099,Showdown Captain Mode,1.0,0,10,1,9.0,2026-10-06 00:15:00+00:00,Mon 8:15PM
196412633,NFL Showdown $1 10-Player (ATL @ NO),154099,Showdown Captain Mode,1.0,0,10,1,9.0,2026-10-06 00:15:00+00:00,Mon 8:15PM
196412634,NFL Showdown $1 10-Player (ATL @ NO),154099,Showdown Captain Mode,1.0,0,10,1,9.0,2026-10-06 00:15:00+00:00,Mon 8:15PM
196415016,NFL Showdown $1 5-Player (ATL @ NO),154099,Showdown Captain Mode,1.0,0,5,1,4.5,2026-10-06 00:15:00+00:00,Mon 8:15PM
196415018,NFL Showdown $1 5-Player (ATL @ NO),154099,Showdown Captain Mode,1.0,0,5,1,4.5,2026-10-06 00:15:00+00:00,Mon 8:15PM
196428816,NFL Showdown $1 5-Player (ATL @ NO),154099,Showdown Captain Mode,1.0,0,5,1,4.5,2026-10-06 00:15:00+00:00,Mon 8:15PM
196430771,NFL Showdown $1 3-Player (ATL @ NO),154099,Showdown Captain Mode,1.0,0,3,1,2.7,2026-10-06 00:15:00+00:00,Mon 8:15PM
196430772,NFL Showdown $1 3-Player (ATL @ NO),154099,Showdown Captain Mode,1.0,0,3,1,2.7,2026-10-06 00:15:00+00:00,Mon 8:15PM
196430773,NFL Showdown $1 3-Player (ATL @ NO),154099,Showdown Captain Mode,1.0,0,3,1,2.7,2026-10-06 00:15:00+00:00,Mon 8:15PM
196407688,NFL Satellite to $20 NFL Fantasy Football Millionaire [Must Fill] (Mon-Thu),154120,Classic,7.4,2,3,1,20.0,2026-10-06 00:15:00+00:00,Mon 8:15PM
196407596,Beginner NFL $3 50-50 (Mon-Thu),154120,Classic,3.0,1,4,1,10.8,2026-10-06 00:15:00+00:00,Mon 8:15PM
196407603,"NFL $10,600 3-Player (Mon-Thu)",154120,Classic,10600.0,1,3,1,30000.0,2026-10-06 00:15:00+00:00,Mon 8:15PM
196407605,"NFL $5,300 3-Player (Mon-Thu)",154120,Classic,5300.0,1,3,1,15000.0,2026-10-06 00:15:00+00:00,Mon 8:15PM
196407611,"NFL $1,060 3-Player (Mon-Thu)",154120,Classic,1060.0,2,3,1,3000.0,2026-10-06 00:15:00+00:00,Mon 8:15PM
196407612,"NFL $1,060 3-Player (Mon-Thu)",154120,Classic,1060.0,1,3,1,3000.0,2026-10-06 00:15:00+00:00,Mon 8:15PM
196407616,NFL $530 3-Player (Mon-Thu),154120,Classic,530.0,1,3,1,1500.0,2026-10-06 00:15:00+00:00,Mon 8:15PM
196412006,NFL $530 3-Player (Mon-Thu),154120,Classic,530.0,1,3,1,1500.0,2026-10-06 00:15:00+00:00,Mon 8:15PM
196412007,NFL $530 3-Player (Mon-Thu),154120,Classic,530.0,1,3,1,1500.0,2026-10-06 00:15:00+00:00,Mon 8:15PM
196407621,NFL $270 3-Player (Mon-Thu),154120,Classic,270.0,1,3,1,750.0,2026-10-06 00:15:00+00:00,Mon 8:15PM
196407622,NFL $270 3-Player (Mon-Thu),154120,Classic,270.0,1,3,1,750.0,2026-10-06 00:15:00+00:00,Mon 8:15PM
196412008,NFL $270 3-Player (Mon-Thu),154120,Classic,270.0,1,3,1,750.0,2026-10-06 00:15:00+00:00,Mon 8:15PM
196412009,NFL $270 3-Player (Mon-Thu),154120,Classic,270.0,1,3,1,750.0,2026-10-06 00:15:00+00:00,Mon 8:15PM
196407628,NFL $109 3-Player (Mon-Thu),154120,Classic,109.0,2,3,1,300.0,2026-10-06 00:15:00+00:00,Mon 8:15PM
196407629,NFL $109 3-Player (Mon-Thu),154120,Classic,109.0,1,3,1,300.0,2026-10-06 00:15:00+00:00,Mon 8:15PM
196407630,NFL $109 3-Player (Mon-Thu),154120,Classic,109.0,1,3,1,300.0,2026-10-06 00:15:00+00:00,Mon 8:15PM
196412010,NFL $109 3-Player (Mon-Thu),154120,Classic,109.0,1,3,1,300.0,2026-10-06 00:15:00+00:00,Mon 8:15PM
196412011,NFL $109 3-Player (Mon-Thu),154120,Classic,109.0,1,3,1,300.0,2026-10-06 00:15:00+00:00,Mon 8:15PM
196412012,NFL $109 3-Player (Mon-Thu),154120,Classic,109.0,1,3,1,300.0,2026-10-06 00:15:00+00:00,Mon 8:15PM
196407643,NFL $50 3-Player (Mon-Thu),154120,Classic,50.0,1,3,1,135.0,2026-10-06 00:15:00+00:00,Mon 8:15PM
196412013,NFL $50 3-Player (Mon-Thu),154120,Classic,50.0,1,3,1,135.0,2026-10-06 00:15:00+00:00,Mon 8:15PM
196407666,NFL $25 Double Up (Mon-Thu),154120,Classic,25.0,3,22,1,500.0,2026-10-06 00:15:00+00:00,Mon 8:15PM
196407665,NFL $25 Double Up (Mon-Thu),154120,Classic,25.0,2,11,1,250.0,2026-10-06 00:15:00+00:00,Mon 8:15PM
196430493,NFL $20 4-Player (Winner Takes All) (Mon-Thu) x2,154120,Classic,20.0,1,4,1,72.0,2026-10-06 00:15:00+00:00,Mon 8:15PM
196407657,NFL $20 3-Player (Mon-Thu),154120,Classic,20.0,1,3,1,54.0,2026-10-06 00:15:00+00:00,Mon 8:15PM
196410782,NFL $20 3-Player (Mon-Thu),154120,Classic,20.0,2,3,1,54.0,2026-10-06 00:15:00+00:00,Mon 8:15PM
196412014,NFL $20 3-Player (Mon-Thu),154120,Classic,20.0,1,3,1,54.0,2026-10-06 00:15:00+00:00,Mon 8:15PM
196412015,NFL $20 3-Player (Mon-Thu),154120,Classic,20.0,1,3,1,54.0,2026-10-06 00:15:00+00:00,Mon 8:15PM
196407663,NFL $10 Double Up (Mon-Thu),154120,Classic,10.0,1,11,1,100.0,2026-10-06 00:15:00+00:00,Mon 8:15PM
196412016,NFL $10 3-Player (Mon-Thu),154120,Classic,10.0,1,3,1,27.0,2026-10-06 00:15:00+00:00,Mon 8:15PM
196412017,NFL $10 3-Player (Mon-Thu),154120,Classic,10.0,1,3,1,27.0,2026-10-06 00:15:00+00:00,Mon 8:15PM
196407620,NFL $5 20-Player (Mon-Thu),154120,Classic,5.0,1,20,1,90.0,2026-10-06 00:15:00+00:00,Mon 8:15PM
196407679,NFL $5 3-Player (Mon-Thu),154120,Classic,5.0,2,3,1,13.5,2026-10-06 00:15:00+00:00,Mon 8:15PM
196407680,NFL $5 3-Player (Mon-Thu),154120,Classic,5.0,2,3,1,13.5,2026-10-06 00:15:00+00:00,Mon 8:15PM
196412018,NFL $5 3-Player (Mon-Thu),154120,Classic,5.0,1,3,1,13.5,2026-10-06 00:15:00+00:00,Mon 8:15PM
196412019,NFL $5 3-Player (Mon-Thu),154120,Classic,5.0,1,3,1,13.5,2026-10-06 00:15:00+00:00,Mon 8:15PM
196407671,NFL $3 Double Up (Mon-Thu),154120,Classic,3.0,4,11,1,30.0,2026-10-06 00:15:00+00:00,Mon 8:15PM
196407672,NFL $3 Double Up (Mon-Thu),154120,Classic,3.0,3,11,1,30.0,2026-10-06 00:15:00+00:00,Mon 8:15PM
196413747,NFL $3 Double Up (Mon-Thu),154120,Classic,3.0,2,11,1,30.0,2026-10-06 00:15:00+00:00,Mon 8:15PM
196417126,NFL $3 Double Up (Mon-Thu),154120,Classic,3.0,1,11,1,30.0,2026-10-06 00:15:00+00:00,Mon 8:15PM
196417127,NFL $3 Double Up (Mon-Thu),154120,Classic,3.0,1,11,1,30.0,2026-10-06 00:15:00+00:00,Mon 8:15PM
196427353,NFL $3 Double Up (Mon-Thu),154120,Classic,3.0,1,11,1,30.0,2026-10-06 00:15:00+00:00,Mon 8:15PM
196427354,NFL $3 Double Up (Mon-Thu),154120,Classic,3.0,1,11,1,30.0,2026-10-06 00:15:00+00:00,Mon 8:15PM
196407626,NFL $2 50-50 (Mon-Thu),154120,Classic,2.0,3,20,1,36.0,2026-10-06 00:15:00+00:00,Mon 8:15PM
196413751,NFL $2 50-50 (Mon-Thu),154120,Classic,2.0,1,20,1,36.0,2026-10-06 00:15:00+00:00,Mon 8:15PM
196417105,NFL $2 50-50 (Mon-Thu),154120,Classic,2.0,2,20,1,36.0,2026-10-06 00:15:00+00:00,Mon 8:15PM
196426378,NFL $2 50-50 (Mon-Thu),154120,Classic,2.0,1,20,1,36.0,2026-10-06 00:15:00+00:00,Mon 8:15PM
196427332,NFL $2 50-50 (Mon-Thu),154120,Classic,2.0,1,20,1,36.0,2026-10-06 00:15:00+00:00,Mon 8:15PM
196407627,NFL $2 50-50 (Mon-Thu),154120,Classic,2.0,1,10,1,18.0,2026-10-06 00:15:00+00:00,Mon 8:15PM
196417106,NFL $2 50-50 (Mon-Thu),154120,Classic,2.0,1,10,1,18.0,2026-10-06 00:15:00+00:00,Mon 8:15PM
196427333,NFL $2 50-50 (Mon-Thu),154120,Classic,2.0,1,10,1,18.0,2026-10-06 00:15:00+00:00,Mon 8:15PM
196407631,NFL $2 20-Player (Mon-Thu),154120,Classic,2.0,3,20,1,36.0,2026-10-06 00:15:00+00:00,Mon 8:15PM
196412846,NFL $2 20-Player (Mon-Thu),154120,Classic,2.0,2,20,1,36.0,2026-10-06 00:15:00+00:00,Mon 8:15PM
196413754,NFL $2 20-Player (Mon-Thu),154120,Classic,2.0,1,20,1,36.0,2026-10-06 00:15:00+00:00,Mon 8:15PM
196417107,NFL $2 20-Player (Mon-Thu),154120,Classic,2.0,1,20,1,36.0,2026-10-06 00:15:00+00:00,Mon 8:15PM
196427334,NFL $2 20-Player (Mon-Thu),154120,Classic,2.0,1,20,1,36.0,2026-10-06 00:15:00+00:00,Mon 8:15PM
196430319,NFL $2 20-Player (Winner Takes All) (Mon-Thu),154120,Classic,2.0,2,20,1,36.0,2026-10-06 00:15:00+00:00,Mon 8:15PM
196430289,NFL $2 18-Player (Winner Takes All) (Mon-Thu),154120,Classic,2.0,2,18,1,32.4,2026-10-06 00:15:00+00:00,Mon 8:15PM
196426941,NFL $2 14-Player (Winner Takes All) (Mon-Thu),154120,Classic,2.0,3,14,1,25.2,2026-10-06 00:15:00+00:00,Mon 8:15PM
196407632,NFL $2 10-Player (Mon-Thu),154120,Classic,2.0,2,10,1,18.0,2026-10-06 00:15:00+00:00,Mon 8:15PM
196407633,NFL $2 10-Player (Mon-Thu),154120,Classic,2.0,1,10,1,18.0,2026-10-06 00:15:00+00:00,Mon 8:15PM
196412844,NFL $2 10-Player (Mon-Thu),154120,Classic,2.0,1,10,1,18.0,2026-10-06 00:15:00+00:00,Mon 8:15PM
196417108,NFL $2 10-Player (Mon-Thu),154120,Classic,2.0,1,10,1,18.0,2026-10-06 00:15:00+00:00,Mon 8:15PM
196417109,NFL $2 10-Player (Mon-Thu),154120,Classic,2.0,1,10,1,18.0,2026-10-06 00:15:00+00:00,Mon 8:15PM
196427335,NFL $2 10-Player (Mon-Thu),154120,Classic,2.0,1,10,1,18.0,2026-10-06 00:15:00+00:00,Mon 8:15PM
196427336,NFL $2 10-Player (Mon-Thu),154120,Classic,2.0,1,10,1,18.0,2026-10-06 00:15:00+00:00,Mon 8:15PM
196407635,NFL $2 5-Player (Mon-Thu),154120,Classic,2.0,3,5,1,9.0,2026-10-06 00:15:00+00:00,Mon 8:15PM
196407636,NFL $2 5-Player (Mon-Thu),154120,Classic,2.0,2,5,1,9.0,2026-10-06 00:15:00+00:00,Mon 8:15PM
196412492,NFL $2 5-Player (Mon-Thu),154120,Classic,2.0,2,5,1,9.0,2026-10-06 00:15:00+00:00,Mon 8:15PM
196417110,NFL $2 5-Player (Mon-Thu),154120,Classic,2.0,2,5,1,9.0,2026-10-06 00:15:00+00:00,Mon 8:15PM
196417111,NFL $2 5-Player (Mon-Thu),154120,Classic,2.0,1,5,1,9.0,2026-10-06 00:15:00+00:00,Mon 8:15PM
196418700,NFL $2 5-Player (Mon-Thu),154120,Classic,2.0,1,5,1,9.0,2026-10-06 00:15:00+00:00,Mon 8:15PM
196427337,NFL $2 5-Player (Mon-Thu),154120,Classic,2.0,1,5,1,9.0,2026-10-06 00:15:00+00:00,Mon 8:15PM
196427338,NFL $2 5-Player (Mon-Thu),154120,Classic,2.0,1,5,1,9.0,2026-10-06 00:15:00+00:00,Mon 8:15PM
196413901,NFL $2 5-Player (Winner Takes All) (Mon-Thu) x4,154120,Classic,2.0,2,5,1,9.0,2026-10-06 00:15:00+00:00,Mon 8:15PM
196407639,NFL $2 3-Player (Mon-Thu),154120,Classic,2.0,2,3,1,5.4,2026-10-06 00:15:00+00:00,Mon 8:15PM
196410873,NFL $2 3-Player (Mon-Thu),154120,Classic,2.0,2,3,1,5.4,2026-10-06 00:15:00+00:00,Mon 8:15PM
196413898,NFL $2 3-Player (Mon-Thu),154120,Classic,2.0,1,3,1,5.4,2026-10-06 00:15:00+00:00,Mon 8:15PM
196413899,NFL $2 3-Player (Mon-Thu),154120,Classic,2.0,1,3,1,5.4,2026-10-06 00:15:00+00:00,Mon 8:15PM
196417113,NFL $2 3-Player (Mon-Thu),154120,Classic,2.0,1,3,1,5.4,2026-10-06 00:15:00+00:00,Mon 8:15PM
196418561,NFL $2 3-Player (Mon-Thu),154120,Classic,2.0,1,3,1,5.4,2026-10-06 00:15:00+00:00,Mon 8:15PM
196427339,NFL $2 3-Player (Mon-Thu),154120,Classic,2.0,2,3,1,5.4,2026-10-06 00:15:00+00:00,Mon 8:15PM
196427340,NFL $2 3-Player (Mon-Thu),154120,Classic,2.0,1,3,1,5.4,2026-10-06 00:15:00+00:00,Mon 8:15PM
196427623,NFL $2 3-Player (Mon-Thu),154120,Classic,2.0,1,3,1,5.4,2026-10-06 00:15:00+00:00,Mon 8:15PM
196407640,NFL $1 50-50 (Mon-Thu),154120,Classic,1.0,3,20,1,18.0,2026-10-06 00:15:00+00:00,Mon 8:15PM
196413752,NFL $1 50-50 (Mon-Thu),154120,Classic,1.0,1,20,1,18.0,2026-10-06 00:15:00+00:00,Mon 8:15PM
196417114,NFL $1 50-50 (Mon-Thu),154120,Classic,1.0,2,20,1,18.0,2026-10-06 00:15:00+00:00,Mon 8:15PM
196422373,NFL $1 50-50 (Mon-Thu),154120,Classic,1.0,1,20,1,18.0,2026-10-06 00:15:00+00:00,Mon 8:15PM
196427341,NFL $1 50-50 (Mon-Thu),154120,Classic,1.0,1,20,1,18.0,2026-10-06 00:15:00+00:00,Mon 8:15PM
196407641,NFL $1 50-50 (Mon-Thu),154120,Classic,1.0,4,10,1,9.0,2026-10-06 00:15:00+00:00,Mon 8:15PM
196407642,NFL $1 50-50 (Mon-Thu),154120,Classic,1.0,1,10,1,9.0,2026-10-06 00:15:00+00:00,Mon 8:15PM
196413061,NFL $1 50-50 (Mon-Thu),154120,Classic,1.0,2,10,1,9.0,2026-10-06 00:15:00+00:00,Mon 8:15PM
196417115,NFL $1 50-50 (Mon-Thu),154120,Classic,1.0,1,10,1,9.0,2026-10-06 00:15:00+00:00,Mon 8:15PM
196417116,NFL $1 50-50 (Mon-Thu),154120,Classic,1.0,1,10,1,9.0,2026-10-06 00:15:00+00:00,Mon 8:15PM
196427342,NFL $1 50-50 (Mon-Thu),154120,Classic,1.0,1,10,1,9.0,2026-10-06 00:15:00+00:00,Mon 8:15PM
196427343,NFL $1 50-50 (Mon-Thu),154120,Classic,1.0,1,10,1,9.0,2026-10-06 00:15:00+00:00,Mon 8:15PM
196407673,NFL $1 Double Up (Mon-Thu),154120,Classic,1.0,1,11,1,10.0,2026-10-06 00:15:00+00:00,Mon 8:15PM
196407674,NFL $1 Double Up (Mon-Thu),154120,Classic,1.0,5,11,1,10.0,2026-10-06 00:15:00+00:00,Mon 8:15PM
196412624,NFL $1 Double Up (Mon-Thu),154120,Classic,1.0,2,11,1,10.0,2026-10-06 00:15:00+00:00,Mon 8:15PM
196417128,NFL $1 Double Up (Mon-Thu),154120,Classic,1.0,1,11,1,10.0,2026-10-06 00:15:00+00:00,Mon 8:15PM
196417129,NFL $1 Double Up (Mon-Thu),154120,Classic,1.0,2,11,1,10.0,2026-10-06 00:15:00+00:00,Mon 8:15PM
196425358,NFL $1 Double Up (Mon-Thu),154120,Classic,1.0,1,11,1,10.0,2026-10-06 00:15:00+00:00,Mon 8:15PM
196427355,NFL $1 Double Up (Mon-Thu),154120,Classic,1.0,1,11,1,10.0,2026-10-06 00:15:00+00:00,Mon 8:15PM
196427356,NFL $1 Double Up (Mon-Thu),154120,Classic,1.0,1,11,1,10.0,2026-10-06 00:15:00+00:00,Mon 8:15PM
196407644,NFL $1 20-Player (Mon-Thu),154120,Classic,1.0,5,20,1,18.0,2026-10-06 00:15:00+00:00,Mon 8:15PM
196413753,NFL $1 20-Player (Mon-Thu),154120,Classic,1.0,1,20,1,18.0,2026-10-06 00:15:00+00:00,Mon 8:15PM
196417117,NFL $1 20-Player (Mon-Thu),154120,Classic,1.0,2,20,1,18.0,2026-10-06 00:15:00+00:00,Mon 8:15PM
196418325,NFL $1 20-Player (Mon-Thu),154120,Classic,1.0,1,20,1,18.0,2026-10-06 00:15:00+00:00,Mon 8:15PM
196427344,NFL $1 20-Player (Mon-Thu),154120,Classic,1.0,1,20,1,18.0,2026-10-06 00:15:00+00:00,Mon 8:15PM
196428490,NFL $1 12-Player (Winner Takes All) (Mon-Thu),154120,Classic,1.0,5,12,1,10.8,2026-10-06 00:15:00+00:00,Mon 8:15PM
196407645,NFL $1 10-Player (Mon-Thu),154120,Classic,1.0,2,10,1,9.0,2026-10-06 00:15:00+00:00,Mon 8:15PM
196407646,NFL $1 10-Player (Mon-Thu),154120,Classic,1.0,2,10,1,9.0,2026-10-06 00:15:00+00:00,Mon 8:15PM
196410875,NFL $1 10-Player (Mon-Thu),154120,Classic,1.0,1,10,1,9.0,2026-10-06 00:15:00+00:00,Mon 8:15PM
196412708,NFL $1 10-Player (Mon-Thu),154120,Classic,1.0,1,10,1,9.0,2026-10-06 00:15:00+00:00,Mon 8:15PM
196417118,NFL $1 10-Player (Mon-Thu),154120,Classic,1.0,1,10,1,9.0,2026-10-06 00:15:00+00:00,Mon 8:15PM
196417119,NFL $1 10-Player (Mon-Thu),154120,Classic,1.0,1,10,1,9.0,2026-10-06 00:15:00+00:00,Mon 8:15PM
196427345,NFL $1 10-Player (Mon-Thu),154120,Classic,1.0,1,10,1,9.0,2026-10-06 00:15:00+00:00,Mon 8:15PM
196427346,NFL $1 10-Player (Mon-Thu),154120,Classic,1.0,1,10,1,9.0,2026-10-06 00:15:00+00:00,Mon 8:15PM
196407647,NFL $1 5-Player (Mon-Thu),154120,Classic,1.0,1,5,1,4.5,2026-10-06 00:15:00+00:00,Mon 8:15PM
196407648,NFL $1 5-Player (Mon-Thu),154120,Classic,1.0,1,5,1,4.5,2026-10-06 00:15:00+00:00,Mon 8:15PM
196413358,NFL $1 5-Player (Mon-Thu),154120,Classic,1.0,3,5,1,4.5,2026-10-06 00:15:00+00:00,Mon 8:15PM
196417120,NFL $1 5-Player (Mon-Thu),154120,Classic,1.0,1,5,1,4.5,2026-10-06 00:15:00+00:00,Mon 8:15PM
196417121,NFL $1 5-Player (Mon-Thu),154120,Classic,1.0,1,5,1,4.5,2026-10-06 00:15:00+00:00,Mon 8:15PM
196417122,NFL $1 5-Player (Mon-Thu),154120,Classic,1.0,1,5,1,4.5,2026-10-06 00:15:00+00:00,Mon 8:15PM
196427349,NFL $1 5-Player (Mon-Thu),154120,Classic,1.0,1,5,1,4.5,2026-10-06 00:15:00+00:00,Mon 8:15PM
196410904,NFL $1 3-Player (Mon-Thu),154120,Classic,1.0,2,3,1,2.7,2026-10-06 00:15:00+00:00,Mon 8:15PM
196413662,NFL $1 3-Player (Mon-Thu),154120,Classic,1.0,1,3,1,2.7,2026-10-06 00:15:00+00:00,Mon 8:15PM
196417123,NFL $1 3-Player (Mon-Thu),154120,Classic,1.0,1,3,1,2.7,2026-10-06 00:15:00+00:00,Mon 8:15PM
196417124,NFL $1 3-Player (Mon-Thu),154120,Classic,1.0,1,3,1,2.7,2026-10-06 00:15:00+00:00,Mon 8:15PM
196417125,NFL $1 3-Player (Mon-Thu),154120,Classic,1.0,1,3,1,2.7,2026-10-06 00:15:00+00:00,Mon 8:15PM
196430230,NFL $3 10-Player (Winner Takes All) (Mon-Thu),154120,Classic,3.0,2,10,1,27.0,2026-10-06 00:15:00+00:00,Mon 8:15PM
196426829,NFL $3 11-Player (Winner Takes All) (Mon-Thu),154120,Classic,3.0,2,11,1,29.7,2026-10-06 00:15:00+00:00,Mon 8:15PM
196426831,NFL $3 12-Player (Winner Takes All) (Mon-Thu),154120,Classic,3.0,2,12,1,32.4,2026-10-06 00:15:00+00:00,Mon 8:15PM
196426825,NFL $3 13-Player (Winner Takes All) (Mon-Thu),154120,Classic,3.0,2,13,1,35.1,2026-10-06 00:15:00+00:00,Mon 8:15PM
196426814,NFL $3 14-Player (Winner Takes All) (Mon-Thu),154120,Classic,3.0,2,14,1,37.8,2026-10-06 00:15:00+00:00,Mon 8:15PM
196426755,NFL $3 15-Player (Winner Takes All) (Mon-Thu),154120,Classic,3.0,5,15,1,40.5,2026-10-06 00:15:00+00:00,Mon 8:15PM
196430266,NFL $3 16-Player (Winner Takes All) (Mon-Thu),154120,Classic,3.0,2,16,1,43.2,2026-10-06 00:15:00+00:00,Mon 8:15PM
196418627,NFL $3 3-Player (Winner Takes All) (Mon-Thu),154120,Classic,3.0,2,3,1,8.1,2026-10-06 00:15:00+00:00,Mon 8:15PM
196427558,NFL $3 5-Player (Winner Takes All) (Mon-Thu) x2,154120,Classic,3.0,2,5,1,13.5,2026-10-06 00:15:00+00:00,Mon 8:15PM
196426893,NFL $3 9-Player (Winner Takes All) (Mon-Thu) x2,154120,Classic,3.0,4,9,1,24.3,2026-10-06 00:15:00+00:00,Mon 8:15PM
196407592,Beginner NFL $50 50-50 (Mon-Thu),154120,Classic,50.0,0,4,1,180.0,2026-10-06 00:15:00+00:00,Mon 8:15PM
196407597,Beginner NFL $50 3-Player (Mon-Thu),154120,Classic,50.0,0,3,1,135.0,2026-10-06 00:15:00+00:00,Mon 8:15PM
196407593,Beginner NFL $20 50-50 (Mon-Thu),154120,Classic,20.0,0,4,1,72.0,2026-10-06 00:15:00+00:00,Mon 8:15PM
196407598,Beginner NFL $20 3-Player (Mon-Thu),154120,Classic,20.0,0,3,1,54.0,2026-10-06 00:15:00+00:00,Mon 8:15PM
196407594,Beginner NFL $10 50-50 (Mon-Thu),154120,Classic,10.0,0,4,1,36.0,2026-10-06 00:15:00+00:00,Mon 8:15PM
196407599,Beginner NFL $10 3-Player (Mon-Thu),154120,Classic,10.0,0,3,1,27.0,2026-10-06 00:15:00+00:00,Mon 8:15PM
196407595,Beginner NFL $5 50-50 (Mon-Thu),154120,Classic,5.0,0,4,1,18.0,2026-10-06 00:15:00+00:00,Mon 8:15PM
196407600,Beginner NFL $5 3-Player (Mon-Thu),154120,Classic,5.0,0,3,1,13.5,2026-10-06 00:15:00+00:00,Mon 8:15PM
196413304,Beginner NFL $3 50-50 (Mon-Thu),154120,Classic,3.0,0,4,1,10.8,2026-10-06 00:15:00+00:00,Mon 8:15PM
196407601,Beginner NFL $2 3-Player (Mon-Thu),154120,Classic,2.0,0,3,1,5.4,2026-10-06 00:15:00+00:00,Mon 8:15PM
196407681,Beginner NFL $1 50-50 (Mon-Thu),154120,Classic,1.0,0,4,1,3.6,2026-10-06 00:15:00+00:00,Mon 8:15PM
196407602,Beginner NFL $1 3-Player (Mon-Thu),154120,Classic,1.0,0,3,1,2.7,2026-10-06 00:15:00+00:00,Mon 8:15PM
196407604,"NFL $10,600 3-Player (Mon-Thu)",154120,Classic,10600.0,0,3,1,30000.0,2026-10-06 00:15:00+00:00,Mon 8:15PM
196412002,"NFL $10,600 3-Player (Mon-Thu)",154120,Classic,10600.0,0,3,1,30000.0,2026-10-06 00:15:00+00:00,Mon 8:15PM
196407607,"NFL $5,300 50-50 (Mon-Thu)",154120,Classic,5300.0,0,4,1,20000.0,2026-10-06 00:15:00+00:00,Mon 8:15PM
196407608,"NFL $5,300 50-50 (Mon-Thu)",154120,Classic,5300.0,0,4,1,20000.0,2026-10-06 00:15:00+00:00,Mon 8:15PM
196407606,"NFL $5,300 3-Player (Mon-Thu)",154120,Classic,5300.0,0,3,1,15000.0,2026-10-06 00:15:00+00:00,Mon 8:15PM
196412003,"NFL $5,300 3-Player (Mon-Thu)",154120,Classic,5300.0,0,3,1,15000.0,2026-10-06 00:15:00+00:00,Mon 8:15PM
196407609,"NFL $1,060 50-50 (Mon-Thu)",154120,Classic,1060.0,0,4,1,4000.0,2026-10-06 00:15:00+00:00,Mon 8:15PM
196407610,"NFL $1,060 50-50 (Mon-Thu)",154120,Classic,1060.0,0,4,1,4000.0,2026-10-06 00:15:00+00:00,Mon 8:15PM
196412004,"NFL $1,060 3-Player (Mon-Thu)",154120,Classic,1060.0,0,3,1,3000.0,2026-10-06 00:15:00+00:00,Mon 8:15PM
196412005,"NFL $1,060 3-Player (Mon-Thu)",154120,Classic,1060.0,0,3,1,3000.0,2026-10-06 00:15:00+00:00,Mon 8:15PM
196407613,NFL $530 50-50 (Mon-Thu),154120,Classic,530.0,0,4,1,2000.0,2026-10-06 00:15:00+00:00,Mon 8:15PM
196407614,NFL $530 50-50 (Mon-Thu),154120,Classic,530.0,0,4,1,2000.0,2026-10-06 00:15:00+00:00,Mon 8:15PM
196420444,NFL $530 3-Player (Mon-Thu),154120,Classic,530.0,0,3,1,1500.0,2026-10-06 00:15:00+00:00,Mon 8:15PM
196420445,NFL $530 3-Player (Mon-Thu),154120,Classic,530.0,0,3,1,1500.0,2026-10-06 00:15:00+00:00,Mon 8:15PM
196407675,NFL $270 50-50 (Mon-Thu),154120,Classic,270.0,0,4,1,1000.0,2026-10-06 00:15:00+00:00,Mon 8:15PM
196407676,NFL $270 50-50 (Mon-Thu),154120,Classic,270.0,0,4,1,1000.0,2026-10-06 00:15:00+00:00,Mon 8:15PM
196420446,NFL $270 3-Player (Mon-Thu),154120,Classic,270.0,0,3,1,750.0,2026-10-06 00:15:00+00:00,Mon 8:15PM
196420447,NFL $270 3-Player (Mon-Thu),154120,Classic,270.0,0,3,1,750.0,2026-10-06 00:15:00+00:00,Mon 8:15PM
196407624,NFL $109 50-50 (Mon-Thu),154120,Classic,109.0,0,4,1,400.0,2026-10-06 00:15:00+00:00,Mon 8:15PM
196407625,NFL $109 50-50 (Mon-Thu),154120,Classic,109.0,0,4,1,400.0,2026-10-06 00:15:00+00:00,Mon 8:15PM
196420448,NFL $109 3-Player (Mon-Thu),154120,Classic,109.0,0,3,1,300.0,2026-10-06 00:15:00+00:00,Mon 8:15PM
196420449,NFL $109 3-Player (Mon-Thu),154120,Classic,109.0,0,3,1,300.0,2026-10-06 00:15:00+00:00,Mon 8:15PM
196420450,NFL $109 3-Player (Mon-Thu),154120,Classic,109.0,0,3,1,300.0,2026-10-06 00:15:00+00:00,Mon 8:15PM
196407637,NFL $50 50-50 (Mon-Thu),154120,Classic,50.0,0,8,1,360.0,2026-10-06 00:15:00+00:00,Mon 8:15PM
196407634,NFL $50 50-50 (Mon-Thu),154120,Classic,50.0,0,4,1,180.0,2026-10-06 00:15:00+00:00,Mon 8:15PM
196407668,NFL $50 Double Up (Mon-Thu),154120,Classic,50.0,0,22,1,1000.0,2026-10-06 00:15:00+00:00,Mon 8:15PM
196407667,NFL $50 Double Up (Mon-Thu),154120,Classic,50.0,0,11,1,500.0,2026-10-06 00:15:00+00:00,Mon 8:15PM
196420451,NFL $50 3-Player (Mon-Thu),154120,Classic,50.0,0,3,1,135.0,2026-10-06 00:15:00+00:00,Mon 8:15PM
196411891,NFL $25 Double Up (Mon-Thu),154120,Classic,25.0,0,22,1,500.0,2026-10-06 00:15:00+00:00,Mon 8:15PM
196411890,NFL $25 Double Up (Mon-Thu),154120,Classic,25.0,0,11,1,250.0,2026-10-06 00:15:00+00:00,Mon 8:15PM
196407654,NFL $20 50-50 (Mon-Thu),154120,Classic,20.0,0,10,1,180.0,2026-10-06 00:15:00+00:00,Mon 8:15PM
196407650,NFL $20 50-50 (Mon-Thu),154120,Classic,20.0,0,4,1,72.0,2026-10-06 00:15:00+00:00,Mon 8:15PM
196407655,NFL $20 5-Player (Mon-Thu),154120,Classic,20.0,0,5,1,90.0,2026-10-06 00:15:00+00:00,Mon 8:15PM
196420452,NFL $20 3-Player (Mon-Thu),154120,Classic,20.0,0,3,1,54.0,2026-10-06 00:15:00+00:00,Mon 8:15PM
196420453,NFL $20 3-Player (Mon-Thu),154120,Classic,20.0,0,3,1,54.0,2026-10-06 00:15:00+00:00,Mon 8:15PM
196407659,NFL $10 50-50 (Mon-Thu),154120,Classic,10.0,0,10,1,90.0,2026-10-06 00:15:00+00:00,Mon 8:15PM
196407658,NFL $10 50-50 (Mon-Thu),154120,Classic,10.0,0,4,1,36.0,2026-10-06 00:15:00+00:00,Mon 8:15PM
196407664,NFL $10 Double Up (Mon-Thu),154120,Classic,10.0,0,11,1,100.0,2026-10-06 00:15:00+00:00,Mon 8:15PM
196426471,NFL $10 Double Up (Mon-Thu),154120,Classic,10.0,0,11,1,100.0,2026-10-06 00:15:00+00:00,Mon 8:15PM
196407660,NFL $10 5-Player (Mon-Thu),154120,Classic,10.0,0,5,1,45.0,2026-10-06 00:15:00+00:00,Mon 8:15PM
196420454,NFL $10 3-Player (Mon-Thu),154120,Classic,10.0,0,3,1,27.0,2026-10-06 00:15:00+00:00,Mon 8:15PM
196420455,NFL $10 3-Player (Mon-Thu),154120,Classic,10.0,0,3,1,27.0,2026-10-06 00:15:00+00:00,Mon 8:15PM
196407617,NFL $5 50-50 (Mon-Thu),154120,Classic,5.0,0,10,1,45.0,2026-10-06 00:15:00+00:00,Mon 8:15PM
196407618,NFL $5 50-50 (Mon-Thu),154120,Classic,5.0,0,4,1,18.0,2026-10-06 00:15:00+00:00,Mon 8:15PM
196407619,NFL $5 50-50 (Mon-Thu),154120,Classic,5.0,0,4,1,18.0,2026-10-06 00:15:00+00:00,Mon 8:15PM
196407669,NFL $5 Double Up (Mon-Thu),154120,Classic,5.0,0,11,1,50.0,2026-10-06 00:15:00+00:00,Mon 8:15PM
196407670,NFL $5 Double Up (Mon-Thu),154120,Classic,5.0,0,11,1,50.0,2026-10-06 00:15:00+00:00,Mon 8:15PM
196413792,NFL $5 20-Player (Mon-Thu),154120,Classic,5.0,0,20,1,90.0,2026-10-06 00:15:00+00:00,Mon 8:15PM
196407623,NFL $5 10-Player (Mon-Thu),154120,Classic,5.0,0,10,1,45.0,2026-10-06 00:15:00+00:00,Mon 8:15PM
196407677,NFL $5 5-Player (Mon-Thu),154120,Classic,5.0,0,5,1,22.5,2026-10-06 00:15:00+00:00,Mon 8:15PM
196407678,NFL $5 5-Player (Mon-Thu),154120,Classic,5.0,0,5,1,22.5,2026-10-06 00:15:00+00:00,Mon 8:15PM
196420456,NFL $5 3-Player (Mon-Thu),154120,Classic,5.0,0,3,1,13.5,2026-10-06 00:15:00+00:00,Mon 8:15PM
196420457,NFL $5 3-Player (Mon-Thu),154120,Classic,5.0,0,3,1,13.5,2026-10-06 00:15:00+00:00,Mon 8:15PM
196430478,NFL $3 Double Up (Mon-Thu),154120,Classic,3.0,0,11,1,30.0,2026-10-06 00:15:00+00:00,Mon 8:15PM
196430479,NFL $3 Double Up (Mon-Thu),154120,Classic,3.0,0,11,1,30.0,2026-10-06 00:15:00+00:00,Mon 8:15PM
196430462,NFL $2 50-50 (Mon-Thu),154120,Classic,2.0,0,20,1,36.0,2026-10-06 00:15:00+00:00,Mon 8:15PM
196430463,NFL $2 50-50 (Mon-Thu),154120,Classic,2.0,0,10,1,18.0,2026-10-06 00:15:00+00:00,Mon 8:15PM
196430464,NFL $2 20-Player (Mon-Thu),154120,Classic,2.0,0,20,1,36.0,2026-10-06 00:15:00+00:00,Mon 8:15PM
196430465,NFL $2 10-Player (Mon-Thu),154120,Classic,2.0,0,10,1,18.0,2026-10-06 00:15:00+00:00,Mon 8:15PM
196430466,NFL $2 10-Player (Mon-Thu),154120,Classic,2.0,0,10,1,18.0,2026-10-06 00:15:00+00:00,Mon 8:15PM
196430467,NFL $2 5-Player (Mon-Thu),154120,Classic,2.0,0,5,1,9.0,2026-10-06 00:15:00+00:00,Mon 8:15PM
196430468,NFL $2 5-Player (Mon-Thu),154120,Classic,2.0,0,5,1,9.0,2026-10-06 00:15:00+00:00,Mon 8:15PM
196430469,NFL $2 3-Player (Mon-Thu),154120,Classic,2.0,0,3,1,5.4,2026-10-06 00:15:00+00:00,Mon 8:15PM
196430470,NFL $2 3-Player (Mon-Thu),154120,Classic,2.0,0,3,1,5.4,2026-10-06 00:15:00+00:00,Mon 8:15PM
196430471,NFL $1 50-50 (Mon-Thu),154120,Classic,1.0,0,20,1,18.0,2026-10-06 00:15:00+00:00,Mon 8:15PM
196430472,NFL $1 50-50 (Mon-Thu),154120,Classic,1.0,0,10,1,9.0,2026-10-06 00:15:00+00:00,Mon 8:15PM
196430473,NFL $1 50-50 (Mon-Thu),154120,Classic,1.0,0,10,1,9.0,2026-10-06 00:15:00+00:00,Mon 8:15PM
196430480,NFL $1 Double Up (Mon-Thu),154120,Classic,1.0,0,11,1,10.0,2026-10-06 00:15:00+00:00,Mon 8:15PM
196430481,NFL $1 Double Up (Mon-Thu),154120,Classic,1.0,0,11,1,10.0,2026-10-06 00:15:00+00:00,Mon 8:15PM
196430474,NFL $1 20-Player (Mon-Thu),154120,Classic,1.0,0,20,1,18.0,2026-10-06 00:15:00+00:00,Mon 8:15PM
196430475,NFL $1 10-Player (Mon-Thu),154120,Classic,1.0,0,10,1,9.0,2026-10-06 00:15:00+00:00,Mon 8:15PM
196430476,NFL $1 10-Player (Mon-Thu),154120,Classic,1.0,0,10,1,9.0,2026-10-06 00:15:00+00:00,Mon 8:15PM
196427347,NFL $1 5-Player (Mon-Thu),154120,Classic,1.0,0,5,1,4.5,2026-10-06 00:15:00+00:00,Mon 8:15PM
196427348,NFL $1 5-Player (Mon-Thu),154120,Classic,1.0,0,5,1,4.5,2026-10-06 00:15:00+00:00,Mon 8:15PM
196430477,NFL $1 5-Player (Mon-Thu),154120,Classic,1.0,0,5,1,4.5,2026-10-06 00:15:00+00:00,Mon 8:15PM
196427350,NFL $1 3-Player (Mon-Thu),154120,Classic,1.0,0,3,1,2.7,2026-10-06 00:15:00+00:00,Mon 8:15PM
196427351,NFL $1 3-Player (Mon-Thu),154120,Classic,1.0,0,3,1,2.7,2026-10-06 00:15:00+00:00,Mon 8:15PM
196427352,NFL $1 3-Player (Mon-Thu),154120,Classic,1.0,0,3,1,2.7,2026-10-06 00:15:00+00:00,Mon 8:15PM
196285848,NFL Single Stat Satellite to $20 NFL Fantasy Football Millionaire [Must Fill] (ATL @ NO Total Yards),154117,Single Stat - Total Yards,7.4,1,3,1,20.0,2026-10-06 00:15:00+00:00,Mon 8:15PM
196285841,Beginner NFL Single Stat $1 50-50 (ATL @ NO Total Yards),154117,Single Stat - Total Yards,1.0,2,4,1,3.6,2026-10-06 00:15:00+00:00,Mon 8:15PM
196285824,NFL Single Stat $10 Double Up (ATL @ NO Total Yards),154117,Single Stat - Total Yards,10.0,1,11,1,100.0,2026-10-06 00:15:00+00:00,Mon 8:15PM
196285820,NFL Single Stat $10 5-Player (ATL @ NO Total Yards),154117,Single Stat - Total Yards,10.0,1,5,1,45.0,2026-10-06 00:15:00+00:00,Mon 8:15PM
196285829,NFL Single Stat $5 Double Up (ATL @ NO Total Yards),154117,Single Stat - Total Yards,5.0,1,11,1,50.0,2026-10-06 00:15:00+00:00,Mon 8:15PM
196285786,NFL Single Stat $2 50-50 (ATL @ NO Total Yards),154117,Single Stat - Total Yards,2.0,3,20,1,36.0,2026-10-06 00:15:00+00:00,Mon 8:15PM
196285787,NFL Single Stat $2 50-50 (ATL @ NO Total Yards),154117,Single Stat - Total Yards,2.0,1,10,1,18.0,2026-10-06 00:15:00+00:00,Mon 8:15PM
196411919,NFL Single Stat $2 3-Player (ATL @ NO Total Yards),154117,Single Stat - Total Yards,2.0,1,3,1,5.4,2026-10-06 00:15:00+00:00,Mon 8:15PM
196285800,NFL Single Stat $1 50-50 (ATL @ NO Total Yards),154117,Single Stat - Total Yards,1.0,13,20,1,18.0,2026-10-06 00:15:00+00:00,Mon 8:15PM
196331066,NFL Single Stat $1 50-50 (ATL @ NO Total Yards),154117,Single Stat - Total Yards,1.0,2,20,1,18.0,2026-10-06 00:15:00+00:00,Mon 8:15PM
196413381,NFL Single Stat $1 50-50 (ATL @ NO Total Yards),154117,Single Stat - Total Yards,1.0,2,20,1,18.0,2026-10-06 00:15:00+00:00,Mon 8:15PM
196285802,NFL Single Stat $1 50-50 (ATL @ NO Total Yards),154117,Single Stat - Total Yards,1.0,1,10,1,9.0,2026-10-06 00:15:00+00:00,Mon 8:15PM
196285833,NFL Single Stat $1 Double Up (ATL @ NO Total Yards),154117,Single Stat - Total Yards,1.0,1,11,1,10.0,2026-10-06 00:15:00+00:00,Mon 8:15PM
196285804,NFL Single Stat $1 20-Player (ATL @ NO Total Yards),154117,Single Stat - Total Yards,1.0,1,20,1,18.0,2026-10-06 00:15:00+00:00,Mon 8:15PM
196412734,NFL Single Stat $1 9-Player (Winner Takes All) (ATL @ NO Total Yards),154117,Single Stat - Total Yards,1.0,1,9,1,8.1,2026-10-06 00:15:00+00:00,Mon 8:15PM
196285807,NFL Single Stat $1 5-Player (ATL @ NO Total Yards),154117,Single Stat - Total Yards,1.0,1,5,1,4.5,2026-10-06 00:15:00+00:00,Mon 8:15PM
196285811,NFL Single Stat $1 3-Player (ATL @ NO Total Yards),154117,Single Stat - Total Yards,1.0,2,3,1,2.7,2026-10-06 00:15:00+00:00,Mon 8:15PM
196285752,Beginner NFL Single Stat $50 50-50 (ATL @ NO Total Yards),154117,Single Stat - Total Yards,50.0,0,4,1,180.0,2026-10-06 00:15:00+00:00,Mon 8:15PM
196285757,Beginner NFL Single Stat $50 3-Player (ATL @ NO Total Yards),154117,Single Stat - Total Yards,50.0,0,3,1,135.0,2026-10-06 00:15:00+00:00,Mon 8:15PM
196285753,Beginner NFL Single Stat $20 50-50 (ATL @ NO Total Yards),154117,Single Stat - Total Yards,20.0,0,4,1,72.0,2026-10-06 00:15:00+00:00,Mon 8:15PM
196285758,Beginner NFL Single Stat $20 3-Player (ATL @ NO Total Yards),154117,Single Stat - Total Yards,20.0,0,3,1,54.0,2026-10-06 00:15:00+00:00,Mon 8:15PM
196285754,Beginner NFL Single Stat $10 50-50 (ATL @ NO Total Yards),154117,Single Stat - Total Yards,10.0,0,4,1,36.0,2026-10-06 00:15:00+00:00,Mon 8:15PM
196285759,Beginner NFL Single Stat $10 3-Player (ATL @ NO Total Yards),154117,Single Stat - Total Yards,10.0,0,3,1,27.0,2026-10-06 00:15:00+00:00,Mon 8:15PM
196285755,Beginner NFL Single Stat $5 50-50 (ATL @ NO Total Yards),154117,Single Stat - Total Yards,5.0,0,4,1,18.0,2026-10-06 00:15:00+00:00,Mon 8:15PM
196285760,Beginner NFL Single Stat $5 3-Player (ATL @ NO Total Yards),154117,Single Stat - Total Yards,5.0,0,3,1,13.5,2026-10-06 00:15:00+00:00,Mon 8:15PM
196285756,Beginner NFL Single Stat $3 50-50 (ATL @ NO Total Yards),154117,Single Stat - Total Yards,3.0,0,4,1,10.8,2026-10-06 00:15:00+00:00,Mon 8:15PM
196285761,Beginner NFL Single Stat $2 3-Player (ATL @ NO Total Yards),154117,Single Stat - Total Yards,2.0,0,3,1,5.4,2026-10-06 00:15:00+00:00,Mon 8:15PM
196327666,Beginner NFL Single Stat $1 50-50 (ATL @ NO Total Yards),154117,Single Stat - Total Yards,1.0,0,4,1,3.6,2026-10-06 00:15:00+00:00,Mon 8:15PM
196285762,Beginner NFL Single Stat $1 3-Player (ATL @ NO Total Yards),154117,Single Stat - Total Yards,1.0,0,3,1,2.7,2026-10-06 00:15:00+00:00,Mon 8:15PM
196285763,"NFL Single Stat $10,600 3-Player (ATL @ NO Total Yards)",154117,Single Stat - Total Yards,10600.0,0,3,1,30000.0,2026-10-06 00:15:00+00:00,Mon 8:15PM
196285764,"NFL Single Stat $10,600 3-Player (ATL @ NO Total Yards)",154117,Single Stat - Total Yards,10600.0,0,3,1,30000.0,2026-10-06 00:15:00+00:00,Mon 8:15PM
196285767,"NFL Single Stat $5,300 50-50 (ATL @ NO Total Yards)",154117,Single Stat - Total Yards,5300.0,0,4,1,20000.0,2026-10-06 00:15:00+00:00,Mon 8:15PM
196285768,"NFL Single Stat $5,300 50-50 (ATL @ NO Total Yards)",154117,Single Stat - Total Yards,5300.0,0,4,1,20000.0,2026-10-06 00:15:00+00:00,Mon 8:15PM
196285765,"NFL Single Stat $5,300 3-Player (ATL @ NO Total Yards)",154117,Single Stat - Total Yards,5300.0,0,3,1,15000.0,2026-10-06 00:15:00+00:00,Mon 8:15PM
196285766,"NFL Single Stat $5,300 3-Player (ATL @ NO Total Yards)",154117,Single Stat - Total Yards,5300.0,0,3,1,15000.0,2026-10-06 00:15:00+00:00,Mon 8:15PM
196285769,"NFL Single Stat $1,060 50-50 (ATL @ NO Total Yards)",154117,Single Stat - Total Yards,1060.0,0,4,1,4000.0,2026-10-06 00:15:00+00:00,Mon 8:15PM
196285770,"NFL Single Stat $1,060 50-50 (ATL @ NO Total Yards)",154117,Single Stat - Total Yards,1060.0,0,4,1,4000.0,2026-10-06 00:15:00+00:00,Mon 8:15PM
196285771,"NFL Single Stat $1,060 3-Player (ATL @ NO Total Yards)",154117,Single Stat - Total Yards,1060.0,0,3,1,3000.0,2026-10-06 00:15:00+00:00,Mon 8:15PM
196285772,"NFL Single Stat $1,060 3-Player (ATL @ NO Total Yards)",154117,Single Stat - Total Yards,1060.0,0,3,1,3000.0,2026-10-06 00:15:00+00:00,Mon 8:15PM
196285773,NFL Single Stat $530 50-50 (ATL @ NO Total Yards),154117,Single Stat - Total Yards,530.0,0,4,1,2000.0,2026-10-06 00:15:00+00:00,Mon 8:15PM
196285774,NFL Single Stat $530 50-50 (ATL @ NO Total Yards),154117,Single Stat - Total Yards,530.0,0,4,1,2000.0,2026-10-06 00:15:00+00:00,Mon 8:15PM
196285775,NFL Single Stat $530 3-Player (ATL @ NO Total Yards),154117,Single Stat - Total Yards,530.0,0,3,1,1500.0,2026-10-06 00:15:00+00:00,Mon 8:15PM
196285776,NFL Single Stat $530 3-Player (ATL @ NO Total Yards),154117,Single Stat - Total Yards,530.0,0,3,1,1500.0,2026-10-06 00:15:00+00:00,Mon 8:15PM
196285835,NFL Single Stat $270 50-50 (ATL @ NO Total Yards),154117,Single Stat - Total Yards,270.0,0,4,1,1000.0,2026-10-06 00:15:00+00:00,Mon 8:15PM
196285836,NFL Single Stat $270 50-50 (ATL @ NO Total Yards),154117,Single Stat - Total Yards,270.0,0,4,1,1000.0,2026-10-06 00:15:00+00:00,Mon 8:15PM
196285781,NFL Single Stat $270 3-Player (ATL @ NO Total Yards),154117,Single Stat - Total Yards,270.0,0,3,1,750.0,2026-10-06 00:15:00+00:00,Mon 8:15PM
196285782,NFL Single Stat $270 3-Player (ATL @ NO Total Yards),154117,Single Stat - Total Yards,270.0,0,3,1,750.0,2026-10-06 00:15:00+00:00,Mon 8:15PM
196285784,NFL Single Stat $109 50-50 (ATL @ NO Total Yards),154117,Single Stat - Total Yards,109.0,0,4,1,400.0,2026-10-06 00:15:00+00:00,Mon 8:15PM
196285785,NFL Single Stat $109 50-50 (ATL @ NO Total Yards),154117,Single Stat - Total Yards,109.0,0,4,1,400.0,2026-10-06 00:15:00+00:00,Mon 8:15PM
196285788,NFL Single Stat $109 3-Player (ATL @ NO Total Yards),154117,Single Stat - Total Yards,109.0,0,3,1,300.0,2026-10-06 00:15:00+00:00,Mon 8:15PM
196285789,NFL Single Stat $109 3-Player (ATL @ NO Total Yards),154117,Single Stat - Total Yards,109.0,0,3,1,300.0,2026-10-06 00:15:00+00:00,Mon 8:15PM
196285790,NFL Single Stat $109 3-Player (ATL @ NO Total Yards),154117,Single Stat - Total Yards,109.0,0,3,1,300.0,2026-10-06 00:15:00+00:00,Mon 8:15PM
196285797,NFL Single Stat $50 50-50 (ATL @ NO Total Yards),154117,Single Stat - Total Yards,50.0,0,8,1,360.0,2026-10-06 00:15:00+00:00,Mon 8:15PM
196285794,NFL Single Stat $50 50-50 (ATL @ NO Total Yards),154117,Single Stat - Total Yards,50.0,0,4,1,180.0,2026-10-06 00:15:00+00:00,Mon 8:15PM
196285828,NFL Single Stat $50 Double Up (ATL @ NO Total Yards),154117,Single Stat - Total Yards,50.0,0,22,1,1000.0,2026-10-06 00:15:00+00:00,Mon 8:15PM
196285827,NFL Single Stat $50 Double Up (ATL @ NO Total Yards),154117,Single Stat - Total Yards,50.0,0,11,1,500.0,2026-10-06 00:15:00+00:00,Mon 8:15PM
196285803,NFL Single Stat $50 3-Player (ATL @ NO Total Yards),154117,Single Stat - Total Yards,50.0,0,3,1,135.0,2026-10-06 00:15:00+00:00,Mon 8:15PM
196285826,NFL Single Stat $25 Double Up (ATL @ NO Total Yards),154117,Single Stat - Total Yards,25.0,0,22,1,500.0,2026-10-06 00:15:00+00:00,Mon 8:15PM
196285825,NFL Single Stat $25 Double Up (ATL @ NO Total Yards),154117,Single Stat - Total Yards,25.0,0,11,1,250.0,2026-10-06 00:15:00+00:00,Mon 8:15PM
196285814,NFL Single Stat $20 50-50 (ATL @ NO Total Yards),154117,Single Stat - Total Yards,20.0,0,10,1,180.0,2026-10-06 00:15:00+00:00,Mon 8:15PM
196285810,NFL Single Stat $20 50-50 (ATL @ NO Total Yards),154117,Single Stat - Total Yards,20.0,0,4,1,72.0,2026-10-06 00:15:00+00:00,Mon 8:15PM
196285815,NFL Single Stat $20 5-Player (ATL @ NO Total Yards),154117,Single Stat - Total Yards,20.0,0,5,1,90.0,2026-10-06 00:15:00+00:00,Mon 8:15PM
196285816,NFL Single Stat $20 3-Player (ATL @ NO Total Yards),154117,Single Stat - Total Yards,20.0,0,3,1,54.0,2026-10-06 00:15:00+00:00,Mon 8:15PM
196285817,NFL Single Stat $20 3-Player (ATL @ NO Total Yards),154117,Single Stat - Total Yards,20.0,0,3,1,54.0,2026-10-06 00:15:00+00:00,Mon 8:15PM
196285819,NFL Single Stat $10 50-50 (ATL @ NO Total Yards),154117,Single Stat - Total Yards,10.0,0,10,1,90.0,2026-10-06 00:15:00+00:00,Mon 8:15PM
196285818,NFL Single Stat $10 50-50 (ATL @ NO Total Yards),154117,Single Stat - Total Yards,10.0,0,4,1,36.0,2026-10-06 00:15:00+00:00,Mon 8:15PM
196285823,NFL Single Stat $10 Double Up (ATL @ NO Total Yards),154117,Single Stat - Total Yards,10.0,0,11,1,100.0,2026-10-06 00:15:00+00:00,Mon 8:15PM
196423321,NFL Single Stat $10 Double Up (ATL @ NO Total Yards),154117,Single Stat - Total Yards,10.0,0,11,1,100.0,2026-10-06 00:15:00+00:00,Mon 8:15PM
196423319,NFL Single Stat $10 5-Player (ATL @ NO Total Yards),154117,Single Stat - Total Yards,10.0,0,5,1,45.0,2026-10-06 00:15:00+00:00,Mon 8:15PM
196285821,NFL Single Stat $10 3-Player (ATL @ NO Total Yards),154117,Single Stat - Total Yards,10.0,0,3,1,27.0,2026-10-06 00:15:00+00:00,Mon 8:15PM
196285822,NFL Single Stat $10 3-Player (ATL @ NO Total Yards),154117,Single Stat - Total Yards,10.0,0,3,1,27.0,2026-10-06 00:15:00+00:00,Mon 8:15PM
196285777,NFL Single Stat $5 50-50 (ATL @ NO Total Yards),154117,Single Stat - Total Yards,5.0,0,10,1,45.0,2026-10-06 00:15:00+00:00,Mon 8:15PM
196285778,NFL Single Stat $5 50-50 (ATL @ NO Total Yards),154117,Single Stat - Total Yards,5.0,0,4,1,18.0,2026-10-06 00:15:00+00:00,Mon 8:15PM
196285779,NFL Single Stat $5 50-50 (ATL @ NO Total Yards),154117,Single Stat - Total Yards,5.0,0,4,1,18.0,2026-10-06 00:15:00+00:00,Mon 8:15PM
196285830,NFL Single Stat $5 Double Up (ATL @ NO Total Yards),154117,Single Stat - Total Yards,5.0,0,11,1,50.0,2026-10-06 00:15:00+00:00,Mon 8:15PM
196419786,NFL Single Stat $5 Double Up (ATL @ NO Total Yards),154117,Single Stat - Total Yards,5.0,0,11,1,50.0,2026-10-06 00:15:00+00:00,Mon 8:15PM
196285780,NFL Single Stat $5 20-Player (ATL @ NO Total Yards),154117,Single Stat - Total Yards,5.0,0,20,1,90.0,2026-10-06 00:15:00+00:00,Mon 8:15PM
196285783,NFL Single Stat $5 10-Player (ATL @ NO Total Yards),154117,Single Stat - Total Yards,5.0,0,10,1,45.0,2026-10-06 00:15:00+00:00,Mon 8:15PM
196285837,NFL Single Stat $5 5-Player (ATL @ NO Total Yards),154117,Single Stat - Total Yards,5.0,0,5,1,22.5,2026-10-06 00:15:00+00:00,Mon 8:15PM
196285838,NFL Single Stat $5 5-Player (ATL @ NO Total Yards),154117,Single Stat - Total Yards,5.0,0,5,1,22.5,2026-10-06 00:15:00+00:00,Mon 8:15PM
196411955,NFL Single Stat $5 3-Player (ATL @ NO Total Yards),154117,Single Stat - Total Yards,5.0,0,3,1,13.5,2026-10-06 00:15:00+00:00,Mon 8:15PM
196414274,NFL Single Stat $5 3-Player (ATL @ NO Total Yards),154117,Single Stat - Total Yards,5.0,0,3,1,13.5,2026-10-06 00:15:00+00:00,Mon 8:15PM
196285831,NFL Single Stat $3 Double Up (ATL @ NO Total Yards),154117,Single Stat - Total Yards,3.0,0,11,1,30.0,2026-10-06 00:15:00+00:00,Mon 8:15PM
196285832,NFL Single Stat $3 Double Up (ATL @ NO Total Yards),154117,Single Stat - Total Yards,3.0,0,11,1,30.0,2026-10-06 00:15:00+00:00,Mon 8:15PM
196411956,NFL Single Stat $2 50-50 (ATL @ NO Total Yards),154117,Single Stat - Total Yards,2.0,0,20,1,36.0,2026-10-06 00:15:00+00:00,Mon 8:15PM
196411957,NFL Single Stat $2 50-50 (ATL @ NO Total Yards),154117,Single Stat - Total Yards,2.0,0,10,1,18.0,2026-10-06 00:15:00+00:00,Mon 8:15PM
196285791,NFL Single Stat $2 20-Player (ATL @ NO Total Yards),154117,Single Stat - Total Yards,2.0,0,20,1,36.0,2026-10-06 00:15:00+00:00,Mon 8:15PM
196285792,NFL Single Stat $2 10-Player (ATL @ NO Total Yards),154117,Single Stat - Total Yards,2.0,0,10,1,18.0,2026-10-06 00:15:00+00:00,Mon 8:15PM
196285793,NFL Single Stat $2 10-Player (ATL @ NO Total Yards),154117,Single Stat - Total Yards,2.0,0,10,1,18.0,2026-10-06 00:15:00+00:00,Mon 8:15PM
196285795,NFL Single Stat $2 5-Player (ATL @ NO Total Yards),154117,Single Stat - Total Yards,2.0,0,5,1,9.0,2026-10-06 00:15:00+00:00,Mon 8:15PM
196285796,NFL Single Stat $2 5-Player (ATL @ NO Total Yards),154117,Single Stat - Total Yards,2.0,0,5,1,9.0,2026-10-06 00:15:00+00:00,Mon 8:15PM
196285799,NFL Single Stat $2 3-Player (ATL @ NO Total Yards),154117,Single Stat - Total Yards,2.0,0,3,1,5.4,2026-10-06 00:15:00+00:00,Mon 8:15PM
196411953,NFL Single Stat $2 3-Player (ATL @ NO Total Yards),154117,Single Stat - Total Yards,2.0,0,3,1,5.4,2026-10-06 00:15:00+00:00,Mon 8:15PM
196413688,NFL Single Stat $1 50-50 (ATL @ NO Total Yards),154117,Single Stat - Total Yards,1.0,0,20,1,18.0,2026-10-06 00:15:00+00:00,Mon 8:15PM
196285801,NFL Single Stat $1 50-50 (ATL @ NO Total Yards),154117,Single Stat - Total Yards,1.0,0,10,1,9.0,2026-10-06 00:15:00+00:00,Mon 8:15PM
196411958,NFL Single Stat $1 50-50 (ATL @ NO Total Yards),154117,Single Stat - Total Yards,1.0,0,10,1,9.0,2026-10-06 00:15:00+00:00,Mon 8:15PM
196285834,NFL Single Stat $1 Double Up (ATL @ NO Total Yards),154117,Single Stat - Total Yards,1.0,0,11,1,10.0,2026-10-06 00:15:00+00:00,Mon 8:15PM
196410562,NFL Single Stat $1 Double Up (ATL @ NO Total Yards),154117,Single Stat - Total Yards,1.0,0,11,1,10.0,2026-10-06 00:15:00+00:00,Mon 8:15PM
196422298,NFL Single Stat $1 20-Player (ATL @ NO Total Yards),154117,Single Stat - Total Yards,1.0,0,20,1,18.0,2026-10-06 00:15:00+00:00,Mon 8:15PM
196285805,NFL Single Stat $1 10-Player (ATL @ NO Total Yards),154117,Single Stat - Total Yards,1.0,0,10,1,9.0,2026-10-06 00:15:00+00:00,Mon 8:15PM
196285806,NFL Single Stat $1 10-Player (ATL @ NO Total Yards),154117,Single Stat - Total Yards,1.0,0,10,1,9.0,2026-10-06 00:15:00+00:00,Mon 8:15PM
196285808,NFL Single Stat $1 5-Player (ATL @ NO Total Yards),154117,Single Stat - Total Yards,1.0,0,5,1,4.5,2026-10-06 00:15:00+00:00,Mon 8:15PM
196285809,NFL Single Stat $1 5-Player (ATL @ NO Total Yards),154117,Single Stat - Total Yards,1.0,0,5,1,4.5,2026-10-06 00:15:00+00:00,Mon 8:15PM
196423771,NFL Single Stat $1 5-Player (ATL @ NO Total Yards),154117,Single Stat - Total Yards,1.0,0,5,1,4.5,2026-10-06 00:15:00+00:00,Mon 8:15PM
196285812,NFL Single Stat $1 3-Player (ATL @ NO Total Yards),154117,Single Stat - Total Yards,1.0,0,3,1,2.7,2026-10-06 00:15:00+00:00,Mon 8:15PM
196285813,NFL Single Stat $1 3-Player (ATL @ NO Total Yards),154117,Single Stat - Total Yards,1.0,0,3,1,2.7,2026-10-06 00:15:00+00:00,Mon 8:15PM
196411954,NFL Single Stat $1 3-Player (ATL @ NO Total Yards),154117,Single Stat - Total Yards,1.0,0,3,1,2.7,2026-10-06 00:15:00+00:00,Mon 8:15PM
196298002,NFL In-Game $25 Double Up (2H ATL @ NO),154104,In-Game Showdown (H2),25.0,1,22,1,500.0,2026-10-06 01:15:00+00:00,Mon 9:15PM
196298008,NFL In-Game $3 Double Up (2H ATL @ NO),154104,In-Game Showdown (H2),3.0,2,11,1,30.0,2026-10-06 01:15:00+00:00,Mon 9:15PM
196297962,NFL In-Game $2 50-50 (2H ATL @ NO),154104,In-Game Showdown (H2),2.0,1,20,1,36.0,2026-10-06 01:15:00+00:00,Mon 9:15PM
196297963,NFL In-Game $2 50-50 (2H ATL @ NO),154104,In-Game Showdown (H2),2.0,1,10,1,18.0,2026-10-06 01:15:00+00:00,Mon 9:15PM
196297976,NFL In-Game $1 50-50 (2H ATL @ NO),154104,In-Game Showdown (H2),1.0,1,20,1,18.0,2026-10-06 01:15:00+00:00,Mon 9:15PM
196297977,NFL In-Game $1 50-50 (2H ATL @ NO),154104,In-Game Showdown (H2),1.0,1,10,1,9.0,2026-10-06 01:15:00+00:00,Mon 9:15PM
196297978,NFL In-Game $1 50-50 (2H ATL @ NO),154104,In-Game Showdown (H2),1.0,1,10,1,9.0,2026-10-06 01:15:00+00:00,Mon 9:15PM
196298009,NFL In-Game $1 Double Up (2H ATL @ NO),154104,In-Game Showdown (H2),1.0,1,11,1,10.0,2026-10-06 01:15:00+00:00,Mon 9:15PM
196298010,NFL In-Game $1 Double Up (2H ATL @ NO),154104,In-Game Showdown (H2),1.0,1,11,1,10.0,2026-10-06 01:15:00+00:00,Mon 9:15PM
196297987,NFL In-Game $1 3-Player (2H ATL @ NO),154104,In-Game Showdown (H2),1.0,1,3,1,2.7,2026-10-06 01:15:00+00:00,Mon 9:15PM
196297988,NFL In-Game $1 3-Player (2H ATL @ NO),154104,In-Game Showdown (H2),1.0,1,3,1,2.7,2026-10-06 01:15:00+00:00,Mon 9:15PM
196298024,NFL In-Game Satellite to $20 NFL Fantasy Football Millionaire [Must Fill] (2H ATL @ NO),154104,In-Game Showdown (H2),7.4,0,3,1,20.0,2026-10-06 01:15:00+00:00,Mon 9:15PM
196297928,Beginner NFL In-Game $50 50-50 (2H ATL @ NO),154104,In-Game Showdown (H2),50.0,0,4,1,180.0,2026-10-06 01:15:00+00:00,Mon 9:15PM
196297933,Beginner NFL In-Game $50 3-Player (2H ATL @ NO),154104,In-Game Showdown (H2),50.0,0,3,1,135.0,2026-10-06 01:15:00+00:00,Mon 9:15PM
196297929,Beginner NFL In-Game $20 50-50 (2H ATL @ NO),154104,In-Game Showdown (H2),20.0,0,4,1,72.0,2026-10-06 01:15:00+00:00,Mon 9:15PM
196297934,Beginner NFL In-Game $20 3-Player (2H ATL @ NO),154104,In-Game Showdown (H2),20.0,0,3,1,54.0,2026-10-06 01:15:00+00:00,Mon 9:15PM
196297930,Beginner NFL In-Game $10 50-50 (2H ATL @ NO),154104,In-Game Showdown (H2),10.0,0,4,1,36.0,2026-10-06 01:15:00+00:00,Mon 9:15PM
196297935,Beginner NFL In-Game $10 3-Player (2H ATL @ NO),154104,In-Game Showdown (H2),10.0,0,3,1,27.0,2026-10-06 01:15:00+00:00,Mon 9:15PM
196297931,Beginner NFL In-Game $5 50-50 (2H ATL @ NO),154104,In-Game Showdown (H2),5.0,0,4,1,18.0,2026-10-06 01:15:00+00:00,Mon 9:15PM
196297936,Beginner NFL In-Game $5 3-Player (2H ATL @ NO),154104,In-Game Showdown (H2),5.0,0,3,1,13.5,2026-10-06 01:15:00+00:00,Mon 9:15PM
196297932,Beginner NFL In-Game $3 50-50 (2H ATL @ NO),154104,In-Game Showdown (H2),3.0,0,4,1,10.8,2026-10-06 01:15:00+00:00,Mon 9:15PM
196297937,Beginner NFL In-Game $2 3-Player (2H ATL @ NO),154104,In-Game Showdown (H2),2.0,0,3,1,5.4,2026-10-06 01:15:00+00:00,Mon 9:15PM
196298017,Beginner NFL In-Game $1 50-50 (2H ATL @ NO),154104,In-Game Showdown (H2),1.0,0,4,1,3.6,2026-10-06 01:15:00+00:00,Mon 9:15PM
196297938,Beginner NFL In-Game $1 3-Player (2H ATL @ NO),154104,In-Game Showdown (H2),1.0,0,3,1,2.7,2026-10-06 01:15:00+00:00,Mon 9:15PM
196297939,"NFL In-Game $10,600 3-Player (2H ATL @ NO)",154104,In-Game Showdown (H2),10600.0,0,3,1,30000.0,2026-10-06 01:15:00+00:00,Mon 9:15PM
196297940,"NFL In-Game $10,600 3-Player (2H ATL @ NO)",154104,In-Game Showdown (H2),10600.0,0,3,1,30000.0,2026-10-06 01:15:00+00:00,Mon 9:15PM
196297943,"NFL In-Game $5,300 50-50 (2H ATL @ NO)",154104,In-Game Showdown (H2),5300.0,0,4,1,20000.0,2026-10-06 01:15:00+00:00,Mon 9:15PM
196297944,"NFL In-Game $5,300 50-50 (2H ATL @ NO)",154104,In-Game Showdown (H2),5300.0,0,4,1,20000.0,2026-10-06 01:15:00+00:00,Mon 9:15PM
196297941,"NFL In-Game $5,300 3-Player (2H ATL @ NO)",154104,In-Game Showdown (H2),5300.0,0,3,1,15000.0,2026-10-06 01:15:00+00:00,Mon 9:15PM
196297942,"NFL In-Game $5,300 3-Player (2H ATL @ NO)",154104,In-Game Showdown (H2),5300.0,0,3,1,15000.0,2026-10-06 01:15:00+00:00,Mon 9:15PM
196297945,"NFL In-Game $1,060 50-50 (2H ATL @ NO)",154104,In-Game Showdown (H2),1060.0,0,4,1,4000.0,2026-10-06 01:15:00+00:00,Mon 9:15PM
196297946,"NFL In-Game $1,060 50-50 (2H ATL @ NO)",154104,In-Game Showdown (H2),1060.0,0,4,1,4000.0,2026-10-06 01:15:00+00:00,Mon 9:15PM
196297947,"NFL In-Game $1,060 3-Player (2H ATL @ NO)",154104,In-Game Showdown (H2),1060.0,0,3,1,3000.0,2026-10-06 01:15:00+00:00,Mon 9:15PM
196297948,"NFL In-Game $1,060 3-Player (2H ATL @ NO)",154104,In-Game Showdown (H2),1060.0,0,3,1,3000.0,2026-10-06 01:15:00+00:00,Mon 9:15PM
196297949,NFL In-Game $530 50-50 (2H ATL @ NO),154104,In-Game Showdown (H2),530.0,0,4,1,2000.0,2026-10-06 01:15:00+00:00,Mon 9:15PM
196297950,NFL In-Game $530 50-50 (2H ATL @ NO),154104,In-Game Showdown (H2),530.0,0,4,1,2000.0,2026-10-06 01:15:00+00:00,Mon 9:15PM
196297951,NFL In-Game $530 3-Player (2H ATL @ NO),154104,In-Game Showdown (H2),530.0,0,3,1,1500.0,2026-10-06 01:15:00+00:00,Mon 9:15PM
196297952,NFL In-Game $530 3-Player (2H ATL @ NO),154104,In-Game Showdown (H2),530.0,0,3,1,1500.0,2026-10-06 01:15:00+00:00,Mon 9:15PM
196298011,NFL In-Game $270 50-50 (2H ATL @ NO),154104,In-Game Showdown (H2),270.0,0,4,1,1000.0,2026-10-06 01:15:00+00:00,Mon 9:15PM
196298012,NFL In-Game $270 50-50 (2H ATL @ NO),154104,In-Game Showdown (H2),270.0,0,4,1,1000.0,2026-10-06 01:15:00+00:00,Mon 9:15PM
196297957,NFL In-Game $270 3-Player (2H ATL @ NO),154104,In-Game Showdown (H2),270.0,0,3,1,750.0,2026-10-06 01:15:00+00:00,Mon 9:15PM
196297958,NFL In-Game $270 3-Player (2H ATL @ NO),154104,In-Game Showdown (H2),270.0,0,3,1,750.0,2026-10-06 01:15:00+00:00,Mon 9:15PM
196297960,NFL In-Game $109 50-50 (2H ATL @ NO),154104,In-Game Showdown (H2),109.0,0,4,1,400.0,2026-10-06 01:15:00+00:00,Mon 9:15PM
196297961,NFL In-Game $109 50-50 (2H ATL @ NO),154104,In-Game Showdown (H2),109.0,0,4,1,400.0,2026-10-06 01:15:00+00:00,Mon 9:15PM
196297964,NFL In-Game $109 3-Player (2H ATL @ NO),154104,In-Game Showdown (H2),109.0,0,3,1,300.0,2026-10-06 01:15:00+00:00,Mon 9:15PM
196297965,NFL In-Game $109 3-Player (2H ATL @ NO),154104,In-Game Showdown (H2),109.0,0,3,1,300.0,2026-10-06 01:15:00+00:00,Mon 9:15PM
196297966,NFL In-Game $109 3-Player (2H ATL @ NO),154104,In-Game Showdown (H2),109.0,0,3,1,300.0,2026-10-06 01:15:00+00:00,Mon 9:15PM
196297973,NFL In-Game $50 50-50 (2H ATL @ NO),154104,In-Game Showdown (H2),50.0,0,8,1,360.0,2026-10-06 01:15:00+00:00,Mon 9:15PM
196297970,NFL In-Game $50 50-50 (2H ATL @ NO),154104,In-Game Showdown (H2),50.0,0,4,1,180.0,2026-10-06 01:15:00+00:00,Mon 9:15PM
196298004,NFL In-Game $50 Double Up (2H ATL @ NO),154104,In-Game Showdown (H2),50.0,0,22,1,1000.0,2026-10-06 01:15:00+00:00,Mon 9:15PM
196298003,NFL In-Game $50 Double Up (2H ATL @ NO),154104,In-Game Showdown (H2),50.0,0,11,1,500.0,2026-10-06 01:15:00+00:00,Mon 9:15PM
196297979,NFL In-Game $50 3-Player (2H ATL @ NO),154104,In-Game Showdown (H2),50.0,0,3,1,135.0,2026-10-06 01:15:00+00:00,Mon 9:15PM
196424475,NFL In-Game $25 Double Up (2H ATL @ NO),154104,In-Game Showdown (H2),25.0,0,22,1,500.0,2026-10-06 01:15:00+00:00,Mon 9:15PM
196298001,NFL In-Game $25 Double Up (2H ATL @ NO),154104,In-Game Showdown (H2),25.0,0,11,1,250.0,2026-10-06 01:15:00+00:00,Mon 9:15PM
196297990,NFL In-Game $20 50-50 (2H ATL @ NO),154104,In-Game Showdown (H2),20.0,0,10,1,180.0,2026-10-06 01:15:00+00:00,Mon 9:15PM
196297986,NFL In-Game $20 50-50 (2H ATL @ NO),154104,In-Game Showdown (H2),20.0,0,4,1,72.0,2026-10-06 01:15:00+00:00,Mon 9:15PM
196297991,NFL In-Game $20 5-Player (2H ATL @ NO),154104,In-Game Showdown (H2),20.0,0,5,1,90.0,2026-10-06 01:15:00+00:00,Mon 9:15PM
196297992,NFL In-Game $20 3-Player (2H ATL @ NO),154104,In-Game Showdown (H2),20.0,0,3,1,54.0,2026-10-06 01:15:00+00:00,Mon 9:15PM
196297993,NFL In-Game $20 3-Player (2H ATL @ NO),154104,In-Game Showdown (H2),20.0,0,3,1,54.0,2026-10-06 01:15:00+00:00,Mon 9:15PM
196297995,NFL In-Game $10 50-50 (2H ATL @ NO),154104,In-Game Showdown (H2),10.0,0,10,1,90.0,2026-10-06 01:15:00+00:00,Mon 9:15PM
196297994,NFL In-Game $10 50-50 (2H ATL @ NO),154104,In-Game Showdown (H2),10.0,0,4,1,36.0,2026-10-06 01:15:00+00:00,Mon 9:15PM
196297999,NFL In-Game $10 Double Up (2H ATL @ NO),154104,In-Game Showdown (H2),10.0,0,11,1,100.0,2026-10-06 01:15:00+00:00,Mon 9:15PM
196298000,NFL In-Game $10 Double Up (2H ATL @ NO),154104,In-Game Showdown (H2),10.0,0,11,1,100.0,2026-10-06 01:15:00+00:00,Mon 9:15PM
196297996,NFL In-Game $10 5-Player (2H ATL @ NO),154104,In-Game Showdown (H2),10.0,0,5,1,45.0,2026-10-06 01:15:00+00:00,Mon 9:15PM
196297997,NFL In-Game $10 3-Player (2H ATL @ NO),154104,In-Game Showdown (H2),10.0,0,3,1,27.0,2026-10-06 01:15:00+00:00,Mon 9:15PM
196297998,NFL In-Game $10 3-Player (2H ATL @ NO),154104,In-Game Showdown (H2),10.0,0,3,1,27.0,2026-10-06 01:15:00+00:00,Mon 9:15PM
196297953,NFL In-Game $5 50-50 (2H ATL @ NO),154104,In-Game Showdown (H2),5.0,0,10,1,45.0,2026-10-06 01:15:00+00:00,Mon 9:15PM
196297954,NFL In-Game $5 50-50 (2H ATL @ NO),154104,In-Game Showdown (H2),5.0,0,4,1,18.0,2026-10-06 01:15:00+00:00,Mon 9:15PM
196297955,NFL In-Game $5 50-50 (2H ATL @ NO),154104,In-Game Showdown (H2),5.0,0,4,1,18.0,2026-10-06 01:15:00+00:00,Mon 9:15PM
196298005,NFL In-Game $5 Double Up (2H ATL @ NO),154104,In-Game Showdown (H2),5.0,0,11,1,50.0,2026-10-06 01:15:00+00:00,Mon 9:15PM
196298006,NFL In-Game $5 Double Up (2H ATL @ NO),154104,In-Game Showdown (H2),5.0,0,11,1,50.0,2026-10-06 01:15:00+00:00,Mon 9:15PM
196297956,NFL In-Game $5 20-Player (2H ATL @ NO),154104,In-Game Showdown (H2),5.0,0,20,1,90.0,2026-10-06 01:15:00+00:00,Mon 9:15PM
196297959,NFL In-Game $5 10-Player (2H ATL @ NO),154104,In-Game Showdown (H2),5.0,0,10,1,45.0,2026-10-06 01:15:00+00:00,Mon 9:15PM
196298013,NFL In-Game $5 5-Player (2H ATL @ NO),154104,In-Game Showdown (H2),5.0,0,5,1,22.5,2026-10-06 01:15:00+00:00,Mon 9:15PM
196298014,NFL In-Game $5 5-Player (2H ATL @ NO),154104,In-Game Showdown (H2),5.0,0,5,1,22.5,2026-10-06 01:15:00+00:00,Mon 9:15PM
196298015,NFL In-Game $5 3-Player (2H ATL @ NO),154104,In-Game Showdown (H2),5.0,0,3,1,13.5,2026-10-06 01:15:00+00:00,Mon 9:15PM
196298016,NFL In-Game $5 3-Player (2H ATL @ NO),154104,In-Game Showdown (H2),5.0,0,3,1,13.5,2026-10-06 01:15:00+00:00,Mon 9:15PM
196298007,NFL In-Game $3 Double Up (2H ATL @ NO),154104,In-Game Showdown (H2),3.0,0,11,1,30.0,2026-10-06 01:15:00+00:00,Mon 9:15PM
196413600,NFL In-Game $3 Double Up (2H ATL @ NO),154104,In-Game Showdown (H2),3.0,0,11,1,30.0,2026-10-06 01:15:00+00:00,Mon 9:15PM
196424531,NFL In-Game $2 50-50 (2H ATL @ NO),154104,In-Game Showdown (H2),2.0,0,20,1,36.0,2026-10-06 01:15:00+00:00,Mon 9:15PM
196424532,NFL In-Game $2 50-50 (2H ATL @ NO),154104,In-Game Showdown (H2),2.0,0,10,1,18.0,2026-10-06 01:15:00+00:00,Mon 9:15PM
196297967,NFL In-Game $2 20-Player (2H ATL @ NO),154104,In-Game Showdown (H2),2.0,0,20,1,36.0,2026-10-06 01:15:00+00:00,Mon 9:15PM
196297968,NFL In-Game $2 10-Player (2H ATL @ NO),154104,In-Game Showdown (H2),2.0,0,10,1,18.0,2026-10-06 01:15:00+00:00,Mon 9:15PM
196297969,NFL In-Game $2 10-Player (2H ATL @ NO),154104,In-Game Showdown (H2),2.0,0,10,1,18.0,2026-10-06 01:15:00+00:00,Mon 9:15PM
196297971,NFL In-Game $2 5-Player (2H ATL @ NO),154104,In-Game Showdown (H2),2.0,0,5,1,9.0,2026-10-06 01:15:00+00:00,Mon 9:15PM
196297972,NFL In-Game $2 5-Player (2H ATL @ NO),154104,In-Game Showdown (H2),2.0,0,5,1,9.0,2026-10-06 01:15:00+00:00,Mon 9:15PM
196297974,NFL In-Game $2 3-Player (2H ATL @ NO),154104,In-Game Showdown (H2),2.0,0,3,1,5.4,2026-10-06 01:15:00+00:00,Mon 9:15PM
196297975,NFL In-Game $2 3-Player (2H ATL @ NO),154104,In-Game Showdown (H2),2.0,0,3,1,5.4,2026-10-06 01:15:00+00:00,Mon 9:15PM
196424477,NFL In-Game $1 50-50 (2H ATL @ NO),154104,In-Game Showdown (H2),1.0,0,20,1,18.0,2026-10-06 01:15:00+00:00,Mon 9:15PM
196424502,NFL In-Game $1 50-50 (2H ATL @ NO),154104,In-Game Showdown (H2),1.0,0,10,1,9.0,2026-10-06 01:15:00+00:00,Mon 9:15PM
196424503,NFL In-Game $1 50-50 (2H ATL @ NO),154104,In-Game Showdown (H2),1.0,0,10,1,9.0,2026-10-06 01:15:00+00:00,Mon 9:15PM
196424505,NFL In-Game $1 Double Up (2H ATL @ NO),154104,In-Game Showdown (H2),1.0,0,11,1,10.0,2026-10-06 01:15:00+00:00,Mon 9:15PM
196424506,NFL In-Game $1 Double Up (2H ATL @ NO),154104,In-Game Showdown (H2),1.0,0,11,1,10.0,2026-10-06 01:15:00+00:00,Mon 9:15PM
196297980,NFL In-Game $1 20-Player (2H ATL @ NO),154104,In-Game Showdown (H2),1.0,0,20,1,18.0,2026-10-06 01:15:00+00:00,Mon 9:15PM
196297981,NFL In-Game $1 10-Player (2H ATL @ NO),154104,In-Game Showdown (H2),1.0,0,10,1,9.0,2026-10-06 01:15:00+00:00,Mon 9:15PM
196297982,NFL In-Game $1 10-Player (2H ATL @ NO),154104,In-Game Showdown (H2),1.0,0,10,1,9.0,2026-10-06 01:15:00+00:00,Mon 9:15PM
196297983,NFL In-Game $1 5-Player (2H ATL @ NO),154104,In-Game Showdown (H2),1.0,0,5,1,4.5,2026-10-06 01:15:00+00:00,Mon 9:15PM
196297984,NFL In-Game $1 5-Player (2H ATL @ NO),154104,In-Game Showdown (H2),1.0,0,5,1,4.5,2026-10-06 01:15:00+00:00,Mon 9:15PM
196297985,NFL In-Game $1 5-Player (2H ATL @ NO),154104,In-Game Showdown (H2),1.0,0,5,1,4.5,2026-10-06 01:15:00+00:00,Mon 9:15PM
196297989,NFL In-Game $1 3-Player (2H ATL @ NO),154104,In-Game Showdown (H2),1.0,0,3,1,2.7,2026-10-06 01:15:00+00:00,Mon 9:15PM
196425510,NFL In-Game $1 3-Player (2H ATL @ NO),154104,In-Game Showdown (H2),1.0,0,3,1,2.7,2026-10-06 01:15:00+00:00,Mon 9:15PM
196425511,NFL In-Game $1 3-Player (2H ATL @ NO),154104,In-Game Showdown (H2),1.0,0,3,1,2.7,2026-10-06 01:15:00+00:00,Mon 9:15PM
196298037,Beginner NFL In-Game $1 3-Player (4Q ATL @ NO),154105,In-Game Showdown (Q4),1.0,1,3,1,2.7,2026-10-06 01:45:00+00:00,Mon 9:45PM
196298106,NFL In-Game $3 Double Up (4Q ATL @ NO),154105,In-Game Showdown (Q4),3.0,1,11,1,30.0,2026-10-06 01:45:00+00:00,Mon 9:45PM
196298107,NFL In-Game $3 Double Up (4Q ATL @ NO),154105,In-Game Showdown (Q4),3.0,1,11,1,30.0,2026-10-06 01:45:00+00:00,Mon 9:45PM
196298109,NFL In-Game $1 Double Up (4Q ATL @ NO),154105,In-Game Showdown (Q4),1.0,1,11,1,10.0,2026-10-06 01:45:00+00:00,Mon 9:45PM
196298080,NFL In-Game $1 10-Player (4Q ATL @ NO),154105,In-Game Showdown (Q4),1.0,2,10,1,9.0,2026-10-06 01:45:00+00:00,Mon 9:45PM
196298081,NFL In-Game $1 10-Player (4Q ATL @ NO),154105,In-Game Showdown (Q4),1.0,1,10,1,9.0,2026-10-06 01:45:00+00:00,Mon 9:45PM
196317157,NFL In-Game $1 10-Player (4Q ATL @ NO),154105,In-Game Showdown (Q4),1.0,1,10,1,9.0,2026-10-06 01:45:00+00:00,Mon 9:45PM
196298123,NFL In-Game Satellite to $20 NFL Fantasy Football Millionaire [Must Fill] (4Q ATL @ NO),154105,In-Game Showdown (Q4),7.4,0,3,1,20.0,2026-10-06 01:45:00+00:00,Mon 9:45PM
196298027,Beginner NFL In-Game $50 50-50 (4Q ATL @ NO),154105,In-Game Showdown (Q4),50.0,0,4,1,180.0,2026-10-06 01:45:00+00:00,Mon 9:45PM
196298032,Beginner NFL In-Game $50 3-Player (4Q ATL @ NO),154105,In-Game Showdown (Q4),50.0,0,3,1,135.0,2026-10-06 01:45:00+00:00,Mon 9:45PM
196298028,Beginner NFL In-Game $20 50-50 (4Q ATL @ NO),154105,In-Game Showdown (Q4),20.0,0,4,1,72.0,2026-10-06 01:45:00+00:00,Mon 9:45PM
196298033,Beginner NFL In-Game $20 3-Player (4Q ATL @ NO),154105,In-Game Showdown (Q4),20.0,0,3,1,54.0,2026-10-06 01:45:00+00:00,Mon 9:45PM
196298029,Beginner NFL In-Game $10 50-50 (4Q ATL @ NO),154105,In-Game Showdown (Q4),10.0,0,4,1,36.0,2026-10-06 01:45:00+00:00,Mon 9:45PM
196298034,Beginner NFL In-Game $10 3-Player (4Q ATL @ NO),154105,In-Game Showdown (Q4),10.0,0,3,1,27.0,2026-10-06 01:45:00+00:00,Mon 9:45PM
196298030,Beginner NFL In-Game $5 50-50 (4Q ATL @ NO),154105,In-Game Showdown (Q4),5.0,0,4,1,18.0,2026-10-06 01:45:00+00:00,Mon 9:45PM
196298035,Beginner NFL In-Game $5 3-Player (4Q ATL @ NO),154105,In-Game Showdown (Q4),5.0,0,3,1,13.5,2026-10-06 01:45:00+00:00,Mon 9:45PM
196298031,Beginner NFL In-Game $3 50-50 (4Q ATL @ NO),154105,In-Game Showdown (Q4),3.0,0,4,1,10.8,2026-10-06 01:45:00+00:00,Mon 9:45PM
196298036,Beginner NFL In-Game $2 3-Player (4Q ATL @ NO),154105,In-Game Showdown (Q4),2.0,0,3,1,5.4,2026-10-06 01:45:00+00:00,Mon 9:45PM
196298116,Beginner NFL In-Game $1 50-50 (4Q ATL @ NO),154105,In-Game Showdown (Q4),1.0,0,4,1,3.6,2026-10-06 01:45:00+00:00,Mon 9:45PM
196378601,Beginner NFL In-Game $1 3-Player (4Q ATL @ NO),154105,In-Game Showdown (Q4),1.0,0,3,1,2.7,2026-10-06 01:45:00+00:00,Mon 9:45PM
196298038,"NFL In-Game $10,600 3-Player (4Q ATL @ NO)",154105,In-Game Showdown (Q4),10600.0,0,3,1,30000.0,2026-10-06 01:45:00+00:00,Mon 9:45PM
196298039,"NFL In-Game $10,600 3-Player (4Q ATL @ NO)",154105,In-Game Showdown (Q4),10600.0,0,3,1,30000.0,2026-10-06 01:45:00+00:00,Mon 9:45PM
196298042,"NFL In-Game $5,300 50-50 (4Q ATL @ NO)",154105,In-Game Showdown (Q4),5300.0,0,4,1,20000.0,2026-10-06 01:45:00+00:00,Mon 9:45PM
196298043,"NFL In-Game $5,300 50-50 (4Q ATL @ NO)",154105,In-Game Showdown (Q4),5300.0,0,4,1,20000.0,2026-10-06 01:45:00+00:00,Mon 9:45PM
196298040,"NFL In-Game $5,300 3-Player (4Q ATL @ NO)",154105,In-Game Showdown (Q4),5300.0,0,3,1,15000.0,2026-10-06 01:45:00+00:00,Mon 9:45PM
196298041,"NFL In-Game $5,300 3-Player (4Q ATL @ NO)",154105,In-Game Showdown (Q4),5300.0,0,3,1,15000.0,2026-10-06 01:45:00+00:00,Mon 9:45PM
196298044,"NFL In-Game $1,060 50-50 (4Q ATL @ NO)",154105,In-Game Showdown (Q4),1060.0,0,4,1,4000.0,2026-10-06 01:45:00+00:00,Mon 9:45PM
196298045,"NFL In-Game $1,060 50-50 (4Q ATL @ NO)",154105,In-Game Showdown (Q4),1060.0,0,4,1,4000.0,2026-10-06 01:45:00+00:00,Mon 9:45PM
196298046,"NFL In-Game $1,060 3-Player (4Q ATL @ NO)",154105,In-Game Showdown (Q4),1060.0,0,3,1,3000.0,2026-10-06 01:45:00+00:00,Mon 9:45PM
196298047,"NFL In-Game $1,060 3-Player (4Q ATL @ NO)",154105,In-Game Showdown (Q4),1060.0,0,3,1,3000.0,2026-10-06 01:45:00+00:00,Mon 9:45PM
196298048,NFL In-Game $530 50-50 (4Q ATL @ NO),154105,In-Game Showdown (Q4),530.0,0,4,1,2000.0,2026-10-06 01:45:00+00:00,Mon 9:45PM
196298049,NFL In-Game $530 50-50 (4Q ATL @ NO),154105,In-Game Showdown (Q4),530.0,0,4,1,2000.0,2026-10-06 01:45:00+00:00,Mon 9:45PM
196298050,NFL In-Game $530 3-Player (4Q ATL @ NO),154105,In-Game Showdown (Q4),530.0,0,3,1,1500.0,2026-10-06 01:45:00+00:00,Mon 9:45PM
196298051,NFL In-Game $530 3-Player (4Q ATL @ NO),154105,In-Game Showdown (Q4),530.0,0,3,1,1500.0,2026-10-06 01:45:00+00:00,Mon 9:45PM
196298110,NFL In-Game $270 50-50 (4Q ATL @ NO),154105,In-Game Showdown (Q4),270.0,0,4,1,1000.0,2026-10-06 01:45:00+00:00,Mon 9:45PM
196298111,NFL In-Game $270 50-50 (4Q ATL @ NO),154105,In-Game Showdown (Q4),270.0,0,4,1,1000.0,2026-10-06 01:45:00+00:00,Mon 9:45PM
196298056,NFL In-Game $270 3-Player (4Q ATL @ NO),154105,In-Game Showdown (Q4),270.0,0,3,1,750.0,2026-10-06 01:45:00+00:00,Mon 9:45PM
196298057,NFL In-Game $270 3-Player (4Q ATL @ NO),154105,In-Game Showdown (Q4),270.0,0,3,1,750.0,2026-10-06 01:45:00+00:00,Mon 9:45PM
196298059,NFL In-Game $109 50-50 (4Q ATL @ NO),154105,In-Game Showdown (Q4),109.0,0,4,1,400.0,2026-10-06 01:45:00+00:00,Mon 9:45PM
196298060,NFL In-Game $109 50-50 (4Q ATL @ NO),154105,In-Game Showdown (Q4),109.0,0,4,1,400.0,2026-10-06 01:45:00+00:00,Mon 9:45PM
196298063,NFL In-Game $109 3-Player (4Q ATL @ NO),154105,In-Game Showdown (Q4),109.0,0,3,1,300.0,2026-10-06 01:45:00+00:00,Mon 9:45PM
196298064,NFL In-Game $109 3-Player (4Q ATL @ NO),154105,In-Game Showdown (Q4),109.0,0,3,1,300.0,2026-10-06 01:45:00+00:00,Mon 9:45PM
196298065,NFL In-Game $109 3-Player (4Q ATL @ NO),154105,In-Game Showdown (Q4),109.0,0,3,1,300.0,2026-10-06 01:45:00+00:00,Mon 9:45PM
196298072,NFL In-Game $50 50-50 (4Q ATL @ NO),154105,In-Game Showdown (Q4),50.0,0,8,1,360.0,2026-10-06 01:45:00+00:00,Mon 9:45PM
196298069,NFL In-Game $50 50-50 (4Q ATL @ NO),154105,In-Game Showdown (Q4),50.0,0,4,1,180.0,2026-10-06 01:45:00+00:00,Mon 9:45PM
196298103,NFL In-Game $50 Double Up (4Q ATL @ NO),154105,In-Game Showdown (Q4),50.0,0,22,1,1000.0,2026-10-06 01:45:00+00:00,Mon 9:45PM
196298102,NFL In-Game $50 Double Up (4Q ATL @ NO),154105,In-Game Showdown (Q4),50.0,0,11,1,500.0,2026-10-06 01:45:00+00:00,Mon 9:45PM
196298078,NFL In-Game $50 3-Player (4Q ATL @ NO),154105,In-Game Showdown (Q4),50.0,0,3,1,135.0,2026-10-06 01:45:00+00:00,Mon 9:45PM
196298101,NFL In-Game $25 Double Up (4Q ATL @ NO),154105,In-Game Showdown (Q4),25.0,0,22,1,500.0,2026-10-06 01:45:00+00:00,Mon 9:45PM
196298100,NFL In-Game $25 Double Up (4Q ATL @ NO),154105,In-Game Showdown (Q4),25.0,0,11,1,250.0,2026-10-06 01:45:00+00:00,Mon 9:45PM
196298089,NFL In-Game $20 50-50 (4Q ATL @ NO),154105,In-Game Showdown (Q4),20.0,0,10,1,180.0,2026-10-06 01:45:00+00:00,Mon 9:45PM
196298085,NFL In-Game $20 50-50 (4Q ATL @ NO),154105,In-Game Showdown (Q4),20.0,0,4,1,72.0,2026-10-06 01:45:00+00:00,Mon 9:45PM
196298090,NFL In-Game $20 5-Player (4Q ATL @ NO),154105,In-Game Showdown (Q4),20.0,0,5,1,90.0,2026-10-06 01:45:00+00:00,Mon 9:45PM
196298091,NFL In-Game $20 3-Player (4Q ATL @ NO),154105,In-Game Showdown (Q4),20.0,0,3,1,54.0,2026-10-06 01:45:00+00:00,Mon 9:45PM
196298092,NFL In-Game $20 3-Player (4Q ATL @ NO),154105,In-Game Showdown (Q4),20.0,0,3,1,54.0,2026-10-06 01:45:00+00:00,Mon 9:45PM
196298094,NFL In-Game $10 50-50 (4Q ATL @ NO),154105,In-Game Showdown (Q4),10.0,0,10,1,90.0,2026-10-06 01:45:00+00:00,Mon 9:45PM
196298093,NFL In-Game $10 50-50 (4Q ATL @ NO),154105,In-Game Showdown (Q4),10.0,0,4,1,36.0,2026-10-06 01:45:00+00:00,Mon 9:45PM
196298098,NFL In-Game $10 Double Up (4Q ATL @ NO),154105,In-Game Showdown (Q4),10.0,0,11,1,100.0,2026-10-06 01:45:00+00:00,Mon 9:45PM
196298099,NFL In-Game $10 Double Up (4Q ATL @ NO),154105,In-Game Showdown (Q4),10.0,0,11,1,100.0,2026-10-06 01:45:00+00:00,Mon 9:45PM
196298095,NFL In-Game $10 5-Player (4Q ATL @ NO),154105,In-Game Showdown (Q4),10.0,0,5,1,45.0,2026-10-06 01:45:00+00:00,Mon 9:45PM
196298096,NFL In-Game $10 3-Player (4Q ATL @ NO),154105,In-Game Showdown (Q4),10.0,0,3,1,27.0,2026-10-06 01:45:00+00:00,Mon 9:45PM
196298097,NFL In-Game $10 3-Player (4Q ATL @ NO),154105,In-Game Showdown (Q4),10.0,0,3,1,27.0,2026-10-06 01:45:00+00:00,Mon 9:45PM
196298052,NFL In-Game $5 50-50 (4Q ATL @ NO),154105,In-Game Showdown (Q4),5.0,0,10,1,45.0,2026-10-06 01:45:00+00:00,Mon 9:45PM
196298053,NFL In-Game $5 50-50 (4Q ATL @ NO),154105,In-Game Showdown (Q4),5.0,0,4,1,18.0,2026-10-06 01:45:00+00:00,Mon 9:45PM
196298054,NFL In-Game $5 50-50 (4Q ATL @ NO),154105,In-Game Showdown (Q4),5.0,0,4,1,18.0,2026-10-06 01:45:00+00:00,Mon 9:45PM
196298104,NFL In-Game $5 Double Up (4Q ATL @ NO),154105,In-Game Showdown (Q4),5.0,0,11,1,50.0,2026-10-06 01:45:00+00:00,Mon 9:45PM
196298105,NFL In-Game $5 Double Up (4Q ATL @ NO),154105,In-Game Showdown (Q4),5.0,0,11,1,50.0,2026-10-06 01:45:00+00:00,Mon 9:45PM
196298055,NFL In-Game $5 20-Player (4Q ATL @ NO),154105,In-Game Showdown (Q4),5.0,0,20,1,90.0,2026-10-06 01:45:00+00:00,Mon 9:45PM
196298058,NFL In-Game $5 10-Player (4Q ATL @ NO),154105,In-Game Showdown (Q4),5.0,0,10,1,45.0,2026-10-06 01:45:00+00:00,Mon 9:45PM
196298112,NFL In-Game $5 5-Player (4Q ATL @ NO),154105,In-Game Showdown (Q4),5.0,0,5,1,22.5,2026-10-06 01:45:00+00:00,Mon 9:45PM
196298113,NFL In-Game $5 5-Player (4Q ATL @ NO),154105,In-Game Showdown (Q4),5.0,0,5,1,22.5,2026-10-06 01:45:00+00:00,Mon 9:45PM
196298114,NFL In-Game $5 3-Player (4Q ATL @ NO),154105,In-Game Showdown (Q4),5.0,0,3,1,13.5,2026-10-06 01:45:00+00:00,Mon 9:45PM
196298115,NFL In-Game $5 3-Player (4Q ATL @ NO),154105,In-Game Showdown (Q4),5.0,0,3,1,13.5,2026-10-06 01:45:00+00:00,Mon 9:45PM
196413601,NFL In-Game $3 Double Up (4Q ATL @ NO),154105,In-Game Showdown (Q4),3.0,0,11,1,30.0,2026-10-06 01:45:00+00:00,Mon 9:45PM
196413661,NFL In-Game $3 Double Up (4Q ATL @ NO),154105,In-Game Showdown (Q4),3.0,0,11,1,30.0,2026-10-06 01:45:00+00:00,Mon 9:45PM
196298061,NFL In-Game $2 50-50 (4Q ATL @ NO),154105,In-Game Showdown (Q4),2.0,0,20,1,36.0,2026-10-06 01:45:00+00:00,Mon 9:45PM
196298062,NFL In-Game $2 50-50 (4Q ATL @ NO),154105,In-Game Showdown (Q4),2.0,0,10,1,18.0,2026-10-06 01:45:00+00:00,Mon 9:45PM
196298066,NFL In-Game $2 20-Player (4Q ATL @ NO),154105,In-Game Showdown (Q4),2.0,0,20,1,36.0,2026-10-06 01:45:00+00:00,Mon 9:45PM
196298067,NFL In-Game $2 10-Player (4Q ATL @ NO),154105,In-Game Showdown (Q4),2.0,0,10,1,18.0,2026-10-06 01:45:00+00:00,Mon 9:45PM
196298068,NFL In-Game $2 10-Player (4Q ATL @ NO),154105,In-Game Showdown (Q4),2.0,0,10,1,18.0,2026-10-06 01:45:00+00:00,Mon 9:45PM
196298070,NFL In-Game $2 5-Player (4Q ATL @ NO),154105,In-Game Showdown (Q4),2.0,0,5,1,9.0,2026-10-06 01:45:00+00:00,Mon 9:45PM
196298071,NFL In-Game $2 5-Player (4Q ATL @ NO),154105,In-Game Showdown (Q4),2.0,0,5,1,9.0,2026-10-06 01:45:00+00:00,Mon 9:45PM
196298073,NFL In-Game $2 3-Player (4Q ATL @ NO),154105,In-Game Showdown (Q4),2.0,0,3,1,5.4,2026-10-06 01:45:00+00:00,Mon 9:45PM
196298074,NFL In-Game $2 3-Player (4Q ATL @ NO),154105,In-Game Showdown (Q4),2.0,0,3,1,5.4,2026-10-06 01:45:00+00:00,Mon 9:45PM
196298075,NFL In-Game $1 50-50 (4Q ATL @ NO),154105,In-Game Showdown (Q4),1.0,0,20,1,18.0,2026-10-06 01:45:00+00:00,Mon 9:45PM
196298076,NFL In-Game $1 50-50 (4Q ATL @ NO),154105,In-Game Showdown (Q4),1.0,0,10,1,9.0,2026-10-06 01:45:00+00:00,Mon 9:45PM
196298077,NFL In-Game $1 50-50 (4Q ATL @ NO),154105,In-Game Showdown (Q4),1.0,0,10,1,9.0,2026-10-06 01:45:00+00:00,Mon 9:45PM
196298108,NFL In-Game $1 Double Up (4Q ATL @ NO),154105,In-Game Showdown (Q4),1.0,0,11,1,10.0,2026-10-06 01:45:00+00:00,Mon 9:45PM
196394844,NFL In-Game $1 Double Up (4Q ATL @ NO),154105,In-Game Showdown (Q4),1.0,0,11,1,10.0,2026-10-06 01:45:00+00:00,Mon 9:45PM
196298079,NFL In-Game $1 20-Player (4Q ATL @ NO),154105,In-Game Showdown (Q4),1.0,0,20,1,18.0,2026-10-06 01:45:00+00:00,Mon 9:45PM
196317600,NFL In-Game $1 10-Player (4Q ATL @ NO),154105,In-Game Showdown (Q4),1.0,0,10,1,9.0,2026-10-06 01:45:00+00:00,Mon 9:45PM
196317630,NFL In-Game $1 10-Player (4Q ATL @ NO),154105,In-Game Showdown (Q4),1.0,0,10,1,9.0,2026-10-06 01:45:00+00:00,Mon 9:45PM
196298082,NFL In-Game $1 5-Player (4Q ATL @ NO),154105,In-Game Showdown (Q4),1.0,0,5,1,4.5,2026-10-06 01:45:00+00:00,Mon 9:45PM
196298083,NFL In-Game $1 5-Player (4Q ATL @ NO),154105,In-Game Showdown (Q4),1.0,0,5,1,4.5,2026-10-06 01:45:00+00:00,Mon 9:45PM
196298084,NFL In-Game $1 5-Player (4Q ATL @ NO),154105,In-Game Showdown (Q4),1.0,0,5,1,4.5,2026-10-06 01:45:00+00:00,Mon 9:45PM
196298086,NFL In-Game $1 3-Player (4Q ATL @ NO),154105,In-Game Showdown (Q4),1.0,0,3,1,2.7,2026-10-06 01:45:00+00:00,Mon 9:45PM
196298087,NFL In-Game $1 3-Player (4Q ATL @ NO),154105,In-Game Showdown (Q4),1.0,0,3,1,2.7,2026-10-06 01:45:00+00:00,Mon 9:45PM
196298088,NFL In-Game $1 3-Player (4Q ATL @ NO),154105,In-Game Showdown (Q4),1.0,0,3,1,2.7,2026-10-06 01:45:00+00:00,Mon 9:45PM
196296570,NFL Best Ball $10 12-Player (W5-W17 Sit + Go),154392,Best Ball,10.0,7,12,1,108.0,2026-10-08 22:13:00+00:00,Thu 6:13PM
196352464,NFL Best Ball $5 12-Player (W5-W17 Sit + Go),154392,Best Ball,5.0,4,12,1,54.0,2026-10-08 22:13:00+00:00,Thu 6:13PM
196430840,NFL Best Ball $1 12-Player (W5-W17 Sit + Go),154392,Best Ball,1.0,0,12,1,10.8,2026-10-08 22:13:00+00:00,Thu 6:13PM
196296572,NFL Best Ball $20 12-Player (W5-W17 Sit + Go),154392,Best Ball,20.0,0,12,1,216.0,2026-10-08 22:13:00+00:00,Thu 6:13PM
196296574,NFL Best Ball $50 12-Player (W5-W17 Sit + Go),154392,Best Ball,50.0,0,12,1,540.0,2026-10-08 22:13:00+00:00,Thu 6:13PM
196296573,NFL Best Ball $109 12-Player (W5-W17 Sit + Go),154392,Best Ball,109.0,0,12,1,1200.0,2026-10-08 22:13:00+00:00,Thu 6:13PM
196296577,NFL Best Ball $215 12-Player (W5-W17 Sit + Go),154392,Best Ball,215.0,0,12,1,2400.0,2026-10-08 22:13:00+00:00,Thu 6:13PM
196296579,NFL Best Ball $530 12-Player (W5-W17 Sit + Go),154392,Best Ball,530.0,0,12,1,6000.0,2026-10-08 22:13:00+00:00,Thu 6:13PM
196296581,"NFL Best Ball $1,060 12-Player (W5-W17 Sit + Go)",154392,Best Ball,1060.0,0,12,1,12000.0,2026-10-08 22:13:00+00:00,Thu 6:13PM
196411479,NFL Best Ball $1 6-Player (W5-W17 Sit + Go),154392,Best Ball,1.0,1,6,1,5.4,2026-10-08 23:13:00+00:00,Thu 7:13PM
196296558,NFL Best Ball $10 6-Player (W5-W17 Sit + Go),154392,Best Ball,10.0,0,6,1,54.0,2026-10-08 23:13:00+00:00,Thu 7:13PM
196416117,NFL Best Ball $5 6-Player (W5-W17 Sit + Go),154392,Best Ball,5.0,0,6,1,27.0,2026-10-08 23:13:00+00:00,Thu 7:13PM
196296565,NFL Best Ball $20 6-Player (W5-W17 Sit + Go),154392,Best Ball,20.0,0,6,1,108.0,2026-10-08 23:13:00+00:00,Thu 7:13PM
196296567,NFL Best Ball $50 6-Player (W5-W17 Sit + Go),154392,Best Ball,50.0,0,6,1,270.0,2026-10-08 23:13:00+00:00,Thu 7:13PM
196296560,NFL Best Ball $109 6-Player (W5-W17 Sit + Go),154392,Best Ball,109.0,0,6,1,600.0,2026-10-08 23:13:00+00:00,Thu 7:13PM
196296576,NFL Best Ball $215 6-Player (W5-W17 Sit + Go),154392,Best Ball,215.0,0,6,1,1200.0,2026-10-08 23:13:00+00:00,Thu 7:13PM
196296578,NFL Best Ball $530 6-Player (W5-W17 Sit + Go),154392,Best Ball,530.0,0,6,1,3000.0,2026-10-08 23:13:00+00:00,Thu 7:13PM
196296580,"NFL Best Ball $1,060 6-Player (W5-W17 Sit + Go)",154392,Best Ball,1060.0,0,6,1,6000.0,2026-10-08 23:13:00+00:00,Thu 7:13PM
196371254,NFL Best Ball $10 3-Player (W5-W17 Sit + Go),154392,Best Ball,10.0,0,3,1,27.0,2026-10-08 23:43:00+00:00,Thu 7:43PM
196426707,NFL Best Ball $1 3-Player (W5-W17 Sit + Go),154392,Best Ball,1.0,0,3,1,2.7,2026-10-08 23:43:00+00:00,Thu 7:43PM
196419854,NFL Best Ball $5 3-Player (W5-W17 Sit + Go),154392,Best Ball,5.0,0,3,1,13.5,2026-10-08 23:43:00+00:00,Thu 7:43PM
196426078,NFL Best Ball $20 3-Player (W5-W17 Sit + Go),154392,Best Ball,20.0,0,3,1,54.0,2026-10-08 23:43:00+00:00,Thu 7:43PM
196296566,NFL Best Ball $50 3-Player (W5-W17 Sit + Go),154392,Best Ball,50.0,0,3,1,135.0,2026-10-08 23:43:00+00:00,Thu 7:43PM
196296559,NFL Best Ball $109 3-Player (W5-W17 Sit + Go),154392,Best Ball,109.0,0,3,1,300.0,2026-10-08 23:43:00+00:00,Thu 7:43PM
196296575,NFL Best Ball $215 3-Player (W5-W17 Sit + Go),154392,Best Ball,215.0,0,3,1,600.0,2026-10-08 23:43:00+00:00,Thu 7:43PM
196296568,NFL Best Ball $530 3-Player (W5-W17 Sit + Go),154392,Best Ball,530.0,0,3,1,1500.0,2026-10-08 23:43:00+00:00,Thu 7:43PM
196296561,"NFL Best Ball $1,060 3-Player (W5-W17 Sit + Go)",154392,Best Ball,1060.0,0,3,1,3000.0,2026-10-08 23:43:00+00:00,Thu 7:43PM
196421789,NFL Snake $1 12-Player,154496,Snake,1.0,2,12,1,10.8,2026-10-11 16:16:00+00:00,Sun 12:16PM
196421795,NFL Snake $10 12-Player,154496,Snake,10.0,0,12,1,108.0,2026-10-11 16:16:00+00:00,Sun 12:16PM
196421792,NFL Snake $5 12-Player,154496,Snake,5.0,0,12,1,54.0,2026-10-11 16:16:00+00:00,Sun 12:16PM
196421798,NFL Snake $20 12-Player,154496,Snake,20.0,0,12,1,216.0,2026-10-11 16:16:00+00:00,Sun 12:16PM
196421800,NFL Snake $50 12-Player,154496,Snake,50.0,0,12,1,540.0,2026-10-11 16:16:00+00:00,Sun 12:16PM
196421790,NFL Snake $5 6-Player,154496,Snake,5.0,1,6,1,27.0,2026-10-11 16:37:00+00:00,Sun 12:37PM
196421793,NFL Snake $10 6-Player,154496,Snake,10.0,0,6,1,54.0,2026-10-11 16:37:00+00:00,Sun 12:37PM
196421794,NFL Snake $10 6-Player,154496,Snake,10.0,0,6,1,54.0,2026-10-11 16:37:00+00:00,Sun 12:37PM
196421787,NFL Snake $1 6-Player,154496,Snake,1.0,0,6,1,5.4,2026-10-11 16:37:00+00:00,Sun 12:37PM
196421788,NFL Snake $1 6-Player,154496,Snake,1.0,0,6,1,5.4,2026-10-11 16:37:00+00:00,Sun 12:37PM
196421791,NFL Snake $5 6-Player,154496,Snake,5.0,0,6,1,27.0,2026-10-11 16:37:00+00:00,Sun 12:37PM
196421796,NFL Snake $20 6-Player,154496,Snake,20.0,0,6,1,108.0,2026-10-11 16:37:00+00:00,Sun 12:37PM
196421797,NFL Snake $20 6-Player,154496,Snake,20.0,0,6,1,108.0,2026-10-11 16:37:00+00:00,Sun 12:37PM
196421799,NFL Snake $50 6-Player,154496,Snake,50.0,0,6,1,270.0,2026-10-11 16:37:00+00:00,Sun 12:37PM
196421801,NFL Snake $109 6-Player,154496,Snake,109.0,0,6,1,600.0,2026-10-11 16:37:00+00:00,Sun 12:37PM
196421802,NFL Snake $530 6-Player,154496,Snake,530.0,0,6,1,3000.0,2026-10-11 16:37:00+00:00,Sun 12:37PM
196421803,NFL Snake $10 3-Player,154496,Snake,10.0,0,3,1,27.0,2026-10-11 16:47:00+00:00,Sun 12:47PM
196421804,NFL Snake $10 3-Player,154496,Snake,10.0,0,3,1,27.0,2026-10-11 16:47:00+00:00,Sun 12:47PM
196421805,NFL Snake $10 3-Player,154496,Snake,10.0,0,3,1,27.0,2026-10-11 16:47:00+00:00,Sun 12:47PM
196421807,NFL Snake $1 3-Player,154496,Snake,1.0,0,3,1,2.7,2026-10-11 16:47:00+00:00,Sun 12:47PM
196421808,NFL Snake $1 3-Player,154496,Snake,1.0,0,3,1,2.7,2026-10-11 16:47:00+00:00,Sun 12:47PM
196426721,NFL Snake $1 3-Player,154496,Snake,1.0,0,3,1,2.7,2026-10-11 16:47:00+00:00,Sun 12:47PM
196421809,NFL Snake $5 3-Player,154496,Snake,5.0,0,3,1,13.5,2026-10-11 16:47:00+00:00,Sun 12:47PM
196421810,NFL Snake $5 3-Player,154496,Snake,5.0,0,3,1,13.5,2026-10-11 16:47:00+00:00,Sun 12:47PM
196421811,NFL Snake $5 3-Player,154496,Snake,5.0,0,3,1,13.5,2026-10-11 16:47:00+00:00,Sun 12:47PM
196421812,NFL Snake $20 3-Player,154496,Snake,20.0,0,3,1,54.0,2026-10-11 16:47:00+00:00,Sun 12:47PM
196421813,NFL Snake $20 3-Player,154496,Snake,20.0,0,3,1,54.0,2026-10-11 16:47:00+00:00,Sun 12:47PM
196421814,NFL Snake $20 3-Player,154496,Snake,20.0,0,3,1,54.0,2026-10-11 16:47:00+00:00,Sun 12:47PM
196421815,NFL Snake $50 3-Player,154496,Snake,50.0,0,3,1,135.0,2026-10-11 16:47:00+00:00,Sun 12:47PM
196421816,NFL Snake $50 3-Player,154496,Snake,50.0,0,3,1,135.0,2026-10-11 16:47:00+00:00,Sun 12:47PM
196421817,NFL Snake $50 3-Player,154496,Snake,50.0,0,3,1,135.0,2026-10-11 16:47:00+00:00,Sun 12:47PM
196421818,NFL Snake $109 3-Player,154496,Snake,109.0,0,3,1,300.0,2026-10-11 16:47:00+00:00,Sun 12:47PM
196421819,NFL Snake $109 3-Player,154496,Snake,109.0,0,3,1,300.0,2026-10-11 16:47:00+00:00,Sun 12:47PM
196421820,NFL Snake $109 3-Player,154496,Snake,109.0,0,3,1,300.0,2026-10-11 16:47:00+00:00,Sun 12:47PM
196421821,NFL Snake $530 3-Player,154496,Snake,530.0,0,3,1,1500.0,2026-10-11 16:47:00+00:00,Sun 12:47PM
196421822,NFL Snake $530 3-Player,154496,Snake,530.0,0,3,1,1500.0,2026-10-11 16:47:00+00:00,Sun 12:47PM
196421823,"NFL Snake $1,060 3-Player",154496,Snake,1060.0,0,3,1,3000.0,2026-10-11 16:47:00+00:00,Sun 12:47PM
196421824,"NFL Snake $2,120 3-Player",154496,Snake,2120.0,0,3,1,6000.0,2026-10-11 16:47:00+00:00,Sun 12:47PM
196421825,"NFL Snake $5,300 3-Player",154496,Snake,5300.0,0,3,1,15000.0,2026-10-11 16:47:00+00:00,Sun 12:47PM
196421826,"NFL Snake $10,600 3-Player",154496,Snake,10600.0,0,3,1,30000.0,2026-10-11 16:47:00+00:00,Sun 12:47PM
196420596,Beginner NFL $1 50-50,154468,Classic,1.0,1,10,1,9.0,2026-10-11 17:00:00+00:00,Sun 1:00PM
196420597,Beginner NFL $1 50-50,154468,Classic,1.0,1,10,1,9.0,2026-10-11 17:00:00+00:00,Sun 1:00PM
196420598,Beginner NFL $1 50-50,154468,Classic,1.0,1,10,1,9.0,2026-10-11 17:00:00+00:00,Sun 1:00PM
196420581,Beginner NFL $1 5-Player,154468,Classic,1.0,1,5,1,4.5,2026-10-11 17:00:00+00:00,Sun 1:00PM
196420582,Beginner NFL $1 5-Player,154468,Classic,1.0,1,5,1,4.5,2026-10-11 17:00:00+00:00,Sun 1:00PM
196420632,"NFL $10,600 3-Player",154468,Classic,10600.0,1,3,1,30000.0,2026-10-11 17:00:00+00:00,Sun 1:00PM
196420633,"NFL $10,600 3-Player",154468,Classic,10600.0,1,3,1,30000.0,2026-10-11 17:00:00+00:00,Sun 1:00PM
196420634,"NFL $5,300 3-Player",154468,Classic,5300.0,1,3,1,15000.0,2026-10-11 17:00:00+00:00,Sun 1:00PM
196420635,"NFL $5,300 3-Player",154468,Classic,5300.0,1,3,1,15000.0,2026-10-11 17:00:00+00:00,Sun 1:00PM
196420666,"NFL $2,120 3-Player",154468,Classic,2120.0,1,3,1,6000.0,2026-10-11 17:00:00+00:00,Sun 1:00PM
196420667,"NFL $2,120 3-Player",154468,Classic,2120.0,1,3,1,6000.0,2026-10-11 17:00:00+00:00,Sun 1:00PM
196420640,"NFL $1,060 3-Player",154468,Classic,1060.0,1,3,1,3000.0,2026-10-11 17:00:00+00:00,Sun 1:00PM
196420641,"NFL $1,060 3-Player",154468,Classic,1060.0,1,3,1,3000.0,2026-10-11 17:00:00+00:00,Sun 1:00PM
196421937,"NFL $1,060 3-Player",154468,Classic,1060.0,1,3,1,3000.0,2026-10-11 17:00:00+00:00,Sun 1:00PM
196421938,"NFL $1,060 3-Player",154468,Classic,1060.0,1,3,1,3000.0,2026-10-11 17:00:00+00:00,Sun 1:00PM
196420644,NFL $530 3-Player,154468,Classic,530.0,1,3,1,1500.0,2026-10-11 17:00:00+00:00,Sun 1:00PM
196420645,NFL $530 3-Player,154468,Classic,530.0,1,3,1,1500.0,2026-10-11 17:00:00+00:00,Sun 1:00PM
196421939,NFL $530 3-Player,154468,Classic,530.0,1,3,1,1500.0,2026-10-11 17:00:00+00:00,Sun 1:00PM
196421940,NFL $530 3-Player,154468,Classic,530.0,1,3,1,1500.0,2026-10-11 17:00:00+00:00,Sun 1:00PM
196420646,NFL $270 3-Player,154468,Classic,270.0,1,3,1,750.0,2026-10-11 17:00:00+00:00,Sun 1:00PM
196420647,NFL $270 3-Player,154468,Classic,270.0,1,3,1,750.0,2026-10-11 17:00:00+00:00,Sun 1:00PM
196421941,NFL $270 3-Player,154468,Classic,270.0,1,3,1,750.0,2026-10-11 17:00:00+00:00,Sun 1:00PM
196421942,NFL $270 3-Player,154468,Classic,270.0,1,3,1,750.0,2026-10-11 17:00:00+00:00,Sun 1:00PM
196420543,NFL $162 3-Player,154468,Classic,162.0,1,3,1,450.0,2026-10-11 17:00:00+00:00,Sun 1:00PM
196420544,NFL $162 3-Player,154468,Classic,162.0,1,3,1,450.0,2026-10-11 17:00:00+00:00,Sun 1:00PM
196420545,NFL $162 3-Player,154468,Classic,162.0,1,3,1,450.0,2026-10-11 17:00:00+00:00,Sun 1:00PM
196421931,NFL $162 3-Player,154468,Classic,162.0,1,3,1,450.0,2026-10-11 17:00:00+00:00,Sun 1:00PM
196421932,NFL $162 3-Player,154468,Classic,162.0,1,3,1,450.0,2026-10-11 17:00:00+00:00,Sun 1:00PM
196421933,NFL $162 3-Player,154468,Classic,162.0,1,3,1,450.0,2026-10-11 17:00:00+00:00,Sun 1:00PM
196426045,NFL $162 3-Player,154468,Classic,162.0,1,3,1,450.0,2026-10-11 17:00:00+00:00,Sun 1:00PM
196420653,NFL $109 3-Player,154468,Classic,109.0,1,3,1,300.0,2026-10-11 17:00:00+00:00,Sun 1:00PM
196420654,NFL $109 3-Player,154468,Classic,109.0,1,3,1,300.0,2026-10-11 17:00:00+00:00,Sun 1:00PM
196420655,NFL $109 3-Player,154468,Classic,109.0,1,3,1,300.0,2026-10-11 17:00:00+00:00,Sun 1:00PM
196421944,NFL $109 3-Player,154468,Classic,109.0,1,3,1,300.0,2026-10-11 17:00:00+00:00,Sun 1:00PM
196420498,NFL $50 3-Player,154468,Classic,50.0,1,3,1,135.0,2026-10-11 17:00:00+00:00,Sun 1:00PM
196420499,NFL $50 3-Player,154468,Classic,50.0,1,3,1,135.0,2026-10-11 17:00:00+00:00,Sun 1:00PM
196420500,NFL $50 3-Player,154468,Classic,50.0,1,3,1,135.0,2026-10-11 17:00:00+00:00,Sun 1:00PM
196421920,NFL $50 3-Player,154468,Classic,50.0,1,3,1,135.0,2026-10-11 17:00:00+00:00,Sun 1:00PM
196420515,NFL $20 3-Player,154468,Classic,20.0,1,3,1,54.0,2026-10-11 17:00:00+00:00,Sun 1:00PM
196420516,NFL $20 3-Player,154468,Classic,20.0,1,3,1,54.0,2026-10-11 17:00:00+00:00,Sun 1:00PM
196420517,NFL $20 3-Player,154468,Classic,20.0,1,3,1,54.0,2026-10-11 17:00:00+00:00,Sun 1:00PM
196421929,NFL $20 3-Player,154468,Classic,20.0,1,3,1,54.0,2026-10-11 17:00:00+00:00,Sun 1:00PM
196420512,NFL $10 3-Player,154468,Classic,10.0,1,3,1,27.0,2026-10-11 17:00:00+00:00,Sun 1:00PM
196420513,NFL $10 3-Player,154468,Classic,10.0,1,3,1,27.0,2026-10-11 17:00:00+00:00,Sun 1:00PM
196420514,NFL $10 3-Player,154468,Classic,10.0,1,3,1,27.0,2026-10-11 17:00:00+00:00,Sun 1:00PM
196421925,NFL $10 3-Player,154468,Classic,10.0,1,3,1,27.0,2026-10-11 17:00:00+00:00,Sun 1:00PM
196414880,NFL $10 15-Player (Winner Takes All),154468,Classic,10.0,5,15,1,135.0,2026-10-11 17:00:00+00:00,Sun 1:00PM
196414879,NFL $10 10-Player (Winner Takes All),154468,Classic,10.0,2,10,1,90.0,2026-10-11 17:00:00+00:00,Sun 1:00PM
196420630,NFL $5 50-50,154468,Classic,5.0,2,100,1,450.0,2026-10-11 17:00:00+00:00,Sun 1:00PM
196414877,NFL $5 20-Player (Winner Takes All),154468,Classic,5.0,4,20,1,90.0,2026-10-11 17:00:00+00:00,Sun 1:00PM
196428494,NFL $5 20-Player (Winner Takes All),154468,Classic,5.0,2,20,1,90.0,2026-10-11 17:00:00+00:00,Sun 1:00PM
196414875,NFL $5 15-Player (Winner Takes All),154468,Classic,5.0,5,15,1,67.5,2026-10-11 17:00:00+00:00,Sun 1:00PM
196414871,NFL $5 10-Player (Winner Takes All),154468,Classic,5.0,3,10,1,45.0,2026-10-11 17:00:00+00:00,Sun 1:00PM
196414869,NFL $5 5-Player (Winner Takes All),154468,Classic,5.0,2,5,1,22.5,2026-10-11 17:00:00+00:00,Sun 1:00PM
196420509,NFL $5 3-Player,154468,Classic,5.0,1,3,1,13.5,2026-10-11 17:00:00+00:00,Sun 1:00PM
196420510,NFL $5 3-Player,154468,Classic,5.0,1,3,1,13.5,2026-10-11 17:00:00+00:00,Sun 1:00PM
196420511,NFL $5 3-Player,154468,Classic,5.0,1,3,1,13.5,2026-10-11 17:00:00+00:00,Sun 1:00PM
196421922,NFL $5 3-Player,154468,Classic,5.0,1,3,1,13.5,2026-10-11 17:00:00+00:00,Sun 1:00PM
196420487,NFL $5 3-Player,154468,Classic,5.0,1,3,1,13.5,2026-10-11 17:00:00+00:00,Sun 1:00PM
196420488,NFL $5 3-Player,154468,Classic,5.0,1,3,1,13.5,2026-10-11 17:00:00+00:00,Sun 1:00PM
196420489,NFL $5 3-Player,154468,Classic,5.0,1,3,1,13.5,2026-10-11 17:00:00+00:00,Sun 1:00PM
196420631,NFL $2 50-50,154468,Classic,2.0,2,100,1,180.0,2026-10-11 17:00:00+00:00,Sun 1:00PM
196420629,NFL $1 50-50,154468,Classic,1.0,1,100,1,90.0,2026-10-11 17:00:00+00:00,Sun 1:00PM
196413299,NFL $1 50-Player (Top 5 Win),154468,Classic,1.0,25,50,1,45.0,2026-10-11 17:00:00+00:00,Sun 1:00PM
196415983,NFL $1 25-Player (Top 3 Win),154468,Classic,1.0,4,25,1,22.5,2026-10-11 17:00:00+00:00,Sun 1:00PM
196416025,NFL $1 15-Player (Top 2 Win),154468,Classic,1.0,5,15,1,13.5,2026-10-11 17:00:00+00:00,Sun 1:00PM
196423651,NFL $1 13-Player (Winner Takes All),154468,Classic,1.0,1,13,1,11.7,2026-10-11 17:00:00+00:00,Sun 1:00PM
196420520,NFL $1 10-Player,154468,Classic,1.0,1,10,1,9.0,2026-10-11 17:00:00+00:00,Sun 1:00PM
196420505,NFL $1 3-Player,154468,Classic,1.0,1,3,1,2.7,2026-10-11 17:00:00+00:00,Sun 1:00PM
196430592,NFL $3 3-Player (Winner Takes All),154468,Classic,3.0,1,3,1,8.1,2026-10-11 17:00:00+00:00,Sun 1:00PM
196420751,NFL Satellite to $20 NFL Fantasy Football Millionaire [Must Fill],154468,Classic,7.4,0,3,1,20.0,2026-10-11 17:00:00+00:00,Sun 1:00PM
196422038,NFL Satellite to NBA Best Ball $20 Shootaround [Must Fill],154468,Classic,7.4,0,3,1,20.0,2026-10-11 17:00:00+00:00,Sun 1:00PM
196422053,NFL Satellite to NBA 10-20 $20 Opening Tip Off [Must Fill],154468,Classic,7.4,0,3,1,20.0,2026-10-11 17:00:00+00:00,Sun 1:00PM
196420723,Casual NFL $109 5-Player,154468,Classic,109.0,0,5,1,500.0,2026-10-11 17:00:00+00:00,Sun 1:00PM
196420722,Casual NFL $109 3-Player,154468,Classic,109.0,0,3,1,300.0,2026-10-11 17:00:00+00:00,Sun 1:00PM
196420678,Casual NFL $50 50-50,154468,Classic,50.0,0,10,1,450.0,2026-10-11 17:00:00+00:00,Sun 1:00PM
196420679,Casual NFL $50 50-50,154468,Classic,50.0,0,10,1,450.0,2026-10-11 17:00:00+00:00,Sun 1:00PM
196420680,Casual NFL $50 5-Player,154468,Classic,50.0,0,5,1,225.0,2026-10-11 17:00:00+00:00,Sun 1:00PM
196420693,Casual NFL $50 3-Player,154468,Classic,50.0,0,3,1,135.0,2026-10-11 17:00:00+00:00,Sun 1:00PM
196420694,Casual NFL $50 3-Player,154468,Classic,50.0,0,3,1,135.0,2026-10-11 17:00:00+00:00,Sun 1:00PM
196420675,Casual NFL $20 50-50,154468,Classic,20.0,0,10,1,180.0,2026-10-11 17:00:00+00:00,Sun 1:00PM
196420676,Casual NFL $20 50-50,154468,Classic,20.0,0,10,1,180.0,2026-10-11 17:00:00+00:00,Sun 1:00PM
196420677,Casual NFL $20 50-50,154468,Classic,20.0,0,10,1,180.0,2026-10-11 17:00:00+00:00,Sun 1:00PM
196420672,Casual NFL $20 5-Player,154468,Classic,20.0,0,5,1,90.0,2026-10-11 17:00:00+00:00,Sun 1:00PM
196420673,Casual NFL $20 5-Player,154468,Classic,20.0,0,5,1,90.0,2026-10-11 17:00:00+00:00,Sun 1:00PM
196420674,Casual NFL $20 5-Player,154468,Classic,20.0,0,5,1,90.0,2026-10-11 17:00:00+00:00,Sun 1:00PM
196420695,Casual NFL $20 3-Player,154468,Classic,20.0,0,3,1,54.0,2026-10-11 17:00:00+00:00,Sun 1:00PM
196420696,Casual NFL $20 3-Player,154468,Classic,20.0,0,3,1,54.0,2026-10-11 17:00:00+00:00,Sun 1:00PM
196420697,Casual NFL $20 3-Player,154468,Classic,20.0,0,3,1,54.0,2026-10-11 17:00:00+00:00,Sun 1:00PM
196420681,Casual NFL $10 50-50,154468,Classic,10.0,0,10,1,90.0,2026-10-11 17:00:00+00:00,Sun 1:00PM
196420682,Casual NFL $10 50-50,154468,Classic,10.0,0,10,1,90.0,2026-10-11 17:00:00+00:00,Sun 1:00PM
196420683,Casual NFL $10 50-50,154468,Classic,10.0,0,10,1,90.0,2026-10-11 17:00:00+00:00,Sun 1:00PM
196420698,Casual NFL $10 5-Player,154468,Classic,10.0,0,5,1,45.0,2026-10-11 17:00:00+00:00,Sun 1:00PM
196420699,Casual NFL $10 5-Player,154468,Classic,10.0,0,5,1,45.0,2026-10-11 17:00:00+00:00,Sun 1:00PM
196420700,Casual NFL $10 5-Player,154468,Classic,10.0,0,5,1,45.0,2026-10-11 17:00:00+00:00,Sun 1:00PM
196420701,Casual NFL $10 3-Player,154468,Classic,10.0,0,3,1,27.0,2026-10-11 17:00:00+00:00,Sun 1:00PM
196420702,Casual NFL $10 3-Player,154468,Classic,10.0,0,3,1,27.0,2026-10-11 17:00:00+00:00,Sun 1:00PM
196420703,Casual NFL $10 3-Player,154468,Classic,10.0,0,3,1,27.0,2026-10-11 17:00:00+00:00,Sun 1:00PM
196420684,Casual NFL $5 50-50,154468,Classic,5.0,0,10,1,45.0,2026-10-11 17:00:00+00:00,Sun 1:00PM
196420685,Casual NFL $5 50-50,154468,Classic,5.0,0,10,1,45.0,2026-10-11 17:00:00+00:00,Sun 1:00PM
196420686,Casual NFL $5 50-50,154468,Classic,5.0,0,10,1,45.0,2026-10-11 17:00:00+00:00,Sun 1:00PM
196420704,Casual NFL $5 5-Player,154468,Classic,5.0,0,5,1,22.5,2026-10-11 17:00:00+00:00,Sun 1:00PM
196420705,Casual NFL $5 5-Player,154468,Classic,5.0,0,5,1,22.5,2026-10-11 17:00:00+00:00,Sun 1:00PM
196420706,Casual NFL $5 5-Player,154468,Classic,5.0,0,5,1,22.5,2026-10-11 17:00:00+00:00,Sun 1:00PM
196420707,Casual NFL $5 3-Player,154468,Classic,5.0,0,3,1,13.5,2026-10-11 17:00:00+00:00,Sun 1:00PM
196420708,Casual NFL $5 3-Player,154468,Classic,5.0,0,3,1,13.5,2026-10-11 17:00:00+00:00,Sun 1:00PM
196420709,Casual NFL $5 3-Player,154468,Classic,5.0,0,3,1,13.5,2026-10-11 17:00:00+00:00,Sun 1:00PM
196420687,Casual NFL $3 50-50,154468,Classic,3.0,0,10,1,27.0,2026-10-11 17:00:00+00:00,Sun 1:00PM
196420688,Casual NFL $3 50-50,154468,Classic,3.0,0,10,1,27.0,2026-10-11 17:00:00+00:00,Sun 1:00PM
196420689,Casual NFL $3 50-50,154468,Classic,3.0,0,10,1,27.0,2026-10-11 17:00:00+00:00,Sun 1:00PM
196420710,Casual NFL $2 5-Player,154468,Classic,2.0,0,5,1,9.0,2026-10-11 17:00:00+00:00,Sun 1:00PM
196420711,Casual NFL $2 5-Player,154468,Classic,2.0,0,5,1,9.0,2026-10-11 17:00:00+00:00,Sun 1:00PM
196420712,Casual NFL $2 5-Player,154468,Classic,2.0,0,5,1,9.0,2026-10-11 17:00:00+00:00,Sun 1:00PM
196420713,Casual NFL $2 3-Player,154468,Classic,2.0,0,3,1,5.4,2026-10-11 17:00:00+00:00,Sun 1:00PM
196420714,Casual NFL $2 3-Player,154468,Classic,2.0,0,3,1,5.4,2026-10-11 17:00:00+00:00,Sun 1:00PM
196420715,Casual NFL $2 3-Player,154468,Classic,2.0,0,3,1,5.4,2026-10-11 17:00:00+00:00,Sun 1:00PM
196420690,Casual NFL $1 50-50,154468,Classic,1.0,0,10,1,9.0,2026-10-11 17:00:00+00:00,Sun 1:00PM
196420691,Casual NFL $1 50-50,154468,Classic,1.0,0,10,1,9.0,2026-10-11 17:00:00+00:00,Sun 1:00PM
196420692,Casual NFL $1 50-50,154468,Classic,1.0,0,10,1,9.0,2026-10-11 17:00:00+00:00,Sun 1:00PM
196420716,Casual NFL $1 5-Player,154468,Classic,1.0,0,5,1,4.5,2026-10-11 17:00:00+00:00,Sun 1:00PM
196420717,Casual NFL $1 5-Player,154468,Classic,1.0,0,5,1,4.5,2026-10-11 17:00:00+00:00,Sun 1:00PM
196420718,Casual NFL $1 5-Player,154468,Classic,1.0,0,5,1,4.5,2026-10-11 17:00:00+00:00,Sun 1:00PM
196420719,Casual NFL $1 3-Player,154468,Classic,1.0,0,3,1,2.7,2026-10-11 17:00:00+00:00,Sun 1:00PM
196420720,Casual NFL $1 3-Player,154468,Classic,1.0,0,3,1,2.7,2026-10-11 17:00:00+00:00,Sun 1:00PM
196420721,Casual NFL $1 3-Player,154468,Classic,1.0,0,3,1,2.7,2026-10-11 17:00:00+00:00,Sun 1:00PM
196420657,Beginner NFL $109 5-Player,154468,Classic,109.0,0,5,1,500.0,2026-10-11 17:00:00+00:00,Sun 1:00PM
196420656,Beginner NFL $109 3-Player,154468,Classic,109.0,0,3,1,300.0,2026-10-11 17:00:00+00:00,Sun 1:00PM
196420624,Beginner NFL $50 50-50,154468,Classic,50.0,0,10,1,450.0,2026-10-11 17:00:00+00:00,Sun 1:00PM
196420625,Beginner NFL $50 50-50,154468,Classic,50.0,0,10,1,450.0,2026-10-11 17:00:00+00:00,Sun 1:00PM
196420628,Beginner NFL $50 5-Player,154468,Classic,50.0,0,5,1,225.0,2026-10-11 17:00:00+00:00,Sun 1:00PM
196420626,Beginner NFL $50 3-Player,154468,Classic,50.0,0,3,1,135.0,2026-10-11 17:00:00+00:00,Sun 1:00PM
196420627,Beginner NFL $50 3-Player,154468,Classic,50.0,0,3,1,135.0,2026-10-11 17:00:00+00:00,Sun 1:00PM
196420608,Beginner NFL $20 50-50,154468,Classic,20.0,0,10,1,180.0,2026-10-11 17:00:00+00:00,Sun 1:00PM
196420609,Beginner NFL $20 50-50,154468,Classic,20.0,0,10,1,180.0,2026-10-11 17:00:00+00:00,Sun 1:00PM
196420610,Beginner NFL $20 50-50,154468,Classic,20.0,0,10,1,180.0,2026-10-11 17:00:00+00:00,Sun 1:00PM
196420593,Beginner NFL $20 5-Player,154468,Classic,20.0,0,5,1,90.0,2026-10-11 17:00:00+00:00,Sun 1:00PM
196420594,Beginner NFL $20 5-Player,154468,Classic,20.0,0,5,1,90.0,2026-10-11 17:00:00+00:00,Sun 1:00PM
196420595,Beginner NFL $20 5-Player,154468,Classic,20.0,0,5,1,90.0,2026-10-11 17:00:00+00:00,Sun 1:00PM
196420575,Beginner NFL $20 3-Player,154468,Classic,20.0,0,3,1,54.0,2026-10-11 17:00:00+00:00,Sun 1:00PM
196420576,Beginner NFL $20 3-Player,154468,Classic,20.0,0,3,1,54.0,2026-10-11 17:00:00+00:00,Sun 1:00PM
196420577,Beginner NFL $20 3-Player,154468,Classic,20.0,0,3,1,54.0,2026-10-11 17:00:00+00:00,Sun 1:00PM
196420605,Beginner NFL $10 50-50,154468,Classic,10.0,0,10,1,90.0,2026-10-11 17:00:00+00:00,Sun 1:00PM
196420606,Beginner NFL $10 50-50,154468,Classic,10.0,0,10,1,90.0,2026-10-11 17:00:00+00:00,Sun 1:00PM
196420607,Beginner NFL $10 50-50,154468,Classic,10.0,0,10,1,90.0,2026-10-11 17:00:00+00:00,Sun 1:00PM
196420590,Beginner NFL $10 5-Player,154468,Classic,10.0,0,5,1,45.0,2026-10-11 17:00:00+00:00,Sun 1:00PM
196420591,Beginner NFL $10 5-Player,154468,Classic,10.0,0,5,1,45.0,2026-10-11 17:00:00+00:00,Sun 1:00PM
196420592,Beginner NFL $10 5-Player,154468,Classic,10.0,0,5,1,45.0,2026-10-11 17:00:00+00:00,Sun 1:00PM
196420572,Beginner NFL $10 3-Player,154468,Classic,10.0,0,3,1,27.0,2026-10-11 17:00:00+00:00,Sun 1:00PM
196420573,Beginner NFL $10 3-Player,154468,Classic,10.0,0,3,1,27.0,2026-10-11 17:00:00+00:00,Sun 1:00PM
196420574,Beginner NFL $10 3-Player,154468,Classic,10.0,0,3,1,27.0,2026-10-11 17:00:00+00:00,Sun 1:00PM
196420602,Beginner NFL $5 50-50,154468,Classic,5.0,0,10,1,45.0,2026-10-11 17:00:00+00:00,Sun 1:00PM
196420603,Beginner NFL $5 50-50,154468,Classic,5.0,0,10,1,45.0,2026-10-11 17:00:00+00:00,Sun 1:00PM
196420604,Beginner NFL $5 50-50,154468,Classic,5.0,0,10,1,45.0,2026-10-11 17:00:00+00:00,Sun 1:00PM
196420587,Beginner NFL $5 5-Player,154468,Classic,5.0,0,5,1,22.5,2026-10-11 17:00:00+00:00,Sun 1:00PM
196420588,Beginner NFL $5 5-Player,154468,Classic,5.0,0,5,1,22.5,2026-10-11 17:00:00+00:00,Sun 1:00PM
196420589,Beginner NFL $5 5-Player,154468,Classic,5.0,0,5,1,22.5,2026-10-11 17:00:00+00:00,Sun 1:00PM
196420566,Beginner NFL $5 3-Player,154468,Classic,5.0,0,3,1,13.5,2026-10-11 17:00:00+00:00,Sun 1:00PM
196420567,Beginner NFL $5 3-Player,154468,Classic,5.0,0,3,1,13.5,2026-10-11 17:00:00+00:00,Sun 1:00PM
196420568,Beginner NFL $5 3-Player,154468,Classic,5.0,0,3,1,13.5,2026-10-11 17:00:00+00:00,Sun 1:00PM
196420599,Beginner NFL $3 50-50,154468,Classic,3.0,0,10,1,27.0,2026-10-11 17:00:00+00:00,Sun 1:00PM
196420600,Beginner NFL $3 50-50,154468,Classic,3.0,0,10,1,27.0,2026-10-11 17:00:00+00:00,Sun 1:00PM
196420601,Beginner NFL $3 50-50,154468,Classic,3.0,0,10,1,27.0,2026-10-11 17:00:00+00:00,Sun 1:00PM
196420584,Beginner NFL $2 5-Player,154468,Classic,2.0,0,5,1,9.0,2026-10-11 17:00:00+00:00,Sun 1:00PM
196420585,Beginner NFL $2 5-Player,154468,Classic,2.0,0,5,1,9.0,2026-10-11 17:00:00+00:00,Sun 1:00PM
196420586,Beginner NFL $2 5-Player,154468,Classic,2.0,0,5,1,9.0,2026-10-11 17:00:00+00:00,Sun 1:00PM
196420578,Beginner NFL $2 3-Player,154468,Classic,2.0,0,3,1,5.4,2026-10-11 17:00:00+00:00,Sun 1:00PM
196420579,Beginner NFL $2 3-Player,154468,Classic,2.0,0,3,1,5.4,2026-10-11 17:00:00+00:00,Sun 1:00PM
196420580,Beginner NFL $2 3-Player,154468,Classic,2.0,0,3,1,5.4,2026-10-11 17:00:00+00:00,Sun 1:00PM
196425536,Beginner NFL $1 50-50,154468,Classic,1.0,0,10,1,9.0,2026-10-11 17:00:00+00:00,Sun 1:00PM
196425537,Beginner NFL $1 50-50,154468,Classic,1.0,0,10,1,9.0,2026-10-11 17:00:00+00:00,Sun 1:00PM
196425538,Beginner NFL $1 50-50,154468,Classic,1.0,0,10,1,9.0,2026-10-11 17:00:00+00:00,Sun 1:00PM
196420583,Beginner NFL $1 5-Player,154468,Classic,1.0,0,5,1,4.5,2026-10-11 17:00:00+00:00,Sun 1:00PM
196425534,Beginner NFL $1 5-Player,154468,Classic,1.0,0,5,1,4.5,2026-10-11 17:00:00+00:00,Sun 1:00PM
196425535,Beginner NFL $1 5-Player,154468,Classic,1.0,0,5,1,4.5,2026-10-11 17:00:00+00:00,Sun 1:00PM
196420569,Beginner NFL $1 3-Player,154468,Classic,1.0,0,3,1,2.7,2026-10-11 17:00:00+00:00,Sun 1:00PM
196420570,Beginner NFL $1 3-Player,154468,Classic,1.0,0,3,1,2.7,2026-10-11 17:00:00+00:00,Sun 1:00PM
196420571,Beginner NFL $1 3-Player,154468,Classic,1.0,0,3,1,2.7,2026-10-11 17:00:00+00:00,Sun 1:00PM
196421915,"NFL $10,600 3-Player",154468,Classic,10600.0,0,3,1,30000.0,2026-10-11 17:00:00+00:00,Sun 1:00PM
196421934,"NFL $10,600 3-Player",154468,Classic,10600.0,0,3,1,30000.0,2026-10-11 17:00:00+00:00,Sun 1:00PM
196420636,"NFL $5,300 50-50",154468,Classic,5300.0,0,4,1,20000.0,2026-10-11 17:00:00+00:00,Sun 1:00PM
196420637,"NFL $5,300 50-50",154468,Classic,5300.0,0,4,1,20000.0,2026-10-11 17:00:00+00:00,Sun 1:00PM
196421935,"NFL $5,300 3-Player",154468,Classic,5300.0,0,3,1,15000.0,2026-10-11 17:00:00+00:00,Sun 1:00PM
196421936,"NFL $5,300 3-Player",154468,Classic,5300.0,0,3,1,15000.0,2026-10-11 17:00:00+00:00,Sun 1:00PM
196420670,"NFL $2,120 50-50",154468,Classic,2120.0,0,4,1,8000.0,2026-10-11 17:00:00+00:00,Sun 1:00PM
196420671,"NFL $2,120 50-50",154468,Classic,2120.0,0,4,1,8000.0,2026-10-11 17:00:00+00:00,Sun 1:00PM
196420668,"NFL $2,120 5-Player",154468,Classic,2120.0,0,5,1,10000.0,2026-10-11 17:00:00+00:00,Sun 1:00PM
196420669,"NFL $2,120 5-Player",154468,Classic,2120.0,0,5,1,10000.0,2026-10-11 17:00:00+00:00,Sun 1:00PM
196421946,"NFL $2,120 3-Player",154468,Classic,2120.0,0,3,1,6000.0,2026-10-11 17:00:00+00:00,Sun 1:00PM
196421947,"NFL $2,120 3-Player",154468,Classic,2120.0,0,3,1,6000.0,2026-10-11 17:00:00+00:00,Sun 1:00PM
196420638,"NFL $1,060 50-50",154468,Classic,1060.0,0,4,1,4000.0,2026-10-11 17:00:00+00:00,Sun 1:00PM
196420639,"NFL $1,060 50-50",154468,Classic,1060.0,0,4,1,4000.0,2026-10-11 17:00:00+00:00,Sun 1:00PM
196420523,"NFL $1,060 5-Player",154468,Classic,1060.0,0,5,1,5000.0,2026-10-11 17:00:00+00:00,Sun 1:00PM
196420524,"NFL $1,060 5-Player",154468,Classic,1060.0,0,5,1,5000.0,2026-10-11 17:00:00+00:00,Sun 1:00PM
196430505,"NFL $1,060 3-Player",154468,Classic,1060.0,0,3,1,3000.0,2026-10-11 17:00:00+00:00,Sun 1:00PM
196430506,"NFL $1,060 3-Player",154468,Classic,1060.0,0,3,1,3000.0,2026-10-11 17:00:00+00:00,Sun 1:00PM
196420642,NFL $530 50-50,154468,Classic,530.0,0,4,1,2000.0,2026-10-11 17:00:00+00:00,Sun 1:00PM
196420643,NFL $530 50-50,154468,Classic,530.0,0,4,1,2000.0,2026-10-11 17:00:00+00:00,Sun 1:00PM
196420660,NFL $530 50-50,154468,Classic,530.0,0,8,1,4000.0,2026-10-11 17:00:00+00:00,Sun 1:00PM
196420550,NFL $530 5-Player,154468,Classic,530.0,0,5,1,2500.0,2026-10-11 17:00:00+00:00,Sun 1:00PM
196420551,NFL $530 5-Player,154468,Classic,530.0,0,5,1,2500.0,2026-10-11 17:00:00+00:00,Sun 1:00PM
196430511,NFL $530 3-Player,154468,Classic,530.0,0,3,1,1500.0,2026-10-11 17:00:00+00:00,Sun 1:00PM
196430512,NFL $530 3-Player,154468,Classic,530.0,0,3,1,1500.0,2026-10-11 17:00:00+00:00,Sun 1:00PM
196420659,NFL $270 50-50,154468,Classic,270.0,0,8,1,2000.0,2026-10-11 17:00:00+00:00,Sun 1:00PM
196420741,NFL $270 50-50,154468,Classic,270.0,0,4,1,1000.0,2026-10-11 17:00:00+00:00,Sun 1:00PM
196420742,NFL $270 50-50,154468,Classic,270.0,0,4,1,1000.0,2026-10-11 17:00:00+00:00,Sun 1:00PM
196420611,NFL $270 10-Player,154468,Classic,270.0,0,10,1,2500.0,2026-10-11 17:00:00+00:00,Sun 1:00PM
196430513,NFL $270 3-Player,154468,Classic,270.0,0,3,1,750.0,2026-10-11 17:00:00+00:00,Sun 1:00PM
196430515,NFL $270 3-Player,154468,Classic,270.0,0,3,1,750.0,2026-10-11 17:00:00+00:00,Sun 1:00PM
196420548,NFL $270 5-Player,154468,Classic,270.0,0,5,1,1250.0,2026-10-11 17:00:00+00:00,Sun 1:00PM
196420549,NFL $270 5-Player,154468,Classic,270.0,0,5,1,1250.0,2026-10-11 17:00:00+00:00,Sun 1:00PM
196420658,NFL $162 50-50,154468,Classic,162.0,0,8,1,1200.0,2026-10-11 17:00:00+00:00,Sun 1:00PM
196420533,NFL $162 50-50,154468,Classic,162.0,0,4,1,600.0,2026-10-11 17:00:00+00:00,Sun 1:00PM
196420534,NFL $162 50-50,154468,Classic,162.0,0,4,1,600.0,2026-10-11 17:00:00+00:00,Sun 1:00PM
196420546,NFL $162 5-Player,154468,Classic,162.0,0,5,1,750.0,2026-10-11 17:00:00+00:00,Sun 1:00PM
196420547,NFL $162 5-Player,154468,Classic,162.0,0,5,1,750.0,2026-10-11 17:00:00+00:00,Sun 1:00PM
196430517,NFL $162 3-Player,154468,Classic,162.0,0,3,1,450.0,2026-10-11 17:00:00+00:00,Sun 1:00PM
196430518,NFL $162 3-Player,154468,Classic,162.0,0,3,1,450.0,2026-10-11 17:00:00+00:00,Sun 1:00PM
196430519,NFL $162 3-Player,154468,Classic,162.0,0,3,1,450.0,2026-10-11 17:00:00+00:00,Sun 1:00PM
196420565,NFL $109 50-50,154468,Classic,109.0,0,20,1,2000.0,2026-10-11 17:00:00+00:00,Sun 1:00PM
196420537,NFL $109 50-50,154468,Classic,109.0,0,10,1,1000.0,2026-10-11 17:00:00+00:00,Sun 1:00PM
196420648,NFL $109 50-50,154468,Classic,109.0,0,4,1,400.0,2026-10-11 17:00:00+00:00,Sun 1:00PM
196420649,NFL $109 50-50,154468,Classic,109.0,0,4,1,400.0,2026-10-11 17:00:00+00:00,Sun 1:00PM
196420650,NFL $109 5-Player,154468,Classic,109.0,0,5,1,500.0,2026-10-11 17:00:00+00:00,Sun 1:00PM
196420651,NFL $109 5-Player,154468,Classic,109.0,0,5,1,500.0,2026-10-11 17:00:00+00:00,Sun 1:00PM
196421943,NFL $109 3-Player,154468,Classic,109.0,0,3,1,300.0,2026-10-11 17:00:00+00:00,Sun 1:00PM
196421945,NFL $109 3-Player,154468,Classic,109.0,0,3,1,300.0,2026-10-11 17:00:00+00:00,Sun 1:00PM
196424023,NFL $109 3-Player,154468,Classic,109.0,0,3,1,300.0,2026-10-11 17:00:00+00:00,Sun 1:00PM
196420564,NFL $50 50-50,154468,Classic,50.0,0,20,1,900.0,2026-10-11 17:00:00+00:00,Sun 1:00PM
196420535,NFL $50 50-50,154468,Classic,50.0,0,10,1,450.0,2026-10-11 17:00:00+00:00,Sun 1:00PM
196420536,NFL $50 50-50,154468,Classic,50.0,0,10,1,450.0,2026-10-11 17:00:00+00:00,Sun 1:00PM
196420492,NFL $50 50-50,154468,Classic,50.0,0,4,1,180.0,2026-10-11 17:00:00+00:00,Sun 1:00PM
196420493,NFL $50 50-50,154468,Classic,50.0,0,4,1,180.0,2026-10-11 17:00:00+00:00,Sun 1:00PM
196420494,NFL $50 50-50,154468,Classic,50.0,0,4,1,180.0,2026-10-11 17:00:00+00:00,Sun 1:00PM
196420729,NFL $50 Double Up,154468,Classic,50.0,0,22,1,1000.0,2026-10-11 17:00:00+00:00,Sun 1:00PM
196420728,NFL $50 Double Up,154468,Classic,50.0,0,11,1,500.0,2026-10-11 17:00:00+00:00,Sun 1:00PM
196420614,NFL $50 20-Player,154468,Classic,50.0,0,20,1,900.0,2026-10-11 17:00:00+00:00,Sun 1:00PM
196420525,NFL $50 10-Player,154468,Classic,50.0,0,10,1,450.0,2026-10-11 17:00:00+00:00,Sun 1:00PM
196420526,NFL $50 10-Player,154468,Classic,50.0,0,10,1,450.0,2026-10-11 17:00:00+00:00,Sun 1:00PM
196420501,NFL $50 5-Player,154468,Classic,50.0,0,5,1,225.0,2026-10-11 17:00:00+00:00,Sun 1:00PM
196420502,NFL $50 5-Player,154468,Classic,50.0,0,5,1,225.0,2026-10-11 17:00:00+00:00,Sun 1:00PM
196421919,NFL $50 3-Player,154468,Classic,50.0,0,3,1,135.0,2026-10-11 17:00:00+00:00,Sun 1:00PM
196421921,NFL $50 3-Player,154468,Classic,50.0,0,3,1,135.0,2026-10-11 17:00:00+00:00,Sun 1:00PM
196424019,NFL $50 3-Player,154468,Classic,50.0,0,3,1,135.0,2026-10-11 17:00:00+00:00,Sun 1:00PM
196420727,NFL $25 Double Up,154468,Classic,25.0,0,22,1,500.0,2026-10-11 17:00:00+00:00,Sun 1:00PM
196420726,NFL $25 Double Up,154468,Classic,25.0,0,11,1,250.0,2026-10-11 17:00:00+00:00,Sun 1:00PM
196420665,NFL $20 50-50,154468,Classic,20.0,0,50,1,900.0,2026-10-11 17:00:00+00:00,Sun 1:00PM
196420562,NFL $20 50-50,154468,Classic,20.0,0,20,1,360.0,2026-10-11 17:00:00+00:00,Sun 1:00PM
196420563,NFL $20 50-50,154468,Classic,20.0,0,20,1,360.0,2026-10-11 17:00:00+00:00,Sun 1:00PM
196420482,NFL $20 50-50,154468,Classic,20.0,0,10,1,180.0,2026-10-11 17:00:00+00:00,Sun 1:00PM
196420483,NFL $20 50-50,154468,Classic,20.0,0,10,1,180.0,2026-10-11 17:00:00+00:00,Sun 1:00PM
196420740,NFL $20 100-Player,154468,Classic,20.0,0,100,1,1800.0,2026-10-11 17:00:00+00:00,Sun 1:00PM
196420617,NFL $20 40-Player,154468,Classic,20.0,0,40,1,720.0,2026-10-11 17:00:00+00:00,Sun 1:00PM
196420612,NFL $20 20-Player,154468,Classic,20.0,0,20,1,360.0,2026-10-11 17:00:00+00:00,Sun 1:00PM
196420613,NFL $20 20-Player,154468,Classic,20.0,0,20,1,360.0,2026-10-11 17:00:00+00:00,Sun 1:00PM
196420531,NFL $20 10-Player,154468,Classic,20.0,0,10,1,180.0,2026-10-11 17:00:00+00:00,Sun 1:00PM
196420532,NFL $20 10-Player,154468,Classic,20.0,0,10,1,180.0,2026-10-11 17:00:00+00:00,Sun 1:00PM
196420476,NFL $20 5-Player,154468,Classic,20.0,0,5,1,90.0,2026-10-11 17:00:00+00:00,Sun 1:00PM
196420477,NFL $20 5-Player,154468,Classic,20.0,0,5,1,90.0,2026-10-11 17:00:00+00:00,Sun 1:00PM
196420478,NFL $20 5-Player,154468,Classic,20.0,0,5,1,90.0,2026-10-11 17:00:00+00:00,Sun 1:00PM
196421928,NFL $20 3-Player,154468,Classic,20.0,0,3,1,54.0,2026-10-11 17:00:00+00:00,Sun 1:00PM
196421930,NFL $20 3-Player,154468,Classic,20.0,0,3,1,54.0,2026-10-11 17:00:00+00:00,Sun 1:00PM
196424022,NFL $20 3-Player,154468,Classic,20.0,0,3,1,54.0,2026-10-11 17:00:00+00:00,Sun 1:00PM
196420664,NFL $10 50-50,154468,Classic,10.0,0,50,1,450.0,2026-10-11 17:00:00+00:00,Sun 1:00PM
196420541,NFL $10 50-50,154468,Classic,10.0,0,20,1,180.0,2026-10-11 17:00:00+00:00,Sun 1:00PM
196420542,NFL $10 50-50,154468,Classic,10.0,0,20,1,180.0,2026-10-11 17:00:00+00:00,Sun 1:00PM
196420518,NFL $10 50-50,154468,Classic,10.0,0,10,1,90.0,2026-10-11 17:00:00+00:00,Sun 1:00PM
196420519,NFL $10 50-50,154468,Classic,10.0,0,10,1,90.0,2026-10-11 17:00:00+00:00,Sun 1:00PM
196420724,NFL $10 Double Up,154468,Classic,10.0,0,11,1,100.0,2026-10-11 17:00:00+00:00,Sun 1:00PM
196420725,NFL $10 Double Up,154468,Classic,10.0,0,11,1,100.0,2026-10-11 17:00:00+00:00,Sun 1:00PM
196420739,NFL $10 100-Player,154468,Classic,10.0,0,100,1,900.0,2026-10-11 17:00:00+00:00,Sun 1:00PM
196420616,NFL $10 40-Player,154468,Classic,10.0,0,40,1,360.0,2026-10-11 17:00:00+00:00,Sun 1:00PM
196420527,NFL $10 20-Player,154468,Classic,10.0,0,20,1,180.0,2026-10-11 17:00:00+00:00,Sun 1:00PM
196420528,NFL $10 20-Player,154468,Classic,10.0,0,20,1,180.0,2026-10-11 17:00:00+00:00,Sun 1:00PM
196420490,NFL $10 10-Player,154468,Classic,10.0,0,10,1,90.0,2026-10-11 17:00:00+00:00,Sun 1:00PM
196420491,NFL $10 10-Player,154468,Classic,10.0,0,10,1,90.0,2026-10-11 17:00:00+00:00,Sun 1:00PM
196420473,NFL $10 5-Player,154468,Classic,10.0,0,5,1,45.0,2026-10-11 17:00:00+00:00,Sun 1:00PM
196420474,NFL $10 5-Player,154468,Classic,10.0,0,5,1,45.0,2026-10-11 17:00:00+00:00,Sun 1:00PM
196420475,NFL $10 5-Player,154468,Classic,10.0,0,5,1,45.0,2026-10-11 17:00:00+00:00,Sun 1:00PM
196421926,NFL $10 3-Player,154468,Classic,10.0,0,3,1,27.0,2026-10-11 17:00:00+00:00,Sun 1:00PM
196421927,NFL $10 3-Player,154468,Classic,10.0,0,3,1,27.0,2026-10-11 17:00:00+00:00,Sun 1:00PM
196424021,NFL $10 3-Player,154468,Classic,10.0,0,3,1,27.0,2026-10-11 17:00:00+00:00,Sun 1:00PM
196421967,NFL $5 50-50,154468,Classic,5.0,0,100,1,450.0,2026-10-11 17:00:00+00:00,Sun 1:00PM
196420663,NFL $5 50-50,154468,Classic,5.0,0,50,1,225.0,2026-10-11 17:00:00+00:00,Sun 1:00PM
196420538,NFL $5 50-50,154468,Classic,5.0,0,20,1,90.0,2026-10-11 17:00:00+00:00,Sun 1:00PM
196420539,NFL $5 50-50,154468,Classic,5.0,0,20,1,90.0,2026-10-11 17:00:00+00:00,Sun 1:00PM
196420540,NFL $5 50-50,154468,Classic,5.0,0,20,1,90.0,2026-10-11 17:00:00+00:00,Sun 1:00PM
196420479,NFL $5 50-50,154468,Classic,5.0,0,10,1,45.0,2026-10-11 17:00:00+00:00,Sun 1:00PM
196420480,NFL $5 50-50,154468,Classic,5.0,0,10,1,45.0,2026-10-11 17:00:00+00:00,Sun 1:00PM
196420481,NFL $5 50-50,154468,Classic,5.0,0,10,1,45.0,2026-10-11 17:00:00+00:00,Sun 1:00PM
196420730,NFL $5 Double Up,154468,Classic,5.0,0,11,1,50.0,2026-10-11 17:00:00+00:00,Sun 1:00PM
196420731,NFL $5 Double Up,154468,Classic,5.0,0,11,1,50.0,2026-10-11 17:00:00+00:00,Sun 1:00PM
196420738,NFL $5 100-Player,154468,Classic,5.0,0,100,1,450.0,2026-10-11 17:00:00+00:00,Sun 1:00PM
196420615,NFL $5 40-Player,154468,Classic,5.0,0,40,1,180.0,2026-10-11 17:00:00+00:00,Sun 1:00PM
196420529,NFL $5 20-Player,154468,Classic,5.0,0,20,1,90.0,2026-10-11 17:00:00+00:00,Sun 1:00PM
196420530,NFL $5 20-Player,154468,Classic,5.0,0,20,1,90.0,2026-10-11 17:00:00+00:00,Sun 1:00PM
196420464,NFL $5 10-Player,154468,Classic,5.0,0,10,1,45.0,2026-10-11 17:00:00+00:00,Sun 1:00PM
196420465,NFL $5 10-Player,154468,Classic,5.0,0,10,1,45.0,2026-10-11 17:00:00+00:00,Sun 1:00PM
196420466,NFL $5 10-Player,154468,Classic,5.0,0,10,1,45.0,2026-10-11 17:00:00+00:00,Sun 1:00PM
196420470,NFL $5 5-Player,154468,Classic,5.0,0,5,1,22.5,2026-10-11 17:00:00+00:00,Sun 1:00PM
196420471,NFL $5 5-Player,154468,Classic,5.0,0,5,1,22.5,2026-10-11 17:00:00+00:00,Sun 1:00PM
196420472,NFL $5 5-Player,154468,Classic,5.0,0,5,1,22.5,2026-10-11 17:00:00+00:00,Sun 1:00PM
196421923,NFL $5 3-Player,154468,Classic,5.0,0,3,1,13.5,2026-10-11 17:00:00+00:00,Sun 1:00PM
196421924,NFL $5 3-Player,154468,Classic,5.0,0,3,1,13.5,2026-10-11 17:00:00+00:00,Sun 1:00PM
196424020,NFL $5 3-Player,154468,Classic,5.0,0,3,1,13.5,2026-10-11 17:00:00+00:00,Sun 1:00PM
196421916,NFL $5 3-Player,154468,Classic,5.0,0,3,1,13.5,2026-10-11 17:00:00+00:00,Sun 1:00PM
196421917,NFL $5 3-Player,154468,Classic,5.0,0,3,1,13.5,2026-10-11 17:00:00+00:00,Sun 1:00PM
196421918,NFL $5 3-Player,154468,Classic,5.0,0,3,1,13.5,2026-10-11 17:00:00+00:00,Sun 1:00PM
196420732,NFL $3 Double Up,154468,Classic,3.0,0,11,1,30.0,2026-10-11 17:00:00+00:00,Sun 1:00PM
196420733,NFL $3 Double Up,154468,Classic,3.0,0,11,1,30.0,2026-10-11 17:00:00+00:00,Sun 1:00PM
196425790,NFL $2 50-50,154468,Classic,2.0,0,100,1,180.0,2026-10-11 17:00:00+00:00,Sun 1:00PM
196420662,NFL $2 50-50,154468,Classic,2.0,0,50,1,90.0,2026-10-11 17:00:00+00:00,Sun 1:00PM
196420652,NFL $2 50-50,154468,Classic,2.0,0,20,1,36.0,2026-10-11 17:00:00+00:00,Sun 1:00PM
196420484,NFL $2 50-50,154468,Classic,2.0,0,20,1,36.0,2026-10-11 17:00:00+00:00,Sun 1:00PM
196420485,NFL $2 50-50,154468,Classic,2.0,0,20,1,36.0,2026-10-11 17:00:00+00:00,Sun 1:00PM
196420486,NFL $2 50-50,154468,Classic,2.0,0,20,1,36.0,2026-10-11 17:00:00+00:00,Sun 1:00PM
196420621,NFL $2 50-50,154468,Classic,2.0,0,10,1,18.0,2026-10-11 17:00:00+00:00,Sun 1:00PM
196420622,NFL $2 50-50,154468,Classic,2.0,0,10,1,18.0,2026-10-11 17:00:00+00:00,Sun 1:00PM
196420623,NFL $2 50-50,154468,Classic,2.0,0,10,1,18.0,2026-10-11 17:00:00+00:00,Sun 1:00PM
196420737,NFL $2 100-Player,154468,Classic,2.0,0,100,1,180.0,2026-10-11 17:00:00+00:00,Sun 1:00PM
196420560,NFL $2 40-Player,154468,Classic,2.0,0,40,1,72.0,2026-10-11 17:00:00+00:00,Sun 1:00PM
196420561,NFL $2 40-Player,154468,Classic,2.0,0,40,1,72.0,2026-10-11 17:00:00+00:00,Sun 1:00PM
196420555,NFL $2 20-Player,154468,Classic,2.0,0,20,1,36.0,2026-10-11 17:00:00+00:00,Sun 1:00PM
196420556,NFL $2 20-Player,154468,Classic,2.0,0,20,1,36.0,2026-10-11 17:00:00+00:00,Sun 1:00PM
196420557,NFL $2 20-Player,154468,Classic,2.0,0,20,1,36.0,2026-10-11 17:00:00+00:00,Sun 1:00PM
196420461,NFL $2 10-Player,154468,Classic,2.0,0,10,1,18.0,2026-10-11 17:00:00+00:00,Sun 1:00PM
196420462,NFL $2 10-Player,154468,Classic,2.0,0,10,1,18.0,2026-10-11 17:00:00+00:00,Sun 1:00PM
196420463,NFL $2 10-Player,154468,Classic,2.0,0,10,1,18.0,2026-10-11 17:00:00+00:00,Sun 1:00PM
196420458,NFL $2 5-Player,154468,Classic,2.0,0,5,1,9.0,2026-10-11 17:00:00+00:00,Sun 1:00PM
196420459,NFL $2 5-Player,154468,Classic,2.0,0,5,1,9.0,2026-10-11 17:00:00+00:00,Sun 1:00PM
196420460,NFL $2 5-Player,154468,Classic,2.0,0,5,1,9.0,2026-10-11 17:00:00+00:00,Sun 1:00PM
196420506,NFL $2 3-Player,154468,Classic,2.0,0,3,1,5.4,2026-10-11 17:00:00+00:00,Sun 1:00PM
196420507,NFL $2 3-Player,154468,Classic,2.0,0,3,1,5.4,2026-10-11 17:00:00+00:00,Sun 1:00PM
196420508,NFL $2 3-Player,154468,Classic,2.0,0,3,1,5.4,2026-10-11 17:00:00+00:00,Sun 1:00PM
196425803,NFL $1 50-50,154468,Classic,1.0,0,100,1,90.0,2026-10-11 17:00:00+00:00,Sun 1:00PM
196420661,NFL $1 50-50,154468,Classic,1.0,0,50,1,45.0,2026-10-11 17:00:00+00:00,Sun 1:00PM
196420495,NFL $1 50-50,154468,Classic,1.0,0,20,1,18.0,2026-10-11 17:00:00+00:00,Sun 1:00PM
196420496,NFL $1 50-50,154468,Classic,1.0,0,20,1,18.0,2026-10-11 17:00:00+00:00,Sun 1:00PM
196420497,NFL $1 50-50,154468,Classic,1.0,0,20,1,18.0,2026-10-11 17:00:00+00:00,Sun 1:00PM
196420618,NFL $1 50-50,154468,Classic,1.0,0,10,1,9.0,2026-10-11 17:00:00+00:00,Sun 1:00PM
196420619,NFL $1 50-50,154468,Classic,1.0,0,10,1,9.0,2026-10-11 17:00:00+00:00,Sun 1:00PM
196420620,NFL $1 50-50,154468,Classic,1.0,0,10,1,9.0,2026-10-11 17:00:00+00:00,Sun 1:00PM
196420734,NFL $1 Double Up,154468,Classic,1.0,0,11,1,10.0,2026-10-11 17:00:00+00:00,Sun 1:00PM
196420735,NFL $1 Double Up,154468,Classic,1.0,0,11,1,10.0,2026-10-11 17:00:00+00:00,Sun 1:00PM
196420736,NFL $1 100-Player,154468,Classic,1.0,0,100,1,90.0,2026-10-11 17:00:00+00:00,Sun 1:00PM
196420558,NFL $1 40-Player,154468,Classic,1.0,0,40,1,36.0,2026-10-11 17:00:00+00:00,Sun 1:00PM
196420559,NFL $1 40-Player,154468,Classic,1.0,0,40,1,36.0,2026-10-11 17:00:00+00:00,Sun 1:00PM
196420552,NFL $1 20-Player,154468,Classic,1.0,0,20,1,18.0,2026-10-11 17:00:00+00:00,Sun 1:00PM
196420553,NFL $1 20-Player,154468,Classic,1.0,0,20,1,18.0,2026-10-11 17:00:00+00:00,Sun 1:00PM
196420554,NFL $1 20-Player,154468,Classic,1.0,0,20,1,18.0,2026-10-11 17:00:00+00:00,Sun 1:00PM
196420521,NFL $1 10-Player,154468,Classic,1.0,0,10,1,9.0,2026-10-11 17:00:00+00:00,Sun 1:00PM
196420522,NFL $1 10-Player,154468,Classic,1.0,0,10,1,9.0,2026-10-11 17:00:00+00:00,Sun 1:00PM
196427595,NFL $1 10-Player,154468,Classic,1.0,0,10,1,9.0,2026-10-11 17:00:00+00:00,Sun 1:00PM
196420467,NFL $1 5-Player,154468,Classic,1.0,0,5,1,4.5,2026-10-11 17:00:00+00:00,Sun 1:00PM
196420468,NFL $1 5-Player,154468,Classic,1.0,0,5,1,4.5,2026-10-11 17:00:00+00:00,Sun 1:00PM
196420469,NFL $1 5-Player,154468,Classic,1.0,0,5,1,4.5,2026-10-11 17:00:00+00:00,Sun 1:00PM
196420503,NFL $1 3-Player,154468,Classic,1.0,0,3,1,2.7,2026-10-11 17:00:00+00:00,Sun 1:00PM
196420504,NFL $1 3-Player,154468,Classic,1.0,0,3,1,2.7,2026-10-11 17:00:00+00:00,Sun 1:00PM
196428215,NFL $1 3-Player,154468,Classic,1.0,0,3,1,2.7,2026-10-11 17:00:00+00:00,Sun 1:00PM
196422227,NFL Single Stat Satellite to $20 NFL Fantasy Football Millionaire [Must Fill] (Touchdowns),154503,Single Stat - Touchdowns,7.4,0,3,1,20.0,2026-10-11 17:00:00+00:00,Sun 1:00PM
196422131,Beginner NFL Single Stat $50 50-50 (Touchdowns),154503,Single Stat - Touchdowns,50.0,0,4,1,180.0,2026-10-11 17:00:00+00:00,Sun 1:00PM
196422136,Beginner NFL Single Stat $50 3-Player (Touchdowns),154503,Single Stat - Touchdowns,50.0,0,3,1,135.0,2026-10-11 17:00:00+00:00,Sun 1:00PM
196422132,Beginner NFL Single Stat $20 50-50 (Touchdowns),154503,Single Stat - Touchdowns,20.0,0,4,1,72.0,2026-10-11 17:00:00+00:00,Sun 1:00PM
196422137,Beginner NFL Single Stat $20 3-Player (Touchdowns),154503,Single Stat - Touchdowns,20.0,0,3,1,54.0,2026-10-11 17:00:00+00:00,Sun 1:00PM
196422133,Beginner NFL Single Stat $10 50-50 (Touchdowns),154503,Single Stat - Touchdowns,10.0,0,4,1,36.0,2026-10-11 17:00:00+00:00,Sun 1:00PM
196422138,Beginner NFL Single Stat $10 3-Player (Touchdowns),154503,Single Stat - Touchdowns,10.0,0,3,1,27.0,2026-10-11 17:00:00+00:00,Sun 1:00PM
196422134,Beginner NFL Single Stat $5 50-50 (Touchdowns),154503,Single Stat - Touchdowns,5.0,0,4,1,18.0,2026-10-11 17:00:00+00:00,Sun 1:00PM
196422139,Beginner NFL Single Stat $5 3-Player (Touchdowns),154503,Single Stat - Touchdowns,5.0,0,3,1,13.5,2026-10-11 17:00:00+00:00,Sun 1:00PM
196422135,Beginner NFL Single Stat $3 50-50 (Touchdowns),154503,Single Stat - Touchdowns,3.0,0,4,1,10.8,2026-10-11 17:00:00+00:00,Sun 1:00PM
196422140,Beginner NFL Single Stat $2 3-Player (Touchdowns),154503,Single Stat - Touchdowns,2.0,0,3,1,5.4,2026-10-11 17:00:00+00:00,Sun 1:00PM
196422220,Beginner NFL Single Stat $1 50-50 (Touchdowns),154503,Single Stat - Touchdowns,1.0,0,4,1,3.6,2026-10-11 17:00:00+00:00,Sun 1:00PM
196422141,Beginner NFL Single Stat $1 3-Player (Touchdowns),154503,Single Stat - Touchdowns,1.0,0,3,1,2.7,2026-10-11 17:00:00+00:00,Sun 1:00PM
196422142,"NFL Single Stat $10,600 3-Player (Touchdowns)",154503,Single Stat - Touchdowns,10600.0,0,3,1,30000.0,2026-10-11 17:00:00+00:00,Sun 1:00PM
196422143,"NFL Single Stat $10,600 3-Player (Touchdowns)",154503,Single Stat - Touchdowns,10600.0,0,3,1,30000.0,2026-10-11 17:00:00+00:00,Sun 1:00PM
196422146,"NFL Single Stat $5,300 50-50 (Touchdowns)",154503,Single Stat - Touchdowns,5300.0,0,4,1,20000.0,2026-10-11 17:00:00+00:00,Sun 1:00PM
196422147,"NFL Single Stat $5,300 50-50 (Touchdowns)",154503,Single Stat - Touchdowns,5300.0,0,4,1,20000.0,2026-10-11 17:00:00+00:00,Sun 1:00PM
196422144,"NFL Single Stat $5,300 3-Player (Touchdowns)",154503,Single Stat - Touchdowns,5300.0,0,3,1,15000.0,2026-10-11 17:00:00+00:00,Sun 1:00PM
196422145,"NFL Single Stat $5,300 3-Player (Touchdowns)",154503,Single Stat - Touchdowns,5300.0,0,3,1,15000.0,2026-10-11 17:00:00+00:00,Sun 1:00PM
196422148,"NFL Single Stat $1,060 50-50 (Touchdowns)",154503,Single Stat - Touchdowns,1060.0,0,4,1,4000.0,2026-10-11 17:00:00+00:00,Sun 1:00PM
196422149,"NFL Single Stat $1,060 50-50 (Touchdowns)",154503,Single Stat - Touchdowns,1060.0,0,4,1,4000.0,2026-10-11 17:00:00+00:00,Sun 1:00PM
196422150,"NFL Single Stat $1,060 3-Player (Touchdowns)",154503,Single Stat - Touchdowns,1060.0,0,3,1,3000.0,2026-10-11 17:00:00+00:00,Sun 1:00PM
196422151,"NFL Single Stat $1,060 3-Player (Touchdowns)",154503,Single Stat - Touchdowns,1060.0,0,3,1,3000.0,2026-10-11 17:00:00+00:00,Sun 1:00PM
196422152,NFL Single Stat $530 50-50 (Touchdowns),154503,Single Stat - Touchdowns,530.0,0,4,1,2000.0,2026-10-11 17:00:00+00:00,Sun 1:00PM
196422153,NFL Single Stat $530 50-50 (Touchdowns),154503,Single Stat - Touchdowns,530.0,0,4,1,2000.0,2026-10-11 17:00:00+00:00,Sun 1:00PM
196422154,NFL Single Stat $530 3-Player (Touchdowns),154503,Single Stat - Touchdowns,530.0,0,3,1,1500.0,2026-10-11 17:00:00+00:00,Sun 1:00PM
196422155,NFL Single Stat $530 3-Player (Touchdowns),154503,Single Stat - Touchdowns,530.0,0,3,1,1500.0,2026-10-11 17:00:00+00:00,Sun 1:00PM
196422214,NFL Single Stat $270 50-50 (Touchdowns),154503,Single Stat - Touchdowns,270.0,0,4,1,1000.0,2026-10-11 17:00:00+00:00,Sun 1:00PM
196422215,NFL Single Stat $270 50-50 (Touchdowns),154503,Single Stat - Touchdowns,270.0,0,4,1,1000.0,2026-10-11 17:00:00+00:00,Sun 1:00PM
196422160,NFL Single Stat $270 3-Player (Touchdowns),154503,Single Stat - Touchdowns,270.0,0,3,1,750.0,2026-10-11 17:00:00+00:00,Sun 1:00PM
196422161,NFL Single Stat $270 3-Player (Touchdowns),154503,Single Stat - Touchdowns,270.0,0,3,1,750.0,2026-10-11 17:00:00+00:00,Sun 1:00PM
196422163,NFL Single Stat $109 50-50 (Touchdowns),154503,Single Stat - Touchdowns,109.0,0,4,1,400.0,2026-10-11 17:00:00+00:00,Sun 1:00PM
196422164,NFL Single Stat $109 50-50 (Touchdowns),154503,Single Stat - Touchdowns,109.0,0,4,1,400.0,2026-10-11 17:00:00+00:00,Sun 1:00PM
196422167,NFL Single Stat $109 3-Player (Touchdowns),154503,Single Stat - Touchdowns,109.0,0,3,1,300.0,2026-10-11 17:00:00+00:00,Sun 1:00PM
196422168,NFL Single Stat $109 3-Player (Touchdowns),154503,Single Stat - Touchdowns,109.0,0,3,1,300.0,2026-10-11 17:00:00+00:00,Sun 1:00PM
196422169,NFL Single Stat $109 3-Player (Touchdowns),154503,Single Stat - Touchdowns,109.0,0,3,1,300.0,2026-10-11 17:00:00+00:00,Sun 1:00PM
196422176,NFL Single Stat $50 50-50 (Touchdowns),154503,Single Stat - Touchdowns,50.0,0,8,1,360.0,2026-10-11 17:00:00+00:00,Sun 1:00PM
196422173,NFL Single Stat $50 50-50 (Touchdowns),154503,Single Stat - Touchdowns,50.0,0,4,1,180.0,2026-10-11 17:00:00+00:00,Sun 1:00PM
196422207,NFL Single Stat $50 Double Up (Touchdowns),154503,Single Stat - Touchdowns,50.0,0,22,1,1000.0,2026-10-11 17:00:00+00:00,Sun 1:00PM
196422206,NFL Single Stat $50 Double Up (Touchdowns),154503,Single Stat - Touchdowns,50.0,0,11,1,500.0,2026-10-11 17:00:00+00:00,Sun 1:00PM
196422182,NFL Single Stat $50 3-Player (Touchdowns),154503,Single Stat - Touchdowns,50.0,0,3,1,135.0,2026-10-11 17:00:00+00:00,Sun 1:00PM
196422205,NFL Single Stat $25 Double Up (Touchdowns),154503,Single Stat - Touchdowns,25.0,0,22,1,500.0,2026-10-11 17:00:00+00:00,Sun 1:00PM
196422204,NFL Single Stat $25 Double Up (Touchdowns),154503,Single Stat - Touchdowns,25.0,0,11,1,250.0,2026-10-11 17:00:00+00:00,Sun 1:00PM
196422193,NFL Single Stat $20 50-50 (Touchdowns),154503,Single Stat - Touchdowns,20.0,0,10,1,180.0,2026-10-11 17:00:00+00:00,Sun 1:00PM
196422189,NFL Single Stat $20 50-50 (Touchdowns),154503,Single Stat - Touchdowns,20.0,0,4,1,72.0,2026-10-11 17:00:00+00:00,Sun 1:00PM
196422194,NFL Single Stat $20 5-Player (Touchdowns),154503,Single Stat - Touchdowns,20.0,0,5,1,90.0,2026-10-11 17:00:00+00:00,Sun 1:00PM
196422195,NFL Single Stat $20 3-Player (Touchdowns),154503,Single Stat - Touchdowns,20.0,0,3,1,54.0,2026-10-11 17:00:00+00:00,Sun 1:00PM
196422196,NFL Single Stat $20 3-Player (Touchdowns),154503,Single Stat - Touchdowns,20.0,0,3,1,54.0,2026-10-11 17:00:00+00:00,Sun 1:00PM
196422198,NFL Single Stat $10 50-50 (Touchdowns),154503,Single Stat - Touchdowns,10.0,0,10,1,90.0,2026-10-11 17:00:00+00:00,Sun 1:00PM
196422197,NFL Single Stat $10 50-50 (Touchdowns),154503,Single Stat - Touchdowns,10.0,0,4,1,36.0,2026-10-11 17:00:00+00:00,Sun 1:00PM
196422202,NFL Single Stat $10 Double Up (Touchdowns),154503,Single Stat - Touchdowns,10.0,0,11,1,100.0,2026-10-11 17:00:00+00:00,Sun 1:00PM
196422203,NFL Single Stat $10 Double Up (Touchdowns),154503,Single Stat - Touchdowns,10.0,0,11,1,100.0,2026-10-11 17:00:00+00:00,Sun 1:00PM
196422199,NFL Single Stat $10 5-Player (Touchdowns),154503,Single Stat - Touchdowns,10.0,0,5,1,45.0,2026-10-11 17:00:00+00:00,Sun 1:00PM
196422200,NFL Single Stat $10 3-Player (Touchdowns),154503,Single Stat - Touchdowns,10.0,0,3,1,27.0,2026-10-11 17:00:00+00:00,Sun 1:00PM
196422201,NFL Single Stat $10 3-Player (Touchdowns),154503,Single Stat - Touchdowns,10.0,0,3,1,27.0,2026-10-11 17:00:00+00:00,Sun 1:00PM
196422156,NFL Single Stat $5 50-50 (Touchdowns),154503,Single Stat - Touchdowns,5.0,0,10,1,45.0,2026-10-11 17:00:00+00:00,Sun 1:00PM
196422157,NFL Single Stat $5 50-50 (Touchdowns),154503,Single Stat - Touchdowns,5.0,0,4,1,18.0,2026-10-11 17:00:00+00:00,Sun 1:00PM
196422158,NFL Single Stat $5 50-50 (Touchdowns),154503,Single Stat - Touchdowns,5.0,0,4,1,18.0,2026-10-11 17:00:00+00:00,Sun 1:00PM
196422208,NFL Single Stat $5 Double Up (Touchdowns),154503,Single Stat - Touchdowns,5.0,0,11,1,50.0,2026-10-11 17:00:00+00:00,Sun 1:00PM
196422209,NFL Single Stat $5 Double Up (Touchdowns),154503,Single Stat - Touchdowns,5.0,0,11,1,50.0,2026-10-11 17:00:00+00:00,Sun 1:00PM
196422159,NFL Single Stat $5 20-Player (Touchdowns),154503,Single Stat - Touchdowns,5.0,0,20,1,90.0,2026-10-11 17:00:00+00:00,Sun 1:00PM
196422162,NFL Single Stat $5 10-Player (Touchdowns),154503,Single Stat - Touchdowns,5.0,0,10,1,45.0,2026-10-11 17:00:00+00:00,Sun 1:00PM
196422216,NFL Single Stat $5 5-Player (Touchdowns),154503,Single Stat - Touchdowns,5.0,0,5,1,22.5,2026-10-11 17:00:00+00:00,Sun 1:00PM
196422217,NFL Single Stat $5 5-Player (Touchdowns),154503,Single Stat - Touchdowns,5.0,0,5,1,22.5,2026-10-11 17:00:00+00:00,Sun 1:00PM
196422218,NFL Single Stat $5 3-Player (Touchdowns),154503,Single Stat - Touchdowns,5.0,0,3,1,13.5,2026-10-11 17:00:00+00:00,Sun 1:00PM
196422219,NFL Single Stat $5 3-Player (Touchdowns),154503,Single Stat - Touchdowns,5.0,0,3,1,13.5,2026-10-11 17:00:00+00:00,Sun 1:00PM
196422210,NFL Single Stat $3 Double Up (Touchdowns),154503,Single Stat - Touchdowns,3.0,0,11,1,30.0,2026-10-11 17:00:00+00:00,Sun 1:00PM
196422211,NFL Single Stat $3 Double Up (Touchdowns),154503,Single Stat - Touchdowns,3.0,0,11,1,30.0,2026-10-11 17:00:00+00:00,Sun 1:00PM
196422165,NFL Single Stat $2 50-50 (Touchdowns),154503,Single Stat - Touchdowns,2.0,0,20,1,36.0,2026-10-11 17:00:00+00:00,Sun 1:00PM
196422166,NFL Single Stat $2 50-50 (Touchdowns),154503,Single Stat - Touchdowns,2.0,0,10,1,18.0,2026-10-11 17:00:00+00:00,Sun 1:00PM
196422170,NFL Single Stat $2 20-Player (Touchdowns),154503,Single Stat - Touchdowns,2.0,0,20,1,36.0,2026-10-11 17:00:00+00:00,Sun 1:00PM
196422171,NFL Single Stat $2 10-Player (Touchdowns),154503,Single Stat - Touchdowns,2.0,0,10,1,18.0,2026-10-11 17:00:00+00:00,Sun 1:00PM
196422172,NFL Single Stat $2 10-Player (Touchdowns),154503,Single Stat - Touchdowns,2.0,0,10,1,18.0,2026-10-11 17:00:00+00:00,Sun 1:00PM
196422174,NFL Single Stat $2 5-Player (Touchdowns),154503,Single Stat - Touchdowns,2.0,0,5,1,9.0,2026-10-11 17:00:00+00:00,Sun 1:00PM
196422175,NFL Single Stat $2 5-Player (Touchdowns),154503,Single Stat - Touchdowns,2.0,0,5,1,9.0,2026-10-11 17:00:00+00:00,Sun 1:00PM
196422177,NFL Single Stat $2 3-Player (Touchdowns),154503,Single Stat - Touchdowns,2.0,0,3,1,5.4,2026-10-11 17:00:00+00:00,Sun 1:00PM
196422178,NFL Single Stat $2 3-Player (Touchdowns),154503,Single Stat - Touchdowns,2.0,0,3,1,5.4,2026-10-11 17:00:00+00:00,Sun 1:00PM
196422179,NFL Single Stat $1 50-50 (Touchdowns),154503,Single Stat - Touchdowns,1.0,0,20,1,18.0,2026-10-11 17:00:00+00:00,Sun 1:00PM
196422180,NFL Single Stat $1 50-50 (Touchdowns),154503,Single Stat - Touchdowns,1.0,0,10,1,9.0,2026-10-11 17:00:00+00:00,Sun 1:00PM
196422181,NFL Single Stat $1 50-50 (Touchdowns),154503,Single Stat - Touchdowns,1.0,0,10,1,9.0,2026-10-11 17:00:00+00:00,Sun 1:00PM
196422212,NFL Single Stat $1 Double Up (Touchdowns),154503,Single Stat - Touchdowns,1.0,0,11,1,10.0,2026-10-11 17:00:00+00:00,Sun 1:00PM
196422213,NFL Single Stat $1 Double Up (Touchdowns),154503,Single Stat - Touchdowns,1.0,0,11,1,10.0,2026-10-11 17:00:00+00:00,Sun 1:00PM
196422183,NFL Single Stat $1 20-Player (Touchdowns),154503,Single Stat - Touchdowns,1.0,0,20,1,18.0,2026-10-11 17:00:00+00:00,Sun 1:00PM
196422184,NFL Single Stat $1 10-Player (Touchdowns),154503,Single Stat - Touchdowns,1.0,0,10,1,9.0,2026-10-11 17:00:00+00:00,Sun 1:00PM
196422185,NFL Single Stat $1 10-Player (Touchdowns),154503,Single Stat - Touchdowns,1.0,0,10,1,9.0,2026-10-11 17:00:00+00:00,Sun 1:00PM
196422186,NFL Single Stat $1 5-Player (Touchdowns),154503,Single Stat - Touchdowns,1.0,0,5,1,4.5,2026-10-11 17:00:00+00:00,Sun 1:00PM
196422187,NFL Single Stat $1 5-Player (Touchdowns),154503,Single Stat - Touchdowns,1.0,0,5,1,4.5,2026-10-11 17:00:00+00:00,Sun 1:00PM
196422188,NFL Single Stat $1 5-Player (Touchdowns),154503,Single Stat - Touchdowns,1.0,0,5,1,4.5,2026-10-11 17:00:00+00:00,Sun 1:00PM
196422190,NFL Single Stat $1 3-Player (Touchdowns),154503,Single Stat - Touchdowns,1.0,0,3,1,2.7,2026-10-11 17:00:00+00:00,Sun 1:00PM
196422191,NFL Single Stat $1 3-Player (Touchdowns),154503,Single Stat - Touchdowns,1.0,0,3,1,2.7,2026-10-11 17:00:00+00:00,Sun 1:00PM
196422192,NFL Single Stat $1 3-Player (Touchdowns),154503,Single Stat - Touchdowns,1.0,0,3,1,2.7,2026-10-11 17:00:00+00:00,Sun 1:00PM
