contest_id,name,draft_group,game_type,entry_fee,entries,max_entries,max_per_user,prize_pool,starts_utc,starts_text
195526287,NFL Showdown $1.5M Monday Night Showdown [$500K to 1st] (DEN @ KC),153086,Showdown Captain Mode,20.0,52161,88235,150,1500000.0,,Mon 8:15PM
195526250,NFL Showdown $700K Field General [$200K to 1st] (DEN @ KC),153086,Showdown Captain Mode,444.0,1022,1751,52,700000.0,,Mon 8:15PM
195648007,NFL $3M Fantasy Football Millionaire [$1M to 1st],153428,Classic,20.0,3798,176470,150,3000000.0,,Sun 1:00PM
195648008,NFL $3M Fantasy Football Millionaire [$1M to 1st],153428,Classic,555.0,251,6006,150,3000000.0,,Sun 1:00PM
195526252,"NFL Showdown $150K Wildcat [5 Entry Max, $25K to 1st] (DEN @ KC)",153086,Showdown Captain Mode,333.0,289,500,5,150000.0,,Mon 8:15PM
195526251,NFL Showdown $150K Bootleg [$50K to 1st] (DEN @ KC),153086,Showdown Captain Mode,33.0,2984,5300,150,150000.0,,Mon 8:15PM
195526253,NFL Showdown $300K Play-Action [20 Entry Max] (DEN @ KC),153086,Showdown Captain Mode,3.0,80897,118906,20,300000.0,,Mon 8:15PM
195526248,NFL Showdown $61K Luxury Box [$20K to 1st] (DEN @ KC),153086,Showdown Captain Mode,1500.0,21,43,1,61000.0,,Mon 8:15PM
195526258,NFL Showdown $50K Power Sweep [5 Entry Max] (DEN @ KC),153086,Showdown Captain Mode,150.0,188,370,5,50000.0,,Mon 8:15PM
195526263,"NFL Showdown $40K Double Spy [$10K to 1st, Single Entry] (DEN @ KC)",153086,Showdown Captain Mode,200.0,96,222,1,40000.0,,Mon 8:15PM
195526264,NFL Showdown $10K Double Spy [Single Entry] (DEN @ KC),153086,Showdown Captain Mode,200.0,23,55,1,10000.0,,Mon 8:15PM
195526230,NFL Showdown $100K Huddle [Single Entry] (DEN @ KC),153086,Showdown Captain Mode,5.0,10119,23781,1,100000.0,,Mon 8:15PM
195658648,NFL Showdown $10K Huddle [Single Entry] (DEN @ KC),153086,Showdown Captain Mode,5.0,1703,2378,1,10000.0,,Mon 8:15PM
195526265,"NFL Showdown $100K Spy [$20K to 1st, Single Entry] (DEN @ KC)",153086,Showdown Captain Mode,100.0,789,1111,1,100000.0,,Mon 8:15PM
195526266,NFL Showdown $35K Spy [Single Entry] (DEN @ KC),153086,Showdown Captain Mode,100.0,258,388,1,35000.0,,Mon 8:15PM
195648006,NFL $800K Play-Action [20 Entry Max],153428,Classic,3.0,8020,317082,20,800000.0,,Sun 1:00PM
195648009,NFL $900K Luxury Box [$200K to 1st],153428,Classic,3180.0,24,300,9,900000.0,,Sun 1:00PM
195526303,NFL $30K Flea Flicker [$10K to 1st] (Mon-Thu),153109,Classic,5.0,6878,7134,150,30000.0,,Mon 8:15PM
195665152,NFL $8K Flea Flicker [$2K to 1st] (Mon-Thu),153109,Classic,5.0,173,1902,57,8000.0,,Mon 8:15PM
195526310,NFL $7.5K Spy [Single Entry] (Mon-Thu),153109,Classic,100.0,37,83,1,7500.0,,Mon 8:15PM
195648010,"NFL $500K Power Sweep [$100K to 1st, 5 Entry Max]",153428,Classic,150.0,178,3703,5,500000.0,,Sun 1:00PM
195661358,"NFL $250K Power Sweep [$50K to 1st, 3 Entry Max]",153428,Classic,150.0,10,1851,3,250000.0,,Sun 1:00PM
195661359,NFL $100K Power Sweep [3 Entry Max],153428,Classic,150.0,5,740,3,100000.0,,Sun 1:00PM
195526279,NFL Showdown Single Entry $5 Double Up (DEN @ KC),153086,Showdown Captain Mode,5.0,860,1609,1,7000.0,,Mon 8:15PM
195526280,NFL Showdown Single Entry $5 Double Up (DEN @ KC),153086,Showdown Captain Mode,5.0,462,689,1,3000.0,,Mon 8:15PM
195663436,NFL Showdown Single Entry $5 Double Up (DEN @ KC),153086,Showdown Captain Mode,5.0,98,344,1,1500.0,,Mon 8:15PM
195526293,NFL Showdown Single Entry $5 Double Up (DEN @ KC),153086,Showdown Captain Mode,5.0,194,229,1,1000.0,,Mon 8:15PM
195526294,NFL Showdown Single Entry $5 Double Up (DEN @ KC),153086,Showdown Captain Mode,5.0,163,229,1,1000.0,,Mon 8:15PM
195526295,NFL Showdown Single Entry $5 Double Up (DEN @ KC),153086,Showdown Captain Mode,5.0,163,229,1,1000.0,,Mon 8:15PM
195526296,NFL Showdown Single Entry $5 Double Up (DEN @ KC),153086,Showdown Captain Mode,5.0,166,229,1,1000.0,,Mon 8:15PM
195666558,NFL Showdown Single Entry $5 Double Up (DEN @ KC),153086,Showdown Captain Mode,5.0,0,172,1,750.0,,Mon 8:15PM
195526274,NFL Showdown Single Entry $25 Double Up (DEN @ KC),153086,Showdown Captain Mode,25.0,329,459,1,10000.0,,Mon 8:15PM
195526275,NFL Showdown Single Entry $25 Double Up (DEN @ KC),153086,Showdown Captain Mode,25.0,158,229,1,5000.0,,Mon 8:15PM
195658464,NFL Showdown Single Entry $25 Double Up (DEN @ KC),153086,Showdown Captain Mode,25.0,50,68,1,1500.0,,Mon 8:15PM
195526290,NFL Showdown Single Entry $25 Double Up (DEN @ KC),153086,Showdown Captain Mode,25.0,39,45,1,1000.0,,Mon 8:15PM
195526291,NFL Showdown Single Entry $25 Double Up (DEN @ KC),153086,Showdown Captain Mode,25.0,37,45,1,1000.0,,Mon 8:15PM
195526292,NFL Showdown Single Entry $25 Double Up (DEN @ KC),153086,Showdown Captain Mode,25.0,41,45,1,1000.0,,Mon 8:15PM
195664279,NFL Showdown Single Entry $25 Double Up (DEN @ KC),153086,Showdown Captain Mode,25.0,12,45,1,1000.0,,Mon 8:15PM
195665701,NFL Showdown Single Entry $25 Double Up (DEN @ KC),153086,Showdown Captain Mode,25.0,4,34,1,750.0,,Mon 8:15PM
195666469,NFL Showdown Single Entry $25 Double Up (DEN @ KC),153086,Showdown Captain Mode,25.0,0,22,1,500.0,,Mon 8:15PM
195526236,NFL Showdown $250 Double Up (DEN @ KC),153086,Showdown Captain Mode,250.0,49,71,2,16000.0,,Mon 8:15PM
195526232,NFL Showdown $402K Luxury Box [$100K to 1st] (DEN @ KC),153086,Showdown Captain Mode,3180.0,91,134,4,402000.0,,Mon 8:15PM
195538971,$3M NFL King of the Desert Qualifier #18 (DEN @ KC),153086,Showdown Captain Mode,400.0,33,67,2,22800.0,,Mon 8:15PM
195536495,$14M 2026 Fantasy Football World Championship Qualifier #17 (DEN @ KC),153086,Showdown Captain Mode,490.0,158,200,6,83300.0,,Mon 8:15PM
195536496,$14M 2026 Fantasy Football World Championship Qualifier #18 (DEN @ KC),153086,Showdown Captain Mode,5085.0,12,16,1,70000.0,,Mon 8:15PM
195526255,NFL Showdown $75K First Down [20 Entry Max] (DEN @ KC),153086,Showdown Captain Mode,1.0,50460,89179,20,75000.0,,Mon 8:15PM
195526288,NFL Showdown $100K Chain-Mover [$20K to 1st] (DEN @ KC),153086,Showdown Captain Mode,10.0,6460,11764,150,100000.0,,Mon 8:15PM
195526233,NFL Showdown $25K Checkdown Pass [Single Entry] (DEN @ KC),153086,Showdown Captain Mode,777.0,17,35,1,25000.0,,Mon 8:15PM
195526234,NFL Showdown $30K Red Zone [Single Entry] (DEN @ KC),153086,Showdown Captain Mode,50.0,379,681,1,30000.0,,Mon 8:15PM
195526267,NFL Showdown $20K Red Zone [Single Entry] (DEN @ KC),153086,Showdown Captain Mode,50.0,257,454,1,20000.0,,Mon 8:15PM
195526229,NFL Showdown $100K mini-MAX [150 Entry Max] (DEN @ KC),153086,Showdown Captain Mode,0.5,182265,237812,150,100000.0,,Mon 8:15PM
195526268,NFL Showdown $40K Bubble Screen [Single Entry] (DEN @ KC),153086,Showdown Captain Mode,15.0,1624,3137,1,40000.0,,Mon 8:15PM
195526269,"NFL Showdown $20K Bubble Screen [Single Entry, $5K to 1st] (DEN @ KC)",153086,Showdown Captain Mode,15.0,1337,1568,1,20000.0,,Mon 8:15PM
195526260,NFL Showdown $20K Hard Count [5 Entry Max] (DEN @ KC),153086,Showdown Captain Mode,20.0,744,1176,5,20000.0,,Mon 8:15PM
195664105,NFL Showdown $22K Flea Flicker [$5K to 1st] (DEN @ KC),153086,Showdown Captain Mode,5.0,2100,5231,150,22000.0,,Mon 8:15PM
195521360,"NFL Showdown SUPERSatellite to $4,444 NFL Fantasy Football MEGA Millionaire [3x] (DEN @ KC)",153086,Showdown Captain Mode,147.0,55,100,3,13332.0,,Mon 8:15PM
195521355,"NFL Showdown Satellite to NFL $4,444 Fantasy Football MEGA Millionaire (DEN @ KC)",153086,Showdown Captain Mode,75.0,42,67,2,4444.0,,Mon 8:15PM
195521356,"NFL Showdown Satellite to NFL $4,444 Fantasy Football MEGA Millionaire (DEN @ KC)",153086,Showdown Captain Mode,75.0,40,67,2,4444.0,,Mon 8:15PM
195521435,"NFL Showdown Satellite to NFL 10-12 $4,444 Showdown MEGA Millionaire (DEN @ KC)",153086,Showdown Captain Mode,176.0,16,28,1,4444.0,,Mon 8:15PM
195521434,"NFL Showdown Satellite to NFL 10-12 $4,444 Showdown MEGA Millionaire (DEN @ KC)",153086,Showdown Captain Mode,70.0,29,72,2,4444.0,,Mon 8:15PM
195521359,"NFL Showdown Satellite to NFL $4,444 Fantasy Football MEGA Millionaire (DEN @ KC)",153086,Showdown Captain Mode,13.0,350,402,12,4444.0,,Mon 8:15PM
195526270,NFL Showdown $15K Pylon [Single Entry] (DEN @ KC),153086,Showdown Captain Mode,3.0,3507,5945,1,15000.0,,Mon 8:15PM
195519380,NFL Showdown $100K Heavy Hitter [Must Fill] (DEN @ KC),153086,Showdown Captain Mode,26200.0,1,4,1,100000.0,,Mon 8:15PM
195519381,NFL Showdown $75K Heavy Hitter [Must Fill] (DEN @ KC),153086,Showdown Captain Mode,26200.0,1,3,1,75000.0,,Mon 8:15PM
195526261,NFL Showdown $15K Cover Four [5 Entry Max] (DEN @ KC),153086,Showdown Captain Mode,4.0,2921,4458,5,15000.0,,Mon 8:15PM
195526259,NFL Showdown $15K Goal Line [5 Entry Max] (DEN @ KC),153086,Showdown Captain Mode,75.0,148,227,5,15000.0,,Mon 8:15PM
195519382,NFL Showdown $60K Nosebleed Section [Must Fill] (DEN @ KC),153086,Showdown Captain Mode,10600.0,0,6,1,60000.0,,Mon 8:15PM
195526235,NFL Showdown $10K Dimeback [Single Entry] (DEN @ KC),153086,Showdown Captain Mode,6.0,1291,1960,1,10000.0,,Mon 8:15PM
195526254,NFL Showdown $10K Safety [20 Entry Max] (DEN @ KC),153086,Showdown Captain Mode,2.0,5732,5945,20,10000.0,,Mon 8:15PM
195665616,NFL Showdown $5K Safety [20 Entry Max] (DEN @ KC),153086,Showdown Captain Mode,2.0,367,2972,20,5000.0,,Mon 8:15PM
195526256,NFL Showdown $12.5K Quarter Jukebox [Just $0.25!] (DEN @ KC),153086,Showdown Captain Mode,0.25,36716,59453,20,12500.0,,Mon 8:15PM
195526272,NFL Showdown Single Entry $100 Double Up (DEN @ KC),153086,Showdown Captain Mode,100.0,79,88,1,8000.0,,Mon 8:15PM
195666069,NFL Showdown Single Entry $100 Double Up (DEN @ KC),153086,Showdown Captain Mode,100.0,6,66,1,6000.0,,Mon 8:15PM
195526273,NFL Showdown Single Entry $100 Double Up (DEN @ KC),153086,Showdown Captain Mode,100.0,32,44,1,4000.0,,Mon 8:15PM
195665381,NFL Showdown Single Entry $50 Double Up (DEN @ KC),153086,Showdown Captain Mode,50.0,32,113,1,5000.0,,Mon 8:15PM
195526240,NFL Showdown Single Entry $50 Double Up (DEN @ KC),153086,Showdown Captain Mode,50.0,88,90,1,4000.0,,Mon 8:15PM
195526241,NFL Showdown Single Entry $50 Double Up (DEN @ KC),153086,Showdown Captain Mode,50.0,42,45,1,2000.0,,Mon 8:15PM
195665611,NFL Showdown Single Entry $50 Double Up (DEN @ KC),153086,Showdown Captain Mode,50.0,4,34,1,1500.0,,Mon 8:15PM
195526276,NFL Showdown Single Entry $10 Double Up (DEN @ KC),153086,Showdown Captain Mode,10.0,423,574,1,5000.0,,Mon 8:15PM
195526277,NFL Showdown Single Entry $10 Double Up (DEN @ KC),153086,Showdown Captain Mode,10.0,265,344,1,3000.0,,Mon 8:15PM
195526281,NFL Showdown $2 Double Up (DEN @ KC),153086,Showdown Captain Mode,2.0,1309,2298,20,4000.0,,Mon 8:15PM
195526282,"NFL Showdown $1,060 50-50 [Top 50% Win] (DEN @ KC)",153086,Showdown Captain Mode,1060.0,7,12,1,12000.0,,Mon 8:15PM
195519379,NFL Showdown $20K Thunderdome [Must Fill] (DEN @ KC),153086,Showdown Captain Mode,5300.0,1,4,1,20000.0,,Mon 8:15PM
195526271,NFL Showdown $7.5K Daily Dollar [Single Entry] (DEN @ KC),153086,Showdown Captain Mode,1.0,5026,8917,1,7500.0,,Mon 8:15PM
195526262,NFL Showdown $7.5K Singleback [5 Entry Max] (DEN @ KC),153086,Showdown Captain Mode,1.0,5427,8917,5,7500.0,,Mon 8:15PM
195526257,NFL Showdown $5K Dime Package [Just $0.10!]  (DEN @ KC),153086,Showdown Captain Mode,0.1,38036,59453,20,5000.0,,Mon 8:15PM
195526284,"NFL Showdown $10K Super Booster [Top 10 Win $1,000] (DEN @ KC)",153086,Showdown Captain Mode,27.0,361,431,12,10000.0,,Mon 8:15PM
195526285,NFL Showdown $4K Super Booster [Top 40 Win $100] (DEN @ KC),153086,Showdown Captain Mode,4.0,1096,1189,20,4000.0,,Mon 8:15PM
195526286,NFL Showdown $2K Super Booster [Top 100 Win $20] (DEN @ KC),153086,Showdown Captain Mode,2.0,1123,1189,20,2000.0,,Mon 8:15PM
195526283,NFL Showdown $530 50-50 [Top 50% Win] (DEN @ KC),153086,Showdown Captain Mode,530.0,11,20,1,10000.0,,Mon 8:15PM
195526278,NFL Showdown $5 Double Up (DEN @ KC),153086,Showdown Captain Mode,5.0,948,1609,48,7000.0,,Mon 8:15PM
195526238,NFL Showdown $100 Double Up (DEN @ KC),153086,Showdown Captain Mode,100.0,39,68,2,6200.0,,Mon 8:15PM
195526237,NFL Showdown Single Entry $250 Double Up (DEN @ KC),153086,Showdown Captain Mode,250.0,12,22,1,5000.0,,Mon 8:15PM
195526239,NFL Showdown $50 Double Up (DEN @ KC),153086,Showdown Captain Mode,50.0,41,68,2,3000.0,,Mon 8:15PM
195526242,NFL Showdown $25 Double Up (DEN @ KC),153086,Showdown Captain Mode,25.0,81,137,4,3000.0,,Mon 8:15PM
195521430,"NFL Showdown $5,085 2026 FFWC Qualifier Satellite (DEN @ KC)",153086,Showdown Captain Mode,84.0,49,68,2,5085.0,,Mon 8:15PM
195521358,"NFL Showdown Satellite to NFL $4,444 Fantasy Football MEGA Millionaire (DEN @ KC)",153086,Showdown Captain Mode,37.0,90,140,4,4444.0,,Mon 8:15PM
195521357,"NFL Showdown Satellite to NFL $4,444 Fantasy Football MEGA Millionaire (DEN @ KC)",153086,Showdown Captain Mode,37.0,97,140,4,4444.0,,Mon 8:15PM
195541942,NFL In-Game $15K 2nd Half Clash [$5K to 1st] (2H DEN @ KC),153093,In-Game Showdown (H2),20.0,45,882,26,15000.0,,Mon 9:15PM
195542462,NFL In-Game $20K Thunderdome [Must Fill] (2H DEN @ KC),153093,In-Game Showdown (H2),5300.0,0,4,1,20000.0,,Mon 9:15PM
195542464,"NFL In-Game $10,170 2026 FFWC Qualifier Satellite [Must Fill] (2H DEN @ KC)",153093,In-Game Showdown (H2),3592.0,0,3,1,10170.0,,Mon 9:15PM
195541940,NFL In-Game $1.8K Deep Threat [Single Entry] (2H DEN @ KC),153093,In-Game Showdown (H2),180.0,0,11,1,1800.0,,Mon 9:15PM
195541947,NFL In-Game $1K Huddle [Single Entry] (2H DEN @ KC),153093,In-Game Showdown (H2),5.0,41,237,1,1000.0,,Mon 9:15PM
195645191,NFL $20K Thunderdome [Must Fill] (Mon-Thu),153109,Classic,5300.0,0,4,1,20000.0,,Mon 8:15PM
195526313,NFL $7.5K Pylon [Single Entry] (Mon-Thu),153109,Classic,3.0,1876,2972,1,7500.0,,Mon 8:15PM
195526301,NFL $7.2K Wildcat [Single Entry] (Mon-Thu),153109,Classic,333.0,15,24,1,7200.0,,Mon 8:15PM
195526304,NFL $3K Play-Action [20 Entry Max] (Mon-Thu),153109,Classic,3.0,548,1189,20,3000.0,,Mon 8:15PM
195526312,NFL $6K Fair Catch [Single Entry] (Mon-Thu),153109,Classic,12.0,406,588,1,6000.0,,Mon 8:15PM
195519971,NFL Single Stat $20K Thunderdome [Must Fill] (DEN @ KC Total Yards),153108,Single Stat - Total Yards,5300.0,0,4,1,20000.0,,Mon 8:15PM
195519973,"NFL Single Stat $10,170 2026 FFWC Qualifier Satellite [Must Fill] (DEN @ KC Total Yards)",153108,Single Stat - Total Yards,3592.0,0,3,1,10170.0,,Mon 8:15PM
195525726,NFL Single Stat $3K Winner Take All [20 Entry Max] (DEN @ KC Total Yards),153108,Single Stat - Total Yards,5.0,453,713,20,3000.0,,Mon 8:15PM
195520532,NFL Single Stat $1K Winner Take All [Single Entry] (DEN @ KC Total Yards),153108,Single Stat - Total Yards,5.0,117,237,1,1000.0,,Mon 8:15PM
195658558,NFL Single Stat $1K Winner Take All [3 Entry Max] (DEN @ KC Total Yards),153108,Single Stat - Total Yards,1.0,667,1189,3,1000.0,,Mon 8:15PM
195661374,"NFL $400K Spy [$100K to 1st, Single Entry]",153428,Classic,100.0,41,4444,1,400000.0,,Sun 1:00PM
195661375,"NFL $150K Spy [$25K to 1st, Single Entry]",153428,Classic,100.0,15,1666,1,150000.0,,Sun 1:00PM
195661320,NFL $50K Spy [Single Entry],153428,Classic,100.0,8,555,1,50000.0,,Sun 1:00PM
195661394,NFL GIANT $25 Double Up [Single Entry],153428,Classic,25.0,17,3448,1,75000.0,,Sun 1:00PM
195661329,NFL GIANT $25 Double Up [Single Entry],153428,Classic,25.0,12,2298,1,50000.0,,Sun 1:00PM
195661393,NFL GIANT $25 Double Up,153428,Classic,25.0,56,1839,55,40000.0,,Sun 1:00PM
195661395,NFL GIANT $25 Double Up [Single Entry],153428,Classic,25.0,7,919,1,20000.0,,Sun 1:00PM
195661344,NFL $350K Flea Flicker [$50K to 1st],153428,Classic,5.0,555,83234,150,350000.0,,Sun 1:00PM
195542558,NFL In-Game $20K Thunderdome [Must Fill] (4Q DEN @ KC),153094,In-Game Showdown (Q4),5300.0,0,4,1,20000.0,,Mon 9:45PM
195542560,"NFL In-Game $10,170 2026 FFWC Qualifier Satellite [Must Fill] (4Q DEN @ KC)",153094,In-Game Showdown (Q4),3592.0,0,3,1,10170.0,,Mon 9:45PM
195541951,NFL In-Game $3K 4th Quarter Finish [$1K to 1st] (4Q DEN @ KC),153094,In-Game Showdown (Q4),15.0,16,235,7,3000.0,,Mon 9:45PM
195542561,"NFL In-Game Satellite to NFL 10-12 $4,444 Showdown MEGA Millionaire [Must Fill] (4Q DEN @ KC)",153094,In-Game Showdown (Q4),1570.0,0,3,1,4444.0,,Mon 9:45PM
195542557,"NFL In-Game $1,060 Winner Take All [$4K to 1st] (Must Fill) (4Q DEN @ KC)",153094,In-Game Showdown (Q4),1060.0,0,4,1,4000.0,,Mon 9:45PM
195661370,"NFL $400K Game Changer [$100K to 1st, Single Entry]",153428,Classic,1500.0,1,282,1,400000.0,,Sun 1:00PM
195661377,"NFL $200K Red Zone [$25K to 1st, Single Entry]",153428,Classic,50.0,36,4545,1,200000.0,,Sun 1:00PM
195661321,NFL $100K Red Zone [Single Entry],153428,Classic,50.0,11,2272,1,100000.0,,Sun 1:00PM
195661322,NFL $50K Red Zone [Single Entry],153428,Classic,50.0,13,1136,1,50000.0,,Sun 1:00PM
195661334,NFL $61K Luxury Box [$20K to 1st],153428,Classic,1500.0,0,43,1,61000.0,,Sun 1:00PM
195661332,NFL $175K Thunderdome [Single Entry],153428,Classic,5300.0,0,35,1,175000.0,,Sun 1:00PM
195657084,NFL $20K Thunderdome [Must Fill],153428,Classic,5300.0,0,4,1,20000.0,,Sun 1:00PM
195661333,NFL $200K Luxury Box [$75K to 1st],153428,Classic,2120.0,0,100,3,200000.0,,Sun 1:00PM
195521354,"NFL Showdown Satellite to NFL $4,444 Fantasy Football MEGA Millionaire (DEN @ KC)",153086,Showdown Captain Mode,176.0,19,28,1,4444.0,,Mon 8:15PM
195521353,"NFL Showdown Satellite to NFL $4,444 Fantasy Football MEGA Millionaire (DEN @ KC)",153086,Showdown Captain Mode,176.0,18,28,1,4444.0,,Mon 8:15PM
195521431,"NFL Showdown $5,085 2026 FFWC Qualifier Satellite (DEN @ KC)",153086,Showdown Captain Mode,513.0,10,11,1,5085.0,,Mon 8:15PM
195521351,"NFL Showdown Satellite to NFL $4,444 Fantasy Football MEGA Millionaire (DEN @ KC)",153086,Showdown Captain Mode,448.0,10,11,1,4444.0,,Mon 8:15PM
195521352,"NFL Showdown Satellite to NFL $4,444 Fantasy Football MEGA Millionaire (DEN @ KC)",153086,Showdown Captain Mode,448.0,7,11,1,4444.0,,Mon 8:15PM
195521350,"NFL Showdown Satellite to NFL $4,444 Fantasy Football MEGA Millionaire (DEN @ KC)",153086,Showdown Captain Mode,448.0,7,11,1,4444.0,,Mon 8:15PM
195526305,NFL $5K First Down [20 Entry Max] (Mon-Thu),153109,Classic,1.0,4555,5945,20,5000.0,,Mon 8:15PM
195526317,NFL Single Entry $5 Double Up (Mon-Thu),153109,Classic,5.0,103,172,1,750.0,,Mon 8:15PM
195526297,NFL Single Entry $25 Double Up (Mon-Thu),153109,Classic,25.0,26,45,1,1000.0,,Mon 8:15PM
195526316,NFL $5 Double Up (Mon-Thu),153109,Classic,5.0,38,91,2,400.0,,Mon 8:15PM
195521436,"NFL Showdown Satellite to NFL 10-12 $4,444 Showdown MEGA Millionaire (DEN @ KC)",153086,Showdown Captain Mode,448.0,9,11,1,4444.0,,Mon 8:15PM
195521428,"NFL Showdown $1,350 2026 FFWC Qualifier Satellite (DEN @ KC)",153086,Showdown Captain Mode,23.0,44,69,2,1350.0,,Mon 8:15PM
195521368,NFL Showdown SUPERSatellite to NFL $555 Fantasy Football Millionaire [2x] (DEN @ KC),153086,Showdown Captain Mode,19.0,51,68,2,1110.0,,Mon 8:15PM
195661378,NFL $175K Fair Catch [Single Entry],153428,Classic,12.0,75,17156,1,175000.0,,Sun 1:00PM
195661379,NFL $75K Fair Catch [Single Entry],153428,Classic,12.0,42,7352,1,75000.0,,Sun 1:00PM
195661325,NFL $50K Fair Catch [Single Entry],153428,Classic,12.0,35,4901,1,50000.0,,Sun 1:00PM
195521369,NFL Showdown SUPERSatellite to NFL $555 Fantasy Football Millionaire [2x] (DEN @ KC),153086,Showdown Captain Mode,137.0,7,9,1,1110.0,,Mon 8:15PM
195663408,"NFL Showdown $1,350 2026 FFWC Qualifier Satellite (DEN @ KC)",153086,Showdown Captain Mode,136.0,2,11,1,1350.0,,Mon 8:15PM
195660557,NFL Showdown Satellite to NFL $555 Fantasy Football Millionaire (DEN @ KC),153086,Showdown Captain Mode,6.0,106,108,3,555.0,,Mon 8:15PM
195661145,NFL Showdown Satellite to NFL $555 Fantasy Football Millionaire (DEN @ KC),153086,Showdown Captain Mode,6.0,97,108,3,555.0,,Mon 8:15PM
195665639,NFL Showdown Satellite to NFL $555 Fantasy Football Millionaire (DEN @ KC),153086,Showdown Captain Mode,6.0,19,108,3,555.0,,Mon 8:15PM
195665638,NFL Showdown Satellite to NFL $555 Fantasy Football Millionaire (DEN @ KC),153086,Showdown Captain Mode,6.0,22,108,3,555.0,,Mon 8:15PM
195526315,NFL $10 Double Up [Single Entry] (Mon-Thu),153109,Classic,10.0,56,85,1,740.0,,Mon 8:15PM
195526299,NFL Single Entry $50 Double Up (Mon-Thu),153109,Classic,50.0,15,22,1,1000.0,,Mon 8:15PM
195526302,NFL $4K Bootleg [$1K to 1st] (Mon-Thu),153109,Classic,33.0,121,141,4,4000.0,,Mon 8:15PM
195666254,NFL $1.5K Bootleg (Mon-Thu),153109,Classic,33.0,0,53,1,1500.0,,Mon 8:15PM
195645193,"NFL $10,170 2026 FFWC Qualifier Satellite [Must Fill] (Mon-Thu)",153109,Classic,3592.0,0,3,1,10170.0,,Mon 8:15PM
195526308,NFL $2K Nickel [3 Entry Max] (Mon-Thu),153109,Classic,5.0,270,475,3,2000.0,,Mon 8:15PM
195526311,NFL $2K Red Zone [Single Entry] (Mon-Thu),153109,Classic,50.0,27,45,1,2000.0,,Mon 8:15PM
195526298,NFL $2.5K mini-MAX [150 Entry Max] (Mon-Thu),153109,Classic,0.5,5505,5945,150,2500.0,,Mon 8:15PM
195526306,NFL $1K Quarter Jukebox [Just $0.25!] (Mon-Thu),153109,Classic,0.25,4407,4756,20,1000.0,,Mon 8:15PM
195665548,NFL $300 Quarter Jukebox [Just $0.25!] (Mon-Thu),153109,Classic,0.25,67,1426,20,300.0,,Mon 8:15PM
195526307,NFL $500 Dime Package [Just $0.10!] (Mon-Thu),153109,Classic,0.1,4416,5945,20,500.0,,Mon 8:15PM
195663373,NFL Showdown Satellite to NFL $555 Fantasy Football Millionaire (DEN @ KC),153086,Showdown Captain Mode,9.0,46,72,2,555.0,,Mon 8:15PM
195658645,NFL Showdown Satellite to NFL $555 Fantasy Football Millionaire (DEN @ KC),153086,Showdown Captain Mode,9.0,63,72,2,555.0,,Mon 8:15PM
195526246,NFL Showdown Single Entry $2 Double Up (DEN @ KC),153086,Showdown Captain Mode,2.0,518,574,1,1000.0,,Mon 8:15PM
195665715,NFL Showdown Single Entry $2 Double Up (DEN @ KC),153086,Showdown Captain Mode,2.0,29,574,1,1000.0,,Mon 8:15PM
195526244,NFL Showdown $10 Double Up (DEN @ KC),153086,Showdown Captain Mode,10.0,84,114,3,1000.0,,Mon 8:15PM
195663975,NFL Showdown Satellite to NFL $555 Fantasy Football Millionaire (DEN @ KC),153086,Showdown Captain Mode,22.0,11,29,1,555.0,,Mon 8:15PM
195663750,NFL Showdown Satellite to NFL $555 Fantasy Football Millionaire (DEN @ KC),153086,Showdown Captain Mode,22.0,11,29,1,555.0,,Mon 8:15PM
195521426,NFL Showdown $490 2026 FFWC Qualifier Satellite (DEN @ KC),153086,Showdown Captain Mode,18.0,22,32,1,490.0,,Mon 8:15PM
195521427,NFL Showdown $490 2026 FFWC Qualifier Satellite (DEN @ KC),153086,Showdown Captain Mode,38.0,8,15,1,490.0,,Mon 8:15PM
195656202,NFL Showdown Satellite to NFL $555 Fantasy Football Millionaire (DEN @ KC),153086,Showdown Captain Mode,90.0,5,7,1,555.0,,Mon 8:15PM
195664806,NFL Showdown Satellite to NFL $555 Fantasy Football Millionaire (DEN @ KC),153086,Showdown Captain Mode,90.0,2,7,1,555.0,,Mon 8:15PM
195521361,NFL Showdown Satellite to NFL $555 Fantasy Football Millionaire (DEN @ KC),153086,Showdown Captain Mode,90.0,6,7,1,555.0,,Mon 8:15PM
195519383,"NFL Showdown Satellite to NFL 10-12 $4,444 Showdown MEGA Millionaire [Must Fill] (DEN @ KC)",153086,Showdown Captain Mode,1570.0,1,3,1,4444.0,,Mon 8:15PM
195526309,NFL $500 Singleback [3 Entry Max] (Mon-Thu),153109,Classic,1.0,361,594,3,500.0,,Mon 8:15PM
195645194,"NFL Satellite to NFL 10-12 $4,444 Showdown MEGA Millionaire [Must Fill] (Mon-Thu)",153109,Classic,1570.0,0,3,1,4444.0,,Mon 8:15PM
195645192,NFL Satellite to NFL $555 Fantasy Football Millionaire [Must Fill] (Mon-Thu),153109,Classic,201.0,0,3,1,555.0,,Mon 8:15PM
195645190,"NFL $1,060 Winner Take All [$4K to 1st] (Must Fill) (Mon-Thu)",153109,Classic,1060.0,2,4,1,4000.0,,Mon 8:15PM
195655212,NFL $85 Winner Take All [$300 to 1st] (Mon-Thu),153109,Classic,85.0,1,4,1,300.0,,Mon 8:15PM
195541943,NFL In-Game $500 Play-Action (2H DEN @ KC),153093,In-Game Showdown (H2),3.0,29,198,5,500.0,,Mon 9:15PM
195541941,NFL In-Game $600 Bootleg [Single Entry] (2H DEN @ KC),153093,In-Game Showdown (H2),33.0,1,21,1,600.0,,Mon 9:15PM
195542064,NFL In-Game $267 Winner Take All [$1K to 1st] (2H DEN @ KC),153093,In-Game Showdown (H2),267.0,0,4,1,1000.0,,Mon 9:15PM
195541944,NFL In-Game $500 First Down (2H DEN @ KC),153093,In-Game Showdown (H2),1.0,122,594,17,500.0,,Mon 9:15PM
195542465,"NFL In-Game Satellite to NFL 10-12 $4,444 Showdown MEGA Millionaire [Must Fill] (2H DEN @ KC)",153093,In-Game Showdown (H2),1570.0,0,3,1,4444.0,,Mon 9:15PM
195661331,NFL GIANT $5 Double Up,153428,Classic,5.0,156,9195,150,40000.0,,Sun 1:00PM
195661399,NFL GIANT $5 Double Up [Single Entry],153428,Classic,5.0,30,4597,1,20000.0,,Sun 1:00PM
195661386,NFL GIANT $100 Double Up [Single Entry],153428,Classic,100.0,2,555,1,50000.0,,Sun 1:00PM
195661387,NFL GIANT $100 Double Up [Single Entry],153428,Classic,100.0,2,333,1,30000.0,,Sun 1:00PM
195661388,NFL GIANT $100 Double Up [Single Entry],153428,Classic,100.0,1,222,1,20000.0,,Sun 1:00PM
195661390,NFL GIANT $50 Double Up [Single Entry],153428,Classic,50.0,4,1136,1,50000.0,,Sun 1:00PM
195661391,NFL GIANT $50 Double Up [Single Entry],153428,Classic,50.0,2,681,1,30000.0,,Sun 1:00PM
195661392,NFL GIANT $50 Double Up [Single Entry],153428,Classic,50.0,4,454,1,20000.0,,Sun 1:00PM
195661357,"NFL $200K Facemask [5 Entry Max, $50K to 1st]",153428,Classic,555.0,0,400,5,200000.0,,Sun 1:00PM
195661349,NFL $175K mini-MAX [150 Entry Max],153428,Classic,0.5,5258,416171,150,175000.0,,Sun 1:00PM
195661372,"NFL $125K Double Spy [$25K to 1st, Single Entry]",153428,Classic,200.0,5,694,1,125000.0,,Sun 1:00PM
195661373,"NFL $75K Double Spy [$20K to 1st, Single Entry]",153428,Classic,200.0,8,416,1,75000.0,,Sun 1:00PM
195660050,"NFL SUPERSatellite to $4,444 NFL Fantasy Football MEGA Millionaire [3x]",153428,Classic,147.0,1,100,3,13332.0,,Sun 1:00PM
195660064,NFL SUPERSatellite to NFL $555 Fantasy Football Millionaire [10x],153428,Classic,63.0,0,100,3,5550.0,,Sun 1:00PM
195519974,"NFL Single Stat Satellite to NFL 10-12 $4,444 Showdown MEGA Millionaire [Must Fill] (DEN @ KC Total ",153108,Single Stat - Total Yards,1570.0,0,3,1,4444.0,,Mon 8:15PM
195519970,"NFL Single Stat $1,060 Winner Take All [$4K to 1st] (Must Fill) (DEN @ KC Total Yards)",153108,Single Stat - Total Yards,1060.0,0,4,1,4000.0,,Mon 8:15PM
195519972,NFL Single Stat Satellite to NFL $555 Fantasy Football Millionaire [Must Fill] (DEN @ KC Total Yards,153108,Single Stat - Total Yards,201.0,0,3,1,555.0,,Mon 8:15PM
195542461,"NFL In-Game $1,060 Winner Take All [$4K to 1st] (Must Fill) (2H DEN @ KC)",153093,In-Game Showdown (H2),1060.0,0,4,1,4000.0,,Mon 9:15PM
195542463,NFL In-Game Satellite to NFL $555 Fantasy Football Millionaire [Must Fill] (2H DEN @ KC),153093,In-Game Showdown (H2),201.0,0,3,1,555.0,,Mon 9:15PM
195665804,NFL In-Game $155 Fair Catch [Single Entry] (2H DEN @ KC),153093,In-Game Showdown (H2),12.0,0,15,1,155.0,,Mon 9:15PM
195542063,NFL In-Game $25 Winner Take All [$110 to 1st] (2H DEN @ KC),153093,In-Game Showdown (H2),25.0,0,5,1,110.0,,Mon 9:15PM
195541946,NFL In-Game $400 Red Zone [Single Entry] (2H DEN @ KC),153093,In-Game Showdown (H2),50.0,1,9,1,400.0,,Mon 9:15PM
195521616,NFL Showdown Satellite to NBA $888 MEGA 8's Special (10-21) [Must Fill] (DEN @ KC),153086,Showdown Captain Mode,322.0,0,3,1,888.0,,Mon 8:15PM
195521597,NFL Showdown Satellite to NHL 11-3 $555 Barn Burner [Must Fill] (DEN @ KC),153086,Showdown Captain Mode,201.0,2,3,1,555.0,,Mon 8:15PM
195521615,NFL Showdown Satellite to UFC 331 $555 Knockout Special (9-19) [Must Fill] (DEN @ KC),153086,Showdown Captain Mode,201.0,0,3,1,555.0,,Mon 8:15PM
195521598,NFL Showdown Satellite to NHL 10-13 $360 Spin-O-Rama (DEN @ KC),153086,Showdown Captain Mode,5.0,33,85,2,360.0,,Mon 8:15PM
195521433,NFL Showdown $125 2026 FFWC Qualifier Satellite (DEN @ KC),153086,Showdown Captain Mode,7.0,16,21,1,125.0,,Mon 8:15PM
195542559,NFL In-Game Satellite to NFL $555 Fantasy Football Millionaire [Must Fill] (4Q DEN @ KC),153094,In-Game Showdown (Q4),201.0,0,3,1,555.0,,Mon 9:45PM
195541950,NFL In-Game $285 Bootleg [Single Entry] (4Q DEN @ KC),153094,In-Game Showdown (Q4),33.0,0,10,1,285.0,,Mon 9:45PM
195541949,NFL In-Game $265 Chop Block [Single Entry] (4Q DEN @ KC),153094,In-Game Showdown (Q4),50.0,0,6,1,265.0,,Mon 9:45PM
195541952,NFL In-Game $150 First Down (4Q DEN @ KC),153094,In-Game Showdown (Q4),1.0,32,178,5,150.0,,Mon 9:45PM
195541953,NFL In-Game $50 Quarter Jukebox [Just $0.25!] (4Q DEN @ KC),153094,In-Game Showdown (Q4),0.25,59,237,7,50.0,,Mon 9:45PM
195660246,"NFL $5,085 2026 FFWC Qualifier Satellite",153428,Classic,84.0,0,68,2,5085.0,,Sun 1:00PM
195660247,"NFL $5,085 2026 FFWC Qualifier Satellite",153428,Classic,513.0,0,11,1,5085.0,,Sun 1:00PM
195661361,NFL $150K Three-Point Stance [5 Entry Max],153428,Classic,33.0,48,5300,5,150000.0,,Sun 1:00PM
195661326,NFL $100K Huddle [Single Entry],153428,Classic,5.0,121,23781,1,100000.0,,Sun 1:00PM
195661327,NFL $10K Huddle [Single Entry],153428,Classic,5.0,65,2378,1,10000.0,,Sun 1:00PM
195661323,NFL $100K Blind Side [Single Entry],153428,Classic,27.0,31,4319,1,100000.0,,Sun 1:00PM
195661324,NFL $50K Blind Side [Single Entry],153428,Classic,27.0,21,2159,1,50000.0,,Sun 1:00PM
195650285,NFL $125K First Down [20 Entry Max],153428,Classic,1.0,4800,148632,20,125000.0,,Sun 1:00PM
195661343,"NFL $100K Slant [$10K to 1st, 2x Min Cash]",153428,Classic,9.0,188,13071,150,100000.0,,Sun 1:00PM
195661371,NFL $50K Stiff Arm [Single Entry],153428,Classic,555.0,1,100,1,50000.0,,Sun 1:00PM
195661384,NFL GIANT $250 Double Up [Single Entry],153428,Classic,250.0,2,177,1,40000.0,,Sun 1:00PM
195661328,NFL GIANT $250 Double Up [Single Entry],153428,Classic,250.0,1,111,1,25000.0,,Sun 1:00PM
195661402,NFL GIANT $2 Double Up,153428,Classic,2.0,49,11494,20,20000.0,,Sun 1:00PM
195661362,NFL $75K Screen Pass [5 Entry Max],153428,Classic,15.0,64,5882,5,75000.0,,Sun 1:00PM
195661318,"NFL $25K Screen Pass [3 Entry Max, $5K to 1st]",153428,Classic,15.0,45,1960,3,25000.0,,Sun 1:00PM
195661339,"NFL $80K Octopus [$20K to 1st, 8 Entry Max]",153428,Classic,88.0,2,1033,8,80000.0,,Sun 1:00PM
195661335,"NFL $80K Pocket Passer [$20K to 1st, 4 Entry Max]",153428,Classic,250.0,4,355,4,80000.0,,Sun 1:00PM
195661356,NFL $70K Touch Pass [3 Entry Max],153428,Classic,777.0,0,100,3,70000.0,,Sun 1:00PM
195661337,"NFL $75K 11 Personnel Special [$15K to 1st, 11 Entry Max]",153428,Classic,111.0,2,750,11,75000.0,,Sun 1:00PM
195661380,NFL $40K Pylon [Single Entry],153428,Classic,3.0,74,15854,1,40000.0,,Sun 1:00PM
195661381,NFL $20K Pylon [Single Entry],153428,Classic,3.0,60,7927,1,20000.0,,Sun 1:00PM
195661319,NFL $50K Spin Move [Single Entry],153428,Classic,300.0,1,185,1,50000.0,,Sun 1:00PM
195661342,NFL $50K 1st and 10 [10 Entry Max],153428,Classic,10.0,66,5882,10,50000.0,,Sun 1:00PM
195661409,"NFL $50K Super Booster [Top 50 Win $1,000]",153428,Classic,27.0,12,2140,64,50000.0,,Sun 1:00PM
195661410,NFL $15K Super Booster [Top 150 Win $100],153428,Classic,4.0,46,4458,20,15000.0,,Sun 1:00PM
195661408,"NFL $12K Super Booster [Top 12 Win $1,000]",153428,Classic,50.0,1,272,8,12000.0,,Sun 1:00PM
195661411,NFL $10K Super Booster [Top 500 Win $20],153428,Classic,2.0,58,5945,20,10000.0,,Sun 1:00PM
195661346,NFL $40K MEGA mini-MAX [150 Entry Max],153428,Classic,2.0,190,23781,150,40000.0,,Sun 1:00PM
195661363,NFL $40K Engage Eight [5 Entry Max],153428,Classic,8.0,50,5882,5,40000.0,,Sun 1:00PM
195661365,NFL $40K Nickel [5 Entry Max],153428,Classic,5.0,63,9512,5,40000.0,,Sun 1:00PM
195662935,NFL $40K Front Four [20 Entry Max],153428,Classic,4.0,124,11890,20,40000.0,,Sun 1:00PM
195661330,NFL GIANT $10 Double Up [Single Entry],153428,Classic,10.0,23,4597,1,40000.0,,Sun 1:00PM
195661396,NFL GIANT $10 Double Up,153428,Classic,10.0,110,3448,103,30000.0,,Sun 1:00PM
195661397,NFL GIANT $10 Double Up [Single Entry],153428,Classic,10.0,18,2873,1,25000.0,,Sun 1:00PM
195661407,NFL GIANT $530 50-50 [Top 50% Win],153428,Classic,530.0,2,70,2,35000.0,,Sun 1:00PM
195661405,"NFL GIANT $2,120 50-50 [Top 50% Win]",153428,Classic,2120.0,1,10,1,20000.0,,Sun 1:00PM
195661400,NFL Single Entry $5 Double Up,153428,Classic,5.0,16,3448,1,15000.0,,Sun 1:00PM
195661401,NFL Single Entry $5 Double Up,153428,Classic,5.0,14,2298,1,10000.0,,Sun 1:00PM
195661376,NFL $30K End Zone [Single Entry],153428,Classic,75.0,2,454,1,30000.0,,Sun 1:00PM
195661368,NFL $25K Triple Option [5 Entry Max],153428,Classic,3.0,79,9908,5,25000.0,,Sun 1:00PM
195661340,NFL $30K 4th and 10 [10 Entry Max],153428,Classic,40.0,0,874,10,30000.0,,Sun 1:00PM
195661347,NFL $20K Safety [20 Entry Max],153428,Classic,2.0,59,11890,20,20000.0,,Sun 1:00PM
195661367,NFL $20K Cover Four [5 Entry Max],153428,Classic,4.0,55,5945,5,20000.0,,Sun 1:00PM
195661360,NFL $25K Goal Line [5 Entry Max],153428,Classic,75.0,3,378,5,25000.0,,Sun 1:00PM
195661338,NFL $30K Hot Route [$5K to 1st],153428,Classic,100.0,0,334,10,30100.0,,Sun 1:00PM
195661336,NFL $20K Touchdown,153428,Classic,200.0,0,111,3,20000.0,,Sun 1:00PM
195661350,NFL $20K Quarter Jukebox [Just $0.25!] ,153428,Classic,0.25,792,95124,20,20000.0,,Sun 1:00PM
195657085,NFL $100K Heavy Hitter [Must Fill],153428,Classic,26200.0,0,4,1,100000.0,,Sun 1:00PM
195657086,NFL $75K Heavy Hitter [Must Fill],153428,Classic,26200.0,0,3,1,75000.0,,Sun 1:00PM
195657087,NFL $60K Nosebleed Section [Must Fill],153428,Classic,10600.0,0,6,1,60000.0,,Sun 1:00PM
195661382,NFL $15K Daily Dollar [Single Entry],153428,Classic,1.0,94,17835,1,15000.0,,Sun 1:00PM
195661341,NFL $15K Hail Mary,153428,Classic,12.0,1,1470,44,15000.0,,Sun 1:00PM
195661369,NFL $15K Singleback [5 Entry Max],153428,Classic,1.0,132,17835,5,15000.0,,Sun 1:00PM
195661383,NFL $250 Double Up,153428,Classic,250.0,2,71,2,16000.0,,Sun 1:00PM
195661406,"NFL $1,060 50-50 [Top 50% Win]",153428,Classic,1060.0,1,14,1,14000.0,,Sun 1:00PM
195661398,NFL Single Entry $10 Double Up,153428,Classic,10.0,8,1149,1,10000.0,,Sun 1:00PM
195661403,NFL Single Entry $2 Double Up,153428,Classic,2.0,18,3448,1,6000.0,,Sun 1:00PM
195661404,NFL Single Entry $2 Double Up,153428,Classic,2.0,14,2298,1,4000.0,,Sun 1:00PM
195661412,NFL Single Entry $2 Double Up,153428,Classic,2.0,9,1149,1,2000.0,,Sun 1:00PM
195661351,NFL $10K Dime Package [Just $0.10!] ,153428,Classic,0.1,909,118906,20,10000.0,,Sun 1:00PM
195661348,NFL $5K All-or-Nothing [Winner Take All],153428,Classic,1.0,105,5945,20,5000.0,,Sun 1:00PM
195661354,Casual NFL $500 Front Four,153428,Classic,4.0,8,148,4,500.0,,Sun 1:00PM
195661355,Casual NFL $1K First Down,153428,Classic,1.0,21,1189,10,1000.0,,Sun 1:00PM
195661352,Beginner NFL $500 Gridiron,153428,Classic,27.0,0,21,1,500.0,,Sun 1:00PM
195661353,Beginner NFL $300 Play-Action,153428,Classic,3.0,4,118,3,300.0,,Sun 1:00PM
195661385,NFL $100 Double Up,153428,Classic,100.0,2,68,2,6200.0,,Sun 1:00PM
195661389,NFL $50 Double Up,153428,Classic,50.0,4,136,4,6000.0,,Sun 1:00PM
195660045,"NFL Satellite to NFL $4,444 Fantasy Football MEGA Millionaire",153428,Classic,448.0,0,11,1,4444.0,,Sun 1:00PM
195660046,"NFL Satellite to NFL $4,444 Fantasy Football MEGA Millionaire",153428,Classic,176.0,0,28,1,4444.0,,Sun 1:00PM
195660047,"NFL Satellite to NFL $4,444 Fantasy Football MEGA Millionaire",153428,Classic,75.0,0,67,2,4444.0,,Sun 1:00PM
195660049,"NFL Satellite to NFL $4,444 Fantasy Football MEGA Millionaire",153428,Classic,13.0,4,402,12,4444.0,,Sun 1:00PM
195660251,"NFL Satellite to NFL 10-12 $4,444 Showdown MEGA Millionaire",153428,Classic,70.0,0,72,2,4444.0,,Sun 1:00PM
195660252,"NFL Satellite to NFL 10-12 $4,444 Showdown MEGA Millionaire",153428,Classic,176.0,0,28,1,4444.0,,Sun 1:00PM
195660253,"NFL Satellite to NFL 10-12 $4,444 Showdown MEGA Millionaire",153428,Classic,448.0,0,11,1,4444.0,,Sun 1:00PM
195660048,"NFL Satellite to NFL $4,444 Fantasy Football MEGA Millionaire",153428,Classic,37.0,0,140,4,4444.0,,Sun 1:00PM
195660063,NFL SUPERSatellite to NFL $555 Fantasy Football Millionaire [4x],153428,Classic,38.0,0,68,2,2220.0,,Sun 1:00PM
195660243,"NFL $1,350 2026 FFWC Qualifier Satellite",153428,Classic,23.0,0,69,2,1350.0,,Sun 1:00PM
195660061,NFL SUPERSatellite to NFL $555 Fantasy Football Millionaire [2x],153428,Classic,19.0,0,68,2,1110.0,,Sun 1:00PM
195663999,NFL $400 Daily Dollar [Single Entry] (Mon-Thu),153109,Classic,1.0,69,475,1,400.0,,Mon 8:15PM
195526300,NFL Single Entry $2 Double Up (Mon-Thu),153109,Classic,2.0,78,114,1,200.0,,Mon 8:15PM
195521422,NFL Showdown $50 2026 FFWC Qualifier SUPERSatellite [2x] (DEN @ KC),153086,Showdown Captain Mode,9.0,10,13,1,100.0,,Mon 8:15PM
195521600,NFL Showdown Satellite to MLB 9-29 $333 Postseason Perfect Game (DEN @ KC),153086,Showdown Captain Mode,75.0,2,5,1,333.0,,Mon 8:15PM
195521424,NFL Showdown $125 2026 FFWC Qualifier Satellite (DEN @ KC),153086,Showdown Captain Mode,29.0,2,5,1,125.0,,Mon 8:15PM
195661276,NFL Showdown $125 2026 FFWC Qualifier Satellite (DEN @ KC),153086,Showdown Captain Mode,1.0,68,148,4,125.0,,Mon 8:15PM
195521599,NFL Showdown Satellite to NHL 10-13 $360 Spin-O-Rama [Must Fill] (DEN @ KC),153086,Showdown Captain Mode,130.0,2,3,1,360.0,,Mon 8:15PM
195660245,"NFL $1,350 2026 FFWC Qualifier Satellite",153428,Classic,136.0,0,11,1,1350.0,,Sun 1:00PM
195660244,"NFL $1,350 2026 FFWC Qualifier Satellite",153428,Classic,136.0,0,11,1,1350.0,,Sun 1:00PM
195660062,NFL SUPERSatellite to NFL $555 Fantasy Football Millionaire [2x],153428,Classic,137.0,1,9,1,1110.0,,Sun 1:00PM
195660053,NFL Satellite to NFL $555 Fantasy Football Millionaire,153428,Classic,22.0,1,29,1,555.0,,Sun 1:00PM
195660054,NFL Satellite to NFL $555 Fantasy Football Millionaire,153428,Classic,22.0,0,29,1,555.0,,Sun 1:00PM
195660052,NFL Satellite to NFL $555 Fantasy Football Millionaire,153428,Classic,22.0,0,29,1,555.0,,Sun 1:00PM
195660056,NFL Satellite to NFL $555 Fantasy Football Millionaire,153428,Classic,9.0,5,72,2,555.0,,Sun 1:00PM
195660057,NFL Satellite to NFL $555 Fantasy Football Millionaire,153428,Classic,9.0,2,72,2,555.0,,Sun 1:00PM
195660055,NFL Satellite to NFL $555 Fantasy Football Millionaire,153428,Classic,9.0,3,72,2,555.0,,Sun 1:00PM
195660059,NFL Satellite to NFL $555 Fantasy Football Millionaire,153428,Classic,6.0,2,108,3,555.0,,Sun 1:00PM
195660060,NFL Satellite to NFL $555 Fantasy Football Millionaire,153428,Classic,6.0,0,108,3,555.0,,Sun 1:00PM
195660058,NFL Satellite to NFL $555 Fantasy Football Millionaire,153428,Classic,6.0,2,108,3,555.0,,Sun 1:00PM
195660203,NFL SUPERSat to $20 NFL Fantasy Football Millionaire [25x],153428,Classic,3.0,10,198,5,500.0,,Sun 1:00PM
195660204,NFL SUPERSat to $20 NFL Fantasy Football Millionaire [25x],153428,Classic,5.0,3,118,3,500.0,,Sun 1:00PM
195660240,NFL $490 2026 FFWC Qualifier Satellite,153428,Classic,8.0,2,72,2,490.0,,Sun 1:00PM
195660241,NFL $490 2026 FFWC Qualifier Satellite,153428,Classic,18.0,0,32,1,490.0,,Sun 1:00PM
195660051,NFL Satellite to NFL $555 Fantasy Football Millionaire,153428,Classic,90.0,0,7,1,555.0,,Sun 1:00PM
195660242,NFL $490 2026 FFWC Qualifier Satellite,153428,Classic,38.0,0,15,1,490.0,,Sun 1:00PM
195660199,NFL SUPERSat to $20 NFL Fantasy Football Millionaire [25x],153428,Classic,0.25,16,2378,20,500.0,,Sun 1:00PM
195660198,NFL SUPERSat to $20 NFL Fantasy Football Millionaire [25x],153428,Classic,0.25,30,2378,20,500.0,,Sun 1:00PM
195660201,NFL SUPERSat to $20 NFL Fantasy Football Millionaire [25x],153428,Classic,1.0,8,594,17,500.0,,Sun 1:00PM
195660202,NFL SUPERSat to $20 NFL Fantasy Football Millionaire [25x],153428,Classic,1.0,7,594,17,500.0,,Sun 1:00PM
195660200,NFL SUPERSat to $20 NFL Fantasy Football Millionaire [25x],153428,Classic,1.0,3,594,17,500.0,,Sun 1:00PM
195657088,"NFL Satellite to NFL $4,444 Fantasy Football MEGA Millionaire [Must Fill]",153428,Classic,1570.0,1,3,1,4444.0,,Sun 1:00PM
195657090,"NFL Satellite to NFL 10-12 $4,444 Showdown MEGA Millionaire [Must Fill]",153428,Classic,1570.0,0,3,1,4444.0,,Sun 1:00PM
195541945,NFL In-Game $100 Quarter Jukebox [Just $0.25!] (2H DEN @ KC),153093,In-Game Showdown (H2),0.25,109,475,14,100.0,,Mon 9:15PM
195541948,NFL In-Game $100 Daily Dollar [Single Entry] (2H DEN @ KC),153093,In-Game Showdown (H2),1.0,13,118,1,100.0,,Mon 9:15PM
195521601,NFL Showdown Satellite to MLB 9-29 $333 Postseason Perfect Game [Must Fill] (DEN @ KC),153086,Showdown Captain Mode,121.0,0,3,1,333.0,,Mon 8:15PM
195657089,NFL Satellite to NFL $555 Fantasy Football Millionaire [Must Fill],153428,Classic,201.0,1,3,1,555.0,,Sun 1:00PM
195660250,NFL $125 2026 FFWC Qualifier Satellite,153428,Classic,7.0,1,21,1,125.0,,Sun 1:00PM
195660249,NFL $125 2026 FFWC Qualifier Satellite,153428,Classic,7.0,0,21,1,125.0,,Sun 1:00PM
195660235,NFL $50 2026 FFWC Qualifier SUPERSatellite [2x],153428,Classic,9.0,0,13,1,100.0,,Sun 1:00PM
195660238,NFL $125 2026 FFWC Qualifier Satellite,153428,Classic,29.0,0,5,1,125.0,,Sun 1:00PM
195660239,NFL $125 2026 FFWC Qualifier Satellite,153428,Classic,29.0,0,5,1,125.0,,Sun 1:00PM
195660237,NFL $125 2026 FFWC Qualifier Satellite,153428,Classic,29.0,0,5,1,125.0,,Sun 1:00PM
195660236,NFL $125 2026 FFWC Qualifier Satellite,153428,Classic,1.0,3,148,4,125.0,,Sun 1:00PM
195665403,NFL Showdown SUPERSat to $20 NFL Fantasy Football Millionaire [4x] (DEN @ KC),153086,Showdown Captain Mode,4.0,7,23,1,80.0,,Mon 8:15PM
195664925,NFL Showdown SUPERSat to $20 NFL Fantasy Football Millionaire [4x] (DEN @ KC),153086,Showdown Captain Mode,4.0,7,23,1,80.0,,Mon 8:15PM
195665030,NFL Showdown SUPERSat to $20 NFL Fantasy Football Millionaire [2x] (DEN @ KC),153086,Showdown Captain Mode,0.25,79,190,5,40.0,,Mon 8:15PM
195666224,NFL Showdown Satellite to $20 NFL Fantasy Football Millionaire (DEN @ KC),153086,Showdown Captain Mode,2.0,1,11,1,20.0,,Mon 8:15PM
195664930,NFL Showdown Satellite to $20 NFL Fantasy Football Millionaire (DEN @ KC),153086,Showdown Captain Mode,2.0,8,11,1,20.0,,Mon 8:15PM
195664829,NFL Showdown Satellite to $20 NFL Fantasy Football Millionaire (DEN @ KC),153086,Showdown Captain Mode,2.0,7,11,1,20.0,,Mon 8:15PM
195664290,NFL Showdown Satellite to $20 NFL Fantasy Football Millionaire (DEN @ KC),153086,Showdown Captain Mode,2.0,10,11,1,20.0,,Mon 8:15PM
195663427,NFL Showdown Satellite to $20 NFL Fantasy Football Millionaire (DEN @ KC),153086,Showdown Captain Mode,2.0,9,11,1,20.0,,Mon 8:15PM
195666507,NFL Showdown Satellite to $20 NFL Fantasy Football Millionaire (DEN @ KC),153086,Showdown Captain Mode,1.0,2,23,1,20.0,,Mon 8:15PM
195666206,NFL Showdown Satellite to $20 NFL Fantasy Football Millionaire (DEN @ KC),153086,Showdown Captain Mode,1.0,3,23,1,20.0,,Mon 8:15PM
195661268,NFL Showdown Satellite to $20 NFL Fantasy Football Millionaire (DEN @ KC),153086,Showdown Captain Mode,1.0,16,23,1,20.0,,Mon 8:15PM
195661267,NFL Showdown Satellite to $20 NFL Fantasy Football Millionaire (DEN @ KC),153086,Showdown Captain Mode,1.0,16,23,1,20.0,,Mon 8:15PM
195661161,NFL Showdown Satellite to $20 NFL Fantasy Football Millionaire (DEN @ KC),153086,Showdown Captain Mode,1.0,18,23,1,20.0,,Mon 8:15PM
195659332,NFL Showdown Satellite to $20 NFL Fantasy Football Millionaire (DEN @ KC),153086,Showdown Captain Mode,1.0,22,23,1,20.0,,Mon 8:15PM
195659331,NFL Showdown Satellite to $20 NFL Fantasy Football Millionaire (DEN @ KC),153086,Showdown Captain Mode,1.0,20,23,1,20.0,,Mon 8:15PM
195659330,NFL Showdown Satellite to $20 NFL Fantasy Football Millionaire (DEN @ KC),153086,Showdown Captain Mode,1.0,20,23,1,20.0,,Mon 8:15PM
195658966,NFL Showdown Satellite to $20 NFL Fantasy Football Millionaire (DEN @ KC),153086,Showdown Captain Mode,1.0,20,23,1,20.0,,Mon 8:15PM
195658542,NFL Showdown Satellite to $20 NFL Fantasy Football Millionaire (DEN @ KC),153086,Showdown Captain Mode,1.0,22,23,1,20.0,,Mon 8:15PM
195665642,NFL Showdown Satellite to $20 NFL Fantasy Football Millionaire (DEN @ KC),153086,Showdown Captain Mode,0.25,30,95,2,20.0,,Mon 8:15PM
195661169,NFL Showdown Satellite to $20 NFL Fantasy Football Millionaire (DEN @ KC),153086,Showdown Captain Mode,0.25,63,95,2,20.0,,Mon 8:15PM
195660402,NFL Showdown Satellite to $20 NFL Fantasy Football Millionaire (DEN @ KC),153086,Showdown Captain Mode,0.25,79,95,2,20.0,,Mon 8:15PM
195660386,NFL Showdown Satellite to $20 NFL Fantasy Football Millionaire (DEN @ KC),153086,Showdown Captain Mode,0.25,74,95,2,20.0,,Mon 8:15PM
195660380,NFL Showdown Satellite to $20 NFL Fantasy Football Millionaire (DEN @ KC),153086,Showdown Captain Mode,0.25,63,95,2,20.0,,Mon 8:15PM
195658692,NFL Showdown Satellite to $20 NFL Fantasy Football Millionaire (DEN @ KC),153086,Showdown Captain Mode,0.25,70,95,2,20.0,,Mon 8:15PM
195658680,NFL Showdown Satellite to $20 NFL Fantasy Football Millionaire (DEN @ KC),153086,Showdown Captain Mode,0.25,74,95,2,20.0,,Mon 8:15PM
195658679,NFL Showdown Satellite to $20 NFL Fantasy Football Millionaire (DEN @ KC),153086,Showdown Captain Mode,0.25,77,95,2,20.0,,Mon 8:15PM
195658626,NFL Showdown Satellite to $20 NFL Fantasy Football Millionaire (DEN @ KC),153086,Showdown Captain Mode,0.25,83,95,2,20.0,,Mon 8:15PM
195657919,NFL Showdown Satellite to $20 NFL Fantasy Football Millionaire (DEN @ KC),153086,Showdown Captain Mode,0.25,93,95,2,20.0,,Mon 8:15PM
195665153,NFL Showdown Satellite to $20 NFL Fantasy Football Millionaire (DEN @ KC),153086,Showdown Captain Mode,0.1,162,237,7,20.0,,Mon 8:15PM
195663949,NFL Showdown Satellite to $20 NFL Fantasy Football Millionaire (DEN @ KC),153086,Showdown Captain Mode,0.1,198,237,7,20.0,,Mon 8:15PM
195663904,NFL Showdown Satellite to $20 NFL Fantasy Football Millionaire (DEN @ KC),153086,Showdown Captain Mode,0.1,193,237,7,20.0,,Mon 8:15PM
195663520,NFL Showdown Satellite to $20 NFL Fantasy Football Millionaire (DEN @ KC),153086,Showdown Captain Mode,0.1,208,237,7,20.0,,Mon 8:15PM
195661238,NFL Showdown Satellite to $20 NFL Fantasy Football Millionaire (DEN @ KC),153086,Showdown Captain Mode,0.1,208,237,7,20.0,,Mon 8:15PM
195660803,NFL Showdown Satellite to $20 NFL Fantasy Football Millionaire (DEN @ KC),153086,Showdown Captain Mode,0.1,212,237,7,20.0,,Mon 8:15PM
195660695,NFL Showdown Satellite to $20 NFL Fantasy Football Millionaire (DEN @ KC),153086,Showdown Captain Mode,0.1,214,237,7,20.0,,Mon 8:15PM
195660451,NFL Showdown Satellite to $20 NFL Fantasy Football Millionaire (DEN @ KC),153086,Showdown Captain Mode,0.1,204,237,7,20.0,,Mon 8:15PM
195659319,NFL Showdown Satellite to $20 NFL Fantasy Football Millionaire (DEN @ KC),153086,Showdown Captain Mode,0.1,210,237,7,20.0,,Mon 8:15PM
195658816,NFL Showdown Satellite to $20 NFL Fantasy Football Millionaire (DEN @ KC),153086,Showdown Captain Mode,0.1,204,237,7,20.0,,Mon 8:15PM
195521432,NFL Showdown $50 2026 FFWC Qualifier Satellite (DEN @ KC),153086,Showdown Captain Mode,2.0,14,29,1,50.0,,Mon 8:15PM
195521421,NFL Showdown $33 2026 FFWC Qualifier SUPERSatellite [2x] (DEN @ KC),153086,Showdown Captain Mode,1.0,34,78,2,66.0,,Mon 8:15PM
195521420,NFL Showdown $33 2026 FFWC Qualifier Satellite (DEN @ KC),153086,Showdown Captain Mode,3.0,8,13,1,33.0,,Mon 8:15PM
195521419,NFL Showdown $33 2026 FFWC Qualifier Satellite (DEN @ KC),153086,Showdown Captain Mode,1.0,20,39,1,33.0,,Mon 8:15PM
195661117,NFL Showdown $18 2026 FFWC Qualifier Satellite (DEN @ KC),153086,Showdown Captain Mode,3.0,4,7,1,18.0,,Mon 8:15PM
195660805,NFL Showdown $18 2026 FFWC Qualifier Satellite (DEN @ KC),153086,Showdown Captain Mode,3.0,4,7,1,18.0,,Mon 8:15PM
195521416,NFL Showdown $18 2026 FFWC Qualifier Satellite (DEN @ KC),153086,Showdown Captain Mode,1.0,13,21,1,18.0,,Mon 8:15PM
195661273,NFL Showdown $5 2026 FFWC Qualifier Satellite (DEN @ KC),153086,Showdown Captain Mode,1.0,3,7,1,6.0,,Mon 8:15PM
195659333,NFL Showdown $5 2026 FFWC Qualifier Satellite (DEN @ KC),153086,Showdown Captain Mode,1.0,5,7,1,6.0,,Mon 8:15PM
195661199,NFL Showdown $5 2026 FFWC Qualifier Satellite (DEN @ KC),153086,Showdown Captain Mode,0.5,13,14,1,6.0,,Mon 8:15PM
195658693,NFL Showdown $5 2026 FFWC Qualifier Satellite (DEN @ KC),153086,Showdown Captain Mode,0.5,13,14,1,6.0,,Mon 8:15PM
195658050,NFL Showdown $5 2026 FFWC Qualifier Satellite (DEN @ KC),153086,Showdown Captain Mode,0.1,57,71,2,6.0,,Mon 8:15PM
195657833,NFL Showdown $5 2026 FFWC Qualifier Satellite (DEN @ KC),153086,Showdown Captain Mode,0.1,50,71,2,6.0,,Mon 8:15PM
195661173,NFL Showdown Satellite to MLB 9-29 $20 Postseason Opener (DEN @ KC),153086,Showdown Captain Mode,2.0,6,11,1,20.0,,Mon 8:15PM
195660387,NFL Showdown Satellite to MLB 9-29 $20 Postseason Opener (DEN @ KC),153086,Showdown Captain Mode,2.0,5,11,1,20.0,,Mon 8:15PM
195521605,NFL Showdown Satellite to MLB 9-29 $20 Postseason Opener (DEN @ KC),153086,Showdown Captain Mode,1.0,22,23,1,20.0,,Mon 8:15PM
195664084,NFL Showdown Satellite to NHL 9-29 $15 Opening Night Puck Drop (DEN @ KC),153086,Showdown Captain Mode,1.0,8,17,1,15.0,,Mon 8:15PM
195661175,NFL Showdown Satellite to NHL 9-29 $15 Opening Night Puck Drop (DEN @ KC),153086,Showdown Captain Mode,1.0,9,17,1,15.0,,Mon 8:15PM
195665148,NFL Showdown Satellite to NHL 9-29 $15 Opening Night Puck Drop (DEN @ KC),153086,Showdown Captain Mode,0.25,12,71,2,15.0,,Mon 8:15PM
195521607,NFL Showdown Satellite to NBA 10-20 $20 Opening Tip Off (DEN @ KC),153086,Showdown Captain Mode,0.25,80,95,2,20.0,,Mon 8:15PM
195521608,NFL Showdown Satellite to NBA 10-20 $20 Opening Tip Off (DEN @ KC),153086,Showdown Captain Mode,1.0,22,23,1,20.0,,Mon 8:15PM
195661270,NFL Showdown Satellite to NBA 10-20 $20 Opening Tip Off (DEN @ KC),153086,Showdown Captain Mode,2.0,3,11,1,20.0,,Mon 8:15PM
195661194,NFL Showdown Satellite to NBA 10-20 $20 Opening Tip Off (DEN @ KC),153086,Showdown Captain Mode,0.1,79,237,7,20.0,,Mon 8:15PM
195521613,NFL Showdown Satellite to UFC 331 $25 Special (9-19) (DEN @ KC),153086,Showdown Captain Mode,0.5,43,59,1,25.0,,Mon 8:15PM
195521329,NFL Showdown $100 Contest (DEN @ KC),153086,Showdown Captain Mode,100.0,8,11,1,1000.0,,Mon 8:15PM
195521309,NFL Showdown $50 Contest (DEN @ KC),153086,Showdown Captain Mode,50.0,5,11,1,500.0,,Mon 8:15PM
195521310,NFL Showdown $27 Contest (DEN @ KC),153086,Showdown Captain Mode,27.0,12,21,1,500.0,,Mon 8:15PM
195521311,NFL Showdown $9 Contest (DEN @ KC),153086,Showdown Captain Mode,9.0,29,39,1,300.0,,Mon 8:15PM
195521313,NFL Showdown $5 Contest (DEN @ KC),153086,Showdown Captain Mode,5.0,25,47,1,200.0,,Mon 8:15PM
195521312,NFL Showdown $5 Contest (DEN @ KC),153086,Showdown Captain Mode,5.0,22,47,1,200.0,,Mon 8:15PM
195665675,NFL Showdown $3 Contest (DEN @ KC),153086,Showdown Captain Mode,3.0,24,118,3,300.0,,Mon 8:15PM
195521314,NFL Showdown $3 Contest (DEN @ KC),153086,Showdown Captain Mode,3.0,71,118,3,300.0,,Mon 8:15PM
195660343,NFL Showdown $1 Contest (DEN @ KC),153086,Showdown Captain Mode,1.0,83,118,3,100.0,,Mon 8:15PM
195521335,NFL Showdown $1 Contest (DEN @ KC),153086,Showdown Captain Mode,1.0,99,118,3,100.0,,Mon 8:15PM
195521318,NFL Showdown $1 Contest (DEN @ KC),153086,Showdown Captain Mode,1.0,75,118,3,100.0,,Mon 8:15PM
195521317,NFL Showdown $1 Contest (DEN @ KC),153086,Showdown Captain Mode,1.0,71,118,3,100.0,,Mon 8:15PM
195521316,NFL Showdown $1 Contest (DEN @ KC),153086,Showdown Captain Mode,1.0,62,118,3,100.0,,Mon 8:15PM
195660627,NFL Showdown $0.25 Contest (DEN @ KC),153086,Showdown Captain Mode,0.25,145,237,7,50.0,,Mon 8:15PM
195521333,NFL Showdown $0.25 Contest (DEN @ KC),153086,Showdown Captain Mode,0.25,235,237,7,50.0,,Mon 8:15PM
195521332,NFL Showdown $0.25 Contest (DEN @ KC),153086,Showdown Captain Mode,0.25,181,237,7,50.0,,Mon 8:15PM
195521331,NFL Showdown $0.25 Contest (DEN @ KC),153086,Showdown Captain Mode,0.25,147,237,7,50.0,,Mon 8:15PM
195521330,NFL Showdown $0.25 Contest (DEN @ KC),153086,Showdown Captain Mode,0.25,129,237,7,50.0,,Mon 8:15PM
195521328,NFL Showdown $0.25 Contest (DEN @ KC),153086,Showdown Captain Mode,0.25,120,237,7,50.0,,Mon 8:15PM
195521327,NFL Showdown $0.25 Contest (DEN @ KC),153086,Showdown Captain Mode,0.25,109,237,7,50.0,,Mon 8:15PM
195521326,NFL Showdown $0.25 Contest (DEN @ KC),153086,Showdown Captain Mode,0.25,86,237,7,50.0,,Mon 8:15PM
195521325,NFL Showdown $0.25 Contest (DEN @ KC),153086,Showdown Captain Mode,0.25,84,237,7,50.0,,Mon 8:15PM
195521324,NFL Showdown $0.25 Contest (DEN @ KC),153086,Showdown Captain Mode,0.25,71,237,7,50.0,,Mon 8:15PM
195521323,NFL Showdown $0.25 Contest (DEN @ KC),153086,Showdown Captain Mode,0.25,72,237,7,50.0,,Mon 8:15PM
195521322,NFL Showdown $0.25 Contest (DEN @ KC),153086,Showdown Captain Mode,0.25,70,237,7,50.0,,Mon 8:15PM
195521321,NFL Showdown $0.25 Contest (DEN @ KC),153086,Showdown Captain Mode,0.25,70,237,7,50.0,,Mon 8:15PM
195521320,NFL Showdown $0.25 Contest (DEN @ KC),153086,Showdown Captain Mode,0.25,74,237,7,50.0,,Mon 8:15PM
195521319,NFL Showdown $0.25 Contest (DEN @ KC),153086,Showdown Captain Mode,0.25,73,237,7,50.0,,Mon 8:15PM
195664103,NFL Showdown $267 Winner Take All [$1K to 1st] (DEN @ KC),153086,Showdown Captain Mode,267.0,1,4,1,1000.0,,Mon 8:15PM
195664100,NFL Showdown $267 Winner Take All [$1K to 1st] (DEN @ KC),153086,Showdown Captain Mode,267.0,1,4,1,1000.0,,Mon 8:15PM
195660477,NFL Showdown $267 Winner Take All [$1K to 1st] (DEN @ KC),153086,Showdown Captain Mode,267.0,3,4,1,1000.0,,Mon 8:15PM
195521306,NFL Showdown $267 Winner Take All [$1K to 1st] (DEN @ KC),153086,Showdown Captain Mode,267.0,1,4,1,1000.0,,Mon 8:15PM
195521305,NFL Showdown $267 Winner Take All [$1K to 1st] (DEN @ KC),153086,Showdown Captain Mode,267.0,1,4,1,1000.0,,Mon 8:15PM
195521304,NFL Showdown $267 Winner Take All [$1K to 1st] (DEN @ KC),153086,Showdown Captain Mode,267.0,1,4,1,1000.0,,Mon 8:15PM
195521303,NFL Showdown $267 Winner Take All [$1K to 1st] (DEN @ KC),153086,Showdown Captain Mode,267.0,1,4,1,1000.0,,Mon 8:15PM
195521302,NFL Showdown $267 Winner Take All [$1K to 1st] (DEN @ KC),153086,Showdown Captain Mode,267.0,1,4,1,1000.0,,Mon 8:15PM
195521301,NFL Showdown $267 Winner Take All [$1K to 1st] (DEN @ KC),153086,Showdown Captain Mode,267.0,3,4,1,1000.0,,Mon 8:15PM
195521299,NFL Showdown $267 Winner Take All [$1K to 1st] (DEN @ KC),153086,Showdown Captain Mode,267.0,1,4,1,1000.0,,Mon 8:15PM
195521271,NFL Showdown $100 Winner Take All [$1K to 1st] (DEN @ KC),153086,Showdown Captain Mode,100.0,5,11,1,1000.0,,Mon 8:15PM
195663884,NFL Showdown $85 Winner Take All [$300 to 1st] (DEN @ KC),153086,Showdown Captain Mode,85.0,1,4,1,300.0,,Mon 8:15PM
195660478,NFL Showdown $85 Winner Take All [$300 to 1st] (DEN @ KC),153086,Showdown Captain Mode,85.0,2,4,1,300.0,,Mon 8:15PM
195521257,NFL Showdown $85 Winner Take All [$300 to 1st] (DEN @ KC),153086,Showdown Captain Mode,85.0,1,4,1,300.0,,Mon 8:15PM
195521256,NFL Showdown $85 Winner Take All [$300 to 1st] (DEN @ KC),153086,Showdown Captain Mode,85.0,1,4,1,300.0,,Mon 8:15PM
195521255,NFL Showdown $85 Winner Take All [$300 to 1st] (DEN @ KC),153086,Showdown Captain Mode,85.0,1,4,1,300.0,,Mon 8:15PM
195665151,NFL Showdown $50 Winner Take All [$500 to 1st] (DEN @ KC),153086,Showdown Captain Mode,50.0,3,11,1,500.0,,Mon 8:15PM
195521298,NFL Showdown $27 Winner Take All [$500 to 1st] (DEN @ KC),153086,Showdown Captain Mode,27.0,19,21,1,500.0,,Mon 8:15PM
195521273,NFL Showdown $9 Winner Take All [$500 to 1st] (DEN @ KC),153086,Showdown Captain Mode,9.0,45,65,1,500.0,,Mon 8:15PM
195663443,NFL Showdown $5 Winner Take All [$100 to 1st] (DEN @ KC),153086,Showdown Captain Mode,5.0,13,23,1,100.0,,Mon 8:15PM
195660727,NFL Showdown $5 Winner Take All [$100 to 1st] (DEN @ KC),153086,Showdown Captain Mode,5.0,16,23,1,100.0,,Mon 8:15PM
195658580,NFL Showdown $5 Winner Take All [$100 to 1st] (DEN @ KC),153086,Showdown Captain Mode,5.0,11,23,1,100.0,,Mon 8:15PM
195521276,NFL Showdown $5 Winner Take All [$100 to 1st] (DEN @ KC),153086,Showdown Captain Mode,5.0,21,23,1,100.0,,Mon 8:15PM
195521275,NFL Showdown $5 Winner Take All [$100 to 1st] (DEN @ KC),153086,Showdown Captain Mode,5.0,21,23,1,100.0,,Mon 8:15PM
195665545,NFL Showdown $3 Winner Take All [$100 to 1st] (DEN @ KC),153086,Showdown Captain Mode,3.0,1,39,1,100.0,,Mon 8:15PM
195521281,NFL Showdown $3 Winner Take All [$100 to 1st] (DEN @ KC),153086,Showdown Captain Mode,3.0,33,39,1,100.0,,Mon 8:15PM
195521280,NFL Showdown $3 Winner Take All [$100 to 1st] (DEN @ KC),153086,Showdown Captain Mode,3.0,28,39,1,100.0,,Mon 8:15PM
195521279,NFL Showdown $3 Winner Take All [$100 to 1st] (DEN @ KC),153086,Showdown Captain Mode,3.0,24,39,1,100.0,,Mon 8:15PM
195666039,NFL Showdown $1 Winner Take All [$100 to 1st] (DEN @ KC),153086,Showdown Captain Mode,1.0,9,118,3,100.0,,Mon 8:15PM
195665802,NFL Showdown $1 Winner Take All [$100 to 1st] (DEN @ KC),153086,Showdown Captain Mode,1.0,17,118,3,100.0,,Mon 8:15PM
195665767,NFL Showdown $1 Winner Take All [$100 to 1st] (DEN @ KC),153086,Showdown Captain Mode,1.0,22,118,3,100.0,,Mon 8:15PM
195665043,NFL Showdown $1 Winner Take All [$100 to 1st] (DEN @ KC),153086,Showdown Captain Mode,1.0,52,118,3,100.0,,Mon 8:15PM
195663446,NFL Showdown $1 Winner Take All [$100 to 1st] (DEN @ KC),153086,Showdown Captain Mode,1.0,67,118,3,100.0,,Mon 8:15PM
195661170,NFL Showdown $1 Winner Take All [$100 to 1st] (DEN @ KC),153086,Showdown Captain Mode,1.0,71,118,3,100.0,,Mon 8:15PM
195661136,NFL Showdown $1 Winner Take All [$100 to 1st] (DEN @ KC),153086,Showdown Captain Mode,1.0,81,118,3,100.0,,Mon 8:15PM
195521264,NFL Showdown $1 Winner Take All [$100 to 1st] (DEN @ KC),153086,Showdown Captain Mode,1.0,117,118,3,100.0,,Mon 8:15PM
195666274,NFL Showdown $0.25 Winner Take All [$100 to 1st] (DEN @ KC),153086,Showdown Captain Mode,0.25,33,475,10,100.0,,Mon 8:15PM
195666033,NFL Showdown $0.25 Winner Take All [$100 to 1st] (DEN @ KC),153086,Showdown Captain Mode,0.25,84,475,10,100.0,,Mon 8:15PM
195665696,NFL Showdown $0.25 Winner Take All [$100 to 1st] (DEN @ KC),153086,Showdown Captain Mode,0.25,135,475,10,100.0,,Mon 8:15PM
195665692,NFL Showdown $0.25 Winner Take All [$100 to 1st] (DEN @ KC),153086,Showdown Captain Mode,0.25,132,475,10,100.0,,Mon 8:15PM
195665672,NFL Showdown $0.25 Winner Take All [$100 to 1st] (DEN @ KC),153086,Showdown Captain Mode,0.25,140,475,10,100.0,,Mon 8:15PM
195665213,NFL Showdown $0.25 Winner Take All [$100 to 1st] (DEN @ KC),153086,Showdown Captain Mode,0.25,189,475,10,100.0,,Mon 8:15PM
195664504,NFL Showdown $0.25 Winner Take All [$100 to 1st] (DEN @ KC),153086,Showdown Captain Mode,0.25,229,475,10,100.0,,Mon 8:15PM
195663913,NFL Showdown $0.25 Winner Take All [$100 to 1st] (DEN @ KC),153086,Showdown Captain Mode,0.25,269,475,10,100.0,,Mon 8:15PM
195663912,NFL Showdown $0.25 Winner Take All [$100 to 1st] (DEN @ KC),153086,Showdown Captain Mode,0.25,243,475,10,100.0,,Mon 8:15PM
195658388,NFL Showdown $0.25 Winner Take All [$100 to 1st] (DEN @ KC),153086,Showdown Captain Mode,0.25,386,475,10,100.0,,Mon 8:15PM
195657872,NFL Showdown $0.25 Winner Take All [$100 to 1st] (DEN @ KC),153086,Showdown Captain Mode,0.25,398,475,10,100.0,,Mon 8:15PM
195521287,NFL Showdown $0.25 Winner Take All [$100 to 1st] (DEN @ KC),153086,Showdown Captain Mode,0.25,466,475,10,100.0,,Mon 8:15PM
195521286,NFL Showdown $0.25 Winner Take All [$100 to 1st] (DEN @ KC),153086,Showdown Captain Mode,0.25,449,475,10,100.0,,Mon 8:15PM
195521285,NFL Showdown $0.25 Winner Take All [$100 to 1st] (DEN @ KC),153086,Showdown Captain Mode,0.25,444,475,10,100.0,,Mon 8:15PM
195521284,NFL Showdown $0.25 Winner Take All [$100 to 1st] (DEN @ KC),153086,Showdown Captain Mode,0.25,463,475,10,100.0,,Mon 8:15PM
195521133,Casual NFL Showdown 10x Booster [Top 3 Win $50] (DEN @ KC),153086,Showdown Captain Mode,5.0,10,35,1,150.0,,Mon 8:15PM
195521134,Casual NFL Showdown 10x Booster [Top 3 Win $20] (DEN @ KC),153086,Showdown Captain Mode,2.0,4,35,1,60.0,,Mon 8:15PM
195665688,NFL Showdown 10x Booster [Top 3 Win $100] (DEN @ KC),153086,Showdown Captain Mode,10.0,10,35,1,300.0,,Mon 8:15PM
195665687,NFL Showdown 10x Booster [Top 3 Win $100] (DEN @ KC),153086,Showdown Captain Mode,10.0,7,35,1,300.0,,Mon 8:15PM
195664928,NFL Showdown 10x Booster [Top 3 Win $100] (DEN @ KC),153086,Showdown Captain Mode,10.0,11,35,1,300.0,,Mon 8:15PM
195658485,NFL Showdown 10x Booster [Top 3 Win $100] (DEN @ KC),153086,Showdown Captain Mode,10.0,30,35,1,300.0,,Mon 8:15PM
195664522,NFL Showdown 10x Booster [Top 5 Win $50] (DEN @ KC),153086,Showdown Captain Mode,5.0,26,59,1,250.0,,Mon 8:15PM
195659323,NFL Showdown 10x Booster [Top 5 Win $50] (DEN @ KC),153086,Showdown Captain Mode,5.0,39,59,1,250.0,,Mon 8:15PM
195664361,NFL Showdown 10x Booster [Top 5 Win $20] (DEN @ KC),153086,Showdown Captain Mode,2.0,29,59,1,100.0,,Mon 8:15PM
195658420,NFL Showdown 10x Booster [Top 5 Win $20] (DEN @ KC),153086,Showdown Captain Mode,2.0,39,59,1,100.0,,Mon 8:15PM
195521072,NFL Showdown 10x Booster [Top 5 Win $20] (DEN @ KC),153086,Showdown Captain Mode,2.0,53,59,1,100.0,,Mon 8:15PM
195521071,NFL Showdown 10x Booster [Top 5 Win $20] (DEN @ KC),153086,Showdown Captain Mode,2.0,52,59,1,100.0,,Mon 8:15PM
195658662,NFL Showdown 10x Booster [Top 3 Win $20] (DEN @ KC),153086,Showdown Captain Mode,2.0,22,35,1,60.0,,Mon 8:15PM
195658466,NFL Showdown 10x Booster [Top 3 Win $20] (DEN @ KC),153086,Showdown Captain Mode,2.0,18,35,1,60.0,,Mon 8:15PM
195666559,NFL Showdown 40x Micro Booster [Top 5 Win $10] (DEN @ KC),153086,Showdown Captain Mode,0.25,0,237,7,50.0,,Mon 8:15PM
195665943,NFL Showdown 40x Micro Booster [Top 5 Win $10] (DEN @ KC),153086,Showdown Captain Mode,0.25,40,237,7,50.0,,Mon 8:15PM
195660556,NFL Showdown 40x Micro Booster [Top 5 Win $10] (DEN @ KC),153086,Showdown Captain Mode,0.25,220,237,7,50.0,,Mon 8:15PM
195660553,NFL Showdown 40x Micro Booster [Top 5 Win $10] (DEN @ KC),153086,Showdown Captain Mode,0.25,214,237,7,50.0,,Mon 8:15PM
195660540,NFL Showdown 40x Micro Booster [Top 5 Win $10] (DEN @ KC),153086,Showdown Captain Mode,0.25,194,237,7,50.0,,Mon 8:15PM
195660508,NFL Showdown 40x Micro Booster [Top 5 Win $10] (DEN @ KC),153086,Showdown Captain Mode,0.25,185,237,7,50.0,,Mon 8:15PM
195657433,NFL Showdown 40x Micro Booster [Top 5 Win $10] (DEN @ KC),153086,Showdown Captain Mode,0.25,226,237,7,50.0,,Mon 8:15PM
195521078,NFL Showdown $25 Quintuple Up [Top 4 Win $125] (DEN @ KC),153086,Showdown Captain Mode,25.0,19,22,1,500.0,,Mon 8:15PM
195521077,NFL Showdown $25 Quintuple Up [Top 4 Win $125] (DEN @ KC),153086,Showdown Captain Mode,25.0,9,22,1,500.0,,Mon 8:15PM
195521087,NFL Showdown $10 Quintuple Up [Top 5 Win $50] (DEN @ KC),153086,Showdown Captain Mode,10.0,17,28,1,250.0,,Mon 8:15PM
195521079,NFL Showdown $10 Quintuple Up [Top 5 Win $50] (DEN @ KC),153086,Showdown Captain Mode,10.0,19,28,1,250.0,,Mon 8:15PM
195658481,NFL Showdown $5 Quintuple Up [Top 5 Win $25] (DEN @ KC),153086,Showdown Captain Mode,5.0,14,28,1,125.0,,Mon 8:15PM
195521091,NFL Showdown $5 Quintuple Up [Top 5 Win $25] (DEN @ KC),153086,Showdown Captain Mode,5.0,23,28,1,125.0,,Mon 8:15PM
195521090,NFL Showdown $5 Quintuple Up [Top 5 Win $25] (DEN @ KC),153086,Showdown Captain Mode,5.0,20,28,1,125.0,,Mon 8:15PM
195521089,NFL Showdown $5 Quintuple Up [Top 5 Win $25] (DEN @ KC),153086,Showdown Captain Mode,5.0,20,28,1,125.0,,Mon 8:15PM
195521088,NFL Showdown $5 Quintuple Up [Top 5 Win $25] (DEN @ KC),153086,Showdown Captain Mode,5.0,20,28,1,125.0,,Mon 8:15PM
195663643,NFL Showdown $1 Quintuple Up [Top 5 Win $5] (DEN @ KC),153086,Showdown Captain Mode,1.0,17,28,1,25.0,,Mon 8:15PM
195660395,NFL Showdown $1 Quintuple Up [Top 5 Win $5] (DEN @ KC),153086,Showdown Captain Mode,1.0,22,28,1,25.0,,Mon 8:15PM
195658644,NFL Showdown $1 Quintuple Up [Top 5 Win $5] (DEN @ KC),153086,Showdown Captain Mode,1.0,15,28,1,25.0,,Mon 8:15PM
195657969,NFL Showdown $1 Quintuple Up [Top 5 Win $5] (DEN @ KC),153086,Showdown Captain Mode,1.0,19,28,1,25.0,,Mon 8:15PM
195521341,NFL Showdown $1 Quintuple Up [Top 5 Win $5] (DEN @ KC),153086,Showdown Captain Mode,1.0,26,28,1,25.0,,Mon 8:15PM
195521102,NFL Showdown $1 Quintuple Up [Top 5 Win $5] (DEN @ KC),153086,Showdown Captain Mode,1.0,24,28,1,25.0,,Mon 8:15PM
195521101,NFL Showdown $1 Quintuple Up [Top 5 Win $5] (DEN @ KC),153086,Showdown Captain Mode,1.0,19,28,1,25.0,,Mon 8:15PM
195521100,NFL Showdown $1 Quintuple Up [Top 5 Win $5] (DEN @ KC),153086,Showdown Captain Mode,1.0,26,28,1,25.0,,Mon 8:15PM
195521099,NFL Showdown $1 Quintuple Up [Top 5 Win $5] (DEN @ KC),153086,Showdown Captain Mode,1.0,15,28,1,25.0,,Mon 8:15PM
195521098,NFL Showdown $1 Quintuple Up [Top 5 Win $5] (DEN @ KC),153086,Showdown Captain Mode,1.0,19,28,1,25.0,,Mon 8:15PM
195521097,NFL Showdown $1 Quintuple Up [Top 5 Win $5] (DEN @ KC),153086,Showdown Captain Mode,1.0,15,28,1,25.0,,Mon 8:15PM
195521096,NFL Showdown $1 Quintuple Up [Top 5 Win $5] (DEN @ KC),153086,Showdown Captain Mode,1.0,15,28,1,25.0,,Mon 8:15PM
195521095,NFL Showdown $1 Quintuple Up [Top 5 Win $5] (DEN @ KC),153086,Showdown Captain Mode,1.0,16,28,1,25.0,,Mon 8:15PM
195521094,NFL Showdown $1 Quintuple Up [Top 5 Win $5] (DEN @ KC),153086,Showdown Captain Mode,1.0,21,28,1,25.0,,Mon 8:15PM
195521093,NFL Showdown $1 Quintuple Up [Top 5 Win $5] (DEN @ KC),153086,Showdown Captain Mode,1.0,20,28,1,25.0,,Mon 8:15PM
195521137,Casual NFL Showdown $1 Triple Up [Top 9 Win $3] (DEN @ KC),153086,Showdown Captain Mode,1.0,2,31,1,27.0,,Mon 8:15PM
195521064,NFL Showdown $250 Triple Up [Top 3 Win $750] (DEN @ KC),153086,Showdown Captain Mode,250.0,3,10,1,2250.0,,Mon 8:15PM
195521136,NFL Showdown $100 Triple Up [Top 3 Win $300] (DEN @ KC),153086,Showdown Captain Mode,100.0,5,10,1,900.0,,Mon 8:15PM
195521135,NFL Showdown $50 Triple Up [Top 5 Win $150] (DEN @ KC),153086,Showdown Captain Mode,50.0,10,17,1,750.0,,Mon 8:15PM
195521138,NFL Showdown $25 Triple Up [Top 9 Win $75] (DEN @ KC),153086,Showdown Captain Mode,25.0,28,31,1,675.0,,Mon 8:15PM
195664300,NFL Showdown $10 Triple Up [Top 9 Win $30] (DEN @ KC),153086,Showdown Captain Mode,10.0,8,31,1,270.0,,Mon 8:15PM
195655917,NFL Showdown $10 Triple Up [Top 9 Win $30] (DEN @ KC),153086,Showdown Captain Mode,10.0,18,31,1,270.0,,Mon 8:15PM
195521140,NFL Showdown $10 Triple Up [Top 9 Win $30] (DEN @ KC),153086,Showdown Captain Mode,10.0,28,31,1,270.0,,Mon 8:15PM
195666052,NFL Showdown $5 Triple Up [Top 9 Win $15] (DEN @ KC),153086,Showdown Captain Mode,5.0,3,31,1,135.0,,Mon 8:15PM
195661147,NFL Showdown $5 Triple Up [Top 9 Win $15] (DEN @ KC),153086,Showdown Captain Mode,5.0,18,31,1,135.0,,Mon 8:15PM
195521147,NFL Showdown $5 Triple Up [Top 9 Win $15] (DEN @ KC),153086,Showdown Captain Mode,5.0,28,31,1,135.0,,Mon 8:15PM
195521146,NFL Showdown $5 Triple Up [Top 9 Win $15] (DEN @ KC),153086,Showdown Captain Mode,5.0,29,31,1,135.0,,Mon 8:15PM
195521145,NFL Showdown $5 Triple Up [Top 9 Win $15] (DEN @ KC),153086,Showdown Captain Mode,5.0,24,31,1,135.0,,Mon 8:15PM
195521144,NFL Showdown $5 Triple Up [Top 9 Win $15] (DEN @ KC),153086,Showdown Captain Mode,5.0,24,31,1,135.0,,Mon 8:15PM
195521143,NFL Showdown $5 Triple Up [Top 9 Win $15] (DEN @ KC),153086,Showdown Captain Mode,5.0,25,31,1,135.0,,Mon 8:15PM
195521142,NFL Showdown $5 Triple Up [Top 9 Win $15] (DEN @ KC),153086,Showdown Captain Mode,5.0,28,31,1,135.0,,Mon 8:15PM
195521141,NFL Showdown $5 Triple Up [Top 9 Win $15] (DEN @ KC),153086,Showdown Captain Mode,5.0,26,31,1,135.0,,Mon 8:15PM
195663505,NFL Showdown $1 Triple Up [Top 9 Win $3] (DEN @ KC),153086,Showdown Captain Mode,1.0,13,31,1,27.0,,Mon 8:15PM
195661160,NFL Showdown $1 Triple Up [Top 9 Win $3] (DEN @ KC),153086,Showdown Captain Mode,1.0,15,31,1,27.0,,Mon 8:15PM
195657264,NFL Showdown $1 Triple Up [Top 9 Win $3] (DEN @ KC),153086,Showdown Captain Mode,1.0,27,31,1,27.0,,Mon 8:15PM
195521167,NFL Showdown $1 Triple Up [Top 9 Win $3] (DEN @ KC),153086,Showdown Captain Mode,1.0,27,31,1,27.0,,Mon 8:15PM
195521166,NFL Showdown $1 Triple Up [Top 9 Win $3] (DEN @ KC),153086,Showdown Captain Mode,1.0,24,31,1,27.0,,Mon 8:15PM
195521165,NFL Showdown $1 Triple Up [Top 9 Win $3] (DEN @ KC),153086,Showdown Captain Mode,1.0,23,31,1,27.0,,Mon 8:15PM
195521164,NFL Showdown $1 Triple Up [Top 9 Win $3] (DEN @ KC),153086,Showdown Captain Mode,1.0,21,31,1,27.0,,Mon 8:15PM
195521163,NFL Showdown $1 Triple Up [Top 9 Win $3] (DEN @ KC),153086,Showdown Captain Mode,1.0,25,31,1,27.0,,Mon 8:15PM
195521162,NFL Showdown $1 Triple Up [Top 9 Win $3] (DEN @ KC),153086,Showdown Captain Mode,1.0,26,31,1,27.0,,Mon 8:15PM
195521161,NFL Showdown $1 Triple Up [Top 9 Win $3] (DEN @ KC),153086,Showdown Captain Mode,1.0,20,31,1,27.0,,Mon 8:15PM
195521160,NFL Showdown $1 Triple Up [Top 9 Win $3] (DEN @ KC),153086,Showdown Captain Mode,1.0,17,31,1,27.0,,Mon 8:15PM
195521159,NFL Showdown $1 Triple Up [Top 9 Win $3] (DEN @ KC),153086,Showdown Captain Mode,1.0,18,31,1,27.0,,Mon 8:15PM
195521158,NFL Showdown $1 Triple Up [Top 9 Win $3] (DEN @ KC),153086,Showdown Captain Mode,1.0,16,31,1,27.0,,Mon 8:15PM
195521157,NFL Showdown $1 Triple Up [Top 9 Win $3] (DEN @ KC),153086,Showdown Captain Mode,1.0,18,31,1,27.0,,Mon 8:15PM
195521155,NFL Showdown $1 Triple Up [Top 9 Win $3] (DEN @ KC),153086,Showdown Captain Mode,1.0,20,31,1,27.0,,Mon 8:15PM
195521154,NFL Showdown $1 Triple Up [Top 9 Win $3] (DEN @ KC),153086,Showdown Captain Mode,1.0,18,31,1,27.0,,Mon 8:15PM
195521153,NFL Showdown $1 Triple Up [Top 9 Win $3] (DEN @ KC),153086,Showdown Captain Mode,1.0,20,31,1,27.0,,Mon 8:15PM
195521152,NFL Showdown $1 Triple Up [Top 9 Win $3] (DEN @ KC),153086,Showdown Captain Mode,1.0,21,31,1,27.0,,Mon 8:15PM
195521151,NFL Showdown $1 Triple Up [Top 9 Win $3] (DEN @ KC),153086,Showdown Captain Mode,1.0,27,31,1,27.0,,Mon 8:15PM
195521208,Casual NFL Showdown $10 Double Up (DEN @ KC),153086,Showdown Captain Mode,10.0,3,11,1,100.0,,Mon 8:15PM
195521212,Casual NFL Showdown $5 Double Up (DEN @ KC),153086,Showdown Captain Mode,5.0,4,23,1,100.0,,Mon 8:15PM
195521211,Casual NFL Showdown $3 Double Up (DEN @ KC),153086,Showdown Captain Mode,3.0,7,23,1,60.0,,Mon 8:15PM
195521210,Casual NFL Showdown $1 Double Up (DEN @ KC),153086,Showdown Captain Mode,1.0,16,23,1,20.0,,Mon 8:15PM
195521209,Casual NFL Showdown $1 Double Up (DEN @ KC),153086,Showdown Captain Mode,1.0,7,23,1,20.0,,Mon 8:15PM
195521132,NFL Showdown $250 Double Up (DEN @ KC),153086,Showdown Captain Mode,250.0,7,11,1,2500.0,,Mon 8:15PM
195664291,NFL Showdown $100 Double Up (DEN @ KC),153086,Showdown Captain Mode,100.0,2,11,1,1000.0,,Mon 8:15PM
195521346,NFL Showdown $100 Double Up (DEN @ KC),153086,Showdown Captain Mode,100.0,10,11,1,1000.0,,Mon 8:15PM
195664294,NFL Showdown $50 Double Up (DEN @ KC),153086,Showdown Captain Mode,50.0,2,11,1,500.0,,Mon 8:15PM
195655868,NFL Showdown $50 Double Up (DEN @ KC),153086,Showdown Captain Mode,50.0,8,11,1,500.0,,Mon 8:15PM
195521213,NFL Showdown $50 Double Up (DEN @ KC),153086,Showdown Captain Mode,50.0,10,11,1,500.0,,Mon 8:15PM
195521206,NFL Showdown $50 Double Up (DEN @ KC),153086,Showdown Captain Mode,50.0,8,11,1,500.0,,Mon 8:15PM
195663734,NFL Showdown $25 Double Up (DEN @ KC),153086,Showdown Captain Mode,25.0,3,11,1,250.0,,Mon 8:15PM
195521241,NFL Showdown $25 Double Up (DEN @ KC),153086,Showdown Captain Mode,25.0,10,11,1,250.0,,Mon 8:15PM
195521240,NFL Showdown $25 Double Up (DEN @ KC),153086,Showdown Captain Mode,25.0,8,11,1,250.0,,Mon 8:15PM
195521215,NFL Showdown $25 Double Up (DEN @ KC),153086,Showdown Captain Mode,25.0,7,11,1,250.0,,Mon 8:15PM
195521214,NFL Showdown $25 Double Up (DEN @ KC),153086,Showdown Captain Mode,25.0,7,11,1,250.0,,Mon 8:15PM
195521082,NFL Showdown $25 Double Up (DEN @ KC),153086,Showdown Captain Mode,25.0,7,11,1,250.0,,Mon 8:15PM
195521081,NFL Showdown $25 Double Up (DEN @ KC),153086,Showdown Captain Mode,25.0,8,11,1,250.0,,Mon 8:15PM
195521080,NFL Showdown $25 Double Up (DEN @ KC),153086,Showdown Captain Mode,25.0,7,11,1,250.0,,Mon 8:15PM
195655876,NFL Showdown $15 Double Up (DEN @ KC),153086,Showdown Captain Mode,15.0,9,16,1,210.0,,Mon 8:15PM
195521349,NFL Showdown $15 Double Up (DEN @ KC),153086,Showdown Captain Mode,15.0,15,16,1,210.0,,Mon 8:15PM
195521348,NFL Showdown $15 Double Up (DEN @ KC),153086,Showdown Captain Mode,15.0,10,16,1,210.0,,Mon 8:15PM
195521205,NFL Showdown $10 Double Up (DEN @ KC),153086,Showdown Captain Mode,10.0,25,39,1,340.0,,Mon 8:15PM
195664296,NFL Showdown $10 Double Up (DEN @ KC),153086,Showdown Captain Mode,10.0,3,23,1,200.0,,Mon 8:15PM
195521347,NFL Showdown $10 Double Up (DEN @ KC),153086,Showdown Captain Mode,10.0,16,23,1,200.0,,Mon 8:15PM
195521207,NFL Showdown $10 Double Up (DEN @ KC),153086,Showdown Captain Mode,10.0,15,23,1,200.0,,Mon 8:15PM
195664020,NFL Showdown $10 Double Up (DEN @ KC),153086,Showdown Captain Mode,10.0,3,11,1,100.0,,Mon 8:15PM
195655872,NFL Showdown $10 Double Up (DEN @ KC),153086,Showdown Captain Mode,10.0,8,11,1,100.0,,Mon 8:15PM
195655871,NFL Showdown $10 Double Up (DEN @ KC),153086,Showdown Captain Mode,10.0,7,11,1,100.0,,Mon 8:15PM
195521254,NFL Showdown $10 Double Up (DEN @ KC),153086,Showdown Captain Mode,10.0,10,11,1,100.0,,Mon 8:15PM
195521253,NFL Showdown $10 Double Up (DEN @ KC),153086,Showdown Captain Mode,10.0,9,11,1,100.0,,Mon 8:15PM
195521239,NFL Showdown $10 Double Up (DEN @ KC),153086,Showdown Captain Mode,10.0,9,11,1,100.0,,Mon 8:15PM
195521175,NFL Showdown $10 Double Up (DEN @ KC),153086,Showdown Captain Mode,10.0,8,11,1,100.0,,Mon 8:15PM
195521174,NFL Showdown $10 Double Up (DEN @ KC),153086,Showdown Captain Mode,10.0,9,11,1,100.0,,Mon 8:15PM
195521173,NFL Showdown $10 Double Up (DEN @ KC),153086,Showdown Captain Mode,10.0,10,11,1,100.0,,Mon 8:15PM
195521172,NFL Showdown $10 Double Up (DEN @ KC),153086,Showdown Captain Mode,10.0,8,11,1,100.0,,Mon 8:15PM
195664297,NFL Showdown $5 Double Up (DEN @ KC),153086,Showdown Captain Mode,5.0,5,39,1,170.0,,Mon 8:15PM
195521204,NFL Showdown $5 Double Up (DEN @ KC),153086,Showdown Captain Mode,5.0,37,39,1,170.0,,Mon 8:15PM
195521203,NFL Showdown $5 Double Up (DEN @ KC),153086,Showdown Captain Mode,5.0,28,39,1,170.0,,Mon 8:15PM
195521262,NFL Showdown $5 Double Up (DEN @ KC),153086,Showdown Captain Mode,5.0,20,23,1,100.0,,Mon 8:15PM
195521261,NFL Showdown $5 Double Up (DEN @ KC),153086,Showdown Captain Mode,5.0,17,23,1,100.0,,Mon 8:15PM
195521260,NFL Showdown $5 Double Up (DEN @ KC),153086,Showdown Captain Mode,5.0,19,23,1,100.0,,Mon 8:15PM
195521244,NFL Showdown $5 Double Up (DEN @ KC),153086,Showdown Captain Mode,5.0,13,23,1,100.0,,Mon 8:15PM
195521243,NFL Showdown $5 Double Up (DEN @ KC),153086,Showdown Captain Mode,5.0,14,23,1,100.0,,Mon 8:15PM
195521242,NFL Showdown $5 Double Up (DEN @ KC),153086,Showdown Captain Mode,5.0,17,23,1,100.0,,Mon 8:15PM
195521219,NFL Showdown $5 Double Up (DEN @ KC),153086,Showdown Captain Mode,5.0,19,23,1,100.0,,Mon 8:15PM
195521218,NFL Showdown $5 Double Up (DEN @ KC),153086,Showdown Captain Mode,5.0,14,23,1,100.0,,Mon 8:15PM
195521217,NFL Showdown $5 Double Up (DEN @ KC),153086,Showdown Captain Mode,5.0,16,23,1,100.0,,Mon 8:15PM
195521201,NFL Showdown $3 Double Up (DEN @ KC),153086,Showdown Captain Mode,3.0,61,62,1,162.0,,Mon 8:15PM
195521200,NFL Showdown $3 Double Up (DEN @ KC),153086,Showdown Captain Mode,3.0,31,39,1,102.0,,Mon 8:15PM
195521199,NFL Showdown $3 Double Up (DEN @ KC),153086,Showdown Captain Mode,3.0,28,39,1,102.0,,Mon 8:15PM
195661272,NFL Showdown $3 Double Up (DEN @ KC),153086,Showdown Captain Mode,3.0,13,23,1,60.0,,Mon 8:15PM
195521245,NFL Showdown $3 Double Up (DEN @ KC),153086,Showdown Captain Mode,3.0,18,23,1,60.0,,Mon 8:15PM
195521222,NFL Showdown $3 Double Up (DEN @ KC),153086,Showdown Captain Mode,3.0,17,23,1,60.0,,Mon 8:15PM
195521221,NFL Showdown $3 Double Up (DEN @ KC),153086,Showdown Captain Mode,3.0,16,23,1,60.0,,Mon 8:15PM
195521220,NFL Showdown $3 Double Up (DEN @ KC),153086,Showdown Captain Mode,3.0,16,23,1,60.0,,Mon 8:15PM
195521106,NFL Showdown $3 Double Up (DEN @ KC),153086,Showdown Captain Mode,3.0,15,23,1,60.0,,Mon 8:15PM
195521105,NFL Showdown $3 Double Up (DEN @ KC),153086,Showdown Captain Mode,3.0,15,23,1,60.0,,Mon 8:15PM
195521104,NFL Showdown $3 Double Up (DEN @ KC),153086,Showdown Captain Mode,3.0,16,23,1,60.0,,Mon 8:15PM
195521103,NFL Showdown $3 Double Up (DEN @ KC),153086,Showdown Captain Mode,3.0,19,23,1,60.0,,Mon 8:15PM
195665420,NFL Showdown $1 Double Up (DEN @ KC),153086,Showdown Captain Mode,1.0,13,62,1,54.0,,Mon 8:15PM
195665120,NFL Showdown $1 Double Up (DEN @ KC),153086,Showdown Captain Mode,1.0,16,62,1,54.0,,Mon 8:15PM
195665117,NFL Showdown $1 Double Up (DEN @ KC),153086,Showdown Captain Mode,1.0,12,62,1,54.0,,Mon 8:15PM
195664021,NFL Showdown $1 Double Up (DEN @ KC),153086,Showdown Captain Mode,1.0,32,62,1,54.0,,Mon 8:15PM
195663639,NFL Showdown $1 Double Up (DEN @ KC),153086,Showdown Captain Mode,1.0,26,62,1,54.0,,Mon 8:15PM
195521193,NFL Showdown $1 Double Up (DEN @ KC),153086,Showdown Captain Mode,1.0,50,62,1,54.0,,Mon 8:15PM
195521192,NFL Showdown $1 Double Up (DEN @ KC),153086,Showdown Captain Mode,1.0,51,62,1,54.0,,Mon 8:15PM
195521191,NFL Showdown $1 Double Up (DEN @ KC),153086,Showdown Captain Mode,1.0,49,62,1,54.0,,Mon 8:15PM
195521190,NFL Showdown $1 Double Up (DEN @ KC),153086,Showdown Captain Mode,1.0,47,62,1,54.0,,Mon 8:15PM
195521189,NFL Showdown $1 Double Up (DEN @ KC),153086,Showdown Captain Mode,1.0,46,62,1,54.0,,Mon 8:15PM
195521188,NFL Showdown $1 Double Up (DEN @ KC),153086,Showdown Captain Mode,1.0,46,62,1,54.0,,Mon 8:15PM
195521187,NFL Showdown $1 Double Up (DEN @ KC),153086,Showdown Captain Mode,1.0,45,62,1,54.0,,Mon 8:15PM
195521186,NFL Showdown $1 Double Up (DEN @ KC),153086,Showdown Captain Mode,1.0,43,62,1,54.0,,Mon 8:15PM
195664307,NFL Showdown $1 Double Up (DEN @ KC),153086,Showdown Captain Mode,1.0,8,39,1,34.0,,Mon 8:15PM
195664306,NFL Showdown $1 Double Up (DEN @ KC),153086,Showdown Captain Mode,1.0,10,39,1,34.0,,Mon 8:15PM
195521185,NFL Showdown $1 Double Up (DEN @ KC),153086,Showdown Captain Mode,1.0,32,39,1,34.0,,Mon 8:15PM
195521184,NFL Showdown $1 Double Up (DEN @ KC),153086,Showdown Captain Mode,1.0,27,39,1,34.0,,Mon 8:15PM
195521183,NFL Showdown $1 Double Up (DEN @ KC),153086,Showdown Captain Mode,1.0,31,39,1,34.0,,Mon 8:15PM
195521182,NFL Showdown $1 Double Up (DEN @ KC),153086,Showdown Captain Mode,1.0,25,39,1,34.0,,Mon 8:15PM
195521181,NFL Showdown $1 Double Up (DEN @ KC),153086,Showdown Captain Mode,1.0,31,39,1,34.0,,Mon 8:15PM
195521180,NFL Showdown $1 Double Up (DEN @ KC),153086,Showdown Captain Mode,1.0,26,39,1,34.0,,Mon 8:15PM
195521179,NFL Showdown $1 Double Up (DEN @ KC),153086,Showdown Captain Mode,1.0,24,39,1,34.0,,Mon 8:15PM
195521178,NFL Showdown $1 Double Up (DEN @ KC),153086,Showdown Captain Mode,1.0,27,39,1,34.0,,Mon 8:15PM
195521177,NFL Showdown $1 Double Up (DEN @ KC),153086,Showdown Captain Mode,1.0,24,39,1,34.0,,Mon 8:15PM
195521176,NFL Showdown $1 Double Up (DEN @ KC),153086,Showdown Captain Mode,1.0,23,39,1,34.0,,Mon 8:15PM
195664809,NFL Showdown $1 Double Up (DEN @ KC),153086,Showdown Captain Mode,1.0,6,23,1,20.0,,Mon 8:15PM
195664808,NFL Showdown $1 Double Up (DEN @ KC),153086,Showdown Captain Mode,1.0,7,23,1,20.0,,Mon 8:15PM
195658805,NFL Showdown $1 Double Up (DEN @ KC),153086,Showdown Captain Mode,1.0,14,23,1,20.0,,Mon 8:15PM
195656793,NFL Showdown $1 Double Up (DEN @ KC),153086,Showdown Captain Mode,1.0,15,23,1,20.0,,Mon 8:15PM
195521250,NFL Showdown $1 Double Up (DEN @ KC),153086,Showdown Captain Mode,1.0,20,23,1,20.0,,Mon 8:15PM
195521248,NFL Showdown $1 Double Up (DEN @ KC),153086,Showdown Captain Mode,1.0,20,23,1,20.0,,Mon 8:15PM
195521247,NFL Showdown $1 Double Up (DEN @ KC),153086,Showdown Captain Mode,1.0,22,23,1,20.0,,Mon 8:15PM
195521236,NFL Showdown $1 Double Up (DEN @ KC),153086,Showdown Captain Mode,1.0,15,23,1,20.0,,Mon 8:15PM
195521235,NFL Showdown $1 Double Up (DEN @ KC),153086,Showdown Captain Mode,1.0,17,23,1,20.0,,Mon 8:15PM
195521234,NFL Showdown $1 Double Up (DEN @ KC),153086,Showdown Captain Mode,1.0,16,23,1,20.0,,Mon 8:15PM
195521233,NFL Showdown $1 Double Up (DEN @ KC),153086,Showdown Captain Mode,1.0,15,23,1,20.0,,Mon 8:15PM
195521232,NFL Showdown $1 Double Up (DEN @ KC),153086,Showdown Captain Mode,1.0,17,23,1,20.0,,Mon 8:15PM
195521231,NFL Showdown $1 Double Up (DEN @ KC),153086,Showdown Captain Mode,1.0,15,23,1,20.0,,Mon 8:15PM
195521230,NFL Showdown $1 Double Up (DEN @ KC),153086,Showdown Captain Mode,1.0,18,23,1,20.0,,Mon 8:15PM
195521229,NFL Showdown $1 Double Up (DEN @ KC),153086,Showdown Captain Mode,1.0,20,23,1,20.0,,Mon 8:15PM
195521228,NFL Showdown $1 Double Up (DEN @ KC),153086,Showdown Captain Mode,1.0,15,23,1,20.0,,Mon 8:15PM
195521227,NFL Showdown $1 Double Up (DEN @ KC),153086,Showdown Captain Mode,1.0,16,23,1,20.0,,Mon 8:15PM
195521226,NFL Showdown $1 Double Up (DEN @ KC),153086,Showdown Captain Mode,1.0,16,23,1,20.0,,Mon 8:15PM
195521225,NFL Showdown $1 Double Up (DEN @ KC),153086,Showdown Captain Mode,1.0,15,23,1,20.0,,Mon 8:15PM
195521224,NFL Showdown $1 Double Up (DEN @ KC),153086,Showdown Captain Mode,1.0,15,23,1,20.0,,Mon 8:15PM
195521223,NFL Showdown $1 Double Up (DEN @ KC),153086,Showdown Captain Mode,1.0,15,23,1,20.0,,Mon 8:15PM
195521131,NFL Showdown $1 Double Up (DEN @ KC),153086,Showdown Captain Mode,1.0,15,23,1,20.0,,Mon 8:15PM
195521130,NFL Showdown $1 Double Up (DEN @ KC),153086,Showdown Captain Mode,1.0,15,23,1,20.0,,Mon 8:15PM
195521129,NFL Showdown $1 Double Up (DEN @ KC),153086,Showdown Captain Mode,1.0,15,23,1,20.0,,Mon 8:15PM
195521128,NFL Showdown $1 Double Up (DEN @ KC),153086,Showdown Captain Mode,1.0,16,23,1,20.0,,Mon 8:15PM
195521127,NFL Showdown $1 Double Up (DEN @ KC),153086,Showdown Captain Mode,1.0,16,23,1,20.0,,Mon 8:15PM
195521126,NFL Showdown $1 Double Up (DEN @ KC),153086,Showdown Captain Mode,1.0,16,23,1,20.0,,Mon 8:15PM
195521125,NFL Showdown $1 Double Up (DEN @ KC),153086,Showdown Captain Mode,1.0,17,23,1,20.0,,Mon 8:15PM
195521124,NFL Showdown $1 Double Up (DEN @ KC),153086,Showdown Captain Mode,1.0,17,23,1,20.0,,Mon 8:15PM
195521123,NFL Showdown $1 Double Up (DEN @ KC),153086,Showdown Captain Mode,1.0,17,23,1,20.0,,Mon 8:15PM
195521122,NFL Showdown $1 Double Up (DEN @ KC),153086,Showdown Captain Mode,1.0,16,23,1,20.0,,Mon 8:15PM
195521121,NFL Showdown $1 Double Up (DEN @ KC),153086,Showdown Captain Mode,1.0,16,23,1,20.0,,Mon 8:15PM
195521120,NFL Showdown $1 Double Up (DEN @ KC),153086,Showdown Captain Mode,1.0,16,23,1,20.0,,Mon 8:15PM
195521119,NFL Showdown $1 Double Up (DEN @ KC),153086,Showdown Captain Mode,1.0,16,23,1,20.0,,Mon 8:15PM
195521118,NFL Showdown $1 Double Up (DEN @ KC),153086,Showdown Captain Mode,1.0,17,23,1,20.0,,Mon 8:15PM
195521117,NFL Showdown $1 Double Up (DEN @ KC),153086,Showdown Captain Mode,1.0,15,23,1,20.0,,Mon 8:15PM
195521116,NFL Showdown $1 Double Up (DEN @ KC),153086,Showdown Captain Mode,1.0,15,23,1,20.0,,Mon 8:15PM
195521115,NFL Showdown $1 Double Up (DEN @ KC),153086,Showdown Captain Mode,1.0,15,23,1,20.0,,Mon 8:15PM
195521114,NFL Showdown $1 Double Up (DEN @ KC),153086,Showdown Captain Mode,1.0,15,23,1,20.0,,Mon 8:15PM
195521113,NFL Showdown $1 Double Up (DEN @ KC),153086,Showdown Captain Mode,1.0,15,23,1,20.0,,Mon 8:15PM
195521112,NFL Showdown $1 Double Up (DEN @ KC),153086,Showdown Captain Mode,1.0,15,23,1,20.0,,Mon 8:15PM
195521111,NFL Showdown $1 Double Up (DEN @ KC),153086,Showdown Captain Mode,1.0,16,23,1,20.0,,Mon 8:15PM
195521110,NFL Showdown $1 Double Up (DEN @ KC),153086,Showdown Captain Mode,1.0,16,23,1,20.0,,Mon 8:15PM
195521109,NFL Showdown $1 Double Up (DEN @ KC),153086,Showdown Captain Mode,1.0,15,23,1,20.0,,Mon 8:15PM
195521108,NFL Showdown $1 Double Up (DEN @ KC),153086,Showdown Captain Mode,1.0,15,23,1,20.0,,Mon 8:15PM
195521107,NFL Showdown $1 Double Up (DEN @ KC),153086,Showdown Captain Mode,1.0,22,23,1,20.0,,Mon 8:15PM
195664137,NFL Showdown FREE 200-Player (DEN @ KC),153086,Showdown Captain Mode,0.0,85,200,1,0.0,,Mon 8:15PM
195663973,NFL Showdown FREE 50-Player (DEN @ KC),153086,Showdown Captain Mode,0.0,36,50,1,0.0,,Mon 8:15PM
195663909,NFL Showdown FREE 50-Player (DEN @ KC),153086,Showdown Captain Mode,0.0,30,50,1,0.0,,Mon 8:15PM
195666423,NFL Showdown FREE 40-Player (DEN @ KC),153086,Showdown Captain Mode,0.0,2,40,1,0.0,,Mon 8:15PM
195656198,NFL Satellite to $20 NFL Fantasy Football Millionaire (Mon-Thu),153109,Classic,2.0,9,11,1,20.0,,Mon 8:15PM
195666269,NFL Satellite to $20 NFL Fantasy Football Millionaire (Mon-Thu),153109,Classic,1.0,1,23,1,20.0,,Mon 8:15PM
195661035,NFL Satellite to $20 NFL Fantasy Football Millionaire (Mon-Thu),153109,Classic,0.25,32,95,2,20.0,,Mon 8:15PM
195666472,NFL Satellite to $20 NFL Fantasy Football Millionaire (Mon-Thu),153109,Classic,0.1,8,237,7,20.0,,Mon 8:15PM
195645028,NFL $25 Double Up (Mon-Thu),153109,Classic,25.0,9,11,1,250.0,,Mon 8:15PM
195645027,NFL $10 Double Up (Mon-Thu),153109,Classic,10.0,7,11,1,100.0,,Mon 8:15PM
195645026,NFL $5 Double Up (Mon-Thu),153109,Classic,5.0,19,23,1,100.0,,Mon 8:15PM
195664310,NFL $1 Double Up (Mon-Thu),153109,Classic,1.0,10,23,1,20.0,,Mon 8:15PM
195661468,NFL $1 Double Up (Mon-Thu),153109,Classic,1.0,14,23,1,20.0,,Mon 8:15PM
195657837,NFL $1 Double Up (Mon-Thu),153109,Classic,1.0,11,23,1,20.0,,Mon 8:15PM
195656464,NFL FREE 200-Player (Mon-Thu),153109,Classic,0.0,82,200,1,0.0,,Mon 8:15PM
195664083,NFL FREE 50-Player (Mon-Thu),153109,Classic,0.0,14,50,1,0.0,,Mon 8:15PM
195520539,NFL Single Stat $10 10-Player [Top 2 Win] (DEN @ KC Total Yards),153108,Single Stat - Total Yards,10.0,6,10,1,90.0,,Mon 8:15PM
195520538,NFL Single Stat $5 10-Player [Top 2 Win] (DEN @ KC Total Yards),153108,Single Stat - Total Yards,5.0,8,10,1,45.0,,Mon 8:15PM
195520537,NFL Single Stat $5 10-Player [Top 2 Win] (DEN @ KC Total Yards),153108,Single Stat - Total Yards,5.0,4,10,1,45.0,,Mon 8:15PM
195520536,NFL Single Stat $2 10-Player [Top 2 Win] (DEN @ KC Total Yards),153108,Single Stat - Total Yards,2.0,6,10,1,18.0,,Mon 8:15PM
195520535,NFL Single Stat $2 10-Player [Top 2 Win] (DEN @ KC Total Yards),153108,Single Stat - Total Yards,2.0,8,10,1,18.0,,Mon 8:15PM
195657630,NFL Single Stat $1 10-Player [Top 2 Win] (DEN @ KC Total Yards),153108,Single Stat - Total Yards,1.0,5,10,1,9.0,,Mon 8:15PM
195520533,NFL Single Stat $1 10-Player [Top 2 Win] (DEN @ KC Total Yards),153108,Single Stat - Total Yards,1.0,8,10,1,9.0,,Mon 8:15PM
195528129,NFL Single Stat FREE 200-Player (DEN @ KC Total Yards),153108,Single Stat - Total Yards,0.0,120,200,1,0.0,,Mon 8:15PM
195542062,NFL In-Game $10 Double Up (2H DEN @ KC),153093,In-Game Showdown (H2),10.0,0,11,1,100.0,,Mon 9:15PM
195542065,NFL In-Game $1 Double Up (2H DEN @ KC),153093,In-Game Showdown (H2),1.0,3,23,1,20.0,,Mon 9:15PM
195656296,NFL In-Game FREE 200-Player (2H DEN @ KC),153093,In-Game Showdown (H2),0.0,7,200,1,0.0,,Mon 9:15PM
195542123,NFL In-Game $10 Double Up (4Q DEN @ KC),153094,In-Game Showdown (Q4),10.0,1,11,1,100.0,,Mon 9:45PM
195542122,NFL In-Game $1 Double Up (4Q DEN @ KC),153094,In-Game Showdown (Q4),1.0,2,23,1,20.0,,Mon 9:45PM
195656299,NFL In-Game FREE 200-Player (4Q DEN @ KC),153094,In-Game Showdown (Q4),0.0,2,200,1,0.0,,Mon 9:45PM
195659453,NFL $5K Mini Hot Route [Single Entry],153428,Classic,100.0,0,55,1,5000.0,,Sun 1:00PM
195659891,NFL $5K Mini Gridiron,153428,Classic,27.0,0,215,6,5000.0,,Sun 1:00PM
195659454,NFL $5K Mini Hail Mary,153428,Classic,12.0,1,490,14,5000.0,,Sun 1:00PM
195659467,NFL $5K Mini Slant,153428,Classic,9.0,2,653,19,5000.0,,Sun 1:00PM
195659720,NFL $5K Mini Flea Flicker,153428,Classic,5.0,22,1189,35,5000.0,,Sun 1:00PM
195659836,NFL $5K Mini Play-Action,153428,Classic,3.0,82,1981,20,5000.0,,Sun 1:00PM
195659981,NFL $4K Mini First Down,153428,Classic,1.0,53,4756,20,4000.0,,Sun 1:00PM
195659899,NFL $250 Dime Package [Just $0.10!],153428,Classic,0.1,216,2972,20,250.0,,Sun 1:00PM
195659898,NFL $250 Dime Package [Just $0.10!],153428,Classic,0.1,131,2972,20,250.0,,Sun 1:00PM
195659897,NFL $250 Dime Package [Just $0.10!],153428,Classic,0.1,118,2972,20,250.0,,Sun 1:00PM
195659896,NFL $250 Dime Package [Just $0.10!],153428,Classic,0.1,147,2972,20,250.0,,Sun 1:00PM
195659895,NFL $250 Dime Package [Just $0.10!],153428,Classic,0.1,126,2972,20,250.0,,Sun 1:00PM
195659894,NFL $250 Dime Package [Just $0.10!],153428,Classic,0.1,94,2972,20,250.0,,Sun 1:00PM
195659893,NFL $250 Dime Package [Just $0.10!],153428,Classic,0.1,96,2972,20,250.0,,Sun 1:00PM
195659892,NFL $250 Dime Package [Just $0.10!],153428,Classic,0.1,97,2972,20,250.0,,Sun 1:00PM
195660197,NFL SUPERSat to $20 NFL Fantasy Football Millionaire [4x],153428,Classic,4.0,1,23,1,80.0,,Sun 1:00PM
195660196,NFL SUPERSat to $20 NFL Fantasy Football Millionaire [4x],153428,Classic,4.0,0,23,1,80.0,,Sun 1:00PM
195660195,NFL SUPERSat to $20 NFL Fantasy Football Millionaire [4x],153428,Classic,4.0,0,23,1,80.0,,Sun 1:00PM
195660194,NFL SUPERSat to $20 NFL Fantasy Football Millionaire [4x],153428,Classic,4.0,0,23,1,80.0,,Sun 1:00PM
195660193,NFL SUPERSat to $20 NFL Fantasy Football Millionaire [2x],153428,Classic,0.25,12,190,5,40.0,,Sun 1:00PM
195660192,NFL SUPERSat to $20 NFL Fantasy Football Millionaire [2x],153428,Classic,0.25,11,190,5,40.0,,Sun 1:00PM
195660191,NFL SUPERSat to $20 NFL Fantasy Football Millionaire [2x],153428,Classic,0.25,11,190,5,40.0,,Sun 1:00PM
195660190,NFL SUPERSat to $20 NFL Fantasy Football Millionaire [2x],153428,Classic,0.25,11,190,5,40.0,,Sun 1:00PM
195660189,NFL SUPERSat to $20 NFL Fantasy Football Millionaire [2x],153428,Classic,0.25,6,190,5,40.0,,Sun 1:00PM
195660188,NFL SUPERSat to $20 NFL Fantasy Football Millionaire [2x],153428,Classic,0.25,6,190,5,40.0,,Sun 1:00PM
195660187,NFL SUPERSat to $20 NFL Fantasy Football Millionaire [2x],153428,Classic,0.25,3,190,5,40.0,,Sun 1:00PM
195660186,NFL SUPERSat to $20 NFL Fantasy Football Millionaire [2x],153428,Classic,0.25,5,190,5,40.0,,Sun 1:00PM
195660185,NFL SUPERSat to $20 NFL Fantasy Football Millionaire [2x],153428,Classic,0.25,4,190,5,40.0,,Sun 1:00PM
195660184,NFL SUPERSat to $20 NFL Fantasy Football Millionaire [2x],153428,Classic,0.25,3,190,5,40.0,,Sun 1:00PM
195660183,NFL SUPERSat to $20 NFL Fantasy Football Millionaire [2x],153428,Classic,0.25,3,190,5,40.0,,Sun 1:00PM
195660182,NFL SUPERSat to $20 NFL Fantasy Football Millionaire [2x],153428,Classic,0.25,3,190,5,40.0,,Sun 1:00PM
195660181,NFL SUPERSat to $20 NFL Fantasy Football Millionaire [2x],153428,Classic,0.25,3,190,5,40.0,,Sun 1:00PM
195660180,NFL SUPERSat to $20 NFL Fantasy Football Millionaire [2x],153428,Classic,0.25,3,190,5,40.0,,Sun 1:00PM
195660179,NFL SUPERSat to $20 NFL Fantasy Football Millionaire [2x],153428,Classic,0.25,3,190,5,40.0,,Sun 1:00PM
195660099,NFL Satellite to $20 NFL Fantasy Football Millionaire,153428,Classic,2.0,0,11,1,20.0,,Sun 1:00PM
195660098,NFL Satellite to $20 NFL Fantasy Football Millionaire,153428,Classic,2.0,0,11,1,20.0,,Sun 1:00PM
195660097,NFL Satellite to $20 NFL Fantasy Football Millionaire,153428,Classic,2.0,0,11,1,20.0,,Sun 1:00PM
195660096,NFL Satellite to $20 NFL Fantasy Football Millionaire,153428,Classic,2.0,0,11,1,20.0,,Sun 1:00PM
195660095,NFL Satellite to $20 NFL Fantasy Football Millionaire,153428,Classic,2.0,0,11,1,20.0,,Sun 1:00PM
195660094,NFL Satellite to $20 NFL Fantasy Football Millionaire,153428,Classic,2.0,0,11,1,20.0,,Sun 1:00PM
195660093,NFL Satellite to $20 NFL Fantasy Football Millionaire,153428,Classic,2.0,0,11,1,20.0,,Sun 1:00PM
195660092,NFL Satellite to $20 NFL Fantasy Football Millionaire,153428,Classic,2.0,0,11,1,20.0,,Sun 1:00PM
195660091,NFL Satellite to $20 NFL Fantasy Football Millionaire,153428,Classic,2.0,0,11,1,20.0,,Sun 1:00PM
195660090,NFL Satellite to $20 NFL Fantasy Football Millionaire,153428,Classic,2.0,0,11,1,20.0,,Sun 1:00PM
195660089,NFL Satellite to $20 NFL Fantasy Football Millionaire,153428,Classic,2.0,0,11,1,20.0,,Sun 1:00PM
195660088,NFL Satellite to $20 NFL Fantasy Football Millionaire,153428,Classic,2.0,0,11,1,20.0,,Sun 1:00PM
195660087,NFL Satellite to $20 NFL Fantasy Football Millionaire,153428,Classic,2.0,0,11,1,20.0,,Sun 1:00PM
195660086,NFL Satellite to $20 NFL Fantasy Football Millionaire,153428,Classic,2.0,0,11,1,20.0,,Sun 1:00PM
195660085,NFL Satellite to $20 NFL Fantasy Football Millionaire,153428,Classic,2.0,0,11,1,20.0,,Sun 1:00PM
195660084,NFL Satellite to $20 NFL Fantasy Football Millionaire,153428,Classic,2.0,0,11,1,20.0,,Sun 1:00PM
195660083,NFL Satellite to $20 NFL Fantasy Football Millionaire,153428,Classic,2.0,0,11,1,20.0,,Sun 1:00PM
195660082,NFL Satellite to $20 NFL Fantasy Football Millionaire,153428,Classic,2.0,0,11,1,20.0,,Sun 1:00PM
195660081,NFL Satellite to $20 NFL Fantasy Football Millionaire,153428,Classic,2.0,0,11,1,20.0,,Sun 1:00PM
195660080,NFL Satellite to $20 NFL Fantasy Football Millionaire,153428,Classic,2.0,0,11,1,20.0,,Sun 1:00PM
195660079,NFL Satellite to $20 NFL Fantasy Football Millionaire,153428,Classic,2.0,0,11,1,20.0,,Sun 1:00PM
195660078,NFL Satellite to $20 NFL Fantasy Football Millionaire,153428,Classic,2.0,0,11,1,20.0,,Sun 1:00PM
195660077,NFL Satellite to $20 NFL Fantasy Football Millionaire,153428,Classic,2.0,0,11,1,20.0,,Sun 1:00PM
195660076,NFL Satellite to $20 NFL Fantasy Football Millionaire,153428,Classic,2.0,0,11,1,20.0,,Sun 1:00PM
195660075,NFL Satellite to $20 NFL Fantasy Football Millionaire,153428,Classic,2.0,0,11,1,20.0,,Sun 1:00PM
195660074,NFL Satellite to $20 NFL Fantasy Football Millionaire,153428,Classic,2.0,0,11,1,20.0,,Sun 1:00PM
195660073,NFL Satellite to $20 NFL Fantasy Football Millionaire,153428,Classic,2.0,0,11,1,20.0,,Sun 1:00PM
195660072,NFL Satellite to $20 NFL Fantasy Football Millionaire,153428,Classic,2.0,0,11,1,20.0,,Sun 1:00PM
195660071,NFL Satellite to $20 NFL Fantasy Football Millionaire,153428,Classic,2.0,0,11,1,20.0,,Sun 1:00PM
195660070,NFL Satellite to $20 NFL Fantasy Football Millionaire,153428,Classic,2.0,0,11,1,20.0,,Sun 1:00PM
195660069,NFL Satellite to $20 NFL Fantasy Football Millionaire,153428,Classic,2.0,0,11,1,20.0,,Sun 1:00PM
195660068,NFL Satellite to $20 NFL Fantasy Football Millionaire,153428,Classic,2.0,0,11,1,20.0,,Sun 1:00PM
195660067,NFL Satellite to $20 NFL Fantasy Football Millionaire,153428,Classic,2.0,0,11,1,20.0,,Sun 1:00PM
195660066,NFL Satellite to $20 NFL Fantasy Football Millionaire,153428,Classic,2.0,0,11,1,20.0,,Sun 1:00PM
195660065,NFL Satellite to $20 NFL Fantasy Football Millionaire,153428,Classic,2.0,0,11,1,20.0,,Sun 1:00PM
195660129,NFL Satellite to $20 NFL Fantasy Football Millionaire,153428,Classic,1.0,0,23,1,20.0,,Sun 1:00PM
195660128,NFL Satellite to $20 NFL Fantasy Football Millionaire,153428,Classic,1.0,0,23,1,20.0,,Sun 1:00PM
195660127,NFL Satellite to $20 NFL Fantasy Football Millionaire,153428,Classic,1.0,1,23,1,20.0,,Sun 1:00PM
195660126,NFL Satellite to $20 NFL Fantasy Football Millionaire,153428,Classic,1.0,0,23,1,20.0,,Sun 1:00PM
195660125,NFL Satellite to $20 NFL Fantasy Football Millionaire,153428,Classic,1.0,0,23,1,20.0,,Sun 1:00PM
195660124,NFL Satellite to $20 NFL Fantasy Football Millionaire,153428,Classic,1.0,0,23,1,20.0,,Sun 1:00PM
195660123,NFL Satellite to $20 NFL Fantasy Football Millionaire,153428,Classic,1.0,0,23,1,20.0,,Sun 1:00PM
195660122,NFL Satellite to $20 NFL Fantasy Football Millionaire,153428,Classic,1.0,0,23,1,20.0,,Sun 1:00PM
195660121,NFL Satellite to $20 NFL Fantasy Football Millionaire,153428,Classic,1.0,0,23,1,20.0,,Sun 1:00PM
195660120,NFL Satellite to $20 NFL Fantasy Football Millionaire,153428,Classic,1.0,0,23,1,20.0,,Sun 1:00PM
195660119,NFL Satellite to $20 NFL Fantasy Football Millionaire,153428,Classic,1.0,0,23,1,20.0,,Sun 1:00PM
195660118,NFL Satellite to $20 NFL Fantasy Football Millionaire,153428,Classic,1.0,0,23,1,20.0,,Sun 1:00PM
195660117,NFL Satellite to $20 NFL Fantasy Football Millionaire,153428,Classic,1.0,0,23,1,20.0,,Sun 1:00PM
195660116,NFL Satellite to $20 NFL Fantasy Football Millionaire,153428,Classic,1.0,1,23,1,20.0,,Sun 1:00PM
195660115,NFL Satellite to $20 NFL Fantasy Football Millionaire,153428,Classic,1.0,0,23,1,20.0,,Sun 1:00PM
195660114,NFL Satellite to $20 NFL Fantasy Football Millionaire,153428,Classic,1.0,1,23,1,20.0,,Sun 1:00PM
195660113,NFL Satellite to $20 NFL Fantasy Football Millionaire,153428,Classic,1.0,0,23,1,20.0,,Sun 1:00PM
195660112,NFL Satellite to $20 NFL Fantasy Football Millionaire,153428,Classic,1.0,0,23,1,20.0,,Sun 1:00PM
195660111,NFL Satellite to $20 NFL Fantasy Football Millionaire,153428,Classic,1.0,0,23,1,20.0,,Sun 1:00PM
195660110,NFL Satellite to $20 NFL Fantasy Football Millionaire,153428,Classic,1.0,0,23,1,20.0,,Sun 1:00PM
195660109,NFL Satellite to $20 NFL Fantasy Football Millionaire,153428,Classic,1.0,0,23,1,20.0,,Sun 1:00PM
195660108,NFL Satellite to $20 NFL Fantasy Football Millionaire,153428,Classic,1.0,0,23,1,20.0,,Sun 1:00PM
195660107,NFL Satellite to $20 NFL Fantasy Football Millionaire,153428,Classic,1.0,0,23,1,20.0,,Sun 1:00PM
195660106,NFL Satellite to $20 NFL Fantasy Football Millionaire,153428,Classic,1.0,0,23,1,20.0,,Sun 1:00PM
195660105,NFL Satellite to $20 NFL Fantasy Football Millionaire,153428,Classic,1.0,0,23,1,20.0,,Sun 1:00PM
195660104,NFL Satellite to $20 NFL Fantasy Football Millionaire,153428,Classic,1.0,0,23,1,20.0,,Sun 1:00PM
195660103,NFL Satellite to $20 NFL Fantasy Football Millionaire,153428,Classic,1.0,1,23,1,20.0,,Sun 1:00PM
195660102,NFL Satellite to $20 NFL Fantasy Football Millionaire,153428,Classic,1.0,0,23,1,20.0,,Sun 1:00PM
195660101,NFL Satellite to $20 NFL Fantasy Football Millionaire,153428,Classic,1.0,0,23,1,20.0,,Sun 1:00PM
195660100,NFL Satellite to $20 NFL Fantasy Football Millionaire,153428,Classic,1.0,0,23,1,20.0,,Sun 1:00PM
195660137,NFL Satellite to $20 NFL Fantasy Football Millionaire,153428,Classic,0.25,5,95,2,20.0,,Sun 1:00PM
195660136,NFL Satellite to $20 NFL Fantasy Football Millionaire,153428,Classic,0.25,4,95,2,20.0,,Sun 1:00PM
195660135,NFL Satellite to $20 NFL Fantasy Football Millionaire,153428,Classic,0.25,5,95,2,20.0,,Sun 1:00PM
195660134,NFL Satellite to $20 NFL Fantasy Football Millionaire,153428,Classic,0.25,4,95,2,20.0,,Sun 1:00PM
195660133,NFL Satellite to $20 NFL Fantasy Football Millionaire,153428,Classic,0.25,4,95,2,20.0,,Sun 1:00PM
195660132,NFL Satellite to $20 NFL Fantasy Football Millionaire,153428,Classic,0.25,4,95,2,20.0,,Sun 1:00PM
195660131,NFL Satellite to $20 NFL Fantasy Football Millionaire,153428,Classic,0.25,4,95,2,20.0,,Sun 1:00PM
195660130,NFL Satellite to $20 NFL Fantasy Football Millionaire,153428,Classic,0.25,3,95,2,20.0,,Sun 1:00PM
195660178,NFL Satellite to $20 NFL Fantasy Football Millionaire,153428,Classic,0.1,7,237,7,20.0,,Sun 1:00PM
195660177,NFL Satellite to $20 NFL Fantasy Football Millionaire,153428,Classic,0.1,6,237,7,20.0,,Sun 1:00PM
195660176,NFL Satellite to $20 NFL Fantasy Football Millionaire,153428,Classic,0.1,5,237,7,20.0,,Sun 1:00PM
195660175,NFL Satellite to $20 NFL Fantasy Football Millionaire,153428,Classic,0.1,5,237,7,20.0,,Sun 1:00PM
195660174,NFL Satellite to $20 NFL Fantasy Football Millionaire,153428,Classic,0.1,5,237,7,20.0,,Sun 1:00PM
195660173,NFL Satellite to $20 NFL Fantasy Football Millionaire,153428,Classic,0.1,5,237,7,20.0,,Sun 1:00PM
195660172,NFL Satellite to $20 NFL Fantasy Football Millionaire,153428,Classic,0.1,5,237,7,20.0,,Sun 1:00PM
195660171,NFL Satellite to $20 NFL Fantasy Football Millionaire,153428,Classic,0.1,5,237,7,20.0,,Sun 1:00PM
195660170,NFL Satellite to $20 NFL Fantasy Football Millionaire,153428,Classic,0.1,5,237,7,20.0,,Sun 1:00PM
195660169,NFL Satellite to $20 NFL Fantasy Football Millionaire,153428,Classic,0.1,8,237,7,20.0,,Sun 1:00PM
195660168,NFL Satellite to $20 NFL Fantasy Football Millionaire,153428,Classic,0.1,5,237,7,20.0,,Sun 1:00PM
195660167,NFL Satellite to $20 NFL Fantasy Football Millionaire,153428,Classic,0.1,5,237,7,20.0,,Sun 1:00PM
195660166,NFL Satellite to $20 NFL Fantasy Football Millionaire,153428,Classic,0.1,5,237,7,20.0,,Sun 1:00PM
195660164,NFL Satellite to $20 NFL Fantasy Football Millionaire,153428,Classic,0.1,5,237,7,20.0,,Sun 1:00PM
195660163,NFL Satellite to $20 NFL Fantasy Football Millionaire,153428,Classic,0.1,5,237,7,20.0,,Sun 1:00PM
195660162,NFL Satellite to $20 NFL Fantasy Football Millionaire,153428,Classic,0.1,5,237,7,20.0,,Sun 1:00PM
195660161,NFL Satellite to $20 NFL Fantasy Football Millionaire,153428,Classic,0.1,5,237,7,20.0,,Sun 1:00PM
195660160,NFL Satellite to $20 NFL Fantasy Football Millionaire,153428,Classic,0.1,5,237,7,20.0,,Sun 1:00PM
195660159,NFL Satellite to $20 NFL Fantasy Football Millionaire,153428,Classic,0.1,5,237,7,20.0,,Sun 1:00PM
195660158,NFL Satellite to $20 NFL Fantasy Football Millionaire,153428,Classic,0.1,4,237,7,20.0,,Sun 1:00PM
195660157,NFL Satellite to $20 NFL Fantasy Football Millionaire,153428,Classic,0.1,3,237,7,20.0,,Sun 1:00PM
195660156,NFL Satellite to $20 NFL Fantasy Football Millionaire,153428,Classic,0.1,3,237,7,20.0,,Sun 1:00PM
195660155,NFL Satellite to $20 NFL Fantasy Football Millionaire,153428,Classic,0.1,4,237,7,20.0,,Sun 1:00PM
195660154,NFL Satellite to $20 NFL Fantasy Football Millionaire,153428,Classic,0.1,3,237,7,20.0,,Sun 1:00PM
195660153,NFL Satellite to $20 NFL Fantasy Football Millionaire,153428,Classic,0.1,3,237,7,20.0,,Sun 1:00PM
195660152,NFL Satellite to $20 NFL Fantasy Football Millionaire,153428,Classic,0.1,6,237,7,20.0,,Sun 1:00PM
195660151,NFL Satellite to $20 NFL Fantasy Football Millionaire,153428,Classic,0.1,5,237,7,20.0,,Sun 1:00PM
195660150,NFL Satellite to $20 NFL Fantasy Football Millionaire,153428,Classic,0.1,5,237,7,20.0,,Sun 1:00PM
195660149,NFL Satellite to $20 NFL Fantasy Football Millionaire,153428,Classic,0.1,5,237,7,20.0,,Sun 1:00PM
195660148,NFL Satellite to $20 NFL Fantasy Football Millionaire,153428,Classic,0.1,4,237,7,20.0,,Sun 1:00PM
195660147,NFL Satellite to $20 NFL Fantasy Football Millionaire,153428,Classic,0.1,5,237,7,20.0,,Sun 1:00PM
195660146,NFL Satellite to $20 NFL Fantasy Football Millionaire,153428,Classic,0.1,4,237,7,20.0,,Sun 1:00PM
195660145,NFL Satellite to $20 NFL Fantasy Football Millionaire,153428,Classic,0.1,4,237,7,20.0,,Sun 1:00PM
195660144,NFL Satellite to $20 NFL Fantasy Football Millionaire,153428,Classic,0.1,4,237,7,20.0,,Sun 1:00PM
195660143,NFL Satellite to $20 NFL Fantasy Football Millionaire,153428,Classic,0.1,4,237,7,20.0,,Sun 1:00PM
195660142,NFL Satellite to $20 NFL Fantasy Football Millionaire,153428,Classic,0.1,4,237,7,20.0,,Sun 1:00PM
195660141,NFL Satellite to $20 NFL Fantasy Football Millionaire,153428,Classic,0.1,4,237,7,20.0,,Sun 1:00PM
195660140,NFL Satellite to $20 NFL Fantasy Football Millionaire,153428,Classic,0.1,4,237,7,20.0,,Sun 1:00PM
195660139,NFL Satellite to $20 NFL Fantasy Football Millionaire,153428,Classic,0.1,4,237,7,20.0,,Sun 1:00PM
195660138,NFL Satellite to $20 NFL Fantasy Football Millionaire,153428,Classic,0.1,11,237,7,20.0,,Sun 1:00PM
195660248,NFL $50 2026 FFWC Qualifier Satellite,153428,Classic,2.0,2,29,1,50.0,,Sun 1:00PM
195660234,NFL $33 2026 FFWC Qualifier SUPERSatellite [2x],153428,Classic,1.0,1,78,2,66.0,,Sun 1:00PM
195660233,NFL $33 2026 FFWC Qualifier Satellite,153428,Classic,3.0,2,13,1,33.0,,Sun 1:00PM
195660232,NFL $33 2026 FFWC Qualifier Satellite,153428,Classic,1.0,1,39,1,33.0,,Sun 1:00PM
195660229,NFL $18 2026 FFWC Qualifier SUPERSatellite [4x],153428,Classic,1.0,1,85,2,72.0,,Sun 1:00PM
195660231,NFL $18 2026 FFWC Qualifier Satellite,153428,Classic,3.0,2,7,1,18.0,,Sun 1:00PM
195660230,NFL $18 2026 FFWC Qualifier Satellite,153428,Classic,3.0,1,7,1,18.0,,Sun 1:00PM
195660228,NFL $18 2026 FFWC Qualifier Satellite,153428,Classic,1.0,1,21,1,18.0,,Sun 1:00PM
195660227,NFL $18 2026 FFWC Qualifier Satellite,153428,Classic,1.0,1,21,1,18.0,,Sun 1:00PM
195660226,NFL $18 2026 FFWC Qualifier Satellite,153428,Classic,0.25,2,85,2,18.0,,Sun 1:00PM
195660225,NFL $5 2026 FFWC Qualifier Satellite,153428,Classic,1.0,0,7,1,6.0,,Sun 1:00PM
195660224,NFL $5 2026 FFWC Qualifier Satellite,153428,Classic,1.0,0,7,1,6.0,,Sun 1:00PM
195660223,NFL $5 2026 FFWC Qualifier Satellite,153428,Classic,1.0,0,7,1,6.0,,Sun 1:00PM
195660222,NFL $5 2026 FFWC Qualifier Satellite,153428,Classic,1.0,0,7,1,6.0,,Sun 1:00PM
195660221,NFL $5 2026 FFWC Qualifier Satellite,153428,Classic,1.0,0,7,1,6.0,,Sun 1:00PM
195660220,NFL $5 2026 FFWC Qualifier Satellite,153428,Classic,0.5,1,14,1,6.0,,Sun 1:00PM
195660219,NFL $5 2026 FFWC Qualifier Satellite,153428,Classic,0.5,1,14,1,6.0,,Sun 1:00PM
195660218,NFL $5 2026 FFWC Qualifier Satellite,153428,Classic,0.5,1,14,1,6.0,,Sun 1:00PM
195660217,NFL $5 2026 FFWC Qualifier Satellite,153428,Classic,0.5,1,14,1,6.0,,Sun 1:00PM
195660216,NFL $5 2026 FFWC Qualifier Satellite,153428,Classic,0.5,0,14,1,6.0,,Sun 1:00PM
195660215,NFL $5 2026 FFWC Qualifier Satellite,153428,Classic,0.5,1,14,1,6.0,,Sun 1:00PM
195660214,NFL $5 2026 FFWC Qualifier Satellite,153428,Classic,0.5,1,14,1,6.0,,Sun 1:00PM
195660213,NFL $5 2026 FFWC Qualifier Satellite,153428,Classic,0.5,1,14,1,6.0,,Sun 1:00PM
195660212,NFL $5 2026 FFWC Qualifier Satellite,153428,Classic,0.1,3,71,2,6.0,,Sun 1:00PM
195660211,NFL $5 2026 FFWC Qualifier Satellite,153428,Classic,0.1,3,71,2,6.0,,Sun 1:00PM
195660210,NFL $5 2026 FFWC Qualifier Satellite,153428,Classic,0.1,3,71,2,6.0,,Sun 1:00PM
195660209,NFL $5 2026 FFWC Qualifier Satellite,153428,Classic,0.1,4,71,2,6.0,,Sun 1:00PM
195660208,NFL $5 2026 FFWC Qualifier Satellite,153428,Classic,0.1,3,71,2,6.0,,Sun 1:00PM
195660207,NFL $5 2026 FFWC Qualifier Satellite,153428,Classic,0.1,3,71,2,6.0,,Sun 1:00PM
195660206,NFL $5 2026 FFWC Qualifier Satellite,153428,Classic,0.1,3,71,2,6.0,,Sun 1:00PM
195660205,NFL $5 2026 FFWC Qualifier Satellite,153428,Classic,0.1,4,71,2,6.0,,Sun 1:00PM
195659443,NFL $3 Ticket SUPERSatellite [4x],153428,Classic,0.25,2,57,1,12.0,,Sun 1:00PM
195659442,NFL $3 Ticket SUPERSatellite [4x],153428,Classic,0.25,2,57,1,12.0,,Sun 1:00PM
195659943,NFL $10 Hundo [Single Entry],153428,Classic,10.0,9,100,1,900.0,,Sun 1:00PM
195659942,NFL $10 Hundo [Single Entry],153428,Classic,10.0,6,100,1,900.0,,Sun 1:00PM
195659941,NFL $10 Hundo [Single Entry],153428,Classic,10.0,6,100,1,900.0,,Sun 1:00PM
195659940,NFL $10 Hundo [Single Entry],153428,Classic,10.0,6,100,1,900.0,,Sun 1:00PM
195659939,NFL $10 Hundo [Single Entry],153428,Classic,10.0,4,100,1,900.0,,Sun 1:00PM
195659938,NFL $10 Hundo [Single Entry],153428,Classic,10.0,3,100,1,900.0,,Sun 1:00PM
195659980,NFL $5 Hundo [Single Entry],153428,Classic,5.0,6,100,1,450.0,,Sun 1:00PM
195659979,NFL $5 Hundo [Single Entry],153428,Classic,5.0,4,100,1,450.0,,Sun 1:00PM
195659978,NFL $5 Hundo [Single Entry],153428,Classic,5.0,2,100,1,450.0,,Sun 1:00PM
195659977,NFL $5 Hundo [Single Entry],153428,Classic,5.0,3,100,1,450.0,,Sun 1:00PM
195659976,NFL $5 Hundo [Single Entry],153428,Classic,5.0,2,100,1,450.0,,Sun 1:00PM
195659975,NFL $5 Hundo [Single Entry],153428,Classic,5.0,2,100,1,450.0,,Sun 1:00PM
195659974,NFL $3 Hundo [Single Entry],153428,Classic,3.0,6,100,1,270.0,,Sun 1:00PM
195659973,NFL $3 Hundo [Single Entry],153428,Classic,3.0,7,100,1,270.0,,Sun 1:00PM
195659972,NFL $3 Hundo [Single Entry],153428,Classic,3.0,6,100,1,270.0,,Sun 1:00PM
195659971,NFL $3 Hundo [Single Entry],153428,Classic,3.0,6,100,1,270.0,,Sun 1:00PM
195659970,NFL $3 Hundo [Single Entry],153428,Classic,3.0,6,100,1,270.0,,Sun 1:00PM
195659969,NFL $3 Hundo [Single Entry],153428,Classic,3.0,6,100,1,270.0,,Sun 1:00PM
195659968,NFL $1 Hundo [Single Entry],153428,Classic,1.0,9,100,1,90.0,,Sun 1:00PM
195659967,NFL $1 Hundo [Single Entry],153428,Classic,1.0,7,100,1,90.0,,Sun 1:00PM
195659966,NFL $1 Hundo [Single Entry],153428,Classic,1.0,7,100,1,90.0,,Sun 1:00PM
195659965,NFL $1 Hundo [Single Entry],153428,Classic,1.0,7,100,1,90.0,,Sun 1:00PM
195659964,NFL $1 Hundo [Single Entry],153428,Classic,1.0,8,100,1,90.0,,Sun 1:00PM
195659963,NFL $1 Hundo [Single Entry],153428,Classic,1.0,5,100,1,90.0,,Sun 1:00PM
195659962,NFL $1 Hundo [Single Entry],153428,Classic,1.0,5,100,1,90.0,,Sun 1:00PM
195659961,NFL $1 Hundo [Single Entry],153428,Classic,1.0,5,100,1,90.0,,Sun 1:00PM
195659960,NFL $1 Hundo [Single Entry],153428,Classic,1.0,5,100,1,90.0,,Sun 1:00PM
195659959,NFL $1 Hundo [Single Entry],153428,Classic,1.0,5,100,1,90.0,,Sun 1:00PM
195659958,NFL $1 Hundo [Single Entry],153428,Classic,1.0,5,100,1,90.0,,Sun 1:00PM
195659957,NFL $1 Hundo [Single Entry],153428,Classic,1.0,5,100,1,90.0,,Sun 1:00PM
195659956,NFL $1 Hundo [Single Entry],153428,Classic,1.0,5,100,1,90.0,,Sun 1:00PM
195659955,NFL $1 Hundo [Single Entry],153428,Classic,1.0,5,100,1,90.0,,Sun 1:00PM
195659954,NFL $1 Hundo [Single Entry],153428,Classic,1.0,5,100,1,90.0,,Sun 1:00PM
195659953,NFL $1 Hundo [Single Entry],153428,Classic,1.0,5,100,1,90.0,,Sun 1:00PM
195659952,NFL $1 Hundo [Single Entry],153428,Classic,1.0,6,100,1,90.0,,Sun 1:00PM
195659951,NFL $1 Hundo [Single Entry],153428,Classic,1.0,4,100,1,90.0,,Sun 1:00PM
195659950,NFL $1 Hundo [Single Entry],153428,Classic,1.0,4,100,1,90.0,,Sun 1:00PM
195659949,NFL $1 Hundo [Single Entry],153428,Classic,1.0,4,100,1,90.0,,Sun 1:00PM
195659948,NFL $1 Hundo [Single Entry],153428,Classic,1.0,4,100,1,90.0,,Sun 1:00PM
195659947,NFL $1 Hundo [Single Entry],153428,Classic,1.0,4,100,1,90.0,,Sun 1:00PM
195659946,NFL $1 Hundo [Single Entry],153428,Classic,1.0,4,100,1,90.0,,Sun 1:00PM
195659945,NFL $1 Hundo [Single Entry],153428,Classic,1.0,4,100,1,90.0,,Sun 1:00PM
195659944,NFL $1 Hundo [Single Entry],153428,Classic,1.0,4,100,1,90.0,,Sun 1:00PM
195659457,NFL $50 Contest,153428,Classic,50.0,0,11,1,500.0,,Sun 1:00PM
195659569,NFL $27 Contest,153428,Classic,27.0,0,21,1,500.0,,Sun 1:00PM
195659452,NFL $27 Contest,153428,Classic,27.0,0,21,1,500.0,,Sun 1:00PM
195659514,NFL $9 Contest,153428,Classic,9.0,0,65,1,500.0,,Sun 1:00PM
195659363,NFL $5 Contest,153428,Classic,5.0,0,237,7,1000.0,,Sun 1:00PM
195659364,NFL $5 Contest,153428,Classic,5.0,0,118,3,500.0,,Sun 1:00PM
195659515,NFL $3 Contest,153428,Classic,3.0,0,118,3,300.0,,Sun 1:00PM
195659433,NFL $3 Contest,153428,Classic,3.0,0,118,3,300.0,,Sun 1:00PM
195659432,NFL $3 Contest,153428,Classic,3.0,1,118,3,300.0,,Sun 1:00PM
195659445,NFL $1 Contest,153428,Classic,1.0,16,594,17,500.0,,Sun 1:00PM
195659517,NFL $1 Contest,153428,Classic,1.0,2,237,7,200.0,,Sun 1:00PM
195659516,NFL $1 Contest,153428,Classic,1.0,7,237,7,200.0,,Sun 1:00PM
195659444,NFL $1 Contest,153428,Classic,1.0,7,237,7,200.0,,Sun 1:00PM
195659448,NFL $0.25 Contest,153428,Classic,0.25,43,2378,20,500.0,,Sun 1:00PM
195659521,NFL $0.25 Contest,153428,Classic,0.25,20,475,14,100.0,,Sun 1:00PM
195659520,NFL $0.25 Contest,153428,Classic,0.25,19,475,14,100.0,,Sun 1:00PM
195659519,NFL $0.25 Contest,153428,Classic,0.25,15,475,14,100.0,,Sun 1:00PM
195659518,NFL $0.25 Contest,153428,Classic,0.25,1,475,14,100.0,,Sun 1:00PM
195659431,NFL $0.25 Contest,153428,Classic,0.25,1,475,14,100.0,,Sun 1:00PM
195659430,NFL $0.25 Contest,153428,Classic,0.25,2,475,14,100.0,,Sun 1:00PM
195659429,NFL $0.25 Contest,153428,Classic,0.25,2,475,14,100.0,,Sun 1:00PM
195659428,NFL $0.25 Contest,153428,Classic,0.25,3,475,14,100.0,,Sun 1:00PM
195659522,"NFL $1,060 Winner Take All [$4K to 1st]",153428,Classic,1060.0,0,4,1,4000.0,,Sun 1:00PM
195659904,NFL $267 Winner Take All [$1K to 1st],153428,Classic,267.0,0,4,1,1000.0,,Sun 1:00PM
195659903,NFL $267 Winner Take All [$1K to 1st],153428,Classic,267.0,0,4,1,1000.0,,Sun 1:00PM
195659902,NFL $267 Winner Take All [$1K to 1st],153428,Classic,267.0,0,4,1,1000.0,,Sun 1:00PM
195659901,NFL $267 Winner Take All [$1K to 1st],153428,Classic,267.0,0,4,1,1000.0,,Sun 1:00PM
195659900,NFL $267 Winner Take All [$1K to 1st],153428,Classic,267.0,0,4,1,1000.0,,Sun 1:00PM
195659684,NFL $267 Winner Take All [$1K to 1st],153428,Classic,267.0,0,4,1,1000.0,,Sun 1:00PM
195659683,NFL $267 Winner Take All [$1K to 1st],153428,Classic,267.0,0,4,1,1000.0,,Sun 1:00PM
195659682,NFL $267 Winner Take All [$1K to 1st],153428,Classic,267.0,0,4,1,1000.0,,Sun 1:00PM
195659681,NFL $267 Winner Take All [$1K to 1st],153428,Classic,267.0,0,4,1,1000.0,,Sun 1:00PM
195659680,NFL $267 Winner Take All [$1K to 1st],153428,Classic,267.0,0,4,1,1000.0,,Sun 1:00PM
195659679,NFL $267 Winner Take All [$1K to 1st],153428,Classic,267.0,0,4,1,1000.0,,Sun 1:00PM
195659678,NFL $267 Winner Take All [$1K to 1st],153428,Classic,267.0,0,4,1,1000.0,,Sun 1:00PM
195659469,NFL $100 Winner Take All [$1K to 1st],153428,Classic,100.0,0,11,1,1000.0,,Sun 1:00PM
195659468,NFL $100 Winner Take All [$1K to 1st],153428,Classic,100.0,0,11,1,1000.0,,Sun 1:00PM
195659471,NFL $50 Winner Take All [$1K to 1st],153428,Classic,50.0,0,22,1,1000.0,,Sun 1:00PM
195659470,NFL $50 Winner Take All [$1K to 1st],153428,Classic,50.0,0,22,1,1000.0,,Sun 1:00PM
195659813,NFL $50 Winner Take All [$500 to 1st],153428,Classic,50.0,0,11,1,500.0,,Sun 1:00PM
195659812,NFL $50 Winner Take All [$500 to 1st],153428,Classic,50.0,0,11,1,500.0,,Sun 1:00PM
195659524,NFL $50 Winner Take All [$500 to 1st],153428,Classic,50.0,0,11,1,500.0,,Sun 1:00PM
195659523,NFL $50 Winner Take All [$500 to 1st],153428,Classic,50.0,0,11,1,500.0,,Sun 1:00PM
195659473,NFL $50 Winner Take All [$500 to 1st],153428,Classic,50.0,0,11,1,500.0,,Sun 1:00PM
195659472,NFL $50 Winner Take All [$500 to 1st],153428,Classic,50.0,0,11,1,500.0,,Sun 1:00PM
195659474,NFL $27 Winner Take All [$1K to 1st],153428,Classic,27.0,1,43,1,1000.0,,Sun 1:00PM
195659814,NFL $27 Winner Take All [$500 to 1st],153428,Classic,27.0,0,21,1,500.0,,Sun 1:00PM
195659475,NFL $27 Winner Take All [$500 to 1st],153428,Classic,27.0,0,21,1,500.0,,Sun 1:00PM
195659436,NFL $9 Winner Take All [$1K to 1st],153428,Classic,9.0,3,130,3,1000.0,,Sun 1:00PM
195659435,NFL $9 Winner Take All [$1K to 1st],153428,Classic,9.0,4,130,3,1000.0,,Sun 1:00PM
195659434,NFL $9 Winner Take All [$500 to 1st],153428,Classic,9.0,2,65,1,500.0,,Sun 1:00PM
195659405,NFL $5 Winner Take All [$1K to 1st],153428,Classic,5.0,13,237,7,1000.0,,Sun 1:00PM
195659534,NFL $5 Winner Take All [$100 to 1st],153428,Classic,5.0,1,23,1,100.0,,Sun 1:00PM
195659533,NFL $5 Winner Take All [$100 to 1st],153428,Classic,5.0,1,23,1,100.0,,Sun 1:00PM
195659532,NFL $5 Winner Take All [$100 to 1st],153428,Classic,5.0,1,23,1,100.0,,Sun 1:00PM
195659531,NFL $5 Winner Take All [$100 to 1st],153428,Classic,5.0,1,23,1,100.0,,Sun 1:00PM
195659530,NFL $5 Winner Take All [$100 to 1st],153428,Classic,5.0,1,23,1,100.0,,Sun 1:00PM
195659529,NFL $5 Winner Take All [$100 to 1st],153428,Classic,5.0,1,23,1,100.0,,Sun 1:00PM
195659528,NFL $5 Winner Take All [$100 to 1st],153428,Classic,5.0,1,23,1,100.0,,Sun 1:00PM
195659527,NFL $5 Winner Take All [$100 to 1st],153428,Classic,5.0,1,23,1,100.0,,Sun 1:00PM
195659526,NFL $5 Winner Take All [$100 to 1st],153428,Classic,5.0,1,23,1,100.0,,Sun 1:00PM
195659525,NFL $5 Winner Take All [$100 to 1st],153428,Classic,5.0,1,23,1,100.0,,Sun 1:00PM
195659485,NFL $5 Winner Take All [$100 to 1st],153428,Classic,5.0,1,23,1,100.0,,Sun 1:00PM
195659484,NFL $5 Winner Take All [$100 to 1st],153428,Classic,5.0,1,23,1,100.0,,Sun 1:00PM
195659483,NFL $5 Winner Take All [$100 to 1st],153428,Classic,5.0,1,23,1,100.0,,Sun 1:00PM
195659482,NFL $5 Winner Take All [$100 to 1st],153428,Classic,5.0,1,23,1,100.0,,Sun 1:00PM
195659481,NFL $5 Winner Take All [$100 to 1st],153428,Classic,5.0,1,23,1,100.0,,Sun 1:00PM
195659480,NFL $5 Winner Take All [$100 to 1st],153428,Classic,5.0,1,23,1,100.0,,Sun 1:00PM
195659479,NFL $5 Winner Take All [$100 to 1st],153428,Classic,5.0,1,23,1,100.0,,Sun 1:00PM
195659478,NFL $5 Winner Take All [$100 to 1st],153428,Classic,5.0,1,23,1,100.0,,Sun 1:00PM
195659477,NFL $5 Winner Take All [$100 to 1st],153428,Classic,5.0,1,23,1,100.0,,Sun 1:00PM
195659476,NFL $5 Winner Take All [$100 to 1st],153428,Classic,5.0,1,23,1,100.0,,Sun 1:00PM
195659407,NFL $3 Winner Take All [$1K to 1st],153428,Classic,3.0,1,396,10,1000.0,,Sun 1:00PM
195659406,NFL $3 Winner Take All [$1K to 1st],153428,Classic,3.0,1,396,10,1000.0,,Sun 1:00PM
195659535,NFL $3 Winner Take All [$100 to 1st],153428,Classic,3.0,1,39,1,100.0,,Sun 1:00PM
195659487,NFL $3 Winner Take All [$100 to 1st],153428,Classic,3.0,1,39,1,100.0,,Sun 1:00PM
195659486,NFL $3 Winner Take All [$100 to 1st],153428,Classic,3.0,1,39,1,100.0,,Sun 1:00PM
195659447,NFL $1 Winner Take All [$500 to 1st],153428,Classic,1.0,10,594,15,500.0,,Sun 1:00PM
195659446,NFL $1 Winner Take All [$500 to 1st],153428,Classic,1.0,6,594,15,500.0,,Sun 1:00PM
195659545,NFL $1 Winner Take All [$100 to 1st],153428,Classic,1.0,5,118,3,100.0,,Sun 1:00PM
195659544,NFL $1 Winner Take All [$100 to 1st],153428,Classic,1.0,4,118,3,100.0,,Sun 1:00PM
195659543,NFL $1 Winner Take All [$100 to 1st],153428,Classic,1.0,4,118,3,100.0,,Sun 1:00PM
195659542,NFL $1 Winner Take All [$100 to 1st],153428,Classic,1.0,6,118,3,100.0,,Sun 1:00PM
195659541,NFL $1 Winner Take All [$100 to 1st],153428,Classic,1.0,4,118,3,100.0,,Sun 1:00PM
195659540,NFL $1 Winner Take All [$100 to 1st],153428,Classic,1.0,4,118,3,100.0,,Sun 1:00PM
195659539,NFL $1 Winner Take All [$100 to 1st],153428,Classic,1.0,4,118,3,100.0,,Sun 1:00PM
195659538,NFL $1 Winner Take All [$100 to 1st],153428,Classic,1.0,1,118,3,100.0,,Sun 1:00PM
195659537,NFL $1 Winner Take All [$100 to 1st],153428,Classic,1.0,3,118,3,100.0,,Sun 1:00PM
195659536,NFL $1 Winner Take All [$100 to 1st],153428,Classic,1.0,1,118,3,100.0,,Sun 1:00PM
195659497,NFL $1 Winner Take All [$100 to 1st],153428,Classic,1.0,1,118,3,100.0,,Sun 1:00PM
195659496,NFL $1 Winner Take All [$100 to 1st],153428,Classic,1.0,1,118,3,100.0,,Sun 1:00PM
195659495,NFL $1 Winner Take All [$100 to 1st],153428,Classic,1.0,1,118,3,100.0,,Sun 1:00PM
195659494,NFL $1 Winner Take All [$100 to 1st],153428,Classic,1.0,1,118,3,100.0,,Sun 1:00PM
195659493,NFL $1 Winner Take All [$100 to 1st],153428,Classic,1.0,1,118,3,100.0,,Sun 1:00PM
195659492,NFL $1 Winner Take All [$100 to 1st],153428,Classic,1.0,1,118,3,100.0,,Sun 1:00PM
195659491,NFL $1 Winner Take All [$100 to 1st],153428,Classic,1.0,1,118,3,100.0,,Sun 1:00PM
195659490,NFL $1 Winner Take All [$100 to 1st],153428,Classic,1.0,1,118,3,100.0,,Sun 1:00PM
195659489,NFL $1 Winner Take All [$100 to 1st],153428,Classic,1.0,1,118,3,100.0,,Sun 1:00PM
195659488,NFL $1 Winner Take All [$100 to 1st],153428,Classic,1.0,1,118,3,100.0,,Sun 1:00PM
195659408,NFL $0.25 Winner Take All [$500 to 1st],153428,Classic,0.25,82,2378,20,500.0,,Sun 1:00PM
195659555,NFL $0.25 Winner Take All [$100 to 1st],153428,Classic,0.25,15,475,10,100.0,,Sun 1:00PM
195659554,NFL $0.25 Winner Take All [$100 to 1st],153428,Classic,0.25,11,475,10,100.0,,Sun 1:00PM
195659553,NFL $0.25 Winner Take All [$100 to 1st],153428,Classic,0.25,1,475,10,100.0,,Sun 1:00PM
195659552,NFL $0.25 Winner Take All [$100 to 1st],153428,Classic,0.25,11,475,10,100.0,,Sun 1:00PM
195659551,NFL $0.25 Winner Take All [$100 to 1st],153428,Classic,0.25,11,475,10,100.0,,Sun 1:00PM
195659550,NFL $0.25 Winner Take All [$100 to 1st],153428,Classic,0.25,2,475,10,100.0,,Sun 1:00PM
195659549,NFL $0.25 Winner Take All [$100 to 1st],153428,Classic,0.25,1,475,10,100.0,,Sun 1:00PM
195659548,NFL $0.25 Winner Take All [$100 to 1st],153428,Classic,0.25,1,475,10,100.0,,Sun 1:00PM
195659547,NFL $0.25 Winner Take All [$100 to 1st],153428,Classic,0.25,1,475,10,100.0,,Sun 1:00PM
195659546,NFL $0.25 Winner Take All [$100 to 1st],153428,Classic,0.25,1,475,10,100.0,,Sun 1:00PM
195659512,NFL $0.25 Winner Take All [$100 to 1st],153428,Classic,0.25,1,475,10,100.0,,Sun 1:00PM
195659511,NFL $0.25 Winner Take All [$100 to 1st],153428,Classic,0.25,2,475,10,100.0,,Sun 1:00PM
195659510,NFL $0.25 Winner Take All [$100 to 1st],153428,Classic,0.25,1,475,10,100.0,,Sun 1:00PM
195659509,NFL $0.25 Winner Take All [$100 to 1st],153428,Classic,0.25,1,475,10,100.0,,Sun 1:00PM
195659508,NFL $0.25 Winner Take All [$100 to 1st],153428,Classic,0.25,2,475,10,100.0,,Sun 1:00PM
195659507,NFL $0.25 Winner Take All [$100 to 1st],153428,Classic,0.25,1,475,10,100.0,,Sun 1:00PM
195659506,NFL $0.25 Winner Take All [$100 to 1st],153428,Classic,0.25,1,475,10,100.0,,Sun 1:00PM
195659505,NFL $0.25 Winner Take All [$100 to 1st],153428,Classic,0.25,1,475,10,100.0,,Sun 1:00PM
195659504,NFL $0.25 Winner Take All [$100 to 1st],153428,Classic,0.25,1,475,10,100.0,,Sun 1:00PM
195659503,NFL $0.25 Winner Take All [$100 to 1st],153428,Classic,0.25,1,475,10,100.0,,Sun 1:00PM
195659502,NFL $0.25 Winner Take All [$100 to 1st],153428,Classic,0.25,1,475,10,100.0,,Sun 1:00PM
195659501,NFL $0.25 Winner Take All [$100 to 1st],153428,Classic,0.25,1,475,10,100.0,,Sun 1:00PM
195659500,NFL $0.25 Winner Take All [$100 to 1st],153428,Classic,0.25,1,475,10,100.0,,Sun 1:00PM
195659499,NFL $0.25 Winner Take All [$100 to 1st],153428,Classic,0.25,1,475,10,100.0,,Sun 1:00PM
195659498,NFL $0.25 Winner Take All [$100 to 1st],153428,Classic,0.25,2,475,10,100.0,,Sun 1:00PM
195659606,Casual NFL 10x Booster [Top 10 Win $100],153428,Classic,10.0,3,117,3,1000.0,,Sun 1:00PM
195659605,Casual NFL 10x Booster [Top 10 Win $50],153428,Classic,5.0,3,118,3,500.0,,Sun 1:00PM
195659513,"NFL 10x Booster [Top 3 Win $1,000]",153428,Classic,100.0,0,33,1,3000.0,,Sun 1:00PM
195659375,NFL 10x Booster [Top 3 Win $500],153428,Classic,50.0,0,34,1,1500.0,,Sun 1:00PM
195659380,NFL 10x Booster [Top 5 Win $250],153428,Classic,25.0,1,58,1,1250.0,,Sun 1:00PM
195659379,NFL 10x Booster [Top 5 Win $250],153428,Classic,25.0,0,58,1,1250.0,,Sun 1:00PM
195659378,NFL 10x Booster [Top 5 Win $250],153428,Classic,25.0,0,58,1,1250.0,,Sun 1:00PM
195659377,NFL 10x Booster [Top 5 Win $250],153428,Classic,25.0,0,58,1,1250.0,,Sun 1:00PM
195659376,NFL 10x Booster [Top 5 Win $250],153428,Classic,25.0,0,58,1,1250.0,,Sun 1:00PM
195659410,NFL BIG 10x Booster [Top 30 Win $100],153428,Classic,10.0,2,352,10,3000.0,,Sun 1:00PM
195659381,NFL 10x Booster [Top 10 Win $100],153428,Classic,10.0,5,117,3,1000.0,,Sun 1:00PM
195659386,NFL 10x Booster [Top 5 Win $100],153428,Classic,10.0,2,58,1,500.0,,Sun 1:00PM
195659385,NFL 10x Booster [Top 5 Win $100],153428,Classic,10.0,1,58,1,500.0,,Sun 1:00PM
195659384,NFL 10x Booster [Top 5 Win $100],153428,Classic,10.0,1,58,1,500.0,,Sun 1:00PM
195659383,NFL 10x Booster [Top 5 Win $100],153428,Classic,10.0,1,58,1,500.0,,Sun 1:00PM
195659382,NFL 10x Booster [Top 5 Win $100],153428,Classic,10.0,1,58,1,500.0,,Sun 1:00PM
195659391,NFL 10x Booster [Top 10 Win $50],153428,Classic,5.0,1,118,3,500.0,,Sun 1:00PM
195659390,NFL 10x Booster [Top 10 Win $50],153428,Classic,5.0,2,118,3,500.0,,Sun 1:00PM
195659389,NFL 10x Booster [Top 10 Win $50],153428,Classic,5.0,2,118,3,500.0,,Sun 1:00PM
195659388,NFL 10x Booster [Top 10 Win $50],153428,Classic,5.0,1,118,3,500.0,,Sun 1:00PM
195659387,NFL 10x Booster [Top 10 Win $50],153428,Classic,5.0,2,118,3,500.0,,Sun 1:00PM
195659401,NFL 10x Booster [Top 5 Win $50],153428,Classic,5.0,3,59,1,250.0,,Sun 1:00PM
195659400,NFL 10x Booster [Top 5 Win $50],153428,Classic,5.0,2,59,1,250.0,,Sun 1:00PM
195659399,NFL 10x Booster [Top 5 Win $50],153428,Classic,5.0,1,59,1,250.0,,Sun 1:00PM
195659398,NFL 10x Booster [Top 5 Win $50],153428,Classic,5.0,1,59,1,250.0,,Sun 1:00PM
195659397,NFL 10x Booster [Top 5 Win $50],153428,Classic,5.0,1,59,1,250.0,,Sun 1:00PM
195659396,NFL 10x Booster [Top 5 Win $50],153428,Classic,5.0,1,59,1,250.0,,Sun 1:00PM
195659395,NFL 10x Booster [Top 5 Win $50],153428,Classic,5.0,1,59,1,250.0,,Sun 1:00PM
195659394,NFL 10x Booster [Top 5 Win $50],153428,Classic,5.0,1,59,1,250.0,,Sun 1:00PM
195659393,NFL 10x Booster [Top 5 Win $50],153428,Classic,5.0,1,59,1,250.0,,Sun 1:00PM
195659392,NFL 10x Booster [Top 5 Win $50],153428,Classic,5.0,2,59,1,250.0,,Sun 1:00PM
195659577,NFL 10x Booster [Top 3 Win $50],153428,Classic,5.0,2,35,1,150.0,,Sun 1:00PM
195659576,NFL 10x Booster [Top 3 Win $50],153428,Classic,5.0,1,35,1,150.0,,Sun 1:00PM
195659575,NFL 10x Booster [Top 3 Win $50],153428,Classic,5.0,0,35,1,150.0,,Sun 1:00PM
195659565,NFL 10x Booster [Top 3 Win $50],153428,Classic,5.0,1,35,1,150.0,,Sun 1:00PM
195659564,NFL 10x Booster [Top 3 Win $50],153428,Classic,5.0,1,35,1,150.0,,Sun 1:00PM
195659563,NFL 10x Booster [Top 3 Win $50],153428,Classic,5.0,1,35,1,150.0,,Sun 1:00PM
195659562,NFL 10x Booster [Top 3 Win $50],153428,Classic,5.0,2,35,1,150.0,,Sun 1:00PM
195659402,NFL 10x Booster [Top 25 Win $20],153428,Classic,2.0,13,297,8,500.0,,Sun 1:00PM
195659557,NFL 10x Booster [Top 10 Win $20],153428,Classic,2.0,5,118,3,200.0,,Sun 1:00PM
195659556,NFL 10x Booster [Top 10 Win $20],153428,Classic,2.0,5,118,3,200.0,,Sun 1:00PM
195659404,NFL 10x Booster [Top 10 Win $20],153428,Classic,2.0,5,118,3,200.0,,Sun 1:00PM
195659403,NFL 10x Booster [Top 10 Win $20],153428,Classic,2.0,5,118,3,200.0,,Sun 1:00PM
195659817,NFL 10x Booster [Top 5 Win $20],153428,Classic,2.0,3,59,1,100.0,,Sun 1:00PM
195659816,NFL 10x Booster [Top 5 Win $20],153428,Classic,2.0,3,59,1,100.0,,Sun 1:00PM
195659815,NFL 10x Booster [Top 5 Win $20],153428,Classic,2.0,2,59,1,100.0,,Sun 1:00PM
195659719,NFL 10x Booster [Top 5 Win $20],153428,Classic,2.0,2,59,1,100.0,,Sun 1:00PM
195659718,NFL 10x Booster [Top 5 Win $20],153428,Classic,2.0,2,59,1,100.0,,Sun 1:00PM
195659717,NFL 10x Booster [Top 5 Win $20],153428,Classic,2.0,2,59,1,100.0,,Sun 1:00PM
195659716,NFL 10x Booster [Top 5 Win $20],153428,Classic,2.0,2,59,1,100.0,,Sun 1:00PM
195659591,NFL 10x Booster [Top 3 Win $20],153428,Classic,2.0,2,35,1,60.0,,Sun 1:00PM
195659590,NFL 10x Booster [Top 3 Win $20],153428,Classic,2.0,2,35,1,60.0,,Sun 1:00PM
195659589,NFL 10x Booster [Top 3 Win $20],153428,Classic,2.0,2,35,1,60.0,,Sun 1:00PM
195659588,NFL 10x Booster [Top 3 Win $20],153428,Classic,2.0,2,35,1,60.0,,Sun 1:00PM
195659574,NFL 10x Booster [Top 3 Win $20],153428,Classic,2.0,2,35,1,60.0,,Sun 1:00PM
195659573,NFL 10x Booster [Top 3 Win $20],153428,Classic,2.0,2,35,1,60.0,,Sun 1:00PM
195659572,NFL 10x Booster [Top 3 Win $20],153428,Classic,2.0,2,35,1,60.0,,Sun 1:00PM
195659571,NFL 10x Booster [Top 3 Win $20],153428,Classic,2.0,2,35,1,60.0,,Sun 1:00PM
195659570,NFL 10x Booster [Top 3 Win $20],153428,Classic,2.0,2,35,1,60.0,,Sun 1:00PM
195659420,NFL BIG 40x Micro Booster [Top 50 Win $10],153428,Classic,0.25,103,2378,20,500.0,,Sun 1:00PM
195659559,NFL 40x Micro Booster [Top 20 Win $10],153428,Classic,0.25,89,951,20,200.0,,Sun 1:00PM
195659558,NFL 40x Micro Booster [Top 20 Win $10],153428,Classic,0.25,65,951,20,200.0,,Sun 1:00PM
195659419,NFL 40x Micro Booster [Top 20 Win $10],153428,Classic,0.25,49,951,20,200.0,,Sun 1:00PM
195659418,NFL 40x Micro Booster [Top 20 Win $10],153428,Classic,0.25,43,951,20,200.0,,Sun 1:00PM
195659417,NFL 40x Micro Booster [Top 20 Win $10],153428,Classic,0.25,44,951,20,200.0,,Sun 1:00PM
195659416,NFL 40x Micro Booster [Top 20 Win $10],153428,Classic,0.25,44,951,20,200.0,,Sun 1:00PM
195659415,NFL 40x Micro Booster [Top 20 Win $10],153428,Classic,0.25,46,951,20,200.0,,Sun 1:00PM
195659459,NFL $100 Quintuple Up [Top 4 Win $500],153428,Classic,100.0,1,22,1,2000.0,,Sun 1:00PM
195659905,NFL $50 Quintuple Up [Top 4 Win $250],153428,Classic,50.0,1,22,1,1000.0,,Sun 1:00PM
195659427,NFL $25 Quintuple Up [Top 4 Win $125],153428,Classic,25.0,1,22,1,500.0,,Sun 1:00PM
195659426,NFL $25 Quintuple Up [Top 4 Win $125],153428,Classic,25.0,1,22,1,500.0,,Sun 1:00PM
195659425,NFL $25 Quintuple Up [Top 4 Win $125],153428,Classic,25.0,1,22,1,500.0,,Sun 1:00PM
195659440,NFL $10 Quintuple Up [Top 5 Win $50],153428,Classic,10.0,3,28,1,250.0,,Sun 1:00PM
195659439,NFL $10 Quintuple Up [Top 5 Win $50],153428,Classic,10.0,3,28,1,250.0,,Sun 1:00PM
195659438,NFL $10 Quintuple Up [Top 5 Win $50],153428,Classic,10.0,2,28,1,250.0,,Sun 1:00PM
195659437,NFL $10 Quintuple Up [Top 5 Win $50],153428,Classic,10.0,2,28,1,250.0,,Sun 1:00PM
195659424,NFL $5 Quintuple Up [Top 10 Win $25],153428,Classic,5.0,3,57,1,250.0,,Sun 1:00PM
195659423,NFL $5 Quintuple Up [Top 10 Win $25],153428,Classic,5.0,3,57,1,250.0,,Sun 1:00PM
195659422,NFL $5 Quintuple Up [Top 10 Win $25],153428,Classic,5.0,4,57,1,250.0,,Sun 1:00PM
195659421,NFL $5 Quintuple Up [Top 10 Win $25],153428,Classic,5.0,4,57,1,250.0,,Sun 1:00PM
195660044,NFL $5 Quintuple Up [Top 5 Win $25],153428,Classic,5.0,3,28,1,125.0,,Sun 1:00PM
195660043,NFL $5 Quintuple Up [Top 5 Win $25],153428,Classic,5.0,3,28,1,125.0,,Sun 1:00PM
195660042,NFL $5 Quintuple Up [Top 5 Win $25],153428,Classic,5.0,3,28,1,125.0,,Sun 1:00PM
195660041,NFL $5 Quintuple Up [Top 5 Win $25],153428,Classic,5.0,3,28,1,125.0,,Sun 1:00PM
195660040,NFL $5 Quintuple Up [Top 5 Win $25],153428,Classic,5.0,3,28,1,125.0,,Sun 1:00PM
195660039,NFL $5 Quintuple Up [Top 5 Win $25],153428,Classic,5.0,3,28,1,125.0,,Sun 1:00PM
195660038,NFL $5 Quintuple Up [Top 5 Win $25],153428,Classic,5.0,3,28,1,125.0,,Sun 1:00PM
195660037,NFL $5 Quintuple Up [Top 5 Win $25],153428,Classic,5.0,3,28,1,125.0,,Sun 1:00PM
195660036,NFL $5 Quintuple Up [Top 5 Win $25],153428,Classic,5.0,3,28,1,125.0,,Sun 1:00PM
195660035,NFL $5 Quintuple Up [Top 5 Win $25],153428,Classic,5.0,3,28,1,125.0,,Sun 1:00PM
195660034,NFL $5 Quintuple Up [Top 5 Win $25],153428,Classic,5.0,3,28,1,125.0,,Sun 1:00PM
195660033,NFL $5 Quintuple Up [Top 5 Win $25],153428,Classic,5.0,3,28,1,125.0,,Sun 1:00PM
195660032,NFL $5 Quintuple Up [Top 5 Win $25],153428,Classic,5.0,3,28,1,125.0,,Sun 1:00PM
195659414,NFL $1 Quintuple Up [Top 25 Win $5],153428,Classic,1.0,5,143,1,125.0,,Sun 1:00PM
195659413,NFL $1 Quintuple Up [Top 25 Win $5],153428,Classic,1.0,2,143,1,125.0,,Sun 1:00PM
195659412,NFL $1 Quintuple Up [Top 25 Win $5],153428,Classic,1.0,3,143,1,125.0,,Sun 1:00PM
195659411,NFL $1 Quintuple Up [Top 25 Win $5],153428,Classic,1.0,3,143,1,125.0,,Sun 1:00PM
195659912,NFL $1 Quintuple Up [Top 10 Win $5],153428,Classic,1.0,2,57,1,50.0,,Sun 1:00PM
195659911,NFL $1 Quintuple Up [Top 10 Win $5],153428,Classic,1.0,2,57,1,50.0,,Sun 1:00PM
195659910,NFL $1 Quintuple Up [Top 10 Win $5],153428,Classic,1.0,2,57,1,50.0,,Sun 1:00PM
195659909,NFL $1 Quintuple Up [Top 10 Win $5],153428,Classic,1.0,2,57,1,50.0,,Sun 1:00PM
195659908,NFL $1 Quintuple Up [Top 10 Win $5],153428,Classic,1.0,2,57,1,50.0,,Sun 1:00PM
195659907,NFL $1 Quintuple Up [Top 10 Win $5],153428,Classic,1.0,2,57,1,50.0,,Sun 1:00PM
195659906,NFL $1 Quintuple Up [Top 10 Win $5],153428,Classic,1.0,2,57,1,50.0,,Sun 1:00PM
195659937,NFL $1 Quintuple Up [Top 5 Win $5],153428,Classic,1.0,3,28,1,25.0,,Sun 1:00PM
195659936,NFL $1 Quintuple Up [Top 5 Win $5],153428,Classic,1.0,2,28,1,25.0,,Sun 1:00PM
195659935,NFL $1 Quintuple Up [Top 5 Win $5],153428,Classic,1.0,2,28,1,25.0,,Sun 1:00PM
195659934,NFL $1 Quintuple Up [Top 5 Win $5],153428,Classic,1.0,2,28,1,25.0,,Sun 1:00PM
195659933,NFL $1 Quintuple Up [Top 5 Win $5],153428,Classic,1.0,3,28,1,25.0,,Sun 1:00PM
195659932,NFL $1 Quintuple Up [Top 5 Win $5],153428,Classic,1.0,2,28,1,25.0,,Sun 1:00PM
195659931,NFL $1 Quintuple Up [Top 5 Win $5],153428,Classic,1.0,2,28,1,25.0,,Sun 1:00PM
195659930,NFL $1 Quintuple Up [Top 5 Win $5],153428,Classic,1.0,2,28,1,25.0,,Sun 1:00PM
195659929,NFL $1 Quintuple Up [Top 5 Win $5],153428,Classic,1.0,2,28,1,25.0,,Sun 1:00PM
195659928,NFL $1 Quintuple Up [Top 5 Win $5],153428,Classic,1.0,2,28,1,25.0,,Sun 1:00PM
195659927,NFL $1 Quintuple Up [Top 5 Win $5],153428,Classic,1.0,1,28,1,25.0,,Sun 1:00PM
195659926,NFL $1 Quintuple Up [Top 5 Win $5],153428,Classic,1.0,1,28,1,25.0,,Sun 1:00PM
195659925,NFL $1 Quintuple Up [Top 5 Win $5],153428,Classic,1.0,1,28,1,25.0,,Sun 1:00PM
195659924,NFL $1 Quintuple Up [Top 5 Win $5],153428,Classic,1.0,1,28,1,25.0,,Sun 1:00PM
195659923,NFL $1 Quintuple Up [Top 5 Win $5],153428,Classic,1.0,1,28,1,25.0,,Sun 1:00PM
195659922,NFL $1 Quintuple Up [Top 5 Win $5],153428,Classic,1.0,2,28,1,25.0,,Sun 1:00PM
195659921,NFL $1 Quintuple Up [Top 5 Win $5],153428,Classic,1.0,2,28,1,25.0,,Sun 1:00PM
195659920,NFL $1 Quintuple Up [Top 5 Win $5],153428,Classic,1.0,2,28,1,25.0,,Sun 1:00PM
195659919,NFL $1 Quintuple Up [Top 5 Win $5],153428,Classic,1.0,2,28,1,25.0,,Sun 1:00PM
195659918,NFL $1 Quintuple Up [Top 5 Win $5],153428,Classic,1.0,2,28,1,25.0,,Sun 1:00PM
195659917,NFL $1 Quintuple Up [Top 5 Win $5],153428,Classic,1.0,2,28,1,25.0,,Sun 1:00PM
195659916,NFL $1 Quintuple Up [Top 5 Win $5],153428,Classic,1.0,2,28,1,25.0,,Sun 1:00PM
195659915,NFL $1 Quintuple Up [Top 5 Win $5],153428,Classic,1.0,2,28,1,25.0,,Sun 1:00PM
195659914,NFL $1 Quintuple Up [Top 5 Win $5],153428,Classic,1.0,2,28,1,25.0,,Sun 1:00PM
195659913,NFL $1 Quintuple Up [Top 5 Win $5],153428,Classic,1.0,2,28,1,25.0,,Sun 1:00PM
195659677,Beginner NFL $1 Triple Up [Top 9 Win $3],153428,Classic,1.0,0,31,1,27.0,,Sun 1:00PM
195659674,Casual NFL $10 Triple Up [Top 9 Win $30],153428,Classic,10.0,0,31,1,270.0,,Sun 1:00PM
195659675,Casual NFL $5 Triple Up [Top 9 Win $15],153428,Classic,5.0,0,31,1,135.0,,Sun 1:00PM
195659676,Casual NFL $1 Triple Up [Top 9 Win $3],153428,Classic,1.0,0,31,1,27.0,,Sun 1:00PM
195659441,NFL $250 Triple Up [Top 3 Win $750],153428,Classic,250.0,1,10,1,2250.0,,Sun 1:00PM
195659449,NFL $100 Triple Up [Top 6 Win $300],153428,Classic,100.0,1,20,1,1800.0,,Sun 1:00PM
195659890,NFL $100 Triple Up [Top 3 Win $300],153428,Classic,100.0,1,10,1,900.0,,Sun 1:00PM
195659889,NFL $100 Triple Up [Top 3 Win $300],153428,Classic,100.0,1,10,1,900.0,,Sun 1:00PM
195659888,NFL $100 Triple Up [Top 3 Win $300],153428,Classic,100.0,1,10,1,900.0,,Sun 1:00PM
195659673,NFL $50 Triple Up [Top 10 Win $150],153428,Classic,50.0,1,34,1,1500.0,,Sun 1:00PM
195659837,NFL $50 Triple Up [Top 5 Win $150],153428,Classic,50.0,1,17,1,750.0,,Sun 1:00PM
195659372,NFL $25 Triple Up [Top 18 Win $75],153428,Classic,25.0,1,62,1,1350.0,,Sun 1:00PM
195659672,NFL $25 Triple Up [Top 9 Win $75],153428,Classic,25.0,1,31,1,675.0,,Sun 1:00PM
195659671,NFL $25 Triple Up [Top 9 Win $75],153428,Classic,25.0,1,31,1,675.0,,Sun 1:00PM
195659373,NFL $10 Triple Up [Top 30 Win $30] (Multi-Entry),153428,Classic,10.0,3,103,3,900.0,,Sun 1:00PM
195659714,NFL $10 Triple Up [Top 18 Win $30],153428,Classic,10.0,2,62,1,540.0,,Sun 1:00PM
195659670,NFL $10 Triple Up [Top 18 Win $30],153428,Classic,10.0,2,62,1,540.0,,Sun 1:00PM
195659668,NFL $10 Triple Up [Top 9 Win $30],153428,Classic,10.0,1,31,1,270.0,,Sun 1:00PM
195659667,NFL $10 Triple Up [Top 9 Win $30],153428,Classic,10.0,1,31,1,270.0,,Sun 1:00PM
195659666,NFL $10 Triple Up [Top 9 Win $30],153428,Classic,10.0,1,31,1,270.0,,Sun 1:00PM
195659665,NFL $10 Triple Up [Top 9 Win $30],153428,Classic,10.0,1,31,1,270.0,,Sun 1:00PM
195659664,NFL $10 Triple Up [Top 9 Win $30],153428,Classic,10.0,1,31,1,270.0,,Sun 1:00PM
195659663,NFL $10 Triple Up [Top 9 Win $30],153428,Classic,10.0,1,31,1,270.0,,Sun 1:00PM
195659713,NFL $5 Triple Up [Top 18 Win $15],153428,Classic,5.0,1,62,1,270.0,,Sun 1:00PM
195659712,NFL $5 Triple Up [Top 18 Win $15],153428,Classic,5.0,3,62,1,270.0,,Sun 1:00PM
195659662,NFL $5 Triple Up [Top 18 Win $15],153428,Classic,5.0,2,62,1,270.0,,Sun 1:00PM
195659661,NFL $5 Triple Up [Top 18 Win $15],153428,Classic,5.0,1,62,1,270.0,,Sun 1:00PM
195659660,NFL $5 Triple Up [Top 18 Win $15],153428,Classic,5.0,1,62,1,270.0,,Sun 1:00PM
195659659,NFL $5 Triple Up [Top 9 Win $15],153428,Classic,5.0,1,31,1,135.0,,Sun 1:00PM
195659658,NFL $5 Triple Up [Top 9 Win $15],153428,Classic,5.0,1,31,1,135.0,,Sun 1:00PM
195659657,NFL $5 Triple Up [Top 9 Win $15],153428,Classic,5.0,1,31,1,135.0,,Sun 1:00PM
195659656,NFL $5 Triple Up [Top 9 Win $15],153428,Classic,5.0,1,31,1,135.0,,Sun 1:00PM
195659655,NFL $5 Triple Up [Top 9 Win $15],153428,Classic,5.0,1,31,1,135.0,,Sun 1:00PM
195659654,NFL $5 Triple Up [Top 9 Win $15],153428,Classic,5.0,1,31,1,135.0,,Sun 1:00PM
195659653,NFL $5 Triple Up [Top 9 Win $15],153428,Classic,5.0,1,31,1,135.0,,Sun 1:00PM
195659652,NFL $5 Triple Up [Top 9 Win $15],153428,Classic,5.0,1,31,1,135.0,,Sun 1:00PM
195659651,NFL $5 Triple Up [Top 9 Win $15],153428,Classic,5.0,1,31,1,135.0,,Sun 1:00PM
195659650,NFL $5 Triple Up [Top 9 Win $15],153428,Classic,5.0,1,31,1,135.0,,Sun 1:00PM
195659649,NFL $5 Triple Up [Top 9 Win $15],153428,Classic,5.0,1,31,1,135.0,,Sun 1:00PM
195659648,NFL $5 Triple Up [Top 9 Win $15],153428,Classic,5.0,1,31,1,135.0,,Sun 1:00PM
195659374,NFL $1 Triple Up [Top 60 Win $3] (Multi-Entry),153428,Classic,1.0,12,206,6,180.0,,Sun 1:00PM
195659711,NFL $1 Triple Up [Top 30 Win $3],153428,Classic,1.0,2,103,1,90.0,,Sun 1:00PM
195659710,NFL $1 Triple Up [Top 30 Win $3],153428,Classic,1.0,2,103,1,90.0,,Sun 1:00PM
195659625,NFL $1 Triple Up [Top 30 Win $3],153428,Classic,1.0,2,103,1,90.0,,Sun 1:00PM
195659624,NFL $1 Triple Up [Top 30 Win $3],153428,Classic,1.0,2,103,1,90.0,,Sun 1:00PM
195659623,NFL $1 Triple Up [Top 30 Win $3],153428,Classic,1.0,2,103,1,90.0,,Sun 1:00PM
195659622,NFL $1 Triple Up [Top 30 Win $3],153428,Classic,1.0,2,103,1,90.0,,Sun 1:00PM
195659709,NFL $1 Triple Up [Top 18 Win $3],153428,Classic,1.0,2,62,1,54.0,,Sun 1:00PM
195659621,NFL $1 Triple Up [Top 18 Win $3],153428,Classic,1.0,2,62,1,54.0,,Sun 1:00PM
195659620,NFL $1 Triple Up [Top 18 Win $3],153428,Classic,1.0,2,62,1,54.0,,Sun 1:00PM
195659647,NFL $1 Triple Up [Top 9 Win $3],153428,Classic,1.0,2,31,1,27.0,,Sun 1:00PM
195659646,NFL $1 Triple Up [Top 9 Win $3],153428,Classic,1.0,3,31,1,27.0,,Sun 1:00PM
195659645,NFL $1 Triple Up [Top 9 Win $3],153428,Classic,1.0,2,31,1,27.0,,Sun 1:00PM
195659644,NFL $1 Triple Up [Top 9 Win $3],153428,Classic,1.0,2,31,1,27.0,,Sun 1:00PM
195659643,NFL $1 Triple Up [Top 9 Win $3],153428,Classic,1.0,2,31,1,27.0,,Sun 1:00PM
195659642,NFL $1 Triple Up [Top 9 Win $3],153428,Classic,1.0,2,31,1,27.0,,Sun 1:00PM
195659641,NFL $1 Triple Up [Top 9 Win $3],153428,Classic,1.0,2,31,1,27.0,,Sun 1:00PM
195659640,NFL $1 Triple Up [Top 9 Win $3],153428,Classic,1.0,2,31,1,27.0,,Sun 1:00PM
195659639,NFL $1 Triple Up [Top 9 Win $3],153428,Classic,1.0,2,31,1,27.0,,Sun 1:00PM
195659638,NFL $1 Triple Up [Top 9 Win $3],153428,Classic,1.0,2,31,1,27.0,,Sun 1:00PM
195659637,NFL $1 Triple Up [Top 9 Win $3],153428,Classic,1.0,2,31,1,27.0,,Sun 1:00PM
195659636,NFL $1 Triple Up [Top 9 Win $3],153428,Classic,1.0,2,31,1,27.0,,Sun 1:00PM
195659635,NFL $1 Triple Up [Top 9 Win $3],153428,Classic,1.0,2,31,1,27.0,,Sun 1:00PM
195659634,NFL $1 Triple Up [Top 9 Win $3],153428,Classic,1.0,2,31,1,27.0,,Sun 1:00PM
195659633,NFL $1 Triple Up [Top 9 Win $3],153428,Classic,1.0,2,31,1,27.0,,Sun 1:00PM
195659632,NFL $1 Triple Up [Top 9 Win $3],153428,Classic,1.0,2,31,1,27.0,,Sun 1:00PM
195659631,NFL $1 Triple Up [Top 9 Win $3],153428,Classic,1.0,2,31,1,27.0,,Sun 1:00PM
195659630,NFL $1 Triple Up [Top 9 Win $3],153428,Classic,1.0,2,31,1,27.0,,Sun 1:00PM
195659629,NFL $1 Triple Up [Top 9 Win $3],153428,Classic,1.0,2,31,1,27.0,,Sun 1:00PM
195659628,NFL $1 Triple Up [Top 9 Win $3],153428,Classic,1.0,2,31,1,27.0,,Sun 1:00PM
195659627,NFL $1 Triple Up [Top 9 Win $3],153428,Classic,1.0,2,31,1,27.0,,Sun 1:00PM
195659626,NFL $1 Triple Up [Top 9 Win $3],153428,Classic,1.0,2,31,1,27.0,,Sun 1:00PM
195659456,Beginner NFL $25 Double Up,153428,Classic,25.0,0,11,1,250.0,,Sun 1:00PM
195659455,Beginner NFL $25 Double Up,153428,Classic,25.0,0,11,1,250.0,,Sun 1:00PM
195659819,Beginner NFL $10 Double Up,153428,Classic,10.0,0,11,1,100.0,,Sun 1:00PM
195659818,Beginner NFL $10 Double Up,153428,Classic,10.0,0,11,1,100.0,,Sun 1:00PM
195659587,Beginner NFL $5 Double Up,153428,Classic,5.0,1,23,1,100.0,,Sun 1:00PM
195659586,Beginner NFL $3 Double Up,153428,Classic,3.0,0,23,1,60.0,,Sun 1:00PM
195659585,Beginner NFL $1 Double Up,153428,Classic,1.0,0,23,1,20.0,,Sun 1:00PM
195659584,Beginner NFL $1 Double Up,153428,Classic,1.0,0,23,1,20.0,,Sun 1:00PM
195659788,Casual NFL $50 Double Up,153428,Classic,50.0,0,11,1,500.0,,Sun 1:00PM
195659608,Casual NFL $25 Double Up,153428,Classic,25.0,0,11,1,250.0,,Sun 1:00PM
195659607,Casual NFL $25 Double Up,153428,Classic,25.0,0,11,1,250.0,,Sun 1:00PM
195659821,Casual NFL $10 Double Up,153428,Classic,10.0,2,23,1,200.0,,Sun 1:00PM
195659820,Casual NFL $10 Double Up,153428,Classic,10.0,2,23,1,200.0,,Sun 1:00PM
195659826,Casual NFL $10 Double Up,153428,Classic,10.0,0,11,1,100.0,,Sun 1:00PM
195659825,Casual NFL $10 Double Up,153428,Classic,10.0,0,11,1,100.0,,Sun 1:00PM
195659824,Casual NFL $10 Double Up,153428,Classic,10.0,0,11,1,100.0,,Sun 1:00PM
195659823,Casual NFL $10 Double Up,153428,Classic,10.0,0,11,1,100.0,,Sun 1:00PM
195659822,Casual NFL $10 Double Up,153428,Classic,10.0,1,11,1,100.0,,Sun 1:00PM
195659614,Casual NFL $5 Double Up,153428,Classic,5.0,1,23,1,100.0,,Sun 1:00PM
195659613,Casual NFL $5 Double Up,153428,Classic,5.0,1,23,1,100.0,,Sun 1:00PM
195659612,Casual NFL $5 Double Up,153428,Classic,5.0,1,23,1,100.0,,Sun 1:00PM
195659611,Casual NFL $5 Double Up,153428,Classic,5.0,1,23,1,100.0,,Sun 1:00PM
195659610,Casual NFL $5 Double Up,153428,Classic,5.0,1,23,1,100.0,,Sun 1:00PM
195659609,Casual NFL $5 Double Up,153428,Classic,5.0,2,23,1,100.0,,Sun 1:00PM
195659765,Casual NFL $3 Double Up,153428,Classic,3.0,0,62,1,162.0,,Sun 1:00PM
195659770,Casual NFL $3 Double Up,153428,Classic,3.0,1,39,1,102.0,,Sun 1:00PM
195659616,Casual NFL $3 Double Up,153428,Classic,3.0,1,23,1,60.0,,Sun 1:00PM
195659615,Casual NFL $3 Double Up,153428,Classic,3.0,0,23,1,60.0,,Sun 1:00PM
195659767,Casual NFL $1 Double Up,153428,Classic,1.0,0,124,1,108.0,,Sun 1:00PM
195659766,Casual NFL $1 Double Up,153428,Classic,1.0,3,124,1,108.0,,Sun 1:00PM
195659764,Casual NFL $1 Double Up,153428,Classic,1.0,0,62,1,54.0,,Sun 1:00PM
195659769,Casual NFL $1 Double Up,153428,Classic,1.0,0,39,1,34.0,,Sun 1:00PM
195659768,Casual NFL $1 Double Up,153428,Classic,1.0,0,39,1,34.0,,Sun 1:00PM
195659619,Casual NFL $1 Double Up,153428,Classic,1.0,0,23,1,20.0,,Sun 1:00PM
195659618,Casual NFL $1 Double Up,153428,Classic,1.0,0,23,1,20.0,,Sun 1:00PM
195659617,Casual NFL $1 Double Up,153428,Classic,1.0,0,23,1,20.0,,Sun 1:00PM
195659450,"NFL $1,060 50-50 [Top 50% Win]",153428,Classic,1060.0,1,10,1,10000.0,,Sun 1:00PM
195659451,NFL $530 50-50 [Top 50% Win],153428,Classic,530.0,1,10,1,5000.0,,Sun 1:00PM
195659409,NFL $250 Double Up,153428,Classic,250.0,1,11,1,2500.0,,Sun 1:00PM
195659458,NFL $100 Double Up,153428,Classic,100.0,1,22,1,2000.0,,Sun 1:00PM
195659578,NFL $100 Double Up,153428,Classic,100.0,1,11,1,1000.0,,Sun 1:00PM
195659561,NFL $100 Double Up,153428,Classic,100.0,1,11,1,1000.0,,Sun 1:00PM
195659560,NFL $100 Double Up,153428,Classic,100.0,1,11,1,1000.0,,Sun 1:00PM
195659760,NFL $50 Double Up,153428,Classic,50.0,2,100,1,4400.0,,Sun 1:00PM
195659759,NFL $50 Double Up,153428,Classic,50.0,1,50,1,2200.0,,Sun 1:00PM
195659707,NFL $50 Double Up,153428,Classic,50.0,1,22,1,1000.0,,Sun 1:00PM
195659706,NFL $50 Double Up,153428,Classic,50.0,1,22,1,1000.0,,Sun 1:00PM
195659787,NFL $50 Double Up,153428,Classic,50.0,1,11,1,500.0,,Sun 1:00PM
195659568,NFL $50 Double Up,153428,Classic,50.0,1,11,1,500.0,,Sun 1:00PM
195659567,NFL $50 Double Up,153428,Classic,50.0,1,11,1,500.0,,Sun 1:00PM
195659566,NFL $50 Double Up,153428,Classic,50.0,1,11,1,500.0,,Sun 1:00PM
195659758,NFL $25 Double Up,153428,Classic,25.0,1,85,1,1850.0,,Sun 1:00PM
195659762,NFL $25 Double Up,153428,Classic,25.0,1,62,1,1350.0,,Sun 1:00PM
195659757,NFL $25 Double Up,153428,Classic,25.0,1,62,1,1350.0,,Sun 1:00PM
195659786,NFL $25 Double Up,153428,Classic,25.0,1,39,1,850.0,,Sun 1:00PM
195659785,NFL $25 Double Up,153428,Classic,25.0,1,39,1,850.0,,Sun 1:00PM
195659583,NFL $25 Double Up,153428,Classic,25.0,2,22,1,500.0,,Sun 1:00PM
195659582,NFL $25 Double Up,153428,Classic,25.0,2,22,1,500.0,,Sun 1:00PM
195659581,NFL $25 Double Up,153428,Classic,25.0,2,22,1,500.0,,Sun 1:00PM
195659580,NFL $25 Double Up,153428,Classic,25.0,2,22,1,500.0,,Sun 1:00PM
195659579,NFL $25 Double Up,153428,Classic,25.0,2,22,1,500.0,,Sun 1:00PM
195660026,NFL $25 Double Up,153428,Classic,25.0,1,11,1,250.0,,Sun 1:00PM
195660025,NFL $25 Double Up,153428,Classic,25.0,1,11,1,250.0,,Sun 1:00PM
195660024,NFL $25 Double Up,153428,Classic,25.0,1,11,1,250.0,,Sun 1:00PM
195660023,NFL $25 Double Up,153428,Classic,25.0,1,11,1,250.0,,Sun 1:00PM
195660022,NFL $25 Double Up,153428,Classic,25.0,1,11,1,250.0,,Sun 1:00PM
195659466,NFL $25 Double Up,153428,Classic,25.0,1,11,1,250.0,,Sun 1:00PM
195659465,NFL $25 Double Up,153428,Classic,25.0,1,11,1,250.0,,Sun 1:00PM
195659464,NFL $25 Double Up,153428,Classic,25.0,1,11,1,250.0,,Sun 1:00PM
195659463,NFL $25 Double Up,153428,Classic,25.0,1,11,1,250.0,,Sun 1:00PM
195659462,NFL $25 Double Up,153428,Classic,25.0,1,11,1,250.0,,Sun 1:00PM
195659461,NFL $25 Double Up,153428,Classic,25.0,1,11,1,250.0,,Sun 1:00PM
195659460,NFL $25 Double Up,153428,Classic,25.0,1,11,1,250.0,,Sun 1:00PM
195659761,NFL $10 Double Up,153428,Classic,10.0,4,124,1,1080.0,,Sun 1:00PM
195659756,NFL $10 Double Up,153428,Classic,10.0,2,124,1,1080.0,,Sun 1:00PM
195659755,NFL $10 Double Up,153428,Classic,10.0,1,124,1,1080.0,,Sun 1:00PM
195659754,NFL $10 Double Up,153428,Classic,10.0,1,124,1,1080.0,,Sun 1:00PM
195659763,NFL $10 Double Up,153428,Classic,10.0,1,62,1,540.0,,Sun 1:00PM
195659753,NFL $10 Double Up,153428,Classic,10.0,1,62,1,540.0,,Sun 1:00PM
195659752,NFL $10 Double Up,153428,Classic,10.0,1,62,1,540.0,,Sun 1:00PM
195659784,NFL $10 Double Up,153428,Classic,10.0,1,39,1,340.0,,Sun 1:00PM
195659783,NFL $10 Double Up,153428,Classic,10.0,1,39,1,340.0,,Sun 1:00PM
195659604,NFL $10 Double Up,153428,Classic,10.0,2,23,1,200.0,,Sun 1:00PM
195659603,NFL $10 Double Up,153428,Classic,10.0,1,23,1,200.0,,Sun 1:00PM
195659602,NFL $10 Double Up,153428,Classic,10.0,1,23,1,200.0,,Sun 1:00PM
195659811,NFL $10 Double Up,153428,Classic,10.0,2,11,1,100.0,,Sun 1:00PM
195659810,NFL $10 Double Up,153428,Classic,10.0,2,11,1,100.0,,Sun 1:00PM
195659809,NFL $10 Double Up,153428,Classic,10.0,2,11,1,100.0,,Sun 1:00PM
195659808,NFL $10 Double Up,153428,Classic,10.0,2,11,1,100.0,,Sun 1:00PM
195659807,NFL $10 Double Up,153428,Classic,10.0,2,11,1,100.0,,Sun 1:00PM
195659806,NFL $10 Double Up,153428,Classic,10.0,2,11,1,100.0,,Sun 1:00PM
195659805,NFL $10 Double Up,153428,Classic,10.0,2,11,1,100.0,,Sun 1:00PM
195659804,NFL $10 Double Up,153428,Classic,10.0,2,11,1,100.0,,Sun 1:00PM
195659803,NFL $10 Double Up,153428,Classic,10.0,2,11,1,100.0,,Sun 1:00PM
195659802,NFL $10 Double Up,153428,Classic,10.0,2,11,1,100.0,,Sun 1:00PM
195659801,NFL $10 Double Up,153428,Classic,10.0,2,11,1,100.0,,Sun 1:00PM
195659800,NFL $10 Double Up,153428,Classic,10.0,2,11,1,100.0,,Sun 1:00PM
195659799,NFL $10 Double Up,153428,Classic,10.0,2,11,1,100.0,,Sun 1:00PM
195659798,NFL $10 Double Up,153428,Classic,10.0,2,11,1,100.0,,Sun 1:00PM
195659797,NFL $10 Double Up,153428,Classic,10.0,2,11,1,100.0,,Sun 1:00PM
195660031,NFL $10 Double Up,153428,Classic,10.0,2,11,1,100.0,,Sun 1:00PM
195660030,NFL $10 Double Up,153428,Classic,10.0,2,11,1,100.0,,Sun 1:00PM
195660029,NFL $10 Double Up,153428,Classic,10.0,2,11,1,100.0,,Sun 1:00PM
195660028,NFL $10 Double Up,153428,Classic,10.0,2,11,1,100.0,,Sun 1:00PM
195660027,NFL $10 Double Up,153428,Classic,10.0,2,11,1,100.0,,Sun 1:00PM
195659708,NFL $5 Double Up [3 Entry Max],153428,Classic,5.0,4,344,3,1500.0,,Sun 1:00PM
195659751,NFL $5 Double Up,153428,Classic,5.0,1,124,1,540.0,,Sun 1:00PM
195659750,NFL $5 Double Up,153428,Classic,5.0,2,124,1,540.0,,Sun 1:00PM
195659749,NFL $5 Double Up,153428,Classic,5.0,1,124,1,540.0,,Sun 1:00PM
195659748,NFL $5 Double Up,153428,Classic,5.0,2,124,1,540.0,,Sun 1:00PM
195659747,NFL $5 Double Up,153428,Classic,5.0,1,124,1,540.0,,Sun 1:00PM
195659746,NFL $5 Double Up,153428,Classic,5.0,1,62,1,270.0,,Sun 1:00PM
195659745,NFL $5 Double Up,153428,Classic,5.0,1,62,1,270.0,,Sun 1:00PM
195659744,NFL $5 Double Up,153428,Classic,5.0,1,62,1,270.0,,Sun 1:00PM
195659782,NFL $5 Double Up,153428,Classic,5.0,1,39,1,170.0,,Sun 1:00PM
195659781,NFL $5 Double Up,153428,Classic,5.0,1,39,1,170.0,,Sun 1:00PM
195659780,NFL $5 Double Up,153428,Classic,5.0,1,39,1,170.0,,Sun 1:00PM
195659779,NFL $5 Double Up,153428,Classic,5.0,1,39,1,170.0,,Sun 1:00PM
195659778,NFL $5 Double Up,153428,Classic,5.0,1,39,1,170.0,,Sun 1:00PM
195659601,NFL $5 Double Up,153428,Classic,5.0,1,23,1,100.0,,Sun 1:00PM
195659600,NFL $5 Double Up,153428,Classic,5.0,1,23,1,100.0,,Sun 1:00PM
195659599,NFL $5 Double Up,153428,Classic,5.0,1,23,1,100.0,,Sun 1:00PM
195659598,NFL $5 Double Up,153428,Classic,5.0,1,23,1,100.0,,Sun 1:00PM
195659597,NFL $5 Double Up,153428,Classic,5.0,1,23,1,100.0,,Sun 1:00PM
195659596,NFL $5 Double Up,153428,Classic,5.0,1,23,1,100.0,,Sun 1:00PM
195659595,NFL $5 Double Up,153428,Classic,5.0,1,23,1,100.0,,Sun 1:00PM
195659594,NFL $5 Double Up,153428,Classic,5.0,1,23,1,100.0,,Sun 1:00PM
195659593,NFL $5 Double Up,153428,Classic,5.0,1,23,1,100.0,,Sun 1:00PM
195659592,NFL $5 Double Up,153428,Classic,5.0,1,23,1,100.0,,Sun 1:00PM
195659699,NFL $5 Double Up,153428,Classic,5.0,1,23,1,100.0,,Sun 1:00PM
195659698,NFL $5 Double Up,153428,Classic,5.0,1,23,1,100.0,,Sun 1:00PM
195659697,NFL $5 Double Up,153428,Classic,5.0,1,23,1,100.0,,Sun 1:00PM
195659696,NFL $5 Double Up,153428,Classic,5.0,1,23,1,100.0,,Sun 1:00PM
195659695,NFL $5 Double Up,153428,Classic,5.0,1,23,1,100.0,,Sun 1:00PM
195659704,NFL $3 Double Up,153428,Classic,3.0,20,1149,20,3000.0,,Sun 1:00PM
195659705,NFL $3 Double Up [3 Entry Max],153428,Classic,3.0,3,344,3,900.0,,Sun 1:00PM
195659366,NFL $3 Double Up,153428,Classic,3.0,1,229,1,600.0,,Sun 1:00PM
195659365,NFL $3 Double Up,153428,Classic,3.0,1,229,1,600.0,,Sun 1:00PM
195659828,NFL $3 Double Up,153428,Classic,3.0,0,124,1,324.0,,Sun 1:00PM
195659827,NFL $3 Double Up,153428,Classic,3.0,0,124,1,324.0,,Sun 1:00PM
195659743,NFL $3 Double Up,153428,Classic,3.0,0,124,1,324.0,,Sun 1:00PM
195659742,NFL $3 Double Up,153428,Classic,3.0,0,124,1,324.0,,Sun 1:00PM
195659741,NFL $3 Double Up,153428,Classic,3.0,0,124,1,324.0,,Sun 1:00PM
195659740,NFL $3 Double Up,153428,Classic,3.0,0,124,1,324.0,,Sun 1:00PM
195659739,NFL $3 Double Up,153428,Classic,3.0,0,62,1,162.0,,Sun 1:00PM
195659738,NFL $3 Double Up,153428,Classic,3.0,0,62,1,162.0,,Sun 1:00PM
195659737,NFL $3 Double Up,153428,Classic,3.0,0,62,1,162.0,,Sun 1:00PM
195659777,NFL $3 Double Up,153428,Classic,3.0,0,39,1,102.0,,Sun 1:00PM
195659776,NFL $3 Double Up,153428,Classic,3.0,0,39,1,102.0,,Sun 1:00PM
195659694,NFL $3 Double Up,153428,Classic,3.0,1,23,1,60.0,,Sun 1:00PM
195659693,NFL $3 Double Up,153428,Classic,3.0,0,23,1,60.0,,Sun 1:00PM
195659692,NFL $3 Double Up,153428,Classic,3.0,0,23,1,60.0,,Sun 1:00PM
195659691,NFL $3 Double Up,153428,Classic,3.0,0,23,1,60.0,,Sun 1:00PM
195659690,NFL $3 Double Up,153428,Classic,3.0,0,23,1,60.0,,Sun 1:00PM
195659689,NFL $3 Double Up,153428,Classic,3.0,0,23,1,60.0,,Sun 1:00PM
195659688,NFL $3 Double Up,153428,Classic,3.0,0,23,1,60.0,,Sun 1:00PM
195659687,NFL $3 Double Up,153428,Classic,3.0,0,23,1,60.0,,Sun 1:00PM
195659686,NFL $3 Double Up,153428,Classic,3.0,0,23,1,60.0,,Sun 1:00PM
195659685,NFL $3 Double Up,153428,Classic,3.0,0,23,1,60.0,,Sun 1:00PM
195660011,NFL $3 Double Up,153428,Classic,3.0,0,23,1,60.0,,Sun 1:00PM
195660010,NFL $3 Double Up,153428,Classic,3.0,0,23,1,60.0,,Sun 1:00PM
195660009,NFL $3 Double Up,153428,Classic,3.0,0,23,1,60.0,,Sun 1:00PM
195660008,NFL $3 Double Up,153428,Classic,3.0,0,23,1,60.0,,Sun 1:00PM
195660007,NFL $3 Double Up,153428,Classic,3.0,0,23,1,60.0,,Sun 1:00PM
195659700,NFL $1 Double Up [3 Entry Max],153428,Classic,1.0,13,862,3,750.0,,Sun 1:00PM
195659703,NFL $1 Double Up,153428,Classic,1.0,10,459,1,400.0,,Sun 1:00PM
195659702,NFL $1 Double Up,153428,Classic,1.0,8,459,1,400.0,,Sun 1:00PM
195659701,NFL $1 Double Up,153428,Classic,1.0,8,459,1,400.0,,Sun 1:00PM
195659371,NFL $1 Double Up,153428,Classic,1.0,3,229,1,200.0,,Sun 1:00PM
195659370,NFL $1 Double Up,153428,Classic,1.0,3,229,1,200.0,,Sun 1:00PM
195659369,NFL $1 Double Up,153428,Classic,1.0,3,229,1,200.0,,Sun 1:00PM
195659368,NFL $1 Double Up,153428,Classic,1.0,3,229,1,200.0,,Sun 1:00PM
195659367,NFL $1 Double Up,153428,Classic,1.0,3,229,1,200.0,,Sun 1:00PM
195659736,NFL $1 Double Up,153428,Classic,1.0,2,124,1,108.0,,Sun 1:00PM
195659735,NFL $1 Double Up,153428,Classic,1.0,1,124,1,108.0,,Sun 1:00PM
195659734,NFL $1 Double Up,153428,Classic,1.0,1,124,1,108.0,,Sun 1:00PM
195659733,NFL $1 Double Up,153428,Classic,1.0,1,124,1,108.0,,Sun 1:00PM
195659732,NFL $1 Double Up,153428,Classic,1.0,2,124,1,108.0,,Sun 1:00PM
195659731,NFL $1 Double Up,153428,Classic,1.0,2,124,1,108.0,,Sun 1:00PM
195659730,NFL $1 Double Up,153428,Classic,1.0,1,124,1,108.0,,Sun 1:00PM
195659729,NFL $1 Double Up,153428,Classic,1.0,1,124,1,108.0,,Sun 1:00PM
195659835,NFL $1 Double Up,153428,Classic,1.0,1,62,1,54.0,,Sun 1:00PM
195659834,NFL $1 Double Up,153428,Classic,1.0,1,62,1,54.0,,Sun 1:00PM
195659833,NFL $1 Double Up,153428,Classic,1.0,1,62,1,54.0,,Sun 1:00PM
195659832,NFL $1 Double Up,153428,Classic,1.0,1,62,1,54.0,,Sun 1:00PM
195659831,NFL $1 Double Up,153428,Classic,1.0,1,62,1,54.0,,Sun 1:00PM
195659830,NFL $1 Double Up,153428,Classic,1.0,1,62,1,54.0,,Sun 1:00PM
195659829,NFL $1 Double Up,153428,Classic,1.0,1,62,1,54.0,,Sun 1:00PM
195659728,NFL $1 Double Up,153428,Classic,1.0,1,62,1,54.0,,Sun 1:00PM
195659727,NFL $1 Double Up,153428,Classic,1.0,1,62,1,54.0,,Sun 1:00PM
195659726,NFL $1 Double Up,153428,Classic,1.0,1,62,1,54.0,,Sun 1:00PM
195659725,NFL $1 Double Up,153428,Classic,1.0,1,62,1,54.0,,Sun 1:00PM
195659724,NFL $1 Double Up,153428,Classic,1.0,1,62,1,54.0,,Sun 1:00PM
195659723,NFL $1 Double Up,153428,Classic,1.0,1,62,1,54.0,,Sun 1:00PM
195659722,NFL $1 Double Up,153428,Classic,1.0,1,62,1,54.0,,Sun 1:00PM
195659721,NFL $1 Double Up,153428,Classic,1.0,1,62,1,54.0,,Sun 1:00PM
195659796,NFL $1 Double Up,153428,Classic,1.0,1,39,1,34.0,,Sun 1:00PM
195659795,NFL $1 Double Up,153428,Classic,1.0,1,39,1,34.0,,Sun 1:00PM
195659794,NFL $1 Double Up,153428,Classic,1.0,1,39,1,34.0,,Sun 1:00PM
195659793,NFL $1 Double Up,153428,Classic,1.0,1,39,1,34.0,,Sun 1:00PM
195659792,NFL $1 Double Up,153428,Classic,1.0,1,39,1,34.0,,Sun 1:00PM
195659791,NFL $1 Double Up,153428,Classic,1.0,1,39,1,34.0,,Sun 1:00PM
195659790,NFL $1 Double Up,153428,Classic,1.0,1,39,1,34.0,,Sun 1:00PM
195659789,NFL $1 Double Up,153428,Classic,1.0,1,39,1,34.0,,Sun 1:00PM
195659775,NFL $1 Double Up,153428,Classic,1.0,1,39,1,34.0,,Sun 1:00PM
195659774,NFL $1 Double Up,153428,Classic,1.0,2,39,1,34.0,,Sun 1:00PM
195659773,NFL $1 Double Up,153428,Classic,1.0,1,39,1,34.0,,Sun 1:00PM
195659772,NFL $1 Double Up,153428,Classic,1.0,1,39,1,34.0,,Sun 1:00PM
195659771,NFL $1 Double Up,153428,Classic,1.0,2,39,1,34.0,,Sun 1:00PM
195659887,NFL $1 Double Up,153428,Classic,1.0,1,23,1,20.0,,Sun 1:00PM
195659886,NFL $1 Double Up,153428,Classic,1.0,2,23,1,20.0,,Sun 1:00PM
195659885,NFL $1 Double Up,153428,Classic,1.0,1,23,1,20.0,,Sun 1:00PM
195659884,NFL $1 Double Up,153428,Classic,1.0,1,23,1,20.0,,Sun 1:00PM
195659883,NFL $1 Double Up,153428,Classic,1.0,1,23,1,20.0,,Sun 1:00PM
195659882,NFL $1 Double Up,153428,Classic,1.0,1,23,1,20.0,,Sun 1:00PM
195659881,NFL $1 Double Up,153428,Classic,1.0,1,23,1,20.0,,Sun 1:00PM
195659880,NFL $1 Double Up,153428,Classic,1.0,1,23,1,20.0,,Sun 1:00PM
195659879,NFL $1 Double Up,153428,Classic,1.0,1,23,1,20.0,,Sun 1:00PM
195659878,NFL $1 Double Up,153428,Classic,1.0,1,23,1,20.0,,Sun 1:00PM
195659877,NFL $1 Double Up,153428,Classic,1.0,2,23,1,20.0,,Sun 1:00PM
195659876,NFL $1 Double Up,153428,Classic,1.0,1,23,1,20.0,,Sun 1:00PM
195659875,NFL $1 Double Up,153428,Classic,1.0,1,23,1,20.0,,Sun 1:00PM
195659874,NFL $1 Double Up,153428,Classic,1.0,1,23,1,20.0,,Sun 1:00PM
195659873,NFL $1 Double Up,153428,Classic,1.0,1,23,1,20.0,,Sun 1:00PM
195659872,NFL $1 Double Up,153428,Classic,1.0,1,23,1,20.0,,Sun 1:00PM
195659871,NFL $1 Double Up,153428,Classic,1.0,1,23,1,20.0,,Sun 1:00PM
195659870,NFL $1 Double Up,153428,Classic,1.0,1,23,1,20.0,,Sun 1:00PM
195659869,NFL $1 Double Up,153428,Classic,1.0,1,23,1,20.0,,Sun 1:00PM
195659868,NFL $1 Double Up,153428,Classic,1.0,1,23,1,20.0,,Sun 1:00PM
195659867,NFL $1 Double Up,153428,Classic,1.0,1,23,1,20.0,,Sun 1:00PM
195659866,NFL $1 Double Up,153428,Classic,1.0,1,23,1,20.0,,Sun 1:00PM
195659865,NFL $1 Double Up,153428,Classic,1.0,1,23,1,20.0,,Sun 1:00PM
195659864,NFL $1 Double Up,153428,Classic,1.0,1,23,1,20.0,,Sun 1:00PM
195659863,NFL $1 Double Up,153428,Classic,1.0,1,23,1,20.0,,Sun 1:00PM
195659862,NFL $1 Double Up,153428,Classic,1.0,1,23,1,20.0,,Sun 1:00PM
195659861,NFL $1 Double Up,153428,Classic,1.0,1,23,1,20.0,,Sun 1:00PM
195659860,NFL $1 Double Up,153428,Classic,1.0,1,23,1,20.0,,Sun 1:00PM
195659859,NFL $1 Double Up,153428,Classic,1.0,1,23,1,20.0,,Sun 1:00PM
195659858,NFL $1 Double Up,153428,Classic,1.0,1,23,1,20.0,,Sun 1:00PM
195659857,NFL $1 Double Up,153428,Classic,1.0,1,23,1,20.0,,Sun 1:00PM
195659856,NFL $1 Double Up,153428,Classic,1.0,1,23,1,20.0,,Sun 1:00PM
195659855,NFL $1 Double Up,153428,Classic,1.0,1,23,1,20.0,,Sun 1:00PM
195659854,NFL $1 Double Up,153428,Classic,1.0,1,23,1,20.0,,Sun 1:00PM
195659853,NFL $1 Double Up,153428,Classic,1.0,1,23,1,20.0,,Sun 1:00PM
195659852,NFL $1 Double Up,153428,Classic,1.0,1,23,1,20.0,,Sun 1:00PM
195659851,NFL $1 Double Up,153428,Classic,1.0,1,23,1,20.0,,Sun 1:00PM
195659850,NFL $1 Double Up,153428,Classic,1.0,1,23,1,20.0,,Sun 1:00PM
195659849,NFL $1 Double Up,153428,Classic,1.0,1,23,1,20.0,,Sun 1:00PM
195659848,NFL $1 Double Up,153428,Classic,1.0,1,23,1,20.0,,Sun 1:00PM
195659847,NFL $1 Double Up,153428,Classic,1.0,1,23,1,20.0,,Sun 1:00PM
195659846,NFL $1 Double Up,153428,Classic,1.0,1,23,1,20.0,,Sun 1:00PM
195659845,NFL $1 Double Up,153428,Classic,1.0,1,23,1,20.0,,Sun 1:00PM
195659844,NFL $1 Double Up,153428,Classic,1.0,1,23,1,20.0,,Sun 1:00PM
195659843,NFL $1 Double Up,153428,Classic,1.0,1,23,1,20.0,,Sun 1:00PM
195659842,NFL $1 Double Up,153428,Classic,1.0,1,23,1,20.0,,Sun 1:00PM
195659841,NFL $1 Double Up,153428,Classic,1.0,1,23,1,20.0,,Sun 1:00PM
195659840,NFL $1 Double Up,153428,Classic,1.0,1,23,1,20.0,,Sun 1:00PM
195659839,NFL $1 Double Up,153428,Classic,1.0,1,23,1,20.0,,Sun 1:00PM
195659838,NFL $1 Double Up,153428,Classic,1.0,1,23,1,20.0,,Sun 1:00PM
195660006,NFL $1 Double Up,153428,Classic,1.0,1,23,1,20.0,,Sun 1:00PM
195660005,NFL $1 Double Up,153428,Classic,1.0,1,23,1,20.0,,Sun 1:00PM
195660004,NFL $1 Double Up,153428,Classic,1.0,1,23,1,20.0,,Sun 1:00PM
195660003,NFL $1 Double Up,153428,Classic,1.0,1,23,1,20.0,,Sun 1:00PM
195660002,NFL $1 Double Up,153428,Classic,1.0,1,23,1,20.0,,Sun 1:00PM
195660001,NFL $1 Double Up,153428,Classic,1.0,1,23,1,20.0,,Sun 1:00PM
195660000,NFL $1 Double Up,153428,Classic,1.0,1,23,1,20.0,,Sun 1:00PM
195659999,NFL $1 Double Up,153428,Classic,1.0,1,23,1,20.0,,Sun 1:00PM
195659998,NFL $1 Double Up,153428,Classic,1.0,1,23,1,20.0,,Sun 1:00PM
195659997,NFL $1 Double Up,153428,Classic,1.0,1,23,1,20.0,,Sun 1:00PM
195659996,NFL $1 Double Up,153428,Classic,1.0,1,23,1,20.0,,Sun 1:00PM
195659995,NFL $1 Double Up,153428,Classic,1.0,1,23,1,20.0,,Sun 1:00PM
195659994,NFL $1 Double Up,153428,Classic,1.0,1,23,1,20.0,,Sun 1:00PM
195659993,NFL $1 Double Up,153428,Classic,1.0,1,23,1,20.0,,Sun 1:00PM
195659992,NFL $1 Double Up,153428,Classic,1.0,1,23,1,20.0,,Sun 1:00PM
195659991,NFL $1 Double Up,153428,Classic,1.0,1,23,1,20.0,,Sun 1:00PM
195659990,NFL $1 Double Up,153428,Classic,1.0,1,23,1,20.0,,Sun 1:00PM
195659989,NFL $1 Double Up,153428,Classic,1.0,1,23,1,20.0,,Sun 1:00PM
195659988,NFL $1 Double Up,153428,Classic,1.0,1,23,1,20.0,,Sun 1:00PM
195659987,NFL $1 Double Up,153428,Classic,1.0,1,23,1,20.0,,Sun 1:00PM
195659986,NFL $1 Double Up,153428,Classic,1.0,1,23,1,20.0,,Sun 1:00PM
195659985,NFL $1 Double Up,153428,Classic,1.0,1,23,1,20.0,,Sun 1:00PM
195659984,NFL $1 Double Up,153428,Classic,1.0,1,23,1,20.0,,Sun 1:00PM
195659983,NFL $1 Double Up,153428,Classic,1.0,1,23,1,20.0,,Sun 1:00PM
195659982,NFL $1 Double Up,153428,Classic,1.0,1,23,1,20.0,,Sun 1:00PM
195660021,NFL $1 Double Up,153428,Classic,1.0,1,23,1,20.0,,Sun 1:00PM
195660020,NFL $1 Double Up,153428,Classic,1.0,1,23,1,20.0,,Sun 1:00PM
195660019,NFL $1 Double Up,153428,Classic,1.0,1,23,1,20.0,,Sun 1:00PM
195660018,NFL $1 Double Up,153428,Classic,1.0,1,23,1,20.0,,Sun 1:00PM
195660017,NFL $1 Double Up,153428,Classic,1.0,1,23,1,20.0,,Sun 1:00PM
195660016,NFL $1 Double Up,153428,Classic,1.0,1,23,1,20.0,,Sun 1:00PM
195660015,NFL $1 Double Up,153428,Classic,1.0,1,23,1,20.0,,Sun 1:00PM
195660014,NFL $1 Double Up,153428,Classic,1.0,1,23,1,20.0,,Sun 1:00PM
195660013,NFL $1 Double Up,153428,Classic,1.0,1,23,1,20.0,,Sun 1:00PM
195660012,NFL $1 Double Up,153428,Classic,1.0,1,23,1,20.0,,Sun 1:00PM
195653813,NFL FREE 200-Player x6,153428,Classic,0.0,189,200,1,0.0,,Sun 1:00PM
195658806,NFL FREE 50-Player,153428,Classic,0.0,42,50,1,0.0,,Sun 1:00PM
195666032,NFL Snake Showdown $5 4-Player (DEN @ KC Snake),153101,Snake Showdown,5.0,2,4,1,18.0,,Mon 8:05PM
195519068,NFL Snake Showdown $530 4-Player (DEN @ KC Snake),153101,Snake Showdown,530.0,2,4,1,2000.0,,Mon 8:05PM
195666029,NFL Snake Showdown $10 4-Player (DEN @ KC Snake),153101,Snake Showdown,10.0,0,4,1,36.0,,Mon 8:05PM
195666080,NFL Snake Showdown $10 4-Player (DEN @ KC Snake),153101,Snake Showdown,10.0,0,4,1,36.0,,Mon 8:05PM
195666285,NFL Snake Showdown $10 4-Player (DEN @ KC Snake),153101,Snake Showdown,10.0,0,4,1,36.0,,Mon 8:05PM
195665942,NFL Snake Showdown $1 4-Player (DEN @ KC Snake),153101,Snake Showdown,1.0,0,4,1,3.6,,Mon 8:05PM
195666021,NFL Snake Showdown $1 4-Player (DEN @ KC Snake),153101,Snake Showdown,1.0,0,4,1,3.6,,Mon 8:05PM
195666251,NFL Snake Showdown $1 4-Player (DEN @ KC Snake),153101,Snake Showdown,1.0,0,4,1,3.6,,Mon 8:05PM
195665995,NFL Snake Showdown $5 4-Player (DEN @ KC Snake),153101,Snake Showdown,5.0,0,4,1,18.0,,Mon 8:05PM
195666519,NFL Snake Showdown $5 4-Player (DEN @ KC Snake),153101,Snake Showdown,5.0,0,4,1,18.0,,Mon 8:05PM
195666035,NFL Snake Showdown $20 4-Player (DEN @ KC Snake),153101,Snake Showdown,20.0,0,4,1,72.0,,Mon 8:05PM
195666182,NFL Snake Showdown $20 4-Player (DEN @ KC Snake),153101,Snake Showdown,20.0,0,4,1,72.0,,Mon 8:05PM
195666222,NFL Snake Showdown $20 4-Player (DEN @ KC Snake),153101,Snake Showdown,20.0,0,4,1,72.0,,Mon 8:05PM
195665969,NFL Snake Showdown $50 4-Player (DEN @ KC Snake),153101,Snake Showdown,50.0,0,4,1,180.0,,Mon 8:05PM
195666547,NFL Snake Showdown $109 4-Player (DEN @ KC Snake),153101,Snake Showdown,109.0,0,4,1,400.0,,Mon 8:05PM
195666030,NFL Snake Showdown $10 3-Player (DEN @ KC Snake),153101,Snake Showdown,10.0,1,3,1,27.0,,Mon 8:07PM
195666199,NFL Snake Showdown $1 3-Player (DEN @ KC Snake),153101,Snake Showdown,1.0,2,3,1,2.7,,Mon 8:07PM
195666514,NFL Snake Showdown $5 3-Player (DEN @ KC Snake),153101,Snake Showdown,5.0,1,3,1,13.5,,Mon 8:07PM
195665719,NFL Snake Showdown $20 3-Player (DEN @ KC Snake),153101,Snake Showdown,20.0,1,3,1,54.0,,Mon 8:07PM
195665726,NFL Snake Showdown $50 3-Player (DEN @ KC Snake),153101,Snake Showdown,50.0,1,3,1,135.0,,Mon 8:07PM
195665766,NFL Snake Showdown $50 3-Player (DEN @ KC Snake),153101,Snake Showdown,50.0,2,3,1,135.0,,Mon 8:07PM
195663682,NFL Snake Showdown $109 3-Player (DEN @ KC Snake),153101,Snake Showdown,109.0,2,3,1,300.0,,Mon 8:07PM
195664079,NFL Snake Showdown $109 3-Player (DEN @ KC Snake),153101,Snake Showdown,109.0,1,3,1,300.0,,Mon 8:07PM
195665421,NFL Snake Showdown $109 3-Player (DEN @ KC Snake),153101,Snake Showdown,109.0,1,3,1,300.0,,Mon 8:07PM
195519066,NFL Snake Showdown $530 3-Player (DEN @ KC Snake),153101,Snake Showdown,530.0,1,3,1,1500.0,,Mon 8:07PM
195519067,NFL Snake Showdown $530 3-Player (DEN @ KC Snake),153101,Snake Showdown,530.0,1,3,1,1500.0,,Mon 8:07PM
195657093,"NFL Snake Showdown $1,060 3-Player (DEN @ KC Snake)",153101,Snake Showdown,1060.0,1,3,1,3000.0,,Mon 8:07PM
195519070,"NFL Snake Showdown $2,120 3-Player (DEN @ KC Snake)",153101,Snake Showdown,2120.0,1,3,1,6000.0,,Mon 8:07PM
195519071,"NFL Snake Showdown $5,300 3-Player (DEN @ KC Snake)",153101,Snake Showdown,5300.0,1,3,1,15000.0,,Mon 8:07PM
195519072,"NFL Snake Showdown $10,600 3-Player (DEN @ KC Snake)",153101,Snake Showdown,10600.0,1,3,1,30000.0,,Mon 8:07PM
195666027,NFL Snake Showdown $10 3-Player (DEN @ KC Snake),153101,Snake Showdown,10.0,0,3,1,27.0,,Mon 8:07PM
195666282,NFL Snake Showdown $10 3-Player (DEN @ KC Snake),153101,Snake Showdown,10.0,0,3,1,27.0,,Mon 8:07PM
195666277,NFL Snake Showdown $1 3-Player (DEN @ KC Snake),153101,Snake Showdown,1.0,0,3,1,2.7,,Mon 8:07PM
195666518,NFL Snake Showdown $1 3-Player (DEN @ KC Snake),153101,Snake Showdown,1.0,0,3,1,2.7,,Mon 8:07PM
195666272,NFL Snake Showdown $5 3-Player (DEN @ KC Snake),153101,Snake Showdown,5.0,0,3,1,13.5,,Mon 8:07PM
195666296,NFL Snake Showdown $5 3-Player (DEN @ KC Snake),153101,Snake Showdown,5.0,0,3,1,13.5,,Mon 8:07PM
195665966,NFL Snake Showdown $20 3-Player (DEN @ KC Snake),153101,Snake Showdown,20.0,0,3,1,54.0,,Mon 8:07PM
195666425,NFL Snake Showdown $20 3-Player (DEN @ KC Snake),153101,Snake Showdown,20.0,0,3,1,54.0,,Mon 8:07PM
195666314,NFL Snake Showdown $50 3-Player (DEN @ KC Snake),153101,Snake Showdown,50.0,0,3,1,135.0,,Mon 8:07PM
195663637,NFL Showdown Satellite to $20 NFL Fantasy Football Millionaire [Must Fill] (DEN @ KC),153086,Showdown Captain Mode,7.4,2,3,1,20.0,,Mon 8:15PM
195652279,NFL Showdown Satellite to NHL 9-29 $15 Opening Night Puck Drop [Must Fill] (DEN @ KC),153086,Showdown Captain Mode,5.55,1,3,1,15.0,,Mon 8:15PM
195519310,Casual NFL Showdown $20 50-50 (DEN @ KC),153086,Showdown Captain Mode,20.0,1,10,1,180.0,,Mon 8:15PM
195519337,Casual NFL Showdown $10 3-Player (DEN @ KC),153086,Showdown Captain Mode,10.0,1,3,1,27.0,,Mon 8:15PM
195519340,Casual NFL Showdown $5 5-Player (DEN @ KC),153086,Showdown Captain Mode,5.0,2,5,1,22.5,,Mon 8:15PM
195519323,Casual NFL Showdown $3 50-50 (DEN @ KC),153086,Showdown Captain Mode,3.0,1,10,1,27.0,,Mon 8:15PM
195519324,Casual NFL Showdown $3 50-50 (DEN @ KC),153086,Showdown Captain Mode,3.0,1,10,1,27.0,,Mon 8:15PM
195519325,Casual NFL Showdown $3 50-50 (DEN @ KC),153086,Showdown Captain Mode,3.0,1,10,1,27.0,,Mon 8:15PM
195572798,Casual NFL Showdown $3 50-50 (DEN @ KC),153086,Showdown Captain Mode,3.0,1,10,1,27.0,,Mon 8:15PM
195519346,Casual NFL Showdown $2 5-Player (DEN @ KC),153086,Showdown Captain Mode,2.0,1,5,1,9.0,,Mon 8:15PM
195519326,Casual NFL Showdown $1 50-50 (DEN @ KC),153086,Showdown Captain Mode,1.0,1,10,1,9.0,,Mon 8:15PM
195519327,Casual NFL Showdown $1 50-50 (DEN @ KC),153086,Showdown Captain Mode,1.0,2,10,1,9.0,,Mon 8:15PM
195519328,Casual NFL Showdown $1 50-50 (DEN @ KC),153086,Showdown Captain Mode,1.0,1,10,1,9.0,,Mon 8:15PM
195519239,Beginner NFL Showdown $10 50-50 (DEN @ KC),153086,Showdown Captain Mode,10.0,1,10,1,90.0,,Mon 8:15PM
195519241,Beginner NFL Showdown $10 50-50 (DEN @ KC),153086,Showdown Captain Mode,10.0,1,10,1,90.0,,Mon 8:15PM
195519237,Beginner NFL Showdown $5 50-50 (DEN @ KC),153086,Showdown Captain Mode,5.0,1,10,1,45.0,,Mon 8:15PM
195519266,"NFL Showdown $10,600 3-Player (DEN @ KC)",153086,Showdown Captain Mode,10600.0,1,3,1,30000.0,,Mon 8:15PM
195519267,"NFL Showdown $10,600 3-Player (DEN @ KC)",153086,Showdown Captain Mode,10600.0,1,3,1,30000.0,,Mon 8:15PM
195641358,"NFL Showdown $10,600 3-Player (DEN @ KC)",153086,Showdown Captain Mode,10600.0,1,3,1,30000.0,,Mon 8:15PM
195641359,"NFL Showdown $10,600 3-Player (DEN @ KC)",153086,Showdown Captain Mode,10600.0,1,3,1,30000.0,,Mon 8:15PM
195519271,"NFL Showdown $5,300 50-50 (DEN @ KC)",153086,Showdown Captain Mode,5300.0,2,4,1,20000.0,,Mon 8:15PM
195519268,"NFL Showdown $5,300 3-Player (DEN @ KC)",153086,Showdown Captain Mode,5300.0,1,3,1,15000.0,,Mon 8:15PM
195519269,"NFL Showdown $5,300 3-Player (DEN @ KC)",153086,Showdown Captain Mode,5300.0,1,3,1,15000.0,,Mon 8:15PM
195641360,"NFL Showdown $5,300 3-Player (DEN @ KC)",153086,Showdown Captain Mode,5300.0,1,3,1,15000.0,,Mon 8:15PM
195641361,"NFL Showdown $5,300 3-Player (DEN @ KC)",153086,Showdown Captain Mode,5300.0,1,3,1,15000.0,,Mon 8:15PM
195519306,"NFL Showdown $2,120 50-50 (DEN @ KC)",153086,Showdown Captain Mode,2120.0,2,4,1,8000.0,,Mon 8:15PM
195519301,"NFL Showdown $2,120 3-Player (DEN @ KC)",153086,Showdown Captain Mode,2120.0,1,3,1,6000.0,,Mon 8:15PM
195519302,"NFL Showdown $2,120 3-Player (DEN @ KC)",153086,Showdown Captain Mode,2120.0,1,3,1,6000.0,,Mon 8:15PM
195519273,"NFL Showdown $1,060 50-50 (DEN @ KC)",153086,Showdown Captain Mode,1060.0,2,4,1,4000.0,,Mon 8:15PM
195519274,"NFL Showdown $1,060 3-Player (DEN @ KC)",153086,Showdown Captain Mode,1060.0,1,3,1,3000.0,,Mon 8:15PM
195519275,"NFL Showdown $1,060 3-Player (DEN @ KC)",153086,Showdown Captain Mode,1060.0,1,3,1,3000.0,,Mon 8:15PM
195519276,NFL Showdown $530 50-50 (DEN @ KC),153086,Showdown Captain Mode,530.0,2,4,1,2000.0,,Mon 8:15PM
195519277,NFL Showdown $530 50-50 (DEN @ KC),153086,Showdown Captain Mode,530.0,3,4,1,2000.0,,Mon 8:15PM
195519294,NFL Showdown $530 50-50 (DEN @ KC),153086,Showdown Captain Mode,530.0,2,8,1,4000.0,,Mon 8:15PM
195519278,NFL Showdown $530 3-Player (DEN @ KC),153086,Showdown Captain Mode,530.0,1,3,1,1500.0,,Mon 8:15PM
195519279,NFL Showdown $530 3-Player (DEN @ KC),153086,Showdown Captain Mode,530.0,1,3,1,1500.0,,Mon 8:15PM
195519293,NFL Showdown $270 50-50 (DEN @ KC),153086,Showdown Captain Mode,270.0,2,8,1,2000.0,,Mon 8:15PM
195519377,NFL Showdown $270 50-50 (DEN @ KC),153086,Showdown Captain Mode,270.0,3,4,1,1000.0,,Mon 8:15PM
195519378,NFL Showdown $270 50-50 (DEN @ KC),153086,Showdown Captain Mode,270.0,3,4,1,1000.0,,Mon 8:15PM
195649769,NFL Showdown $270 50-50 (DEN @ KC),153086,Showdown Captain Mode,270.0,2,8,1,2000.0,,Mon 8:15PM
195649770,NFL Showdown $270 50-50 (DEN @ KC),153086,Showdown Captain Mode,270.0,3,4,1,1000.0,,Mon 8:15PM
195649771,NFL Showdown $270 50-50 (DEN @ KC),153086,Showdown Captain Mode,270.0,3,4,1,1000.0,,Mon 8:15PM
195519280,NFL Showdown $270 3-Player (DEN @ KC),153086,Showdown Captain Mode,270.0,1,3,1,750.0,,Mon 8:15PM
195519281,NFL Showdown $270 3-Player (DEN @ KC),153086,Showdown Captain Mode,270.0,1,3,1,750.0,,Mon 8:15PM
195519292,NFL Showdown $162 50-50 (DEN @ KC),153086,Showdown Captain Mode,162.0,3,8,1,1200.0,,Mon 8:15PM
195649768,NFL Showdown $162 50-50 (DEN @ KC),153086,Showdown Captain Mode,162.0,2,8,1,1200.0,,Mon 8:15PM
195649766,NFL Showdown $162 50-50 (DEN @ KC),153086,Showdown Captain Mode,162.0,3,4,1,600.0,,Mon 8:15PM
195649767,NFL Showdown $162 50-50 (DEN @ KC),153086,Showdown Captain Mode,162.0,3,4,1,600.0,,Mon 8:15PM
195519177,NFL Showdown $162 3-Player (DEN @ KC),153086,Showdown Captain Mode,162.0,1,3,1,450.0,,Mon 8:15PM
195519178,NFL Showdown $162 3-Player (DEN @ KC),153086,Showdown Captain Mode,162.0,1,3,1,450.0,,Mon 8:15PM
195519198,NFL Showdown $109 50-50 (DEN @ KC),153086,Showdown Captain Mode,109.0,1,20,1,2000.0,,Mon 8:15PM
195519170,NFL Showdown $109 50-50 (DEN @ KC),153086,Showdown Captain Mode,109.0,1,10,1,1000.0,,Mon 8:15PM
195519282,NFL Showdown $109 50-50 (DEN @ KC),153086,Showdown Captain Mode,109.0,3,4,1,400.0,,Mon 8:15PM
195519283,NFL Showdown $109 50-50 (DEN @ KC),153086,Showdown Captain Mode,109.0,3,4,1,400.0,,Mon 8:15PM
195519289,NFL Showdown $109 3-Player (DEN @ KC),153086,Showdown Captain Mode,109.0,1,3,1,300.0,,Mon 8:15PM
195519197,NFL Showdown $50 50-50 (DEN @ KC),153086,Showdown Captain Mode,50.0,1,20,1,900.0,,Mon 8:15PM
195519168,NFL Showdown $50 50-50 (DEN @ KC),153086,Showdown Captain Mode,50.0,1,10,1,450.0,,Mon 8:15PM
195519169,NFL Showdown $50 50-50 (DEN @ KC),153086,Showdown Captain Mode,50.0,1,10,1,450.0,,Mon 8:15PM
195519126,NFL Showdown $50 50-50 (DEN @ KC),153086,Showdown Captain Mode,50.0,3,4,1,180.0,,Mon 8:15PM
195519127,NFL Showdown $50 50-50 (DEN @ KC),153086,Showdown Captain Mode,50.0,3,4,1,180.0,,Mon 8:15PM
195519365,NFL Showdown $50 Double Up (DEN @ KC),153086,Showdown Captain Mode,50.0,5,22,1,1000.0,,Mon 8:15PM
195577439,NFL Showdown $50 Double Up (DEN @ KC),153086,Showdown Captain Mode,50.0,2,22,1,1000.0,,Mon 8:15PM
195650649,NFL Showdown $50 Double Up (DEN @ KC),153086,Showdown Captain Mode,50.0,1,22,1,1000.0,,Mon 8:15PM
195653168,NFL Showdown $50 Double Up (DEN @ KC),153086,Showdown Captain Mode,50.0,1,22,1,1000.0,,Mon 8:15PM
195653212,NFL Showdown $50 Double Up (DEN @ KC),153086,Showdown Captain Mode,50.0,1,22,1,1000.0,,Mon 8:15PM
195519364,NFL Showdown $50 Double Up (DEN @ KC),153086,Showdown Captain Mode,50.0,5,11,1,500.0,,Mon 8:15PM
195577438,NFL Showdown $50 Double Up (DEN @ KC),153086,Showdown Captain Mode,50.0,3,11,1,500.0,,Mon 8:15PM
195650648,NFL Showdown $50 Double Up (DEN @ KC),153086,Showdown Captain Mode,50.0,1,11,1,500.0,,Mon 8:15PM
195653189,NFL Showdown $50 Double Up (DEN @ KC),153086,Showdown Captain Mode,50.0,1,11,1,500.0,,Mon 8:15PM
195653211,NFL Showdown $50 Double Up (DEN @ KC),153086,Showdown Captain Mode,50.0,1,11,1,500.0,,Mon 8:15PM
195656736,NFL Showdown $50 5-Player (Winner Takes All) (DEN @ KC),153086,Showdown Captain Mode,50.0,4,5,1,225.0,,Mon 8:15PM
195519133,NFL Showdown $50 3-Player (DEN @ KC),153086,Showdown Captain Mode,50.0,1,3,1,135.0,,Mon 8:15PM
195519363,NFL Showdown $25 Double Up (DEN @ KC),153086,Showdown Captain Mode,25.0,4,22,1,500.0,,Mon 8:15PM
195577437,NFL Showdown $25 Double Up (DEN @ KC),153086,Showdown Captain Mode,25.0,3,22,1,500.0,,Mon 8:15PM
195650647,NFL Showdown $25 Double Up (DEN @ KC),153086,Showdown Captain Mode,25.0,1,22,1,500.0,,Mon 8:15PM
195653191,NFL Showdown $25 Double Up (DEN @ KC),153086,Showdown Captain Mode,25.0,1,22,1,500.0,,Mon 8:15PM
195653213,NFL Showdown $25 Double Up (DEN @ KC),153086,Showdown Captain Mode,25.0,1,22,1,500.0,,Mon 8:15PM
195519362,NFL Showdown $25 Double Up (DEN @ KC),153086,Showdown Captain Mode,25.0,8,11,1,250.0,,Mon 8:15PM
195577436,NFL Showdown $25 Double Up (DEN @ KC),153086,Showdown Captain Mode,25.0,2,11,1,250.0,,Mon 8:15PM
195650646,NFL Showdown $25 Double Up (DEN @ KC),153086,Showdown Captain Mode,25.0,1,11,1,250.0,,Mon 8:15PM
195653192,NFL Showdown $25 Double Up (DEN @ KC),153086,Showdown Captain Mode,25.0,1,11,1,250.0,,Mon 8:15PM
195653214,NFL Showdown $25 Double Up (DEN @ KC),153086,Showdown Captain Mode,25.0,1,11,1,250.0,,Mon 8:15PM
195519299,NFL Showdown $20 50-50 (DEN @ KC),153086,Showdown Captain Mode,20.0,1,50,1,900.0,,Mon 8:15PM
195519195,NFL Showdown $20 50-50 (DEN @ KC),153086,Showdown Captain Mode,20.0,1,20,1,360.0,,Mon 8:15PM
195519196,NFL Showdown $20 50-50 (DEN @ KC),153086,Showdown Captain Mode,20.0,1,20,1,360.0,,Mon 8:15PM
195519115,NFL Showdown $20 50-50 (DEN @ KC),153086,Showdown Captain Mode,20.0,1,10,1,180.0,,Mon 8:15PM
195519116,NFL Showdown $20 50-50 (DEN @ KC),153086,Showdown Captain Mode,20.0,1,10,1,180.0,,Mon 8:15PM
195519376,NFL Showdown $20 100-Player (DEN @ KC),153086,Showdown Captain Mode,20.0,1,100,1,1800.0,,Mon 8:15PM
195564663,NFL Showdown $20 100-Player (DEN @ KC),153086,Showdown Captain Mode,20.0,1,100,1,1800.0,,Mon 8:15PM
195652596,NFL Showdown $20 100-Player (DEN @ KC),153086,Showdown Captain Mode,20.0,2,100,1,1800.0,,Mon 8:15PM
195663846,NFL Showdown $20 100-Player (DEN @ KC),153086,Showdown Captain Mode,20.0,1,100,1,1800.0,,Mon 8:15PM
195519251,NFL Showdown $20 40-Player (DEN @ KC),153086,Showdown Captain Mode,20.0,1,40,1,720.0,,Mon 8:15PM
195519109,NFL Showdown $20 5-Player (DEN @ KC),153086,Showdown Captain Mode,20.0,4,5,1,90.0,,Mon 8:15PM
195641353,NFL Showdown $20 3-Player (DEN @ KC),153086,Showdown Captain Mode,20.0,1,3,1,54.0,,Mon 8:15PM
195660632,NFL Showdown $20 3-Player (DEN @ KC),153086,Showdown Captain Mode,20.0,1,3,1,54.0,,Mon 8:15PM
195519298,NFL Showdown $10 50-50 (DEN @ KC),153086,Showdown Captain Mode,10.0,1,50,1,450.0,,Mon 8:15PM
195519174,NFL Showdown $10 50-50 (DEN @ KC),153086,Showdown Captain Mode,10.0,1,20,1,180.0,,Mon 8:15PM
195519175,NFL Showdown $10 50-50 (DEN @ KC),153086,Showdown Captain Mode,10.0,1,20,1,180.0,,Mon 8:15PM
195654205,NFL Showdown $10 50-50  (DEN @ KC),153086,Showdown Captain Mode,10.0,2,12,1,108.0,,Mon 8:15PM
195519151,NFL Showdown $10 50-50 (DEN @ KC),153086,Showdown Captain Mode,10.0,1,10,1,90.0,,Mon 8:15PM
195519152,NFL Showdown $10 50-50 (DEN @ KC),153086,Showdown Captain Mode,10.0,2,10,1,90.0,,Mon 8:15PM
195519360,NFL Showdown $10 Double Up (DEN @ KC),153086,Showdown Captain Mode,10.0,6,11,1,100.0,,Mon 8:15PM
195519361,NFL Showdown $10 Double Up (DEN @ KC),153086,Showdown Captain Mode,10.0,6,11,1,100.0,,Mon 8:15PM
195577431,NFL Showdown $10 Double Up (DEN @ KC),153086,Showdown Captain Mode,10.0,2,11,1,100.0,,Mon 8:15PM
195577432,NFL Showdown $10 Double Up (DEN @ KC),153086,Showdown Captain Mode,10.0,3,11,1,100.0,,Mon 8:15PM
195650644,NFL Showdown $10 Double Up (DEN @ KC),153086,Showdown Captain Mode,10.0,1,11,1,100.0,,Mon 8:15PM
195650645,NFL Showdown $10 Double Up (DEN @ KC),153086,Showdown Captain Mode,10.0,1,11,1,100.0,,Mon 8:15PM
195653217,NFL Showdown $10 Double Up (DEN @ KC),153086,Showdown Captain Mode,10.0,1,11,1,100.0,,Mon 8:15PM
195653218,NFL Showdown $10 Double Up (DEN @ KC),153086,Showdown Captain Mode,10.0,1,11,1,100.0,,Mon 8:15PM
195519106,NFL Showdown $10 5-Player (DEN @ KC),153086,Showdown Captain Mode,10.0,1,5,1,45.0,,Mon 8:15PM
195519107,NFL Showdown $10 5-Player (DEN @ KC),153086,Showdown Captain Mode,10.0,1,5,1,45.0,,Mon 8:15PM
195519108,NFL Showdown $10 5-Player (DEN @ KC),153086,Showdown Captain Mode,10.0,1,5,1,45.0,,Mon 8:15PM
195641350,NFL Showdown $10 3-Player (DEN @ KC),153086,Showdown Captain Mode,10.0,1,3,1,27.0,,Mon 8:15PM
195652992,NFL Showdown $10 12-Player (Top 2 Win) (DEN @ KC),153086,Showdown Captain Mode,10.0,3,12,1,108.0,,Mon 8:15PM
195663415,NFL Showdown $10 12-Player (Winner Takes All) (DEN @ KC),153086,Showdown Captain Mode,10.0,10,12,1,108.0,,Mon 8:15PM
195654662,NFL Showdown $10 7-Player (Winner Takes All) (DEN @ KC),153086,Showdown Captain Mode,10.0,3,7,1,63.0,,Mon 8:15PM
195665122,NFL Showdown $10 7-Player (Winner Takes All) (DEN @ KC),153086,Showdown Captain Mode,10.0,2,7,1,63.0,,Mon 8:15PM
195658570,NFL Showdown $10 5-Player (Winner Takes All) (DEN @ KC),153086,Showdown Captain Mode,10.0,2,5,1,45.0,,Mon 8:15PM
195519264,NFL Showdown $5 50-50 (DEN @ KC),153086,Showdown Captain Mode,5.0,5,100,1,450.0,,Mon 8:15PM
195650630,NFL Showdown $5 50-50 (DEN @ KC),153086,Showdown Captain Mode,5.0,3,100,1,450.0,,Mon 8:15PM
195652524,NFL Showdown $5 50-50 (DEN @ KC),153086,Showdown Captain Mode,5.0,1,100,1,450.0,,Mon 8:15PM
195658475,NFL Showdown $5 50-50 (DEN @ KC),153086,Showdown Captain Mode,5.0,1,100,1,450.0,,Mon 8:15PM
195661030,NFL Showdown $5 50-50 (DEN @ KC),153086,Showdown Captain Mode,5.0,1,100,1,450.0,,Mon 8:15PM
195519297,NFL Showdown $5 50-50 (DEN @ KC),153086,Showdown Captain Mode,5.0,1,50,1,225.0,,Mon 8:15PM
195519171,NFL Showdown $5 50-50 (DEN @ KC),153086,Showdown Captain Mode,5.0,2,20,1,90.0,,Mon 8:15PM
195519172,NFL Showdown $5 50-50 (DEN @ KC),153086,Showdown Captain Mode,5.0,1,20,1,90.0,,Mon 8:15PM
195519173,NFL Showdown $5 50-50 (DEN @ KC),153086,Showdown Captain Mode,5.0,1,20,1,90.0,,Mon 8:15PM
195519112,NFL Showdown $5 50-50 (DEN @ KC),153086,Showdown Captain Mode,5.0,1,10,1,45.0,,Mon 8:15PM
195519113,NFL Showdown $5 50-50 (DEN @ KC),153086,Showdown Captain Mode,5.0,1,10,1,45.0,,Mon 8:15PM
195519114,NFL Showdown $5 50-50 (DEN @ KC),153086,Showdown Captain Mode,5.0,3,10,1,45.0,,Mon 8:15PM
195519366,NFL Showdown $5 Double Up (DEN @ KC),153086,Showdown Captain Mode,5.0,8,11,1,50.0,,Mon 8:15PM
195519367,NFL Showdown $5 Double Up (DEN @ KC),153086,Showdown Captain Mode,5.0,5,11,1,50.0,,Mon 8:15PM
195577433,NFL Showdown $5 Double Up (DEN @ KC),153086,Showdown Captain Mode,5.0,1,11,1,50.0,,Mon 8:15PM
195577434,NFL Showdown $5 Double Up (DEN @ KC),153086,Showdown Captain Mode,5.0,1,11,1,50.0,,Mon 8:15PM
195650651,NFL Showdown $5 Double Up (DEN @ KC),153086,Showdown Captain Mode,5.0,1,11,1,50.0,,Mon 8:15PM
195560633,NFL Showdown $5 16-Player (Top 2 Win) (DEN @ KC),153086,Showdown Captain Mode,5.0,5,16,1,72.0,,Mon 8:15PM
195652815,NFL Showdown $5 16-Player (Winner Takes All) (DEN @ KC),153086,Showdown Captain Mode,5.0,8,16,1,72.0,,Mon 8:15PM
195665109,NFL Showdown $5 7-Player (Winner Takes All) (DEN @ KC),153086,Showdown Captain Mode,5.0,2,7,1,31.5,,Mon 8:15PM
195519103,NFL Showdown $5 5-Player (DEN @ KC),153086,Showdown Captain Mode,5.0,1,5,1,22.5,,Mon 8:15PM
195519369,NFL Showdown $3 Double Up (DEN @ KC),153086,Showdown Captain Mode,3.0,4,11,1,30.0,,Mon 8:15PM
195577894,NFL Showdown $3 Double Up (DEN @ KC),153086,Showdown Captain Mode,3.0,2,11,1,30.0,,Mon 8:15PM
195577895,NFL Showdown $3 Double Up (DEN @ KC),153086,Showdown Captain Mode,3.0,3,11,1,30.0,,Mon 8:15PM
195578821,NFL Showdown $3 Double Up (DEN @ KC),153086,Showdown Captain Mode,3.0,3,11,1,30.0,,Mon 8:15PM
195578822,NFL Showdown $3 Double Up (DEN @ KC),153086,Showdown Captain Mode,3.0,5,11,1,30.0,,Mon 8:15PM
195638696,NFL Showdown $3 Double Up (DEN @ KC),153086,Showdown Captain Mode,3.0,1,11,1,30.0,,Mon 8:15PM
195638697,NFL Showdown $3 Double Up (DEN @ KC),153086,Showdown Captain Mode,3.0,1,11,1,30.0,,Mon 8:15PM
195664828,NFL Showdown $3 Double Up (DEN @ KC),153086,Showdown Captain Mode,3.0,1,11,1,30.0,,Mon 8:15PM
195519265,NFL Showdown $2 50-50 (DEN @ KC),153086,Showdown Captain Mode,2.0,7,100,1,180.0,,Mon 8:15PM
195520404,NFL Showdown $2 50-50 (DEN @ KC),153086,Showdown Captain Mode,2.0,3,100,1,180.0,,Mon 8:15PM
195577890,NFL Showdown $2 50-50 (DEN @ KC),153086,Showdown Captain Mode,2.0,2,100,1,180.0,,Mon 8:15PM
195578817,NFL Showdown $2 50-50 (DEN @ KC),153086,Showdown Captain Mode,2.0,1,100,1,180.0,,Mon 8:15PM
195661031,NFL Showdown $2 50-50 (DEN @ KC),153086,Showdown Captain Mode,2.0,1,100,1,180.0,,Mon 8:15PM
195519296,NFL Showdown $2 50-50 (DEN @ KC),153086,Showdown Captain Mode,2.0,2,50,1,90.0,,Mon 8:15PM
195577893,NFL Showdown $2 50-50 (DEN @ KC),153086,Showdown Captain Mode,2.0,2,50,1,90.0,,Mon 8:15PM
195519286,NFL Showdown $2 50-50 (DEN @ KC),153086,Showdown Captain Mode,2.0,3,20,1,36.0,,Mon 8:15PM
195560511,NFL Showdown $2 50-50 (DEN @ KC),153086,Showdown Captain Mode,2.0,3,20,1,36.0,,Mon 8:15PM
195577891,NFL Showdown $2 50-50 (DEN @ KC),153086,Showdown Captain Mode,2.0,3,20,1,36.0,,Mon 8:15PM
195578818,NFL Showdown $2 50-50 (DEN @ KC),153086,Showdown Captain Mode,2.0,3,20,1,36.0,,Mon 8:15PM
195649652,NFL Showdown $2 50-50 (DEN @ KC),153086,Showdown Captain Mode,2.0,2,20,1,36.0,,Mon 8:15PM
195519117,NFL Showdown $2 50-50 (DEN @ KC),153086,Showdown Captain Mode,2.0,3,20,1,36.0,,Mon 8:15PM
195519118,NFL Showdown $2 50-50 (DEN @ KC),153086,Showdown Captain Mode,2.0,3,20,1,36.0,,Mon 8:15PM
195519119,NFL Showdown $2 50-50 (DEN @ KC),153086,Showdown Captain Mode,2.0,3,20,1,36.0,,Mon 8:15PM
195560506,NFL Showdown $2 50-50 (DEN @ KC),153086,Showdown Captain Mode,2.0,3,20,1,36.0,,Mon 8:15PM
195560507,NFL Showdown $2 50-50 (DEN @ KC),153086,Showdown Captain Mode,2.0,3,20,1,36.0,,Mon 8:15PM
195560508,NFL Showdown $2 50-50 (DEN @ KC),153086,Showdown Captain Mode,2.0,2,20,1,36.0,,Mon 8:15PM
195577865,NFL Showdown $2 50-50 (DEN @ KC),153086,Showdown Captain Mode,2.0,3,20,1,36.0,,Mon 8:15PM
195577866,NFL Showdown $2 50-50 (DEN @ KC),153086,Showdown Captain Mode,2.0,3,20,1,36.0,,Mon 8:15PM
195577867,NFL Showdown $2 50-50 (DEN @ KC),153086,Showdown Captain Mode,2.0,4,20,1,36.0,,Mon 8:15PM
195578791,NFL Showdown $2 50-50 (DEN @ KC),153086,Showdown Captain Mode,2.0,2,20,1,36.0,,Mon 8:15PM
195578792,NFL Showdown $2 50-50 (DEN @ KC),153086,Showdown Captain Mode,2.0,2,20,1,36.0,,Mon 8:15PM
195578793,NFL Showdown $2 50-50 (DEN @ KC),153086,Showdown Captain Mode,2.0,2,20,1,36.0,,Mon 8:15PM
195519256,NFL Showdown $2 50-50 (DEN @ KC),153086,Showdown Captain Mode,2.0,4,10,1,18.0,,Mon 8:15PM
195519257,NFL Showdown $2 50-50 (DEN @ KC),153086,Showdown Captain Mode,2.0,4,10,1,18.0,,Mon 8:15PM
195560489,NFL Showdown $2 50-50 (DEN @ KC),153086,Showdown Captain Mode,2.0,4,10,1,18.0,,Mon 8:15PM
195560509,NFL Showdown $2 50-50 (DEN @ KC),153086,Showdown Captain Mode,2.0,4,10,1,18.0,,Mon 8:15PM
195560510,NFL Showdown $2 50-50 (DEN @ KC),153086,Showdown Captain Mode,2.0,3,10,1,18.0,,Mon 8:15PM
195577886,NFL Showdown $2 50-50 (DEN @ KC),153086,Showdown Captain Mode,2.0,3,10,1,18.0,,Mon 8:15PM
195577887,NFL Showdown $2 50-50 (DEN @ KC),153086,Showdown Captain Mode,2.0,3,10,1,18.0,,Mon 8:15PM
195577888,NFL Showdown $2 50-50 (DEN @ KC),153086,Showdown Captain Mode,2.0,3,10,1,18.0,,Mon 8:15PM
195519373,NFL Showdown $2 100-Player (DEN @ KC),153086,Showdown Captain Mode,2.0,1,100,1,180.0,,Mon 8:15PM
195577899,NFL Showdown $2 100-Player (DEN @ KC),153086,Showdown Captain Mode,2.0,2,100,1,180.0,,Mon 8:15PM
195519193,NFL Showdown $2 40-Player (DEN @ KC),153086,Showdown Captain Mode,2.0,2,40,1,72.0,,Mon 8:15PM
195519194,NFL Showdown $2 40-Player (DEN @ KC),153086,Showdown Captain Mode,2.0,2,40,1,72.0,,Mon 8:15PM
195577882,NFL Showdown $2 40-Player (DEN @ KC),153086,Showdown Captain Mode,2.0,2,40,1,72.0,,Mon 8:15PM
195577883,NFL Showdown $2 40-Player (DEN @ KC),153086,Showdown Captain Mode,2.0,2,40,1,72.0,,Mon 8:15PM
195578809,NFL Showdown $2 40-Player (DEN @ KC),153086,Showdown Captain Mode,2.0,1,40,1,72.0,,Mon 8:15PM
195578810,NFL Showdown $2 40-Player (DEN @ KC),153086,Showdown Captain Mode,2.0,1,40,1,72.0,,Mon 8:15PM
195519188,NFL Showdown $2 20-Player (DEN @ KC),153086,Showdown Captain Mode,2.0,2,20,1,36.0,,Mon 8:15PM
195519189,NFL Showdown $2 20-Player (DEN @ KC),153086,Showdown Captain Mode,2.0,2,20,1,36.0,,Mon 8:15PM
195519190,NFL Showdown $2 20-Player (DEN @ KC),153086,Showdown Captain Mode,2.0,2,20,1,36.0,,Mon 8:15PM
195577877,NFL Showdown $2 20-Player (DEN @ KC),153086,Showdown Captain Mode,2.0,2,20,1,36.0,,Mon 8:15PM
195577878,NFL Showdown $2 20-Player (DEN @ KC),153086,Showdown Captain Mode,2.0,2,20,1,36.0,,Mon 8:15PM
195577879,NFL Showdown $2 20-Player (DEN @ KC),153086,Showdown Captain Mode,2.0,2,20,1,36.0,,Mon 8:15PM
195578804,NFL Showdown $2 20-Player (DEN @ KC),153086,Showdown Captain Mode,2.0,1,20,1,36.0,,Mon 8:15PM
195578805,NFL Showdown $2 20-Player (DEN @ KC),153086,Showdown Captain Mode,2.0,1,20,1,36.0,,Mon 8:15PM
195578806,NFL Showdown $2 20-Player (DEN @ KC),153086,Showdown Captain Mode,2.0,1,20,1,36.0,,Mon 8:15PM
195649647,NFL Showdown $2 20-Player (DEN @ KC),153086,Showdown Captain Mode,2.0,1,20,1,36.0,,Mon 8:15PM
195655714,NFL Showdown $2 20-Player (Top 2 Win) (DEN @ KC),153086,Showdown Captain Mode,2.0,1,20,1,36.0,,Mon 8:15PM
195665431,NFL Showdown $2 11-Player (Winner Takes All) (DEN @ KC),153086,Showdown Captain Mode,2.0,2,11,1,19.8,,Mon 8:15PM
195519094,NFL Showdown $2 10-Player (DEN @ KC),153086,Showdown Captain Mode,2.0,2,10,1,18.0,,Mon 8:15PM
195519095,NFL Showdown $2 10-Player (DEN @ KC),153086,Showdown Captain Mode,2.0,2,10,1,18.0,,Mon 8:15PM
195519096,NFL Showdown $2 10-Player (DEN @ KC),153086,Showdown Captain Mode,2.0,2,10,1,18.0,,Mon 8:15PM
195577862,NFL Showdown $2 10-Player (DEN @ KC),153086,Showdown Captain Mode,2.0,2,10,1,18.0,,Mon 8:15PM
195577863,NFL Showdown $2 10-Player (DEN @ KC),153086,Showdown Captain Mode,2.0,1,10,1,18.0,,Mon 8:15PM
195577864,NFL Showdown $2 10-Player (DEN @ KC),153086,Showdown Captain Mode,2.0,1,10,1,18.0,,Mon 8:15PM
195578788,NFL Showdown $2 10-Player (DEN @ KC),153086,Showdown Captain Mode,2.0,2,10,1,18.0,,Mon 8:15PM
195578789,NFL Showdown $2 10-Player (DEN @ KC),153086,Showdown Captain Mode,2.0,1,10,1,18.0,,Mon 8:15PM
195578790,NFL Showdown $2 10-Player (DEN @ KC),153086,Showdown Captain Mode,2.0,1,10,1,18.0,,Mon 8:15PM
195651831,NFL Showdown $2 10-Player (Top 3 Win) (DEN @ KC),153086,Showdown Captain Mode,2.0,3,10,1,18.0,,Mon 8:15PM
195656613,NFL Showdown $2 10-Player (Winner Takes All) (DEN @ KC),153086,Showdown Captain Mode,2.0,9,10,1,18.0,,Mon 8:15PM
195519091,NFL Showdown $2 5-Player (DEN @ KC),153086,Showdown Captain Mode,2.0,3,5,1,9.0,,Mon 8:15PM
195519092,NFL Showdown $2 5-Player (DEN @ KC),153086,Showdown Captain Mode,2.0,2,5,1,9.0,,Mon 8:15PM
195519093,NFL Showdown $2 5-Player (DEN @ KC),153086,Showdown Captain Mode,2.0,2,5,1,9.0,,Mon 8:15PM
195577905,NFL Showdown $2 5-Player (DEN @ KC),153086,Showdown Captain Mode,2.0,2,5,1,9.0,,Mon 8:15PM
195664284,NFL Showdown $2 3-Player (DEN @ KC),153086,Showdown Captain Mode,2.0,2,3,1,5.4,,Mon 8:15PM
195519263,NFL Showdown $1 50-50 (DEN @ KC),153086,Showdown Captain Mode,1.0,8,100,1,90.0,,Mon 8:15PM
195577889,NFL Showdown $1 50-50 (DEN @ KC),153086,Showdown Captain Mode,1.0,4,100,1,90.0,,Mon 8:15PM
195578816,NFL Showdown $1 50-50 (DEN @ KC),153086,Showdown Captain Mode,1.0,1,100,1,90.0,,Mon 8:15PM
195661029,NFL Showdown $1 50-50 (DEN @ KC),153086,Showdown Captain Mode,1.0,1,100,1,90.0,,Mon 8:15PM
195519295,NFL Showdown $1 50-50 (DEN @ KC),153086,Showdown Captain Mode,1.0,3,50,1,45.0,,Mon 8:15PM
195577892,NFL Showdown $1 50-50 (DEN @ KC),153086,Showdown Captain Mode,1.0,2,50,1,45.0,,Mon 8:15PM
195578819,NFL Showdown $1 50-50 (DEN @ KC),153086,Showdown Captain Mode,1.0,1,50,1,45.0,,Mon 8:15PM
195519128,NFL Showdown $1 50-50 (DEN @ KC),153086,Showdown Captain Mode,1.0,3,20,1,18.0,,Mon 8:15PM
195519129,NFL Showdown $1 50-50 (DEN @ KC),153086,Showdown Captain Mode,1.0,3,20,1,18.0,,Mon 8:15PM
195519130,NFL Showdown $1 50-50 (DEN @ KC),153086,Showdown Captain Mode,1.0,3,20,1,18.0,,Mon 8:15PM
195577868,NFL Showdown $1 50-50 (DEN @ KC),153086,Showdown Captain Mode,1.0,3,20,1,18.0,,Mon 8:15PM
195577869,NFL Showdown $1 50-50 (DEN @ KC),153086,Showdown Captain Mode,1.0,4,20,1,18.0,,Mon 8:15PM
195577870,NFL Showdown $1 50-50 (DEN @ KC),153086,Showdown Captain Mode,1.0,7,20,1,18.0,,Mon 8:15PM
195519253,NFL Showdown $1 50-50 (DEN @ KC),153086,Showdown Captain Mode,1.0,5,10,1,9.0,,Mon 8:15PM
195519254,NFL Showdown $1 50-50 (DEN @ KC),153086,Showdown Captain Mode,1.0,3,10,1,9.0,,Mon 8:15PM
195577885,NFL Showdown $1 50-50 (DEN @ KC),153086,Showdown Captain Mode,1.0,3,10,1,9.0,,Mon 8:15PM
195577915,NFL Showdown $1 50-50 (DEN @ KC),153086,Showdown Captain Mode,1.0,4,10,1,9.0,,Mon 8:15PM
195519370,NFL Showdown $1 Double Up (DEN @ KC),153086,Showdown Captain Mode,1.0,8,11,1,10.0,,Mon 8:15PM
195519371,NFL Showdown $1 Double Up (DEN @ KC),153086,Showdown Captain Mode,1.0,5,11,1,10.0,,Mon 8:15PM
195528530,NFL Showdown $1 Double Up (DEN @ KC),153086,Showdown Captain Mode,1.0,3,11,1,10.0,,Mon 8:15PM
195577896,NFL Showdown $1 Double Up (DEN @ KC),153086,Showdown Captain Mode,1.0,3,11,1,10.0,,Mon 8:15PM
195577897,NFL Showdown $1 Double Up (DEN @ KC),153086,Showdown Captain Mode,1.0,3,11,1,10.0,,Mon 8:15PM
195578823,NFL Showdown $1 Double Up (DEN @ KC),153086,Showdown Captain Mode,1.0,1,11,1,10.0,,Mon 8:15PM
195578824,NFL Showdown $1 Double Up (DEN @ KC),153086,Showdown Captain Mode,1.0,1,11,1,10.0,,Mon 8:15PM
195664080,NFL Showdown $1 50-50  (DEN @ KC) x3,153086,Showdown Captain Mode,1.0,1,6,1,5.4,,Mon 8:15PM
195519372,NFL Showdown $1 100-Player (DEN @ KC),153086,Showdown Captain Mode,1.0,2,100,1,90.0,,Mon 8:15PM
195577898,NFL Showdown $1 100-Player (DEN @ KC),153086,Showdown Captain Mode,1.0,1,100,1,90.0,,Mon 8:15PM
195519191,NFL Showdown $1 40-Player (DEN @ KC),153086,Showdown Captain Mode,1.0,2,40,1,36.0,,Mon 8:15PM
195519192,NFL Showdown $1 40-Player (DEN @ KC),153086,Showdown Captain Mode,1.0,2,40,1,36.0,,Mon 8:15PM
195577880,NFL Showdown $1 40-Player (DEN @ KC),153086,Showdown Captain Mode,1.0,2,40,1,36.0,,Mon 8:15PM
195577881,NFL Showdown $1 40-Player (DEN @ KC),153086,Showdown Captain Mode,1.0,2,40,1,36.0,,Mon 8:15PM
195578807,NFL Showdown $1 40-Player (DEN @ KC),153086,Showdown Captain Mode,1.0,1,40,1,36.0,,Mon 8:15PM
195578808,NFL Showdown $1 40-Player (DEN @ KC),153086,Showdown Captain Mode,1.0,1,40,1,36.0,,Mon 8:15PM
195522879,NFL Showdown $1 30-Player (Winner Takes All) (DEN @ KC),153086,Showdown Captain Mode,1.0,27,30,1,27.0,,Mon 8:15PM
195519185,NFL Showdown $1 20-Player (DEN @ KC),153086,Showdown Captain Mode,1.0,1,20,1,18.0,,Mon 8:15PM
195519186,NFL Showdown $1 20-Player (DEN @ KC),153086,Showdown Captain Mode,1.0,1,20,1,18.0,,Mon 8:15PM
195519187,NFL Showdown $1 20-Player (DEN @ KC),153086,Showdown Captain Mode,1.0,2,20,1,18.0,,Mon 8:15PM
195577874,NFL Showdown $1 20-Player (DEN @ KC),153086,Showdown Captain Mode,1.0,1,20,1,18.0,,Mon 8:15PM
195577875,NFL Showdown $1 20-Player (DEN @ KC),153086,Showdown Captain Mode,1.0,1,20,1,18.0,,Mon 8:15PM
195577876,NFL Showdown $1 20-Player (DEN @ KC),153086,Showdown Captain Mode,1.0,1,20,1,18.0,,Mon 8:15PM
195578801,NFL Showdown $1 20-Player (DEN @ KC),153086,Showdown Captain Mode,1.0,1,20,1,18.0,,Mon 8:15PM
195578802,NFL Showdown $1 20-Player (DEN @ KC),153086,Showdown Captain Mode,1.0,1,20,1,18.0,,Mon 8:15PM
195578803,NFL Showdown $1 20-Player (DEN @ KC),153086,Showdown Captain Mode,1.0,1,20,1,18.0,,Mon 8:15PM
195645572,NFL Showdown $1 20-Player (Winner Takes All) (DEN @ KC),153086,Showdown Captain Mode,1.0,18,20,1,18.0,,Mon 8:15PM
195519153,NFL Showdown $1 10-Player (DEN @ KC),153086,Showdown Captain Mode,1.0,1,10,1,9.0,,Mon 8:15PM
195519154,NFL Showdown $1 10-Player (DEN @ KC),153086,Showdown Captain Mode,1.0,1,10,1,9.0,,Mon 8:15PM
195519155,NFL Showdown $1 10-Player (DEN @ KC),153086,Showdown Captain Mode,1.0,1,10,1,9.0,,Mon 8:15PM
195577871,NFL Showdown $1 10-Player (DEN @ KC),153086,Showdown Captain Mode,1.0,1,10,1,9.0,,Mon 8:15PM
195577872,NFL Showdown $1 10-Player (DEN @ KC),153086,Showdown Captain Mode,1.0,3,10,1,9.0,,Mon 8:15PM
195577873,NFL Showdown $1 10-Player (DEN @ KC),153086,Showdown Captain Mode,1.0,1,10,1,9.0,,Mon 8:15PM
195578799,NFL Showdown $1 10-Player (DEN @ KC),153086,Showdown Captain Mode,1.0,1,10,1,9.0,,Mon 8:15PM
195552181,NFL Showdown $1 5-Player (DEN @ KC),153086,Showdown Captain Mode,1.0,2,5,1,4.5,,Mon 8:15PM
195552194,NFL Showdown $1 5-Player (DEN @ KC),153086,Showdown Captain Mode,1.0,3,5,1,4.5,,Mon 8:15PM
195577906,NFL Showdown $1 5-Player (DEN @ KC),153086,Showdown Captain Mode,1.0,4,5,1,4.5,,Mon 8:15PM
195577908,NFL Showdown $1 5-Player (DEN @ KC),153086,Showdown Captain Mode,1.0,1,5,1,4.5,,Mon 8:15PM
195653967,NFL Showdown $1 5-Player (DEN @ KC),153086,Showdown Captain Mode,1.0,2,5,1,4.5,,Mon 8:15PM
195653970,NFL Showdown $1 3-Player (DEN @ KC),153086,Showdown Captain Mode,1.0,2,3,1,2.7,,Mon 8:15PM
195660411,NFL Showdown $1 3-Player (DEN @ KC),153086,Showdown Captain Mode,1.0,1,3,1,2.7,,Mon 8:15PM
195665207,NFL Showdown $1 3-Player (DEN @ KC),153086,Showdown Captain Mode,1.0,1,3,1,2.7,,Mon 8:15PM
195665550,NFL Showdown $1 3-Player (DEN @ KC),153086,Showdown Captain Mode,1.0,2,3,1,2.7,,Mon 8:15PM
195658761,NFL Showdown $10 150-Player (Top 10 Win) (DEN @ KC),153086,Showdown Captain Mode,10.0,3,150,1,1350.0,,Mon 8:15PM
195660351,NFL Showdown $3 11-Player (Winner Takes All) (DEN @ KC),153086,Showdown Captain Mode,3.0,8,11,1,29.7,,Mon 8:15PM
195664126,NFL Showdown Satellite to MLB 9-29 $20 Postseason Opener [Must Fill] (DEN @ KC),153086,Showdown Captain Mode,7.4,0,3,1,20.0,,Mon 8:15PM
195664127,NFL Showdown Satellite to NBA 10-20 $20 Opening Tip Off [Must Fill] (DEN @ KC),153086,Showdown Captain Mode,7.4,0,3,1,20.0,,Mon 8:15PM
195519359,Casual NFL Showdown $109 5-Player (DEN @ KC),153086,Showdown Captain Mode,109.0,0,5,1,500.0,,Mon 8:15PM
195519358,Casual NFL Showdown $109 3-Player (DEN @ KC),153086,Showdown Captain Mode,109.0,0,3,1,300.0,,Mon 8:15PM
195519313,Casual NFL Showdown $50 50-50 (DEN @ KC),153086,Showdown Captain Mode,50.0,0,10,1,450.0,,Mon 8:15PM
195519315,Casual NFL Showdown $50 50-50 (DEN @ KC),153086,Showdown Captain Mode,50.0,0,10,1,450.0,,Mon 8:15PM
195519316,Casual NFL Showdown $50 5-Player (DEN @ KC),153086,Showdown Captain Mode,50.0,0,5,1,225.0,,Mon 8:15PM
195519329,Casual NFL Showdown $50 3-Player (DEN @ KC),153086,Showdown Captain Mode,50.0,0,3,1,135.0,,Mon 8:15PM
195519330,Casual NFL Showdown $50 3-Player (DEN @ KC),153086,Showdown Captain Mode,50.0,0,3,1,135.0,,Mon 8:15PM
195519311,Casual NFL Showdown $20 50-50 (DEN @ KC),153086,Showdown Captain Mode,20.0,0,10,1,180.0,,Mon 8:15PM
195519312,Casual NFL Showdown $20 50-50 (DEN @ KC),153086,Showdown Captain Mode,20.0,0,10,1,180.0,,Mon 8:15PM
195665310,Casual NFL Showdown $20 50-50 (DEN @ KC),153086,Showdown Captain Mode,20.0,0,10,1,180.0,,Mon 8:15PM
195519307,Casual NFL Showdown $20 5-Player (DEN @ KC),153086,Showdown Captain Mode,20.0,0,5,1,90.0,,Mon 8:15PM
195519308,Casual NFL Showdown $20 5-Player (DEN @ KC),153086,Showdown Captain Mode,20.0,0,5,1,90.0,,Mon 8:15PM
195519309,Casual NFL Showdown $20 5-Player (DEN @ KC),153086,Showdown Captain Mode,20.0,0,5,1,90.0,,Mon 8:15PM
195519331,Casual NFL Showdown $20 3-Player (DEN @ KC),153086,Showdown Captain Mode,20.0,0,3,1,54.0,,Mon 8:15PM
195519332,Casual NFL Showdown $20 3-Player (DEN @ KC),153086,Showdown Captain Mode,20.0,0,3,1,54.0,,Mon 8:15PM
195519333,Casual NFL Showdown $20 3-Player (DEN @ KC),153086,Showdown Captain Mode,20.0,0,3,1,54.0,,Mon 8:15PM
195519317,Casual NFL Showdown $10 50-50 (DEN @ KC),153086,Showdown Captain Mode,10.0,0,10,1,90.0,,Mon 8:15PM
195519318,Casual NFL Showdown $10 50-50 (DEN @ KC),153086,Showdown Captain Mode,10.0,0,10,1,90.0,,Mon 8:15PM
195519319,Casual NFL Showdown $10 50-50 (DEN @ KC),153086,Showdown Captain Mode,10.0,0,10,1,90.0,,Mon 8:15PM
195519334,Casual NFL Showdown $10 5-Player (DEN @ KC),153086,Showdown Captain Mode,10.0,0,5,1,45.0,,Mon 8:15PM
195519335,Casual NFL Showdown $10 5-Player (DEN @ KC),153086,Showdown Captain Mode,10.0,0,5,1,45.0,,Mon 8:15PM
195519336,Casual NFL Showdown $10 5-Player (DEN @ KC),153086,Showdown Captain Mode,10.0,0,5,1,45.0,,Mon 8:15PM
195519338,Casual NFL Showdown $10 3-Player (DEN @ KC),153086,Showdown Captain Mode,10.0,0,3,1,27.0,,Mon 8:15PM
195519339,Casual NFL Showdown $10 3-Player (DEN @ KC),153086,Showdown Captain Mode,10.0,0,3,1,27.0,,Mon 8:15PM
195653977,Casual NFL Showdown $10 3-Player (DEN @ KC),153086,Showdown Captain Mode,10.0,0,3,1,27.0,,Mon 8:15PM
195519320,Casual NFL Showdown $5 50-50 (DEN @ KC),153086,Showdown Captain Mode,5.0,0,10,1,45.0,,Mon 8:15PM
195519321,Casual NFL Showdown $5 50-50 (DEN @ KC),153086,Showdown Captain Mode,5.0,0,10,1,45.0,,Mon 8:15PM
195519322,Casual NFL Showdown $5 50-50 (DEN @ KC),153086,Showdown Captain Mode,5.0,0,10,1,45.0,,Mon 8:15PM
195519341,Casual NFL Showdown $5 5-Player (DEN @ KC),153086,Showdown Captain Mode,5.0,0,5,1,22.5,,Mon 8:15PM
195519342,Casual NFL Showdown $5 5-Player (DEN @ KC),153086,Showdown Captain Mode,5.0,0,5,1,22.5,,Mon 8:15PM
195653981,Casual NFL Showdown $5 5-Player (DEN @ KC),153086,Showdown Captain Mode,5.0,0,5,1,22.5,,Mon 8:15PM
195519343,Casual NFL Showdown $5 3-Player (DEN @ KC),153086,Showdown Captain Mode,5.0,0,3,1,13.5,,Mon 8:15PM
195519344,Casual NFL Showdown $5 3-Player (DEN @ KC),153086,Showdown Captain Mode,5.0,0,3,1,13.5,,Mon 8:15PM
195519345,Casual NFL Showdown $5 3-Player (DEN @ KC),153086,Showdown Captain Mode,5.0,0,3,1,13.5,,Mon 8:15PM
195572797,Casual NFL Showdown $3 50-50 (DEN @ KC),153086,Showdown Captain Mode,3.0,0,10,1,27.0,,Mon 8:15PM
195572799,Casual NFL Showdown $3 50-50 (DEN @ KC),153086,Showdown Captain Mode,3.0,0,10,1,27.0,,Mon 8:15PM
195661253,Casual NFL Showdown $3 50-50 (DEN @ KC),153086,Showdown Captain Mode,3.0,0,10,1,27.0,,Mon 8:15PM
195519347,Casual NFL Showdown $2 5-Player (DEN @ KC),153086,Showdown Captain Mode,2.0,0,5,1,9.0,,Mon 8:15PM
195519348,Casual NFL Showdown $2 5-Player (DEN @ KC),153086,Showdown Captain Mode,2.0,0,5,1,9.0,,Mon 8:15PM
195664583,Casual NFL Showdown $2 5-Player (DEN @ KC),153086,Showdown Captain Mode,2.0,0,5,1,9.0,,Mon 8:15PM
195519349,Casual NFL Showdown $2 3-Player (DEN @ KC),153086,Showdown Captain Mode,2.0,0,3,1,5.4,,Mon 8:15PM
195519350,Casual NFL Showdown $2 3-Player (DEN @ KC),153086,Showdown Captain Mode,2.0,0,3,1,5.4,,Mon 8:15PM
195519351,Casual NFL Showdown $2 3-Player (DEN @ KC),153086,Showdown Captain Mode,2.0,0,3,1,5.4,,Mon 8:15PM
195572800,Casual NFL Showdown $1 50-50 (DEN @ KC),153086,Showdown Captain Mode,1.0,0,10,1,9.0,,Mon 8:15PM
195572801,Casual NFL Showdown $1 50-50 (DEN @ KC),153086,Showdown Captain Mode,1.0,0,10,1,9.0,,Mon 8:15PM
195572802,Casual NFL Showdown $1 50-50 (DEN @ KC),153086,Showdown Captain Mode,1.0,0,10,1,9.0,,Mon 8:15PM
195519352,Casual NFL Showdown $1 5-Player (DEN @ KC),153086,Showdown Captain Mode,1.0,0,5,1,4.5,,Mon 8:15PM
195519353,Casual NFL Showdown $1 5-Player (DEN @ KC),153086,Showdown Captain Mode,1.0,0,5,1,4.5,,Mon 8:15PM
195519354,Casual NFL Showdown $1 5-Player (DEN @ KC),153086,Showdown Captain Mode,1.0,0,5,1,4.5,,Mon 8:15PM
195519355,Casual NFL Showdown $1 3-Player (DEN @ KC),153086,Showdown Captain Mode,1.0,0,3,1,2.7,,Mon 8:15PM
195519356,Casual NFL Showdown $1 3-Player (DEN @ KC),153086,Showdown Captain Mode,1.0,0,3,1,2.7,,Mon 8:15PM
195519357,Casual NFL Showdown $1 3-Player (DEN @ KC),153086,Showdown Captain Mode,1.0,0,3,1,2.7,,Mon 8:15PM
195519291,Beginner NFL Showdown $109 5-Player (DEN @ KC),153086,Showdown Captain Mode,109.0,0,5,1,500.0,,Mon 8:15PM
195519290,Beginner NFL Showdown $109 3-Player (DEN @ KC),153086,Showdown Captain Mode,109.0,0,3,1,300.0,,Mon 8:15PM
195519258,Beginner NFL Showdown $50 50-50 (DEN @ KC),153086,Showdown Captain Mode,50.0,0,10,1,450.0,,Mon 8:15PM
195519259,Beginner NFL Showdown $50 50-50 (DEN @ KC),153086,Showdown Captain Mode,50.0,0,10,1,450.0,,Mon 8:15PM
195519262,Beginner NFL Showdown $50 5-Player (DEN @ KC),153086,Showdown Captain Mode,50.0,0,5,1,225.0,,Mon 8:15PM
195519260,Beginner NFL Showdown $50 3-Player (DEN @ KC),153086,Showdown Captain Mode,50.0,0,3,1,135.0,,Mon 8:15PM
195519261,Beginner NFL Showdown $50 3-Player (DEN @ KC),153086,Showdown Captain Mode,50.0,0,3,1,135.0,,Mon 8:15PM
195519242,Beginner NFL Showdown $20 50-50 (DEN @ KC),153086,Showdown Captain Mode,20.0,0,10,1,180.0,,Mon 8:15PM
195519243,Beginner NFL Showdown $20 50-50 (DEN @ KC),153086,Showdown Captain Mode,20.0,0,10,1,180.0,,Mon 8:15PM
195519244,Beginner NFL Showdown $20 50-50 (DEN @ KC),153086,Showdown Captain Mode,20.0,0,10,1,180.0,,Mon 8:15PM
195519226,Beginner NFL Showdown $20 5-Player (DEN @ KC),153086,Showdown Captain Mode,20.0,0,5,1,90.0,,Mon 8:15PM
195519227,Beginner NFL Showdown $20 5-Player (DEN @ KC),153086,Showdown Captain Mode,20.0,0,5,1,90.0,,Mon 8:15PM
195519229,Beginner NFL Showdown $20 5-Player (DEN @ KC),153086,Showdown Captain Mode,20.0,0,5,1,90.0,,Mon 8:15PM
195519208,Beginner NFL Showdown $20 3-Player (DEN @ KC),153086,Showdown Captain Mode,20.0,0,3,1,54.0,,Mon 8:15PM
195519209,Beginner NFL Showdown $20 3-Player (DEN @ KC),153086,Showdown Captain Mode,20.0,0,3,1,54.0,,Mon 8:15PM
195519210,Beginner NFL Showdown $20 3-Player (DEN @ KC),153086,Showdown Captain Mode,20.0,0,3,1,54.0,,Mon 8:15PM
195519240,Beginner NFL Showdown $10 50-50 (DEN @ KC),153086,Showdown Captain Mode,10.0,0,10,1,90.0,,Mon 8:15PM
195666286,Beginner NFL Showdown $10 50-50 (DEN @ KC),153086,Showdown Captain Mode,10.0,0,10,1,90.0,,Mon 8:15PM
195666312,Beginner NFL Showdown $10 50-50 (DEN @ KC),153086,Showdown Captain Mode,10.0,0,10,1,90.0,,Mon 8:15PM
195519223,Beginner NFL Showdown $10 5-Player (DEN @ KC),153086,Showdown Captain Mode,10.0,0,5,1,45.0,,Mon 8:15PM
195519224,Beginner NFL Showdown $10 5-Player (DEN @ KC),153086,Showdown Captain Mode,10.0,0,5,1,45.0,,Mon 8:15PM
195519225,Beginner NFL Showdown $10 5-Player (DEN @ KC),153086,Showdown Captain Mode,10.0,0,5,1,45.0,,Mon 8:15PM
195519205,Beginner NFL Showdown $10 3-Player (DEN @ KC),153086,Showdown Captain Mode,10.0,0,3,1,27.0,,Mon 8:15PM
195519206,Beginner NFL Showdown $10 3-Player (DEN @ KC),153086,Showdown Captain Mode,10.0,0,3,1,27.0,,Mon 8:15PM
195519207,Beginner NFL Showdown $10 3-Player (DEN @ KC),153086,Showdown Captain Mode,10.0,0,3,1,27.0,,Mon 8:15PM
195519236,Beginner NFL Showdown $5 50-50 (DEN @ KC),153086,Showdown Captain Mode,5.0,0,10,1,45.0,,Mon 8:15PM
195519238,Beginner NFL Showdown $5 50-50 (DEN @ KC),153086,Showdown Captain Mode,5.0,0,10,1,45.0,,Mon 8:15PM
195665808,Beginner NFL Showdown $5 50-50 (DEN @ KC),153086,Showdown Captain Mode,5.0,0,10,1,45.0,,Mon 8:15PM
195519220,Beginner NFL Showdown $5 5-Player (DEN @ KC),153086,Showdown Captain Mode,5.0,0,5,1,22.5,,Mon 8:15PM
195519221,Beginner NFL Showdown $5 5-Player (DEN @ KC),153086,Showdown Captain Mode,5.0,0,5,1,22.5,,Mon 8:15PM
195519222,Beginner NFL Showdown $5 5-Player (DEN @ KC),153086,Showdown Captain Mode,5.0,0,5,1,22.5,,Mon 8:15PM
195519199,Beginner NFL Showdown $5 3-Player (DEN @ KC),153086,Showdown Captain Mode,5.0,0,3,1,13.5,,Mon 8:15PM
195519200,Beginner NFL Showdown $5 3-Player (DEN @ KC),153086,Showdown Captain Mode,5.0,0,3,1,13.5,,Mon 8:15PM
195519201,Beginner NFL Showdown $5 3-Player (DEN @ KC),153086,Showdown Captain Mode,5.0,0,3,1,13.5,,Mon 8:15PM
195519233,Beginner NFL Showdown $3 50-50 (DEN @ KC),153086,Showdown Captain Mode,3.0,0,10,1,27.0,,Mon 8:15PM
195519234,Beginner NFL Showdown $3 50-50 (DEN @ KC),153086,Showdown Captain Mode,3.0,0,10,1,27.0,,Mon 8:15PM
195519235,Beginner NFL Showdown $3 50-50 (DEN @ KC),153086,Showdown Captain Mode,3.0,0,10,1,27.0,,Mon 8:15PM
195519217,Beginner NFL Showdown $2 5-Player (DEN @ KC),153086,Showdown Captain Mode,2.0,0,5,1,9.0,,Mon 8:15PM
195519218,Beginner NFL Showdown $2 5-Player (DEN @ KC),153086,Showdown Captain Mode,2.0,0,5,1,9.0,,Mon 8:15PM
195519219,Beginner NFL Showdown $2 5-Player (DEN @ KC),153086,Showdown Captain Mode,2.0,0,5,1,9.0,,Mon 8:15PM
195519211,Beginner NFL Showdown $2 3-Player (DEN @ KC),153086,Showdown Captain Mode,2.0,0,3,1,5.4,,Mon 8:15PM
195519212,Beginner NFL Showdown $2 3-Player (DEN @ KC),153086,Showdown Captain Mode,2.0,0,3,1,5.4,,Mon 8:15PM
195519213,Beginner NFL Showdown $2 3-Player (DEN @ KC),153086,Showdown Captain Mode,2.0,0,3,1,5.4,,Mon 8:15PM
195519230,Beginner NFL Showdown $1 50-50 (DEN @ KC),153086,Showdown Captain Mode,1.0,0,10,1,9.0,,Mon 8:15PM
195519231,Beginner NFL Showdown $1 50-50 (DEN @ KC),153086,Showdown Captain Mode,1.0,0,10,1,9.0,,Mon 8:15PM
195519232,Beginner NFL Showdown $1 50-50 (DEN @ KC),153086,Showdown Captain Mode,1.0,0,10,1,9.0,,Mon 8:15PM
195519214,Beginner NFL Showdown $1 5-Player (DEN @ KC),153086,Showdown Captain Mode,1.0,0,5,1,4.5,,Mon 8:15PM
195519215,Beginner NFL Showdown $1 5-Player (DEN @ KC),153086,Showdown Captain Mode,1.0,0,5,1,4.5,,Mon 8:15PM
195519216,Beginner NFL Showdown $1 5-Player (DEN @ KC),153086,Showdown Captain Mode,1.0,0,5,1,4.5,,Mon 8:15PM
195519202,Beginner NFL Showdown $1 3-Player (DEN @ KC),153086,Showdown Captain Mode,1.0,0,3,1,2.7,,Mon 8:15PM
195519203,Beginner NFL Showdown $1 3-Player (DEN @ KC),153086,Showdown Captain Mode,1.0,0,3,1,2.7,,Mon 8:15PM
195519204,Beginner NFL Showdown $1 3-Player (DEN @ KC),153086,Showdown Captain Mode,1.0,0,3,1,2.7,,Mon 8:15PM
195655555,"NFL Showdown $10,600 3-Player (DEN @ KC)",153086,Showdown Captain Mode,10600.0,0,3,1,30000.0,,Mon 8:15PM
195655556,"NFL Showdown $10,600 3-Player (DEN @ KC)",153086,Showdown Captain Mode,10600.0,0,3,1,30000.0,,Mon 8:15PM
195519270,"NFL Showdown $5,300 50-50 (DEN @ KC)",153086,Showdown Captain Mode,5300.0,0,4,1,20000.0,,Mon 8:15PM
195650631,"NFL Showdown $5,300 50-50 (DEN @ KC)",153086,Showdown Captain Mode,5300.0,0,4,1,20000.0,,Mon 8:15PM
195655557,"NFL Showdown $5,300 3-Player (DEN @ KC)",153086,Showdown Captain Mode,5300.0,0,3,1,15000.0,,Mon 8:15PM
195655558,"NFL Showdown $5,300 3-Player (DEN @ KC)",153086,Showdown Captain Mode,5300.0,0,3,1,15000.0,,Mon 8:15PM
195519305,"NFL Showdown $2,120 50-50 (DEN @ KC)",153086,Showdown Captain Mode,2120.0,0,4,1,8000.0,,Mon 8:15PM
195650643,"NFL Showdown $2,120 50-50 (DEN @ KC)",153086,Showdown Captain Mode,2120.0,0,4,1,8000.0,,Mon 8:15PM
195519303,"NFL Showdown $2,120 5-Player (DEN @ KC)",153086,Showdown Captain Mode,2120.0,0,5,1,10000.0,,Mon 8:15PM
195519304,"NFL Showdown $2,120 5-Player (DEN @ KC)",153086,Showdown Captain Mode,2120.0,0,5,1,10000.0,,Mon 8:15PM
195641371,"NFL Showdown $2,120 3-Player (DEN @ KC)",153086,Showdown Captain Mode,2120.0,0,3,1,6000.0,,Mon 8:15PM
195641372,"NFL Showdown $2,120 3-Player (DEN @ KC)",153086,Showdown Captain Mode,2120.0,0,3,1,6000.0,,Mon 8:15PM
195519272,"NFL Showdown $1,060 50-50 (DEN @ KC)",153086,Showdown Captain Mode,1060.0,0,4,1,4000.0,,Mon 8:15PM
195650632,"NFL Showdown $1,060 50-50 (DEN @ KC)",153086,Showdown Captain Mode,1060.0,0,4,1,4000.0,,Mon 8:15PM
195519156,"NFL Showdown $1,060 5-Player (DEN @ KC)",153086,Showdown Captain Mode,1060.0,0,5,1,5000.0,,Mon 8:15PM
195519157,"NFL Showdown $1,060 5-Player (DEN @ KC)",153086,Showdown Captain Mode,1060.0,0,5,1,5000.0,,Mon 8:15PM
195641363,"NFL Showdown $1,060 3-Player (DEN @ KC)",153086,Showdown Captain Mode,1060.0,0,3,1,3000.0,,Mon 8:15PM
195657972,"NFL Showdown $1,060 3-Player (DEN @ KC)",153086,Showdown Captain Mode,1060.0,0,3,1,3000.0,,Mon 8:15PM
195650633,NFL Showdown $530 50-50 (DEN @ KC),153086,Showdown Captain Mode,530.0,0,4,1,2000.0,,Mon 8:15PM
195650634,NFL Showdown $530 50-50 (DEN @ KC),153086,Showdown Captain Mode,530.0,0,4,1,2000.0,,Mon 8:15PM
195650639,NFL Showdown $530 50-50 (DEN @ KC),153086,Showdown Captain Mode,530.0,0,8,1,4000.0,,Mon 8:15PM
195519183,NFL Showdown $530 5-Player (DEN @ KC),153086,Showdown Captain Mode,530.0,0,5,1,2500.0,,Mon 8:15PM
195519184,NFL Showdown $530 5-Player (DEN @ KC),153086,Showdown Captain Mode,530.0,0,5,1,2500.0,,Mon 8:15PM
195641364,NFL Showdown $530 3-Player (DEN @ KC),153086,Showdown Captain Mode,530.0,0,3,1,1500.0,,Mon 8:15PM
195641365,NFL Showdown $530 3-Player (DEN @ KC),153086,Showdown Captain Mode,530.0,0,3,1,1500.0,,Mon 8:15PM
195650638,NFL Showdown $270 50-50 (DEN @ KC),153086,Showdown Captain Mode,270.0,0,8,1,2000.0,,Mon 8:15PM
195650652,NFL Showdown $270 50-50 (DEN @ KC),153086,Showdown Captain Mode,270.0,0,4,1,1000.0,,Mon 8:15PM
195650653,NFL Showdown $270 50-50 (DEN @ KC),153086,Showdown Captain Mode,270.0,0,4,1,1000.0,,Mon 8:15PM
195519245,NFL Showdown $270 10-Player (DEN @ KC),153086,Showdown Captain Mode,270.0,0,10,1,2500.0,,Mon 8:15PM
195641366,NFL Showdown $270 3-Player (DEN @ KC),153086,Showdown Captain Mode,270.0,0,3,1,750.0,,Mon 8:15PM
195641367,NFL Showdown $270 3-Player (DEN @ KC),153086,Showdown Captain Mode,270.0,0,3,1,750.0,,Mon 8:15PM
195519181,NFL Showdown $270 5-Player (DEN @ KC),153086,Showdown Captain Mode,270.0,0,5,1,1250.0,,Mon 8:15PM
195519182,NFL Showdown $270 5-Player (DEN @ KC),153086,Showdown Captain Mode,270.0,0,5,1,1250.0,,Mon 8:15PM
195650637,NFL Showdown $162 50-50 (DEN @ KC),153086,Showdown Captain Mode,162.0,0,8,1,1200.0,,Mon 8:15PM
195650616,NFL Showdown $162 50-50 (DEN @ KC),153086,Showdown Captain Mode,162.0,0,4,1,600.0,,Mon 8:15PM
195650617,NFL Showdown $162 50-50 (DEN @ KC),153086,Showdown Captain Mode,162.0,0,4,1,600.0,,Mon 8:15PM
195519179,NFL Showdown $162 5-Player (DEN @ KC),153086,Showdown Captain Mode,162.0,0,5,1,750.0,,Mon 8:15PM
195519180,NFL Showdown $162 5-Player (DEN @ KC),153086,Showdown Captain Mode,162.0,0,5,1,750.0,,Mon 8:15PM
195641355,NFL Showdown $162 3-Player (DEN @ KC),153086,Showdown Captain Mode,162.0,0,3,1,450.0,,Mon 8:15PM
195641357,NFL Showdown $162 3-Player (DEN @ KC),153086,Showdown Captain Mode,162.0,0,3,1,450.0,,Mon 8:15PM
195653819,NFL Showdown $162 3-Player (DEN @ KC),153086,Showdown Captain Mode,162.0,0,3,1,450.0,,Mon 8:15PM
195650629,NFL Showdown $109 50-50 (DEN @ KC),153086,Showdown Captain Mode,109.0,0,20,1,2000.0,,Mon 8:15PM
195650620,NFL Showdown $109 50-50 (DEN @ KC),153086,Showdown Captain Mode,109.0,0,10,1,1000.0,,Mon 8:15PM
195650635,NFL Showdown $109 50-50 (DEN @ KC),153086,Showdown Captain Mode,109.0,0,4,1,400.0,,Mon 8:15PM
195650636,NFL Showdown $109 50-50 (DEN @ KC),153086,Showdown Captain Mode,109.0,0,4,1,400.0,,Mon 8:15PM
195519284,NFL Showdown $109 5-Player (DEN @ KC),153086,Showdown Captain Mode,109.0,0,5,1,500.0,,Mon 8:15PM
195519285,NFL Showdown $109 5-Player (DEN @ KC),153086,Showdown Captain Mode,109.0,0,5,1,500.0,,Mon 8:15PM
195641368,NFL Showdown $109 3-Player (DEN @ KC),153086,Showdown Captain Mode,109.0,0,3,1,300.0,,Mon 8:15PM
195641369,NFL Showdown $109 3-Player (DEN @ KC),153086,Showdown Captain Mode,109.0,0,3,1,300.0,,Mon 8:15PM
195641370,NFL Showdown $109 3-Player (DEN @ KC),153086,Showdown Captain Mode,109.0,0,3,1,300.0,,Mon 8:15PM
195650628,NFL Showdown $50 50-50 (DEN @ KC),153086,Showdown Captain Mode,50.0,0,20,1,900.0,,Mon 8:15PM
195650618,NFL Showdown $50 50-50 (DEN @ KC),153086,Showdown Captain Mode,50.0,0,10,1,450.0,,Mon 8:15PM
195650619,NFL Showdown $50 50-50 (DEN @ KC),153086,Showdown Captain Mode,50.0,0,10,1,450.0,,Mon 8:15PM
195650611,NFL Showdown $50 50-50 (DEN @ KC),153086,Showdown Captain Mode,50.0,0,4,1,180.0,,Mon 8:15PM
195650612,NFL Showdown $50 50-50 (DEN @ KC),153086,Showdown Captain Mode,50.0,0,4,1,180.0,,Mon 8:15PM
195650613,NFL Showdown $50 50-50 (DEN @ KC),153086,Showdown Captain Mode,50.0,0,4,1,180.0,,Mon 8:15PM
195653221,NFL Showdown $50 Double Up (DEN @ KC),153086,Showdown Captain Mode,50.0,0,22,1,1000.0,,Mon 8:15PM
195653223,NFL Showdown $50 Double Up (DEN @ KC),153086,Showdown Captain Mode,50.0,0,11,1,500.0,,Mon 8:15PM
195519248,NFL Showdown $50 20-Player (DEN @ KC),153086,Showdown Captain Mode,50.0,0,20,1,900.0,,Mon 8:15PM
195519158,NFL Showdown $50 10-Player (DEN @ KC),153086,Showdown Captain Mode,50.0,0,10,1,450.0,,Mon 8:15PM
195519159,NFL Showdown $50 10-Player (DEN @ KC),153086,Showdown Captain Mode,50.0,0,10,1,450.0,,Mon 8:15PM
195519134,NFL Showdown $50 5-Player (DEN @ KC),153086,Showdown Captain Mode,50.0,0,5,1,225.0,,Mon 8:15PM
195519135,NFL Showdown $50 5-Player (DEN @ KC),153086,Showdown Captain Mode,50.0,0,5,1,225.0,,Mon 8:15PM
195641343,NFL Showdown $50 3-Player (DEN @ KC),153086,Showdown Captain Mode,50.0,0,3,1,135.0,,Mon 8:15PM
195641344,NFL Showdown $50 3-Player (DEN @ KC),153086,Showdown Captain Mode,50.0,0,3,1,135.0,,Mon 8:15PM
195641345,NFL Showdown $50 3-Player (DEN @ KC),153086,Showdown Captain Mode,50.0,0,3,1,135.0,,Mon 8:15PM
195653222,NFL Showdown $25 Double Up (DEN @ KC),153086,Showdown Captain Mode,25.0,0,22,1,500.0,,Mon 8:15PM
195653224,NFL Showdown $25 Double Up (DEN @ KC),153086,Showdown Captain Mode,25.0,0,11,1,250.0,,Mon 8:15PM
195650642,NFL Showdown $20 50-50 (DEN @ KC),153086,Showdown Captain Mode,20.0,0,50,1,900.0,,Mon 8:15PM
195650626,NFL Showdown $20 50-50 (DEN @ KC),153086,Showdown Captain Mode,20.0,0,20,1,360.0,,Mon 8:15PM
195650627,NFL Showdown $20 50-50 (DEN @ KC),153086,Showdown Captain Mode,20.0,0,20,1,360.0,,Mon 8:15PM
195650609,NFL Showdown $20 50-50 (DEN @ KC),153086,Showdown Captain Mode,20.0,0,10,1,180.0,,Mon 8:15PM
195650610,NFL Showdown $20 50-50 (DEN @ KC),153086,Showdown Captain Mode,20.0,0,10,1,180.0,,Mon 8:15PM
195664564,NFL Showdown $20 100-Player (DEN @ KC),153086,Showdown Captain Mode,20.0,0,100,1,1800.0,,Mon 8:15PM
195666064,NFL Showdown $20 40-Player (DEN @ KC),153086,Showdown Captain Mode,20.0,0,40,1,720.0,,Mon 8:15PM
195519246,NFL Showdown $20 20-Player (DEN @ KC),153086,Showdown Captain Mode,20.0,0,20,1,360.0,,Mon 8:15PM
195519247,NFL Showdown $20 20-Player (DEN @ KC),153086,Showdown Captain Mode,20.0,0,20,1,360.0,,Mon 8:15PM
195519164,NFL Showdown $20 10-Player (DEN @ KC),153086,Showdown Captain Mode,20.0,0,10,1,180.0,,Mon 8:15PM
195519165,NFL Showdown $20 10-Player (DEN @ KC),153086,Showdown Captain Mode,20.0,0,10,1,180.0,,Mon 8:15PM
195519110,NFL Showdown $20 5-Player (DEN @ KC),153086,Showdown Captain Mode,20.0,0,5,1,90.0,,Mon 8:15PM
195519111,NFL Showdown $20 5-Player (DEN @ KC),153086,Showdown Captain Mode,20.0,0,5,1,90.0,,Mon 8:15PM
195651369,NFL Showdown $20 5-Player (DEN @ KC),153086,Showdown Captain Mode,20.0,0,5,1,90.0,,Mon 8:15PM
195658090,NFL Showdown $20 3-Player (DEN @ KC),153086,Showdown Captain Mode,20.0,0,3,1,54.0,,Mon 8:15PM
195663681,NFL Showdown $20 3-Player (DEN @ KC),153086,Showdown Captain Mode,20.0,0,3,1,54.0,,Mon 8:15PM
195664432,NFL Showdown $20 3-Player (DEN @ KC),153086,Showdown Captain Mode,20.0,0,3,1,54.0,,Mon 8:15PM
195650641,NFL Showdown $10 50-50 (DEN @ KC),153086,Showdown Captain Mode,10.0,0,50,1,450.0,,Mon 8:15PM
195650624,NFL Showdown $10 50-50 (DEN @ KC),153086,Showdown Captain Mode,10.0,0,20,1,180.0,,Mon 8:15PM
195650625,NFL Showdown $10 50-50 (DEN @ KC),153086,Showdown Captain Mode,10.0,0,20,1,180.0,,Mon 8:15PM
195650614,NFL Showdown $10 50-50 (DEN @ KC),153086,Showdown Captain Mode,10.0,0,10,1,90.0,,Mon 8:15PM
195650615,NFL Showdown $10 50-50 (DEN @ KC),153086,Showdown Captain Mode,10.0,0,10,1,90.0,,Mon 8:15PM
195653226,NFL Showdown $10 Double Up (DEN @ KC),153086,Showdown Captain Mode,10.0,0,11,1,100.0,,Mon 8:15PM
195653227,NFL Showdown $10 Double Up (DEN @ KC),153086,Showdown Captain Mode,10.0,0,11,1,100.0,,Mon 8:15PM
195519375,NFL Showdown $10 100-Player (DEN @ KC),153086,Showdown Captain Mode,10.0,0,100,1,900.0,,Mon 8:15PM
195519250,NFL Showdown $10 40-Player (DEN @ KC),153086,Showdown Captain Mode,10.0,0,40,1,360.0,,Mon 8:15PM
195519160,NFL Showdown $10 20-Player (DEN @ KC),153086,Showdown Captain Mode,10.0,0,20,1,180.0,,Mon 8:15PM
195519161,NFL Showdown $10 20-Player (DEN @ KC),153086,Showdown Captain Mode,10.0,0,20,1,180.0,,Mon 8:15PM
195519123,NFL Showdown $10 10-Player (DEN @ KC),153086,Showdown Captain Mode,10.0,0,10,1,90.0,,Mon 8:15PM
195519124,NFL Showdown $10 10-Player (DEN @ KC),153086,Showdown Captain Mode,10.0,0,10,1,90.0,,Mon 8:15PM
195664359,NFL Showdown $10 5-Player (DEN @ KC),153086,Showdown Captain Mode,10.0,0,5,1,45.0,,Mon 8:15PM
195664406,NFL Showdown $10 5-Player (DEN @ KC),153086,Showdown Captain Mode,10.0,0,5,1,45.0,,Mon 8:15PM
195664410,NFL Showdown $10 5-Player (DEN @ KC),153086,Showdown Captain Mode,10.0,0,5,1,45.0,,Mon 8:15PM
195664426,NFL Showdown $10 3-Player (DEN @ KC),153086,Showdown Captain Mode,10.0,0,3,1,27.0,,Mon 8:15PM
195664427,NFL Showdown $10 3-Player (DEN @ KC),153086,Showdown Captain Mode,10.0,0,3,1,27.0,,Mon 8:15PM
195665674,NFL Showdown $10 3-Player (DEN @ KC),153086,Showdown Captain Mode,10.0,0,3,1,27.0,,Mon 8:15PM
195665525,NFL Showdown $5 50-50 (DEN @ KC),153086,Showdown Captain Mode,5.0,0,100,1,450.0,,Mon 8:15PM
195650640,NFL Showdown $5 50-50 (DEN @ KC),153086,Showdown Captain Mode,5.0,0,50,1,225.0,,Mon 8:15PM
195650621,NFL Showdown $5 50-50 (DEN @ KC),153086,Showdown Captain Mode,5.0,0,20,1,90.0,,Mon 8:15PM
195650622,NFL Showdown $5 50-50 (DEN @ KC),153086,Showdown Captain Mode,5.0,0,20,1,90.0,,Mon 8:15PM
195650623,NFL Showdown $5 50-50 (DEN @ KC),153086,Showdown Captain Mode,5.0,0,20,1,90.0,,Mon 8:15PM
195650606,NFL Showdown $5 50-50 (DEN @ KC),153086,Showdown Captain Mode,5.0,0,10,1,45.0,,Mon 8:15PM
195650607,NFL Showdown $5 50-50 (DEN @ KC),153086,Showdown Captain Mode,5.0,0,10,1,45.0,,Mon 8:15PM
195650608,NFL Showdown $5 50-50 (DEN @ KC),153086,Showdown Captain Mode,5.0,0,10,1,45.0,,Mon 8:15PM
195650650,NFL Showdown $5 Double Up (DEN @ KC),153086,Showdown Captain Mode,5.0,0,11,1,50.0,,Mon 8:15PM
195665609,NFL Showdown $5 Double Up (DEN @ KC),153086,Showdown Captain Mode,5.0,0,11,1,50.0,,Mon 8:15PM
195519374,NFL Showdown $5 100-Player (DEN @ KC),153086,Showdown Captain Mode,5.0,0,100,1,450.0,,Mon 8:15PM
195519249,NFL Showdown $5 40-Player (DEN @ KC),153086,Showdown Captain Mode,5.0,0,40,1,180.0,,Mon 8:15PM
195519162,NFL Showdown $5 20-Player (DEN @ KC),153086,Showdown Captain Mode,5.0,0,20,1,90.0,,Mon 8:15PM
195519163,NFL Showdown $5 20-Player (DEN @ KC),153086,Showdown Captain Mode,5.0,0,20,1,90.0,,Mon 8:15PM
195519097,NFL Showdown $5 10-Player (DEN @ KC),153086,Showdown Captain Mode,5.0,0,10,1,45.0,,Mon 8:15PM
195519098,NFL Showdown $5 10-Player (DEN @ KC),153086,Showdown Captain Mode,5.0,0,10,1,45.0,,Mon 8:15PM
195519099,NFL Showdown $5 10-Player (DEN @ KC),153086,Showdown Captain Mode,5.0,0,10,1,45.0,,Mon 8:15PM
195519104,NFL Showdown $5 5-Player (DEN @ KC),153086,Showdown Captain Mode,5.0,0,5,1,22.5,,Mon 8:15PM
195519105,NFL Showdown $5 5-Player (DEN @ KC),153086,Showdown Captain Mode,5.0,0,5,1,22.5,,Mon 8:15PM
195665302,NFL Showdown $5 5-Player (DEN @ KC),153086,Showdown Captain Mode,5.0,0,5,1,22.5,,Mon 8:15PM
195652473,NFL Showdown $5 3-Player (DEN @ KC),153086,Showdown Captain Mode,5.0,0,3,1,13.5,,Mon 8:15PM
195652474,NFL Showdown $5 3-Player (DEN @ KC),153086,Showdown Captain Mode,5.0,0,3,1,13.5,,Mon 8:15PM
195664219,NFL Showdown $5 3-Player (DEN @ KC),153086,Showdown Captain Mode,5.0,0,3,1,13.5,,Mon 8:15PM
195641340,NFL Showdown $5 3-Player (DEN @ KC),153086,Showdown Captain Mode,5.0,0,3,1,13.5,,Mon 8:15PM
195641341,NFL Showdown $5 3-Player (DEN @ KC),153086,Showdown Captain Mode,5.0,0,3,1,13.5,,Mon 8:15PM
195641342,NFL Showdown $5 3-Player (DEN @ KC),153086,Showdown Captain Mode,5.0,0,3,1,13.5,,Mon 8:15PM
195664827,NFL Showdown $3 Double Up (DEN @ KC),153086,Showdown Captain Mode,3.0,0,11,1,30.0,,Mon 8:15PM
195665422,NFL Showdown $3 Double Up (DEN @ KC),153086,Showdown Captain Mode,3.0,0,11,1,30.0,,Mon 8:15PM
195665526,NFL Showdown $2 50-50 (DEN @ KC),153086,Showdown Captain Mode,2.0,0,100,1,180.0,,Mon 8:15PM
195578820,NFL Showdown $2 50-50 (DEN @ KC),153086,Showdown Captain Mode,2.0,0,50,1,90.0,,Mon 8:15PM
195657438,NFL Showdown $2 50-50 (DEN @ KC),153086,Showdown Captain Mode,2.0,0,20,1,36.0,,Mon 8:15PM
195649639,NFL Showdown $2 50-50 (DEN @ KC),153086,Showdown Captain Mode,2.0,0,20,1,36.0,,Mon 8:15PM
195649640,NFL Showdown $2 50-50 (DEN @ KC),153086,Showdown Captain Mode,2.0,0,20,1,36.0,,Mon 8:15PM
195649641,NFL Showdown $2 50-50 (DEN @ KC),153086,Showdown Captain Mode,2.0,0,20,1,36.0,,Mon 8:15PM
195578813,NFL Showdown $2 50-50 (DEN @ KC),153086,Showdown Captain Mode,2.0,0,10,1,18.0,,Mon 8:15PM
195578814,NFL Showdown $2 50-50 (DEN @ KC),153086,Showdown Captain Mode,2.0,0,10,1,18.0,,Mon 8:15PM
195578815,NFL Showdown $2 50-50 (DEN @ KC),153086,Showdown Captain Mode,2.0,0,10,1,18.0,,Mon 8:15PM
195578826,NFL Showdown $2 100-Player (DEN @ KC),153086,Showdown Captain Mode,2.0,0,100,1,180.0,,Mon 8:15PM
195649650,NFL Showdown $2 40-Player (DEN @ KC),153086,Showdown Captain Mode,2.0,0,40,1,72.0,,Mon 8:15PM
195649651,NFL Showdown $2 40-Player (DEN @ KC),153086,Showdown Captain Mode,2.0,0,40,1,72.0,,Mon 8:15PM
195649645,NFL Showdown $2 20-Player (DEN @ KC),153086,Showdown Captain Mode,2.0,0,20,1,36.0,,Mon 8:15PM
195649646,NFL Showdown $2 20-Player (DEN @ KC),153086,Showdown Captain Mode,2.0,0,20,1,36.0,,Mon 8:15PM
195651134,NFL Showdown $2 20-Player (DEN @ KC),153086,Showdown Captain Mode,2.0,0,20,1,36.0,,Mon 8:15PM
195649636,NFL Showdown $2 10-Player (DEN @ KC),153086,Showdown Captain Mode,2.0,0,10,1,18.0,,Mon 8:15PM
195649637,NFL Showdown $2 10-Player (DEN @ KC),153086,Showdown Captain Mode,2.0,0,10,1,18.0,,Mon 8:15PM
195649638,NFL Showdown $2 10-Player (DEN @ KC),153086,Showdown Captain Mode,2.0,0,10,1,18.0,,Mon 8:15PM
195577903,NFL Showdown $2 5-Player (DEN @ KC),153086,Showdown Captain Mode,2.0,0,5,1,9.0,,Mon 8:15PM
195577904,NFL Showdown $2 5-Player (DEN @ KC),153086,Showdown Captain Mode,2.0,0,5,1,9.0,,Mon 8:15PM
195651135,NFL Showdown $2 5-Player (DEN @ KC),153086,Showdown Captain Mode,2.0,0,5,1,9.0,,Mon 8:15PM
195652471,NFL Showdown $2 3-Player (DEN @ KC),153086,Showdown Captain Mode,2.0,0,3,1,5.4,,Mon 8:15PM
195652472,NFL Showdown $2 3-Player (DEN @ KC),153086,Showdown Captain Mode,2.0,0,3,1,5.4,,Mon 8:15PM
195665430,NFL Showdown $2 3-Player (DEN @ KC),153086,Showdown Captain Mode,2.0,0,3,1,5.4,,Mon 8:15PM
195665524,NFL Showdown $1 50-50 (DEN @ KC),153086,Showdown Captain Mode,1.0,0,100,1,90.0,,Mon 8:15PM
195651152,NFL Showdown $1 50-50 (DEN @ KC),153086,Showdown Captain Mode,1.0,0,50,1,45.0,,Mon 8:15PM
195578794,NFL Showdown $1 50-50 (DEN @ KC),153086,Showdown Captain Mode,1.0,0,20,1,18.0,,Mon 8:15PM
195578795,NFL Showdown $1 50-50 (DEN @ KC),153086,Showdown Captain Mode,1.0,0,20,1,18.0,,Mon 8:15PM
195578797,NFL Showdown $1 50-50 (DEN @ KC),153086,Showdown Captain Mode,1.0,0,20,1,18.0,,Mon 8:15PM
195577884,NFL Showdown $1 50-50 (DEN @ KC),153086,Showdown Captain Mode,1.0,0,10,1,9.0,,Mon 8:15PM
195578811,NFL Showdown $1 50-50 (DEN @ KC),153086,Showdown Captain Mode,1.0,0,10,1,9.0,,Mon 8:15PM
195578812,NFL Showdown $1 50-50 (DEN @ KC),153086,Showdown Captain Mode,1.0,0,10,1,9.0,,Mon 8:15PM
195655073,NFL Showdown $1 Double Up (DEN @ KC),153086,Showdown Captain Mode,1.0,0,11,1,10.0,,Mon 8:15PM
195655074,NFL Showdown $1 Double Up (DEN @ KC),153086,Showdown Captain Mode,1.0,0,11,1,10.0,,Mon 8:15PM
195578825,NFL Showdown $1 100-Player (DEN @ KC),153086,Showdown Captain Mode,1.0,0,100,1,90.0,,Mon 8:15PM
195649648,NFL Showdown $1 40-Player (DEN @ KC),153086,Showdown Captain Mode,1.0,0,40,1,36.0,,Mon 8:15PM
195649649,NFL Showdown $1 40-Player (DEN @ KC),153086,Showdown Captain Mode,1.0,0,40,1,36.0,,Mon 8:15PM
195649642,NFL Showdown $1 20-Player (DEN @ KC),153086,Showdown Captain Mode,1.0,0,20,1,18.0,,Mon 8:15PM
195649643,NFL Showdown $1 20-Player (DEN @ KC),153086,Showdown Captain Mode,1.0,0,20,1,18.0,,Mon 8:15PM
195649644,NFL Showdown $1 20-Player (DEN @ KC),153086,Showdown Captain Mode,1.0,0,20,1,18.0,,Mon 8:15PM
195578798,NFL Showdown $1 10-Player (DEN @ KC),153086,Showdown Captain Mode,1.0,0,10,1,9.0,,Mon 8:15PM
195578800,NFL Showdown $1 10-Player (DEN @ KC),153086,Showdown Captain Mode,1.0,0,10,1,9.0,,Mon 8:15PM
195649973,NFL Showdown $1 10-Player (DEN @ KC),153086,Showdown Captain Mode,1.0,0,10,1,9.0,,Mon 8:15PM
195653968,NFL Showdown $1 5-Player (DEN @ KC),153086,Showdown Captain Mode,1.0,0,5,1,4.5,,Mon 8:15PM
195656219,NFL Showdown $1 5-Player (DEN @ KC),153086,Showdown Captain Mode,1.0,0,5,1,4.5,,Mon 8:15PM
195664130,NFL Showdown $1 5-Player (DEN @ KC),153086,Showdown Captain Mode,1.0,0,5,1,4.5,,Mon 8:15PM
195665551,NFL Showdown $1 3-Player (DEN @ KC),153086,Showdown Captain Mode,1.0,0,3,1,2.7,,Mon 8:15PM
195665552,NFL Showdown $1 3-Player (DEN @ KC),153086,Showdown Captain Mode,1.0,0,3,1,2.7,,Mon 8:15PM
195665810,NFL Showdown $1 3-Player (DEN @ KC),153086,Showdown Captain Mode,1.0,0,3,1,2.7,,Mon 8:15PM
195645104,Beginner NFL $3 50-50 (Mon-Thu),153109,Classic,3.0,2,4,1,10.8,,Mon 8:15PM
195645189,Beginner NFL $1 50-50 (Mon-Thu),153109,Classic,1.0,2,4,1,3.6,,Mon 8:15PM
195645111,"NFL $10,600 3-Player (Mon-Thu)",153109,Classic,10600.0,1,3,1,30000.0,,Mon 8:15PM
195645113,"NFL $5,300 3-Player (Mon-Thu)",153109,Classic,5300.0,1,3,1,15000.0,,Mon 8:15PM
195645119,"NFL $1,060 3-Player (Mon-Thu)",153109,Classic,1060.0,1,3,1,3000.0,,Mon 8:15PM
195645120,"NFL $1,060 3-Player (Mon-Thu)",153109,Classic,1060.0,1,3,1,3000.0,,Mon 8:15PM
195645123,NFL $530 3-Player (Mon-Thu),153109,Classic,530.0,1,3,1,1500.0,,Mon 8:15PM
195645124,NFL $530 3-Player (Mon-Thu),153109,Classic,530.0,1,3,1,1500.0,,Mon 8:15PM
195645129,NFL $270 3-Player (Mon-Thu),153109,Classic,270.0,1,3,1,750.0,,Mon 8:15PM
195645130,NFL $270 3-Player (Mon-Thu),153109,Classic,270.0,1,3,1,750.0,,Mon 8:15PM
195645136,NFL $109 3-Player (Mon-Thu),153109,Classic,109.0,1,3,1,300.0,,Mon 8:15PM
195645137,NFL $109 3-Player (Mon-Thu),153109,Classic,109.0,1,3,1,300.0,,Mon 8:15PM
195645138,NFL $109 3-Player (Mon-Thu),153109,Classic,109.0,1,3,1,300.0,,Mon 8:15PM
195645173,NFL $25 Double Up (Mon-Thu),153109,Classic,25.0,4,11,1,250.0,,Mon 8:15PM
195645163,NFL $20 5-Player (Mon-Thu),153109,Classic,20.0,1,5,1,90.0,,Mon 8:15PM
195647087,NFL $20 4-Player (Winner Takes All) (Mon-Thu),153109,Classic,20.0,3,4,1,72.0,,Mon 8:15PM
195645164,NFL $20 3-Player (Mon-Thu),153109,Classic,20.0,1,3,1,54.0,,Mon 8:15PM
195645165,NFL $20 3-Player (Mon-Thu),153109,Classic,20.0,1,3,1,54.0,,Mon 8:15PM
195645171,NFL $10 Double Up (Mon-Thu),153109,Classic,10.0,2,11,1,100.0,,Mon 8:15PM
195651361,NFL $10 10-Player (Top 2 Win) (Mon-Thu),153109,Classic,10.0,4,10,1,90.0,,Mon 8:15PM
195649794,NFL $10 5-Player (Winner Takes All) (Mon-Thu) x2,153109,Classic,10.0,2,5,1,45.0,,Mon 8:15PM
195645169,NFL $10 3-Player (Mon-Thu),153109,Classic,10.0,2,3,1,27.0,,Mon 8:15PM
195645797,NFL $10 3-Player (Mon-Thu),153109,Classic,10.0,2,3,1,27.0,,Mon 8:15PM
195650203,NFL $10 3-Player (Mon-Thu),153109,Classic,10.0,2,3,1,27.0,,Mon 8:15PM
195645125,NFL $5 50-50 (Mon-Thu),153109,Classic,5.0,2,10,1,45.0,,Mon 8:15PM
195645128,NFL $5 20-Player (Mon-Thu),153109,Classic,5.0,4,20,1,90.0,,Mon 8:15PM
195658620,NFL $5 7-Player (Winner Takes All) (Mon-Thu),153109,Classic,5.0,3,7,1,31.5,,Mon 8:15PM
195651452,NFL $5 6-Player (Winner Takes All) (Mon-Thu),153109,Classic,5.0,4,6,1,27.0,,Mon 8:15PM
195647093,NFL $5 5-Player (Winner Takes All) (Mon-Thu) x2,153109,Classic,5.0,2,5,1,22.5,,Mon 8:15PM
195651449,NFL $5 3-Player (Mon-Thu),153109,Classic,5.0,1,3,1,13.5,,Mon 8:15PM
195645179,NFL $3 Double Up (Mon-Thu),153109,Classic,3.0,4,11,1,30.0,,Mon 8:15PM
195645180,NFL $3 Double Up (Mon-Thu),153109,Classic,3.0,1,11,1,30.0,,Mon 8:15PM
195652314,NFL $3 Double Up (Mon-Thu),153109,Classic,3.0,2,11,1,30.0,,Mon 8:15PM
195660659,NFL $3 Double Up (Mon-Thu),153109,Classic,3.0,3,11,1,30.0,,Mon 8:15PM
195663551,NFL $3 Double Up (Mon-Thu),153109,Classic,3.0,1,11,1,30.0,,Mon 8:15PM
195645134,NFL $2 50-50 (Mon-Thu),153109,Classic,2.0,2,20,1,36.0,,Mon 8:15PM
195652520,NFL $2 50-50 (Mon-Thu),153109,Classic,2.0,1,20,1,36.0,,Mon 8:15PM
195645135,NFL $2 50-50 (Mon-Thu),153109,Classic,2.0,2,10,1,18.0,,Mon 8:15PM
195665811,NFL $2 50-50 (Mon-Thu),153109,Classic,2.0,1,10,1,18.0,,Mon 8:15PM
195645139,NFL $2 20-Player (Mon-Thu),153109,Classic,2.0,3,20,1,36.0,,Mon 8:15PM
195651289,NFL $2 20-Player (Mon-Thu),153109,Classic,2.0,1,20,1,36.0,,Mon 8:15PM
195645140,NFL $2 10-Player (Mon-Thu),153109,Classic,2.0,3,10,1,18.0,,Mon 8:15PM
195645141,NFL $2 10-Player (Mon-Thu),153109,Classic,2.0,2,10,1,18.0,,Mon 8:15PM
195649700,NFL $2 10-Player (Mon-Thu),153109,Classic,2.0,1,10,1,18.0,,Mon 8:15PM
195652827,NFL $2 10-Player (Mon-Thu),153109,Classic,2.0,1,10,1,18.0,,Mon 8:15PM
195645143,NFL $2 5-Player (Mon-Thu),153109,Classic,2.0,3,5,1,9.0,,Mon 8:15PM
195645144,NFL $2 5-Player (Mon-Thu),153109,Classic,2.0,2,5,1,9.0,,Mon 8:15PM
195651347,NFL $2 5-Player (Mon-Thu),153109,Classic,2.0,1,5,1,9.0,,Mon 8:15PM
195651348,NFL $2 5-Player (Mon-Thu),153109,Classic,2.0,1,5,1,9.0,,Mon 8:15PM
195645147,NFL $2 3-Player (Mon-Thu),153109,Classic,2.0,1,3,1,5.4,,Mon 8:15PM
195662884,NFL $2 3-Player (Mon-Thu),153109,Classic,2.0,1,3,1,5.4,,Mon 8:15PM
195645148,NFL $1 50-50 (Mon-Thu),153109,Classic,1.0,12,20,1,18.0,,Mon 8:15PM
195648731,NFL $1 50-50 (Mon-Thu),153109,Classic,1.0,5,20,1,18.0,,Mon 8:15PM
195651103,NFL $1 50-50 (Mon-Thu),153109,Classic,1.0,3,20,1,18.0,,Mon 8:15PM
195656036,NFL $1 50-50 (Mon-Thu),153109,Classic,1.0,4,20,1,18.0,,Mon 8:15PM
195657102,NFL $1 50-50 (Mon-Thu),153109,Classic,1.0,2,20,1,18.0,,Mon 8:15PM
195665689,NFL $1 50-50 (Mon-Thu),153109,Classic,1.0,1,20,1,18.0,,Mon 8:15PM
195645150,NFL $1 50-50 (Mon-Thu),153109,Classic,1.0,6,10,1,9.0,,Mon 8:15PM
195648697,NFL $1 50-50 (Mon-Thu),153109,Classic,1.0,5,10,1,9.0,,Mon 8:15PM
195650267,NFL $1 50-50 (Mon-Thu),153109,Classic,1.0,3,10,1,9.0,,Mon 8:15PM
195651106,NFL $1 50-50 (Mon-Thu),153109,Classic,1.0,1,10,1,9.0,,Mon 8:15PM
195657100,NFL $1 50-50 (Mon-Thu),153109,Classic,1.0,1,10,1,9.0,,Mon 8:15PM
195645181,NFL $1 Double Up (Mon-Thu),153109,Classic,1.0,1,11,1,10.0,,Mon 8:15PM
195645182,NFL $1 Double Up (Mon-Thu),153109,Classic,1.0,7,11,1,10.0,,Mon 8:15PM
195649951,NFL $1 Double Up (Mon-Thu),153109,Classic,1.0,1,11,1,10.0,,Mon 8:15PM
195649134,NFL $1 50-Player (Winner Takes All) (Mon-Thu),153109,Classic,1.0,9,50,1,45.0,,Mon 8:15PM
195645152,NFL $1 20-Player (Mon-Thu),153109,Classic,1.0,1,20,1,18.0,,Mon 8:15PM
195645153,NFL $1 10-Player (Mon-Thu),153109,Classic,1.0,1,10,1,9.0,,Mon 8:15PM
195645154,NFL $1 10-Player (Mon-Thu),153109,Classic,1.0,1,10,1,9.0,,Mon 8:15PM
195645155,NFL $1 5-Player (Mon-Thu),153109,Classic,1.0,2,5,1,4.5,,Mon 8:15PM
195645156,NFL $1 5-Player (Mon-Thu),153109,Classic,1.0,2,5,1,4.5,,Mon 8:15PM
195645157,NFL $1 5-Player (Mon-Thu),153109,Classic,1.0,4,5,1,4.5,,Mon 8:15PM
195652522,NFL $1 5-Player (Mon-Thu),153109,Classic,1.0,1,5,1,4.5,,Mon 8:15PM
195655717,NFL $1 5-Player (Mon-Thu),153109,Classic,1.0,1,5,1,4.5,,Mon 8:15PM
195663755,NFL $1 5-Player (Mon-Thu),153109,Classic,1.0,1,5,1,4.5,,Mon 8:15PM
195655232,NFL $1 3-Player (Mon-Thu),153109,Classic,1.0,2,3,1,2.7,,Mon 8:15PM
195657463,NFL $1 3-Player (Mon-Thu),153109,Classic,1.0,2,3,1,2.7,,Mon 8:15PM
195665307,NFL $1 3-Player (Mon-Thu),153109,Classic,1.0,1,3,1,2.7,,Mon 8:15PM
195665308,NFL $1 3-Player (Mon-Thu),153109,Classic,1.0,1,3,1,2.7,,Mon 8:15PM
195665309,NFL $1 3-Player (Mon-Thu),153109,Classic,1.0,1,3,1,2.7,,Mon 8:15PM
195657973,NFL $109 200-Player (Top 10 Win) (Mon-Thu),153109,Classic,109.0,1,200,1,20000.0,,Mon 8:15PM
195652465,NFL $3 5-Player (Top 2 Win) (Mon-Thu),153109,Classic,3.0,4,5,1,13.5,,Mon 8:15PM
195666257,NFL Satellite to $20 NFL Fantasy Football Millionaire [Must Fill] (Mon-Thu),153109,Classic,7.4,0,3,1,20.0,,Mon 8:15PM
195645100,Beginner NFL $50 50-50 (Mon-Thu),153109,Classic,50.0,0,4,1,180.0,,Mon 8:15PM
195645105,Beginner NFL $50 3-Player (Mon-Thu),153109,Classic,50.0,0,3,1,135.0,,Mon 8:15PM
195645101,Beginner NFL $20 50-50 (Mon-Thu),153109,Classic,20.0,0,4,1,72.0,,Mon 8:15PM
195645106,Beginner NFL $20 3-Player (Mon-Thu),153109,Classic,20.0,0,3,1,54.0,,Mon 8:15PM
195645102,Beginner NFL $10 50-50 (Mon-Thu),153109,Classic,10.0,0,4,1,36.0,,Mon 8:15PM
195645107,Beginner NFL $10 3-Player (Mon-Thu),153109,Classic,10.0,0,3,1,27.0,,Mon 8:15PM
195645103,Beginner NFL $5 50-50 (Mon-Thu),153109,Classic,5.0,0,4,1,18.0,,Mon 8:15PM
195645108,Beginner NFL $5 3-Player (Mon-Thu),153109,Classic,5.0,0,3,1,13.5,,Mon 8:15PM
195652313,Beginner NFL $3 50-50 (Mon-Thu),153109,Classic,3.0,0,4,1,10.8,,Mon 8:15PM
195645109,Beginner NFL $2 3-Player (Mon-Thu),153109,Classic,2.0,0,3,1,5.4,,Mon 8:15PM
195650121,Beginner NFL $1 50-50 (Mon-Thu),153109,Classic,1.0,0,4,1,3.6,,Mon 8:15PM
195645110,Beginner NFL $1 3-Player (Mon-Thu),153109,Classic,1.0,0,3,1,2.7,,Mon 8:15PM
195645112,"NFL $10,600 3-Player (Mon-Thu)",153109,Classic,10600.0,0,3,1,30000.0,,Mon 8:15PM
195651535,"NFL $10,600 3-Player (Mon-Thu)",153109,Classic,10600.0,0,3,1,30000.0,,Mon 8:15PM
195645115,"NFL $5,300 50-50 (Mon-Thu)",153109,Classic,5300.0,0,4,1,20000.0,,Mon 8:15PM
195645116,"NFL $5,300 50-50 (Mon-Thu)",153109,Classic,5300.0,0,4,1,20000.0,,Mon 8:15PM
195645114,"NFL $5,300 3-Player (Mon-Thu)",153109,Classic,5300.0,0,3,1,15000.0,,Mon 8:15PM
195651536,"NFL $5,300 3-Player (Mon-Thu)",153109,Classic,5300.0,0,3,1,15000.0,,Mon 8:15PM
195645117,"NFL $1,060 50-50 (Mon-Thu)",153109,Classic,1060.0,0,4,1,4000.0,,Mon 8:15PM
195645118,"NFL $1,060 50-50 (Mon-Thu)",153109,Classic,1060.0,0,4,1,4000.0,,Mon 8:15PM
195651537,"NFL $1,060 3-Player (Mon-Thu)",153109,Classic,1060.0,0,3,1,3000.0,,Mon 8:15PM
195651538,"NFL $1,060 3-Player (Mon-Thu)",153109,Classic,1060.0,0,3,1,3000.0,,Mon 8:15PM
195645121,NFL $530 50-50 (Mon-Thu),153109,Classic,530.0,0,4,1,2000.0,,Mon 8:15PM
195645122,NFL $530 50-50 (Mon-Thu),153109,Classic,530.0,0,4,1,2000.0,,Mon 8:15PM
195651539,NFL $530 3-Player (Mon-Thu),153109,Classic,530.0,0,3,1,1500.0,,Mon 8:15PM
195651540,NFL $530 3-Player (Mon-Thu),153109,Classic,530.0,0,3,1,1500.0,,Mon 8:15PM
195645183,NFL $270 50-50 (Mon-Thu),153109,Classic,270.0,0,4,1,1000.0,,Mon 8:15PM
195645184,NFL $270 50-50 (Mon-Thu),153109,Classic,270.0,0,4,1,1000.0,,Mon 8:15PM
195651541,NFL $270 3-Player (Mon-Thu),153109,Classic,270.0,0,3,1,750.0,,Mon 8:15PM
195651542,NFL $270 3-Player (Mon-Thu),153109,Classic,270.0,0,3,1,750.0,,Mon 8:15PM
195645132,NFL $109 50-50 (Mon-Thu),153109,Classic,109.0,0,4,1,400.0,,Mon 8:15PM
195645133,NFL $109 50-50 (Mon-Thu),153109,Classic,109.0,0,4,1,400.0,,Mon 8:15PM
195651543,NFL $109 3-Player (Mon-Thu),153109,Classic,109.0,0,3,1,300.0,,Mon 8:15PM
195651544,NFL $109 3-Player (Mon-Thu),153109,Classic,109.0,0,3,1,300.0,,Mon 8:15PM
195651545,NFL $109 3-Player (Mon-Thu),153109,Classic,109.0,0,3,1,300.0,,Mon 8:15PM
195645145,NFL $50 50-50 (Mon-Thu),153109,Classic,50.0,0,8,1,360.0,,Mon 8:15PM
195645142,NFL $50 50-50 (Mon-Thu),153109,Classic,50.0,0,4,1,180.0,,Mon 8:15PM
195645176,NFL $50 Double Up (Mon-Thu),153109,Classic,50.0,0,22,1,1000.0,,Mon 8:15PM
195645175,NFL $50 Double Up (Mon-Thu),153109,Classic,50.0,0,11,1,500.0,,Mon 8:15PM
195651546,NFL $50 3-Player (Mon-Thu),153109,Classic,50.0,0,3,1,135.0,,Mon 8:15PM
195645174,NFL $25 Double Up (Mon-Thu),153109,Classic,25.0,0,22,1,500.0,,Mon 8:15PM
195651885,NFL $25 Double Up (Mon-Thu),153109,Classic,25.0,0,11,1,250.0,,Mon 8:15PM
195645162,NFL $20 50-50 (Mon-Thu),153109,Classic,20.0,0,10,1,180.0,,Mon 8:15PM
195645158,NFL $20 50-50 (Mon-Thu),153109,Classic,20.0,0,4,1,72.0,,Mon 8:15PM
195660785,NFL $20 5-Player (Mon-Thu),153109,Classic,20.0,0,5,1,90.0,,Mon 8:15PM
195651547,NFL $20 3-Player (Mon-Thu),153109,Classic,20.0,0,3,1,54.0,,Mon 8:15PM
195651548,NFL $20 3-Player (Mon-Thu),153109,Classic,20.0,0,3,1,54.0,,Mon 8:15PM
195645167,NFL $10 50-50 (Mon-Thu),153109,Classic,10.0,0,10,1,90.0,,Mon 8:15PM
195645166,NFL $10 50-50 (Mon-Thu),153109,Classic,10.0,0,4,1,36.0,,Mon 8:15PM
195645172,NFL $10 Double Up (Mon-Thu),153109,Classic,10.0,0,11,1,100.0,,Mon 8:15PM
195663944,NFL $10 Double Up (Mon-Thu),153109,Classic,10.0,0,11,1,100.0,,Mon 8:15PM
195645168,NFL $10 5-Player (Mon-Thu),153109,Classic,10.0,0,5,1,45.0,,Mon 8:15PM
195651549,NFL $10 3-Player (Mon-Thu),153109,Classic,10.0,0,3,1,27.0,,Mon 8:15PM
195651550,NFL $10 3-Player (Mon-Thu),153109,Classic,10.0,0,3,1,27.0,,Mon 8:15PM
195650551,NFL $5 50-50 (Mon-Thu),153109,Classic,5.0,0,10,1,45.0,,Mon 8:15PM
195645126,NFL $5 50-50 (Mon-Thu),153109,Classic,5.0,0,4,1,18.0,,Mon 8:15PM
195645127,NFL $5 50-50 (Mon-Thu),153109,Classic,5.0,0,4,1,18.0,,Mon 8:15PM
195645177,NFL $5 Double Up (Mon-Thu),153109,Classic,5.0,0,11,1,50.0,,Mon 8:15PM
195645178,NFL $5 Double Up (Mon-Thu),153109,Classic,5.0,0,11,1,50.0,,Mon 8:15PM
195652107,NFL $5 20-Player (Mon-Thu),153109,Classic,5.0,0,20,1,90.0,,Mon 8:15PM
195645131,NFL $5 10-Player (Mon-Thu),153109,Classic,5.0,0,10,1,45.0,,Mon 8:15PM
195645185,NFL $5 5-Player (Mon-Thu),153109,Classic,5.0,0,5,1,22.5,,Mon 8:15PM
195645186,NFL $5 5-Player (Mon-Thu),153109,Classic,5.0,0,5,1,22.5,,Mon 8:15PM
195651551,NFL $5 3-Player (Mon-Thu),153109,Classic,5.0,0,3,1,13.5,,Mon 8:15PM
195651552,NFL $5 3-Player (Mon-Thu),153109,Classic,5.0,0,3,1,13.5,,Mon 8:15PM
195666541,NFL $3 Double Up (Mon-Thu),153109,Classic,3.0,0,11,1,30.0,,Mon 8:15PM
195666542,NFL $3 Double Up (Mon-Thu),153109,Classic,3.0,0,11,1,30.0,,Mon 8:15PM
195666520,NFL $2 50-50 (Mon-Thu),153109,Classic,2.0,0,20,1,36.0,,Mon 8:15PM
195666521,NFL $2 50-50 (Mon-Thu),153109,Classic,2.0,0,10,1,18.0,,Mon 8:15PM
195666522,NFL $2 20-Player (Mon-Thu),153109,Classic,2.0,0,20,1,36.0,,Mon 8:15PM
195666523,NFL $2 10-Player (Mon-Thu),153109,Classic,2.0,0,10,1,18.0,,Mon 8:15PM
195666524,NFL $2 10-Player (Mon-Thu),153109,Classic,2.0,0,10,1,18.0,,Mon 8:15PM
195666525,NFL $2 5-Player (Mon-Thu),153109,Classic,2.0,0,5,1,9.0,,Mon 8:15PM
195666526,NFL $2 5-Player (Mon-Thu),153109,Classic,2.0,0,5,1,9.0,,Mon 8:15PM
195666527,NFL $2 3-Player (Mon-Thu),153109,Classic,2.0,0,3,1,5.4,,Mon 8:15PM
195666528,NFL $2 3-Player (Mon-Thu),153109,Classic,2.0,0,3,1,5.4,,Mon 8:15PM
195666529,NFL $1 50-50 (Mon-Thu),153109,Classic,1.0,0,20,1,18.0,,Mon 8:15PM
195666530,NFL $1 50-50 (Mon-Thu),153109,Classic,1.0,0,10,1,9.0,,Mon 8:15PM
195666531,NFL $1 50-50 (Mon-Thu),153109,Classic,1.0,0,10,1,9.0,,Mon 8:15PM
195666543,NFL $1 Double Up (Mon-Thu),153109,Classic,1.0,0,11,1,10.0,,Mon 8:15PM
195666544,NFL $1 Double Up (Mon-Thu),153109,Classic,1.0,0,11,1,10.0,,Mon 8:15PM
195666532,NFL $1 20-Player (Mon-Thu),153109,Classic,1.0,0,20,1,18.0,,Mon 8:15PM
195666533,NFL $1 10-Player (Mon-Thu),153109,Classic,1.0,0,10,1,9.0,,Mon 8:15PM
195666534,NFL $1 10-Player (Mon-Thu),153109,Classic,1.0,0,10,1,9.0,,Mon 8:15PM
195666535,NFL $1 5-Player (Mon-Thu),153109,Classic,1.0,0,5,1,4.5,,Mon 8:15PM
195666536,NFL $1 5-Player (Mon-Thu),153109,Classic,1.0,0,5,1,4.5,,Mon 8:15PM
195666537,NFL $1 5-Player (Mon-Thu),153109,Classic,1.0,0,5,1,4.5,,Mon 8:15PM
195666538,NFL $1 3-Player (Mon-Thu),153109,Classic,1.0,0,3,1,2.7,,Mon 8:15PM
195666539,NFL $1 3-Player (Mon-Thu),153109,Classic,1.0,0,3,1,2.7,,Mon 8:15PM
195666540,NFL $1 3-Player (Mon-Thu),153109,Classic,1.0,0,3,1,2.7,,Mon 8:15PM
195519884,Beginner NFL Single Stat $3 50-50 (DEN @ KC Total Yards),153108,Single Stat - Total Yards,3.0,2,4,1,10.8,,Mon 8:15PM
195519953,NFL Single Stat $25 Double Up (DEN @ KC Total Yards),153108,Single Stat - Total Yards,25.0,1,11,1,250.0,,Mon 8:15PM
195519946,NFL Single Stat $10 50-50 (DEN @ KC Total Yards),153108,Single Stat - Total Yards,10.0,2,4,1,36.0,,Mon 8:15PM
195519906,NFL Single Stat $5 50-50 (DEN @ KC Total Yards),153108,Single Stat - Total Yards,5.0,2,4,1,18.0,,Mon 8:15PM
195519907,NFL Single Stat $5 50-50 (DEN @ KC Total Yards),153108,Single Stat - Total Yards,5.0,3,4,1,18.0,,Mon 8:15PM
195519958,NFL Single Stat $5 Double Up (DEN @ KC Total Yards),153108,Single Stat - Total Yards,5.0,1,11,1,50.0,,Mon 8:15PM
195519959,NFL Single Stat $3 Double Up (DEN @ KC Total Yards),153108,Single Stat - Total Yards,3.0,1,11,1,30.0,,Mon 8:15PM
195519923,NFL Single Stat $2 5-Player (DEN @ KC Total Yards),153108,Single Stat - Total Yards,2.0,2,5,1,9.0,,Mon 8:15PM
195519926,NFL Single Stat $2 3-Player (DEN @ KC Total Yards),153108,Single Stat - Total Yards,2.0,1,3,1,5.4,,Mon 8:15PM
195519927,NFL Single Stat $2 3-Player (DEN @ KC Total Yards),153108,Single Stat - Total Yards,2.0,1,3,1,5.4,,Mon 8:15PM
195519928,NFL Single Stat $1 50-50 (DEN @ KC Total Yards),153108,Single Stat - Total Yards,1.0,8,20,1,18.0,,Mon 8:15PM
195519929,NFL Single Stat $1 50-50 (DEN @ KC Total Yards),153108,Single Stat - Total Yards,1.0,1,10,1,9.0,,Mon 8:15PM
195591813,NFL Single Stat $1 50-50 (DEN @ KC Total Yards),153108,Single Stat - Total Yards,1.0,1,10,1,9.0,,Mon 8:15PM
195519961,NFL Single Stat $1 Double Up (DEN @ KC Total Yards),153108,Single Stat - Total Yards,1.0,1,11,1,10.0,,Mon 8:15PM
195519962,NFL Single Stat $1 Double Up (DEN @ KC Total Yards),153108,Single Stat - Total Yards,1.0,1,11,1,10.0,,Mon 8:15PM
195652708,NFL Single Stat $1 Double Up (DEN @ KC Total Yards),153108,Single Stat - Total Yards,1.0,1,11,1,10.0,,Mon 8:15PM
195656711,NFL Single Stat $1 Double Up (DEN @ KC Total Yards),153108,Single Stat - Total Yards,1.0,1,11,1,10.0,,Mon 8:15PM
195519932,NFL Single Stat $1 20-Player (DEN @ KC Total Yards),153108,Single Stat - Total Yards,1.0,1,20,1,18.0,,Mon 8:15PM
195519935,NFL Single Stat $1 5-Player (DEN @ KC Total Yards),153108,Single Stat - Total Yards,1.0,2,5,1,4.5,,Mon 8:15PM
195519940,NFL Single Stat $1 3-Player (DEN @ KC Total Yards),153108,Single Stat - Total Yards,1.0,2,3,1,2.7,,Mon 8:15PM
195647521,NFL Single Stat $3 12-Player (Winner Takes All) (DEN @ KC Total Yards),153108,Single Stat - Total Yards,3.0,2,12,1,32.4,,Mon 8:15PM
195650550,NFL Single Stat Satellite to $20 NFL Fantasy Football Millionaire [Must Fill] (DEN @ KC Total Yards),153108,Single Stat - Total Yards,7.4,0,3,1,20.0,,Mon 8:15PM
195519880,Beginner NFL Single Stat $50 50-50 (DEN @ KC Total Yards),153108,Single Stat - Total Yards,50.0,0,4,1,180.0,,Mon 8:15PM
195519885,Beginner NFL Single Stat $50 3-Player (DEN @ KC Total Yards),153108,Single Stat - Total Yards,50.0,0,3,1,135.0,,Mon 8:15PM
195519881,Beginner NFL Single Stat $20 50-50 (DEN @ KC Total Yards),153108,Single Stat - Total Yards,20.0,0,4,1,72.0,,Mon 8:15PM
195519886,Beginner NFL Single Stat $20 3-Player (DEN @ KC Total Yards),153108,Single Stat - Total Yards,20.0,0,3,1,54.0,,Mon 8:15PM
195519882,Beginner NFL Single Stat $10 50-50 (DEN @ KC Total Yards),153108,Single Stat - Total Yards,10.0,0,4,1,36.0,,Mon 8:15PM
195519887,Beginner NFL Single Stat $10 3-Player (DEN @ KC Total Yards),153108,Single Stat - Total Yards,10.0,0,3,1,27.0,,Mon 8:15PM
195519883,Beginner NFL Single Stat $5 50-50 (DEN @ KC Total Yards),153108,Single Stat - Total Yards,5.0,0,4,1,18.0,,Mon 8:15PM
195519888,Beginner NFL Single Stat $5 3-Player (DEN @ KC Total Yards),153108,Single Stat - Total Yards,5.0,0,3,1,13.5,,Mon 8:15PM
195651102,Beginner NFL Single Stat $3 50-50 (DEN @ KC Total Yards),153108,Single Stat - Total Yards,3.0,0,4,1,10.8,,Mon 8:15PM
195519889,Beginner NFL Single Stat $2 3-Player (DEN @ KC Total Yards),153108,Single Stat - Total Yards,2.0,0,3,1,5.4,,Mon 8:15PM
195519969,Beginner NFL Single Stat $1 50-50 (DEN @ KC Total Yards),153108,Single Stat - Total Yards,1.0,0,4,1,3.6,,Mon 8:15PM
195519890,Beginner NFL Single Stat $1 3-Player (DEN @ KC Total Yards),153108,Single Stat - Total Yards,1.0,0,3,1,2.7,,Mon 8:15PM
195519891,"NFL Single Stat $10,600 3-Player (DEN @ KC Total Yards)",153108,Single Stat - Total Yards,10600.0,0,3,1,30000.0,,Mon 8:15PM
195519892,"NFL Single Stat $10,600 3-Player (DEN @ KC Total Yards)",153108,Single Stat - Total Yards,10600.0,0,3,1,30000.0,,Mon 8:15PM
195519895,"NFL Single Stat $5,300 50-50 (DEN @ KC Total Yards)",153108,Single Stat - Total Yards,5300.0,0,4,1,20000.0,,Mon 8:15PM
195519896,"NFL Single Stat $5,300 50-50 (DEN @ KC Total Yards)",153108,Single Stat - Total Yards,5300.0,0,4,1,20000.0,,Mon 8:15PM
195519893,"NFL Single Stat $5,300 3-Player (DEN @ KC Total Yards)",153108,Single Stat - Total Yards,5300.0,0,3,1,15000.0,,Mon 8:15PM
195519894,"NFL Single Stat $5,300 3-Player (DEN @ KC Total Yards)",153108,Single Stat - Total Yards,5300.0,0,3,1,15000.0,,Mon 8:15PM
195519897,"NFL Single Stat $1,060 50-50 (DEN @ KC Total Yards)",153108,Single Stat - Total Yards,1060.0,0,4,1,4000.0,,Mon 8:15PM
195519898,"NFL Single Stat $1,060 50-50 (DEN @ KC Total Yards)",153108,Single Stat - Total Yards,1060.0,0,4,1,4000.0,,Mon 8:15PM
195519899,"NFL Single Stat $1,060 3-Player (DEN @ KC Total Yards)",153108,Single Stat - Total Yards,1060.0,0,3,1,3000.0,,Mon 8:15PM
195519900,"NFL Single Stat $1,060 3-Player (DEN @ KC Total Yards)",153108,Single Stat - Total Yards,1060.0,0,3,1,3000.0,,Mon 8:15PM
195519901,NFL Single Stat $530 50-50 (DEN @ KC Total Yards),153108,Single Stat - Total Yards,530.0,0,4,1,2000.0,,Mon 8:15PM
195519902,NFL Single Stat $530 50-50 (DEN @ KC Total Yards),153108,Single Stat - Total Yards,530.0,0,4,1,2000.0,,Mon 8:15PM
195519903,NFL Single Stat $530 3-Player (DEN @ KC Total Yards),153108,Single Stat - Total Yards,530.0,0,3,1,1500.0,,Mon 8:15PM
195519904,NFL Single Stat $530 3-Player (DEN @ KC Total Yards),153108,Single Stat - Total Yards,530.0,0,3,1,1500.0,,Mon 8:15PM
195519963,NFL Single Stat $270 50-50 (DEN @ KC Total Yards),153108,Single Stat - Total Yards,270.0,0,4,1,1000.0,,Mon 8:15PM
195519964,NFL Single Stat $270 50-50 (DEN @ KC Total Yards),153108,Single Stat - Total Yards,270.0,0,4,1,1000.0,,Mon 8:15PM
195519909,NFL Single Stat $270 3-Player (DEN @ KC Total Yards),153108,Single Stat - Total Yards,270.0,0,3,1,750.0,,Mon 8:15PM
195519910,NFL Single Stat $270 3-Player (DEN @ KC Total Yards),153108,Single Stat - Total Yards,270.0,0,3,1,750.0,,Mon 8:15PM
195519912,NFL Single Stat $109 50-50 (DEN @ KC Total Yards),153108,Single Stat - Total Yards,109.0,0,4,1,400.0,,Mon 8:15PM
195519913,NFL Single Stat $109 50-50 (DEN @ KC Total Yards),153108,Single Stat - Total Yards,109.0,0,4,1,400.0,,Mon 8:15PM
195519916,NFL Single Stat $109 3-Player (DEN @ KC Total Yards),153108,Single Stat - Total Yards,109.0,0,3,1,300.0,,Mon 8:15PM
195519917,NFL Single Stat $109 3-Player (DEN @ KC Total Yards),153108,Single Stat - Total Yards,109.0,0,3,1,300.0,,Mon 8:15PM
195519918,NFL Single Stat $109 3-Player (DEN @ KC Total Yards),153108,Single Stat - Total Yards,109.0,0,3,1,300.0,,Mon 8:15PM
195519925,NFL Single Stat $50 50-50 (DEN @ KC Total Yards),153108,Single Stat - Total Yards,50.0,0,8,1,360.0,,Mon 8:15PM
195519922,NFL Single Stat $50 50-50 (DEN @ KC Total Yards),153108,Single Stat - Total Yards,50.0,0,4,1,180.0,,Mon 8:15PM
195519956,NFL Single Stat $50 Double Up (DEN @ KC Total Yards),153108,Single Stat - Total Yards,50.0,0,22,1,1000.0,,Mon 8:15PM
195519955,NFL Single Stat $50 Double Up (DEN @ KC Total Yards),153108,Single Stat - Total Yards,50.0,0,11,1,500.0,,Mon 8:15PM
195519931,NFL Single Stat $50 3-Player (DEN @ KC Total Yards),153108,Single Stat - Total Yards,50.0,0,3,1,135.0,,Mon 8:15PM
195519954,NFL Single Stat $25 Double Up (DEN @ KC Total Yards),153108,Single Stat - Total Yards,25.0,0,22,1,500.0,,Mon 8:15PM
195665400,NFL Single Stat $25 Double Up (DEN @ KC Total Yards),153108,Single Stat - Total Yards,25.0,0,11,1,250.0,,Mon 8:15PM
195519942,NFL Single Stat $20 50-50 (DEN @ KC Total Yards),153108,Single Stat - Total Yards,20.0,0,10,1,180.0,,Mon 8:15PM
195519938,NFL Single Stat $20 50-50 (DEN @ KC Total Yards),153108,Single Stat - Total Yards,20.0,0,4,1,72.0,,Mon 8:15PM
195519943,NFL Single Stat $20 5-Player (DEN @ KC Total Yards),153108,Single Stat - Total Yards,20.0,0,5,1,90.0,,Mon 8:15PM
195519944,NFL Single Stat $20 3-Player (DEN @ KC Total Yards),153108,Single Stat - Total Yards,20.0,0,3,1,54.0,,Mon 8:15PM
195519945,NFL Single Stat $20 3-Player (DEN @ KC Total Yards),153108,Single Stat - Total Yards,20.0,0,3,1,54.0,,Mon 8:15PM
195519947,NFL Single Stat $10 50-50 (DEN @ KC Total Yards),153108,Single Stat - Total Yards,10.0,0,10,1,90.0,,Mon 8:15PM
195656467,NFL Single Stat $10 50-50 (DEN @ KC Total Yards),153108,Single Stat - Total Yards,10.0,0,4,1,36.0,,Mon 8:15PM
195519951,NFL Single Stat $10 Double Up (DEN @ KC Total Yards),153108,Single Stat - Total Yards,10.0,0,11,1,100.0,,Mon 8:15PM
195519952,NFL Single Stat $10 Double Up (DEN @ KC Total Yards),153108,Single Stat - Total Yards,10.0,0,11,1,100.0,,Mon 8:15PM
195519948,NFL Single Stat $10 5-Player (DEN @ KC Total Yards),153108,Single Stat - Total Yards,10.0,0,5,1,45.0,,Mon 8:15PM
195519949,NFL Single Stat $10 3-Player (DEN @ KC Total Yards),153108,Single Stat - Total Yards,10.0,0,3,1,27.0,,Mon 8:15PM
195519950,NFL Single Stat $10 3-Player (DEN @ KC Total Yards),153108,Single Stat - Total Yards,10.0,0,3,1,27.0,,Mon 8:15PM
195519905,NFL Single Stat $5 50-50 (DEN @ KC Total Yards),153108,Single Stat - Total Yards,5.0,0,10,1,45.0,,Mon 8:15PM
195657399,NFL Single Stat $5 50-50 (DEN @ KC Total Yards),153108,Single Stat - Total Yards,5.0,0,4,1,18.0,,Mon 8:15PM
195657417,NFL Single Stat $5 50-50 (DEN @ KC Total Yards),153108,Single Stat - Total Yards,5.0,0,4,1,18.0,,Mon 8:15PM
195519957,NFL Single Stat $5 Double Up (DEN @ KC Total Yards),153108,Single Stat - Total Yards,5.0,0,11,1,50.0,,Mon 8:15PM
195526808,NFL Single Stat $5 Double Up (DEN @ KC Total Yards),153108,Single Stat - Total Yards,5.0,0,11,1,50.0,,Mon 8:15PM
195519908,NFL Single Stat $5 20-Player (DEN @ KC Total Yards),153108,Single Stat - Total Yards,5.0,0,20,1,90.0,,Mon 8:15PM
195519911,NFL Single Stat $5 10-Player (DEN @ KC Total Yards),153108,Single Stat - Total Yards,5.0,0,10,1,45.0,,Mon 8:15PM
195519965,NFL Single Stat $5 5-Player (DEN @ KC Total Yards),153108,Single Stat - Total Yards,5.0,0,5,1,22.5,,Mon 8:15PM
195519966,NFL Single Stat $5 5-Player (DEN @ KC Total Yards),153108,Single Stat - Total Yards,5.0,0,5,1,22.5,,Mon 8:15PM
195519967,NFL Single Stat $5 3-Player (DEN @ KC Total Yards),153108,Single Stat - Total Yards,5.0,0,3,1,13.5,,Mon 8:15PM
195519968,NFL Single Stat $5 3-Player (DEN @ KC Total Yards),153108,Single Stat - Total Yards,5.0,0,3,1,13.5,,Mon 8:15PM
195519960,NFL Single Stat $3 Double Up (DEN @ KC Total Yards),153108,Single Stat - Total Yards,3.0,0,11,1,30.0,,Mon 8:15PM
195651731,NFL Single Stat $3 Double Up (DEN @ KC Total Yards),153108,Single Stat - Total Yards,3.0,0,11,1,30.0,,Mon 8:15PM
195519914,NFL Single Stat $2 50-50 (DEN @ KC Total Yards),153108,Single Stat - Total Yards,2.0,0,20,1,36.0,,Mon 8:15PM
195519915,NFL Single Stat $2 50-50 (DEN @ KC Total Yards),153108,Single Stat - Total Yards,2.0,0,10,1,18.0,,Mon 8:15PM
195519919,NFL Single Stat $2 20-Player (DEN @ KC Total Yards),153108,Single Stat - Total Yards,2.0,0,20,1,36.0,,Mon 8:15PM
195659318,NFL Single Stat $2 20-Player (DEN @ KC Total Yards),153108,Single Stat - Total Yards,2.0,0,20,1,36.0,,Mon 8:15PM
195519920,NFL Single Stat $2 10-Player (DEN @ KC Total Yards),153108,Single Stat - Total Yards,2.0,0,10,1,18.0,,Mon 8:15PM
195519921,NFL Single Stat $2 10-Player (DEN @ KC Total Yards),153108,Single Stat - Total Yards,2.0,0,10,1,18.0,,Mon 8:15PM
195573502,NFL Single Stat $2 10-Player (DEN @ KC Total Yards),153108,Single Stat - Total Yards,2.0,0,10,1,18.0,,Mon 8:15PM
195519924,NFL Single Stat $2 5-Player (DEN @ KC Total Yards),153108,Single Stat - Total Yards,2.0,0,5,1,9.0,,Mon 8:15PM
195653868,NFL Single Stat $2 5-Player (DEN @ KC Total Yards),153108,Single Stat - Total Yards,2.0,0,5,1,9.0,,Mon 8:15PM
195657188,NFL Single Stat $2 3-Player (DEN @ KC Total Yards),153108,Single Stat - Total Yards,2.0,0,3,1,5.4,,Mon 8:15PM
195662902,NFL Single Stat $2 3-Player (DEN @ KC Total Yards),153108,Single Stat - Total Yards,2.0,0,3,1,5.4,,Mon 8:15PM
195555231,NFL Single Stat $1 50-50 (DEN @ KC Total Yards),153108,Single Stat - Total Yards,1.0,0,20,1,18.0,,Mon 8:15PM
195519930,NFL Single Stat $1 50-50 (DEN @ KC Total Yards),153108,Single Stat - Total Yards,1.0,0,10,1,9.0,,Mon 8:15PM
195656735,NFL Single Stat $1 50-50 (DEN @ KC Total Yards),153108,Single Stat - Total Yards,1.0,0,10,1,9.0,,Mon 8:15PM
195656733,NFL Single Stat $1 Double Up (DEN @ KC Total Yards),153108,Single Stat - Total Yards,1.0,0,11,1,10.0,,Mon 8:15PM
195656734,NFL Single Stat $1 Double Up (DEN @ KC Total Yards),153108,Single Stat - Total Yards,1.0,0,11,1,10.0,,Mon 8:15PM
195591720,NFL Single Stat $1 20-Player (DEN @ KC Total Yards),153108,Single Stat - Total Yards,1.0,0,20,1,18.0,,Mon 8:15PM
195519933,NFL Single Stat $1 10-Player (DEN @ KC Total Yards),153108,Single Stat - Total Yards,1.0,0,10,1,9.0,,Mon 8:15PM
195519934,NFL Single Stat $1 10-Player (DEN @ KC Total Yards),153108,Single Stat - Total Yards,1.0,0,10,1,9.0,,Mon 8:15PM
195519936,NFL Single Stat $1 5-Player (DEN @ KC Total Yards),153108,Single Stat - Total Yards,1.0,0,5,1,4.5,,Mon 8:15PM
195519937,NFL Single Stat $1 5-Player (DEN @ KC Total Yards),153108,Single Stat - Total Yards,1.0,0,5,1,4.5,,Mon 8:15PM
195653393,NFL Single Stat $1 5-Player (DEN @ KC Total Yards),153108,Single Stat - Total Yards,1.0,0,5,1,4.5,,Mon 8:15PM
195524148,NFL Single Stat $1 3-Player (DEN @ KC Total Yards),153108,Single Stat - Total Yards,1.0,0,3,1,2.7,,Mon 8:15PM
195652824,NFL Single Stat $1 3-Player (DEN @ KC Total Yards),153108,Single Stat - Total Yards,1.0,0,3,1,2.7,,Mon 8:15PM
195665697,NFL Single Stat $1 3-Player (DEN @ KC Total Yards),153108,Single Stat - Total Yards,1.0,0,3,1,2.7,,Mon 8:15PM
195542416,NFL In-Game $50 50-50 (2H DEN @ KC),153093,In-Game Showdown (H2),50.0,1,8,1,360.0,,Mon 9:15PM
195542449,NFL In-Game $5 Double Up (2H DEN @ KC),153093,In-Game Showdown (H2),5.0,2,11,1,50.0,,Mon 9:15PM
195542450,NFL In-Game $3 Double Up (2H DEN @ KC),153093,In-Game Showdown (H2),3.0,2,11,1,30.0,,Mon 9:15PM
195542451,NFL In-Game $3 Double Up (2H DEN @ KC),153093,In-Game Showdown (H2),3.0,1,11,1,30.0,,Mon 9:15PM
195542405,NFL In-Game $2 50-50 (2H DEN @ KC),153093,In-Game Showdown (H2),2.0,1,20,1,36.0,,Mon 9:15PM
195542406,NFL In-Game $2 50-50 (2H DEN @ KC),153093,In-Game Showdown (H2),2.0,1,10,1,18.0,,Mon 9:15PM
195542412,NFL In-Game $2 10-Player (2H DEN @ KC),153093,In-Game Showdown (H2),2.0,1,10,1,18.0,,Mon 9:15PM
195542414,NFL In-Game $2 5-Player (2H DEN @ KC),153093,In-Game Showdown (H2),2.0,1,5,1,9.0,,Mon 9:15PM
195542415,NFL In-Game $2 5-Player (2H DEN @ KC),153093,In-Game Showdown (H2),2.0,1,5,1,9.0,,Mon 9:15PM
195542420,NFL In-Game $1 50-50 (2H DEN @ KC),153093,In-Game Showdown (H2),1.0,1,10,1,9.0,,Mon 9:15PM
195542452,NFL In-Game $1 Double Up (2H DEN @ KC),153093,In-Game Showdown (H2),1.0,1,11,1,10.0,,Mon 9:15PM
195542466,NFL In-Game Satellite to $20 NFL Fantasy Football Millionaire [Must Fill] (2H DEN @ KC),153093,In-Game Showdown (H2),7.4,0,3,1,20.0,,Mon 9:15PM
195542371,Beginner NFL In-Game $50 50-50 (2H DEN @ KC),153093,In-Game Showdown (H2),50.0,0,4,1,180.0,,Mon 9:15PM
195542376,Beginner NFL In-Game $50 3-Player (2H DEN @ KC),153093,In-Game Showdown (H2),50.0,0,3,1,135.0,,Mon 9:15PM
195542372,Beginner NFL In-Game $20 50-50 (2H DEN @ KC),153093,In-Game Showdown (H2),20.0,0,4,1,72.0,,Mon 9:15PM
195542377,Beginner NFL In-Game $20 3-Player (2H DEN @ KC),153093,In-Game Showdown (H2),20.0,0,3,1,54.0,,Mon 9:15PM
195542373,Beginner NFL In-Game $10 50-50 (2H DEN @ KC),153093,In-Game Showdown (H2),10.0,0,4,1,36.0,,Mon 9:15PM
195542378,Beginner NFL In-Game $10 3-Player (2H DEN @ KC),153093,In-Game Showdown (H2),10.0,0,3,1,27.0,,Mon 9:15PM
195542374,Beginner NFL In-Game $5 50-50 (2H DEN @ KC),153093,In-Game Showdown (H2),5.0,0,4,1,18.0,,Mon 9:15PM
195542379,Beginner NFL In-Game $5 3-Player (2H DEN @ KC),153093,In-Game Showdown (H2),5.0,0,3,1,13.5,,Mon 9:15PM
195542375,Beginner NFL In-Game $3 50-50 (2H DEN @ KC),153093,In-Game Showdown (H2),3.0,0,4,1,10.8,,Mon 9:15PM
195542380,Beginner NFL In-Game $2 3-Player (2H DEN @ KC),153093,In-Game Showdown (H2),2.0,0,3,1,5.4,,Mon 9:15PM
195542460,Beginner NFL In-Game $1 50-50 (2H DEN @ KC),153093,In-Game Showdown (H2),1.0,0,4,1,3.6,,Mon 9:15PM
195542381,Beginner NFL In-Game $1 3-Player (2H DEN @ KC),153093,In-Game Showdown (H2),1.0,0,3,1,2.7,,Mon 9:15PM
195542382,"NFL In-Game $10,600 3-Player (2H DEN @ KC)",153093,In-Game Showdown (H2),10600.0,0,3,1,30000.0,,Mon 9:15PM
195542383,"NFL In-Game $10,600 3-Player (2H DEN @ KC)",153093,In-Game Showdown (H2),10600.0,0,3,1,30000.0,,Mon 9:15PM
195542386,"NFL In-Game $5,300 50-50 (2H DEN @ KC)",153093,In-Game Showdown (H2),5300.0,0,4,1,20000.0,,Mon 9:15PM
195542387,"NFL In-Game $5,300 50-50 (2H DEN @ KC)",153093,In-Game Showdown (H2),5300.0,0,4,1,20000.0,,Mon 9:15PM
195542384,"NFL In-Game $5,300 3-Player (2H DEN @ KC)",153093,In-Game Showdown (H2),5300.0,0,3,1,15000.0,,Mon 9:15PM
195542385,"NFL In-Game $5,300 3-Player (2H DEN @ KC)",153093,In-Game Showdown (H2),5300.0,0,3,1,15000.0,,Mon 9:15PM
195542388,"NFL In-Game $1,060 50-50 (2H DEN @ KC)",153093,In-Game Showdown (H2),1060.0,0,4,1,4000.0,,Mon 9:15PM
195542389,"NFL In-Game $1,060 50-50 (2H DEN @ KC)",153093,In-Game Showdown (H2),1060.0,0,4,1,4000.0,,Mon 9:15PM
195542390,"NFL In-Game $1,060 3-Player (2H DEN @ KC)",153093,In-Game Showdown (H2),1060.0,0,3,1,3000.0,,Mon 9:15PM
195542391,"NFL In-Game $1,060 3-Player (2H DEN @ KC)",153093,In-Game Showdown (H2),1060.0,0,3,1,3000.0,,Mon 9:15PM
195542392,NFL In-Game $530 50-50 (2H DEN @ KC),153093,In-Game Showdown (H2),530.0,0,4,1,2000.0,,Mon 9:15PM
195542393,NFL In-Game $530 50-50 (2H DEN @ KC),153093,In-Game Showdown (H2),530.0,0,4,1,2000.0,,Mon 9:15PM
195542394,NFL In-Game $530 3-Player (2H DEN @ KC),153093,In-Game Showdown (H2),530.0,0,3,1,1500.0,,Mon 9:15PM
195542395,NFL In-Game $530 3-Player (2H DEN @ KC),153093,In-Game Showdown (H2),530.0,0,3,1,1500.0,,Mon 9:15PM
195542454,NFL In-Game $270 50-50 (2H DEN @ KC),153093,In-Game Showdown (H2),270.0,0,4,1,1000.0,,Mon 9:15PM
195542455,NFL In-Game $270 50-50 (2H DEN @ KC),153093,In-Game Showdown (H2),270.0,0,4,1,1000.0,,Mon 9:15PM
195542400,NFL In-Game $270 3-Player (2H DEN @ KC),153093,In-Game Showdown (H2),270.0,0,3,1,750.0,,Mon 9:15PM
195542401,NFL In-Game $270 3-Player (2H DEN @ KC),153093,In-Game Showdown (H2),270.0,0,3,1,750.0,,Mon 9:15PM
195542403,NFL In-Game $109 50-50 (2H DEN @ KC),153093,In-Game Showdown (H2),109.0,0,4,1,400.0,,Mon 9:15PM
195542404,NFL In-Game $109 50-50 (2H DEN @ KC),153093,In-Game Showdown (H2),109.0,0,4,1,400.0,,Mon 9:15PM
195542407,NFL In-Game $109 3-Player (2H DEN @ KC),153093,In-Game Showdown (H2),109.0,0,3,1,300.0,,Mon 9:15PM
195542408,NFL In-Game $109 3-Player (2H DEN @ KC),153093,In-Game Showdown (H2),109.0,0,3,1,300.0,,Mon 9:15PM
195542409,NFL In-Game $109 3-Player (2H DEN @ KC),153093,In-Game Showdown (H2),109.0,0,3,1,300.0,,Mon 9:15PM
195658441,NFL In-Game $50 50-50 (2H DEN @ KC),153093,In-Game Showdown (H2),50.0,0,8,1,360.0,,Mon 9:15PM
195542413,NFL In-Game $50 50-50 (2H DEN @ KC),153093,In-Game Showdown (H2),50.0,0,4,1,180.0,,Mon 9:15PM
195542447,NFL In-Game $50 Double Up (2H DEN @ KC),153093,In-Game Showdown (H2),50.0,0,22,1,1000.0,,Mon 9:15PM
195542446,NFL In-Game $50 Double Up (2H DEN @ KC),153093,In-Game Showdown (H2),50.0,0,11,1,500.0,,Mon 9:15PM
195542422,NFL In-Game $50 3-Player (2H DEN @ KC),153093,In-Game Showdown (H2),50.0,0,3,1,135.0,,Mon 9:15PM
195542445,NFL In-Game $25 Double Up (2H DEN @ KC),153093,In-Game Showdown (H2),25.0,0,22,1,500.0,,Mon 9:15PM
195542444,NFL In-Game $25 Double Up (2H DEN @ KC),153093,In-Game Showdown (H2),25.0,0,11,1,250.0,,Mon 9:15PM
195542433,NFL In-Game $20 50-50 (2H DEN @ KC),153093,In-Game Showdown (H2),20.0,0,10,1,180.0,,Mon 9:15PM
195542429,NFL In-Game $20 50-50 (2H DEN @ KC),153093,In-Game Showdown (H2),20.0,0,4,1,72.0,,Mon 9:15PM
195542434,NFL In-Game $20 5-Player (2H DEN @ KC),153093,In-Game Showdown (H2),20.0,0,5,1,90.0,,Mon 9:15PM
195542435,NFL In-Game $20 3-Player (2H DEN @ KC),153093,In-Game Showdown (H2),20.0,0,3,1,54.0,,Mon 9:15PM
195542436,NFL In-Game $20 3-Player (2H DEN @ KC),153093,In-Game Showdown (H2),20.0,0,3,1,54.0,,Mon 9:15PM
195542438,NFL In-Game $10 50-50 (2H DEN @ KC),153093,In-Game Showdown (H2),10.0,0,10,1,90.0,,Mon 9:15PM
195542437,NFL In-Game $10 50-50 (2H DEN @ KC),153093,In-Game Showdown (H2),10.0,0,4,1,36.0,,Mon 9:15PM
195542442,NFL In-Game $10 Double Up (2H DEN @ KC),153093,In-Game Showdown (H2),10.0,0,11,1,100.0,,Mon 9:15PM
195542443,NFL In-Game $10 Double Up (2H DEN @ KC),153093,In-Game Showdown (H2),10.0,0,11,1,100.0,,Mon 9:15PM
195542439,NFL In-Game $10 5-Player (2H DEN @ KC),153093,In-Game Showdown (H2),10.0,0,5,1,45.0,,Mon 9:15PM
195542440,NFL In-Game $10 3-Player (2H DEN @ KC),153093,In-Game Showdown (H2),10.0,0,3,1,27.0,,Mon 9:15PM
195542441,NFL In-Game $10 3-Player (2H DEN @ KC),153093,In-Game Showdown (H2),10.0,0,3,1,27.0,,Mon 9:15PM
195542396,NFL In-Game $5 50-50 (2H DEN @ KC),153093,In-Game Showdown (H2),5.0,0,10,1,45.0,,Mon 9:15PM
195542397,NFL In-Game $5 50-50 (2H DEN @ KC),153093,In-Game Showdown (H2),5.0,0,4,1,18.0,,Mon 9:15PM
195542398,NFL In-Game $5 50-50 (2H DEN @ KC),153093,In-Game Showdown (H2),5.0,0,4,1,18.0,,Mon 9:15PM
195542448,NFL In-Game $5 Double Up (2H DEN @ KC),153093,In-Game Showdown (H2),5.0,0,11,1,50.0,,Mon 9:15PM
195658383,NFL In-Game $5 Double Up (2H DEN @ KC),153093,In-Game Showdown (H2),5.0,0,11,1,50.0,,Mon 9:15PM
195542399,NFL In-Game $5 20-Player (2H DEN @ KC),153093,In-Game Showdown (H2),5.0,0,20,1,90.0,,Mon 9:15PM
195542402,NFL In-Game $5 10-Player (2H DEN @ KC),153093,In-Game Showdown (H2),5.0,0,10,1,45.0,,Mon 9:15PM
195542456,NFL In-Game $5 5-Player (2H DEN @ KC),153093,In-Game Showdown (H2),5.0,0,5,1,22.5,,Mon 9:15PM
195542457,NFL In-Game $5 5-Player (2H DEN @ KC),153093,In-Game Showdown (H2),5.0,0,5,1,22.5,,Mon 9:15PM
195542458,NFL In-Game $5 3-Player (2H DEN @ KC),153093,In-Game Showdown (H2),5.0,0,3,1,13.5,,Mon 9:15PM
195542459,NFL In-Game $5 3-Player (2H DEN @ KC),153093,In-Game Showdown (H2),5.0,0,3,1,13.5,,Mon 9:15PM
195664132,NFL In-Game $3 Double Up (2H DEN @ KC),153093,In-Game Showdown (H2),3.0,0,11,1,30.0,,Mon 9:15PM
195664133,NFL In-Game $3 Double Up (2H DEN @ KC),153093,In-Game Showdown (H2),3.0,0,11,1,30.0,,Mon 9:15PM
195664135,NFL In-Game $2 50-50 (2H DEN @ KC),153093,In-Game Showdown (H2),2.0,0,20,1,36.0,,Mon 9:15PM
195664136,NFL In-Game $2 50-50 (2H DEN @ KC),153093,In-Game Showdown (H2),2.0,0,10,1,18.0,,Mon 9:15PM
195542410,NFL In-Game $2 20-Player (2H DEN @ KC),153093,In-Game Showdown (H2),2.0,0,20,1,36.0,,Mon 9:15PM
195542411,NFL In-Game $2 10-Player (2H DEN @ KC),153093,In-Game Showdown (H2),2.0,0,10,1,18.0,,Mon 9:15PM
195664139,NFL In-Game $2 10-Player (2H DEN @ KC),153093,In-Game Showdown (H2),2.0,0,10,1,18.0,,Mon 9:15PM
195664140,NFL In-Game $2 5-Player (2H DEN @ KC),153093,In-Game Showdown (H2),2.0,0,5,1,9.0,,Mon 9:15PM
195664141,NFL In-Game $2 5-Player (2H DEN @ KC),153093,In-Game Showdown (H2),2.0,0,5,1,9.0,,Mon 9:15PM
195542417,NFL In-Game $2 3-Player (2H DEN @ KC),153093,In-Game Showdown (H2),2.0,0,3,1,5.4,,Mon 9:15PM
195542418,NFL In-Game $2 3-Player (2H DEN @ KC),153093,In-Game Showdown (H2),2.0,0,3,1,5.4,,Mon 9:15PM
195542419,NFL In-Game $1 50-50 (2H DEN @ KC),153093,In-Game Showdown (H2),1.0,0,20,1,18.0,,Mon 9:15PM
195542421,NFL In-Game $1 50-50 (2H DEN @ KC),153093,In-Game Showdown (H2),1.0,0,10,1,9.0,,Mon 9:15PM
195661139,NFL In-Game $1 50-50 (2H DEN @ KC),153093,In-Game Showdown (H2),1.0,0,10,1,9.0,,Mon 9:15PM
195542453,NFL In-Game $1 Double Up (2H DEN @ KC),153093,In-Game Showdown (H2),1.0,0,11,1,10.0,,Mon 9:15PM
195660692,NFL In-Game $1 Double Up (2H DEN @ KC),153093,In-Game Showdown (H2),1.0,0,11,1,10.0,,Mon 9:15PM
195542423,NFL In-Game $1 20-Player (2H DEN @ KC),153093,In-Game Showdown (H2),1.0,0,20,1,18.0,,Mon 9:15PM
195542424,NFL In-Game $1 10-Player (2H DEN @ KC),153093,In-Game Showdown (H2),1.0,0,10,1,9.0,,Mon 9:15PM
195542425,NFL In-Game $1 10-Player (2H DEN @ KC),153093,In-Game Showdown (H2),1.0,0,10,1,9.0,,Mon 9:15PM
195542426,NFL In-Game $1 5-Player (2H DEN @ KC),153093,In-Game Showdown (H2),1.0,0,5,1,4.5,,Mon 9:15PM
195542427,NFL In-Game $1 5-Player (2H DEN @ KC),153093,In-Game Showdown (H2),1.0,0,5,1,4.5,,Mon 9:15PM
195542428,NFL In-Game $1 5-Player (2H DEN @ KC),153093,In-Game Showdown (H2),1.0,0,5,1,4.5,,Mon 9:15PM
195542430,NFL In-Game $1 3-Player (2H DEN @ KC),153093,In-Game Showdown (H2),1.0,0,3,1,2.7,,Mon 9:15PM
195542431,NFL In-Game $1 3-Player (2H DEN @ KC),153093,In-Game Showdown (H2),1.0,0,3,1,2.7,,Mon 9:15PM
195542432,NFL In-Game $1 3-Player (2H DEN @ KC),153093,In-Game Showdown (H2),1.0,0,3,1,2.7,,Mon 9:15PM
195542562,NFL In-Game Satellite to $20 NFL Fantasy Football Millionaire [Must Fill] (4Q DEN @ KC),153094,In-Game Showdown (Q4),7.4,1,3,1,20.0,,Mon 9:45PM
195542493,NFL In-Game $5 50-50 (4Q DEN @ KC),153094,In-Game Showdown (Q4),5.0,1,4,1,18.0,,Mon 9:45PM
195542494,NFL In-Game $5 50-50 (4Q DEN @ KC),153094,In-Game Showdown (Q4),5.0,1,4,1,18.0,,Mon 9:45PM
195542544,NFL In-Game $5 Double Up (4Q DEN @ KC),153094,In-Game Showdown (Q4),5.0,1,11,1,50.0,,Mon 9:45PM
195542545,NFL In-Game $5 Double Up (4Q DEN @ KC),153094,In-Game Showdown (Q4),5.0,1,11,1,50.0,,Mon 9:45PM
195542546,NFL In-Game $3 Double Up (4Q DEN @ KC),153094,In-Game Showdown (Q4),3.0,1,11,1,30.0,,Mon 9:45PM
195542528,NFL In-Game $1 3-Player (4Q DEN @ KC),153094,In-Game Showdown (Q4),1.0,1,3,1,2.7,,Mon 9:45PM
195542467,Beginner NFL In-Game $50 50-50 (4Q DEN @ KC),153094,In-Game Showdown (Q4),50.0,0,4,1,180.0,,Mon 9:45PM
195542472,Beginner NFL In-Game $50 3-Player (4Q DEN @ KC),153094,In-Game Showdown (Q4),50.0,0,3,1,135.0,,Mon 9:45PM
195542468,Beginner NFL In-Game $20 50-50 (4Q DEN @ KC),153094,In-Game Showdown (Q4),20.0,0,4,1,72.0,,Mon 9:45PM
195542473,Beginner NFL In-Game $20 3-Player (4Q DEN @ KC),153094,In-Game Showdown (Q4),20.0,0,3,1,54.0,,Mon 9:45PM
195542469,Beginner NFL In-Game $10 50-50 (4Q DEN @ KC),153094,In-Game Showdown (Q4),10.0,0,4,1,36.0,,Mon 9:45PM
195542474,Beginner NFL In-Game $10 3-Player (4Q DEN @ KC),153094,In-Game Showdown (Q4),10.0,0,3,1,27.0,,Mon 9:45PM
195542470,Beginner NFL In-Game $5 50-50 (4Q DEN @ KC),153094,In-Game Showdown (Q4),5.0,0,4,1,18.0,,Mon 9:45PM
195542475,Beginner NFL In-Game $5 3-Player (4Q DEN @ KC),153094,In-Game Showdown (Q4),5.0,0,3,1,13.5,,Mon 9:45PM
195542471,Beginner NFL In-Game $3 50-50 (4Q DEN @ KC),153094,In-Game Showdown (Q4),3.0,0,4,1,10.8,,Mon 9:45PM
195542476,Beginner NFL In-Game $2 3-Player (4Q DEN @ KC),153094,In-Game Showdown (Q4),2.0,0,3,1,5.4,,Mon 9:45PM
195542556,Beginner NFL In-Game $1 50-50 (4Q DEN @ KC),153094,In-Game Showdown (Q4),1.0,0,4,1,3.6,,Mon 9:45PM
195542477,Beginner NFL In-Game $1 3-Player (4Q DEN @ KC),153094,In-Game Showdown (Q4),1.0,0,3,1,2.7,,Mon 9:45PM
195542478,"NFL In-Game $10,600 3-Player (4Q DEN @ KC)",153094,In-Game Showdown (Q4),10600.0,0,3,1,30000.0,,Mon 9:45PM
195542479,"NFL In-Game $10,600 3-Player (4Q DEN @ KC)",153094,In-Game Showdown (Q4),10600.0,0,3,1,30000.0,,Mon 9:45PM
195542482,"NFL In-Game $5,300 50-50 (4Q DEN @ KC)",153094,In-Game Showdown (Q4),5300.0,0,4,1,20000.0,,Mon 9:45PM
195542483,"NFL In-Game $5,300 50-50 (4Q DEN @ KC)",153094,In-Game Showdown (Q4),5300.0,0,4,1,20000.0,,Mon 9:45PM
195542480,"NFL In-Game $5,300 3-Player (4Q DEN @ KC)",153094,In-Game Showdown (Q4),5300.0,0,3,1,15000.0,,Mon 9:45PM
195542481,"NFL In-Game $5,300 3-Player (4Q DEN @ KC)",153094,In-Game Showdown (Q4),5300.0,0,3,1,15000.0,,Mon 9:45PM
195542484,"NFL In-Game $1,060 50-50 (4Q DEN @ KC)",153094,In-Game Showdown (Q4),1060.0,0,4,1,4000.0,,Mon 9:45PM
195542485,"NFL In-Game $1,060 50-50 (4Q DEN @ KC)",153094,In-Game Showdown (Q4),1060.0,0,4,1,4000.0,,Mon 9:45PM
195542486,"NFL In-Game $1,060 3-Player (4Q DEN @ KC)",153094,In-Game Showdown (Q4),1060.0,0,3,1,3000.0,,Mon 9:45PM
195542487,"NFL In-Game $1,060 3-Player (4Q DEN @ KC)",153094,In-Game Showdown (Q4),1060.0,0,3,1,3000.0,,Mon 9:45PM
195542488,NFL In-Game $530 50-50 (4Q DEN @ KC),153094,In-Game Showdown (Q4),530.0,0,4,1,2000.0,,Mon 9:45PM
195542489,NFL In-Game $530 50-50 (4Q DEN @ KC),153094,In-Game Showdown (Q4),530.0,0,4,1,2000.0,,Mon 9:45PM
195542490,NFL In-Game $530 3-Player (4Q DEN @ KC),153094,In-Game Showdown (Q4),530.0,0,3,1,1500.0,,Mon 9:45PM
195542491,NFL In-Game $530 3-Player (4Q DEN @ KC),153094,In-Game Showdown (Q4),530.0,0,3,1,1500.0,,Mon 9:45PM
195542550,NFL In-Game $270 50-50 (4Q DEN @ KC),153094,In-Game Showdown (Q4),270.0,0,4,1,1000.0,,Mon 9:45PM
195542551,NFL In-Game $270 50-50 (4Q DEN @ KC),153094,In-Game Showdown (Q4),270.0,0,4,1,1000.0,,Mon 9:45PM
195542496,NFL In-Game $270 3-Player (4Q DEN @ KC),153094,In-Game Showdown (Q4),270.0,0,3,1,750.0,,Mon 9:45PM
195542497,NFL In-Game $270 3-Player (4Q DEN @ KC),153094,In-Game Showdown (Q4),270.0,0,3,1,750.0,,Mon 9:45PM
195542499,NFL In-Game $109 50-50 (4Q DEN @ KC),153094,In-Game Showdown (Q4),109.0,0,4,1,400.0,,Mon 9:45PM
195542500,NFL In-Game $109 50-50 (4Q DEN @ KC),153094,In-Game Showdown (Q4),109.0,0,4,1,400.0,,Mon 9:45PM
195542503,NFL In-Game $109 3-Player (4Q DEN @ KC),153094,In-Game Showdown (Q4),109.0,0,3,1,300.0,,Mon 9:45PM
195542504,NFL In-Game $109 3-Player (4Q DEN @ KC),153094,In-Game Showdown (Q4),109.0,0,3,1,300.0,,Mon 9:45PM
195542505,NFL In-Game $109 3-Player (4Q DEN @ KC),153094,In-Game Showdown (Q4),109.0,0,3,1,300.0,,Mon 9:45PM
195542512,NFL In-Game $50 50-50 (4Q DEN @ KC),153094,In-Game Showdown (Q4),50.0,0,8,1,360.0,,Mon 9:45PM
195542509,NFL In-Game $50 50-50 (4Q DEN @ KC),153094,In-Game Showdown (Q4),50.0,0,4,1,180.0,,Mon 9:45PM
195542543,NFL In-Game $50 Double Up (4Q DEN @ KC),153094,In-Game Showdown (Q4),50.0,0,22,1,1000.0,,Mon 9:45PM
195542542,NFL In-Game $50 Double Up (4Q DEN @ KC),153094,In-Game Showdown (Q4),50.0,0,11,1,500.0,,Mon 9:45PM
195542518,NFL In-Game $50 3-Player (4Q DEN @ KC),153094,In-Game Showdown (Q4),50.0,0,3,1,135.0,,Mon 9:45PM
195542541,NFL In-Game $25 Double Up (4Q DEN @ KC),153094,In-Game Showdown (Q4),25.0,0,22,1,500.0,,Mon 9:45PM
195542540,NFL In-Game $25 Double Up (4Q DEN @ KC),153094,In-Game Showdown (Q4),25.0,0,11,1,250.0,,Mon 9:45PM
195542529,NFL In-Game $20 50-50 (4Q DEN @ KC),153094,In-Game Showdown (Q4),20.0,0,10,1,180.0,,Mon 9:45PM
195542525,NFL In-Game $20 50-50 (4Q DEN @ KC),153094,In-Game Showdown (Q4),20.0,0,4,1,72.0,,Mon 9:45PM
195542530,NFL In-Game $20 5-Player (4Q DEN @ KC),153094,In-Game Showdown (Q4),20.0,0,5,1,90.0,,Mon 9:45PM
195542531,NFL In-Game $20 3-Player (4Q DEN @ KC),153094,In-Game Showdown (Q4),20.0,0,3,1,54.0,,Mon 9:45PM
195542532,NFL In-Game $20 3-Player (4Q DEN @ KC),153094,In-Game Showdown (Q4),20.0,0,3,1,54.0,,Mon 9:45PM
195542534,NFL In-Game $10 50-50 (4Q DEN @ KC),153094,In-Game Showdown (Q4),10.0,0,10,1,90.0,,Mon 9:45PM
195542533,NFL In-Game $10 50-50 (4Q DEN @ KC),153094,In-Game Showdown (Q4),10.0,0,4,1,36.0,,Mon 9:45PM
195542538,NFL In-Game $10 Double Up (4Q DEN @ KC),153094,In-Game Showdown (Q4),10.0,0,11,1,100.0,,Mon 9:45PM
195542539,NFL In-Game $10 Double Up (4Q DEN @ KC),153094,In-Game Showdown (Q4),10.0,0,11,1,100.0,,Mon 9:45PM
195542535,NFL In-Game $10 5-Player (4Q DEN @ KC),153094,In-Game Showdown (Q4),10.0,0,5,1,45.0,,Mon 9:45PM
195542536,NFL In-Game $10 3-Player (4Q DEN @ KC),153094,In-Game Showdown (Q4),10.0,0,3,1,27.0,,Mon 9:45PM
195542537,NFL In-Game $10 3-Player (4Q DEN @ KC),153094,In-Game Showdown (Q4),10.0,0,3,1,27.0,,Mon 9:45PM
195542492,NFL In-Game $5 50-50 (4Q DEN @ KC),153094,In-Game Showdown (Q4),5.0,0,10,1,45.0,,Mon 9:45PM
195664173,NFL In-Game $5 50-50 (4Q DEN @ KC),153094,In-Game Showdown (Q4),5.0,0,4,1,18.0,,Mon 9:45PM
195664176,NFL In-Game $5 50-50 (4Q DEN @ KC),153094,In-Game Showdown (Q4),5.0,0,4,1,18.0,,Mon 9:45PM
195649737,NFL In-Game $5 Double Up (4Q DEN @ KC),153094,In-Game Showdown (Q4),5.0,0,11,1,50.0,,Mon 9:45PM
195649764,NFL In-Game $5 Double Up (4Q DEN @ KC),153094,In-Game Showdown (Q4),5.0,0,11,1,50.0,,Mon 9:45PM
195542495,NFL In-Game $5 20-Player (4Q DEN @ KC),153094,In-Game Showdown (Q4),5.0,0,20,1,90.0,,Mon 9:45PM
195542498,NFL In-Game $5 10-Player (4Q DEN @ KC),153094,In-Game Showdown (Q4),5.0,0,10,1,45.0,,Mon 9:45PM
195542552,NFL In-Game $5 5-Player (4Q DEN @ KC),153094,In-Game Showdown (Q4),5.0,0,5,1,22.5,,Mon 9:45PM
195542553,NFL In-Game $5 5-Player (4Q DEN @ KC),153094,In-Game Showdown (Q4),5.0,0,5,1,22.5,,Mon 9:45PM
195542554,NFL In-Game $5 3-Player (4Q DEN @ KC),153094,In-Game Showdown (Q4),5.0,0,3,1,13.5,,Mon 9:45PM
195542555,NFL In-Game $5 3-Player (4Q DEN @ KC),153094,In-Game Showdown (Q4),5.0,0,3,1,13.5,,Mon 9:45PM
195542547,NFL In-Game $3 Double Up (4Q DEN @ KC),153094,In-Game Showdown (Q4),3.0,0,11,1,30.0,,Mon 9:45PM
195664179,NFL In-Game $3 Double Up (4Q DEN @ KC),153094,In-Game Showdown (Q4),3.0,0,11,1,30.0,,Mon 9:45PM
195542501,NFL In-Game $2 50-50 (4Q DEN @ KC),153094,In-Game Showdown (Q4),2.0,0,20,1,36.0,,Mon 9:45PM
195542502,NFL In-Game $2 50-50 (4Q DEN @ KC),153094,In-Game Showdown (Q4),2.0,0,10,1,18.0,,Mon 9:45PM
195542506,NFL In-Game $2 20-Player (4Q DEN @ KC),153094,In-Game Showdown (Q4),2.0,0,20,1,36.0,,Mon 9:45PM
195542507,NFL In-Game $2 10-Player (4Q DEN @ KC),153094,In-Game Showdown (Q4),2.0,0,10,1,18.0,,Mon 9:45PM
195542508,NFL In-Game $2 10-Player (4Q DEN @ KC),153094,In-Game Showdown (Q4),2.0,0,10,1,18.0,,Mon 9:45PM
195542510,NFL In-Game $2 5-Player (4Q DEN @ KC),153094,In-Game Showdown (Q4),2.0,0,5,1,9.0,,Mon 9:45PM
195542511,NFL In-Game $2 5-Player (4Q DEN @ KC),153094,In-Game Showdown (Q4),2.0,0,5,1,9.0,,Mon 9:45PM
195542513,NFL In-Game $2 3-Player (4Q DEN @ KC),153094,In-Game Showdown (Q4),2.0,0,3,1,5.4,,Mon 9:45PM
195542514,NFL In-Game $2 3-Player (4Q DEN @ KC),153094,In-Game Showdown (Q4),2.0,0,3,1,5.4,,Mon 9:45PM
195542515,NFL In-Game $1 50-50 (4Q DEN @ KC),153094,In-Game Showdown (Q4),1.0,0,20,1,18.0,,Mon 9:45PM
195542516,NFL In-Game $1 50-50 (4Q DEN @ KC),153094,In-Game Showdown (Q4),1.0,0,10,1,9.0,,Mon 9:45PM
195542517,NFL In-Game $1 50-50 (4Q DEN @ KC),153094,In-Game Showdown (Q4),1.0,0,10,1,9.0,,Mon 9:45PM
195542548,NFL In-Game $1 Double Up (4Q DEN @ KC),153094,In-Game Showdown (Q4),1.0,0,11,1,10.0,,Mon 9:45PM
195542549,NFL In-Game $1 Double Up (4Q DEN @ KC),153094,In-Game Showdown (Q4),1.0,0,11,1,10.0,,Mon 9:45PM
195542519,NFL In-Game $1 20-Player (4Q DEN @ KC),153094,In-Game Showdown (Q4),1.0,0,20,1,18.0,,Mon 9:45PM
195542520,NFL In-Game $1 10-Player (4Q DEN @ KC),153094,In-Game Showdown (Q4),1.0,0,10,1,9.0,,Mon 9:45PM
195542521,NFL In-Game $1 10-Player (4Q DEN @ KC),153094,In-Game Showdown (Q4),1.0,0,10,1,9.0,,Mon 9:45PM
195542522,NFL In-Game $1 5-Player (4Q DEN @ KC),153094,In-Game Showdown (Q4),1.0,0,5,1,4.5,,Mon 9:45PM
195542523,NFL In-Game $1 5-Player (4Q DEN @ KC),153094,In-Game Showdown (Q4),1.0,0,5,1,4.5,,Mon 9:45PM
195542524,NFL In-Game $1 5-Player (4Q DEN @ KC),153094,In-Game Showdown (Q4),1.0,0,5,1,4.5,,Mon 9:45PM
195542526,NFL In-Game $1 3-Player (4Q DEN @ KC),153094,In-Game Showdown (Q4),1.0,0,3,1,2.7,,Mon 9:45PM
195542527,NFL In-Game $1 3-Player (4Q DEN @ KC),153094,In-Game Showdown (Q4),1.0,0,3,1,2.7,,Mon 9:45PM
195652343,NFL In-Game $1 3-Player (4Q DEN @ KC),153094,In-Game Showdown (Q4),1.0,0,3,1,2.7,,Mon 9:45PM
195655179,NFL Best Ball $10 12-Player (W2-W17 Sit + Go),153357,Best Ball,10.0,3,12,1,108.0,,Thu 6:13PM
195660276,NFL Best Ball $5 12-Player (W2-W17 Sit + Go),153357,Best Ball,5.0,3,12,1,54.0,,Thu 6:13PM
195614501,NFL Best Ball $20 12-Player (W2-W17 Sit + Go),153357,Best Ball,20.0,3,12,1,216.0,,Thu 6:13PM
195665791,NFL Best Ball $1 12-Player (W2-W17 Sit + Go),153357,Best Ball,1.0,0,12,1,10.8,,Thu 6:13PM
195517578,NFL Best Ball $50 12-Player (W2-W17 Sit + Go),153357,Best Ball,50.0,0,12,1,540.0,,Thu 6:13PM
195517577,NFL Best Ball $109 12-Player (W2-W17 Sit + Go),153357,Best Ball,109.0,0,12,1,1200.0,,Thu 6:13PM
195517581,NFL Best Ball $215 12-Player (W2-W17 Sit + Go),153357,Best Ball,215.0,0,12,1,2400.0,,Thu 6:13PM
195517583,NFL Best Ball $530 12-Player (W2-W17 Sit + Go),153357,Best Ball,530.0,0,12,1,6000.0,,Thu 6:13PM
195517585,"NFL Best Ball $1,060 12-Player (W2-W17 Sit + Go)",153357,Best Ball,1060.0,0,12,1,12000.0,,Thu 6:13PM
195665833,NFL Best Ball $10 6-Player (W2-W17 Sit + Go),153357,Best Ball,10.0,0,6,1,54.0,,Thu 7:13PM
195666473,NFL Best Ball $1 6-Player (W2-W17 Sit + Go),153357,Best Ball,1.0,0,6,1,5.4,,Thu 7:13PM
195649680,NFL Best Ball $5 6-Player (W2-W17 Sit + Go),153357,Best Ball,5.0,0,6,1,27.0,,Thu 7:13PM
195517568,NFL Best Ball $20 6-Player (W2-W17 Sit + Go),153357,Best Ball,20.0,0,6,1,108.0,,Thu 7:13PM
195517570,NFL Best Ball $50 6-Player (W2-W17 Sit + Go),153357,Best Ball,50.0,0,6,1,270.0,,Thu 7:13PM
195517563,NFL Best Ball $109 6-Player (W2-W17 Sit + Go),153357,Best Ball,109.0,0,6,1,600.0,,Thu 7:13PM
195517580,NFL Best Ball $215 6-Player (W2-W17 Sit + Go),153357,Best Ball,215.0,0,6,1,1200.0,,Thu 7:13PM
195517582,NFL Best Ball $530 6-Player (W2-W17 Sit + Go),153357,Best Ball,530.0,0,6,1,3000.0,,Thu 7:13PM
195517584,"NFL Best Ball $1,060 6-Player (W2-W17 Sit + Go)",153357,Best Ball,1060.0,0,6,1,6000.0,,Thu 7:13PM
195661233,NFL Best Ball $5 3-Player (W2-W17 Sit + Go),153357,Best Ball,5.0,1,3,1,13.5,,Thu 7:43PM
195656380,NFL Best Ball $10 3-Player (W2-W17 Sit + Go),153357,Best Ball,10.0,0,3,1,27.0,,Thu 7:43PM
195666022,NFL Best Ball $1 3-Player (W2-W17 Sit + Go),153357,Best Ball,1.0,0,3,1,2.7,,Thu 7:43PM
195591359,NFL Best Ball $20 3-Player (W2-W17 Sit + Go),153357,Best Ball,20.0,0,3,1,54.0,,Thu 7:43PM
195583567,NFL Best Ball $50 3-Player (W2-W17 Sit + Go),153357,Best Ball,50.0,0,3,1,135.0,,Thu 7:43PM
195517562,NFL Best Ball $109 3-Player (W2-W17 Sit + Go),153357,Best Ball,109.0,0,3,1,300.0,,Thu 7:43PM
195517579,NFL Best Ball $215 3-Player (W2-W17 Sit + Go),153357,Best Ball,215.0,0,3,1,600.0,,Thu 7:43PM
195517571,NFL Best Ball $530 3-Player (W2-W17 Sit + Go),153357,Best Ball,530.0,0,3,1,1500.0,,Thu 7:43PM
195517564,"NFL Best Ball $1,060 3-Player (W2-W17 Sit + Go)",153357,Best Ball,1060.0,0,3,1,3000.0,,Thu 7:43PM
195660285,NFL Snake $10 12-Player,153457,Snake,10.0,1,12,1,108.0,,Sun 12:16PM
195660279,NFL Snake $1 12-Player,153457,Snake,1.0,1,12,1,10.8,,Sun 12:16PM
195660282,NFL Snake $5 12-Player,153457,Snake,5.0,3,12,1,54.0,,Sun 12:16PM
195660288,NFL Snake $20 12-Player,153457,Snake,20.0,1,12,1,216.0,,Sun 12:16PM
195660290,NFL Snake $50 12-Player,153457,Snake,50.0,1,12,1,540.0,,Sun 12:16PM
195660284,NFL Snake $10 6-Player,153457,Snake,10.0,1,6,1,54.0,,Sun 12:37PM
195666253,NFL Snake $1 6-Player,153457,Snake,1.0,1,6,1,5.4,,Sun 12:37PM
195660287,NFL Snake $20 6-Player,153457,Snake,20.0,2,6,1,108.0,,Sun 12:37PM
195660289,NFL Snake $50 6-Player,153457,Snake,50.0,1,6,1,270.0,,Sun 12:37PM
195660291,NFL Snake $109 6-Player,153457,Snake,109.0,1,6,1,600.0,,Sun 12:37PM
195660283,NFL Snake $10 6-Player,153457,Snake,10.0,0,6,1,54.0,,Sun 12:37PM
195660278,NFL Snake $1 6-Player,153457,Snake,1.0,0,6,1,5.4,,Sun 12:37PM
195660280,NFL Snake $5 6-Player,153457,Snake,5.0,0,6,1,27.0,,Sun 12:37PM
195660281,NFL Snake $5 6-Player,153457,Snake,5.0,0,6,1,27.0,,Sun 12:37PM
195660286,NFL Snake $20 6-Player,153457,Snake,20.0,0,6,1,108.0,,Sun 12:37PM
195660292,NFL Snake $530 6-Player,153457,Snake,530.0,0,6,1,3000.0,,Sun 12:37PM
195660295,NFL Snake $10 3-Player,153457,Snake,10.0,2,3,1,27.0,,Sun 12:47PM
195660296,NFL Snake $1 3-Player,153457,Snake,1.0,1,3,1,2.7,,Sun 12:47PM
195660302,NFL Snake $20 3-Player,153457,Snake,20.0,1,3,1,54.0,,Sun 12:47PM
195660305,NFL Snake $50 3-Player,153457,Snake,50.0,1,3,1,135.0,,Sun 12:47PM
195663875,NFL Snake $10 3-Player,153457,Snake,10.0,0,3,1,27.0,,Sun 12:47PM
195664530,NFL Snake $10 3-Player,153457,Snake,10.0,0,3,1,27.0,,Sun 12:47PM
195660297,NFL Snake $1 3-Player,153457,Snake,1.0,0,3,1,2.7,,Sun 12:47PM
195660298,NFL Snake $1 3-Player,153457,Snake,1.0,0,3,1,2.7,,Sun 12:47PM
195660299,NFL Snake $5 3-Player,153457,Snake,5.0,0,3,1,13.5,,Sun 12:47PM
195660300,NFL Snake $5 3-Player,153457,Snake,5.0,0,3,1,13.5,,Sun 12:47PM
195660301,NFL Snake $5 3-Player,153457,Snake,5.0,0,3,1,13.5,,Sun 12:47PM
195660303,NFL Snake $20 3-Player,153457,Snake,20.0,0,3,1,54.0,,Sun 12:47PM
195660304,NFL Snake $20 3-Player,153457,Snake,20.0,0,3,1,54.0,,Sun 12:47PM
195660306,NFL Snake $50 3-Player,153457,Snake,50.0,0,3,1,135.0,,Sun 12:47PM
195660307,NFL Snake $50 3-Player,153457,Snake,50.0,0,3,1,135.0,,Sun 12:47PM
195660308,NFL Snake $109 3-Player,153457,Snake,109.0,0,3,1,300.0,,Sun 12:47PM
195660309,NFL Snake $109 3-Player,153457,Snake,109.0,0,3,1,300.0,,Sun 12:47PM
195660310,NFL Snake $109 3-Player,153457,Snake,109.0,0,3,1,300.0,,Sun 12:47PM
195660311,NFL Snake $530 3-Player,153457,Snake,530.0,0,3,1,1500.0,,Sun 12:47PM
195660312,NFL Snake $530 3-Player,153457,Snake,530.0,0,3,1,1500.0,,Sun 12:47PM
195660313,"NFL Snake $1,060 3-Player",153457,Snake,1060.0,0,3,1,3000.0,,Sun 12:47PM
195660314,"NFL Snake $2,120 3-Player",153457,Snake,2120.0,0,3,1,6000.0,,Sun 12:47PM
195660315,"NFL Snake $5,300 3-Player",153457,Snake,5300.0,0,3,1,15000.0,,Sun 12:47PM
195660316,"NFL Snake $10,600 3-Player",153457,Snake,10600.0,0,3,1,30000.0,,Sun 12:47PM
195657016,Casual NFL $20 50-50,153428,Classic,20.0,1,10,1,180.0,,Sun 1:00PM
195657017,Casual NFL $20 50-50,153428,Classic,20.0,1,10,1,180.0,,Sun 1:00PM
195657024,Casual NFL $10 50-50,153428,Classic,10.0,1,10,1,90.0,,Sun 1:00PM
195657025,Casual NFL $5 50-50,153428,Classic,5.0,1,10,1,45.0,,Sun 1:00PM
195657459,Casual NFL $5 50-50,153428,Classic,5.0,1,10,1,45.0,,Sun 1:00PM
195657045,Casual NFL $5 5-Player,153428,Classic,5.0,1,5,1,22.5,,Sun 1:00PM
195657046,Casual NFL $5 5-Player,153428,Classic,5.0,1,5,1,22.5,,Sun 1:00PM
195657047,Casual NFL $5 5-Player,153428,Classic,5.0,1,5,1,22.5,,Sun 1:00PM
195657048,Casual NFL $5 3-Player,153428,Classic,5.0,1,3,1,13.5,,Sun 1:00PM
195657049,Casual NFL $5 3-Player,153428,Classic,5.0,1,3,1,13.5,,Sun 1:00PM
195657050,Casual NFL $5 3-Player,153428,Classic,5.0,1,3,1,13.5,,Sun 1:00PM
195657028,Casual NFL $3 50-50,153428,Classic,3.0,1,10,1,27.0,,Sun 1:00PM
195658961,Casual NFL $3 50-50,153428,Classic,3.0,1,10,1,27.0,,Sun 1:00PM
195657054,Casual NFL $2 3-Player,153428,Classic,2.0,1,3,1,5.4,,Sun 1:00PM
195657055,Casual NFL $2 3-Player,153428,Classic,2.0,1,3,1,5.4,,Sun 1:00PM
195657056,Casual NFL $2 3-Player,153428,Classic,2.0,1,3,1,5.4,,Sun 1:00PM
195657031,Casual NFL $1 50-50,153428,Classic,1.0,1,10,1,9.0,,Sun 1:00PM
195657062,Casual NFL $1 3-Player,153428,Classic,1.0,1,3,1,2.7,,Sun 1:00PM
195656922,Beginner NFL $1 5-Player,153428,Classic,1.0,1,5,1,4.5,,Sun 1:00PM
195656973,"NFL $10,600 3-Player",153428,Classic,10600.0,1,3,1,30000.0,,Sun 1:00PM
195656974,"NFL $10,600 3-Player",153428,Classic,10600.0,1,3,1,30000.0,,Sun 1:00PM
195657196,"NFL $10,600 3-Player",153428,Classic,10600.0,1,3,1,30000.0,,Sun 1:00PM
195657215,"NFL $10,600 3-Player",153428,Classic,10600.0,1,3,1,30000.0,,Sun 1:00PM
195656975,"NFL $5,300 3-Player",153428,Classic,5300.0,1,3,1,15000.0,,Sun 1:00PM
195656976,"NFL $5,300 3-Player",153428,Classic,5300.0,1,3,1,15000.0,,Sun 1:00PM
195657216,"NFL $5,300 3-Player",153428,Classic,5300.0,1,3,1,15000.0,,Sun 1:00PM
195657217,"NFL $5,300 3-Player",153428,Classic,5300.0,1,3,1,15000.0,,Sun 1:00PM
195657008,"NFL $2,120 3-Player",153428,Classic,2120.0,1,3,1,6000.0,,Sun 1:00PM
195657227,"NFL $2,120 3-Player",153428,Classic,2120.0,1,3,1,6000.0,,Sun 1:00PM
195657228,"NFL $2,120 3-Player",153428,Classic,2120.0,1,3,1,6000.0,,Sun 1:00PM
195656981,"NFL $1,060 3-Player",153428,Classic,1060.0,1,3,1,3000.0,,Sun 1:00PM
195656982,"NFL $1,060 3-Player",153428,Classic,1060.0,1,3,1,3000.0,,Sun 1:00PM
195657218,"NFL $1,060 3-Player",153428,Classic,1060.0,1,3,1,3000.0,,Sun 1:00PM
195657219,"NFL $1,060 3-Player",153428,Classic,1060.0,1,3,1,3000.0,,Sun 1:00PM
195656985,NFL $530 3-Player,153428,Classic,530.0,1,3,1,1500.0,,Sun 1:00PM
195656986,NFL $530 3-Player,153428,Classic,530.0,1,3,1,1500.0,,Sun 1:00PM
195657220,NFL $530 3-Player,153428,Classic,530.0,1,3,1,1500.0,,Sun 1:00PM
195657221,NFL $530 3-Player,153428,Classic,530.0,1,3,1,1500.0,,Sun 1:00PM
195656987,NFL $270 3-Player,153428,Classic,270.0,1,3,1,750.0,,Sun 1:00PM
195656988,NFL $270 3-Player,153428,Classic,270.0,1,3,1,750.0,,Sun 1:00PM
195657222,NFL $270 3-Player,153428,Classic,270.0,1,3,1,750.0,,Sun 1:00PM
195657223,NFL $270 3-Player,153428,Classic,270.0,1,3,1,750.0,,Sun 1:00PM
195656884,NFL $162 3-Player,153428,Classic,162.0,1,3,1,450.0,,Sun 1:00PM
195656885,NFL $162 3-Player,153428,Classic,162.0,1,3,1,450.0,,Sun 1:00PM
195656886,NFL $162 3-Player,153428,Classic,162.0,1,3,1,450.0,,Sun 1:00PM
195657212,NFL $162 3-Player,153428,Classic,162.0,1,3,1,450.0,,Sun 1:00PM
195657213,NFL $162 3-Player,153428,Classic,162.0,1,3,1,450.0,,Sun 1:00PM
195657214,NFL $162 3-Player,153428,Classic,162.0,1,3,1,450.0,,Sun 1:00PM
195658046,NFL $162 3-Player,153428,Classic,162.0,1,3,1,450.0,,Sun 1:00PM
195656994,NFL $109 3-Player,153428,Classic,109.0,1,3,1,300.0,,Sun 1:00PM
195656995,NFL $109 3-Player,153428,Classic,109.0,1,3,1,300.0,,Sun 1:00PM
195656996,NFL $109 3-Player,153428,Classic,109.0,1,3,1,300.0,,Sun 1:00PM
195657224,NFL $109 3-Player,153428,Classic,109.0,1,3,1,300.0,,Sun 1:00PM
195657225,NFL $109 3-Player,153428,Classic,109.0,1,3,1,300.0,,Sun 1:00PM
195657226,NFL $109 3-Player,153428,Classic,109.0,1,3,1,300.0,,Sun 1:00PM
195658047,NFL $109 3-Player,153428,Classic,109.0,1,3,1,300.0,,Sun 1:00PM
195656839,NFL $50 3-Player,153428,Classic,50.0,1,3,1,135.0,,Sun 1:00PM
195656840,NFL $50 3-Player,153428,Classic,50.0,1,3,1,135.0,,Sun 1:00PM
195656841,NFL $50 3-Player,153428,Classic,50.0,1,3,1,135.0,,Sun 1:00PM
195657200,NFL $50 3-Player,153428,Classic,50.0,1,3,1,135.0,,Sun 1:00PM
195657201,NFL $50 3-Player,153428,Classic,50.0,1,3,1,135.0,,Sun 1:00PM
195657202,NFL $50 3-Player,153428,Classic,50.0,1,3,1,135.0,,Sun 1:00PM
195658044,NFL $50 3-Player,153428,Classic,50.0,1,3,1,135.0,,Sun 1:00PM
195657068,NFL $25 Double Up,153428,Classic,25.0,1,22,1,500.0,,Sun 1:00PM
195657081,NFL $20 100-Player,153428,Classic,20.0,1,100,1,1800.0,,Sun 1:00PM
195658575,NFL $20 100-Player,153428,Classic,20.0,1,100,1,1800.0,,Sun 1:00PM
195656856,NFL $20 3-Player,153428,Classic,20.0,1,3,1,54.0,,Sun 1:00PM
195656857,NFL $20 3-Player,153428,Classic,20.0,1,3,1,54.0,,Sun 1:00PM
195656858,NFL $20 3-Player,153428,Classic,20.0,1,3,1,54.0,,Sun 1:00PM
195657209,NFL $20 3-Player,153428,Classic,20.0,1,3,1,54.0,,Sun 1:00PM
195657210,NFL $20 3-Player,153428,Classic,20.0,1,3,1,54.0,,Sun 1:00PM
195657211,NFL $20 3-Player,153428,Classic,20.0,1,3,1,54.0,,Sun 1:00PM
195658045,NFL $20 3-Player,153428,Classic,20.0,1,3,1,54.0,,Sun 1:00PM
195656831,NFL $10 10-Player,153428,Classic,10.0,1,10,1,90.0,,Sun 1:00PM
195656853,NFL $10 3-Player,153428,Classic,10.0,1,3,1,27.0,,Sun 1:00PM
195656854,NFL $10 3-Player,153428,Classic,10.0,1,3,1,27.0,,Sun 1:00PM
195656855,NFL $10 3-Player,153428,Classic,10.0,1,3,1,27.0,,Sun 1:00PM
195657206,NFL $10 3-Player,153428,Classic,10.0,1,3,1,27.0,,Sun 1:00PM
195657207,NFL $10 3-Player,153428,Classic,10.0,1,3,1,27.0,,Sun 1:00PM
195657208,NFL $10 3-Player,153428,Classic,10.0,1,3,1,27.0,,Sun 1:00PM
195658042,NFL $10 3-Player,153428,Classic,10.0,1,3,1,27.0,,Sun 1:00PM
195656971,NFL $5 50-50,153428,Classic,5.0,2,100,1,450.0,,Sun 1:00PM
195657259,NFL $5 50-50,153428,Classic,5.0,1,100,1,450.0,,Sun 1:00PM
195657004,NFL $5 50-50,153428,Classic,5.0,1,50,1,225.0,,Sun 1:00PM
195656879,NFL $5 50-50,153428,Classic,5.0,1,20,1,90.0,,Sun 1:00PM
195658463,NFL $5 50-50,153428,Classic,5.0,1,20,1,90.0,,Sun 1:00PM
195657079,NFL $5 100-Player,153428,Classic,5.0,1,100,1,450.0,,Sun 1:00PM
195656956,NFL $5 40-Player,153428,Classic,5.0,1,40,1,180.0,,Sun 1:00PM
195656871,NFL $5 20-Player,153428,Classic,5.0,1,20,1,90.0,,Sun 1:00PM
195657869,NFL $5 15-Player (Top 2 Win),153428,Classic,5.0,2,15,1,67.5,,Sun 1:00PM
195656812,NFL $5 5-Player,153428,Classic,5.0,1,5,1,22.5,,Sun 1:00PM
195656852,NFL $5 3-Player,153428,Classic,5.0,1,3,1,13.5,,Sun 1:00PM
195657204,NFL $5 3-Player,153428,Classic,5.0,1,3,1,13.5,,Sun 1:00PM
195657205,NFL $5 3-Player,153428,Classic,5.0,1,3,1,13.5,,Sun 1:00PM
195658041,NFL $5 3-Player,153428,Classic,5.0,1,3,1,13.5,,Sun 1:00PM
195663867,NFL $5 3-Player,153428,Classic,5.0,1,3,1,13.5,,Sun 1:00PM
195663871,NFL $5 3-Player,153428,Classic,5.0,1,3,1,13.5,,Sun 1:00PM
195663872,NFL $5 3-Player,153428,Classic,5.0,1,3,1,13.5,,Sun 1:00PM
195665317,NFL $5 3-Player,153428,Classic,5.0,1,3,1,13.5,,Sun 1:00PM
195657103,NFL $5 3-Player,153428,Classic,5.0,1,3,1,13.5,,Sun 1:00PM
195657147,NFL $5 3-Player,153428,Classic,5.0,1,3,1,13.5,,Sun 1:00PM
195657197,NFL $5 3-Player,153428,Classic,5.0,1,3,1,13.5,,Sun 1:00PM
195657198,NFL $5 3-Player,153428,Classic,5.0,1,3,1,13.5,,Sun 1:00PM
195657199,NFL $5 3-Player,153428,Classic,5.0,1,3,1,13.5,,Sun 1:00PM
195663869,NFL $5 3-Player,153428,Classic,5.0,1,3,1,13.5,,Sun 1:00PM
195663870,NFL $5 3-Player,153428,Classic,5.0,1,3,1,13.5,,Sun 1:00PM
195663874,NFL $5 3-Player,153428,Classic,5.0,1,3,1,13.5,,Sun 1:00PM
195656972,NFL $2 50-50,153428,Classic,2.0,5,100,1,180.0,,Sun 1:00PM
195656801,NFL $2 5-Player,153428,Classic,2.0,2,5,1,9.0,,Sun 1:00PM
195656970,NFL $1 50-50,153428,Classic,1.0,5,100,1,90.0,,Sun 1:00PM
195657002,NFL $1 50-50,153428,Classic,1.0,3,50,1,45.0,,Sun 1:00PM
195656836,NFL $1 50-50,153428,Classic,1.0,2,20,1,18.0,,Sun 1:00PM
195656837,NFL $1 50-50,153428,Classic,1.0,2,20,1,18.0,,Sun 1:00PM
195656838,NFL $1 50-50,153428,Classic,1.0,2,20,1,18.0,,Sun 1:00PM
195656959,NFL $1 50-50,153428,Classic,1.0,1,10,1,9.0,,Sun 1:00PM
195656960,NFL $1 50-50,153428,Classic,1.0,2,10,1,9.0,,Sun 1:00PM
195656961,NFL $1 50-50,153428,Classic,1.0,2,10,1,9.0,,Sun 1:00PM
195657891,NFL $1 50-50,153428,Classic,1.0,1,10,1,9.0,,Sun 1:00PM
195657892,NFL $1 50-50,153428,Classic,1.0,1,10,1,9.0,,Sun 1:00PM
195657075,NFL $1 Double Up,153428,Classic,1.0,4,11,1,10.0,,Sun 1:00PM
195657076,NFL $1 Double Up,153428,Classic,1.0,2,11,1,10.0,,Sun 1:00PM
195657890,NFL $1 Double Up,153428,Classic,1.0,2,11,1,10.0,,Sun 1:00PM
195658445,NFL $1 Double Up,153428,Classic,1.0,1,11,1,10.0,,Sun 1:00PM
195658446,NFL $1 Double Up,153428,Classic,1.0,1,11,1,10.0,,Sun 1:00PM
195660457,NFL $1 20-Player (Winner Takes All),153428,Classic,1.0,2,20,1,18.0,,Sun 1:00PM
195661234,NFL $1 4-Player (Winner Takes All),153428,Classic,1.0,1,4,1,3.6,,Sun 1:00PM
195656845,NFL $1 3-Player,153428,Classic,1.0,2,3,1,2.7,,Sun 1:00PM
195656846,NFL $1 3-Player,153428,Classic,1.0,2,3,1,2.7,,Sun 1:00PM
195657091,NFL Satellite to $20 NFL Fantasy Football Millionaire [Must Fill],153428,Classic,7.4,0,3,1,20.0,,Sun 1:00PM
195657064,Casual NFL $109 5-Player,153428,Classic,109.0,0,5,1,500.0,,Sun 1:00PM
195657063,Casual NFL $109 3-Player,153428,Classic,109.0,0,3,1,300.0,,Sun 1:00PM
195657019,Casual NFL $50 50-50,153428,Classic,50.0,0,10,1,450.0,,Sun 1:00PM
195657020,Casual NFL $50 50-50,153428,Classic,50.0,0,10,1,450.0,,Sun 1:00PM
195657021,Casual NFL $50 5-Player,153428,Classic,50.0,0,5,1,225.0,,Sun 1:00PM
195657034,Casual NFL $50 3-Player,153428,Classic,50.0,0,3,1,135.0,,Sun 1:00PM
195657035,Casual NFL $50 3-Player,153428,Classic,50.0,0,3,1,135.0,,Sun 1:00PM
195657018,Casual NFL $20 50-50,153428,Classic,20.0,0,10,1,180.0,,Sun 1:00PM
195657440,Casual NFL $20 50-50,153428,Classic,20.0,0,10,1,180.0,,Sun 1:00PM
195657441,Casual NFL $20 50-50,153428,Classic,20.0,0,10,1,180.0,,Sun 1:00PM
195657013,Casual NFL $20 5-Player,153428,Classic,20.0,0,5,1,90.0,,Sun 1:00PM
195657014,Casual NFL $20 5-Player,153428,Classic,20.0,0,5,1,90.0,,Sun 1:00PM
195657015,Casual NFL $20 5-Player,153428,Classic,20.0,0,5,1,90.0,,Sun 1:00PM
195657036,Casual NFL $20 3-Player,153428,Classic,20.0,0,3,1,54.0,,Sun 1:00PM
195657037,Casual NFL $20 3-Player,153428,Classic,20.0,0,3,1,54.0,,Sun 1:00PM
195657038,Casual NFL $20 3-Player,153428,Classic,20.0,0,3,1,54.0,,Sun 1:00PM
195657022,Casual NFL $10 50-50,153428,Classic,10.0,0,10,1,90.0,,Sun 1:00PM
195657023,Casual NFL $10 50-50,153428,Classic,10.0,0,10,1,90.0,,Sun 1:00PM
195658780,Casual NFL $10 50-50,153428,Classic,10.0,0,10,1,90.0,,Sun 1:00PM
195657039,Casual NFL $10 5-Player,153428,Classic,10.0,0,5,1,45.0,,Sun 1:00PM
195657040,Casual NFL $10 5-Player,153428,Classic,10.0,0,5,1,45.0,,Sun 1:00PM
195657041,Casual NFL $10 5-Player,153428,Classic,10.0,0,5,1,45.0,,Sun 1:00PM
195657042,Casual NFL $10 3-Player,153428,Classic,10.0,0,3,1,27.0,,Sun 1:00PM
195657043,Casual NFL $10 3-Player,153428,Classic,10.0,0,3,1,27.0,,Sun 1:00PM
195657044,Casual NFL $10 3-Player,153428,Classic,10.0,0,3,1,27.0,,Sun 1:00PM
195657026,Casual NFL $5 50-50,153428,Classic,5.0,0,10,1,45.0,,Sun 1:00PM
195657027,Casual NFL $5 50-50,153428,Classic,5.0,0,10,1,45.0,,Sun 1:00PM
195659354,Casual NFL $5 50-50,153428,Classic,5.0,0,10,1,45.0,,Sun 1:00PM
195663879,Casual NFL $5 5-Player,153428,Classic,5.0,0,5,1,22.5,,Sun 1:00PM
195663880,Casual NFL $5 5-Player,153428,Classic,5.0,0,5,1,22.5,,Sun 1:00PM
195663881,Casual NFL $5 5-Player,153428,Classic,5.0,0,5,1,22.5,,Sun 1:00PM
195663839,Casual NFL $5 3-Player,153428,Classic,5.0,0,3,1,13.5,,Sun 1:00PM
195663843,Casual NFL $5 3-Player,153428,Classic,5.0,0,3,1,13.5,,Sun 1:00PM
195663844,Casual NFL $5 3-Player,153428,Classic,5.0,0,3,1,13.5,,Sun 1:00PM
195657029,Casual NFL $3 50-50,153428,Classic,3.0,0,10,1,27.0,,Sun 1:00PM
195657030,Casual NFL $3 50-50,153428,Classic,3.0,0,10,1,27.0,,Sun 1:00PM
195665690,Casual NFL $3 50-50,153428,Classic,3.0,0,10,1,27.0,,Sun 1:00PM
195657051,Casual NFL $2 5-Player,153428,Classic,2.0,0,5,1,9.0,,Sun 1:00PM
195657052,Casual NFL $2 5-Player,153428,Classic,2.0,0,5,1,9.0,,Sun 1:00PM
195657053,Casual NFL $2 5-Player,153428,Classic,2.0,0,5,1,9.0,,Sun 1:00PM
195663847,Casual NFL $2 3-Player,153428,Classic,2.0,0,3,1,5.4,,Sun 1:00PM
195663849,Casual NFL $2 3-Player,153428,Classic,2.0,0,3,1,5.4,,Sun 1:00PM
195663850,Casual NFL $2 3-Player,153428,Classic,2.0,0,3,1,5.4,,Sun 1:00PM
195657032,Casual NFL $1 50-50,153428,Classic,1.0,0,10,1,9.0,,Sun 1:00PM
195657033,Casual NFL $1 50-50,153428,Classic,1.0,0,10,1,9.0,,Sun 1:00PM
195658962,Casual NFL $1 50-50,153428,Classic,1.0,0,10,1,9.0,,Sun 1:00PM
195657057,Casual NFL $1 5-Player,153428,Classic,1.0,0,5,1,4.5,,Sun 1:00PM
195657058,Casual NFL $1 5-Player,153428,Classic,1.0,0,5,1,4.5,,Sun 1:00PM
195657059,Casual NFL $1 5-Player,153428,Classic,1.0,0,5,1,4.5,,Sun 1:00PM
195657060,Casual NFL $1 3-Player,153428,Classic,1.0,0,3,1,2.7,,Sun 1:00PM
195657061,Casual NFL $1 3-Player,153428,Classic,1.0,0,3,1,2.7,,Sun 1:00PM
195658800,Casual NFL $1 3-Player,153428,Classic,1.0,0,3,1,2.7,,Sun 1:00PM
195656998,Beginner NFL $109 5-Player,153428,Classic,109.0,0,5,1,500.0,,Sun 1:00PM
195656997,Beginner NFL $109 3-Player,153428,Classic,109.0,0,3,1,300.0,,Sun 1:00PM
195656965,Beginner NFL $50 50-50,153428,Classic,50.0,0,10,1,450.0,,Sun 1:00PM
195656966,Beginner NFL $50 50-50,153428,Classic,50.0,0,10,1,450.0,,Sun 1:00PM
195656969,Beginner NFL $50 5-Player,153428,Classic,50.0,0,5,1,225.0,,Sun 1:00PM
195656967,Beginner NFL $50 3-Player,153428,Classic,50.0,0,3,1,135.0,,Sun 1:00PM
195656968,Beginner NFL $50 3-Player,153428,Classic,50.0,0,3,1,135.0,,Sun 1:00PM
195656949,Beginner NFL $20 50-50,153428,Classic,20.0,0,10,1,180.0,,Sun 1:00PM
195656950,Beginner NFL $20 50-50,153428,Classic,20.0,0,10,1,180.0,,Sun 1:00PM
195656951,Beginner NFL $20 50-50,153428,Classic,20.0,0,10,1,180.0,,Sun 1:00PM
195656934,Beginner NFL $20 5-Player,153428,Classic,20.0,0,5,1,90.0,,Sun 1:00PM
195656935,Beginner NFL $20 5-Player,153428,Classic,20.0,0,5,1,90.0,,Sun 1:00PM
195656936,Beginner NFL $20 5-Player,153428,Classic,20.0,0,5,1,90.0,,Sun 1:00PM
195656916,Beginner NFL $20 3-Player,153428,Classic,20.0,0,3,1,54.0,,Sun 1:00PM
195656917,Beginner NFL $20 3-Player,153428,Classic,20.0,0,3,1,54.0,,Sun 1:00PM
195656918,Beginner NFL $20 3-Player,153428,Classic,20.0,0,3,1,54.0,,Sun 1:00PM
195656946,Beginner NFL $10 50-50,153428,Classic,10.0,0,10,1,90.0,,Sun 1:00PM
195656947,Beginner NFL $10 50-50,153428,Classic,10.0,0,10,1,90.0,,Sun 1:00PM
195656948,Beginner NFL $10 50-50,153428,Classic,10.0,0,10,1,90.0,,Sun 1:00PM
195656931,Beginner NFL $10 5-Player,153428,Classic,10.0,0,5,1,45.0,,Sun 1:00PM
195656932,Beginner NFL $10 5-Player,153428,Classic,10.0,0,5,1,45.0,,Sun 1:00PM
195656933,Beginner NFL $10 5-Player,153428,Classic,10.0,0,5,1,45.0,,Sun 1:00PM
195656913,Beginner NFL $10 3-Player,153428,Classic,10.0,0,3,1,27.0,,Sun 1:00PM
195656914,Beginner NFL $10 3-Player,153428,Classic,10.0,0,3,1,27.0,,Sun 1:00PM
195656915,Beginner NFL $10 3-Player,153428,Classic,10.0,0,3,1,27.0,,Sun 1:00PM
195656943,Beginner NFL $5 50-50,153428,Classic,5.0,0,10,1,45.0,,Sun 1:00PM
195656944,Beginner NFL $5 50-50,153428,Classic,5.0,0,10,1,45.0,,Sun 1:00PM
195656945,Beginner NFL $5 50-50,153428,Classic,5.0,0,10,1,45.0,,Sun 1:00PM
195656928,Beginner NFL $5 5-Player,153428,Classic,5.0,0,5,1,22.5,,Sun 1:00PM
195656929,Beginner NFL $5 5-Player,153428,Classic,5.0,0,5,1,22.5,,Sun 1:00PM
195656930,Beginner NFL $5 5-Player,153428,Classic,5.0,0,5,1,22.5,,Sun 1:00PM
195656907,Beginner NFL $5 3-Player,153428,Classic,5.0,0,3,1,13.5,,Sun 1:00PM
195656908,Beginner NFL $5 3-Player,153428,Classic,5.0,0,3,1,13.5,,Sun 1:00PM
195656909,Beginner NFL $5 3-Player,153428,Classic,5.0,0,3,1,13.5,,Sun 1:00PM
195656940,Beginner NFL $3 50-50,153428,Classic,3.0,0,10,1,27.0,,Sun 1:00PM
195656941,Beginner NFL $3 50-50,153428,Classic,3.0,0,10,1,27.0,,Sun 1:00PM
195656942,Beginner NFL $3 50-50,153428,Classic,3.0,0,10,1,27.0,,Sun 1:00PM
195656925,Beginner NFL $2 5-Player,153428,Classic,2.0,0,5,1,9.0,,Sun 1:00PM
195656926,Beginner NFL $2 5-Player,153428,Classic,2.0,0,5,1,9.0,,Sun 1:00PM
195656927,Beginner NFL $2 5-Player,153428,Classic,2.0,0,5,1,9.0,,Sun 1:00PM
195656919,Beginner NFL $2 3-Player,153428,Classic,2.0,0,3,1,5.4,,Sun 1:00PM
195656920,Beginner NFL $2 3-Player,153428,Classic,2.0,0,3,1,5.4,,Sun 1:00PM
195656921,Beginner NFL $2 3-Player,153428,Classic,2.0,0,3,1,5.4,,Sun 1:00PM
195656937,Beginner NFL $1 50-50,153428,Classic,1.0,0,10,1,9.0,,Sun 1:00PM
195656938,Beginner NFL $1 50-50,153428,Classic,1.0,0,10,1,9.0,,Sun 1:00PM
195656939,Beginner NFL $1 50-50,153428,Classic,1.0,0,10,1,9.0,,Sun 1:00PM
195656923,Beginner NFL $1 5-Player,153428,Classic,1.0,0,5,1,4.5,,Sun 1:00PM
195656924,Beginner NFL $1 5-Player,153428,Classic,1.0,0,5,1,4.5,,Sun 1:00PM
195658813,Beginner NFL $1 5-Player,153428,Classic,1.0,0,5,1,4.5,,Sun 1:00PM
195656910,Beginner NFL $1 3-Player,153428,Classic,1.0,0,3,1,2.7,,Sun 1:00PM
195656911,Beginner NFL $1 3-Player,153428,Classic,1.0,0,3,1,2.7,,Sun 1:00PM
195656912,Beginner NFL $1 3-Player,153428,Classic,1.0,0,3,1,2.7,,Sun 1:00PM
195665329,"NFL $10,600 3-Player",153428,Classic,10600.0,0,3,1,30000.0,,Sun 1:00PM
195665330,"NFL $10,600 3-Player",153428,Classic,10600.0,0,3,1,30000.0,,Sun 1:00PM
195656977,"NFL $5,300 50-50",153428,Classic,5300.0,0,4,1,20000.0,,Sun 1:00PM
195656978,"NFL $5,300 50-50",153428,Classic,5300.0,0,4,1,20000.0,,Sun 1:00PM
195665331,"NFL $5,300 3-Player",153428,Classic,5300.0,0,3,1,15000.0,,Sun 1:00PM
195665332,"NFL $5,300 3-Player",153428,Classic,5300.0,0,3,1,15000.0,,Sun 1:00PM
195657011,"NFL $2,120 50-50",153428,Classic,2120.0,0,4,1,8000.0,,Sun 1:00PM
195657012,"NFL $2,120 50-50",153428,Classic,2120.0,0,4,1,8000.0,,Sun 1:00PM
195657009,"NFL $2,120 5-Player",153428,Classic,2120.0,0,5,1,10000.0,,Sun 1:00PM
195657010,"NFL $2,120 5-Player",153428,Classic,2120.0,0,5,1,10000.0,,Sun 1:00PM
195665342,"NFL $2,120 3-Player",153428,Classic,2120.0,0,3,1,6000.0,,Sun 1:00PM
195665343,"NFL $2,120 3-Player",153428,Classic,2120.0,0,3,1,6000.0,,Sun 1:00PM
195656979,"NFL $1,060 50-50",153428,Classic,1060.0,0,4,1,4000.0,,Sun 1:00PM
195656980,"NFL $1,060 50-50",153428,Classic,1060.0,0,4,1,4000.0,,Sun 1:00PM
195656864,"NFL $1,060 5-Player",153428,Classic,1060.0,0,5,1,5000.0,,Sun 1:00PM
195656865,"NFL $1,060 5-Player",153428,Classic,1060.0,0,5,1,5000.0,,Sun 1:00PM
195665333,"NFL $1,060 3-Player",153428,Classic,1060.0,0,3,1,3000.0,,Sun 1:00PM
195665334,"NFL $1,060 3-Player",153428,Classic,1060.0,0,3,1,3000.0,,Sun 1:00PM
195656983,NFL $530 50-50,153428,Classic,530.0,0,4,1,2000.0,,Sun 1:00PM
195656984,NFL $530 50-50,153428,Classic,530.0,0,4,1,2000.0,,Sun 1:00PM
195657001,NFL $530 50-50,153428,Classic,530.0,0,8,1,4000.0,,Sun 1:00PM
195656891,NFL $530 5-Player,153428,Classic,530.0,0,5,1,2500.0,,Sun 1:00PM
195656892,NFL $530 5-Player,153428,Classic,530.0,0,5,1,2500.0,,Sun 1:00PM
195665335,NFL $530 3-Player,153428,Classic,530.0,0,3,1,1500.0,,Sun 1:00PM
195665336,NFL $530 3-Player,153428,Classic,530.0,0,3,1,1500.0,,Sun 1:00PM
195657000,NFL $270 50-50,153428,Classic,270.0,0,8,1,2000.0,,Sun 1:00PM
195657082,NFL $270 50-50,153428,Classic,270.0,0,4,1,1000.0,,Sun 1:00PM
195657083,NFL $270 50-50,153428,Classic,270.0,0,4,1,1000.0,,Sun 1:00PM
195656952,NFL $270 10-Player,153428,Classic,270.0,0,10,1,2500.0,,Sun 1:00PM
195665337,NFL $270 3-Player,153428,Classic,270.0,0,3,1,750.0,,Sun 1:00PM
195665338,NFL $270 3-Player,153428,Classic,270.0,0,3,1,750.0,,Sun 1:00PM
195656889,NFL $270 5-Player,153428,Classic,270.0,0,5,1,1250.0,,Sun 1:00PM
195656890,NFL $270 5-Player,153428,Classic,270.0,0,5,1,1250.0,,Sun 1:00PM
195656999,NFL $162 50-50,153428,Classic,162.0,0,8,1,1200.0,,Sun 1:00PM
195656874,NFL $162 50-50,153428,Classic,162.0,0,4,1,600.0,,Sun 1:00PM
195656875,NFL $162 50-50,153428,Classic,162.0,0,4,1,600.0,,Sun 1:00PM
195656887,NFL $162 5-Player,153428,Classic,162.0,0,5,1,750.0,,Sun 1:00PM
195656888,NFL $162 5-Player,153428,Classic,162.0,0,5,1,750.0,,Sun 1:00PM
195665326,NFL $162 3-Player,153428,Classic,162.0,0,3,1,450.0,,Sun 1:00PM
195665327,NFL $162 3-Player,153428,Classic,162.0,0,3,1,450.0,,Sun 1:00PM
195665328,NFL $162 3-Player,153428,Classic,162.0,0,3,1,450.0,,Sun 1:00PM
195656906,NFL $109 50-50,153428,Classic,109.0,0,20,1,2000.0,,Sun 1:00PM
195656878,NFL $109 50-50,153428,Classic,109.0,0,10,1,1000.0,,Sun 1:00PM
195656989,NFL $109 50-50,153428,Classic,109.0,0,4,1,400.0,,Sun 1:00PM
195656990,NFL $109 50-50,153428,Classic,109.0,0,4,1,400.0,,Sun 1:00PM
195656991,NFL $109 5-Player,153428,Classic,109.0,0,5,1,500.0,,Sun 1:00PM
195656992,NFL $109 5-Player,153428,Classic,109.0,0,5,1,500.0,,Sun 1:00PM
195665339,NFL $109 3-Player,153428,Classic,109.0,0,3,1,300.0,,Sun 1:00PM
195665340,NFL $109 3-Player,153428,Classic,109.0,0,3,1,300.0,,Sun 1:00PM
195665341,NFL $109 3-Player,153428,Classic,109.0,0,3,1,300.0,,Sun 1:00PM
195656905,NFL $50 50-50,153428,Classic,50.0,0,20,1,900.0,,Sun 1:00PM
195656876,NFL $50 50-50,153428,Classic,50.0,0,10,1,450.0,,Sun 1:00PM
195656877,NFL $50 50-50,153428,Classic,50.0,0,10,1,450.0,,Sun 1:00PM
195656833,NFL $50 50-50,153428,Classic,50.0,0,4,1,180.0,,Sun 1:00PM
195656834,NFL $50 50-50,153428,Classic,50.0,0,4,1,180.0,,Sun 1:00PM
195656835,NFL $50 50-50,153428,Classic,50.0,0,4,1,180.0,,Sun 1:00PM
195657070,NFL $50 Double Up,153428,Classic,50.0,0,22,1,1000.0,,Sun 1:00PM
195657069,NFL $50 Double Up,153428,Classic,50.0,0,11,1,500.0,,Sun 1:00PM
195656955,NFL $50 20-Player,153428,Classic,50.0,0,20,1,900.0,,Sun 1:00PM
195656866,NFL $50 10-Player,153428,Classic,50.0,0,10,1,450.0,,Sun 1:00PM
195656867,NFL $50 10-Player,153428,Classic,50.0,0,10,1,450.0,,Sun 1:00PM
195656842,NFL $50 5-Player,153428,Classic,50.0,0,5,1,225.0,,Sun 1:00PM
195656843,NFL $50 5-Player,153428,Classic,50.0,0,5,1,225.0,,Sun 1:00PM
195665314,NFL $50 3-Player,153428,Classic,50.0,0,3,1,135.0,,Sun 1:00PM
195665315,NFL $50 3-Player,153428,Classic,50.0,0,3,1,135.0,,Sun 1:00PM
195665316,NFL $50 3-Player,153428,Classic,50.0,0,3,1,135.0,,Sun 1:00PM
195664131,NFL $25 Double Up,153428,Classic,25.0,0,22,1,500.0,,Sun 1:00PM
195657067,NFL $25 Double Up,153428,Classic,25.0,0,11,1,250.0,,Sun 1:00PM
195657006,NFL $20 50-50,153428,Classic,20.0,0,50,1,900.0,,Sun 1:00PM
195656903,NFL $20 50-50,153428,Classic,20.0,0,20,1,360.0,,Sun 1:00PM
195656904,NFL $20 50-50,153428,Classic,20.0,0,20,1,360.0,,Sun 1:00PM
195656823,NFL $20 50-50,153428,Classic,20.0,0,10,1,180.0,,Sun 1:00PM
195656824,NFL $20 50-50,153428,Classic,20.0,0,10,1,180.0,,Sun 1:00PM
195659305,NFL $20 100-Player,153428,Classic,20.0,0,100,1,1800.0,,Sun 1:00PM
195656958,NFL $20 40-Player,153428,Classic,20.0,0,40,1,720.0,,Sun 1:00PM
195656953,NFL $20 20-Player,153428,Classic,20.0,0,20,1,360.0,,Sun 1:00PM
195656954,NFL $20 20-Player,153428,Classic,20.0,0,20,1,360.0,,Sun 1:00PM
195656872,NFL $20 10-Player,153428,Classic,20.0,0,10,1,180.0,,Sun 1:00PM
195656873,NFL $20 10-Player,153428,Classic,20.0,0,10,1,180.0,,Sun 1:00PM
195656817,NFL $20 5-Player,153428,Classic,20.0,0,5,1,90.0,,Sun 1:00PM
195656818,NFL $20 5-Player,153428,Classic,20.0,0,5,1,90.0,,Sun 1:00PM
195656819,NFL $20 5-Player,153428,Classic,20.0,0,5,1,90.0,,Sun 1:00PM
195665323,NFL $20 3-Player,153428,Classic,20.0,0,3,1,54.0,,Sun 1:00PM
195665324,NFL $20 3-Player,153428,Classic,20.0,0,3,1,54.0,,Sun 1:00PM
195665325,NFL $20 3-Player,153428,Classic,20.0,0,3,1,54.0,,Sun 1:00PM
195657005,NFL $10 50-50,153428,Classic,10.0,0,50,1,450.0,,Sun 1:00PM
195656882,NFL $10 50-50,153428,Classic,10.0,0,20,1,180.0,,Sun 1:00PM
195656883,NFL $10 50-50,153428,Classic,10.0,0,20,1,180.0,,Sun 1:00PM
195656859,NFL $10 50-50,153428,Classic,10.0,0,10,1,90.0,,Sun 1:00PM
195656860,NFL $10 50-50,153428,Classic,10.0,0,10,1,90.0,,Sun 1:00PM
195657065,NFL $10 Double Up,153428,Classic,10.0,0,11,1,100.0,,Sun 1:00PM
195657066,NFL $10 Double Up,153428,Classic,10.0,0,11,1,100.0,,Sun 1:00PM
195657080,NFL $10 100-Player,153428,Classic,10.0,0,100,1,900.0,,Sun 1:00PM
195656957,NFL $10 40-Player,153428,Classic,10.0,0,40,1,360.0,,Sun 1:00PM
195656868,NFL $10 20-Player,153428,Classic,10.0,0,20,1,180.0,,Sun 1:00PM
195656869,NFL $10 20-Player,153428,Classic,10.0,0,20,1,180.0,,Sun 1:00PM
195656832,NFL $10 10-Player,153428,Classic,10.0,0,10,1,90.0,,Sun 1:00PM
195657970,NFL $10 10-Player,153428,Classic,10.0,0,10,1,90.0,,Sun 1:00PM
195656814,NFL $10 5-Player,153428,Classic,10.0,0,5,1,45.0,,Sun 1:00PM
195656815,NFL $10 5-Player,153428,Classic,10.0,0,5,1,45.0,,Sun 1:00PM
195656816,NFL $10 5-Player,153428,Classic,10.0,0,5,1,45.0,,Sun 1:00PM
195665320,NFL $10 3-Player,153428,Classic,10.0,0,3,1,27.0,,Sun 1:00PM
195665321,NFL $10 3-Player,153428,Classic,10.0,0,3,1,27.0,,Sun 1:00PM
195665322,NFL $10 3-Player,153428,Classic,10.0,0,3,1,27.0,,Sun 1:00PM
195658462,NFL $5 50-50,153428,Classic,5.0,0,100,1,450.0,,Sun 1:00PM
195658624,NFL $5 50-50,153428,Classic,5.0,0,50,1,225.0,,Sun 1:00PM
195656880,NFL $5 50-50,153428,Classic,5.0,0,20,1,90.0,,Sun 1:00PM
195656881,NFL $5 50-50,153428,Classic,5.0,0,20,1,90.0,,Sun 1:00PM
195665724,NFL $5 50-50,153428,Classic,5.0,0,20,1,90.0,,Sun 1:00PM
195656820,NFL $5 50-50,153428,Classic,5.0,0,10,1,45.0,,Sun 1:00PM
195656821,NFL $5 50-50,153428,Classic,5.0,0,10,1,45.0,,Sun 1:00PM
195656822,NFL $5 50-50,153428,Classic,5.0,0,10,1,45.0,,Sun 1:00PM
195657071,NFL $5 Double Up,153428,Classic,5.0,0,11,1,50.0,,Sun 1:00PM
195657072,NFL $5 Double Up,153428,Classic,5.0,0,11,1,50.0,,Sun 1:00PM
195657167,NFL $5 100-Player,153428,Classic,5.0,0,100,1,450.0,,Sun 1:00PM
195657166,NFL $5 40-Player,153428,Classic,5.0,0,40,1,180.0,,Sun 1:00PM
195656870,NFL $5 20-Player,153428,Classic,5.0,0,20,1,90.0,,Sun 1:00PM
195657163,NFL $5 20-Player,153428,Classic,5.0,0,20,1,90.0,,Sun 1:00PM
195656805,NFL $5 10-Player,153428,Classic,5.0,0,10,1,45.0,,Sun 1:00PM
195656806,NFL $5 10-Player,153428,Classic,5.0,0,10,1,45.0,,Sun 1:00PM
195656807,NFL $5 10-Player,153428,Classic,5.0,0,10,1,45.0,,Sun 1:00PM
195656811,NFL $5 5-Player,153428,Classic,5.0,0,5,1,22.5,,Sun 1:00PM
195656813,NFL $5 5-Player,153428,Classic,5.0,0,5,1,22.5,,Sun 1:00PM
195657148,NFL $5 5-Player,153428,Classic,5.0,0,5,1,22.5,,Sun 1:00PM
195665318,NFL $5 3-Player,153428,Classic,5.0,0,3,1,13.5,,Sun 1:00PM
195665319,NFL $5 3-Player,153428,Classic,5.0,0,3,1,13.5,,Sun 1:00PM
195666252,NFL $5 3-Player,153428,Classic,5.0,0,3,1,13.5,,Sun 1:00PM
195665311,NFL $5 3-Player,153428,Classic,5.0,0,3,1,13.5,,Sun 1:00PM
195665312,NFL $5 3-Player,153428,Classic,5.0,0,3,1,13.5,,Sun 1:00PM
195665313,NFL $5 3-Player,153428,Classic,5.0,0,3,1,13.5,,Sun 1:00PM
195657073,NFL $3 Double Up,153428,Classic,3.0,0,11,1,30.0,,Sun 1:00PM
195657074,NFL $3 Double Up,153428,Classic,3.0,0,11,1,30.0,,Sun 1:00PM
195657395,NFL $2 50-50,153428,Classic,2.0,0,100,1,180.0,,Sun 1:00PM
195657003,NFL $2 50-50,153428,Classic,2.0,0,50,1,90.0,,Sun 1:00PM
195656993,NFL $2 50-50,153428,Classic,2.0,0,20,1,36.0,,Sun 1:00PM
195656825,NFL $2 50-50,153428,Classic,2.0,0,20,1,36.0,,Sun 1:00PM
195656826,NFL $2 50-50,153428,Classic,2.0,0,20,1,36.0,,Sun 1:00PM
195656827,NFL $2 50-50,153428,Classic,2.0,0,20,1,36.0,,Sun 1:00PM
195656962,NFL $2 50-50,153428,Classic,2.0,0,10,1,18.0,,Sun 1:00PM
195656963,NFL $2 50-50,153428,Classic,2.0,0,10,1,18.0,,Sun 1:00PM
195656964,NFL $2 50-50,153428,Classic,2.0,0,10,1,18.0,,Sun 1:00PM
195657078,NFL $2 100-Player,153428,Classic,2.0,0,100,1,180.0,,Sun 1:00PM
195656901,NFL $2 40-Player,153428,Classic,2.0,0,40,1,72.0,,Sun 1:00PM
195656902,NFL $2 40-Player,153428,Classic,2.0,0,40,1,72.0,,Sun 1:00PM
195656896,NFL $2 20-Player,153428,Classic,2.0,0,20,1,36.0,,Sun 1:00PM
195656897,NFL $2 20-Player,153428,Classic,2.0,0,20,1,36.0,,Sun 1:00PM
195656898,NFL $2 20-Player,153428,Classic,2.0,0,20,1,36.0,,Sun 1:00PM
195656802,NFL $2 10-Player,153428,Classic,2.0,0,10,1,18.0,,Sun 1:00PM
195656803,NFL $2 10-Player,153428,Classic,2.0,0,10,1,18.0,,Sun 1:00PM
195656804,NFL $2 10-Player,153428,Classic,2.0,0,10,1,18.0,,Sun 1:00PM
195656799,NFL $2 5-Player,153428,Classic,2.0,0,5,1,9.0,,Sun 1:00PM
195656800,NFL $2 5-Player,153428,Classic,2.0,0,5,1,9.0,,Sun 1:00PM
195663447,NFL $2 5-Player,153428,Classic,2.0,0,5,1,9.0,,Sun 1:00PM
195662802,NFL $2 3-Player,153428,Classic,2.0,0,3,1,5.4,,Sun 1:00PM
195662885,NFL $2 3-Player,153428,Classic,2.0,0,3,1,5.4,,Sun 1:00PM
195662896,NFL $2 3-Player,153428,Classic,2.0,0,3,1,5.4,,Sun 1:00PM
195658436,NFL $1 50-50,153428,Classic,1.0,0,100,1,90.0,,Sun 1:00PM
195658437,NFL $1 50-50,153428,Classic,1.0,0,50,1,45.0,,Sun 1:00PM
195658433,NFL $1 50-50,153428,Classic,1.0,0,20,1,18.0,,Sun 1:00PM
195658434,NFL $1 50-50,153428,Classic,1.0,0,20,1,18.0,,Sun 1:00PM
195658435,NFL $1 50-50,153428,Classic,1.0,0,20,1,18.0,,Sun 1:00PM
195658442,NFL $1 50-50,153428,Classic,1.0,0,10,1,9.0,,Sun 1:00PM
195658443,NFL $1 50-50,153428,Classic,1.0,0,10,1,9.0,,Sun 1:00PM
195658444,NFL $1 50-50,153428,Classic,1.0,0,10,1,9.0,,Sun 1:00PM
195664428,NFL $1 Double Up,153428,Classic,1.0,0,11,1,10.0,,Sun 1:00PM
195664429,NFL $1 Double Up,153428,Classic,1.0,0,11,1,10.0,,Sun 1:00PM
195657077,NFL $1 100-Player,153428,Classic,1.0,0,100,1,90.0,,Sun 1:00PM
195656899,NFL $1 40-Player,153428,Classic,1.0,0,40,1,36.0,,Sun 1:00PM
195656900,NFL $1 40-Player,153428,Classic,1.0,0,40,1,36.0,,Sun 1:00PM
195656893,NFL $1 20-Player,153428,Classic,1.0,0,20,1,18.0,,Sun 1:00PM
195656894,NFL $1 20-Player,153428,Classic,1.0,0,20,1,18.0,,Sun 1:00PM
195656895,NFL $1 20-Player,153428,Classic,1.0,0,20,1,18.0,,Sun 1:00PM
195656861,NFL $1 10-Player,153428,Classic,1.0,0,10,1,9.0,,Sun 1:00PM
195656862,NFL $1 10-Player,153428,Classic,1.0,0,10,1,9.0,,Sun 1:00PM
195656863,NFL $1 10-Player,153428,Classic,1.0,0,10,1,9.0,,Sun 1:00PM
195656808,NFL $1 5-Player,153428,Classic,1.0,0,5,1,4.5,,Sun 1:00PM
195656809,NFL $1 5-Player,153428,Classic,1.0,0,5,1,4.5,,Sun 1:00PM
195656810,NFL $1 5-Player,153428,Classic,1.0,0,5,1,4.5,,Sun 1:00PM
195658423,NFL $1 3-Player,153428,Classic,1.0,0,3,1,2.7,,Sun 1:00PM
195658427,NFL $1 3-Player,153428,Classic,1.0,0,3,1,2.7,,Sun 1:00PM
195658428,NFL $1 3-Player,153428,Classic,1.0,0,3,1,2.7,,Sun 1:00PM
