contest_id,name,draft_group,game_type,entry_fee,entries,max_entries,max_per_user,prize_pool,starts_utc,starts_text
196036236,NFL Showdown $600K Wildcat [$150K to 1st] (PHI @ CHI),153790,Showdown Captain Mode,333.0,1807,2002,60,600000.0,2026-09-29 00:15:00+00:00,Mon 8:15PM
196182175,NFL Showdown $100K Monday Night Showdown [$25K to 1st] (PHI @ CHI),153790,Showdown Captain Mode,20.0,4689,5882,150,100000.0,2026-09-29 00:15:00+00:00,Mon 8:15PM
196051830,$14M 2026 Fantasy Football World Championship Qualifier #55 (PHI @ CHI),153790,Showdown Captain Mode,10170.0,9,12,1,104960.0,2026-09-29 00:15:00+00:00,Mon 8:15PM
196151357,NFL $2.75M Fantasy Football Millionaire [$1M to 1st],154078,Classic,20.0,3616,161764,150,2750000.0,2026-10-04 17:00:00+00:00,Sun 1:00PM
196151359,NFL $2.5M MEGA Millionaire [$1M to 1st],154078,Classic,4444.0,16,634,19,2536000.0,2026-10-04 17:00:00+00:00,Sun 1:00PM
196040324,$3M NFL King of the Desert Qualifier #30 (PHI @ CHI),153790,Showdown Captain Mode,400.0,44,67,2,22800.0,2026-09-29 00:15:00+00:00,Mon 8:15PM
195745385,NFL $6M Midseason Main Event [$1.5M to 1st],153728,Classic,1500.0,22,4444,133,6000000.0,2026-11-01 18:00:00+00:00,Sun 1:00PM
196181068,NFL Showdown $15K Bubble Screen [Single Entry] (PHI @ CHI),153790,Showdown Captain Mode,15.0,929,1176,1,15000.0,2026-09-29 00:15:00+00:00,Mon 8:15PM
196184185,NFL Showdown $1K Bubble Screen [Single Entry] (PHI @ CHI),153790,Showdown Captain Mode,15.0,63,78,1,1000.0,2026-09-29 00:15:00+00:00,Mon 8:15PM
196178253,NFL Showdown $10K Goal Line [3 Entry Max] (PHI @ CHI),153790,Showdown Captain Mode,75.0,71,151,3,10000.0,2026-09-29 00:15:00+00:00,Mon 8:15PM
196184694,NFL Showdown $4K Huddle [Single Entry] (PHI @ CHI),153790,Showdown Captain Mode,5.0,356,951,1,4000.0,2026-09-29 00:15:00+00:00,Mon 8:15PM
196184186,NFL Showdown $8K Play-Action [20 Entry Max] (PHI @ CHI),153790,Showdown Captain Mode,3.0,1373,3170,20,8000.0,2026-09-29 00:15:00+00:00,Mon 8:15PM
196179624,NFL Showdown $10K Hard Count [5 Entry Max] (PHI @ CHI),153790,Showdown Captain Mode,20.0,382,588,5,10000.0,2026-09-29 00:15:00+00:00,Mon 8:15PM
196036267,NFL Showdown Single Entry $25 Double Up (PHI @ CHI),153790,Showdown Captain Mode,25.0,256,275,1,6000.0,2026-09-29 00:15:00+00:00,Mon 8:15PM
196181847,NFL Showdown Single Entry $25 Double Up (PHI @ CHI),153790,Showdown Captain Mode,25.0,37,45,1,1000.0,2026-09-29 00:15:00+00:00,Mon 8:15PM
196179919,NFL Showdown Single Entry $25 Double Up (PHI @ CHI),153790,Showdown Captain Mode,25.0,41,45,1,1000.0,2026-09-29 00:15:00+00:00,Mon 8:15PM
196177065,NFL Showdown Single Entry $25 Double Up (PHI @ CHI),153790,Showdown Captain Mode,25.0,27,34,1,750.0,2026-09-29 00:15:00+00:00,Mon 8:15PM
196180653,NFL Showdown Single Entry $25 Double Up (PHI @ CHI),153790,Showdown Captain Mode,25.0,28,34,1,750.0,2026-09-29 00:15:00+00:00,Mon 8:15PM
196050975,NFL In-Game $15K 2nd Half Clash [$5K to 1st] (2H PHI @ CHI),153795,In-Game Showdown (H2),20.0,103,882,26,15000.0,2026-09-29 01:15:00+00:00,Mon 9:15PM
196051456,NFL In-Game $20K Thunderdome [Must Fill] (2H PHI @ CHI),153795,In-Game Showdown (H2),5300.0,0,4,1,20000.0,2026-09-29 01:15:00+00:00,Mon 9:15PM
196050972,NFL In-Game $1.8K Deep Threat [Single Entry] (2H PHI @ CHI),153795,In-Game Showdown (H2),180.0,0,11,1,1800.0,2026-09-29 01:15:00+00:00,Mon 9:15PM
196151355,NFL $1.25M Wildcat [$250K to 1st],154078,Classic,333.0,97,4170,125,1250000.0,2026-10-04 17:00:00+00:00,Sun 1:00PM
196151358,NFL $700K Play-Action [20 Entry Max],154078,Classic,3.0,6849,277447,20,700000.0,2026-10-04 17:00:00+00:00,Sun 1:00PM
196037608,NFL $4.8K Wildcat [Single Entry] (Mon-Thu),153809,Classic,333.0,10,16,1,4800.0,2026-09-29 00:15:00+00:00,Mon 8:15PM
196037617,NFL $4K Spy [Single Entry] (Mon-Thu),153809,Classic,100.0,34,44,1,4000.0,2026-09-29 00:15:00+00:00,Mon 8:15PM
196037619,NFL $6K Pylon [Single Entry] (Mon-Thu),153809,Classic,3.0,2116,2378,1,6000.0,2026-09-29 00:15:00+00:00,Mon 8:15PM
196037606,NFL $6K Fair Catch [Single Entry] (Mon-Thu),153809,Classic,12.0,539,588,1,6000.0,2026-09-29 00:15:00+00:00,Mon 8:15PM
196180524,NFL $1.5K Flea Flicker (Mon-Thu),153809,Classic,5.0,176,356,10,1500.0,2026-09-29 00:15:00+00:00,Mon 8:15PM
196037612,NFL $5K First Down [20 Entry Max] (Mon-Thu),153809,Classic,1.0,5460,5945,20,5000.0,2026-09-29 00:15:00+00:00,Mon 8:15PM
196037989,NFL Single Stat $3K Winner Take All [20 Entry Max] (PHI @ CHI Total Yards),153808,Single Stat - Total Yards,5.0,589,713,20,3000.0,2026-09-29 00:15:00+00:00,Mon 8:15PM
196037948,NFL Single Stat $1K Winner Take All [Single Entry] (PHI @ CHI Total Yards),153808,Single Stat - Total Yards,5.0,183,237,1,1000.0,2026-09-29 00:15:00+00:00,Mon 8:15PM
196038297,NFL Single Stat $20K Thunderdome [Must Fill] (PHI @ CHI Total Yards),153808,Single Stat - Total Yards,5300.0,0,4,1,20000.0,2026-09-29 00:15:00+00:00,Mon 8:15PM
196036221,NFL Showdown $250 Double Up (PHI @ CHI),153790,Showdown Captain Mode,250.0,69,71,2,16000.0,2026-09-29 00:15:00+00:00,Mon 8:15PM
196039287,"NFL Showdown $5,085 2026 FFWC Qualifier Satellite (PHI @ CHI)",153790,Showdown Captain Mode,84.0,57,68,2,5085.0,2026-09-29 00:15:00+00:00,Mon 8:15PM
196039288,"NFL Showdown $5,085 2026 FFWC Qualifier Satellite (PHI @ CHI)",153790,Showdown Captain Mode,513.0,10,11,1,5085.0,2026-09-29 00:15:00+00:00,Mon 8:15PM
196180646,NFL Showdown $6K Cover Four [3 Entry Max] (PHI @ CHI),153790,Showdown Captain Mode,4.0,881,1783,3,6000.0,2026-09-29 00:15:00+00:00,Mon 8:15PM
196036214,NFL Showdown $25K Checkdown Pass [Single Entry] (PHI @ CHI),153790,Showdown Captain Mode,777.0,33,35,1,25000.0,2026-09-29 00:15:00+00:00,Mon 8:15PM
196181054,NFL Showdown $7.5K Red Zone [Single Entry] (PHI @ CHI),153790,Showdown Captain Mode,50.0,129,170,1,7500.0,2026-09-29 00:15:00+00:00,Mon 8:15PM
196182438,NFL Showdown $3K Red Zone [Single Entry] (PHI @ CHI),153790,Showdown Captain Mode,50.0,32,68,1,3000.0,2026-09-29 00:15:00+00:00,Mon 8:15PM
196180391,NFL Showdown $10K Bootleg [$2K to 1st] (PHI @ CHI),153790,Showdown Captain Mode,33.0,301,353,10,10000.0,2026-09-29 00:15:00+00:00,Mon 8:15PM
196036251,NFL Showdown $10K Double Spy [Single Entry] (PHI @ CHI),153790,Showdown Captain Mode,200.0,49,55,1,10000.0,2026-09-29 00:15:00+00:00,Mon 8:15PM
196180568,NFL Showdown $4K Dimeback [Single Entry] (PHI @ CHI),153790,Showdown Captain Mode,6.0,535,784,1,4000.0,2026-09-29 00:15:00+00:00,Mon 8:15PM
196039294,"NFL Showdown Satellite to NFL 10-12 $4,444 Showdown MEGA Millionaire (PHI @ CHI)",153790,Showdown Captain Mode,176.0,16,28,1,4444.0,2026-09-29 00:15:00+00:00,Mon 8:15PM
196039295,"NFL Showdown Satellite to NFL 10-12 $4,444 Showdown MEGA Millionaire (PHI @ CHI)",153790,Showdown Captain Mode,176.0,16,28,1,4444.0,2026-09-29 00:15:00+00:00,Mon 8:15PM
196039293,"NFL Showdown Satellite to NFL 10-12 $4,444 Showdown MEGA Millionaire (PHI @ CHI)",153790,Showdown Captain Mode,70.0,47,72,2,4444.0,2026-09-29 00:15:00+00:00,Mon 8:15PM
196039150,"NFL Showdown Satellite to NFL $4,444 Fantasy Football MEGA Millionaire (PHI @ CHI)",153790,Showdown Captain Mode,176.0,20,28,1,4444.0,2026-09-29 00:15:00+00:00,Mon 8:15PM
196039152,"NFL Showdown Satellite to NFL $4,444 Fantasy Football MEGA Millionaire (PHI @ CHI)",153790,Showdown Captain Mode,176.0,20,28,1,4444.0,2026-09-29 00:15:00+00:00,Mon 8:15PM
196039151,"NFL Showdown Satellite to NFL $4,444 Fantasy Football MEGA Millionaire (PHI @ CHI)",153790,Showdown Captain Mode,176.0,19,28,1,4444.0,2026-09-29 00:15:00+00:00,Mon 8:15PM
196181997,NFL Showdown $10K Flea Flicker [$2K to 1st] (PHI @ CHI),153790,Showdown Captain Mode,5.0,2168,2378,71,10000.0,2026-09-29 00:15:00+00:00,Mon 8:15PM
196180013,NFL Showdown $4K Quarter Jukebox [Just $0.25!] (PHI @ CHI),153790,Showdown Captain Mode,0.25,12946,19024,20,4000.0,2026-09-29 00:15:00+00:00,Mon 8:15PM
196184561,NFL Showdown $1.17K Spy [Single Entry] (PHI @ CHI),153790,Showdown Captain Mode,100.0,9,13,1,1170.0,2026-09-29 00:15:00+00:00,Mon 8:15PM
196180672,NFL Showdown $3K Power Sweep [Single Entry] (PHI @ CHI),153790,Showdown Captain Mode,150.0,16,22,1,3000.0,2026-09-29 00:15:00+00:00,Mon 8:15PM
196178992,NFL Showdown $5K Safety [20 Entry Max] (PHI @ CHI),153790,Showdown Captain Mode,2.0,2613,2972,20,5000.0,2026-09-29 00:15:00+00:00,Mon 8:15PM
196184975,NFL Showdown $300 Safety (PHI @ CHI),153790,Showdown Captain Mode,2.0,21,178,5,300.0,2026-09-29 00:15:00+00:00,Mon 8:15PM
196039297,"NFL Showdown Satellite to NFL 10-12 $4,444 Showdown MEGA Millionaire (PHI @ CHI)",153790,Showdown Captain Mode,448.0,8,11,1,4444.0,2026-09-29 00:15:00+00:00,Mon 8:15PM
196039296,"NFL Showdown Satellite to NFL 10-12 $4,444 Showdown MEGA Millionaire (PHI @ CHI)",153790,Showdown Captain Mode,448.0,8,11,1,4444.0,2026-09-29 00:15:00+00:00,Mon 8:15PM
196039155,"NFL Showdown Satellite to NFL $4,444 Fantasy Football MEGA Millionaire (PHI @ CHI)",153790,Showdown Captain Mode,75.0,51,67,2,4444.0,2026-09-29 00:15:00+00:00,Mon 8:15PM
196039154,"NFL Showdown Satellite to NFL $4,444 Fantasy Football MEGA Millionaire (PHI @ CHI)",153790,Showdown Captain Mode,75.0,50,67,2,4444.0,2026-09-29 00:15:00+00:00,Mon 8:15PM
196039153,"NFL Showdown Satellite to NFL $4,444 Fantasy Football MEGA Millionaire (PHI @ CHI)",153790,Showdown Captain Mode,75.0,49,67,2,4444.0,2026-09-29 00:15:00+00:00,Mon 8:15PM
196039292,"NFL Showdown Satellite to NFL 10-12 $4,444 Showdown MEGA Millionaire (PHI @ CHI)",153790,Showdown Captain Mode,37.0,111,140,4,4444.0,2026-09-29 00:15:00+00:00,Mon 8:15PM
196039156,"NFL Showdown Satellite to NFL $4,444 Fantasy Football MEGA Millionaire (PHI @ CHI)",153790,Showdown Captain Mode,37.0,116,140,4,4444.0,2026-09-29 00:15:00+00:00,Mon 8:15PM
196039157,"NFL Showdown Satellite to NFL $4,444 Fantasy Football MEGA Millionaire (PHI @ CHI)",153790,Showdown Captain Mode,37.0,118,140,4,4444.0,2026-09-29 00:15:00+00:00,Mon 8:15PM
196039303,NFL Showdown Satellite to NFL 11-1 Midseason Main Event (PHI @ CHI),153790,Showdown Captain Mode,151.0,8,11,1,1500.0,2026-09-29 00:15:00+00:00,Mon 8:15PM
196177802,NFL Showdown Single Entry $2 Double Up (PHI @ CHI),153790,Showdown Captain Mode,2.0,225,287,1,500.0,2026-09-29 00:15:00+00:00,Mon 8:15PM
196036275,"NFL Showdown $1,060 50-50 [Top 50% Win] (PHI @ CHI)",153790,Showdown Captain Mode,1060.0,11,12,1,12000.0,2026-09-29 00:15:00+00:00,Mon 8:15PM
196036282,NFL Showdown Single Entry $250 Double Up (PHI @ CHI),153790,Showdown Captain Mode,250.0,10,11,1,2500.0,2026-09-29 00:15:00+00:00,Mon 8:15PM
196036261,NFL Showdown Single Entry $250 Double Up (PHI @ CHI),153790,Showdown Captain Mode,250.0,9,11,1,2500.0,2026-09-29 00:15:00+00:00,Mon 8:15PM
196183050,NFL Showdown $6K mini-MAX [150 Entry Max] (PHI @ CHI),153790,Showdown Captain Mode,0.5,12531,14268,150,6000.0,2026-09-29 00:15:00+00:00,Mon 8:15PM
196039900,NFL Showdown $100K Heavy Hitter [Must Fill] (PHI @ CHI),153790,Showdown Captain Mode,26200.0,2,4,1,100000.0,2026-09-29 00:15:00+00:00,Mon 8:15PM
196039901,NFL Showdown $75K Heavy Hitter [Must Fill] (PHI @ CHI),153790,Showdown Captain Mode,26200.0,2,3,1,75000.0,2026-09-29 00:15:00+00:00,Mon 8:15PM
196039902,NFL Showdown $60K Nosebleed Section [Must Fill] (PHI @ CHI),153790,Showdown Captain Mode,10600.0,1,6,1,60000.0,2026-09-29 00:15:00+00:00,Mon 8:15PM
196184263,NFL Showdown $1.5K First Down [20 Entry Max] (PHI @ CHI),153790,Showdown Captain Mode,1.0,1374,1783,20,1500.0,2026-09-29 00:15:00+00:00,Mon 8:15PM
196183202,NFL Showdown Single Entry $5 Double Up (PHI @ CHI),153790,Showdown Captain Mode,5.0,85,91,1,400.0,2026-09-29 00:15:00+00:00,Mon 8:15PM
196184527,NFL Showdown Single Entry $5 Double Up (PHI @ CHI),153790,Showdown Captain Mode,5.0,25,45,1,200.0,2026-09-29 00:15:00+00:00,Mon 8:15PM
196185605,NFL Showdown Single Entry $5 Double Up (PHI @ CHI),153790,Showdown Captain Mode,5.0,1,45,1,200.0,2026-09-29 00:15:00+00:00,Mon 8:15PM
196183863,NFL Showdown Single Entry $5 Double Up (PHI @ CHI),153790,Showdown Captain Mode,5.0,37,39,1,170.0,2026-09-29 00:15:00+00:00,Mon 8:15PM
196185606,NFL Showdown Single Entry $5 Double Up (PHI @ CHI),153790,Showdown Captain Mode,5.0,0,34,1,150.0,2026-09-29 00:15:00+00:00,Mon 8:15PM
196185610,NFL Showdown Single Entry $5 Double Up (PHI @ CHI),153790,Showdown Captain Mode,5.0,1,34,1,150.0,2026-09-29 00:15:00+00:00,Mon 8:15PM
196184977,NFL Showdown Single Entry $5 Double Up (PHI @ CHI),153790,Showdown Captain Mode,5.0,9,34,1,150.0,2026-09-29 00:15:00+00:00,Mon 8:15PM
196184059,NFL Showdown Single Entry $5 Double Up (PHI @ CHI),153790,Showdown Captain Mode,5.0,31,34,1,150.0,2026-09-29 00:15:00+00:00,Mon 8:15PM
196039899,NFL Showdown $20K Thunderdome [Must Fill] (PHI @ CHI),153790,Showdown Captain Mode,5300.0,2,4,1,20000.0,2026-09-29 00:15:00+00:00,Mon 8:15PM
196184526,NFL Showdown $300 Singleback [3 Entry Max] (PHI @ CHI),153790,Showdown Captain Mode,1.0,202,356,3,300.0,2026-09-29 00:15:00+00:00,Mon 8:15PM
196181042,NFL Showdown $300 Fair Catch [Single Entry] (PHI @ CHI),153790,Showdown Captain Mode,12.0,27,29,1,300.0,2026-09-29 00:15:00+00:00,Mon 8:15PM
196184071,NFL Showdown $150 Dime Package [Just $0.10!] (PHI @ CHI),153790,Showdown Captain Mode,0.1,1680,1783,20,150.0,2026-09-29 00:15:00+00:00,Mon 8:15PM
196039304,NFL Showdown SUPERSatellite to NFL 11-1 Midseason Main Event [2x] (PHI @ CHI),153790,Showdown Captain Mode,50.0,59,68,2,3000.0,2026-09-29 00:15:00+00:00,Mon 8:15PM
196178986,NFL Showdown Satellite to NFL $555 Fantasy Football Millionaire (PHI @ CHI),153790,Showdown Captain Mode,22.0,21,29,1,555.0,2026-09-29 00:15:00+00:00,Mon 8:15PM
196177872,NFL Showdown Satellite to NFL $555 Fantasy Football Millionaire (PHI @ CHI),153790,Showdown Captain Mode,22.0,21,29,1,555.0,2026-09-29 00:15:00+00:00,Mon 8:15PM
196037618,NFL $1.5K Red Zone [Single Entry] (Mon-Thu),153809,Classic,50.0,25,34,1,1500.0,2026-09-29 00:15:00+00:00,Mon 8:15PM
196156886,NFL $20K Thunderdome [Must Fill] (Mon-Thu),153809,Classic,5300.0,0,4,1,20000.0,2026-09-29 00:15:00+00:00,Mon 8:15PM
196037611,NFL $2K Play-Action [20 Entry Max] (Mon-Thu),153809,Classic,3.0,682,792,20,2000.0,2026-09-29 00:15:00+00:00,Mon 8:15PM
196180038,NFL $750 Bootleg [Single Entry] (Mon-Thu),153809,Classic,33.0,13,26,1,750.0,2026-09-29 00:15:00+00:00,Mon 8:15PM
196037607,NFL Single Entry $2 Double Up (Mon-Thu),153809,Classic,2.0,111,114,1,200.0,2026-09-29 00:15:00+00:00,Mon 8:15PM
196037616,NFL $2K Nickel [3 Entry Max] (Mon-Thu),153809,Classic,5.0,423,475,3,2000.0,2026-09-29 00:15:00+00:00,Mon 8:15PM
196037613,NFL $2.5K mini-MAX [150 Entry Max] (Mon-Thu),153809,Classic,0.5,5584,5945,150,2500.0,2026-09-29 00:15:00+00:00,Mon 8:15PM
196156889,"NFL $10,170 2026 FFWC Qualifier Satellite [Must Fill] (Mon-Thu)",153809,Classic,3592.0,0,3,1,10170.0,2026-09-29 00:15:00+00:00,Mon 8:15PM
196037605,NFL $500 Singleback [3 Entry Max] (Mon-Thu),153809,Classic,1.0,522,594,3,500.0,2026-09-29 00:15:00+00:00,Mon 8:15PM
196156887,"NFL Satellite to NFL $4,444 Fantasy Football MEGA Millionaire [Must Fill] (Mon-Thu)",153809,Classic,1570.0,0,3,1,4444.0,2026-09-29 00:15:00+00:00,Mon 8:15PM
196051556,NFL In-Game $20K Thunderdome [Must Fill] (4Q PHI @ CHI),153796,In-Game Showdown (Q4),5300.0,0,4,1,20000.0,2026-09-29 01:45:00+00:00,Mon 9:45PM
196050982,NFL In-Game $3K 4th Quarter Finish [$1K to 1st] (4Q PHI @ CHI),153796,In-Game Showdown (Q4),15.0,34,235,7,3000.0,2026-09-29 01:45:00+00:00,Mon 9:45PM
196051559,"NFL In-Game $10,170 2026 FFWC Qualifier Satellite [Must Fill] (4Q PHI @ CHI)",153796,In-Game Showdown (Q4),3592.0,0,3,1,10170.0,2026-09-29 01:45:00+00:00,Mon 9:45PM
196051557,"NFL In-Game Satellite to NFL $4,444 Fantasy Football MEGA Millionaire [Must Fill] (4Q PHI @ CHI)",153796,In-Game Showdown (Q4),1570.0,0,3,1,4444.0,2026-09-29 01:45:00+00:00,Mon 9:45PM
196050981,NFL In-Game $285 Bootleg [Single Entry] (4Q PHI @ CHI),153796,In-Game Showdown (Q4),33.0,0,10,1,285.0,2026-09-29 01:45:00+00:00,Mon 9:45PM
196039905,"NFL Showdown $10,170 2026 FFWC Qualifier Satellite [Must Fill] (PHI @ CHI)",153790,Showdown Captain Mode,3592.0,2,3,1,10170.0,2026-09-29 00:15:00+00:00,Mon 8:15PM
196039161,NFL Showdown Satellite to NFL $555 Fantasy Football Millionaire (PHI @ CHI),153790,Showdown Captain Mode,90.0,6,7,1,555.0,2026-09-29 00:15:00+00:00,Mon 8:15PM
196036265,NFL Showdown Single Entry $50 Double Up (PHI @ CHI),153790,Showdown Captain Mode,50.0,61,68,1,3000.0,2026-09-29 00:15:00+00:00,Mon 8:15PM
196179945,NFL Showdown Single Entry $50 Double Up (PHI @ CHI),153790,Showdown Captain Mode,50.0,29,45,1,2000.0,2026-09-29 00:15:00+00:00,Mon 8:15PM
196036225,NFL Showdown $50 Double Up (PHI @ CHI),153790,Showdown Captain Mode,50.0,66,68,2,3000.0,2026-09-29 00:15:00+00:00,Mon 8:15PM
196180636,NFL Showdown Single Entry $10 Double Up (PHI @ CHI),153790,Showdown Captain Mode,10.0,110,114,1,1000.0,2026-09-29 00:15:00+00:00,Mon 8:15PM
196181252,NFL Showdown Single Entry $10 Double Up (PHI @ CHI),153790,Showdown Captain Mode,10.0,56,57,1,500.0,2026-09-29 00:15:00+00:00,Mon 8:15PM
196184999,NFL Showdown Single Entry $10 Double Up (PHI @ CHI),153790,Showdown Captain Mode,10.0,3,57,1,500.0,2026-09-29 00:15:00+00:00,Mon 8:15PM
196036227,NFL Showdown $25 Double Up (PHI @ CHI),153790,Showdown Captain Mode,25.0,99,101,3,2200.0,2026-09-29 00:15:00+00:00,Mon 8:15PM
196184976,NFL Showdown $2 Double Up (PHI @ CHI),153790,Showdown Captain Mode,2.0,5,23,1,40.0,2026-09-29 00:15:00+00:00,Mon 8:15PM
196038300,"NFL Single Stat $10,170 2026 FFWC Qualifier Satellite [Must Fill] (PHI @ CHI Total Yards)",153808,Single Stat - Total Yards,3592.0,0,3,1,10170.0,2026-09-29 00:15:00+00:00,Mon 8:15PM
196038305,NFL Single Stat Satellite to NFL 10-25 Midseason Warm Up Millionaire [Must Fill] (PHI @ CHI Total Ya,153808,Single Stat - Total Yards,55.0,0,3,1,150.0,2026-09-29 00:15:00+00:00,Mon 8:15PM
196038298,"NFL Single Stat Satellite to NFL $4,444 Fantasy Football MEGA Millionaire [Must Fill] (PHI @ CHI Tot",153808,Single Stat - Total Yards,1570.0,0,3,1,4444.0,2026-09-29 00:15:00+00:00,Mon 8:15PM
196038301,"NFL Single Stat Satellite to NFL 10-12 $4,444 Showdown MEGA Millionaire [Must Fill] (PHI @ CHI Total",153808,Single Stat - Total Yards,1570.0,0,3,1,4444.0,2026-09-29 00:15:00+00:00,Mon 8:15PM
196038296,"NFL Single Stat $1,060 Winner Take All [$4K to 1st] (Must Fill) (PHI @ CHI Total Yards)",153808,Single Stat - Total Yards,1060.0,0,4,1,4000.0,2026-09-29 00:15:00+00:00,Mon 8:15PM
196050979,NFL In-Game $1K Huddle [Single Entry] (2H PHI @ CHI),153795,In-Game Showdown (H2),5.0,60,237,1,1000.0,2026-09-29 01:15:00+00:00,Mon 9:15PM
196051132,NFL In-Game $267 Winner Take All [$1K to 1st] (2H PHI @ CHI),153795,In-Game Showdown (H2),267.0,0,4,1,1000.0,2026-09-29 01:15:00+00:00,Mon 9:15PM
196051459,"NFL In-Game $10,170 2026 FFWC Qualifier Satellite [Must Fill] (2H PHI @ CHI)",153795,In-Game Showdown (H2),3592.0,0,3,1,10170.0,2026-09-29 01:15:00+00:00,Mon 9:15PM
196050976,NFL In-Game $500 Play-Action (2H PHI @ CHI),153795,In-Game Showdown (H2),3.0,35,198,5,500.0,2026-09-29 01:15:00+00:00,Mon 9:15PM
196050974,NFL In-Game $600 Bootleg [Single Entry] (2H PHI @ CHI),153795,In-Game Showdown (H2),33.0,2,21,1,600.0,2026-09-29 01:15:00+00:00,Mon 9:15PM
196039903,"NFL Showdown Satellite to NFL $4,444 Fantasy Football MEGA Millionaire [Must Fill] (PHI @ CHI)",153790,Showdown Captain Mode,1570.0,2,3,1,4444.0,2026-09-29 00:15:00+00:00,Mon 8:15PM
196039906,"NFL Showdown Satellite to NFL 10-12 $4,444 Showdown MEGA Millionaire [Must Fill] (PHI @ CHI)",153790,Showdown Captain Mode,1570.0,1,3,1,4444.0,2026-09-29 00:15:00+00:00,Mon 8:15PM
196039909,NFL Showdown Satellite to NFL 11-1 Midseason Main Event [Must Fill] (PHI @ CHI),153790,Showdown Captain Mode,530.0,2,3,1,1500.0,2026-09-29 00:15:00+00:00,Mon 8:15PM
196040059,NFL Showdown Satellite to NBA $888 MEGA 8's Special (10-21) [Must Fill] (PHI @ CHI),153790,Showdown Captain Mode,322.0,2,3,1,888.0,2026-09-29 00:15:00+00:00,Mon 8:15PM
196039904,NFL Showdown Satellite to NFL $555 Fantasy Football Millionaire [Must Fill] (PHI @ CHI),153790,Showdown Captain Mode,201.0,2,3,1,555.0,2026-09-29 00:15:00+00:00,Mon 8:15PM
196156890,"NFL Satellite to NFL 10-12 $4,444 Showdown MEGA Millionaire [Must Fill] (Mon-Thu)",153809,Classic,1570.0,0,3,1,4444.0,2026-09-29 00:15:00+00:00,Mon 8:15PM
196156893,NFL Satellite to NFL 11-1 Midseason Main Event [Must Fill] (Mon-Thu),153809,Classic,530.0,0,3,1,1500.0,2026-09-29 00:15:00+00:00,Mon 8:15PM
196156888,NFL Satellite to NFL $555 Fantasy Football Millionaire [Must Fill] (Mon-Thu),153809,Classic,201.0,0,3,1,555.0,2026-09-29 00:15:00+00:00,Mon 8:15PM
196156894,NFL Satellite to NFL 10-25 Midseason Warm Up Millionaire [Must Fill] (Mon-Thu),153809,Classic,55.0,0,3,1,150.0,2026-09-29 00:15:00+00:00,Mon 8:15PM
196156885,"NFL $1,060 Winner Take All [$4K to 1st] (Must Fill) (Mon-Thu)",153809,Classic,1060.0,1,4,1,4000.0,2026-09-29 00:15:00+00:00,Mon 8:15PM
196038304,NFL Single Stat Satellite to NFL 11-1 Midseason Main Event [Must Fill] (PHI @ CHI Total Yards),153808,Single Stat - Total Yards,530.0,0,3,1,1500.0,2026-09-29 00:15:00+00:00,Mon 8:15PM
196038299,NFL Single Stat Satellite to NFL $555 Fantasy Football Millionaire [Must Fill] (PHI @ CHI Total Yard,153808,Single Stat - Total Yards,201.0,0,3,1,555.0,2026-09-29 00:15:00+00:00,Mon 8:15PM
196038303,NFL Single Stat Satellite to NFL $333 Wildcat [Must Fill] (PHI @ CHI Total Yards),153808,Single Stat - Total Yards,121.0,0,3,1,333.0,2026-09-29 00:15:00+00:00,Mon 8:15PM
196151360,"NFL $500K Power Sweep [$100K to 1st, 5 Entry Max]",154078,Classic,150.0,115,3703,5,500000.0,2026-10-04 17:00:00+00:00,Sun 1:00PM
196169713,"NFL $250K Power Sweep [$50K to 1st, 3 Entry Max]",154078,Classic,150.0,14,1851,3,250000.0,2026-10-04 17:00:00+00:00,Sun 1:00PM
196169714,"NFL $150K Power Sweep [$30K to 1st, 3 Entry Max]",154078,Classic,150.0,11,1111,3,150000.0,2026-10-04 17:00:00+00:00,Sun 1:00PM
196169758,NFL Single Entry $5 Double Up,154078,Classic,5.0,40,3448,1,15000.0,2026-10-04 17:00:00+00:00,Sun 1:00PM
196169760,NFL Single Entry $5 Double Up,154078,Classic,5.0,26,2758,1,12000.0,2026-10-04 17:00:00+00:00,Sun 1:00PM
196169761,NFL Single Entry $5 Double Up,154078,Classic,5.0,28,2298,1,10000.0,2026-10-04 17:00:00+00:00,Sun 1:00PM
196169729,"NFL $400K Spy [$100K to 1st, Single Entry]",154078,Classic,100.0,70,4444,1,400000.0,2026-10-04 17:00:00+00:00,Sun 1:00PM
196169730,"NFL $200K Spy [$50K to 1st, Single Entry]",154078,Classic,100.0,19,2222,1,200000.0,2026-10-04 17:00:00+00:00,Sun 1:00PM
196169731,"NFL $75K Spy [$15K to 1st, Single Entry]",154078,Classic,100.0,18,833,1,75000.0,2026-10-04 17:00:00+00:00,Sun 1:00PM
196050977,NFL In-Game $500 First Down (2H PHI @ CHI),153795,In-Game Showdown (H2),1.0,154,594,17,500.0,2026-09-29 01:15:00+00:00,Mon 9:15PM
196051457,"NFL In-Game Satellite to NFL $4,444 Fantasy Football MEGA Millionaire [Must Fill] (2H PHI @ CHI)",153795,In-Game Showdown (H2),1570.0,0,3,1,4444.0,2026-09-29 01:15:00+00:00,Mon 9:15PM
196051460,"NFL In-Game Satellite to NFL 10-12 $4,444 Showdown MEGA Millionaire [Must Fill] (2H PHI @ CHI)",153795,In-Game Showdown (H2),1570.0,0,3,1,4444.0,2026-09-29 01:15:00+00:00,Mon 9:15PM
196051455,"NFL In-Game $1,060 Winner Take All [$4K to 1st] (Must Fill) (2H PHI @ CHI)",153795,In-Game Showdown (H2),1060.0,0,4,1,4000.0,2026-09-29 01:15:00+00:00,Mon 9:15PM
196051463,NFL In-Game Satellite to NFL 11-1 Midseason Main Event [Must Fill] (2H PHI @ CHI),153795,In-Game Showdown (H2),530.0,0,3,1,1500.0,2026-09-29 01:15:00+00:00,Mon 9:15PM
196040027,NFL Showdown Satellite to NHL 11-3 $555 Barn Burner [Must Fill] (PHI @ CHI),153790,Showdown Captain Mode,201.0,1,3,1,555.0,2026-09-29 00:15:00+00:00,Mon 8:15PM
196040060,NFL Showdown Satellite to UFC 332 $555 Knockout Special (10-3) [Must Fill] (PHI @ CHI),153790,Showdown Captain Mode,201.0,1,3,1,555.0,2026-09-29 00:15:00+00:00,Mon 8:15PM
196180825,NFL Showdown Satellite to NFL $333 Wildcat (PHI @ CHI),153790,Showdown Captain Mode,75.0,2,5,1,333.0,2026-09-29 00:15:00+00:00,Mon 8:15PM
196040031,LAST SHOT: NFL Showdown Satellite to MLB 9-29 $333 Postseason Perfect Game (PHI @ CHI),153790,Showdown Captain Mode,5.0,56,79,2,333.0,2026-09-29 00:15:00+00:00,Mon 8:15PM
196040028,NFL Showdown Satellite to NHL 10-13 $360 Spin-O-Rama (PHI @ CHI),153790,Showdown Captain Mode,5.0,67,85,2,360.0,2026-09-29 00:15:00+00:00,Mon 8:15PM
196169752,NFL GIANT $25 Double Up [Single Entry],154078,Classic,25.0,31,2758,1,60000.0,2026-10-04 17:00:00+00:00,Sun 1:00PM
196169753,NFL GIANT $25 Double Up [Single Entry],154078,Classic,25.0,18,1839,1,40000.0,2026-10-04 17:00:00+00:00,Sun 1:00PM
196169754,NFL GIANT $25 Double Up [Single Entry],154078,Classic,25.0,18,1379,1,30000.0,2026-10-04 17:00:00+00:00,Sun 1:00PM
196169686,NFL GIANT $25 Double Up,154078,Classic,25.0,35,1149,34,25000.0,2026-10-04 17:00:00+00:00,Sun 1:00PM
196169700,NFL $400K Flea Flicker [$50K to 1st],154078,Classic,5.0,986,95124,150,400000.0,2026-10-04 17:00:00+00:00,Sun 1:00PM
196169724,"NFL $400K Game Changer [$100K to 1st, Single Entry]",154078,Classic,1500.0,5,282,1,400000.0,2026-10-04 17:00:00+00:00,Sun 1:00PM
196169733,"NFL $200K Red Zone [$25K to 1st, Single Entry]",154078,Classic,50.0,40,4545,1,200000.0,2026-10-04 17:00:00+00:00,Sun 1:00PM
196169734,NFL $75K Red Zone [Single Entry],154078,Classic,50.0,18,1704,1,75000.0,2026-10-04 17:00:00+00:00,Sun 1:00PM
196169681,NFL $50K Red Zone [Single Entry],154078,Classic,50.0,22,1136,1,50000.0,2026-10-04 17:00:00+00:00,Sun 1:00PM
196051560,"NFL In-Game Satellite to NFL 10-12 $4,444 Showdown MEGA Millionaire [Must Fill] (4Q PHI @ CHI)",153796,In-Game Showdown (Q4),1570.0,0,3,1,4444.0,2026-09-29 01:45:00+00:00,Mon 9:45PM
196051555,"NFL In-Game $1,060 Winner Take All [$4K to 1st] (Must Fill) (4Q PHI @ CHI)",153796,In-Game Showdown (Q4),1060.0,0,4,1,4000.0,2026-09-29 01:45:00+00:00,Mon 9:45PM
196050983,NFL In-Game $150 First Down (4Q PHI @ CHI),153796,In-Game Showdown (Q4),1.0,61,178,5,150.0,2026-09-29 01:45:00+00:00,Mon 9:45PM
196051563,NFL In-Game Satellite to NFL 11-1 Midseason Main Event [Must Fill] (4Q PHI @ CHI),153796,In-Game Showdown (Q4),530.0,0,3,1,1500.0,2026-09-29 01:45:00+00:00,Mon 9:45PM
196051558,NFL In-Game Satellite to NFL $555 Fantasy Football Millionaire [Must Fill] (4Q PHI @ CHI),153796,In-Game Showdown (Q4),201.0,0,3,1,555.0,2026-09-29 01:45:00+00:00,Mon 9:45PM
196051458,NFL In-Game Satellite to NFL $555 Fantasy Football Millionaire [Must Fill] (2H PHI @ CHI),153795,In-Game Showdown (H2),201.0,0,3,1,555.0,2026-09-29 01:15:00+00:00,Mon 9:15PM
196050973,NFL In-Game $400 Red Zone [Single Entry] (2H PHI @ CHI),153795,In-Game Showdown (H2),50.0,0,9,1,400.0,2026-09-29 01:15:00+00:00,Mon 9:15PM
196176796,NFL In-Game $155 Fair Catch [Single Entry] (2H PHI @ CHI),153795,In-Game Showdown (H2),12.0,0,15,1,155.0,2026-09-29 01:15:00+00:00,Mon 9:15PM
196051131,NFL In-Game $25 Winner Take All [$110 to 1st] (2H PHI @ CHI),153795,In-Game Showdown (H2),25.0,2,5,1,110.0,2026-09-29 01:15:00+00:00,Mon 9:15PM
196050980,NFL In-Game $100 Daily Dollar [Single Entry] (2H PHI @ CHI),153795,In-Game Showdown (H2),1.0,15,118,1,100.0,2026-09-29 01:15:00+00:00,Mon 9:15PM
196169690,NFL $61K Luxury Box [$20K to 1st],154078,Classic,1500.0,0,43,1,61000.0,2026-10-04 17:00:00+00:00,Sun 1:00PM
196169689,NFL $170K Thunderdome [Single Entry],154078,Classic,5300.0,1,34,1,170000.0,2026-10-04 17:00:00+00:00,Sun 1:00PM
196171215,NFL $20K Thunderdome [Must Fill],154078,Classic,5300.0,0,4,1,20000.0,2026-10-04 17:00:00+00:00,Sun 1:00PM
196169712,"NFL $250K Facemask [5 Entry Max, $50K to 1st]",154078,Classic,555.0,5,500,5,250000.0,2026-10-04 17:00:00+00:00,Sun 1:00PM
196169737,NFL $150K Fair Catch [Single Entry],154078,Classic,12.0,127,14705,1,150000.0,2026-10-04 17:00:00+00:00,Sun 1:00PM
196169738,NFL $75K Fair Catch [Single Entry],154078,Classic,12.0,61,7352,1,75000.0,2026-10-04 17:00:00+00:00,Sun 1:00PM
196169682,NFL $50K Fair Catch [Single Entry],154078,Classic,12.0,53,4901,1,50000.0,2026-10-04 17:00:00+00:00,Sun 1:00PM
196169688,NFL GIANT $5 Double Up,154078,Classic,5.0,167,9195,150,40000.0,2026-10-04 17:00:00+00:00,Sun 1:00PM
196169749,NFL GIANT $50 Double Up [Single Entry],154078,Classic,50.0,14,1136,1,50000.0,2026-10-04 17:00:00+00:00,Sun 1:00PM
196169750,NFL GIANT $50 Double Up [Single Entry],154078,Classic,50.0,6,681,1,30000.0,2026-10-04 17:00:00+00:00,Sun 1:00PM
196169751,NFL GIANT $50 Double Up [Single Entry],154078,Classic,50.0,5,454,1,20000.0,2026-10-04 17:00:00+00:00,Sun 1:00PM
196185438,NFL Showdown $20K Thunderdome [Must Fill] (PIT @ CLE),154084,Showdown Captain Mode,5300.0,0,4,1,20000.0,2026-10-02 00:15:00+00:00,Thu 8:15PM
196185444,"NFL Showdown $10,170 2026 FFWC Qualifier Satellite [Must Fill] (PIT @ CLE)",154084,Showdown Captain Mode,3592.0,0,3,1,10170.0,2026-10-02 00:15:00+00:00,Thu 8:15PM
196185449,NFL Showdown Satellite to NFL 10-25 Midseason Warm Up Millionaire [Must Fill] (PIT @ CLE),154084,Showdown Captain Mode,55.0,0,3,1,150.0,2026-10-02 00:15:00+00:00,Thu 8:15PM
196185442,"NFL Showdown Satellite to NFL $4,444 Fantasy Football MEGA Millionaire [Must Fill] (PIT @ CLE)",154084,Showdown Captain Mode,1570.0,0,3,1,4444.0,2026-10-02 00:15:00+00:00,Thu 8:15PM
196185445,"NFL Showdown Satellite to NFL 10-12 $4,444 Showdown MEGA Millionaire [Must Fill] (PIT @ CLE)",154084,Showdown Captain Mode,1570.0,0,3,1,4444.0,2026-10-02 00:15:00+00:00,Thu 8:15PM
196185543,NFL $20K Thunderdome [Must Fill] (Thu-Mon),154077,Classic,5300.0,0,4,1,20000.0,2026-10-02 00:15:00+00:00,Thu 8:15PM
196185546,"NFL $10,170 2026 FFWC Qualifier Satellite [Must Fill] (Thu-Mon)",154077,Classic,3592.0,0,3,1,10170.0,2026-10-02 00:15:00+00:00,Thu 8:15PM
196185550,NFL Satellite to NFL 10-25 Midseason Warm Up Millionaire [Must Fill] (Thu-Mon),154077,Classic,55.0,0,3,1,150.0,2026-10-02 00:15:00+00:00,Thu 8:15PM
196185544,"NFL Satellite to NFL $4,444 Fantasy Football MEGA Millionaire [Must Fill] (Thu-Mon)",154077,Classic,1570.0,0,3,1,4444.0,2026-10-02 00:15:00+00:00,Thu 8:15PM
196185547,"NFL Satellite to NFL 10-12 $4,444 Showdown MEGA Millionaire [Must Fill] (Thu-Mon)",154077,Classic,1570.0,0,3,1,4444.0,2026-10-02 00:15:00+00:00,Thu 8:15PM
196169687,NFL GIANT $10 Double Up [Single Entry],154078,Classic,10.0,42,4597,1,40000.0,2026-10-04 17:00:00+00:00,Sun 1:00PM
196169755,NFL GIANT $10 Double Up,154078,Classic,10.0,104,3448,103,30000.0,2026-10-04 17:00:00+00:00,Sun 1:00PM
196169756,NFL GIANT $10 Double Up [Single Entry],154078,Classic,10.0,32,2873,1,25000.0,2026-10-04 17:00:00+00:00,Sun 1:00PM
196169745,NFL GIANT $100 Double Up [Single Entry],154078,Classic,100.0,8,555,1,50000.0,2026-10-04 17:00:00+00:00,Sun 1:00PM
196169746,NFL GIANT $100 Double Up [Single Entry],154078,Classic,100.0,7,333,1,30000.0,2026-10-04 17:00:00+00:00,Sun 1:00PM
196169747,NFL GIANT $100 Double Up [Single Entry],154078,Classic,100.0,4,222,1,20000.0,2026-10-04 17:00:00+00:00,Sun 1:00PM
196169705,NFL $175K mini-MAX [150 Entry Max],154078,Classic,0.5,4998,416171,150,175000.0,2026-10-04 17:00:00+00:00,Sun 1:00PM
196169683,NFL $100K Huddle [Single Entry],154078,Classic,5.0,196,23781,1,100000.0,2026-10-04 17:00:00+00:00,Sun 1:00PM
196169684,NFL $10K Huddle [Single Entry],154078,Classic,5.0,80,2378,1,10000.0,2026-10-04 17:00:00+00:00,Sun 1:00PM
196040034,LAST SHOT: NFL Showdown Satellite to MLB 9-29 $333 Postseason Perfect Game (PHI @ CHI),153790,Showdown Captain Mode,75.0,3,5,1,333.0,2026-09-29 00:15:00+00:00,Mon 8:15PM
196039315,NFL Showdown Satellite to NFL 10-25 Midseason Warm Up Millionaire (PHI @ CHI),153790,Showdown Captain Mode,2.0,59,89,2,150.0,2026-09-29 00:15:00+00:00,Mon 8:15PM
196039316,NFL Showdown Satellite to NFL 10-25 Midseason Warm Up Millionaire (PHI @ CHI),153790,Showdown Captain Mode,2.0,56,89,2,150.0,2026-09-29 00:15:00+00:00,Mon 8:15PM
196039307,NFL Showdown Satellite to NFL 10-25 Midseason Warm Up Millionaire (PHI @ CHI),153790,Showdown Captain Mode,8.0,15,22,1,150.0,2026-09-29 00:15:00+00:00,Mon 8:15PM
196039308,NFL Showdown Satellite to NFL 10-25 Midseason Warm Up Millionaire (PHI @ CHI),153790,Showdown Captain Mode,8.0,14,22,1,150.0,2026-09-29 00:15:00+00:00,Mon 8:15PM
196039312,NFL Showdown Satellite to NFL 10-25 Midseason Warm Up Millionaire (PHI @ CHI),153790,Showdown Captain Mode,16.0,8,11,1,150.0,2026-09-29 00:15:00+00:00,Mon 8:15PM
196039311,NFL Showdown Satellite to NFL 10-25 Midseason Warm Up Millionaire (PHI @ CHI),153790,Showdown Captain Mode,16.0,6,11,1,150.0,2026-09-29 00:15:00+00:00,Mon 8:15PM
196039310,NFL Showdown Satellite to NFL 10-25 Midseason Warm Up Millionaire (PHI @ CHI),153790,Showdown Captain Mode,11.0,11,16,1,150.0,2026-09-29 00:15:00+00:00,Mon 8:15PM
196039309,NFL Showdown Satellite to NFL 10-25 Midseason Warm Up Millionaire (PHI @ CHI),153790,Showdown Captain Mode,11.0,8,16,1,150.0,2026-09-29 00:15:00+00:00,Mon 8:15PM
196040032,LAST SHOT: NFL Showdown Satellite to MLB 9-29 $333 Postseason Perfect Game (PHI @ CHI),153790,Showdown Captain Mode,17.0,20,23,1,333.0,2026-09-29 00:15:00+00:00,Mon 8:15PM
196039278,NFL Showdown $50 2026 FFWC Qualifier SUPERSatellite [2x] (PHI @ CHI),153790,Showdown Captain Mode,9.0,8,13,1,100.0,2026-09-29 00:15:00+00:00,Mon 8:15PM
196177605,NFL Showdown Satellite to NFL $333 Wildcat (PHI @ CHI),153790,Showdown Captain Mode,17.0,21,23,1,333.0,2026-09-29 00:15:00+00:00,Mon 8:15PM
196040026,LAST SHOT: NFL Showdown SUPERSatellite to NHL 9-29 $15 Opening Night Puck Drop [10x] (PHI @ CHI),153790,Showdown Captain Mode,5.0,34,35,1,150.0,2026-09-29 00:15:00+00:00,Mon 8:15PM
196040033,LAST SHOT: NFL Showdown Satellite to MLB 9-29 $333 Postseason Perfect Game (PHI @ CHI),153790,Showdown Captain Mode,35.0,10,11,1,333.0,2026-09-29 00:15:00+00:00,Mon 8:15PM
196177100,NFL Showdown Satellite to NFL $333 Wildcat (PHI @ CHI),153790,Showdown Captain Mode,35.0,10,11,1,333.0,2026-09-29 00:15:00+00:00,Mon 8:15PM
196039281,NFL Showdown $125 2026 FFWC Qualifier Satellite (PHI @ CHI),153790,Showdown Captain Mode,29.0,4,5,1,125.0,2026-09-29 00:15:00+00:00,Mon 8:15PM
196039910,NFL Showdown Satellite to NFL 10-25 Midseason Warm Up Millionaire [Must Fill] (PHI @ CHI),153790,Showdown Captain Mode,55.0,1,3,1,150.0,2026-09-29 00:15:00+00:00,Mon 8:15PM
196040029,NFL Showdown Satellite to NHL 10-13 $360 Spin-O-Rama [Must Fill] (PHI @ CHI),153790,Showdown Captain Mode,130.0,1,3,1,360.0,2026-09-29 00:15:00+00:00,Mon 8:15PM
196039908,NFL Showdown Satellite to NFL $333 Wildcat [Must Fill] (PHI @ CHI),153790,Showdown Captain Mode,121.0,2,3,1,333.0,2026-09-29 00:15:00+00:00,Mon 8:15PM
196040035,LAST SHOT: NFL Showdown Satellite to MLB 9-29 $333 Postseason Perfect Game [Must Fill] (PHI @ CHI),153790,Showdown Captain Mode,121.0,0,3,1,333.0,2026-09-29 00:15:00+00:00,Mon 8:15PM
196179457,NFL $150 Daily Dollar [Single Entry] (Mon-Thu),153809,Classic,1.0,128,178,1,150.0,2026-09-29 00:15:00+00:00,Mon 8:15PM
196037615,NFL $400 Dime Package [Just $0.10!] (Mon-Thu),153809,Classic,0.1,4676,4756,20,400.0,2026-09-29 00:15:00+00:00,Mon 8:15PM
196156892,NFL Satellite to NFL $333 Wildcat [Must Fill] (Mon-Thu),153809,Classic,121.0,0,3,1,333.0,2026-09-29 00:15:00+00:00,Mon 8:15PM
196170802,NFL SUPERSatellite to NFL 11-1 Midseason Main Event [10x],154078,Classic,165.0,1,101,3,15000.0,2026-10-04 17:00:00+00:00,Sun 1:00PM
196170533,"NFL SUPERSatellite to $4,444 NFL Fantasy Football MEGA Millionaire [3x]",154078,Classic,147.0,0,100,3,13332.0,2026-10-04 17:00:00+00:00,Sun 1:00PM
196170547,NFL SUPERSatellite to NFL $555 Fantasy Football Millionaire [10x],154078,Classic,63.0,1,100,3,5550.0,2026-10-04 17:00:00+00:00,Sun 1:00PM
196170771,"NFL $5,085 2026 FFWC Qualifier Satellite",154078,Classic,84.0,0,68,2,5085.0,2026-10-04 17:00:00+00:00,Sun 1:00PM
196169727,"NFL $125K Double Spy [$25K to 1st, Single Entry]",154078,Classic,200.0,8,694,1,125000.0,2026-10-04 17:00:00+00:00,Sun 1:00PM
196169728,"NFL $75K Double Spy [$20K to 1st, Single Entry]",154078,Classic,200.0,9,416,1,75000.0,2026-10-04 17:00:00+00:00,Sun 1:00PM
196170773,"NFL $5,085 2026 FFWC Qualifier Satellite",154078,Classic,513.0,0,11,1,5085.0,2026-10-04 17:00:00+00:00,Sun 1:00PM
196170772,"NFL $5,085 2026 FFWC Qualifier Satellite",154078,Classic,513.0,0,11,1,5085.0,2026-10-04 17:00:00+00:00,Sun 1:00PM
196169716,NFL $125K Three-Point Stance [5 Entry Max],154078,Classic,33.0,27,4417,5,125000.0,2026-10-04 17:00:00+00:00,Sun 1:00PM
196169699,"NFL $100K Slant [$10K to 1st, 2x Min Cash]",154078,Classic,9.0,199,13071,150,100000.0,2026-10-04 17:00:00+00:00,Sun 1:00PM
196169735,NFL $75K Blind Side [Single Entry],154078,Classic,27.0,40,3239,1,75000.0,2026-10-04 17:00:00+00:00,Sun 1:00PM
196169736,NFL $25K Blind Side [Single Entry],154078,Classic,27.0,26,1079,1,25000.0,2026-10-04 17:00:00+00:00,Sun 1:00PM
196151356,NFL $100K First Down [20 Entry Max],154078,Classic,1.0,4383,118906,20,100000.0,2026-10-04 17:00:00+00:00,Sun 1:00PM
196169691,"NFL $80K Pocket Passer [$20K to 1st, 4 Entry Max]",154078,Classic,250.0,3,355,4,80000.0,2026-10-04 17:00:00+00:00,Sun 1:00PM
196169695,"NFL $70K Octopus [$20K to 1st, 8 Entry Max]",154078,Classic,88.0,5,903,8,70000.0,2026-10-04 17:00:00+00:00,Sun 1:00PM
196169743,NFL GIANT $250 Double Up [Single Entry],154078,Classic,250.0,6,177,1,40000.0,2026-10-04 17:00:00+00:00,Sun 1:00PM
196169685,NFL GIANT $250 Double Up [Single Entry],154078,Classic,250.0,3,88,1,20000.0,2026-10-04 17:00:00+00:00,Sun 1:00PM
196169762,NFL $2 Double Up,154078,Classic,2.0,87,8620,20,15000.0,2026-10-04 17:00:00+00:00,Sun 1:00PM
196169711,NFL $70K Touch Pass [3 Entry Max],154078,Classic,777.0,3,100,3,70000.0,2026-10-04 17:00:00+00:00,Sun 1:00PM
196169693,"NFL $75K 11 Personnel Special [$15K to 1st, 11 Entry Max]",154078,Classic,111.0,3,750,11,75000.0,2026-10-04 17:00:00+00:00,Sun 1:00PM
196169717,NFL $60K Screen Pass [5 Entry Max],154078,Classic,15.0,63,4705,5,60000.0,2026-10-04 17:00:00+00:00,Sun 1:00PM
196169718,NFL $40K Screen Pass [3 Entry Max],154078,Classic,15.0,39,3137,3,40000.0,2026-10-04 17:00:00+00:00,Sun 1:00PM
196169702,NFL $50K MEGA mini-MAX [150 Entry Max],154078,Classic,2.0,138,29726,150,50000.0,2026-10-04 17:00:00+00:00,Sun 1:00PM
196169679,NFL $50K Spin Move [Single Entry],154078,Classic,300.0,1,185,1,50000.0,2026-10-04 17:00:00+00:00,Sun 1:00PM
196169680,NFL $20K Spin Move [Single Entry],154078,Classic,300.0,0,74,1,20000.0,2026-10-04 17:00:00+00:00,Sun 1:00PM
196169769,"NFL $60K Super Booster [Top 60 Win $1,000]",154078,Classic,27.0,9,2591,77,60000.0,2026-10-04 17:00:00+00:00,Sun 1:00PM
196169770,NFL $20K Super Booster [Top 200 Win $100],154078,Classic,4.0,66,5945,20,20000.0,2026-10-04 17:00:00+00:00,Sun 1:00PM
196169768,"NFL $15K Super Booster [Top 15 Win $1,000]",154078,Classic,50.0,4,340,10,15000.0,2026-10-04 17:00:00+00:00,Sun 1:00PM
196169771,NFL $8K Super Booster [Top 400 Win $20],154078,Classic,2.0,102,4756,20,8000.0,2026-10-04 17:00:00+00:00,Sun 1:00PM
196169725,NFL $50K Stiff Arm [Single Entry],154078,Classic,555.0,2,100,1,50000.0,2026-10-04 17:00:00+00:00,Sun 1:00PM
196169739,NFL $30K Pylon [Single Entry],154078,Classic,3.0,153,11890,1,30000.0,2026-10-04 17:00:00+00:00,Sun 1:00PM
196169740,NFL $20K Pylon [Single Entry],154078,Classic,3.0,105,7927,1,20000.0,2026-10-04 17:00:00+00:00,Sun 1:00PM
196169720,NFL $40K Nickel [5 Entry Max],154078,Classic,5.0,106,9512,5,40000.0,2026-10-04 17:00:00+00:00,Sun 1:00PM
196169698,NFL $40K 1st and 10 [10 Entry Max],154078,Classic,10.0,56,4705,10,40000.0,2026-10-04 17:00:00+00:00,Sun 1:00PM
196169701,NFL $40K Front Four [20 Entry Max],154078,Classic,4.0,219,11890,20,40000.0,2026-10-04 17:00:00+00:00,Sun 1:00PM
196169719,NFL $40K Engage Eight [5 Entry Max],154078,Classic,8.0,79,5882,5,40000.0,2026-10-04 17:00:00+00:00,Sun 1:00PM
196180811,NFL $40K High Step [$10K to 1st],154078,Classic,400.0,0,111,1,40000.0,2026-10-04 17:00:00+00:00,Sun 1:00PM
196169767,NFL GIANT $530 50-50 [Top 50% Win],154078,Classic,530.0,1,40,1,20000.0,2026-10-04 17:00:00+00:00,Sun 1:00PM
196169742,NFL $250 Double Up,154078,Classic,250.0,2,71,2,16000.0,2026-10-04 17:00:00+00:00,Sun 1:00PM
196169732,NFL $30K End Zone [Single Entry],154078,Classic,75.0,12,454,1,30000.0,2026-10-04 17:00:00+00:00,Sun 1:00PM
196169722,NFL $25K Triple Option [5 Entry Max],154078,Classic,3.0,156,9908,5,25000.0,2026-10-04 17:00:00+00:00,Sun 1:00PM
196169715,NFL $30K Goal Line [5 Entry Max],154078,Classic,75.0,3,454,5,30000.0,2026-10-04 17:00:00+00:00,Sun 1:00PM
196169703,NFL $20K Safety [20 Entry Max],154078,Classic,2.0,161,11890,20,20000.0,2026-10-04 17:00:00+00:00,Sun 1:00PM
196169696,"NFL $25K 4th and 10 [10 Entry Max, $3K to 1st]",154078,Classic,40.0,9,728,10,25000.0,2026-10-04 17:00:00+00:00,Sun 1:00PM
196169694,NFL $30K Hot Route [$5K to 1st],154078,Classic,100.0,3,334,10,30100.0,2026-10-04 17:00:00+00:00,Sun 1:00PM
196169692,NFL $20K Touchdown,154078,Classic,200.0,1,111,3,20000.0,2026-10-04 17:00:00+00:00,Sun 1:00PM
196169706,NFL $20K Quarter Jukebox [Just $0.25!] ,154078,Classic,0.25,1319,95124,20,20000.0,2026-10-04 17:00:00+00:00,Sun 1:00PM
196171216,NFL $100K Heavy Hitter [Must Fill],154078,Classic,26200.0,0,4,1,100000.0,2026-10-04 17:00:00+00:00,Sun 1:00PM
196171217,NFL $75K Heavy Hitter [Must Fill],154078,Classic,26200.0,0,3,1,75000.0,2026-10-04 17:00:00+00:00,Sun 1:00PM
196171218,NFL $60K Nosebleed Section [Must Fill],154078,Classic,10600.0,0,6,1,60000.0,2026-10-04 17:00:00+00:00,Sun 1:00PM
196169721,NFL $15K Cover Four [5 Entry Max],154078,Classic,4.0,55,4458,5,15000.0,2026-10-04 17:00:00+00:00,Sun 1:00PM
196169741,NFL $10K Daily Dollar [Single Entry],154078,Classic,1.0,167,11890,1,10000.0,2026-10-04 17:00:00+00:00,Sun 1:00PM
196169697,NFL $10K Hail Mary,154078,Classic,12.0,4,980,29,10000.0,2026-10-04 17:00:00+00:00,Sun 1:00PM
196169765,"NFL $2,120 50-50 [Top 50% Win]",154078,Classic,2120.0,1,8,1,16000.0,2026-10-04 17:00:00+00:00,Sun 1:00PM
196169766,"NFL $1,060 50-50 [Top 50% Win]",154078,Classic,1060.0,1,14,1,14000.0,2026-10-04 17:00:00+00:00,Sun 1:00PM
196169757,NFL Single Entry $10 Double Up,154078,Classic,10.0,16,1149,1,10000.0,2026-10-04 17:00:00+00:00,Sun 1:00PM
196169744,NFL $100 Double Up,154078,Classic,100.0,4,68,2,6200.0,2026-10-04 17:00:00+00:00,Sun 1:00PM
196169763,NFL Single Entry $2 Double Up,154078,Classic,2.0,26,2298,1,4000.0,2026-10-04 17:00:00+00:00,Sun 1:00PM
196169764,NFL Single Entry $2 Double Up,154078,Classic,2.0,21,1724,1,3000.0,2026-10-04 17:00:00+00:00,Sun 1:00PM
196172052,NFL Single Stat $20K Thunderdome [Must Fill] (Touchdowns),154114,Single Stat - Touchdowns,5300.0,0,4,1,20000.0,2026-10-04 17:00:00+00:00,Sun 1:00PM
196172055,"NFL Single Stat $10,170 2026 FFWC Qualifier Satellite [Must Fill] (Touchdowns)",154114,Single Stat - Touchdowns,3592.0,0,3,1,10170.0,2026-10-04 17:00:00+00:00,Sun 1:00PM
196172078,NFL Single Stat $3K Winner Take All [20 Entry Max] (Touchdowns),154114,Single Stat - Touchdowns,5.0,6,713,20,3000.0,2026-10-04 17:00:00+00:00,Sun 1:00PM
196171948,NFL Single Stat $1K Winner Take All [Single Entry] (Touchdowns),154114,Single Stat - Touchdowns,5.0,2,237,1,1000.0,2026-10-04 17:00:00+00:00,Sun 1:00PM
196050978,NFL In-Game $100 Quarter Jukebox [Just $0.25!] (2H PHI @ CHI),153795,In-Game Showdown (H2),0.25,187,475,14,100.0,2026-09-29 01:15:00+00:00,Mon 9:15PM
196051464,NFL In-Game Satellite to NFL 10-25 Midseason Warm Up Millionaire [Must Fill] (2H PHI @ CHI),153795,In-Game Showdown (H2),55.0,0,3,1,150.0,2026-09-29 01:15:00+00:00,Mon 9:15PM
196051462,NFL In-Game Satellite to NFL $333 Wildcat [Must Fill] (2H PHI @ CHI),153795,In-Game Showdown (H2),121.0,0,3,1,333.0,2026-09-29 01:15:00+00:00,Mon 9:15PM
196169723,NFL $10K Singleback [5 Entry Max],154078,Classic,1.0,226,11890,5,10000.0,2026-10-04 17:00:00+00:00,Sun 1:00PM
196169707,NFL $7.5K Dime Package [Just $0.10!] ,154078,Classic,0.1,1740,89179,20,7500.0,2026-10-04 17:00:00+00:00,Sun 1:00PM
196169704,NFL $5K All-or-Nothing [Winner Take All],154078,Classic,1.0,77,5945,20,5000.0,2026-10-04 17:00:00+00:00,Sun 1:00PM
196169708,Beginner NFL $500 Gridiron,154078,Classic,27.0,0,21,1,500.0,2026-10-04 17:00:00+00:00,Sun 1:00PM
196169710,Casual NFL $500 First Down,154078,Classic,1.0,2,594,10,500.0,2026-10-04 17:00:00+00:00,Sun 1:00PM
196050984,NFL In-Game $50 Quarter Jukebox [Just $0.25!] (4Q PHI @ CHI),153796,In-Game Showdown (Q4),0.25,84,237,7,50.0,2026-09-29 01:45:00+00:00,Mon 9:45PM
196051564,NFL In-Game Satellite to NFL 10-25 Midseason Warm Up Millionaire [Must Fill] (4Q PHI @ CHI),153796,In-Game Showdown (Q4),55.0,0,3,1,150.0,2026-09-29 01:45:00+00:00,Mon 9:45PM
196051562,NFL In-Game Satellite to NFL $333 Wildcat [Must Fill] (4Q PHI @ CHI),153796,In-Game Showdown (Q4),121.0,0,3,1,333.0,2026-09-29 01:45:00+00:00,Mon 9:45PM
196185542,"NFL $1,060 Winner Take All [$4K to 1st] (Must Fill) (Thu-Mon)",154077,Classic,1060.0,0,4,1,4000.0,2026-10-02 00:15:00+00:00,Thu 8:15PM
196185549,NFL Satellite to NFL 11-1 Midseason Main Event [Must Fill] (Thu-Mon),154077,Classic,530.0,0,3,1,1500.0,2026-10-02 00:15:00+00:00,Thu 8:15PM
196185545,NFL Satellite to NFL $555 Fantasy Football Millionaire [Must Fill] (Thu-Mon),154077,Classic,201.0,0,3,1,555.0,2026-10-02 00:15:00+00:00,Thu 8:15PM
196185448,NFL Showdown Satellite to NFL 11-1 Midseason Main Event [Must Fill] (PIT @ CLE),154084,Showdown Captain Mode,530.0,0,3,1,1500.0,2026-10-02 00:15:00+00:00,Thu 8:15PM
196185443,NFL Showdown Satellite to NFL $555 Fantasy Football Millionaire [Must Fill] (PIT @ CLE),154084,Showdown Captain Mode,201.0,0,3,1,555.0,2026-10-02 00:15:00+00:00,Thu 8:15PM
196185447,NFL Showdown Satellite to NFL $333 Wildcat [Must Fill] (PIT @ CLE),154084,Showdown Captain Mode,121.0,0,3,1,333.0,2026-10-02 00:15:00+00:00,Thu 8:15PM
196169709,Casual NFL $250 Front Four,154078,Classic,4.0,2,74,2,250.0,2026-10-04 17:00:00+00:00,Sun 1:00PM
196169748,NFL $50 Double Up,154078,Classic,50.0,4,90,2,4000.0,2026-10-04 17:00:00+00:00,Sun 1:00PM
196170800,NFL SUPERSatellite to NFL 11-1 Midseason Main Event [3x],154078,Classic,51.0,0,100,3,4500.0,2026-10-04 17:00:00+00:00,Sun 1:00PM
196170524,"NFL Satellite to NFL $4,444 Fantasy Football MEGA Millionaire",154078,Classic,448.0,0,11,1,4444.0,2026-10-04 17:00:00+00:00,Sun 1:00PM
196170523,"NFL Satellite to NFL $4,444 Fantasy Football MEGA Millionaire",154078,Classic,448.0,0,11,1,4444.0,2026-10-04 17:00:00+00:00,Sun 1:00PM
196170526,"NFL Satellite to NFL $4,444 Fantasy Football MEGA Millionaire",154078,Classic,176.0,0,28,1,4444.0,2026-10-04 17:00:00+00:00,Sun 1:00PM
196170525,"NFL Satellite to NFL $4,444 Fantasy Football MEGA Millionaire",154078,Classic,176.0,0,28,1,4444.0,2026-10-04 17:00:00+00:00,Sun 1:00PM
196170528,"NFL Satellite to NFL $4,444 Fantasy Football MEGA Millionaire",154078,Classic,75.0,2,67,2,4444.0,2026-10-04 17:00:00+00:00,Sun 1:00PM
196170527,"NFL Satellite to NFL $4,444 Fantasy Football MEGA Millionaire",154078,Classic,75.0,2,67,2,4444.0,2026-10-04 17:00:00+00:00,Sun 1:00PM
196170532,"NFL Satellite to NFL $4,444 Fantasy Football MEGA Millionaire",154078,Classic,13.0,2,402,12,4444.0,2026-10-04 17:00:00+00:00,Sun 1:00PM
196170531,"NFL Satellite to NFL $4,444 Fantasy Football MEGA Millionaire",154078,Classic,13.0,2,402,12,4444.0,2026-10-04 17:00:00+00:00,Sun 1:00PM
196170778,"NFL Satellite to NFL 10-12 $4,444 Showdown MEGA Millionaire",154078,Classic,13.0,0,402,12,4444.0,2026-10-04 17:00:00+00:00,Sun 1:00PM
196170780,"NFL Satellite to NFL 10-12 $4,444 Showdown MEGA Millionaire",154078,Classic,70.0,0,72,2,4444.0,2026-10-04 17:00:00+00:00,Sun 1:00PM
196170781,"NFL Satellite to NFL 10-12 $4,444 Showdown MEGA Millionaire",154078,Classic,176.0,0,28,1,4444.0,2026-10-04 17:00:00+00:00,Sun 1:00PM
196170782,"NFL Satellite to NFL 10-12 $4,444 Showdown MEGA Millionaire",154078,Classic,448.0,0,11,1,4444.0,2026-10-04 17:00:00+00:00,Sun 1:00PM
196170530,"NFL Satellite to NFL $4,444 Fantasy Football MEGA Millionaire",154078,Classic,37.0,0,140,4,4444.0,2026-10-04 17:00:00+00:00,Sun 1:00PM
196170529,"NFL Satellite to NFL $4,444 Fantasy Football MEGA Millionaire",154078,Classic,37.0,0,140,4,4444.0,2026-10-04 17:00:00+00:00,Sun 1:00PM
196170779,"NFL Satellite to NFL 10-12 $4,444 Showdown MEGA Millionaire",154078,Classic,37.0,0,140,4,4444.0,2026-10-04 17:00:00+00:00,Sun 1:00PM
196171221,"NFL $10,170 2026 FFWC Qualifier Satellite [Must Fill]",154078,Classic,3592.0,0,3,1,10170.0,2026-10-04 17:00:00+00:00,Sun 1:00PM
196170801,NFL SUPERSatellite to NFL 11-1 Midseason Main Event [2x],154078,Classic,50.0,0,68,2,3000.0,2026-10-04 17:00:00+00:00,Sun 1:00PM
196170804,NFL Satellite to NFL 11-1 Midseason Main Event,154078,Classic,17.0,1,103,3,1500.0,2026-10-04 17:00:00+00:00,Sun 1:00PM
196170805,NFL Satellite to NFL 11-1 Midseason Main Event,154078,Classic,17.0,1,103,3,1500.0,2026-10-04 17:00:00+00:00,Sun 1:00PM
196170803,NFL Satellite to NFL 11-1 Midseason Main Event,154078,Classic,17.0,0,103,3,1500.0,2026-10-04 17:00:00+00:00,Sun 1:00PM
196170767,"NFL $1,350 2026 FFWC Qualifier Satellite",154078,Classic,23.0,1,69,2,1350.0,2026-10-04 17:00:00+00:00,Sun 1:00PM
196170766,"NFL $1,350 2026 FFWC Qualifier Satellite",154078,Classic,23.0,1,69,2,1350.0,2026-10-04 17:00:00+00:00,Sun 1:00PM
196172079,NFL Single Stat $4K Winner Take All [20 Entry Max] (Touchdowns),154114,Single Stat - Touchdowns,1.0,86,4756,20,4000.0,2026-10-04 17:00:00+00:00,Sun 1:00PM
196171947,NFL Single Stat $1K Winner Take All [3 Entry Max] (Touchdowns),154114,Single Stat - Touchdowns,1.0,15,1189,3,1000.0,2026-10-04 17:00:00+00:00,Sun 1:00PM
196171949,NFL Single Stat $1K Winner Take All [Single Entry] (Touchdowns),154114,Single Stat - Touchdowns,10.0,1,117,1,1000.0,2026-10-04 17:00:00+00:00,Sun 1:00PM
196172053,"NFL Single Stat Satellite to NFL $4,444 Fantasy Football MEGA Millionaire [Must Fill] (Touchdowns)",154114,Single Stat - Touchdowns,1570.0,0,3,1,4444.0,2026-10-04 17:00:00+00:00,Sun 1:00PM
196172056,"NFL Single Stat Satellite to NFL 10-12 $4,444 Showdown MEGA Millionaire [Must Fill] (Touchdowns)",154114,Single Stat - Touchdowns,1570.0,0,3,1,4444.0,2026-10-04 17:00:00+00:00,Sun 1:00PM
196172051,"NFL Single Stat $1,060 Winner Take All [$4K to 1st] (Must Fill) (Touchdowns)",154114,Single Stat - Touchdowns,1060.0,0,4,1,4000.0,2026-10-04 17:00:00+00:00,Sun 1:00PM
196170545,NFL SUPERSatellite to NFL $555 Fantasy Football Millionaire [2x],154078,Classic,19.0,0,68,2,1110.0,2026-10-04 17:00:00+00:00,Sun 1:00PM
196172235,NFL SUPERSatellite to NHL 10-13 $360 Spin-O-Rama [3x],154078,Classic,12.0,0,105,3,1080.0,2026-10-04 17:00:00+00:00,Sun 1:00PM
196170794,NFL Satellite to NFL 11-1 Midseason Main Event,154078,Classic,26.0,1,67,2,1500.0,2026-10-04 17:00:00+00:00,Sun 1:00PM
196170795,NFL Satellite to NFL 11-1 Midseason Main Event,154078,Classic,26.0,0,67,2,1500.0,2026-10-04 17:00:00+00:00,Sun 1:00PM
196170793,NFL Satellite to NFL 11-1 Midseason Main Event,154078,Classic,26.0,1,67,2,1500.0,2026-10-04 17:00:00+00:00,Sun 1:00PM
196170797,NFL Satellite to NFL 11-1 Midseason Main Event,154078,Classic,151.0,0,11,1,1500.0,2026-10-04 17:00:00+00:00,Sun 1:00PM
196170798,NFL Satellite to NFL 11-1 Midseason Main Event,154078,Classic,151.0,0,11,1,1500.0,2026-10-04 17:00:00+00:00,Sun 1:00PM
196170799,NFL Satellite to NFL 11-1 Midseason Main Event,154078,Classic,151.0,0,11,1,1500.0,2026-10-04 17:00:00+00:00,Sun 1:00PM
196170796,NFL Satellite to NFL 11-1 Midseason Main Event,154078,Classic,151.0,0,11,1,1500.0,2026-10-04 17:00:00+00:00,Sun 1:00PM
196170807,NFL Satellite to NFL 11-1 Midseason Main Event,154078,Classic,5.0,0,356,10,1500.0,2026-10-04 17:00:00+00:00,Sun 1:00PM
196170808,NFL Satellite to NFL 11-1 Midseason Main Event,154078,Classic,5.0,0,356,10,1500.0,2026-10-04 17:00:00+00:00,Sun 1:00PM
196170809,NFL Satellite to NFL 11-1 Midseason Main Event,154078,Classic,5.0,0,356,10,1500.0,2026-10-04 17:00:00+00:00,Sun 1:00PM
196170806,NFL Satellite to NFL 11-1 Midseason Main Event,154078,Classic,5.0,0,356,10,1500.0,2026-10-04 17:00:00+00:00,Sun 1:00PM
196170769,"NFL $1,350 2026 FFWC Qualifier Satellite",154078,Classic,136.0,0,11,1,1350.0,2026-10-04 17:00:00+00:00,Sun 1:00PM
196170770,"NFL $1,350 2026 FFWC Qualifier Satellite",154078,Classic,136.0,0,11,1,1350.0,2026-10-04 17:00:00+00:00,Sun 1:00PM
196170768,"NFL $1,350 2026 FFWC Qualifier Satellite",154078,Classic,136.0,0,11,1,1350.0,2026-10-04 17:00:00+00:00,Sun 1:00PM
196170546,NFL SUPERSatellite to NFL $555 Fantasy Football Millionaire [2x],154078,Classic,137.0,0,9,1,1110.0,2026-10-04 17:00:00+00:00,Sun 1:00PM
196172256,NFL Satellite to NBA $888 MEGA 8's Special (10-21),154078,Classic,5.0,0,211,6,888.0,2026-10-04 17:00:00+00:00,Sun 1:00PM
196172257,NFL Satellite to NBA $888 MEGA 8's Special (10-21),154078,Classic,15.0,0,69,2,888.0,2026-10-04 17:00:00+00:00,Sun 1:00PM
196170538,NFL Satellite to NFL $555 Fantasy Football Millionaire,154078,Classic,22.0,1,29,1,555.0,2026-10-04 17:00:00+00:00,Sun 1:00PM
196170537,NFL Satellite to NFL $555 Fantasy Football Millionaire,154078,Classic,22.0,0,29,1,555.0,2026-10-04 17:00:00+00:00,Sun 1:00PM
196170540,NFL Satellite to NFL $555 Fantasy Football Millionaire,154078,Classic,9.0,0,72,2,555.0,2026-10-04 17:00:00+00:00,Sun 1:00PM
196170541,NFL Satellite to NFL $555 Fantasy Football Millionaire,154078,Classic,9.0,0,72,2,555.0,2026-10-04 17:00:00+00:00,Sun 1:00PM
196170539,NFL Satellite to NFL $555 Fantasy Football Millionaire,154078,Classic,9.0,0,72,2,555.0,2026-10-04 17:00:00+00:00,Sun 1:00PM
196170543,NFL Satellite to NFL $555 Fantasy Football Millionaire,154078,Classic,6.0,0,108,3,555.0,2026-10-04 17:00:00+00:00,Sun 1:00PM
196170544,NFL Satellite to NFL $555 Fantasy Football Millionaire,154078,Classic,6.0,0,108,3,555.0,2026-10-04 17:00:00+00:00,Sun 1:00PM
196170542,NFL Satellite to NFL $555 Fantasy Football Millionaire,154078,Classic,6.0,0,108,3,555.0,2026-10-04 17:00:00+00:00,Sun 1:00PM
196170715,NFL SUPERSat to $20 NFL Fantasy Football Millionaire [25x],154078,Classic,3.0,10,198,5,500.0,2026-10-04 17:00:00+00:00,Sun 1:00PM
196170714,NFL SUPERSat to $20 NFL Fantasy Football Millionaire [25x],154078,Classic,3.0,10,198,5,500.0,2026-10-04 17:00:00+00:00,Sun 1:00PM
196170717,NFL SUPERSat to $20 NFL Fantasy Football Millionaire [25x],154078,Classic,5.0,10,118,3,500.0,2026-10-04 17:00:00+00:00,Sun 1:00PM
196170716,NFL SUPERSat to $20 NFL Fantasy Football Millionaire [25x],154078,Classic,5.0,10,118,3,500.0,2026-10-04 17:00:00+00:00,Sun 1:00PM
196170762,NFL $490 2026 FFWC Qualifier Satellite,154078,Classic,8.0,1,72,2,490.0,2026-10-04 17:00:00+00:00,Sun 1:00PM
196170761,NFL $490 2026 FFWC Qualifier Satellite,154078,Classic,8.0,0,72,2,490.0,2026-10-04 17:00:00+00:00,Sun 1:00PM
196170764,NFL $490 2026 FFWC Qualifier Satellite,154078,Classic,18.0,0,32,1,490.0,2026-10-04 17:00:00+00:00,Sun 1:00PM
196170763,NFL $490 2026 FFWC Qualifier Satellite,154078,Classic,18.0,0,32,1,490.0,2026-10-04 17:00:00+00:00,Sun 1:00PM
196170536,NFL Satellite to NFL $555 Fantasy Football Millionaire,154078,Classic,90.0,0,7,1,555.0,2026-10-04 17:00:00+00:00,Sun 1:00PM
196170534,NFL Satellite to NFL $555 Fantasy Football Millionaire,154078,Classic,90.0,0,7,1,555.0,2026-10-04 17:00:00+00:00,Sun 1:00PM
196172231,NFL Satellite to NHL 11-3 $555 Barn Burner,154078,Classic,90.0,0,7,1,555.0,2026-10-04 17:00:00+00:00,Sun 1:00PM
196172230,NFL Satellite to NHL 11-3 $555 Barn Burner,154078,Classic,90.0,0,7,1,555.0,2026-10-04 17:00:00+00:00,Sun 1:00PM
196172232,NFL Satellite to NHL 11-3 $555 Barn Burner,154078,Classic,43.0,0,15,1,555.0,2026-10-04 17:00:00+00:00,Sun 1:00PM
196172266,NFL Satellite to UFC 333 $555 Knockout Special (10-24),154078,Classic,90.0,0,7,1,555.0,2026-10-04 17:00:00+00:00,Sun 1:00PM
196170765,NFL $490 2026 FFWC Qualifier Satellite,154078,Classic,38.0,0,15,1,490.0,2026-10-04 17:00:00+00:00,Sun 1:00PM
196172258,NFL Satellite to NBA $888 MEGA 8's Special (10-21),154078,Classic,140.0,0,7,1,888.0,2026-10-04 17:00:00+00:00,Sun 1:00PM
196170710,NFL SUPERSat to $20 NFL Fantasy Football Millionaire [25x],154078,Classic,1.0,16,594,17,500.0,2026-10-04 17:00:00+00:00,Sun 1:00PM
196170712,NFL SUPERSat to $20 NFL Fantasy Football Millionaire [25x],154078,Classic,1.0,18,594,17,500.0,2026-10-04 17:00:00+00:00,Sun 1:00PM
196170713,NFL SUPERSat to $20 NFL Fantasy Football Millionaire [25x],154078,Classic,1.0,17,594,17,500.0,2026-10-04 17:00:00+00:00,Sun 1:00PM
196170711,NFL SUPERSat to $20 NFL Fantasy Football Millionaire [25x],154078,Classic,1.0,20,594,17,500.0,2026-10-04 17:00:00+00:00,Sun 1:00PM
196170707,NFL SUPERSat to $20 NFL Fantasy Football Millionaire [25x],154078,Classic,0.25,56,2378,20,500.0,2026-10-04 17:00:00+00:00,Sun 1:00PM
196170708,NFL SUPERSat to $20 NFL Fantasy Football Millionaire [25x],154078,Classic,0.25,30,2378,20,500.0,2026-10-04 17:00:00+00:00,Sun 1:00PM
196170709,NFL SUPERSat to $20 NFL Fantasy Football Millionaire [25x],154078,Classic,0.25,33,2378,20,500.0,2026-10-04 17:00:00+00:00,Sun 1:00PM
196170706,NFL SUPERSat to $20 NFL Fantasy Football Millionaire [25x],154078,Classic,0.25,35,2378,20,500.0,2026-10-04 17:00:00+00:00,Sun 1:00PM
196171219,"NFL Satellite to NFL $4,444 Fantasy Football MEGA Millionaire [Must Fill]",154078,Classic,1570.0,1,3,1,4444.0,2026-10-04 17:00:00+00:00,Sun 1:00PM
196171222,"NFL Satellite to NFL 10-12 $4,444 Showdown MEGA Millionaire [Must Fill]",154078,Classic,1570.0,0,3,1,4444.0,2026-10-04 17:00:00+00:00,Sun 1:00PM
196171224,NFL Satellite to NFL 11-1 Midseason Main Event [Must Fill],154078,Classic,530.0,1,3,1,1500.0,2026-10-04 17:00:00+00:00,Sun 1:00PM
196172058,NFL Single Stat Satellite to NFL 11-1 Midseason Main Event [Must Fill] (Touchdowns),154114,Single Stat - Touchdowns,530.0,0,3,1,1500.0,2026-10-04 17:00:00+00:00,Sun 1:00PM
196172054,NFL Single Stat Satellite to NFL $555 Fantasy Football Millionaire [Must Fill] (Touchdowns),154114,Single Stat - Touchdowns,201.0,0,3,1,555.0,2026-10-04 17:00:00+00:00,Sun 1:00PM
196172059,NFL Single Stat Satellite to NFL 10-25 Midseason Warm Up Millionaire [Must Fill] (Touchdowns),154114,Single Stat - Touchdowns,55.0,0,3,1,150.0,2026-10-04 17:00:00+00:00,Sun 1:00PM
196172255,NFL Satellite to NBA $888 MEGA 8's Special (10-21) [Must Fill],154078,Classic,322.0,0,3,1,888.0,2026-10-04 17:00:00+00:00,Sun 1:00PM
196171220,NFL Satellite to NFL $555 Fantasy Football Millionaire [Must Fill],154078,Classic,201.0,1,3,1,555.0,2026-10-04 17:00:00+00:00,Sun 1:00PM
196172233,NFL Satellite to NHL 11-3 $555 Barn Burner [Must Fill],154078,Classic,201.0,1,3,1,555.0,2026-10-04 17:00:00+00:00,Sun 1:00PM
196172265,NFL Satellite to UFC 333 $555 Knockout Special (10-24) [Must Fill],154078,Classic,201.0,0,3,1,555.0,2026-10-04 17:00:00+00:00,Sun 1:00PM
196172264,NFL Satellite to UFC 333 $555 Knockout Special (10-24) [Must Fill],154078,Classic,201.0,0,3,1,555.0,2026-10-04 17:00:00+00:00,Sun 1:00PM
196172234,NFL Satellite to NHL 10-13 $360 Spin-O-Rama,154078,Classic,9.0,0,47,1,360.0,2026-10-04 17:00:00+00:00,Sun 1:00PM
196170784,NFL Satellite to NFL $333 Wildcat,154078,Classic,5.0,0,79,2,333.0,2026-10-04 17:00:00+00:00,Sun 1:00PM
196170785,NFL Satellite to NFL $333 Wildcat,154078,Classic,5.0,1,79,2,333.0,2026-10-04 17:00:00+00:00,Sun 1:00PM
196170783,NFL Satellite to NFL $333 Wildcat,154078,Classic,5.0,0,79,2,333.0,2026-10-04 17:00:00+00:00,Sun 1:00PM
196170787,NFL Satellite to NFL $333 Wildcat,154078,Classic,17.0,0,23,1,333.0,2026-10-04 17:00:00+00:00,Sun 1:00PM
196170788,NFL Satellite to NFL $333 Wildcat,154078,Classic,17.0,0,23,1,333.0,2026-10-04 17:00:00+00:00,Sun 1:00PM
196170786,NFL Satellite to NFL $333 Wildcat,154078,Classic,17.0,0,23,1,333.0,2026-10-04 17:00:00+00:00,Sun 1:00PM
196170811,NFL Satellite to NFL 10-25 Midseason Warm Up Millionaire,154078,Classic,8.0,0,22,1,150.0,2026-10-04 17:00:00+00:00,Sun 1:00PM
196170810,NFL Satellite to NFL 10-25 Midseason Warm Up Millionaire,154078,Classic,8.0,0,22,1,150.0,2026-10-04 17:00:00+00:00,Sun 1:00PM
196170813,NFL Satellite to NFL 10-25 Midseason Warm Up Millionaire,154078,Classic,11.0,0,16,1,150.0,2026-10-04 17:00:00+00:00,Sun 1:00PM
196170812,NFL Satellite to NFL 10-25 Midseason Warm Up Millionaire,154078,Classic,11.0,0,16,1,150.0,2026-10-04 17:00:00+00:00,Sun 1:00PM
196170814,NFL Satellite to NFL 10-25 Midseason Warm Up Millionaire,154078,Classic,16.0,0,11,1,150.0,2026-10-04 17:00:00+00:00,Sun 1:00PM
196170817,NFL Satellite to NFL 10-25 Midseason Warm Up Millionaire,154078,Classic,2.0,0,89,2,150.0,2026-10-04 17:00:00+00:00,Sun 1:00PM
196170776,NFL $125 2026 FFWC Qualifier Satellite,154078,Classic,7.0,1,21,1,125.0,2026-10-04 17:00:00+00:00,Sun 1:00PM
196170777,NFL $125 2026 FFWC Qualifier Satellite,154078,Classic,7.0,0,21,1,125.0,2026-10-04 17:00:00+00:00,Sun 1:00PM
196170775,NFL $125 2026 FFWC Qualifier Satellite,154078,Classic,7.0,0,21,1,125.0,2026-10-04 17:00:00+00:00,Sun 1:00PM
196170751,NFL $50 2026 FFWC Qualifier SUPERSatellite [2x],154078,Classic,9.0,0,13,1,100.0,2026-10-04 17:00:00+00:00,Sun 1:00PM
196172236,NFL Satellite to NHL 10-13 $360 Spin-O-Rama,154078,Classic,38.0,0,11,1,360.0,2026-10-04 17:00:00+00:00,Sun 1:00PM
196170790,NFL Satellite to NFL $333 Wildcat,154078,Classic,35.0,0,11,1,333.0,2026-10-04 17:00:00+00:00,Sun 1:00PM
196170789,NFL Satellite to NFL $333 Wildcat,154078,Classic,35.0,0,11,1,333.0,2026-10-04 17:00:00+00:00,Sun 1:00PM
196170792,NFL Satellite to NFL $333 Wildcat,154078,Classic,75.0,1,5,1,333.0,2026-10-04 17:00:00+00:00,Sun 1:00PM
196170791,NFL Satellite to NFL $333 Wildcat,154078,Classic,75.0,0,5,1,333.0,2026-10-04 17:00:00+00:00,Sun 1:00PM
196170754,NFL $125 2026 FFWC Qualifier Satellite,154078,Classic,29.0,0,5,1,125.0,2026-10-04 17:00:00+00:00,Sun 1:00PM
196170757,NFL $125 2026 FFWC Qualifier Satellite,154078,Classic,29.0,0,5,1,125.0,2026-10-04 17:00:00+00:00,Sun 1:00PM
196170753,NFL $125 2026 FFWC Qualifier Satellite,154078,Classic,29.0,0,5,1,125.0,2026-10-04 17:00:00+00:00,Sun 1:00PM
196170815,NFL Satellite to NFL 10-25 Midseason Warm Up Millionaire,154078,Classic,1.0,0,178,5,150.0,2026-10-04 17:00:00+00:00,Sun 1:00PM
196170816,NFL Satellite to NFL 10-25 Midseason Warm Up Millionaire,154078,Classic,1.0,1,178,5,150.0,2026-10-04 17:00:00+00:00,Sun 1:00PM
196170752,NFL $125 2026 FFWC Qualifier Satellite,154078,Classic,1.0,5,148,4,125.0,2026-10-04 17:00:00+00:00,Sun 1:00PM
196171225,NFL Satellite to NFL 10-25 Midseason Warm Up Millionaire [Must Fill],154078,Classic,55.0,1,3,1,150.0,2026-10-04 17:00:00+00:00,Sun 1:00PM
196172239,NFL Satellite to NAS Title Race (11-8) [Must Fill],154078,Classic,145.0,0,3,1,400.0,2026-10-04 17:00:00+00:00,Sun 1:00PM
196172237,NFL Satellite to NHL 10-13 $360 Spin-O-Rama [Must Fill],154078,Classic,130.0,1,3,1,360.0,2026-10-04 17:00:00+00:00,Sun 1:00PM
196185658,NFL Showdown $150 Dime Package [Just $0.10!] (PHI @ CHI),153790,Showdown Captain Mode,0.1,20,1783,20,150.0,2026-09-29 00:15:00+00:00,Mon 8:15PM
196185656,NFL Showdown $1K Flea Flicker (PHI @ CHI),153790,Showdown Captain Mode,5.0,0,237,7,1000.0,2026-09-29 00:15:00+00:00,Mon 8:15PM
196179616,NFL Showdown SUPERSat to $20 NFL Fantasy Football Millionaire [4x] (PHI @ CHI),153790,Showdown Captain Mode,4.0,20,23,1,80.0,2026-09-29 00:15:00+00:00,Mon 8:15PM
196039253,NFL Showdown SUPERSat to $20 NFL Fantasy Football Millionaire [4x] (PHI @ CHI),153790,Showdown Captain Mode,4.0,21,23,1,80.0,2026-09-29 00:15:00+00:00,Mon 8:15PM
196182961,NFL Showdown Satellite to $20 NFL Fantasy Football Millionaire (PHI @ CHI),153790,Showdown Captain Mode,2.0,9,11,1,20.0,2026-09-29 00:15:00+00:00,Mon 8:15PM
196182956,NFL Showdown Satellite to $20 NFL Fantasy Football Millionaire (PHI @ CHI),153790,Showdown Captain Mode,2.0,7,11,1,20.0,2026-09-29 00:15:00+00:00,Mon 8:15PM
196182951,NFL Showdown Satellite to $20 NFL Fantasy Football Millionaire (PHI @ CHI),153790,Showdown Captain Mode,2.0,7,11,1,20.0,2026-09-29 00:15:00+00:00,Mon 8:15PM
196182950,NFL Showdown Satellite to $20 NFL Fantasy Football Millionaire (PHI @ CHI),153790,Showdown Captain Mode,2.0,9,11,1,20.0,2026-09-29 00:15:00+00:00,Mon 8:15PM
196182949,NFL Showdown Satellite to $20 NFL Fantasy Football Millionaire (PHI @ CHI),153790,Showdown Captain Mode,2.0,10,11,1,20.0,2026-09-29 00:15:00+00:00,Mon 8:15PM
196182948,NFL Showdown Satellite to $20 NFL Fantasy Football Millionaire (PHI @ CHI),153790,Showdown Captain Mode,2.0,7,11,1,20.0,2026-09-29 00:15:00+00:00,Mon 8:15PM
196182943,NFL Showdown Satellite to $20 NFL Fantasy Football Millionaire (PHI @ CHI),153790,Showdown Captain Mode,2.0,6,11,1,20.0,2026-09-29 00:15:00+00:00,Mon 8:15PM
196180891,NFL Showdown Satellite to $20 NFL Fantasy Football Millionaire (PHI @ CHI),153790,Showdown Captain Mode,2.0,9,11,1,20.0,2026-09-29 00:15:00+00:00,Mon 8:15PM
196180890,NFL Showdown Satellite to $20 NFL Fantasy Football Millionaire (PHI @ CHI),153790,Showdown Captain Mode,2.0,9,11,1,20.0,2026-09-29 00:15:00+00:00,Mon 8:15PM
196180025,NFL Showdown Satellite to $20 NFL Fantasy Football Millionaire (PHI @ CHI),153790,Showdown Captain Mode,2.0,10,11,1,20.0,2026-09-29 00:15:00+00:00,Mon 8:15PM
196179670,NFL Showdown Satellite to $20 NFL Fantasy Football Millionaire (PHI @ CHI),153790,Showdown Captain Mode,2.0,9,11,1,20.0,2026-09-29 00:15:00+00:00,Mon 8:15PM
196179669,NFL Showdown Satellite to $20 NFL Fantasy Football Millionaire (PHI @ CHI),153790,Showdown Captain Mode,2.0,7,11,1,20.0,2026-09-29 00:15:00+00:00,Mon 8:15PM
196179667,NFL Showdown Satellite to $20 NFL Fantasy Football Millionaire (PHI @ CHI),153790,Showdown Captain Mode,2.0,8,11,1,20.0,2026-09-29 00:15:00+00:00,Mon 8:15PM
196175820,NFL Showdown Satellite to $20 NFL Fantasy Football Millionaire (PHI @ CHI),153790,Showdown Captain Mode,2.0,10,11,1,20.0,2026-09-29 00:15:00+00:00,Mon 8:15PM
196175771,NFL Showdown Satellite to $20 NFL Fantasy Football Millionaire (PHI @ CHI),153790,Showdown Captain Mode,2.0,10,11,1,20.0,2026-09-29 00:15:00+00:00,Mon 8:15PM
196175769,NFL Showdown Satellite to $20 NFL Fantasy Football Millionaire (PHI @ CHI),153790,Showdown Captain Mode,2.0,9,11,1,20.0,2026-09-29 00:15:00+00:00,Mon 8:15PM
196175768,NFL Showdown Satellite to $20 NFL Fantasy Football Millionaire (PHI @ CHI),153790,Showdown Captain Mode,2.0,10,11,1,20.0,2026-09-29 00:15:00+00:00,Mon 8:15PM
196180293,NFL Showdown Satellite to $20 NFL Fantasy Football Millionaire (PHI @ CHI),153790,Showdown Captain Mode,1.0,18,23,1,20.0,2026-09-29 00:15:00+00:00,Mon 8:15PM
196180028,NFL Showdown Satellite to $20 NFL Fantasy Football Millionaire (PHI @ CHI),153790,Showdown Captain Mode,1.0,21,23,1,20.0,2026-09-29 00:15:00+00:00,Mon 8:15PM
196180027,NFL Showdown Satellite to $20 NFL Fantasy Football Millionaire (PHI @ CHI),153790,Showdown Captain Mode,1.0,18,23,1,20.0,2026-09-29 00:15:00+00:00,Mon 8:15PM
196179977,NFL Showdown Satellite to $20 NFL Fantasy Football Millionaire (PHI @ CHI),153790,Showdown Captain Mode,1.0,17,23,1,20.0,2026-09-29 00:15:00+00:00,Mon 8:15PM
196179585,NFL Showdown Satellite to $20 NFL Fantasy Football Millionaire (PHI @ CHI),153790,Showdown Captain Mode,1.0,21,23,1,20.0,2026-09-29 00:15:00+00:00,Mon 8:15PM
196179533,NFL Showdown Satellite to $20 NFL Fantasy Football Millionaire (PHI @ CHI),153790,Showdown Captain Mode,1.0,17,23,1,20.0,2026-09-29 00:15:00+00:00,Mon 8:15PM
196179527,NFL Showdown Satellite to $20 NFL Fantasy Football Millionaire (PHI @ CHI),153790,Showdown Captain Mode,1.0,16,23,1,20.0,2026-09-29 00:15:00+00:00,Mon 8:15PM
196179477,NFL Showdown Satellite to $20 NFL Fantasy Football Millionaire (PHI @ CHI),153790,Showdown Captain Mode,1.0,19,23,1,20.0,2026-09-29 00:15:00+00:00,Mon 8:15PM
196179476,NFL Showdown Satellite to $20 NFL Fantasy Football Millionaire (PHI @ CHI),153790,Showdown Captain Mode,1.0,21,23,1,20.0,2026-09-29 00:15:00+00:00,Mon 8:15PM
196179475,NFL Showdown Satellite to $20 NFL Fantasy Football Millionaire (PHI @ CHI),153790,Showdown Captain Mode,1.0,21,23,1,20.0,2026-09-29 00:15:00+00:00,Mon 8:15PM
196179474,NFL Showdown Satellite to $20 NFL Fantasy Football Millionaire (PHI @ CHI),153790,Showdown Captain Mode,1.0,16,23,1,20.0,2026-09-29 00:15:00+00:00,Mon 8:15PM
196179068,NFL Showdown Satellite to $20 NFL Fantasy Football Millionaire (PHI @ CHI),153790,Showdown Captain Mode,1.0,17,23,1,20.0,2026-09-29 00:15:00+00:00,Mon 8:15PM
196178266,NFL Showdown Satellite to $20 NFL Fantasy Football Millionaire (PHI @ CHI),153790,Showdown Captain Mode,1.0,18,23,1,20.0,2026-09-29 00:15:00+00:00,Mon 8:15PM
196178265,NFL Showdown Satellite to $20 NFL Fantasy Football Millionaire (PHI @ CHI),153790,Showdown Captain Mode,1.0,16,23,1,20.0,2026-09-29 00:15:00+00:00,Mon 8:15PM
196178020,NFL Showdown Satellite to $20 NFL Fantasy Football Millionaire (PHI @ CHI),153790,Showdown Captain Mode,1.0,18,23,1,20.0,2026-09-29 00:15:00+00:00,Mon 8:15PM
196177383,NFL Showdown Satellite to $20 NFL Fantasy Football Millionaire (PHI @ CHI),153790,Showdown Captain Mode,1.0,17,23,1,20.0,2026-09-29 00:15:00+00:00,Mon 8:15PM
196177382,NFL Showdown Satellite to $20 NFL Fantasy Football Millionaire (PHI @ CHI),153790,Showdown Captain Mode,1.0,18,23,1,20.0,2026-09-29 00:15:00+00:00,Mon 8:15PM
196182059,NFL Showdown Satellite to $20 NFL Fantasy Football Millionaire (PHI @ CHI),153790,Showdown Captain Mode,0.25,67,95,2,20.0,2026-09-29 00:15:00+00:00,Mon 8:15PM
196181887,NFL Showdown Satellite to $20 NFL Fantasy Football Millionaire (PHI @ CHI),153790,Showdown Captain Mode,0.25,63,95,2,20.0,2026-09-29 00:15:00+00:00,Mon 8:15PM
196181829,NFL Showdown Satellite to $20 NFL Fantasy Football Millionaire (PHI @ CHI),153790,Showdown Captain Mode,0.25,58,95,2,20.0,2026-09-29 00:15:00+00:00,Mon 8:15PM
196181802,NFL Showdown Satellite to $20 NFL Fantasy Football Millionaire (PHI @ CHI),153790,Showdown Captain Mode,0.25,62,95,2,20.0,2026-09-29 00:15:00+00:00,Mon 8:15PM
196181305,NFL Showdown Satellite to $20 NFL Fantasy Football Millionaire (PHI @ CHI),153790,Showdown Captain Mode,0.25,59,95,2,20.0,2026-09-29 00:15:00+00:00,Mon 8:15PM
196181304,NFL Showdown Satellite to $20 NFL Fantasy Football Millionaire (PHI @ CHI),153790,Showdown Captain Mode,0.25,55,95,2,20.0,2026-09-29 00:15:00+00:00,Mon 8:15PM
196181303,NFL Showdown Satellite to $20 NFL Fantasy Football Millionaire (PHI @ CHI),153790,Showdown Captain Mode,0.25,55,95,2,20.0,2026-09-29 00:15:00+00:00,Mon 8:15PM
196181302,NFL Showdown Satellite to $20 NFL Fantasy Football Millionaire (PHI @ CHI),153790,Showdown Captain Mode,0.25,56,95,2,20.0,2026-09-29 00:15:00+00:00,Mon 8:15PM
196180732,NFL Showdown Satellite to $20 NFL Fantasy Football Millionaire (PHI @ CHI),153790,Showdown Captain Mode,0.25,57,95,2,20.0,2026-09-29 00:15:00+00:00,Mon 8:15PM
196180031,NFL Showdown Satellite to $20 NFL Fantasy Football Millionaire (PHI @ CHI),153790,Showdown Captain Mode,0.25,66,95,2,20.0,2026-09-29 00:15:00+00:00,Mon 8:15PM
196180030,NFL Showdown Satellite to $20 NFL Fantasy Football Millionaire (PHI @ CHI),153790,Showdown Captain Mode,0.25,57,95,2,20.0,2026-09-29 00:15:00+00:00,Mon 8:15PM
196180029,NFL Showdown Satellite to $20 NFL Fantasy Football Millionaire (PHI @ CHI),153790,Showdown Captain Mode,0.25,56,95,2,20.0,2026-09-29 00:15:00+00:00,Mon 8:15PM
196179913,NFL Showdown Satellite to $20 NFL Fantasy Football Millionaire (PHI @ CHI),153790,Showdown Captain Mode,0.25,58,95,2,20.0,2026-09-29 00:15:00+00:00,Mon 8:15PM
196177888,NFL Showdown Satellite to $20 NFL Fantasy Football Millionaire (PHI @ CHI),153790,Showdown Captain Mode,0.25,69,95,2,20.0,2026-09-29 00:15:00+00:00,Mon 8:15PM
196177739,NFL Showdown Satellite to $20 NFL Fantasy Football Millionaire (PHI @ CHI),153790,Showdown Captain Mode,0.25,78,95,2,20.0,2026-09-29 00:15:00+00:00,Mon 8:15PM
196177520,NFL Showdown Satellite to $20 NFL Fantasy Football Millionaire (PHI @ CHI),153790,Showdown Captain Mode,0.25,80,95,2,20.0,2026-09-29 00:15:00+00:00,Mon 8:15PM
196175817,NFL Showdown Satellite to $20 NFL Fantasy Football Millionaire (PHI @ CHI),153790,Showdown Captain Mode,0.25,79,95,2,20.0,2026-09-29 00:15:00+00:00,Mon 8:15PM
196175314,NFL Showdown Satellite to $20 NFL Fantasy Football Millionaire (PHI @ CHI),153790,Showdown Captain Mode,0.25,84,95,2,20.0,2026-09-29 00:15:00+00:00,Mon 8:15PM
196181300,NFL Showdown Satellite to $20 NFL Fantasy Football Millionaire (PHI @ CHI),153790,Showdown Captain Mode,0.1,236,237,7,20.0,2026-09-29 00:15:00+00:00,Mon 8:15PM
196181264,NFL Showdown Satellite to $20 NFL Fantasy Football Millionaire (PHI @ CHI),153790,Showdown Captain Mode,0.1,211,237,7,20.0,2026-09-29 00:15:00+00:00,Mon 8:15PM
196181256,NFL Showdown Satellite to $20 NFL Fantasy Football Millionaire (PHI @ CHI),153790,Showdown Captain Mode,0.1,218,237,7,20.0,2026-09-29 00:15:00+00:00,Mon 8:15PM
196181186,NFL Showdown Satellite to $20 NFL Fantasy Football Millionaire (PHI @ CHI),153790,Showdown Captain Mode,0.1,218,237,7,20.0,2026-09-29 00:15:00+00:00,Mon 8:15PM
196181183,NFL Showdown Satellite to $20 NFL Fantasy Football Millionaire (PHI @ CHI),153790,Showdown Captain Mode,0.1,198,237,7,20.0,2026-09-29 00:15:00+00:00,Mon 8:15PM
196181110,NFL Showdown Satellite to $20 NFL Fantasy Football Millionaire (PHI @ CHI),153790,Showdown Captain Mode,0.1,199,237,7,20.0,2026-09-29 00:15:00+00:00,Mon 8:15PM
196181085,NFL Showdown Satellite to $20 NFL Fantasy Football Millionaire (PHI @ CHI),153790,Showdown Captain Mode,0.1,206,237,7,20.0,2026-09-29 00:15:00+00:00,Mon 8:15PM
196180756,NFL Showdown Satellite to $20 NFL Fantasy Football Millionaire (PHI @ CHI),153790,Showdown Captain Mode,0.1,197,237,7,20.0,2026-09-29 00:15:00+00:00,Mon 8:15PM
196180697,NFL Showdown Satellite to $20 NFL Fantasy Football Millionaire (PHI @ CHI),153790,Showdown Captain Mode,0.1,202,237,7,20.0,2026-09-29 00:15:00+00:00,Mon 8:15PM
196180364,NFL Showdown Satellite to $20 NFL Fantasy Football Millionaire (PHI @ CHI),153790,Showdown Captain Mode,0.1,209,237,7,20.0,2026-09-29 00:15:00+00:00,Mon 8:15PM
196180361,NFL Showdown Satellite to $20 NFL Fantasy Football Millionaire (PHI @ CHI),153790,Showdown Captain Mode,0.1,195,237,7,20.0,2026-09-29 00:15:00+00:00,Mon 8:15PM
196180359,NFL Showdown Satellite to $20 NFL Fantasy Football Millionaire (PHI @ CHI),153790,Showdown Captain Mode,0.1,193,237,7,20.0,2026-09-29 00:15:00+00:00,Mon 8:15PM
196180222,NFL Showdown Satellite to $20 NFL Fantasy Football Millionaire (PHI @ CHI),153790,Showdown Captain Mode,0.1,197,237,7,20.0,2026-09-29 00:15:00+00:00,Mon 8:15PM
196180032,NFL Showdown Satellite to $20 NFL Fantasy Football Millionaire (PHI @ CHI),153790,Showdown Captain Mode,0.1,214,237,7,20.0,2026-09-29 00:15:00+00:00,Mon 8:15PM
196039289,NFL Showdown $50 2026 FFWC Qualifier Satellite (PHI @ CHI),153790,Showdown Captain Mode,2.0,9,29,1,50.0,2026-09-29 00:15:00+00:00,Mon 8:15PM
196039277,NFL Showdown $33 2026 FFWC Qualifier SUPERSatellite [2x] (PHI @ CHI),153790,Showdown Captain Mode,1.0,30,78,2,66.0,2026-09-29 00:15:00+00:00,Mon 8:15PM
196039276,NFL Showdown $33 2026 FFWC Qualifier Satellite (PHI @ CHI),153790,Showdown Captain Mode,3.0,9,13,1,33.0,2026-09-29 00:15:00+00:00,Mon 8:15PM
196039275,NFL Showdown $33 2026 FFWC Qualifier Satellite (PHI @ CHI),153790,Showdown Captain Mode,1.0,14,39,1,33.0,2026-09-29 00:15:00+00:00,Mon 8:15PM
196039274,NFL Showdown $18 2026 FFWC Qualifier Satellite (PHI @ CHI),153790,Showdown Captain Mode,3.0,5,7,1,18.0,2026-09-29 00:15:00+00:00,Mon 8:15PM
196039273,NFL Showdown $18 2026 FFWC Qualifier Satellite (PHI @ CHI),153790,Showdown Captain Mode,3.0,2,7,1,18.0,2026-09-29 00:15:00+00:00,Mon 8:15PM
196039272,NFL Showdown $18 2026 FFWC Qualifier Satellite (PHI @ CHI),153790,Showdown Captain Mode,3.0,3,7,1,18.0,2026-09-29 00:15:00+00:00,Mon 8:15PM
196039271,NFL Showdown $18 2026 FFWC Qualifier Satellite (PHI @ CHI),153790,Showdown Captain Mode,1.0,9,21,1,18.0,2026-09-29 00:15:00+00:00,Mon 8:15PM
196039270,NFL Showdown $18 2026 FFWC Qualifier Satellite (PHI @ CHI),153790,Showdown Captain Mode,0.25,55,85,2,18.0,2026-09-29 00:15:00+00:00,Mon 8:15PM
196039269,NFL Showdown $5 2026 FFWC Qualifier Satellite (PHI @ CHI),153790,Showdown Captain Mode,1.0,5,7,1,6.0,2026-09-29 00:15:00+00:00,Mon 8:15PM
196039268,NFL Showdown $5 2026 FFWC Qualifier Satellite (PHI @ CHI),153790,Showdown Captain Mode,1.0,4,7,1,6.0,2026-09-29 00:15:00+00:00,Mon 8:15PM
196039267,NFL Showdown $5 2026 FFWC Qualifier Satellite (PHI @ CHI),153790,Showdown Captain Mode,1.0,4,7,1,6.0,2026-09-29 00:15:00+00:00,Mon 8:15PM
196039266,NFL Showdown $5 2026 FFWC Qualifier Satellite (PHI @ CHI),153790,Showdown Captain Mode,1.0,4,7,1,6.0,2026-09-29 00:15:00+00:00,Mon 8:15PM
196040048,LAST SHOT: NFL Showdown Satellite to MLB 9-29 $20 Postseason Opener (PHI @ CHI),153790,Showdown Captain Mode,1.0,21,23,1,20.0,2026-09-29 00:15:00+00:00,Mon 8:15PM
196040047,LAST SHOT: NFL Showdown Satellite to MLB 9-29 $20 Postseason Opener (PHI @ CHI),153790,Showdown Captain Mode,1.0,21,23,1,20.0,2026-09-29 00:15:00+00:00,Mon 8:15PM
196040045,LAST SHOT: NFL Showdown Satellite to MLB 9-29 $20 Postseason Opener (PHI @ CHI),153790,Showdown Captain Mode,1.0,21,23,1,20.0,2026-09-29 00:15:00+00:00,Mon 8:15PM
196040044,LAST SHOT: NFL Showdown Satellite to MLB 9-29 $20 Postseason Opener (PHI @ CHI),153790,Showdown Captain Mode,1.0,19,23,1,20.0,2026-09-29 00:15:00+00:00,Mon 8:15PM
196040058,NFL Showdown SUPERSatellite to NBA 10-20 $20 Opening Tip Off [2x] (PHI @ CHI),153790,Showdown Captain Mode,0.1,467,475,14,40.0,2026-09-29 00:15:00+00:00,Mon 8:15PM
196040056,NFL Showdown Satellite to NBA 10-20 $20 Opening Tip Off (PHI @ CHI),153790,Showdown Captain Mode,2.0,6,11,1,20.0,2026-09-29 00:15:00+00:00,Mon 8:15PM
196040055,NFL Showdown Satellite to NBA 10-20 $20 Opening Tip Off (PHI @ CHI),153790,Showdown Captain Mode,2.0,9,11,1,20.0,2026-09-29 00:15:00+00:00,Mon 8:15PM
196040054,NFL Showdown Satellite to NBA 10-20 $20 Opening Tip Off (PHI @ CHI),153790,Showdown Captain Mode,1.0,16,23,1,20.0,2026-09-29 00:15:00+00:00,Mon 8:15PM
196040053,NFL Showdown Satellite to NBA 10-20 $20 Opening Tip Off (PHI @ CHI),153790,Showdown Captain Mode,1.0,17,23,1,20.0,2026-09-29 00:15:00+00:00,Mon 8:15PM
196040052,NFL Showdown Satellite to NBA 10-20 $20 Opening Tip Off (PHI @ CHI),153790,Showdown Captain Mode,0.25,84,95,2,20.0,2026-09-29 00:15:00+00:00,Mon 8:15PM
196040051,NFL Showdown Satellite to NBA 10-20 $20 Opening Tip Off (PHI @ CHI),153790,Showdown Captain Mode,0.25,81,95,2,20.0,2026-09-29 00:15:00+00:00,Mon 8:15PM
196040064,NFL Showdown Satellite to UFC 332 $25 Special (10-3) (PHI @ CHI),153790,Showdown Captain Mode,0.5,44,59,1,25.0,2026-09-29 00:15:00+00:00,Mon 8:15PM
196040063,NFL Showdown Satellite to UFC 332 $25 Special (10-3) (PHI @ CHI),153790,Showdown Captain Mode,0.5,46,59,1,25.0,2026-09-29 00:15:00+00:00,Mon 8:15PM
196039122,NFL Showdown $100 Contest (PHI @ CHI),153790,Showdown Captain Mode,100.0,9,11,1,1000.0,2026-09-29 00:15:00+00:00,Mon 8:15PM
196181992,NFL Showdown $85 Winner Take All [$300 to 1st] (PHI @ CHI),153790,Showdown Captain Mode,85.0,2,4,1,300.0,2026-09-29 00:15:00+00:00,Mon 8:15PM
196179536,NFL Showdown $85 Winner Take All [$300 to 1st] (PHI @ CHI),153790,Showdown Captain Mode,85.0,2,4,1,300.0,2026-09-29 00:15:00+00:00,Mon 8:15PM
196177909,NFL Showdown $85 Winner Take All [$300 to 1st] (PHI @ CHI),153790,Showdown Captain Mode,85.0,2,4,1,300.0,2026-09-29 00:15:00+00:00,Mon 8:15PM
196177342,NFL Showdown $85 Winner Take All [$300 to 1st] (PHI @ CHI),153790,Showdown Captain Mode,85.0,2,4,1,300.0,2026-09-29 00:15:00+00:00,Mon 8:15PM
196175781,NFL Showdown $85 Winner Take All [$300 to 1st] (PHI @ CHI),153790,Showdown Captain Mode,85.0,2,4,1,300.0,2026-09-29 00:15:00+00:00,Mon 8:15PM
196039070,NFL Showdown $3 Winner Take All [$100 to 1st] (PHI @ CHI),153790,Showdown Captain Mode,3.0,35,39,1,100.0,2026-09-29 00:15:00+00:00,Mon 8:15PM
196039069,NFL Showdown $3 Winner Take All [$100 to 1st] (PHI @ CHI),153790,Showdown Captain Mode,3.0,34,39,1,100.0,2026-09-29 00:15:00+00:00,Mon 8:15PM
196180543,NFL Showdown $0.25 Winner Take All [$100 to 1st] (PHI @ CHI),153790,Showdown Captain Mode,0.25,456,475,10,100.0,2026-09-29 00:15:00+00:00,Mon 8:15PM
196180536,NFL Showdown $0.25 Winner Take All [$100 to 1st] (PHI @ CHI),153790,Showdown Captain Mode,0.25,443,475,10,100.0,2026-09-29 00:15:00+00:00,Mon 8:15PM
196180225,NFL Showdown $0.25 Winner Take All [$100 to 1st] (PHI @ CHI),153790,Showdown Captain Mode,0.25,430,475,10,100.0,2026-09-29 00:15:00+00:00,Mon 8:15PM
196180221,NFL Showdown $0.25 Winner Take All [$100 to 1st] (PHI @ CHI),153790,Showdown Captain Mode,0.25,439,475,10,100.0,2026-09-29 00:15:00+00:00,Mon 8:15PM
196180020,NFL Showdown $0.25 Winner Take All [$100 to 1st] (PHI @ CHI),153790,Showdown Captain Mode,0.25,444,475,10,100.0,2026-09-29 00:15:00+00:00,Mon 8:15PM
196180019,NFL Showdown $0.25 Winner Take All [$100 to 1st] (PHI @ CHI),153790,Showdown Captain Mode,0.25,444,475,10,100.0,2026-09-29 00:15:00+00:00,Mon 8:15PM
196180018,NFL Showdown $0.25 Winner Take All [$100 to 1st] (PHI @ CHI),153790,Showdown Captain Mode,0.25,425,475,10,100.0,2026-09-29 00:15:00+00:00,Mon 8:15PM
196180017,NFL Showdown $0.25 Winner Take All [$100 to 1st] (PHI @ CHI),153790,Showdown Captain Mode,0.25,436,475,10,100.0,2026-09-29 00:15:00+00:00,Mon 8:15PM
196179516,NFL Showdown $0.25 Winner Take All [$100 to 1st] (PHI @ CHI),153790,Showdown Captain Mode,0.25,452,475,10,100.0,2026-09-29 00:15:00+00:00,Mon 8:15PM
196038895,Casual NFL Showdown 10x Booster [Top 3 Win $50] (PHI @ CHI),153790,Showdown Captain Mode,5.0,21,35,1,150.0,2026-09-29 00:15:00+00:00,Mon 8:15PM
196038896,Casual NFL Showdown 10x Booster [Top 3 Win $20] (PHI @ CHI),153790,Showdown Captain Mode,2.0,30,35,1,60.0,2026-09-29 00:15:00+00:00,Mon 8:15PM
196184472,NFL Showdown 10x Booster [Top 3 Win $20] (PHI @ CHI),153790,Showdown Captain Mode,2.0,22,35,1,60.0,2026-09-29 00:15:00+00:00,Mon 8:15PM
196183955,NFL Showdown 10x Booster [Top 3 Win $20] (PHI @ CHI),153790,Showdown Captain Mode,2.0,33,35,1,60.0,2026-09-29 00:15:00+00:00,Mon 8:15PM
196183535,NFL Showdown 40x Micro Booster [Top 5 Win $10] (PHI @ CHI),153790,Showdown Captain Mode,0.25,195,237,7,50.0,2026-09-29 00:15:00+00:00,Mon 8:15PM
196183372,NFL Showdown 40x Micro Booster [Top 5 Win $10] (PHI @ CHI),153790,Showdown Captain Mode,0.25,192,237,7,50.0,2026-09-29 00:15:00+00:00,Mon 8:15PM
196180515,NFL Showdown $10 Quintuple Up [Top 5 Win $50] (PHI @ CHI),153790,Showdown Captain Mode,10.0,26,28,1,250.0,2026-09-29 00:15:00+00:00,Mon 8:15PM
196183961,NFL Showdown $5 Quintuple Up [Top 5 Win $25] (PHI @ CHI),153790,Showdown Captain Mode,5.0,26,28,1,125.0,2026-09-29 00:15:00+00:00,Mon 8:15PM
196183133,NFL Showdown $5 Quintuple Up [Top 5 Win $25] (PHI @ CHI),153790,Showdown Captain Mode,5.0,24,28,1,125.0,2026-09-29 00:15:00+00:00,Mon 8:15PM
196181323,NFL Showdown $5 Quintuple Up [Top 5 Win $25] (PHI @ CHI),153790,Showdown Captain Mode,5.0,23,28,1,125.0,2026-09-29 00:15:00+00:00,Mon 8:15PM
196038846,NFL Showdown $5 Quintuple Up [Top 5 Win $25] (PHI @ CHI),153790,Showdown Captain Mode,5.0,27,28,1,125.0,2026-09-29 00:15:00+00:00,Mon 8:15PM
196184370,NFL Showdown $1 Quintuple Up [Top 5 Win $5] (PHI @ CHI),153790,Showdown Captain Mode,1.0,10,28,1,25.0,2026-09-29 00:15:00+00:00,Mon 8:15PM
196183953,NFL Showdown $1 Quintuple Up [Top 5 Win $5] (PHI @ CHI),153790,Showdown Captain Mode,1.0,11,28,1,25.0,2026-09-29 00:15:00+00:00,Mon 8:15PM
196182633,NFL Showdown $1 Quintuple Up [Top 5 Win $5] (PHI @ CHI),153790,Showdown Captain Mode,1.0,16,28,1,25.0,2026-09-29 00:15:00+00:00,Mon 8:15PM
196182152,NFL Showdown $1 Quintuple Up [Top 5 Win $5] (PHI @ CHI),153790,Showdown Captain Mode,1.0,25,28,1,25.0,2026-09-29 00:15:00+00:00,Mon 8:15PM
196180535,NFL Showdown $1 Quintuple Up [Top 5 Win $5] (PHI @ CHI),153790,Showdown Captain Mode,1.0,24,28,1,25.0,2026-09-29 00:15:00+00:00,Mon 8:15PM
196180061,NFL Showdown $1 Quintuple Up [Top 5 Win $5] (PHI @ CHI),153790,Showdown Captain Mode,1.0,26,28,1,25.0,2026-09-29 00:15:00+00:00,Mon 8:15PM
196038863,NFL Showdown $1 Quintuple Up [Top 5 Win $5] (PHI @ CHI),153790,Showdown Captain Mode,1.0,26,28,1,25.0,2026-09-29 00:15:00+00:00,Mon 8:15PM
196038862,NFL Showdown $1 Quintuple Up [Top 5 Win $5] (PHI @ CHI),153790,Showdown Captain Mode,1.0,21,28,1,25.0,2026-09-29 00:15:00+00:00,Mon 8:15PM
196038861,NFL Showdown $1 Quintuple Up [Top 5 Win $5] (PHI @ CHI),153790,Showdown Captain Mode,1.0,26,28,1,25.0,2026-09-29 00:15:00+00:00,Mon 8:15PM
196038860,NFL Showdown $1 Quintuple Up [Top 5 Win $5] (PHI @ CHI),153790,Showdown Captain Mode,1.0,22,28,1,25.0,2026-09-29 00:15:00+00:00,Mon 8:15PM
196038859,NFL Showdown $1 Quintuple Up [Top 5 Win $5] (PHI @ CHI),153790,Showdown Captain Mode,1.0,23,28,1,25.0,2026-09-29 00:15:00+00:00,Mon 8:15PM
196038858,NFL Showdown $1 Quintuple Up [Top 5 Win $5] (PHI @ CHI),153790,Showdown Captain Mode,1.0,23,28,1,25.0,2026-09-29 00:15:00+00:00,Mon 8:15PM
196038857,NFL Showdown $1 Quintuple Up [Top 5 Win $5] (PHI @ CHI),153790,Showdown Captain Mode,1.0,22,28,1,25.0,2026-09-29 00:15:00+00:00,Mon 8:15PM
196038856,NFL Showdown $1 Quintuple Up [Top 5 Win $5] (PHI @ CHI),153790,Showdown Captain Mode,1.0,23,28,1,25.0,2026-09-29 00:15:00+00:00,Mon 8:15PM
196038855,NFL Showdown $1 Quintuple Up [Top 5 Win $5] (PHI @ CHI),153790,Showdown Captain Mode,1.0,21,28,1,25.0,2026-09-29 00:15:00+00:00,Mon 8:15PM
196038854,NFL Showdown $1 Quintuple Up [Top 5 Win $5] (PHI @ CHI),153790,Showdown Captain Mode,1.0,19,28,1,25.0,2026-09-29 00:15:00+00:00,Mon 8:15PM
196038853,NFL Showdown $1 Quintuple Up [Top 5 Win $5] (PHI @ CHI),153790,Showdown Captain Mode,1.0,19,28,1,25.0,2026-09-29 00:15:00+00:00,Mon 8:15PM
196038852,NFL Showdown $1 Quintuple Up [Top 5 Win $5] (PHI @ CHI),153790,Showdown Captain Mode,1.0,25,28,1,25.0,2026-09-29 00:15:00+00:00,Mon 8:15PM
196182283,NFL Showdown $25 Triple Up [Top 9 Win $75] (PHI @ CHI),153790,Showdown Captain Mode,25.0,16,31,1,675.0,2026-09-29 00:15:00+00:00,Mon 8:15PM
196184493,NFL Showdown $10 Triple Up [Top 9 Win $30] (PHI @ CHI),153790,Showdown Captain Mode,10.0,8,31,1,270.0,2026-09-29 00:15:00+00:00,Mon 8:15PM
196175879,NFL Showdown $5 Triple Up [Top 9 Win $15] (PHI @ CHI),153790,Showdown Captain Mode,5.0,26,31,1,135.0,2026-09-29 00:15:00+00:00,Mon 8:15PM
196175878,NFL Showdown $5 Triple Up [Top 9 Win $15] (PHI @ CHI),153790,Showdown Captain Mode,5.0,26,31,1,135.0,2026-09-29 00:15:00+00:00,Mon 8:15PM
196038905,NFL Showdown $5 Triple Up [Top 9 Win $15] (PHI @ CHI),153790,Showdown Captain Mode,5.0,30,31,1,135.0,2026-09-29 00:15:00+00:00,Mon 8:15PM
196182519,NFL Showdown $1 Triple Up [Top 9 Win $3] (PHI @ CHI),153790,Showdown Captain Mode,1.0,17,31,1,27.0,2026-09-29 00:15:00+00:00,Mon 8:15PM
196182517,NFL Showdown $1 Triple Up [Top 9 Win $3] (PHI @ CHI),153790,Showdown Captain Mode,1.0,14,31,1,27.0,2026-09-29 00:15:00+00:00,Mon 8:15PM
196181917,NFL Showdown $1 Triple Up [Top 9 Win $3] (PHI @ CHI),153790,Showdown Captain Mode,1.0,28,31,1,27.0,2026-09-29 00:15:00+00:00,Mon 8:15PM
196181078,NFL Showdown $1 Triple Up [Top 9 Win $3] (PHI @ CHI),153790,Showdown Captain Mode,1.0,17,31,1,27.0,2026-09-29 00:15:00+00:00,Mon 8:15PM
196179524,NFL Showdown $1 Triple Up [Top 9 Win $3] (PHI @ CHI),153790,Showdown Captain Mode,1.0,26,31,1,27.0,2026-09-29 00:15:00+00:00,Mon 8:15PM
196179460,NFL Showdown $1 Triple Up [Top 9 Win $3] (PHI @ CHI),153790,Showdown Captain Mode,1.0,22,31,1,27.0,2026-09-29 00:15:00+00:00,Mon 8:15PM
196179067,NFL Showdown $1 Triple Up [Top 9 Win $3] (PHI @ CHI),153790,Showdown Captain Mode,1.0,22,31,1,27.0,2026-09-29 00:15:00+00:00,Mon 8:15PM
196179066,NFL Showdown $1 Triple Up [Top 9 Win $3] (PHI @ CHI),153790,Showdown Captain Mode,1.0,21,31,1,27.0,2026-09-29 00:15:00+00:00,Mon 8:15PM
196038927,NFL Showdown $1 Triple Up [Top 9 Win $3] (PHI @ CHI),153790,Showdown Captain Mode,1.0,29,31,1,27.0,2026-09-29 00:15:00+00:00,Mon 8:15PM
196038926,NFL Showdown $1 Triple Up [Top 9 Win $3] (PHI @ CHI),153790,Showdown Captain Mode,1.0,25,31,1,27.0,2026-09-29 00:15:00+00:00,Mon 8:15PM
196038925,NFL Showdown $1 Triple Up [Top 9 Win $3] (PHI @ CHI),153790,Showdown Captain Mode,1.0,24,31,1,27.0,2026-09-29 00:15:00+00:00,Mon 8:15PM
196038924,NFL Showdown $1 Triple Up [Top 9 Win $3] (PHI @ CHI),153790,Showdown Captain Mode,1.0,27,31,1,27.0,2026-09-29 00:15:00+00:00,Mon 8:15PM
196038923,NFL Showdown $1 Triple Up [Top 9 Win $3] (PHI @ CHI),153790,Showdown Captain Mode,1.0,23,31,1,27.0,2026-09-29 00:15:00+00:00,Mon 8:15PM
196038922,NFL Showdown $1 Triple Up [Top 9 Win $3] (PHI @ CHI),153790,Showdown Captain Mode,1.0,23,31,1,27.0,2026-09-29 00:15:00+00:00,Mon 8:15PM
196038921,NFL Showdown $1 Triple Up [Top 9 Win $3] (PHI @ CHI),153790,Showdown Captain Mode,1.0,23,31,1,27.0,2026-09-29 00:15:00+00:00,Mon 8:15PM
196038920,NFL Showdown $1 Triple Up [Top 9 Win $3] (PHI @ CHI),153790,Showdown Captain Mode,1.0,24,31,1,27.0,2026-09-29 00:15:00+00:00,Mon 8:15PM
196038919,NFL Showdown $1 Triple Up [Top 9 Win $3] (PHI @ CHI),153790,Showdown Captain Mode,1.0,29,31,1,27.0,2026-09-29 00:15:00+00:00,Mon 8:15PM
196038918,NFL Showdown $1 Triple Up [Top 9 Win $3] (PHI @ CHI),153790,Showdown Captain Mode,1.0,27,31,1,27.0,2026-09-29 00:15:00+00:00,Mon 8:15PM
196038917,NFL Showdown $1 Triple Up [Top 9 Win $3] (PHI @ CHI),153790,Showdown Captain Mode,1.0,28,31,1,27.0,2026-09-29 00:15:00+00:00,Mon 8:15PM
196038978,Casual NFL Showdown $10 Double Up (PHI @ CHI),153790,Showdown Captain Mode,10.0,10,11,1,100.0,2026-09-29 00:15:00+00:00,Mon 8:15PM
196038982,Casual NFL Showdown $5 Double Up (PHI @ CHI),153790,Showdown Captain Mode,5.0,11,23,1,100.0,2026-09-29 00:15:00+00:00,Mon 8:15PM
196038981,Casual NFL Showdown $3 Double Up (PHI @ CHI),153790,Showdown Captain Mode,3.0,12,23,1,60.0,2026-09-29 00:15:00+00:00,Mon 8:15PM
196038979,Casual NFL Showdown $1 Double Up (PHI @ CHI),153790,Showdown Captain Mode,1.0,21,23,1,20.0,2026-09-29 00:15:00+00:00,Mon 8:15PM
196038894,NFL Showdown $250 Double Up (PHI @ CHI),153790,Showdown Captain Mode,250.0,9,11,1,2500.0,2026-09-29 00:15:00+00:00,Mon 8:15PM
196039142,NFL Showdown $100 Double Up (PHI @ CHI),153790,Showdown Captain Mode,100.0,10,11,1,1000.0,2026-09-29 00:15:00+00:00,Mon 8:15PM
196184858,NFL Showdown $25 Double Up (PHI @ CHI),153790,Showdown Captain Mode,25.0,1,11,1,250.0,2026-09-29 00:15:00+00:00,Mon 8:15PM
196184857,NFL Showdown $25 Double Up (PHI @ CHI),153790,Showdown Captain Mode,25.0,1,11,1,250.0,2026-09-29 00:15:00+00:00,Mon 8:15PM
196184856,NFL Showdown $25 Double Up (PHI @ CHI),153790,Showdown Captain Mode,25.0,1,11,1,250.0,2026-09-29 00:15:00+00:00,Mon 8:15PM
196184855,NFL Showdown $25 Double Up (PHI @ CHI),153790,Showdown Captain Mode,25.0,1,11,1,250.0,2026-09-29 00:15:00+00:00,Mon 8:15PM
196184264,NFL Showdown $25 Double Up (PHI @ CHI),153790,Showdown Captain Mode,25.0,3,11,1,250.0,2026-09-29 00:15:00+00:00,Mon 8:15PM
196177346,NFL Showdown $25 Double Up (PHI @ CHI),153790,Showdown Captain Mode,25.0,10,11,1,250.0,2026-09-29 00:15:00+00:00,Mon 8:15PM
196171943,NFL Showdown $25 Double Up (PHI @ CHI),153790,Showdown Captain Mode,25.0,10,11,1,250.0,2026-09-29 00:15:00+00:00,Mon 8:15PM
196184851,NFL Showdown $10 Double Up (PHI @ CHI),153790,Showdown Captain Mode,10.0,6,23,1,200.0,2026-09-29 00:15:00+00:00,Mon 8:15PM
196038977,NFL Showdown $10 Double Up (PHI @ CHI),153790,Showdown Captain Mode,10.0,21,23,1,200.0,2026-09-29 00:15:00+00:00,Mon 8:15PM
196185071,NFL Showdown $10 Double Up (PHI @ CHI),153790,Showdown Captain Mode,10.0,0,11,1,100.0,2026-09-29 00:15:00+00:00,Mon 8:15PM
196185070,NFL Showdown $10 Double Up (PHI @ CHI),153790,Showdown Captain Mode,10.0,0,11,1,100.0,2026-09-29 00:15:00+00:00,Mon 8:15PM
196185069,NFL Showdown $10 Double Up (PHI @ CHI),153790,Showdown Captain Mode,10.0,0,11,1,100.0,2026-09-29 00:15:00+00:00,Mon 8:15PM
196185005,NFL Showdown $10 Double Up (PHI @ CHI),153790,Showdown Captain Mode,10.0,2,11,1,100.0,2026-09-29 00:15:00+00:00,Mon 8:15PM
196184979,NFL Showdown $10 Double Up (PHI @ CHI),153790,Showdown Captain Mode,10.0,3,11,1,100.0,2026-09-29 00:15:00+00:00,Mon 8:15PM
196184973,NFL Showdown $10 Double Up (PHI @ CHI),153790,Showdown Captain Mode,10.0,3,11,1,100.0,2026-09-29 00:15:00+00:00,Mon 8:15PM
196182527,NFL Showdown $10 Double Up (PHI @ CHI),153790,Showdown Captain Mode,10.0,9,11,1,100.0,2026-09-29 00:15:00+00:00,Mon 8:15PM
196185030,NFL Showdown $5 Double Up (PHI @ CHI),153790,Showdown Captain Mode,5.0,2,23,1,100.0,2026-09-29 00:15:00+00:00,Mon 8:15PM
196184980,NFL Showdown $5 Double Up (PHI @ CHI),153790,Showdown Captain Mode,5.0,5,23,1,100.0,2026-09-29 00:15:00+00:00,Mon 8:15PM
196183835,NFL Showdown $5 Double Up (PHI @ CHI),153790,Showdown Captain Mode,5.0,12,23,1,100.0,2026-09-29 00:15:00+00:00,Mon 8:15PM
196183158,NFL Showdown $5 Double Up (PHI @ CHI),153790,Showdown Captain Mode,5.0,16,23,1,100.0,2026-09-29 00:15:00+00:00,Mon 8:15PM
196180520,NFL Showdown $5 Double Up (PHI @ CHI),153790,Showdown Captain Mode,5.0,22,23,1,100.0,2026-09-29 00:15:00+00:00,Mon 8:15PM
196039022,NFL Showdown $5 Double Up (PHI @ CHI),153790,Showdown Captain Mode,5.0,22,23,1,100.0,2026-09-29 00:15:00+00:00,Mon 8:15PM
196039020,NFL Showdown $5 Double Up (PHI @ CHI),153790,Showdown Captain Mode,5.0,21,23,1,100.0,2026-09-29 00:15:00+00:00,Mon 8:15PM
196038991,NFL Showdown $5 Double Up (PHI @ CHI),153790,Showdown Captain Mode,5.0,22,23,1,100.0,2026-09-29 00:15:00+00:00,Mon 8:15PM
196038990,NFL Showdown $5 Double Up (PHI @ CHI),153790,Showdown Captain Mode,5.0,22,23,1,100.0,2026-09-29 00:15:00+00:00,Mon 8:15PM
196183034,NFL Showdown $3 Double Up (PHI @ CHI),153790,Showdown Captain Mode,3.0,22,23,1,60.0,2026-09-29 00:15:00+00:00,Mon 8:15PM
196183033,NFL Showdown $3 Double Up (PHI @ CHI),153790,Showdown Captain Mode,3.0,16,23,1,60.0,2026-09-29 00:15:00+00:00,Mon 8:15PM
196183032,NFL Showdown $3 Double Up (PHI @ CHI),153790,Showdown Captain Mode,3.0,13,23,1,60.0,2026-09-29 00:15:00+00:00,Mon 8:15PM
196181087,NFL Showdown $3 Double Up (PHI @ CHI),153790,Showdown Captain Mode,3.0,19,23,1,60.0,2026-09-29 00:15:00+00:00,Mon 8:15PM
196180567,NFL Showdown $3 Double Up (PHI @ CHI),153790,Showdown Captain Mode,3.0,18,23,1,60.0,2026-09-29 00:15:00+00:00,Mon 8:15PM
196179584,NFL Showdown $3 Double Up (PHI @ CHI),153790,Showdown Captain Mode,3.0,20,23,1,60.0,2026-09-29 00:15:00+00:00,Mon 8:15PM
196179583,NFL Showdown $3 Double Up (PHI @ CHI),153790,Showdown Captain Mode,3.0,22,23,1,60.0,2026-09-29 00:15:00+00:00,Mon 8:15PM
196179444,NFL Showdown $3 Double Up (PHI @ CHI),153790,Showdown Captain Mode,3.0,20,23,1,60.0,2026-09-29 00:15:00+00:00,Mon 8:15PM
196179096,NFL Showdown $3 Double Up (PHI @ CHI),153790,Showdown Captain Mode,3.0,20,23,1,60.0,2026-09-29 00:15:00+00:00,Mon 8:15PM
196179034,NFL Showdown $3 Double Up (PHI @ CHI),153790,Showdown Captain Mode,3.0,19,23,1,60.0,2026-09-29 00:15:00+00:00,Mon 8:15PM
196179018,NFL Showdown $3 Double Up (PHI @ CHI),153790,Showdown Captain Mode,3.0,20,23,1,60.0,2026-09-29 00:15:00+00:00,Mon 8:15PM
196183096,NFL Showdown $1 Double Up (PHI @ CHI),153790,Showdown Captain Mode,1.0,49,62,1,54.0,2026-09-29 00:15:00+00:00,Mon 8:15PM
196182397,NFL Showdown $1 Double Up (PHI @ CHI),153790,Showdown Captain Mode,1.0,47,62,1,54.0,2026-09-29 00:15:00+00:00,Mon 8:15PM
196181999,NFL Showdown $1 Double Up (PHI @ CHI),153790,Showdown Captain Mode,1.0,51,62,1,54.0,2026-09-29 00:15:00+00:00,Mon 8:15PM
196183200,NFL Showdown $1 Double Up (PHI @ CHI),153790,Showdown Captain Mode,1.0,25,39,1,34.0,2026-09-29 00:15:00+00:00,Mon 8:15PM
196183176,NFL Showdown $1 Double Up (PHI @ CHI),153790,Showdown Captain Mode,1.0,21,39,1,34.0,2026-09-29 00:15:00+00:00,Mon 8:15PM
196182629,NFL Showdown $1 Double Up (PHI @ CHI),153790,Showdown Captain Mode,1.0,19,39,1,34.0,2026-09-29 00:15:00+00:00,Mon 8:15PM
196180703,NFL Showdown $1 Double Up (PHI @ CHI),153790,Showdown Captain Mode,1.0,31,39,1,34.0,2026-09-29 00:15:00+00:00,Mon 8:15PM
196180702,NFL Showdown $1 Double Up (PHI @ CHI),153790,Showdown Captain Mode,1.0,27,39,1,34.0,2026-09-29 00:15:00+00:00,Mon 8:15PM
196180510,NFL Showdown $1 Double Up (PHI @ CHI),153790,Showdown Captain Mode,1.0,26,39,1,34.0,2026-09-29 00:15:00+00:00,Mon 8:15PM
196179988,NFL Showdown $1 Double Up (PHI @ CHI),153790,Showdown Captain Mode,1.0,32,39,1,34.0,2026-09-29 00:15:00+00:00,Mon 8:15PM
196179939,NFL Showdown $1 Double Up (PHI @ CHI),153790,Showdown Captain Mode,1.0,27,39,1,34.0,2026-09-29 00:15:00+00:00,Mon 8:15PM
196184967,NFL Showdown $1 Double Up (PHI @ CHI),153790,Showdown Captain Mode,1.0,1,23,1,20.0,2026-09-29 00:15:00+00:00,Mon 8:15PM
196184674,NFL Showdown $1 Double Up (PHI @ CHI),153790,Showdown Captain Mode,1.0,3,23,1,20.0,2026-09-29 00:15:00+00:00,Mon 8:15PM
196179951,NFL Showdown $1 Double Up (PHI @ CHI),153790,Showdown Captain Mode,1.0,22,23,1,20.0,2026-09-29 00:15:00+00:00,Mon 8:15PM
196179950,NFL Showdown $1 Double Up (PHI @ CHI),153790,Showdown Captain Mode,1.0,19,23,1,20.0,2026-09-29 00:15:00+00:00,Mon 8:15PM
196179949,NFL Showdown $1 Double Up (PHI @ CHI),153790,Showdown Captain Mode,1.0,19,23,1,20.0,2026-09-29 00:15:00+00:00,Mon 8:15PM
196179948,NFL Showdown $1 Double Up (PHI @ CHI),153790,Showdown Captain Mode,1.0,18,23,1,20.0,2026-09-29 00:15:00+00:00,Mon 8:15PM
196179947,NFL Showdown $1 Double Up (PHI @ CHI),153790,Showdown Captain Mode,1.0,18,23,1,20.0,2026-09-29 00:15:00+00:00,Mon 8:15PM
196179912,NFL Showdown $1 Double Up (PHI @ CHI),153790,Showdown Captain Mode,1.0,17,23,1,20.0,2026-09-29 00:15:00+00:00,Mon 8:15PM
196179911,NFL Showdown $1 Double Up (PHI @ CHI),153790,Showdown Captain Mode,1.0,18,23,1,20.0,2026-09-29 00:15:00+00:00,Mon 8:15PM
196179910,NFL Showdown $1 Double Up (PHI @ CHI),153790,Showdown Captain Mode,1.0,16,23,1,20.0,2026-09-29 00:15:00+00:00,Mon 8:15PM
196179909,NFL Showdown $1 Double Up (PHI @ CHI),153790,Showdown Captain Mode,1.0,15,23,1,20.0,2026-09-29 00:15:00+00:00,Mon 8:15PM
196179899,NFL Showdown $1 Double Up (PHI @ CHI),153790,Showdown Captain Mode,1.0,16,23,1,20.0,2026-09-29 00:15:00+00:00,Mon 8:15PM
196179894,NFL Showdown $1 Double Up (PHI @ CHI),153790,Showdown Captain Mode,1.0,16,23,1,20.0,2026-09-29 00:15:00+00:00,Mon 8:15PM
196179893,NFL Showdown $1 Double Up (PHI @ CHI),153790,Showdown Captain Mode,1.0,15,23,1,20.0,2026-09-29 00:15:00+00:00,Mon 8:15PM
196179244,NFL Showdown $1 Double Up (PHI @ CHI),153790,Showdown Captain Mode,1.0,18,23,1,20.0,2026-09-29 00:15:00+00:00,Mon 8:15PM
196179243,NFL Showdown $1 Double Up (PHI @ CHI),153790,Showdown Captain Mode,1.0,20,23,1,20.0,2026-09-29 00:15:00+00:00,Mon 8:15PM
196179241,NFL Showdown $1 Double Up (PHI @ CHI),153790,Showdown Captain Mode,1.0,17,23,1,20.0,2026-09-29 00:15:00+00:00,Mon 8:15PM
196179240,NFL Showdown $1 Double Up (PHI @ CHI),153790,Showdown Captain Mode,1.0,18,23,1,20.0,2026-09-29 00:15:00+00:00,Mon 8:15PM
196179039,NFL Showdown $1 Double Up (PHI @ CHI),153790,Showdown Captain Mode,1.0,19,23,1,20.0,2026-09-29 00:15:00+00:00,Mon 8:15PM
196172962,NFL Showdown $1 Double Up (PHI @ CHI),153790,Showdown Captain Mode,1.0,22,23,1,20.0,2026-09-29 00:15:00+00:00,Mon 8:15PM
196172608,NFL Showdown $1 Double Up (PHI @ CHI),153790,Showdown Captain Mode,1.0,22,23,1,20.0,2026-09-29 00:15:00+00:00,Mon 8:15PM
196172092,NFL Showdown $1 Double Up (PHI @ CHI),153790,Showdown Captain Mode,1.0,21,23,1,20.0,2026-09-29 00:15:00+00:00,Mon 8:15PM
196169775,NFL Showdown $1 Double Up (PHI @ CHI),153790,Showdown Captain Mode,1.0,21,23,1,20.0,2026-09-29 00:15:00+00:00,Mon 8:15PM
196164945,NFL Showdown $1 Double Up (PHI @ CHI),153790,Showdown Captain Mode,1.0,21,23,1,20.0,2026-09-29 00:15:00+00:00,Mon 8:15PM
196164366,NFL Showdown $1 Double Up (PHI @ CHI),153790,Showdown Captain Mode,1.0,20,23,1,20.0,2026-09-29 00:15:00+00:00,Mon 8:15PM
196164332,NFL Showdown $1 Double Up (PHI @ CHI),153790,Showdown Captain Mode,1.0,21,23,1,20.0,2026-09-29 00:15:00+00:00,Mon 8:15PM
196039027,NFL Showdown $1 Double Up (PHI @ CHI),153790,Showdown Captain Mode,1.0,22,23,1,20.0,2026-09-29 00:15:00+00:00,Mon 8:15PM
196039008,NFL Showdown $1 Double Up (PHI @ CHI),153790,Showdown Captain Mode,1.0,22,23,1,20.0,2026-09-29 00:15:00+00:00,Mon 8:15PM
196039007,NFL Showdown $1 Double Up (PHI @ CHI),153790,Showdown Captain Mode,1.0,22,23,1,20.0,2026-09-29 00:15:00+00:00,Mon 8:15PM
196039005,NFL Showdown $1 Double Up (PHI @ CHI),153790,Showdown Captain Mode,1.0,22,23,1,20.0,2026-09-29 00:15:00+00:00,Mon 8:15PM
196039004,NFL Showdown $1 Double Up (PHI @ CHI),153790,Showdown Captain Mode,1.0,22,23,1,20.0,2026-09-29 00:15:00+00:00,Mon 8:15PM
196039002,NFL Showdown $1 Double Up (PHI @ CHI),153790,Showdown Captain Mode,1.0,21,23,1,20.0,2026-09-29 00:15:00+00:00,Mon 8:15PM
196039001,NFL Showdown $1 Double Up (PHI @ CHI),153790,Showdown Captain Mode,1.0,21,23,1,20.0,2026-09-29 00:15:00+00:00,Mon 8:15PM
196038999,NFL Showdown $1 Double Up (PHI @ CHI),153790,Showdown Captain Mode,1.0,21,23,1,20.0,2026-09-29 00:15:00+00:00,Mon 8:15PM
196038998,NFL Showdown $1 Double Up (PHI @ CHI),153790,Showdown Captain Mode,1.0,22,23,1,20.0,2026-09-29 00:15:00+00:00,Mon 8:15PM
196038997,NFL Showdown $1 Double Up (PHI @ CHI),153790,Showdown Captain Mode,1.0,21,23,1,20.0,2026-09-29 00:15:00+00:00,Mon 8:15PM
196038996,NFL Showdown $1 Double Up (PHI @ CHI),153790,Showdown Captain Mode,1.0,21,23,1,20.0,2026-09-29 00:15:00+00:00,Mon 8:15PM
196038995,NFL Showdown $1 Double Up (PHI @ CHI),153790,Showdown Captain Mode,1.0,22,23,1,20.0,2026-09-29 00:15:00+00:00,Mon 8:15PM
196182603,NFL Showdown FREE 200-Player (PHI @ CHI),153790,Showdown Captain Mode,0.0,113,200,1,0.0,2026-09-29 00:15:00+00:00,Mon 8:15PM
196180713,NFL Showdown FREE 150-Player (PHI @ CHI),153790,Showdown Captain Mode,0.0,142,150,1,0.0,2026-09-29 00:15:00+00:00,Mon 8:15PM
196180512,NFL Showdown FREE 200-Player (PHI @ CHI),153790,Showdown Captain Mode,0.0,141,200,1,0.0,2026-09-29 00:15:00+00:00,Mon 8:15PM
196180354,NFL Showdown FREE 200-Player (PHI @ CHI),153790,Showdown Captain Mode,0.0,114,200,1,0.0,2026-09-29 00:15:00+00:00,Mon 8:15PM
196184318,NFL Showdown FREE 20-Player (PHI @ CHI),153790,Showdown Captain Mode,0.0,17,20,1,0.0,2026-09-29 00:15:00+00:00,Mon 8:15PM
196180609,NFL Satellite to $20 NFL Fantasy Football Millionaire (Mon-Thu),153809,Classic,0.1,101,237,7,20.0,2026-09-29 00:15:00+00:00,Mon 8:15PM
196180160,NFL $5 Double Up (Mon-Thu),153809,Classic,5.0,22,23,1,100.0,2026-09-29 00:15:00+00:00,Mon 8:15PM
196182787,NFL $1 Double Up (Mon-Thu),153809,Classic,1.0,13,23,1,20.0,2026-09-29 00:15:00+00:00,Mon 8:15PM
196181896,NFL $1 Double Up (Mon-Thu),153809,Classic,1.0,17,23,1,20.0,2026-09-29 00:15:00+00:00,Mon 8:15PM
196159073,NFL FREE 200-Player (Mon-Thu),153809,Classic,0.0,175,200,1,0.0,2026-09-29 00:15:00+00:00,Mon 8:15PM
196163924,NFL FREE 50-Player (Mon-Thu),153809,Classic,0.0,39,50,1,0.0,2026-09-29 00:15:00+00:00,Mon 8:15PM
196037956,NFL Single Stat $20 10-Player [Top 2 Win] (PHI @ CHI Total Yards),153808,Single Stat - Total Yards,20.0,8,10,1,180.0,2026-09-29 00:15:00+00:00,Mon 8:15PM
196183534,NFL Single Stat $5 10-Player [Top 2 Win] (PHI @ CHI Total Yards),153808,Single Stat - Total Yards,5.0,2,10,1,45.0,2026-09-29 00:15:00+00:00,Mon 8:15PM
196183513,NFL Single Stat $5 10-Player [Top 2 Win] (PHI @ CHI Total Yards),153808,Single Stat - Total Yards,5.0,2,10,1,45.0,2026-09-29 00:15:00+00:00,Mon 8:15PM
196184657,NFL Single Stat $2 10-Player [Top 2 Win] (PHI @ CHI Total Yards),153808,Single Stat - Total Yards,2.0,0,10,1,18.0,2026-09-29 00:15:00+00:00,Mon 8:15PM
196179041,NFL Single Stat $2 10-Player [Top 2 Win] (PHI @ CHI Total Yards),153808,Single Stat - Total Yards,2.0,7,10,1,18.0,2026-09-29 00:15:00+00:00,Mon 8:15PM
196184052,NFL Single Stat $1 10-Player [Top 2 Win] (PHI @ CHI Total Yards),153808,Single Stat - Total Yards,1.0,3,10,1,9.0,2026-09-29 00:15:00+00:00,Mon 8:15PM
196183049,NFL Single Stat $1 10-Player [Top 2 Win] (PHI @ CHI Total Yards),153808,Single Stat - Total Yards,1.0,9,10,1,9.0,2026-09-29 00:15:00+00:00,Mon 8:15PM
196051130,NFL In-Game $10 Double Up (2H PHI @ CHI),153795,In-Game Showdown (H2),10.0,1,11,1,100.0,2026-09-29 01:15:00+00:00,Mon 9:15PM
196051133,NFL In-Game $1 Double Up (2H PHI @ CHI),153795,In-Game Showdown (H2),1.0,4,23,1,20.0,2026-09-29 01:15:00+00:00,Mon 9:15PM
196163698,NFL In-Game FREE 200-Player (2H PHI @ CHI),153795,In-Game Showdown (H2),0.0,9,200,1,0.0,2026-09-29 01:15:00+00:00,Mon 9:15PM
196173122,NFL In-Game FREE 3-Player (2H PHI @ CHI),153795,In-Game Showdown (H2),0.0,1,3,1,0.0,2026-09-29 01:15:00+00:00,Mon 9:15PM
196051147,NFL In-Game $10 Double Up (4Q PHI @ CHI),153796,In-Game Showdown (Q4),10.0,2,11,1,100.0,2026-09-29 01:45:00+00:00,Mon 9:45PM
196051146,NFL In-Game $1 Double Up (4Q PHI @ CHI),153796,In-Game Showdown (Q4),1.0,3,23,1,20.0,2026-09-29 01:45:00+00:00,Mon 9:45PM
196163727,NFL In-Game FREE 200-Player (4Q PHI @ CHI),153796,In-Game Showdown (Q4),0.0,4,200,1,0.0,2026-09-29 01:45:00+00:00,Mon 9:45PM
196159461,NFL In-Game FREE 6-Player (4Q PHI @ CHI),153796,In-Game Showdown (Q4),0.0,5,6,1,0.0,2026-09-29 01:45:00+00:00,Mon 9:45PM
196170396,NFL $5K Mini Gridiron,154078,Classic,27.0,3,215,6,5000.0,2026-10-04 17:00:00+00:00,Sun 1:00PM
196170026,NFL $5K Mini Hail Mary,154078,Classic,12.0,3,490,14,5000.0,2026-10-04 17:00:00+00:00,Sun 1:00PM
196170035,NFL $5K Mini Slant,154078,Classic,9.0,3,653,19,5000.0,2026-10-04 17:00:00+00:00,Sun 1:00PM
196170250,NFL $5K Mini Flea Flicker,154078,Classic,5.0,3,1189,35,5000.0,2026-10-04 17:00:00+00:00,Sun 1:00PM
196170351,NFL $5K Mini Play-Action,154078,Classic,3.0,27,1981,20,5000.0,2026-10-04 17:00:00+00:00,Sun 1:00PM
196170473,NFL $4K Mini First Down,154078,Classic,1.0,117,4756,20,4000.0,2026-10-04 17:00:00+00:00,Sun 1:00PM
196170406,NFL $250 Dime Package [Just $0.10!],154078,Classic,0.1,162,2972,20,250.0,2026-10-04 17:00:00+00:00,Sun 1:00PM
196170405,NFL $250 Dime Package [Just $0.10!],154078,Classic,0.1,118,2972,20,250.0,2026-10-04 17:00:00+00:00,Sun 1:00PM
196170404,NFL $250 Dime Package [Just $0.10!],154078,Classic,0.1,93,2972,20,250.0,2026-10-04 17:00:00+00:00,Sun 1:00PM
196170403,NFL $250 Dime Package [Just $0.10!],154078,Classic,0.1,113,2972,20,250.0,2026-10-04 17:00:00+00:00,Sun 1:00PM
196170402,NFL $250 Dime Package [Just $0.10!],154078,Classic,0.1,96,2972,20,250.0,2026-10-04 17:00:00+00:00,Sun 1:00PM
196170401,NFL $250 Dime Package [Just $0.10!],154078,Classic,0.1,73,2972,20,250.0,2026-10-04 17:00:00+00:00,Sun 1:00PM
196170400,NFL $250 Dime Package [Just $0.10!],154078,Classic,0.1,72,2972,20,250.0,2026-10-04 17:00:00+00:00,Sun 1:00PM
196170399,NFL $250 Dime Package [Just $0.10!],154078,Classic,0.1,90,2972,20,250.0,2026-10-04 17:00:00+00:00,Sun 1:00PM
196170398,NFL $250 Dime Package [Just $0.10!],154078,Classic,0.1,92,2972,20,250.0,2026-10-04 17:00:00+00:00,Sun 1:00PM
196170397,NFL $250 Dime Package [Just $0.10!],154078,Classic,0.1,90,2972,20,250.0,2026-10-04 17:00:00+00:00,Sun 1:00PM
196170705,NFL SUPERSat to $20 NFL Fantasy Football Millionaire [4x],154078,Classic,4.0,4,23,1,80.0,2026-10-04 17:00:00+00:00,Sun 1:00PM
196170704,NFL SUPERSat to $20 NFL Fantasy Football Millionaire [4x],154078,Classic,4.0,3,23,1,80.0,2026-10-04 17:00:00+00:00,Sun 1:00PM
196170703,NFL SUPERSat to $20 NFL Fantasy Football Millionaire [4x],154078,Classic,4.0,3,23,1,80.0,2026-10-04 17:00:00+00:00,Sun 1:00PM
196170702,NFL SUPERSat to $20 NFL Fantasy Football Millionaire [2x],154078,Classic,0.25,2,190,5,40.0,2026-10-04 17:00:00+00:00,Sun 1:00PM
196170701,NFL SUPERSat to $20 NFL Fantasy Football Millionaire [2x],154078,Classic,0.25,0,190,5,40.0,2026-10-04 17:00:00+00:00,Sun 1:00PM
196170700,NFL SUPERSat to $20 NFL Fantasy Football Millionaire [2x],154078,Classic,0.25,0,190,5,40.0,2026-10-04 17:00:00+00:00,Sun 1:00PM
196170699,NFL SUPERSat to $20 NFL Fantasy Football Millionaire [2x],154078,Classic,0.25,0,190,5,40.0,2026-10-04 17:00:00+00:00,Sun 1:00PM
196170698,NFL SUPERSat to $20 NFL Fantasy Football Millionaire [2x],154078,Classic,0.25,0,190,5,40.0,2026-10-04 17:00:00+00:00,Sun 1:00PM
196170697,NFL SUPERSat to $20 NFL Fantasy Football Millionaire [2x],154078,Classic,0.25,0,190,5,40.0,2026-10-04 17:00:00+00:00,Sun 1:00PM
196170696,NFL SUPERSat to $20 NFL Fantasy Football Millionaire [2x],154078,Classic,0.25,0,190,5,40.0,2026-10-04 17:00:00+00:00,Sun 1:00PM
196170695,NFL SUPERSat to $20 NFL Fantasy Football Millionaire [2x],154078,Classic,0.25,0,190,5,40.0,2026-10-04 17:00:00+00:00,Sun 1:00PM
196170694,NFL SUPERSat to $20 NFL Fantasy Football Millionaire [2x],154078,Classic,0.25,0,190,5,40.0,2026-10-04 17:00:00+00:00,Sun 1:00PM
196170693,NFL SUPERSat to $20 NFL Fantasy Football Millionaire [2x],154078,Classic,0.25,0,190,5,40.0,2026-10-04 17:00:00+00:00,Sun 1:00PM
196170692,NFL SUPERSat to $20 NFL Fantasy Football Millionaire [2x],154078,Classic,0.25,0,190,5,40.0,2026-10-04 17:00:00+00:00,Sun 1:00PM
196170691,NFL SUPERSat to $20 NFL Fantasy Football Millionaire [2x],154078,Classic,0.25,0,190,5,40.0,2026-10-04 17:00:00+00:00,Sun 1:00PM
196170690,NFL SUPERSat to $20 NFL Fantasy Football Millionaire [2x],154078,Classic,0.25,0,190,5,40.0,2026-10-04 17:00:00+00:00,Sun 1:00PM
196170689,NFL SUPERSat to $20 NFL Fantasy Football Millionaire [2x],154078,Classic,0.25,0,190,5,40.0,2026-10-04 17:00:00+00:00,Sun 1:00PM
196170688,NFL SUPERSat to $20 NFL Fantasy Football Millionaire [2x],154078,Classic,0.25,0,190,5,40.0,2026-10-04 17:00:00+00:00,Sun 1:00PM
196170587,NFL Satellite to $20 NFL Fantasy Football Millionaire,154078,Classic,2.0,1,11,1,20.0,2026-10-04 17:00:00+00:00,Sun 1:00PM
196170586,NFL Satellite to $20 NFL Fantasy Football Millionaire,154078,Classic,2.0,0,11,1,20.0,2026-10-04 17:00:00+00:00,Sun 1:00PM
196170585,NFL Satellite to $20 NFL Fantasy Football Millionaire,154078,Classic,2.0,1,11,1,20.0,2026-10-04 17:00:00+00:00,Sun 1:00PM
196170584,NFL Satellite to $20 NFL Fantasy Football Millionaire,154078,Classic,2.0,0,11,1,20.0,2026-10-04 17:00:00+00:00,Sun 1:00PM
196170583,NFL Satellite to $20 NFL Fantasy Football Millionaire,154078,Classic,2.0,0,11,1,20.0,2026-10-04 17:00:00+00:00,Sun 1:00PM
196170582,NFL Satellite to $20 NFL Fantasy Football Millionaire,154078,Classic,2.0,0,11,1,20.0,2026-10-04 17:00:00+00:00,Sun 1:00PM
196170581,NFL Satellite to $20 NFL Fantasy Football Millionaire,154078,Classic,2.0,0,11,1,20.0,2026-10-04 17:00:00+00:00,Sun 1:00PM
196170580,NFL Satellite to $20 NFL Fantasy Football Millionaire,154078,Classic,2.0,0,11,1,20.0,2026-10-04 17:00:00+00:00,Sun 1:00PM
196170579,NFL Satellite to $20 NFL Fantasy Football Millionaire,154078,Classic,2.0,0,11,1,20.0,2026-10-04 17:00:00+00:00,Sun 1:00PM
196170578,NFL Satellite to $20 NFL Fantasy Football Millionaire,154078,Classic,2.0,0,11,1,20.0,2026-10-04 17:00:00+00:00,Sun 1:00PM
196170577,NFL Satellite to $20 NFL Fantasy Football Millionaire,154078,Classic,2.0,0,11,1,20.0,2026-10-04 17:00:00+00:00,Sun 1:00PM
196170576,NFL Satellite to $20 NFL Fantasy Football Millionaire,154078,Classic,2.0,0,11,1,20.0,2026-10-04 17:00:00+00:00,Sun 1:00PM
196170575,NFL Satellite to $20 NFL Fantasy Football Millionaire,154078,Classic,2.0,0,11,1,20.0,2026-10-04 17:00:00+00:00,Sun 1:00PM
196170574,NFL Satellite to $20 NFL Fantasy Football Millionaire,154078,Classic,2.0,0,11,1,20.0,2026-10-04 17:00:00+00:00,Sun 1:00PM
196170573,NFL Satellite to $20 NFL Fantasy Football Millionaire,154078,Classic,2.0,0,11,1,20.0,2026-10-04 17:00:00+00:00,Sun 1:00PM
196170572,NFL Satellite to $20 NFL Fantasy Football Millionaire,154078,Classic,2.0,0,11,1,20.0,2026-10-04 17:00:00+00:00,Sun 1:00PM
196170571,NFL Satellite to $20 NFL Fantasy Football Millionaire,154078,Classic,2.0,0,11,1,20.0,2026-10-04 17:00:00+00:00,Sun 1:00PM
196170570,NFL Satellite to $20 NFL Fantasy Football Millionaire,154078,Classic,2.0,0,11,1,20.0,2026-10-04 17:00:00+00:00,Sun 1:00PM
196170569,NFL Satellite to $20 NFL Fantasy Football Millionaire,154078,Classic,2.0,0,11,1,20.0,2026-10-04 17:00:00+00:00,Sun 1:00PM
196170568,NFL Satellite to $20 NFL Fantasy Football Millionaire,154078,Classic,2.0,0,11,1,20.0,2026-10-04 17:00:00+00:00,Sun 1:00PM
196170567,NFL Satellite to $20 NFL Fantasy Football Millionaire,154078,Classic,2.0,0,11,1,20.0,2026-10-04 17:00:00+00:00,Sun 1:00PM
196170566,NFL Satellite to $20 NFL Fantasy Football Millionaire,154078,Classic,2.0,0,11,1,20.0,2026-10-04 17:00:00+00:00,Sun 1:00PM
196170565,NFL Satellite to $20 NFL Fantasy Football Millionaire,154078,Classic,2.0,0,11,1,20.0,2026-10-04 17:00:00+00:00,Sun 1:00PM
196170564,NFL Satellite to $20 NFL Fantasy Football Millionaire,154078,Classic,2.0,0,11,1,20.0,2026-10-04 17:00:00+00:00,Sun 1:00PM
196170563,NFL Satellite to $20 NFL Fantasy Football Millionaire,154078,Classic,2.0,0,11,1,20.0,2026-10-04 17:00:00+00:00,Sun 1:00PM
196170562,NFL Satellite to $20 NFL Fantasy Football Millionaire,154078,Classic,2.0,0,11,1,20.0,2026-10-04 17:00:00+00:00,Sun 1:00PM
196170561,NFL Satellite to $20 NFL Fantasy Football Millionaire,154078,Classic,2.0,0,11,1,20.0,2026-10-04 17:00:00+00:00,Sun 1:00PM
196170560,NFL Satellite to $20 NFL Fantasy Football Millionaire,154078,Classic,2.0,0,11,1,20.0,2026-10-04 17:00:00+00:00,Sun 1:00PM
196170559,NFL Satellite to $20 NFL Fantasy Football Millionaire,154078,Classic,2.0,0,11,1,20.0,2026-10-04 17:00:00+00:00,Sun 1:00PM
196170558,NFL Satellite to $20 NFL Fantasy Football Millionaire,154078,Classic,2.0,0,11,1,20.0,2026-10-04 17:00:00+00:00,Sun 1:00PM
196170557,NFL Satellite to $20 NFL Fantasy Football Millionaire,154078,Classic,2.0,0,11,1,20.0,2026-10-04 17:00:00+00:00,Sun 1:00PM
196170556,NFL Satellite to $20 NFL Fantasy Football Millionaire,154078,Classic,2.0,0,11,1,20.0,2026-10-04 17:00:00+00:00,Sun 1:00PM
196170555,NFL Satellite to $20 NFL Fantasy Football Millionaire,154078,Classic,2.0,0,11,1,20.0,2026-10-04 17:00:00+00:00,Sun 1:00PM
196170554,NFL Satellite to $20 NFL Fantasy Football Millionaire,154078,Classic,2.0,0,11,1,20.0,2026-10-04 17:00:00+00:00,Sun 1:00PM
196170553,NFL Satellite to $20 NFL Fantasy Football Millionaire,154078,Classic,2.0,0,11,1,20.0,2026-10-04 17:00:00+00:00,Sun 1:00PM
196170552,NFL Satellite to $20 NFL Fantasy Football Millionaire,154078,Classic,2.0,0,11,1,20.0,2026-10-04 17:00:00+00:00,Sun 1:00PM
196170551,NFL Satellite to $20 NFL Fantasy Football Millionaire,154078,Classic,2.0,0,11,1,20.0,2026-10-04 17:00:00+00:00,Sun 1:00PM
196170550,NFL Satellite to $20 NFL Fantasy Football Millionaire,154078,Classic,2.0,0,11,1,20.0,2026-10-04 17:00:00+00:00,Sun 1:00PM
196170549,NFL Satellite to $20 NFL Fantasy Football Millionaire,154078,Classic,2.0,0,11,1,20.0,2026-10-04 17:00:00+00:00,Sun 1:00PM
196170548,NFL Satellite to $20 NFL Fantasy Football Millionaire,154078,Classic,2.0,0,11,1,20.0,2026-10-04 17:00:00+00:00,Sun 1:00PM
196170627,NFL Satellite to $20 NFL Fantasy Football Millionaire,154078,Classic,1.0,0,23,1,20.0,2026-10-04 17:00:00+00:00,Sun 1:00PM
196170626,NFL Satellite to $20 NFL Fantasy Football Millionaire,154078,Classic,1.0,0,23,1,20.0,2026-10-04 17:00:00+00:00,Sun 1:00PM
196170625,NFL Satellite to $20 NFL Fantasy Football Millionaire,154078,Classic,1.0,0,23,1,20.0,2026-10-04 17:00:00+00:00,Sun 1:00PM
196170624,NFL Satellite to $20 NFL Fantasy Football Millionaire,154078,Classic,1.0,0,23,1,20.0,2026-10-04 17:00:00+00:00,Sun 1:00PM
196170623,NFL Satellite to $20 NFL Fantasy Football Millionaire,154078,Classic,1.0,0,23,1,20.0,2026-10-04 17:00:00+00:00,Sun 1:00PM
196170622,NFL Satellite to $20 NFL Fantasy Football Millionaire,154078,Classic,1.0,0,23,1,20.0,2026-10-04 17:00:00+00:00,Sun 1:00PM
196170621,NFL Satellite to $20 NFL Fantasy Football Millionaire,154078,Classic,1.0,0,23,1,20.0,2026-10-04 17:00:00+00:00,Sun 1:00PM
196170620,NFL Satellite to $20 NFL Fantasy Football Millionaire,154078,Classic,1.0,0,23,1,20.0,2026-10-04 17:00:00+00:00,Sun 1:00PM
196170619,NFL Satellite to $20 NFL Fantasy Football Millionaire,154078,Classic,1.0,0,23,1,20.0,2026-10-04 17:00:00+00:00,Sun 1:00PM
196170618,NFL Satellite to $20 NFL Fantasy Football Millionaire,154078,Classic,1.0,0,23,1,20.0,2026-10-04 17:00:00+00:00,Sun 1:00PM
196170617,NFL Satellite to $20 NFL Fantasy Football Millionaire,154078,Classic,1.0,0,23,1,20.0,2026-10-04 17:00:00+00:00,Sun 1:00PM
196170616,NFL Satellite to $20 NFL Fantasy Football Millionaire,154078,Classic,1.0,0,23,1,20.0,2026-10-04 17:00:00+00:00,Sun 1:00PM
196170615,NFL Satellite to $20 NFL Fantasy Football Millionaire,154078,Classic,1.0,0,23,1,20.0,2026-10-04 17:00:00+00:00,Sun 1:00PM
196170614,NFL Satellite to $20 NFL Fantasy Football Millionaire,154078,Classic,1.0,0,23,1,20.0,2026-10-04 17:00:00+00:00,Sun 1:00PM
196170613,NFL Satellite to $20 NFL Fantasy Football Millionaire,154078,Classic,1.0,0,23,1,20.0,2026-10-04 17:00:00+00:00,Sun 1:00PM
196170612,NFL Satellite to $20 NFL Fantasy Football Millionaire,154078,Classic,1.0,0,23,1,20.0,2026-10-04 17:00:00+00:00,Sun 1:00PM
196170611,NFL Satellite to $20 NFL Fantasy Football Millionaire,154078,Classic,1.0,0,23,1,20.0,2026-10-04 17:00:00+00:00,Sun 1:00PM
196170610,NFL Satellite to $20 NFL Fantasy Football Millionaire,154078,Classic,1.0,0,23,1,20.0,2026-10-04 17:00:00+00:00,Sun 1:00PM
196170609,NFL Satellite to $20 NFL Fantasy Football Millionaire,154078,Classic,1.0,0,23,1,20.0,2026-10-04 17:00:00+00:00,Sun 1:00PM
196170608,NFL Satellite to $20 NFL Fantasy Football Millionaire,154078,Classic,1.0,0,23,1,20.0,2026-10-04 17:00:00+00:00,Sun 1:00PM
196170607,NFL Satellite to $20 NFL Fantasy Football Millionaire,154078,Classic,1.0,0,23,1,20.0,2026-10-04 17:00:00+00:00,Sun 1:00PM
196170606,NFL Satellite to $20 NFL Fantasy Football Millionaire,154078,Classic,1.0,0,23,1,20.0,2026-10-04 17:00:00+00:00,Sun 1:00PM
196170605,NFL Satellite to $20 NFL Fantasy Football Millionaire,154078,Classic,1.0,0,23,1,20.0,2026-10-04 17:00:00+00:00,Sun 1:00PM
196170604,NFL Satellite to $20 NFL Fantasy Football Millionaire,154078,Classic,1.0,0,23,1,20.0,2026-10-04 17:00:00+00:00,Sun 1:00PM
196170603,NFL Satellite to $20 NFL Fantasy Football Millionaire,154078,Classic,1.0,0,23,1,20.0,2026-10-04 17:00:00+00:00,Sun 1:00PM
196170602,NFL Satellite to $20 NFL Fantasy Football Millionaire,154078,Classic,1.0,0,23,1,20.0,2026-10-04 17:00:00+00:00,Sun 1:00PM
196170601,NFL Satellite to $20 NFL Fantasy Football Millionaire,154078,Classic,1.0,0,23,1,20.0,2026-10-04 17:00:00+00:00,Sun 1:00PM
196170600,NFL Satellite to $20 NFL Fantasy Football Millionaire,154078,Classic,1.0,0,23,1,20.0,2026-10-04 17:00:00+00:00,Sun 1:00PM
196170599,NFL Satellite to $20 NFL Fantasy Football Millionaire,154078,Classic,1.0,0,23,1,20.0,2026-10-04 17:00:00+00:00,Sun 1:00PM
196170598,NFL Satellite to $20 NFL Fantasy Football Millionaire,154078,Classic,1.0,0,23,1,20.0,2026-10-04 17:00:00+00:00,Sun 1:00PM
196170597,NFL Satellite to $20 NFL Fantasy Football Millionaire,154078,Classic,1.0,0,23,1,20.0,2026-10-04 17:00:00+00:00,Sun 1:00PM
196170596,NFL Satellite to $20 NFL Fantasy Football Millionaire,154078,Classic,1.0,1,23,1,20.0,2026-10-04 17:00:00+00:00,Sun 1:00PM
196170595,NFL Satellite to $20 NFL Fantasy Football Millionaire,154078,Classic,1.0,0,23,1,20.0,2026-10-04 17:00:00+00:00,Sun 1:00PM
196170594,NFL Satellite to $20 NFL Fantasy Football Millionaire,154078,Classic,1.0,0,23,1,20.0,2026-10-04 17:00:00+00:00,Sun 1:00PM
196170593,NFL Satellite to $20 NFL Fantasy Football Millionaire,154078,Classic,1.0,0,23,1,20.0,2026-10-04 17:00:00+00:00,Sun 1:00PM
196170592,NFL Satellite to $20 NFL Fantasy Football Millionaire,154078,Classic,1.0,0,23,1,20.0,2026-10-04 17:00:00+00:00,Sun 1:00PM
196170591,NFL Satellite to $20 NFL Fantasy Football Millionaire,154078,Classic,1.0,0,23,1,20.0,2026-10-04 17:00:00+00:00,Sun 1:00PM
196170590,NFL Satellite to $20 NFL Fantasy Football Millionaire,154078,Classic,1.0,0,23,1,20.0,2026-10-04 17:00:00+00:00,Sun 1:00PM
196170589,NFL Satellite to $20 NFL Fantasy Football Millionaire,154078,Classic,1.0,0,23,1,20.0,2026-10-04 17:00:00+00:00,Sun 1:00PM
196170588,NFL Satellite to $20 NFL Fantasy Football Millionaire,154078,Classic,1.0,0,23,1,20.0,2026-10-04 17:00:00+00:00,Sun 1:00PM
196170637,NFL Satellite to $20 NFL Fantasy Football Millionaire,154078,Classic,0.25,2,95,2,20.0,2026-10-04 17:00:00+00:00,Sun 1:00PM
196170636,NFL Satellite to $20 NFL Fantasy Football Millionaire,154078,Classic,0.25,0,95,2,20.0,2026-10-04 17:00:00+00:00,Sun 1:00PM
196170635,NFL Satellite to $20 NFL Fantasy Football Millionaire,154078,Classic,0.25,0,95,2,20.0,2026-10-04 17:00:00+00:00,Sun 1:00PM
196170634,NFL Satellite to $20 NFL Fantasy Football Millionaire,154078,Classic,0.25,0,95,2,20.0,2026-10-04 17:00:00+00:00,Sun 1:00PM
196170633,NFL Satellite to $20 NFL Fantasy Football Millionaire,154078,Classic,0.25,0,95,2,20.0,2026-10-04 17:00:00+00:00,Sun 1:00PM
196170632,NFL Satellite to $20 NFL Fantasy Football Millionaire,154078,Classic,0.25,0,95,2,20.0,2026-10-04 17:00:00+00:00,Sun 1:00PM
196170631,NFL Satellite to $20 NFL Fantasy Football Millionaire,154078,Classic,0.25,1,95,2,20.0,2026-10-04 17:00:00+00:00,Sun 1:00PM
196170630,NFL Satellite to $20 NFL Fantasy Football Millionaire,154078,Classic,0.25,0,95,2,20.0,2026-10-04 17:00:00+00:00,Sun 1:00PM
196170629,NFL Satellite to $20 NFL Fantasy Football Millionaire,154078,Classic,0.25,1,95,2,20.0,2026-10-04 17:00:00+00:00,Sun 1:00PM
196170628,NFL Satellite to $20 NFL Fantasy Football Millionaire,154078,Classic,0.25,0,95,2,20.0,2026-10-04 17:00:00+00:00,Sun 1:00PM
196170687,NFL Satellite to $20 NFL Fantasy Football Millionaire,154078,Classic,0.1,14,237,7,20.0,2026-10-04 17:00:00+00:00,Sun 1:00PM
196170686,NFL Satellite to $20 NFL Fantasy Football Millionaire,154078,Classic,0.1,12,237,7,20.0,2026-10-04 17:00:00+00:00,Sun 1:00PM
196170685,NFL Satellite to $20 NFL Fantasy Football Millionaire,154078,Classic,0.1,11,237,7,20.0,2026-10-04 17:00:00+00:00,Sun 1:00PM
196170684,NFL Satellite to $20 NFL Fantasy Football Millionaire,154078,Classic,0.1,12,237,7,20.0,2026-10-04 17:00:00+00:00,Sun 1:00PM
196170683,NFL Satellite to $20 NFL Fantasy Football Millionaire,154078,Classic,0.1,10,237,7,20.0,2026-10-04 17:00:00+00:00,Sun 1:00PM
196170682,NFL Satellite to $20 NFL Fantasy Football Millionaire,154078,Classic,0.1,9,237,7,20.0,2026-10-04 17:00:00+00:00,Sun 1:00PM
196170681,NFL Satellite to $20 NFL Fantasy Football Millionaire,154078,Classic,0.1,8,237,7,20.0,2026-10-04 17:00:00+00:00,Sun 1:00PM
196170680,NFL Satellite to $20 NFL Fantasy Football Millionaire,154078,Classic,0.1,9,237,7,20.0,2026-10-04 17:00:00+00:00,Sun 1:00PM
196170679,NFL Satellite to $20 NFL Fantasy Football Millionaire,154078,Classic,0.1,9,237,7,20.0,2026-10-04 17:00:00+00:00,Sun 1:00PM
196170678,NFL Satellite to $20 NFL Fantasy Football Millionaire,154078,Classic,0.1,8,237,7,20.0,2026-10-04 17:00:00+00:00,Sun 1:00PM
196170677,NFL Satellite to $20 NFL Fantasy Football Millionaire,154078,Classic,0.1,8,237,7,20.0,2026-10-04 17:00:00+00:00,Sun 1:00PM
196170676,NFL Satellite to $20 NFL Fantasy Football Millionaire,154078,Classic,0.1,9,237,7,20.0,2026-10-04 17:00:00+00:00,Sun 1:00PM
196170675,NFL Satellite to $20 NFL Fantasy Football Millionaire,154078,Classic,0.1,8,237,7,20.0,2026-10-04 17:00:00+00:00,Sun 1:00PM
196170674,NFL Satellite to $20 NFL Fantasy Football Millionaire,154078,Classic,0.1,8,237,7,20.0,2026-10-04 17:00:00+00:00,Sun 1:00PM
196170673,NFL Satellite to $20 NFL Fantasy Football Millionaire,154078,Classic,0.1,8,237,7,20.0,2026-10-04 17:00:00+00:00,Sun 1:00PM
196170672,NFL Satellite to $20 NFL Fantasy Football Millionaire,154078,Classic,0.1,8,237,7,20.0,2026-10-04 17:00:00+00:00,Sun 1:00PM
196170671,NFL Satellite to $20 NFL Fantasy Football Millionaire,154078,Classic,0.1,9,237,7,20.0,2026-10-04 17:00:00+00:00,Sun 1:00PM
196170670,NFL Satellite to $20 NFL Fantasy Football Millionaire,154078,Classic,0.1,8,237,7,20.0,2026-10-04 17:00:00+00:00,Sun 1:00PM
196170669,NFL Satellite to $20 NFL Fantasy Football Millionaire,154078,Classic,0.1,8,237,7,20.0,2026-10-04 17:00:00+00:00,Sun 1:00PM
196170668,NFL Satellite to $20 NFL Fantasy Football Millionaire,154078,Classic,0.1,8,237,7,20.0,2026-10-04 17:00:00+00:00,Sun 1:00PM
196170667,NFL Satellite to $20 NFL Fantasy Football Millionaire,154078,Classic,0.1,8,237,7,20.0,2026-10-04 17:00:00+00:00,Sun 1:00PM
196170666,NFL Satellite to $20 NFL Fantasy Football Millionaire,154078,Classic,0.1,8,237,7,20.0,2026-10-04 17:00:00+00:00,Sun 1:00PM
196170665,NFL Satellite to $20 NFL Fantasy Football Millionaire,154078,Classic,0.1,8,237,7,20.0,2026-10-04 17:00:00+00:00,Sun 1:00PM
196170664,NFL Satellite to $20 NFL Fantasy Football Millionaire,154078,Classic,0.1,8,237,7,20.0,2026-10-04 17:00:00+00:00,Sun 1:00PM
196170663,NFL Satellite to $20 NFL Fantasy Football Millionaire,154078,Classic,0.1,8,237,7,20.0,2026-10-04 17:00:00+00:00,Sun 1:00PM
196170662,NFL Satellite to $20 NFL Fantasy Football Millionaire,154078,Classic,0.1,8,237,7,20.0,2026-10-04 17:00:00+00:00,Sun 1:00PM
196170661,NFL Satellite to $20 NFL Fantasy Football Millionaire,154078,Classic,0.1,8,237,7,20.0,2026-10-04 17:00:00+00:00,Sun 1:00PM
196170660,NFL Satellite to $20 NFL Fantasy Football Millionaire,154078,Classic,0.1,9,237,7,20.0,2026-10-04 17:00:00+00:00,Sun 1:00PM
196170659,NFL Satellite to $20 NFL Fantasy Football Millionaire,154078,Classic,0.1,8,237,7,20.0,2026-10-04 17:00:00+00:00,Sun 1:00PM
196170658,NFL Satellite to $20 NFL Fantasy Football Millionaire,154078,Classic,0.1,8,237,7,20.0,2026-10-04 17:00:00+00:00,Sun 1:00PM
196170657,NFL Satellite to $20 NFL Fantasy Football Millionaire,154078,Classic,0.1,8,237,7,20.0,2026-10-04 17:00:00+00:00,Sun 1:00PM
196170656,NFL Satellite to $20 NFL Fantasy Football Millionaire,154078,Classic,0.1,8,237,7,20.0,2026-10-04 17:00:00+00:00,Sun 1:00PM
196170655,NFL Satellite to $20 NFL Fantasy Football Millionaire,154078,Classic,0.1,8,237,7,20.0,2026-10-04 17:00:00+00:00,Sun 1:00PM
196170654,NFL Satellite to $20 NFL Fantasy Football Millionaire,154078,Classic,0.1,8,237,7,20.0,2026-10-04 17:00:00+00:00,Sun 1:00PM
196170653,NFL Satellite to $20 NFL Fantasy Football Millionaire,154078,Classic,0.1,1,237,7,20.0,2026-10-04 17:00:00+00:00,Sun 1:00PM
196170652,NFL Satellite to $20 NFL Fantasy Football Millionaire,154078,Classic,0.1,2,237,7,20.0,2026-10-04 17:00:00+00:00,Sun 1:00PM
196170651,NFL Satellite to $20 NFL Fantasy Football Millionaire,154078,Classic,0.1,1,237,7,20.0,2026-10-04 17:00:00+00:00,Sun 1:00PM
196170650,NFL Satellite to $20 NFL Fantasy Football Millionaire,154078,Classic,0.1,1,237,7,20.0,2026-10-04 17:00:00+00:00,Sun 1:00PM
196170649,NFL Satellite to $20 NFL Fantasy Football Millionaire,154078,Classic,0.1,1,237,7,20.0,2026-10-04 17:00:00+00:00,Sun 1:00PM
196170648,NFL Satellite to $20 NFL Fantasy Football Millionaire,154078,Classic,0.1,1,237,7,20.0,2026-10-04 17:00:00+00:00,Sun 1:00PM
196170647,NFL Satellite to $20 NFL Fantasy Football Millionaire,154078,Classic,0.1,1,237,7,20.0,2026-10-04 17:00:00+00:00,Sun 1:00PM
196170646,NFL Satellite to $20 NFL Fantasy Football Millionaire,154078,Classic,0.1,1,237,7,20.0,2026-10-04 17:00:00+00:00,Sun 1:00PM
196170645,NFL Satellite to $20 NFL Fantasy Football Millionaire,154078,Classic,0.1,1,237,7,20.0,2026-10-04 17:00:00+00:00,Sun 1:00PM
196170644,NFL Satellite to $20 NFL Fantasy Football Millionaire,154078,Classic,0.1,1,237,7,20.0,2026-10-04 17:00:00+00:00,Sun 1:00PM
196170643,NFL Satellite to $20 NFL Fantasy Football Millionaire,154078,Classic,0.1,1,237,7,20.0,2026-10-04 17:00:00+00:00,Sun 1:00PM
196170642,NFL Satellite to $20 NFL Fantasy Football Millionaire,154078,Classic,0.1,1,237,7,20.0,2026-10-04 17:00:00+00:00,Sun 1:00PM
196170641,NFL Satellite to $20 NFL Fantasy Football Millionaire,154078,Classic,0.1,1,237,7,20.0,2026-10-04 17:00:00+00:00,Sun 1:00PM
196170640,NFL Satellite to $20 NFL Fantasy Football Millionaire,154078,Classic,0.1,1,237,7,20.0,2026-10-04 17:00:00+00:00,Sun 1:00PM
196170639,NFL Satellite to $20 NFL Fantasy Football Millionaire,154078,Classic,0.1,1,237,7,20.0,2026-10-04 17:00:00+00:00,Sun 1:00PM
196170638,NFL Satellite to $20 NFL Fantasy Football Millionaire,154078,Classic,0.1,8,237,7,20.0,2026-10-04 17:00:00+00:00,Sun 1:00PM
196170774,NFL $50 2026 FFWC Qualifier Satellite,154078,Classic,2.0,0,29,1,50.0,2026-10-04 17:00:00+00:00,Sun 1:00PM
196170750,NFL $33 2026 FFWC Qualifier Satellite,154078,Classic,3.0,0,13,1,33.0,2026-10-04 17:00:00+00:00,Sun 1:00PM
196170749,NFL $33 2026 FFWC Qualifier Satellite,154078,Classic,1.0,1,39,1,33.0,2026-10-04 17:00:00+00:00,Sun 1:00PM
196170748,NFL $18 2026 FFWC Qualifier Satellite,154078,Classic,3.0,0,7,1,18.0,2026-10-04 17:00:00+00:00,Sun 1:00PM
196170747,NFL $18 2026 FFWC Qualifier Satellite,154078,Classic,3.0,0,7,1,18.0,2026-10-04 17:00:00+00:00,Sun 1:00PM
196170746,NFL $18 2026 FFWC Qualifier Satellite,154078,Classic,1.0,1,21,1,18.0,2026-10-04 17:00:00+00:00,Sun 1:00PM
196170745,NFL $18 2026 FFWC Qualifier Satellite,154078,Classic,1.0,0,21,1,18.0,2026-10-04 17:00:00+00:00,Sun 1:00PM
196170744,NFL $18 2026 FFWC Qualifier Satellite,154078,Classic,0.25,0,85,2,18.0,2026-10-04 17:00:00+00:00,Sun 1:00PM
196170743,NFL $5 2026 FFWC Qualifier Satellite,154078,Classic,1.0,0,7,1,6.0,2026-10-04 17:00:00+00:00,Sun 1:00PM
196170742,NFL $5 2026 FFWC Qualifier Satellite,154078,Classic,1.0,0,7,1,6.0,2026-10-04 17:00:00+00:00,Sun 1:00PM
196170741,NFL $5 2026 FFWC Qualifier Satellite,154078,Classic,1.0,0,7,1,6.0,2026-10-04 17:00:00+00:00,Sun 1:00PM
196170740,NFL $5 2026 FFWC Qualifier Satellite,154078,Classic,1.0,0,7,1,6.0,2026-10-04 17:00:00+00:00,Sun 1:00PM
196170739,NFL $5 2026 FFWC Qualifier Satellite,154078,Classic,1.0,0,7,1,6.0,2026-10-04 17:00:00+00:00,Sun 1:00PM
196170738,NFL $5 2026 FFWC Qualifier Satellite,154078,Classic,1.0,0,7,1,6.0,2026-10-04 17:00:00+00:00,Sun 1:00PM
196170737,NFL $5 2026 FFWC Qualifier Satellite,154078,Classic,0.5,0,14,1,6.0,2026-10-04 17:00:00+00:00,Sun 1:00PM
196170736,NFL $5 2026 FFWC Qualifier Satellite,154078,Classic,0.5,0,14,1,6.0,2026-10-04 17:00:00+00:00,Sun 1:00PM
196170735,NFL $5 2026 FFWC Qualifier Satellite,154078,Classic,0.5,0,14,1,6.0,2026-10-04 17:00:00+00:00,Sun 1:00PM
196170734,NFL $5 2026 FFWC Qualifier Satellite,154078,Classic,0.5,0,14,1,6.0,2026-10-04 17:00:00+00:00,Sun 1:00PM
196170733,NFL $5 2026 FFWC Qualifier Satellite,154078,Classic,0.5,0,14,1,6.0,2026-10-04 17:00:00+00:00,Sun 1:00PM
196170732,NFL $5 2026 FFWC Qualifier Satellite,154078,Classic,0.5,0,14,1,6.0,2026-10-04 17:00:00+00:00,Sun 1:00PM
196170731,NFL $5 2026 FFWC Qualifier Satellite,154078,Classic,0.5,0,14,1,6.0,2026-10-04 17:00:00+00:00,Sun 1:00PM
196170730,NFL $5 2026 FFWC Qualifier Satellite,154078,Classic,0.5,0,14,1,6.0,2026-10-04 17:00:00+00:00,Sun 1:00PM
196170729,NFL $5 2026 FFWC Qualifier Satellite,154078,Classic,0.5,0,14,1,6.0,2026-10-04 17:00:00+00:00,Sun 1:00PM
196170728,NFL $5 2026 FFWC Qualifier Satellite,154078,Classic,0.5,0,14,1,6.0,2026-10-04 17:00:00+00:00,Sun 1:00PM
196170727,NFL $5 2026 FFWC Qualifier Satellite,154078,Classic,0.1,2,71,2,6.0,2026-10-04 17:00:00+00:00,Sun 1:00PM
196170726,NFL $5 2026 FFWC Qualifier Satellite,154078,Classic,0.1,1,71,2,6.0,2026-10-04 17:00:00+00:00,Sun 1:00PM
196170725,NFL $5 2026 FFWC Qualifier Satellite,154078,Classic,0.1,2,71,2,6.0,2026-10-04 17:00:00+00:00,Sun 1:00PM
196170724,NFL $5 2026 FFWC Qualifier Satellite,154078,Classic,0.1,1,71,2,6.0,2026-10-04 17:00:00+00:00,Sun 1:00PM
196170723,NFL $5 2026 FFWC Qualifier Satellite,154078,Classic,0.1,1,71,2,6.0,2026-10-04 17:00:00+00:00,Sun 1:00PM
196170722,NFL $5 2026 FFWC Qualifier Satellite,154078,Classic,0.1,1,71,2,6.0,2026-10-04 17:00:00+00:00,Sun 1:00PM
196170721,NFL $5 2026 FFWC Qualifier Satellite,154078,Classic,0.1,1,71,2,6.0,2026-10-04 17:00:00+00:00,Sun 1:00PM
196170720,NFL $5 2026 FFWC Qualifier Satellite,154078,Classic,0.1,1,71,2,6.0,2026-10-04 17:00:00+00:00,Sun 1:00PM
196170719,NFL $5 2026 FFWC Qualifier Satellite,154078,Classic,0.1,1,71,2,6.0,2026-10-04 17:00:00+00:00,Sun 1:00PM
196170718,NFL $5 2026 FFWC Qualifier Satellite,154078,Classic,0.1,1,71,2,6.0,2026-10-04 17:00:00+00:00,Sun 1:00PM
196172278,NFL Satellite to UFC 333 $25 Special (10-24) [2x],154078,Classic,3.0,0,19,1,50.0,2026-10-04 17:00:00+00:00,Sun 1:00PM
196172277,NFL Satellite to UFC 333 $25 Special (10-24) [2x],154078,Classic,3.0,0,19,1,50.0,2026-10-04 17:00:00+00:00,Sun 1:00PM
196172269,NFL Satellite to UFC 333 $25 Special (10-24),154078,Classic,0.1,1,297,8,25.0,2026-10-04 17:00:00+00:00,Sun 1:00PM
196172268,NFL Satellite to UFC 333 $25 Special (10-24),154078,Classic,0.1,0,297,8,25.0,2026-10-04 17:00:00+00:00,Sun 1:00PM
196172267,NFL Satellite to UFC 333 $25 Special (10-24),154078,Classic,0.1,0,297,8,25.0,2026-10-04 17:00:00+00:00,Sun 1:00PM
196172272,NFL Satellite to UFC 333 $25 Special (10-24),154078,Classic,0.25,0,118,3,25.0,2026-10-04 17:00:00+00:00,Sun 1:00PM
196172271,NFL Satellite to UFC 333 $25 Special (10-24),154078,Classic,0.25,0,118,3,25.0,2026-10-04 17:00:00+00:00,Sun 1:00PM
196172270,NFL Satellite to UFC 333 $25 Special (10-24),154078,Classic,0.25,0,118,3,25.0,2026-10-04 17:00:00+00:00,Sun 1:00PM
196172274,NFL Satellite to UFC 333 $25 Special (10-24),154078,Classic,0.5,1,59,1,25.0,2026-10-04 17:00:00+00:00,Sun 1:00PM
196172273,NFL Satellite to UFC 333 $25 Special (10-24),154078,Classic,0.5,0,59,1,25.0,2026-10-04 17:00:00+00:00,Sun 1:00PM
196172276,NFL Satellite to UFC 333 $25 Special (10-24),154078,Classic,1.0,0,29,1,25.0,2026-10-04 17:00:00+00:00,Sun 1:00PM
196172275,NFL Satellite to UFC 333 $25 Special (10-24),154078,Classic,1.0,0,29,1,25.0,2026-10-04 17:00:00+00:00,Sun 1:00PM
196172254,NFL SUPERSatellite to NBA 10-20 $20 Opening Tip Off [2x],154078,Classic,5.0,1,9,1,40.0,2026-10-04 17:00:00+00:00,Sun 1:00PM
196172253,NFL SUPERSatellite to NBA 10-20 $20 Opening Tip Off [2x],154078,Classic,0.25,0,190,5,40.0,2026-10-04 17:00:00+00:00,Sun 1:00PM
196172252,NFL SUPERSatellite to NBA 10-20 $20 Opening Tip Off [2x],154078,Classic,0.1,2,475,14,40.0,2026-10-04 17:00:00+00:00,Sun 1:00PM
196172251,NFL SUPERSatellite to NBA 10-20 $20 Opening Tip Off [2x],154078,Classic,0.1,0,475,14,40.0,2026-10-04 17:00:00+00:00,Sun 1:00PM
196172249,NFL Satellite to NBA 10-20 $20 Opening Tip Off,154078,Classic,2.0,0,11,1,20.0,2026-10-04 17:00:00+00:00,Sun 1:00PM
196172248,NFL Satellite to NBA 10-20 $20 Opening Tip Off,154078,Classic,2.0,0,11,1,20.0,2026-10-04 17:00:00+00:00,Sun 1:00PM
196172247,NFL Satellite to NBA 10-20 $20 Opening Tip Off,154078,Classic,1.0,0,23,1,20.0,2026-10-04 17:00:00+00:00,Sun 1:00PM
196172246,NFL Satellite to NBA 10-20 $20 Opening Tip Off,154078,Classic,0.25,0,95,2,20.0,2026-10-04 17:00:00+00:00,Sun 1:00PM
196172245,NFL Satellite to NBA 10-20 $20 Opening Tip Off,154078,Classic,0.25,1,95,2,20.0,2026-10-04 17:00:00+00:00,Sun 1:00PM
196172244,NFL Satellite to NBA 10-20 $20 Opening Tip Off,154078,Classic,0.1,1,237,7,20.0,2026-10-04 17:00:00+00:00,Sun 1:00PM
196172243,NFL Satellite to NBA 10-20 $20 Opening Tip Off,154078,Classic,0.1,1,237,7,20.0,2026-10-04 17:00:00+00:00,Sun 1:00PM
196172242,NFL Satellite to NBA 10-20 $20 Opening Tip Off,154078,Classic,0.1,0,237,7,20.0,2026-10-04 17:00:00+00:00,Sun 1:00PM
196172241,NFL Satellite to NBA 10-20 $20 Opening Tip Off,154078,Classic,0.1,0,237,7,20.0,2026-10-04 17:00:00+00:00,Sun 1:00PM
196172240,NFL Satellite to NBA 10-20 $20 Opening Tip Off,154078,Classic,0.1,0,237,7,20.0,2026-10-04 17:00:00+00:00,Sun 1:00PM
196172260,NFL Satellite to NBA Best Ball $20 Shootaround,154078,Classic,1.0,0,23,1,20.0,2026-10-04 17:00:00+00:00,Sun 1:00PM
196172259,NFL Satellite to NBA Best Ball $20 Shootaround,154078,Classic,1.0,1,23,1,20.0,2026-10-04 17:00:00+00:00,Sun 1:00PM
196172261,NFL Satellite to NBA Best Ball $20 Shootaround,154078,Classic,0.25,0,95,2,20.0,2026-10-04 17:00:00+00:00,Sun 1:00PM
196172263,NFL Satellite to NBA Best Ball $20 Shootaround,154078,Classic,0.1,0,237,7,20.0,2026-10-04 17:00:00+00:00,Sun 1:00PM
196172262,NFL Satellite to NBA Best Ball $20 Shootaround,154078,Classic,0.1,1,237,7,20.0,2026-10-04 17:00:00+00:00,Sun 1:00PM
196170018,NFL $3 Ticket SUPERSatellite [4x],154078,Classic,0.25,5,57,1,12.0,2026-10-04 17:00:00+00:00,Sun 1:00PM
196170017,NFL $3 Ticket SUPERSatellite [4x],154078,Classic,0.25,5,57,1,12.0,2026-10-04 17:00:00+00:00,Sun 1:00PM
196170437,NFL $10 Hundo [Single Entry],154078,Classic,10.0,5,100,1,900.0,2026-10-04 17:00:00+00:00,Sun 1:00PM
196170436,NFL $10 Hundo [Single Entry],154078,Classic,10.0,3,100,1,900.0,2026-10-04 17:00:00+00:00,Sun 1:00PM
196170435,NFL $10 Hundo [Single Entry],154078,Classic,10.0,3,100,1,900.0,2026-10-04 17:00:00+00:00,Sun 1:00PM
196170434,NFL $10 Hundo [Single Entry],154078,Classic,10.0,3,100,1,900.0,2026-10-04 17:00:00+00:00,Sun 1:00PM
196170472,NFL $5 Hundo [Single Entry],154078,Classic,5.0,6,100,1,450.0,2026-10-04 17:00:00+00:00,Sun 1:00PM
196170471,NFL $5 Hundo [Single Entry],154078,Classic,5.0,4,100,1,450.0,2026-10-04 17:00:00+00:00,Sun 1:00PM
196170470,NFL $5 Hundo [Single Entry],154078,Classic,5.0,4,100,1,450.0,2026-10-04 17:00:00+00:00,Sun 1:00PM
196170469,NFL $5 Hundo [Single Entry],154078,Classic,5.0,4,100,1,450.0,2026-10-04 17:00:00+00:00,Sun 1:00PM
196170468,NFL $3 Hundo [Single Entry],154078,Classic,3.0,4,100,1,270.0,2026-10-04 17:00:00+00:00,Sun 1:00PM
196170467,NFL $3 Hundo [Single Entry],154078,Classic,3.0,2,100,1,270.0,2026-10-04 17:00:00+00:00,Sun 1:00PM
196170466,NFL $3 Hundo [Single Entry],154078,Classic,3.0,3,100,1,270.0,2026-10-04 17:00:00+00:00,Sun 1:00PM
196170465,NFL $3 Hundo [Single Entry],154078,Classic,3.0,2,100,1,270.0,2026-10-04 17:00:00+00:00,Sun 1:00PM
196170464,NFL $3 Hundo [Single Entry],154078,Classic,3.0,1,100,1,270.0,2026-10-04 17:00:00+00:00,Sun 1:00PM
196170463,NFL $3 Hundo [Single Entry],154078,Classic,3.0,1,100,1,270.0,2026-10-04 17:00:00+00:00,Sun 1:00PM
196170462,NFL $1 Hundo [Single Entry],154078,Classic,1.0,6,100,1,90.0,2026-10-04 17:00:00+00:00,Sun 1:00PM
196170461,NFL $1 Hundo [Single Entry],154078,Classic,1.0,3,100,1,90.0,2026-10-04 17:00:00+00:00,Sun 1:00PM
196170460,NFL $1 Hundo [Single Entry],154078,Classic,1.0,4,100,1,90.0,2026-10-04 17:00:00+00:00,Sun 1:00PM
196170459,NFL $1 Hundo [Single Entry],154078,Classic,1.0,4,100,1,90.0,2026-10-04 17:00:00+00:00,Sun 1:00PM
196170458,NFL $1 Hundo [Single Entry],154078,Classic,1.0,4,100,1,90.0,2026-10-04 17:00:00+00:00,Sun 1:00PM
196170457,NFL $1 Hundo [Single Entry],154078,Classic,1.0,3,100,1,90.0,2026-10-04 17:00:00+00:00,Sun 1:00PM
196170456,NFL $1 Hundo [Single Entry],154078,Classic,1.0,2,100,1,90.0,2026-10-04 17:00:00+00:00,Sun 1:00PM
196170455,NFL $1 Hundo [Single Entry],154078,Classic,1.0,3,100,1,90.0,2026-10-04 17:00:00+00:00,Sun 1:00PM
196170454,NFL $1 Hundo [Single Entry],154078,Classic,1.0,2,100,1,90.0,2026-10-04 17:00:00+00:00,Sun 1:00PM
196170453,NFL $1 Hundo [Single Entry],154078,Classic,1.0,2,100,1,90.0,2026-10-04 17:00:00+00:00,Sun 1:00PM
196170452,NFL $1 Hundo [Single Entry],154078,Classic,1.0,2,100,1,90.0,2026-10-04 17:00:00+00:00,Sun 1:00PM
196170451,NFL $1 Hundo [Single Entry],154078,Classic,1.0,2,100,1,90.0,2026-10-04 17:00:00+00:00,Sun 1:00PM
196170450,NFL $1 Hundo [Single Entry],154078,Classic,1.0,2,100,1,90.0,2026-10-04 17:00:00+00:00,Sun 1:00PM
196170449,NFL $1 Hundo [Single Entry],154078,Classic,1.0,2,100,1,90.0,2026-10-04 17:00:00+00:00,Sun 1:00PM
196170448,NFL $1 Hundo [Single Entry],154078,Classic,1.0,2,100,1,90.0,2026-10-04 17:00:00+00:00,Sun 1:00PM
196170447,NFL $1 Hundo [Single Entry],154078,Classic,1.0,2,100,1,90.0,2026-10-04 17:00:00+00:00,Sun 1:00PM
196170446,NFL $1 Hundo [Single Entry],154078,Classic,1.0,2,100,1,90.0,2026-10-04 17:00:00+00:00,Sun 1:00PM
196170445,NFL $1 Hundo [Single Entry],154078,Classic,1.0,2,100,1,90.0,2026-10-04 17:00:00+00:00,Sun 1:00PM
196170444,NFL $1 Hundo [Single Entry],154078,Classic,1.0,2,100,1,90.0,2026-10-04 17:00:00+00:00,Sun 1:00PM
196170443,NFL $1 Hundo [Single Entry],154078,Classic,1.0,2,100,1,90.0,2026-10-04 17:00:00+00:00,Sun 1:00PM
196170442,NFL $1 Hundo [Single Entry],154078,Classic,1.0,2,100,1,90.0,2026-10-04 17:00:00+00:00,Sun 1:00PM
196170441,NFL $1 Hundo [Single Entry],154078,Classic,1.0,2,100,1,90.0,2026-10-04 17:00:00+00:00,Sun 1:00PM
196170440,NFL $1 Hundo [Single Entry],154078,Classic,1.0,3,100,1,90.0,2026-10-04 17:00:00+00:00,Sun 1:00PM
196170439,NFL $1 Hundo [Single Entry],154078,Classic,1.0,2,100,1,90.0,2026-10-04 17:00:00+00:00,Sun 1:00PM
196170438,NFL $1 Hundo [Single Entry],154078,Classic,1.0,3,100,1,90.0,2026-10-04 17:00:00+00:00,Sun 1:00PM
196170029,NFL $50 Contest,154078,Classic,50.0,0,11,1,500.0,2026-10-04 17:00:00+00:00,Sun 1:00PM
196170124,NFL $27 Contest,154078,Classic,27.0,0,21,1,500.0,2026-10-04 17:00:00+00:00,Sun 1:00PM
196170025,NFL $27 Contest,154078,Classic,27.0,0,21,1,500.0,2026-10-04 17:00:00+00:00,Sun 1:00PM
196170074,NFL $9 Contest,154078,Classic,9.0,0,65,1,500.0,2026-10-04 17:00:00+00:00,Sun 1:00PM
196169940,NFL $5 Contest,154078,Classic,5.0,10,237,7,1000.0,2026-10-04 17:00:00+00:00,Sun 1:00PM
196169941,NFL $5 Contest,154078,Classic,5.0,6,118,3,500.0,2026-10-04 17:00:00+00:00,Sun 1:00PM
196170075,NFL $3 Contest,154078,Classic,3.0,6,118,3,300.0,2026-10-04 17:00:00+00:00,Sun 1:00PM
196170008,NFL $3 Contest,154078,Classic,3.0,6,118,3,300.0,2026-10-04 17:00:00+00:00,Sun 1:00PM
196170007,NFL $3 Contest,154078,Classic,3.0,6,118,3,300.0,2026-10-04 17:00:00+00:00,Sun 1:00PM
196170006,NFL $3 Contest,154078,Classic,3.0,3,118,3,300.0,2026-10-04 17:00:00+00:00,Sun 1:00PM
196170020,NFL $1 Contest,154078,Classic,1.0,7,594,17,500.0,2026-10-04 17:00:00+00:00,Sun 1:00PM
196170077,NFL $1 Contest,154078,Classic,1.0,8,237,7,200.0,2026-10-04 17:00:00+00:00,Sun 1:00PM
196170076,NFL $1 Contest,154078,Classic,1.0,8,237,7,200.0,2026-10-04 17:00:00+00:00,Sun 1:00PM
196170019,NFL $1 Contest,154078,Classic,1.0,8,237,7,200.0,2026-10-04 17:00:00+00:00,Sun 1:00PM
196170023,NFL $0.25 Contest,154078,Classic,0.25,30,2378,20,500.0,2026-10-04 17:00:00+00:00,Sun 1:00PM
196170080,NFL $0.25 Contest,154078,Classic,0.25,7,475,14,100.0,2026-10-04 17:00:00+00:00,Sun 1:00PM
196170079,NFL $0.25 Contest,154078,Classic,0.25,7,475,14,100.0,2026-10-04 17:00:00+00:00,Sun 1:00PM
196170078,NFL $0.25 Contest,154078,Classic,0.25,6,475,14,100.0,2026-10-04 17:00:00+00:00,Sun 1:00PM
196170005,NFL $0.25 Contest,154078,Classic,0.25,6,475,14,100.0,2026-10-04 17:00:00+00:00,Sun 1:00PM
196170004,NFL $0.25 Contest,154078,Classic,0.25,6,475,14,100.0,2026-10-04 17:00:00+00:00,Sun 1:00PM
196170003,NFL $0.25 Contest,154078,Classic,0.25,10,475,14,100.0,2026-10-04 17:00:00+00:00,Sun 1:00PM
196170081,"NFL $1,060 Winner Take All [$4K to 1st]",154078,Classic,1060.0,1,4,1,4000.0,2026-10-04 17:00:00+00:00,Sun 1:00PM
196170410,NFL $267 Winner Take All [$1K to 1st],154078,Classic,267.0,1,4,1,1000.0,2026-10-04 17:00:00+00:00,Sun 1:00PM
196170409,NFL $267 Winner Take All [$1K to 1st],154078,Classic,267.0,1,4,1,1000.0,2026-10-04 17:00:00+00:00,Sun 1:00PM
196170408,NFL $267 Winner Take All [$1K to 1st],154078,Classic,267.0,1,4,1,1000.0,2026-10-04 17:00:00+00:00,Sun 1:00PM
196170407,NFL $267 Winner Take All [$1K to 1st],154078,Classic,267.0,1,4,1,1000.0,2026-10-04 17:00:00+00:00,Sun 1:00PM
196170216,NFL $267 Winner Take All [$1K to 1st],154078,Classic,267.0,1,4,1,1000.0,2026-10-04 17:00:00+00:00,Sun 1:00PM
196170215,NFL $267 Winner Take All [$1K to 1st],154078,Classic,267.0,1,4,1,1000.0,2026-10-04 17:00:00+00:00,Sun 1:00PM
196170214,NFL $267 Winner Take All [$1K to 1st],154078,Classic,267.0,1,4,1,1000.0,2026-10-04 17:00:00+00:00,Sun 1:00PM
196170213,NFL $267 Winner Take All [$1K to 1st],154078,Classic,267.0,1,4,1,1000.0,2026-10-04 17:00:00+00:00,Sun 1:00PM
196170037,NFL $100 Winner Take All [$1K to 1st],154078,Classic,100.0,1,11,1,1000.0,2026-10-04 17:00:00+00:00,Sun 1:00PM
196170036,NFL $100 Winner Take All [$1K to 1st],154078,Classic,100.0,1,11,1,1000.0,2026-10-04 17:00:00+00:00,Sun 1:00PM
196170039,NFL $50 Winner Take All [$1K to 1st],154078,Classic,50.0,0,22,1,1000.0,2026-10-04 17:00:00+00:00,Sun 1:00PM
196170038,NFL $50 Winner Take All [$1K to 1st],154078,Classic,50.0,0,22,1,1000.0,2026-10-04 17:00:00+00:00,Sun 1:00PM
196170329,NFL $50 Winner Take All [$500 to 1st],154078,Classic,50.0,1,11,1,500.0,2026-10-04 17:00:00+00:00,Sun 1:00PM
196170328,NFL $50 Winner Take All [$500 to 1st],154078,Classic,50.0,1,11,1,500.0,2026-10-04 17:00:00+00:00,Sun 1:00PM
196170083,NFL $50 Winner Take All [$500 to 1st],154078,Classic,50.0,1,11,1,500.0,2026-10-04 17:00:00+00:00,Sun 1:00PM
196170082,NFL $50 Winner Take All [$500 to 1st],154078,Classic,50.0,1,11,1,500.0,2026-10-04 17:00:00+00:00,Sun 1:00PM
196170041,NFL $50 Winner Take All [$500 to 1st],154078,Classic,50.0,1,11,1,500.0,2026-10-04 17:00:00+00:00,Sun 1:00PM
196170040,NFL $50 Winner Take All [$500 to 1st],154078,Classic,50.0,1,11,1,500.0,2026-10-04 17:00:00+00:00,Sun 1:00PM
196170042,NFL $27 Winner Take All [$1K to 1st],154078,Classic,27.0,0,43,1,1000.0,2026-10-04 17:00:00+00:00,Sun 1:00PM
196170330,NFL $27 Winner Take All [$500 to 1st],154078,Classic,27.0,0,21,1,500.0,2026-10-04 17:00:00+00:00,Sun 1:00PM
196170043,NFL $27 Winner Take All [$500 to 1st],154078,Classic,27.0,0,21,1,500.0,2026-10-04 17:00:00+00:00,Sun 1:00PM
196170011,NFL $9 Winner Take All [$1K to 1st],154078,Classic,9.0,3,130,3,1000.0,2026-10-04 17:00:00+00:00,Sun 1:00PM
196170010,NFL $9 Winner Take All [$1K to 1st],154078,Classic,9.0,3,130,3,1000.0,2026-10-04 17:00:00+00:00,Sun 1:00PM
196170009,NFL $9 Winner Take All [$500 to 1st],154078,Classic,9.0,0,65,1,500.0,2026-10-04 17:00:00+00:00,Sun 1:00PM
196169980,NFL $5 Winner Take All [$1K to 1st],154078,Classic,5.0,3,237,7,1000.0,2026-10-04 17:00:00+00:00,Sun 1:00PM
196170093,NFL $5 Winner Take All [$100 to 1st],154078,Classic,5.0,0,23,1,100.0,2026-10-04 17:00:00+00:00,Sun 1:00PM
196170092,NFL $5 Winner Take All [$100 to 1st],154078,Classic,5.0,0,23,1,100.0,2026-10-04 17:00:00+00:00,Sun 1:00PM
196170091,NFL $5 Winner Take All [$100 to 1st],154078,Classic,5.0,0,23,1,100.0,2026-10-04 17:00:00+00:00,Sun 1:00PM
196170090,NFL $5 Winner Take All [$100 to 1st],154078,Classic,5.0,0,23,1,100.0,2026-10-04 17:00:00+00:00,Sun 1:00PM
196170089,NFL $5 Winner Take All [$100 to 1st],154078,Classic,5.0,0,23,1,100.0,2026-10-04 17:00:00+00:00,Sun 1:00PM
196170088,NFL $5 Winner Take All [$100 to 1st],154078,Classic,5.0,0,23,1,100.0,2026-10-04 17:00:00+00:00,Sun 1:00PM
196170087,NFL $5 Winner Take All [$100 to 1st],154078,Classic,5.0,0,23,1,100.0,2026-10-04 17:00:00+00:00,Sun 1:00PM
196170086,NFL $5 Winner Take All [$100 to 1st],154078,Classic,5.0,0,23,1,100.0,2026-10-04 17:00:00+00:00,Sun 1:00PM
196170085,NFL $5 Winner Take All [$100 to 1st],154078,Classic,5.0,0,23,1,100.0,2026-10-04 17:00:00+00:00,Sun 1:00PM
196170084,NFL $5 Winner Take All [$100 to 1st],154078,Classic,5.0,0,23,1,100.0,2026-10-04 17:00:00+00:00,Sun 1:00PM
196170053,NFL $5 Winner Take All [$100 to 1st],154078,Classic,5.0,0,23,1,100.0,2026-10-04 17:00:00+00:00,Sun 1:00PM
196170052,NFL $5 Winner Take All [$100 to 1st],154078,Classic,5.0,0,23,1,100.0,2026-10-04 17:00:00+00:00,Sun 1:00PM
196170051,NFL $5 Winner Take All [$100 to 1st],154078,Classic,5.0,0,23,1,100.0,2026-10-04 17:00:00+00:00,Sun 1:00PM
196170050,NFL $5 Winner Take All [$100 to 1st],154078,Classic,5.0,0,23,1,100.0,2026-10-04 17:00:00+00:00,Sun 1:00PM
196170049,NFL $5 Winner Take All [$100 to 1st],154078,Classic,5.0,0,23,1,100.0,2026-10-04 17:00:00+00:00,Sun 1:00PM
196170048,NFL $5 Winner Take All [$100 to 1st],154078,Classic,5.0,0,23,1,100.0,2026-10-04 17:00:00+00:00,Sun 1:00PM
196170047,NFL $5 Winner Take All [$100 to 1st],154078,Classic,5.0,0,23,1,100.0,2026-10-04 17:00:00+00:00,Sun 1:00PM
196170046,NFL $5 Winner Take All [$100 to 1st],154078,Classic,5.0,0,23,1,100.0,2026-10-04 17:00:00+00:00,Sun 1:00PM
196170045,NFL $5 Winner Take All [$100 to 1st],154078,Classic,5.0,0,23,1,100.0,2026-10-04 17:00:00+00:00,Sun 1:00PM
196170044,NFL $5 Winner Take All [$100 to 1st],154078,Classic,5.0,0,23,1,100.0,2026-10-04 17:00:00+00:00,Sun 1:00PM
196169982,NFL $3 Winner Take All [$1K to 1st],154078,Classic,3.0,2,396,10,1000.0,2026-10-04 17:00:00+00:00,Sun 1:00PM
196169981,NFL $3 Winner Take All [$1K to 1st],154078,Classic,3.0,1,396,10,1000.0,2026-10-04 17:00:00+00:00,Sun 1:00PM
196170094,NFL $3 Winner Take All [$100 to 1st],154078,Classic,3.0,1,39,1,100.0,2026-10-04 17:00:00+00:00,Sun 1:00PM
196170056,NFL $3 Winner Take All [$100 to 1st],154078,Classic,3.0,1,39,1,100.0,2026-10-04 17:00:00+00:00,Sun 1:00PM
196170055,NFL $3 Winner Take All [$100 to 1st],154078,Classic,3.0,1,39,1,100.0,2026-10-04 17:00:00+00:00,Sun 1:00PM
196170054,NFL $3 Winner Take All [$100 to 1st],154078,Classic,3.0,1,39,1,100.0,2026-10-04 17:00:00+00:00,Sun 1:00PM
196170022,NFL $1 Winner Take All [$500 to 1st],154078,Classic,1.0,4,594,15,500.0,2026-10-04 17:00:00+00:00,Sun 1:00PM
196170021,NFL $1 Winner Take All [$500 to 1st],154078,Classic,1.0,2,594,15,500.0,2026-10-04 17:00:00+00:00,Sun 1:00PM
196170102,NFL $1 Winner Take All [$100 to 1st],154078,Classic,1.0,4,118,3,100.0,2026-10-04 17:00:00+00:00,Sun 1:00PM
196170101,NFL $1 Winner Take All [$100 to 1st],154078,Classic,1.0,4,118,3,100.0,2026-10-04 17:00:00+00:00,Sun 1:00PM
196170100,NFL $1 Winner Take All [$100 to 1st],154078,Classic,1.0,3,118,3,100.0,2026-10-04 17:00:00+00:00,Sun 1:00PM
196170099,NFL $1 Winner Take All [$100 to 1st],154078,Classic,1.0,3,118,3,100.0,2026-10-04 17:00:00+00:00,Sun 1:00PM
196170098,NFL $1 Winner Take All [$100 to 1st],154078,Classic,1.0,3,118,3,100.0,2026-10-04 17:00:00+00:00,Sun 1:00PM
196170097,NFL $1 Winner Take All [$100 to 1st],154078,Classic,1.0,0,118,3,100.0,2026-10-04 17:00:00+00:00,Sun 1:00PM
196170096,NFL $1 Winner Take All [$100 to 1st],154078,Classic,1.0,0,118,3,100.0,2026-10-04 17:00:00+00:00,Sun 1:00PM
196170095,NFL $1 Winner Take All [$100 to 1st],154078,Classic,1.0,0,118,3,100.0,2026-10-04 17:00:00+00:00,Sun 1:00PM
196170062,NFL $1 Winner Take All [$100 to 1st],154078,Classic,1.0,0,118,3,100.0,2026-10-04 17:00:00+00:00,Sun 1:00PM
196170061,NFL $1 Winner Take All [$100 to 1st],154078,Classic,1.0,0,118,3,100.0,2026-10-04 17:00:00+00:00,Sun 1:00PM
196170060,NFL $1 Winner Take All [$100 to 1st],154078,Classic,1.0,0,118,3,100.0,2026-10-04 17:00:00+00:00,Sun 1:00PM
196170059,NFL $1 Winner Take All [$100 to 1st],154078,Classic,1.0,0,118,3,100.0,2026-10-04 17:00:00+00:00,Sun 1:00PM
196170058,NFL $1 Winner Take All [$100 to 1st],154078,Classic,1.0,0,118,3,100.0,2026-10-04 17:00:00+00:00,Sun 1:00PM
196170057,NFL $1 Winner Take All [$100 to 1st],154078,Classic,1.0,0,118,3,100.0,2026-10-04 17:00:00+00:00,Sun 1:00PM
196169983,NFL $0.25 Winner Take All [$500 to 1st],154078,Classic,0.25,69,2378,20,500.0,2026-10-04 17:00:00+00:00,Sun 1:00PM
196170110,NFL $0.25 Winner Take All [$100 to 1st],154078,Classic,0.25,24,475,10,100.0,2026-10-04 17:00:00+00:00,Sun 1:00PM
196170109,NFL $0.25 Winner Take All [$100 to 1st],154078,Classic,0.25,21,475,10,100.0,2026-10-04 17:00:00+00:00,Sun 1:00PM
196170108,NFL $0.25 Winner Take All [$100 to 1st],154078,Classic,0.25,22,475,10,100.0,2026-10-04 17:00:00+00:00,Sun 1:00PM
196170107,NFL $0.25 Winner Take All [$100 to 1st],154078,Classic,0.25,22,475,10,100.0,2026-10-04 17:00:00+00:00,Sun 1:00PM
196170106,NFL $0.25 Winner Take All [$100 to 1st],154078,Classic,0.25,11,475,10,100.0,2026-10-04 17:00:00+00:00,Sun 1:00PM
196170105,NFL $0.25 Winner Take All [$100 to 1st],154078,Classic,0.25,11,475,10,100.0,2026-10-04 17:00:00+00:00,Sun 1:00PM
196170104,NFL $0.25 Winner Take All [$100 to 1st],154078,Classic,0.25,11,475,10,100.0,2026-10-04 17:00:00+00:00,Sun 1:00PM
196170103,NFL $0.25 Winner Take All [$100 to 1st],154078,Classic,0.25,11,475,10,100.0,2026-10-04 17:00:00+00:00,Sun 1:00PM
196170072,NFL $0.25 Winner Take All [$100 to 1st],154078,Classic,0.25,11,475,10,100.0,2026-10-04 17:00:00+00:00,Sun 1:00PM
196170071,NFL $0.25 Winner Take All [$100 to 1st],154078,Classic,0.25,11,475,10,100.0,2026-10-04 17:00:00+00:00,Sun 1:00PM
196170070,NFL $0.25 Winner Take All [$100 to 1st],154078,Classic,0.25,11,475,10,100.0,2026-10-04 17:00:00+00:00,Sun 1:00PM
196170069,NFL $0.25 Winner Take All [$100 to 1st],154078,Classic,0.25,11,475,10,100.0,2026-10-04 17:00:00+00:00,Sun 1:00PM
196170068,NFL $0.25 Winner Take All [$100 to 1st],154078,Classic,0.25,11,475,10,100.0,2026-10-04 17:00:00+00:00,Sun 1:00PM
196170067,NFL $0.25 Winner Take All [$100 to 1st],154078,Classic,0.25,11,475,10,100.0,2026-10-04 17:00:00+00:00,Sun 1:00PM
196170066,NFL $0.25 Winner Take All [$100 to 1st],154078,Classic,0.25,11,475,10,100.0,2026-10-04 17:00:00+00:00,Sun 1:00PM
196170065,NFL $0.25 Winner Take All [$100 to 1st],154078,Classic,0.25,11,475,10,100.0,2026-10-04 17:00:00+00:00,Sun 1:00PM
196170064,NFL $0.25 Winner Take All [$100 to 1st],154078,Classic,0.25,12,475,10,100.0,2026-10-04 17:00:00+00:00,Sun 1:00PM
196170063,NFL $0.25 Winner Take All [$100 to 1st],154078,Classic,0.25,13,475,10,100.0,2026-10-04 17:00:00+00:00,Sun 1:00PM
196170157,Casual NFL 10x Booster [Top 10 Win $100],154078,Classic,10.0,0,117,3,1000.0,2026-10-04 17:00:00+00:00,Sun 1:00PM
196170156,Casual NFL 10x Booster [Top 10 Win $50],154078,Classic,5.0,0,118,3,500.0,2026-10-04 17:00:00+00:00,Sun 1:00PM
196170073,"NFL 10x Booster [Top 3 Win $1,000]",154078,Classic,100.0,0,33,1,3000.0,2026-10-04 17:00:00+00:00,Sun 1:00PM
196169952,NFL 10x Booster [Top 3 Win $500],154078,Classic,50.0,0,34,1,1500.0,2026-10-04 17:00:00+00:00,Sun 1:00PM
196169955,NFL 10x Booster [Top 5 Win $250],154078,Classic,25.0,0,58,1,1250.0,2026-10-04 17:00:00+00:00,Sun 1:00PM
196169954,NFL 10x Booster [Top 5 Win $250],154078,Classic,25.0,0,58,1,1250.0,2026-10-04 17:00:00+00:00,Sun 1:00PM
196169953,NFL 10x Booster [Top 5 Win $250],154078,Classic,25.0,0,58,1,1250.0,2026-10-04 17:00:00+00:00,Sun 1:00PM
196169985,NFL BIG 10x Booster [Top 30 Win $100],154078,Classic,10.0,0,352,10,3000.0,2026-10-04 17:00:00+00:00,Sun 1:00PM
196169956,NFL 10x Booster [Top 10 Win $100],154078,Classic,10.0,0,117,3,1000.0,2026-10-04 17:00:00+00:00,Sun 1:00PM
196169961,NFL 10x Booster [Top 5 Win $100],154078,Classic,10.0,0,58,1,500.0,2026-10-04 17:00:00+00:00,Sun 1:00PM
196169960,NFL 10x Booster [Top 5 Win $100],154078,Classic,10.0,1,58,1,500.0,2026-10-04 17:00:00+00:00,Sun 1:00PM
196169959,NFL 10x Booster [Top 5 Win $100],154078,Classic,10.0,0,58,1,500.0,2026-10-04 17:00:00+00:00,Sun 1:00PM
196169958,NFL 10x Booster [Top 5 Win $100],154078,Classic,10.0,1,58,1,500.0,2026-10-04 17:00:00+00:00,Sun 1:00PM
196169957,NFL 10x Booster [Top 5 Win $100],154078,Classic,10.0,0,58,1,500.0,2026-10-04 17:00:00+00:00,Sun 1:00PM
196169966,NFL 10x Booster [Top 10 Win $50],154078,Classic,5.0,6,118,3,500.0,2026-10-04 17:00:00+00:00,Sun 1:00PM
196169965,NFL 10x Booster [Top 10 Win $50],154078,Classic,5.0,6,118,3,500.0,2026-10-04 17:00:00+00:00,Sun 1:00PM
196169964,NFL 10x Booster [Top 10 Win $50],154078,Classic,5.0,6,118,3,500.0,2026-10-04 17:00:00+00:00,Sun 1:00PM
196169963,NFL 10x Booster [Top 10 Win $50],154078,Classic,5.0,0,118,3,500.0,2026-10-04 17:00:00+00:00,Sun 1:00PM
196169962,NFL 10x Booster [Top 10 Win $50],154078,Classic,5.0,1,118,3,500.0,2026-10-04 17:00:00+00:00,Sun 1:00PM
196169976,NFL 10x Booster [Top 5 Win $50],154078,Classic,5.0,3,59,1,250.0,2026-10-04 17:00:00+00:00,Sun 1:00PM
196169975,NFL 10x Booster [Top 5 Win $50],154078,Classic,5.0,3,59,1,250.0,2026-10-04 17:00:00+00:00,Sun 1:00PM
196169974,NFL 10x Booster [Top 5 Win $50],154078,Classic,5.0,1,59,1,250.0,2026-10-04 17:00:00+00:00,Sun 1:00PM
196169973,NFL 10x Booster [Top 5 Win $50],154078,Classic,5.0,1,59,1,250.0,2026-10-04 17:00:00+00:00,Sun 1:00PM
196169972,NFL 10x Booster [Top 5 Win $50],154078,Classic,5.0,0,59,1,250.0,2026-10-04 17:00:00+00:00,Sun 1:00PM
196169971,NFL 10x Booster [Top 5 Win $50],154078,Classic,5.0,0,59,1,250.0,2026-10-04 17:00:00+00:00,Sun 1:00PM
196169970,NFL 10x Booster [Top 5 Win $50],154078,Classic,5.0,0,59,1,250.0,2026-10-04 17:00:00+00:00,Sun 1:00PM
196169969,NFL 10x Booster [Top 5 Win $50],154078,Classic,5.0,0,59,1,250.0,2026-10-04 17:00:00+00:00,Sun 1:00PM
196169968,NFL 10x Booster [Top 5 Win $50],154078,Classic,5.0,0,59,1,250.0,2026-10-04 17:00:00+00:00,Sun 1:00PM
196169967,NFL 10x Booster [Top 5 Win $50],154078,Classic,5.0,0,59,1,250.0,2026-10-04 17:00:00+00:00,Sun 1:00PM
196170132,NFL 10x Booster [Top 3 Win $50],154078,Classic,5.0,0,35,1,150.0,2026-10-04 17:00:00+00:00,Sun 1:00PM
196170131,NFL 10x Booster [Top 3 Win $50],154078,Classic,5.0,0,35,1,150.0,2026-10-04 17:00:00+00:00,Sun 1:00PM
196170130,NFL 10x Booster [Top 3 Win $50],154078,Classic,5.0,1,35,1,150.0,2026-10-04 17:00:00+00:00,Sun 1:00PM
196170120,NFL 10x Booster [Top 3 Win $50],154078,Classic,5.0,1,35,1,150.0,2026-10-04 17:00:00+00:00,Sun 1:00PM
196170119,NFL 10x Booster [Top 3 Win $50],154078,Classic,5.0,1,35,1,150.0,2026-10-04 17:00:00+00:00,Sun 1:00PM
196170118,NFL 10x Booster [Top 3 Win $50],154078,Classic,5.0,1,35,1,150.0,2026-10-04 17:00:00+00:00,Sun 1:00PM
196170117,NFL 10x Booster [Top 3 Win $50],154078,Classic,5.0,2,35,1,150.0,2026-10-04 17:00:00+00:00,Sun 1:00PM
196169977,NFL 10x Booster [Top 25 Win $20],154078,Classic,2.0,1,297,8,500.0,2026-10-04 17:00:00+00:00,Sun 1:00PM
196170112,NFL 10x Booster [Top 10 Win $20],154078,Classic,2.0,1,118,3,200.0,2026-10-04 17:00:00+00:00,Sun 1:00PM
196170111,NFL 10x Booster [Top 10 Win $20],154078,Classic,2.0,1,118,3,200.0,2026-10-04 17:00:00+00:00,Sun 1:00PM
196169979,NFL 10x Booster [Top 10 Win $20],154078,Classic,2.0,1,118,3,200.0,2026-10-04 17:00:00+00:00,Sun 1:00PM
196169978,NFL 10x Booster [Top 10 Win $20],154078,Classic,2.0,0,118,3,200.0,2026-10-04 17:00:00+00:00,Sun 1:00PM
196170333,NFL 10x Booster [Top 5 Win $20],154078,Classic,2.0,0,59,1,100.0,2026-10-04 17:00:00+00:00,Sun 1:00PM
196170332,NFL 10x Booster [Top 5 Win $20],154078,Classic,2.0,0,59,1,100.0,2026-10-04 17:00:00+00:00,Sun 1:00PM
196170331,NFL 10x Booster [Top 5 Win $20],154078,Classic,2.0,1,59,1,100.0,2026-10-04 17:00:00+00:00,Sun 1:00PM
196170249,NFL 10x Booster [Top 5 Win $20],154078,Classic,2.0,2,59,1,100.0,2026-10-04 17:00:00+00:00,Sun 1:00PM
196170248,NFL 10x Booster [Top 5 Win $20],154078,Classic,2.0,1,59,1,100.0,2026-10-04 17:00:00+00:00,Sun 1:00PM
196170247,NFL 10x Booster [Top 5 Win $20],154078,Classic,2.0,0,59,1,100.0,2026-10-04 17:00:00+00:00,Sun 1:00PM
196170144,NFL 10x Booster [Top 3 Win $20],154078,Classic,2.0,2,35,1,60.0,2026-10-04 17:00:00+00:00,Sun 1:00PM
196170143,NFL 10x Booster [Top 3 Win $20],154078,Classic,2.0,1,35,1,60.0,2026-10-04 17:00:00+00:00,Sun 1:00PM
196170142,NFL 10x Booster [Top 3 Win $20],154078,Classic,2.0,0,35,1,60.0,2026-10-04 17:00:00+00:00,Sun 1:00PM
196170129,NFL 10x Booster [Top 3 Win $20],154078,Classic,2.0,0,35,1,60.0,2026-10-04 17:00:00+00:00,Sun 1:00PM
196170128,NFL 10x Booster [Top 3 Win $20],154078,Classic,2.0,0,35,1,60.0,2026-10-04 17:00:00+00:00,Sun 1:00PM
196170127,NFL 10x Booster [Top 3 Win $20],154078,Classic,2.0,0,35,1,60.0,2026-10-04 17:00:00+00:00,Sun 1:00PM
196170126,NFL 10x Booster [Top 3 Win $20],154078,Classic,2.0,0,35,1,60.0,2026-10-04 17:00:00+00:00,Sun 1:00PM
196170125,NFL 10x Booster [Top 3 Win $20],154078,Classic,2.0,0,35,1,60.0,2026-10-04 17:00:00+00:00,Sun 1:00PM
196169995,NFL BIG 40x Micro Booster [Top 50 Win $10],154078,Classic,0.25,26,2378,20,500.0,2026-10-04 17:00:00+00:00,Sun 1:00PM
196170114,NFL 40x Micro Booster [Top 20 Win $10],154078,Classic,0.25,10,951,20,200.0,2026-10-04 17:00:00+00:00,Sun 1:00PM
196170113,NFL 40x Micro Booster [Top 20 Win $10],154078,Classic,0.25,3,951,20,200.0,2026-10-04 17:00:00+00:00,Sun 1:00PM
196169994,NFL 40x Micro Booster [Top 20 Win $10],154078,Classic,0.25,3,951,20,200.0,2026-10-04 17:00:00+00:00,Sun 1:00PM
196169993,NFL 40x Micro Booster [Top 20 Win $10],154078,Classic,0.25,2,951,20,200.0,2026-10-04 17:00:00+00:00,Sun 1:00PM
196169992,NFL 40x Micro Booster [Top 20 Win $10],154078,Classic,0.25,3,951,20,200.0,2026-10-04 17:00:00+00:00,Sun 1:00PM
196169991,NFL 40x Micro Booster [Top 20 Win $10],154078,Classic,0.25,2,951,20,200.0,2026-10-04 17:00:00+00:00,Sun 1:00PM
196169990,NFL 40x Micro Booster [Top 20 Win $10],154078,Classic,0.25,3,951,20,200.0,2026-10-04 17:00:00+00:00,Sun 1:00PM
196170031,NFL $100 Quintuple Up [Top 4 Win $500],154078,Classic,100.0,1,22,1,2000.0,2026-10-04 17:00:00+00:00,Sun 1:00PM
196170411,NFL $50 Quintuple Up [Top 4 Win $250],154078,Classic,50.0,2,22,1,1000.0,2026-10-04 17:00:00+00:00,Sun 1:00PM
196170002,NFL $25 Quintuple Up [Top 4 Win $125],154078,Classic,25.0,2,22,1,500.0,2026-10-04 17:00:00+00:00,Sun 1:00PM
196170001,NFL $25 Quintuple Up [Top 4 Win $125],154078,Classic,25.0,2,22,1,500.0,2026-10-04 17:00:00+00:00,Sun 1:00PM
196170000,NFL $25 Quintuple Up [Top 4 Win $125],154078,Classic,25.0,2,22,1,500.0,2026-10-04 17:00:00+00:00,Sun 1:00PM
196170015,NFL $10 Quintuple Up [Top 5 Win $50],154078,Classic,10.0,3,28,1,250.0,2026-10-04 17:00:00+00:00,Sun 1:00PM
196170014,NFL $10 Quintuple Up [Top 5 Win $50],154078,Classic,10.0,4,28,1,250.0,2026-10-04 17:00:00+00:00,Sun 1:00PM
196170013,NFL $10 Quintuple Up [Top 5 Win $50],154078,Classic,10.0,1,28,1,250.0,2026-10-04 17:00:00+00:00,Sun 1:00PM
196170012,NFL $10 Quintuple Up [Top 5 Win $50],154078,Classic,10.0,1,28,1,250.0,2026-10-04 17:00:00+00:00,Sun 1:00PM
196169999,NFL $5 Quintuple Up [Top 10 Win $25],154078,Classic,5.0,2,57,1,250.0,2026-10-04 17:00:00+00:00,Sun 1:00PM
196169998,NFL $5 Quintuple Up [Top 10 Win $25],154078,Classic,5.0,2,57,1,250.0,2026-10-04 17:00:00+00:00,Sun 1:00PM
196169997,NFL $5 Quintuple Up [Top 10 Win $25],154078,Classic,5.0,3,57,1,250.0,2026-10-04 17:00:00+00:00,Sun 1:00PM
196169996,NFL $5 Quintuple Up [Top 10 Win $25],154078,Classic,5.0,3,57,1,250.0,2026-10-04 17:00:00+00:00,Sun 1:00PM
196170522,NFL $5 Quintuple Up [Top 5 Win $25],154078,Classic,5.0,3,28,1,125.0,2026-10-04 17:00:00+00:00,Sun 1:00PM
196170521,NFL $5 Quintuple Up [Top 5 Win $25],154078,Classic,5.0,3,28,1,125.0,2026-10-04 17:00:00+00:00,Sun 1:00PM
196170520,NFL $5 Quintuple Up [Top 5 Win $25],154078,Classic,5.0,3,28,1,125.0,2026-10-04 17:00:00+00:00,Sun 1:00PM
196170519,NFL $5 Quintuple Up [Top 5 Win $25],154078,Classic,5.0,2,28,1,125.0,2026-10-04 17:00:00+00:00,Sun 1:00PM
196170518,NFL $5 Quintuple Up [Top 5 Win $25],154078,Classic,5.0,2,28,1,125.0,2026-10-04 17:00:00+00:00,Sun 1:00PM
196170517,NFL $5 Quintuple Up [Top 5 Win $25],154078,Classic,5.0,3,28,1,125.0,2026-10-04 17:00:00+00:00,Sun 1:00PM
196169989,NFL $1 Quintuple Up [Top 25 Win $5],154078,Classic,1.0,3,143,1,125.0,2026-10-04 17:00:00+00:00,Sun 1:00PM
196169988,NFL $1 Quintuple Up [Top 25 Win $5],154078,Classic,1.0,1,143,1,125.0,2026-10-04 17:00:00+00:00,Sun 1:00PM
196169987,NFL $1 Quintuple Up [Top 25 Win $5],154078,Classic,1.0,1,143,1,125.0,2026-10-04 17:00:00+00:00,Sun 1:00PM
196169986,NFL $1 Quintuple Up [Top 25 Win $5],154078,Classic,1.0,2,143,1,125.0,2026-10-04 17:00:00+00:00,Sun 1:00PM
196170418,NFL $1 Quintuple Up [Top 10 Win $5],154078,Classic,1.0,1,57,1,50.0,2026-10-04 17:00:00+00:00,Sun 1:00PM
196170417,NFL $1 Quintuple Up [Top 10 Win $5],154078,Classic,1.0,1,57,1,50.0,2026-10-04 17:00:00+00:00,Sun 1:00PM
196170416,NFL $1 Quintuple Up [Top 10 Win $5],154078,Classic,1.0,0,57,1,50.0,2026-10-04 17:00:00+00:00,Sun 1:00PM
196170415,NFL $1 Quintuple Up [Top 10 Win $5],154078,Classic,1.0,0,57,1,50.0,2026-10-04 17:00:00+00:00,Sun 1:00PM
196170414,NFL $1 Quintuple Up [Top 10 Win $5],154078,Classic,1.0,1,57,1,50.0,2026-10-04 17:00:00+00:00,Sun 1:00PM
196170413,NFL $1 Quintuple Up [Top 10 Win $5],154078,Classic,1.0,1,57,1,50.0,2026-10-04 17:00:00+00:00,Sun 1:00PM
196170412,NFL $1 Quintuple Up [Top 10 Win $5],154078,Classic,1.0,1,57,1,50.0,2026-10-04 17:00:00+00:00,Sun 1:00PM
196170433,NFL $1 Quintuple Up [Top 5 Win $5],154078,Classic,1.0,1,28,1,25.0,2026-10-04 17:00:00+00:00,Sun 1:00PM
196170432,NFL $1 Quintuple Up [Top 5 Win $5],154078,Classic,1.0,1,28,1,25.0,2026-10-04 17:00:00+00:00,Sun 1:00PM
196170431,NFL $1 Quintuple Up [Top 5 Win $5],154078,Classic,1.0,1,28,1,25.0,2026-10-04 17:00:00+00:00,Sun 1:00PM
196170430,NFL $1 Quintuple Up [Top 5 Win $5],154078,Classic,1.0,0,28,1,25.0,2026-10-04 17:00:00+00:00,Sun 1:00PM
196170429,NFL $1 Quintuple Up [Top 5 Win $5],154078,Classic,1.0,0,28,1,25.0,2026-10-04 17:00:00+00:00,Sun 1:00PM
196170428,NFL $1 Quintuple Up [Top 5 Win $5],154078,Classic,1.0,0,28,1,25.0,2026-10-04 17:00:00+00:00,Sun 1:00PM
196170427,NFL $1 Quintuple Up [Top 5 Win $5],154078,Classic,1.0,0,28,1,25.0,2026-10-04 17:00:00+00:00,Sun 1:00PM
196170426,NFL $1 Quintuple Up [Top 5 Win $5],154078,Classic,1.0,0,28,1,25.0,2026-10-04 17:00:00+00:00,Sun 1:00PM
196170425,NFL $1 Quintuple Up [Top 5 Win $5],154078,Classic,1.0,0,28,1,25.0,2026-10-04 17:00:00+00:00,Sun 1:00PM
196170424,NFL $1 Quintuple Up [Top 5 Win $5],154078,Classic,1.0,0,28,1,25.0,2026-10-04 17:00:00+00:00,Sun 1:00PM
196170423,NFL $1 Quintuple Up [Top 5 Win $5],154078,Classic,1.0,0,28,1,25.0,2026-10-04 17:00:00+00:00,Sun 1:00PM
196170422,NFL $1 Quintuple Up [Top 5 Win $5],154078,Classic,1.0,0,28,1,25.0,2026-10-04 17:00:00+00:00,Sun 1:00PM
196170421,NFL $1 Quintuple Up [Top 5 Win $5],154078,Classic,1.0,0,28,1,25.0,2026-10-04 17:00:00+00:00,Sun 1:00PM
196170420,NFL $1 Quintuple Up [Top 5 Win $5],154078,Classic,1.0,0,28,1,25.0,2026-10-04 17:00:00+00:00,Sun 1:00PM
196170419,NFL $1 Quintuple Up [Top 5 Win $5],154078,Classic,1.0,0,28,1,25.0,2026-10-04 17:00:00+00:00,Sun 1:00PM
196170211,Casual NFL $5 Triple Up [Top 9 Win $15],154078,Classic,5.0,0,31,1,135.0,2026-10-04 17:00:00+00:00,Sun 1:00PM
196170212,Casual NFL $1 Triple Up [Top 9 Win $3],154078,Classic,1.0,1,31,1,27.0,2026-10-04 17:00:00+00:00,Sun 1:00PM
196170016,NFL $250 Triple Up [Top 3 Win $750],154078,Classic,250.0,1,10,1,2250.0,2026-10-04 17:00:00+00:00,Sun 1:00PM
196170395,NFL $100 Triple Up [Top 3 Win $300],154078,Classic,100.0,1,10,1,900.0,2026-10-04 17:00:00+00:00,Sun 1:00PM
196170394,NFL $100 Triple Up [Top 3 Win $300],154078,Classic,100.0,1,10,1,900.0,2026-10-04 17:00:00+00:00,Sun 1:00PM
196170393,NFL $100 Triple Up [Top 3 Win $300],154078,Classic,100.0,1,10,1,900.0,2026-10-04 17:00:00+00:00,Sun 1:00PM
196170210,NFL $50 Triple Up [Top 10 Win $150],154078,Classic,50.0,1,34,1,1500.0,2026-10-04 17:00:00+00:00,Sun 1:00PM
196170352,NFL $50 Triple Up [Top 5 Win $150],154078,Classic,50.0,1,17,1,750.0,2026-10-04 17:00:00+00:00,Sun 1:00PM
196169949,NFL $25 Triple Up [Top 18 Win $75],154078,Classic,25.0,2,62,1,1350.0,2026-10-04 17:00:00+00:00,Sun 1:00PM
196170209,NFL $25 Triple Up [Top 9 Win $75],154078,Classic,25.0,1,31,1,675.0,2026-10-04 17:00:00+00:00,Sun 1:00PM
196170208,NFL $25 Triple Up [Top 9 Win $75],154078,Classic,25.0,1,31,1,675.0,2026-10-04 17:00:00+00:00,Sun 1:00PM
196169950,NFL $10 Triple Up [Top 30 Win $30] (Multi-Entry),154078,Classic,10.0,3,103,3,900.0,2026-10-04 17:00:00+00:00,Sun 1:00PM
196170246,NFL $10 Triple Up [Top 18 Win $30],154078,Classic,10.0,3,62,1,540.0,2026-10-04 17:00:00+00:00,Sun 1:00PM
196170207,NFL $10 Triple Up [Top 18 Win $30],154078,Classic,10.0,3,62,1,540.0,2026-10-04 17:00:00+00:00,Sun 1:00PM
196170206,NFL $10 Triple Up [Top 9 Win $30],154078,Classic,10.0,1,31,1,270.0,2026-10-04 17:00:00+00:00,Sun 1:00PM
196170205,NFL $10 Triple Up [Top 9 Win $30],154078,Classic,10.0,1,31,1,270.0,2026-10-04 17:00:00+00:00,Sun 1:00PM
196170204,NFL $10 Triple Up [Top 9 Win $30],154078,Classic,10.0,1,31,1,270.0,2026-10-04 17:00:00+00:00,Sun 1:00PM
196170203,NFL $10 Triple Up [Top 9 Win $30],154078,Classic,10.0,1,31,1,270.0,2026-10-04 17:00:00+00:00,Sun 1:00PM
196170202,NFL $10 Triple Up [Top 9 Win $30],154078,Classic,10.0,1,31,1,270.0,2026-10-04 17:00:00+00:00,Sun 1:00PM
196170245,NFL $5 Triple Up [Top 18 Win $15],154078,Classic,5.0,3,62,1,270.0,2026-10-04 17:00:00+00:00,Sun 1:00PM
196170244,NFL $5 Triple Up [Top 18 Win $15],154078,Classic,5.0,3,62,1,270.0,2026-10-04 17:00:00+00:00,Sun 1:00PM
196170201,NFL $5 Triple Up [Top 18 Win $15],154078,Classic,5.0,3,62,1,270.0,2026-10-04 17:00:00+00:00,Sun 1:00PM
196170200,NFL $5 Triple Up [Top 18 Win $15],154078,Classic,5.0,3,62,1,270.0,2026-10-04 17:00:00+00:00,Sun 1:00PM
196170199,NFL $5 Triple Up [Top 18 Win $15],154078,Classic,5.0,3,62,1,270.0,2026-10-04 17:00:00+00:00,Sun 1:00PM
196170198,NFL $5 Triple Up [Top 9 Win $15],154078,Classic,5.0,1,31,1,135.0,2026-10-04 17:00:00+00:00,Sun 1:00PM
196170197,NFL $5 Triple Up [Top 9 Win $15],154078,Classic,5.0,1,31,1,135.0,2026-10-04 17:00:00+00:00,Sun 1:00PM
196170196,NFL $5 Triple Up [Top 9 Win $15],154078,Classic,5.0,1,31,1,135.0,2026-10-04 17:00:00+00:00,Sun 1:00PM
196170195,NFL $5 Triple Up [Top 9 Win $15],154078,Classic,5.0,1,31,1,135.0,2026-10-04 17:00:00+00:00,Sun 1:00PM
196170194,NFL $5 Triple Up [Top 9 Win $15],154078,Classic,5.0,1,31,1,135.0,2026-10-04 17:00:00+00:00,Sun 1:00PM
196170193,NFL $5 Triple Up [Top 9 Win $15],154078,Classic,5.0,1,31,1,135.0,2026-10-04 17:00:00+00:00,Sun 1:00PM
196170192,NFL $5 Triple Up [Top 9 Win $15],154078,Classic,5.0,1,31,1,135.0,2026-10-04 17:00:00+00:00,Sun 1:00PM
196169951,NFL $1 Triple Up [Top 60 Win $3] (Multi-Entry),154078,Classic,1.0,12,206,6,180.0,2026-10-04 17:00:00+00:00,Sun 1:00PM
196170243,NFL $1 Triple Up [Top 30 Win $3],154078,Classic,1.0,3,103,1,90.0,2026-10-04 17:00:00+00:00,Sun 1:00PM
196170242,NFL $1 Triple Up [Top 30 Win $3],154078,Classic,1.0,3,103,1,90.0,2026-10-04 17:00:00+00:00,Sun 1:00PM
196170176,NFL $1 Triple Up [Top 30 Win $3],154078,Classic,1.0,3,103,1,90.0,2026-10-04 17:00:00+00:00,Sun 1:00PM
196170175,NFL $1 Triple Up [Top 30 Win $3],154078,Classic,1.0,3,103,1,90.0,2026-10-04 17:00:00+00:00,Sun 1:00PM
196170174,NFL $1 Triple Up [Top 30 Win $3],154078,Classic,1.0,3,103,1,90.0,2026-10-04 17:00:00+00:00,Sun 1:00PM
196170173,NFL $1 Triple Up [Top 30 Win $3],154078,Classic,1.0,3,103,1,90.0,2026-10-04 17:00:00+00:00,Sun 1:00PM
196170241,NFL $1 Triple Up [Top 18 Win $3],154078,Classic,1.0,2,62,1,54.0,2026-10-04 17:00:00+00:00,Sun 1:00PM
196170172,NFL $1 Triple Up [Top 18 Win $3],154078,Classic,1.0,2,62,1,54.0,2026-10-04 17:00:00+00:00,Sun 1:00PM
196170171,NFL $1 Triple Up [Top 18 Win $3],154078,Classic,1.0,2,62,1,54.0,2026-10-04 17:00:00+00:00,Sun 1:00PM
196170191,NFL $1 Triple Up [Top 9 Win $3],154078,Classic,1.0,1,31,1,27.0,2026-10-04 17:00:00+00:00,Sun 1:00PM
196170190,NFL $1 Triple Up [Top 9 Win $3],154078,Classic,1.0,1,31,1,27.0,2026-10-04 17:00:00+00:00,Sun 1:00PM
196170189,NFL $1 Triple Up [Top 9 Win $3],154078,Classic,1.0,1,31,1,27.0,2026-10-04 17:00:00+00:00,Sun 1:00PM
196170188,NFL $1 Triple Up [Top 9 Win $3],154078,Classic,1.0,1,31,1,27.0,2026-10-04 17:00:00+00:00,Sun 1:00PM
196170187,NFL $1 Triple Up [Top 9 Win $3],154078,Classic,1.0,1,31,1,27.0,2026-10-04 17:00:00+00:00,Sun 1:00PM
196170186,NFL $1 Triple Up [Top 9 Win $3],154078,Classic,1.0,1,31,1,27.0,2026-10-04 17:00:00+00:00,Sun 1:00PM
196170185,NFL $1 Triple Up [Top 9 Win $3],154078,Classic,1.0,1,31,1,27.0,2026-10-04 17:00:00+00:00,Sun 1:00PM
196170184,NFL $1 Triple Up [Top 9 Win $3],154078,Classic,1.0,1,31,1,27.0,2026-10-04 17:00:00+00:00,Sun 1:00PM
196170183,NFL $1 Triple Up [Top 9 Win $3],154078,Classic,1.0,1,31,1,27.0,2026-10-04 17:00:00+00:00,Sun 1:00PM
196170182,NFL $1 Triple Up [Top 9 Win $3],154078,Classic,1.0,1,31,1,27.0,2026-10-04 17:00:00+00:00,Sun 1:00PM
196170181,NFL $1 Triple Up [Top 9 Win $3],154078,Classic,1.0,1,31,1,27.0,2026-10-04 17:00:00+00:00,Sun 1:00PM
196170180,NFL $1 Triple Up [Top 9 Win $3],154078,Classic,1.0,1,31,1,27.0,2026-10-04 17:00:00+00:00,Sun 1:00PM
196170179,NFL $1 Triple Up [Top 9 Win $3],154078,Classic,1.0,1,31,1,27.0,2026-10-04 17:00:00+00:00,Sun 1:00PM
196170178,NFL $1 Triple Up [Top 9 Win $3],154078,Classic,1.0,1,31,1,27.0,2026-10-04 17:00:00+00:00,Sun 1:00PM
196170177,NFL $1 Triple Up [Top 9 Win $3],154078,Classic,1.0,1,31,1,27.0,2026-10-04 17:00:00+00:00,Sun 1:00PM
196170028,Beginner NFL $25 Double Up,154078,Classic,25.0,0,11,1,250.0,2026-10-04 17:00:00+00:00,Sun 1:00PM
196170027,Beginner NFL $25 Double Up,154078,Classic,25.0,0,11,1,250.0,2026-10-04 17:00:00+00:00,Sun 1:00PM
196170335,Beginner NFL $10 Double Up,154078,Classic,10.0,0,11,1,100.0,2026-10-04 17:00:00+00:00,Sun 1:00PM
196170334,Beginner NFL $10 Double Up,154078,Classic,10.0,0,11,1,100.0,2026-10-04 17:00:00+00:00,Sun 1:00PM
196170141,Beginner NFL $5 Double Up,154078,Classic,5.0,0,23,1,100.0,2026-10-04 17:00:00+00:00,Sun 1:00PM
196170140,Beginner NFL $3 Double Up,154078,Classic,3.0,0,23,1,60.0,2026-10-04 17:00:00+00:00,Sun 1:00PM
196170139,Beginner NFL $1 Double Up,154078,Classic,1.0,2,23,1,20.0,2026-10-04 17:00:00+00:00,Sun 1:00PM
196170138,Beginner NFL $1 Double Up,154078,Classic,1.0,1,23,1,20.0,2026-10-04 17:00:00+00:00,Sun 1:00PM
196170312,Casual NFL $50 Double Up,154078,Classic,50.0,0,11,1,500.0,2026-10-04 17:00:00+00:00,Sun 1:00PM
196170159,Casual NFL $25 Double Up,154078,Classic,25.0,0,11,1,250.0,2026-10-04 17:00:00+00:00,Sun 1:00PM
196170158,Casual NFL $25 Double Up,154078,Classic,25.0,0,11,1,250.0,2026-10-04 17:00:00+00:00,Sun 1:00PM
196170337,Casual NFL $10 Double Up,154078,Classic,10.0,0,23,1,200.0,2026-10-04 17:00:00+00:00,Sun 1:00PM
196170336,Casual NFL $10 Double Up,154078,Classic,10.0,0,23,1,200.0,2026-10-04 17:00:00+00:00,Sun 1:00PM
196170342,Casual NFL $10 Double Up,154078,Classic,10.0,0,11,1,100.0,2026-10-04 17:00:00+00:00,Sun 1:00PM
196170341,Casual NFL $10 Double Up,154078,Classic,10.0,0,11,1,100.0,2026-10-04 17:00:00+00:00,Sun 1:00PM
196170340,Casual NFL $10 Double Up,154078,Classic,10.0,0,11,1,100.0,2026-10-04 17:00:00+00:00,Sun 1:00PM
196170339,Casual NFL $10 Double Up,154078,Classic,10.0,0,11,1,100.0,2026-10-04 17:00:00+00:00,Sun 1:00PM
196170338,Casual NFL $10 Double Up,154078,Classic,10.0,0,11,1,100.0,2026-10-04 17:00:00+00:00,Sun 1:00PM
196170165,Casual NFL $5 Double Up,154078,Classic,5.0,1,23,1,100.0,2026-10-04 17:00:00+00:00,Sun 1:00PM
196170164,Casual NFL $5 Double Up,154078,Classic,5.0,0,23,1,100.0,2026-10-04 17:00:00+00:00,Sun 1:00PM
196170163,Casual NFL $5 Double Up,154078,Classic,5.0,0,23,1,100.0,2026-10-04 17:00:00+00:00,Sun 1:00PM
196170162,Casual NFL $5 Double Up,154078,Classic,5.0,1,23,1,100.0,2026-10-04 17:00:00+00:00,Sun 1:00PM
196170161,Casual NFL $5 Double Up,154078,Classic,5.0,0,23,1,100.0,2026-10-04 17:00:00+00:00,Sun 1:00PM
196170160,Casual NFL $5 Double Up,154078,Classic,5.0,0,23,1,100.0,2026-10-04 17:00:00+00:00,Sun 1:00PM
196170289,Casual NFL $3 Double Up,154078,Classic,3.0,0,62,1,162.0,2026-10-04 17:00:00+00:00,Sun 1:00PM
196170294,Casual NFL $3 Double Up,154078,Classic,3.0,0,39,1,102.0,2026-10-04 17:00:00+00:00,Sun 1:00PM
196170167,Casual NFL $3 Double Up,154078,Classic,3.0,0,23,1,60.0,2026-10-04 17:00:00+00:00,Sun 1:00PM
196170166,Casual NFL $3 Double Up,154078,Classic,3.0,0,23,1,60.0,2026-10-04 17:00:00+00:00,Sun 1:00PM
196170291,Casual NFL $1 Double Up,154078,Classic,1.0,2,124,1,108.0,2026-10-04 17:00:00+00:00,Sun 1:00PM
196170290,Casual NFL $1 Double Up,154078,Classic,1.0,0,124,1,108.0,2026-10-04 17:00:00+00:00,Sun 1:00PM
196170288,Casual NFL $1 Double Up,154078,Classic,1.0,0,62,1,54.0,2026-10-04 17:00:00+00:00,Sun 1:00PM
196170293,Casual NFL $1 Double Up,154078,Classic,1.0,0,39,1,34.0,2026-10-04 17:00:00+00:00,Sun 1:00PM
196170292,Casual NFL $1 Double Up,154078,Classic,1.0,0,39,1,34.0,2026-10-04 17:00:00+00:00,Sun 1:00PM
196170170,Casual NFL $1 Double Up,154078,Classic,1.0,0,23,1,20.0,2026-10-04 17:00:00+00:00,Sun 1:00PM
196170169,Casual NFL $1 Double Up,154078,Classic,1.0,0,23,1,20.0,2026-10-04 17:00:00+00:00,Sun 1:00PM
196170168,Casual NFL $1 Double Up,154078,Classic,1.0,0,23,1,20.0,2026-10-04 17:00:00+00:00,Sun 1:00PM
196170350,"NFL $1,060 50-50 [Top 50% Win]",154078,Classic,1060.0,1,6,1,6000.0,2026-10-04 17:00:00+00:00,Sun 1:00PM
196170024,NFL $530 50-50 [Top 50% Win],154078,Classic,530.0,1,10,1,5000.0,2026-10-04 17:00:00+00:00,Sun 1:00PM
196169984,NFL $250 Double Up,154078,Classic,250.0,1,11,1,2500.0,2026-10-04 17:00:00+00:00,Sun 1:00PM
196170030,NFL $100 Double Up,154078,Classic,100.0,2,22,1,2000.0,2026-10-04 17:00:00+00:00,Sun 1:00PM
196170133,NFL $100 Double Up,154078,Classic,100.0,1,11,1,1000.0,2026-10-04 17:00:00+00:00,Sun 1:00PM
196170116,NFL $100 Double Up,154078,Classic,100.0,1,11,1,1000.0,2026-10-04 17:00:00+00:00,Sun 1:00PM
196170115,NFL $100 Double Up,154078,Classic,100.0,1,11,1,1000.0,2026-10-04 17:00:00+00:00,Sun 1:00PM
196170284,NFL $50 Double Up,154078,Classic,50.0,2,100,1,4400.0,2026-10-04 17:00:00+00:00,Sun 1:00PM
196170283,NFL $50 Double Up,154078,Classic,50.0,2,50,1,2200.0,2026-10-04 17:00:00+00:00,Sun 1:00PM
196170239,NFL $50 Double Up,154078,Classic,50.0,2,22,1,1000.0,2026-10-04 17:00:00+00:00,Sun 1:00PM
196170238,NFL $50 Double Up,154078,Classic,50.0,2,22,1,1000.0,2026-10-04 17:00:00+00:00,Sun 1:00PM
196170311,NFL $50 Double Up,154078,Classic,50.0,1,11,1,500.0,2026-10-04 17:00:00+00:00,Sun 1:00PM
196170123,NFL $50 Double Up,154078,Classic,50.0,1,11,1,500.0,2026-10-04 17:00:00+00:00,Sun 1:00PM
196170122,NFL $50 Double Up,154078,Classic,50.0,1,11,1,500.0,2026-10-04 17:00:00+00:00,Sun 1:00PM
196170121,NFL $50 Double Up,154078,Classic,50.0,1,11,1,500.0,2026-10-04 17:00:00+00:00,Sun 1:00PM
196170282,NFL $25 Double Up,154078,Classic,25.0,2,85,1,1850.0,2026-10-04 17:00:00+00:00,Sun 1:00PM
196170286,NFL $25 Double Up,154078,Classic,25.0,2,62,1,1350.0,2026-10-04 17:00:00+00:00,Sun 1:00PM
196170281,NFL $25 Double Up,154078,Classic,25.0,2,62,1,1350.0,2026-10-04 17:00:00+00:00,Sun 1:00PM
196170310,NFL $25 Double Up,154078,Classic,25.0,2,39,1,850.0,2026-10-04 17:00:00+00:00,Sun 1:00PM
196170309,NFL $25 Double Up,154078,Classic,25.0,2,39,1,850.0,2026-10-04 17:00:00+00:00,Sun 1:00PM
196170137,NFL $25 Double Up,154078,Classic,25.0,3,22,1,500.0,2026-10-04 17:00:00+00:00,Sun 1:00PM
196170136,NFL $25 Double Up,154078,Classic,25.0,3,22,1,500.0,2026-10-04 17:00:00+00:00,Sun 1:00PM
196170135,NFL $25 Double Up,154078,Classic,25.0,3,22,1,500.0,2026-10-04 17:00:00+00:00,Sun 1:00PM
196170134,NFL $25 Double Up,154078,Classic,25.0,3,22,1,500.0,2026-10-04 17:00:00+00:00,Sun 1:00PM
196170511,NFL $25 Double Up,154078,Classic,25.0,1,11,1,250.0,2026-10-04 17:00:00+00:00,Sun 1:00PM
196170510,NFL $25 Double Up,154078,Classic,25.0,1,11,1,250.0,2026-10-04 17:00:00+00:00,Sun 1:00PM
196170509,NFL $25 Double Up,154078,Classic,25.0,1,11,1,250.0,2026-10-04 17:00:00+00:00,Sun 1:00PM
196170508,NFL $25 Double Up,154078,Classic,25.0,1,11,1,250.0,2026-10-04 17:00:00+00:00,Sun 1:00PM
196170034,NFL $25 Double Up,154078,Classic,25.0,1,11,1,250.0,2026-10-04 17:00:00+00:00,Sun 1:00PM
196170033,NFL $25 Double Up,154078,Classic,25.0,1,11,1,250.0,2026-10-04 17:00:00+00:00,Sun 1:00PM
196170032,NFL $25 Double Up,154078,Classic,25.0,1,11,1,250.0,2026-10-04 17:00:00+00:00,Sun 1:00PM
196170285,NFL $10 Double Up,154078,Classic,10.0,3,124,1,1080.0,2026-10-04 17:00:00+00:00,Sun 1:00PM
196170280,NFL $10 Double Up,154078,Classic,10.0,3,124,1,1080.0,2026-10-04 17:00:00+00:00,Sun 1:00PM
196170279,NFL $10 Double Up,154078,Classic,10.0,3,124,1,1080.0,2026-10-04 17:00:00+00:00,Sun 1:00PM
196170277,NFL $10 Double Up,154078,Classic,10.0,3,124,1,1080.0,2026-10-04 17:00:00+00:00,Sun 1:00PM
196170287,NFL $10 Double Up,154078,Classic,10.0,2,62,1,540.0,2026-10-04 17:00:00+00:00,Sun 1:00PM
196170276,NFL $10 Double Up,154078,Classic,10.0,2,62,1,540.0,2026-10-04 17:00:00+00:00,Sun 1:00PM
196170308,NFL $10 Double Up,154078,Classic,10.0,2,39,1,340.0,2026-10-04 17:00:00+00:00,Sun 1:00PM
196170307,NFL $10 Double Up,154078,Classic,10.0,2,39,1,340.0,2026-10-04 17:00:00+00:00,Sun 1:00PM
196170155,NFL $10 Double Up,154078,Classic,10.0,2,23,1,200.0,2026-10-04 17:00:00+00:00,Sun 1:00PM
196170154,NFL $10 Double Up,154078,Classic,10.0,2,23,1,200.0,2026-10-04 17:00:00+00:00,Sun 1:00PM
196170153,NFL $10 Double Up,154078,Classic,10.0,2,23,1,200.0,2026-10-04 17:00:00+00:00,Sun 1:00PM
196170327,NFL $10 Double Up,154078,Classic,10.0,2,11,1,100.0,2026-10-04 17:00:00+00:00,Sun 1:00PM
196170326,NFL $10 Double Up,154078,Classic,10.0,2,11,1,100.0,2026-10-04 17:00:00+00:00,Sun 1:00PM
196170325,NFL $10 Double Up,154078,Classic,10.0,2,11,1,100.0,2026-10-04 17:00:00+00:00,Sun 1:00PM
196170324,NFL $10 Double Up,154078,Classic,10.0,2,11,1,100.0,2026-10-04 17:00:00+00:00,Sun 1:00PM
196170323,NFL $10 Double Up,154078,Classic,10.0,2,11,1,100.0,2026-10-04 17:00:00+00:00,Sun 1:00PM
196170322,NFL $10 Double Up,154078,Classic,10.0,2,11,1,100.0,2026-10-04 17:00:00+00:00,Sun 1:00PM
196170321,NFL $10 Double Up,154078,Classic,10.0,2,11,1,100.0,2026-10-04 17:00:00+00:00,Sun 1:00PM
196170320,NFL $10 Double Up,154078,Classic,10.0,2,11,1,100.0,2026-10-04 17:00:00+00:00,Sun 1:00PM
196170319,NFL $10 Double Up,154078,Classic,10.0,2,11,1,100.0,2026-10-04 17:00:00+00:00,Sun 1:00PM
196170318,NFL $10 Double Up,154078,Classic,10.0,2,11,1,100.0,2026-10-04 17:00:00+00:00,Sun 1:00PM
196170516,NFL $10 Double Up,154078,Classic,10.0,2,11,1,100.0,2026-10-04 17:00:00+00:00,Sun 1:00PM
196170515,NFL $10 Double Up,154078,Classic,10.0,2,11,1,100.0,2026-10-04 17:00:00+00:00,Sun 1:00PM
196170514,NFL $10 Double Up,154078,Classic,10.0,2,11,1,100.0,2026-10-04 17:00:00+00:00,Sun 1:00PM
196170513,NFL $10 Double Up,154078,Classic,10.0,2,11,1,100.0,2026-10-04 17:00:00+00:00,Sun 1:00PM
196170512,NFL $10 Double Up,154078,Classic,10.0,2,11,1,100.0,2026-10-04 17:00:00+00:00,Sun 1:00PM
196170240,NFL $5 Double Up [3 Entry Max],154078,Classic,5.0,3,344,3,1500.0,2026-10-04 17:00:00+00:00,Sun 1:00PM
196170275,NFL $5 Double Up,154078,Classic,5.0,2,124,1,540.0,2026-10-04 17:00:00+00:00,Sun 1:00PM
196170274,NFL $5 Double Up,154078,Classic,5.0,2,124,1,540.0,2026-10-04 17:00:00+00:00,Sun 1:00PM
196170273,NFL $5 Double Up,154078,Classic,5.0,1,62,1,270.0,2026-10-04 17:00:00+00:00,Sun 1:00PM
196170272,NFL $5 Double Up,154078,Classic,5.0,1,62,1,270.0,2026-10-04 17:00:00+00:00,Sun 1:00PM
196170306,NFL $5 Double Up,154078,Classic,5.0,1,39,1,170.0,2026-10-04 17:00:00+00:00,Sun 1:00PM
196170305,NFL $5 Double Up,154078,Classic,5.0,1,39,1,170.0,2026-10-04 17:00:00+00:00,Sun 1:00PM
196170304,NFL $5 Double Up,154078,Classic,5.0,1,39,1,170.0,2026-10-04 17:00:00+00:00,Sun 1:00PM
196170303,NFL $5 Double Up,154078,Classic,5.0,1,39,1,170.0,2026-10-04 17:00:00+00:00,Sun 1:00PM
196170302,NFL $5 Double Up,154078,Classic,5.0,1,39,1,170.0,2026-10-04 17:00:00+00:00,Sun 1:00PM
196170152,NFL $5 Double Up,154078,Classic,5.0,1,23,1,100.0,2026-10-04 17:00:00+00:00,Sun 1:00PM
196170151,NFL $5 Double Up,154078,Classic,5.0,1,23,1,100.0,2026-10-04 17:00:00+00:00,Sun 1:00PM
196170150,NFL $5 Double Up,154078,Classic,5.0,1,23,1,100.0,2026-10-04 17:00:00+00:00,Sun 1:00PM
196170149,NFL $5 Double Up,154078,Classic,5.0,1,23,1,100.0,2026-10-04 17:00:00+00:00,Sun 1:00PM
196170148,NFL $5 Double Up,154078,Classic,5.0,1,23,1,100.0,2026-10-04 17:00:00+00:00,Sun 1:00PM
196170147,NFL $5 Double Up,154078,Classic,5.0,1,23,1,100.0,2026-10-04 17:00:00+00:00,Sun 1:00PM
196170146,NFL $5 Double Up,154078,Classic,5.0,1,23,1,100.0,2026-10-04 17:00:00+00:00,Sun 1:00PM
196170145,NFL $5 Double Up,154078,Classic,5.0,1,23,1,100.0,2026-10-04 17:00:00+00:00,Sun 1:00PM
196170231,NFL $5 Double Up,154078,Classic,5.0,1,23,1,100.0,2026-10-04 17:00:00+00:00,Sun 1:00PM
196170230,NFL $5 Double Up,154078,Classic,5.0,1,23,1,100.0,2026-10-04 17:00:00+00:00,Sun 1:00PM
196170229,NFL $5 Double Up,154078,Classic,5.0,1,23,1,100.0,2026-10-04 17:00:00+00:00,Sun 1:00PM
196170228,NFL $5 Double Up,154078,Classic,5.0,1,23,1,100.0,2026-10-04 17:00:00+00:00,Sun 1:00PM
196170227,NFL $5 Double Up,154078,Classic,5.0,1,23,1,100.0,2026-10-04 17:00:00+00:00,Sun 1:00PM
196170236,NFL $3 Double Up,154078,Classic,3.0,20,1149,20,3000.0,2026-10-04 17:00:00+00:00,Sun 1:00PM
196170237,NFL $3 Double Up [3 Entry Max],154078,Classic,3.0,4,344,3,900.0,2026-10-04 17:00:00+00:00,Sun 1:00PM
196169943,NFL $3 Double Up,154078,Classic,3.0,1,229,1,600.0,2026-10-04 17:00:00+00:00,Sun 1:00PM
196169942,NFL $3 Double Up,154078,Classic,3.0,1,229,1,600.0,2026-10-04 17:00:00+00:00,Sun 1:00PM
196170344,NFL $3 Double Up,154078,Classic,3.0,0,124,1,324.0,2026-10-04 17:00:00+00:00,Sun 1:00PM
196170343,NFL $3 Double Up,154078,Classic,3.0,0,124,1,324.0,2026-10-04 17:00:00+00:00,Sun 1:00PM
196170271,NFL $3 Double Up,154078,Classic,3.0,0,124,1,324.0,2026-10-04 17:00:00+00:00,Sun 1:00PM
196170270,NFL $3 Double Up,154078,Classic,3.0,0,124,1,324.0,2026-10-04 17:00:00+00:00,Sun 1:00PM
196170269,NFL $3 Double Up,154078,Classic,3.0,1,124,1,324.0,2026-10-04 17:00:00+00:00,Sun 1:00PM
196170268,NFL $3 Double Up,154078,Classic,3.0,1,124,1,324.0,2026-10-04 17:00:00+00:00,Sun 1:00PM
196170267,NFL $3 Double Up,154078,Classic,3.0,0,62,1,162.0,2026-10-04 17:00:00+00:00,Sun 1:00PM
196170266,NFL $3 Double Up,154078,Classic,3.0,0,62,1,162.0,2026-10-04 17:00:00+00:00,Sun 1:00PM
196170265,NFL $3 Double Up,154078,Classic,3.0,0,62,1,162.0,2026-10-04 17:00:00+00:00,Sun 1:00PM
196170301,NFL $3 Double Up,154078,Classic,3.0,0,39,1,102.0,2026-10-04 17:00:00+00:00,Sun 1:00PM
196170300,NFL $3 Double Up,154078,Classic,3.0,0,39,1,102.0,2026-10-04 17:00:00+00:00,Sun 1:00PM
196170226,NFL $3 Double Up,154078,Classic,3.0,0,23,1,60.0,2026-10-04 17:00:00+00:00,Sun 1:00PM
196170225,NFL $3 Double Up,154078,Classic,3.0,0,23,1,60.0,2026-10-04 17:00:00+00:00,Sun 1:00PM
196170224,NFL $3 Double Up,154078,Classic,3.0,0,23,1,60.0,2026-10-04 17:00:00+00:00,Sun 1:00PM
196170223,NFL $3 Double Up,154078,Classic,3.0,0,23,1,60.0,2026-10-04 17:00:00+00:00,Sun 1:00PM
196170222,NFL $3 Double Up,154078,Classic,3.0,0,23,1,60.0,2026-10-04 17:00:00+00:00,Sun 1:00PM
196170221,NFL $3 Double Up,154078,Classic,3.0,0,23,1,60.0,2026-10-04 17:00:00+00:00,Sun 1:00PM
196170220,NFL $3 Double Up,154078,Classic,3.0,0,23,1,60.0,2026-10-04 17:00:00+00:00,Sun 1:00PM
196170219,NFL $3 Double Up,154078,Classic,3.0,0,23,1,60.0,2026-10-04 17:00:00+00:00,Sun 1:00PM
196170218,NFL $3 Double Up,154078,Classic,3.0,0,23,1,60.0,2026-10-04 17:00:00+00:00,Sun 1:00PM
196170217,NFL $3 Double Up,154078,Classic,3.0,0,23,1,60.0,2026-10-04 17:00:00+00:00,Sun 1:00PM
196170497,NFL $3 Double Up,154078,Classic,3.0,0,23,1,60.0,2026-10-04 17:00:00+00:00,Sun 1:00PM
196170496,NFL $3 Double Up,154078,Classic,3.0,0,23,1,60.0,2026-10-04 17:00:00+00:00,Sun 1:00PM
196170495,NFL $3 Double Up,154078,Classic,3.0,0,23,1,60.0,2026-10-04 17:00:00+00:00,Sun 1:00PM
196170494,NFL $3 Double Up,154078,Classic,3.0,0,23,1,60.0,2026-10-04 17:00:00+00:00,Sun 1:00PM
196170232,NFL $1 Double Up [3 Entry Max],154078,Classic,1.0,6,862,3,750.0,2026-10-04 17:00:00+00:00,Sun 1:00PM
196170235,NFL $1 Double Up,154078,Classic,1.0,4,459,1,400.0,2026-10-04 17:00:00+00:00,Sun 1:00PM
196170234,NFL $1 Double Up,154078,Classic,1.0,4,459,1,400.0,2026-10-04 17:00:00+00:00,Sun 1:00PM
196170233,NFL $1 Double Up,154078,Classic,1.0,2,459,1,400.0,2026-10-04 17:00:00+00:00,Sun 1:00PM
196169948,NFL $1 Double Up,154078,Classic,1.0,2,229,1,200.0,2026-10-04 17:00:00+00:00,Sun 1:00PM
196169947,NFL $1 Double Up,154078,Classic,1.0,2,229,1,200.0,2026-10-04 17:00:00+00:00,Sun 1:00PM
196169946,NFL $1 Double Up,154078,Classic,1.0,1,229,1,200.0,2026-10-04 17:00:00+00:00,Sun 1:00PM
196169945,NFL $1 Double Up,154078,Classic,1.0,1,229,1,200.0,2026-10-04 17:00:00+00:00,Sun 1:00PM
196169944,NFL $1 Double Up,154078,Classic,1.0,1,229,1,200.0,2026-10-04 17:00:00+00:00,Sun 1:00PM
196170264,NFL $1 Double Up,154078,Classic,1.0,0,124,1,108.0,2026-10-04 17:00:00+00:00,Sun 1:00PM
196170263,NFL $1 Double Up,154078,Classic,1.0,0,124,1,108.0,2026-10-04 17:00:00+00:00,Sun 1:00PM
196170262,NFL $1 Double Up,154078,Classic,1.0,0,124,1,108.0,2026-10-04 17:00:00+00:00,Sun 1:00PM
196170261,NFL $1 Double Up,154078,Classic,1.0,0,124,1,108.0,2026-10-04 17:00:00+00:00,Sun 1:00PM
196170260,NFL $1 Double Up,154078,Classic,1.0,0,124,1,108.0,2026-10-04 17:00:00+00:00,Sun 1:00PM
196170259,NFL $1 Double Up,154078,Classic,1.0,0,124,1,108.0,2026-10-04 17:00:00+00:00,Sun 1:00PM
196170349,NFL $1 Double Up,154078,Classic,1.0,0,62,1,54.0,2026-10-04 17:00:00+00:00,Sun 1:00PM
196170348,NFL $1 Double Up,154078,Classic,1.0,0,62,1,54.0,2026-10-04 17:00:00+00:00,Sun 1:00PM
196170347,NFL $1 Double Up,154078,Classic,1.0,0,62,1,54.0,2026-10-04 17:00:00+00:00,Sun 1:00PM
196170346,NFL $1 Double Up,154078,Classic,1.0,0,62,1,54.0,2026-10-04 17:00:00+00:00,Sun 1:00PM
196170345,NFL $1 Double Up,154078,Classic,1.0,0,62,1,54.0,2026-10-04 17:00:00+00:00,Sun 1:00PM
196170258,NFL $1 Double Up,154078,Classic,1.0,0,62,1,54.0,2026-10-04 17:00:00+00:00,Sun 1:00PM
196170257,NFL $1 Double Up,154078,Classic,1.0,0,62,1,54.0,2026-10-04 17:00:00+00:00,Sun 1:00PM
196170256,NFL $1 Double Up,154078,Classic,1.0,0,62,1,54.0,2026-10-04 17:00:00+00:00,Sun 1:00PM
196170255,NFL $1 Double Up,154078,Classic,1.0,0,62,1,54.0,2026-10-04 17:00:00+00:00,Sun 1:00PM
196170254,NFL $1 Double Up,154078,Classic,1.0,0,62,1,54.0,2026-10-04 17:00:00+00:00,Sun 1:00PM
196170253,NFL $1 Double Up,154078,Classic,1.0,0,62,1,54.0,2026-10-04 17:00:00+00:00,Sun 1:00PM
196170252,NFL $1 Double Up,154078,Classic,1.0,0,62,1,54.0,2026-10-04 17:00:00+00:00,Sun 1:00PM
196170251,NFL $1 Double Up,154078,Classic,1.0,0,62,1,54.0,2026-10-04 17:00:00+00:00,Sun 1:00PM
196170317,NFL $1 Double Up,154078,Classic,1.0,0,39,1,34.0,2026-10-04 17:00:00+00:00,Sun 1:00PM
196170316,NFL $1 Double Up,154078,Classic,1.0,0,39,1,34.0,2026-10-04 17:00:00+00:00,Sun 1:00PM
196170315,NFL $1 Double Up,154078,Classic,1.0,0,39,1,34.0,2026-10-04 17:00:00+00:00,Sun 1:00PM
196170314,NFL $1 Double Up,154078,Classic,1.0,0,39,1,34.0,2026-10-04 17:00:00+00:00,Sun 1:00PM
196170313,NFL $1 Double Up,154078,Classic,1.0,0,39,1,34.0,2026-10-04 17:00:00+00:00,Sun 1:00PM
196170299,NFL $1 Double Up,154078,Classic,1.0,0,39,1,34.0,2026-10-04 17:00:00+00:00,Sun 1:00PM
196170298,NFL $1 Double Up,154078,Classic,1.0,0,39,1,34.0,2026-10-04 17:00:00+00:00,Sun 1:00PM
196170297,NFL $1 Double Up,154078,Classic,1.0,0,39,1,34.0,2026-10-04 17:00:00+00:00,Sun 1:00PM
196170296,NFL $1 Double Up,154078,Classic,1.0,0,39,1,34.0,2026-10-04 17:00:00+00:00,Sun 1:00PM
196170295,NFL $1 Double Up,154078,Classic,1.0,0,39,1,34.0,2026-10-04 17:00:00+00:00,Sun 1:00PM
196170392,NFL $1 Double Up,154078,Classic,1.0,0,23,1,20.0,2026-10-04 17:00:00+00:00,Sun 1:00PM
196170391,NFL $1 Double Up,154078,Classic,1.0,0,23,1,20.0,2026-10-04 17:00:00+00:00,Sun 1:00PM
196170390,NFL $1 Double Up,154078,Classic,1.0,0,23,1,20.0,2026-10-04 17:00:00+00:00,Sun 1:00PM
196170389,NFL $1 Double Up,154078,Classic,1.0,0,23,1,20.0,2026-10-04 17:00:00+00:00,Sun 1:00PM
196170388,NFL $1 Double Up,154078,Classic,1.0,0,23,1,20.0,2026-10-04 17:00:00+00:00,Sun 1:00PM
196170387,NFL $1 Double Up,154078,Classic,1.0,0,23,1,20.0,2026-10-04 17:00:00+00:00,Sun 1:00PM
196170386,NFL $1 Double Up,154078,Classic,1.0,0,23,1,20.0,2026-10-04 17:00:00+00:00,Sun 1:00PM
196170385,NFL $1 Double Up,154078,Classic,1.0,0,23,1,20.0,2026-10-04 17:00:00+00:00,Sun 1:00PM
196170384,NFL $1 Double Up,154078,Classic,1.0,0,23,1,20.0,2026-10-04 17:00:00+00:00,Sun 1:00PM
196170383,NFL $1 Double Up,154078,Classic,1.0,0,23,1,20.0,2026-10-04 17:00:00+00:00,Sun 1:00PM
196170382,NFL $1 Double Up,154078,Classic,1.0,0,23,1,20.0,2026-10-04 17:00:00+00:00,Sun 1:00PM
196170381,NFL $1 Double Up,154078,Classic,1.0,0,23,1,20.0,2026-10-04 17:00:00+00:00,Sun 1:00PM
196170380,NFL $1 Double Up,154078,Classic,1.0,0,23,1,20.0,2026-10-04 17:00:00+00:00,Sun 1:00PM
196170379,NFL $1 Double Up,154078,Classic,1.0,0,23,1,20.0,2026-10-04 17:00:00+00:00,Sun 1:00PM
196170378,NFL $1 Double Up,154078,Classic,1.0,0,23,1,20.0,2026-10-04 17:00:00+00:00,Sun 1:00PM
196170377,NFL $1 Double Up,154078,Classic,1.0,0,23,1,20.0,2026-10-04 17:00:00+00:00,Sun 1:00PM
196170376,NFL $1 Double Up,154078,Classic,1.0,0,23,1,20.0,2026-10-04 17:00:00+00:00,Sun 1:00PM
196170375,NFL $1 Double Up,154078,Classic,1.0,0,23,1,20.0,2026-10-04 17:00:00+00:00,Sun 1:00PM
196170374,NFL $1 Double Up,154078,Classic,1.0,0,23,1,20.0,2026-10-04 17:00:00+00:00,Sun 1:00PM
196170373,NFL $1 Double Up,154078,Classic,1.0,0,23,1,20.0,2026-10-04 17:00:00+00:00,Sun 1:00PM
196170372,NFL $1 Double Up,154078,Classic,1.0,0,23,1,20.0,2026-10-04 17:00:00+00:00,Sun 1:00PM
196170371,NFL $1 Double Up,154078,Classic,1.0,0,23,1,20.0,2026-10-04 17:00:00+00:00,Sun 1:00PM
196170370,NFL $1 Double Up,154078,Classic,1.0,0,23,1,20.0,2026-10-04 17:00:00+00:00,Sun 1:00PM
196170369,NFL $1 Double Up,154078,Classic,1.0,0,23,1,20.0,2026-10-04 17:00:00+00:00,Sun 1:00PM
196170368,NFL $1 Double Up,154078,Classic,1.0,0,23,1,20.0,2026-10-04 17:00:00+00:00,Sun 1:00PM
196170367,NFL $1 Double Up,154078,Classic,1.0,0,23,1,20.0,2026-10-04 17:00:00+00:00,Sun 1:00PM
196170366,NFL $1 Double Up,154078,Classic,1.0,0,23,1,20.0,2026-10-04 17:00:00+00:00,Sun 1:00PM
196170365,NFL $1 Double Up,154078,Classic,1.0,0,23,1,20.0,2026-10-04 17:00:00+00:00,Sun 1:00PM
196170364,NFL $1 Double Up,154078,Classic,1.0,0,23,1,20.0,2026-10-04 17:00:00+00:00,Sun 1:00PM
196170363,NFL $1 Double Up,154078,Classic,1.0,0,23,1,20.0,2026-10-04 17:00:00+00:00,Sun 1:00PM
196170362,NFL $1 Double Up,154078,Classic,1.0,0,23,1,20.0,2026-10-04 17:00:00+00:00,Sun 1:00PM
196170361,NFL $1 Double Up,154078,Classic,1.0,0,23,1,20.0,2026-10-04 17:00:00+00:00,Sun 1:00PM
196170360,NFL $1 Double Up,154078,Classic,1.0,0,23,1,20.0,2026-10-04 17:00:00+00:00,Sun 1:00PM
196170359,NFL $1 Double Up,154078,Classic,1.0,0,23,1,20.0,2026-10-04 17:00:00+00:00,Sun 1:00PM
196170358,NFL $1 Double Up,154078,Classic,1.0,0,23,1,20.0,2026-10-04 17:00:00+00:00,Sun 1:00PM
196170357,NFL $1 Double Up,154078,Classic,1.0,0,23,1,20.0,2026-10-04 17:00:00+00:00,Sun 1:00PM
196170356,NFL $1 Double Up,154078,Classic,1.0,0,23,1,20.0,2026-10-04 17:00:00+00:00,Sun 1:00PM
196170355,NFL $1 Double Up,154078,Classic,1.0,0,23,1,20.0,2026-10-04 17:00:00+00:00,Sun 1:00PM
196170354,NFL $1 Double Up,154078,Classic,1.0,0,23,1,20.0,2026-10-04 17:00:00+00:00,Sun 1:00PM
196170353,NFL $1 Double Up,154078,Classic,1.0,0,23,1,20.0,2026-10-04 17:00:00+00:00,Sun 1:00PM
196170493,NFL $1 Double Up,154078,Classic,1.0,0,23,1,20.0,2026-10-04 17:00:00+00:00,Sun 1:00PM
196170492,NFL $1 Double Up,154078,Classic,1.0,0,23,1,20.0,2026-10-04 17:00:00+00:00,Sun 1:00PM
196170491,NFL $1 Double Up,154078,Classic,1.0,0,23,1,20.0,2026-10-04 17:00:00+00:00,Sun 1:00PM
196170490,NFL $1 Double Up,154078,Classic,1.0,0,23,1,20.0,2026-10-04 17:00:00+00:00,Sun 1:00PM
196170489,NFL $1 Double Up,154078,Classic,1.0,0,23,1,20.0,2026-10-04 17:00:00+00:00,Sun 1:00PM
196170488,NFL $1 Double Up,154078,Classic,1.0,0,23,1,20.0,2026-10-04 17:00:00+00:00,Sun 1:00PM
196170487,NFL $1 Double Up,154078,Classic,1.0,0,23,1,20.0,2026-10-04 17:00:00+00:00,Sun 1:00PM
196170486,NFL $1 Double Up,154078,Classic,1.0,0,23,1,20.0,2026-10-04 17:00:00+00:00,Sun 1:00PM
196170485,NFL $1 Double Up,154078,Classic,1.0,0,23,1,20.0,2026-10-04 17:00:00+00:00,Sun 1:00PM
196170484,NFL $1 Double Up,154078,Classic,1.0,0,23,1,20.0,2026-10-04 17:00:00+00:00,Sun 1:00PM
196170483,NFL $1 Double Up,154078,Classic,1.0,0,23,1,20.0,2026-10-04 17:00:00+00:00,Sun 1:00PM
196170482,NFL $1 Double Up,154078,Classic,1.0,0,23,1,20.0,2026-10-04 17:00:00+00:00,Sun 1:00PM
196170481,NFL $1 Double Up,154078,Classic,1.0,0,23,1,20.0,2026-10-04 17:00:00+00:00,Sun 1:00PM
196170480,NFL $1 Double Up,154078,Classic,1.0,0,23,1,20.0,2026-10-04 17:00:00+00:00,Sun 1:00PM
196170479,NFL $1 Double Up,154078,Classic,1.0,0,23,1,20.0,2026-10-04 17:00:00+00:00,Sun 1:00PM
196170478,NFL $1 Double Up,154078,Classic,1.0,0,23,1,20.0,2026-10-04 17:00:00+00:00,Sun 1:00PM
196170477,NFL $1 Double Up,154078,Classic,1.0,0,23,1,20.0,2026-10-04 17:00:00+00:00,Sun 1:00PM
196170476,NFL $1 Double Up,154078,Classic,1.0,0,23,1,20.0,2026-10-04 17:00:00+00:00,Sun 1:00PM
196170475,NFL $1 Double Up,154078,Classic,1.0,0,23,1,20.0,2026-10-04 17:00:00+00:00,Sun 1:00PM
196170474,NFL $1 Double Up,154078,Classic,1.0,0,23,1,20.0,2026-10-04 17:00:00+00:00,Sun 1:00PM
196170507,NFL $1 Double Up,154078,Classic,1.0,0,23,1,20.0,2026-10-04 17:00:00+00:00,Sun 1:00PM
196170506,NFL $1 Double Up,154078,Classic,1.0,0,23,1,20.0,2026-10-04 17:00:00+00:00,Sun 1:00PM
196170505,NFL $1 Double Up,154078,Classic,1.0,0,23,1,20.0,2026-10-04 17:00:00+00:00,Sun 1:00PM
196170504,NFL $1 Double Up,154078,Classic,1.0,0,23,1,20.0,2026-10-04 17:00:00+00:00,Sun 1:00PM
196170503,NFL $1 Double Up,154078,Classic,1.0,0,23,1,20.0,2026-10-04 17:00:00+00:00,Sun 1:00PM
196170502,NFL $1 Double Up,154078,Classic,1.0,0,23,1,20.0,2026-10-04 17:00:00+00:00,Sun 1:00PM
196170501,NFL $1 Double Up,154078,Classic,1.0,0,23,1,20.0,2026-10-04 17:00:00+00:00,Sun 1:00PM
196170500,NFL $1 Double Up,154078,Classic,1.0,0,23,1,20.0,2026-10-04 17:00:00+00:00,Sun 1:00PM
196170499,NFL $1 Double Up,154078,Classic,1.0,0,23,1,20.0,2026-10-04 17:00:00+00:00,Sun 1:00PM
196170498,NFL $1 Double Up,154078,Classic,1.0,0,23,1,20.0,2026-10-04 17:00:00+00:00,Sun 1:00PM
196171959,NFL Single Stat $20 10-Player [Top 2 Win] (Touchdowns),154114,Single Stat - Touchdowns,20.0,0,10,1,180.0,2026-10-04 17:00:00+00:00,Sun 1:00PM
196171958,NFL Single Stat $20 10-Player [Top 2 Win] (Touchdowns),154114,Single Stat - Touchdowns,20.0,0,10,1,180.0,2026-10-04 17:00:00+00:00,Sun 1:00PM
196171957,NFL Single Stat $10 10-Player [Top 2 Win] (Touchdowns),154114,Single Stat - Touchdowns,10.0,0,10,1,90.0,2026-10-04 17:00:00+00:00,Sun 1:00PM
196171956,NFL Single Stat $10 10-Player [Top 2 Win] (Touchdowns),154114,Single Stat - Touchdowns,10.0,0,10,1,90.0,2026-10-04 17:00:00+00:00,Sun 1:00PM
196171955,NFL Single Stat $5 10-Player [Top 2 Win] (Touchdowns),154114,Single Stat - Touchdowns,5.0,0,10,1,45.0,2026-10-04 17:00:00+00:00,Sun 1:00PM
196171954,NFL Single Stat $5 10-Player [Top 2 Win] (Touchdowns),154114,Single Stat - Touchdowns,5.0,0,10,1,45.0,2026-10-04 17:00:00+00:00,Sun 1:00PM
196171953,NFL Single Stat $2 10-Player [Top 2 Win] (Touchdowns),154114,Single Stat - Touchdowns,2.0,0,10,1,18.0,2026-10-04 17:00:00+00:00,Sun 1:00PM
196171952,NFL Single Stat $2 10-Player [Top 2 Win] (Touchdowns),154114,Single Stat - Touchdowns,2.0,0,10,1,18.0,2026-10-04 17:00:00+00:00,Sun 1:00PM
196171951,NFL Single Stat $1 10-Player [Top 2 Win] (Touchdowns),154114,Single Stat - Touchdowns,1.0,1,10,1,9.0,2026-10-04 17:00:00+00:00,Sun 1:00PM
196171950,NFL Single Stat $1 10-Player [Top 2 Win] (Touchdowns),154114,Single Stat - Touchdowns,1.0,0,10,1,9.0,2026-10-04 17:00:00+00:00,Sun 1:00PM
196184994,NFL Snake Showdown $10 4-Player (PHI @ CHI Snake),153802,Snake Showdown,10.0,1,4,1,36.0,2026-09-29 00:05:00+00:00,Mon 8:05PM
196185007,NFL Snake Showdown $1 4-Player (PHI @ CHI Snake),153802,Snake Showdown,1.0,3,4,1,3.6,2026-09-29 00:05:00+00:00,Mon 8:05PM
196185136,NFL Snake Showdown $20 4-Player (PHI @ CHI Snake),153802,Snake Showdown,20.0,1,4,1,72.0,2026-09-29 00:05:00+00:00,Mon 8:05PM
196185608,NFL Snake Showdown $20 4-Player (PHI @ CHI Snake),153802,Snake Showdown,20.0,1,4,1,72.0,2026-09-29 00:05:00+00:00,Mon 8:05PM
196185611,NFL Snake Showdown $20 4-Player (PHI @ CHI Snake),153802,Snake Showdown,20.0,2,4,1,72.0,2026-09-29 00:05:00+00:00,Mon 8:05PM
196184991,NFL Snake Showdown $50 4-Player (PHI @ CHI Snake),153802,Snake Showdown,50.0,2,4,1,180.0,2026-09-29 00:05:00+00:00,Mon 8:05PM
196185073,NFL Snake Showdown $109 4-Player (PHI @ CHI Snake),153802,Snake Showdown,109.0,1,4,1,400.0,2026-09-29 00:05:00+00:00,Mon 8:05PM
196184322,NFL Snake Showdown $530 4-Player (PHI @ CHI Snake),153802,Snake Showdown,530.0,1,4,1,2000.0,2026-09-29 00:05:00+00:00,Mon 8:05PM
196185093,NFL Snake Showdown $10 4-Player (PHI @ CHI Snake),153802,Snake Showdown,10.0,0,4,1,36.0,2026-09-29 00:05:00+00:00,Mon 8:05PM
196185659,NFL Snake Showdown $10 4-Player (PHI @ CHI Snake),153802,Snake Showdown,10.0,0,4,1,36.0,2026-09-29 00:05:00+00:00,Mon 8:05PM
196185091,NFL Snake Showdown $1 4-Player (PHI @ CHI Snake),153802,Snake Showdown,1.0,0,4,1,3.6,2026-09-29 00:05:00+00:00,Mon 8:05PM
196185652,NFL Snake Showdown $1 4-Player (PHI @ CHI Snake),153802,Snake Showdown,1.0,0,4,1,3.6,2026-09-29 00:05:00+00:00,Mon 8:05PM
196184771,NFL Snake Showdown $5 4-Player (PHI @ CHI Snake),153802,Snake Showdown,5.0,0,4,1,18.0,2026-09-29 00:05:00+00:00,Mon 8:05PM
196184986,NFL Snake Showdown $5 4-Player (PHI @ CHI Snake),153802,Snake Showdown,5.0,0,4,1,18.0,2026-09-29 00:05:00+00:00,Mon 8:05PM
196185117,NFL Snake Showdown $5 4-Player (PHI @ CHI Snake),153802,Snake Showdown,5.0,0,4,1,18.0,2026-09-29 00:05:00+00:00,Mon 8:05PM
196185027,NFL Snake Showdown $1 3-Player (PHI @ CHI Snake),153802,Snake Showdown,1.0,2,3,1,2.7,2026-09-29 00:07:00+00:00,Mon 8:07PM
196184993,NFL Snake Showdown $5 3-Player (PHI @ CHI Snake),153802,Snake Showdown,5.0,2,3,1,13.5,2026-09-29 00:07:00+00:00,Mon 8:07PM
196185092,NFL Snake Showdown $5 3-Player (PHI @ CHI Snake),153802,Snake Showdown,5.0,1,3,1,13.5,2026-09-29 00:07:00+00:00,Mon 8:07PM
196185602,NFL Snake Showdown $20 3-Player (PHI @ CHI Snake),153802,Snake Showdown,20.0,2,3,1,54.0,2026-09-29 00:07:00+00:00,Mon 8:07PM
196185603,NFL Snake Showdown $20 3-Player (PHI @ CHI Snake),153802,Snake Showdown,20.0,2,3,1,54.0,2026-09-29 00:07:00+00:00,Mon 8:07PM
196185654,NFL Snake Showdown $20 3-Player (PHI @ CHI Snake),153802,Snake Showdown,20.0,1,3,1,54.0,2026-09-29 00:07:00+00:00,Mon 8:07PM
196184582,NFL Snake Showdown $50 3-Player (PHI @ CHI Snake),153802,Snake Showdown,50.0,2,3,1,135.0,2026-09-29 00:07:00+00:00,Mon 8:07PM
196184647,NFL Snake Showdown $50 3-Player (PHI @ CHI Snake),153802,Snake Showdown,50.0,2,3,1,135.0,2026-09-29 00:07:00+00:00,Mon 8:07PM
196185609,NFL Snake Showdown $50 3-Player (PHI @ CHI Snake),153802,Snake Showdown,50.0,1,3,1,135.0,2026-09-29 00:07:00+00:00,Mon 8:07PM
196184722,NFL Snake Showdown $109 3-Player (PHI @ CHI Snake),153802,Snake Showdown,109.0,2,3,1,300.0,2026-09-29 00:07:00+00:00,Mon 8:07PM
196184853,NFL Snake Showdown $109 3-Player (PHI @ CHI Snake),153802,Snake Showdown,109.0,2,3,1,300.0,2026-09-29 00:07:00+00:00,Mon 8:07PM
196185612,NFL Snake Showdown $109 3-Player (PHI @ CHI Snake),153802,Snake Showdown,109.0,1,3,1,300.0,2026-09-29 00:07:00+00:00,Mon 8:07PM
196180770,NFL Snake Showdown $530 3-Player (PHI @ CHI Snake),153802,Snake Showdown,530.0,1,3,1,1500.0,2026-09-29 00:07:00+00:00,Mon 8:07PM
196184648,NFL Snake Showdown $530 3-Player (PHI @ CHI Snake),153802,Snake Showdown,530.0,1,3,1,1500.0,2026-09-29 00:07:00+00:00,Mon 8:07PM
196175174,"NFL Snake Showdown $1,060 3-Player (PHI @ CHI Snake)",153802,Snake Showdown,1060.0,1,3,1,3000.0,2026-09-29 00:07:00+00:00,Mon 8:07PM
196174177,"NFL Snake Showdown $2,120 3-Player (PHI @ CHI Snake)",153802,Snake Showdown,2120.0,1,3,1,6000.0,2026-09-29 00:07:00+00:00,Mon 8:07PM
196037855,"NFL Snake Showdown $5,300 3-Player (PHI @ CHI Snake)",153802,Snake Showdown,5300.0,1,3,1,15000.0,2026-09-29 00:07:00+00:00,Mon 8:07PM
196037856,"NFL Snake Showdown $10,600 3-Player (PHI @ CHI Snake)",153802,Snake Showdown,10600.0,1,3,1,30000.0,2026-09-29 00:07:00+00:00,Mon 8:07PM
196185131,NFL Snake Showdown $10 3-Player (PHI @ CHI Snake),153802,Snake Showdown,10.0,0,3,1,27.0,2026-09-29 00:07:00+00:00,Mon 8:07PM
196185607,NFL Snake Showdown $10 3-Player (PHI @ CHI Snake),153802,Snake Showdown,10.0,0,3,1,27.0,2026-09-29 00:07:00+00:00,Mon 8:07PM
196185647,NFL Snake Showdown $10 3-Player (PHI @ CHI Snake),153802,Snake Showdown,10.0,0,3,1,27.0,2026-09-29 00:07:00+00:00,Mon 8:07PM
196185130,NFL Snake Showdown $1 3-Player (PHI @ CHI Snake),153802,Snake Showdown,1.0,0,3,1,2.7,2026-09-29 00:07:00+00:00,Mon 8:07PM
196185643,NFL Snake Showdown $1 3-Player (PHI @ CHI Snake),153802,Snake Showdown,1.0,0,3,1,2.7,2026-09-29 00:07:00+00:00,Mon 8:07PM
196185451,NFL Snake Showdown $5 3-Player (PHI @ CHI Snake),153802,Snake Showdown,5.0,0,3,1,13.5,2026-09-29 00:07:00+00:00,Mon 8:07PM
196040030,NFL Showdown Satellite to NBA Best Ball $20 Shootaround [Must Fill] (PHI @ CHI),153790,Showdown Captain Mode,7.4,2,3,1,20.0,2026-09-29 00:15:00+00:00,Mon 8:15PM
196039837,Casual NFL Showdown $10 50-50 (PHI @ CHI),153790,Showdown Captain Mode,10.0,1,10,1,90.0,2026-09-29 00:15:00+00:00,Mon 8:15PM
196039854,Casual NFL Showdown $10 5-Player (PHI @ CHI),153790,Showdown Captain Mode,10.0,1,5,1,45.0,2026-09-29 00:15:00+00:00,Mon 8:15PM
196039840,Casual NFL Showdown $5 50-50 (PHI @ CHI),153790,Showdown Captain Mode,5.0,3,10,1,45.0,2026-09-29 00:15:00+00:00,Mon 8:15PM
196039860,Casual NFL Showdown $5 5-Player (PHI @ CHI),153790,Showdown Captain Mode,5.0,4,5,1,22.5,2026-09-29 00:15:00+00:00,Mon 8:15PM
196039866,Casual NFL Showdown $2 5-Player (PHI @ CHI),153790,Showdown Captain Mode,2.0,2,5,1,9.0,2026-09-29 00:15:00+00:00,Mon 8:15PM
196039867,Casual NFL Showdown $2 5-Player (PHI @ CHI),153790,Showdown Captain Mode,2.0,1,5,1,9.0,2026-09-29 00:15:00+00:00,Mon 8:15PM
196039846,Casual NFL Showdown $1 50-50 (PHI @ CHI),153790,Showdown Captain Mode,1.0,3,10,1,9.0,2026-09-29 00:15:00+00:00,Mon 8:15PM
196039847,Casual NFL Showdown $1 50-50 (PHI @ CHI),153790,Showdown Captain Mode,1.0,1,10,1,9.0,2026-09-29 00:15:00+00:00,Mon 8:15PM
196039876,Casual NFL Showdown $1 3-Player (PHI @ CHI),153790,Showdown Captain Mode,1.0,1,3,1,2.7,2026-09-29 00:15:00+00:00,Mon 8:15PM
196177627,Casual NFL Showdown $1 3-Player (PHI @ CHI),153790,Showdown Captain Mode,1.0,1,3,1,2.7,2026-09-29 00:15:00+00:00,Mon 8:15PM
196039784,Beginner NFL Showdown $50 5-Player (PHI @ CHI),153790,Showdown Captain Mode,50.0,1,5,1,225.0,2026-09-29 00:15:00+00:00,Mon 8:15PM
196039782,Beginner NFL Showdown $50 3-Player (PHI @ CHI),153790,Showdown Captain Mode,50.0,1,3,1,135.0,2026-09-29 00:15:00+00:00,Mon 8:15PM
196039783,Beginner NFL Showdown $50 3-Player (PHI @ CHI),153790,Showdown Captain Mode,50.0,2,3,1,135.0,2026-09-29 00:15:00+00:00,Mon 8:15PM
196039761,Beginner NFL Showdown $10 50-50 (PHI @ CHI),153790,Showdown Captain Mode,10.0,1,10,1,90.0,2026-09-29 00:15:00+00:00,Mon 8:15PM
196039755,Beginner NFL Showdown $3 50-50 (PHI @ CHI),153790,Showdown Captain Mode,3.0,1,10,1,27.0,2026-09-29 00:15:00+00:00,Mon 8:15PM
196039740,Beginner NFL Showdown $2 5-Player (PHI @ CHI),153790,Showdown Captain Mode,2.0,1,5,1,9.0,2026-09-29 00:15:00+00:00,Mon 8:15PM
196039741,Beginner NFL Showdown $2 5-Player (PHI @ CHI),153790,Showdown Captain Mode,2.0,1,5,1,9.0,2026-09-29 00:15:00+00:00,Mon 8:15PM
196039726,Beginner NFL Showdown $1 3-Player (PHI @ CHI),153790,Showdown Captain Mode,1.0,1,3,1,2.7,2026-09-29 00:15:00+00:00,Mon 8:15PM
196039788,"NFL Showdown $10,600 3-Player (PHI @ CHI)",153790,Showdown Captain Mode,10600.0,2,3,1,30000.0,2026-09-29 00:15:00+00:00,Mon 8:15PM
196039789,"NFL Showdown $10,600 3-Player (PHI @ CHI)",153790,Showdown Captain Mode,10600.0,2,3,1,30000.0,2026-09-29 00:15:00+00:00,Mon 8:15PM
196151214,"NFL Showdown $10,600 3-Player (PHI @ CHI)",153790,Showdown Captain Mode,10600.0,2,3,1,30000.0,2026-09-29 00:15:00+00:00,Mon 8:15PM
196151215,"NFL Showdown $10,600 3-Player (PHI @ CHI)",153790,Showdown Captain Mode,10600.0,2,3,1,30000.0,2026-09-29 00:15:00+00:00,Mon 8:15PM
196039792,"NFL Showdown $5,300 50-50 (PHI @ CHI)",153790,Showdown Captain Mode,5300.0,3,4,1,20000.0,2026-09-29 00:15:00+00:00,Mon 8:15PM
196039790,"NFL Showdown $5,300 3-Player (PHI @ CHI)",153790,Showdown Captain Mode,5300.0,2,3,1,15000.0,2026-09-29 00:15:00+00:00,Mon 8:15PM
196039791,"NFL Showdown $5,300 3-Player (PHI @ CHI)",153790,Showdown Captain Mode,5300.0,2,3,1,15000.0,2026-09-29 00:15:00+00:00,Mon 8:15PM
196151216,"NFL Showdown $5,300 3-Player (PHI @ CHI)",153790,Showdown Captain Mode,5300.0,2,3,1,15000.0,2026-09-29 00:15:00+00:00,Mon 8:15PM
196151217,"NFL Showdown $5,300 3-Player (PHI @ CHI)",153790,Showdown Captain Mode,5300.0,2,3,1,15000.0,2026-09-29 00:15:00+00:00,Mon 8:15PM
196039827,"NFL Showdown $2,120 50-50 (PHI @ CHI)",153790,Showdown Captain Mode,2120.0,3,4,1,8000.0,2026-09-29 00:15:00+00:00,Mon 8:15PM
196039824,"NFL Showdown $2,120 5-Player (PHI @ CHI)",153790,Showdown Captain Mode,2120.0,4,5,1,10000.0,2026-09-29 00:15:00+00:00,Mon 8:15PM
196039822,"NFL Showdown $2,120 3-Player (PHI @ CHI)",153790,Showdown Captain Mode,2120.0,2,3,1,6000.0,2026-09-29 00:15:00+00:00,Mon 8:15PM
196039823,"NFL Showdown $2,120 3-Player (PHI @ CHI)",153790,Showdown Captain Mode,2120.0,2,3,1,6000.0,2026-09-29 00:15:00+00:00,Mon 8:15PM
196151227,"NFL Showdown $2,120 3-Player (PHI @ CHI)",153790,Showdown Captain Mode,2120.0,2,3,1,6000.0,2026-09-29 00:15:00+00:00,Mon 8:15PM
196039794,"NFL Showdown $1,060 50-50 (PHI @ CHI)",153790,Showdown Captain Mode,1060.0,2,4,1,4000.0,2026-09-29 00:15:00+00:00,Mon 8:15PM
196165059,"NFL Showdown $1,060 50-50 (PHI @ CHI)",153790,Showdown Captain Mode,1060.0,2,4,1,4000.0,2026-09-29 00:15:00+00:00,Mon 8:15PM
196039679,"NFL Showdown $1,060 5-Player (PHI @ CHI)",153790,Showdown Captain Mode,1060.0,1,5,1,5000.0,2026-09-29 00:15:00+00:00,Mon 8:15PM
196039796,"NFL Showdown $1,060 3-Player (PHI @ CHI)",153790,Showdown Captain Mode,1060.0,1,3,1,3000.0,2026-09-29 00:15:00+00:00,Mon 8:15PM
196039797,"NFL Showdown $1,060 3-Player (PHI @ CHI)",153790,Showdown Captain Mode,1060.0,1,3,1,3000.0,2026-09-29 00:15:00+00:00,Mon 8:15PM
196151219,"NFL Showdown $1,060 3-Player (PHI @ CHI)",153790,Showdown Captain Mode,1060.0,2,3,1,3000.0,2026-09-29 00:15:00+00:00,Mon 8:15PM
196039816,NFL Showdown $530 50-50 (PHI @ CHI),153790,Showdown Captain Mode,530.0,2,8,1,4000.0,2026-09-29 00:15:00+00:00,Mon 8:15PM
196165060,NFL Showdown $530 50-50 (PHI @ CHI),153790,Showdown Captain Mode,530.0,2,4,1,2000.0,2026-09-29 00:15:00+00:00,Mon 8:15PM
196165061,NFL Showdown $530 50-50 (PHI @ CHI),153790,Showdown Captain Mode,530.0,2,4,1,2000.0,2026-09-29 00:15:00+00:00,Mon 8:15PM
196039706,NFL Showdown $530 5-Player (PHI @ CHI),153790,Showdown Captain Mode,530.0,3,5,1,2500.0,2026-09-29 00:15:00+00:00,Mon 8:15PM
196039815,NFL Showdown $270 50-50 (PHI @ CHI),153790,Showdown Captain Mode,270.0,2,8,1,2000.0,2026-09-29 00:15:00+00:00,Mon 8:15PM
196165078,NFL Showdown $270 50-50 (PHI @ CHI),153790,Showdown Captain Mode,270.0,2,4,1,1000.0,2026-09-29 00:15:00+00:00,Mon 8:15PM
196165079,NFL Showdown $270 50-50 (PHI @ CHI),153790,Showdown Captain Mode,270.0,2,4,1,1000.0,2026-09-29 00:15:00+00:00,Mon 8:15PM
196039704,NFL Showdown $270 5-Player (PHI @ CHI),153790,Showdown Captain Mode,270.0,1,5,1,1250.0,2026-09-29 00:15:00+00:00,Mon 8:15PM
196039814,NFL Showdown $162 50-50 (PHI @ CHI),153790,Showdown Captain Mode,162.0,2,8,1,1200.0,2026-09-29 00:15:00+00:00,Mon 8:15PM
196165044,NFL Showdown $162 50-50 (PHI @ CHI),153790,Showdown Captain Mode,162.0,2,4,1,600.0,2026-09-29 00:15:00+00:00,Mon 8:15PM
196165045,NFL Showdown $162 50-50 (PHI @ CHI),153790,Showdown Captain Mode,162.0,2,4,1,600.0,2026-09-29 00:15:00+00:00,Mon 8:15PM
196039703,NFL Showdown $162 5-Player (PHI @ CHI),153790,Showdown Captain Mode,162.0,2,5,1,750.0,2026-09-29 00:15:00+00:00,Mon 8:15PM
196039721,NFL Showdown $109 50-50 (PHI @ CHI),153790,Showdown Captain Mode,109.0,1,20,1,2000.0,2026-09-29 00:15:00+00:00,Mon 8:15PM
196039693,NFL Showdown $109 50-50 (PHI @ CHI),153790,Showdown Captain Mode,109.0,1,10,1,1000.0,2026-09-29 00:15:00+00:00,Mon 8:15PM
196165062,NFL Showdown $109 50-50 (PHI @ CHI),153790,Showdown Captain Mode,109.0,2,4,1,400.0,2026-09-29 00:15:00+00:00,Mon 8:15PM
196165063,NFL Showdown $109 50-50 (PHI @ CHI),153790,Showdown Captain Mode,109.0,2,4,1,400.0,2026-09-29 00:15:00+00:00,Mon 8:15PM
196039806,NFL Showdown $109 5-Player (PHI @ CHI),153790,Showdown Captain Mode,109.0,1,5,1,500.0,2026-09-29 00:15:00+00:00,Mon 8:15PM
196039807,NFL Showdown $109 5-Player (PHI @ CHI),153790,Showdown Captain Mode,109.0,4,5,1,500.0,2026-09-29 00:15:00+00:00,Mon 8:15PM
196039811,NFL Showdown $109 3-Player (PHI @ CHI),153790,Showdown Captain Mode,109.0,2,3,1,300.0,2026-09-29 00:15:00+00:00,Mon 8:15PM
196185029,NFL Showdown $109 3-Player (Winner Takes All) (PHI @ CHI),153790,Showdown Captain Mode,109.0,1,3,1,300.0,2026-09-29 00:15:00+00:00,Mon 8:15PM
196039720,NFL Showdown $50 50-50 (PHI @ CHI),153790,Showdown Captain Mode,50.0,1,20,1,900.0,2026-09-29 00:15:00+00:00,Mon 8:15PM
196039691,NFL Showdown $50 50-50 (PHI @ CHI),153790,Showdown Captain Mode,50.0,1,10,1,450.0,2026-09-29 00:15:00+00:00,Mon 8:15PM
196039692,NFL Showdown $50 50-50 (PHI @ CHI),153790,Showdown Captain Mode,50.0,1,10,1,450.0,2026-09-29 00:15:00+00:00,Mon 8:15PM
196039885,NFL Showdown $50 Double Up (PHI @ CHI),153790,Showdown Captain Mode,50.0,2,22,1,1000.0,2026-09-29 00:15:00+00:00,Mon 8:15PM
196164487,NFL Showdown $50 Double Up (PHI @ CHI),153790,Showdown Captain Mode,50.0,1,22,1,1000.0,2026-09-29 00:15:00+00:00,Mon 8:15PM
196039884,NFL Showdown $50 Double Up (PHI @ CHI),153790,Showdown Captain Mode,50.0,3,11,1,500.0,2026-09-29 00:15:00+00:00,Mon 8:15PM
196164486,NFL Showdown $50 Double Up (PHI @ CHI),153790,Showdown Captain Mode,50.0,2,11,1,500.0,2026-09-29 00:15:00+00:00,Mon 8:15PM
196039657,NFL Showdown $50 5-Player (PHI @ CHI),153790,Showdown Captain Mode,50.0,1,5,1,225.0,2026-09-29 00:15:00+00:00,Mon 8:15PM
196177487,NFL Showdown $50 3-Player (PHI @ CHI),153790,Showdown Captain Mode,50.0,2,3,1,135.0,2026-09-29 00:15:00+00:00,Mon 8:15PM
196039883,NFL Showdown $25 Double Up (PHI @ CHI),153790,Showdown Captain Mode,25.0,3,22,1,500.0,2026-09-29 00:15:00+00:00,Mon 8:15PM
196164485,NFL Showdown $25 Double Up (PHI @ CHI),153790,Showdown Captain Mode,25.0,2,22,1,500.0,2026-09-29 00:15:00+00:00,Mon 8:15PM
196165073,NFL Showdown $25 Double Up (PHI @ CHI),153790,Showdown Captain Mode,25.0,1,22,1,500.0,2026-09-29 00:15:00+00:00,Mon 8:15PM
196039882,NFL Showdown $25 Double Up (PHI @ CHI),153790,Showdown Captain Mode,25.0,6,11,1,250.0,2026-09-29 00:15:00+00:00,Mon 8:15PM
196164484,NFL Showdown $25 Double Up (PHI @ CHI),153790,Showdown Captain Mode,25.0,6,11,1,250.0,2026-09-29 00:15:00+00:00,Mon 8:15PM
196165072,NFL Showdown $25 Double Up (PHI @ CHI),153790,Showdown Captain Mode,25.0,1,11,1,250.0,2026-09-29 00:15:00+00:00,Mon 8:15PM
196039821,NFL Showdown $20 50-50 (PHI @ CHI),153790,Showdown Captain Mode,20.0,2,50,1,900.0,2026-09-29 00:15:00+00:00,Mon 8:15PM
196165069,NFL Showdown $20 50-50 (PHI @ CHI),153790,Showdown Captain Mode,20.0,2,50,1,900.0,2026-09-29 00:15:00+00:00,Mon 8:15PM
196169207,NFL Showdown $20 50-50 (PHI @ CHI),153790,Showdown Captain Mode,20.0,1,50,1,900.0,2026-09-29 00:15:00+00:00,Mon 8:15PM
196039718,NFL Showdown $20 50-50 (PHI @ CHI),153790,Showdown Captain Mode,20.0,2,20,1,360.0,2026-09-29 00:15:00+00:00,Mon 8:15PM
196039719,NFL Showdown $20 50-50 (PHI @ CHI),153790,Showdown Captain Mode,20.0,2,20,1,360.0,2026-09-29 00:15:00+00:00,Mon 8:15PM
196165054,NFL Showdown $20 50-50 (PHI @ CHI),153790,Showdown Captain Mode,20.0,1,20,1,360.0,2026-09-29 00:15:00+00:00,Mon 8:15PM
196165055,NFL Showdown $20 50-50 (PHI @ CHI),153790,Showdown Captain Mode,20.0,1,20,1,360.0,2026-09-29 00:15:00+00:00,Mon 8:15PM
196039638,NFL Showdown $20 50-50 (PHI @ CHI),153790,Showdown Captain Mode,20.0,2,10,1,180.0,2026-09-29 00:15:00+00:00,Mon 8:15PM
196039639,NFL Showdown $20 50-50 (PHI @ CHI),153790,Showdown Captain Mode,20.0,2,10,1,180.0,2026-09-29 00:15:00+00:00,Mon 8:15PM
196165037,NFL Showdown $20 50-50 (PHI @ CHI),153790,Showdown Captain Mode,20.0,1,10,1,180.0,2026-09-29 00:15:00+00:00,Mon 8:15PM
196165038,NFL Showdown $20 50-50 (PHI @ CHI),153790,Showdown Captain Mode,20.0,1,10,1,180.0,2026-09-29 00:15:00+00:00,Mon 8:15PM
196182338,NFL Showdown $20 50-50  (PHI @ CHI),153790,Showdown Captain Mode,20.0,3,4,1,72.0,2026-09-29 00:15:00+00:00,Mon 8:15PM
196039896,NFL Showdown $20 100-Player (PHI @ CHI),153790,Showdown Captain Mode,20.0,5,100,1,1800.0,2026-09-29 00:15:00+00:00,Mon 8:15PM
196041621,NFL Showdown $20 100-Player (PHI @ CHI),153790,Showdown Captain Mode,20.0,1,100,1,1800.0,2026-09-29 00:15:00+00:00,Mon 8:15PM
196078487,NFL Showdown $20 100-Player (PHI @ CHI),153790,Showdown Captain Mode,20.0,1,100,1,1800.0,2026-09-29 00:15:00+00:00,Mon 8:15PM
196149528,NFL Showdown $20 100-Player (PHI @ CHI),153790,Showdown Captain Mode,20.0,1,100,1,1800.0,2026-09-29 00:15:00+00:00,Mon 8:15PM
196162012,NFL Showdown $20 100-Player (PHI @ CHI),153790,Showdown Captain Mode,20.0,1,100,1,1800.0,2026-09-29 00:15:00+00:00,Mon 8:15PM
196179089,NFL Showdown $20 100-Player (PHI @ CHI),153790,Showdown Captain Mode,20.0,1,100,1,1800.0,2026-09-29 00:15:00+00:00,Mon 8:15PM
196179091,NFL Showdown $20 100-Player (PHI @ CHI),153790,Showdown Captain Mode,20.0,1,100,1,1800.0,2026-09-29 00:15:00+00:00,Mon 8:15PM
196184204,NFL Showdown $20 100-Player (PHI @ CHI),153790,Showdown Captain Mode,20.0,1,100,1,1800.0,2026-09-29 00:15:00+00:00,Mon 8:15PM
196039633,NFL Showdown $20 5-Player (PHI @ CHI),153790,Showdown Captain Mode,20.0,2,5,1,90.0,2026-09-29 00:15:00+00:00,Mon 8:15PM
196182187,NFL Showdown $20 3-Player (PHI @ CHI),153790,Showdown Captain Mode,20.0,1,3,1,54.0,2026-09-29 00:15:00+00:00,Mon 8:15PM
196039820,NFL Showdown $10 50-50 (PHI @ CHI),153790,Showdown Captain Mode,10.0,4,50,1,450.0,2026-09-29 00:15:00+00:00,Mon 8:15PM
196165068,NFL Showdown $10 50-50 (PHI @ CHI),153790,Showdown Captain Mode,10.0,2,50,1,450.0,2026-09-29 00:15:00+00:00,Mon 8:15PM
196183848,NFL Showdown $10 50-50 (PHI @ CHI),153790,Showdown Captain Mode,10.0,1,50,1,450.0,2026-09-29 00:15:00+00:00,Mon 8:15PM
196039697,NFL Showdown $10 50-50 (PHI @ CHI),153790,Showdown Captain Mode,10.0,3,20,1,180.0,2026-09-29 00:15:00+00:00,Mon 8:15PM
196039698,NFL Showdown $10 50-50 (PHI @ CHI),153790,Showdown Captain Mode,10.0,4,20,1,180.0,2026-09-29 00:15:00+00:00,Mon 8:15PM
196165052,NFL Showdown $10 50-50 (PHI @ CHI),153790,Showdown Captain Mode,10.0,2,20,1,180.0,2026-09-29 00:15:00+00:00,Mon 8:15PM
196165053,NFL Showdown $10 50-50 (PHI @ CHI),153790,Showdown Captain Mode,10.0,2,20,1,180.0,2026-09-29 00:15:00+00:00,Mon 8:15PM
196183846,NFL Showdown $10 50-50 (PHI @ CHI),153790,Showdown Captain Mode,10.0,1,20,1,180.0,2026-09-29 00:15:00+00:00,Mon 8:15PM
196183847,NFL Showdown $10 50-50 (PHI @ CHI),153790,Showdown Captain Mode,10.0,1,20,1,180.0,2026-09-29 00:15:00+00:00,Mon 8:15PM
196039674,NFL Showdown $10 50-50 (PHI @ CHI),153790,Showdown Captain Mode,10.0,4,10,1,90.0,2026-09-29 00:15:00+00:00,Mon 8:15PM
196039675,NFL Showdown $10 50-50 (PHI @ CHI),153790,Showdown Captain Mode,10.0,4,10,1,90.0,2026-09-29 00:15:00+00:00,Mon 8:15PM
196165042,NFL Showdown $10 50-50 (PHI @ CHI),153790,Showdown Captain Mode,10.0,3,10,1,90.0,2026-09-29 00:15:00+00:00,Mon 8:15PM
196165043,NFL Showdown $10 50-50 (PHI @ CHI),153790,Showdown Captain Mode,10.0,3,10,1,90.0,2026-09-29 00:15:00+00:00,Mon 8:15PM
196183844,NFL Showdown $10 50-50 (PHI @ CHI),153790,Showdown Captain Mode,10.0,1,10,1,90.0,2026-09-29 00:15:00+00:00,Mon 8:15PM
196183845,NFL Showdown $10 50-50 (PHI @ CHI),153790,Showdown Captain Mode,10.0,1,10,1,90.0,2026-09-29 00:15:00+00:00,Mon 8:15PM
196039880,NFL Showdown $10 Double Up (PHI @ CHI),153790,Showdown Captain Mode,10.0,4,11,1,100.0,2026-09-29 00:15:00+00:00,Mon 8:15PM
196039881,NFL Showdown $10 Double Up (PHI @ CHI),153790,Showdown Captain Mode,10.0,4,11,1,100.0,2026-09-29 00:15:00+00:00,Mon 8:15PM
196164482,NFL Showdown $10 Double Up (PHI @ CHI),153790,Showdown Captain Mode,10.0,3,11,1,100.0,2026-09-29 00:15:00+00:00,Mon 8:15PM
196164483,NFL Showdown $10 Double Up (PHI @ CHI),153790,Showdown Captain Mode,10.0,3,11,1,100.0,2026-09-29 00:15:00+00:00,Mon 8:15PM
196165070,NFL Showdown $10 Double Up (PHI @ CHI),153790,Showdown Captain Mode,10.0,2,11,1,100.0,2026-09-29 00:15:00+00:00,Mon 8:15PM
196165071,NFL Showdown $10 Double Up (PHI @ CHI),153790,Showdown Captain Mode,10.0,2,11,1,100.0,2026-09-29 00:15:00+00:00,Mon 8:15PM
196183849,NFL Showdown $10 Double Up (PHI @ CHI),153790,Showdown Captain Mode,10.0,1,11,1,100.0,2026-09-29 00:15:00+00:00,Mon 8:15PM
196183850,NFL Showdown $10 Double Up (PHI @ CHI),153790,Showdown Captain Mode,10.0,1,11,1,100.0,2026-09-29 00:15:00+00:00,Mon 8:15PM
196184723,NFL Showdown $10 50-Player (Winner Takes All) (PHI @ CHI),153790,Showdown Captain Mode,10.0,2,50,1,450.0,2026-09-29 00:15:00+00:00,Mon 8:15PM
196183430,NFL Showdown $10 35-Player (Top 5 Win) (PHI @ CHI),153790,Showdown Captain Mode,10.0,4,35,1,315.0,2026-09-29 00:15:00+00:00,Mon 8:15PM
196039895,NFL Showdown $10 100-Player (PHI @ CHI),153790,Showdown Captain Mode,10.0,3,100,1,900.0,2026-09-29 00:15:00+00:00,Mon 8:15PM
196169387,NFL Showdown $10 100-Player (PHI @ CHI),153790,Showdown Captain Mode,10.0,1,100,1,900.0,2026-09-29 00:15:00+00:00,Mon 8:15PM
196039772,NFL Showdown $10 40-Player (PHI @ CHI),153790,Showdown Captain Mode,10.0,1,40,1,360.0,2026-09-29 00:15:00+00:00,Mon 8:15PM
196039683,NFL Showdown $10 20-Player (PHI @ CHI),153790,Showdown Captain Mode,10.0,1,20,1,180.0,2026-09-29 00:15:00+00:00,Mon 8:15PM
196039684,NFL Showdown $10 20-Player (PHI @ CHI),153790,Showdown Captain Mode,10.0,1,20,1,180.0,2026-09-29 00:15:00+00:00,Mon 8:15PM
196039646,NFL Showdown $10 10-Player (PHI @ CHI),153790,Showdown Captain Mode,10.0,1,10,1,90.0,2026-09-29 00:15:00+00:00,Mon 8:15PM
196039647,NFL Showdown $10 10-Player (PHI @ CHI),153790,Showdown Captain Mode,10.0,1,10,1,90.0,2026-09-29 00:15:00+00:00,Mon 8:15PM
196039630,NFL Showdown $10 5-Player (PHI @ CHI),153790,Showdown Captain Mode,10.0,1,5,1,45.0,2026-09-29 00:15:00+00:00,Mon 8:15PM
196039631,NFL Showdown $10 5-Player (PHI @ CHI),153790,Showdown Captain Mode,10.0,1,5,1,45.0,2026-09-29 00:15:00+00:00,Mon 8:15PM
196175338,NFL Showdown $10 5-Player (PHI @ CHI),153790,Showdown Captain Mode,10.0,1,5,1,45.0,2026-09-29 00:15:00+00:00,Mon 8:15PM
196182183,NFL Showdown $10 3-Player (PHI @ CHI),153790,Showdown Captain Mode,10.0,1,3,1,27.0,2026-09-29 00:15:00+00:00,Mon 8:15PM
196183885,NFL Showdown $10 3-Player (PHI @ CHI),153790,Showdown Captain Mode,10.0,1,3,1,27.0,2026-09-29 00:15:00+00:00,Mon 8:15PM
196184672,NFL Showdown $10 3-Player (PHI @ CHI),153790,Showdown Captain Mode,10.0,1,3,1,27.0,2026-09-29 00:15:00+00:00,Mon 8:15PM
196184845,NFL Showdown $10 4-Player (Winner Takes All) (PHI @ CHI),153790,Showdown Captain Mode,10.0,3,4,1,36.0,2026-09-29 00:15:00+00:00,Mon 8:15PM
196039786,NFL Showdown $5 50-50 (PHI @ CHI),153790,Showdown Captain Mode,5.0,8,100,1,450.0,2026-09-29 00:15:00+00:00,Mon 8:15PM
196165058,NFL Showdown $5 50-50 (PHI @ CHI),153790,Showdown Captain Mode,5.0,3,100,1,450.0,2026-09-29 00:15:00+00:00,Mon 8:15PM
196179628,NFL Showdown $5 50-50 (PHI @ CHI),153790,Showdown Captain Mode,5.0,2,100,1,450.0,2026-09-29 00:15:00+00:00,Mon 8:15PM
196183831,NFL Showdown $5 50-50 (PHI @ CHI),153790,Showdown Captain Mode,5.0,1,100,1,450.0,2026-09-29 00:15:00+00:00,Mon 8:15PM
196039819,NFL Showdown $5 50-50 (PHI @ CHI),153790,Showdown Captain Mode,5.0,5,50,1,225.0,2026-09-29 00:15:00+00:00,Mon 8:15PM
196165067,NFL Showdown $5 50-50 (PHI @ CHI),153790,Showdown Captain Mode,5.0,2,50,1,225.0,2026-09-29 00:15:00+00:00,Mon 8:15PM
196183832,NFL Showdown $5 50-50 (PHI @ CHI),153790,Showdown Captain Mode,5.0,1,50,1,225.0,2026-09-29 00:15:00+00:00,Mon 8:15PM
196039694,NFL Showdown $5 50-50 (PHI @ CHI),153790,Showdown Captain Mode,5.0,4,20,1,90.0,2026-09-29 00:15:00+00:00,Mon 8:15PM
196039695,NFL Showdown $5 50-50 (PHI @ CHI),153790,Showdown Captain Mode,5.0,3,20,1,90.0,2026-09-29 00:15:00+00:00,Mon 8:15PM
196039696,NFL Showdown $5 50-50 (PHI @ CHI),153790,Showdown Captain Mode,5.0,3,20,1,90.0,2026-09-29 00:15:00+00:00,Mon 8:15PM
196165049,NFL Showdown $5 50-50 (PHI @ CHI),153790,Showdown Captain Mode,5.0,2,20,1,90.0,2026-09-29 00:15:00+00:00,Mon 8:15PM
196165050,NFL Showdown $5 50-50 (PHI @ CHI),153790,Showdown Captain Mode,5.0,2,20,1,90.0,2026-09-29 00:15:00+00:00,Mon 8:15PM
196165051,NFL Showdown $5 50-50 (PHI @ CHI),153790,Showdown Captain Mode,5.0,2,20,1,90.0,2026-09-29 00:15:00+00:00,Mon 8:15PM
196183828,NFL Showdown $5 50-50 (PHI @ CHI),153790,Showdown Captain Mode,5.0,1,20,1,90.0,2026-09-29 00:15:00+00:00,Mon 8:15PM
196183829,NFL Showdown $5 50-50 (PHI @ CHI),153790,Showdown Captain Mode,5.0,1,20,1,90.0,2026-09-29 00:15:00+00:00,Mon 8:15PM
196183830,NFL Showdown $5 50-50 (PHI @ CHI),153790,Showdown Captain Mode,5.0,1,20,1,90.0,2026-09-29 00:15:00+00:00,Mon 8:15PM
196039635,NFL Showdown $5 50-50 (PHI @ CHI),153790,Showdown Captain Mode,5.0,3,10,1,45.0,2026-09-29 00:15:00+00:00,Mon 8:15PM
196039636,NFL Showdown $5 50-50 (PHI @ CHI),153790,Showdown Captain Mode,5.0,3,10,1,45.0,2026-09-29 00:15:00+00:00,Mon 8:15PM
196039637,NFL Showdown $5 50-50 (PHI @ CHI),153790,Showdown Captain Mode,5.0,3,10,1,45.0,2026-09-29 00:15:00+00:00,Mon 8:15PM
196165034,NFL Showdown $5 50-50 (PHI @ CHI),153790,Showdown Captain Mode,5.0,2,10,1,45.0,2026-09-29 00:15:00+00:00,Mon 8:15PM
196165035,NFL Showdown $5 50-50 (PHI @ CHI),153790,Showdown Captain Mode,5.0,2,10,1,45.0,2026-09-29 00:15:00+00:00,Mon 8:15PM
196165036,NFL Showdown $5 50-50 (PHI @ CHI),153790,Showdown Captain Mode,5.0,3,10,1,45.0,2026-09-29 00:15:00+00:00,Mon 8:15PM
196183715,NFL Showdown $5 50-50 (PHI @ CHI),153790,Showdown Captain Mode,5.0,2,10,1,45.0,2026-09-29 00:15:00+00:00,Mon 8:15PM
196183825,NFL Showdown $5 50-50 (PHI @ CHI),153790,Showdown Captain Mode,5.0,1,10,1,45.0,2026-09-29 00:15:00+00:00,Mon 8:15PM
196183826,NFL Showdown $5 50-50 (PHI @ CHI),153790,Showdown Captain Mode,5.0,1,10,1,45.0,2026-09-29 00:15:00+00:00,Mon 8:15PM
196183827,NFL Showdown $5 50-50 (PHI @ CHI),153790,Showdown Captain Mode,5.0,1,10,1,45.0,2026-09-29 00:15:00+00:00,Mon 8:15PM
196184111,NFL Showdown $5 50-50  (PHI @ CHI),153790,Showdown Captain Mode,5.0,4,6,1,27.0,2026-09-29 00:15:00+00:00,Mon 8:15PM
196039886,NFL Showdown $5 Double Up (PHI @ CHI),153790,Showdown Captain Mode,5.0,8,11,1,50.0,2026-09-29 00:15:00+00:00,Mon 8:15PM
196039887,NFL Showdown $5 Double Up (PHI @ CHI),153790,Showdown Captain Mode,5.0,4,11,1,50.0,2026-09-29 00:15:00+00:00,Mon 8:15PM
196161965,NFL Showdown $5 Double Up (PHI @ CHI),153790,Showdown Captain Mode,5.0,4,11,1,50.0,2026-09-29 00:15:00+00:00,Mon 8:15PM
196164488,NFL Showdown $5 Double Up (PHI @ CHI),153790,Showdown Captain Mode,5.0,4,11,1,50.0,2026-09-29 00:15:00+00:00,Mon 8:15PM
196164489,NFL Showdown $5 Double Up (PHI @ CHI),153790,Showdown Captain Mode,5.0,3,11,1,50.0,2026-09-29 00:15:00+00:00,Mon 8:15PM
196165076,NFL Showdown $5 Double Up (PHI @ CHI),153790,Showdown Captain Mode,5.0,3,11,1,50.0,2026-09-29 00:15:00+00:00,Mon 8:15PM
196165077,NFL Showdown $5 Double Up (PHI @ CHI),153790,Showdown Captain Mode,5.0,2,11,1,50.0,2026-09-29 00:15:00+00:00,Mon 8:15PM
196183833,NFL Showdown $5 Double Up (PHI @ CHI),153790,Showdown Captain Mode,5.0,1,11,1,50.0,2026-09-29 00:15:00+00:00,Mon 8:15PM
196183834,NFL Showdown $5 Double Up (PHI @ CHI),153790,Showdown Captain Mode,5.0,1,11,1,50.0,2026-09-29 00:15:00+00:00,Mon 8:15PM
196039894,NFL Showdown $5 100-Player (PHI @ CHI),153790,Showdown Captain Mode,5.0,3,100,1,450.0,2026-09-29 00:15:00+00:00,Mon 8:15PM
196172407,NFL Showdown $5 100-Player (PHI @ CHI),153790,Showdown Captain Mode,5.0,2,100,1,450.0,2026-09-29 00:15:00+00:00,Mon 8:15PM
196173802,NFL Showdown $5 100-Player (PHI @ CHI),153790,Showdown Captain Mode,5.0,1,100,1,450.0,2026-09-29 00:15:00+00:00,Mon 8:15PM
196039771,NFL Showdown $5 40-Player (PHI @ CHI),153790,Showdown Captain Mode,5.0,2,40,1,180.0,2026-09-29 00:15:00+00:00,Mon 8:15PM
196173786,NFL Showdown $5 40-Player (PHI @ CHI),153790,Showdown Captain Mode,5.0,1,40,1,180.0,2026-09-29 00:15:00+00:00,Mon 8:15PM
196039685,NFL Showdown $5 20-Player (PHI @ CHI),153790,Showdown Captain Mode,5.0,1,20,1,90.0,2026-09-29 00:15:00+00:00,Mon 8:15PM
196039686,NFL Showdown $5 20-Player (PHI @ CHI),153790,Showdown Captain Mode,5.0,2,20,1,90.0,2026-09-29 00:15:00+00:00,Mon 8:15PM
196177654,NFL Showdown $5 15-Player (Top 2 Win) (PHI @ CHI),153790,Showdown Captain Mode,5.0,13,15,1,67.5,2026-09-29 00:15:00+00:00,Mon 8:15PM
196039888,NFL Showdown $3 Double Up (PHI @ CHI),153790,Showdown Captain Mode,3.0,4,11,1,30.0,2026-09-29 00:15:00+00:00,Mon 8:15PM
196039889,NFL Showdown $3 Double Up (PHI @ CHI),153790,Showdown Captain Mode,3.0,3,11,1,30.0,2026-09-29 00:15:00+00:00,Mon 8:15PM
196047597,NFL Showdown $3 Double Up (PHI @ CHI),153790,Showdown Captain Mode,3.0,2,11,1,30.0,2026-09-29 00:15:00+00:00,Mon 8:15PM
196047598,NFL Showdown $3 Double Up (PHI @ CHI),153790,Showdown Captain Mode,3.0,2,11,1,30.0,2026-09-29 00:15:00+00:00,Mon 8:15PM
196146387,NFL Showdown $3 Double Up (PHI @ CHI),153790,Showdown Captain Mode,3.0,4,11,1,30.0,2026-09-29 00:15:00+00:00,Mon 8:15PM
196146388,NFL Showdown $3 Double Up (PHI @ CHI),153790,Showdown Captain Mode,3.0,2,11,1,30.0,2026-09-29 00:15:00+00:00,Mon 8:15PM
196162968,NFL Showdown $3 Double Up (PHI @ CHI),153790,Showdown Captain Mode,3.0,2,11,1,30.0,2026-09-29 00:15:00+00:00,Mon 8:15PM
196162969,NFL Showdown $3 Double Up (PHI @ CHI),153790,Showdown Captain Mode,3.0,8,11,1,30.0,2026-09-29 00:15:00+00:00,Mon 8:15PM
196164345,NFL Showdown $3 Double Up (PHI @ CHI),153790,Showdown Captain Mode,3.0,2,11,1,30.0,2026-09-29 00:15:00+00:00,Mon 8:15PM
196175734,NFL Showdown $3 Double Up (PHI @ CHI),153790,Showdown Captain Mode,3.0,1,11,1,30.0,2026-09-29 00:15:00+00:00,Mon 8:15PM
196175735,NFL Showdown $3 Double Up (PHI @ CHI),153790,Showdown Captain Mode,3.0,1,11,1,30.0,2026-09-29 00:15:00+00:00,Mon 8:15PM
196177270,NFL Showdown $3 Double Up (PHI @ CHI),153790,Showdown Captain Mode,3.0,1,11,1,30.0,2026-09-29 00:15:00+00:00,Mon 8:15PM
196177271,NFL Showdown $3 Double Up (PHI @ CHI),153790,Showdown Captain Mode,3.0,1,11,1,30.0,2026-09-29 00:15:00+00:00,Mon 8:15PM
196180650,NFL Showdown $3 Double Up (PHI @ CHI),153790,Showdown Captain Mode,3.0,1,11,1,30.0,2026-09-29 00:15:00+00:00,Mon 8:15PM
196180651,NFL Showdown $3 Double Up (PHI @ CHI),153790,Showdown Captain Mode,3.0,1,11,1,30.0,2026-09-29 00:15:00+00:00,Mon 8:15PM
196183709,NFL Showdown $3 Double Up (PHI @ CHI),153790,Showdown Captain Mode,3.0,2,11,1,30.0,2026-09-29 00:15:00+00:00,Mon 8:15PM
196183710,NFL Showdown $3 Double Up (PHI @ CHI),153790,Showdown Captain Mode,3.0,1,11,1,30.0,2026-09-29 00:15:00+00:00,Mon 8:15PM
196183957,NFL Showdown $3 Double Up (PHI @ CHI),153790,Showdown Captain Mode,3.0,1,11,1,30.0,2026-09-29 00:15:00+00:00,Mon 8:15PM
196039787,NFL Showdown $2 50-50 (PHI @ CHI),153790,Showdown Captain Mode,2.0,6,100,1,180.0,2026-09-29 00:15:00+00:00,Mon 8:15PM
196047593,NFL Showdown $2 50-50 (PHI @ CHI),153790,Showdown Captain Mode,2.0,5,100,1,180.0,2026-09-29 00:15:00+00:00,Mon 8:15PM
196146383,NFL Showdown $2 50-50 (PHI @ CHI),153790,Showdown Captain Mode,2.0,3,100,1,180.0,2026-09-29 00:15:00+00:00,Mon 8:15PM
196172602,NFL Showdown $2 50-50 (PHI @ CHI),153790,Showdown Captain Mode,2.0,2,100,1,180.0,2026-09-29 00:15:00+00:00,Mon 8:15PM
196175730,NFL Showdown $2 50-50 (PHI @ CHI),153790,Showdown Captain Mode,2.0,1,100,1,180.0,2026-09-29 00:15:00+00:00,Mon 8:15PM
196039818,NFL Showdown $2 50-50 (PHI @ CHI),153790,Showdown Captain Mode,2.0,7,50,1,90.0,2026-09-29 00:15:00+00:00,Mon 8:15PM
196047596,NFL Showdown $2 50-50 (PHI @ CHI),153790,Showdown Captain Mode,2.0,3,50,1,90.0,2026-09-29 00:15:00+00:00,Mon 8:15PM
196146386,NFL Showdown $2 50-50 (PHI @ CHI),153790,Showdown Captain Mode,2.0,2,50,1,90.0,2026-09-29 00:15:00+00:00,Mon 8:15PM
196172605,NFL Showdown $2 50-50 (PHI @ CHI),153790,Showdown Captain Mode,2.0,1,50,1,90.0,2026-09-29 00:15:00+00:00,Mon 8:15PM
196039808,NFL Showdown $2 50-50 (PHI @ CHI),153790,Showdown Captain Mode,2.0,10,20,1,36.0,2026-09-29 00:15:00+00:00,Mon 8:15PM
196047594,NFL Showdown $2 50-50 (PHI @ CHI),153790,Showdown Captain Mode,2.0,5,20,1,36.0,2026-09-29 00:15:00+00:00,Mon 8:15PM
196146384,NFL Showdown $2 50-50 (PHI @ CHI),153790,Showdown Captain Mode,2.0,2,20,1,36.0,2026-09-29 00:15:00+00:00,Mon 8:15PM
196172603,NFL Showdown $2 50-50 (PHI @ CHI),153790,Showdown Captain Mode,2.0,1,20,1,36.0,2026-09-29 00:15:00+00:00,Mon 8:15PM
196039640,NFL Showdown $2 50-50 (PHI @ CHI),153790,Showdown Captain Mode,2.0,4,20,1,36.0,2026-09-29 00:15:00+00:00,Mon 8:15PM
196039641,NFL Showdown $2 50-50 (PHI @ CHI),153790,Showdown Captain Mode,2.0,4,20,1,36.0,2026-09-29 00:15:00+00:00,Mon 8:15PM
196039642,NFL Showdown $2 50-50 (PHI @ CHI),153790,Showdown Captain Mode,2.0,3,20,1,36.0,2026-09-29 00:15:00+00:00,Mon 8:15PM
196047582,NFL Showdown $2 50-50 (PHI @ CHI),153790,Showdown Captain Mode,2.0,3,20,1,36.0,2026-09-29 00:15:00+00:00,Mon 8:15PM
196047583,NFL Showdown $2 50-50 (PHI @ CHI),153790,Showdown Captain Mode,2.0,3,20,1,36.0,2026-09-29 00:15:00+00:00,Mon 8:15PM
196047584,NFL Showdown $2 50-50 (PHI @ CHI),153790,Showdown Captain Mode,2.0,4,20,1,36.0,2026-09-29 00:15:00+00:00,Mon 8:15PM
196146354,NFL Showdown $2 50-50 (PHI @ CHI),153790,Showdown Captain Mode,2.0,2,20,1,36.0,2026-09-29 00:15:00+00:00,Mon 8:15PM
196146355,NFL Showdown $2 50-50 (PHI @ CHI),153790,Showdown Captain Mode,2.0,2,20,1,36.0,2026-09-29 00:15:00+00:00,Mon 8:15PM
196146356,NFL Showdown $2 50-50 (PHI @ CHI),153790,Showdown Captain Mode,2.0,2,20,1,36.0,2026-09-29 00:15:00+00:00,Mon 8:15PM
196172589,NFL Showdown $2 50-50 (PHI @ CHI),153790,Showdown Captain Mode,2.0,1,20,1,36.0,2026-09-29 00:15:00+00:00,Mon 8:15PM
196172590,NFL Showdown $2 50-50 (PHI @ CHI),153790,Showdown Captain Mode,2.0,1,20,1,36.0,2026-09-29 00:15:00+00:00,Mon 8:15PM
196172591,NFL Showdown $2 50-50 (PHI @ CHI),153790,Showdown Captain Mode,2.0,1,20,1,36.0,2026-09-29 00:15:00+00:00,Mon 8:15PM
196039777,NFL Showdown $2 50-50 (PHI @ CHI),153790,Showdown Captain Mode,2.0,8,10,1,18.0,2026-09-29 00:15:00+00:00,Mon 8:15PM
196039778,NFL Showdown $2 50-50 (PHI @ CHI),153790,Showdown Captain Mode,2.0,4,10,1,18.0,2026-09-29 00:15:00+00:00,Mon 8:15PM
196047628,NFL Showdown $2 50-50 (PHI @ CHI),153790,Showdown Captain Mode,2.0,5,10,1,18.0,2026-09-29 00:15:00+00:00,Mon 8:15PM
196047629,NFL Showdown $2 50-50 (PHI @ CHI),153790,Showdown Captain Mode,2.0,4,10,1,18.0,2026-09-29 00:15:00+00:00,Mon 8:15PM
196047630,NFL Showdown $2 50-50 (PHI @ CHI),153790,Showdown Captain Mode,2.0,5,10,1,18.0,2026-09-29 00:15:00+00:00,Mon 8:15PM
196146379,NFL Showdown $2 50-50 (PHI @ CHI),153790,Showdown Captain Mode,2.0,2,10,1,18.0,2026-09-29 00:15:00+00:00,Mon 8:15PM
196146380,NFL Showdown $2 50-50 (PHI @ CHI),153790,Showdown Captain Mode,2.0,2,10,1,18.0,2026-09-29 00:15:00+00:00,Mon 8:15PM
196146381,NFL Showdown $2 50-50 (PHI @ CHI),153790,Showdown Captain Mode,2.0,2,10,1,18.0,2026-09-29 00:15:00+00:00,Mon 8:15PM
196172598,NFL Showdown $2 50-50 (PHI @ CHI),153790,Showdown Captain Mode,2.0,1,10,1,18.0,2026-09-29 00:15:00+00:00,Mon 8:15PM
196172599,NFL Showdown $2 50-50 (PHI @ CHI),153790,Showdown Captain Mode,2.0,1,10,1,18.0,2026-09-29 00:15:00+00:00,Mon 8:15PM
196172600,NFL Showdown $2 50-50 (PHI @ CHI),153790,Showdown Captain Mode,2.0,2,10,1,18.0,2026-09-29 00:15:00+00:00,Mon 8:15PM
196172860,NFL Showdown $2 50-50 (PHI @ CHI),153790,Showdown Captain Mode,2.0,1,10,1,18.0,2026-09-29 00:15:00+00:00,Mon 8:15PM
196039893,NFL Showdown $2 100-Player (PHI @ CHI),153790,Showdown Captain Mode,2.0,2,100,1,180.0,2026-09-29 00:15:00+00:00,Mon 8:15PM
196047600,NFL Showdown $2 100-Player (PHI @ CHI),153790,Showdown Captain Mode,2.0,4,100,1,180.0,2026-09-29 00:15:00+00:00,Mon 8:15PM
196085449,NFL Showdown $2 100-Player (PHI @ CHI),153790,Showdown Captain Mode,2.0,3,100,1,180.0,2026-09-29 00:15:00+00:00,Mon 8:15PM
196094794,NFL Showdown $2 100-Player (PHI @ CHI),153790,Showdown Captain Mode,2.0,1,100,1,180.0,2026-09-29 00:15:00+00:00,Mon 8:15PM
196039716,NFL Showdown $2 40-Player (PHI @ CHI),153790,Showdown Captain Mode,2.0,1,40,1,72.0,2026-09-29 00:15:00+00:00,Mon 8:15PM
196039717,NFL Showdown $2 40-Player (PHI @ CHI),153790,Showdown Captain Mode,2.0,2,40,1,72.0,2026-09-29 00:15:00+00:00,Mon 8:15PM
196047590,NFL Showdown $2 40-Player (PHI @ CHI),153790,Showdown Captain Mode,2.0,1,40,1,72.0,2026-09-29 00:15:00+00:00,Mon 8:15PM
196047591,NFL Showdown $2 40-Player (PHI @ CHI),153790,Showdown Captain Mode,2.0,1,40,1,72.0,2026-09-29 00:15:00+00:00,Mon 8:15PM
196039711,NFL Showdown $2 20-Player (PHI @ CHI),153790,Showdown Captain Mode,2.0,1,20,1,36.0,2026-09-29 00:15:00+00:00,Mon 8:15PM
196039712,NFL Showdown $2 20-Player (PHI @ CHI),153790,Showdown Captain Mode,2.0,1,20,1,36.0,2026-09-29 00:15:00+00:00,Mon 8:15PM
196039713,NFL Showdown $2 20-Player (PHI @ CHI),153790,Showdown Captain Mode,2.0,1,20,1,36.0,2026-09-29 00:15:00+00:00,Mon 8:15PM
196047585,NFL Showdown $2 20-Player (PHI @ CHI),153790,Showdown Captain Mode,2.0,1,20,1,36.0,2026-09-29 00:15:00+00:00,Mon 8:15PM
196047586,NFL Showdown $2 20-Player (PHI @ CHI),153790,Showdown Captain Mode,2.0,1,20,1,36.0,2026-09-29 00:15:00+00:00,Mon 8:15PM
196047587,NFL Showdown $2 20-Player (PHI @ CHI),153790,Showdown Captain Mode,2.0,1,20,1,36.0,2026-09-29 00:15:00+00:00,Mon 8:15PM
196146370,NFL Showdown $2 20-Player (PHI @ CHI),153790,Showdown Captain Mode,2.0,1,20,1,36.0,2026-09-29 00:15:00+00:00,Mon 8:15PM
196162530,NFL Showdown $2 20-Player (PHI @ CHI),153790,Showdown Captain Mode,2.0,1,20,1,36.0,2026-09-29 00:15:00+00:00,Mon 8:15PM
196184251,NFL Showdown $2 11-Player (Winner Takes All) (PHI @ CHI),153790,Showdown Captain Mode,2.0,6,11,1,19.8,2026-09-29 00:15:00+00:00,Mon 8:15PM
196039617,NFL Showdown $2 10-Player (PHI @ CHI),153790,Showdown Captain Mode,2.0,1,10,1,18.0,2026-09-29 00:15:00+00:00,Mon 8:15PM
196039618,NFL Showdown $2 10-Player (PHI @ CHI),153790,Showdown Captain Mode,2.0,1,10,1,18.0,2026-09-29 00:15:00+00:00,Mon 8:15PM
196039619,NFL Showdown $2 10-Player (PHI @ CHI),153790,Showdown Captain Mode,2.0,1,10,1,18.0,2026-09-29 00:15:00+00:00,Mon 8:15PM
196047604,NFL Showdown $2 10-Player (PHI @ CHI),153790,Showdown Captain Mode,2.0,1,10,1,18.0,2026-09-29 00:15:00+00:00,Mon 8:15PM
196047605,NFL Showdown $2 10-Player (PHI @ CHI),153790,Showdown Captain Mode,2.0,1,10,1,18.0,2026-09-29 00:15:00+00:00,Mon 8:15PM
196047606,NFL Showdown $2 10-Player (PHI @ CHI),153790,Showdown Captain Mode,2.0,1,10,1,18.0,2026-09-29 00:15:00+00:00,Mon 8:15PM
196146348,NFL Showdown $2 10-Player (PHI @ CHI),153790,Showdown Captain Mode,2.0,1,10,1,18.0,2026-09-29 00:15:00+00:00,Mon 8:15PM
196183947,NFL Showdown $2 9-Player (Winner Takes All) (PHI @ CHI),153790,Showdown Captain Mode,2.0,6,9,1,16.2,2026-09-29 00:15:00+00:00,Mon 8:15PM
196039614,NFL Showdown $2 5-Player (PHI @ CHI),153790,Showdown Captain Mode,2.0,1,5,1,9.0,2026-09-29 00:15:00+00:00,Mon 8:15PM
196039615,NFL Showdown $2 5-Player (PHI @ CHI),153790,Showdown Captain Mode,2.0,1,5,1,9.0,2026-09-29 00:15:00+00:00,Mon 8:15PM
196047601,NFL Showdown $2 5-Player (PHI @ CHI),153790,Showdown Captain Mode,2.0,1,5,1,9.0,2026-09-29 00:15:00+00:00,Mon 8:15PM
196047602,NFL Showdown $2 5-Player (PHI @ CHI),153790,Showdown Captain Mode,2.0,1,5,1,9.0,2026-09-29 00:15:00+00:00,Mon 8:15PM
196146347,NFL Showdown $2 5-Player (PHI @ CHI),153790,Showdown Captain Mode,2.0,1,5,1,9.0,2026-09-29 00:15:00+00:00,Mon 8:15PM
196184540,NFL Showdown $2 3-Player (PHI @ CHI),153790,Showdown Captain Mode,2.0,1,3,1,5.4,2026-09-29 00:15:00+00:00,Mon 8:15PM
196039785,NFL Showdown $1 50-50 (PHI @ CHI),153790,Showdown Captain Mode,1.0,10,100,1,90.0,2026-09-29 00:15:00+00:00,Mon 8:15PM
196047592,NFL Showdown $1 50-50 (PHI @ CHI),153790,Showdown Captain Mode,1.0,14,100,1,90.0,2026-09-29 00:15:00+00:00,Mon 8:15PM
196124332,NFL Showdown $1 50-50 (PHI @ CHI),153790,Showdown Captain Mode,1.0,8,100,1,90.0,2026-09-29 00:15:00+00:00,Mon 8:15PM
196146382,NFL Showdown $1 50-50 (PHI @ CHI),153790,Showdown Captain Mode,1.0,4,100,1,90.0,2026-09-29 00:15:00+00:00,Mon 8:15PM
196172601,NFL Showdown $1 50-50 (PHI @ CHI),153790,Showdown Captain Mode,1.0,3,100,1,90.0,2026-09-29 00:15:00+00:00,Mon 8:15PM
196175729,NFL Showdown $1 50-50 (PHI @ CHI),153790,Showdown Captain Mode,1.0,2,100,1,90.0,2026-09-29 00:15:00+00:00,Mon 8:15PM
196179627,NFL Showdown $1 50-50 (PHI @ CHI),153790,Showdown Captain Mode,1.0,2,100,1,90.0,2026-09-29 00:15:00+00:00,Mon 8:15PM
196181189,NFL Showdown $1 50-50 (PHI @ CHI),153790,Showdown Captain Mode,1.0,1,100,1,90.0,2026-09-29 00:15:00+00:00,Mon 8:15PM
196182627,NFL Showdown $1 50-50 (PHI @ CHI),153790,Showdown Captain Mode,1.0,1,100,1,90.0,2026-09-29 00:15:00+00:00,Mon 8:15PM
196039817,NFL Showdown $1 50-50 (PHI @ CHI),153790,Showdown Captain Mode,1.0,4,50,1,45.0,2026-09-29 00:15:00+00:00,Mon 8:15PM
196047595,NFL Showdown $1 50-50 (PHI @ CHI),153790,Showdown Captain Mode,1.0,5,50,1,45.0,2026-09-29 00:15:00+00:00,Mon 8:15PM
196146385,NFL Showdown $1 50-50 (PHI @ CHI),153790,Showdown Captain Mode,1.0,3,50,1,45.0,2026-09-29 00:15:00+00:00,Mon 8:15PM
196172604,NFL Showdown $1 50-50 (PHI @ CHI),153790,Showdown Captain Mode,1.0,2,50,1,45.0,2026-09-29 00:15:00+00:00,Mon 8:15PM
196175732,NFL Showdown $1 50-50 (PHI @ CHI),153790,Showdown Captain Mode,1.0,2,50,1,45.0,2026-09-29 00:15:00+00:00,Mon 8:15PM
196180569,NFL Showdown $1 50-50 (PHI @ CHI),153790,Showdown Captain Mode,1.0,1,50,1,45.0,2026-09-29 00:15:00+00:00,Mon 8:15PM
196039651,NFL Showdown $1 50-50 (PHI @ CHI),153790,Showdown Captain Mode,1.0,6,20,1,18.0,2026-09-29 00:15:00+00:00,Mon 8:15PM
196039652,NFL Showdown $1 50-50 (PHI @ CHI),153790,Showdown Captain Mode,1.0,9,20,1,18.0,2026-09-29 00:15:00+00:00,Mon 8:15PM
196039653,NFL Showdown $1 50-50 (PHI @ CHI),153790,Showdown Captain Mode,1.0,6,20,1,18.0,2026-09-29 00:15:00+00:00,Mon 8:15PM
196047610,NFL Showdown $1 50-50 (PHI @ CHI),153790,Showdown Captain Mode,1.0,8,20,1,18.0,2026-09-29 00:15:00+00:00,Mon 8:15PM
196047611,NFL Showdown $1 50-50 (PHI @ CHI),153790,Showdown Captain Mode,1.0,5,20,1,18.0,2026-09-29 00:15:00+00:00,Mon 8:15PM
196047612,NFL Showdown $1 50-50 (PHI @ CHI),153790,Showdown Captain Mode,1.0,5,20,1,18.0,2026-09-29 00:15:00+00:00,Mon 8:15PM
196131262,NFL Showdown $1 50-50 (PHI @ CHI),153790,Showdown Captain Mode,1.0,5,20,1,18.0,2026-09-29 00:15:00+00:00,Mon 8:15PM
196146357,NFL Showdown $1 50-50 (PHI @ CHI),153790,Showdown Captain Mode,1.0,3,20,1,18.0,2026-09-29 00:15:00+00:00,Mon 8:15PM
196146358,NFL Showdown $1 50-50 (PHI @ CHI),153790,Showdown Captain Mode,1.0,3,20,1,18.0,2026-09-29 00:15:00+00:00,Mon 8:15PM
196146359,NFL Showdown $1 50-50 (PHI @ CHI),153790,Showdown Captain Mode,1.0,3,20,1,18.0,2026-09-29 00:15:00+00:00,Mon 8:15PM
196172592,NFL Showdown $1 50-50 (PHI @ CHI),153790,Showdown Captain Mode,1.0,2,20,1,18.0,2026-09-29 00:15:00+00:00,Mon 8:15PM
196172593,NFL Showdown $1 50-50 (PHI @ CHI),153790,Showdown Captain Mode,1.0,2,20,1,18.0,2026-09-29 00:15:00+00:00,Mon 8:15PM
196172594,NFL Showdown $1 50-50 (PHI @ CHI),153790,Showdown Captain Mode,1.0,2,20,1,18.0,2026-09-29 00:15:00+00:00,Mon 8:15PM
196175720,NFL Showdown $1 50-50 (PHI @ CHI),153790,Showdown Captain Mode,1.0,1,20,1,18.0,2026-09-29 00:15:00+00:00,Mon 8:15PM
196175721,NFL Showdown $1 50-50 (PHI @ CHI),153790,Showdown Captain Mode,1.0,1,20,1,18.0,2026-09-29 00:15:00+00:00,Mon 8:15PM
196175722,NFL Showdown $1 50-50 (PHI @ CHI),153790,Showdown Captain Mode,1.0,1,20,1,18.0,2026-09-29 00:15:00+00:00,Mon 8:15PM
196047627,NFL Showdown $1 50-50 (PHI @ CHI),153790,Showdown Captain Mode,1.0,8,10,1,9.0,2026-09-29 00:15:00+00:00,Mon 8:15PM
196146376,NFL Showdown $1 50-50 (PHI @ CHI),153790,Showdown Captain Mode,1.0,4,10,1,9.0,2026-09-29 00:15:00+00:00,Mon 8:15PM
196146377,NFL Showdown $1 50-50 (PHI @ CHI),153790,Showdown Captain Mode,1.0,5,10,1,9.0,2026-09-29 00:15:00+00:00,Mon 8:15PM
196146378,NFL Showdown $1 50-50 (PHI @ CHI),153790,Showdown Captain Mode,1.0,5,10,1,9.0,2026-09-29 00:15:00+00:00,Mon 8:15PM
196172595,NFL Showdown $1 50-50 (PHI @ CHI),153790,Showdown Captain Mode,1.0,5,10,1,9.0,2026-09-29 00:15:00+00:00,Mon 8:15PM
196172596,NFL Showdown $1 50-50 (PHI @ CHI),153790,Showdown Captain Mode,1.0,2,10,1,9.0,2026-09-29 00:15:00+00:00,Mon 8:15PM
196172597,NFL Showdown $1 50-50 (PHI @ CHI),153790,Showdown Captain Mode,1.0,3,10,1,9.0,2026-09-29 00:15:00+00:00,Mon 8:15PM
196175723,NFL Showdown $1 50-50 (PHI @ CHI),153790,Showdown Captain Mode,1.0,2,10,1,9.0,2026-09-29 00:15:00+00:00,Mon 8:15PM
196175724,NFL Showdown $1 50-50 (PHI @ CHI),153790,Showdown Captain Mode,1.0,1,10,1,9.0,2026-09-29 00:15:00+00:00,Mon 8:15PM
196175725,NFL Showdown $1 50-50 (PHI @ CHI),153790,Showdown Captain Mode,1.0,1,10,1,9.0,2026-09-29 00:15:00+00:00,Mon 8:15PM
196047631,NFL Showdown $1 Double Up (PHI @ CHI),153790,Showdown Captain Mode,1.0,6,11,1,10.0,2026-09-29 00:15:00+00:00,Mon 8:15PM
196047632,NFL Showdown $1 Double Up (PHI @ CHI),153790,Showdown Captain Mode,1.0,6,11,1,10.0,2026-09-29 00:15:00+00:00,Mon 8:15PM
196146389,NFL Showdown $1 Double Up (PHI @ CHI),153790,Showdown Captain Mode,1.0,3,11,1,10.0,2026-09-29 00:15:00+00:00,Mon 8:15PM
196146390,NFL Showdown $1 Double Up (PHI @ CHI),153790,Showdown Captain Mode,1.0,3,11,1,10.0,2026-09-29 00:15:00+00:00,Mon 8:15PM
196172606,NFL Showdown $1 Double Up (PHI @ CHI),153790,Showdown Captain Mode,1.0,2,11,1,10.0,2026-09-29 00:15:00+00:00,Mon 8:15PM
196172607,NFL Showdown $1 Double Up (PHI @ CHI),153790,Showdown Captain Mode,1.0,2,11,1,10.0,2026-09-29 00:15:00+00:00,Mon 8:15PM
196175736,NFL Showdown $1 Double Up (PHI @ CHI),153790,Showdown Captain Mode,1.0,2,11,1,10.0,2026-09-29 00:15:00+00:00,Mon 8:15PM
196181327,NFL Showdown $1 50-50  (PHI @ CHI),153790,Showdown Captain Mode,1.0,3,6,1,5.4,2026-09-29 00:15:00+00:00,Mon 8:15PM
196039892,NFL Showdown $1 100-Player (PHI @ CHI),153790,Showdown Captain Mode,1.0,7,100,1,90.0,2026-09-29 00:15:00+00:00,Mon 8:15PM
196047599,NFL Showdown $1 100-Player (PHI @ CHI),153790,Showdown Captain Mode,1.0,3,100,1,90.0,2026-09-29 00:15:00+00:00,Mon 8:15PM
196146391,NFL Showdown $1 100-Player (PHI @ CHI),153790,Showdown Captain Mode,1.0,4,100,1,90.0,2026-09-29 00:15:00+00:00,Mon 8:15PM
196173387,NFL Showdown $1 100-Player (PHI @ CHI),153790,Showdown Captain Mode,1.0,2,100,1,90.0,2026-09-29 00:15:00+00:00,Mon 8:15PM
196180625,NFL Showdown $1 100-Player (PHI @ CHI),153790,Showdown Captain Mode,1.0,1,100,1,90.0,2026-09-29 00:15:00+00:00,Mon 8:15PM
196180668,NFL Showdown $1 100-Player (PHI @ CHI),153790,Showdown Captain Mode,1.0,1,100,1,90.0,2026-09-29 00:15:00+00:00,Mon 8:15PM
196039714,NFL Showdown $1 40-Player (PHI @ CHI),153790,Showdown Captain Mode,1.0,1,40,1,36.0,2026-09-29 00:15:00+00:00,Mon 8:15PM
196039715,NFL Showdown $1 40-Player (PHI @ CHI),153790,Showdown Captain Mode,1.0,1,40,1,36.0,2026-09-29 00:15:00+00:00,Mon 8:15PM
196047588,NFL Showdown $1 40-Player (PHI @ CHI),153790,Showdown Captain Mode,1.0,2,40,1,36.0,2026-09-29 00:15:00+00:00,Mon 8:15PM
196047589,NFL Showdown $1 40-Player (PHI @ CHI),153790,Showdown Captain Mode,1.0,2,40,1,36.0,2026-09-29 00:15:00+00:00,Mon 8:15PM
196146372,NFL Showdown $1 40-Player (PHI @ CHI),153790,Showdown Captain Mode,1.0,1,40,1,36.0,2026-09-29 00:15:00+00:00,Mon 8:15PM
196039708,NFL Showdown $1 20-Player (PHI @ CHI),153790,Showdown Captain Mode,1.0,2,20,1,18.0,2026-09-29 00:15:00+00:00,Mon 8:15PM
196039709,NFL Showdown $1 20-Player (PHI @ CHI),153790,Showdown Captain Mode,1.0,1,20,1,18.0,2026-09-29 00:15:00+00:00,Mon 8:15PM
196039710,NFL Showdown $1 20-Player (PHI @ CHI),153790,Showdown Captain Mode,1.0,2,20,1,18.0,2026-09-29 00:15:00+00:00,Mon 8:15PM
196047622,NFL Showdown $1 20-Player (PHI @ CHI),153790,Showdown Captain Mode,1.0,1,20,1,18.0,2026-09-29 00:15:00+00:00,Mon 8:15PM
196047623,NFL Showdown $1 20-Player (PHI @ CHI),153790,Showdown Captain Mode,1.0,5,20,1,18.0,2026-09-29 00:15:00+00:00,Mon 8:15PM
196047624,NFL Showdown $1 20-Player (PHI @ CHI),153790,Showdown Captain Mode,1.0,1,20,1,18.0,2026-09-29 00:15:00+00:00,Mon 8:15PM
196146366,NFL Showdown $1 20-Player (PHI @ CHI),153790,Showdown Captain Mode,1.0,1,20,1,18.0,2026-09-29 00:15:00+00:00,Mon 8:15PM
196039676,NFL Showdown $1 10-Player (PHI @ CHI),153790,Showdown Captain Mode,1.0,7,10,1,9.0,2026-09-29 00:15:00+00:00,Mon 8:15PM
196039677,NFL Showdown $1 10-Player (PHI @ CHI),153790,Showdown Captain Mode,1.0,1,10,1,9.0,2026-09-29 00:15:00+00:00,Mon 8:15PM
196039678,NFL Showdown $1 10-Player (PHI @ CHI),153790,Showdown Captain Mode,1.0,1,10,1,9.0,2026-09-29 00:15:00+00:00,Mon 8:15PM
196047619,NFL Showdown $1 10-Player (PHI @ CHI),153790,Showdown Captain Mode,1.0,1,10,1,9.0,2026-09-29 00:15:00+00:00,Mon 8:15PM
196047620,NFL Showdown $1 10-Player (PHI @ CHI),153790,Showdown Captain Mode,1.0,1,10,1,9.0,2026-09-29 00:15:00+00:00,Mon 8:15PM
196047621,NFL Showdown $1 10-Player (PHI @ CHI),153790,Showdown Captain Mode,1.0,1,10,1,9.0,2026-09-29 00:15:00+00:00,Mon 8:15PM
196146364,NFL Showdown $1 10-Player (PHI @ CHI),153790,Showdown Captain Mode,1.0,1,10,1,9.0,2026-09-29 00:15:00+00:00,Mon 8:15PM
196146365,NFL Showdown $1 10-Player (PHI @ CHI),153790,Showdown Captain Mode,1.0,1,10,1,9.0,2026-09-29 00:15:00+00:00,Mon 8:15PM
196184592,NFL Showdown $1 8-Player (Winner Takes All) (PHI @ CHI),153790,Showdown Captain Mode,1.0,5,8,1,7.2,2026-09-29 00:15:00+00:00,Mon 8:15PM
196146352,NFL Showdown $1 5-Player (PHI @ CHI),153790,Showdown Captain Mode,1.0,4,5,1,4.5,2026-09-29 00:15:00+00:00,Mon 8:15PM
196173588,NFL Showdown $1 5-Player (PHI @ CHI),153790,Showdown Captain Mode,1.0,2,5,1,4.5,2026-09-29 00:15:00+00:00,Mon 8:15PM
196173590,NFL Showdown $1 5-Player (PHI @ CHI),153790,Showdown Captain Mode,1.0,4,5,1,4.5,2026-09-29 00:15:00+00:00,Mon 8:15PM
196184665,NFL Showdown $1 3-Player (PHI @ CHI),153790,Showdown Captain Mode,1.0,1,3,1,2.7,2026-09-29 00:15:00+00:00,Mon 8:15PM
196184666,NFL Showdown $1 3-Player (PHI @ CHI),153790,Showdown Captain Mode,1.0,1,3,1,2.7,2026-09-29 00:15:00+00:00,Mon 8:15PM
196183312,NFL Showdown $1 200-Player (Top 20 Win) (PHI @ CHI),153790,Showdown Captain Mode,1.0,9,200,1,180.0,2026-09-29 00:15:00+00:00,Mon 8:15PM
196183131,NFL Showdown $2 200-Player (Top 20 Win) (PHI @ CHI),153790,Showdown Captain Mode,2.0,4,200,1,360.0,2026-09-29 00:15:00+00:00,Mon 8:15PM
196174042,NFL Showdown $2 200-Player (Winner Takes All) (PHI @ CHI),153790,Showdown Captain Mode,2.0,9,200,1,360.0,2026-09-29 00:15:00+00:00,Mon 8:15PM
196181745,NFL Showdown $3 12-Player (Top 2 Win) (PHI @ CHI),153790,Showdown Captain Mode,3.0,11,12,1,32.4,2026-09-29 00:15:00+00:00,Mon 8:15PM
196183229,NFL Showdown $5 200-Player (Top 20 Win) (PHI @ CHI),153790,Showdown Captain Mode,5.0,8,200,1,900.0,2026-09-29 00:15:00+00:00,Mon 8:15PM
196185072,NFL Showdown Satellite to $20 NFL Fantasy Football Millionaire [Must Fill] (PHI @ CHI),153790,Showdown Captain Mode,7.4,0,3,1,20.0,2026-09-29 00:15:00+00:00,Mon 8:15PM
196185026,NFL Showdown Satellite to NBA 10-20 $20 Opening Tip Off [Must Fill] (PHI @ CHI),153790,Showdown Captain Mode,7.4,0,3,1,20.0,2026-09-29 00:15:00+00:00,Mon 8:15PM
196039879,Casual NFL Showdown $109 5-Player (PHI @ CHI),153790,Showdown Captain Mode,109.0,0,5,1,500.0,2026-09-29 00:15:00+00:00,Mon 8:15PM
196039878,Casual NFL Showdown $109 3-Player (PHI @ CHI),153790,Showdown Captain Mode,109.0,0,3,1,300.0,2026-09-29 00:15:00+00:00,Mon 8:15PM
196039834,Casual NFL Showdown $50 50-50 (PHI @ CHI),153790,Showdown Captain Mode,50.0,0,10,1,450.0,2026-09-29 00:15:00+00:00,Mon 8:15PM
196039835,Casual NFL Showdown $50 50-50 (PHI @ CHI),153790,Showdown Captain Mode,50.0,0,10,1,450.0,2026-09-29 00:15:00+00:00,Mon 8:15PM
196039836,Casual NFL Showdown $50 5-Player (PHI @ CHI),153790,Showdown Captain Mode,50.0,0,5,1,225.0,2026-09-29 00:15:00+00:00,Mon 8:15PM
196039849,Casual NFL Showdown $50 3-Player (PHI @ CHI),153790,Showdown Captain Mode,50.0,0,3,1,135.0,2026-09-29 00:15:00+00:00,Mon 8:15PM
196039850,Casual NFL Showdown $50 3-Player (PHI @ CHI),153790,Showdown Captain Mode,50.0,0,3,1,135.0,2026-09-29 00:15:00+00:00,Mon 8:15PM
196039831,Casual NFL Showdown $20 50-50 (PHI @ CHI),153790,Showdown Captain Mode,20.0,0,10,1,180.0,2026-09-29 00:15:00+00:00,Mon 8:15PM
196039832,Casual NFL Showdown $20 50-50 (PHI @ CHI),153790,Showdown Captain Mode,20.0,0,10,1,180.0,2026-09-29 00:15:00+00:00,Mon 8:15PM
196039833,Casual NFL Showdown $20 50-50 (PHI @ CHI),153790,Showdown Captain Mode,20.0,0,10,1,180.0,2026-09-29 00:15:00+00:00,Mon 8:15PM
196039828,Casual NFL Showdown $20 5-Player (PHI @ CHI),153790,Showdown Captain Mode,20.0,0,5,1,90.0,2026-09-29 00:15:00+00:00,Mon 8:15PM
196039829,Casual NFL Showdown $20 5-Player (PHI @ CHI),153790,Showdown Captain Mode,20.0,0,5,1,90.0,2026-09-29 00:15:00+00:00,Mon 8:15PM
196039830,Casual NFL Showdown $20 5-Player (PHI @ CHI),153790,Showdown Captain Mode,20.0,0,5,1,90.0,2026-09-29 00:15:00+00:00,Mon 8:15PM
196039851,Casual NFL Showdown $20 3-Player (PHI @ CHI),153790,Showdown Captain Mode,20.0,0,3,1,54.0,2026-09-29 00:15:00+00:00,Mon 8:15PM
196039852,Casual NFL Showdown $20 3-Player (PHI @ CHI),153790,Showdown Captain Mode,20.0,0,3,1,54.0,2026-09-29 00:15:00+00:00,Mon 8:15PM
196039853,Casual NFL Showdown $20 3-Player (PHI @ CHI),153790,Showdown Captain Mode,20.0,0,3,1,54.0,2026-09-29 00:15:00+00:00,Mon 8:15PM
196039838,Casual NFL Showdown $10 50-50 (PHI @ CHI),153790,Showdown Captain Mode,10.0,0,10,1,90.0,2026-09-29 00:15:00+00:00,Mon 8:15PM
196039839,Casual NFL Showdown $10 50-50 (PHI @ CHI),153790,Showdown Captain Mode,10.0,0,10,1,90.0,2026-09-29 00:15:00+00:00,Mon 8:15PM
196183759,Casual NFL Showdown $10 50-50 (PHI @ CHI),153790,Showdown Captain Mode,10.0,0,10,1,90.0,2026-09-29 00:15:00+00:00,Mon 8:15PM
196039855,Casual NFL Showdown $10 5-Player (PHI @ CHI),153790,Showdown Captain Mode,10.0,0,5,1,45.0,2026-09-29 00:15:00+00:00,Mon 8:15PM
196039856,Casual NFL Showdown $10 5-Player (PHI @ CHI),153790,Showdown Captain Mode,10.0,0,5,1,45.0,2026-09-29 00:15:00+00:00,Mon 8:15PM
196177442,Casual NFL Showdown $10 5-Player (PHI @ CHI),153790,Showdown Captain Mode,10.0,0,5,1,45.0,2026-09-29 00:15:00+00:00,Mon 8:15PM
196039858,Casual NFL Showdown $10 3-Player (PHI @ CHI),153790,Showdown Captain Mode,10.0,0,3,1,27.0,2026-09-29 00:15:00+00:00,Mon 8:15PM
196039859,Casual NFL Showdown $10 3-Player (PHI @ CHI),153790,Showdown Captain Mode,10.0,0,3,1,27.0,2026-09-29 00:15:00+00:00,Mon 8:15PM
196177031,Casual NFL Showdown $10 3-Player (PHI @ CHI),153790,Showdown Captain Mode,10.0,0,3,1,27.0,2026-09-29 00:15:00+00:00,Mon 8:15PM
196039841,Casual NFL Showdown $5 50-50 (PHI @ CHI),153790,Showdown Captain Mode,5.0,0,10,1,45.0,2026-09-29 00:15:00+00:00,Mon 8:15PM
196039842,Casual NFL Showdown $5 50-50 (PHI @ CHI),153790,Showdown Captain Mode,5.0,0,10,1,45.0,2026-09-29 00:15:00+00:00,Mon 8:15PM
196162710,Casual NFL Showdown $5 50-50 (PHI @ CHI),153790,Showdown Captain Mode,5.0,0,10,1,45.0,2026-09-29 00:15:00+00:00,Mon 8:15PM
196039861,Casual NFL Showdown $5 5-Player (PHI @ CHI),153790,Showdown Captain Mode,5.0,0,5,1,22.5,2026-09-29 00:15:00+00:00,Mon 8:15PM
196039862,Casual NFL Showdown $5 5-Player (PHI @ CHI),153790,Showdown Captain Mode,5.0,0,5,1,22.5,2026-09-29 00:15:00+00:00,Mon 8:15PM
196164947,Casual NFL Showdown $5 5-Player (PHI @ CHI),153790,Showdown Captain Mode,5.0,0,5,1,22.5,2026-09-29 00:15:00+00:00,Mon 8:15PM
196039863,Casual NFL Showdown $5 3-Player (PHI @ CHI),153790,Showdown Captain Mode,5.0,0,3,1,13.5,2026-09-29 00:15:00+00:00,Mon 8:15PM
196039864,Casual NFL Showdown $5 3-Player (PHI @ CHI),153790,Showdown Captain Mode,5.0,0,3,1,13.5,2026-09-29 00:15:00+00:00,Mon 8:15PM
196039865,Casual NFL Showdown $5 3-Player (PHI @ CHI),153790,Showdown Captain Mode,5.0,0,3,1,13.5,2026-09-29 00:15:00+00:00,Mon 8:15PM
196039843,Casual NFL Showdown $3 50-50 (PHI @ CHI),153790,Showdown Captain Mode,3.0,0,10,1,27.0,2026-09-29 00:15:00+00:00,Mon 8:15PM
196039844,Casual NFL Showdown $3 50-50 (PHI @ CHI),153790,Showdown Captain Mode,3.0,0,10,1,27.0,2026-09-29 00:15:00+00:00,Mon 8:15PM
196039845,Casual NFL Showdown $3 50-50 (PHI @ CHI),153790,Showdown Captain Mode,3.0,0,10,1,27.0,2026-09-29 00:15:00+00:00,Mon 8:15PM
196039868,Casual NFL Showdown $2 5-Player (PHI @ CHI),153790,Showdown Captain Mode,2.0,0,5,1,9.0,2026-09-29 00:15:00+00:00,Mon 8:15PM
196163815,Casual NFL Showdown $2 5-Player (PHI @ CHI),153790,Showdown Captain Mode,2.0,0,5,1,9.0,2026-09-29 00:15:00+00:00,Mon 8:15PM
196172622,Casual NFL Showdown $2 5-Player (PHI @ CHI),153790,Showdown Captain Mode,2.0,0,5,1,9.0,2026-09-29 00:15:00+00:00,Mon 8:15PM
196039869,Casual NFL Showdown $2 3-Player (PHI @ CHI),153790,Showdown Captain Mode,2.0,0,3,1,5.4,2026-09-29 00:15:00+00:00,Mon 8:15PM
196039870,Casual NFL Showdown $2 3-Player (PHI @ CHI),153790,Showdown Captain Mode,2.0,0,3,1,5.4,2026-09-29 00:15:00+00:00,Mon 8:15PM
196039871,Casual NFL Showdown $2 3-Player (PHI @ CHI),153790,Showdown Captain Mode,2.0,0,3,1,5.4,2026-09-29 00:15:00+00:00,Mon 8:15PM
196039848,Casual NFL Showdown $1 50-50 (PHI @ CHI),153790,Showdown Captain Mode,1.0,0,10,1,9.0,2026-09-29 00:15:00+00:00,Mon 8:15PM
196146101,Casual NFL Showdown $1 50-50 (PHI @ CHI),153790,Showdown Captain Mode,1.0,0,10,1,9.0,2026-09-29 00:15:00+00:00,Mon 8:15PM
196176585,Casual NFL Showdown $1 50-50 (PHI @ CHI),153790,Showdown Captain Mode,1.0,0,10,1,9.0,2026-09-29 00:15:00+00:00,Mon 8:15PM
196039872,Casual NFL Showdown $1 5-Player (PHI @ CHI),153790,Showdown Captain Mode,1.0,0,5,1,4.5,2026-09-29 00:15:00+00:00,Mon 8:15PM
196039873,Casual NFL Showdown $1 5-Player (PHI @ CHI),153790,Showdown Captain Mode,1.0,0,5,1,4.5,2026-09-29 00:15:00+00:00,Mon 8:15PM
196039874,Casual NFL Showdown $1 5-Player (PHI @ CHI),153790,Showdown Captain Mode,1.0,0,5,1,4.5,2026-09-29 00:15:00+00:00,Mon 8:15PM
196039875,Casual NFL Showdown $1 3-Player (PHI @ CHI),153790,Showdown Captain Mode,1.0,0,3,1,2.7,2026-09-29 00:15:00+00:00,Mon 8:15PM
196039877,Casual NFL Showdown $1 3-Player (PHI @ CHI),153790,Showdown Captain Mode,1.0,0,3,1,2.7,2026-09-29 00:15:00+00:00,Mon 8:15PM
196182493,Casual NFL Showdown $1 3-Player (PHI @ CHI),153790,Showdown Captain Mode,1.0,0,3,1,2.7,2026-09-29 00:15:00+00:00,Mon 8:15PM
196039813,Beginner NFL Showdown $109 5-Player (PHI @ CHI),153790,Showdown Captain Mode,109.0,0,5,1,500.0,2026-09-29 00:15:00+00:00,Mon 8:15PM
196039812,Beginner NFL Showdown $109 3-Player (PHI @ CHI),153790,Showdown Captain Mode,109.0,0,3,1,300.0,2026-09-29 00:15:00+00:00,Mon 8:15PM
196039780,Beginner NFL Showdown $50 50-50 (PHI @ CHI),153790,Showdown Captain Mode,50.0,0,10,1,450.0,2026-09-29 00:15:00+00:00,Mon 8:15PM
196039781,Beginner NFL Showdown $50 50-50 (PHI @ CHI),153790,Showdown Captain Mode,50.0,0,10,1,450.0,2026-09-29 00:15:00+00:00,Mon 8:15PM
196164423,Beginner NFL Showdown $50 5-Player (PHI @ CHI),153790,Showdown Captain Mode,50.0,0,5,1,225.0,2026-09-29 00:15:00+00:00,Mon 8:15PM
196164425,Beginner NFL Showdown $50 3-Player (PHI @ CHI),153790,Showdown Captain Mode,50.0,0,3,1,135.0,2026-09-29 00:15:00+00:00,Mon 8:15PM
196164426,Beginner NFL Showdown $50 3-Player (PHI @ CHI),153790,Showdown Captain Mode,50.0,0,3,1,135.0,2026-09-29 00:15:00+00:00,Mon 8:15PM
196039764,Beginner NFL Showdown $20 50-50 (PHI @ CHI),153790,Showdown Captain Mode,20.0,0,10,1,180.0,2026-09-29 00:15:00+00:00,Mon 8:15PM
196039765,Beginner NFL Showdown $20 50-50 (PHI @ CHI),153790,Showdown Captain Mode,20.0,0,10,1,180.0,2026-09-29 00:15:00+00:00,Mon 8:15PM
196039766,Beginner NFL Showdown $20 50-50 (PHI @ CHI),153790,Showdown Captain Mode,20.0,0,10,1,180.0,2026-09-29 00:15:00+00:00,Mon 8:15PM
196039749,Beginner NFL Showdown $20 5-Player (PHI @ CHI),153790,Showdown Captain Mode,20.0,0,5,1,90.0,2026-09-29 00:15:00+00:00,Mon 8:15PM
196039750,Beginner NFL Showdown $20 5-Player (PHI @ CHI),153790,Showdown Captain Mode,20.0,0,5,1,90.0,2026-09-29 00:15:00+00:00,Mon 8:15PM
196039751,Beginner NFL Showdown $20 5-Player (PHI @ CHI),153790,Showdown Captain Mode,20.0,0,5,1,90.0,2026-09-29 00:15:00+00:00,Mon 8:15PM
196039731,Beginner NFL Showdown $20 3-Player (PHI @ CHI),153790,Showdown Captain Mode,20.0,0,3,1,54.0,2026-09-29 00:15:00+00:00,Mon 8:15PM
196039732,Beginner NFL Showdown $20 3-Player (PHI @ CHI),153790,Showdown Captain Mode,20.0,0,3,1,54.0,2026-09-29 00:15:00+00:00,Mon 8:15PM
196039733,Beginner NFL Showdown $20 3-Player (PHI @ CHI),153790,Showdown Captain Mode,20.0,0,3,1,54.0,2026-09-29 00:15:00+00:00,Mon 8:15PM
196039762,Beginner NFL Showdown $10 50-50 (PHI @ CHI),153790,Showdown Captain Mode,10.0,0,10,1,90.0,2026-09-29 00:15:00+00:00,Mon 8:15PM
196039763,Beginner NFL Showdown $10 50-50 (PHI @ CHI),153790,Showdown Captain Mode,10.0,0,10,1,90.0,2026-09-29 00:15:00+00:00,Mon 8:15PM
196183219,Beginner NFL Showdown $10 50-50 (PHI @ CHI),153790,Showdown Captain Mode,10.0,0,10,1,90.0,2026-09-29 00:15:00+00:00,Mon 8:15PM
196039746,Beginner NFL Showdown $10 5-Player (PHI @ CHI),153790,Showdown Captain Mode,10.0,0,5,1,45.0,2026-09-29 00:15:00+00:00,Mon 8:15PM
196039747,Beginner NFL Showdown $10 5-Player (PHI @ CHI),153790,Showdown Captain Mode,10.0,0,5,1,45.0,2026-09-29 00:15:00+00:00,Mon 8:15PM
196039748,Beginner NFL Showdown $10 5-Player (PHI @ CHI),153790,Showdown Captain Mode,10.0,0,5,1,45.0,2026-09-29 00:15:00+00:00,Mon 8:15PM
196039728,Beginner NFL Showdown $10 3-Player (PHI @ CHI),153790,Showdown Captain Mode,10.0,0,3,1,27.0,2026-09-29 00:15:00+00:00,Mon 8:15PM
196039729,Beginner NFL Showdown $10 3-Player (PHI @ CHI),153790,Showdown Captain Mode,10.0,0,3,1,27.0,2026-09-29 00:15:00+00:00,Mon 8:15PM
196039730,Beginner NFL Showdown $10 3-Player (PHI @ CHI),153790,Showdown Captain Mode,10.0,0,3,1,27.0,2026-09-29 00:15:00+00:00,Mon 8:15PM
196039758,Beginner NFL Showdown $5 50-50 (PHI @ CHI),153790,Showdown Captain Mode,5.0,0,10,1,45.0,2026-09-29 00:15:00+00:00,Mon 8:15PM
196039759,Beginner NFL Showdown $5 50-50 (PHI @ CHI),153790,Showdown Captain Mode,5.0,0,10,1,45.0,2026-09-29 00:15:00+00:00,Mon 8:15PM
196039760,Beginner NFL Showdown $5 50-50 (PHI @ CHI),153790,Showdown Captain Mode,5.0,0,10,1,45.0,2026-09-29 00:15:00+00:00,Mon 8:15PM
196039743,Beginner NFL Showdown $5 5-Player (PHI @ CHI),153790,Showdown Captain Mode,5.0,0,5,1,22.5,2026-09-29 00:15:00+00:00,Mon 8:15PM
196039744,Beginner NFL Showdown $5 5-Player (PHI @ CHI),153790,Showdown Captain Mode,5.0,0,5,1,22.5,2026-09-29 00:15:00+00:00,Mon 8:15PM
196039745,Beginner NFL Showdown $5 5-Player (PHI @ CHI),153790,Showdown Captain Mode,5.0,0,5,1,22.5,2026-09-29 00:15:00+00:00,Mon 8:15PM
196039722,Beginner NFL Showdown $5 3-Player (PHI @ CHI),153790,Showdown Captain Mode,5.0,0,3,1,13.5,2026-09-29 00:15:00+00:00,Mon 8:15PM
196039723,Beginner NFL Showdown $5 3-Player (PHI @ CHI),153790,Showdown Captain Mode,5.0,0,3,1,13.5,2026-09-29 00:15:00+00:00,Mon 8:15PM
196039724,Beginner NFL Showdown $5 3-Player (PHI @ CHI),153790,Showdown Captain Mode,5.0,0,3,1,13.5,2026-09-29 00:15:00+00:00,Mon 8:15PM
196039756,Beginner NFL Showdown $3 50-50 (PHI @ CHI),153790,Showdown Captain Mode,3.0,0,10,1,27.0,2026-09-29 00:15:00+00:00,Mon 8:15PM
196039757,Beginner NFL Showdown $3 50-50 (PHI @ CHI),153790,Showdown Captain Mode,3.0,0,10,1,27.0,2026-09-29 00:15:00+00:00,Mon 8:15PM
196160243,Beginner NFL Showdown $3 50-50 (PHI @ CHI),153790,Showdown Captain Mode,3.0,0,10,1,27.0,2026-09-29 00:15:00+00:00,Mon 8:15PM
196039742,Beginner NFL Showdown $2 5-Player (PHI @ CHI),153790,Showdown Captain Mode,2.0,0,5,1,9.0,2026-09-29 00:15:00+00:00,Mon 8:15PM
196163617,Beginner NFL Showdown $2 5-Player (PHI @ CHI),153790,Showdown Captain Mode,2.0,0,5,1,9.0,2026-09-29 00:15:00+00:00,Mon 8:15PM
196163689,Beginner NFL Showdown $2 5-Player (PHI @ CHI),153790,Showdown Captain Mode,2.0,0,5,1,9.0,2026-09-29 00:15:00+00:00,Mon 8:15PM
196039734,Beginner NFL Showdown $2 3-Player (PHI @ CHI),153790,Showdown Captain Mode,2.0,0,3,1,5.4,2026-09-29 00:15:00+00:00,Mon 8:15PM
196039735,Beginner NFL Showdown $2 3-Player (PHI @ CHI),153790,Showdown Captain Mode,2.0,0,3,1,5.4,2026-09-29 00:15:00+00:00,Mon 8:15PM
196039736,Beginner NFL Showdown $2 3-Player (PHI @ CHI),153790,Showdown Captain Mode,2.0,0,3,1,5.4,2026-09-29 00:15:00+00:00,Mon 8:15PM
196039752,Beginner NFL Showdown $1 50-50 (PHI @ CHI),153790,Showdown Captain Mode,1.0,0,10,1,9.0,2026-09-29 00:15:00+00:00,Mon 8:15PM
196039753,Beginner NFL Showdown $1 50-50 (PHI @ CHI),153790,Showdown Captain Mode,1.0,0,10,1,9.0,2026-09-29 00:15:00+00:00,Mon 8:15PM
196039754,Beginner NFL Showdown $1 50-50 (PHI @ CHI),153790,Showdown Captain Mode,1.0,0,10,1,9.0,2026-09-29 00:15:00+00:00,Mon 8:15PM
196039737,Beginner NFL Showdown $1 5-Player (PHI @ CHI),153790,Showdown Captain Mode,1.0,0,5,1,4.5,2026-09-29 00:15:00+00:00,Mon 8:15PM
196039738,Beginner NFL Showdown $1 5-Player (PHI @ CHI),153790,Showdown Captain Mode,1.0,0,5,1,4.5,2026-09-29 00:15:00+00:00,Mon 8:15PM
196039739,Beginner NFL Showdown $1 5-Player (PHI @ CHI),153790,Showdown Captain Mode,1.0,0,5,1,4.5,2026-09-29 00:15:00+00:00,Mon 8:15PM
196039725,Beginner NFL Showdown $1 3-Player (PHI @ CHI),153790,Showdown Captain Mode,1.0,0,3,1,2.7,2026-09-29 00:15:00+00:00,Mon 8:15PM
196039727,Beginner NFL Showdown $1 3-Player (PHI @ CHI),153790,Showdown Captain Mode,1.0,0,3,1,2.7,2026-09-29 00:15:00+00:00,Mon 8:15PM
196180950,Beginner NFL Showdown $1 3-Player (PHI @ CHI),153790,Showdown Captain Mode,1.0,0,3,1,2.7,2026-09-29 00:15:00+00:00,Mon 8:15PM
196159515,"NFL Showdown $10,600 3-Player (PHI @ CHI)",153790,Showdown Captain Mode,10600.0,0,3,1,30000.0,2026-09-29 00:15:00+00:00,Mon 8:15PM
196159516,"NFL Showdown $10,600 3-Player (PHI @ CHI)",153790,Showdown Captain Mode,10600.0,0,3,1,30000.0,2026-09-29 00:15:00+00:00,Mon 8:15PM
196169098,"NFL Showdown $5,300 50-50 (PHI @ CHI)",153790,Showdown Captain Mode,5300.0,0,4,1,20000.0,2026-09-29 00:15:00+00:00,Mon 8:15PM
196172556,"NFL Showdown $5,300 50-50 (PHI @ CHI)",153790,Showdown Captain Mode,5300.0,0,4,1,20000.0,2026-09-29 00:15:00+00:00,Mon 8:15PM
196159517,"NFL Showdown $5,300 3-Player (PHI @ CHI)",153790,Showdown Captain Mode,5300.0,0,3,1,15000.0,2026-09-29 00:15:00+00:00,Mon 8:15PM
196159518,"NFL Showdown $5,300 3-Player (PHI @ CHI)",153790,Showdown Captain Mode,5300.0,0,3,1,15000.0,2026-09-29 00:15:00+00:00,Mon 8:15PM
196169099,"NFL Showdown $2,120 50-50 (PHI @ CHI)",153790,Showdown Captain Mode,2120.0,0,4,1,8000.0,2026-09-29 00:15:00+00:00,Mon 8:15PM
196172561,"NFL Showdown $2,120 50-50 (PHI @ CHI)",153790,Showdown Captain Mode,2120.0,0,4,1,8000.0,2026-09-29 00:15:00+00:00,Mon 8:15PM
196039825,"NFL Showdown $2,120 5-Player (PHI @ CHI)",153790,Showdown Captain Mode,2120.0,0,5,1,10000.0,2026-09-29 00:15:00+00:00,Mon 8:15PM
196169204,"NFL Showdown $2,120 5-Player (PHI @ CHI)",153790,Showdown Captain Mode,2120.0,0,5,1,10000.0,2026-09-29 00:15:00+00:00,Mon 8:15PM
196151228,"NFL Showdown $2,120 3-Player (PHI @ CHI)",153790,Showdown Captain Mode,2120.0,0,3,1,6000.0,2026-09-29 00:15:00+00:00,Mon 8:15PM
196175360,"NFL Showdown $2,120 3-Player (PHI @ CHI)",153790,Showdown Captain Mode,2120.0,0,3,1,6000.0,2026-09-29 00:15:00+00:00,Mon 8:15PM
196181927,"NFL Showdown $1,060 50-50 (PHI @ CHI)",153790,Showdown Captain Mode,1060.0,0,4,1,4000.0,2026-09-29 00:15:00+00:00,Mon 8:15PM
196181928,"NFL Showdown $1,060 50-50 (PHI @ CHI)",153790,Showdown Captain Mode,1060.0,0,4,1,4000.0,2026-09-29 00:15:00+00:00,Mon 8:15PM
196039680,"NFL Showdown $1,060 5-Player (PHI @ CHI)",153790,Showdown Captain Mode,1060.0,0,5,1,5000.0,2026-09-29 00:15:00+00:00,Mon 8:15PM
196175353,"NFL Showdown $1,060 5-Player (PHI @ CHI)",153790,Showdown Captain Mode,1060.0,0,5,1,5000.0,2026-09-29 00:15:00+00:00,Mon 8:15PM
196164548,"NFL Showdown $1,060 3-Player (PHI @ CHI)",153790,Showdown Captain Mode,1060.0,0,3,1,3000.0,2026-09-29 00:15:00+00:00,Mon 8:15PM
196164549,"NFL Showdown $1,060 3-Player (PHI @ CHI)",153790,Showdown Captain Mode,1060.0,0,3,1,3000.0,2026-09-29 00:15:00+00:00,Mon 8:15PM
196165066,NFL Showdown $530 50-50 (PHI @ CHI),153790,Showdown Captain Mode,530.0,0,8,1,4000.0,2026-09-29 00:15:00+00:00,Mon 8:15PM
196181929,NFL Showdown $530 50-50 (PHI @ CHI),153790,Showdown Captain Mode,530.0,0,4,1,2000.0,2026-09-29 00:15:00+00:00,Mon 8:15PM
196181930,NFL Showdown $530 50-50 (PHI @ CHI),153790,Showdown Captain Mode,530.0,0,4,1,2000.0,2026-09-29 00:15:00+00:00,Mon 8:15PM
196039707,NFL Showdown $530 5-Player (PHI @ CHI),153790,Showdown Captain Mode,530.0,0,5,1,2500.0,2026-09-29 00:15:00+00:00,Mon 8:15PM
196175356,NFL Showdown $530 5-Player (PHI @ CHI),153790,Showdown Captain Mode,530.0,0,5,1,2500.0,2026-09-29 00:15:00+00:00,Mon 8:15PM
196180300,NFL Showdown $530 3-Player (PHI @ CHI),153790,Showdown Captain Mode,530.0,0,3,1,1500.0,2026-09-29 00:15:00+00:00,Mon 8:15PM
196180301,NFL Showdown $530 3-Player (PHI @ CHI),153790,Showdown Captain Mode,530.0,0,3,1,1500.0,2026-09-29 00:15:00+00:00,Mon 8:15PM
196165065,NFL Showdown $270 50-50 (PHI @ CHI),153790,Showdown Captain Mode,270.0,0,8,1,2000.0,2026-09-29 00:15:00+00:00,Mon 8:15PM
196181933,NFL Showdown $270 50-50 (PHI @ CHI),153790,Showdown Captain Mode,270.0,0,4,1,1000.0,2026-09-29 00:15:00+00:00,Mon 8:15PM
196181934,NFL Showdown $270 50-50 (PHI @ CHI),153790,Showdown Captain Mode,270.0,0,4,1,1000.0,2026-09-29 00:15:00+00:00,Mon 8:15PM
196039767,NFL Showdown $270 10-Player (PHI @ CHI),153790,Showdown Captain Mode,270.0,0,10,1,2500.0,2026-09-29 00:15:00+00:00,Mon 8:15PM
196175357,NFL Showdown $270 3-Player (PHI @ CHI),153790,Showdown Captain Mode,270.0,0,3,1,750.0,2026-09-29 00:15:00+00:00,Mon 8:15PM
196175358,NFL Showdown $270 3-Player (PHI @ CHI),153790,Showdown Captain Mode,270.0,0,3,1,750.0,2026-09-29 00:15:00+00:00,Mon 8:15PM
196039705,NFL Showdown $270 5-Player (PHI @ CHI),153790,Showdown Captain Mode,270.0,0,5,1,1250.0,2026-09-29 00:15:00+00:00,Mon 8:15PM
196175355,NFL Showdown $270 5-Player (PHI @ CHI),153790,Showdown Captain Mode,270.0,0,5,1,1250.0,2026-09-29 00:15:00+00:00,Mon 8:15PM
196165064,NFL Showdown $162 50-50 (PHI @ CHI),153790,Showdown Captain Mode,162.0,0,8,1,1200.0,2026-09-29 00:15:00+00:00,Mon 8:15PM
196181925,NFL Showdown $162 50-50 (PHI @ CHI),153790,Showdown Captain Mode,162.0,0,4,1,600.0,2026-09-29 00:15:00+00:00,Mon 8:15PM
196181926,NFL Showdown $162 50-50 (PHI @ CHI),153790,Showdown Captain Mode,162.0,0,4,1,600.0,2026-09-29 00:15:00+00:00,Mon 8:15PM
196039702,NFL Showdown $162 5-Player (PHI @ CHI),153790,Showdown Captain Mode,162.0,0,5,1,750.0,2026-09-29 00:15:00+00:00,Mon 8:15PM
196175354,NFL Showdown $162 5-Player (PHI @ CHI),153790,Showdown Captain Mode,162.0,0,5,1,750.0,2026-09-29 00:15:00+00:00,Mon 8:15PM
196151212,NFL Showdown $162 3-Player (PHI @ CHI),153790,Showdown Captain Mode,162.0,0,3,1,450.0,2026-09-29 00:15:00+00:00,Mon 8:15PM
196151213,NFL Showdown $162 3-Player (PHI @ CHI),153790,Showdown Captain Mode,162.0,0,3,1,450.0,2026-09-29 00:15:00+00:00,Mon 8:15PM
196162952,NFL Showdown $162 3-Player (PHI @ CHI),153790,Showdown Captain Mode,162.0,0,3,1,450.0,2026-09-29 00:15:00+00:00,Mon 8:15PM
196165057,NFL Showdown $109 50-50 (PHI @ CHI),153790,Showdown Captain Mode,109.0,0,20,1,2000.0,2026-09-29 00:15:00+00:00,Mon 8:15PM
196165048,NFL Showdown $109 50-50 (PHI @ CHI),153790,Showdown Captain Mode,109.0,0,10,1,1000.0,2026-09-29 00:15:00+00:00,Mon 8:15PM
196181931,NFL Showdown $109 50-50 (PHI @ CHI),153790,Showdown Captain Mode,109.0,0,4,1,400.0,2026-09-29 00:15:00+00:00,Mon 8:15PM
196181932,NFL Showdown $109 50-50 (PHI @ CHI),153790,Showdown Captain Mode,109.0,0,4,1,400.0,2026-09-29 00:15:00+00:00,Mon 8:15PM
196175359,NFL Showdown $109 5-Player (PHI @ CHI),153790,Showdown Captain Mode,109.0,0,5,1,500.0,2026-09-29 00:15:00+00:00,Mon 8:15PM
196179030,NFL Showdown $109 5-Player (PHI @ CHI),153790,Showdown Captain Mode,109.0,0,5,1,500.0,2026-09-29 00:15:00+00:00,Mon 8:15PM
196151224,NFL Showdown $109 3-Player (PHI @ CHI),153790,Showdown Captain Mode,109.0,0,3,1,300.0,2026-09-29 00:15:00+00:00,Mon 8:15PM
196151225,NFL Showdown $109 3-Player (PHI @ CHI),153790,Showdown Captain Mode,109.0,0,3,1,300.0,2026-09-29 00:15:00+00:00,Mon 8:15PM
196151226,NFL Showdown $109 3-Player (PHI @ CHI),153790,Showdown Captain Mode,109.0,0,3,1,300.0,2026-09-29 00:15:00+00:00,Mon 8:15PM
196165056,NFL Showdown $50 50-50 (PHI @ CHI),153790,Showdown Captain Mode,50.0,0,20,1,900.0,2026-09-29 00:15:00+00:00,Mon 8:15PM
196165046,NFL Showdown $50 50-50 (PHI @ CHI),153790,Showdown Captain Mode,50.0,0,10,1,450.0,2026-09-29 00:15:00+00:00,Mon 8:15PM
196165047,NFL Showdown $50 50-50 (PHI @ CHI),153790,Showdown Captain Mode,50.0,0,10,1,450.0,2026-09-29 00:15:00+00:00,Mon 8:15PM
196165039,NFL Showdown $50 50-50 (PHI @ CHI),153790,Showdown Captain Mode,50.0,0,4,1,180.0,2026-09-29 00:15:00+00:00,Mon 8:15PM
196165040,NFL Showdown $50 50-50 (PHI @ CHI),153790,Showdown Captain Mode,50.0,0,4,1,180.0,2026-09-29 00:15:00+00:00,Mon 8:15PM
196165041,NFL Showdown $50 50-50 (PHI @ CHI),153790,Showdown Captain Mode,50.0,0,4,1,180.0,2026-09-29 00:15:00+00:00,Mon 8:15PM
196165075,NFL Showdown $50 Double Up (PHI @ CHI),153790,Showdown Captain Mode,50.0,0,22,1,1000.0,2026-09-29 00:15:00+00:00,Mon 8:15PM
196165074,NFL Showdown $50 Double Up (PHI @ CHI),153790,Showdown Captain Mode,50.0,0,11,1,500.0,2026-09-29 00:15:00+00:00,Mon 8:15PM
196039770,NFL Showdown $50 20-Player (PHI @ CHI),153790,Showdown Captain Mode,50.0,0,20,1,900.0,2026-09-29 00:15:00+00:00,Mon 8:15PM
196039681,NFL Showdown $50 10-Player (PHI @ CHI),153790,Showdown Captain Mode,50.0,0,10,1,450.0,2026-09-29 00:15:00+00:00,Mon 8:15PM
196039682,NFL Showdown $50 10-Player (PHI @ CHI),153790,Showdown Captain Mode,50.0,0,10,1,450.0,2026-09-29 00:15:00+00:00,Mon 8:15PM
196039658,NFL Showdown $50 5-Player (PHI @ CHI),153790,Showdown Captain Mode,50.0,0,5,1,225.0,2026-09-29 00:15:00+00:00,Mon 8:15PM
196175343,NFL Showdown $50 5-Player (PHI @ CHI),153790,Showdown Captain Mode,50.0,0,5,1,225.0,2026-09-29 00:15:00+00:00,Mon 8:15PM
196177489,NFL Showdown $50 3-Player (PHI @ CHI),153790,Showdown Captain Mode,50.0,0,3,1,135.0,2026-09-29 00:15:00+00:00,Mon 8:15PM
196182225,NFL Showdown $50 3-Player (PHI @ CHI),153790,Showdown Captain Mode,50.0,0,3,1,135.0,2026-09-29 00:15:00+00:00,Mon 8:15PM
196184455,NFL Showdown $50 3-Player (PHI @ CHI),153790,Showdown Captain Mode,50.0,0,3,1,135.0,2026-09-29 00:15:00+00:00,Mon 8:15PM
196183859,NFL Showdown $25 Double Up (PHI @ CHI),153790,Showdown Captain Mode,25.0,0,22,1,500.0,2026-09-29 00:15:00+00:00,Mon 8:15PM
196183858,NFL Showdown $25 Double Up (PHI @ CHI),153790,Showdown Captain Mode,25.0,0,11,1,250.0,2026-09-29 00:15:00+00:00,Mon 8:15PM
196183857,NFL Showdown $20 50-50 (PHI @ CHI),153790,Showdown Captain Mode,20.0,0,50,1,900.0,2026-09-29 00:15:00+00:00,Mon 8:15PM
196183855,NFL Showdown $20 50-50 (PHI @ CHI),153790,Showdown Captain Mode,20.0,0,20,1,360.0,2026-09-29 00:15:00+00:00,Mon 8:15PM
196183856,NFL Showdown $20 50-50 (PHI @ CHI),153790,Showdown Captain Mode,20.0,0,20,1,360.0,2026-09-29 00:15:00+00:00,Mon 8:15PM
196183853,NFL Showdown $20 50-50 (PHI @ CHI),153790,Showdown Captain Mode,20.0,0,10,1,180.0,2026-09-29 00:15:00+00:00,Mon 8:15PM
196183854,NFL Showdown $20 50-50 (PHI @ CHI),153790,Showdown Captain Mode,20.0,0,10,1,180.0,2026-09-29 00:15:00+00:00,Mon 8:15PM
196184316,NFL Showdown $20 100-Player (PHI @ CHI),153790,Showdown Captain Mode,20.0,0,100,1,1800.0,2026-09-29 00:15:00+00:00,Mon 8:15PM
196039773,NFL Showdown $20 40-Player (PHI @ CHI),153790,Showdown Captain Mode,20.0,0,40,1,720.0,2026-09-29 00:15:00+00:00,Mon 8:15PM
196039768,NFL Showdown $20 20-Player (PHI @ CHI),153790,Showdown Captain Mode,20.0,0,20,1,360.0,2026-09-29 00:15:00+00:00,Mon 8:15PM
196039769,NFL Showdown $20 20-Player (PHI @ CHI),153790,Showdown Captain Mode,20.0,0,20,1,360.0,2026-09-29 00:15:00+00:00,Mon 8:15PM
196039687,NFL Showdown $20 10-Player (PHI @ CHI),153790,Showdown Captain Mode,20.0,0,10,1,180.0,2026-09-29 00:15:00+00:00,Mon 8:15PM
196039688,NFL Showdown $20 10-Player (PHI @ CHI),153790,Showdown Captain Mode,20.0,0,10,1,180.0,2026-09-29 00:15:00+00:00,Mon 8:15PM
196039634,NFL Showdown $20 5-Player (PHI @ CHI),153790,Showdown Captain Mode,20.0,0,5,1,90.0,2026-09-29 00:15:00+00:00,Mon 8:15PM
196175339,NFL Showdown $20 5-Player (PHI @ CHI),153790,Showdown Captain Mode,20.0,0,5,1,90.0,2026-09-29 00:15:00+00:00,Mon 8:15PM
196177736,NFL Showdown $20 5-Player (PHI @ CHI),153790,Showdown Captain Mode,20.0,0,5,1,90.0,2026-09-29 00:15:00+00:00,Mon 8:15PM
196182188,NFL Showdown $20 3-Player (PHI @ CHI),153790,Showdown Captain Mode,20.0,0,3,1,54.0,2026-09-29 00:15:00+00:00,Mon 8:15PM
196184182,NFL Showdown $20 3-Player (PHI @ CHI),153790,Showdown Captain Mode,20.0,0,3,1,54.0,2026-09-29 00:15:00+00:00,Mon 8:15PM
196184673,NFL Showdown $20 3-Player (PHI @ CHI),153790,Showdown Captain Mode,20.0,0,3,1,54.0,2026-09-29 00:15:00+00:00,Mon 8:15PM
196185062,NFL Showdown $10 50-50 (PHI @ CHI),153790,Showdown Captain Mode,10.0,0,50,1,450.0,2026-09-29 00:15:00+00:00,Mon 8:15PM
196185056,NFL Showdown $10 50-50 (PHI @ CHI),153790,Showdown Captain Mode,10.0,0,20,1,180.0,2026-09-29 00:15:00+00:00,Mon 8:15PM
196185057,NFL Showdown $10 50-50 (PHI @ CHI),153790,Showdown Captain Mode,10.0,0,20,1,180.0,2026-09-29 00:15:00+00:00,Mon 8:15PM
196185048,NFL Showdown $10 50-50 (PHI @ CHI),153790,Showdown Captain Mode,10.0,0,10,1,90.0,2026-09-29 00:15:00+00:00,Mon 8:15PM
196185049,NFL Showdown $10 50-50 (PHI @ CHI),153790,Showdown Captain Mode,10.0,0,10,1,90.0,2026-09-29 00:15:00+00:00,Mon 8:15PM
196185063,NFL Showdown $10 Double Up (PHI @ CHI),153790,Showdown Captain Mode,10.0,0,11,1,100.0,2026-09-29 00:15:00+00:00,Mon 8:15PM
196185064,NFL Showdown $10 Double Up (PHI @ CHI),153790,Showdown Captain Mode,10.0,0,11,1,100.0,2026-09-29 00:15:00+00:00,Mon 8:15PM
196185068,NFL Showdown $10 100-Player (PHI @ CHI),153790,Showdown Captain Mode,10.0,0,100,1,900.0,2026-09-29 00:15:00+00:00,Mon 8:15PM
196185059,NFL Showdown $10 40-Player (PHI @ CHI),153790,Showdown Captain Mode,10.0,0,40,1,360.0,2026-09-29 00:15:00+00:00,Mon 8:15PM
196185050,NFL Showdown $10 20-Player (PHI @ CHI),153790,Showdown Captain Mode,10.0,0,20,1,180.0,2026-09-29 00:15:00+00:00,Mon 8:15PM
196185051,NFL Showdown $10 20-Player (PHI @ CHI),153790,Showdown Captain Mode,10.0,0,20,1,180.0,2026-09-29 00:15:00+00:00,Mon 8:15PM
196185043,NFL Showdown $10 10-Player (PHI @ CHI),153790,Showdown Captain Mode,10.0,0,10,1,90.0,2026-09-29 00:15:00+00:00,Mon 8:15PM
196185044,NFL Showdown $10 10-Player (PHI @ CHI),153790,Showdown Captain Mode,10.0,0,10,1,90.0,2026-09-29 00:15:00+00:00,Mon 8:15PM
196185037,NFL Showdown $10 5-Player (PHI @ CHI),153790,Showdown Captain Mode,10.0,0,5,1,45.0,2026-09-29 00:15:00+00:00,Mon 8:15PM
196185038,NFL Showdown $10 5-Player (PHI @ CHI),153790,Showdown Captain Mode,10.0,0,5,1,45.0,2026-09-29 00:15:00+00:00,Mon 8:15PM
196185039,NFL Showdown $10 5-Player (PHI @ CHI),153790,Showdown Captain Mode,10.0,0,5,1,45.0,2026-09-29 00:15:00+00:00,Mon 8:15PM
196185045,NFL Showdown $10 3-Player (PHI @ CHI),153790,Showdown Captain Mode,10.0,0,3,1,27.0,2026-09-29 00:15:00+00:00,Mon 8:15PM
196185046,NFL Showdown $10 3-Player (PHI @ CHI),153790,Showdown Captain Mode,10.0,0,3,1,27.0,2026-09-29 00:15:00+00:00,Mon 8:15PM
196185047,NFL Showdown $10 3-Player (PHI @ CHI),153790,Showdown Captain Mode,10.0,0,3,1,27.0,2026-09-29 00:15:00+00:00,Mon 8:15PM
196185060,NFL Showdown $5 50-50 (PHI @ CHI),153790,Showdown Captain Mode,5.0,0,100,1,450.0,2026-09-29 00:15:00+00:00,Mon 8:15PM
196185061,NFL Showdown $5 50-50 (PHI @ CHI),153790,Showdown Captain Mode,5.0,0,50,1,225.0,2026-09-29 00:15:00+00:00,Mon 8:15PM
196185053,NFL Showdown $5 50-50 (PHI @ CHI),153790,Showdown Captain Mode,5.0,0,20,1,90.0,2026-09-29 00:15:00+00:00,Mon 8:15PM
196185054,NFL Showdown $5 50-50 (PHI @ CHI),153790,Showdown Captain Mode,5.0,0,20,1,90.0,2026-09-29 00:15:00+00:00,Mon 8:15PM
196185055,NFL Showdown $5 50-50 (PHI @ CHI),153790,Showdown Captain Mode,5.0,0,20,1,90.0,2026-09-29 00:15:00+00:00,Mon 8:15PM
196185040,NFL Showdown $5 50-50 (PHI @ CHI),153790,Showdown Captain Mode,5.0,0,10,1,45.0,2026-09-29 00:15:00+00:00,Mon 8:15PM
196185041,NFL Showdown $5 50-50 (PHI @ CHI),153790,Showdown Captain Mode,5.0,0,10,1,45.0,2026-09-29 00:15:00+00:00,Mon 8:15PM
196185042,NFL Showdown $5 50-50 (PHI @ CHI),153790,Showdown Captain Mode,5.0,0,10,1,45.0,2026-09-29 00:15:00+00:00,Mon 8:15PM
196185065,NFL Showdown $5 Double Up (PHI @ CHI),153790,Showdown Captain Mode,5.0,0,11,1,50.0,2026-09-29 00:15:00+00:00,Mon 8:15PM
196185066,NFL Showdown $5 Double Up (PHI @ CHI),153790,Showdown Captain Mode,5.0,0,11,1,50.0,2026-09-29 00:15:00+00:00,Mon 8:15PM
196185067,NFL Showdown $5 100-Player (PHI @ CHI),153790,Showdown Captain Mode,5.0,0,100,1,450.0,2026-09-29 00:15:00+00:00,Mon 8:15PM
196185058,NFL Showdown $5 40-Player (PHI @ CHI),153790,Showdown Captain Mode,5.0,0,40,1,180.0,2026-09-29 00:15:00+00:00,Mon 8:15PM
196168489,NFL Showdown $5 20-Player (PHI @ CHI),153790,Showdown Captain Mode,5.0,0,20,1,90.0,2026-09-29 00:15:00+00:00,Mon 8:15PM
196185052,NFL Showdown $5 20-Player (PHI @ CHI),153790,Showdown Captain Mode,5.0,0,20,1,90.0,2026-09-29 00:15:00+00:00,Mon 8:15PM
196039620,NFL Showdown $5 10-Player (PHI @ CHI),153790,Showdown Captain Mode,5.0,0,10,1,45.0,2026-09-29 00:15:00+00:00,Mon 8:15PM
196039621,NFL Showdown $5 10-Player (PHI @ CHI),153790,Showdown Captain Mode,5.0,0,10,1,45.0,2026-09-29 00:15:00+00:00,Mon 8:15PM
196094778,NFL Showdown $5 10-Player (PHI @ CHI),153790,Showdown Captain Mode,5.0,0,10,1,45.0,2026-09-29 00:15:00+00:00,Mon 8:15PM
196039627,NFL Showdown $5 5-Player (PHI @ CHI),153790,Showdown Captain Mode,5.0,0,5,1,22.5,2026-09-29 00:15:00+00:00,Mon 8:15PM
196039628,NFL Showdown $5 5-Player (PHI @ CHI),153790,Showdown Captain Mode,5.0,0,5,1,22.5,2026-09-29 00:15:00+00:00,Mon 8:15PM
196183157,NFL Showdown $5 5-Player (PHI @ CHI),153790,Showdown Captain Mode,5.0,0,5,1,22.5,2026-09-29 00:15:00+00:00,Mon 8:15PM
196182180,NFL Showdown $5 3-Player (PHI @ CHI),153790,Showdown Captain Mode,5.0,0,3,1,13.5,2026-09-29 00:15:00+00:00,Mon 8:15PM
196182181,NFL Showdown $5 3-Player (PHI @ CHI),153790,Showdown Captain Mode,5.0,0,3,1,13.5,2026-09-29 00:15:00+00:00,Mon 8:15PM
196182182,NFL Showdown $5 3-Player (PHI @ CHI),153790,Showdown Captain Mode,5.0,0,3,1,13.5,2026-09-29 00:15:00+00:00,Mon 8:15PM
196182178,NFL Showdown $5 3-Player (PHI @ CHI),153790,Showdown Captain Mode,5.0,0,3,1,13.5,2026-09-29 00:15:00+00:00,Mon 8:15PM
196182179,NFL Showdown $5 3-Player (PHI @ CHI),153790,Showdown Captain Mode,5.0,0,3,1,13.5,2026-09-29 00:15:00+00:00,Mon 8:15PM
196184061,NFL Showdown $5 3-Player (PHI @ CHI),153790,Showdown Captain Mode,5.0,0,3,1,13.5,2026-09-29 00:15:00+00:00,Mon 8:15PM
196184066,NFL Showdown $3 Double Up (PHI @ CHI),153790,Showdown Captain Mode,3.0,0,11,1,30.0,2026-09-29 00:15:00+00:00,Mon 8:15PM
196184067,NFL Showdown $3 Double Up (PHI @ CHI),153790,Showdown Captain Mode,3.0,0,11,1,30.0,2026-09-29 00:15:00+00:00,Mon 8:15PM
196179629,NFL Showdown $2 50-50 (PHI @ CHI),153790,Showdown Captain Mode,2.0,0,100,1,180.0,2026-09-29 00:15:00+00:00,Mon 8:15PM
196175733,NFL Showdown $2 50-50 (PHI @ CHI),153790,Showdown Captain Mode,2.0,0,50,1,90.0,2026-09-29 00:15:00+00:00,Mon 8:15PM
196175731,NFL Showdown $2 50-50 (PHI @ CHI),153790,Showdown Captain Mode,2.0,0,20,1,36.0,2026-09-29 00:15:00+00:00,Mon 8:15PM
196175717,NFL Showdown $2 50-50 (PHI @ CHI),153790,Showdown Captain Mode,2.0,0,20,1,36.0,2026-09-29 00:15:00+00:00,Mon 8:15PM
196175718,NFL Showdown $2 50-50 (PHI @ CHI),153790,Showdown Captain Mode,2.0,0,20,1,36.0,2026-09-29 00:15:00+00:00,Mon 8:15PM
196175719,NFL Showdown $2 50-50 (PHI @ CHI),153790,Showdown Captain Mode,2.0,0,20,1,36.0,2026-09-29 00:15:00+00:00,Mon 8:15PM
196175726,NFL Showdown $2 50-50 (PHI @ CHI),153790,Showdown Captain Mode,2.0,0,10,1,18.0,2026-09-29 00:15:00+00:00,Mon 8:15PM
196175727,NFL Showdown $2 50-50 (PHI @ CHI),153790,Showdown Captain Mode,2.0,0,10,1,18.0,2026-09-29 00:15:00+00:00,Mon 8:15PM
196175728,NFL Showdown $2 50-50 (PHI @ CHI),153790,Showdown Captain Mode,2.0,0,10,1,18.0,2026-09-29 00:15:00+00:00,Mon 8:15PM
196146392,NFL Showdown $2 100-Player (PHI @ CHI),153790,Showdown Captain Mode,2.0,0,100,1,180.0,2026-09-29 00:15:00+00:00,Mon 8:15PM
196146374,NFL Showdown $2 40-Player (PHI @ CHI),153790,Showdown Captain Mode,2.0,0,40,1,72.0,2026-09-29 00:15:00+00:00,Mon 8:15PM
196146375,NFL Showdown $2 40-Player (PHI @ CHI),153790,Showdown Captain Mode,2.0,0,40,1,72.0,2026-09-29 00:15:00+00:00,Mon 8:15PM
196146369,NFL Showdown $2 20-Player (PHI @ CHI),153790,Showdown Captain Mode,2.0,0,20,1,36.0,2026-09-29 00:15:00+00:00,Mon 8:15PM
196146371,NFL Showdown $2 20-Player (PHI @ CHI),153790,Showdown Captain Mode,2.0,0,20,1,36.0,2026-09-29 00:15:00+00:00,Mon 8:15PM
196178346,NFL Showdown $2 20-Player (PHI @ CHI),153790,Showdown Captain Mode,2.0,0,20,1,36.0,2026-09-29 00:15:00+00:00,Mon 8:15PM
196146349,NFL Showdown $2 10-Player (PHI @ CHI),153790,Showdown Captain Mode,2.0,0,10,1,18.0,2026-09-29 00:15:00+00:00,Mon 8:15PM
196146350,NFL Showdown $2 10-Player (PHI @ CHI),153790,Showdown Captain Mode,2.0,0,10,1,18.0,2026-09-29 00:15:00+00:00,Mon 8:15PM
196178351,NFL Showdown $2 10-Player (PHI @ CHI),153790,Showdown Captain Mode,2.0,0,10,1,18.0,2026-09-29 00:15:00+00:00,Mon 8:15PM
196146345,NFL Showdown $2 5-Player (PHI @ CHI),153790,Showdown Captain Mode,2.0,0,5,1,9.0,2026-09-29 00:15:00+00:00,Mon 8:15PM
196146346,NFL Showdown $2 5-Player (PHI @ CHI),153790,Showdown Captain Mode,2.0,0,5,1,9.0,2026-09-29 00:15:00+00:00,Mon 8:15PM
196174040,NFL Showdown $2 5-Player (PHI @ CHI),153790,Showdown Captain Mode,2.0,0,5,1,9.0,2026-09-29 00:15:00+00:00,Mon 8:15PM
196183868,NFL Showdown $2 3-Player (PHI @ CHI),153790,Showdown Captain Mode,2.0,0,3,1,5.4,2026-09-29 00:15:00+00:00,Mon 8:15PM
196184668,NFL Showdown $2 3-Player (PHI @ CHI),153790,Showdown Captain Mode,2.0,0,3,1,5.4,2026-09-29 00:15:00+00:00,Mon 8:15PM
196184669,NFL Showdown $2 3-Player (PHI @ CHI),153790,Showdown Captain Mode,2.0,0,3,1,5.4,2026-09-29 00:15:00+00:00,Mon 8:15PM
196183536,NFL Showdown $1 50-50 (PHI @ CHI),153790,Showdown Captain Mode,1.0,0,100,1,90.0,2026-09-29 00:15:00+00:00,Mon 8:15PM
196182628,NFL Showdown $1 50-50 (PHI @ CHI),153790,Showdown Captain Mode,1.0,0,50,1,45.0,2026-09-29 00:15:00+00:00,Mon 8:15PM
196182621,NFL Showdown $1 50-50 (PHI @ CHI),153790,Showdown Captain Mode,1.0,0,20,1,18.0,2026-09-29 00:15:00+00:00,Mon 8:15PM
196182622,NFL Showdown $1 50-50 (PHI @ CHI),153790,Showdown Captain Mode,1.0,0,20,1,18.0,2026-09-29 00:15:00+00:00,Mon 8:15PM
196182623,NFL Showdown $1 50-50 (PHI @ CHI),153790,Showdown Captain Mode,1.0,0,20,1,18.0,2026-09-29 00:15:00+00:00,Mon 8:15PM
196179983,NFL Showdown $1 50-50 (PHI @ CHI),153790,Showdown Captain Mode,1.0,0,10,1,9.0,2026-09-29 00:15:00+00:00,Mon 8:15PM
196182624,NFL Showdown $1 50-50 (PHI @ CHI),153790,Showdown Captain Mode,1.0,0,10,1,9.0,2026-09-29 00:15:00+00:00,Mon 8:15PM
196182625,NFL Showdown $1 50-50 (PHI @ CHI),153790,Showdown Captain Mode,1.0,0,10,1,9.0,2026-09-29 00:15:00+00:00,Mon 8:15PM
196175737,NFL Showdown $1 Double Up (PHI @ CHI),153790,Showdown Captain Mode,1.0,0,11,1,10.0,2026-09-29 00:15:00+00:00,Mon 8:15PM
196179461,NFL Showdown $1 Double Up (PHI @ CHI),153790,Showdown Captain Mode,1.0,0,11,1,10.0,2026-09-29 00:15:00+00:00,Mon 8:15PM
196183537,NFL Showdown $1 100-Player (PHI @ CHI),153790,Showdown Captain Mode,1.0,0,100,1,90.0,2026-09-29 00:15:00+00:00,Mon 8:15PM
196146373,NFL Showdown $1 40-Player (PHI @ CHI),153790,Showdown Captain Mode,1.0,0,40,1,36.0,2026-09-29 00:15:00+00:00,Mon 8:15PM
196180662,NFL Showdown $1 40-Player (PHI @ CHI),153790,Showdown Captain Mode,1.0,0,40,1,36.0,2026-09-29 00:15:00+00:00,Mon 8:15PM
196146367,NFL Showdown $1 20-Player (PHI @ CHI),153790,Showdown Captain Mode,1.0,0,20,1,18.0,2026-09-29 00:15:00+00:00,Mon 8:15PM
196146368,NFL Showdown $1 20-Player (PHI @ CHI),153790,Showdown Captain Mode,1.0,0,20,1,18.0,2026-09-29 00:15:00+00:00,Mon 8:15PM
196180661,NFL Showdown $1 20-Player (PHI @ CHI),153790,Showdown Captain Mode,1.0,0,20,1,18.0,2026-09-29 00:15:00+00:00,Mon 8:15PM
196146363,NFL Showdown $1 10-Player (PHI @ CHI),153790,Showdown Captain Mode,1.0,0,10,1,9.0,2026-09-29 00:15:00+00:00,Mon 8:15PM
196173594,NFL Showdown $1 10-Player (PHI @ CHI),153790,Showdown Captain Mode,1.0,0,10,1,9.0,2026-09-29 00:15:00+00:00,Mon 8:15PM
196173595,NFL Showdown $1 10-Player (PHI @ CHI),153790,Showdown Captain Mode,1.0,0,10,1,9.0,2026-09-29 00:15:00+00:00,Mon 8:15PM
196173589,NFL Showdown $1 5-Player (PHI @ CHI),153790,Showdown Captain Mode,1.0,0,5,1,4.5,2026-09-29 00:15:00+00:00,Mon 8:15PM
196175312,NFL Showdown $1 5-Player (PHI @ CHI),153790,Showdown Captain Mode,1.0,0,5,1,4.5,2026-09-29 00:15:00+00:00,Mon 8:15PM
196181828,NFL Showdown $1 5-Player (PHI @ CHI),153790,Showdown Captain Mode,1.0,0,5,1,4.5,2026-09-29 00:15:00+00:00,Mon 8:15PM
196184667,NFL Showdown $1 3-Player (PHI @ CHI),153790,Showdown Captain Mode,1.0,0,3,1,2.7,2026-09-29 00:15:00+00:00,Mon 8:15PM
196185116,NFL Showdown $1 3-Player (PHI @ CHI),153790,Showdown Captain Mode,1.0,0,3,1,2.7,2026-09-29 00:15:00+00:00,Mon 8:15PM
196185129,NFL Showdown $1 3-Player (PHI @ CHI),153790,Showdown Captain Mode,1.0,0,3,1,2.7,2026-09-29 00:15:00+00:00,Mon 8:15PM
196180622,NFL Satellite to $20 NFL Fantasy Football Millionaire [Must Fill] (Mon-Thu),153809,Classic,7.4,1,3,1,20.0,2026-09-29 00:15:00+00:00,Mon 8:15PM
196156803,Beginner NFL $5 3-Player (Mon-Thu),153809,Classic,5.0,1,3,1,13.5,2026-09-29 00:15:00+00:00,Mon 8:15PM
196156804,Beginner NFL $2 3-Player (Mon-Thu),153809,Classic,2.0,1,3,1,5.4,2026-09-29 00:15:00+00:00,Mon 8:15PM
196156884,Beginner NFL $1 50-50 (Mon-Thu),153809,Classic,1.0,3,4,1,3.6,2026-09-29 00:15:00+00:00,Mon 8:15PM
196156806,"NFL $10,600 3-Player (Mon-Thu)",153809,Classic,10600.0,1,3,1,30000.0,2026-09-29 00:15:00+00:00,Mon 8:15PM
196156808,"NFL $5,300 3-Player (Mon-Thu)",153809,Classic,5300.0,1,3,1,15000.0,2026-09-29 00:15:00+00:00,Mon 8:15PM
196156814,"NFL $1,060 3-Player (Mon-Thu)",153809,Classic,1060.0,1,3,1,3000.0,2026-09-29 00:15:00+00:00,Mon 8:15PM
196156815,"NFL $1,060 3-Player (Mon-Thu)",153809,Classic,1060.0,1,3,1,3000.0,2026-09-29 00:15:00+00:00,Mon 8:15PM
196156818,NFL $530 3-Player (Mon-Thu),153809,Classic,530.0,1,3,1,1500.0,2026-09-29 00:15:00+00:00,Mon 8:15PM
196156819,NFL $530 3-Player (Mon-Thu),153809,Classic,530.0,1,3,1,1500.0,2026-09-29 00:15:00+00:00,Mon 8:15PM
196156824,NFL $270 3-Player (Mon-Thu),153809,Classic,270.0,1,3,1,750.0,2026-09-29 00:15:00+00:00,Mon 8:15PM
196156825,NFL $270 3-Player (Mon-Thu),153809,Classic,270.0,1,3,1,750.0,2026-09-29 00:15:00+00:00,Mon 8:15PM
196156832,NFL $109 3-Player (Mon-Thu),153809,Classic,109.0,2,3,1,300.0,2026-09-29 00:15:00+00:00,Mon 8:15PM
196156833,NFL $109 3-Player (Mon-Thu),153809,Classic,109.0,1,3,1,300.0,2026-09-29 00:15:00+00:00,Mon 8:15PM
196156871,NFL $50 Double Up (Mon-Thu),153809,Classic,50.0,1,22,1,1000.0,2026-09-29 00:15:00+00:00,Mon 8:15PM
196156870,NFL $50 Double Up (Mon-Thu),153809,Classic,50.0,2,11,1,500.0,2026-09-29 00:15:00+00:00,Mon 8:15PM
196159329,NFL $50 4-Player (Winner Takes All) (Mon-Thu) x2,153809,Classic,50.0,3,4,1,180.0,2026-09-29 00:15:00+00:00,Mon 8:15PM
196156846,NFL $50 3-Player (Mon-Thu),153809,Classic,50.0,1,3,1,135.0,2026-09-29 00:15:00+00:00,Mon 8:15PM
196156869,NFL $25 Double Up (Mon-Thu),153809,Classic,25.0,3,22,1,500.0,2026-09-29 00:15:00+00:00,Mon 8:15PM
196159214,NFL $25 Double Up (Mon-Thu),153809,Classic,25.0,2,22,1,500.0,2026-09-29 00:15:00+00:00,Mon 8:15PM
196177801,NFL $25 Double Up (Mon-Thu),153809,Classic,25.0,1,22,1,500.0,2026-09-29 00:15:00+00:00,Mon 8:15PM
196180758,NFL $25 Double Up (Mon-Thu),153809,Classic,25.0,1,22,1,500.0,2026-09-29 00:15:00+00:00,Mon 8:15PM
196156868,NFL $25 Double Up (Mon-Thu),153809,Classic,25.0,8,11,1,250.0,2026-09-29 00:15:00+00:00,Mon 8:15PM
196159215,NFL $25 Double Up (Mon-Thu),153809,Classic,25.0,4,11,1,250.0,2026-09-29 00:15:00+00:00,Mon 8:15PM
196177804,NFL $25 Double Up (Mon-Thu),153809,Classic,25.0,2,11,1,250.0,2026-09-29 00:15:00+00:00,Mon 8:15PM
196180795,NFL $25 Double Up (Mon-Thu),153809,Classic,25.0,2,11,1,250.0,2026-09-29 00:15:00+00:00,Mon 8:15PM
196156857,NFL $20 50-50 (Mon-Thu),153809,Classic,20.0,2,10,1,180.0,2026-09-29 00:15:00+00:00,Mon 8:15PM
196180794,NFL $20 50-50 (Mon-Thu),153809,Classic,20.0,2,10,1,180.0,2026-09-29 00:15:00+00:00,Mon 8:15PM
196156853,NFL $20 50-50 (Mon-Thu),153809,Classic,20.0,3,4,1,72.0,2026-09-29 00:15:00+00:00,Mon 8:15PM
196180793,NFL $20 50-50 (Mon-Thu),153809,Classic,20.0,2,4,1,72.0,2026-09-29 00:15:00+00:00,Mon 8:15PM
196156858,NFL $20 5-Player (Mon-Thu),153809,Classic,20.0,2,5,1,90.0,2026-09-29 00:15:00+00:00,Mon 8:15PM
196159366,NFL $20 4-Player (Winner Takes All) (Mon-Thu),153809,Classic,20.0,2,4,1,72.0,2026-09-29 00:15:00+00:00,Mon 8:15PM
196156862,NFL $10 50-50 (Mon-Thu),153809,Classic,10.0,5,10,1,90.0,2026-09-29 00:15:00+00:00,Mon 8:15PM
196180797,NFL $10 50-50 (Mon-Thu),153809,Classic,10.0,1,10,1,90.0,2026-09-29 00:15:00+00:00,Mon 8:15PM
196156861,NFL $10 50-50 (Mon-Thu),153809,Classic,10.0,2,4,1,36.0,2026-09-29 00:15:00+00:00,Mon 8:15PM
196156866,NFL $10 Double Up (Mon-Thu),153809,Classic,10.0,6,11,1,100.0,2026-09-29 00:15:00+00:00,Mon 8:15PM
196162127,NFL $10 25-Player (Winner Takes All) (Mon-Thu),153809,Classic,10.0,5,25,1,225.0,2026-09-29 00:15:00+00:00,Mon 8:15PM
196174244,NFL $10 5-Player (Winner Takes All) (Mon-Thu),153809,Classic,10.0,4,5,1,45.0,2026-09-29 00:15:00+00:00,Mon 8:15PM
196156864,NFL $10 3-Player (Mon-Thu),153809,Classic,10.0,2,3,1,27.0,2026-09-29 00:15:00+00:00,Mon 8:15PM
196160230,NFL $10 3-Player (Mon-Thu),153809,Classic,10.0,2,3,1,27.0,2026-09-29 00:15:00+00:00,Mon 8:15PM
196156820,NFL $5 50-50 (Mon-Thu),153809,Classic,5.0,7,10,1,45.0,2026-09-29 00:15:00+00:00,Mon 8:15PM
196164007,NFL $5 50-50 (Mon-Thu),153809,Classic,5.0,3,10,1,45.0,2026-09-29 00:15:00+00:00,Mon 8:15PM
196156873,NFL $5 Double Up (Mon-Thu),153809,Classic,5.0,8,11,1,50.0,2026-09-29 00:15:00+00:00,Mon 8:15PM
196156823,NFL $5 20-Player (Mon-Thu),153809,Classic,5.0,1,20,1,90.0,2026-09-29 00:15:00+00:00,Mon 8:15PM
196156880,NFL $5 5-Player (Mon-Thu),153809,Classic,5.0,1,5,1,22.5,2026-09-29 00:15:00+00:00,Mon 8:15PM
196156875,NFL $3 Double Up (Mon-Thu),153809,Classic,3.0,5,11,1,30.0,2026-09-29 00:15:00+00:00,Mon 8:15PM
196158334,NFL $3 Double Up (Mon-Thu),153809,Classic,3.0,1,11,1,30.0,2026-09-29 00:15:00+00:00,Mon 8:15PM
196163017,NFL $3 Double Up (Mon-Thu),153809,Classic,3.0,2,11,1,30.0,2026-09-29 00:15:00+00:00,Mon 8:15PM
196163018,NFL $3 Double Up (Mon-Thu),153809,Classic,3.0,5,11,1,30.0,2026-09-29 00:15:00+00:00,Mon 8:15PM
196167683,NFL $3 Double Up (Mon-Thu),153809,Classic,3.0,1,11,1,30.0,2026-09-29 00:15:00+00:00,Mon 8:15PM
196177264,NFL $3 Double Up (Mon-Thu),153809,Classic,3.0,1,11,1,30.0,2026-09-29 00:15:00+00:00,Mon 8:15PM
196177265,NFL $3 Double Up (Mon-Thu),153809,Classic,3.0,1,11,1,30.0,2026-09-29 00:15:00+00:00,Mon 8:15PM
196180691,NFL $3 Double Up (Mon-Thu),153809,Classic,3.0,1,11,1,30.0,2026-09-29 00:15:00+00:00,Mon 8:15PM
196180692,NFL $3 Double Up (Mon-Thu),153809,Classic,3.0,1,11,1,30.0,2026-09-29 00:15:00+00:00,Mon 8:15PM
196156829,NFL $2 50-50 (Mon-Thu),153809,Classic,2.0,2,20,1,36.0,2026-09-29 00:15:00+00:00,Mon 8:15PM
196162996,NFL $2 50-50 (Mon-Thu),153809,Classic,2.0,2,20,1,36.0,2026-09-29 00:15:00+00:00,Mon 8:15PM
196167515,NFL $2 50-50 (Mon-Thu),153809,Classic,2.0,1,20,1,36.0,2026-09-29 00:15:00+00:00,Mon 8:15PM
196177243,NFL $2 50-50 (Mon-Thu),153809,Classic,2.0,1,20,1,36.0,2026-09-29 00:15:00+00:00,Mon 8:15PM
196180675,NFL $2 50-50 (Mon-Thu),153809,Classic,2.0,1,20,1,36.0,2026-09-29 00:15:00+00:00,Mon 8:15PM
196156830,NFL $2 50-50 (Mon-Thu),153809,Classic,2.0,1,10,1,18.0,2026-09-29 00:15:00+00:00,Mon 8:15PM
196162997,NFL $2 50-50 (Mon-Thu),153809,Classic,2.0,1,10,1,18.0,2026-09-29 00:15:00+00:00,Mon 8:15PM
196177244,NFL $2 50-50 (Mon-Thu),153809,Classic,2.0,1,10,1,18.0,2026-09-29 00:15:00+00:00,Mon 8:15PM
196180676,NFL $2 50-50 (Mon-Thu),153809,Classic,2.0,1,10,1,18.0,2026-09-29 00:15:00+00:00,Mon 8:15PM
196156834,NFL $2 20-Player (Mon-Thu),153809,Classic,2.0,2,20,1,36.0,2026-09-29 00:15:00+00:00,Mon 8:15PM
196160806,NFL $2 20-Player (Mon-Thu),153809,Classic,2.0,1,20,1,36.0,2026-09-29 00:15:00+00:00,Mon 8:15PM
196162998,NFL $2 20-Player (Mon-Thu),153809,Classic,2.0,1,20,1,36.0,2026-09-29 00:15:00+00:00,Mon 8:15PM
196177245,NFL $2 20-Player (Mon-Thu),153809,Classic,2.0,1,20,1,36.0,2026-09-29 00:15:00+00:00,Mon 8:15PM
196180677,NFL $2 20-Player (Mon-Thu),153809,Classic,2.0,1,20,1,36.0,2026-09-29 00:15:00+00:00,Mon 8:15PM
196156835,NFL $2 10-Player (Mon-Thu),153809,Classic,2.0,2,10,1,18.0,2026-09-29 00:15:00+00:00,Mon 8:15PM
196156836,NFL $2 10-Player (Mon-Thu),153809,Classic,2.0,1,10,1,18.0,2026-09-29 00:15:00+00:00,Mon 8:15PM
196159759,NFL $2 10-Player (Mon-Thu),153809,Classic,2.0,1,10,1,18.0,2026-09-29 00:15:00+00:00,Mon 8:15PM
196162999,NFL $2 10-Player (Mon-Thu),153809,Classic,2.0,1,10,1,18.0,2026-09-29 00:15:00+00:00,Mon 8:15PM
196163000,NFL $2 10-Player (Mon-Thu),153809,Classic,2.0,1,10,1,18.0,2026-09-29 00:15:00+00:00,Mon 8:15PM
196177246,NFL $2 10-Player (Mon-Thu),153809,Classic,2.0,1,10,1,18.0,2026-09-29 00:15:00+00:00,Mon 8:15PM
196177247,NFL $2 10-Player (Mon-Thu),153809,Classic,2.0,1,10,1,18.0,2026-09-29 00:15:00+00:00,Mon 8:15PM
196180678,NFL $2 10-Player (Mon-Thu),153809,Classic,2.0,1,10,1,18.0,2026-09-29 00:15:00+00:00,Mon 8:15PM
196180679,NFL $2 10-Player (Mon-Thu),153809,Classic,2.0,1,10,1,18.0,2026-09-29 00:15:00+00:00,Mon 8:15PM
196156838,NFL $2 5-Player (Mon-Thu),153809,Classic,2.0,4,5,1,9.0,2026-09-29 00:15:00+00:00,Mon 8:15PM
196156839,NFL $2 5-Player (Mon-Thu),153809,Classic,2.0,2,5,1,9.0,2026-09-29 00:15:00+00:00,Mon 8:15PM
196163001,NFL $2 5-Player (Mon-Thu),153809,Classic,2.0,1,5,1,9.0,2026-09-29 00:15:00+00:00,Mon 8:15PM
196163002,NFL $2 5-Player (Mon-Thu),153809,Classic,2.0,1,5,1,9.0,2026-09-29 00:15:00+00:00,Mon 8:15PM
196177248,NFL $2 5-Player (Mon-Thu),153809,Classic,2.0,1,5,1,9.0,2026-09-29 00:15:00+00:00,Mon 8:15PM
196177249,NFL $2 5-Player (Mon-Thu),153809,Classic,2.0,1,5,1,9.0,2026-09-29 00:15:00+00:00,Mon 8:15PM
196180680,NFL $2 5-Player (Mon-Thu),153809,Classic,2.0,2,5,1,9.0,2026-09-29 00:15:00+00:00,Mon 8:15PM
196180681,NFL $2 5-Player (Mon-Thu),153809,Classic,2.0,1,5,1,9.0,2026-09-29 00:15:00+00:00,Mon 8:15PM
196181265,NFL $2 5-Player (Mon-Thu),153809,Classic,2.0,1,5,1,9.0,2026-09-29 00:15:00+00:00,Mon 8:15PM
196177379,NFL $2 5-Player (Winner Takes All) (Mon-Thu),153809,Classic,2.0,2,5,1,9.0,2026-09-29 00:15:00+00:00,Mon 8:15PM
196162881,NFL $2 3-Player (Mon-Thu),153809,Classic,2.0,1,3,1,5.4,2026-09-29 00:15:00+00:00,Mon 8:15PM
196163003,NFL $2 3-Player (Mon-Thu),153809,Classic,2.0,2,3,1,5.4,2026-09-29 00:15:00+00:00,Mon 8:15PM
196163004,NFL $2 3-Player (Mon-Thu),153809,Classic,2.0,2,3,1,5.4,2026-09-29 00:15:00+00:00,Mon 8:15PM
196164372,NFL $2 3-Player (Mon-Thu),153809,Classic,2.0,1,3,1,5.4,2026-09-29 00:15:00+00:00,Mon 8:15PM
196172411,NFL $2 3-Player (Mon-Thu),153809,Classic,2.0,2,3,1,5.4,2026-09-29 00:15:00+00:00,Mon 8:15PM
196174248,NFL $2 3-Player (Mon-Thu),153809,Classic,2.0,2,3,1,5.4,2026-09-29 00:15:00+00:00,Mon 8:15PM
196177250,NFL $2 3-Player (Mon-Thu),153809,Classic,2.0,1,3,1,5.4,2026-09-29 00:15:00+00:00,Mon 8:15PM
196177251,NFL $2 3-Player (Mon-Thu),153809,Classic,2.0,1,3,1,5.4,2026-09-29 00:15:00+00:00,Mon 8:15PM
196180683,NFL $2 3-Player (Mon-Thu),153809,Classic,2.0,1,3,1,5.4,2026-09-29 00:15:00+00:00,Mon 8:15PM
196156843,NFL $1 50-50 (Mon-Thu),153809,Classic,1.0,11,20,1,18.0,2026-09-29 00:15:00+00:00,Mon 8:15PM
196163005,NFL $1 50-50 (Mon-Thu),153809,Classic,1.0,2,20,1,18.0,2026-09-29 00:15:00+00:00,Mon 8:15PM
196177252,NFL $1 50-50 (Mon-Thu),153809,Classic,1.0,3,20,1,18.0,2026-09-29 00:15:00+00:00,Mon 8:15PM
196179877,NFL $1 50-50 (Mon-Thu),153809,Classic,1.0,2,20,1,18.0,2026-09-29 00:15:00+00:00,Mon 8:15PM
196156844,NFL $1 50-50 (Mon-Thu),153809,Classic,1.0,9,10,1,9.0,2026-09-29 00:15:00+00:00,Mon 8:15PM
196160117,NFL $1 50-50 (Mon-Thu),153809,Classic,1.0,8,10,1,9.0,2026-09-29 00:15:00+00:00,Mon 8:15PM
196161957,NFL $1 50-50 (Mon-Thu),153809,Classic,1.0,2,10,1,9.0,2026-09-29 00:15:00+00:00,Mon 8:15PM
196161958,NFL $1 50-50 (Mon-Thu),153809,Classic,1.0,3,10,1,9.0,2026-09-29 00:15:00+00:00,Mon 8:15PM
196163006,NFL $1 50-50 (Mon-Thu),153809,Classic,1.0,1,10,1,9.0,2026-09-29 00:15:00+00:00,Mon 8:15PM
196163007,NFL $1 50-50 (Mon-Thu),153809,Classic,1.0,1,10,1,9.0,2026-09-29 00:15:00+00:00,Mon 8:15PM
196177253,NFL $1 50-50 (Mon-Thu),153809,Classic,1.0,1,10,1,9.0,2026-09-29 00:15:00+00:00,Mon 8:15PM
196177254,NFL $1 50-50 (Mon-Thu),153809,Classic,1.0,1,10,1,9.0,2026-09-29 00:15:00+00:00,Mon 8:15PM
196156877,NFL $1 Double Up (Mon-Thu),153809,Classic,1.0,9,11,1,10.0,2026-09-29 00:15:00+00:00,Mon 8:15PM
196158241,NFL $1 Double Up (Mon-Thu),153809,Classic,1.0,7,11,1,10.0,2026-09-29 00:15:00+00:00,Mon 8:15PM
196158331,NFL $1 Double Up (Mon-Thu),153809,Classic,1.0,5,11,1,10.0,2026-09-29 00:15:00+00:00,Mon 8:15PM
196158332,NFL $1 Double Up (Mon-Thu),153809,Classic,1.0,3,11,1,10.0,2026-09-29 00:15:00+00:00,Mon 8:15PM
196161959,NFL $1 Double Up (Mon-Thu),153809,Classic,1.0,1,11,1,10.0,2026-09-29 00:15:00+00:00,Mon 8:15PM
196161960,NFL $1 Double Up (Mon-Thu),153809,Classic,1.0,1,11,1,10.0,2026-09-29 00:15:00+00:00,Mon 8:15PM
196163019,NFL $1 Double Up (Mon-Thu),153809,Classic,1.0,1,11,1,10.0,2026-09-29 00:15:00+00:00,Mon 8:15PM
196163020,NFL $1 Double Up (Mon-Thu),153809,Classic,1.0,1,11,1,10.0,2026-09-29 00:15:00+00:00,Mon 8:15PM
196177266,NFL $1 Double Up (Mon-Thu),153809,Classic,1.0,1,11,1,10.0,2026-09-29 00:15:00+00:00,Mon 8:15PM
196177267,NFL $1 Double Up (Mon-Thu),153809,Classic,1.0,1,11,1,10.0,2026-09-29 00:15:00+00:00,Mon 8:15PM
196156847,NFL $1 20-Player (Mon-Thu),153809,Classic,1.0,3,20,1,18.0,2026-09-29 00:15:00+00:00,Mon 8:15PM
196163008,NFL $1 20-Player (Mon-Thu),153809,Classic,1.0,2,20,1,18.0,2026-09-29 00:15:00+00:00,Mon 8:15PM
196177255,NFL $1 20-Player (Mon-Thu),153809,Classic,1.0,1,20,1,18.0,2026-09-29 00:15:00+00:00,Mon 8:15PM
196182254,NFL $1 20-Player (Top 5 Win) (Mon-Thu),153809,Classic,1.0,1,20,1,18.0,2026-09-29 00:15:00+00:00,Mon 8:15PM
196156848,NFL $1 10-Player (Mon-Thu),153809,Classic,1.0,4,10,1,9.0,2026-09-29 00:15:00+00:00,Mon 8:15PM
196156849,NFL $1 10-Player (Mon-Thu),153809,Classic,1.0,1,10,1,9.0,2026-09-29 00:15:00+00:00,Mon 8:15PM
196163009,NFL $1 10-Player (Mon-Thu),153809,Classic,1.0,1,10,1,9.0,2026-09-29 00:15:00+00:00,Mon 8:15PM
196163010,NFL $1 10-Player (Mon-Thu),153809,Classic,1.0,1,10,1,9.0,2026-09-29 00:15:00+00:00,Mon 8:15PM
196177256,NFL $1 10-Player (Mon-Thu),153809,Classic,1.0,1,10,1,9.0,2026-09-29 00:15:00+00:00,Mon 8:15PM
196177257,NFL $1 10-Player (Mon-Thu),153809,Classic,1.0,2,10,1,9.0,2026-09-29 00:15:00+00:00,Mon 8:15PM
196180688,NFL $1 10-Player (Mon-Thu),153809,Classic,1.0,1,10,1,9.0,2026-09-29 00:15:00+00:00,Mon 8:15PM
196156851,NFL $1 5-Player (Mon-Thu),153809,Classic,1.0,4,5,1,4.5,2026-09-29 00:15:00+00:00,Mon 8:15PM
196156852,NFL $1 5-Player (Mon-Thu),153809,Classic,1.0,2,5,1,4.5,2026-09-29 00:15:00+00:00,Mon 8:15PM
196158412,NFL $1 5-Player (Mon-Thu),153809,Classic,1.0,1,5,1,4.5,2026-09-29 00:15:00+00:00,Mon 8:15PM
196163011,NFL $1 5-Player (Mon-Thu),153809,Classic,1.0,3,5,1,4.5,2026-09-29 00:15:00+00:00,Mon 8:15PM
196163012,NFL $1 5-Player (Mon-Thu),153809,Classic,1.0,1,5,1,4.5,2026-09-29 00:15:00+00:00,Mon 8:15PM
196163013,NFL $1 5-Player (Mon-Thu),153809,Classic,1.0,1,5,1,4.5,2026-09-29 00:15:00+00:00,Mon 8:15PM
196175786,NFL $1 5-Player (Mon-Thu),153809,Classic,1.0,1,5,1,4.5,2026-09-29 00:15:00+00:00,Mon 8:15PM
196177260,NFL $1 5-Player (Mon-Thu),153809,Classic,1.0,1,5,1,4.5,2026-09-29 00:15:00+00:00,Mon 8:15PM
196163016,NFL $1 3-Player (Mon-Thu),153809,Classic,1.0,1,3,1,2.7,2026-09-29 00:15:00+00:00,Mon 8:15PM
196177262,NFL $1 3-Player (Mon-Thu),153809,Classic,1.0,2,3,1,2.7,2026-09-29 00:15:00+00:00,Mon 8:15PM
196180497,NFL $1 3-Player (Mon-Thu),153809,Classic,1.0,1,3,1,2.7,2026-09-29 00:15:00+00:00,Mon 8:15PM
196156795,Beginner NFL $50 50-50 (Mon-Thu),153809,Classic,50.0,0,4,1,180.0,2026-09-29 00:15:00+00:00,Mon 8:15PM
196156800,Beginner NFL $50 3-Player (Mon-Thu),153809,Classic,50.0,0,3,1,135.0,2026-09-29 00:15:00+00:00,Mon 8:15PM
196156796,Beginner NFL $20 50-50 (Mon-Thu),153809,Classic,20.0,0,4,1,72.0,2026-09-29 00:15:00+00:00,Mon 8:15PM
196156801,Beginner NFL $20 3-Player (Mon-Thu),153809,Classic,20.0,0,3,1,54.0,2026-09-29 00:15:00+00:00,Mon 8:15PM
196156797,Beginner NFL $10 50-50 (Mon-Thu),153809,Classic,10.0,0,4,1,36.0,2026-09-29 00:15:00+00:00,Mon 8:15PM
196156802,Beginner NFL $10 3-Player (Mon-Thu),153809,Classic,10.0,0,3,1,27.0,2026-09-29 00:15:00+00:00,Mon 8:15PM
196156798,Beginner NFL $5 50-50 (Mon-Thu),153809,Classic,5.0,0,4,1,18.0,2026-09-29 00:15:00+00:00,Mon 8:15PM
196161572,Beginner NFL $5 3-Player (Mon-Thu),153809,Classic,5.0,0,3,1,13.5,2026-09-29 00:15:00+00:00,Mon 8:15PM
196156799,Beginner NFL $3 50-50 (Mon-Thu),153809,Classic,3.0,0,4,1,10.8,2026-09-29 00:15:00+00:00,Mon 8:15PM
196181890,Beginner NFL $2 3-Player (Mon-Thu),153809,Classic,2.0,0,3,1,5.4,2026-09-29 00:15:00+00:00,Mon 8:15PM
196161577,Beginner NFL $1 50-50 (Mon-Thu),153809,Classic,1.0,0,4,1,3.6,2026-09-29 00:15:00+00:00,Mon 8:15PM
196156805,Beginner NFL $1 3-Player (Mon-Thu),153809,Classic,1.0,0,3,1,2.7,2026-09-29 00:15:00+00:00,Mon 8:15PM
196156807,"NFL $10,600 3-Player (Mon-Thu)",153809,Classic,10600.0,0,3,1,30000.0,2026-09-29 00:15:00+00:00,Mon 8:15PM
196160215,"NFL $10,600 3-Player (Mon-Thu)",153809,Classic,10600.0,0,3,1,30000.0,2026-09-29 00:15:00+00:00,Mon 8:15PM
196156810,"NFL $5,300 50-50 (Mon-Thu)",153809,Classic,5300.0,0,4,1,20000.0,2026-09-29 00:15:00+00:00,Mon 8:15PM
196156811,"NFL $5,300 50-50 (Mon-Thu)",153809,Classic,5300.0,0,4,1,20000.0,2026-09-29 00:15:00+00:00,Mon 8:15PM
196156809,"NFL $5,300 3-Player (Mon-Thu)",153809,Classic,5300.0,0,3,1,15000.0,2026-09-29 00:15:00+00:00,Mon 8:15PM
196160216,"NFL $5,300 3-Player (Mon-Thu)",153809,Classic,5300.0,0,3,1,15000.0,2026-09-29 00:15:00+00:00,Mon 8:15PM
196156812,"NFL $1,060 50-50 (Mon-Thu)",153809,Classic,1060.0,0,4,1,4000.0,2026-09-29 00:15:00+00:00,Mon 8:15PM
196156813,"NFL $1,060 50-50 (Mon-Thu)",153809,Classic,1060.0,0,4,1,4000.0,2026-09-29 00:15:00+00:00,Mon 8:15PM
196160217,"NFL $1,060 3-Player (Mon-Thu)",153809,Classic,1060.0,0,3,1,3000.0,2026-09-29 00:15:00+00:00,Mon 8:15PM
196160218,"NFL $1,060 3-Player (Mon-Thu)",153809,Classic,1060.0,0,3,1,3000.0,2026-09-29 00:15:00+00:00,Mon 8:15PM
196156816,NFL $530 50-50 (Mon-Thu),153809,Classic,530.0,0,4,1,2000.0,2026-09-29 00:15:00+00:00,Mon 8:15PM
196156817,NFL $530 50-50 (Mon-Thu),153809,Classic,530.0,0,4,1,2000.0,2026-09-29 00:15:00+00:00,Mon 8:15PM
196160219,NFL $530 3-Player (Mon-Thu),153809,Classic,530.0,0,3,1,1500.0,2026-09-29 00:15:00+00:00,Mon 8:15PM
196160220,NFL $530 3-Player (Mon-Thu),153809,Classic,530.0,0,3,1,1500.0,2026-09-29 00:15:00+00:00,Mon 8:15PM
196156878,NFL $270 50-50 (Mon-Thu),153809,Classic,270.0,0,4,1,1000.0,2026-09-29 00:15:00+00:00,Mon 8:15PM
196156879,NFL $270 50-50 (Mon-Thu),153809,Classic,270.0,0,4,1,1000.0,2026-09-29 00:15:00+00:00,Mon 8:15PM
196160221,NFL $270 3-Player (Mon-Thu),153809,Classic,270.0,0,3,1,750.0,2026-09-29 00:15:00+00:00,Mon 8:15PM
196160222,NFL $270 3-Player (Mon-Thu),153809,Classic,270.0,0,3,1,750.0,2026-09-29 00:15:00+00:00,Mon 8:15PM
196156827,NFL $109 50-50 (Mon-Thu),153809,Classic,109.0,0,4,1,400.0,2026-09-29 00:15:00+00:00,Mon 8:15PM
196156828,NFL $109 50-50 (Mon-Thu),153809,Classic,109.0,0,4,1,400.0,2026-09-29 00:15:00+00:00,Mon 8:15PM
196160223,NFL $109 3-Player (Mon-Thu),153809,Classic,109.0,0,3,1,300.0,2026-09-29 00:15:00+00:00,Mon 8:15PM
196160224,NFL $109 3-Player (Mon-Thu),153809,Classic,109.0,0,3,1,300.0,2026-09-29 00:15:00+00:00,Mon 8:15PM
196160225,NFL $109 3-Player (Mon-Thu),153809,Classic,109.0,0,3,1,300.0,2026-09-29 00:15:00+00:00,Mon 8:15PM
196156840,NFL $50 50-50 (Mon-Thu),153809,Classic,50.0,0,8,1,360.0,2026-09-29 00:15:00+00:00,Mon 8:15PM
196156837,NFL $50 50-50 (Mon-Thu),153809,Classic,50.0,0,4,1,180.0,2026-09-29 00:15:00+00:00,Mon 8:15PM
196184652,NFL $50 Double Up (Mon-Thu),153809,Classic,50.0,0,22,1,1000.0,2026-09-29 00:15:00+00:00,Mon 8:15PM
196183978,NFL $50 Double Up (Mon-Thu),153809,Classic,50.0,0,11,1,500.0,2026-09-29 00:15:00+00:00,Mon 8:15PM
196160226,NFL $50 3-Player (Mon-Thu),153809,Classic,50.0,0,3,1,135.0,2026-09-29 00:15:00+00:00,Mon 8:15PM
196180809,NFL $25 Double Up (Mon-Thu),153809,Classic,25.0,0,22,1,500.0,2026-09-29 00:15:00+00:00,Mon 8:15PM
196180808,NFL $25 Double Up (Mon-Thu),153809,Classic,25.0,0,11,1,250.0,2026-09-29 00:15:00+00:00,Mon 8:15PM
196180813,NFL $20 50-50 (Mon-Thu),153809,Classic,20.0,0,10,1,180.0,2026-09-29 00:15:00+00:00,Mon 8:15PM
196180812,NFL $20 50-50 (Mon-Thu),153809,Classic,20.0,0,4,1,72.0,2026-09-29 00:15:00+00:00,Mon 8:15PM
196175818,NFL $20 5-Player (Mon-Thu),153809,Classic,20.0,0,5,1,90.0,2026-09-29 00:15:00+00:00,Mon 8:15PM
196160228,NFL $20 3-Player (Mon-Thu),153809,Classic,20.0,0,3,1,54.0,2026-09-29 00:15:00+00:00,Mon 8:15PM
196167157,NFL $20 3-Player (Mon-Thu),153809,Classic,20.0,0,3,1,54.0,2026-09-29 00:15:00+00:00,Mon 8:15PM
196183723,NFL $10 50-50 (Mon-Thu),153809,Classic,10.0,0,10,1,90.0,2026-09-29 00:15:00+00:00,Mon 8:15PM
196180814,NFL $10 50-50 (Mon-Thu),153809,Classic,10.0,0,4,1,36.0,2026-09-29 00:15:00+00:00,Mon 8:15PM
196156867,NFL $10 Double Up (Mon-Thu),153809,Classic,10.0,0,11,1,100.0,2026-09-29 00:15:00+00:00,Mon 8:15PM
196175796,NFL $10 Double Up (Mon-Thu),153809,Classic,10.0,0,11,1,100.0,2026-09-29 00:15:00+00:00,Mon 8:15PM
196156863,NFL $10 5-Player (Mon-Thu),153809,Classic,10.0,0,5,1,45.0,2026-09-29 00:15:00+00:00,Mon 8:15PM
196160229,NFL $10 3-Player (Mon-Thu),153809,Classic,10.0,0,3,1,27.0,2026-09-29 00:15:00+00:00,Mon 8:15PM
196180700,NFL $10 3-Player (Mon-Thu),153809,Classic,10.0,0,3,1,27.0,2026-09-29 00:15:00+00:00,Mon 8:15PM
196180818,NFL $5 50-50 (Mon-Thu),153809,Classic,5.0,0,10,1,45.0,2026-09-29 00:15:00+00:00,Mon 8:15PM
196156821,NFL $5 50-50 (Mon-Thu),153809,Classic,5.0,0,4,1,18.0,2026-09-29 00:15:00+00:00,Mon 8:15PM
196156822,NFL $5 50-50 (Mon-Thu),153809,Classic,5.0,0,4,1,18.0,2026-09-29 00:15:00+00:00,Mon 8:15PM
196156872,NFL $5 Double Up (Mon-Thu),153809,Classic,5.0,0,11,1,50.0,2026-09-29 00:15:00+00:00,Mon 8:15PM
196158333,NFL $5 Double Up (Mon-Thu),153809,Classic,5.0,0,11,1,50.0,2026-09-29 00:15:00+00:00,Mon 8:15PM
196184987,NFL $5 20-Player (Mon-Thu),153809,Classic,5.0,0,20,1,90.0,2026-09-29 00:15:00+00:00,Mon 8:15PM
196156826,NFL $5 10-Player (Mon-Thu),153809,Classic,5.0,0,10,1,45.0,2026-09-29 00:15:00+00:00,Mon 8:15PM
196156881,NFL $5 5-Player (Mon-Thu),153809,Classic,5.0,0,5,1,22.5,2026-09-29 00:15:00+00:00,Mon 8:15PM
196180529,NFL $5 5-Player (Mon-Thu),153809,Classic,5.0,0,5,1,22.5,2026-09-29 00:15:00+00:00,Mon 8:15PM
196160232,NFL $5 3-Player (Mon-Thu),153809,Classic,5.0,0,3,1,13.5,2026-09-29 00:15:00+00:00,Mon 8:15PM
196181089,NFL $5 3-Player (Mon-Thu),153809,Classic,5.0,0,3,1,13.5,2026-09-29 00:15:00+00:00,Mon 8:15PM
196184490,NFL $3 Double Up (Mon-Thu),153809,Classic,3.0,0,11,1,30.0,2026-09-29 00:15:00+00:00,Mon 8:15PM
196184491,NFL $3 Double Up (Mon-Thu),153809,Classic,3.0,0,11,1,30.0,2026-09-29 00:15:00+00:00,Mon 8:15PM
196184482,NFL $2 50-50 (Mon-Thu),153809,Classic,2.0,0,20,1,36.0,2026-09-29 00:15:00+00:00,Mon 8:15PM
196184483,NFL $2 50-50 (Mon-Thu),153809,Classic,2.0,0,10,1,18.0,2026-09-29 00:15:00+00:00,Mon 8:15PM
196184484,NFL $2 20-Player (Mon-Thu),153809,Classic,2.0,0,20,1,36.0,2026-09-29 00:15:00+00:00,Mon 8:15PM
196184485,NFL $2 10-Player (Mon-Thu),153809,Classic,2.0,0,10,1,18.0,2026-09-29 00:15:00+00:00,Mon 8:15PM
196184486,NFL $2 10-Player (Mon-Thu),153809,Classic,2.0,0,10,1,18.0,2026-09-29 00:15:00+00:00,Mon 8:15PM
196184487,NFL $2 5-Player (Mon-Thu),153809,Classic,2.0,0,5,1,9.0,2026-09-29 00:15:00+00:00,Mon 8:15PM
196184488,NFL $2 5-Player (Mon-Thu),153809,Classic,2.0,0,5,1,9.0,2026-09-29 00:15:00+00:00,Mon 8:15PM
196180682,NFL $2 3-Player (Mon-Thu),153809,Classic,2.0,0,3,1,5.4,2026-09-29 00:15:00+00:00,Mon 8:15PM
196184489,NFL $2 3-Player (Mon-Thu),153809,Classic,2.0,0,3,1,5.4,2026-09-29 00:15:00+00:00,Mon 8:15PM
196180684,NFL $1 50-50 (Mon-Thu),153809,Classic,1.0,0,20,1,18.0,2026-09-29 00:15:00+00:00,Mon 8:15PM
196180685,NFL $1 50-50 (Mon-Thu),153809,Classic,1.0,0,10,1,9.0,2026-09-29 00:15:00+00:00,Mon 8:15PM
196180686,NFL $1 50-50 (Mon-Thu),153809,Classic,1.0,0,10,1,9.0,2026-09-29 00:15:00+00:00,Mon 8:15PM
196180693,NFL $1 Double Up (Mon-Thu),153809,Classic,1.0,0,11,1,10.0,2026-09-29 00:15:00+00:00,Mon 8:15PM
196180694,NFL $1 Double Up (Mon-Thu),153809,Classic,1.0,0,11,1,10.0,2026-09-29 00:15:00+00:00,Mon 8:15PM
196180687,NFL $1 20-Player (Mon-Thu),153809,Classic,1.0,0,20,1,18.0,2026-09-29 00:15:00+00:00,Mon 8:15PM
196180689,NFL $1 10-Player (Mon-Thu),153809,Classic,1.0,0,10,1,9.0,2026-09-29 00:15:00+00:00,Mon 8:15PM
196177258,NFL $1 5-Player (Mon-Thu),153809,Classic,1.0,0,5,1,4.5,2026-09-29 00:15:00+00:00,Mon 8:15PM
196177259,NFL $1 5-Player (Mon-Thu),153809,Classic,1.0,0,5,1,4.5,2026-09-29 00:15:00+00:00,Mon 8:15PM
196180690,NFL $1 5-Player (Mon-Thu),153809,Classic,1.0,0,5,1,4.5,2026-09-29 00:15:00+00:00,Mon 8:15PM
196180620,NFL $1 3-Player (Mon-Thu),153809,Classic,1.0,0,3,1,2.7,2026-09-29 00:15:00+00:00,Mon 8:15PM
196180621,NFL $1 3-Player (Mon-Thu),153809,Classic,1.0,0,3,1,2.7,2026-09-29 00:15:00+00:00,Mon 8:15PM
196184372,NFL $1 3-Player (Mon-Thu),153809,Classic,1.0,0,3,1,2.7,2026-09-29 00:15:00+00:00,Mon 8:15PM
196038302,NFL Single Stat Satellite to $20 NFL Fantasy Football Millionaire [Must Fill] (PHI @ CHI Total Yards,153808,Single Stat - Total Yards,7.4,1,3,1,20.0,2026-09-29 00:15:00+00:00,Mon 8:15PM
196038210,Beginner NFL Single Stat $3 50-50 (PHI @ CHI Total Yards),153808,Single Stat - Total Yards,3.0,2,4,1,10.8,2026-09-29 00:15:00+00:00,Mon 8:15PM
196038295,Beginner NFL Single Stat $1 50-50 (PHI @ CHI Total Yards),153808,Single Stat - Total Yards,1.0,1,4,1,3.6,2026-09-29 00:15:00+00:00,Mon 8:15PM
196038231,NFL Single Stat $5 50-50 (PHI @ CHI Total Yards),153808,Single Stat - Total Yards,5.0,1,10,1,45.0,2026-09-29 00:15:00+00:00,Mon 8:15PM
196038232,NFL Single Stat $5 50-50 (PHI @ CHI Total Yards),153808,Single Stat - Total Yards,5.0,3,4,1,18.0,2026-09-29 00:15:00+00:00,Mon 8:15PM
196038237,NFL Single Stat $5 10-Player (PHI @ CHI Total Yards),153808,Single Stat - Total Yards,5.0,1,10,1,45.0,2026-09-29 00:15:00+00:00,Mon 8:15PM
196038285,NFL Single Stat $3 Double Up (PHI @ CHI Total Yards),153808,Single Stat - Total Yards,3.0,7,11,1,30.0,2026-09-29 00:15:00+00:00,Mon 8:15PM
196038286,NFL Single Stat $3 Double Up (PHI @ CHI Total Yards),153808,Single Stat - Total Yards,3.0,1,11,1,30.0,2026-09-29 00:15:00+00:00,Mon 8:15PM
196150212,NFL Single Stat $3 Double Up (PHI @ CHI Total Yards),153808,Single Stat - Total Yards,3.0,1,11,1,30.0,2026-09-29 00:15:00+00:00,Mon 8:15PM
196160076,NFL Single Stat $3 Double Up (PHI @ CHI Total Yards),153808,Single Stat - Total Yards,3.0,1,11,1,30.0,2026-09-29 00:15:00+00:00,Mon 8:15PM
196038240,NFL Single Stat $2 50-50 (PHI @ CHI Total Yards),153808,Single Stat - Total Yards,2.0,1,20,1,36.0,2026-09-29 00:15:00+00:00,Mon 8:15PM
196038245,NFL Single Stat $2 20-Player (PHI @ CHI Total Yards),153808,Single Stat - Total Yards,2.0,1,20,1,36.0,2026-09-29 00:15:00+00:00,Mon 8:15PM
196038254,NFL Single Stat $1 50-50 (PHI @ CHI Total Yards),153808,Single Stat - Total Yards,1.0,3,20,1,18.0,2026-09-29 00:15:00+00:00,Mon 8:15PM
196114361,NFL Single Stat $1 50-50 (PHI @ CHI Total Yards),153808,Single Stat - Total Yards,1.0,2,20,1,18.0,2026-09-29 00:15:00+00:00,Mon 8:15PM
196038256,NFL Single Stat $1 50-50 (PHI @ CHI Total Yards),153808,Single Stat - Total Yards,1.0,1,10,1,9.0,2026-09-29 00:15:00+00:00,Mon 8:15PM
196038287,NFL Single Stat $1 Double Up (PHI @ CHI Total Yards),153808,Single Stat - Total Yards,1.0,2,11,1,10.0,2026-09-29 00:15:00+00:00,Mon 8:15PM
196038288,NFL Single Stat $1 Double Up (PHI @ CHI Total Yards),153808,Single Stat - Total Yards,1.0,2,11,1,10.0,2026-09-29 00:15:00+00:00,Mon 8:15PM
196038258,NFL Single Stat $1 20-Player (PHI @ CHI Total Yards),153808,Single Stat - Total Yards,1.0,4,20,1,18.0,2026-09-29 00:15:00+00:00,Mon 8:15PM
196038259,NFL Single Stat $1 10-Player (PHI @ CHI Total Yards),153808,Single Stat - Total Yards,1.0,1,10,1,9.0,2026-09-29 00:15:00+00:00,Mon 8:15PM
196038261,NFL Single Stat $1 5-Player (PHI @ CHI Total Yards),153808,Single Stat - Total Yards,1.0,4,5,1,4.5,2026-09-29 00:15:00+00:00,Mon 8:15PM
196160769,NFL Single Stat $2 200-Player (Winner Takes All) (PHI @ CHI Total Yards),153808,Single Stat - Total Yards,2.0,8,200,1,360.0,2026-09-29 00:15:00+00:00,Mon 8:15PM
196184053,NFL Single Stat $3 10-Player (Winner Takes All) (PHI @ CHI Total Yards),153808,Single Stat - Total Yards,3.0,1,10,1,27.0,2026-09-29 00:15:00+00:00,Mon 8:15PM
196159716,NFL Single Stat $3 15-Player (Top 2 Win) (PHI @ CHI Total Yards),153808,Single Stat - Total Yards,3.0,6,15,1,40.5,2026-09-29 00:15:00+00:00,Mon 8:15PM
196038206,Beginner NFL Single Stat $50 50-50 (PHI @ CHI Total Yards),153808,Single Stat - Total Yards,50.0,0,4,1,180.0,2026-09-29 00:15:00+00:00,Mon 8:15PM
196038211,Beginner NFL Single Stat $50 3-Player (PHI @ CHI Total Yards),153808,Single Stat - Total Yards,50.0,0,3,1,135.0,2026-09-29 00:15:00+00:00,Mon 8:15PM
196038207,Beginner NFL Single Stat $20 50-50 (PHI @ CHI Total Yards),153808,Single Stat - Total Yards,20.0,0,4,1,72.0,2026-09-29 00:15:00+00:00,Mon 8:15PM
196038212,Beginner NFL Single Stat $20 3-Player (PHI @ CHI Total Yards),153808,Single Stat - Total Yards,20.0,0,3,1,54.0,2026-09-29 00:15:00+00:00,Mon 8:15PM
196038208,Beginner NFL Single Stat $10 50-50 (PHI @ CHI Total Yards),153808,Single Stat - Total Yards,10.0,0,4,1,36.0,2026-09-29 00:15:00+00:00,Mon 8:15PM
196038213,Beginner NFL Single Stat $10 3-Player (PHI @ CHI Total Yards),153808,Single Stat - Total Yards,10.0,0,3,1,27.0,2026-09-29 00:15:00+00:00,Mon 8:15PM
196038209,Beginner NFL Single Stat $5 50-50 (PHI @ CHI Total Yards),153808,Single Stat - Total Yards,5.0,0,4,1,18.0,2026-09-29 00:15:00+00:00,Mon 8:15PM
196038214,Beginner NFL Single Stat $5 3-Player (PHI @ CHI Total Yards),153808,Single Stat - Total Yards,5.0,0,3,1,13.5,2026-09-29 00:15:00+00:00,Mon 8:15PM
196050676,Beginner NFL Single Stat $3 50-50 (PHI @ CHI Total Yards),153808,Single Stat - Total Yards,3.0,0,4,1,10.8,2026-09-29 00:15:00+00:00,Mon 8:15PM
196038215,Beginner NFL Single Stat $2 3-Player (PHI @ CHI Total Yards),153808,Single Stat - Total Yards,2.0,0,3,1,5.4,2026-09-29 00:15:00+00:00,Mon 8:15PM
196181895,Beginner NFL Single Stat $1 50-50 (PHI @ CHI Total Yards),153808,Single Stat - Total Yards,1.0,0,4,1,3.6,2026-09-29 00:15:00+00:00,Mon 8:15PM
196038216,Beginner NFL Single Stat $1 3-Player (PHI @ CHI Total Yards),153808,Single Stat - Total Yards,1.0,0,3,1,2.7,2026-09-29 00:15:00+00:00,Mon 8:15PM
196038217,"NFL Single Stat $10,600 3-Player (PHI @ CHI Total Yards)",153808,Single Stat - Total Yards,10600.0,0,3,1,30000.0,2026-09-29 00:15:00+00:00,Mon 8:15PM
196038218,"NFL Single Stat $10,600 3-Player (PHI @ CHI Total Yards)",153808,Single Stat - Total Yards,10600.0,0,3,1,30000.0,2026-09-29 00:15:00+00:00,Mon 8:15PM
196038221,"NFL Single Stat $5,300 50-50 (PHI @ CHI Total Yards)",153808,Single Stat - Total Yards,5300.0,0,4,1,20000.0,2026-09-29 00:15:00+00:00,Mon 8:15PM
196038222,"NFL Single Stat $5,300 50-50 (PHI @ CHI Total Yards)",153808,Single Stat - Total Yards,5300.0,0,4,1,20000.0,2026-09-29 00:15:00+00:00,Mon 8:15PM
196038219,"NFL Single Stat $5,300 3-Player (PHI @ CHI Total Yards)",153808,Single Stat - Total Yards,5300.0,0,3,1,15000.0,2026-09-29 00:15:00+00:00,Mon 8:15PM
196038220,"NFL Single Stat $5,300 3-Player (PHI @ CHI Total Yards)",153808,Single Stat - Total Yards,5300.0,0,3,1,15000.0,2026-09-29 00:15:00+00:00,Mon 8:15PM
196038223,"NFL Single Stat $1,060 50-50 (PHI @ CHI Total Yards)",153808,Single Stat - Total Yards,1060.0,0,4,1,4000.0,2026-09-29 00:15:00+00:00,Mon 8:15PM
196038224,"NFL Single Stat $1,060 50-50 (PHI @ CHI Total Yards)",153808,Single Stat - Total Yards,1060.0,0,4,1,4000.0,2026-09-29 00:15:00+00:00,Mon 8:15PM
196038225,"NFL Single Stat $1,060 3-Player (PHI @ CHI Total Yards)",153808,Single Stat - Total Yards,1060.0,0,3,1,3000.0,2026-09-29 00:15:00+00:00,Mon 8:15PM
196038226,"NFL Single Stat $1,060 3-Player (PHI @ CHI Total Yards)",153808,Single Stat - Total Yards,1060.0,0,3,1,3000.0,2026-09-29 00:15:00+00:00,Mon 8:15PM
196038227,NFL Single Stat $530 50-50 (PHI @ CHI Total Yards),153808,Single Stat - Total Yards,530.0,0,4,1,2000.0,2026-09-29 00:15:00+00:00,Mon 8:15PM
196038228,NFL Single Stat $530 50-50 (PHI @ CHI Total Yards),153808,Single Stat - Total Yards,530.0,0,4,1,2000.0,2026-09-29 00:15:00+00:00,Mon 8:15PM
196038229,NFL Single Stat $530 3-Player (PHI @ CHI Total Yards),153808,Single Stat - Total Yards,530.0,0,3,1,1500.0,2026-09-29 00:15:00+00:00,Mon 8:15PM
196038230,NFL Single Stat $530 3-Player (PHI @ CHI Total Yards),153808,Single Stat - Total Yards,530.0,0,3,1,1500.0,2026-09-29 00:15:00+00:00,Mon 8:15PM
196038289,NFL Single Stat $270 50-50 (PHI @ CHI Total Yards),153808,Single Stat - Total Yards,270.0,0,4,1,1000.0,2026-09-29 00:15:00+00:00,Mon 8:15PM
196038290,NFL Single Stat $270 50-50 (PHI @ CHI Total Yards),153808,Single Stat - Total Yards,270.0,0,4,1,1000.0,2026-09-29 00:15:00+00:00,Mon 8:15PM
196038235,NFL Single Stat $270 3-Player (PHI @ CHI Total Yards),153808,Single Stat - Total Yards,270.0,0,3,1,750.0,2026-09-29 00:15:00+00:00,Mon 8:15PM
196038236,NFL Single Stat $270 3-Player (PHI @ CHI Total Yards),153808,Single Stat - Total Yards,270.0,0,3,1,750.0,2026-09-29 00:15:00+00:00,Mon 8:15PM
196038238,NFL Single Stat $109 50-50 (PHI @ CHI Total Yards),153808,Single Stat - Total Yards,109.0,0,4,1,400.0,2026-09-29 00:15:00+00:00,Mon 8:15PM
196180771,NFL Single Stat $109 50-50 (PHI @ CHI Total Yards),153808,Single Stat - Total Yards,109.0,0,4,1,400.0,2026-09-29 00:15:00+00:00,Mon 8:15PM
196038242,NFL Single Stat $109 3-Player (PHI @ CHI Total Yards),153808,Single Stat - Total Yards,109.0,0,3,1,300.0,2026-09-29 00:15:00+00:00,Mon 8:15PM
196038243,NFL Single Stat $109 3-Player (PHI @ CHI Total Yards),153808,Single Stat - Total Yards,109.0,0,3,1,300.0,2026-09-29 00:15:00+00:00,Mon 8:15PM
196038244,NFL Single Stat $109 3-Player (PHI @ CHI Total Yards),153808,Single Stat - Total Yards,109.0,0,3,1,300.0,2026-09-29 00:15:00+00:00,Mon 8:15PM
196038251,NFL Single Stat $50 50-50 (PHI @ CHI Total Yards),153808,Single Stat - Total Yards,50.0,0,8,1,360.0,2026-09-29 00:15:00+00:00,Mon 8:15PM
196038248,NFL Single Stat $50 50-50 (PHI @ CHI Total Yards),153808,Single Stat - Total Yards,50.0,0,4,1,180.0,2026-09-29 00:15:00+00:00,Mon 8:15PM
196038282,NFL Single Stat $50 Double Up (PHI @ CHI Total Yards),153808,Single Stat - Total Yards,50.0,0,22,1,1000.0,2026-09-29 00:15:00+00:00,Mon 8:15PM
196038281,NFL Single Stat $50 Double Up (PHI @ CHI Total Yards),153808,Single Stat - Total Yards,50.0,0,11,1,500.0,2026-09-29 00:15:00+00:00,Mon 8:15PM
196038257,NFL Single Stat $50 3-Player (PHI @ CHI Total Yards),153808,Single Stat - Total Yards,50.0,0,3,1,135.0,2026-09-29 00:15:00+00:00,Mon 8:15PM
196038280,NFL Single Stat $25 Double Up (PHI @ CHI Total Yards),153808,Single Stat - Total Yards,25.0,0,22,1,500.0,2026-09-29 00:15:00+00:00,Mon 8:15PM
196038279,NFL Single Stat $25 Double Up (PHI @ CHI Total Yards),153808,Single Stat - Total Yards,25.0,0,11,1,250.0,2026-09-29 00:15:00+00:00,Mon 8:15PM
196038268,NFL Single Stat $20 50-50 (PHI @ CHI Total Yards),153808,Single Stat - Total Yards,20.0,0,10,1,180.0,2026-09-29 00:15:00+00:00,Mon 8:15PM
196174219,NFL Single Stat $20 50-50 (PHI @ CHI Total Yards),153808,Single Stat - Total Yards,20.0,0,4,1,72.0,2026-09-29 00:15:00+00:00,Mon 8:15PM
196038269,NFL Single Stat $20 5-Player (PHI @ CHI Total Yards),153808,Single Stat - Total Yards,20.0,0,5,1,90.0,2026-09-29 00:15:00+00:00,Mon 8:15PM
196038270,NFL Single Stat $20 3-Player (PHI @ CHI Total Yards),153808,Single Stat - Total Yards,20.0,0,3,1,54.0,2026-09-29 00:15:00+00:00,Mon 8:15PM
196038271,NFL Single Stat $20 3-Player (PHI @ CHI Total Yards),153808,Single Stat - Total Yards,20.0,0,3,1,54.0,2026-09-29 00:15:00+00:00,Mon 8:15PM
196038273,NFL Single Stat $10 50-50 (PHI @ CHI Total Yards),153808,Single Stat - Total Yards,10.0,0,10,1,90.0,2026-09-29 00:15:00+00:00,Mon 8:15PM
196038272,NFL Single Stat $10 50-50 (PHI @ CHI Total Yards),153808,Single Stat - Total Yards,10.0,0,4,1,36.0,2026-09-29 00:15:00+00:00,Mon 8:15PM
196038277,NFL Single Stat $10 Double Up (PHI @ CHI Total Yards),153808,Single Stat - Total Yards,10.0,0,11,1,100.0,2026-09-29 00:15:00+00:00,Mon 8:15PM
196038278,NFL Single Stat $10 Double Up (PHI @ CHI Total Yards),153808,Single Stat - Total Yards,10.0,0,11,1,100.0,2026-09-29 00:15:00+00:00,Mon 8:15PM
196038274,NFL Single Stat $10 5-Player (PHI @ CHI Total Yards),153808,Single Stat - Total Yards,10.0,0,5,1,45.0,2026-09-29 00:15:00+00:00,Mon 8:15PM
196038275,NFL Single Stat $10 3-Player (PHI @ CHI Total Yards),153808,Single Stat - Total Yards,10.0,0,3,1,27.0,2026-09-29 00:15:00+00:00,Mon 8:15PM
196038276,NFL Single Stat $10 3-Player (PHI @ CHI Total Yards),153808,Single Stat - Total Yards,10.0,0,3,1,27.0,2026-09-29 00:15:00+00:00,Mon 8:15PM
196184583,NFL Single Stat $5 50-50 (PHI @ CHI Total Yards),153808,Single Stat - Total Yards,5.0,0,10,1,45.0,2026-09-29 00:15:00+00:00,Mon 8:15PM
196038233,NFL Single Stat $5 50-50 (PHI @ CHI Total Yards),153808,Single Stat - Total Yards,5.0,0,4,1,18.0,2026-09-29 00:15:00+00:00,Mon 8:15PM
196183427,NFL Single Stat $5 50-50 (PHI @ CHI Total Yards),153808,Single Stat - Total Yards,5.0,0,4,1,18.0,2026-09-29 00:15:00+00:00,Mon 8:15PM
196038283,NFL Single Stat $5 Double Up (PHI @ CHI Total Yards),153808,Single Stat - Total Yards,5.0,0,11,1,50.0,2026-09-29 00:15:00+00:00,Mon 8:15PM
196038284,NFL Single Stat $5 Double Up (PHI @ CHI Total Yards),153808,Single Stat - Total Yards,5.0,0,11,1,50.0,2026-09-29 00:15:00+00:00,Mon 8:15PM
196038234,NFL Single Stat $5 20-Player (PHI @ CHI Total Yards),153808,Single Stat - Total Yards,5.0,0,20,1,90.0,2026-09-29 00:15:00+00:00,Mon 8:15PM
196183566,NFL Single Stat $5 10-Player (PHI @ CHI Total Yards),153808,Single Stat - Total Yards,5.0,0,10,1,45.0,2026-09-29 00:15:00+00:00,Mon 8:15PM
196038291,NFL Single Stat $5 5-Player (PHI @ CHI Total Yards),153808,Single Stat - Total Yards,5.0,0,5,1,22.5,2026-09-29 00:15:00+00:00,Mon 8:15PM
196038292,NFL Single Stat $5 5-Player (PHI @ CHI Total Yards),153808,Single Stat - Total Yards,5.0,0,5,1,22.5,2026-09-29 00:15:00+00:00,Mon 8:15PM
196038293,NFL Single Stat $5 3-Player (PHI @ CHI Total Yards),153808,Single Stat - Total Yards,5.0,0,3,1,13.5,2026-09-29 00:15:00+00:00,Mon 8:15PM
196038294,NFL Single Stat $5 3-Player (PHI @ CHI Total Yards),153808,Single Stat - Total Yards,5.0,0,3,1,13.5,2026-09-29 00:15:00+00:00,Mon 8:15PM
196179528,NFL Single Stat $3 Double Up (PHI @ CHI Total Yards),153808,Single Stat - Total Yards,3.0,0,11,1,30.0,2026-09-29 00:15:00+00:00,Mon 8:15PM
196183074,NFL Single Stat $3 Double Up (PHI @ CHI Total Yards),153808,Single Stat - Total Yards,3.0,0,11,1,30.0,2026-09-29 00:15:00+00:00,Mon 8:15PM
196160084,NFL Single Stat $2 50-50 (PHI @ CHI Total Yards),153808,Single Stat - Total Yards,2.0,0,20,1,36.0,2026-09-29 00:15:00+00:00,Mon 8:15PM
196038241,NFL Single Stat $2 50-50 (PHI @ CHI Total Yards),153808,Single Stat - Total Yards,2.0,0,10,1,18.0,2026-09-29 00:15:00+00:00,Mon 8:15PM
196147731,NFL Single Stat $2 20-Player (PHI @ CHI Total Yards),153808,Single Stat - Total Yards,2.0,0,20,1,36.0,2026-09-29 00:15:00+00:00,Mon 8:15PM
196038246,NFL Single Stat $2 10-Player (PHI @ CHI Total Yards),153808,Single Stat - Total Yards,2.0,0,10,1,18.0,2026-09-29 00:15:00+00:00,Mon 8:15PM
196038247,NFL Single Stat $2 10-Player (PHI @ CHI Total Yards),153808,Single Stat - Total Yards,2.0,0,10,1,18.0,2026-09-29 00:15:00+00:00,Mon 8:15PM
196038249,NFL Single Stat $2 5-Player (PHI @ CHI Total Yards),153808,Single Stat - Total Yards,2.0,0,5,1,9.0,2026-09-29 00:15:00+00:00,Mon 8:15PM
196038250,NFL Single Stat $2 5-Player (PHI @ CHI Total Yards),153808,Single Stat - Total Yards,2.0,0,5,1,9.0,2026-09-29 00:15:00+00:00,Mon 8:15PM
196038252,NFL Single Stat $2 3-Player (PHI @ CHI Total Yards),153808,Single Stat - Total Yards,2.0,0,3,1,5.4,2026-09-29 00:15:00+00:00,Mon 8:15PM
196038253,NFL Single Stat $2 3-Player (PHI @ CHI Total Yards),153808,Single Stat - Total Yards,2.0,0,3,1,5.4,2026-09-29 00:15:00+00:00,Mon 8:15PM
196175694,NFL Single Stat $1 50-50 (PHI @ CHI Total Yards),153808,Single Stat - Total Yards,1.0,0,20,1,18.0,2026-09-29 00:15:00+00:00,Mon 8:15PM
196038255,NFL Single Stat $1 50-50 (PHI @ CHI Total Yards),153808,Single Stat - Total Yards,1.0,0,10,1,9.0,2026-09-29 00:15:00+00:00,Mon 8:15PM
196179377,NFL Single Stat $1 50-50 (PHI @ CHI Total Yards),153808,Single Stat - Total Yards,1.0,0,10,1,9.0,2026-09-29 00:15:00+00:00,Mon 8:15PM
196150997,NFL Single Stat $1 Double Up (PHI @ CHI Total Yards),153808,Single Stat - Total Yards,1.0,0,11,1,10.0,2026-09-29 00:15:00+00:00,Mon 8:15PM
196184772,NFL Single Stat $1 Double Up (PHI @ CHI Total Yards),153808,Single Stat - Total Yards,1.0,0,11,1,10.0,2026-09-29 00:15:00+00:00,Mon 8:15PM
196180042,NFL Single Stat $1 20-Player (PHI @ CHI Total Yards),153808,Single Stat - Total Yards,1.0,0,20,1,18.0,2026-09-29 00:15:00+00:00,Mon 8:15PM
196038260,NFL Single Stat $1 10-Player (PHI @ CHI Total Yards),153808,Single Stat - Total Yards,1.0,0,10,1,9.0,2026-09-29 00:15:00+00:00,Mon 8:15PM
196180039,NFL Single Stat $1 10-Player (PHI @ CHI Total Yards),153808,Single Stat - Total Yards,1.0,0,10,1,9.0,2026-09-29 00:15:00+00:00,Mon 8:15PM
196038262,NFL Single Stat $1 5-Player (PHI @ CHI Total Yards),153808,Single Stat - Total Yards,1.0,0,5,1,4.5,2026-09-29 00:15:00+00:00,Mon 8:15PM
196038263,NFL Single Stat $1 5-Player (PHI @ CHI Total Yards),153808,Single Stat - Total Yards,1.0,0,5,1,4.5,2026-09-29 00:15:00+00:00,Mon 8:15PM
196176061,NFL Single Stat $1 5-Player (PHI @ CHI Total Yards),153808,Single Stat - Total Yards,1.0,0,5,1,4.5,2026-09-29 00:15:00+00:00,Mon 8:15PM
196038266,NFL Single Stat $1 3-Player (PHI @ CHI Total Yards),153808,Single Stat - Total Yards,1.0,0,3,1,2.7,2026-09-29 00:15:00+00:00,Mon 8:15PM
196038267,NFL Single Stat $1 3-Player (PHI @ CHI Total Yards),153808,Single Stat - Total Yards,1.0,0,3,1,2.7,2026-09-29 00:15:00+00:00,Mon 8:15PM
196046861,NFL Single Stat $1 3-Player (PHI @ CHI Total Yards),153808,Single Stat - Total Yards,1.0,0,3,1,2.7,2026-09-29 00:15:00+00:00,Mon 8:15PM
196161405,NFL Single Stat $1 3-Player (PHI @ CHI Total Yards),153808,Single Stat - Total Yards,1.0,0,3,1,2.7,2026-09-29 00:15:00+00:00,Mon 8:15PM
196051444,NFL In-Game $3 Double Up (2H PHI @ CHI),153795,In-Game Showdown (H2),3.0,1,11,1,30.0,2026-09-29 01:15:00+00:00,Mon 9:15PM
196051445,NFL In-Game $3 Double Up (2H PHI @ CHI),153795,In-Game Showdown (H2),3.0,1,11,1,30.0,2026-09-29 01:15:00+00:00,Mon 9:15PM
196051461,NFL In-Game Satellite to $20 NFL Fantasy Football Millionaire [Must Fill] (2H PHI @ CHI),153795,In-Game Showdown (H2),7.4,0,3,1,20.0,2026-09-29 01:15:00+00:00,Mon 9:15PM
196051365,Beginner NFL In-Game $50 50-50 (2H PHI @ CHI),153795,In-Game Showdown (H2),50.0,0,4,1,180.0,2026-09-29 01:15:00+00:00,Mon 9:15PM
196051370,Beginner NFL In-Game $50 3-Player (2H PHI @ CHI),153795,In-Game Showdown (H2),50.0,0,3,1,135.0,2026-09-29 01:15:00+00:00,Mon 9:15PM
196051366,Beginner NFL In-Game $20 50-50 (2H PHI @ CHI),153795,In-Game Showdown (H2),20.0,0,4,1,72.0,2026-09-29 01:15:00+00:00,Mon 9:15PM
196051371,Beginner NFL In-Game $20 3-Player (2H PHI @ CHI),153795,In-Game Showdown (H2),20.0,0,3,1,54.0,2026-09-29 01:15:00+00:00,Mon 9:15PM
196051367,Beginner NFL In-Game $10 50-50 (2H PHI @ CHI),153795,In-Game Showdown (H2),10.0,0,4,1,36.0,2026-09-29 01:15:00+00:00,Mon 9:15PM
196051372,Beginner NFL In-Game $10 3-Player (2H PHI @ CHI),153795,In-Game Showdown (H2),10.0,0,3,1,27.0,2026-09-29 01:15:00+00:00,Mon 9:15PM
196051368,Beginner NFL In-Game $5 50-50 (2H PHI @ CHI),153795,In-Game Showdown (H2),5.0,0,4,1,18.0,2026-09-29 01:15:00+00:00,Mon 9:15PM
196051373,Beginner NFL In-Game $5 3-Player (2H PHI @ CHI),153795,In-Game Showdown (H2),5.0,0,3,1,13.5,2026-09-29 01:15:00+00:00,Mon 9:15PM
196051369,Beginner NFL In-Game $3 50-50 (2H PHI @ CHI),153795,In-Game Showdown (H2),3.0,0,4,1,10.8,2026-09-29 01:15:00+00:00,Mon 9:15PM
196051374,Beginner NFL In-Game $2 3-Player (2H PHI @ CHI),153795,In-Game Showdown (H2),2.0,0,3,1,5.4,2026-09-29 01:15:00+00:00,Mon 9:15PM
196051454,Beginner NFL In-Game $1 50-50 (2H PHI @ CHI),153795,In-Game Showdown (H2),1.0,0,4,1,3.6,2026-09-29 01:15:00+00:00,Mon 9:15PM
196051375,Beginner NFL In-Game $1 3-Player (2H PHI @ CHI),153795,In-Game Showdown (H2),1.0,0,3,1,2.7,2026-09-29 01:15:00+00:00,Mon 9:15PM
196051376,"NFL In-Game $10,600 3-Player (2H PHI @ CHI)",153795,In-Game Showdown (H2),10600.0,0,3,1,30000.0,2026-09-29 01:15:00+00:00,Mon 9:15PM
196051377,"NFL In-Game $10,600 3-Player (2H PHI @ CHI)",153795,In-Game Showdown (H2),10600.0,0,3,1,30000.0,2026-09-29 01:15:00+00:00,Mon 9:15PM
196051380,"NFL In-Game $5,300 50-50 (2H PHI @ CHI)",153795,In-Game Showdown (H2),5300.0,0,4,1,20000.0,2026-09-29 01:15:00+00:00,Mon 9:15PM
196051381,"NFL In-Game $5,300 50-50 (2H PHI @ CHI)",153795,In-Game Showdown (H2),5300.0,0,4,1,20000.0,2026-09-29 01:15:00+00:00,Mon 9:15PM
196051378,"NFL In-Game $5,300 3-Player (2H PHI @ CHI)",153795,In-Game Showdown (H2),5300.0,0,3,1,15000.0,2026-09-29 01:15:00+00:00,Mon 9:15PM
196051379,"NFL In-Game $5,300 3-Player (2H PHI @ CHI)",153795,In-Game Showdown (H2),5300.0,0,3,1,15000.0,2026-09-29 01:15:00+00:00,Mon 9:15PM
196051382,"NFL In-Game $1,060 50-50 (2H PHI @ CHI)",153795,In-Game Showdown (H2),1060.0,0,4,1,4000.0,2026-09-29 01:15:00+00:00,Mon 9:15PM
196051383,"NFL In-Game $1,060 50-50 (2H PHI @ CHI)",153795,In-Game Showdown (H2),1060.0,0,4,1,4000.0,2026-09-29 01:15:00+00:00,Mon 9:15PM
196051384,"NFL In-Game $1,060 3-Player (2H PHI @ CHI)",153795,In-Game Showdown (H2),1060.0,0,3,1,3000.0,2026-09-29 01:15:00+00:00,Mon 9:15PM
196051385,"NFL In-Game $1,060 3-Player (2H PHI @ CHI)",153795,In-Game Showdown (H2),1060.0,0,3,1,3000.0,2026-09-29 01:15:00+00:00,Mon 9:15PM
196051386,NFL In-Game $530 50-50 (2H PHI @ CHI),153795,In-Game Showdown (H2),530.0,0,4,1,2000.0,2026-09-29 01:15:00+00:00,Mon 9:15PM
196051387,NFL In-Game $530 50-50 (2H PHI @ CHI),153795,In-Game Showdown (H2),530.0,0,4,1,2000.0,2026-09-29 01:15:00+00:00,Mon 9:15PM
196051388,NFL In-Game $530 3-Player (2H PHI @ CHI),153795,In-Game Showdown (H2),530.0,0,3,1,1500.0,2026-09-29 01:15:00+00:00,Mon 9:15PM
196051389,NFL In-Game $530 3-Player (2H PHI @ CHI),153795,In-Game Showdown (H2),530.0,0,3,1,1500.0,2026-09-29 01:15:00+00:00,Mon 9:15PM
196051448,NFL In-Game $270 50-50 (2H PHI @ CHI),153795,In-Game Showdown (H2),270.0,0,4,1,1000.0,2026-09-29 01:15:00+00:00,Mon 9:15PM
196051449,NFL In-Game $270 50-50 (2H PHI @ CHI),153795,In-Game Showdown (H2),270.0,0,4,1,1000.0,2026-09-29 01:15:00+00:00,Mon 9:15PM
196051394,NFL In-Game $270 3-Player (2H PHI @ CHI),153795,In-Game Showdown (H2),270.0,0,3,1,750.0,2026-09-29 01:15:00+00:00,Mon 9:15PM
196051395,NFL In-Game $270 3-Player (2H PHI @ CHI),153795,In-Game Showdown (H2),270.0,0,3,1,750.0,2026-09-29 01:15:00+00:00,Mon 9:15PM
196051397,NFL In-Game $109 50-50 (2H PHI @ CHI),153795,In-Game Showdown (H2),109.0,0,4,1,400.0,2026-09-29 01:15:00+00:00,Mon 9:15PM
196051398,NFL In-Game $109 50-50 (2H PHI @ CHI),153795,In-Game Showdown (H2),109.0,0,4,1,400.0,2026-09-29 01:15:00+00:00,Mon 9:15PM
196051401,NFL In-Game $109 3-Player (2H PHI @ CHI),153795,In-Game Showdown (H2),109.0,0,3,1,300.0,2026-09-29 01:15:00+00:00,Mon 9:15PM
196051402,NFL In-Game $109 3-Player (2H PHI @ CHI),153795,In-Game Showdown (H2),109.0,0,3,1,300.0,2026-09-29 01:15:00+00:00,Mon 9:15PM
196051403,NFL In-Game $109 3-Player (2H PHI @ CHI),153795,In-Game Showdown (H2),109.0,0,3,1,300.0,2026-09-29 01:15:00+00:00,Mon 9:15PM
196051410,NFL In-Game $50 50-50 (2H PHI @ CHI),153795,In-Game Showdown (H2),50.0,0,8,1,360.0,2026-09-29 01:15:00+00:00,Mon 9:15PM
196051407,NFL In-Game $50 50-50 (2H PHI @ CHI),153795,In-Game Showdown (H2),50.0,0,4,1,180.0,2026-09-29 01:15:00+00:00,Mon 9:15PM
196051441,NFL In-Game $50 Double Up (2H PHI @ CHI),153795,In-Game Showdown (H2),50.0,0,22,1,1000.0,2026-09-29 01:15:00+00:00,Mon 9:15PM
196051440,NFL In-Game $50 Double Up (2H PHI @ CHI),153795,In-Game Showdown (H2),50.0,0,11,1,500.0,2026-09-29 01:15:00+00:00,Mon 9:15PM
196051416,NFL In-Game $50 3-Player (2H PHI @ CHI),153795,In-Game Showdown (H2),50.0,0,3,1,135.0,2026-09-29 01:15:00+00:00,Mon 9:15PM
196051439,NFL In-Game $25 Double Up (2H PHI @ CHI),153795,In-Game Showdown (H2),25.0,0,22,1,500.0,2026-09-29 01:15:00+00:00,Mon 9:15PM
196051438,NFL In-Game $25 Double Up (2H PHI @ CHI),153795,In-Game Showdown (H2),25.0,0,11,1,250.0,2026-09-29 01:15:00+00:00,Mon 9:15PM
196051427,NFL In-Game $20 50-50 (2H PHI @ CHI),153795,In-Game Showdown (H2),20.0,0,10,1,180.0,2026-09-29 01:15:00+00:00,Mon 9:15PM
196051423,NFL In-Game $20 50-50 (2H PHI @ CHI),153795,In-Game Showdown (H2),20.0,0,4,1,72.0,2026-09-29 01:15:00+00:00,Mon 9:15PM
196051428,NFL In-Game $20 5-Player (2H PHI @ CHI),153795,In-Game Showdown (H2),20.0,0,5,1,90.0,2026-09-29 01:15:00+00:00,Mon 9:15PM
196051429,NFL In-Game $20 3-Player (2H PHI @ CHI),153795,In-Game Showdown (H2),20.0,0,3,1,54.0,2026-09-29 01:15:00+00:00,Mon 9:15PM
196051430,NFL In-Game $20 3-Player (2H PHI @ CHI),153795,In-Game Showdown (H2),20.0,0,3,1,54.0,2026-09-29 01:15:00+00:00,Mon 9:15PM
196051432,NFL In-Game $10 50-50 (2H PHI @ CHI),153795,In-Game Showdown (H2),10.0,0,10,1,90.0,2026-09-29 01:15:00+00:00,Mon 9:15PM
196051431,NFL In-Game $10 50-50 (2H PHI @ CHI),153795,In-Game Showdown (H2),10.0,0,4,1,36.0,2026-09-29 01:15:00+00:00,Mon 9:15PM
196051436,NFL In-Game $10 Double Up (2H PHI @ CHI),153795,In-Game Showdown (H2),10.0,0,11,1,100.0,2026-09-29 01:15:00+00:00,Mon 9:15PM
196051437,NFL In-Game $10 Double Up (2H PHI @ CHI),153795,In-Game Showdown (H2),10.0,0,11,1,100.0,2026-09-29 01:15:00+00:00,Mon 9:15PM
196051433,NFL In-Game $10 5-Player (2H PHI @ CHI),153795,In-Game Showdown (H2),10.0,0,5,1,45.0,2026-09-29 01:15:00+00:00,Mon 9:15PM
196051434,NFL In-Game $10 3-Player (2H PHI @ CHI),153795,In-Game Showdown (H2),10.0,0,3,1,27.0,2026-09-29 01:15:00+00:00,Mon 9:15PM
196051435,NFL In-Game $10 3-Player (2H PHI @ CHI),153795,In-Game Showdown (H2),10.0,0,3,1,27.0,2026-09-29 01:15:00+00:00,Mon 9:15PM
196051390,NFL In-Game $5 50-50 (2H PHI @ CHI),153795,In-Game Showdown (H2),5.0,0,10,1,45.0,2026-09-29 01:15:00+00:00,Mon 9:15PM
196051391,NFL In-Game $5 50-50 (2H PHI @ CHI),153795,In-Game Showdown (H2),5.0,0,4,1,18.0,2026-09-29 01:15:00+00:00,Mon 9:15PM
196051392,NFL In-Game $5 50-50 (2H PHI @ CHI),153795,In-Game Showdown (H2),5.0,0,4,1,18.0,2026-09-29 01:15:00+00:00,Mon 9:15PM
196051442,NFL In-Game $5 Double Up (2H PHI @ CHI),153795,In-Game Showdown (H2),5.0,0,11,1,50.0,2026-09-29 01:15:00+00:00,Mon 9:15PM
196051443,NFL In-Game $5 Double Up (2H PHI @ CHI),153795,In-Game Showdown (H2),5.0,0,11,1,50.0,2026-09-29 01:15:00+00:00,Mon 9:15PM
196051393,NFL In-Game $5 20-Player (2H PHI @ CHI),153795,In-Game Showdown (H2),5.0,0,20,1,90.0,2026-09-29 01:15:00+00:00,Mon 9:15PM
196051396,NFL In-Game $5 10-Player (2H PHI @ CHI),153795,In-Game Showdown (H2),5.0,0,10,1,45.0,2026-09-29 01:15:00+00:00,Mon 9:15PM
196051450,NFL In-Game $5 5-Player (2H PHI @ CHI),153795,In-Game Showdown (H2),5.0,0,5,1,22.5,2026-09-29 01:15:00+00:00,Mon 9:15PM
196051451,NFL In-Game $5 5-Player (2H PHI @ CHI),153795,In-Game Showdown (H2),5.0,0,5,1,22.5,2026-09-29 01:15:00+00:00,Mon 9:15PM
196051452,NFL In-Game $5 3-Player (2H PHI @ CHI),153795,In-Game Showdown (H2),5.0,0,3,1,13.5,2026-09-29 01:15:00+00:00,Mon 9:15PM
196051453,NFL In-Game $5 3-Player (2H PHI @ CHI),153795,In-Game Showdown (H2),5.0,0,3,1,13.5,2026-09-29 01:15:00+00:00,Mon 9:15PM
196066886,NFL In-Game $3 Double Up (2H PHI @ CHI),153795,In-Game Showdown (H2),3.0,0,11,1,30.0,2026-09-29 01:15:00+00:00,Mon 9:15PM
196066914,NFL In-Game $3 Double Up (2H PHI @ CHI),153795,In-Game Showdown (H2),3.0,0,11,1,30.0,2026-09-29 01:15:00+00:00,Mon 9:15PM
196051399,NFL In-Game $2 50-50 (2H PHI @ CHI),153795,In-Game Showdown (H2),2.0,0,20,1,36.0,2026-09-29 01:15:00+00:00,Mon 9:15PM
196051400,NFL In-Game $2 50-50 (2H PHI @ CHI),153795,In-Game Showdown (H2),2.0,0,10,1,18.0,2026-09-29 01:15:00+00:00,Mon 9:15PM
196051404,NFL In-Game $2 20-Player (2H PHI @ CHI),153795,In-Game Showdown (H2),2.0,0,20,1,36.0,2026-09-29 01:15:00+00:00,Mon 9:15PM
196051405,NFL In-Game $2 10-Player (2H PHI @ CHI),153795,In-Game Showdown (H2),2.0,0,10,1,18.0,2026-09-29 01:15:00+00:00,Mon 9:15PM
196051406,NFL In-Game $2 10-Player (2H PHI @ CHI),153795,In-Game Showdown (H2),2.0,0,10,1,18.0,2026-09-29 01:15:00+00:00,Mon 9:15PM
196051408,NFL In-Game $2 5-Player (2H PHI @ CHI),153795,In-Game Showdown (H2),2.0,0,5,1,9.0,2026-09-29 01:15:00+00:00,Mon 9:15PM
196051409,NFL In-Game $2 5-Player (2H PHI @ CHI),153795,In-Game Showdown (H2),2.0,0,5,1,9.0,2026-09-29 01:15:00+00:00,Mon 9:15PM
196051411,NFL In-Game $2 3-Player (2H PHI @ CHI),153795,In-Game Showdown (H2),2.0,0,3,1,5.4,2026-09-29 01:15:00+00:00,Mon 9:15PM
196051412,NFL In-Game $2 3-Player (2H PHI @ CHI),153795,In-Game Showdown (H2),2.0,0,3,1,5.4,2026-09-29 01:15:00+00:00,Mon 9:15PM
196051413,NFL In-Game $1 50-50 (2H PHI @ CHI),153795,In-Game Showdown (H2),1.0,0,20,1,18.0,2026-09-29 01:15:00+00:00,Mon 9:15PM
196051414,NFL In-Game $1 50-50 (2H PHI @ CHI),153795,In-Game Showdown (H2),1.0,0,10,1,9.0,2026-09-29 01:15:00+00:00,Mon 9:15PM
196051415,NFL In-Game $1 50-50 (2H PHI @ CHI),153795,In-Game Showdown (H2),1.0,0,10,1,9.0,2026-09-29 01:15:00+00:00,Mon 9:15PM
196051446,NFL In-Game $1 Double Up (2H PHI @ CHI),153795,In-Game Showdown (H2),1.0,0,11,1,10.0,2026-09-29 01:15:00+00:00,Mon 9:15PM
196051447,NFL In-Game $1 Double Up (2H PHI @ CHI),153795,In-Game Showdown (H2),1.0,0,11,1,10.0,2026-09-29 01:15:00+00:00,Mon 9:15PM
196051417,NFL In-Game $1 20-Player (2H PHI @ CHI),153795,In-Game Showdown (H2),1.0,0,20,1,18.0,2026-09-29 01:15:00+00:00,Mon 9:15PM
196051418,NFL In-Game $1 10-Player (2H PHI @ CHI),153795,In-Game Showdown (H2),1.0,0,10,1,9.0,2026-09-29 01:15:00+00:00,Mon 9:15PM
196051419,NFL In-Game $1 10-Player (2H PHI @ CHI),153795,In-Game Showdown (H2),1.0,0,10,1,9.0,2026-09-29 01:15:00+00:00,Mon 9:15PM
196051420,NFL In-Game $1 5-Player (2H PHI @ CHI),153795,In-Game Showdown (H2),1.0,0,5,1,4.5,2026-09-29 01:15:00+00:00,Mon 9:15PM
196051421,NFL In-Game $1 5-Player (2H PHI @ CHI),153795,In-Game Showdown (H2),1.0,0,5,1,4.5,2026-09-29 01:15:00+00:00,Mon 9:15PM
196051422,NFL In-Game $1 5-Player (2H PHI @ CHI),153795,In-Game Showdown (H2),1.0,0,5,1,4.5,2026-09-29 01:15:00+00:00,Mon 9:15PM
196051424,NFL In-Game $1 3-Player (2H PHI @ CHI),153795,In-Game Showdown (H2),1.0,0,3,1,2.7,2026-09-29 01:15:00+00:00,Mon 9:15PM
196051425,NFL In-Game $1 3-Player (2H PHI @ CHI),153795,In-Game Showdown (H2),1.0,0,3,1,2.7,2026-09-29 01:15:00+00:00,Mon 9:15PM
196051426,NFL In-Game $1 3-Player (2H PHI @ CHI),153795,In-Game Showdown (H2),1.0,0,3,1,2.7,2026-09-29 01:15:00+00:00,Mon 9:15PM
196051491,NFL In-Game $5 50-50 (4Q PHI @ CHI),153796,In-Game Showdown (Q4),5.0,1,4,1,18.0,2026-09-29 01:45:00+00:00,Mon 9:45PM
196051550,NFL In-Game $5 5-Player (4Q PHI @ CHI),153796,In-Game Showdown (Q4),5.0,1,5,1,22.5,2026-09-29 01:45:00+00:00,Mon 9:45PM
196051544,NFL In-Game $3 Double Up (4Q PHI @ CHI),153796,In-Game Showdown (Q4),3.0,1,11,1,30.0,2026-09-29 01:45:00+00:00,Mon 9:45PM
196051506,NFL In-Game $2 10-Player (4Q PHI @ CHI),153796,In-Game Showdown (Q4),2.0,1,10,1,18.0,2026-09-29 01:45:00+00:00,Mon 9:45PM
196051519,NFL In-Game $1 10-Player (4Q PHI @ CHI),153796,In-Game Showdown (Q4),1.0,1,10,1,9.0,2026-09-29 01:45:00+00:00,Mon 9:45PM
196051561,NFL In-Game Satellite to $20 NFL Fantasy Football Millionaire [Must Fill] (4Q PHI @ CHI),153796,In-Game Showdown (Q4),7.4,0,3,1,20.0,2026-09-29 01:45:00+00:00,Mon 9:45PM
196051465,Beginner NFL In-Game $50 50-50 (4Q PHI @ CHI),153796,In-Game Showdown (Q4),50.0,0,4,1,180.0,2026-09-29 01:45:00+00:00,Mon 9:45PM
196051470,Beginner NFL In-Game $50 3-Player (4Q PHI @ CHI),153796,In-Game Showdown (Q4),50.0,0,3,1,135.0,2026-09-29 01:45:00+00:00,Mon 9:45PM
196051466,Beginner NFL In-Game $20 50-50 (4Q PHI @ CHI),153796,In-Game Showdown (Q4),20.0,0,4,1,72.0,2026-09-29 01:45:00+00:00,Mon 9:45PM
196051471,Beginner NFL In-Game $20 3-Player (4Q PHI @ CHI),153796,In-Game Showdown (Q4),20.0,0,3,1,54.0,2026-09-29 01:45:00+00:00,Mon 9:45PM
196051467,Beginner NFL In-Game $10 50-50 (4Q PHI @ CHI),153796,In-Game Showdown (Q4),10.0,0,4,1,36.0,2026-09-29 01:45:00+00:00,Mon 9:45PM
196051472,Beginner NFL In-Game $10 3-Player (4Q PHI @ CHI),153796,In-Game Showdown (Q4),10.0,0,3,1,27.0,2026-09-29 01:45:00+00:00,Mon 9:45PM
196051468,Beginner NFL In-Game $5 50-50 (4Q PHI @ CHI),153796,In-Game Showdown (Q4),5.0,0,4,1,18.0,2026-09-29 01:45:00+00:00,Mon 9:45PM
196051473,Beginner NFL In-Game $5 3-Player (4Q PHI @ CHI),153796,In-Game Showdown (Q4),5.0,0,3,1,13.5,2026-09-29 01:45:00+00:00,Mon 9:45PM
196051469,Beginner NFL In-Game $3 50-50 (4Q PHI @ CHI),153796,In-Game Showdown (Q4),3.0,0,4,1,10.8,2026-09-29 01:45:00+00:00,Mon 9:45PM
196051474,Beginner NFL In-Game $2 3-Player (4Q PHI @ CHI),153796,In-Game Showdown (Q4),2.0,0,3,1,5.4,2026-09-29 01:45:00+00:00,Mon 9:45PM
196051554,Beginner NFL In-Game $1 50-50 (4Q PHI @ CHI),153796,In-Game Showdown (Q4),1.0,0,4,1,3.6,2026-09-29 01:45:00+00:00,Mon 9:45PM
196051475,Beginner NFL In-Game $1 3-Player (4Q PHI @ CHI),153796,In-Game Showdown (Q4),1.0,0,3,1,2.7,2026-09-29 01:45:00+00:00,Mon 9:45PM
196051476,"NFL In-Game $10,600 3-Player (4Q PHI @ CHI)",153796,In-Game Showdown (Q4),10600.0,0,3,1,30000.0,2026-09-29 01:45:00+00:00,Mon 9:45PM
196051477,"NFL In-Game $10,600 3-Player (4Q PHI @ CHI)",153796,In-Game Showdown (Q4),10600.0,0,3,1,30000.0,2026-09-29 01:45:00+00:00,Mon 9:45PM
196051480,"NFL In-Game $5,300 50-50 (4Q PHI @ CHI)",153796,In-Game Showdown (Q4),5300.0,0,4,1,20000.0,2026-09-29 01:45:00+00:00,Mon 9:45PM
196051481,"NFL In-Game $5,300 50-50 (4Q PHI @ CHI)",153796,In-Game Showdown (Q4),5300.0,0,4,1,20000.0,2026-09-29 01:45:00+00:00,Mon 9:45PM
196051478,"NFL In-Game $5,300 3-Player (4Q PHI @ CHI)",153796,In-Game Showdown (Q4),5300.0,0,3,1,15000.0,2026-09-29 01:45:00+00:00,Mon 9:45PM
196051479,"NFL In-Game $5,300 3-Player (4Q PHI @ CHI)",153796,In-Game Showdown (Q4),5300.0,0,3,1,15000.0,2026-09-29 01:45:00+00:00,Mon 9:45PM
196051482,"NFL In-Game $1,060 50-50 (4Q PHI @ CHI)",153796,In-Game Showdown (Q4),1060.0,0,4,1,4000.0,2026-09-29 01:45:00+00:00,Mon 9:45PM
196051483,"NFL In-Game $1,060 50-50 (4Q PHI @ CHI)",153796,In-Game Showdown (Q4),1060.0,0,4,1,4000.0,2026-09-29 01:45:00+00:00,Mon 9:45PM
196051484,"NFL In-Game $1,060 3-Player (4Q PHI @ CHI)",153796,In-Game Showdown (Q4),1060.0,0,3,1,3000.0,2026-09-29 01:45:00+00:00,Mon 9:45PM
196051485,"NFL In-Game $1,060 3-Player (4Q PHI @ CHI)",153796,In-Game Showdown (Q4),1060.0,0,3,1,3000.0,2026-09-29 01:45:00+00:00,Mon 9:45PM
196051486,NFL In-Game $530 50-50 (4Q PHI @ CHI),153796,In-Game Showdown (Q4),530.0,0,4,1,2000.0,2026-09-29 01:45:00+00:00,Mon 9:45PM
196051487,NFL In-Game $530 50-50 (4Q PHI @ CHI),153796,In-Game Showdown (Q4),530.0,0,4,1,2000.0,2026-09-29 01:45:00+00:00,Mon 9:45PM
196051488,NFL In-Game $530 3-Player (4Q PHI @ CHI),153796,In-Game Showdown (Q4),530.0,0,3,1,1500.0,2026-09-29 01:45:00+00:00,Mon 9:45PM
196051489,NFL In-Game $530 3-Player (4Q PHI @ CHI),153796,In-Game Showdown (Q4),530.0,0,3,1,1500.0,2026-09-29 01:45:00+00:00,Mon 9:45PM
196051548,NFL In-Game $270 50-50 (4Q PHI @ CHI),153796,In-Game Showdown (Q4),270.0,0,4,1,1000.0,2026-09-29 01:45:00+00:00,Mon 9:45PM
196051549,NFL In-Game $270 50-50 (4Q PHI @ CHI),153796,In-Game Showdown (Q4),270.0,0,4,1,1000.0,2026-09-29 01:45:00+00:00,Mon 9:45PM
196051494,NFL In-Game $270 3-Player (4Q PHI @ CHI),153796,In-Game Showdown (Q4),270.0,0,3,1,750.0,2026-09-29 01:45:00+00:00,Mon 9:45PM
196051495,NFL In-Game $270 3-Player (4Q PHI @ CHI),153796,In-Game Showdown (Q4),270.0,0,3,1,750.0,2026-09-29 01:45:00+00:00,Mon 9:45PM
196051497,NFL In-Game $109 50-50 (4Q PHI @ CHI),153796,In-Game Showdown (Q4),109.0,0,4,1,400.0,2026-09-29 01:45:00+00:00,Mon 9:45PM
196051498,NFL In-Game $109 50-50 (4Q PHI @ CHI),153796,In-Game Showdown (Q4),109.0,0,4,1,400.0,2026-09-29 01:45:00+00:00,Mon 9:45PM
196051501,NFL In-Game $109 3-Player (4Q PHI @ CHI),153796,In-Game Showdown (Q4),109.0,0,3,1,300.0,2026-09-29 01:45:00+00:00,Mon 9:45PM
196051502,NFL In-Game $109 3-Player (4Q PHI @ CHI),153796,In-Game Showdown (Q4),109.0,0,3,1,300.0,2026-09-29 01:45:00+00:00,Mon 9:45PM
196051503,NFL In-Game $109 3-Player (4Q PHI @ CHI),153796,In-Game Showdown (Q4),109.0,0,3,1,300.0,2026-09-29 01:45:00+00:00,Mon 9:45PM
196051510,NFL In-Game $50 50-50 (4Q PHI @ CHI),153796,In-Game Showdown (Q4),50.0,0,8,1,360.0,2026-09-29 01:45:00+00:00,Mon 9:45PM
196051507,NFL In-Game $50 50-50 (4Q PHI @ CHI),153796,In-Game Showdown (Q4),50.0,0,4,1,180.0,2026-09-29 01:45:00+00:00,Mon 9:45PM
196051541,NFL In-Game $50 Double Up (4Q PHI @ CHI),153796,In-Game Showdown (Q4),50.0,0,22,1,1000.0,2026-09-29 01:45:00+00:00,Mon 9:45PM
196051540,NFL In-Game $50 Double Up (4Q PHI @ CHI),153796,In-Game Showdown (Q4),50.0,0,11,1,500.0,2026-09-29 01:45:00+00:00,Mon 9:45PM
196051516,NFL In-Game $50 3-Player (4Q PHI @ CHI),153796,In-Game Showdown (Q4),50.0,0,3,1,135.0,2026-09-29 01:45:00+00:00,Mon 9:45PM
196051539,NFL In-Game $25 Double Up (4Q PHI @ CHI),153796,In-Game Showdown (Q4),25.0,0,22,1,500.0,2026-09-29 01:45:00+00:00,Mon 9:45PM
196051538,NFL In-Game $25 Double Up (4Q PHI @ CHI),153796,In-Game Showdown (Q4),25.0,0,11,1,250.0,2026-09-29 01:45:00+00:00,Mon 9:45PM
196051527,NFL In-Game $20 50-50 (4Q PHI @ CHI),153796,In-Game Showdown (Q4),20.0,0,10,1,180.0,2026-09-29 01:45:00+00:00,Mon 9:45PM
196051523,NFL In-Game $20 50-50 (4Q PHI @ CHI),153796,In-Game Showdown (Q4),20.0,0,4,1,72.0,2026-09-29 01:45:00+00:00,Mon 9:45PM
196051528,NFL In-Game $20 5-Player (4Q PHI @ CHI),153796,In-Game Showdown (Q4),20.0,0,5,1,90.0,2026-09-29 01:45:00+00:00,Mon 9:45PM
196051529,NFL In-Game $20 3-Player (4Q PHI @ CHI),153796,In-Game Showdown (Q4),20.0,0,3,1,54.0,2026-09-29 01:45:00+00:00,Mon 9:45PM
196051530,NFL In-Game $20 3-Player (4Q PHI @ CHI),153796,In-Game Showdown (Q4),20.0,0,3,1,54.0,2026-09-29 01:45:00+00:00,Mon 9:45PM
196051532,NFL In-Game $10 50-50 (4Q PHI @ CHI),153796,In-Game Showdown (Q4),10.0,0,10,1,90.0,2026-09-29 01:45:00+00:00,Mon 9:45PM
196051531,NFL In-Game $10 50-50 (4Q PHI @ CHI),153796,In-Game Showdown (Q4),10.0,0,4,1,36.0,2026-09-29 01:45:00+00:00,Mon 9:45PM
196051536,NFL In-Game $10 Double Up (4Q PHI @ CHI),153796,In-Game Showdown (Q4),10.0,0,11,1,100.0,2026-09-29 01:45:00+00:00,Mon 9:45PM
196051537,NFL In-Game $10 Double Up (4Q PHI @ CHI),153796,In-Game Showdown (Q4),10.0,0,11,1,100.0,2026-09-29 01:45:00+00:00,Mon 9:45PM
196051533,NFL In-Game $10 5-Player (4Q PHI @ CHI),153796,In-Game Showdown (Q4),10.0,0,5,1,45.0,2026-09-29 01:45:00+00:00,Mon 9:45PM
196051534,NFL In-Game $10 3-Player (4Q PHI @ CHI),153796,In-Game Showdown (Q4),10.0,0,3,1,27.0,2026-09-29 01:45:00+00:00,Mon 9:45PM
196051535,NFL In-Game $10 3-Player (4Q PHI @ CHI),153796,In-Game Showdown (Q4),10.0,0,3,1,27.0,2026-09-29 01:45:00+00:00,Mon 9:45PM
196051490,NFL In-Game $5 50-50 (4Q PHI @ CHI),153796,In-Game Showdown (Q4),5.0,0,10,1,45.0,2026-09-29 01:45:00+00:00,Mon 9:45PM
196051492,NFL In-Game $5 50-50 (4Q PHI @ CHI),153796,In-Game Showdown (Q4),5.0,0,4,1,18.0,2026-09-29 01:45:00+00:00,Mon 9:45PM
196169148,NFL In-Game $5 50-50 (4Q PHI @ CHI),153796,In-Game Showdown (Q4),5.0,0,4,1,18.0,2026-09-29 01:45:00+00:00,Mon 9:45PM
196051542,NFL In-Game $5 Double Up (4Q PHI @ CHI),153796,In-Game Showdown (Q4),5.0,0,11,1,50.0,2026-09-29 01:45:00+00:00,Mon 9:45PM
196051543,NFL In-Game $5 Double Up (4Q PHI @ CHI),153796,In-Game Showdown (Q4),5.0,0,11,1,50.0,2026-09-29 01:45:00+00:00,Mon 9:45PM
196051493,NFL In-Game $5 20-Player (4Q PHI @ CHI),153796,In-Game Showdown (Q4),5.0,0,20,1,90.0,2026-09-29 01:45:00+00:00,Mon 9:45PM
196051496,NFL In-Game $5 10-Player (4Q PHI @ CHI),153796,In-Game Showdown (Q4),5.0,0,10,1,45.0,2026-09-29 01:45:00+00:00,Mon 9:45PM
196051551,NFL In-Game $5 5-Player (4Q PHI @ CHI),153796,In-Game Showdown (Q4),5.0,0,5,1,22.5,2026-09-29 01:45:00+00:00,Mon 9:45PM
196169149,NFL In-Game $5 5-Player (4Q PHI @ CHI),153796,In-Game Showdown (Q4),5.0,0,5,1,22.5,2026-09-29 01:45:00+00:00,Mon 9:45PM
196051552,NFL In-Game $5 3-Player (4Q PHI @ CHI),153796,In-Game Showdown (Q4),5.0,0,3,1,13.5,2026-09-29 01:45:00+00:00,Mon 9:45PM
196051553,NFL In-Game $5 3-Player (4Q PHI @ CHI),153796,In-Game Showdown (Q4),5.0,0,3,1,13.5,2026-09-29 01:45:00+00:00,Mon 9:45PM
196051545,NFL In-Game $3 Double Up (4Q PHI @ CHI),153796,In-Game Showdown (Q4),3.0,0,11,1,30.0,2026-09-29 01:45:00+00:00,Mon 9:45PM
196185655,NFL In-Game $3 Double Up (4Q PHI @ CHI),153796,In-Game Showdown (Q4),3.0,0,11,1,30.0,2026-09-29 01:45:00+00:00,Mon 9:45PM
196051499,NFL In-Game $2 50-50 (4Q PHI @ CHI),153796,In-Game Showdown (Q4),2.0,0,20,1,36.0,2026-09-29 01:45:00+00:00,Mon 9:45PM
196051500,NFL In-Game $2 50-50 (4Q PHI @ CHI),153796,In-Game Showdown (Q4),2.0,0,10,1,18.0,2026-09-29 01:45:00+00:00,Mon 9:45PM
196051504,NFL In-Game $2 20-Player (4Q PHI @ CHI),153796,In-Game Showdown (Q4),2.0,0,20,1,36.0,2026-09-29 01:45:00+00:00,Mon 9:45PM
196051505,NFL In-Game $2 10-Player (4Q PHI @ CHI),153796,In-Game Showdown (Q4),2.0,0,10,1,18.0,2026-09-29 01:45:00+00:00,Mon 9:45PM
196159756,NFL In-Game $2 10-Player (4Q PHI @ CHI),153796,In-Game Showdown (Q4),2.0,0,10,1,18.0,2026-09-29 01:45:00+00:00,Mon 9:45PM
196051508,NFL In-Game $2 5-Player (4Q PHI @ CHI),153796,In-Game Showdown (Q4),2.0,0,5,1,9.0,2026-09-29 01:45:00+00:00,Mon 9:45PM
196051509,NFL In-Game $2 5-Player (4Q PHI @ CHI),153796,In-Game Showdown (Q4),2.0,0,5,1,9.0,2026-09-29 01:45:00+00:00,Mon 9:45PM
196051511,NFL In-Game $2 3-Player (4Q PHI @ CHI),153796,In-Game Showdown (Q4),2.0,0,3,1,5.4,2026-09-29 01:45:00+00:00,Mon 9:45PM
196159758,NFL In-Game $2 3-Player (4Q PHI @ CHI),153796,In-Game Showdown (Q4),2.0,0,3,1,5.4,2026-09-29 01:45:00+00:00,Mon 9:45PM
196051513,NFL In-Game $1 50-50 (4Q PHI @ CHI),153796,In-Game Showdown (Q4),1.0,0,20,1,18.0,2026-09-29 01:45:00+00:00,Mon 9:45PM
196051514,NFL In-Game $1 50-50 (4Q PHI @ CHI),153796,In-Game Showdown (Q4),1.0,0,10,1,9.0,2026-09-29 01:45:00+00:00,Mon 9:45PM
196051515,NFL In-Game $1 50-50 (4Q PHI @ CHI),153796,In-Game Showdown (Q4),1.0,0,10,1,9.0,2026-09-29 01:45:00+00:00,Mon 9:45PM
196051546,NFL In-Game $1 Double Up (4Q PHI @ CHI),153796,In-Game Showdown (Q4),1.0,0,11,1,10.0,2026-09-29 01:45:00+00:00,Mon 9:45PM
196051547,NFL In-Game $1 Double Up (4Q PHI @ CHI),153796,In-Game Showdown (Q4),1.0,0,11,1,10.0,2026-09-29 01:45:00+00:00,Mon 9:45PM
196051517,NFL In-Game $1 20-Player (4Q PHI @ CHI),153796,In-Game Showdown (Q4),1.0,0,20,1,18.0,2026-09-29 01:45:00+00:00,Mon 9:45PM
196051518,NFL In-Game $1 10-Player (4Q PHI @ CHI),153796,In-Game Showdown (Q4),1.0,0,10,1,9.0,2026-09-29 01:45:00+00:00,Mon 9:45PM
196159757,NFL In-Game $1 10-Player (4Q PHI @ CHI),153796,In-Game Showdown (Q4),1.0,0,10,1,9.0,2026-09-29 01:45:00+00:00,Mon 9:45PM
196051520,NFL In-Game $1 5-Player (4Q PHI @ CHI),153796,In-Game Showdown (Q4),1.0,0,5,1,4.5,2026-09-29 01:45:00+00:00,Mon 9:45PM
196051521,NFL In-Game $1 5-Player (4Q PHI @ CHI),153796,In-Game Showdown (Q4),1.0,0,5,1,4.5,2026-09-29 01:45:00+00:00,Mon 9:45PM
196051522,NFL In-Game $1 5-Player (4Q PHI @ CHI),153796,In-Game Showdown (Q4),1.0,0,5,1,4.5,2026-09-29 01:45:00+00:00,Mon 9:45PM
196051524,NFL In-Game $1 3-Player (4Q PHI @ CHI),153796,In-Game Showdown (Q4),1.0,0,3,1,2.7,2026-09-29 01:45:00+00:00,Mon 9:45PM
196051525,NFL In-Game $1 3-Player (4Q PHI @ CHI),153796,In-Game Showdown (Q4),1.0,0,3,1,2.7,2026-09-29 01:45:00+00:00,Mon 9:45PM
196051526,NFL In-Game $1 3-Player (4Q PHI @ CHI),153796,In-Game Showdown (Q4),1.0,0,3,1,2.7,2026-09-29 01:45:00+00:00,Mon 9:45PM
196158545,NFL Best Ball $10 12-Player (W4-W17 Sit + Go),154031,Best Ball,10.0,4,12,1,108.0,2026-10-01 22:13:00+00:00,Thu 6:13PM
196167462,NFL Best Ball $1 12-Player (W4-W17 Sit + Go),154031,Best Ball,1.0,11,12,1,10.8,2026-10-01 22:13:00+00:00,Thu 6:13PM
196177889,NFL Best Ball $5 12-Player (W4-W17 Sit + Go),154031,Best Ball,5.0,4,12,1,54.0,2026-10-01 22:13:00+00:00,Thu 6:13PM
196052090,NFL Best Ball $20 12-Player (W4-W17 Sit + Go),154031,Best Ball,20.0,3,12,1,216.0,2026-10-01 22:13:00+00:00,Thu 6:13PM
196052092,NFL Best Ball $50 12-Player (W4-W17 Sit + Go),154031,Best Ball,50.0,0,12,1,540.0,2026-10-01 22:13:00+00:00,Thu 6:13PM
196052091,NFL Best Ball $109 12-Player (W4-W17 Sit + Go),154031,Best Ball,109.0,0,12,1,1200.0,2026-10-01 22:13:00+00:00,Thu 6:13PM
196052095,NFL Best Ball $215 12-Player (W4-W17 Sit + Go),154031,Best Ball,215.0,0,12,1,2400.0,2026-10-01 22:13:00+00:00,Thu 6:13PM
196052097,NFL Best Ball $530 12-Player (W4-W17 Sit + Go),154031,Best Ball,530.0,0,12,1,6000.0,2026-10-01 22:13:00+00:00,Thu 6:13PM
196052099,"NFL Best Ball $1,060 12-Player (W4-W17 Sit + Go)",154031,Best Ball,1060.0,0,12,1,12000.0,2026-10-01 22:13:00+00:00,Thu 6:13PM
196052076,NFL Best Ball $10 6-Player (W4-W17 Sit + Go),154031,Best Ball,10.0,1,6,1,54.0,2026-10-01 23:13:00+00:00,Thu 7:13PM
196141997,NFL Best Ball $5 6-Player (W4-W17 Sit + Go),154031,Best Ball,5.0,2,6,1,27.0,2026-10-01 23:13:00+00:00,Thu 7:13PM
196184036,NFL Best Ball $1 6-Player (W4-W17 Sit + Go),154031,Best Ball,1.0,0,6,1,5.4,2026-10-01 23:13:00+00:00,Thu 7:13PM
196052083,NFL Best Ball $20 6-Player (W4-W17 Sit + Go),154031,Best Ball,20.0,0,6,1,108.0,2026-10-01 23:13:00+00:00,Thu 7:13PM
196052085,NFL Best Ball $50 6-Player (W4-W17 Sit + Go),154031,Best Ball,50.0,0,6,1,270.0,2026-10-01 23:13:00+00:00,Thu 7:13PM
196052078,NFL Best Ball $109 6-Player (W4-W17 Sit + Go),154031,Best Ball,109.0,0,6,1,600.0,2026-10-01 23:13:00+00:00,Thu 7:13PM
196052094,NFL Best Ball $215 6-Player (W4-W17 Sit + Go),154031,Best Ball,215.0,0,6,1,1200.0,2026-10-01 23:13:00+00:00,Thu 7:13PM
196052096,NFL Best Ball $530 6-Player (W4-W17 Sit + Go),154031,Best Ball,530.0,0,6,1,3000.0,2026-10-01 23:13:00+00:00,Thu 7:13PM
196052098,"NFL Best Ball $1,060 6-Player (W4-W17 Sit + Go)",154031,Best Ball,1060.0,0,6,1,6000.0,2026-10-01 23:13:00+00:00,Thu 7:13PM
196052077,NFL Best Ball $109 3-Player (W4-W17 Sit + Go),154031,Best Ball,109.0,1,3,1,300.0,2026-10-01 23:43:00+00:00,Thu 7:43PM
196184698,NFL Best Ball $10 3-Player (W4-W17 Sit + Go),154031,Best Ball,10.0,0,3,1,27.0,2026-10-01 23:43:00+00:00,Thu 7:43PM
196184205,NFL Best Ball $1 3-Player (W4-W17 Sit + Go),154031,Best Ball,1.0,0,3,1,2.7,2026-10-01 23:43:00+00:00,Thu 7:43PM
196183558,NFL Best Ball $5 3-Player (W4-W17 Sit + Go),154031,Best Ball,5.0,0,3,1,13.5,2026-10-01 23:43:00+00:00,Thu 7:43PM
196167477,NFL Best Ball $20 3-Player (W4-W17 Sit + Go),154031,Best Ball,20.0,0,3,1,54.0,2026-10-01 23:43:00+00:00,Thu 7:43PM
196052084,NFL Best Ball $50 3-Player (W4-W17 Sit + Go),154031,Best Ball,50.0,0,3,1,135.0,2026-10-01 23:43:00+00:00,Thu 7:43PM
196052093,NFL Best Ball $215 3-Player (W4-W17 Sit + Go),154031,Best Ball,215.0,0,3,1,600.0,2026-10-01 23:43:00+00:00,Thu 7:43PM
196052086,NFL Best Ball $530 3-Player (W4-W17 Sit + Go),154031,Best Ball,530.0,0,3,1,1500.0,2026-10-01 23:43:00+00:00,Thu 7:43PM
196052079,"NFL Best Ball $1,060 3-Player (W4-W17 Sit + Go)",154031,Best Ball,1060.0,0,3,1,3000.0,2026-10-01 23:43:00+00:00,Thu 7:43PM
196185446,NFL Showdown Satellite to $20 NFL Fantasy Football Millionaire [Must Fill] (PIT @ CLE),154084,Showdown Captain Mode,7.4,0,3,1,20.0,2026-10-02 00:15:00+00:00,Thu 8:15PM
196185418,Casual NFL Showdown $109 5-Player (PIT @ CLE),154084,Showdown Captain Mode,109.0,0,5,1,500.0,2026-10-02 00:15:00+00:00,Thu 8:15PM
196185417,Casual NFL Showdown $109 3-Player (PIT @ CLE),154084,Showdown Captain Mode,109.0,0,3,1,300.0,2026-10-02 00:15:00+00:00,Thu 8:15PM
196185357,Casual NFL Showdown $50 50-50 (PIT @ CLE),154084,Showdown Captain Mode,50.0,0,10,1,450.0,2026-10-02 00:15:00+00:00,Thu 8:15PM
196185358,Casual NFL Showdown $50 50-50 (PIT @ CLE),154084,Showdown Captain Mode,50.0,0,10,1,450.0,2026-10-02 00:15:00+00:00,Thu 8:15PM
196185359,Casual NFL Showdown $50 5-Player (PIT @ CLE),154084,Showdown Captain Mode,50.0,0,5,1,225.0,2026-10-02 00:15:00+00:00,Thu 8:15PM
196185381,Casual NFL Showdown $50 3-Player (PIT @ CLE),154084,Showdown Captain Mode,50.0,0,3,1,135.0,2026-10-02 00:15:00+00:00,Thu 8:15PM
196185382,Casual NFL Showdown $50 3-Player (PIT @ CLE),154084,Showdown Captain Mode,50.0,0,3,1,135.0,2026-10-02 00:15:00+00:00,Thu 8:15PM
196185354,Casual NFL Showdown $20 50-50 (PIT @ CLE),154084,Showdown Captain Mode,20.0,0,10,1,180.0,2026-10-02 00:15:00+00:00,Thu 8:15PM
196185355,Casual NFL Showdown $20 50-50 (PIT @ CLE),154084,Showdown Captain Mode,20.0,0,10,1,180.0,2026-10-02 00:15:00+00:00,Thu 8:15PM
196185356,Casual NFL Showdown $20 50-50 (PIT @ CLE),154084,Showdown Captain Mode,20.0,0,10,1,180.0,2026-10-02 00:15:00+00:00,Thu 8:15PM
196185351,Casual NFL Showdown $20 5-Player (PIT @ CLE),154084,Showdown Captain Mode,20.0,0,5,1,90.0,2026-10-02 00:15:00+00:00,Thu 8:15PM
196185352,Casual NFL Showdown $20 5-Player (PIT @ CLE),154084,Showdown Captain Mode,20.0,0,5,1,90.0,2026-10-02 00:15:00+00:00,Thu 8:15PM
196185353,Casual NFL Showdown $20 5-Player (PIT @ CLE),154084,Showdown Captain Mode,20.0,0,5,1,90.0,2026-10-02 00:15:00+00:00,Thu 8:15PM
196185384,Casual NFL Showdown $20 3-Player (PIT @ CLE),154084,Showdown Captain Mode,20.0,0,3,1,54.0,2026-10-02 00:15:00+00:00,Thu 8:15PM
196185386,Casual NFL Showdown $20 3-Player (PIT @ CLE),154084,Showdown Captain Mode,20.0,0,3,1,54.0,2026-10-02 00:15:00+00:00,Thu 8:15PM
196185387,Casual NFL Showdown $20 3-Player (PIT @ CLE),154084,Showdown Captain Mode,20.0,0,3,1,54.0,2026-10-02 00:15:00+00:00,Thu 8:15PM
196185360,Casual NFL Showdown $10 50-50 (PIT @ CLE),154084,Showdown Captain Mode,10.0,0,10,1,90.0,2026-10-02 00:15:00+00:00,Thu 8:15PM
196185361,Casual NFL Showdown $10 50-50 (PIT @ CLE),154084,Showdown Captain Mode,10.0,0,10,1,90.0,2026-10-02 00:15:00+00:00,Thu 8:15PM
196185362,Casual NFL Showdown $10 50-50 (PIT @ CLE),154084,Showdown Captain Mode,10.0,0,10,1,90.0,2026-10-02 00:15:00+00:00,Thu 8:15PM
196185391,Casual NFL Showdown $10 5-Player (PIT @ CLE),154084,Showdown Captain Mode,10.0,0,5,1,45.0,2026-10-02 00:15:00+00:00,Thu 8:15PM
196185393,Casual NFL Showdown $10 5-Player (PIT @ CLE),154084,Showdown Captain Mode,10.0,0,5,1,45.0,2026-10-02 00:15:00+00:00,Thu 8:15PM
196185395,Casual NFL Showdown $10 5-Player (PIT @ CLE),154084,Showdown Captain Mode,10.0,0,5,1,45.0,2026-10-02 00:15:00+00:00,Thu 8:15PM
196185396,Casual NFL Showdown $10 3-Player (PIT @ CLE),154084,Showdown Captain Mode,10.0,0,3,1,27.0,2026-10-02 00:15:00+00:00,Thu 8:15PM
196185397,Casual NFL Showdown $10 3-Player (PIT @ CLE),154084,Showdown Captain Mode,10.0,0,3,1,27.0,2026-10-02 00:15:00+00:00,Thu 8:15PM
196185398,Casual NFL Showdown $10 3-Player (PIT @ CLE),154084,Showdown Captain Mode,10.0,0,3,1,27.0,2026-10-02 00:15:00+00:00,Thu 8:15PM
196185363,Casual NFL Showdown $5 50-50 (PIT @ CLE),154084,Showdown Captain Mode,5.0,0,10,1,45.0,2026-10-02 00:15:00+00:00,Thu 8:15PM
196185365,Casual NFL Showdown $5 50-50 (PIT @ CLE),154084,Showdown Captain Mode,5.0,0,10,1,45.0,2026-10-02 00:15:00+00:00,Thu 8:15PM
196185367,Casual NFL Showdown $5 50-50 (PIT @ CLE),154084,Showdown Captain Mode,5.0,0,10,1,45.0,2026-10-02 00:15:00+00:00,Thu 8:15PM
196185399,Casual NFL Showdown $5 5-Player (PIT @ CLE),154084,Showdown Captain Mode,5.0,0,5,1,22.5,2026-10-02 00:15:00+00:00,Thu 8:15PM
196185400,Casual NFL Showdown $5 5-Player (PIT @ CLE),154084,Showdown Captain Mode,5.0,0,5,1,22.5,2026-10-02 00:15:00+00:00,Thu 8:15PM
196185401,Casual NFL Showdown $5 5-Player (PIT @ CLE),154084,Showdown Captain Mode,5.0,0,5,1,22.5,2026-10-02 00:15:00+00:00,Thu 8:15PM
196185402,Casual NFL Showdown $5 3-Player (PIT @ CLE),154084,Showdown Captain Mode,5.0,0,3,1,13.5,2026-10-02 00:15:00+00:00,Thu 8:15PM
196185403,Casual NFL Showdown $5 3-Player (PIT @ CLE),154084,Showdown Captain Mode,5.0,0,3,1,13.5,2026-10-02 00:15:00+00:00,Thu 8:15PM
196185404,Casual NFL Showdown $5 3-Player (PIT @ CLE),154084,Showdown Captain Mode,5.0,0,3,1,13.5,2026-10-02 00:15:00+00:00,Thu 8:15PM
196185369,Casual NFL Showdown $3 50-50 (PIT @ CLE),154084,Showdown Captain Mode,3.0,0,10,1,27.0,2026-10-02 00:15:00+00:00,Thu 8:15PM
196185370,Casual NFL Showdown $3 50-50 (PIT @ CLE),154084,Showdown Captain Mode,3.0,0,10,1,27.0,2026-10-02 00:15:00+00:00,Thu 8:15PM
196185372,Casual NFL Showdown $3 50-50 (PIT @ CLE),154084,Showdown Captain Mode,3.0,0,10,1,27.0,2026-10-02 00:15:00+00:00,Thu 8:15PM
196185405,Casual NFL Showdown $2 5-Player (PIT @ CLE),154084,Showdown Captain Mode,2.0,0,5,1,9.0,2026-10-02 00:15:00+00:00,Thu 8:15PM
196185406,Casual NFL Showdown $2 5-Player (PIT @ CLE),154084,Showdown Captain Mode,2.0,0,5,1,9.0,2026-10-02 00:15:00+00:00,Thu 8:15PM
196185407,Casual NFL Showdown $2 5-Player (PIT @ CLE),154084,Showdown Captain Mode,2.0,0,5,1,9.0,2026-10-02 00:15:00+00:00,Thu 8:15PM
196185408,Casual NFL Showdown $2 3-Player (PIT @ CLE),154084,Showdown Captain Mode,2.0,0,3,1,5.4,2026-10-02 00:15:00+00:00,Thu 8:15PM
196185409,Casual NFL Showdown $2 3-Player (PIT @ CLE),154084,Showdown Captain Mode,2.0,0,3,1,5.4,2026-10-02 00:15:00+00:00,Thu 8:15PM
196185410,Casual NFL Showdown $2 3-Player (PIT @ CLE),154084,Showdown Captain Mode,2.0,0,3,1,5.4,2026-10-02 00:15:00+00:00,Thu 8:15PM
196185376,Casual NFL Showdown $1 50-50 (PIT @ CLE),154084,Showdown Captain Mode,1.0,0,10,1,9.0,2026-10-02 00:15:00+00:00,Thu 8:15PM
196185378,Casual NFL Showdown $1 50-50 (PIT @ CLE),154084,Showdown Captain Mode,1.0,0,10,1,9.0,2026-10-02 00:15:00+00:00,Thu 8:15PM
196185379,Casual NFL Showdown $1 50-50 (PIT @ CLE),154084,Showdown Captain Mode,1.0,0,10,1,9.0,2026-10-02 00:15:00+00:00,Thu 8:15PM
196185411,Casual NFL Showdown $1 5-Player (PIT @ CLE),154084,Showdown Captain Mode,1.0,0,5,1,4.5,2026-10-02 00:15:00+00:00,Thu 8:15PM
196185412,Casual NFL Showdown $1 5-Player (PIT @ CLE),154084,Showdown Captain Mode,1.0,0,5,1,4.5,2026-10-02 00:15:00+00:00,Thu 8:15PM
196185413,Casual NFL Showdown $1 5-Player (PIT @ CLE),154084,Showdown Captain Mode,1.0,0,5,1,4.5,2026-10-02 00:15:00+00:00,Thu 8:15PM
196185414,Casual NFL Showdown $1 3-Player (PIT @ CLE),154084,Showdown Captain Mode,1.0,0,3,1,2.7,2026-10-02 00:15:00+00:00,Thu 8:15PM
196185415,Casual NFL Showdown $1 3-Player (PIT @ CLE),154084,Showdown Captain Mode,1.0,0,3,1,2.7,2026-10-02 00:15:00+00:00,Thu 8:15PM
196185416,Casual NFL Showdown $1 3-Player (PIT @ CLE),154084,Showdown Captain Mode,1.0,0,3,1,2.7,2026-10-02 00:15:00+00:00,Thu 8:15PM
196185336,Beginner NFL Showdown $109 5-Player (PIT @ CLE),154084,Showdown Captain Mode,109.0,0,5,1,500.0,2026-10-02 00:15:00+00:00,Thu 8:15PM
196185335,Beginner NFL Showdown $109 3-Player (PIT @ CLE),154084,Showdown Captain Mode,109.0,0,3,1,300.0,2026-10-02 00:15:00+00:00,Thu 8:15PM
196185303,Beginner NFL Showdown $50 50-50 (PIT @ CLE),154084,Showdown Captain Mode,50.0,0,10,1,450.0,2026-10-02 00:15:00+00:00,Thu 8:15PM
196185304,Beginner NFL Showdown $50 50-50 (PIT @ CLE),154084,Showdown Captain Mode,50.0,0,10,1,450.0,2026-10-02 00:15:00+00:00,Thu 8:15PM
196185307,Beginner NFL Showdown $50 5-Player (PIT @ CLE),154084,Showdown Captain Mode,50.0,0,5,1,225.0,2026-10-02 00:15:00+00:00,Thu 8:15PM
196185305,Beginner NFL Showdown $50 3-Player (PIT @ CLE),154084,Showdown Captain Mode,50.0,0,3,1,135.0,2026-10-02 00:15:00+00:00,Thu 8:15PM
196185306,Beginner NFL Showdown $50 3-Player (PIT @ CLE),154084,Showdown Captain Mode,50.0,0,3,1,135.0,2026-10-02 00:15:00+00:00,Thu 8:15PM
196185287,Beginner NFL Showdown $20 50-50 (PIT @ CLE),154084,Showdown Captain Mode,20.0,0,10,1,180.0,2026-10-02 00:15:00+00:00,Thu 8:15PM
196185288,Beginner NFL Showdown $20 50-50 (PIT @ CLE),154084,Showdown Captain Mode,20.0,0,10,1,180.0,2026-10-02 00:15:00+00:00,Thu 8:15PM
196185289,Beginner NFL Showdown $20 50-50 (PIT @ CLE),154084,Showdown Captain Mode,20.0,0,10,1,180.0,2026-10-02 00:15:00+00:00,Thu 8:15PM
196185272,Beginner NFL Showdown $20 5-Player (PIT @ CLE),154084,Showdown Captain Mode,20.0,0,5,1,90.0,2026-10-02 00:15:00+00:00,Thu 8:15PM
196185273,Beginner NFL Showdown $20 5-Player (PIT @ CLE),154084,Showdown Captain Mode,20.0,0,5,1,90.0,2026-10-02 00:15:00+00:00,Thu 8:15PM
196185274,Beginner NFL Showdown $20 5-Player (PIT @ CLE),154084,Showdown Captain Mode,20.0,0,5,1,90.0,2026-10-02 00:15:00+00:00,Thu 8:15PM
196185254,Beginner NFL Showdown $20 3-Player (PIT @ CLE),154084,Showdown Captain Mode,20.0,0,3,1,54.0,2026-10-02 00:15:00+00:00,Thu 8:15PM
196185255,Beginner NFL Showdown $20 3-Player (PIT @ CLE),154084,Showdown Captain Mode,20.0,0,3,1,54.0,2026-10-02 00:15:00+00:00,Thu 8:15PM
196185256,Beginner NFL Showdown $20 3-Player (PIT @ CLE),154084,Showdown Captain Mode,20.0,0,3,1,54.0,2026-10-02 00:15:00+00:00,Thu 8:15PM
196185284,Beginner NFL Showdown $10 50-50 (PIT @ CLE),154084,Showdown Captain Mode,10.0,0,10,1,90.0,2026-10-02 00:15:00+00:00,Thu 8:15PM
196185285,Beginner NFL Showdown $10 50-50 (PIT @ CLE),154084,Showdown Captain Mode,10.0,0,10,1,90.0,2026-10-02 00:15:00+00:00,Thu 8:15PM
196185286,Beginner NFL Showdown $10 50-50 (PIT @ CLE),154084,Showdown Captain Mode,10.0,0,10,1,90.0,2026-10-02 00:15:00+00:00,Thu 8:15PM
196185269,Beginner NFL Showdown $10 5-Player (PIT @ CLE),154084,Showdown Captain Mode,10.0,0,5,1,45.0,2026-10-02 00:15:00+00:00,Thu 8:15PM
196185270,Beginner NFL Showdown $10 5-Player (PIT @ CLE),154084,Showdown Captain Mode,10.0,0,5,1,45.0,2026-10-02 00:15:00+00:00,Thu 8:15PM
196185271,Beginner NFL Showdown $10 5-Player (PIT @ CLE),154084,Showdown Captain Mode,10.0,0,5,1,45.0,2026-10-02 00:15:00+00:00,Thu 8:15PM
196185251,Beginner NFL Showdown $10 3-Player (PIT @ CLE),154084,Showdown Captain Mode,10.0,0,3,1,27.0,2026-10-02 00:15:00+00:00,Thu 8:15PM
196185252,Beginner NFL Showdown $10 3-Player (PIT @ CLE),154084,Showdown Captain Mode,10.0,0,3,1,27.0,2026-10-02 00:15:00+00:00,Thu 8:15PM
196185253,Beginner NFL Showdown $10 3-Player (PIT @ CLE),154084,Showdown Captain Mode,10.0,0,3,1,27.0,2026-10-02 00:15:00+00:00,Thu 8:15PM
196185281,Beginner NFL Showdown $5 50-50 (PIT @ CLE),154084,Showdown Captain Mode,5.0,0,10,1,45.0,2026-10-02 00:15:00+00:00,Thu 8:15PM
196185282,Beginner NFL Showdown $5 50-50 (PIT @ CLE),154084,Showdown Captain Mode,5.0,0,10,1,45.0,2026-10-02 00:15:00+00:00,Thu 8:15PM
196185283,Beginner NFL Showdown $5 50-50 (PIT @ CLE),154084,Showdown Captain Mode,5.0,0,10,1,45.0,2026-10-02 00:15:00+00:00,Thu 8:15PM
196185266,Beginner NFL Showdown $5 5-Player (PIT @ CLE),154084,Showdown Captain Mode,5.0,0,5,1,22.5,2026-10-02 00:15:00+00:00,Thu 8:15PM
196185267,Beginner NFL Showdown $5 5-Player (PIT @ CLE),154084,Showdown Captain Mode,5.0,0,5,1,22.5,2026-10-02 00:15:00+00:00,Thu 8:15PM
196185268,Beginner NFL Showdown $5 5-Player (PIT @ CLE),154084,Showdown Captain Mode,5.0,0,5,1,22.5,2026-10-02 00:15:00+00:00,Thu 8:15PM
196185245,Beginner NFL Showdown $5 3-Player (PIT @ CLE),154084,Showdown Captain Mode,5.0,0,3,1,13.5,2026-10-02 00:15:00+00:00,Thu 8:15PM
196185246,Beginner NFL Showdown $5 3-Player (PIT @ CLE),154084,Showdown Captain Mode,5.0,0,3,1,13.5,2026-10-02 00:15:00+00:00,Thu 8:15PM
196185247,Beginner NFL Showdown $5 3-Player (PIT @ CLE),154084,Showdown Captain Mode,5.0,0,3,1,13.5,2026-10-02 00:15:00+00:00,Thu 8:15PM
196185278,Beginner NFL Showdown $3 50-50 (PIT @ CLE),154084,Showdown Captain Mode,3.0,0,10,1,27.0,2026-10-02 00:15:00+00:00,Thu 8:15PM
196185279,Beginner NFL Showdown $3 50-50 (PIT @ CLE),154084,Showdown Captain Mode,3.0,0,10,1,27.0,2026-10-02 00:15:00+00:00,Thu 8:15PM
196185280,Beginner NFL Showdown $3 50-50 (PIT @ CLE),154084,Showdown Captain Mode,3.0,0,10,1,27.0,2026-10-02 00:15:00+00:00,Thu 8:15PM
196185263,Beginner NFL Showdown $2 5-Player (PIT @ CLE),154084,Showdown Captain Mode,2.0,0,5,1,9.0,2026-10-02 00:15:00+00:00,Thu 8:15PM
196185264,Beginner NFL Showdown $2 5-Player (PIT @ CLE),154084,Showdown Captain Mode,2.0,0,5,1,9.0,2026-10-02 00:15:00+00:00,Thu 8:15PM
196185265,Beginner NFL Showdown $2 5-Player (PIT @ CLE),154084,Showdown Captain Mode,2.0,0,5,1,9.0,2026-10-02 00:15:00+00:00,Thu 8:15PM
196185257,Beginner NFL Showdown $2 3-Player (PIT @ CLE),154084,Showdown Captain Mode,2.0,0,3,1,5.4,2026-10-02 00:15:00+00:00,Thu 8:15PM
196185258,Beginner NFL Showdown $2 3-Player (PIT @ CLE),154084,Showdown Captain Mode,2.0,0,3,1,5.4,2026-10-02 00:15:00+00:00,Thu 8:15PM
196185259,Beginner NFL Showdown $2 3-Player (PIT @ CLE),154084,Showdown Captain Mode,2.0,0,3,1,5.4,2026-10-02 00:15:00+00:00,Thu 8:15PM
196185275,Beginner NFL Showdown $1 50-50 (PIT @ CLE),154084,Showdown Captain Mode,1.0,0,10,1,9.0,2026-10-02 00:15:00+00:00,Thu 8:15PM
196185276,Beginner NFL Showdown $1 50-50 (PIT @ CLE),154084,Showdown Captain Mode,1.0,0,10,1,9.0,2026-10-02 00:15:00+00:00,Thu 8:15PM
196185277,Beginner NFL Showdown $1 50-50 (PIT @ CLE),154084,Showdown Captain Mode,1.0,0,10,1,9.0,2026-10-02 00:15:00+00:00,Thu 8:15PM
196185260,Beginner NFL Showdown $1 5-Player (PIT @ CLE),154084,Showdown Captain Mode,1.0,0,5,1,4.5,2026-10-02 00:15:00+00:00,Thu 8:15PM
196185261,Beginner NFL Showdown $1 5-Player (PIT @ CLE),154084,Showdown Captain Mode,1.0,0,5,1,4.5,2026-10-02 00:15:00+00:00,Thu 8:15PM
196185262,Beginner NFL Showdown $1 5-Player (PIT @ CLE),154084,Showdown Captain Mode,1.0,0,5,1,4.5,2026-10-02 00:15:00+00:00,Thu 8:15PM
196185248,Beginner NFL Showdown $1 3-Player (PIT @ CLE),154084,Showdown Captain Mode,1.0,0,3,1,2.7,2026-10-02 00:15:00+00:00,Thu 8:15PM
196185249,Beginner NFL Showdown $1 3-Player (PIT @ CLE),154084,Showdown Captain Mode,1.0,0,3,1,2.7,2026-10-02 00:15:00+00:00,Thu 8:15PM
196185250,Beginner NFL Showdown $1 3-Player (PIT @ CLE),154084,Showdown Captain Mode,1.0,0,3,1,2.7,2026-10-02 00:15:00+00:00,Thu 8:15PM
196185311,"NFL Showdown $10,600 3-Player (PIT @ CLE)",154084,Showdown Captain Mode,10600.0,0,3,1,30000.0,2026-10-02 00:15:00+00:00,Thu 8:15PM
196185312,"NFL Showdown $10,600 3-Player (PIT @ CLE)",154084,Showdown Captain Mode,10600.0,0,3,1,30000.0,2026-10-02 00:15:00+00:00,Thu 8:15PM
196185315,"NFL Showdown $5,300 50-50 (PIT @ CLE)",154084,Showdown Captain Mode,5300.0,0,4,1,20000.0,2026-10-02 00:15:00+00:00,Thu 8:15PM
196185316,"NFL Showdown $5,300 50-50 (PIT @ CLE)",154084,Showdown Captain Mode,5300.0,0,4,1,20000.0,2026-10-02 00:15:00+00:00,Thu 8:15PM
196185313,"NFL Showdown $5,300 3-Player (PIT @ CLE)",154084,Showdown Captain Mode,5300.0,0,3,1,15000.0,2026-10-02 00:15:00+00:00,Thu 8:15PM
196185314,"NFL Showdown $5,300 3-Player (PIT @ CLE)",154084,Showdown Captain Mode,5300.0,0,3,1,15000.0,2026-10-02 00:15:00+00:00,Thu 8:15PM
196185349,"NFL Showdown $2,120 50-50 (PIT @ CLE)",154084,Showdown Captain Mode,2120.0,0,4,1,8000.0,2026-10-02 00:15:00+00:00,Thu 8:15PM
196185350,"NFL Showdown $2,120 50-50 (PIT @ CLE)",154084,Showdown Captain Mode,2120.0,0,4,1,8000.0,2026-10-02 00:15:00+00:00,Thu 8:15PM
196185347,"NFL Showdown $2,120 5-Player (PIT @ CLE)",154084,Showdown Captain Mode,2120.0,0,5,1,10000.0,2026-10-02 00:15:00+00:00,Thu 8:15PM
196185348,"NFL Showdown $2,120 5-Player (PIT @ CLE)",154084,Showdown Captain Mode,2120.0,0,5,1,10000.0,2026-10-02 00:15:00+00:00,Thu 8:15PM
196185345,"NFL Showdown $2,120 3-Player (PIT @ CLE)",154084,Showdown Captain Mode,2120.0,0,3,1,6000.0,2026-10-02 00:15:00+00:00,Thu 8:15PM
196185346,"NFL Showdown $2,120 3-Player (PIT @ CLE)",154084,Showdown Captain Mode,2120.0,0,3,1,6000.0,2026-10-02 00:15:00+00:00,Thu 8:15PM
196185317,"NFL Showdown $1,060 50-50 (PIT @ CLE)",154084,Showdown Captain Mode,1060.0,0,4,1,4000.0,2026-10-02 00:15:00+00:00,Thu 8:15PM
196185318,"NFL Showdown $1,060 50-50 (PIT @ CLE)",154084,Showdown Captain Mode,1060.0,0,4,1,4000.0,2026-10-02 00:15:00+00:00,Thu 8:15PM
196185202,"NFL Showdown $1,060 5-Player (PIT @ CLE)",154084,Showdown Captain Mode,1060.0,0,5,1,5000.0,2026-10-02 00:15:00+00:00,Thu 8:15PM
196185203,"NFL Showdown $1,060 5-Player (PIT @ CLE)",154084,Showdown Captain Mode,1060.0,0,5,1,5000.0,2026-10-02 00:15:00+00:00,Thu 8:15PM
196185319,"NFL Showdown $1,060 3-Player (PIT @ CLE)",154084,Showdown Captain Mode,1060.0,0,3,1,3000.0,2026-10-02 00:15:00+00:00,Thu 8:15PM
196185320,"NFL Showdown $1,060 3-Player (PIT @ CLE)",154084,Showdown Captain Mode,1060.0,0,3,1,3000.0,2026-10-02 00:15:00+00:00,Thu 8:15PM
196185321,NFL Showdown $530 50-50 (PIT @ CLE),154084,Showdown Captain Mode,530.0,0,4,1,2000.0,2026-10-02 00:15:00+00:00,Thu 8:15PM
196185322,NFL Showdown $530 50-50 (PIT @ CLE),154084,Showdown Captain Mode,530.0,0,4,1,2000.0,2026-10-02 00:15:00+00:00,Thu 8:15PM
196185339,NFL Showdown $530 50-50 (PIT @ CLE),154084,Showdown Captain Mode,530.0,0,8,1,4000.0,2026-10-02 00:15:00+00:00,Thu 8:15PM
196185229,NFL Showdown $530 5-Player (PIT @ CLE),154084,Showdown Captain Mode,530.0,0,5,1,2500.0,2026-10-02 00:15:00+00:00,Thu 8:15PM
196185230,NFL Showdown $530 5-Player (PIT @ CLE),154084,Showdown Captain Mode,530.0,0,5,1,2500.0,2026-10-02 00:15:00+00:00,Thu 8:15PM
196185323,NFL Showdown $530 3-Player (PIT @ CLE),154084,Showdown Captain Mode,530.0,0,3,1,1500.0,2026-10-02 00:15:00+00:00,Thu 8:15PM
196185324,NFL Showdown $530 3-Player (PIT @ CLE),154084,Showdown Captain Mode,530.0,0,3,1,1500.0,2026-10-02 00:15:00+00:00,Thu 8:15PM
196185338,NFL Showdown $270 50-50 (PIT @ CLE),154084,Showdown Captain Mode,270.0,0,8,1,2000.0,2026-10-02 00:15:00+00:00,Thu 8:15PM
196185436,NFL Showdown $270 50-50 (PIT @ CLE),154084,Showdown Captain Mode,270.0,0,4,1,1000.0,2026-10-02 00:15:00+00:00,Thu 8:15PM
196185437,NFL Showdown $270 50-50 (PIT @ CLE),154084,Showdown Captain Mode,270.0,0,4,1,1000.0,2026-10-02 00:15:00+00:00,Thu 8:15PM
196185290,NFL Showdown $270 10-Player (PIT @ CLE),154084,Showdown Captain Mode,270.0,0,10,1,2500.0,2026-10-02 00:15:00+00:00,Thu 8:15PM
196185325,NFL Showdown $270 3-Player (PIT @ CLE),154084,Showdown Captain Mode,270.0,0,3,1,750.0,2026-10-02 00:15:00+00:00,Thu 8:15PM
196185326,NFL Showdown $270 3-Player (PIT @ CLE),154084,Showdown Captain Mode,270.0,0,3,1,750.0,2026-10-02 00:15:00+00:00,Thu 8:15PM
196185227,NFL Showdown $270 5-Player (PIT @ CLE),154084,Showdown Captain Mode,270.0,0,5,1,1250.0,2026-10-02 00:15:00+00:00,Thu 8:15PM
196185228,NFL Showdown $270 5-Player (PIT @ CLE),154084,Showdown Captain Mode,270.0,0,5,1,1250.0,2026-10-02 00:15:00+00:00,Thu 8:15PM
196185337,NFL Showdown $162 50-50 (PIT @ CLE),154084,Showdown Captain Mode,162.0,0,8,1,1200.0,2026-10-02 00:15:00+00:00,Thu 8:15PM
196185212,NFL Showdown $162 50-50 (PIT @ CLE),154084,Showdown Captain Mode,162.0,0,4,1,600.0,2026-10-02 00:15:00+00:00,Thu 8:15PM
196185213,NFL Showdown $162 50-50 (PIT @ CLE),154084,Showdown Captain Mode,162.0,0,4,1,600.0,2026-10-02 00:15:00+00:00,Thu 8:15PM
196185225,NFL Showdown $162 5-Player (PIT @ CLE),154084,Showdown Captain Mode,162.0,0,5,1,750.0,2026-10-02 00:15:00+00:00,Thu 8:15PM
196185226,NFL Showdown $162 5-Player (PIT @ CLE),154084,Showdown Captain Mode,162.0,0,5,1,750.0,2026-10-02 00:15:00+00:00,Thu 8:15PM
196185222,NFL Showdown $162 3-Player (PIT @ CLE),154084,Showdown Captain Mode,162.0,0,3,1,450.0,2026-10-02 00:15:00+00:00,Thu 8:15PM
196185223,NFL Showdown $162 3-Player (PIT @ CLE),154084,Showdown Captain Mode,162.0,0,3,1,450.0,2026-10-02 00:15:00+00:00,Thu 8:15PM
196185224,NFL Showdown $162 3-Player (PIT @ CLE),154084,Showdown Captain Mode,162.0,0,3,1,450.0,2026-10-02 00:15:00+00:00,Thu 8:15PM
196185244,NFL Showdown $109 50-50 (PIT @ CLE),154084,Showdown Captain Mode,109.0,0,20,1,2000.0,2026-10-02 00:15:00+00:00,Thu 8:15PM
196185216,NFL Showdown $109 50-50 (PIT @ CLE),154084,Showdown Captain Mode,109.0,0,10,1,1000.0,2026-10-02 00:15:00+00:00,Thu 8:15PM
196185327,NFL Showdown $109 50-50 (PIT @ CLE),154084,Showdown Captain Mode,109.0,0,4,1,400.0,2026-10-02 00:15:00+00:00,Thu 8:15PM
196185328,NFL Showdown $109 50-50 (PIT @ CLE),154084,Showdown Captain Mode,109.0,0,4,1,400.0,2026-10-02 00:15:00+00:00,Thu 8:15PM
196185329,NFL Showdown $109 5-Player (PIT @ CLE),154084,Showdown Captain Mode,109.0,0,5,1,500.0,2026-10-02 00:15:00+00:00,Thu 8:15PM
196185330,NFL Showdown $109 5-Player (PIT @ CLE),154084,Showdown Captain Mode,109.0,0,5,1,500.0,2026-10-02 00:15:00+00:00,Thu 8:15PM
196185332,NFL Showdown $109 3-Player (PIT @ CLE),154084,Showdown Captain Mode,109.0,0,3,1,300.0,2026-10-02 00:15:00+00:00,Thu 8:15PM
196185333,NFL Showdown $109 3-Player (PIT @ CLE),154084,Showdown Captain Mode,109.0,0,3,1,300.0,2026-10-02 00:15:00+00:00,Thu 8:15PM
196185334,NFL Showdown $109 3-Player (PIT @ CLE),154084,Showdown Captain Mode,109.0,0,3,1,300.0,2026-10-02 00:15:00+00:00,Thu 8:15PM
196185243,NFL Showdown $50 50-50 (PIT @ CLE),154084,Showdown Captain Mode,50.0,0,20,1,900.0,2026-10-02 00:15:00+00:00,Thu 8:15PM
196185214,NFL Showdown $50 50-50 (PIT @ CLE),154084,Showdown Captain Mode,50.0,0,10,1,450.0,2026-10-02 00:15:00+00:00,Thu 8:15PM
196185215,NFL Showdown $50 50-50 (PIT @ CLE),154084,Showdown Captain Mode,50.0,0,10,1,450.0,2026-10-02 00:15:00+00:00,Thu 8:15PM
196185171,NFL Showdown $50 50-50 (PIT @ CLE),154084,Showdown Captain Mode,50.0,0,4,1,180.0,2026-10-02 00:15:00+00:00,Thu 8:15PM
196185172,NFL Showdown $50 50-50 (PIT @ CLE),154084,Showdown Captain Mode,50.0,0,4,1,180.0,2026-10-02 00:15:00+00:00,Thu 8:15PM
196185173,NFL Showdown $50 50-50 (PIT @ CLE),154084,Showdown Captain Mode,50.0,0,4,1,180.0,2026-10-02 00:15:00+00:00,Thu 8:15PM
196185424,NFL Showdown $50 Double Up (PIT @ CLE),154084,Showdown Captain Mode,50.0,0,22,1,1000.0,2026-10-02 00:15:00+00:00,Thu 8:15PM
196185423,NFL Showdown $50 Double Up (PIT @ CLE),154084,Showdown Captain Mode,50.0,0,11,1,500.0,2026-10-02 00:15:00+00:00,Thu 8:15PM
196185293,NFL Showdown $50 20-Player (PIT @ CLE),154084,Showdown Captain Mode,50.0,0,20,1,900.0,2026-10-02 00:15:00+00:00,Thu 8:15PM
196185204,NFL Showdown $50 10-Player (PIT @ CLE),154084,Showdown Captain Mode,50.0,0,10,1,450.0,2026-10-02 00:15:00+00:00,Thu 8:15PM
196185205,NFL Showdown $50 10-Player (PIT @ CLE),154084,Showdown Captain Mode,50.0,0,10,1,450.0,2026-10-02 00:15:00+00:00,Thu 8:15PM
196185180,NFL Showdown $50 5-Player (PIT @ CLE),154084,Showdown Captain Mode,50.0,0,5,1,225.0,2026-10-02 00:15:00+00:00,Thu 8:15PM
196185181,NFL Showdown $50 5-Player (PIT @ CLE),154084,Showdown Captain Mode,50.0,0,5,1,225.0,2026-10-02 00:15:00+00:00,Thu 8:15PM
196185177,NFL Showdown $50 3-Player (PIT @ CLE),154084,Showdown Captain Mode,50.0,0,3,1,135.0,2026-10-02 00:15:00+00:00,Thu 8:15PM
196185178,NFL Showdown $50 3-Player (PIT @ CLE),154084,Showdown Captain Mode,50.0,0,3,1,135.0,2026-10-02 00:15:00+00:00,Thu 8:15PM
196185179,NFL Showdown $50 3-Player (PIT @ CLE),154084,Showdown Captain Mode,50.0,0,3,1,135.0,2026-10-02 00:15:00+00:00,Thu 8:15PM
196185422,NFL Showdown $25 Double Up (PIT @ CLE),154084,Showdown Captain Mode,25.0,0,22,1,500.0,2026-10-02 00:15:00+00:00,Thu 8:15PM
196185421,NFL Showdown $25 Double Up (PIT @ CLE),154084,Showdown Captain Mode,25.0,0,11,1,250.0,2026-10-02 00:15:00+00:00,Thu 8:15PM
196185344,NFL Showdown $20 50-50 (PIT @ CLE),154084,Showdown Captain Mode,20.0,0,50,1,900.0,2026-10-02 00:15:00+00:00,Thu 8:15PM
196185241,NFL Showdown $20 50-50 (PIT @ CLE),154084,Showdown Captain Mode,20.0,0,20,1,360.0,2026-10-02 00:15:00+00:00,Thu 8:15PM
196185242,NFL Showdown $20 50-50 (PIT @ CLE),154084,Showdown Captain Mode,20.0,0,20,1,360.0,2026-10-02 00:15:00+00:00,Thu 8:15PM
196185161,NFL Showdown $20 50-50 (PIT @ CLE),154084,Showdown Captain Mode,20.0,0,10,1,180.0,2026-10-02 00:15:00+00:00,Thu 8:15PM
196185162,NFL Showdown $20 50-50 (PIT @ CLE),154084,Showdown Captain Mode,20.0,0,10,1,180.0,2026-10-02 00:15:00+00:00,Thu 8:15PM
196185435,NFL Showdown $20 100-Player (PIT @ CLE),154084,Showdown Captain Mode,20.0,0,100,1,1800.0,2026-10-02 00:15:00+00:00,Thu 8:15PM
196185296,NFL Showdown $20 40-Player (PIT @ CLE),154084,Showdown Captain Mode,20.0,0,40,1,720.0,2026-10-02 00:15:00+00:00,Thu 8:15PM
196185291,NFL Showdown $20 20-Player (PIT @ CLE),154084,Showdown Captain Mode,20.0,0,20,1,360.0,2026-10-02 00:15:00+00:00,Thu 8:15PM
196185292,NFL Showdown $20 20-Player (PIT @ CLE),154084,Showdown Captain Mode,20.0,0,20,1,360.0,2026-10-02 00:15:00+00:00,Thu 8:15PM
196185210,NFL Showdown $20 10-Player (PIT @ CLE),154084,Showdown Captain Mode,20.0,0,10,1,180.0,2026-10-02 00:15:00+00:00,Thu 8:15PM
196185211,NFL Showdown $20 10-Player (PIT @ CLE),154084,Showdown Captain Mode,20.0,0,10,1,180.0,2026-10-02 00:15:00+00:00,Thu 8:15PM
196185155,NFL Showdown $20 5-Player (PIT @ CLE),154084,Showdown Captain Mode,20.0,0,5,1,90.0,2026-10-02 00:15:00+00:00,Thu 8:15PM
196185156,NFL Showdown $20 5-Player (PIT @ CLE),154084,Showdown Captain Mode,20.0,0,5,1,90.0,2026-10-02 00:15:00+00:00,Thu 8:15PM
196185157,NFL Showdown $20 5-Player (PIT @ CLE),154084,Showdown Captain Mode,20.0,0,5,1,90.0,2026-10-02 00:15:00+00:00,Thu 8:15PM
196185194,NFL Showdown $20 3-Player (PIT @ CLE),154084,Showdown Captain Mode,20.0,0,3,1,54.0,2026-10-02 00:15:00+00:00,Thu 8:15PM
196185195,NFL Showdown $20 3-Player (PIT @ CLE),154084,Showdown Captain Mode,20.0,0,3,1,54.0,2026-10-02 00:15:00+00:00,Thu 8:15PM
196185196,NFL Showdown $20 3-Player (PIT @ CLE),154084,Showdown Captain Mode,20.0,0,3,1,54.0,2026-10-02 00:15:00+00:00,Thu 8:15PM
196185343,NFL Showdown $10 50-50 (PIT @ CLE),154084,Showdown Captain Mode,10.0,0,50,1,450.0,2026-10-02 00:15:00+00:00,Thu 8:15PM
196185220,NFL Showdown $10 50-50 (PIT @ CLE),154084,Showdown Captain Mode,10.0,0,20,1,180.0,2026-10-02 00:15:00+00:00,Thu 8:15PM
196185221,NFL Showdown $10 50-50 (PIT @ CLE),154084,Showdown Captain Mode,10.0,0,20,1,180.0,2026-10-02 00:15:00+00:00,Thu 8:15PM
196185197,NFL Showdown $10 50-50 (PIT @ CLE),154084,Showdown Captain Mode,10.0,0,10,1,90.0,2026-10-02 00:15:00+00:00,Thu 8:15PM
196185198,NFL Showdown $10 50-50 (PIT @ CLE),154084,Showdown Captain Mode,10.0,0,10,1,90.0,2026-10-02 00:15:00+00:00,Thu 8:15PM
196185419,NFL Showdown $10 Double Up (PIT @ CLE),154084,Showdown Captain Mode,10.0,0,11,1,100.0,2026-10-02 00:15:00+00:00,Thu 8:15PM
196185420,NFL Showdown $10 Double Up (PIT @ CLE),154084,Showdown Captain Mode,10.0,0,11,1,100.0,2026-10-02 00:15:00+00:00,Thu 8:15PM
196185434,NFL Showdown $10 100-Player (PIT @ CLE),154084,Showdown Captain Mode,10.0,0,100,1,900.0,2026-10-02 00:15:00+00:00,Thu 8:15PM
196185295,NFL Showdown $10 40-Player (PIT @ CLE),154084,Showdown Captain Mode,10.0,0,40,1,360.0,2026-10-02 00:15:00+00:00,Thu 8:15PM
196185206,NFL Showdown $10 20-Player (PIT @ CLE),154084,Showdown Captain Mode,10.0,0,20,1,180.0,2026-10-02 00:15:00+00:00,Thu 8:15PM
196185207,NFL Showdown $10 20-Player (PIT @ CLE),154084,Showdown Captain Mode,10.0,0,20,1,180.0,2026-10-02 00:15:00+00:00,Thu 8:15PM
196185169,NFL Showdown $10 10-Player (PIT @ CLE),154084,Showdown Captain Mode,10.0,0,10,1,90.0,2026-10-02 00:15:00+00:00,Thu 8:15PM
196185170,NFL Showdown $10 10-Player (PIT @ CLE),154084,Showdown Captain Mode,10.0,0,10,1,90.0,2026-10-02 00:15:00+00:00,Thu 8:15PM
196185152,NFL Showdown $10 5-Player (PIT @ CLE),154084,Showdown Captain Mode,10.0,0,5,1,45.0,2026-10-02 00:15:00+00:00,Thu 8:15PM
196185153,NFL Showdown $10 5-Player (PIT @ CLE),154084,Showdown Captain Mode,10.0,0,5,1,45.0,2026-10-02 00:15:00+00:00,Thu 8:15PM
196185154,NFL Showdown $10 5-Player (PIT @ CLE),154084,Showdown Captain Mode,10.0,0,5,1,45.0,2026-10-02 00:15:00+00:00,Thu 8:15PM
196185191,NFL Showdown $10 3-Player (PIT @ CLE),154084,Showdown Captain Mode,10.0,0,3,1,27.0,2026-10-02 00:15:00+00:00,Thu 8:15PM
196185192,NFL Showdown $10 3-Player (PIT @ CLE),154084,Showdown Captain Mode,10.0,0,3,1,27.0,2026-10-02 00:15:00+00:00,Thu 8:15PM
196185193,NFL Showdown $10 3-Player (PIT @ CLE),154084,Showdown Captain Mode,10.0,0,3,1,27.0,2026-10-02 00:15:00+00:00,Thu 8:15PM
196185309,NFL Showdown $5 50-50 (PIT @ CLE),154084,Showdown Captain Mode,5.0,0,100,1,450.0,2026-10-02 00:15:00+00:00,Thu 8:15PM
196185342,NFL Showdown $5 50-50 (PIT @ CLE),154084,Showdown Captain Mode,5.0,0,50,1,225.0,2026-10-02 00:15:00+00:00,Thu 8:15PM
196185217,NFL Showdown $5 50-50 (PIT @ CLE),154084,Showdown Captain Mode,5.0,0,20,1,90.0,2026-10-02 00:15:00+00:00,Thu 8:15PM
196185218,NFL Showdown $5 50-50 (PIT @ CLE),154084,Showdown Captain Mode,5.0,0,20,1,90.0,2026-10-02 00:15:00+00:00,Thu 8:15PM
196185219,NFL Showdown $5 50-50 (PIT @ CLE),154084,Showdown Captain Mode,5.0,0,20,1,90.0,2026-10-02 00:15:00+00:00,Thu 8:15PM
196185158,NFL Showdown $5 50-50 (PIT @ CLE),154084,Showdown Captain Mode,5.0,0,10,1,45.0,2026-10-02 00:15:00+00:00,Thu 8:15PM
196185159,NFL Showdown $5 50-50 (PIT @ CLE),154084,Showdown Captain Mode,5.0,0,10,1,45.0,2026-10-02 00:15:00+00:00,Thu 8:15PM
196185160,NFL Showdown $5 50-50 (PIT @ CLE),154084,Showdown Captain Mode,5.0,0,10,1,45.0,2026-10-02 00:15:00+00:00,Thu 8:15PM
196185425,NFL Showdown $5 Double Up (PIT @ CLE),154084,Showdown Captain Mode,5.0,0,11,1,50.0,2026-10-02 00:15:00+00:00,Thu 8:15PM
196185426,NFL Showdown $5 Double Up (PIT @ CLE),154084,Showdown Captain Mode,5.0,0,11,1,50.0,2026-10-02 00:15:00+00:00,Thu 8:15PM
196185433,NFL Showdown $5 100-Player (PIT @ CLE),154084,Showdown Captain Mode,5.0,0,100,1,450.0,2026-10-02 00:15:00+00:00,Thu 8:15PM
196185294,NFL Showdown $5 40-Player (PIT @ CLE),154084,Showdown Captain Mode,5.0,0,40,1,180.0,2026-10-02 00:15:00+00:00,Thu 8:15PM
196185208,NFL Showdown $5 20-Player (PIT @ CLE),154084,Showdown Captain Mode,5.0,0,20,1,90.0,2026-10-02 00:15:00+00:00,Thu 8:15PM
196185209,NFL Showdown $5 20-Player (PIT @ CLE),154084,Showdown Captain Mode,5.0,0,20,1,90.0,2026-10-02 00:15:00+00:00,Thu 8:15PM
196185143,NFL Showdown $5 10-Player (PIT @ CLE),154084,Showdown Captain Mode,5.0,0,10,1,45.0,2026-10-02 00:15:00+00:00,Thu 8:15PM
196185144,NFL Showdown $5 10-Player (PIT @ CLE),154084,Showdown Captain Mode,5.0,0,10,1,45.0,2026-10-02 00:15:00+00:00,Thu 8:15PM
196185145,NFL Showdown $5 10-Player (PIT @ CLE),154084,Showdown Captain Mode,5.0,0,10,1,45.0,2026-10-02 00:15:00+00:00,Thu 8:15PM
196185149,NFL Showdown $5 5-Player (PIT @ CLE),154084,Showdown Captain Mode,5.0,0,5,1,22.5,2026-10-02 00:15:00+00:00,Thu 8:15PM
196185150,NFL Showdown $5 5-Player (PIT @ CLE),154084,Showdown Captain Mode,5.0,0,5,1,22.5,2026-10-02 00:15:00+00:00,Thu 8:15PM
196185151,NFL Showdown $5 5-Player (PIT @ CLE),154084,Showdown Captain Mode,5.0,0,5,1,22.5,2026-10-02 00:15:00+00:00,Thu 8:15PM
196185188,NFL Showdown $5 3-Player (PIT @ CLE),154084,Showdown Captain Mode,5.0,0,3,1,13.5,2026-10-02 00:15:00+00:00,Thu 8:15PM
196185189,NFL Showdown $5 3-Player (PIT @ CLE),154084,Showdown Captain Mode,5.0,0,3,1,13.5,2026-10-02 00:15:00+00:00,Thu 8:15PM
196185190,NFL Showdown $5 3-Player (PIT @ CLE),154084,Showdown Captain Mode,5.0,0,3,1,13.5,2026-10-02 00:15:00+00:00,Thu 8:15PM
196185166,NFL Showdown $5 3-Player (PIT @ CLE),154084,Showdown Captain Mode,5.0,0,3,1,13.5,2026-10-02 00:15:00+00:00,Thu 8:15PM
196185167,NFL Showdown $5 3-Player (PIT @ CLE),154084,Showdown Captain Mode,5.0,0,3,1,13.5,2026-10-02 00:15:00+00:00,Thu 8:15PM
196185168,NFL Showdown $5 3-Player (PIT @ CLE),154084,Showdown Captain Mode,5.0,0,3,1,13.5,2026-10-02 00:15:00+00:00,Thu 8:15PM
196185427,NFL Showdown $3 Double Up (PIT @ CLE),154084,Showdown Captain Mode,3.0,0,11,1,30.0,2026-10-02 00:15:00+00:00,Thu 8:15PM
196185428,NFL Showdown $3 Double Up (PIT @ CLE),154084,Showdown Captain Mode,3.0,0,11,1,30.0,2026-10-02 00:15:00+00:00,Thu 8:15PM
196185310,NFL Showdown $2 50-50 (PIT @ CLE),154084,Showdown Captain Mode,2.0,0,100,1,180.0,2026-10-02 00:15:00+00:00,Thu 8:15PM
196185341,NFL Showdown $2 50-50 (PIT @ CLE),154084,Showdown Captain Mode,2.0,0,50,1,90.0,2026-10-02 00:15:00+00:00,Thu 8:15PM
196185331,NFL Showdown $2 50-50 (PIT @ CLE),154084,Showdown Captain Mode,2.0,0,20,1,36.0,2026-10-02 00:15:00+00:00,Thu 8:15PM
196185163,NFL Showdown $2 50-50 (PIT @ CLE),154084,Showdown Captain Mode,2.0,0,20,1,36.0,2026-10-02 00:15:00+00:00,Thu 8:15PM
196185164,NFL Showdown $2 50-50 (PIT @ CLE),154084,Showdown Captain Mode,2.0,0,20,1,36.0,2026-10-02 00:15:00+00:00,Thu 8:15PM
196185165,NFL Showdown $2 50-50 (PIT @ CLE),154084,Showdown Captain Mode,2.0,0,20,1,36.0,2026-10-02 00:15:00+00:00,Thu 8:15PM
196185300,NFL Showdown $2 50-50 (PIT @ CLE),154084,Showdown Captain Mode,2.0,0,10,1,18.0,2026-10-02 00:15:00+00:00,Thu 8:15PM
196185301,NFL Showdown $2 50-50 (PIT @ CLE),154084,Showdown Captain Mode,2.0,0,10,1,18.0,2026-10-02 00:15:00+00:00,Thu 8:15PM
196185302,NFL Showdown $2 50-50 (PIT @ CLE),154084,Showdown Captain Mode,2.0,0,10,1,18.0,2026-10-02 00:15:00+00:00,Thu 8:15PM
196185432,NFL Showdown $2 100-Player (PIT @ CLE),154084,Showdown Captain Mode,2.0,0,100,1,180.0,2026-10-02 00:15:00+00:00,Thu 8:15PM
196185239,NFL Showdown $2 40-Player (PIT @ CLE),154084,Showdown Captain Mode,2.0,0,40,1,72.0,2026-10-02 00:15:00+00:00,Thu 8:15PM
196185240,NFL Showdown $2 40-Player (PIT @ CLE),154084,Showdown Captain Mode,2.0,0,40,1,72.0,2026-10-02 00:15:00+00:00,Thu 8:15PM
196185234,NFL Showdown $2 20-Player (PIT @ CLE),154084,Showdown Captain Mode,2.0,0,20,1,36.0,2026-10-02 00:15:00+00:00,Thu 8:15PM
196185235,NFL Showdown $2 20-Player (PIT @ CLE),154084,Showdown Captain Mode,2.0,0,20,1,36.0,2026-10-02 00:15:00+00:00,Thu 8:15PM
196185236,NFL Showdown $2 20-Player (PIT @ CLE),154084,Showdown Captain Mode,2.0,0,20,1,36.0,2026-10-02 00:15:00+00:00,Thu 8:15PM
196185140,NFL Showdown $2 10-Player (PIT @ CLE),154084,Showdown Captain Mode,2.0,0,10,1,18.0,2026-10-02 00:15:00+00:00,Thu 8:15PM
196185141,NFL Showdown $2 10-Player (PIT @ CLE),154084,Showdown Captain Mode,2.0,0,10,1,18.0,2026-10-02 00:15:00+00:00,Thu 8:15PM
196185142,NFL Showdown $2 10-Player (PIT @ CLE),154084,Showdown Captain Mode,2.0,0,10,1,18.0,2026-10-02 00:15:00+00:00,Thu 8:15PM
196185137,NFL Showdown $2 5-Player (PIT @ CLE),154084,Showdown Captain Mode,2.0,0,5,1,9.0,2026-10-02 00:15:00+00:00,Thu 8:15PM
196185138,NFL Showdown $2 5-Player (PIT @ CLE),154084,Showdown Captain Mode,2.0,0,5,1,9.0,2026-10-02 00:15:00+00:00,Thu 8:15PM
196185139,NFL Showdown $2 5-Player (PIT @ CLE),154084,Showdown Captain Mode,2.0,0,5,1,9.0,2026-10-02 00:15:00+00:00,Thu 8:15PM
196185185,NFL Showdown $2 3-Player (PIT @ CLE),154084,Showdown Captain Mode,2.0,0,3,1,5.4,2026-10-02 00:15:00+00:00,Thu 8:15PM
196185186,NFL Showdown $2 3-Player (PIT @ CLE),154084,Showdown Captain Mode,2.0,0,3,1,5.4,2026-10-02 00:15:00+00:00,Thu 8:15PM
196185187,NFL Showdown $2 3-Player (PIT @ CLE),154084,Showdown Captain Mode,2.0,0,3,1,5.4,2026-10-02 00:15:00+00:00,Thu 8:15PM
196185308,NFL Showdown $1 50-50 (PIT @ CLE),154084,Showdown Captain Mode,1.0,0,100,1,90.0,2026-10-02 00:15:00+00:00,Thu 8:15PM
196185340,NFL Showdown $1 50-50 (PIT @ CLE),154084,Showdown Captain Mode,1.0,0,50,1,45.0,2026-10-02 00:15:00+00:00,Thu 8:15PM
196185174,NFL Showdown $1 50-50 (PIT @ CLE),154084,Showdown Captain Mode,1.0,0,20,1,18.0,2026-10-02 00:15:00+00:00,Thu 8:15PM
196185175,NFL Showdown $1 50-50 (PIT @ CLE),154084,Showdown Captain Mode,1.0,0,20,1,18.0,2026-10-02 00:15:00+00:00,Thu 8:15PM
196185176,NFL Showdown $1 50-50 (PIT @ CLE),154084,Showdown Captain Mode,1.0,0,20,1,18.0,2026-10-02 00:15:00+00:00,Thu 8:15PM
196185297,NFL Showdown $1 50-50 (PIT @ CLE),154084,Showdown Captain Mode,1.0,0,10,1,9.0,2026-10-02 00:15:00+00:00,Thu 8:15PM
196185298,NFL Showdown $1 50-50 (PIT @ CLE),154084,Showdown Captain Mode,1.0,0,10,1,9.0,2026-10-02 00:15:00+00:00,Thu 8:15PM
196185299,NFL Showdown $1 50-50 (PIT @ CLE),154084,Showdown Captain Mode,1.0,0,10,1,9.0,2026-10-02 00:15:00+00:00,Thu 8:15PM
196185429,NFL Showdown $1 Double Up (PIT @ CLE),154084,Showdown Captain Mode,1.0,0,11,1,10.0,2026-10-02 00:15:00+00:00,Thu 8:15PM
196185430,NFL Showdown $1 Double Up (PIT @ CLE),154084,Showdown Captain Mode,1.0,0,11,1,10.0,2026-10-02 00:15:00+00:00,Thu 8:15PM
196185431,NFL Showdown $1 100-Player (PIT @ CLE),154084,Showdown Captain Mode,1.0,0,100,1,90.0,2026-10-02 00:15:00+00:00,Thu 8:15PM
196185237,NFL Showdown $1 40-Player (PIT @ CLE),154084,Showdown Captain Mode,1.0,0,40,1,36.0,2026-10-02 00:15:00+00:00,Thu 8:15PM
196185238,NFL Showdown $1 40-Player (PIT @ CLE),154084,Showdown Captain Mode,1.0,0,40,1,36.0,2026-10-02 00:15:00+00:00,Thu 8:15PM
196185231,NFL Showdown $1 20-Player (PIT @ CLE),154084,Showdown Captain Mode,1.0,0,20,1,18.0,2026-10-02 00:15:00+00:00,Thu 8:15PM
196185232,NFL Showdown $1 20-Player (PIT @ CLE),154084,Showdown Captain Mode,1.0,0,20,1,18.0,2026-10-02 00:15:00+00:00,Thu 8:15PM
196185233,NFL Showdown $1 20-Player (PIT @ CLE),154084,Showdown Captain Mode,1.0,0,20,1,18.0,2026-10-02 00:15:00+00:00,Thu 8:15PM
196185199,NFL Showdown $1 10-Player (PIT @ CLE),154084,Showdown Captain Mode,1.0,0,10,1,9.0,2026-10-02 00:15:00+00:00,Thu 8:15PM
196185200,NFL Showdown $1 10-Player (PIT @ CLE),154084,Showdown Captain Mode,1.0,0,10,1,9.0,2026-10-02 00:15:00+00:00,Thu 8:15PM
196185201,NFL Showdown $1 10-Player (PIT @ CLE),154084,Showdown Captain Mode,1.0,0,10,1,9.0,2026-10-02 00:15:00+00:00,Thu 8:15PM
196185146,NFL Showdown $1 5-Player (PIT @ CLE),154084,Showdown Captain Mode,1.0,0,5,1,4.5,2026-10-02 00:15:00+00:00,Thu 8:15PM
196185147,NFL Showdown $1 5-Player (PIT @ CLE),154084,Showdown Captain Mode,1.0,0,5,1,4.5,2026-10-02 00:15:00+00:00,Thu 8:15PM
196185148,NFL Showdown $1 5-Player (PIT @ CLE),154084,Showdown Captain Mode,1.0,0,5,1,4.5,2026-10-02 00:15:00+00:00,Thu 8:15PM
196185182,NFL Showdown $1 3-Player (PIT @ CLE),154084,Showdown Captain Mode,1.0,0,3,1,2.7,2026-10-02 00:15:00+00:00,Thu 8:15PM
196185183,NFL Showdown $1 3-Player (PIT @ CLE),154084,Showdown Captain Mode,1.0,0,3,1,2.7,2026-10-02 00:15:00+00:00,Thu 8:15PM
196185184,NFL Showdown $1 3-Player (PIT @ CLE),154084,Showdown Captain Mode,1.0,0,3,1,2.7,2026-10-02 00:15:00+00:00,Thu 8:15PM
196185548,NFL Satellite to $20 NFL Fantasy Football Millionaire [Must Fill] (Thu-Mon),154077,Classic,7.4,0,3,1,20.0,2026-10-02 00:15:00+00:00,Thu 8:15PM
196185452,Beginner NFL $50 50-50 (Thu-Mon),154077,Classic,50.0,0,4,1,180.0,2026-10-02 00:15:00+00:00,Thu 8:15PM
196185457,Beginner NFL $50 3-Player (Thu-Mon),154077,Classic,50.0,0,3,1,135.0,2026-10-02 00:15:00+00:00,Thu 8:15PM
196185453,Beginner NFL $20 50-50 (Thu-Mon),154077,Classic,20.0,0,4,1,72.0,2026-10-02 00:15:00+00:00,Thu 8:15PM
196185458,Beginner NFL $20 3-Player (Thu-Mon),154077,Classic,20.0,0,3,1,54.0,2026-10-02 00:15:00+00:00,Thu 8:15PM
196185454,Beginner NFL $10 50-50 (Thu-Mon),154077,Classic,10.0,0,4,1,36.0,2026-10-02 00:15:00+00:00,Thu 8:15PM
196185459,Beginner NFL $10 3-Player (Thu-Mon),154077,Classic,10.0,0,3,1,27.0,2026-10-02 00:15:00+00:00,Thu 8:15PM
196185455,Beginner NFL $5 50-50 (Thu-Mon),154077,Classic,5.0,0,4,1,18.0,2026-10-02 00:15:00+00:00,Thu 8:15PM
196185460,Beginner NFL $5 3-Player (Thu-Mon),154077,Classic,5.0,0,3,1,13.5,2026-10-02 00:15:00+00:00,Thu 8:15PM
196185456,Beginner NFL $3 50-50 (Thu-Mon),154077,Classic,3.0,0,4,1,10.8,2026-10-02 00:15:00+00:00,Thu 8:15PM
196185461,Beginner NFL $2 3-Player (Thu-Mon),154077,Classic,2.0,0,3,1,5.4,2026-10-02 00:15:00+00:00,Thu 8:15PM
196185541,Beginner NFL $1 50-50 (Thu-Mon),154077,Classic,1.0,0,4,1,3.6,2026-10-02 00:15:00+00:00,Thu 8:15PM
196185462,Beginner NFL $1 3-Player (Thu-Mon),154077,Classic,1.0,0,3,1,2.7,2026-10-02 00:15:00+00:00,Thu 8:15PM
196185463,"NFL $10,600 3-Player (Thu-Mon)",154077,Classic,10600.0,0,3,1,30000.0,2026-10-02 00:15:00+00:00,Thu 8:15PM
196185464,"NFL $10,600 3-Player (Thu-Mon)",154077,Classic,10600.0,0,3,1,30000.0,2026-10-02 00:15:00+00:00,Thu 8:15PM
196185467,"NFL $5,300 50-50 (Thu-Mon)",154077,Classic,5300.0,0,4,1,20000.0,2026-10-02 00:15:00+00:00,Thu 8:15PM
196185468,"NFL $5,300 50-50 (Thu-Mon)",154077,Classic,5300.0,0,4,1,20000.0,2026-10-02 00:15:00+00:00,Thu 8:15PM
196185465,"NFL $5,300 3-Player (Thu-Mon)",154077,Classic,5300.0,0,3,1,15000.0,2026-10-02 00:15:00+00:00,Thu 8:15PM
196185466,"NFL $5,300 3-Player (Thu-Mon)",154077,Classic,5300.0,0,3,1,15000.0,2026-10-02 00:15:00+00:00,Thu 8:15PM
196185469,"NFL $1,060 50-50 (Thu-Mon)",154077,Classic,1060.0,0,4,1,4000.0,2026-10-02 00:15:00+00:00,Thu 8:15PM
196185470,"NFL $1,060 50-50 (Thu-Mon)",154077,Classic,1060.0,0,4,1,4000.0,2026-10-02 00:15:00+00:00,Thu 8:15PM
196185471,"NFL $1,060 3-Player (Thu-Mon)",154077,Classic,1060.0,0,3,1,3000.0,2026-10-02 00:15:00+00:00,Thu 8:15PM
196185472,"NFL $1,060 3-Player (Thu-Mon)",154077,Classic,1060.0,0,3,1,3000.0,2026-10-02 00:15:00+00:00,Thu 8:15PM
196185473,NFL $530 50-50 (Thu-Mon),154077,Classic,530.0,0,4,1,2000.0,2026-10-02 00:15:00+00:00,Thu 8:15PM
196185474,NFL $530 50-50 (Thu-Mon),154077,Classic,530.0,0,4,1,2000.0,2026-10-02 00:15:00+00:00,Thu 8:15PM
196185475,NFL $530 3-Player (Thu-Mon),154077,Classic,530.0,0,3,1,1500.0,2026-10-02 00:15:00+00:00,Thu 8:15PM
196185476,NFL $530 3-Player (Thu-Mon),154077,Classic,530.0,0,3,1,1500.0,2026-10-02 00:15:00+00:00,Thu 8:15PM
196185535,NFL $270 50-50 (Thu-Mon),154077,Classic,270.0,0,4,1,1000.0,2026-10-02 00:15:00+00:00,Thu 8:15PM
196185536,NFL $270 50-50 (Thu-Mon),154077,Classic,270.0,0,4,1,1000.0,2026-10-02 00:15:00+00:00,Thu 8:15PM
196185481,NFL $270 3-Player (Thu-Mon),154077,Classic,270.0,0,3,1,750.0,2026-10-02 00:15:00+00:00,Thu 8:15PM
196185482,NFL $270 3-Player (Thu-Mon),154077,Classic,270.0,0,3,1,750.0,2026-10-02 00:15:00+00:00,Thu 8:15PM
196185484,NFL $109 50-50 (Thu-Mon),154077,Classic,109.0,0,4,1,400.0,2026-10-02 00:15:00+00:00,Thu 8:15PM
196185485,NFL $109 50-50 (Thu-Mon),154077,Classic,109.0,0,4,1,400.0,2026-10-02 00:15:00+00:00,Thu 8:15PM
196185488,NFL $109 3-Player (Thu-Mon),154077,Classic,109.0,0,3,1,300.0,2026-10-02 00:15:00+00:00,Thu 8:15PM
196185489,NFL $109 3-Player (Thu-Mon),154077,Classic,109.0,0,3,1,300.0,2026-10-02 00:15:00+00:00,Thu 8:15PM
196185490,NFL $109 3-Player (Thu-Mon),154077,Classic,109.0,0,3,1,300.0,2026-10-02 00:15:00+00:00,Thu 8:15PM
196185497,NFL $50 50-50 (Thu-Mon),154077,Classic,50.0,0,8,1,360.0,2026-10-02 00:15:00+00:00,Thu 8:15PM
196185494,NFL $50 50-50 (Thu-Mon),154077,Classic,50.0,0,4,1,180.0,2026-10-02 00:15:00+00:00,Thu 8:15PM
196185528,NFL $50 Double Up (Thu-Mon),154077,Classic,50.0,0,22,1,1000.0,2026-10-02 00:15:00+00:00,Thu 8:15PM
196185527,NFL $50 Double Up (Thu-Mon),154077,Classic,50.0,0,11,1,500.0,2026-10-02 00:15:00+00:00,Thu 8:15PM
196185503,NFL $50 3-Player (Thu-Mon),154077,Classic,50.0,0,3,1,135.0,2026-10-02 00:15:00+00:00,Thu 8:15PM
196185526,NFL $25 Double Up (Thu-Mon),154077,Classic,25.0,0,22,1,500.0,2026-10-02 00:15:00+00:00,Thu 8:15PM
196185525,NFL $25 Double Up (Thu-Mon),154077,Classic,25.0,0,11,1,250.0,2026-10-02 00:15:00+00:00,Thu 8:15PM
196185514,NFL $20 50-50 (Thu-Mon),154077,Classic,20.0,0,10,1,180.0,2026-10-02 00:15:00+00:00,Thu 8:15PM
196185510,NFL $20 50-50 (Thu-Mon),154077,Classic,20.0,0,4,1,72.0,2026-10-02 00:15:00+00:00,Thu 8:15PM
196185515,NFL $20 5-Player (Thu-Mon),154077,Classic,20.0,0,5,1,90.0,2026-10-02 00:15:00+00:00,Thu 8:15PM
196185516,NFL $20 3-Player (Thu-Mon),154077,Classic,20.0,0,3,1,54.0,2026-10-02 00:15:00+00:00,Thu 8:15PM
196185517,NFL $20 3-Player (Thu-Mon),154077,Classic,20.0,0,3,1,54.0,2026-10-02 00:15:00+00:00,Thu 8:15PM
196185519,NFL $10 50-50 (Thu-Mon),154077,Classic,10.0,0,10,1,90.0,2026-10-02 00:15:00+00:00,Thu 8:15PM
196185518,NFL $10 50-50 (Thu-Mon),154077,Classic,10.0,0,4,1,36.0,2026-10-02 00:15:00+00:00,Thu 8:15PM
196185523,NFL $10 Double Up (Thu-Mon),154077,Classic,10.0,0,11,1,100.0,2026-10-02 00:15:00+00:00,Thu 8:15PM
196185524,NFL $10 Double Up (Thu-Mon),154077,Classic,10.0,0,11,1,100.0,2026-10-02 00:15:00+00:00,Thu 8:15PM
196185520,NFL $10 5-Player (Thu-Mon),154077,Classic,10.0,0,5,1,45.0,2026-10-02 00:15:00+00:00,Thu 8:15PM
196185521,NFL $10 3-Player (Thu-Mon),154077,Classic,10.0,0,3,1,27.0,2026-10-02 00:15:00+00:00,Thu 8:15PM
196185522,NFL $10 3-Player (Thu-Mon),154077,Classic,10.0,0,3,1,27.0,2026-10-02 00:15:00+00:00,Thu 8:15PM
196185477,NFL $5 50-50 (Thu-Mon),154077,Classic,5.0,0,10,1,45.0,2026-10-02 00:15:00+00:00,Thu 8:15PM
196185478,NFL $5 50-50 (Thu-Mon),154077,Classic,5.0,0,4,1,18.0,2026-10-02 00:15:00+00:00,Thu 8:15PM
196185479,NFL $5 50-50 (Thu-Mon),154077,Classic,5.0,0,4,1,18.0,2026-10-02 00:15:00+00:00,Thu 8:15PM
196185529,NFL $5 Double Up (Thu-Mon),154077,Classic,5.0,0,11,1,50.0,2026-10-02 00:15:00+00:00,Thu 8:15PM
196185530,NFL $5 Double Up (Thu-Mon),154077,Classic,5.0,0,11,1,50.0,2026-10-02 00:15:00+00:00,Thu 8:15PM
196185480,NFL $5 20-Player (Thu-Mon),154077,Classic,5.0,0,20,1,90.0,2026-10-02 00:15:00+00:00,Thu 8:15PM
196185483,NFL $5 10-Player (Thu-Mon),154077,Classic,5.0,0,10,1,45.0,2026-10-02 00:15:00+00:00,Thu 8:15PM
196185537,NFL $5 5-Player (Thu-Mon),154077,Classic,5.0,0,5,1,22.5,2026-10-02 00:15:00+00:00,Thu 8:15PM
196185538,NFL $5 5-Player (Thu-Mon),154077,Classic,5.0,0,5,1,22.5,2026-10-02 00:15:00+00:00,Thu 8:15PM
196185539,NFL $5 3-Player (Thu-Mon),154077,Classic,5.0,0,3,1,13.5,2026-10-02 00:15:00+00:00,Thu 8:15PM
196185540,NFL $5 3-Player (Thu-Mon),154077,Classic,5.0,0,3,1,13.5,2026-10-02 00:15:00+00:00,Thu 8:15PM
196185531,NFL $3 Double Up (Thu-Mon),154077,Classic,3.0,0,11,1,30.0,2026-10-02 00:15:00+00:00,Thu 8:15PM
196185532,NFL $3 Double Up (Thu-Mon),154077,Classic,3.0,0,11,1,30.0,2026-10-02 00:15:00+00:00,Thu 8:15PM
196185486,NFL $2 50-50 (Thu-Mon),154077,Classic,2.0,0,20,1,36.0,2026-10-02 00:15:00+00:00,Thu 8:15PM
196185487,NFL $2 50-50 (Thu-Mon),154077,Classic,2.0,0,10,1,18.0,2026-10-02 00:15:00+00:00,Thu 8:15PM
196185491,NFL $2 20-Player (Thu-Mon),154077,Classic,2.0,0,20,1,36.0,2026-10-02 00:15:00+00:00,Thu 8:15PM
196185492,NFL $2 10-Player (Thu-Mon),154077,Classic,2.0,0,10,1,18.0,2026-10-02 00:15:00+00:00,Thu 8:15PM
196185493,NFL $2 10-Player (Thu-Mon),154077,Classic,2.0,0,10,1,18.0,2026-10-02 00:15:00+00:00,Thu 8:15PM
196185495,NFL $2 5-Player (Thu-Mon),154077,Classic,2.0,0,5,1,9.0,2026-10-02 00:15:00+00:00,Thu 8:15PM
196185496,NFL $2 5-Player (Thu-Mon),154077,Classic,2.0,0,5,1,9.0,2026-10-02 00:15:00+00:00,Thu 8:15PM
196185498,NFL $2 3-Player (Thu-Mon),154077,Classic,2.0,0,3,1,5.4,2026-10-02 00:15:00+00:00,Thu 8:15PM
196185499,NFL $2 3-Player (Thu-Mon),154077,Classic,2.0,0,3,1,5.4,2026-10-02 00:15:00+00:00,Thu 8:15PM
196185500,NFL $1 50-50 (Thu-Mon),154077,Classic,1.0,0,20,1,18.0,2026-10-02 00:15:00+00:00,Thu 8:15PM
196185501,NFL $1 50-50 (Thu-Mon),154077,Classic,1.0,0,10,1,9.0,2026-10-02 00:15:00+00:00,Thu 8:15PM
196185502,NFL $1 50-50 (Thu-Mon),154077,Classic,1.0,0,10,1,9.0,2026-10-02 00:15:00+00:00,Thu 8:15PM
196185533,NFL $1 Double Up (Thu-Mon),154077,Classic,1.0,0,11,1,10.0,2026-10-02 00:15:00+00:00,Thu 8:15PM
196185534,NFL $1 Double Up (Thu-Mon),154077,Classic,1.0,0,11,1,10.0,2026-10-02 00:15:00+00:00,Thu 8:15PM
196185504,NFL $1 20-Player (Thu-Mon),154077,Classic,1.0,0,20,1,18.0,2026-10-02 00:15:00+00:00,Thu 8:15PM
196185505,NFL $1 10-Player (Thu-Mon),154077,Classic,1.0,0,10,1,9.0,2026-10-02 00:15:00+00:00,Thu 8:15PM
196185506,NFL $1 10-Player (Thu-Mon),154077,Classic,1.0,0,10,1,9.0,2026-10-02 00:15:00+00:00,Thu 8:15PM
196185507,NFL $1 5-Player (Thu-Mon),154077,Classic,1.0,0,5,1,4.5,2026-10-02 00:15:00+00:00,Thu 8:15PM
196185508,NFL $1 5-Player (Thu-Mon),154077,Classic,1.0,0,5,1,4.5,2026-10-02 00:15:00+00:00,Thu 8:15PM
196185509,NFL $1 5-Player (Thu-Mon),154077,Classic,1.0,0,5,1,4.5,2026-10-02 00:15:00+00:00,Thu 8:15PM
196185511,NFL $1 3-Player (Thu-Mon),154077,Classic,1.0,0,3,1,2.7,2026-10-02 00:15:00+00:00,Thu 8:15PM
196185512,NFL $1 3-Player (Thu-Mon),154077,Classic,1.0,0,3,1,2.7,2026-10-02 00:15:00+00:00,Thu 8:15PM
196185513,NFL $1 3-Player (Thu-Mon),154077,Classic,1.0,0,3,1,2.7,2026-10-02 00:15:00+00:00,Thu 8:15PM
196171908,NFL Snake $10 12-Player,154107,Snake,10.0,0,12,1,108.0,2026-10-04 16:16:00+00:00,Sun 12:16PM
196185032,NFL Snake $1 12-Player,154107,Snake,1.0,0,12,1,10.8,2026-10-04 16:16:00+00:00,Sun 12:16PM
196171905,NFL Snake $5 12-Player,154107,Snake,5.0,0,12,1,54.0,2026-10-04 16:16:00+00:00,Sun 12:16PM
196171911,NFL Snake $20 12-Player,154107,Snake,20.0,0,12,1,216.0,2026-10-04 16:16:00+00:00,Sun 12:16PM
196171913,NFL Snake $50 12-Player,154107,Snake,50.0,0,12,1,540.0,2026-10-04 16:16:00+00:00,Sun 12:16PM
196171906,NFL Snake $10 6-Player,154107,Snake,10.0,0,6,1,54.0,2026-10-04 16:37:00+00:00,Sun 12:37PM
196171907,NFL Snake $10 6-Player,154107,Snake,10.0,0,6,1,54.0,2026-10-04 16:37:00+00:00,Sun 12:37PM
196171900,NFL Snake $1 6-Player,154107,Snake,1.0,0,6,1,5.4,2026-10-04 16:37:00+00:00,Sun 12:37PM
196171901,NFL Snake $1 6-Player,154107,Snake,1.0,0,6,1,5.4,2026-10-04 16:37:00+00:00,Sun 12:37PM
196171903,NFL Snake $5 6-Player,154107,Snake,5.0,0,6,1,27.0,2026-10-04 16:37:00+00:00,Sun 12:37PM
196171904,NFL Snake $5 6-Player,154107,Snake,5.0,0,6,1,27.0,2026-10-04 16:37:00+00:00,Sun 12:37PM
196171909,NFL Snake $20 6-Player,154107,Snake,20.0,0,6,1,108.0,2026-10-04 16:37:00+00:00,Sun 12:37PM
196171910,NFL Snake $20 6-Player,154107,Snake,20.0,0,6,1,108.0,2026-10-04 16:37:00+00:00,Sun 12:37PM
196171912,NFL Snake $50 6-Player,154107,Snake,50.0,0,6,1,270.0,2026-10-04 16:37:00+00:00,Sun 12:37PM
196171914,NFL Snake $109 6-Player,154107,Snake,109.0,0,6,1,600.0,2026-10-04 16:37:00+00:00,Sun 12:37PM
196171915,NFL Snake $530 6-Player,154107,Snake,530.0,0,6,1,3000.0,2026-10-04 16:37:00+00:00,Sun 12:37PM
196182694,NFL Snake $5 3-Player,154107,Snake,5.0,2,3,1,13.5,2026-10-04 16:47:00+00:00,Sun 12:47PM
196171917,NFL Snake $10 3-Player,154107,Snake,10.0,0,3,1,27.0,2026-10-04 16:47:00+00:00,Sun 12:47PM
196171918,NFL Snake $10 3-Player,154107,Snake,10.0,0,3,1,27.0,2026-10-04 16:47:00+00:00,Sun 12:47PM
196177437,NFL Snake $10 3-Player,154107,Snake,10.0,0,3,1,27.0,2026-10-04 16:47:00+00:00,Sun 12:47PM
196173263,NFL Snake $1 3-Player,154107,Snake,1.0,0,3,1,2.7,2026-10-04 16:47:00+00:00,Sun 12:47PM
196174052,NFL Snake $1 3-Player,154107,Snake,1.0,0,3,1,2.7,2026-10-04 16:47:00+00:00,Sun 12:47PM
196179639,NFL Snake $1 3-Player,154107,Snake,1.0,0,3,1,2.7,2026-10-04 16:47:00+00:00,Sun 12:47PM
196171924,NFL Snake $5 3-Player,154107,Snake,5.0,0,3,1,13.5,2026-10-04 16:47:00+00:00,Sun 12:47PM
196175890,NFL Snake $5 3-Player,154107,Snake,5.0,0,3,1,13.5,2026-10-04 16:47:00+00:00,Sun 12:47PM
196171925,NFL Snake $20 3-Player,154107,Snake,20.0,0,3,1,54.0,2026-10-04 16:47:00+00:00,Sun 12:47PM
196171926,NFL Snake $20 3-Player,154107,Snake,20.0,0,3,1,54.0,2026-10-04 16:47:00+00:00,Sun 12:47PM
196171927,NFL Snake $20 3-Player,154107,Snake,20.0,0,3,1,54.0,2026-10-04 16:47:00+00:00,Sun 12:47PM
196171928,NFL Snake $50 3-Player,154107,Snake,50.0,0,3,1,135.0,2026-10-04 16:47:00+00:00,Sun 12:47PM
196171929,NFL Snake $50 3-Player,154107,Snake,50.0,0,3,1,135.0,2026-10-04 16:47:00+00:00,Sun 12:47PM
196171930,NFL Snake $50 3-Player,154107,Snake,50.0,0,3,1,135.0,2026-10-04 16:47:00+00:00,Sun 12:47PM
196171931,NFL Snake $109 3-Player,154107,Snake,109.0,0,3,1,300.0,2026-10-04 16:47:00+00:00,Sun 12:47PM
196171932,NFL Snake $109 3-Player,154107,Snake,109.0,0,3,1,300.0,2026-10-04 16:47:00+00:00,Sun 12:47PM
196171933,NFL Snake $109 3-Player,154107,Snake,109.0,0,3,1,300.0,2026-10-04 16:47:00+00:00,Sun 12:47PM
196171934,NFL Snake $530 3-Player,154107,Snake,530.0,0,3,1,1500.0,2026-10-04 16:47:00+00:00,Sun 12:47PM
196171935,NFL Snake $530 3-Player,154107,Snake,530.0,0,3,1,1500.0,2026-10-04 16:47:00+00:00,Sun 12:47PM
196171936,"NFL Snake $1,060 3-Player",154107,Snake,1060.0,0,3,1,3000.0,2026-10-04 16:47:00+00:00,Sun 12:47PM
196171937,"NFL Snake $2,120 3-Player",154107,Snake,2120.0,0,3,1,6000.0,2026-10-04 16:47:00+00:00,Sun 12:47PM
196171938,"NFL Snake $5,300 3-Player",154107,Snake,5300.0,0,3,1,15000.0,2026-10-04 16:47:00+00:00,Sun 12:47PM
196171939,"NFL Snake $10,600 3-Player",154107,Snake,10600.0,0,3,1,30000.0,2026-10-04 16:47:00+00:00,Sun 12:47PM
196171159,Casual NFL $3 50-50,154078,Classic,3.0,1,10,1,27.0,2026-10-04 17:00:00+00:00,Sun 1:00PM
196171068,Beginner NFL $1 50-50,154078,Classic,1.0,1,10,1,9.0,2026-10-04 17:00:00+00:00,Sun 1:00PM
196171069,Beginner NFL $1 50-50,154078,Classic,1.0,1,10,1,9.0,2026-10-04 17:00:00+00:00,Sun 1:00PM
196171070,Beginner NFL $1 50-50,154078,Classic,1.0,1,10,1,9.0,2026-10-04 17:00:00+00:00,Sun 1:00PM
196171104,"NFL $10,600 3-Player",154078,Classic,10600.0,1,3,1,30000.0,2026-10-04 17:00:00+00:00,Sun 1:00PM
196171105,"NFL $10,600 3-Player",154078,Classic,10600.0,1,3,1,30000.0,2026-10-04 17:00:00+00:00,Sun 1:00PM
196177311,"NFL $10,600 3-Player",154078,Classic,10600.0,1,3,1,30000.0,2026-10-04 17:00:00+00:00,Sun 1:00PM
196177312,"NFL $10,600 3-Player",154078,Classic,10600.0,1,3,1,30000.0,2026-10-04 17:00:00+00:00,Sun 1:00PM
196171106,"NFL $5,300 3-Player",154078,Classic,5300.0,1,3,1,15000.0,2026-10-04 17:00:00+00:00,Sun 1:00PM
196171107,"NFL $5,300 3-Player",154078,Classic,5300.0,1,3,1,15000.0,2026-10-04 17:00:00+00:00,Sun 1:00PM
196177313,"NFL $5,300 3-Player",154078,Classic,5300.0,1,3,1,15000.0,2026-10-04 17:00:00+00:00,Sun 1:00PM
196177314,"NFL $5,300 3-Player",154078,Classic,5300.0,1,3,1,15000.0,2026-10-04 17:00:00+00:00,Sun 1:00PM
196171138,"NFL $2,120 3-Player",154078,Classic,2120.0,1,3,1,6000.0,2026-10-04 17:00:00+00:00,Sun 1:00PM
196171139,"NFL $2,120 3-Player",154078,Classic,2120.0,1,3,1,6000.0,2026-10-04 17:00:00+00:00,Sun 1:00PM
196177324,"NFL $2,120 3-Player",154078,Classic,2120.0,1,3,1,6000.0,2026-10-04 17:00:00+00:00,Sun 1:00PM
196177325,"NFL $2,120 3-Player",154078,Classic,2120.0,1,3,1,6000.0,2026-10-04 17:00:00+00:00,Sun 1:00PM
196171112,"NFL $1,060 3-Player",154078,Classic,1060.0,1,3,1,3000.0,2026-10-04 17:00:00+00:00,Sun 1:00PM
196171113,"NFL $1,060 3-Player",154078,Classic,1060.0,1,3,1,3000.0,2026-10-04 17:00:00+00:00,Sun 1:00PM
196177315,"NFL $1,060 3-Player",154078,Classic,1060.0,1,3,1,3000.0,2026-10-04 17:00:00+00:00,Sun 1:00PM
196177316,"NFL $1,060 3-Player",154078,Classic,1060.0,1,3,1,3000.0,2026-10-04 17:00:00+00:00,Sun 1:00PM
196171116,NFL $530 3-Player,154078,Classic,530.0,1,3,1,1500.0,2026-10-04 17:00:00+00:00,Sun 1:00PM
196171117,NFL $530 3-Player,154078,Classic,530.0,1,3,1,1500.0,2026-10-04 17:00:00+00:00,Sun 1:00PM
196177317,NFL $530 3-Player,154078,Classic,530.0,1,3,1,1500.0,2026-10-04 17:00:00+00:00,Sun 1:00PM
196177318,NFL $530 3-Player,154078,Classic,530.0,1,3,1,1500.0,2026-10-04 17:00:00+00:00,Sun 1:00PM
196171118,NFL $270 3-Player,154078,Classic,270.0,1,3,1,750.0,2026-10-04 17:00:00+00:00,Sun 1:00PM
196171119,NFL $270 3-Player,154078,Classic,270.0,1,3,1,750.0,2026-10-04 17:00:00+00:00,Sun 1:00PM
196177319,NFL $270 3-Player,154078,Classic,270.0,1,3,1,750.0,2026-10-04 17:00:00+00:00,Sun 1:00PM
196177320,NFL $270 3-Player,154078,Classic,270.0,1,3,1,750.0,2026-10-04 17:00:00+00:00,Sun 1:00PM
196171015,NFL $162 3-Player,154078,Classic,162.0,1,3,1,450.0,2026-10-04 17:00:00+00:00,Sun 1:00PM
196171016,NFL $162 3-Player,154078,Classic,162.0,1,3,1,450.0,2026-10-04 17:00:00+00:00,Sun 1:00PM
196171017,NFL $162 3-Player,154078,Classic,162.0,1,3,1,450.0,2026-10-04 17:00:00+00:00,Sun 1:00PM
196177308,NFL $162 3-Player,154078,Classic,162.0,1,3,1,450.0,2026-10-04 17:00:00+00:00,Sun 1:00PM
196177309,NFL $162 3-Player,154078,Classic,162.0,1,3,1,450.0,2026-10-04 17:00:00+00:00,Sun 1:00PM
196177310,NFL $162 3-Player,154078,Classic,162.0,1,3,1,450.0,2026-10-04 17:00:00+00:00,Sun 1:00PM
196179432,NFL $162 3-Player,154078,Classic,162.0,1,3,1,450.0,2026-10-04 17:00:00+00:00,Sun 1:00PM
196171125,NFL $109 3-Player,154078,Classic,109.0,1,3,1,300.0,2026-10-04 17:00:00+00:00,Sun 1:00PM
196171126,NFL $109 3-Player,154078,Classic,109.0,2,3,1,300.0,2026-10-04 17:00:00+00:00,Sun 1:00PM
196171127,NFL $109 3-Player,154078,Classic,109.0,1,3,1,300.0,2026-10-04 17:00:00+00:00,Sun 1:00PM
196172806,NFL $109 3-Player,154078,Classic,109.0,1,3,1,300.0,2026-10-04 17:00:00+00:00,Sun 1:00PM
196177321,NFL $109 3-Player,154078,Classic,109.0,1,3,1,300.0,2026-10-04 17:00:00+00:00,Sun 1:00PM
196177322,NFL $109 3-Player,154078,Classic,109.0,1,3,1,300.0,2026-10-04 17:00:00+00:00,Sun 1:00PM
196177323,NFL $109 3-Player,154078,Classic,109.0,1,3,1,300.0,2026-10-04 17:00:00+00:00,Sun 1:00PM
196167445,NFL $109 3-Player (Winner Takes All),154078,Classic,109.0,2,3,1,300.0,2026-10-04 17:00:00+00:00,Sun 1:00PM
196162141,NFL $50 10-Player (Winner Takes All),154078,Classic,50.0,3,10,1,450.0,2026-10-04 17:00:00+00:00,Sun 1:00PM
196170970,NFL $50 3-Player,154078,Classic,50.0,1,3,1,135.0,2026-10-04 17:00:00+00:00,Sun 1:00PM
196170971,NFL $50 3-Player,154078,Classic,50.0,2,3,1,135.0,2026-10-04 17:00:00+00:00,Sun 1:00PM
196170972,NFL $50 3-Player,154078,Classic,50.0,1,3,1,135.0,2026-10-04 17:00:00+00:00,Sun 1:00PM
196172804,NFL $50 3-Player,154078,Classic,50.0,1,3,1,135.0,2026-10-04 17:00:00+00:00,Sun 1:00PM
196177295,NFL $50 3-Player,154078,Classic,50.0,1,3,1,135.0,2026-10-04 17:00:00+00:00,Sun 1:00PM
196177296,NFL $50 3-Player,154078,Classic,50.0,1,3,1,135.0,2026-10-04 17:00:00+00:00,Sun 1:00PM
196177297,NFL $50 3-Player,154078,Classic,50.0,1,3,1,135.0,2026-10-04 17:00:00+00:00,Sun 1:00PM
196167429,NFL $50 3-Player (Winner Takes All),154078,Classic,50.0,2,3,1,135.0,2026-10-04 17:00:00+00:00,Sun 1:00PM
196171137,NFL $20 50-50,154078,Classic,20.0,1,50,1,900.0,2026-10-04 17:00:00+00:00,Sun 1:00PM
196181842,NFL $20 15-Player (Winner Takes All),154078,Classic,20.0,1,15,1,270.0,2026-10-04 17:00:00+00:00,Sun 1:00PM
196166912,NFL $20 10-Player (Top 2 Win),154078,Classic,20.0,1,10,1,180.0,2026-10-04 17:00:00+00:00,Sun 1:00PM
196170987,NFL $20 3-Player,154078,Classic,20.0,2,3,1,54.0,2026-10-04 17:00:00+00:00,Sun 1:00PM
196170988,NFL $20 3-Player,154078,Classic,20.0,1,3,1,54.0,2026-10-04 17:00:00+00:00,Sun 1:00PM
196170989,NFL $20 3-Player,154078,Classic,20.0,1,3,1,54.0,2026-10-04 17:00:00+00:00,Sun 1:00PM
196172805,NFL $20 3-Player,154078,Classic,20.0,1,3,1,54.0,2026-10-04 17:00:00+00:00,Sun 1:00PM
196177305,NFL $20 3-Player,154078,Classic,20.0,1,3,1,54.0,2026-10-04 17:00:00+00:00,Sun 1:00PM
196177306,NFL $20 3-Player,154078,Classic,20.0,1,3,1,54.0,2026-10-04 17:00:00+00:00,Sun 1:00PM
196177307,NFL $20 3-Player,154078,Classic,20.0,1,3,1,54.0,2026-10-04 17:00:00+00:00,Sun 1:00PM
196167428,NFL $20 3-Player (Winner Takes All),154078,Classic,20.0,2,3,1,54.0,2026-10-04 17:00:00+00:00,Sun 1:00PM
196170984,NFL $10 3-Player,154078,Classic,10.0,2,3,1,27.0,2026-10-04 17:00:00+00:00,Sun 1:00PM
196170985,NFL $10 3-Player,154078,Classic,10.0,1,3,1,27.0,2026-10-04 17:00:00+00:00,Sun 1:00PM
196170986,NFL $10 3-Player,154078,Classic,10.0,1,3,1,27.0,2026-10-04 17:00:00+00:00,Sun 1:00PM
196172753,NFL $10 3-Player,154078,Classic,10.0,1,3,1,27.0,2026-10-04 17:00:00+00:00,Sun 1:00PM
196177301,NFL $10 3-Player,154078,Classic,10.0,1,3,1,27.0,2026-10-04 17:00:00+00:00,Sun 1:00PM
196177302,NFL $10 3-Player,154078,Classic,10.0,1,3,1,27.0,2026-10-04 17:00:00+00:00,Sun 1:00PM
196177303,NFL $10 3-Player,154078,Classic,10.0,1,3,1,27.0,2026-10-04 17:00:00+00:00,Sun 1:00PM
196167427,NFL $10 3-Player (Winner Takes All),154078,Classic,10.0,2,3,1,27.0,2026-10-04 17:00:00+00:00,Sun 1:00PM
196170951,NFL $5 50-50,154078,Classic,5.0,1,10,1,45.0,2026-10-04 17:00:00+00:00,Sun 1:00PM
196171202,NFL $5 Double Up,154078,Classic,5.0,1,11,1,50.0,2026-10-04 17:00:00+00:00,Sun 1:00PM
196163293,NFL $5 20-Player (Winner Takes All),154078,Classic,5.0,11,20,1,90.0,2026-10-04 17:00:00+00:00,Sun 1:00PM
196161813,NFL $5 10-Player (Winner Takes All),154078,Classic,5.0,3,10,1,45.0,2026-10-04 17:00:00+00:00,Sun 1:00PM
196170981,NFL $5 3-Player,154078,Classic,5.0,2,3,1,13.5,2026-10-04 17:00:00+00:00,Sun 1:00PM
196170982,NFL $5 3-Player,154078,Classic,5.0,1,3,1,13.5,2026-10-04 17:00:00+00:00,Sun 1:00PM
196170983,NFL $5 3-Player,154078,Classic,5.0,1,3,1,13.5,2026-10-04 17:00:00+00:00,Sun 1:00PM
196172752,NFL $5 3-Player,154078,Classic,5.0,1,3,1,13.5,2026-10-04 17:00:00+00:00,Sun 1:00PM
196177298,NFL $5 3-Player,154078,Classic,5.0,1,3,1,13.5,2026-10-04 17:00:00+00:00,Sun 1:00PM
196177299,NFL $5 3-Player,154078,Classic,5.0,1,3,1,13.5,2026-10-04 17:00:00+00:00,Sun 1:00PM
196177300,NFL $5 3-Player,154078,Classic,5.0,1,3,1,13.5,2026-10-04 17:00:00+00:00,Sun 1:00PM
196170959,NFL $5 3-Player,154078,Classic,5.0,1,3,1,13.5,2026-10-04 17:00:00+00:00,Sun 1:00PM
196170960,NFL $5 3-Player,154078,Classic,5.0,1,3,1,13.5,2026-10-04 17:00:00+00:00,Sun 1:00PM
196170961,NFL $5 3-Player,154078,Classic,5.0,1,3,1,13.5,2026-10-04 17:00:00+00:00,Sun 1:00PM
196177292,NFL $5 3-Player,154078,Classic,5.0,1,3,1,13.5,2026-10-04 17:00:00+00:00,Sun 1:00PM
196177293,NFL $5 3-Player,154078,Classic,5.0,1,3,1,13.5,2026-10-04 17:00:00+00:00,Sun 1:00PM
196177294,NFL $5 3-Player,154078,Classic,5.0,1,3,1,13.5,2026-10-04 17:00:00+00:00,Sun 1:00PM
196171103,NFL $2 50-50,154078,Classic,2.0,1,100,1,180.0,2026-10-04 17:00:00+00:00,Sun 1:00PM
196161815,NFL $2 25-Player (Top 3 Win),154078,Classic,2.0,10,25,1,45.0,2026-10-04 17:00:00+00:00,Sun 1:00PM
196162536,NFL $2 15-Player (Top 2 Win),154078,Classic,2.0,2,15,1,27.0,2026-10-04 17:00:00+00:00,Sun 1:00PM
196170933,NFL $2 10-Player,154078,Classic,2.0,1,10,1,18.0,2026-10-04 17:00:00+00:00,Sun 1:00PM
196164451,NFL $1 50-Player (Winner Takes All),154078,Classic,1.0,8,50,1,45.0,2026-10-04 17:00:00+00:00,Sun 1:00PM
196164463,NFL $1 40-Player (Top 5 Win),154078,Classic,1.0,4,40,1,36.0,2026-10-04 17:00:00+00:00,Sun 1:00PM
196164449,NFL $1 30-Player (Top 3 Win),154078,Classic,1.0,1,30,1,27.0,2026-10-04 17:00:00+00:00,Sun 1:00PM
196164457,NFL $1 15-Player (Winner Takes All),154078,Classic,1.0,2,15,1,13.5,2026-10-04 17:00:00+00:00,Sun 1:00PM
196170977,NFL $1 3-Player,154078,Classic,1.0,2,3,1,2.7,2026-10-04 17:00:00+00:00,Sun 1:00PM
196161849,NFL $1 200-Player (Winner Takes All),154078,Classic,1.0,8,200,1,180.0,2026-10-04 17:00:00+00:00,Sun 1:00PM
196161814,NFL $3 10-Player (Winner Takes All),154078,Classic,3.0,4,10,1,27.0,2026-10-04 17:00:00+00:00,Sun 1:00PM
196164455,NFL $3 5-Player (Winner Takes All),154078,Classic,3.0,3,5,1,13.5,2026-10-04 17:00:00+00:00,Sun 1:00PM
196162164,NFL $5 200-Player (Top 3 Win),154078,Classic,5.0,5,200,1,900.0,2026-10-04 17:00:00+00:00,Sun 1:00PM
196171223,NFL Satellite to $20 NFL Fantasy Football Millionaire [Must Fill],154078,Classic,7.4,0,3,1,20.0,2026-10-04 17:00:00+00:00,Sun 1:00PM
196172238,NFL Satellite to NBA Best Ball $20 Shootaround [Must Fill],154078,Classic,7.4,0,3,1,20.0,2026-10-04 17:00:00+00:00,Sun 1:00PM
196172250,NFL Satellite to NBA 10-20 $20 Opening Tip Off [Must Fill],154078,Classic,7.4,0,3,1,20.0,2026-10-04 17:00:00+00:00,Sun 1:00PM
196171195,Casual NFL $109 5-Player,154078,Classic,109.0,0,5,1,500.0,2026-10-04 17:00:00+00:00,Sun 1:00PM
196171194,Casual NFL $109 3-Player,154078,Classic,109.0,0,3,1,300.0,2026-10-04 17:00:00+00:00,Sun 1:00PM
196171150,Casual NFL $50 50-50,154078,Classic,50.0,0,10,1,450.0,2026-10-04 17:00:00+00:00,Sun 1:00PM
196171151,Casual NFL $50 50-50,154078,Classic,50.0,0,10,1,450.0,2026-10-04 17:00:00+00:00,Sun 1:00PM
196171152,Casual NFL $50 5-Player,154078,Classic,50.0,0,5,1,225.0,2026-10-04 17:00:00+00:00,Sun 1:00PM
196171165,Casual NFL $50 3-Player,154078,Classic,50.0,0,3,1,135.0,2026-10-04 17:00:00+00:00,Sun 1:00PM
196171166,Casual NFL $50 3-Player,154078,Classic,50.0,0,3,1,135.0,2026-10-04 17:00:00+00:00,Sun 1:00PM
196171147,Casual NFL $20 50-50,154078,Classic,20.0,0,10,1,180.0,2026-10-04 17:00:00+00:00,Sun 1:00PM
196171148,Casual NFL $20 50-50,154078,Classic,20.0,0,10,1,180.0,2026-10-04 17:00:00+00:00,Sun 1:00PM
196171149,Casual NFL $20 50-50,154078,Classic,20.0,0,10,1,180.0,2026-10-04 17:00:00+00:00,Sun 1:00PM
196171144,Casual NFL $20 5-Player,154078,Classic,20.0,0,5,1,90.0,2026-10-04 17:00:00+00:00,Sun 1:00PM
196171145,Casual NFL $20 5-Player,154078,Classic,20.0,0,5,1,90.0,2026-10-04 17:00:00+00:00,Sun 1:00PM
196171146,Casual NFL $20 5-Player,154078,Classic,20.0,0,5,1,90.0,2026-10-04 17:00:00+00:00,Sun 1:00PM
196171167,Casual NFL $20 3-Player,154078,Classic,20.0,0,3,1,54.0,2026-10-04 17:00:00+00:00,Sun 1:00PM
196171168,Casual NFL $20 3-Player,154078,Classic,20.0,0,3,1,54.0,2026-10-04 17:00:00+00:00,Sun 1:00PM
196171169,Casual NFL $20 3-Player,154078,Classic,20.0,0,3,1,54.0,2026-10-04 17:00:00+00:00,Sun 1:00PM
196171153,Casual NFL $10 50-50,154078,Classic,10.0,0,10,1,90.0,2026-10-04 17:00:00+00:00,Sun 1:00PM
196171154,Casual NFL $10 50-50,154078,Classic,10.0,0,10,1,90.0,2026-10-04 17:00:00+00:00,Sun 1:00PM
196171155,Casual NFL $10 50-50,154078,Classic,10.0,0,10,1,90.0,2026-10-04 17:00:00+00:00,Sun 1:00PM
196171170,Casual NFL $10 5-Player,154078,Classic,10.0,0,5,1,45.0,2026-10-04 17:00:00+00:00,Sun 1:00PM
196171171,Casual NFL $10 5-Player,154078,Classic,10.0,0,5,1,45.0,2026-10-04 17:00:00+00:00,Sun 1:00PM
196171172,Casual NFL $10 5-Player,154078,Classic,10.0,0,5,1,45.0,2026-10-04 17:00:00+00:00,Sun 1:00PM
196171173,Casual NFL $10 3-Player,154078,Classic,10.0,0,3,1,27.0,2026-10-04 17:00:00+00:00,Sun 1:00PM
196171174,Casual NFL $10 3-Player,154078,Classic,10.0,0,3,1,27.0,2026-10-04 17:00:00+00:00,Sun 1:00PM
196171175,Casual NFL $10 3-Player,154078,Classic,10.0,0,3,1,27.0,2026-10-04 17:00:00+00:00,Sun 1:00PM
196171156,Casual NFL $5 50-50,154078,Classic,5.0,0,10,1,45.0,2026-10-04 17:00:00+00:00,Sun 1:00PM
196171157,Casual NFL $5 50-50,154078,Classic,5.0,0,10,1,45.0,2026-10-04 17:00:00+00:00,Sun 1:00PM
196171158,Casual NFL $5 50-50,154078,Classic,5.0,0,10,1,45.0,2026-10-04 17:00:00+00:00,Sun 1:00PM
196171176,Casual NFL $5 5-Player,154078,Classic,5.0,0,5,1,22.5,2026-10-04 17:00:00+00:00,Sun 1:00PM
196171177,Casual NFL $5 5-Player,154078,Classic,5.0,0,5,1,22.5,2026-10-04 17:00:00+00:00,Sun 1:00PM
196171178,Casual NFL $5 5-Player,154078,Classic,5.0,0,5,1,22.5,2026-10-04 17:00:00+00:00,Sun 1:00PM
196171179,Casual NFL $5 3-Player,154078,Classic,5.0,0,3,1,13.5,2026-10-04 17:00:00+00:00,Sun 1:00PM
196171180,Casual NFL $5 3-Player,154078,Classic,5.0,0,3,1,13.5,2026-10-04 17:00:00+00:00,Sun 1:00PM
196171181,Casual NFL $5 3-Player,154078,Classic,5.0,0,3,1,13.5,2026-10-04 17:00:00+00:00,Sun 1:00PM
196171160,Casual NFL $3 50-50,154078,Classic,3.0,0,10,1,27.0,2026-10-04 17:00:00+00:00,Sun 1:00PM
196171161,Casual NFL $3 50-50,154078,Classic,3.0,0,10,1,27.0,2026-10-04 17:00:00+00:00,Sun 1:00PM
196180596,Casual NFL $3 50-50,154078,Classic,3.0,0,10,1,27.0,2026-10-04 17:00:00+00:00,Sun 1:00PM
196171182,Casual NFL $2 5-Player,154078,Classic,2.0,0,5,1,9.0,2026-10-04 17:00:00+00:00,Sun 1:00PM
196171183,Casual NFL $2 5-Player,154078,Classic,2.0,0,5,1,9.0,2026-10-04 17:00:00+00:00,Sun 1:00PM
196171184,Casual NFL $2 5-Player,154078,Classic,2.0,0,5,1,9.0,2026-10-04 17:00:00+00:00,Sun 1:00PM
196171185,Casual NFL $2 3-Player,154078,Classic,2.0,0,3,1,5.4,2026-10-04 17:00:00+00:00,Sun 1:00PM
196171186,Casual NFL $2 3-Player,154078,Classic,2.0,0,3,1,5.4,2026-10-04 17:00:00+00:00,Sun 1:00PM
196171187,Casual NFL $2 3-Player,154078,Classic,2.0,0,3,1,5.4,2026-10-04 17:00:00+00:00,Sun 1:00PM
196171162,Casual NFL $1 50-50,154078,Classic,1.0,0,10,1,9.0,2026-10-04 17:00:00+00:00,Sun 1:00PM
196171163,Casual NFL $1 50-50,154078,Classic,1.0,0,10,1,9.0,2026-10-04 17:00:00+00:00,Sun 1:00PM
196171164,Casual NFL $1 50-50,154078,Classic,1.0,0,10,1,9.0,2026-10-04 17:00:00+00:00,Sun 1:00PM
196171188,Casual NFL $1 5-Player,154078,Classic,1.0,0,5,1,4.5,2026-10-04 17:00:00+00:00,Sun 1:00PM
196171189,Casual NFL $1 5-Player,154078,Classic,1.0,0,5,1,4.5,2026-10-04 17:00:00+00:00,Sun 1:00PM
196171190,Casual NFL $1 5-Player,154078,Classic,1.0,0,5,1,4.5,2026-10-04 17:00:00+00:00,Sun 1:00PM
196171191,Casual NFL $1 3-Player,154078,Classic,1.0,0,3,1,2.7,2026-10-04 17:00:00+00:00,Sun 1:00PM
196171192,Casual NFL $1 3-Player,154078,Classic,1.0,0,3,1,2.7,2026-10-04 17:00:00+00:00,Sun 1:00PM
196171193,Casual NFL $1 3-Player,154078,Classic,1.0,0,3,1,2.7,2026-10-04 17:00:00+00:00,Sun 1:00PM
196171129,Beginner NFL $109 5-Player,154078,Classic,109.0,0,5,1,500.0,2026-10-04 17:00:00+00:00,Sun 1:00PM
196171128,Beginner NFL $109 3-Player,154078,Classic,109.0,0,3,1,300.0,2026-10-04 17:00:00+00:00,Sun 1:00PM
196171096,Beginner NFL $50 50-50,154078,Classic,50.0,0,10,1,450.0,2026-10-04 17:00:00+00:00,Sun 1:00PM
196171097,Beginner NFL $50 50-50,154078,Classic,50.0,0,10,1,450.0,2026-10-04 17:00:00+00:00,Sun 1:00PM
196171100,Beginner NFL $50 5-Player,154078,Classic,50.0,0,5,1,225.0,2026-10-04 17:00:00+00:00,Sun 1:00PM
196171098,Beginner NFL $50 3-Player,154078,Classic,50.0,0,3,1,135.0,2026-10-04 17:00:00+00:00,Sun 1:00PM
196171099,Beginner NFL $50 3-Player,154078,Classic,50.0,0,3,1,135.0,2026-10-04 17:00:00+00:00,Sun 1:00PM
196171080,Beginner NFL $20 50-50,154078,Classic,20.0,0,10,1,180.0,2026-10-04 17:00:00+00:00,Sun 1:00PM
196171081,Beginner NFL $20 50-50,154078,Classic,20.0,0,10,1,180.0,2026-10-04 17:00:00+00:00,Sun 1:00PM
196171082,Beginner NFL $20 50-50,154078,Classic,20.0,0,10,1,180.0,2026-10-04 17:00:00+00:00,Sun 1:00PM
196171065,Beginner NFL $20 5-Player,154078,Classic,20.0,0,5,1,90.0,2026-10-04 17:00:00+00:00,Sun 1:00PM
196171066,Beginner NFL $20 5-Player,154078,Classic,20.0,0,5,1,90.0,2026-10-04 17:00:00+00:00,Sun 1:00PM
196171067,Beginner NFL $20 5-Player,154078,Classic,20.0,0,5,1,90.0,2026-10-04 17:00:00+00:00,Sun 1:00PM
196171047,Beginner NFL $20 3-Player,154078,Classic,20.0,0,3,1,54.0,2026-10-04 17:00:00+00:00,Sun 1:00PM
196171048,Beginner NFL $20 3-Player,154078,Classic,20.0,0,3,1,54.0,2026-10-04 17:00:00+00:00,Sun 1:00PM
196171049,Beginner NFL $20 3-Player,154078,Classic,20.0,0,3,1,54.0,2026-10-04 17:00:00+00:00,Sun 1:00PM
196171077,Beginner NFL $10 50-50,154078,Classic,10.0,0,10,1,90.0,2026-10-04 17:00:00+00:00,Sun 1:00PM
196171078,Beginner NFL $10 50-50,154078,Classic,10.0,0,10,1,90.0,2026-10-04 17:00:00+00:00,Sun 1:00PM
196171079,Beginner NFL $10 50-50,154078,Classic,10.0,0,10,1,90.0,2026-10-04 17:00:00+00:00,Sun 1:00PM
196171062,Beginner NFL $10 5-Player,154078,Classic,10.0,0,5,1,45.0,2026-10-04 17:00:00+00:00,Sun 1:00PM
196171063,Beginner NFL $10 5-Player,154078,Classic,10.0,0,5,1,45.0,2026-10-04 17:00:00+00:00,Sun 1:00PM
196171064,Beginner NFL $10 5-Player,154078,Classic,10.0,0,5,1,45.0,2026-10-04 17:00:00+00:00,Sun 1:00PM
196171044,Beginner NFL $10 3-Player,154078,Classic,10.0,0,3,1,27.0,2026-10-04 17:00:00+00:00,Sun 1:00PM
196171045,Beginner NFL $10 3-Player,154078,Classic,10.0,0,3,1,27.0,2026-10-04 17:00:00+00:00,Sun 1:00PM
196171046,Beginner NFL $10 3-Player,154078,Classic,10.0,0,3,1,27.0,2026-10-04 17:00:00+00:00,Sun 1:00PM
196171074,Beginner NFL $5 50-50,154078,Classic,5.0,0,10,1,45.0,2026-10-04 17:00:00+00:00,Sun 1:00PM
196171075,Beginner NFL $5 50-50,154078,Classic,5.0,0,10,1,45.0,2026-10-04 17:00:00+00:00,Sun 1:00PM
196171076,Beginner NFL $5 50-50,154078,Classic,5.0,0,10,1,45.0,2026-10-04 17:00:00+00:00,Sun 1:00PM
196171059,Beginner NFL $5 5-Player,154078,Classic,5.0,0,5,1,22.5,2026-10-04 17:00:00+00:00,Sun 1:00PM
196171060,Beginner NFL $5 5-Player,154078,Classic,5.0,0,5,1,22.5,2026-10-04 17:00:00+00:00,Sun 1:00PM
196171061,Beginner NFL $5 5-Player,154078,Classic,5.0,0,5,1,22.5,2026-10-04 17:00:00+00:00,Sun 1:00PM
196171038,Beginner NFL $5 3-Player,154078,Classic,5.0,0,3,1,13.5,2026-10-04 17:00:00+00:00,Sun 1:00PM
196171039,Beginner NFL $5 3-Player,154078,Classic,5.0,0,3,1,13.5,2026-10-04 17:00:00+00:00,Sun 1:00PM
196171040,Beginner NFL $5 3-Player,154078,Classic,5.0,0,3,1,13.5,2026-10-04 17:00:00+00:00,Sun 1:00PM
196171071,Beginner NFL $3 50-50,154078,Classic,3.0,0,10,1,27.0,2026-10-04 17:00:00+00:00,Sun 1:00PM
196171072,Beginner NFL $3 50-50,154078,Classic,3.0,0,10,1,27.0,2026-10-04 17:00:00+00:00,Sun 1:00PM
196171073,Beginner NFL $3 50-50,154078,Classic,3.0,0,10,1,27.0,2026-10-04 17:00:00+00:00,Sun 1:00PM
196171056,Beginner NFL $2 5-Player,154078,Classic,2.0,0,5,1,9.0,2026-10-04 17:00:00+00:00,Sun 1:00PM
196171057,Beginner NFL $2 5-Player,154078,Classic,2.0,0,5,1,9.0,2026-10-04 17:00:00+00:00,Sun 1:00PM
196171058,Beginner NFL $2 5-Player,154078,Classic,2.0,0,5,1,9.0,2026-10-04 17:00:00+00:00,Sun 1:00PM
196171050,Beginner NFL $2 3-Player,154078,Classic,2.0,0,3,1,5.4,2026-10-04 17:00:00+00:00,Sun 1:00PM
196171051,Beginner NFL $2 3-Player,154078,Classic,2.0,0,3,1,5.4,2026-10-04 17:00:00+00:00,Sun 1:00PM
196171052,Beginner NFL $2 3-Player,154078,Classic,2.0,0,3,1,5.4,2026-10-04 17:00:00+00:00,Sun 1:00PM
196172169,Beginner NFL $1 50-50,154078,Classic,1.0,0,10,1,9.0,2026-10-04 17:00:00+00:00,Sun 1:00PM
196172170,Beginner NFL $1 50-50,154078,Classic,1.0,0,10,1,9.0,2026-10-04 17:00:00+00:00,Sun 1:00PM
196172171,Beginner NFL $1 50-50,154078,Classic,1.0,0,10,1,9.0,2026-10-04 17:00:00+00:00,Sun 1:00PM
196171053,Beginner NFL $1 5-Player,154078,Classic,1.0,0,5,1,4.5,2026-10-04 17:00:00+00:00,Sun 1:00PM
196171054,Beginner NFL $1 5-Player,154078,Classic,1.0,0,5,1,4.5,2026-10-04 17:00:00+00:00,Sun 1:00PM
196171055,Beginner NFL $1 5-Player,154078,Classic,1.0,0,5,1,4.5,2026-10-04 17:00:00+00:00,Sun 1:00PM
196171041,Beginner NFL $1 3-Player,154078,Classic,1.0,0,3,1,2.7,2026-10-04 17:00:00+00:00,Sun 1:00PM
196171042,Beginner NFL $1 3-Player,154078,Classic,1.0,0,3,1,2.7,2026-10-04 17:00:00+00:00,Sun 1:00PM
196171043,Beginner NFL $1 3-Player,154078,Classic,1.0,0,3,1,2.7,2026-10-04 17:00:00+00:00,Sun 1:00PM
196183692,"NFL $10,600 3-Player",154078,Classic,10600.0,0,3,1,30000.0,2026-10-04 17:00:00+00:00,Sun 1:00PM
196183693,"NFL $10,600 3-Player",154078,Classic,10600.0,0,3,1,30000.0,2026-10-04 17:00:00+00:00,Sun 1:00PM
196171108,"NFL $5,300 50-50",154078,Classic,5300.0,0,4,1,20000.0,2026-10-04 17:00:00+00:00,Sun 1:00PM
196171109,"NFL $5,300 50-50",154078,Classic,5300.0,0,4,1,20000.0,2026-10-04 17:00:00+00:00,Sun 1:00PM
196183694,"NFL $5,300 3-Player",154078,Classic,5300.0,0,3,1,15000.0,2026-10-04 17:00:00+00:00,Sun 1:00PM
196183695,"NFL $5,300 3-Player",154078,Classic,5300.0,0,3,1,15000.0,2026-10-04 17:00:00+00:00,Sun 1:00PM
196171142,"NFL $2,120 50-50",154078,Classic,2120.0,0,4,1,8000.0,2026-10-04 17:00:00+00:00,Sun 1:00PM
196171143,"NFL $2,120 50-50",154078,Classic,2120.0,0,4,1,8000.0,2026-10-04 17:00:00+00:00,Sun 1:00PM
196171140,"NFL $2,120 5-Player",154078,Classic,2120.0,0,5,1,10000.0,2026-10-04 17:00:00+00:00,Sun 1:00PM
196171141,"NFL $2,120 5-Player",154078,Classic,2120.0,0,5,1,10000.0,2026-10-04 17:00:00+00:00,Sun 1:00PM
196183705,"NFL $2,120 3-Player",154078,Classic,2120.0,0,3,1,6000.0,2026-10-04 17:00:00+00:00,Sun 1:00PM
196183706,"NFL $2,120 3-Player",154078,Classic,2120.0,0,3,1,6000.0,2026-10-04 17:00:00+00:00,Sun 1:00PM
196171110,"NFL $1,060 50-50",154078,Classic,1060.0,0,4,1,4000.0,2026-10-04 17:00:00+00:00,Sun 1:00PM
196171111,"NFL $1,060 50-50",154078,Classic,1060.0,0,4,1,4000.0,2026-10-04 17:00:00+00:00,Sun 1:00PM
196170995,"NFL $1,060 5-Player",154078,Classic,1060.0,0,5,1,5000.0,2026-10-04 17:00:00+00:00,Sun 1:00PM
196170996,"NFL $1,060 5-Player",154078,Classic,1060.0,0,5,1,5000.0,2026-10-04 17:00:00+00:00,Sun 1:00PM
196183696,"NFL $1,060 3-Player",154078,Classic,1060.0,0,3,1,3000.0,2026-10-04 17:00:00+00:00,Sun 1:00PM
196183697,"NFL $1,060 3-Player",154078,Classic,1060.0,0,3,1,3000.0,2026-10-04 17:00:00+00:00,Sun 1:00PM
196171114,NFL $530 50-50,154078,Classic,530.0,0,4,1,2000.0,2026-10-04 17:00:00+00:00,Sun 1:00PM
196171115,NFL $530 50-50,154078,Classic,530.0,0,4,1,2000.0,2026-10-04 17:00:00+00:00,Sun 1:00PM
196171132,NFL $530 50-50,154078,Classic,530.0,0,8,1,4000.0,2026-10-04 17:00:00+00:00,Sun 1:00PM
196171022,NFL $530 5-Player,154078,Classic,530.0,0,5,1,2500.0,2026-10-04 17:00:00+00:00,Sun 1:00PM
196171023,NFL $530 5-Player,154078,Classic,530.0,0,5,1,2500.0,2026-10-04 17:00:00+00:00,Sun 1:00PM
196183698,NFL $530 3-Player,154078,Classic,530.0,0,3,1,1500.0,2026-10-04 17:00:00+00:00,Sun 1:00PM
196183699,NFL $530 3-Player,154078,Classic,530.0,0,3,1,1500.0,2026-10-04 17:00:00+00:00,Sun 1:00PM
196171131,NFL $270 50-50,154078,Classic,270.0,0,8,1,2000.0,2026-10-04 17:00:00+00:00,Sun 1:00PM
196171213,NFL $270 50-50,154078,Classic,270.0,0,4,1,1000.0,2026-10-04 17:00:00+00:00,Sun 1:00PM
196171214,NFL $270 50-50,154078,Classic,270.0,0,4,1,1000.0,2026-10-04 17:00:00+00:00,Sun 1:00PM
196171083,NFL $270 10-Player,154078,Classic,270.0,0,10,1,2500.0,2026-10-04 17:00:00+00:00,Sun 1:00PM
196183700,NFL $270 3-Player,154078,Classic,270.0,0,3,1,750.0,2026-10-04 17:00:00+00:00,Sun 1:00PM
196183701,NFL $270 3-Player,154078,Classic,270.0,0,3,1,750.0,2026-10-04 17:00:00+00:00,Sun 1:00PM
196171020,NFL $270 5-Player,154078,Classic,270.0,0,5,1,1250.0,2026-10-04 17:00:00+00:00,Sun 1:00PM
196171021,NFL $270 5-Player,154078,Classic,270.0,0,5,1,1250.0,2026-10-04 17:00:00+00:00,Sun 1:00PM
196171130,NFL $162 50-50,154078,Classic,162.0,0,8,1,1200.0,2026-10-04 17:00:00+00:00,Sun 1:00PM
196171005,NFL $162 50-50,154078,Classic,162.0,0,4,1,600.0,2026-10-04 17:00:00+00:00,Sun 1:00PM
196171006,NFL $162 50-50,154078,Classic,162.0,0,4,1,600.0,2026-10-04 17:00:00+00:00,Sun 1:00PM
196171018,NFL $162 5-Player,154078,Classic,162.0,0,5,1,750.0,2026-10-04 17:00:00+00:00,Sun 1:00PM
196171019,NFL $162 5-Player,154078,Classic,162.0,0,5,1,750.0,2026-10-04 17:00:00+00:00,Sun 1:00PM
196183689,NFL $162 3-Player,154078,Classic,162.0,0,3,1,450.0,2026-10-04 17:00:00+00:00,Sun 1:00PM
196183690,NFL $162 3-Player,154078,Classic,162.0,0,3,1,450.0,2026-10-04 17:00:00+00:00,Sun 1:00PM
196183691,NFL $162 3-Player,154078,Classic,162.0,0,3,1,450.0,2026-10-04 17:00:00+00:00,Sun 1:00PM
196171037,NFL $109 50-50,154078,Classic,109.0,0,20,1,2000.0,2026-10-04 17:00:00+00:00,Sun 1:00PM
196171009,NFL $109 50-50,154078,Classic,109.0,0,10,1,1000.0,2026-10-04 17:00:00+00:00,Sun 1:00PM
196171120,NFL $109 50-50,154078,Classic,109.0,0,4,1,400.0,2026-10-04 17:00:00+00:00,Sun 1:00PM
196171121,NFL $109 50-50,154078,Classic,109.0,0,4,1,400.0,2026-10-04 17:00:00+00:00,Sun 1:00PM
196171122,NFL $109 5-Player,154078,Classic,109.0,0,5,1,500.0,2026-10-04 17:00:00+00:00,Sun 1:00PM
196171123,NFL $109 5-Player,154078,Classic,109.0,0,5,1,500.0,2026-10-04 17:00:00+00:00,Sun 1:00PM
196183702,NFL $109 3-Player,154078,Classic,109.0,0,3,1,300.0,2026-10-04 17:00:00+00:00,Sun 1:00PM
196183703,NFL $109 3-Player,154078,Classic,109.0,0,3,1,300.0,2026-10-04 17:00:00+00:00,Sun 1:00PM
196183704,NFL $109 3-Player,154078,Classic,109.0,0,3,1,300.0,2026-10-04 17:00:00+00:00,Sun 1:00PM
196171036,NFL $50 50-50,154078,Classic,50.0,0,20,1,900.0,2026-10-04 17:00:00+00:00,Sun 1:00PM
196171007,NFL $50 50-50,154078,Classic,50.0,0,10,1,450.0,2026-10-04 17:00:00+00:00,Sun 1:00PM
196171008,NFL $50 50-50,154078,Classic,50.0,0,10,1,450.0,2026-10-04 17:00:00+00:00,Sun 1:00PM
196170964,NFL $50 50-50,154078,Classic,50.0,0,4,1,180.0,2026-10-04 17:00:00+00:00,Sun 1:00PM
196170965,NFL $50 50-50,154078,Classic,50.0,0,4,1,180.0,2026-10-04 17:00:00+00:00,Sun 1:00PM
196170966,NFL $50 50-50,154078,Classic,50.0,0,4,1,180.0,2026-10-04 17:00:00+00:00,Sun 1:00PM
196171201,NFL $50 Double Up,154078,Classic,50.0,0,22,1,1000.0,2026-10-04 17:00:00+00:00,Sun 1:00PM
196171200,NFL $50 Double Up,154078,Classic,50.0,0,11,1,500.0,2026-10-04 17:00:00+00:00,Sun 1:00PM
196171086,NFL $50 20-Player,154078,Classic,50.0,0,20,1,900.0,2026-10-04 17:00:00+00:00,Sun 1:00PM
196170997,NFL $50 10-Player,154078,Classic,50.0,0,10,1,450.0,2026-10-04 17:00:00+00:00,Sun 1:00PM
196170998,NFL $50 10-Player,154078,Classic,50.0,0,10,1,450.0,2026-10-04 17:00:00+00:00,Sun 1:00PM
196170973,NFL $50 5-Player,154078,Classic,50.0,0,5,1,225.0,2026-10-04 17:00:00+00:00,Sun 1:00PM
196170974,NFL $50 5-Player,154078,Classic,50.0,0,5,1,225.0,2026-10-04 17:00:00+00:00,Sun 1:00PM
196183677,NFL $50 3-Player,154078,Classic,50.0,0,3,1,135.0,2026-10-04 17:00:00+00:00,Sun 1:00PM
196183678,NFL $50 3-Player,154078,Classic,50.0,0,3,1,135.0,2026-10-04 17:00:00+00:00,Sun 1:00PM
196183679,NFL $50 3-Player,154078,Classic,50.0,0,3,1,135.0,2026-10-04 17:00:00+00:00,Sun 1:00PM
196171199,NFL $25 Double Up,154078,Classic,25.0,0,22,1,500.0,2026-10-04 17:00:00+00:00,Sun 1:00PM
196171198,NFL $25 Double Up,154078,Classic,25.0,0,11,1,250.0,2026-10-04 17:00:00+00:00,Sun 1:00PM
196180190,NFL $20 50-50,154078,Classic,20.0,0,50,1,900.0,2026-10-04 17:00:00+00:00,Sun 1:00PM
196171034,NFL $20 50-50,154078,Classic,20.0,0,20,1,360.0,2026-10-04 17:00:00+00:00,Sun 1:00PM
196171035,NFL $20 50-50,154078,Classic,20.0,0,20,1,360.0,2026-10-04 17:00:00+00:00,Sun 1:00PM
196170954,NFL $20 50-50,154078,Classic,20.0,0,10,1,180.0,2026-10-04 17:00:00+00:00,Sun 1:00PM
196170955,NFL $20 50-50,154078,Classic,20.0,0,10,1,180.0,2026-10-04 17:00:00+00:00,Sun 1:00PM
196171212,NFL $20 100-Player,154078,Classic,20.0,0,100,1,1800.0,2026-10-04 17:00:00+00:00,Sun 1:00PM
196171089,NFL $20 40-Player,154078,Classic,20.0,0,40,1,720.0,2026-10-04 17:00:00+00:00,Sun 1:00PM
196171084,NFL $20 20-Player,154078,Classic,20.0,0,20,1,360.0,2026-10-04 17:00:00+00:00,Sun 1:00PM
196171085,NFL $20 20-Player,154078,Classic,20.0,0,20,1,360.0,2026-10-04 17:00:00+00:00,Sun 1:00PM
196171003,NFL $20 10-Player,154078,Classic,20.0,0,10,1,180.0,2026-10-04 17:00:00+00:00,Sun 1:00PM
196171004,NFL $20 10-Player,154078,Classic,20.0,0,10,1,180.0,2026-10-04 17:00:00+00:00,Sun 1:00PM
196170948,NFL $20 5-Player,154078,Classic,20.0,0,5,1,90.0,2026-10-04 17:00:00+00:00,Sun 1:00PM
196170949,NFL $20 5-Player,154078,Classic,20.0,0,5,1,90.0,2026-10-04 17:00:00+00:00,Sun 1:00PM
196170950,NFL $20 5-Player,154078,Classic,20.0,0,5,1,90.0,2026-10-04 17:00:00+00:00,Sun 1:00PM
196183686,NFL $20 3-Player,154078,Classic,20.0,0,3,1,54.0,2026-10-04 17:00:00+00:00,Sun 1:00PM
196183687,NFL $20 3-Player,154078,Classic,20.0,0,3,1,54.0,2026-10-04 17:00:00+00:00,Sun 1:00PM
196183688,NFL $20 3-Player,154078,Classic,20.0,0,3,1,54.0,2026-10-04 17:00:00+00:00,Sun 1:00PM
196171136,NFL $10 50-50,154078,Classic,10.0,0,50,1,450.0,2026-10-04 17:00:00+00:00,Sun 1:00PM
196171013,NFL $10 50-50,154078,Classic,10.0,0,20,1,180.0,2026-10-04 17:00:00+00:00,Sun 1:00PM
196171014,NFL $10 50-50,154078,Classic,10.0,0,20,1,180.0,2026-10-04 17:00:00+00:00,Sun 1:00PM
196170990,NFL $10 50-50,154078,Classic,10.0,0,10,1,90.0,2026-10-04 17:00:00+00:00,Sun 1:00PM
196170991,NFL $10 50-50,154078,Classic,10.0,0,10,1,90.0,2026-10-04 17:00:00+00:00,Sun 1:00PM
196171196,NFL $10 Double Up,154078,Classic,10.0,0,11,1,100.0,2026-10-04 17:00:00+00:00,Sun 1:00PM
196171197,NFL $10 Double Up,154078,Classic,10.0,0,11,1,100.0,2026-10-04 17:00:00+00:00,Sun 1:00PM
196171211,NFL $10 100-Player,154078,Classic,10.0,0,100,1,900.0,2026-10-04 17:00:00+00:00,Sun 1:00PM
196171088,NFL $10 40-Player,154078,Classic,10.0,0,40,1,360.0,2026-10-04 17:00:00+00:00,Sun 1:00PM
196170999,NFL $10 20-Player,154078,Classic,10.0,0,20,1,180.0,2026-10-04 17:00:00+00:00,Sun 1:00PM
196171000,NFL $10 20-Player,154078,Classic,10.0,0,20,1,180.0,2026-10-04 17:00:00+00:00,Sun 1:00PM
196170962,NFL $10 10-Player,154078,Classic,10.0,0,10,1,90.0,2026-10-04 17:00:00+00:00,Sun 1:00PM
196170963,NFL $10 10-Player,154078,Classic,10.0,0,10,1,90.0,2026-10-04 17:00:00+00:00,Sun 1:00PM
196170945,NFL $10 5-Player,154078,Classic,10.0,0,5,1,45.0,2026-10-04 17:00:00+00:00,Sun 1:00PM
196170946,NFL $10 5-Player,154078,Classic,10.0,0,5,1,45.0,2026-10-04 17:00:00+00:00,Sun 1:00PM
196170947,NFL $10 5-Player,154078,Classic,10.0,0,5,1,45.0,2026-10-04 17:00:00+00:00,Sun 1:00PM
196183683,NFL $10 3-Player,154078,Classic,10.0,0,3,1,27.0,2026-10-04 17:00:00+00:00,Sun 1:00PM
196183684,NFL $10 3-Player,154078,Classic,10.0,0,3,1,27.0,2026-10-04 17:00:00+00:00,Sun 1:00PM
196183685,NFL $10 3-Player,154078,Classic,10.0,0,3,1,27.0,2026-10-04 17:00:00+00:00,Sun 1:00PM
196171102,NFL $5 50-50,154078,Classic,5.0,0,100,1,450.0,2026-10-04 17:00:00+00:00,Sun 1:00PM
196171135,NFL $5 50-50,154078,Classic,5.0,0,50,1,225.0,2026-10-04 17:00:00+00:00,Sun 1:00PM
196171010,NFL $5 50-50,154078,Classic,5.0,0,20,1,90.0,2026-10-04 17:00:00+00:00,Sun 1:00PM
196171011,NFL $5 50-50,154078,Classic,5.0,0,20,1,90.0,2026-10-04 17:00:00+00:00,Sun 1:00PM
196171012,NFL $5 50-50,154078,Classic,5.0,0,20,1,90.0,2026-10-04 17:00:00+00:00,Sun 1:00PM
196170952,NFL $5 50-50,154078,Classic,5.0,0,10,1,45.0,2026-10-04 17:00:00+00:00,Sun 1:00PM
196170953,NFL $5 50-50,154078,Classic,5.0,0,10,1,45.0,2026-10-04 17:00:00+00:00,Sun 1:00PM
196180162,NFL $5 50-50,154078,Classic,5.0,0,10,1,45.0,2026-10-04 17:00:00+00:00,Sun 1:00PM
196171203,NFL $5 Double Up,154078,Classic,5.0,0,11,1,50.0,2026-10-04 17:00:00+00:00,Sun 1:00PM
196179623,NFL $5 Double Up,154078,Classic,5.0,0,11,1,50.0,2026-10-04 17:00:00+00:00,Sun 1:00PM
196171210,NFL $5 100-Player,154078,Classic,5.0,0,100,1,450.0,2026-10-04 17:00:00+00:00,Sun 1:00PM
196171087,NFL $5 40-Player,154078,Classic,5.0,0,40,1,180.0,2026-10-04 17:00:00+00:00,Sun 1:00PM
196171001,NFL $5 20-Player,154078,Classic,5.0,0,20,1,90.0,2026-10-04 17:00:00+00:00,Sun 1:00PM
196171002,NFL $5 20-Player,154078,Classic,5.0,0,20,1,90.0,2026-10-04 17:00:00+00:00,Sun 1:00PM
196170936,NFL $5 10-Player,154078,Classic,5.0,0,10,1,45.0,2026-10-04 17:00:00+00:00,Sun 1:00PM
196170937,NFL $5 10-Player,154078,Classic,5.0,0,10,1,45.0,2026-10-04 17:00:00+00:00,Sun 1:00PM
196170938,NFL $5 10-Player,154078,Classic,5.0,0,10,1,45.0,2026-10-04 17:00:00+00:00,Sun 1:00PM
196170942,NFL $5 5-Player,154078,Classic,5.0,0,5,1,22.5,2026-10-04 17:00:00+00:00,Sun 1:00PM
196170943,NFL $5 5-Player,154078,Classic,5.0,0,5,1,22.5,2026-10-04 17:00:00+00:00,Sun 1:00PM
196170944,NFL $5 5-Player,154078,Classic,5.0,0,5,1,22.5,2026-10-04 17:00:00+00:00,Sun 1:00PM
196183680,NFL $5 3-Player,154078,Classic,5.0,0,3,1,13.5,2026-10-04 17:00:00+00:00,Sun 1:00PM
196183681,NFL $5 3-Player,154078,Classic,5.0,0,3,1,13.5,2026-10-04 17:00:00+00:00,Sun 1:00PM
196183682,NFL $5 3-Player,154078,Classic,5.0,0,3,1,13.5,2026-10-04 17:00:00+00:00,Sun 1:00PM
196183674,NFL $5 3-Player,154078,Classic,5.0,0,3,1,13.5,2026-10-04 17:00:00+00:00,Sun 1:00PM
196183675,NFL $5 3-Player,154078,Classic,5.0,0,3,1,13.5,2026-10-04 17:00:00+00:00,Sun 1:00PM
196183676,NFL $5 3-Player,154078,Classic,5.0,0,3,1,13.5,2026-10-04 17:00:00+00:00,Sun 1:00PM
196171204,NFL $3 Double Up,154078,Classic,3.0,0,11,1,30.0,2026-10-04 17:00:00+00:00,Sun 1:00PM
196171205,NFL $3 Double Up,154078,Classic,3.0,0,11,1,30.0,2026-10-04 17:00:00+00:00,Sun 1:00PM
196180544,NFL $2 50-50,154078,Classic,2.0,0,100,1,180.0,2026-10-04 17:00:00+00:00,Sun 1:00PM
196171134,NFL $2 50-50,154078,Classic,2.0,0,50,1,90.0,2026-10-04 17:00:00+00:00,Sun 1:00PM
196171124,NFL $2 50-50,154078,Classic,2.0,0,20,1,36.0,2026-10-04 17:00:00+00:00,Sun 1:00PM
196170956,NFL $2 50-50,154078,Classic,2.0,0,20,1,36.0,2026-10-04 17:00:00+00:00,Sun 1:00PM
196170957,NFL $2 50-50,154078,Classic,2.0,0,20,1,36.0,2026-10-04 17:00:00+00:00,Sun 1:00PM
196170958,NFL $2 50-50,154078,Classic,2.0,0,20,1,36.0,2026-10-04 17:00:00+00:00,Sun 1:00PM
196171093,NFL $2 50-50,154078,Classic,2.0,0,10,1,18.0,2026-10-04 17:00:00+00:00,Sun 1:00PM
196171094,NFL $2 50-50,154078,Classic,2.0,0,10,1,18.0,2026-10-04 17:00:00+00:00,Sun 1:00PM
196171095,NFL $2 50-50,154078,Classic,2.0,0,10,1,18.0,2026-10-04 17:00:00+00:00,Sun 1:00PM
196171209,NFL $2 100-Player,154078,Classic,2.0,0,100,1,180.0,2026-10-04 17:00:00+00:00,Sun 1:00PM
196171032,NFL $2 40-Player,154078,Classic,2.0,0,40,1,72.0,2026-10-04 17:00:00+00:00,Sun 1:00PM
196171033,NFL $2 40-Player,154078,Classic,2.0,0,40,1,72.0,2026-10-04 17:00:00+00:00,Sun 1:00PM
196171027,NFL $2 20-Player,154078,Classic,2.0,0,20,1,36.0,2026-10-04 17:00:00+00:00,Sun 1:00PM
196171028,NFL $2 20-Player,154078,Classic,2.0,0,20,1,36.0,2026-10-04 17:00:00+00:00,Sun 1:00PM
196171029,NFL $2 20-Player,154078,Classic,2.0,0,20,1,36.0,2026-10-04 17:00:00+00:00,Sun 1:00PM
196170934,NFL $2 10-Player,154078,Classic,2.0,0,10,1,18.0,2026-10-04 17:00:00+00:00,Sun 1:00PM
196170935,NFL $2 10-Player,154078,Classic,2.0,0,10,1,18.0,2026-10-04 17:00:00+00:00,Sun 1:00PM
196177812,NFL $2 10-Player,154078,Classic,2.0,0,10,1,18.0,2026-10-04 17:00:00+00:00,Sun 1:00PM
196170930,NFL $2 5-Player,154078,Classic,2.0,0,5,1,9.0,2026-10-04 17:00:00+00:00,Sun 1:00PM
196170931,NFL $2 5-Player,154078,Classic,2.0,0,5,1,9.0,2026-10-04 17:00:00+00:00,Sun 1:00PM
196170932,NFL $2 5-Player,154078,Classic,2.0,0,5,1,9.0,2026-10-04 17:00:00+00:00,Sun 1:00PM
196170978,NFL $2 3-Player,154078,Classic,2.0,0,3,1,5.4,2026-10-04 17:00:00+00:00,Sun 1:00PM
196170979,NFL $2 3-Player,154078,Classic,2.0,0,3,1,5.4,2026-10-04 17:00:00+00:00,Sun 1:00PM
196170980,NFL $2 3-Player,154078,Classic,2.0,0,3,1,5.4,2026-10-04 17:00:00+00:00,Sun 1:00PM
196171101,NFL $1 50-50,154078,Classic,1.0,0,100,1,90.0,2026-10-04 17:00:00+00:00,Sun 1:00PM
196171133,NFL $1 50-50,154078,Classic,1.0,0,50,1,45.0,2026-10-04 17:00:00+00:00,Sun 1:00PM
196170967,NFL $1 50-50,154078,Classic,1.0,0,20,1,18.0,2026-10-04 17:00:00+00:00,Sun 1:00PM
196170968,NFL $1 50-50,154078,Classic,1.0,0,20,1,18.0,2026-10-04 17:00:00+00:00,Sun 1:00PM
196170969,NFL $1 50-50,154078,Classic,1.0,0,20,1,18.0,2026-10-04 17:00:00+00:00,Sun 1:00PM
196171090,NFL $1 50-50,154078,Classic,1.0,0,10,1,9.0,2026-10-04 17:00:00+00:00,Sun 1:00PM
196171091,NFL $1 50-50,154078,Classic,1.0,0,10,1,9.0,2026-10-04 17:00:00+00:00,Sun 1:00PM
196171092,NFL $1 50-50,154078,Classic,1.0,0,10,1,9.0,2026-10-04 17:00:00+00:00,Sun 1:00PM
196171206,NFL $1 Double Up,154078,Classic,1.0,0,11,1,10.0,2026-10-04 17:00:00+00:00,Sun 1:00PM
196171207,NFL $1 Double Up,154078,Classic,1.0,0,11,1,10.0,2026-10-04 17:00:00+00:00,Sun 1:00PM
196171208,NFL $1 100-Player,154078,Classic,1.0,0,100,1,90.0,2026-10-04 17:00:00+00:00,Sun 1:00PM
196171030,NFL $1 40-Player,154078,Classic,1.0,0,40,1,36.0,2026-10-04 17:00:00+00:00,Sun 1:00PM
196171031,NFL $1 40-Player,154078,Classic,1.0,0,40,1,36.0,2026-10-04 17:00:00+00:00,Sun 1:00PM
196171024,NFL $1 20-Player,154078,Classic,1.0,0,20,1,18.0,2026-10-04 17:00:00+00:00,Sun 1:00PM
196171025,NFL $1 20-Player,154078,Classic,1.0,0,20,1,18.0,2026-10-04 17:00:00+00:00,Sun 1:00PM
196171026,NFL $1 20-Player,154078,Classic,1.0,0,20,1,18.0,2026-10-04 17:00:00+00:00,Sun 1:00PM
196170992,NFL $1 10-Player,154078,Classic,1.0,0,10,1,9.0,2026-10-04 17:00:00+00:00,Sun 1:00PM
196170993,NFL $1 10-Player,154078,Classic,1.0,0,10,1,9.0,2026-10-04 17:00:00+00:00,Sun 1:00PM
196170994,NFL $1 10-Player,154078,Classic,1.0,0,10,1,9.0,2026-10-04 17:00:00+00:00,Sun 1:00PM
196170939,NFL $1 5-Player,154078,Classic,1.0,0,5,1,4.5,2026-10-04 17:00:00+00:00,Sun 1:00PM
196170940,NFL $1 5-Player,154078,Classic,1.0,0,5,1,4.5,2026-10-04 17:00:00+00:00,Sun 1:00PM
196170941,NFL $1 5-Player,154078,Classic,1.0,0,5,1,4.5,2026-10-04 17:00:00+00:00,Sun 1:00PM
196170975,NFL $1 3-Player,154078,Classic,1.0,0,3,1,2.7,2026-10-04 17:00:00+00:00,Sun 1:00PM
196170976,NFL $1 3-Player,154078,Classic,1.0,0,3,1,2.7,2026-10-04 17:00:00+00:00,Sun 1:00PM
196180885,NFL $1 3-Player,154078,Classic,1.0,0,3,1,2.7,2026-10-04 17:00:00+00:00,Sun 1:00PM
196172012,NFL Single Stat $1 20-Player (Touchdowns),154114,Single Stat - Touchdowns,1.0,1,20,1,18.0,2026-10-04 17:00:00+00:00,Sun 1:00PM
196172057,NFL Single Stat Satellite to $20 NFL Fantasy Football Millionaire [Must Fill] (Touchdowns),154114,Single Stat - Touchdowns,7.4,0,3,1,20.0,2026-10-04 17:00:00+00:00,Sun 1:00PM
196171960,Beginner NFL Single Stat $50 50-50 (Touchdowns),154114,Single Stat - Touchdowns,50.0,0,4,1,180.0,2026-10-04 17:00:00+00:00,Sun 1:00PM
196171965,Beginner NFL Single Stat $50 3-Player (Touchdowns),154114,Single Stat - Touchdowns,50.0,0,3,1,135.0,2026-10-04 17:00:00+00:00,Sun 1:00PM
196171961,Beginner NFL Single Stat $20 50-50 (Touchdowns),154114,Single Stat - Touchdowns,20.0,0,4,1,72.0,2026-10-04 17:00:00+00:00,Sun 1:00PM
196171966,Beginner NFL Single Stat $20 3-Player (Touchdowns),154114,Single Stat - Touchdowns,20.0,0,3,1,54.0,2026-10-04 17:00:00+00:00,Sun 1:00PM
196171962,Beginner NFL Single Stat $10 50-50 (Touchdowns),154114,Single Stat - Touchdowns,10.0,0,4,1,36.0,2026-10-04 17:00:00+00:00,Sun 1:00PM
196171967,Beginner NFL Single Stat $10 3-Player (Touchdowns),154114,Single Stat - Touchdowns,10.0,0,3,1,27.0,2026-10-04 17:00:00+00:00,Sun 1:00PM
196171963,Beginner NFL Single Stat $5 50-50 (Touchdowns),154114,Single Stat - Touchdowns,5.0,0,4,1,18.0,2026-10-04 17:00:00+00:00,Sun 1:00PM
196171968,Beginner NFL Single Stat $5 3-Player (Touchdowns),154114,Single Stat - Touchdowns,5.0,0,3,1,13.5,2026-10-04 17:00:00+00:00,Sun 1:00PM
196171964,Beginner NFL Single Stat $3 50-50 (Touchdowns),154114,Single Stat - Touchdowns,3.0,0,4,1,10.8,2026-10-04 17:00:00+00:00,Sun 1:00PM
196171969,Beginner NFL Single Stat $2 3-Player (Touchdowns),154114,Single Stat - Touchdowns,2.0,0,3,1,5.4,2026-10-04 17:00:00+00:00,Sun 1:00PM
196172050,Beginner NFL Single Stat $1 50-50 (Touchdowns),154114,Single Stat - Touchdowns,1.0,0,4,1,3.6,2026-10-04 17:00:00+00:00,Sun 1:00PM
196171970,Beginner NFL Single Stat $1 3-Player (Touchdowns),154114,Single Stat - Touchdowns,1.0,0,3,1,2.7,2026-10-04 17:00:00+00:00,Sun 1:00PM
196171971,"NFL Single Stat $10,600 3-Player (Touchdowns)",154114,Single Stat - Touchdowns,10600.0,0,3,1,30000.0,2026-10-04 17:00:00+00:00,Sun 1:00PM
196171972,"NFL Single Stat $10,600 3-Player (Touchdowns)",154114,Single Stat - Touchdowns,10600.0,0,3,1,30000.0,2026-10-04 17:00:00+00:00,Sun 1:00PM
196171975,"NFL Single Stat $5,300 50-50 (Touchdowns)",154114,Single Stat - Touchdowns,5300.0,0,4,1,20000.0,2026-10-04 17:00:00+00:00,Sun 1:00PM
196171976,"NFL Single Stat $5,300 50-50 (Touchdowns)",154114,Single Stat - Touchdowns,5300.0,0,4,1,20000.0,2026-10-04 17:00:00+00:00,Sun 1:00PM
196171973,"NFL Single Stat $5,300 3-Player (Touchdowns)",154114,Single Stat - Touchdowns,5300.0,0,3,1,15000.0,2026-10-04 17:00:00+00:00,Sun 1:00PM
196171974,"NFL Single Stat $5,300 3-Player (Touchdowns)",154114,Single Stat - Touchdowns,5300.0,0,3,1,15000.0,2026-10-04 17:00:00+00:00,Sun 1:00PM
196171977,"NFL Single Stat $1,060 50-50 (Touchdowns)",154114,Single Stat - Touchdowns,1060.0,0,4,1,4000.0,2026-10-04 17:00:00+00:00,Sun 1:00PM
196171978,"NFL Single Stat $1,060 50-50 (Touchdowns)",154114,Single Stat - Touchdowns,1060.0,0,4,1,4000.0,2026-10-04 17:00:00+00:00,Sun 1:00PM
196171979,"NFL Single Stat $1,060 3-Player (Touchdowns)",154114,Single Stat - Touchdowns,1060.0,0,3,1,3000.0,2026-10-04 17:00:00+00:00,Sun 1:00PM
196171980,"NFL Single Stat $1,060 3-Player (Touchdowns)",154114,Single Stat - Touchdowns,1060.0,0,3,1,3000.0,2026-10-04 17:00:00+00:00,Sun 1:00PM
196171981,NFL Single Stat $530 50-50 (Touchdowns),154114,Single Stat - Touchdowns,530.0,0,4,1,2000.0,2026-10-04 17:00:00+00:00,Sun 1:00PM
196171982,NFL Single Stat $530 50-50 (Touchdowns),154114,Single Stat - Touchdowns,530.0,0,4,1,2000.0,2026-10-04 17:00:00+00:00,Sun 1:00PM
196171983,NFL Single Stat $530 3-Player (Touchdowns),154114,Single Stat - Touchdowns,530.0,0,3,1,1500.0,2026-10-04 17:00:00+00:00,Sun 1:00PM
196171984,NFL Single Stat $530 3-Player (Touchdowns),154114,Single Stat - Touchdowns,530.0,0,3,1,1500.0,2026-10-04 17:00:00+00:00,Sun 1:00PM
196172044,NFL Single Stat $270 50-50 (Touchdowns),154114,Single Stat - Touchdowns,270.0,0,4,1,1000.0,2026-10-04 17:00:00+00:00,Sun 1:00PM
196172045,NFL Single Stat $270 50-50 (Touchdowns),154114,Single Stat - Touchdowns,270.0,0,4,1,1000.0,2026-10-04 17:00:00+00:00,Sun 1:00PM
196171989,NFL Single Stat $270 3-Player (Touchdowns),154114,Single Stat - Touchdowns,270.0,0,3,1,750.0,2026-10-04 17:00:00+00:00,Sun 1:00PM
196171990,NFL Single Stat $270 3-Player (Touchdowns),154114,Single Stat - Touchdowns,270.0,0,3,1,750.0,2026-10-04 17:00:00+00:00,Sun 1:00PM
196171992,NFL Single Stat $109 50-50 (Touchdowns),154114,Single Stat - Touchdowns,109.0,0,4,1,400.0,2026-10-04 17:00:00+00:00,Sun 1:00PM
196171993,NFL Single Stat $109 50-50 (Touchdowns),154114,Single Stat - Touchdowns,109.0,0,4,1,400.0,2026-10-04 17:00:00+00:00,Sun 1:00PM
196171996,NFL Single Stat $109 3-Player (Touchdowns),154114,Single Stat - Touchdowns,109.0,0,3,1,300.0,2026-10-04 17:00:00+00:00,Sun 1:00PM
196171997,NFL Single Stat $109 3-Player (Touchdowns),154114,Single Stat - Touchdowns,109.0,0,3,1,300.0,2026-10-04 17:00:00+00:00,Sun 1:00PM
196171998,NFL Single Stat $109 3-Player (Touchdowns),154114,Single Stat - Touchdowns,109.0,0,3,1,300.0,2026-10-04 17:00:00+00:00,Sun 1:00PM
196172005,NFL Single Stat $50 50-50 (Touchdowns),154114,Single Stat - Touchdowns,50.0,0,8,1,360.0,2026-10-04 17:00:00+00:00,Sun 1:00PM
196172002,NFL Single Stat $50 50-50 (Touchdowns),154114,Single Stat - Touchdowns,50.0,0,4,1,180.0,2026-10-04 17:00:00+00:00,Sun 1:00PM
196172037,NFL Single Stat $50 Double Up (Touchdowns),154114,Single Stat - Touchdowns,50.0,0,22,1,1000.0,2026-10-04 17:00:00+00:00,Sun 1:00PM
196172036,NFL Single Stat $50 Double Up (Touchdowns),154114,Single Stat - Touchdowns,50.0,0,11,1,500.0,2026-10-04 17:00:00+00:00,Sun 1:00PM
196172011,NFL Single Stat $50 3-Player (Touchdowns),154114,Single Stat - Touchdowns,50.0,0,3,1,135.0,2026-10-04 17:00:00+00:00,Sun 1:00PM
196172034,NFL Single Stat $25 Double Up (Touchdowns),154114,Single Stat - Touchdowns,25.0,0,22,1,500.0,2026-10-04 17:00:00+00:00,Sun 1:00PM
196172033,NFL Single Stat $25 Double Up (Touchdowns),154114,Single Stat - Touchdowns,25.0,0,11,1,250.0,2026-10-04 17:00:00+00:00,Sun 1:00PM
196172022,NFL Single Stat $20 50-50 (Touchdowns),154114,Single Stat - Touchdowns,20.0,0,10,1,180.0,2026-10-04 17:00:00+00:00,Sun 1:00PM
196172018,NFL Single Stat $20 50-50 (Touchdowns),154114,Single Stat - Touchdowns,20.0,0,4,1,72.0,2026-10-04 17:00:00+00:00,Sun 1:00PM
196172023,NFL Single Stat $20 5-Player (Touchdowns),154114,Single Stat - Touchdowns,20.0,0,5,1,90.0,2026-10-04 17:00:00+00:00,Sun 1:00PM
196172024,NFL Single Stat $20 3-Player (Touchdowns),154114,Single Stat - Touchdowns,20.0,0,3,1,54.0,2026-10-04 17:00:00+00:00,Sun 1:00PM
196172025,NFL Single Stat $20 3-Player (Touchdowns),154114,Single Stat - Touchdowns,20.0,0,3,1,54.0,2026-10-04 17:00:00+00:00,Sun 1:00PM
196172027,NFL Single Stat $10 50-50 (Touchdowns),154114,Single Stat - Touchdowns,10.0,0,10,1,90.0,2026-10-04 17:00:00+00:00,Sun 1:00PM
196172026,NFL Single Stat $10 50-50 (Touchdowns),154114,Single Stat - Touchdowns,10.0,0,4,1,36.0,2026-10-04 17:00:00+00:00,Sun 1:00PM
196172031,NFL Single Stat $10 Double Up (Touchdowns),154114,Single Stat - Touchdowns,10.0,0,11,1,100.0,2026-10-04 17:00:00+00:00,Sun 1:00PM
196172032,NFL Single Stat $10 Double Up (Touchdowns),154114,Single Stat - Touchdowns,10.0,0,11,1,100.0,2026-10-04 17:00:00+00:00,Sun 1:00PM
196172028,NFL Single Stat $10 5-Player (Touchdowns),154114,Single Stat - Touchdowns,10.0,0,5,1,45.0,2026-10-04 17:00:00+00:00,Sun 1:00PM
196172029,NFL Single Stat $10 3-Player (Touchdowns),154114,Single Stat - Touchdowns,10.0,0,3,1,27.0,2026-10-04 17:00:00+00:00,Sun 1:00PM
196172030,NFL Single Stat $10 3-Player (Touchdowns),154114,Single Stat - Touchdowns,10.0,0,3,1,27.0,2026-10-04 17:00:00+00:00,Sun 1:00PM
196171985,NFL Single Stat $5 50-50 (Touchdowns),154114,Single Stat - Touchdowns,5.0,0,10,1,45.0,2026-10-04 17:00:00+00:00,Sun 1:00PM
196171986,NFL Single Stat $5 50-50 (Touchdowns),154114,Single Stat - Touchdowns,5.0,0,4,1,18.0,2026-10-04 17:00:00+00:00,Sun 1:00PM
196171987,NFL Single Stat $5 50-50 (Touchdowns),154114,Single Stat - Touchdowns,5.0,0,4,1,18.0,2026-10-04 17:00:00+00:00,Sun 1:00PM
196172038,NFL Single Stat $5 Double Up (Touchdowns),154114,Single Stat - Touchdowns,5.0,0,11,1,50.0,2026-10-04 17:00:00+00:00,Sun 1:00PM
196172039,NFL Single Stat $5 Double Up (Touchdowns),154114,Single Stat - Touchdowns,5.0,0,11,1,50.0,2026-10-04 17:00:00+00:00,Sun 1:00PM
196171988,NFL Single Stat $5 20-Player (Touchdowns),154114,Single Stat - Touchdowns,5.0,0,20,1,90.0,2026-10-04 17:00:00+00:00,Sun 1:00PM
196171991,NFL Single Stat $5 10-Player (Touchdowns),154114,Single Stat - Touchdowns,5.0,0,10,1,45.0,2026-10-04 17:00:00+00:00,Sun 1:00PM
196172046,NFL Single Stat $5 5-Player (Touchdowns),154114,Single Stat - Touchdowns,5.0,0,5,1,22.5,2026-10-04 17:00:00+00:00,Sun 1:00PM
196172047,NFL Single Stat $5 5-Player (Touchdowns),154114,Single Stat - Touchdowns,5.0,0,5,1,22.5,2026-10-04 17:00:00+00:00,Sun 1:00PM
196172048,NFL Single Stat $5 3-Player (Touchdowns),154114,Single Stat - Touchdowns,5.0,0,3,1,13.5,2026-10-04 17:00:00+00:00,Sun 1:00PM
196172049,NFL Single Stat $5 3-Player (Touchdowns),154114,Single Stat - Touchdowns,5.0,0,3,1,13.5,2026-10-04 17:00:00+00:00,Sun 1:00PM
196172040,NFL Single Stat $3 Double Up (Touchdowns),154114,Single Stat - Touchdowns,3.0,0,11,1,30.0,2026-10-04 17:00:00+00:00,Sun 1:00PM
196172041,NFL Single Stat $3 Double Up (Touchdowns),154114,Single Stat - Touchdowns,3.0,0,11,1,30.0,2026-10-04 17:00:00+00:00,Sun 1:00PM
196171994,NFL Single Stat $2 50-50 (Touchdowns),154114,Single Stat - Touchdowns,2.0,0,20,1,36.0,2026-10-04 17:00:00+00:00,Sun 1:00PM
196171995,NFL Single Stat $2 50-50 (Touchdowns),154114,Single Stat - Touchdowns,2.0,0,10,1,18.0,2026-10-04 17:00:00+00:00,Sun 1:00PM
196171999,NFL Single Stat $2 20-Player (Touchdowns),154114,Single Stat - Touchdowns,2.0,0,20,1,36.0,2026-10-04 17:00:00+00:00,Sun 1:00PM
196172000,NFL Single Stat $2 10-Player (Touchdowns),154114,Single Stat - Touchdowns,2.0,0,10,1,18.0,2026-10-04 17:00:00+00:00,Sun 1:00PM
196172001,NFL Single Stat $2 10-Player (Touchdowns),154114,Single Stat - Touchdowns,2.0,0,10,1,18.0,2026-10-04 17:00:00+00:00,Sun 1:00PM
196172003,NFL Single Stat $2 5-Player (Touchdowns),154114,Single Stat - Touchdowns,2.0,0,5,1,9.0,2026-10-04 17:00:00+00:00,Sun 1:00PM
196172004,NFL Single Stat $2 5-Player (Touchdowns),154114,Single Stat - Touchdowns,2.0,0,5,1,9.0,2026-10-04 17:00:00+00:00,Sun 1:00PM
196172006,NFL Single Stat $2 3-Player (Touchdowns),154114,Single Stat - Touchdowns,2.0,0,3,1,5.4,2026-10-04 17:00:00+00:00,Sun 1:00PM
196172007,NFL Single Stat $2 3-Player (Touchdowns),154114,Single Stat - Touchdowns,2.0,0,3,1,5.4,2026-10-04 17:00:00+00:00,Sun 1:00PM
196172008,NFL Single Stat $1 50-50 (Touchdowns),154114,Single Stat - Touchdowns,1.0,0,20,1,18.0,2026-10-04 17:00:00+00:00,Sun 1:00PM
196172009,NFL Single Stat $1 50-50 (Touchdowns),154114,Single Stat - Touchdowns,1.0,0,10,1,9.0,2026-10-04 17:00:00+00:00,Sun 1:00PM
196172010,NFL Single Stat $1 50-50 (Touchdowns),154114,Single Stat - Touchdowns,1.0,0,10,1,9.0,2026-10-04 17:00:00+00:00,Sun 1:00PM
196172042,NFL Single Stat $1 Double Up (Touchdowns),154114,Single Stat - Touchdowns,1.0,0,11,1,10.0,2026-10-04 17:00:00+00:00,Sun 1:00PM
196172043,NFL Single Stat $1 Double Up (Touchdowns),154114,Single Stat - Touchdowns,1.0,0,11,1,10.0,2026-10-04 17:00:00+00:00,Sun 1:00PM
196181893,NFL Single Stat $1 20-Player (Touchdowns),154114,Single Stat - Touchdowns,1.0,0,20,1,18.0,2026-10-04 17:00:00+00:00,Sun 1:00PM
196172013,NFL Single Stat $1 10-Player (Touchdowns),154114,Single Stat - Touchdowns,1.0,0,10,1,9.0,2026-10-04 17:00:00+00:00,Sun 1:00PM
196172014,NFL Single Stat $1 10-Player (Touchdowns),154114,Single Stat - Touchdowns,1.0,0,10,1,9.0,2026-10-04 17:00:00+00:00,Sun 1:00PM
196172015,NFL Single Stat $1 5-Player (Touchdowns),154114,Single Stat - Touchdowns,1.0,0,5,1,4.5,2026-10-04 17:00:00+00:00,Sun 1:00PM
196172016,NFL Single Stat $1 5-Player (Touchdowns),154114,Single Stat - Touchdowns,1.0,0,5,1,4.5,2026-10-04 17:00:00+00:00,Sun 1:00PM
196172017,NFL Single Stat $1 5-Player (Touchdowns),154114,Single Stat - Touchdowns,1.0,0,5,1,4.5,2026-10-04 17:00:00+00:00,Sun 1:00PM
196172019,NFL Single Stat $1 3-Player (Touchdowns),154114,Single Stat - Touchdowns,1.0,0,3,1,2.7,2026-10-04 17:00:00+00:00,Sun 1:00PM
196172020,NFL Single Stat $1 3-Player (Touchdowns),154114,Single Stat - Touchdowns,1.0,0,3,1,2.7,2026-10-04 17:00:00+00:00,Sun 1:00PM
196172021,NFL Single Stat $1 3-Player (Touchdowns),154114,Single Stat - Touchdowns,1.0,0,3,1,2.7,2026-10-04 17:00:00+00:00,Sun 1:00PM
