contest_id,name,draft_group,game_type,entry_fee,entries,max_entries,max_per_user,prize_pool,starts_utc,starts_text
196151357,NFL $2.75M Fantasy Football Millionaire [$1M to 1st],154078,Classic,20.0,1952,161764,150,2750000.0,2026-10-04 17:00:00+00:00,Sun 1:00PM
196151359,NFL $2.5M MEGA Millionaire [$1M to 1st],154078,Classic,4444.0,5,634,19,2536000.0,2026-10-04 17:00:00+00:00,Sun 1:00PM
195745385,NFL $6M Midseason Main Event [$1.5M to 1st],153728,Classic,1500.0,19,4444,133,6000000.0,2026-11-01 18:00:00+00:00,Sun 1:00PM
196036236,NFL Showdown $600K Wildcat [$150K to 1st] (PHI @ CHI),153790,Showdown Captain Mode,333.0,564,2002,60,600000.0,2026-09-29 00:15:00+00:00,Mon 8:15PM
196036238,NFL Showdown $1.5M Monday Night Showdown [$500K to 1st] (PHI @ CHI),153790,Showdown Captain Mode,20.0,22870,88235,150,1500000.0,2026-09-29 00:15:00+00:00,Mon 8:15PM
196151355,NFL $1.25M Wildcat [$250K to 1st],154078,Classic,333.0,69,4170,125,1250000.0,2026-10-04 17:00:00+00:00,Sun 1:00PM
196036240,NFL Showdown $300K Play-Action [20 Entry Max] (PHI @ CHI),153790,Showdown Captain Mode,3.0,38438,118906,20,300000.0,2026-09-29 00:15:00+00:00,Mon 8:15PM
196036245,NFL Showdown $50K Power Sweep [5 Entry Max] (PHI @ CHI),153790,Showdown Captain Mode,150.0,98,370,5,50000.0,2026-09-29 00:15:00+00:00,Mon 8:15PM
196036281,"NFL Showdown $160K Four-Point Stance [$50K to 1st, 5 Entry Max] (PHI @ CHI)",153790,Showdown Captain Mode,444.0,158,400,5,160000.0,2026-09-29 00:15:00+00:00,Mon 8:15PM
196036239,NFL Showdown $250K Flea Flicker [$50K to 1st] (PHI @ CHI),153790,Showdown Captain Mode,5.0,21714,59453,150,250000.0,2026-09-29 00:15:00+00:00,Mon 8:15PM
196036257,"NFL Showdown $80K Huddle [$10K to 1st, Single Entry] (PHI @ CHI)",153790,Showdown Captain Mode,5.0,3710,19024,1,80000.0,2026-09-29 00:15:00+00:00,Mon 8:15PM
196036258,NFL Showdown $20K Huddle [Single Entry] (PHI @ CHI),153790,Showdown Captain Mode,5.0,1717,4756,1,20000.0,2026-09-29 00:15:00+00:00,Mon 8:15PM
196036212,NFL Showdown $402K Luxury Box [$100K to 1st] (PHI @ CHI),153790,Showdown Captain Mode,3180.0,57,134,4,402000.0,2026-09-29 00:15:00+00:00,Mon 8:15PM
196051827,$14M 2026 Fantasy Football World Championship Qualifier #52 (PHI @ CHI),153790,Showdown Captain Mode,490.0,82,200,6,83300.0,2026-09-29 00:15:00+00:00,Mon 8:15PM
196036252,"NFL Showdown $100K Spy [$20K to 1st, Single Entry] (PHI @ CHI)",153790,Showdown Captain Mode,100.0,285,1111,1,100000.0,2026-09-29 00:15:00+00:00,Mon 8:15PM
196036253,"NFL Showdown $40K Spy [$10K to 1st, Single Entry] (PHI @ CHI)",153790,Showdown Captain Mode,100.0,136,444,1,40000.0,2026-09-29 00:15:00+00:00,Mon 8:15PM
196036271,NFL Showdown Single Entry $5 Double Up (PHI @ CHI),153790,Showdown Captain Mode,5.0,335,1379,1,6000.0,2026-09-29 00:15:00+00:00,Mon 8:15PM
196036272,NFL Showdown Single Entry $5 Double Up (PHI @ CHI),153790,Showdown Captain Mode,5.0,203,689,1,3000.0,2026-09-29 00:15:00+00:00,Mon 8:15PM
196036273,NFL Showdown Single Entry $5 Double Up (PHI @ CHI),153790,Showdown Captain Mode,5.0,106,229,1,1000.0,2026-09-29 00:15:00+00:00,Mon 8:15PM
196036287,NFL Showdown Single Entry $5 Double Up (PHI @ CHI),153790,Showdown Captain Mode,5.0,81,229,1,1000.0,2026-09-29 00:15:00+00:00,Mon 8:15PM
196036288,NFL Showdown Single Entry $5 Double Up (PHI @ CHI),153790,Showdown Captain Mode,5.0,73,229,1,1000.0,2026-09-29 00:15:00+00:00,Mon 8:15PM
196036289,NFL Showdown Single Entry $5 Double Up (PHI @ CHI),153790,Showdown Captain Mode,5.0,74,229,1,1000.0,2026-09-29 00:15:00+00:00,Mon 8:15PM
196036290,NFL Showdown Single Entry $5 Double Up (PHI @ CHI),153790,Showdown Captain Mode,5.0,75,229,1,1000.0,2026-09-29 00:15:00+00:00,Mon 8:15PM
196037610,NFL $30K Flea Flicker [$10K to 1st] (Mon-Thu),153809,Classic,5.0,3351,7134,150,30000.0,2026-09-29 00:15:00+00:00,Mon 8:15PM
196156886,NFL $20K Thunderdome [Must Fill] (Mon-Thu),153809,Classic,5300.0,0,4,1,20000.0,2026-09-29 00:15:00+00:00,Mon 8:15PM
196037619,NFL $6K Pylon [Single Entry] (Mon-Thu),153809,Classic,3.0,872,2378,1,6000.0,2026-09-29 00:15:00+00:00,Mon 8:15PM
196151358,NFL $700K Play-Action [20 Entry Max],154078,Classic,3.0,4026,277447,20,700000.0,2026-10-04 17:00:00+00:00,Sun 1:00PM
196151360,"NFL $500K Power Sweep [$100K to 1st, 5 Entry Max]",154078,Classic,150.0,80,3703,5,500000.0,2026-10-04 17:00:00+00:00,Sun 1:00PM
196151356,NFL $100K First Down [20 Entry Max],154078,Classic,1.0,2749,118906,20,100000.0,2026-10-04 17:00:00+00:00,Sun 1:00PM
196036266,NFL Showdown Single Entry $25 Double Up (PHI @ CHI),153790,Showdown Captain Mode,25.0,141,459,1,10000.0,2026-09-29 00:15:00+00:00,Mon 8:15PM
196036267,NFL Showdown Single Entry $25 Double Up (PHI @ CHI),153790,Showdown Captain Mode,25.0,68,275,1,6000.0,2026-09-29 00:15:00+00:00,Mon 8:15PM
196036228,NFL Showdown Single Entry $25 Double Up (PHI @ CHI),153790,Showdown Captain Mode,25.0,18,45,1,1000.0,2026-09-29 00:15:00+00:00,Mon 8:15PM
196036283,NFL Showdown Single Entry $25 Double Up (PHI @ CHI),153790,Showdown Captain Mode,25.0,17,45,1,1000.0,2026-09-29 00:15:00+00:00,Mon 8:15PM
196036284,NFL Showdown Single Entry $25 Double Up (PHI @ CHI),153790,Showdown Captain Mode,25.0,14,45,1,1000.0,2026-09-29 00:15:00+00:00,Mon 8:15PM
196036285,NFL Showdown Single Entry $25 Double Up (PHI @ CHI),153790,Showdown Captain Mode,25.0,13,45,1,1000.0,2026-09-29 00:15:00+00:00,Mon 8:15PM
196036286,NFL Showdown Single Entry $25 Double Up (PHI @ CHI),153790,Showdown Captain Mode,25.0,13,45,1,1000.0,2026-09-29 00:15:00+00:00,Mon 8:15PM
196036221,NFL Showdown $250 Double Up (PHI @ CHI),153790,Showdown Captain Mode,250.0,23,71,2,16000.0,2026-09-29 00:15:00+00:00,Mon 8:15PM
196036234,NFL Showdown $61K Luxury Box [$20K to 1st] (PHI @ CHI),153790,Showdown Captain Mode,1500.0,15,43,1,61000.0,2026-09-29 00:15:00+00:00,Mon 8:15PM
196036235,NFL Showdown $21.3K Luxury Box [$10K to 1st] (PHI @ CHI),153790,Showdown Captain Mode,1500.0,14,15,1,21300.0,2026-09-29 00:15:00+00:00,Mon 8:15PM
196036233,NFL Showdown $80K Thunderdome [$40K to 1st] (PHI @ CHI),153790,Showdown Captain Mode,5300.0,10,16,1,80000.0,2026-09-29 00:15:00+00:00,Mon 8:15PM
196039899,NFL Showdown $20K Thunderdome [Must Fill] (PHI @ CHI),153790,Showdown Captain Mode,5300.0,1,4,1,20000.0,2026-09-29 00:15:00+00:00,Mon 8:15PM
196040324,$3M NFL King of the Desert Qualifier #30 (PHI @ CHI),153790,Showdown Captain Mode,400.0,20,67,2,22800.0,2026-09-29 00:15:00+00:00,Mon 8:15PM
196051830,$14M 2026 Fantasy Football World Championship Qualifier #55 (PHI @ CHI),153790,Showdown Captain Mode,10170.0,6,12,1,104960.0,2026-09-29 00:15:00+00:00,Mon 8:15PM
196051829,$14M 2026 Fantasy Football World Championship Qualifier #54 (PHI @ CHI),153790,Showdown Captain Mode,10170.0,8,10,1,87500.0,2026-09-29 00:15:00+00:00,Mon 8:15PM
196036250,"NFL Showdown $40K Double Spy [$10K to 1st, Single Entry] (PHI @ CHI)",153790,Showdown Captain Mode,200.0,53,222,1,40000.0,2026-09-29 00:15:00+00:00,Mon 8:15PM
196036251,NFL Showdown $10K Double Spy [Single Entry] (PHI @ CHI),153790,Showdown Captain Mode,200.0,15,55,1,10000.0,2026-09-29 00:15:00+00:00,Mon 8:15PM
196036237,NFL Showdown $150K Bootleg [$50K to 1st] (PHI @ CHI),153790,Showdown Captain Mode,33.0,1523,5300,150,150000.0,2026-09-29 00:15:00+00:00,Mon 8:15PM
196036242,NFL Showdown $70K First Down [20 Entry Max] (PHI @ CHI),153790,Showdown Captain Mode,1.0,23449,83234,20,70000.0,2026-09-29 00:15:00+00:00,Mon 8:15PM
196036210,NFL Showdown $100K mini-MAX [150 Entry Max] (PHI @ CHI),153790,Showdown Captain Mode,0.5,91695,237812,150,100000.0,2026-09-29 00:15:00+00:00,Mon 8:15PM
196036255,"NFL Showdown $35K Bubble Screen [$10K to 1st, Single Entry] (PHI @ CHI)",153790,Showdown Captain Mode,15.0,844,2745,1,35000.0,2026-09-29 00:15:00+00:00,Mon 8:15PM
196036256,"NFL Showdown $20K Bubble Screen [Single Entry, $5K to 1st] (PHI @ CHI)",153790,Showdown Captain Mode,15.0,552,1568,1,20000.0,2026-09-29 00:15:00+00:00,Mon 8:15PM
196036280,NFL Showdown $60K Chain-Mover [$20K to 1st] (PHI @ CHI),153790,Showdown Captain Mode,10.0,2335,7058,150,60000.0,2026-09-29 00:15:00+00:00,Mon 8:15PM
196036217,NFL Showdown $30K Red Zone [Single Entry] (PHI @ CHI),153790,Showdown Captain Mode,50.0,154,681,1,30000.0,2026-09-29 00:15:00+00:00,Mon 8:15PM
196036254,NFL Showdown $20K Red Zone [Single Entry] (PHI @ CHI),153790,Showdown Captain Mode,50.0,109,454,1,20000.0,2026-09-29 00:15:00+00:00,Mon 8:15PM
196051828,$14M 2026 Fantasy Football World Championship Qualifier #53 (PHI @ CHI),153790,Showdown Captain Mode,5085.0,9,16,1,70000.0,2026-09-29 00:15:00+00:00,Mon 8:15PM
196039159,"NFL Showdown SUPERSatellite to $4,444 NFL Fantasy Football MEGA Millionaire [3x] (PHI @ CHI)",153790,Showdown Captain Mode,147.0,42,100,3,13332.0,2026-09-29 00:15:00+00:00,Mon 8:15PM
196039293,"NFL Showdown Satellite to NFL 10-12 $4,444 Showdown MEGA Millionaire (PHI @ CHI)",153790,Showdown Captain Mode,70.0,12,72,2,4444.0,2026-09-29 00:15:00+00:00,Mon 8:15PM
196039153,"NFL Showdown Satellite to NFL $4,444 Fantasy Football MEGA Millionaire (PHI @ CHI)",153790,Showdown Captain Mode,75.0,14,67,2,4444.0,2026-09-29 00:15:00+00:00,Mon 8:15PM
196039154,"NFL Showdown Satellite to NFL $4,444 Fantasy Football MEGA Millionaire (PHI @ CHI)",153790,Showdown Captain Mode,75.0,15,67,2,4444.0,2026-09-29 00:15:00+00:00,Mon 8:15PM
196039155,"NFL Showdown Satellite to NFL $4,444 Fantasy Football MEGA Millionaire (PHI @ CHI)",153790,Showdown Captain Mode,75.0,11,67,2,4444.0,2026-09-29 00:15:00+00:00,Mon 8:15PM
196036214,NFL Showdown $25K Checkdown Pass [Single Entry] (PHI @ CHI),153790,Showdown Captain Mode,777.0,12,35,1,25000.0,2026-09-29 00:15:00+00:00,Mon 8:15PM
196036247,NFL Showdown $20K Hard Count [5 Entry Max] (PHI @ CHI),153790,Showdown Captain Mode,20.0,409,1176,5,20000.0,2026-09-29 00:15:00+00:00,Mon 8:15PM
196039900,NFL Showdown $100K Heavy Hitter [Must Fill] (PHI @ CHI),153790,Showdown Captain Mode,26200.0,1,4,1,100000.0,2026-09-29 00:15:00+00:00,Mon 8:15PM
196039901,NFL Showdown $75K Heavy Hitter [Must Fill] (PHI @ CHI),153790,Showdown Captain Mode,26200.0,1,3,1,75000.0,2026-09-29 00:15:00+00:00,Mon 8:15PM
196036259,NFL Showdown $15K Pylon [Single Entry] (PHI @ CHI),153790,Showdown Captain Mode,3.0,1819,5945,1,15000.0,2026-09-29 00:15:00+00:00,Mon 8:15PM
196039902,NFL Showdown $60K Nosebleed Section [Must Fill] (PHI @ CHI),153790,Showdown Captain Mode,10600.0,0,6,1,60000.0,2026-09-29 00:15:00+00:00,Mon 8:15PM
196036248,NFL Showdown $15K Cover Four [5 Entry Max] (PHI @ CHI),153790,Showdown Captain Mode,4.0,1354,4458,5,15000.0,2026-09-29 00:15:00+00:00,Mon 8:15PM
196036246,NFL Showdown $15K Goal Line [5 Entry Max] (PHI @ CHI),153790,Showdown Captain Mode,75.0,67,227,5,15000.0,2026-09-29 00:15:00+00:00,Mon 8:15PM
196036262,NFL Showdown Single Entry $100 Double Up (PHI @ CHI),153790,Showdown Captain Mode,100.0,29,88,1,8000.0,2026-09-29 00:15:00+00:00,Mon 8:15PM
196036263,NFL Showdown Single Entry $100 Double Up (PHI @ CHI),153790,Showdown Captain Mode,100.0,13,44,1,4000.0,2026-09-29 00:15:00+00:00,Mon 8:15PM
196036268,NFL Showdown Single Entry $10 Double Up (PHI @ CHI),153790,Showdown Captain Mode,10.0,170,574,1,5000.0,2026-09-29 00:15:00+00:00,Mon 8:15PM
196036269,NFL Showdown Single Entry $10 Double Up (PHI @ CHI),153790,Showdown Captain Mode,10.0,118,344,1,3000.0,2026-09-29 00:15:00+00:00,Mon 8:15PM
196036264,NFL Showdown Single Entry $50 Double Up (PHI @ CHI),153790,Showdown Captain Mode,50.0,39,113,1,5000.0,2026-09-29 00:15:00+00:00,Mon 8:15PM
196036265,NFL Showdown Single Entry $50 Double Up (PHI @ CHI),153790,Showdown Captain Mode,50.0,22,68,1,3000.0,2026-09-29 00:15:00+00:00,Mon 8:15PM
196036274,NFL Showdown $2 Double Up (PHI @ CHI),153790,Showdown Captain Mode,2.0,622,2298,20,4000.0,2026-09-29 00:15:00+00:00,Mon 8:15PM
196036275,"NFL Showdown $1,060 50-50 [Top 50% Win] (PHI @ CHI)",153790,Showdown Captain Mode,1060.0,4,12,1,12000.0,2026-09-29 00:15:00+00:00,Mon 8:15PM
196036241,NFL Showdown $12K Safety [20 Entry Max] (PHI @ CHI),153790,Showdown Captain Mode,2.0,2614,7134,20,12000.0,2026-09-29 00:15:00+00:00,Mon 8:15PM
196036220,NFL Showdown $10K Dimeback [Single Entry] (PHI @ CHI),153790,Showdown Captain Mode,6.0,606,1960,1,10000.0,2026-09-29 00:15:00+00:00,Mon 8:15PM
196036243,NFL Showdown $10K Quarter Jukebox [Just $0.25!] (PHI @ CHI),153790,Showdown Captain Mode,0.25,17743,47562,20,10000.0,2026-09-29 00:15:00+00:00,Mon 8:15PM
196036260,NFL Showdown $7.5K Daily Dollar [Single Entry] (PHI @ CHI),153790,Showdown Captain Mode,1.0,2371,8917,1,7500.0,2026-09-29 00:15:00+00:00,Mon 8:15PM
196036249,NFL Showdown $7.5K Singleback [5 Entry Max] (PHI @ CHI),153790,Showdown Captain Mode,1.0,2771,8917,5,7500.0,2026-09-29 00:15:00+00:00,Mon 8:15PM
196036276,NFL Showdown $530 50-50 [Top 50% Win] (PHI @ CHI),153790,Showdown Captain Mode,530.0,5,16,1,8000.0,2026-09-29 00:15:00+00:00,Mon 8:15PM
196050975,NFL In-Game $15K 2nd Half Clash [$5K to 1st] (2H PHI @ CHI),153795,In-Game Showdown (H2),20.0,34,882,26,15000.0,2026-09-29 01:15:00+00:00,Mon 9:15PM
196051456,NFL In-Game $20K Thunderdome [Must Fill] (2H PHI @ CHI),153795,In-Game Showdown (H2),5300.0,0,4,1,20000.0,2026-09-29 01:15:00+00:00,Mon 9:15PM
196051459,"NFL In-Game $10,170 2026 FFWC Qualifier Satellite [Must Fill] (2H PHI @ CHI)",153795,In-Game Showdown (H2),3592.0,0,3,1,10170.0,2026-09-29 01:15:00+00:00,Mon 9:15PM
196050972,NFL In-Game $1.8K Deep Threat [Single Entry] (2H PHI @ CHI),153795,In-Game Showdown (H2),180.0,0,11,1,1800.0,2026-09-29 01:15:00+00:00,Mon 9:15PM
196050979,NFL In-Game $1K Huddle [Single Entry] (2H PHI @ CHI),153795,In-Game Showdown (H2),5.0,17,237,1,1000.0,2026-09-29 01:15:00+00:00,Mon 9:15PM
196038297,NFL Single Stat $20K Thunderdome [Must Fill] (PHI @ CHI Total Yards),153808,Single Stat - Total Yards,5300.0,0,4,1,20000.0,2026-09-29 00:15:00+00:00,Mon 8:15PM
196037989,NFL Single Stat $3K Winner Take All [20 Entry Max] (PHI @ CHI Total Yards),153808,Single Stat - Total Yards,5.0,189,713,20,3000.0,2026-09-29 00:15:00+00:00,Mon 8:15PM
196037948,NFL Single Stat $1K Winner Take All [Single Entry] (PHI @ CHI Total Yards),153808,Single Stat - Total Yards,5.0,52,237,1,1000.0,2026-09-29 00:15:00+00:00,Mon 8:15PM
196038300,"NFL Single Stat $10,170 2026 FFWC Qualifier Satellite [Must Fill] (PHI @ CHI Total Yards)",153808,Single Stat - Total Yards,3592.0,0,3,1,10170.0,2026-09-29 00:15:00+00:00,Mon 8:15PM
196037947,NFL Single Stat $1K Winner Take All [3 Entry Max] (PHI @ CHI Total Yards),153808,Single Stat - Total Yards,1.0,983,1189,3,1000.0,2026-09-29 00:15:00+00:00,Mon 8:15PM
196051556,NFL In-Game $20K Thunderdome [Must Fill] (4Q PHI @ CHI),153796,In-Game Showdown (Q4),5300.0,0,4,1,20000.0,2026-09-29 01:45:00+00:00,Mon 9:45PM
196050982,NFL In-Game $3K 4th Quarter Finish [$1K to 1st] (4Q PHI @ CHI),153796,In-Game Showdown (Q4),15.0,8,235,7,3000.0,2026-09-29 01:45:00+00:00,Mon 9:45PM
196051559,"NFL In-Game $10,170 2026 FFWC Qualifier Satellite [Must Fill] (4Q PHI @ CHI)",153796,In-Game Showdown (Q4),3592.0,0,3,1,10170.0,2026-09-29 01:45:00+00:00,Mon 9:45PM
196051557,"NFL In-Game Satellite to NFL $4,444 Fantasy Football MEGA Millionaire [Must Fill] (4Q PHI @ CHI)",153796,In-Game Showdown (Q4),1570.0,0,3,1,4444.0,2026-09-29 01:45:00+00:00,Mon 9:45PM
196050981,NFL In-Game $285 Bootleg [Single Entry] (4Q PHI @ CHI),153796,In-Game Showdown (Q4),33.0,0,10,1,285.0,2026-09-29 01:45:00+00:00,Mon 9:45PM
196036223,NFL Showdown $100 Double Up (PHI @ CHI),153790,Showdown Captain Mode,100.0,20,68,2,6200.0,2026-09-29 00:15:00+00:00,Mon 8:15PM
196039156,"NFL Showdown Satellite to NFL $4,444 Fantasy Football MEGA Millionaire (PHI @ CHI)",153790,Showdown Captain Mode,37.0,35,140,4,4444.0,2026-09-29 00:15:00+00:00,Mon 8:15PM
196039157,"NFL Showdown Satellite to NFL $4,444 Fantasy Football MEGA Millionaire (PHI @ CHI)",153790,Showdown Captain Mode,37.0,28,140,4,4444.0,2026-09-29 00:15:00+00:00,Mon 8:15PM
196039292,"NFL Showdown Satellite to NFL 10-12 $4,444 Showdown MEGA Millionaire (PHI @ CHI)",153790,Showdown Captain Mode,37.0,30,140,4,4444.0,2026-09-29 00:15:00+00:00,Mon 8:15PM
196039295,"NFL Showdown Satellite to NFL 10-12 $4,444 Showdown MEGA Millionaire (PHI @ CHI)",153790,Showdown Captain Mode,176.0,3,28,1,4444.0,2026-09-29 00:15:00+00:00,Mon 8:15PM
196039294,"NFL Showdown Satellite to NFL 10-12 $4,444 Showdown MEGA Millionaire (PHI @ CHI)",153790,Showdown Captain Mode,176.0,5,28,1,4444.0,2026-09-29 00:15:00+00:00,Mon 8:15PM
196036277,"NFL Showdown $10K Super Booster [Top 10 Win $1,000] (PHI @ CHI)",153790,Showdown Captain Mode,27.0,136,431,12,10000.0,2026-09-29 00:15:00+00:00,Mon 8:15PM
196037606,NFL $6K Fair Catch [Single Entry] (Mon-Thu),153809,Classic,12.0,185,588,1,6000.0,2026-09-29 00:15:00+00:00,Mon 8:15PM
196037611,NFL $2K Play-Action [20 Entry Max] (Mon-Thu),153809,Classic,3.0,255,792,20,2000.0,2026-09-29 00:15:00+00:00,Mon 8:15PM
196037608,NFL $4.8K Wildcat [Single Entry] (Mon-Thu),153809,Classic,333.0,6,16,1,4800.0,2026-09-29 00:15:00+00:00,Mon 8:15PM
196037612,NFL $5K First Down [20 Entry Max] (Mon-Thu),153809,Classic,1.0,2351,5945,20,5000.0,2026-09-29 00:15:00+00:00,Mon 8:15PM
196037617,NFL $4K Spy [Single Entry] (Mon-Thu),153809,Classic,100.0,18,44,1,4000.0,2026-09-29 00:15:00+00:00,Mon 8:15PM
196036278,NFL Showdown $5K Super Booster [Top 50 Win $100] (PHI @ CHI),153790,Showdown Captain Mode,4.0,497,1486,20,5000.0,2026-09-29 00:15:00+00:00,Mon 8:15PM
196036279,NFL Showdown $2K Super Booster [Top 100 Win $20] (PHI @ CHI),153790,Showdown Captain Mode,2.0,453,1189,20,2000.0,2026-09-29 00:15:00+00:00,Mon 8:15PM
196039150,"NFL Showdown Satellite to NFL $4,444 Fantasy Football MEGA Millionaire (PHI @ CHI)",153790,Showdown Captain Mode,176.0,4,28,1,4444.0,2026-09-29 00:15:00+00:00,Mon 8:15PM
196039151,"NFL Showdown Satellite to NFL $4,444 Fantasy Football MEGA Millionaire (PHI @ CHI)",153790,Showdown Captain Mode,176.0,2,28,1,4444.0,2026-09-29 00:15:00+00:00,Mon 8:15PM
196039152,"NFL Showdown Satellite to NFL $4,444 Fantasy Football MEGA Millionaire (PHI @ CHI)",153790,Showdown Captain Mode,176.0,4,28,1,4444.0,2026-09-29 00:15:00+00:00,Mon 8:15PM
196039287,"NFL Showdown $5,085 2026 FFWC Qualifier Satellite (PHI @ CHI)",153790,Showdown Captain Mode,84.0,17,68,2,5085.0,2026-09-29 00:15:00+00:00,Mon 8:15PM
196039304,NFL Showdown SUPERSatellite to NFL 11-1 Midseason Main Event [2x] (PHI @ CHI),153790,Showdown Captain Mode,50.0,14,68,2,3000.0,2026-09-29 00:15:00+00:00,Mon 8:15PM
196039288,"NFL Showdown $5,085 2026 FFWC Qualifier Satellite (PHI @ CHI)",153790,Showdown Captain Mode,513.0,8,11,1,5085.0,2026-09-29 00:15:00+00:00,Mon 8:15PM
196039158,"NFL Showdown Satellite to NFL $4,444 Fantasy Football MEGA Millionaire (PHI @ CHI)",153790,Showdown Captain Mode,13.0,163,402,12,4444.0,2026-09-29 00:15:00+00:00,Mon 8:15PM
196039291,"NFL Showdown Satellite to NFL 10-12 $4,444 Showdown MEGA Millionaire (PHI @ CHI)",153790,Showdown Captain Mode,13.0,142,402,12,4444.0,2026-09-29 00:15:00+00:00,Mon 8:15PM
196039147,"NFL Showdown Satellite to NFL $4,444 Fantasy Football MEGA Millionaire (PHI @ CHI)",153790,Showdown Captain Mode,448.0,5,11,1,4444.0,2026-09-29 00:15:00+00:00,Mon 8:15PM
196039148,"NFL Showdown Satellite to NFL $4,444 Fantasy Football MEGA Millionaire (PHI @ CHI)",153790,Showdown Captain Mode,448.0,5,11,1,4444.0,2026-09-29 00:15:00+00:00,Mon 8:15PM
196039149,"NFL Showdown Satellite to NFL $4,444 Fantasy Football MEGA Millionaire (PHI @ CHI)",153790,Showdown Captain Mode,448.0,5,11,1,4444.0,2026-09-29 00:15:00+00:00,Mon 8:15PM
196039146,"NFL Showdown Satellite to NFL $4,444 Fantasy Football MEGA Millionaire (PHI @ CHI)",153790,Showdown Captain Mode,448.0,4,11,1,4444.0,2026-09-29 00:15:00+00:00,Mon 8:15PM
196036270,NFL Showdown $5 Double Up (PHI @ CHI),153790,Showdown Captain Mode,5.0,563,1379,41,6000.0,2026-09-29 00:15:00+00:00,Mon 8:15PM
196036282,NFL Showdown Single Entry $250 Double Up (PHI @ CHI),153790,Showdown Captain Mode,250.0,3,11,1,2500.0,2026-09-29 00:15:00+00:00,Mon 8:15PM
196036261,NFL Showdown Single Entry $250 Double Up (PHI @ CHI),153790,Showdown Captain Mode,250.0,3,11,1,2500.0,2026-09-29 00:15:00+00:00,Mon 8:15PM
196037609,NFL $4K Bootleg [$1K to 1st] (Mon-Thu),153809,Classic,33.0,55,141,4,4000.0,2026-09-29 00:15:00+00:00,Mon 8:15PM
196156889,"NFL $10,170 2026 FFWC Qualifier Satellite [Must Fill] (Mon-Thu)",153809,Classic,3592.0,0,3,1,10170.0,2026-09-29 00:15:00+00:00,Mon 8:15PM
196037624,NFL Single Entry $5 Double Up (Mon-Thu),153809,Classic,5.0,55,114,1,500.0,2026-09-29 00:15:00+00:00,Mon 8:15PM
196037622,NFL Single Entry $25 Double Up (Mon-Thu),153809,Classic,25.0,12,34,1,750.0,2026-09-29 00:15:00+00:00,Mon 8:15PM
196037623,NFL Single Entry $10 Double Up (Mon-Thu),153809,Classic,10.0,23,57,1,500.0,2026-09-29 00:15:00+00:00,Mon 8:15PM
196036225,NFL Showdown $50 Double Up (PHI @ CHI),153790,Showdown Captain Mode,50.0,19,68,2,3000.0,2026-09-29 00:15:00+00:00,Mon 8:15PM
196036227,NFL Showdown $25 Double Up (PHI @ CHI),153790,Showdown Captain Mode,25.0,33,101,3,2200.0,2026-09-29 00:15:00+00:00,Mon 8:15PM
196039297,"NFL Showdown Satellite to NFL 10-12 $4,444 Showdown MEGA Millionaire (PHI @ CHI)",153790,Showdown Captain Mode,448.0,3,11,1,4444.0,2026-09-29 00:15:00+00:00,Mon 8:15PM
196039296,"NFL Showdown Satellite to NFL 10-12 $4,444 Showdown MEGA Millionaire (PHI @ CHI)",153790,Showdown Captain Mode,448.0,3,11,1,4444.0,2026-09-29 00:15:00+00:00,Mon 8:15PM
196036244,NFL Showdown $5K Dime Package [Just $0.10!]  (PHI @ CHI),153790,Showdown Captain Mode,0.1,20277,59453,20,5000.0,2026-09-29 00:15:00+00:00,Mon 8:15PM
196039905,"NFL Showdown $10,170 2026 FFWC Qualifier Satellite [Must Fill] (PHI @ CHI)",153790,Showdown Captain Mode,3592.0,0,3,1,10170.0,2026-09-29 00:15:00+00:00,Mon 8:15PM
196039161,NFL Showdown Satellite to NFL $555 Fantasy Football Millionaire (PHI @ CHI),153790,Showdown Captain Mode,90.0,1,7,1,555.0,2026-09-29 00:15:00+00:00,Mon 8:15PM
196039160,NFL Showdown Satellite to NFL $555 Fantasy Football Millionaire (PHI @ CHI),153790,Showdown Captain Mode,90.0,1,7,1,555.0,2026-09-29 00:15:00+00:00,Mon 8:15PM
196039285,"NFL Showdown $1,350 2026 FFWC Qualifier Satellite (PHI @ CHI)",153790,Showdown Captain Mode,23.0,20,69,2,1350.0,2026-09-29 00:15:00+00:00,Mon 8:15PM
196039303,NFL Showdown Satellite to NFL 11-1 Midseason Main Event (PHI @ CHI),153790,Showdown Captain Mode,151.0,6,11,1,1500.0,2026-09-29 00:15:00+00:00,Mon 8:15PM
196039305,NFL Showdown Satellite to NFL 11-1 Midseason Main Event (PHI @ CHI),153790,Showdown Captain Mode,17.0,37,103,3,1500.0,2026-09-29 00:15:00+00:00,Mon 8:15PM
196039286,"NFL Showdown $1,350 2026 FFWC Qualifier Satellite (PHI @ CHI)",153790,Showdown Captain Mode,136.0,6,11,1,1350.0,2026-09-29 00:15:00+00:00,Mon 8:15PM
196051986,$500K NFL Pocket Cup Qualifier #134 (PHI @ CHI),153790,Showdown Captain Mode,3.0,517,673,20,1700.0,2026-09-29 00:15:00+00:00,Mon 8:15PM
196039302,NFL Showdown Satellite to NFL 11-1 Midseason Main Event (PHI @ CHI),153790,Showdown Captain Mode,26.0,21,67,2,1500.0,2026-09-29 00:15:00+00:00,Mon 8:15PM
196039306,NFL Showdown Satellite to NFL 11-1 Midseason Main Event (PHI @ CHI),153790,Showdown Captain Mode,5.0,111,356,10,1500.0,2026-09-29 00:15:00+00:00,Mon 8:15PM
196039163,NFL Showdown Satellite to NFL $555 Fantasy Football Millionaire (PHI @ CHI),153790,Showdown Captain Mode,22.0,18,29,1,555.0,2026-09-29 00:15:00+00:00,Mon 8:15PM
196039162,NFL Showdown Satellite to NFL $555 Fantasy Football Millionaire (PHI @ CHI),153790,Showdown Captain Mode,22.0,13,29,1,555.0,2026-09-29 00:15:00+00:00,Mon 8:15PM
196036230,NFL Showdown $10 Double Up (PHI @ CHI),153790,Showdown Captain Mode,10.0,42,114,3,1000.0,2026-09-29 00:15:00+00:00,Mon 8:15PM
196036231,NFL Showdown Single Entry $2 Double Up (PHI @ CHI),153790,Showdown Captain Mode,2.0,241,574,1,1000.0,2026-09-29 00:15:00+00:00,Mon 8:15PM
196039167,NFL Showdown Satellite to NFL $555 Fantasy Football Millionaire (PHI @ CHI),153790,Showdown Captain Mode,6.0,78,108,3,555.0,2026-09-29 00:15:00+00:00,Mon 8:15PM
196039166,NFL Showdown Satellite to NFL $555 Fantasy Football Millionaire (PHI @ CHI),153790,Showdown Captain Mode,6.0,64,108,3,555.0,2026-09-29 00:15:00+00:00,Mon 8:15PM
196039283,NFL Showdown $490 2026 FFWC Qualifier Satellite (PHI @ CHI),153790,Showdown Captain Mode,18.0,8,32,1,490.0,2026-09-29 00:15:00+00:00,Mon 8:15PM
196039165,NFL Showdown Satellite to NFL $555 Fantasy Football Millionaire (PHI @ CHI),153790,Showdown Captain Mode,9.0,46,72,2,555.0,2026-09-29 00:15:00+00:00,Mon 8:15PM
196039164,NFL Showdown Satellite to NFL $555 Fantasy Football Millionaire (PHI @ CHI),153790,Showdown Captain Mode,9.0,43,72,2,555.0,2026-09-29 00:15:00+00:00,Mon 8:15PM
196039282,NFL Showdown $490 2026 FFWC Qualifier Satellite (PHI @ CHI),153790,Showdown Captain Mode,8.0,22,72,2,490.0,2026-09-29 00:15:00+00:00,Mon 8:15PM
196039284,NFL Showdown $490 2026 FFWC Qualifier Satellite (PHI @ CHI),153790,Showdown Captain Mode,38.0,3,15,1,490.0,2026-09-29 00:15:00+00:00,Mon 8:15PM
196039903,"NFL Showdown Satellite to NFL $4,444 Fantasy Football MEGA Millionaire [Must Fill] (PHI @ CHI)",153790,Showdown Captain Mode,1570.0,1,3,1,4444.0,2026-09-29 00:15:00+00:00,Mon 8:15PM
196050976,NFL In-Game $500 Play-Action (2H PHI @ CHI),153795,In-Game Showdown (H2),3.0,2,198,5,500.0,2026-09-29 01:15:00+00:00,Mon 9:15PM
196050974,NFL In-Game $600 Bootleg [Single Entry] (2H PHI @ CHI),153795,In-Game Showdown (H2),33.0,1,21,1,600.0,2026-09-29 01:15:00+00:00,Mon 9:15PM
196051132,NFL In-Game $267 Winner Take All [$1K to 1st] (2H PHI @ CHI),153795,In-Game Showdown (H2),267.0,0,4,1,1000.0,2026-09-29 01:15:00+00:00,Mon 9:15PM
196050977,NFL In-Game $500 First Down (2H PHI @ CHI),153795,In-Game Showdown (H2),1.0,43,594,17,500.0,2026-09-29 01:15:00+00:00,Mon 9:15PM
196051457,"NFL In-Game Satellite to NFL $4,444 Fantasy Football MEGA Millionaire [Must Fill] (2H PHI @ CHI)",153795,In-Game Showdown (H2),1570.0,0,3,1,4444.0,2026-09-29 01:15:00+00:00,Mon 9:15PM
196037621,NFL Single Entry $50 Double Up (Mon-Thu),153809,Classic,50.0,6,11,1,500.0,2026-09-29 00:15:00+00:00,Mon 8:15PM
196037607,NFL Single Entry $2 Double Up (Mon-Thu),153809,Classic,2.0,46,114,1,200.0,2026-09-29 00:15:00+00:00,Mon 8:15PM
196037616,NFL $2K Nickel [3 Entry Max] (Mon-Thu),153809,Classic,5.0,176,475,3,2000.0,2026-09-29 00:15:00+00:00,Mon 8:15PM
196037618,NFL $1.5K Red Zone [Single Entry] (Mon-Thu),153809,Classic,50.0,14,34,1,1500.0,2026-09-29 00:15:00+00:00,Mon 8:15PM
196037613,NFL $2.5K mini-MAX [150 Entry Max] (Mon-Thu),153809,Classic,0.5,2847,5945,150,2500.0,2026-09-29 00:15:00+00:00,Mon 8:15PM
196037620,NFL $1K Daily Dollar [Single Entry] (Mon-Thu),153809,Classic,1.0,620,1189,1,1000.0,2026-09-29 00:15:00+00:00,Mon 8:15PM
196037614,NFL $1K Quarter Jukebox [Just $0.25!] (Mon-Thu),153809,Classic,0.25,2137,4756,20,1000.0,2026-09-29 00:15:00+00:00,Mon 8:15PM
196037605,NFL $500 Singleback [3 Entry Max] (Mon-Thu),153809,Classic,1.0,218,594,3,500.0,2026-09-29 00:15:00+00:00,Mon 8:15PM
196156885,"NFL $1,060 Winner Take All [$4K to 1st] (Must Fill) (Mon-Thu)",153809,Classic,1060.0,1,4,1,4000.0,2026-09-29 00:15:00+00:00,Mon 8:15PM
196156721,NFL $85 Winner Take All [$300 to 1st] (Mon-Thu),153809,Classic,85.0,3,4,1,300.0,2026-09-29 00:15:00+00:00,Mon 8:15PM
196039906,"NFL Showdown Satellite to NFL 10-12 $4,444 Showdown MEGA Millionaire [Must Fill] (PHI @ CHI)",153790,Showdown Captain Mode,1570.0,0,3,1,4444.0,2026-09-29 00:15:00+00:00,Mon 8:15PM
196039909,NFL Showdown Satellite to NFL 11-1 Midseason Main Event [Must Fill] (PHI @ CHI),153790,Showdown Captain Mode,530.0,1,3,1,1500.0,2026-09-29 00:15:00+00:00,Mon 8:15PM
196040059,NFL Showdown Satellite to NBA $888 MEGA 8's Special (10-21) [Must Fill] (PHI @ CHI),153790,Showdown Captain Mode,322.0,0,3,1,888.0,2026-09-29 00:15:00+00:00,Mon 8:15PM
196039904,NFL Showdown Satellite to NFL $555 Fantasy Football Millionaire [Must Fill] (PHI @ CHI),153790,Showdown Captain Mode,201.0,1,3,1,555.0,2026-09-29 00:15:00+00:00,Mon 8:15PM
196040027,NFL Showdown Satellite to NHL 11-3 $555 Barn Burner [Must Fill] (PHI @ CHI),153790,Showdown Captain Mode,201.0,1,3,1,555.0,2026-09-29 00:15:00+00:00,Mon 8:15PM
196037615,NFL $400 Dime Package [Just $0.10!] (Mon-Thu),153809,Classic,0.1,1996,4756,20,400.0,2026-09-29 00:15:00+00:00,Mon 8:15PM
196156887,"NFL Satellite to NFL $4,444 Fantasy Football MEGA Millionaire [Must Fill] (Mon-Thu)",153809,Classic,1570.0,0,3,1,4444.0,2026-09-29 00:15:00+00:00,Mon 8:15PM
196156890,"NFL Satellite to NFL 10-12 $4,444 Showdown MEGA Millionaire [Must Fill] (Mon-Thu)",153809,Classic,1570.0,0,3,1,4444.0,2026-09-29 00:15:00+00:00,Mon 8:15PM
196156893,NFL Satellite to NFL 11-1 Midseason Main Event [Must Fill] (Mon-Thu),153809,Classic,530.0,0,3,1,1500.0,2026-09-29 00:15:00+00:00,Mon 8:15PM
196156888,NFL Satellite to NFL $555 Fantasy Football Millionaire [Must Fill] (Mon-Thu),153809,Classic,201.0,0,3,1,555.0,2026-09-29 00:15:00+00:00,Mon 8:15PM
196038298,"NFL Single Stat Satellite to NFL $4,444 Fantasy Football MEGA Millionaire [Must Fill] (PHI @ CHI Tot",153808,Single Stat - Total Yards,1570.0,0,3,1,4444.0,2026-09-29 00:15:00+00:00,Mon 8:15PM
196038301,"NFL Single Stat Satellite to NFL 10-12 $4,444 Showdown MEGA Millionaire [Must Fill] (PHI @ CHI Total",153808,Single Stat - Total Yards,1570.0,0,3,1,4444.0,2026-09-29 00:15:00+00:00,Mon 8:15PM
196038305,NFL Single Stat Satellite to NFL 10-25 Midseason Warm Up Millionaire [Must Fill] (PHI @ CHI Total Ya,153808,Single Stat - Total Yards,55.0,0,3,1,150.0,2026-09-29 00:15:00+00:00,Mon 8:15PM
196038296,"NFL Single Stat $1,060 Winner Take All [$4K to 1st] (Must Fill) (PHI @ CHI Total Yards)",153808,Single Stat - Total Yards,1060.0,0,4,1,4000.0,2026-09-29 00:15:00+00:00,Mon 8:15PM
196038304,NFL Single Stat Satellite to NFL 11-1 Midseason Main Event [Must Fill] (PHI @ CHI Total Yards),153808,Single Stat - Total Yards,530.0,0,3,1,1500.0,2026-09-29 00:15:00+00:00,Mon 8:15PM
196051460,"NFL In-Game Satellite to NFL 10-12 $4,444 Showdown MEGA Millionaire [Must Fill] (2H PHI @ CHI)",153795,In-Game Showdown (H2),1570.0,0,3,1,4444.0,2026-09-29 01:15:00+00:00,Mon 9:15PM
196051455,"NFL In-Game $1,060 Winner Take All [$4K to 1st] (Must Fill) (2H PHI @ CHI)",153795,In-Game Showdown (H2),1060.0,0,4,1,4000.0,2026-09-29 01:15:00+00:00,Mon 9:15PM
196051463,NFL In-Game Satellite to NFL 11-1 Midseason Main Event [Must Fill] (2H PHI @ CHI),153795,In-Game Showdown (H2),530.0,0,3,1,1500.0,2026-09-29 01:15:00+00:00,Mon 9:15PM
196051458,NFL In-Game Satellite to NFL $555 Fantasy Football Millionaire [Must Fill] (2H PHI @ CHI),153795,In-Game Showdown (H2),201.0,0,3,1,555.0,2026-09-29 01:15:00+00:00,Mon 9:15PM
196051131,NFL In-Game $25 Winner Take All [$110 to 1st] (2H PHI @ CHI),153795,In-Game Showdown (H2),25.0,0,5,1,110.0,2026-09-29 01:15:00+00:00,Mon 9:15PM
196051560,"NFL In-Game Satellite to NFL 10-12 $4,444 Showdown MEGA Millionaire [Must Fill] (4Q PHI @ CHI)",153796,In-Game Showdown (Q4),1570.0,0,3,1,4444.0,2026-09-29 01:45:00+00:00,Mon 9:45PM
196051555,"NFL In-Game $1,060 Winner Take All [$4K to 1st] (Must Fill) (4Q PHI @ CHI)",153796,In-Game Showdown (Q4),1060.0,0,4,1,4000.0,2026-09-29 01:45:00+00:00,Mon 9:45PM
196050983,NFL In-Game $150 First Down (4Q PHI @ CHI),153796,In-Game Showdown (Q4),1.0,14,178,5,150.0,2026-09-29 01:45:00+00:00,Mon 9:45PM
196051563,NFL In-Game Satellite to NFL 11-1 Midseason Main Event [Must Fill] (4Q PHI @ CHI),153796,In-Game Showdown (Q4),530.0,0,3,1,1500.0,2026-09-29 01:45:00+00:00,Mon 9:45PM
196051558,NFL In-Game Satellite to NFL $555 Fantasy Football Millionaire [Must Fill] (4Q PHI @ CHI),153796,In-Game Showdown (Q4),201.0,0,3,1,555.0,2026-09-29 01:45:00+00:00,Mon 9:45PM
196040060,NFL Showdown Satellite to UFC 332 $555 Knockout Special (10-3) [Must Fill] (PHI @ CHI),153790,Showdown Captain Mode,201.0,0,3,1,555.0,2026-09-29 00:15:00+00:00,Mon 8:15PM
196040028,NFL Showdown Satellite to NHL 10-13 $360 Spin-O-Rama (PHI @ CHI),153790,Showdown Captain Mode,5.0,13,85,2,360.0,2026-09-29 00:15:00+00:00,Mon 8:15PM
196039298,NFL Showdown Satellite to NFL $333 Wildcat (PHI @ CHI),153790,Showdown Captain Mode,5.0,38,79,2,333.0,2026-09-29 00:15:00+00:00,Mon 8:15PM
196040031,LAST SHOT: NFL Showdown Satellite to MLB 9-29 $333 Postseason Perfect Game (PHI @ CHI),153790,Showdown Captain Mode,5.0,17,79,2,333.0,2026-09-29 00:15:00+00:00,Mon 8:15PM
196040032,LAST SHOT: NFL Showdown Satellite to MLB 9-29 $333 Postseason Perfect Game (PHI @ CHI),153790,Showdown Captain Mode,17.0,6,23,1,333.0,2026-09-29 00:15:00+00:00,Mon 8:15PM
196038299,NFL Single Stat Satellite to NFL $555 Fantasy Football Millionaire [Must Fill] (PHI @ CHI Total Yard,153808,Single Stat - Total Yards,201.0,0,3,1,555.0,2026-09-29 00:15:00+00:00,Mon 8:15PM
196038303,NFL Single Stat Satellite to NFL $333 Wildcat [Must Fill] (PHI @ CHI Total Yards),153808,Single Stat - Total Yards,121.0,0,3,1,333.0,2026-09-29 00:15:00+00:00,Mon 8:15PM
196039299,NFL Showdown Satellite to NFL $333 Wildcat (PHI @ CHI),153790,Showdown Captain Mode,17.0,12,23,1,333.0,2026-09-29 00:15:00+00:00,Mon 8:15PM
196039308,NFL Showdown Satellite to NFL 10-25 Midseason Warm Up Millionaire (PHI @ CHI),153790,Showdown Captain Mode,8.0,5,22,1,150.0,2026-09-29 00:15:00+00:00,Mon 8:15PM
196039307,NFL Showdown Satellite to NFL 10-25 Midseason Warm Up Millionaire (PHI @ CHI),153790,Showdown Captain Mode,8.0,4,22,1,150.0,2026-09-29 00:15:00+00:00,Mon 8:15PM
196040025,LAST SHOT: NFL Showdown SUPERSatellite to NHL 9-29 $15 Opening Night Puck Drop [10x] (PHI @ CHI),153790,Showdown Captain Mode,5.0,6,35,1,150.0,2026-09-29 00:15:00+00:00,Mon 8:15PM
196040026,LAST SHOT: NFL Showdown SUPERSatellite to NHL 9-29 $15 Opening Night Puck Drop [10x] (PHI @ CHI),153790,Showdown Captain Mode,5.0,5,35,1,150.0,2026-09-29 00:15:00+00:00,Mon 8:15PM
196039316,NFL Showdown Satellite to NFL 10-25 Midseason Warm Up Millionaire (PHI @ CHI),153790,Showdown Captain Mode,2.0,19,89,2,150.0,2026-09-29 00:15:00+00:00,Mon 8:15PM
196039315,NFL Showdown Satellite to NFL 10-25 Midseason Warm Up Millionaire (PHI @ CHI),153790,Showdown Captain Mode,2.0,15,89,2,150.0,2026-09-29 00:15:00+00:00,Mon 8:15PM
196039290,NFL Showdown $125 2026 FFWC Qualifier Satellite (PHI @ CHI),153790,Showdown Captain Mode,7.0,6,21,1,125.0,2026-09-29 00:15:00+00:00,Mon 8:15PM
196039311,NFL Showdown Satellite to NFL 10-25 Midseason Warm Up Millionaire (PHI @ CHI),153790,Showdown Captain Mode,16.0,1,11,1,150.0,2026-09-29 00:15:00+00:00,Mon 8:15PM
196039312,NFL Showdown Satellite to NFL 10-25 Midseason Warm Up Millionaire (PHI @ CHI),153790,Showdown Captain Mode,16.0,2,11,1,150.0,2026-09-29 00:15:00+00:00,Mon 8:15PM
196039310,NFL Showdown Satellite to NFL 10-25 Midseason Warm Up Millionaire (PHI @ CHI),153790,Showdown Captain Mode,11.0,1,16,1,150.0,2026-09-29 00:15:00+00:00,Mon 8:15PM
196039309,NFL Showdown Satellite to NFL 10-25 Midseason Warm Up Millionaire (PHI @ CHI),153790,Showdown Captain Mode,11.0,1,16,1,150.0,2026-09-29 00:15:00+00:00,Mon 8:15PM
196039278,NFL Showdown $50 2026 FFWC Qualifier SUPERSatellite [2x] (PHI @ CHI),153790,Showdown Captain Mode,9.0,2,13,1,100.0,2026-09-29 00:15:00+00:00,Mon 8:15PM
196039300,NFL Showdown Satellite to NFL $333 Wildcat (PHI @ CHI),153790,Showdown Captain Mode,35.0,3,11,1,333.0,2026-09-29 00:15:00+00:00,Mon 8:15PM
196039301,NFL Showdown Satellite to NFL $333 Wildcat (PHI @ CHI),153790,Showdown Captain Mode,75.0,0,5,1,333.0,2026-09-29 00:15:00+00:00,Mon 8:15PM
196040033,LAST SHOT: NFL Showdown Satellite to MLB 9-29 $333 Postseason Perfect Game (PHI @ CHI),153790,Showdown Captain Mode,35.0,3,11,1,333.0,2026-09-29 00:15:00+00:00,Mon 8:15PM
196040034,LAST SHOT: NFL Showdown Satellite to MLB 9-29 $333 Postseason Perfect Game (PHI @ CHI),153790,Showdown Captain Mode,75.0,1,5,1,333.0,2026-09-29 00:15:00+00:00,Mon 8:15PM
196039281,NFL Showdown $125 2026 FFWC Qualifier Satellite (PHI @ CHI),153790,Showdown Captain Mode,29.0,2,5,1,125.0,2026-09-29 00:15:00+00:00,Mon 8:15PM
196039280,NFL Showdown $125 2026 FFWC Qualifier Satellite (PHI @ CHI),153790,Showdown Captain Mode,1.0,37,148,4,125.0,2026-09-29 00:15:00+00:00,Mon 8:15PM
196039279,NFL Showdown $125 2026 FFWC Qualifier Satellite (PHI @ CHI),153790,Showdown Captain Mode,1.0,35,148,4,125.0,2026-09-29 00:15:00+00:00,Mon 8:15PM
196050973,NFL In-Game $400 Red Zone [Single Entry] (2H PHI @ CHI),153795,In-Game Showdown (H2),50.0,0,9,1,400.0,2026-09-29 01:15:00+00:00,Mon 9:15PM
196050978,NFL In-Game $100 Quarter Jukebox [Just $0.25!] (2H PHI @ CHI),153795,In-Game Showdown (H2),0.25,60,475,14,100.0,2026-09-29 01:15:00+00:00,Mon 9:15PM
196050980,NFL In-Game $100 Daily Dollar [Single Entry] (2H PHI @ CHI),153795,In-Game Showdown (H2),1.0,6,118,1,100.0,2026-09-29 01:15:00+00:00,Mon 9:15PM
196051464,NFL In-Game Satellite to NFL 10-25 Midseason Warm Up Millionaire [Must Fill] (2H PHI @ CHI),153795,In-Game Showdown (H2),55.0,0,3,1,150.0,2026-09-29 01:15:00+00:00,Mon 9:15PM
196051462,NFL In-Game Satellite to NFL $333 Wildcat [Must Fill] (2H PHI @ CHI),153795,In-Game Showdown (H2),121.0,0,3,1,333.0,2026-09-29 01:15:00+00:00,Mon 9:15PM
196039314,NFL Showdown Satellite to NFL 10-25 Midseason Warm Up Millionaire (PHI @ CHI),153790,Showdown Captain Mode,1.0,78,178,5,150.0,2026-09-29 00:15:00+00:00,Mon 8:15PM
196039313,NFL Showdown Satellite to NFL 10-25 Midseason Warm Up Millionaire (PHI @ CHI),153790,Showdown Captain Mode,1.0,67,178,5,150.0,2026-09-29 00:15:00+00:00,Mon 8:15PM
196039910,NFL Showdown Satellite to NFL 10-25 Midseason Warm Up Millionaire [Must Fill] (PHI @ CHI),153790,Showdown Captain Mode,55.0,1,3,1,150.0,2026-09-29 00:15:00+00:00,Mon 8:15PM
196040029,NFL Showdown Satellite to NHL 10-13 $360 Spin-O-Rama [Must Fill] (PHI @ CHI),153790,Showdown Captain Mode,130.0,1,3,1,360.0,2026-09-29 00:15:00+00:00,Mon 8:15PM
196039908,NFL Showdown Satellite to NFL $333 Wildcat [Must Fill] (PHI @ CHI),153790,Showdown Captain Mode,121.0,1,3,1,333.0,2026-09-29 00:15:00+00:00,Mon 8:15PM
196050984,NFL In-Game $50 Quarter Jukebox [Just $0.25!] (4Q PHI @ CHI),153796,In-Game Showdown (Q4),0.25,28,237,7,50.0,2026-09-29 01:45:00+00:00,Mon 9:45PM
196051564,NFL In-Game Satellite to NFL 10-25 Midseason Warm Up Millionaire [Must Fill] (4Q PHI @ CHI),153796,In-Game Showdown (Q4),55.0,0,3,1,150.0,2026-09-29 01:45:00+00:00,Mon 9:45PM
196051562,NFL In-Game Satellite to NFL $333 Wildcat [Must Fill] (4Q PHI @ CHI),153796,In-Game Showdown (Q4),121.0,0,3,1,333.0,2026-09-29 01:45:00+00:00,Mon 9:45PM
196156894,NFL Satellite to NFL 10-25 Midseason Warm Up Millionaire [Must Fill] (Mon-Thu),153809,Classic,55.0,0,3,1,150.0,2026-09-29 00:15:00+00:00,Mon 8:15PM
196156892,NFL Satellite to NFL $333 Wildcat [Must Fill] (Mon-Thu),153809,Classic,121.0,0,3,1,333.0,2026-09-29 00:15:00+00:00,Mon 8:15PM
196040035,LAST SHOT: NFL Showdown Satellite to MLB 9-29 $333 Postseason Perfect Game [Must Fill] (PHI @ CHI),153790,Showdown Captain Mode,121.0,0,3,1,333.0,2026-09-29 00:15:00+00:00,Mon 8:15PM
196039257,NFL Showdown SUPERSat to $20 NFL Fantasy Football Millionaire [4x] (PHI @ CHI),153790,Showdown Captain Mode,4.0,10,23,1,80.0,2026-09-29 00:15:00+00:00,Mon 8:15PM
196039256,NFL Showdown SUPERSat to $20 NFL Fantasy Football Millionaire [4x] (PHI @ CHI),153790,Showdown Captain Mode,4.0,10,23,1,80.0,2026-09-29 00:15:00+00:00,Mon 8:15PM
196039255,NFL Showdown SUPERSat to $20 NFL Fantasy Football Millionaire [4x] (PHI @ CHI),153790,Showdown Captain Mode,4.0,10,23,1,80.0,2026-09-29 00:15:00+00:00,Mon 8:15PM
196039254,NFL Showdown SUPERSat to $20 NFL Fantasy Football Millionaire [4x] (PHI @ CHI),153790,Showdown Captain Mode,4.0,11,23,1,80.0,2026-09-29 00:15:00+00:00,Mon 8:15PM
196039253,NFL Showdown SUPERSat to $20 NFL Fantasy Football Millionaire [4x] (PHI @ CHI),153790,Showdown Captain Mode,4.0,8,23,1,80.0,2026-09-29 00:15:00+00:00,Mon 8:15PM
196164286,NFL Showdown SUPERSat to $20 NFL Fantasy Football Millionaire [2x] (PHI @ CHI),153790,Showdown Captain Mode,0.25,24,190,5,40.0,2026-09-29 00:15:00+00:00,Mon 8:15PM
196039251,NFL Showdown SUPERSat to $20 NFL Fantasy Football Millionaire [2x] (PHI @ CHI),153790,Showdown Captain Mode,0.25,181,190,5,40.0,2026-09-29 00:15:00+00:00,Mon 8:15PM
196039250,NFL Showdown SUPERSat to $20 NFL Fantasy Football Millionaire [2x] (PHI @ CHI),153790,Showdown Captain Mode,0.25,154,190,5,40.0,2026-09-29 00:15:00+00:00,Mon 8:15PM
196039249,NFL Showdown SUPERSat to $20 NFL Fantasy Football Millionaire [2x] (PHI @ CHI),153790,Showdown Captain Mode,0.25,163,190,5,40.0,2026-09-29 00:15:00+00:00,Mon 8:15PM
196039248,NFL Showdown SUPERSat to $20 NFL Fantasy Football Millionaire [2x] (PHI @ CHI),153790,Showdown Captain Mode,0.25,159,190,5,40.0,2026-09-29 00:15:00+00:00,Mon 8:15PM
196164897,NFL Showdown Satellite to $20 NFL Fantasy Football Millionaire (PHI @ CHI),153790,Showdown Captain Mode,2.0,1,11,1,20.0,2026-09-29 00:15:00+00:00,Mon 8:15PM
196164896,NFL Showdown Satellite to $20 NFL Fantasy Football Millionaire (PHI @ CHI),153790,Showdown Captain Mode,2.0,1,11,1,20.0,2026-09-29 00:15:00+00:00,Mon 8:15PM
196164894,NFL Showdown Satellite to $20 NFL Fantasy Football Millionaire (PHI @ CHI),153790,Showdown Captain Mode,2.0,1,11,1,20.0,2026-09-29 00:15:00+00:00,Mon 8:15PM
196164893,NFL Showdown Satellite to $20 NFL Fantasy Football Millionaire (PHI @ CHI),153790,Showdown Captain Mode,2.0,1,11,1,20.0,2026-09-29 00:15:00+00:00,Mon 8:15PM
196163177,NFL Showdown Satellite to $20 NFL Fantasy Football Millionaire (PHI @ CHI),153790,Showdown Captain Mode,2.0,3,11,1,20.0,2026-09-29 00:15:00+00:00,Mon 8:15PM
196162975,NFL Showdown Satellite to $20 NFL Fantasy Football Millionaire (PHI @ CHI),153790,Showdown Captain Mode,2.0,5,11,1,20.0,2026-09-29 00:15:00+00:00,Mon 8:15PM
196162508,NFL Showdown Satellite to $20 NFL Fantasy Football Millionaire (PHI @ CHI),153790,Showdown Captain Mode,2.0,7,11,1,20.0,2026-09-29 00:15:00+00:00,Mon 8:15PM
196162133,NFL Showdown Satellite to $20 NFL Fantasy Football Millionaire (PHI @ CHI),153790,Showdown Captain Mode,2.0,7,11,1,20.0,2026-09-29 00:15:00+00:00,Mon 8:15PM
196162040,NFL Showdown Satellite to $20 NFL Fantasy Football Millionaire (PHI @ CHI),153790,Showdown Captain Mode,2.0,8,11,1,20.0,2026-09-29 00:15:00+00:00,Mon 8:15PM
196039178,NFL Showdown Satellite to $20 NFL Fantasy Football Millionaire (PHI @ CHI),153790,Showdown Captain Mode,2.0,10,11,1,20.0,2026-09-29 00:15:00+00:00,Mon 8:15PM
196039177,NFL Showdown Satellite to $20 NFL Fantasy Football Millionaire (PHI @ CHI),153790,Showdown Captain Mode,2.0,9,11,1,20.0,2026-09-29 00:15:00+00:00,Mon 8:15PM
196039176,NFL Showdown Satellite to $20 NFL Fantasy Football Millionaire (PHI @ CHI),153790,Showdown Captain Mode,2.0,7,11,1,20.0,2026-09-29 00:15:00+00:00,Mon 8:15PM
196039175,NFL Showdown Satellite to $20 NFL Fantasy Football Millionaire (PHI @ CHI),153790,Showdown Captain Mode,2.0,6,11,1,20.0,2026-09-29 00:15:00+00:00,Mon 8:15PM
196039174,NFL Showdown Satellite to $20 NFL Fantasy Football Millionaire (PHI @ CHI),153790,Showdown Captain Mode,2.0,6,11,1,20.0,2026-09-29 00:15:00+00:00,Mon 8:15PM
196039173,NFL Showdown Satellite to $20 NFL Fantasy Football Millionaire (PHI @ CHI),153790,Showdown Captain Mode,2.0,6,11,1,20.0,2026-09-29 00:15:00+00:00,Mon 8:15PM
196039172,NFL Showdown Satellite to $20 NFL Fantasy Football Millionaire (PHI @ CHI),153790,Showdown Captain Mode,2.0,6,11,1,20.0,2026-09-29 00:15:00+00:00,Mon 8:15PM
196039171,NFL Showdown Satellite to $20 NFL Fantasy Football Millionaire (PHI @ CHI),153790,Showdown Captain Mode,2.0,7,11,1,20.0,2026-09-29 00:15:00+00:00,Mon 8:15PM
196039170,NFL Showdown Satellite to $20 NFL Fantasy Football Millionaire (PHI @ CHI),153790,Showdown Captain Mode,2.0,8,11,1,20.0,2026-09-29 00:15:00+00:00,Mon 8:15PM
196039169,NFL Showdown Satellite to $20 NFL Fantasy Football Millionaire (PHI @ CHI),153790,Showdown Captain Mode,2.0,7,11,1,20.0,2026-09-29 00:15:00+00:00,Mon 8:15PM
196039168,NFL Showdown Satellite to $20 NFL Fantasy Football Millionaire (PHI @ CHI),153790,Showdown Captain Mode,2.0,6,11,1,20.0,2026-09-29 00:15:00+00:00,Mon 8:15PM
196164329,NFL Showdown Satellite to $20 NFL Fantasy Football Millionaire (PHI @ CHI),153790,Showdown Captain Mode,1.0,2,23,1,20.0,2026-09-29 00:15:00+00:00,Mon 8:15PM
196039206,NFL Showdown Satellite to $20 NFL Fantasy Football Millionaire (PHI @ CHI),153790,Showdown Captain Mode,1.0,22,23,1,20.0,2026-09-29 00:15:00+00:00,Mon 8:15PM
196039205,NFL Showdown Satellite to $20 NFL Fantasy Football Millionaire (PHI @ CHI),153790,Showdown Captain Mode,1.0,17,23,1,20.0,2026-09-29 00:15:00+00:00,Mon 8:15PM
196039204,NFL Showdown Satellite to $20 NFL Fantasy Football Millionaire (PHI @ CHI),153790,Showdown Captain Mode,1.0,19,23,1,20.0,2026-09-29 00:15:00+00:00,Mon 8:15PM
196039203,NFL Showdown Satellite to $20 NFL Fantasy Football Millionaire (PHI @ CHI),153790,Showdown Captain Mode,1.0,20,23,1,20.0,2026-09-29 00:15:00+00:00,Mon 8:15PM
196039202,NFL Showdown Satellite to $20 NFL Fantasy Football Millionaire (PHI @ CHI),153790,Showdown Captain Mode,1.0,15,23,1,20.0,2026-09-29 00:15:00+00:00,Mon 8:15PM
196039201,NFL Showdown Satellite to $20 NFL Fantasy Football Millionaire (PHI @ CHI),153790,Showdown Captain Mode,1.0,14,23,1,20.0,2026-09-29 00:15:00+00:00,Mon 8:15PM
196039200,NFL Showdown Satellite to $20 NFL Fantasy Football Millionaire (PHI @ CHI),153790,Showdown Captain Mode,1.0,14,23,1,20.0,2026-09-29 00:15:00+00:00,Mon 8:15PM
196039199,NFL Showdown Satellite to $20 NFL Fantasy Football Millionaire (PHI @ CHI),153790,Showdown Captain Mode,1.0,14,23,1,20.0,2026-09-29 00:15:00+00:00,Mon 8:15PM
196039198,NFL Showdown Satellite to $20 NFL Fantasy Football Millionaire (PHI @ CHI),153790,Showdown Captain Mode,1.0,14,23,1,20.0,2026-09-29 00:15:00+00:00,Mon 8:15PM
196039197,NFL Showdown Satellite to $20 NFL Fantasy Football Millionaire (PHI @ CHI),153790,Showdown Captain Mode,1.0,15,23,1,20.0,2026-09-29 00:15:00+00:00,Mon 8:15PM
196039196,NFL Showdown Satellite to $20 NFL Fantasy Football Millionaire (PHI @ CHI),153790,Showdown Captain Mode,1.0,16,23,1,20.0,2026-09-29 00:15:00+00:00,Mon 8:15PM
196039195,NFL Showdown Satellite to $20 NFL Fantasy Football Millionaire (PHI @ CHI),153790,Showdown Captain Mode,1.0,13,23,1,20.0,2026-09-29 00:15:00+00:00,Mon 8:15PM
196039194,NFL Showdown Satellite to $20 NFL Fantasy Football Millionaire (PHI @ CHI),153790,Showdown Captain Mode,1.0,14,23,1,20.0,2026-09-29 00:15:00+00:00,Mon 8:15PM
196039193,NFL Showdown Satellite to $20 NFL Fantasy Football Millionaire (PHI @ CHI),153790,Showdown Captain Mode,1.0,14,23,1,20.0,2026-09-29 00:15:00+00:00,Mon 8:15PM
196039192,NFL Showdown Satellite to $20 NFL Fantasy Football Millionaire (PHI @ CHI),153790,Showdown Captain Mode,1.0,14,23,1,20.0,2026-09-29 00:15:00+00:00,Mon 8:15PM
196039191,NFL Showdown Satellite to $20 NFL Fantasy Football Millionaire (PHI @ CHI),153790,Showdown Captain Mode,1.0,15,23,1,20.0,2026-09-29 00:15:00+00:00,Mon 8:15PM
196039190,NFL Showdown Satellite to $20 NFL Fantasy Football Millionaire (PHI @ CHI),153790,Showdown Captain Mode,1.0,15,23,1,20.0,2026-09-29 00:15:00+00:00,Mon 8:15PM
196039189,NFL Showdown Satellite to $20 NFL Fantasy Football Millionaire (PHI @ CHI),153790,Showdown Captain Mode,1.0,16,23,1,20.0,2026-09-29 00:15:00+00:00,Mon 8:15PM
196039188,NFL Showdown Satellite to $20 NFL Fantasy Football Millionaire (PHI @ CHI),153790,Showdown Captain Mode,1.0,16,23,1,20.0,2026-09-29 00:15:00+00:00,Mon 8:15PM
196039227,NFL Showdown Satellite to $20 NFL Fantasy Football Millionaire (PHI @ CHI),153790,Showdown Captain Mode,0.25,73,95,2,20.0,2026-09-29 00:15:00+00:00,Mon 8:15PM
196039226,NFL Showdown Satellite to $20 NFL Fantasy Football Millionaire (PHI @ CHI),153790,Showdown Captain Mode,0.25,63,95,2,20.0,2026-09-29 00:15:00+00:00,Mon 8:15PM
196039225,NFL Showdown Satellite to $20 NFL Fantasy Football Millionaire (PHI @ CHI),153790,Showdown Captain Mode,0.25,55,95,2,20.0,2026-09-29 00:15:00+00:00,Mon 8:15PM
196039224,NFL Showdown Satellite to $20 NFL Fantasy Football Millionaire (PHI @ CHI),153790,Showdown Captain Mode,0.25,53,95,2,20.0,2026-09-29 00:15:00+00:00,Mon 8:15PM
196039223,NFL Showdown Satellite to $20 NFL Fantasy Football Millionaire (PHI @ CHI),153790,Showdown Captain Mode,0.25,52,95,2,20.0,2026-09-29 00:15:00+00:00,Mon 8:15PM
196039222,NFL Showdown Satellite to $20 NFL Fantasy Football Millionaire (PHI @ CHI),153790,Showdown Captain Mode,0.25,55,95,2,20.0,2026-09-29 00:15:00+00:00,Mon 8:15PM
196039221,NFL Showdown Satellite to $20 NFL Fantasy Football Millionaire (PHI @ CHI),153790,Showdown Captain Mode,0.25,49,95,2,20.0,2026-09-29 00:15:00+00:00,Mon 8:15PM
196039220,NFL Showdown Satellite to $20 NFL Fantasy Football Millionaire (PHI @ CHI),153790,Showdown Captain Mode,0.25,46,95,2,20.0,2026-09-29 00:15:00+00:00,Mon 8:15PM
196039219,NFL Showdown Satellite to $20 NFL Fantasy Football Millionaire (PHI @ CHI),153790,Showdown Captain Mode,0.25,46,95,2,20.0,2026-09-29 00:15:00+00:00,Mon 8:15PM
196039218,NFL Showdown Satellite to $20 NFL Fantasy Football Millionaire (PHI @ CHI),153790,Showdown Captain Mode,0.25,47,95,2,20.0,2026-09-29 00:15:00+00:00,Mon 8:15PM
196039217,NFL Showdown Satellite to $20 NFL Fantasy Football Millionaire (PHI @ CHI),153790,Showdown Captain Mode,0.25,46,95,2,20.0,2026-09-29 00:15:00+00:00,Mon 8:15PM
196039216,NFL Showdown Satellite to $20 NFL Fantasy Football Millionaire (PHI @ CHI),153790,Showdown Captain Mode,0.25,46,95,2,20.0,2026-09-29 00:15:00+00:00,Mon 8:15PM
196039215,NFL Showdown Satellite to $20 NFL Fantasy Football Millionaire (PHI @ CHI),153790,Showdown Captain Mode,0.25,42,95,2,20.0,2026-09-29 00:15:00+00:00,Mon 8:15PM
196039214,NFL Showdown Satellite to $20 NFL Fantasy Football Millionaire (PHI @ CHI),153790,Showdown Captain Mode,0.25,41,95,2,20.0,2026-09-29 00:15:00+00:00,Mon 8:15PM
196039213,NFL Showdown Satellite to $20 NFL Fantasy Football Millionaire (PHI @ CHI),153790,Showdown Captain Mode,0.25,46,95,2,20.0,2026-09-29 00:15:00+00:00,Mon 8:15PM
196039212,NFL Showdown Satellite to $20 NFL Fantasy Football Millionaire (PHI @ CHI),153790,Showdown Captain Mode,0.25,44,95,2,20.0,2026-09-29 00:15:00+00:00,Mon 8:15PM
196039211,NFL Showdown Satellite to $20 NFL Fantasy Football Millionaire (PHI @ CHI),153790,Showdown Captain Mode,0.25,47,95,2,20.0,2026-09-29 00:15:00+00:00,Mon 8:15PM
196039210,NFL Showdown Satellite to $20 NFL Fantasy Football Millionaire (PHI @ CHI),153790,Showdown Captain Mode,0.25,44,95,2,20.0,2026-09-29 00:15:00+00:00,Mon 8:15PM
196039209,NFL Showdown Satellite to $20 NFL Fantasy Football Millionaire (PHI @ CHI),153790,Showdown Captain Mode,0.25,43,95,2,20.0,2026-09-29 00:15:00+00:00,Mon 8:15PM
196039208,NFL Showdown Satellite to $20 NFL Fantasy Football Millionaire (PHI @ CHI),153790,Showdown Captain Mode,0.25,48,95,2,20.0,2026-09-29 00:15:00+00:00,Mon 8:15PM
196164490,NFL Showdown Satellite to $20 NFL Fantasy Football Millionaire (PHI @ CHI),153790,Showdown Captain Mode,0.1,31,237,7,20.0,2026-09-29 00:15:00+00:00,Mon 8:15PM
196164346,NFL Showdown Satellite to $20 NFL Fantasy Football Millionaire (PHI @ CHI),153790,Showdown Captain Mode,0.1,41,237,7,20.0,2026-09-29 00:15:00+00:00,Mon 8:15PM
196162948,NFL Showdown Satellite to $20 NFL Fantasy Football Millionaire (PHI @ CHI),153790,Showdown Captain Mode,0.1,98,237,7,20.0,2026-09-29 00:15:00+00:00,Mon 8:15PM
196039244,NFL Showdown Satellite to $20 NFL Fantasy Football Millionaire (PHI @ CHI),153790,Showdown Captain Mode,0.1,230,237,7,20.0,2026-09-29 00:15:00+00:00,Mon 8:15PM
196039243,NFL Showdown Satellite to $20 NFL Fantasy Football Millionaire (PHI @ CHI),153790,Showdown Captain Mode,0.1,216,237,7,20.0,2026-09-29 00:15:00+00:00,Mon 8:15PM
196039242,NFL Showdown Satellite to $20 NFL Fantasy Football Millionaire (PHI @ CHI),153790,Showdown Captain Mode,0.1,195,237,7,20.0,2026-09-29 00:15:00+00:00,Mon 8:15PM
196039241,NFL Showdown Satellite to $20 NFL Fantasy Football Millionaire (PHI @ CHI),153790,Showdown Captain Mode,0.1,186,237,7,20.0,2026-09-29 00:15:00+00:00,Mon 8:15PM
196039240,NFL Showdown Satellite to $20 NFL Fantasy Football Millionaire (PHI @ CHI),153790,Showdown Captain Mode,0.1,185,237,7,20.0,2026-09-29 00:15:00+00:00,Mon 8:15PM
196039239,NFL Showdown Satellite to $20 NFL Fantasy Football Millionaire (PHI @ CHI),153790,Showdown Captain Mode,0.1,187,237,7,20.0,2026-09-29 00:15:00+00:00,Mon 8:15PM
196039238,NFL Showdown Satellite to $20 NFL Fantasy Football Millionaire (PHI @ CHI),153790,Showdown Captain Mode,0.1,182,237,7,20.0,2026-09-29 00:15:00+00:00,Mon 8:15PM
196039237,NFL Showdown Satellite to $20 NFL Fantasy Football Millionaire (PHI @ CHI),153790,Showdown Captain Mode,0.1,178,237,7,20.0,2026-09-29 00:15:00+00:00,Mon 8:15PM
196039236,NFL Showdown Satellite to $20 NFL Fantasy Football Millionaire (PHI @ CHI),153790,Showdown Captain Mode,0.1,177,237,7,20.0,2026-09-29 00:15:00+00:00,Mon 8:15PM
196039235,NFL Showdown Satellite to $20 NFL Fantasy Football Millionaire (PHI @ CHI),153790,Showdown Captain Mode,0.1,176,237,7,20.0,2026-09-29 00:15:00+00:00,Mon 8:15PM
196039234,NFL Showdown Satellite to $20 NFL Fantasy Football Millionaire (PHI @ CHI),153790,Showdown Captain Mode,0.1,174,237,7,20.0,2026-09-29 00:15:00+00:00,Mon 8:15PM
196039233,NFL Showdown Satellite to $20 NFL Fantasy Football Millionaire (PHI @ CHI),153790,Showdown Captain Mode,0.1,176,237,7,20.0,2026-09-29 00:15:00+00:00,Mon 8:15PM
196039232,NFL Showdown Satellite to $20 NFL Fantasy Football Millionaire (PHI @ CHI),153790,Showdown Captain Mode,0.1,166,237,7,20.0,2026-09-29 00:15:00+00:00,Mon 8:15PM
196039231,NFL Showdown Satellite to $20 NFL Fantasy Football Millionaire (PHI @ CHI),153790,Showdown Captain Mode,0.1,180,237,7,20.0,2026-09-29 00:15:00+00:00,Mon 8:15PM
196039230,NFL Showdown Satellite to $20 NFL Fantasy Football Millionaire (PHI @ CHI),153790,Showdown Captain Mode,0.1,176,237,7,20.0,2026-09-29 00:15:00+00:00,Mon 8:15PM
196039229,NFL Showdown Satellite to $20 NFL Fantasy Football Millionaire (PHI @ CHI),153790,Showdown Captain Mode,0.1,182,237,7,20.0,2026-09-29 00:15:00+00:00,Mon 8:15PM
196039228,NFL Showdown Satellite to $20 NFL Fantasy Football Millionaire (PHI @ CHI),153790,Showdown Captain Mode,0.1,182,237,7,20.0,2026-09-29 00:15:00+00:00,Mon 8:15PM
196039289,NFL Showdown $50 2026 FFWC Qualifier Satellite (PHI @ CHI),153790,Showdown Captain Mode,2.0,6,29,1,50.0,2026-09-29 00:15:00+00:00,Mon 8:15PM
196039277,NFL Showdown $33 2026 FFWC Qualifier SUPERSatellite [2x] (PHI @ CHI),153790,Showdown Captain Mode,1.0,13,78,2,66.0,2026-09-29 00:15:00+00:00,Mon 8:15PM
196039276,NFL Showdown $33 2026 FFWC Qualifier Satellite (PHI @ CHI),153790,Showdown Captain Mode,3.0,4,13,1,33.0,2026-09-29 00:15:00+00:00,Mon 8:15PM
196039275,NFL Showdown $33 2026 FFWC Qualifier Satellite (PHI @ CHI),153790,Showdown Captain Mode,1.0,6,39,1,33.0,2026-09-29 00:15:00+00:00,Mon 8:15PM
196039274,NFL Showdown $18 2026 FFWC Qualifier Satellite (PHI @ CHI),153790,Showdown Captain Mode,3.0,4,7,1,18.0,2026-09-29 00:15:00+00:00,Mon 8:15PM
196039273,NFL Showdown $18 2026 FFWC Qualifier Satellite (PHI @ CHI),153790,Showdown Captain Mode,3.0,2,7,1,18.0,2026-09-29 00:15:00+00:00,Mon 8:15PM
196039272,NFL Showdown $18 2026 FFWC Qualifier Satellite (PHI @ CHI),153790,Showdown Captain Mode,3.0,2,7,1,18.0,2026-09-29 00:15:00+00:00,Mon 8:15PM
196039271,NFL Showdown $18 2026 FFWC Qualifier Satellite (PHI @ CHI),153790,Showdown Captain Mode,1.0,5,21,1,18.0,2026-09-29 00:15:00+00:00,Mon 8:15PM
196039270,NFL Showdown $18 2026 FFWC Qualifier Satellite (PHI @ CHI),153790,Showdown Captain Mode,0.25,22,85,2,18.0,2026-09-29 00:15:00+00:00,Mon 8:15PM
196039269,NFL Showdown $5 2026 FFWC Qualifier Satellite (PHI @ CHI),153790,Showdown Captain Mode,1.0,4,7,1,6.0,2026-09-29 00:15:00+00:00,Mon 8:15PM
196039268,NFL Showdown $5 2026 FFWC Qualifier Satellite (PHI @ CHI),153790,Showdown Captain Mode,1.0,3,7,1,6.0,2026-09-29 00:15:00+00:00,Mon 8:15PM
196039267,NFL Showdown $5 2026 FFWC Qualifier Satellite (PHI @ CHI),153790,Showdown Captain Mode,1.0,4,7,1,6.0,2026-09-29 00:15:00+00:00,Mon 8:15PM
196039266,NFL Showdown $5 2026 FFWC Qualifier Satellite (PHI @ CHI),153790,Showdown Captain Mode,1.0,3,7,1,6.0,2026-09-29 00:15:00+00:00,Mon 8:15PM
196164439,NFL Showdown $5 2026 FFWC Qualifier Satellite (PHI @ CHI),153790,Showdown Captain Mode,0.5,0,14,1,6.0,2026-09-29 00:15:00+00:00,Mon 8:15PM
196039265,NFL Showdown $5 2026 FFWC Qualifier Satellite (PHI @ CHI),153790,Showdown Captain Mode,0.5,12,14,1,6.0,2026-09-29 00:15:00+00:00,Mon 8:15PM
196039263,NFL Showdown $5 2026 FFWC Qualifier Satellite (PHI @ CHI),153790,Showdown Captain Mode,0.5,12,14,1,6.0,2026-09-29 00:15:00+00:00,Mon 8:15PM
196039262,NFL Showdown $5 2026 FFWC Qualifier Satellite (PHI @ CHI),153790,Showdown Captain Mode,0.5,9,14,1,6.0,2026-09-29 00:15:00+00:00,Mon 8:15PM
196039261,NFL Showdown $5 2026 FFWC Qualifier Satellite (PHI @ CHI),153790,Showdown Captain Mode,0.1,31,71,2,6.0,2026-09-29 00:15:00+00:00,Mon 8:15PM
196039260,NFL Showdown $5 2026 FFWC Qualifier Satellite (PHI @ CHI),153790,Showdown Captain Mode,0.1,26,71,2,6.0,2026-09-29 00:15:00+00:00,Mon 8:15PM
196039259,NFL Showdown $5 2026 FFWC Qualifier Satellite (PHI @ CHI),153790,Showdown Captain Mode,0.1,30,71,2,6.0,2026-09-29 00:15:00+00:00,Mon 8:15PM
196039258,NFL Showdown $5 2026 FFWC Qualifier Satellite (PHI @ CHI),153790,Showdown Captain Mode,0.1,30,71,2,6.0,2026-09-29 00:15:00+00:00,Mon 8:15PM
196040042,LAST SHOT: NFL Showdown Satellite to MLB 9-29 $20 Postseason Opener (PHI @ CHI),153790,Showdown Captain Mode,2.0,6,11,1,20.0,2026-09-29 00:15:00+00:00,Mon 8:15PM
196040041,LAST SHOT: NFL Showdown Satellite to MLB 9-29 $20 Postseason Opener (PHI @ CHI),153790,Showdown Captain Mode,2.0,6,11,1,20.0,2026-09-29 00:15:00+00:00,Mon 8:15PM
196040040,LAST SHOT: NFL Showdown Satellite to MLB 9-29 $20 Postseason Opener (PHI @ CHI),153790,Showdown Captain Mode,2.0,5,11,1,20.0,2026-09-29 00:15:00+00:00,Mon 8:15PM
196040039,LAST SHOT: NFL Showdown Satellite to MLB 9-29 $20 Postseason Opener (PHI @ CHI),153790,Showdown Captain Mode,2.0,5,11,1,20.0,2026-09-29 00:15:00+00:00,Mon 8:15PM
196040038,LAST SHOT: NFL Showdown Satellite to MLB 9-29 $20 Postseason Opener (PHI @ CHI),153790,Showdown Captain Mode,2.0,5,11,1,20.0,2026-09-29 00:15:00+00:00,Mon 8:15PM
196040048,LAST SHOT: NFL Showdown Satellite to MLB 9-29 $20 Postseason Opener (PHI @ CHI),153790,Showdown Captain Mode,1.0,9,23,1,20.0,2026-09-29 00:15:00+00:00,Mon 8:15PM
196040047,LAST SHOT: NFL Showdown Satellite to MLB 9-29 $20 Postseason Opener (PHI @ CHI),153790,Showdown Captain Mode,1.0,8,23,1,20.0,2026-09-29 00:15:00+00:00,Mon 8:15PM
196040046,LAST SHOT: NFL Showdown Satellite to MLB 9-29 $20 Postseason Opener (PHI @ CHI),153790,Showdown Captain Mode,1.0,9,23,1,20.0,2026-09-29 00:15:00+00:00,Mon 8:15PM
196040045,LAST SHOT: NFL Showdown Satellite to MLB 9-29 $20 Postseason Opener (PHI @ CHI),153790,Showdown Captain Mode,1.0,7,23,1,20.0,2026-09-29 00:15:00+00:00,Mon 8:15PM
196040044,LAST SHOT: NFL Showdown Satellite to MLB 9-29 $20 Postseason Opener (PHI @ CHI),153790,Showdown Captain Mode,1.0,7,23,1,20.0,2026-09-29 00:15:00+00:00,Mon 8:15PM
196040037,LAST SHOT: NFL Showdown Satellite to MLB 9-29 $20 Postseason Opener (PHI @ CHI),153790,Showdown Captain Mode,0.25,32,95,2,20.0,2026-09-29 00:15:00+00:00,Mon 8:15PM
196040036,LAST SHOT: NFL Showdown Satellite to MLB 9-29 $20 Postseason Opener (PHI @ CHI),153790,Showdown Captain Mode,0.1,98,237,7,20.0,2026-09-29 00:15:00+00:00,Mon 8:15PM
196040018,LAST SHOT: NFL Showdown Satellite to NHL 9-29 $15 Opening Night Puck Drop (PHI @ CHI),153790,Showdown Captain Mode,1.0,11,17,1,15.0,2026-09-29 00:15:00+00:00,Mon 8:15PM
196040017,LAST SHOT: NFL Showdown Satellite to NHL 9-29 $15 Opening Night Puck Drop (PHI @ CHI),153790,Showdown Captain Mode,1.0,11,17,1,15.0,2026-09-29 00:15:00+00:00,Mon 8:15PM
196040016,LAST SHOT: NFL Showdown Satellite to NHL 9-29 $15 Opening Night Puck Drop (PHI @ CHI),153790,Showdown Captain Mode,1.0,9,17,1,15.0,2026-09-29 00:15:00+00:00,Mon 8:15PM
196040015,LAST SHOT: NFL Showdown Satellite to NHL 9-29 $15 Opening Night Puck Drop (PHI @ CHI),153790,Showdown Captain Mode,1.0,8,17,1,15.0,2026-09-29 00:15:00+00:00,Mon 8:15PM
196040014,LAST SHOT: NFL Showdown Satellite to NHL 9-29 $15 Opening Night Puck Drop (PHI @ CHI),153790,Showdown Captain Mode,1.0,8,17,1,15.0,2026-09-29 00:15:00+00:00,Mon 8:15PM
196040023,LAST SHOT: NFL Showdown Satellite to NHL 9-29 $15 Opening Night Puck Drop (PHI @ CHI),153790,Showdown Captain Mode,0.25,34,71,2,15.0,2026-09-29 00:15:00+00:00,Mon 8:15PM
196040022,LAST SHOT: NFL Showdown Satellite to NHL 9-29 $15 Opening Night Puck Drop (PHI @ CHI),153790,Showdown Captain Mode,0.25,29,71,2,15.0,2026-09-29 00:15:00+00:00,Mon 8:15PM
196040021,LAST SHOT: NFL Showdown Satellite to NHL 9-29 $15 Opening Night Puck Drop (PHI @ CHI),153790,Showdown Captain Mode,0.25,30,71,2,15.0,2026-09-29 00:15:00+00:00,Mon 8:15PM
196040020,LAST SHOT: NFL Showdown Satellite to NHL 9-29 $15 Opening Night Puck Drop (PHI @ CHI),153790,Showdown Captain Mode,0.25,31,71,2,15.0,2026-09-29 00:15:00+00:00,Mon 8:15PM
196040019,LAST SHOT: NFL Showdown Satellite to NHL 9-29 $15 Opening Night Puck Drop (PHI @ CHI),153790,Showdown Captain Mode,0.25,31,71,2,15.0,2026-09-29 00:15:00+00:00,Mon 8:15PM
196040058,NFL Showdown SUPERSatellite to NBA 10-20 $20 Opening Tip Off [2x] (PHI @ CHI),153790,Showdown Captain Mode,0.1,216,475,14,40.0,2026-09-29 00:15:00+00:00,Mon 8:15PM
196040056,NFL Showdown Satellite to NBA 10-20 $20 Opening Tip Off (PHI @ CHI),153790,Showdown Captain Mode,2.0,4,11,1,20.0,2026-09-29 00:15:00+00:00,Mon 8:15PM
196040055,NFL Showdown Satellite to NBA 10-20 $20 Opening Tip Off (PHI @ CHI),153790,Showdown Captain Mode,2.0,4,11,1,20.0,2026-09-29 00:15:00+00:00,Mon 8:15PM
196040054,NFL Showdown Satellite to NBA 10-20 $20 Opening Tip Off (PHI @ CHI),153790,Showdown Captain Mode,1.0,9,23,1,20.0,2026-09-29 00:15:00+00:00,Mon 8:15PM
196040053,NFL Showdown Satellite to NBA 10-20 $20 Opening Tip Off (PHI @ CHI),153790,Showdown Captain Mode,1.0,10,23,1,20.0,2026-09-29 00:15:00+00:00,Mon 8:15PM
196040052,NFL Showdown Satellite to NBA 10-20 $20 Opening Tip Off (PHI @ CHI),153790,Showdown Captain Mode,0.25,38,95,2,20.0,2026-09-29 00:15:00+00:00,Mon 8:15PM
196040051,NFL Showdown Satellite to NBA 10-20 $20 Opening Tip Off (PHI @ CHI),153790,Showdown Captain Mode,0.25,35,95,2,20.0,2026-09-29 00:15:00+00:00,Mon 8:15PM
196040050,NFL Showdown Satellite to NBA 10-20 $20 Opening Tip Off (PHI @ CHI),153790,Showdown Captain Mode,0.1,103,237,7,20.0,2026-09-29 00:15:00+00:00,Mon 8:15PM
196040049,NFL Showdown Satellite to NBA 10-20 $20 Opening Tip Off (PHI @ CHI),153790,Showdown Captain Mode,0.1,105,237,7,20.0,2026-09-29 00:15:00+00:00,Mon 8:15PM
196040066,NFL Showdown Satellite to UFC 332 $25 Special (10-3) (PHI @ CHI),153790,Showdown Captain Mode,1.0,13,29,1,25.0,2026-09-29 00:15:00+00:00,Mon 8:15PM
196040065,NFL Showdown Satellite to UFC 332 $25 Special (10-3) (PHI @ CHI),153790,Showdown Captain Mode,1.0,14,29,1,25.0,2026-09-29 00:15:00+00:00,Mon 8:15PM
196040064,NFL Showdown Satellite to UFC 332 $25 Special (10-3) (PHI @ CHI),153790,Showdown Captain Mode,0.5,20,59,1,25.0,2026-09-29 00:15:00+00:00,Mon 8:15PM
196040063,NFL Showdown Satellite to UFC 332 $25 Special (10-3) (PHI @ CHI),153790,Showdown Captain Mode,0.5,17,59,1,25.0,2026-09-29 00:15:00+00:00,Mon 8:15PM
196040062,NFL Showdown Satellite to UFC 332 $25 Special (10-3) (PHI @ CHI),153790,Showdown Captain Mode,0.25,68,118,3,25.0,2026-09-29 00:15:00+00:00,Mon 8:15PM
196040061,NFL Showdown Satellite to UFC 332 $25 Special (10-3) (PHI @ CHI),153790,Showdown Captain Mode,0.25,61,118,3,25.0,2026-09-29 00:15:00+00:00,Mon 8:15PM
196039122,NFL Showdown $100 Contest (PHI @ CHI),153790,Showdown Captain Mode,100.0,2,11,1,1000.0,2026-09-29 00:15:00+00:00,Mon 8:15PM
196039103,NFL Showdown $50 Contest (PHI @ CHI),153790,Showdown Captain Mode,50.0,2,11,1,500.0,2026-09-29 00:15:00+00:00,Mon 8:15PM
196039104,NFL Showdown $27 Contest (PHI @ CHI),153790,Showdown Captain Mode,27.0,4,21,1,500.0,2026-09-29 00:15:00+00:00,Mon 8:15PM
196039105,NFL Showdown $9 Contest (PHI @ CHI),153790,Showdown Captain Mode,9.0,10,39,1,300.0,2026-09-29 00:15:00+00:00,Mon 8:15PM
196039106,NFL Showdown $5 Contest (PHI @ CHI),153790,Showdown Captain Mode,5.0,12,47,1,200.0,2026-09-29 00:15:00+00:00,Mon 8:15PM
196039108,NFL Showdown $3 Contest (PHI @ CHI),153790,Showdown Captain Mode,3.0,62,118,3,300.0,2026-09-29 00:15:00+00:00,Mon 8:15PM
196039107,NFL Showdown $3 Contest (PHI @ CHI),153790,Showdown Captain Mode,3.0,40,118,3,300.0,2026-09-29 00:15:00+00:00,Mon 8:15PM
196039129,NFL Showdown $1 Contest (PHI @ CHI),153790,Showdown Captain Mode,1.0,78,118,3,100.0,2026-09-29 00:15:00+00:00,Mon 8:15PM
196039128,NFL Showdown $1 Contest (PHI @ CHI),153790,Showdown Captain Mode,1.0,59,118,3,100.0,2026-09-29 00:15:00+00:00,Mon 8:15PM
196039111,NFL Showdown $1 Contest (PHI @ CHI),153790,Showdown Captain Mode,1.0,40,118,3,100.0,2026-09-29 00:15:00+00:00,Mon 8:15PM
196039110,NFL Showdown $1 Contest (PHI @ CHI),153790,Showdown Captain Mode,1.0,37,118,3,100.0,2026-09-29 00:15:00+00:00,Mon 8:15PM
196039109,NFL Showdown $1 Contest (PHI @ CHI),153790,Showdown Captain Mode,1.0,46,118,3,100.0,2026-09-29 00:15:00+00:00,Mon 8:15PM
196039127,NFL Showdown $0.25 Contest (PHI @ CHI),153790,Showdown Captain Mode,0.25,141,237,7,50.0,2026-09-29 00:15:00+00:00,Mon 8:15PM
196039126,NFL Showdown $0.25 Contest (PHI @ CHI),153790,Showdown Captain Mode,0.25,108,237,7,50.0,2026-09-29 00:15:00+00:00,Mon 8:15PM
196039125,NFL Showdown $0.25 Contest (PHI @ CHI),153790,Showdown Captain Mode,0.25,85,237,7,50.0,2026-09-29 00:15:00+00:00,Mon 8:15PM
196039124,NFL Showdown $0.25 Contest (PHI @ CHI),153790,Showdown Captain Mode,0.25,69,237,7,50.0,2026-09-29 00:15:00+00:00,Mon 8:15PM
196039123,NFL Showdown $0.25 Contest (PHI @ CHI),153790,Showdown Captain Mode,0.25,69,237,7,50.0,2026-09-29 00:15:00+00:00,Mon 8:15PM
196039121,NFL Showdown $0.25 Contest (PHI @ CHI),153790,Showdown Captain Mode,0.25,69,237,7,50.0,2026-09-29 00:15:00+00:00,Mon 8:15PM
196039120,NFL Showdown $0.25 Contest (PHI @ CHI),153790,Showdown Captain Mode,0.25,73,237,7,50.0,2026-09-29 00:15:00+00:00,Mon 8:15PM
196039119,NFL Showdown $0.25 Contest (PHI @ CHI),153790,Showdown Captain Mode,0.25,65,237,7,50.0,2026-09-29 00:15:00+00:00,Mon 8:15PM
196039118,NFL Showdown $0.25 Contest (PHI @ CHI),153790,Showdown Captain Mode,0.25,71,237,7,50.0,2026-09-29 00:15:00+00:00,Mon 8:15PM
196039117,NFL Showdown $0.25 Contest (PHI @ CHI),153790,Showdown Captain Mode,0.25,65,237,7,50.0,2026-09-29 00:15:00+00:00,Mon 8:15PM
196039116,NFL Showdown $0.25 Contest (PHI @ CHI),153790,Showdown Captain Mode,0.25,65,237,7,50.0,2026-09-29 00:15:00+00:00,Mon 8:15PM
196039115,NFL Showdown $0.25 Contest (PHI @ CHI),153790,Showdown Captain Mode,0.25,73,237,7,50.0,2026-09-29 00:15:00+00:00,Mon 8:15PM
196039114,NFL Showdown $0.25 Contest (PHI @ CHI),153790,Showdown Captain Mode,0.25,71,237,7,50.0,2026-09-29 00:15:00+00:00,Mon 8:15PM
196039113,NFL Showdown $0.25 Contest (PHI @ CHI),153790,Showdown Captain Mode,0.25,79,237,7,50.0,2026-09-29 00:15:00+00:00,Mon 8:15PM
196039112,NFL Showdown $0.25 Contest (PHI @ CHI),153790,Showdown Captain Mode,0.25,80,237,7,50.0,2026-09-29 00:15:00+00:00,Mon 8:15PM
196039102,NFL Showdown $267 Winner Take All [$1K to 1st] (PHI @ CHI),153790,Showdown Captain Mode,267.0,2,4,1,1000.0,2026-09-29 00:15:00+00:00,Mon 8:15PM
196039101,NFL Showdown $267 Winner Take All [$1K to 1st] (PHI @ CHI),153790,Showdown Captain Mode,267.0,1,4,1,1000.0,2026-09-29 00:15:00+00:00,Mon 8:15PM
196039100,NFL Showdown $267 Winner Take All [$1K to 1st] (PHI @ CHI),153790,Showdown Captain Mode,267.0,1,4,1,1000.0,2026-09-29 00:15:00+00:00,Mon 8:15PM
196039099,NFL Showdown $267 Winner Take All [$1K to 1st] (PHI @ CHI),153790,Showdown Captain Mode,267.0,1,4,1,1000.0,2026-09-29 00:15:00+00:00,Mon 8:15PM
196039098,NFL Showdown $267 Winner Take All [$1K to 1st] (PHI @ CHI),153790,Showdown Captain Mode,267.0,1,4,1,1000.0,2026-09-29 00:15:00+00:00,Mon 8:15PM
196039097,NFL Showdown $267 Winner Take All [$1K to 1st] (PHI @ CHI),153790,Showdown Captain Mode,267.0,1,4,1,1000.0,2026-09-29 00:15:00+00:00,Mon 8:15PM
196039096,NFL Showdown $267 Winner Take All [$1K to 1st] (PHI @ CHI),153790,Showdown Captain Mode,267.0,1,4,1,1000.0,2026-09-29 00:15:00+00:00,Mon 8:15PM
196039095,NFL Showdown $267 Winner Take All [$1K to 1st] (PHI @ CHI),153790,Showdown Captain Mode,267.0,1,4,1,1000.0,2026-09-29 00:15:00+00:00,Mon 8:15PM
196039094,NFL Showdown $267 Winner Take All [$1K to 1st] (PHI @ CHI),153790,Showdown Captain Mode,267.0,1,4,1,1000.0,2026-09-29 00:15:00+00:00,Mon 8:15PM
196039093,NFL Showdown $267 Winner Take All [$1K to 1st] (PHI @ CHI),153790,Showdown Captain Mode,267.0,1,4,1,1000.0,2026-09-29 00:15:00+00:00,Mon 8:15PM
196039059,NFL Showdown $100 Winner Take All [$1K to 1st] (PHI @ CHI),153790,Showdown Captain Mode,100.0,2,11,1,1000.0,2026-09-29 00:15:00+00:00,Mon 8:15PM
196164674,NFL Showdown $85 Winner Take All [$300 to 1st] (PHI @ CHI),153790,Showdown Captain Mode,85.0,0,4,1,300.0,2026-09-29 00:15:00+00:00,Mon 8:15PM
196162134,NFL Showdown $85 Winner Take All [$300 to 1st] (PHI @ CHI),153790,Showdown Captain Mode,85.0,1,4,1,300.0,2026-09-29 00:15:00+00:00,Mon 8:15PM
196039043,NFL Showdown $85 Winner Take All [$300 to 1st] (PHI @ CHI),153790,Showdown Captain Mode,85.0,2,4,1,300.0,2026-09-29 00:15:00+00:00,Mon 8:15PM
196039042,NFL Showdown $85 Winner Take All [$300 to 1st] (PHI @ CHI),153790,Showdown Captain Mode,85.0,2,4,1,300.0,2026-09-29 00:15:00+00:00,Mon 8:15PM
196039041,NFL Showdown $85 Winner Take All [$300 to 1st] (PHI @ CHI),153790,Showdown Captain Mode,85.0,1,4,1,300.0,2026-09-29 00:15:00+00:00,Mon 8:15PM
196039040,NFL Showdown $85 Winner Take All [$300 to 1st] (PHI @ CHI),153790,Showdown Captain Mode,85.0,1,4,1,300.0,2026-09-29 00:15:00+00:00,Mon 8:15PM
196039039,NFL Showdown $85 Winner Take All [$300 to 1st] (PHI @ CHI),153790,Showdown Captain Mode,85.0,1,4,1,300.0,2026-09-29 00:15:00+00:00,Mon 8:15PM
196039060,NFL Showdown $50 Winner Take All [$500 to 1st] (PHI @ CHI),153790,Showdown Captain Mode,50.0,9,11,1,500.0,2026-09-29 00:15:00+00:00,Mon 8:15PM
196039092,NFL Showdown $27 Winner Take All [$500 to 1st] (PHI @ CHI),153790,Showdown Captain Mode,27.0,8,21,1,500.0,2026-09-29 00:15:00+00:00,Mon 8:15PM
196039061,NFL Showdown $9 Winner Take All [$500 to 1st] (PHI @ CHI),153790,Showdown Captain Mode,9.0,21,65,1,500.0,2026-09-29 00:15:00+00:00,Mon 8:15PM
196039068,NFL Showdown $5 Winner Take All [$100 to 1st] (PHI @ CHI),153790,Showdown Captain Mode,5.0,14,23,1,100.0,2026-09-29 00:15:00+00:00,Mon 8:15PM
196039067,NFL Showdown $5 Winner Take All [$100 to 1st] (PHI @ CHI),153790,Showdown Captain Mode,5.0,9,23,1,100.0,2026-09-29 00:15:00+00:00,Mon 8:15PM
196039066,NFL Showdown $5 Winner Take All [$100 to 1st] (PHI @ CHI),153790,Showdown Captain Mode,5.0,9,23,1,100.0,2026-09-29 00:15:00+00:00,Mon 8:15PM
196039065,NFL Showdown $5 Winner Take All [$100 to 1st] (PHI @ CHI),153790,Showdown Captain Mode,5.0,9,23,1,100.0,2026-09-29 00:15:00+00:00,Mon 8:15PM
196039064,NFL Showdown $5 Winner Take All [$100 to 1st] (PHI @ CHI),153790,Showdown Captain Mode,5.0,9,23,1,100.0,2026-09-29 00:15:00+00:00,Mon 8:15PM
196039063,NFL Showdown $5 Winner Take All [$100 to 1st] (PHI @ CHI),153790,Showdown Captain Mode,5.0,8,23,1,100.0,2026-09-29 00:15:00+00:00,Mon 8:15PM
196039062,NFL Showdown $5 Winner Take All [$100 to 1st] (PHI @ CHI),153790,Showdown Captain Mode,5.0,8,23,1,100.0,2026-09-29 00:15:00+00:00,Mon 8:15PM
196039073,NFL Showdown $3 Winner Take All [$100 to 1st] (PHI @ CHI),153790,Showdown Captain Mode,3.0,14,39,1,100.0,2026-09-29 00:15:00+00:00,Mon 8:15PM
196039072,NFL Showdown $3 Winner Take All [$100 to 1st] (PHI @ CHI),153790,Showdown Captain Mode,3.0,12,39,1,100.0,2026-09-29 00:15:00+00:00,Mon 8:15PM
196039071,NFL Showdown $3 Winner Take All [$100 to 1st] (PHI @ CHI),153790,Showdown Captain Mode,3.0,8,39,1,100.0,2026-09-29 00:15:00+00:00,Mon 8:15PM
196039070,NFL Showdown $3 Winner Take All [$100 to 1st] (PHI @ CHI),153790,Showdown Captain Mode,3.0,6,39,1,100.0,2026-09-29 00:15:00+00:00,Mon 8:15PM
196039069,NFL Showdown $3 Winner Take All [$100 to 1st] (PHI @ CHI),153790,Showdown Captain Mode,3.0,7,39,1,100.0,2026-09-29 00:15:00+00:00,Mon 8:15PM
196039058,NFL Showdown $1 Winner Take All [$100 to 1st] (PHI @ CHI),153790,Showdown Captain Mode,1.0,82,118,3,100.0,2026-09-29 00:15:00+00:00,Mon 8:15PM
196039057,NFL Showdown $1 Winner Take All [$100 to 1st] (PHI @ CHI),153790,Showdown Captain Mode,1.0,75,118,3,100.0,2026-09-29 00:15:00+00:00,Mon 8:15PM
196039056,NFL Showdown $1 Winner Take All [$100 to 1st] (PHI @ CHI),153790,Showdown Captain Mode,1.0,65,118,3,100.0,2026-09-29 00:15:00+00:00,Mon 8:15PM
196039055,NFL Showdown $1 Winner Take All [$100 to 1st] (PHI @ CHI),153790,Showdown Captain Mode,1.0,65,118,3,100.0,2026-09-29 00:15:00+00:00,Mon 8:15PM
196039054,NFL Showdown $1 Winner Take All [$100 to 1st] (PHI @ CHI),153790,Showdown Captain Mode,1.0,57,118,3,100.0,2026-09-29 00:15:00+00:00,Mon 8:15PM
196039053,NFL Showdown $1 Winner Take All [$100 to 1st] (PHI @ CHI),153790,Showdown Captain Mode,1.0,58,118,3,100.0,2026-09-29 00:15:00+00:00,Mon 8:15PM
196039052,NFL Showdown $1 Winner Take All [$100 to 1st] (PHI @ CHI),153790,Showdown Captain Mode,1.0,61,118,3,100.0,2026-09-29 00:15:00+00:00,Mon 8:15PM
196039051,NFL Showdown $1 Winner Take All [$100 to 1st] (PHI @ CHI),153790,Showdown Captain Mode,1.0,61,118,3,100.0,2026-09-29 00:15:00+00:00,Mon 8:15PM
196039050,NFL Showdown $1 Winner Take All [$100 to 1st] (PHI @ CHI),153790,Showdown Captain Mode,1.0,59,118,3,100.0,2026-09-29 00:15:00+00:00,Mon 8:15PM
196039049,NFL Showdown $1 Winner Take All [$100 to 1st] (PHI @ CHI),153790,Showdown Captain Mode,1.0,60,118,3,100.0,2026-09-29 00:15:00+00:00,Mon 8:15PM
196039091,NFL Showdown $0.25 Winner Take All [$100 to 1st] (PHI @ CHI),153790,Showdown Captain Mode,0.25,350,475,10,100.0,2026-09-29 00:15:00+00:00,Mon 8:15PM
196039090,NFL Showdown $0.25 Winner Take All [$100 to 1st] (PHI @ CHI),153790,Showdown Captain Mode,0.25,326,475,10,100.0,2026-09-29 00:15:00+00:00,Mon 8:15PM
196039089,NFL Showdown $0.25 Winner Take All [$100 to 1st] (PHI @ CHI),153790,Showdown Captain Mode,0.25,282,475,10,100.0,2026-09-29 00:15:00+00:00,Mon 8:15PM
196039088,NFL Showdown $0.25 Winner Take All [$100 to 1st] (PHI @ CHI),153790,Showdown Captain Mode,0.25,267,475,10,100.0,2026-09-29 00:15:00+00:00,Mon 8:15PM
196039087,NFL Showdown $0.25 Winner Take All [$100 to 1st] (PHI @ CHI),153790,Showdown Captain Mode,0.25,270,475,10,100.0,2026-09-29 00:15:00+00:00,Mon 8:15PM
196039086,NFL Showdown $0.25 Winner Take All [$100 to 1st] (PHI @ CHI),153790,Showdown Captain Mode,0.25,244,475,10,100.0,2026-09-29 00:15:00+00:00,Mon 8:15PM
196039085,NFL Showdown $0.25 Winner Take All [$100 to 1st] (PHI @ CHI),153790,Showdown Captain Mode,0.25,264,475,10,100.0,2026-09-29 00:15:00+00:00,Mon 8:15PM
196039084,NFL Showdown $0.25 Winner Take All [$100 to 1st] (PHI @ CHI),153790,Showdown Captain Mode,0.25,243,475,10,100.0,2026-09-29 00:15:00+00:00,Mon 8:15PM
196039083,NFL Showdown $0.25 Winner Take All [$100 to 1st] (PHI @ CHI),153790,Showdown Captain Mode,0.25,249,475,10,100.0,2026-09-29 00:15:00+00:00,Mon 8:15PM
196039082,NFL Showdown $0.25 Winner Take All [$100 to 1st] (PHI @ CHI),153790,Showdown Captain Mode,0.25,249,475,10,100.0,2026-09-29 00:15:00+00:00,Mon 8:15PM
196039081,NFL Showdown $0.25 Winner Take All [$100 to 1st] (PHI @ CHI),153790,Showdown Captain Mode,0.25,246,475,10,100.0,2026-09-29 00:15:00+00:00,Mon 8:15PM
196039080,NFL Showdown $0.25 Winner Take All [$100 to 1st] (PHI @ CHI),153790,Showdown Captain Mode,0.25,260,475,10,100.0,2026-09-29 00:15:00+00:00,Mon 8:15PM
196039079,NFL Showdown $0.25 Winner Take All [$100 to 1st] (PHI @ CHI),153790,Showdown Captain Mode,0.25,260,475,10,100.0,2026-09-29 00:15:00+00:00,Mon 8:15PM
196039078,NFL Showdown $0.25 Winner Take All [$100 to 1st] (PHI @ CHI),153790,Showdown Captain Mode,0.25,258,475,10,100.0,2026-09-29 00:15:00+00:00,Mon 8:15PM
196039077,NFL Showdown $0.25 Winner Take All [$100 to 1st] (PHI @ CHI),153790,Showdown Captain Mode,0.25,253,475,10,100.0,2026-09-29 00:15:00+00:00,Mon 8:15PM
196039076,NFL Showdown $0.25 Winner Take All [$100 to 1st] (PHI @ CHI),153790,Showdown Captain Mode,0.25,254,475,10,100.0,2026-09-29 00:15:00+00:00,Mon 8:15PM
196039075,NFL Showdown $0.25 Winner Take All [$100 to 1st] (PHI @ CHI),153790,Showdown Captain Mode,0.25,257,475,10,100.0,2026-09-29 00:15:00+00:00,Mon 8:15PM
196039074,NFL Showdown $0.25 Winner Take All [$100 to 1st] (PHI @ CHI),153790,Showdown Captain Mode,0.25,263,475,10,100.0,2026-09-29 00:15:00+00:00,Mon 8:15PM
196038895,Casual NFL Showdown 10x Booster [Top 3 Win $50] (PHI @ CHI),153790,Showdown Captain Mode,5.0,7,35,1,150.0,2026-09-29 00:15:00+00:00,Mon 8:15PM
196038896,Casual NFL Showdown 10x Booster [Top 3 Win $20] (PHI @ CHI),153790,Showdown Captain Mode,2.0,3,35,1,60.0,2026-09-29 00:15:00+00:00,Mon 8:15PM
196038820,NFL Showdown 10x Booster [Top 3 Win $100] (PHI @ CHI),153790,Showdown Captain Mode,10.0,26,35,1,300.0,2026-09-29 00:15:00+00:00,Mon 8:15PM
196038819,NFL Showdown 10x Booster [Top 3 Win $100] (PHI @ CHI),153790,Showdown Captain Mode,10.0,17,35,1,300.0,2026-09-29 00:15:00+00:00,Mon 8:15PM
196038818,NFL Showdown 10x Booster [Top 3 Win $100] (PHI @ CHI),153790,Showdown Captain Mode,10.0,13,35,1,300.0,2026-09-29 00:15:00+00:00,Mon 8:15PM
196038817,NFL Showdown 10x Booster [Top 3 Win $100] (PHI @ CHI),153790,Showdown Captain Mode,10.0,11,35,1,300.0,2026-09-29 00:15:00+00:00,Mon 8:15PM
196038816,NFL Showdown 10x Booster [Top 3 Win $100] (PHI @ CHI),153790,Showdown Captain Mode,10.0,11,35,1,300.0,2026-09-29 00:15:00+00:00,Mon 8:15PM
196038823,NFL Showdown 10x Booster [Top 5 Win $50] (PHI @ CHI),153790,Showdown Captain Mode,5.0,39,59,1,250.0,2026-09-29 00:15:00+00:00,Mon 8:15PM
196038822,NFL Showdown 10x Booster [Top 5 Win $50] (PHI @ CHI),153790,Showdown Captain Mode,5.0,27,59,1,250.0,2026-09-29 00:15:00+00:00,Mon 8:15PM
196038821,NFL Showdown 10x Booster [Top 5 Win $50] (PHI @ CHI),153790,Showdown Captain Mode,5.0,15,59,1,250.0,2026-09-29 00:15:00+00:00,Mon 8:15PM
196038841,NFL Showdown 10x Booster [Top 5 Win $20] (PHI @ CHI),153790,Showdown Captain Mode,2.0,37,59,1,100.0,2026-09-29 00:15:00+00:00,Mon 8:15PM
196038840,NFL Showdown 10x Booster [Top 5 Win $20] (PHI @ CHI),153790,Showdown Captain Mode,2.0,26,59,1,100.0,2026-09-29 00:15:00+00:00,Mon 8:15PM
196038826,NFL Showdown 10x Booster [Top 5 Win $20] (PHI @ CHI),153790,Showdown Captain Mode,2.0,22,59,1,100.0,2026-09-29 00:15:00+00:00,Mon 8:15PM
196038825,NFL Showdown 10x Booster [Top 5 Win $20] (PHI @ CHI),153790,Showdown Captain Mode,2.0,17,59,1,100.0,2026-09-29 00:15:00+00:00,Mon 8:15PM
196038824,NFL Showdown 10x Booster [Top 5 Win $20] (PHI @ CHI),153790,Showdown Captain Mode,2.0,14,59,1,100.0,2026-09-29 00:15:00+00:00,Mon 8:15PM
196038843,NFL Showdown 10x Booster [Top 3 Win $20] (PHI @ CHI),153790,Showdown Captain Mode,2.0,18,35,1,60.0,2026-09-29 00:15:00+00:00,Mon 8:15PM
196038842,NFL Showdown 10x Booster [Top 3 Win $20] (PHI @ CHI),153790,Showdown Captain Mode,2.0,20,35,1,60.0,2026-09-29 00:15:00+00:00,Mon 8:15PM
196162973,NFL Showdown 40x Micro Booster [Top 5 Win $10] (PHI @ CHI),153790,Showdown Captain Mode,0.25,56,237,7,50.0,2026-09-29 00:15:00+00:00,Mon 8:15PM
196039134,NFL Showdown 40x Micro Booster [Top 5 Win $10] (PHI @ CHI),153790,Showdown Captain Mode,0.25,188,237,7,50.0,2026-09-29 00:15:00+00:00,Mon 8:15PM
196039133,NFL Showdown 40x Micro Booster [Top 5 Win $10] (PHI @ CHI),153790,Showdown Captain Mode,0.25,164,237,7,50.0,2026-09-29 00:15:00+00:00,Mon 8:15PM
196039132,NFL Showdown 40x Micro Booster [Top 5 Win $10] (PHI @ CHI),153790,Showdown Captain Mode,0.25,152,237,7,50.0,2026-09-29 00:15:00+00:00,Mon 8:15PM
196039131,NFL Showdown 40x Micro Booster [Top 5 Win $10] (PHI @ CHI),153790,Showdown Captain Mode,0.25,136,237,7,50.0,2026-09-29 00:15:00+00:00,Mon 8:15PM
196039130,NFL Showdown 40x Micro Booster [Top 5 Win $10] (PHI @ CHI),153790,Showdown Captain Mode,0.25,140,237,7,50.0,2026-09-29 00:15:00+00:00,Mon 8:15PM
196038831,NFL Showdown 40x Micro Booster [Top 5 Win $10] (PHI @ CHI),153790,Showdown Captain Mode,0.25,126,237,7,50.0,2026-09-29 00:15:00+00:00,Mon 8:15PM
196038830,NFL Showdown 40x Micro Booster [Top 5 Win $10] (PHI @ CHI),153790,Showdown Captain Mode,0.25,126,237,7,50.0,2026-09-29 00:15:00+00:00,Mon 8:15PM
196038829,NFL Showdown 40x Micro Booster [Top 5 Win $10] (PHI @ CHI),153790,Showdown Captain Mode,0.25,125,237,7,50.0,2026-09-29 00:15:00+00:00,Mon 8:15PM
196038828,NFL Showdown 40x Micro Booster [Top 5 Win $10] (PHI @ CHI),153790,Showdown Captain Mode,0.25,130,237,7,50.0,2026-09-29 00:15:00+00:00,Mon 8:15PM
196038827,NFL Showdown 40x Micro Booster [Top 5 Win $10] (PHI @ CHI),153790,Showdown Captain Mode,0.25,151,237,7,50.0,2026-09-29 00:15:00+00:00,Mon 8:15PM
196038833,NFL Showdown $25 Quintuple Up [Top 4 Win $125] (PHI @ CHI),153790,Showdown Captain Mode,25.0,6,22,1,500.0,2026-09-29 00:15:00+00:00,Mon 8:15PM
196038832,NFL Showdown $25 Quintuple Up [Top 4 Win $125] (PHI @ CHI),153790,Showdown Captain Mode,25.0,4,22,1,500.0,2026-09-29 00:15:00+00:00,Mon 8:15PM
196038844,NFL Showdown $10 Quintuple Up [Top 5 Win $50] (PHI @ CHI),153790,Showdown Captain Mode,10.0,11,28,1,250.0,2026-09-29 00:15:00+00:00,Mon 8:15PM
196038834,NFL Showdown $10 Quintuple Up [Top 5 Win $50] (PHI @ CHI),153790,Showdown Captain Mode,10.0,8,28,1,250.0,2026-09-29 00:15:00+00:00,Mon 8:15PM
196038851,NFL Showdown $5 Quintuple Up [Top 5 Win $25] (PHI @ CHI),153790,Showdown Captain Mode,5.0,18,28,1,125.0,2026-09-29 00:15:00+00:00,Mon 8:15PM
196038850,NFL Showdown $5 Quintuple Up [Top 5 Win $25] (PHI @ CHI),153790,Showdown Captain Mode,5.0,7,28,1,125.0,2026-09-29 00:15:00+00:00,Mon 8:15PM
196038849,NFL Showdown $5 Quintuple Up [Top 5 Win $25] (PHI @ CHI),153790,Showdown Captain Mode,5.0,8,28,1,125.0,2026-09-29 00:15:00+00:00,Mon 8:15PM
196038848,NFL Showdown $5 Quintuple Up [Top 5 Win $25] (PHI @ CHI),153790,Showdown Captain Mode,5.0,9,28,1,125.0,2026-09-29 00:15:00+00:00,Mon 8:15PM
196038847,NFL Showdown $5 Quintuple Up [Top 5 Win $25] (PHI @ CHI),153790,Showdown Captain Mode,5.0,7,28,1,125.0,2026-09-29 00:15:00+00:00,Mon 8:15PM
196038846,NFL Showdown $5 Quintuple Up [Top 5 Win $25] (PHI @ CHI),153790,Showdown Captain Mode,5.0,11,28,1,125.0,2026-09-29 00:15:00+00:00,Mon 8:15PM
196038845,NFL Showdown $5 Quintuple Up [Top 5 Win $25] (PHI @ CHI),153790,Showdown Captain Mode,5.0,10,28,1,125.0,2026-09-29 00:15:00+00:00,Mon 8:15PM
196164338,NFL Showdown $1 Quintuple Up [Top 5 Win $5] (PHI @ CHI),153790,Showdown Captain Mode,1.0,2,28,1,25.0,2026-09-29 00:15:00+00:00,Mon 8:15PM
196039141,NFL Showdown $1 Quintuple Up [Top 5 Win $5] (PHI @ CHI),153790,Showdown Captain Mode,1.0,22,28,1,25.0,2026-09-29 00:15:00+00:00,Mon 8:15PM
196039139,NFL Showdown $1 Quintuple Up [Top 5 Win $5] (PHI @ CHI),153790,Showdown Captain Mode,1.0,18,28,1,25.0,2026-09-29 00:15:00+00:00,Mon 8:15PM
196039138,NFL Showdown $1 Quintuple Up [Top 5 Win $5] (PHI @ CHI),153790,Showdown Captain Mode,1.0,17,28,1,25.0,2026-09-29 00:15:00+00:00,Mon 8:15PM
196039137,NFL Showdown $1 Quintuple Up [Top 5 Win $5] (PHI @ CHI),153790,Showdown Captain Mode,1.0,10,28,1,25.0,2026-09-29 00:15:00+00:00,Mon 8:15PM
196039136,NFL Showdown $1 Quintuple Up [Top 5 Win $5] (PHI @ CHI),153790,Showdown Captain Mode,1.0,10,28,1,25.0,2026-09-29 00:15:00+00:00,Mon 8:15PM
196038863,NFL Showdown $1 Quintuple Up [Top 5 Win $5] (PHI @ CHI),153790,Showdown Captain Mode,1.0,8,28,1,25.0,2026-09-29 00:15:00+00:00,Mon 8:15PM
196038862,NFL Showdown $1 Quintuple Up [Top 5 Win $5] (PHI @ CHI),153790,Showdown Captain Mode,1.0,7,28,1,25.0,2026-09-29 00:15:00+00:00,Mon 8:15PM
196038861,NFL Showdown $1 Quintuple Up [Top 5 Win $5] (PHI @ CHI),153790,Showdown Captain Mode,1.0,7,28,1,25.0,2026-09-29 00:15:00+00:00,Mon 8:15PM
196038860,NFL Showdown $1 Quintuple Up [Top 5 Win $5] (PHI @ CHI),153790,Showdown Captain Mode,1.0,5,28,1,25.0,2026-09-29 00:15:00+00:00,Mon 8:15PM
196038859,NFL Showdown $1 Quintuple Up [Top 5 Win $5] (PHI @ CHI),153790,Showdown Captain Mode,1.0,7,28,1,25.0,2026-09-29 00:15:00+00:00,Mon 8:15PM
196038858,NFL Showdown $1 Quintuple Up [Top 5 Win $5] (PHI @ CHI),153790,Showdown Captain Mode,1.0,6,28,1,25.0,2026-09-29 00:15:00+00:00,Mon 8:15PM
196038857,NFL Showdown $1 Quintuple Up [Top 5 Win $5] (PHI @ CHI),153790,Showdown Captain Mode,1.0,8,28,1,25.0,2026-09-29 00:15:00+00:00,Mon 8:15PM
196038856,NFL Showdown $1 Quintuple Up [Top 5 Win $5] (PHI @ CHI),153790,Showdown Captain Mode,1.0,4,28,1,25.0,2026-09-29 00:15:00+00:00,Mon 8:15PM
196038855,NFL Showdown $1 Quintuple Up [Top 5 Win $5] (PHI @ CHI),153790,Showdown Captain Mode,1.0,4,28,1,25.0,2026-09-29 00:15:00+00:00,Mon 8:15PM
196038854,NFL Showdown $1 Quintuple Up [Top 5 Win $5] (PHI @ CHI),153790,Showdown Captain Mode,1.0,6,28,1,25.0,2026-09-29 00:15:00+00:00,Mon 8:15PM
196038853,NFL Showdown $1 Quintuple Up [Top 5 Win $5] (PHI @ CHI),153790,Showdown Captain Mode,1.0,6,28,1,25.0,2026-09-29 00:15:00+00:00,Mon 8:15PM
196038852,NFL Showdown $1 Quintuple Up [Top 5 Win $5] (PHI @ CHI),153790,Showdown Captain Mode,1.0,10,28,1,25.0,2026-09-29 00:15:00+00:00,Mon 8:15PM
196038815,NFL Showdown $250 Triple Up [Top 3 Win $750] (PHI @ CHI),153790,Showdown Captain Mode,250.0,4,10,1,2250.0,2026-09-29 00:15:00+00:00,Mon 8:15PM
196038898,NFL Showdown $100 Triple Up [Top 3 Win $300] (PHI @ CHI),153790,Showdown Captain Mode,100.0,4,10,1,900.0,2026-09-29 00:15:00+00:00,Mon 8:15PM
196038897,NFL Showdown $50 Triple Up [Top 5 Win $150] (PHI @ CHI),153790,Showdown Captain Mode,50.0,7,17,1,750.0,2026-09-29 00:15:00+00:00,Mon 8:15PM
196038899,NFL Showdown $25 Triple Up [Top 9 Win $75] (PHI @ CHI),153790,Showdown Captain Mode,25.0,14,31,1,675.0,2026-09-29 00:15:00+00:00,Mon 8:15PM
196038902,NFL Showdown $10 Triple Up [Top 9 Win $30] (PHI @ CHI),153790,Showdown Captain Mode,10.0,19,31,1,270.0,2026-09-29 00:15:00+00:00,Mon 8:15PM
196038901,NFL Showdown $10 Triple Up [Top 9 Win $30] (PHI @ CHI),153790,Showdown Captain Mode,10.0,17,31,1,270.0,2026-09-29 00:15:00+00:00,Mon 8:15PM
196038900,NFL Showdown $10 Triple Up [Top 9 Win $30] (PHI @ CHI),153790,Showdown Captain Mode,10.0,18,31,1,270.0,2026-09-29 00:15:00+00:00,Mon 8:15PM
196038913,NFL Showdown $5 Triple Up [Top 9 Win $15] (PHI @ CHI),153790,Showdown Captain Mode,5.0,22,31,1,135.0,2026-09-29 00:15:00+00:00,Mon 8:15PM
196038912,NFL Showdown $5 Triple Up [Top 9 Win $15] (PHI @ CHI),153790,Showdown Captain Mode,5.0,17,31,1,135.0,2026-09-29 00:15:00+00:00,Mon 8:15PM
196038911,NFL Showdown $5 Triple Up [Top 9 Win $15] (PHI @ CHI),153790,Showdown Captain Mode,5.0,17,31,1,135.0,2026-09-29 00:15:00+00:00,Mon 8:15PM
196038910,NFL Showdown $5 Triple Up [Top 9 Win $15] (PHI @ CHI),153790,Showdown Captain Mode,5.0,16,31,1,135.0,2026-09-29 00:15:00+00:00,Mon 8:15PM
196038909,NFL Showdown $5 Triple Up [Top 9 Win $15] (PHI @ CHI),153790,Showdown Captain Mode,5.0,15,31,1,135.0,2026-09-29 00:15:00+00:00,Mon 8:15PM
196038908,NFL Showdown $5 Triple Up [Top 9 Win $15] (PHI @ CHI),153790,Showdown Captain Mode,5.0,15,31,1,135.0,2026-09-29 00:15:00+00:00,Mon 8:15PM
196038907,NFL Showdown $5 Triple Up [Top 9 Win $15] (PHI @ CHI),153790,Showdown Captain Mode,5.0,14,31,1,135.0,2026-09-29 00:15:00+00:00,Mon 8:15PM
196038906,NFL Showdown $5 Triple Up [Top 9 Win $15] (PHI @ CHI),153790,Showdown Captain Mode,5.0,13,31,1,135.0,2026-09-29 00:15:00+00:00,Mon 8:15PM
196038905,NFL Showdown $5 Triple Up [Top 9 Win $15] (PHI @ CHI),153790,Showdown Captain Mode,5.0,12,31,1,135.0,2026-09-29 00:15:00+00:00,Mon 8:15PM
196038904,NFL Showdown $5 Triple Up [Top 9 Win $15] (PHI @ CHI),153790,Showdown Captain Mode,5.0,14,31,1,135.0,2026-09-29 00:15:00+00:00,Mon 8:15PM
196038903,NFL Showdown $5 Triple Up [Top 9 Win $15] (PHI @ CHI),153790,Showdown Captain Mode,5.0,12,31,1,135.0,2026-09-29 00:15:00+00:00,Mon 8:15PM
196164953,NFL Showdown $1 Triple Up [Top 9 Win $3] (PHI @ CHI),153790,Showdown Captain Mode,1.0,0,31,1,27.0,2026-09-29 00:15:00+00:00,Mon 8:15PM
196038936,NFL Showdown $1 Triple Up [Top 9 Win $3] (PHI @ CHI),153790,Showdown Captain Mode,1.0,23,31,1,27.0,2026-09-29 00:15:00+00:00,Mon 8:15PM
196038935,NFL Showdown $1 Triple Up [Top 9 Win $3] (PHI @ CHI),153790,Showdown Captain Mode,1.0,16,31,1,27.0,2026-09-29 00:15:00+00:00,Mon 8:15PM
196038934,NFL Showdown $1 Triple Up [Top 9 Win $3] (PHI @ CHI),153790,Showdown Captain Mode,1.0,14,31,1,27.0,2026-09-29 00:15:00+00:00,Mon 8:15PM
196038933,NFL Showdown $1 Triple Up [Top 9 Win $3] (PHI @ CHI),153790,Showdown Captain Mode,1.0,17,31,1,27.0,2026-09-29 00:15:00+00:00,Mon 8:15PM
196038932,NFL Showdown $1 Triple Up [Top 9 Win $3] (PHI @ CHI),153790,Showdown Captain Mode,1.0,14,31,1,27.0,2026-09-29 00:15:00+00:00,Mon 8:15PM
196038931,NFL Showdown $1 Triple Up [Top 9 Win $3] (PHI @ CHI),153790,Showdown Captain Mode,1.0,16,31,1,27.0,2026-09-29 00:15:00+00:00,Mon 8:15PM
196038930,NFL Showdown $1 Triple Up [Top 9 Win $3] (PHI @ CHI),153790,Showdown Captain Mode,1.0,12,31,1,27.0,2026-09-29 00:15:00+00:00,Mon 8:15PM
196038929,NFL Showdown $1 Triple Up [Top 9 Win $3] (PHI @ CHI),153790,Showdown Captain Mode,1.0,13,31,1,27.0,2026-09-29 00:15:00+00:00,Mon 8:15PM
196038928,NFL Showdown $1 Triple Up [Top 9 Win $3] (PHI @ CHI),153790,Showdown Captain Mode,1.0,10,31,1,27.0,2026-09-29 00:15:00+00:00,Mon 8:15PM
196038927,NFL Showdown $1 Triple Up [Top 9 Win $3] (PHI @ CHI),153790,Showdown Captain Mode,1.0,11,31,1,27.0,2026-09-29 00:15:00+00:00,Mon 8:15PM
196038926,NFL Showdown $1 Triple Up [Top 9 Win $3] (PHI @ CHI),153790,Showdown Captain Mode,1.0,10,31,1,27.0,2026-09-29 00:15:00+00:00,Mon 8:15PM
196038925,NFL Showdown $1 Triple Up [Top 9 Win $3] (PHI @ CHI),153790,Showdown Captain Mode,1.0,10,31,1,27.0,2026-09-29 00:15:00+00:00,Mon 8:15PM
196038924,NFL Showdown $1 Triple Up [Top 9 Win $3] (PHI @ CHI),153790,Showdown Captain Mode,1.0,11,31,1,27.0,2026-09-29 00:15:00+00:00,Mon 8:15PM
196038923,NFL Showdown $1 Triple Up [Top 9 Win $3] (PHI @ CHI),153790,Showdown Captain Mode,1.0,8,31,1,27.0,2026-09-29 00:15:00+00:00,Mon 8:15PM
196038922,NFL Showdown $1 Triple Up [Top 9 Win $3] (PHI @ CHI),153790,Showdown Captain Mode,1.0,10,31,1,27.0,2026-09-29 00:15:00+00:00,Mon 8:15PM
196038921,NFL Showdown $1 Triple Up [Top 9 Win $3] (PHI @ CHI),153790,Showdown Captain Mode,1.0,9,31,1,27.0,2026-09-29 00:15:00+00:00,Mon 8:15PM
196038920,NFL Showdown $1 Triple Up [Top 9 Win $3] (PHI @ CHI),153790,Showdown Captain Mode,1.0,9,31,1,27.0,2026-09-29 00:15:00+00:00,Mon 8:15PM
196038919,NFL Showdown $1 Triple Up [Top 9 Win $3] (PHI @ CHI),153790,Showdown Captain Mode,1.0,10,31,1,27.0,2026-09-29 00:15:00+00:00,Mon 8:15PM
196038918,NFL Showdown $1 Triple Up [Top 9 Win $3] (PHI @ CHI),153790,Showdown Captain Mode,1.0,10,31,1,27.0,2026-09-29 00:15:00+00:00,Mon 8:15PM
196038917,NFL Showdown $1 Triple Up [Top 9 Win $3] (PHI @ CHI),153790,Showdown Captain Mode,1.0,9,31,1,27.0,2026-09-29 00:15:00+00:00,Mon 8:15PM
196038916,NFL Showdown $1 Triple Up [Top 9 Win $3] (PHI @ CHI),153790,Showdown Captain Mode,1.0,13,31,1,27.0,2026-09-29 00:15:00+00:00,Mon 8:15PM
196038915,NFL Showdown $1 Triple Up [Top 9 Win $3] (PHI @ CHI),153790,Showdown Captain Mode,1.0,10,31,1,27.0,2026-09-29 00:15:00+00:00,Mon 8:15PM
196038914,NFL Showdown $1 Triple Up [Top 9 Win $3] (PHI @ CHI),153790,Showdown Captain Mode,1.0,19,31,1,27.0,2026-09-29 00:15:00+00:00,Mon 8:15PM
196038978,Casual NFL Showdown $10 Double Up (PHI @ CHI),153790,Showdown Captain Mode,10.0,1,11,1,100.0,2026-09-29 00:15:00+00:00,Mon 8:15PM
196038982,Casual NFL Showdown $5 Double Up (PHI @ CHI),153790,Showdown Captain Mode,5.0,1,23,1,100.0,2026-09-29 00:15:00+00:00,Mon 8:15PM
196038981,Casual NFL Showdown $3 Double Up (PHI @ CHI),153790,Showdown Captain Mode,3.0,2,23,1,60.0,2026-09-29 00:15:00+00:00,Mon 8:15PM
196038980,Casual NFL Showdown $1 Double Up (PHI @ CHI),153790,Showdown Captain Mode,1.0,10,23,1,20.0,2026-09-29 00:15:00+00:00,Mon 8:15PM
196038979,Casual NFL Showdown $1 Double Up (PHI @ CHI),153790,Showdown Captain Mode,1.0,1,23,1,20.0,2026-09-29 00:15:00+00:00,Mon 8:15PM
196038894,NFL Showdown $250 Double Up (PHI @ CHI),153790,Showdown Captain Mode,250.0,3,11,1,2500.0,2026-09-29 00:15:00+00:00,Mon 8:15PM
196039142,NFL Showdown $100 Double Up (PHI @ CHI),153790,Showdown Captain Mode,100.0,3,11,1,1000.0,2026-09-29 00:15:00+00:00,Mon 8:15PM
196038983,NFL Showdown $50 Double Up (PHI @ CHI),153790,Showdown Captain Mode,50.0,6,11,1,500.0,2026-09-29 00:15:00+00:00,Mon 8:15PM
196038976,NFL Showdown $50 Double Up (PHI @ CHI),153790,Showdown Captain Mode,50.0,3,11,1,500.0,2026-09-29 00:15:00+00:00,Mon 8:15PM
196039018,NFL Showdown $25 Double Up (PHI @ CHI),153790,Showdown Captain Mode,25.0,3,11,1,250.0,2026-09-29 00:15:00+00:00,Mon 8:15PM
196039017,NFL Showdown $25 Double Up (PHI @ CHI),153790,Showdown Captain Mode,25.0,3,11,1,250.0,2026-09-29 00:15:00+00:00,Mon 8:15PM
196039016,NFL Showdown $25 Double Up (PHI @ CHI),153790,Showdown Captain Mode,25.0,3,11,1,250.0,2026-09-29 00:15:00+00:00,Mon 8:15PM
196038986,NFL Showdown $25 Double Up (PHI @ CHI),153790,Showdown Captain Mode,25.0,3,11,1,250.0,2026-09-29 00:15:00+00:00,Mon 8:15PM
196038985,NFL Showdown $25 Double Up (PHI @ CHI),153790,Showdown Captain Mode,25.0,3,11,1,250.0,2026-09-29 00:15:00+00:00,Mon 8:15PM
196038984,NFL Showdown $25 Double Up (PHI @ CHI),153790,Showdown Captain Mode,25.0,3,11,1,250.0,2026-09-29 00:15:00+00:00,Mon 8:15PM
196038839,NFL Showdown $25 Double Up (PHI @ CHI),153790,Showdown Captain Mode,25.0,3,11,1,250.0,2026-09-29 00:15:00+00:00,Mon 8:15PM
196038838,NFL Showdown $25 Double Up (PHI @ CHI),153790,Showdown Captain Mode,25.0,3,11,1,250.0,2026-09-29 00:15:00+00:00,Mon 8:15PM
196038837,NFL Showdown $25 Double Up (PHI @ CHI),153790,Showdown Captain Mode,25.0,3,11,1,250.0,2026-09-29 00:15:00+00:00,Mon 8:15PM
196038836,NFL Showdown $25 Double Up (PHI @ CHI),153790,Showdown Captain Mode,25.0,3,11,1,250.0,2026-09-29 00:15:00+00:00,Mon 8:15PM
196038835,NFL Showdown $25 Double Up (PHI @ CHI),153790,Showdown Captain Mode,25.0,3,11,1,250.0,2026-09-29 00:15:00+00:00,Mon 8:15PM
196039145,NFL Showdown $15 Double Up (PHI @ CHI),153790,Showdown Captain Mode,15.0,8,16,1,210.0,2026-09-29 00:15:00+00:00,Mon 8:15PM
196039144,NFL Showdown $15 Double Up (PHI @ CHI),153790,Showdown Captain Mode,15.0,7,16,1,210.0,2026-09-29 00:15:00+00:00,Mon 8:15PM
196038975,NFL Showdown $10 Double Up (PHI @ CHI),153790,Showdown Captain Mode,10.0,16,39,1,340.0,2026-09-29 00:15:00+00:00,Mon 8:15PM
196039143,NFL Showdown $10 Double Up (PHI @ CHI),153790,Showdown Captain Mode,10.0,5,23,1,200.0,2026-09-29 00:15:00+00:00,Mon 8:15PM
196038977,NFL Showdown $10 Double Up (PHI @ CHI),153790,Showdown Captain Mode,10.0,5,23,1,200.0,2026-09-29 00:15:00+00:00,Mon 8:15PM
196039038,NFL Showdown $10 Double Up (PHI @ CHI),153790,Showdown Captain Mode,10.0,6,11,1,100.0,2026-09-29 00:15:00+00:00,Mon 8:15PM
196039037,NFL Showdown $10 Double Up (PHI @ CHI),153790,Showdown Captain Mode,10.0,5,11,1,100.0,2026-09-29 00:15:00+00:00,Mon 8:15PM
196039036,NFL Showdown $10 Double Up (PHI @ CHI),153790,Showdown Captain Mode,10.0,6,11,1,100.0,2026-09-29 00:15:00+00:00,Mon 8:15PM
196039015,NFL Showdown $10 Double Up (PHI @ CHI),153790,Showdown Captain Mode,10.0,5,11,1,100.0,2026-09-29 00:15:00+00:00,Mon 8:15PM
196039014,NFL Showdown $10 Double Up (PHI @ CHI),153790,Showdown Captain Mode,10.0,5,11,1,100.0,2026-09-29 00:15:00+00:00,Mon 8:15PM
196039013,NFL Showdown $10 Double Up (PHI @ CHI),153790,Showdown Captain Mode,10.0,4,11,1,100.0,2026-09-29 00:15:00+00:00,Mon 8:15PM
196038941,NFL Showdown $10 Double Up (PHI @ CHI),153790,Showdown Captain Mode,10.0,4,11,1,100.0,2026-09-29 00:15:00+00:00,Mon 8:15PM
196038940,NFL Showdown $10 Double Up (PHI @ CHI),153790,Showdown Captain Mode,10.0,4,11,1,100.0,2026-09-29 00:15:00+00:00,Mon 8:15PM
196038939,NFL Showdown $10 Double Up (PHI @ CHI),153790,Showdown Captain Mode,10.0,3,11,1,100.0,2026-09-29 00:15:00+00:00,Mon 8:15PM
196038938,NFL Showdown $10 Double Up (PHI @ CHI),153790,Showdown Captain Mode,10.0,4,11,1,100.0,2026-09-29 00:15:00+00:00,Mon 8:15PM
196038937,NFL Showdown $10 Double Up (PHI @ CHI),153790,Showdown Captain Mode,10.0,4,11,1,100.0,2026-09-29 00:15:00+00:00,Mon 8:15PM
196038974,NFL Showdown $5 Double Up (PHI @ CHI),153790,Showdown Captain Mode,5.0,16,39,1,170.0,2026-09-29 00:15:00+00:00,Mon 8:15PM
196038973,NFL Showdown $5 Double Up (PHI @ CHI),153790,Showdown Captain Mode,5.0,15,39,1,170.0,2026-09-29 00:15:00+00:00,Mon 8:15PM
196039048,NFL Showdown $5 Double Up (PHI @ CHI),153790,Showdown Captain Mode,5.0,9,23,1,100.0,2026-09-29 00:15:00+00:00,Mon 8:15PM
196039047,NFL Showdown $5 Double Up (PHI @ CHI),153790,Showdown Captain Mode,5.0,7,23,1,100.0,2026-09-29 00:15:00+00:00,Mon 8:15PM
196039046,NFL Showdown $5 Double Up (PHI @ CHI),153790,Showdown Captain Mode,5.0,8,23,1,100.0,2026-09-29 00:15:00+00:00,Mon 8:15PM
196039022,NFL Showdown $5 Double Up (PHI @ CHI),153790,Showdown Captain Mode,5.0,6,23,1,100.0,2026-09-29 00:15:00+00:00,Mon 8:15PM
196039021,NFL Showdown $5 Double Up (PHI @ CHI),153790,Showdown Captain Mode,5.0,6,23,1,100.0,2026-09-29 00:15:00+00:00,Mon 8:15PM
196039020,NFL Showdown $5 Double Up (PHI @ CHI),153790,Showdown Captain Mode,5.0,6,23,1,100.0,2026-09-29 00:15:00+00:00,Mon 8:15PM
196039019,NFL Showdown $5 Double Up (PHI @ CHI),153790,Showdown Captain Mode,5.0,6,23,1,100.0,2026-09-29 00:15:00+00:00,Mon 8:15PM
196038991,NFL Showdown $5 Double Up (PHI @ CHI),153790,Showdown Captain Mode,5.0,6,23,1,100.0,2026-09-29 00:15:00+00:00,Mon 8:15PM
196038990,NFL Showdown $5 Double Up (PHI @ CHI),153790,Showdown Captain Mode,5.0,6,23,1,100.0,2026-09-29 00:15:00+00:00,Mon 8:15PM
196038989,NFL Showdown $5 Double Up (PHI @ CHI),153790,Showdown Captain Mode,5.0,8,23,1,100.0,2026-09-29 00:15:00+00:00,Mon 8:15PM
196038988,NFL Showdown $5 Double Up (PHI @ CHI),153790,Showdown Captain Mode,5.0,7,23,1,100.0,2026-09-29 00:15:00+00:00,Mon 8:15PM
196038987,NFL Showdown $5 Double Up (PHI @ CHI),153790,Showdown Captain Mode,5.0,6,23,1,100.0,2026-09-29 00:15:00+00:00,Mon 8:15PM
196038972,NFL Showdown $3 Double Up (PHI @ CHI),153790,Showdown Captain Mode,3.0,37,62,1,162.0,2026-09-29 00:15:00+00:00,Mon 8:15PM
196038971,NFL Showdown $3 Double Up (PHI @ CHI),153790,Showdown Captain Mode,3.0,28,62,1,162.0,2026-09-29 00:15:00+00:00,Mon 8:15PM
196038970,NFL Showdown $3 Double Up (PHI @ CHI),153790,Showdown Captain Mode,3.0,17,39,1,102.0,2026-09-29 00:15:00+00:00,Mon 8:15PM
196038969,NFL Showdown $3 Double Up (PHI @ CHI),153790,Showdown Captain Mode,3.0,16,39,1,102.0,2026-09-29 00:15:00+00:00,Mon 8:15PM
196164010,NFL Showdown $3 Double Up (PHI @ CHI),153790,Showdown Captain Mode,3.0,2,23,1,60.0,2026-09-29 00:15:00+00:00,Mon 8:15PM
196039025,NFL Showdown $3 Double Up (PHI @ CHI),153790,Showdown Captain Mode,3.0,22,23,1,60.0,2026-09-29 00:15:00+00:00,Mon 8:15PM
196039024,NFL Showdown $3 Double Up (PHI @ CHI),153790,Showdown Captain Mode,3.0,13,23,1,60.0,2026-09-29 00:15:00+00:00,Mon 8:15PM
196039023,NFL Showdown $3 Double Up (PHI @ CHI),153790,Showdown Captain Mode,3.0,12,23,1,60.0,2026-09-29 00:15:00+00:00,Mon 8:15PM
196038994,NFL Showdown $3 Double Up (PHI @ CHI),153790,Showdown Captain Mode,3.0,13,23,1,60.0,2026-09-29 00:15:00+00:00,Mon 8:15PM
196038993,NFL Showdown $3 Double Up (PHI @ CHI),153790,Showdown Captain Mode,3.0,12,23,1,60.0,2026-09-29 00:15:00+00:00,Mon 8:15PM
196038992,NFL Showdown $3 Double Up (PHI @ CHI),153790,Showdown Captain Mode,3.0,13,23,1,60.0,2026-09-29 00:15:00+00:00,Mon 8:15PM
196038868,NFL Showdown $3 Double Up (PHI @ CHI),153790,Showdown Captain Mode,3.0,12,23,1,60.0,2026-09-29 00:15:00+00:00,Mon 8:15PM
196038867,NFL Showdown $3 Double Up (PHI @ CHI),153790,Showdown Captain Mode,3.0,14,23,1,60.0,2026-09-29 00:15:00+00:00,Mon 8:15PM
196038866,NFL Showdown $3 Double Up (PHI @ CHI),153790,Showdown Captain Mode,3.0,11,23,1,60.0,2026-09-29 00:15:00+00:00,Mon 8:15PM
196038865,NFL Showdown $3 Double Up (PHI @ CHI),153790,Showdown Captain Mode,3.0,11,23,1,60.0,2026-09-29 00:15:00+00:00,Mon 8:15PM
196038864,NFL Showdown $3 Double Up (PHI @ CHI),153790,Showdown Captain Mode,3.0,11,23,1,60.0,2026-09-29 00:15:00+00:00,Mon 8:15PM
196164330,NFL Showdown $1 Double Up (PHI @ CHI),153790,Showdown Captain Mode,1.0,5,62,1,54.0,2026-09-29 00:15:00+00:00,Mon 8:15PM
196164017,NFL Showdown $1 Double Up (PHI @ CHI),153790,Showdown Captain Mode,1.0,7,62,1,54.0,2026-09-29 00:15:00+00:00,Mon 8:15PM
196038967,NFL Showdown $1 Double Up (PHI @ CHI),153790,Showdown Captain Mode,1.0,41,62,1,54.0,2026-09-29 00:15:00+00:00,Mon 8:15PM
196038966,NFL Showdown $1 Double Up (PHI @ CHI),153790,Showdown Captain Mode,1.0,39,62,1,54.0,2026-09-29 00:15:00+00:00,Mon 8:15PM
196038965,NFL Showdown $1 Double Up (PHI @ CHI),153790,Showdown Captain Mode,1.0,37,62,1,54.0,2026-09-29 00:15:00+00:00,Mon 8:15PM
196038964,NFL Showdown $1 Double Up (PHI @ CHI),153790,Showdown Captain Mode,1.0,36,62,1,54.0,2026-09-29 00:15:00+00:00,Mon 8:15PM
196038963,NFL Showdown $1 Double Up (PHI @ CHI),153790,Showdown Captain Mode,1.0,39,62,1,54.0,2026-09-29 00:15:00+00:00,Mon 8:15PM
196038962,NFL Showdown $1 Double Up (PHI @ CHI),153790,Showdown Captain Mode,1.0,33,62,1,54.0,2026-09-29 00:15:00+00:00,Mon 8:15PM
196038961,NFL Showdown $1 Double Up (PHI @ CHI),153790,Showdown Captain Mode,1.0,30,62,1,54.0,2026-09-29 00:15:00+00:00,Mon 8:15PM
196038960,NFL Showdown $1 Double Up (PHI @ CHI),153790,Showdown Captain Mode,1.0,29,62,1,54.0,2026-09-29 00:15:00+00:00,Mon 8:15PM
196038959,NFL Showdown $1 Double Up (PHI @ CHI),153790,Showdown Captain Mode,1.0,28,62,1,54.0,2026-09-29 00:15:00+00:00,Mon 8:15PM
196038958,NFL Showdown $1 Double Up (PHI @ CHI),153790,Showdown Captain Mode,1.0,31,62,1,54.0,2026-09-29 00:15:00+00:00,Mon 8:15PM
196038957,NFL Showdown $1 Double Up (PHI @ CHI),153790,Showdown Captain Mode,1.0,31,62,1,54.0,2026-09-29 00:15:00+00:00,Mon 8:15PM
196038956,NFL Showdown $1 Double Up (PHI @ CHI),153790,Showdown Captain Mode,1.0,30,62,1,54.0,2026-09-29 00:15:00+00:00,Mon 8:15PM
196038955,NFL Showdown $1 Double Up (PHI @ CHI),153790,Showdown Captain Mode,1.0,28,62,1,54.0,2026-09-29 00:15:00+00:00,Mon 8:15PM
196038954,NFL Showdown $1 Double Up (PHI @ CHI),153790,Showdown Captain Mode,1.0,30,62,1,54.0,2026-09-29 00:15:00+00:00,Mon 8:15PM
196038953,NFL Showdown $1 Double Up (PHI @ CHI),153790,Showdown Captain Mode,1.0,17,39,1,34.0,2026-09-29 00:15:00+00:00,Mon 8:15PM
196038952,NFL Showdown $1 Double Up (PHI @ CHI),153790,Showdown Captain Mode,1.0,16,39,1,34.0,2026-09-29 00:15:00+00:00,Mon 8:15PM
196038951,NFL Showdown $1 Double Up (PHI @ CHI),153790,Showdown Captain Mode,1.0,16,39,1,34.0,2026-09-29 00:15:00+00:00,Mon 8:15PM
196038950,NFL Showdown $1 Double Up (PHI @ CHI),153790,Showdown Captain Mode,1.0,21,39,1,34.0,2026-09-29 00:15:00+00:00,Mon 8:15PM
196038949,NFL Showdown $1 Double Up (PHI @ CHI),153790,Showdown Captain Mode,1.0,15,39,1,34.0,2026-09-29 00:15:00+00:00,Mon 8:15PM
196038948,NFL Showdown $1 Double Up (PHI @ CHI),153790,Showdown Captain Mode,1.0,13,39,1,34.0,2026-09-29 00:15:00+00:00,Mon 8:15PM
196038947,NFL Showdown $1 Double Up (PHI @ CHI),153790,Showdown Captain Mode,1.0,15,39,1,34.0,2026-09-29 00:15:00+00:00,Mon 8:15PM
196038946,NFL Showdown $1 Double Up (PHI @ CHI),153790,Showdown Captain Mode,1.0,13,39,1,34.0,2026-09-29 00:15:00+00:00,Mon 8:15PM
196038945,NFL Showdown $1 Double Up (PHI @ CHI),153790,Showdown Captain Mode,1.0,13,39,1,34.0,2026-09-29 00:15:00+00:00,Mon 8:15PM
196038944,NFL Showdown $1 Double Up (PHI @ CHI),153790,Showdown Captain Mode,1.0,13,39,1,34.0,2026-09-29 00:15:00+00:00,Mon 8:15PM
196038943,NFL Showdown $1 Double Up (PHI @ CHI),153790,Showdown Captain Mode,1.0,13,39,1,34.0,2026-09-29 00:15:00+00:00,Mon 8:15PM
196038942,NFL Showdown $1 Double Up (PHI @ CHI),153790,Showdown Captain Mode,1.0,14,39,1,34.0,2026-09-29 00:15:00+00:00,Mon 8:15PM
196164945,NFL Showdown $1 Double Up (PHI @ CHI),153790,Showdown Captain Mode,1.0,0,23,1,20.0,2026-09-29 00:15:00+00:00,Mon 8:15PM
196164366,NFL Showdown $1 Double Up (PHI @ CHI),153790,Showdown Captain Mode,1.0,1,23,1,20.0,2026-09-29 00:15:00+00:00,Mon 8:15PM
196164332,NFL Showdown $1 Double Up (PHI @ CHI),153790,Showdown Captain Mode,1.0,1,23,1,20.0,2026-09-29 00:15:00+00:00,Mon 8:15PM
196039035,NFL Showdown $1 Double Up (PHI @ CHI),153790,Showdown Captain Mode,1.0,15,23,1,20.0,2026-09-29 00:15:00+00:00,Mon 8:15PM
196039034,NFL Showdown $1 Double Up (PHI @ CHI),153790,Showdown Captain Mode,1.0,15,23,1,20.0,2026-09-29 00:15:00+00:00,Mon 8:15PM
196039033,NFL Showdown $1 Double Up (PHI @ CHI),153790,Showdown Captain Mode,1.0,14,23,1,20.0,2026-09-29 00:15:00+00:00,Mon 8:15PM
196039032,NFL Showdown $1 Double Up (PHI @ CHI),153790,Showdown Captain Mode,1.0,18,23,1,20.0,2026-09-29 00:15:00+00:00,Mon 8:15PM
196039031,NFL Showdown $1 Double Up (PHI @ CHI),153790,Showdown Captain Mode,1.0,14,23,1,20.0,2026-09-29 00:15:00+00:00,Mon 8:15PM
196039030,NFL Showdown $1 Double Up (PHI @ CHI),153790,Showdown Captain Mode,1.0,12,23,1,20.0,2026-09-29 00:15:00+00:00,Mon 8:15PM
196039029,NFL Showdown $1 Double Up (PHI @ CHI),153790,Showdown Captain Mode,1.0,14,23,1,20.0,2026-09-29 00:15:00+00:00,Mon 8:15PM
196039028,NFL Showdown $1 Double Up (PHI @ CHI),153790,Showdown Captain Mode,1.0,10,23,1,20.0,2026-09-29 00:15:00+00:00,Mon 8:15PM
196039027,NFL Showdown $1 Double Up (PHI @ CHI),153790,Showdown Captain Mode,1.0,10,23,1,20.0,2026-09-29 00:15:00+00:00,Mon 8:15PM
196039026,NFL Showdown $1 Double Up (PHI @ CHI),153790,Showdown Captain Mode,1.0,13,23,1,20.0,2026-09-29 00:15:00+00:00,Mon 8:15PM
196039012,NFL Showdown $1 Double Up (PHI @ CHI),153790,Showdown Captain Mode,1.0,10,23,1,20.0,2026-09-29 00:15:00+00:00,Mon 8:15PM
196039011,NFL Showdown $1 Double Up (PHI @ CHI),153790,Showdown Captain Mode,1.0,11,23,1,20.0,2026-09-29 00:15:00+00:00,Mon 8:15PM
196039010,NFL Showdown $1 Double Up (PHI @ CHI),153790,Showdown Captain Mode,1.0,10,23,1,20.0,2026-09-29 00:15:00+00:00,Mon 8:15PM
196039009,NFL Showdown $1 Double Up (PHI @ CHI),153790,Showdown Captain Mode,1.0,12,23,1,20.0,2026-09-29 00:15:00+00:00,Mon 8:15PM
196039008,NFL Showdown $1 Double Up (PHI @ CHI),153790,Showdown Captain Mode,1.0,10,23,1,20.0,2026-09-29 00:15:00+00:00,Mon 8:15PM
196039007,NFL Showdown $1 Double Up (PHI @ CHI),153790,Showdown Captain Mode,1.0,11,23,1,20.0,2026-09-29 00:15:00+00:00,Mon 8:15PM
196039006,NFL Showdown $1 Double Up (PHI @ CHI),153790,Showdown Captain Mode,1.0,11,23,1,20.0,2026-09-29 00:15:00+00:00,Mon 8:15PM
196039005,NFL Showdown $1 Double Up (PHI @ CHI),153790,Showdown Captain Mode,1.0,10,23,1,20.0,2026-09-29 00:15:00+00:00,Mon 8:15PM
196039004,NFL Showdown $1 Double Up (PHI @ CHI),153790,Showdown Captain Mode,1.0,10,23,1,20.0,2026-09-29 00:15:00+00:00,Mon 8:15PM
196039003,NFL Showdown $1 Double Up (PHI @ CHI),153790,Showdown Captain Mode,1.0,11,23,1,20.0,2026-09-29 00:15:00+00:00,Mon 8:15PM
196039002,NFL Showdown $1 Double Up (PHI @ CHI),153790,Showdown Captain Mode,1.0,10,23,1,20.0,2026-09-29 00:15:00+00:00,Mon 8:15PM
196039001,NFL Showdown $1 Double Up (PHI @ CHI),153790,Showdown Captain Mode,1.0,10,23,1,20.0,2026-09-29 00:15:00+00:00,Mon 8:15PM
196039000,NFL Showdown $1 Double Up (PHI @ CHI),153790,Showdown Captain Mode,1.0,11,23,1,20.0,2026-09-29 00:15:00+00:00,Mon 8:15PM
196038999,NFL Showdown $1 Double Up (PHI @ CHI),153790,Showdown Captain Mode,1.0,10,23,1,20.0,2026-09-29 00:15:00+00:00,Mon 8:15PM
196038998,NFL Showdown $1 Double Up (PHI @ CHI),153790,Showdown Captain Mode,1.0,10,23,1,20.0,2026-09-29 00:15:00+00:00,Mon 8:15PM
196038997,NFL Showdown $1 Double Up (PHI @ CHI),153790,Showdown Captain Mode,1.0,9,23,1,20.0,2026-09-29 00:15:00+00:00,Mon 8:15PM
196038996,NFL Showdown $1 Double Up (PHI @ CHI),153790,Showdown Captain Mode,1.0,10,23,1,20.0,2026-09-29 00:15:00+00:00,Mon 8:15PM
196038995,NFL Showdown $1 Double Up (PHI @ CHI),153790,Showdown Captain Mode,1.0,10,23,1,20.0,2026-09-29 00:15:00+00:00,Mon 8:15PM
196038893,NFL Showdown $1 Double Up (PHI @ CHI),153790,Showdown Captain Mode,1.0,10,23,1,20.0,2026-09-29 00:15:00+00:00,Mon 8:15PM
196038892,NFL Showdown $1 Double Up (PHI @ CHI),153790,Showdown Captain Mode,1.0,10,23,1,20.0,2026-09-29 00:15:00+00:00,Mon 8:15PM
196038891,NFL Showdown $1 Double Up (PHI @ CHI),153790,Showdown Captain Mode,1.0,10,23,1,20.0,2026-09-29 00:15:00+00:00,Mon 8:15PM
196038890,NFL Showdown $1 Double Up (PHI @ CHI),153790,Showdown Captain Mode,1.0,10,23,1,20.0,2026-09-29 00:15:00+00:00,Mon 8:15PM
196038889,NFL Showdown $1 Double Up (PHI @ CHI),153790,Showdown Captain Mode,1.0,10,23,1,20.0,2026-09-29 00:15:00+00:00,Mon 8:15PM
196038888,NFL Showdown $1 Double Up (PHI @ CHI),153790,Showdown Captain Mode,1.0,10,23,1,20.0,2026-09-29 00:15:00+00:00,Mon 8:15PM
196038887,NFL Showdown $1 Double Up (PHI @ CHI),153790,Showdown Captain Mode,1.0,10,23,1,20.0,2026-09-29 00:15:00+00:00,Mon 8:15PM
196038886,NFL Showdown $1 Double Up (PHI @ CHI),153790,Showdown Captain Mode,1.0,10,23,1,20.0,2026-09-29 00:15:00+00:00,Mon 8:15PM
196038885,NFL Showdown $1 Double Up (PHI @ CHI),153790,Showdown Captain Mode,1.0,11,23,1,20.0,2026-09-29 00:15:00+00:00,Mon 8:15PM
196038884,NFL Showdown $1 Double Up (PHI @ CHI),153790,Showdown Captain Mode,1.0,11,23,1,20.0,2026-09-29 00:15:00+00:00,Mon 8:15PM
196038883,NFL Showdown $1 Double Up (PHI @ CHI),153790,Showdown Captain Mode,1.0,11,23,1,20.0,2026-09-29 00:15:00+00:00,Mon 8:15PM
196038882,NFL Showdown $1 Double Up (PHI @ CHI),153790,Showdown Captain Mode,1.0,10,23,1,20.0,2026-09-29 00:15:00+00:00,Mon 8:15PM
196038881,NFL Showdown $1 Double Up (PHI @ CHI),153790,Showdown Captain Mode,1.0,11,23,1,20.0,2026-09-29 00:15:00+00:00,Mon 8:15PM
196038880,NFL Showdown $1 Double Up (PHI @ CHI),153790,Showdown Captain Mode,1.0,10,23,1,20.0,2026-09-29 00:15:00+00:00,Mon 8:15PM
196038879,NFL Showdown $1 Double Up (PHI @ CHI),153790,Showdown Captain Mode,1.0,11,23,1,20.0,2026-09-29 00:15:00+00:00,Mon 8:15PM
196038878,NFL Showdown $1 Double Up (PHI @ CHI),153790,Showdown Captain Mode,1.0,11,23,1,20.0,2026-09-29 00:15:00+00:00,Mon 8:15PM
196038877,NFL Showdown $1 Double Up (PHI @ CHI),153790,Showdown Captain Mode,1.0,10,23,1,20.0,2026-09-29 00:15:00+00:00,Mon 8:15PM
196038876,NFL Showdown $1 Double Up (PHI @ CHI),153790,Showdown Captain Mode,1.0,11,23,1,20.0,2026-09-29 00:15:00+00:00,Mon 8:15PM
196038875,NFL Showdown $1 Double Up (PHI @ CHI),153790,Showdown Captain Mode,1.0,11,23,1,20.0,2026-09-29 00:15:00+00:00,Mon 8:15PM
196038874,NFL Showdown $1 Double Up (PHI @ CHI),153790,Showdown Captain Mode,1.0,10,23,1,20.0,2026-09-29 00:15:00+00:00,Mon 8:15PM
196038873,NFL Showdown $1 Double Up (PHI @ CHI),153790,Showdown Captain Mode,1.0,10,23,1,20.0,2026-09-29 00:15:00+00:00,Mon 8:15PM
196038872,NFL Showdown $1 Double Up (PHI @ CHI),153790,Showdown Captain Mode,1.0,11,23,1,20.0,2026-09-29 00:15:00+00:00,Mon 8:15PM
196038871,NFL Showdown $1 Double Up (PHI @ CHI),153790,Showdown Captain Mode,1.0,10,23,1,20.0,2026-09-29 00:15:00+00:00,Mon 8:15PM
196038870,NFL Showdown $1 Double Up (PHI @ CHI),153790,Showdown Captain Mode,1.0,11,23,1,20.0,2026-09-29 00:15:00+00:00,Mon 8:15PM
196038869,NFL Showdown $1 Double Up (PHI @ CHI),153790,Showdown Captain Mode,1.0,11,23,1,20.0,2026-09-29 00:15:00+00:00,Mon 8:15PM
196159072,NFL Showdown FREE 200-Player (PHI @ CHI),153790,Showdown Captain Mode,0.0,185,200,1,0.0,2026-09-29 00:15:00+00:00,Mon 8:15PM
196162747,NFL Showdown FREE 100-Player (PHI @ CHI),153790,Showdown Captain Mode,0.0,26,100,1,0.0,2026-09-29 00:15:00+00:00,Mon 8:15PM
196163581,NFL Showdown FREE 50-Player (PHI @ CHI),153790,Showdown Captain Mode,0.0,10,50,1,0.0,2026-09-29 00:15:00+00:00,Mon 8:15PM
196162748,NFL Showdown FREE 50-Player (PHI @ CHI),153790,Showdown Captain Mode,0.0,16,50,1,0.0,2026-09-29 00:15:00+00:00,Mon 8:15PM
196162745,NFL Showdown FREE 40-Player (PHI @ CHI),153790,Showdown Captain Mode,0.0,16,40,1,0.0,2026-09-29 00:15:00+00:00,Mon 8:15PM
196163716,NFL Showdown FREE 25-Player (PHI @ CHI),153790,Showdown Captain Mode,0.0,7,25,1,0.0,2026-09-29 00:15:00+00:00,Mon 8:15PM
196162506,NFL Showdown FREE 20-Player (PHI @ CHI) x2,153790,Showdown Captain Mode,0.0,5,20,1,0.0,2026-09-29 00:15:00+00:00,Mon 8:15PM
196161663,NFL Satellite to $20 NFL Fantasy Football Millionaire (Mon-Thu),153809,Classic,2.0,5,11,1,20.0,2026-09-29 00:15:00+00:00,Mon 8:15PM
196156724,NFL Satellite to $20 NFL Fantasy Football Millionaire (Mon-Thu),153809,Classic,1.0,21,23,1,20.0,2026-09-29 00:15:00+00:00,Mon 8:15PM
196156725,NFL Satellite to $20 NFL Fantasy Football Millionaire (Mon-Thu),153809,Classic,0.25,50,95,2,20.0,2026-09-29 00:15:00+00:00,Mon 8:15PM
196156726,NFL Satellite to $20 NFL Fantasy Football Millionaire (Mon-Thu),153809,Classic,0.1,144,237,7,20.0,2026-09-29 00:15:00+00:00,Mon 8:15PM
196156720,NFL $25 Double Up (Mon-Thu),153809,Classic,25.0,5,11,1,250.0,2026-09-29 00:15:00+00:00,Mon 8:15PM
196156719,NFL $10 Double Up (Mon-Thu),153809,Classic,10.0,8,11,1,100.0,2026-09-29 00:15:00+00:00,Mon 8:15PM
196156718,NFL $5 Double Up (Mon-Thu),153809,Classic,5.0,11,23,1,100.0,2026-09-29 00:15:00+00:00,Mon 8:15PM
196164013,NFL $1 Double Up (Mon-Thu),153809,Classic,1.0,1,23,1,20.0,2026-09-29 00:15:00+00:00,Mon 8:15PM
196156722,NFL $1 Double Up (Mon-Thu),153809,Classic,1.0,18,23,1,20.0,2026-09-29 00:15:00+00:00,Mon 8:15PM
196159073,NFL FREE 200-Player (Mon-Thu),153809,Classic,0.0,80,200,1,0.0,2026-09-29 00:15:00+00:00,Mon 8:15PM
196163924,NFL FREE 50-Player (Mon-Thu),153809,Classic,0.0,5,50,1,0.0,2026-09-29 00:15:00+00:00,Mon 8:15PM
196164285,NFL FREE 25-Player (Mon-Thu),153809,Classic,0.0,4,25,1,0.0,2026-09-29 00:15:00+00:00,Mon 8:15PM
196037956,NFL Single Stat $20 10-Player [Top 2 Win] (PHI @ CHI Total Yards),153808,Single Stat - Total Yards,20.0,4,10,1,180.0,2026-09-29 00:15:00+00:00,Mon 8:15PM
196037955,NFL Single Stat $10 10-Player [Top 2 Win] (PHI @ CHI Total Yards),153808,Single Stat - Total Yards,10.0,3,10,1,90.0,2026-09-29 00:15:00+00:00,Mon 8:15PM
196037954,NFL Single Stat $5 10-Player [Top 2 Win] (PHI @ CHI Total Yards),153808,Single Stat - Total Yards,5.0,6,10,1,45.0,2026-09-29 00:15:00+00:00,Mon 8:15PM
196037953,NFL Single Stat $5 10-Player [Top 2 Win] (PHI @ CHI Total Yards),153808,Single Stat - Total Yards,5.0,4,10,1,45.0,2026-09-29 00:15:00+00:00,Mon 8:15PM
196037952,NFL Single Stat $2 10-Player [Top 2 Win] (PHI @ CHI Total Yards),153808,Single Stat - Total Yards,2.0,4,10,1,18.0,2026-09-29 00:15:00+00:00,Mon 8:15PM
196037951,NFL Single Stat $2 10-Player [Top 2 Win] (PHI @ CHI Total Yards),153808,Single Stat - Total Yards,2.0,4,10,1,18.0,2026-09-29 00:15:00+00:00,Mon 8:15PM
196162166,NFL Single Stat $1 10-Player [Top 2 Win] (PHI @ CHI Total Yards),153808,Single Stat - Total Yards,1.0,1,10,1,9.0,2026-09-29 00:15:00+00:00,Mon 8:15PM
196037949,NFL Single Stat $1 10-Player [Top 2 Win] (PHI @ CHI Total Yards),153808,Single Stat - Total Yards,1.0,7,10,1,9.0,2026-09-29 00:15:00+00:00,Mon 8:15PM
196051130,NFL In-Game $10 Double Up (2H PHI @ CHI),153795,In-Game Showdown (H2),10.0,0,11,1,100.0,2026-09-29 01:15:00+00:00,Mon 9:15PM
196051133,NFL In-Game $1 Double Up (2H PHI @ CHI),153795,In-Game Showdown (H2),1.0,1,23,1,20.0,2026-09-29 01:15:00+00:00,Mon 9:15PM
196163698,NFL In-Game FREE 200-Player (2H PHI @ CHI),153795,In-Game Showdown (H2),0.0,2,200,1,0.0,2026-09-29 01:15:00+00:00,Mon 9:15PM
196051147,NFL In-Game $10 Double Up (4Q PHI @ CHI),153796,In-Game Showdown (Q4),10.0,1,11,1,100.0,2026-09-29 01:45:00+00:00,Mon 9:45PM
196051146,NFL In-Game $1 Double Up (4Q PHI @ CHI),153796,In-Game Showdown (Q4),1.0,1,23,1,20.0,2026-09-29 01:45:00+00:00,Mon 9:45PM
196163727,NFL In-Game FREE 200-Player (4Q PHI @ CHI),153796,In-Game Showdown (Q4),0.0,1,200,1,0.0,2026-09-29 01:45:00+00:00,Mon 9:45PM
196159461,NFL In-Game FREE 6-Player (4Q PHI @ CHI),153796,In-Game Showdown (Q4),0.0,3,6,1,0.0,2026-09-29 01:45:00+00:00,Mon 9:45PM
196162742,NFL FREE 100-Player,154078,Classic,0.0,48,100,1,0.0,2026-10-04 17:00:00+00:00,Sun 1:00PM
196163082,NFL Snake Showdown $10 4-Player (PHI @ CHI Snake),153802,Snake Showdown,10.0,2,4,1,36.0,2026-09-29 00:05:00+00:00,Mon 8:05PM
196163136,NFL Snake Showdown $10 4-Player (PHI @ CHI Snake),153802,Snake Showdown,10.0,1,4,1,36.0,2026-09-29 00:05:00+00:00,Mon 8:05PM
196164447,NFL Snake Showdown $10 4-Player (PHI @ CHI Snake),153802,Snake Showdown,10.0,1,4,1,36.0,2026-09-29 00:05:00+00:00,Mon 8:05PM
196163778,NFL Snake Showdown $5 4-Player (PHI @ CHI Snake),153802,Snake Showdown,5.0,1,4,1,18.0,2026-09-29 00:05:00+00:00,Mon 8:05PM
196164328,NFL Snake Showdown $5 4-Player (PHI @ CHI Snake),153802,Snake Showdown,5.0,1,4,1,18.0,2026-09-29 00:05:00+00:00,Mon 8:05PM
196162171,NFL Snake Showdown $20 4-Player (PHI @ CHI Snake),153802,Snake Showdown,20.0,2,4,1,72.0,2026-09-29 00:05:00+00:00,Mon 8:05PM
196163817,NFL Snake Showdown $20 4-Player (PHI @ CHI Snake),153802,Snake Showdown,20.0,1,4,1,72.0,2026-09-29 00:05:00+00:00,Mon 8:05PM
196163528,NFL Snake Showdown $50 4-Player (PHI @ CHI Snake),153802,Snake Showdown,50.0,1,4,1,180.0,2026-09-29 00:05:00+00:00,Mon 8:05PM
196160420,NFL Snake Showdown $109 4-Player (PHI @ CHI Snake),153802,Snake Showdown,109.0,1,4,1,400.0,2026-09-29 00:05:00+00:00,Mon 8:05PM
196037852,NFL Snake Showdown $530 4-Player (PHI @ CHI Snake),153802,Snake Showdown,530.0,1,4,1,2000.0,2026-09-29 00:05:00+00:00,Mon 8:05PM
196163583,NFL Snake Showdown $1 4-Player (PHI @ CHI Snake),153802,Snake Showdown,1.0,0,4,1,3.6,2026-09-29 00:05:00+00:00,Mon 8:05PM
196164331,NFL Snake Showdown $1 4-Player (PHI @ CHI Snake),153802,Snake Showdown,1.0,0,4,1,3.6,2026-09-29 00:05:00+00:00,Mon 8:05PM
196165004,NFL Snake Showdown $1 4-Player (PHI @ CHI Snake),153802,Snake Showdown,1.0,0,4,1,3.6,2026-09-29 00:05:00+00:00,Mon 8:05PM
196164791,NFL Snake Showdown $5 4-Player (PHI @ CHI Snake),153802,Snake Showdown,5.0,0,4,1,18.0,2026-09-29 00:05:00+00:00,Mon 8:05PM
196164654,NFL Snake Showdown $20 4-Player (PHI @ CHI Snake),153802,Snake Showdown,20.0,0,4,1,72.0,2026-09-29 00:05:00+00:00,Mon 8:05PM
196164902,NFL Snake Showdown $10 3-Player (PHI @ CHI Snake),153802,Snake Showdown,10.0,1,3,1,27.0,2026-09-29 00:07:00+00:00,Mon 8:07PM
196164335,NFL Snake Showdown $20 3-Player (PHI @ CHI Snake),153802,Snake Showdown,20.0,1,3,1,54.0,2026-09-29 00:07:00+00:00,Mon 8:07PM
196037842,NFL Snake Showdown $50 3-Player (PHI @ CHI Snake),153802,Snake Showdown,50.0,1,3,1,135.0,2026-09-29 00:07:00+00:00,Mon 8:07PM
196037843,NFL Snake Showdown $50 3-Player (PHI @ CHI Snake),153802,Snake Showdown,50.0,1,3,1,135.0,2026-09-29 00:07:00+00:00,Mon 8:07PM
196163073,NFL Snake Showdown $50 3-Player (PHI @ CHI Snake),153802,Snake Showdown,50.0,1,3,1,135.0,2026-09-29 00:07:00+00:00,Mon 8:07PM
196161693,NFL Snake Showdown $109 3-Player (PHI @ CHI Snake),153802,Snake Showdown,109.0,1,3,1,300.0,2026-09-29 00:07:00+00:00,Mon 8:07PM
196162512,NFL Snake Showdown $109 3-Player (PHI @ CHI Snake),153802,Snake Showdown,109.0,1,3,1,300.0,2026-09-29 00:07:00+00:00,Mon 8:07PM
196164445,NFL Snake Showdown $109 3-Player (PHI @ CHI Snake),153802,Snake Showdown,109.0,1,3,1,300.0,2026-09-29 00:07:00+00:00,Mon 8:07PM
196037850,NFL Snake Showdown $530 3-Player (PHI @ CHI Snake),153802,Snake Showdown,530.0,1,3,1,1500.0,2026-09-29 00:07:00+00:00,Mon 8:07PM
196037851,NFL Snake Showdown $530 3-Player (PHI @ CHI Snake),153802,Snake Showdown,530.0,1,3,1,1500.0,2026-09-29 00:07:00+00:00,Mon 8:07PM
196037853,"NFL Snake Showdown $1,060 3-Player (PHI @ CHI Snake)",153802,Snake Showdown,1060.0,1,3,1,3000.0,2026-09-29 00:07:00+00:00,Mon 8:07PM
196164946,NFL Snake Showdown $10 3-Player (PHI @ CHI Snake),153802,Snake Showdown,10.0,0,3,1,27.0,2026-09-29 00:07:00+00:00,Mon 8:07PM
196164982,NFL Snake Showdown $10 3-Player (PHI @ CHI Snake),153802,Snake Showdown,10.0,0,3,1,27.0,2026-09-29 00:07:00+00:00,Mon 8:07PM
196164637,NFL Snake Showdown $1 3-Player (PHI @ CHI Snake),153802,Snake Showdown,1.0,0,3,1,2.7,2026-09-29 00:07:00+00:00,Mon 8:07PM
196164652,NFL Snake Showdown $1 3-Player (PHI @ CHI Snake),153802,Snake Showdown,1.0,0,3,1,2.7,2026-09-29 00:07:00+00:00,Mon 8:07PM
196164750,NFL Snake Showdown $1 3-Player (PHI @ CHI Snake),153802,Snake Showdown,1.0,0,3,1,2.7,2026-09-29 00:07:00+00:00,Mon 8:07PM
196164571,NFL Snake Showdown $5 3-Player (PHI @ CHI Snake),153802,Snake Showdown,5.0,0,3,1,13.5,2026-09-29 00:07:00+00:00,Mon 8:07PM
196164653,NFL Snake Showdown $5 3-Player (PHI @ CHI Snake),153802,Snake Showdown,5.0,0,3,1,13.5,2026-09-29 00:07:00+00:00,Mon 8:07PM
196164852,NFL Snake Showdown $5 3-Player (PHI @ CHI Snake),153802,Snake Showdown,5.0,0,3,1,13.5,2026-09-29 00:07:00+00:00,Mon 8:07PM
196164643,NFL Snake Showdown $20 3-Player (PHI @ CHI Snake),153802,Snake Showdown,20.0,0,3,1,54.0,2026-09-29 00:07:00+00:00,Mon 8:07PM
196164793,NFL Snake Showdown $20 3-Player (PHI @ CHI Snake),153802,Snake Showdown,20.0,0,3,1,54.0,2026-09-29 00:07:00+00:00,Mon 8:07PM
196037854,"NFL Snake Showdown $2,120 3-Player (PHI @ CHI Snake)",153802,Snake Showdown,2120.0,0,3,1,6000.0,2026-09-29 00:07:00+00:00,Mon 8:07PM
196037855,"NFL Snake Showdown $5,300 3-Player (PHI @ CHI Snake)",153802,Snake Showdown,5300.0,0,3,1,15000.0,2026-09-29 00:07:00+00:00,Mon 8:07PM
196037856,"NFL Snake Showdown $10,600 3-Player (PHI @ CHI Snake)",153802,Snake Showdown,10600.0,0,3,1,30000.0,2026-09-29 00:07:00+00:00,Mon 8:07PM
196040043,LAST SHOT: NFL Showdown Satellite to MLB 9-29 $20 Postseason Opener [Must Fill] (PHI @ CHI),153790,Showdown Captain Mode,7.4,2,3,1,20.0,2026-09-29 00:15:00+00:00,Mon 8:15PM
196040030,NFL Showdown Satellite to NBA Best Ball $20 Shootaround [Must Fill] (PHI @ CHI),153790,Showdown Captain Mode,7.4,1,3,1,20.0,2026-09-29 00:15:00+00:00,Mon 8:15PM
196040057,NFL Showdown Satellite to NBA 10-20 $20 Opening Tip Off [Must Fill] (PHI @ CHI),153790,Showdown Captain Mode,7.4,2,3,1,20.0,2026-09-29 00:15:00+00:00,Mon 8:15PM
196039840,Casual NFL Showdown $5 50-50 (PHI @ CHI),153790,Showdown Captain Mode,5.0,1,10,1,45.0,2026-09-29 00:15:00+00:00,Mon 8:15PM
196039860,Casual NFL Showdown $5 5-Player (PHI @ CHI),153790,Showdown Captain Mode,5.0,1,5,1,22.5,2026-09-29 00:15:00+00:00,Mon 8:15PM
196039866,Casual NFL Showdown $2 5-Player (PHI @ CHI),153790,Showdown Captain Mode,2.0,1,5,1,9.0,2026-09-29 00:15:00+00:00,Mon 8:15PM
196039846,Casual NFL Showdown $1 50-50 (PHI @ CHI),153790,Showdown Captain Mode,1.0,2,10,1,9.0,2026-09-29 00:15:00+00:00,Mon 8:15PM
196039784,Beginner NFL Showdown $50 5-Player (PHI @ CHI),153790,Showdown Captain Mode,50.0,1,5,1,225.0,2026-09-29 00:15:00+00:00,Mon 8:15PM
196039782,Beginner NFL Showdown $50 3-Player (PHI @ CHI),153790,Showdown Captain Mode,50.0,1,3,1,135.0,2026-09-29 00:15:00+00:00,Mon 8:15PM
196039783,Beginner NFL Showdown $50 3-Player (PHI @ CHI),153790,Showdown Captain Mode,50.0,1,3,1,135.0,2026-09-29 00:15:00+00:00,Mon 8:15PM
196039755,Beginner NFL Showdown $3 50-50 (PHI @ CHI),153790,Showdown Captain Mode,3.0,1,10,1,27.0,2026-09-29 00:15:00+00:00,Mon 8:15PM
196039740,Beginner NFL Showdown $2 5-Player (PHI @ CHI),153790,Showdown Captain Mode,2.0,1,5,1,9.0,2026-09-29 00:15:00+00:00,Mon 8:15PM
196039741,Beginner NFL Showdown $2 5-Player (PHI @ CHI),153790,Showdown Captain Mode,2.0,1,5,1,9.0,2026-09-29 00:15:00+00:00,Mon 8:15PM
196039788,"NFL Showdown $10,600 3-Player (PHI @ CHI)",153790,Showdown Captain Mode,10600.0,1,3,1,30000.0,2026-09-29 00:15:00+00:00,Mon 8:15PM
196039789,"NFL Showdown $10,600 3-Player (PHI @ CHI)",153790,Showdown Captain Mode,10600.0,1,3,1,30000.0,2026-09-29 00:15:00+00:00,Mon 8:15PM
196151214,"NFL Showdown $10,600 3-Player (PHI @ CHI)",153790,Showdown Captain Mode,10600.0,1,3,1,30000.0,2026-09-29 00:15:00+00:00,Mon 8:15PM
196151215,"NFL Showdown $10,600 3-Player (PHI @ CHI)",153790,Showdown Captain Mode,10600.0,1,3,1,30000.0,2026-09-29 00:15:00+00:00,Mon 8:15PM
196039790,"NFL Showdown $5,300 3-Player (PHI @ CHI)",153790,Showdown Captain Mode,5300.0,1,3,1,15000.0,2026-09-29 00:15:00+00:00,Mon 8:15PM
196039791,"NFL Showdown $5,300 3-Player (PHI @ CHI)",153790,Showdown Captain Mode,5300.0,1,3,1,15000.0,2026-09-29 00:15:00+00:00,Mon 8:15PM
196151216,"NFL Showdown $5,300 3-Player (PHI @ CHI)",153790,Showdown Captain Mode,5300.0,1,3,1,15000.0,2026-09-29 00:15:00+00:00,Mon 8:15PM
196151217,"NFL Showdown $5,300 3-Player (PHI @ CHI)",153790,Showdown Captain Mode,5300.0,1,3,1,15000.0,2026-09-29 00:15:00+00:00,Mon 8:15PM
196039822,"NFL Showdown $2,120 3-Player (PHI @ CHI)",153790,Showdown Captain Mode,2120.0,1,3,1,6000.0,2026-09-29 00:15:00+00:00,Mon 8:15PM
196039823,"NFL Showdown $2,120 3-Player (PHI @ CHI)",153790,Showdown Captain Mode,2120.0,1,3,1,6000.0,2026-09-29 00:15:00+00:00,Mon 8:15PM
196039796,"NFL Showdown $1,060 3-Player (PHI @ CHI)",153790,Showdown Captain Mode,1060.0,1,3,1,3000.0,2026-09-29 00:15:00+00:00,Mon 8:15PM
196039797,"NFL Showdown $1,060 3-Player (PHI @ CHI)",153790,Showdown Captain Mode,1060.0,1,3,1,3000.0,2026-09-29 00:15:00+00:00,Mon 8:15PM
196151218,"NFL Showdown $1,060 3-Player (PHI @ CHI)",153790,Showdown Captain Mode,1060.0,1,3,1,3000.0,2026-09-29 00:15:00+00:00,Mon 8:15PM
196151219,"NFL Showdown $1,060 3-Player (PHI @ CHI)",153790,Showdown Captain Mode,1060.0,1,3,1,3000.0,2026-09-29 00:15:00+00:00,Mon 8:15PM
196039800,NFL Showdown $530 3-Player (PHI @ CHI),153790,Showdown Captain Mode,530.0,1,3,1,1500.0,2026-09-29 00:15:00+00:00,Mon 8:15PM
196039801,NFL Showdown $530 3-Player (PHI @ CHI),153790,Showdown Captain Mode,530.0,1,3,1,1500.0,2026-09-29 00:15:00+00:00,Mon 8:15PM
196151220,NFL Showdown $530 3-Player (PHI @ CHI),153790,Showdown Captain Mode,530.0,1,3,1,1500.0,2026-09-29 00:15:00+00:00,Mon 8:15PM
196151221,NFL Showdown $530 3-Player (PHI @ CHI),153790,Showdown Captain Mode,530.0,1,3,1,1500.0,2026-09-29 00:15:00+00:00,Mon 8:15PM
196039897,NFL Showdown $270 50-50 (PHI @ CHI),153790,Showdown Captain Mode,270.0,2,4,1,1000.0,2026-09-29 00:15:00+00:00,Mon 8:15PM
196039898,NFL Showdown $270 50-50 (PHI @ CHI),153790,Showdown Captain Mode,270.0,2,4,1,1000.0,2026-09-29 00:15:00+00:00,Mon 8:15PM
196039803,NFL Showdown $270 3-Player (PHI @ CHI),153790,Showdown Captain Mode,270.0,1,3,1,750.0,2026-09-29 00:15:00+00:00,Mon 8:15PM
196039689,NFL Showdown $162 50-50 (PHI @ CHI),153790,Showdown Captain Mode,162.0,2,4,1,600.0,2026-09-29 00:15:00+00:00,Mon 8:15PM
196039690,NFL Showdown $162 50-50 (PHI @ CHI),153790,Showdown Captain Mode,162.0,2,4,1,600.0,2026-09-29 00:15:00+00:00,Mon 8:15PM
196039699,NFL Showdown $162 3-Player (PHI @ CHI),153790,Showdown Captain Mode,162.0,1,3,1,450.0,2026-09-29 00:15:00+00:00,Mon 8:15PM
196039700,NFL Showdown $162 3-Player (PHI @ CHI),153790,Showdown Captain Mode,162.0,1,3,1,450.0,2026-09-29 00:15:00+00:00,Mon 8:15PM
196039701,NFL Showdown $162 3-Player (PHI @ CHI),153790,Showdown Captain Mode,162.0,1,3,1,450.0,2026-09-29 00:15:00+00:00,Mon 8:15PM
196151211,NFL Showdown $162 3-Player (PHI @ CHI),153790,Showdown Captain Mode,162.0,1,3,1,450.0,2026-09-29 00:15:00+00:00,Mon 8:15PM
196039804,NFL Showdown $109 50-50 (PHI @ CHI),153790,Showdown Captain Mode,109.0,2,4,1,400.0,2026-09-29 00:15:00+00:00,Mon 8:15PM
196039805,NFL Showdown $109 50-50 (PHI @ CHI),153790,Showdown Captain Mode,109.0,2,4,1,400.0,2026-09-29 00:15:00+00:00,Mon 8:15PM
196160432,NFL Showdown $109 5-Player (Winner Takes All) (PHI @ CHI),153790,Showdown Captain Mode,109.0,1,5,1,500.0,2026-09-29 00:15:00+00:00,Mon 8:15PM
196163814,NFL Showdown $109 5-Player (Winner Takes All) (PHI @ CHI),153790,Showdown Captain Mode,109.0,1,5,1,500.0,2026-09-29 00:15:00+00:00,Mon 8:15PM
196039809,NFL Showdown $109 3-Player (PHI @ CHI),153790,Showdown Captain Mode,109.0,1,3,1,300.0,2026-09-29 00:15:00+00:00,Mon 8:15PM
196039810,NFL Showdown $109 3-Player (PHI @ CHI),153790,Showdown Captain Mode,109.0,1,3,1,300.0,2026-09-29 00:15:00+00:00,Mon 8:15PM
196039811,NFL Showdown $109 3-Player (PHI @ CHI),153790,Showdown Captain Mode,109.0,1,3,1,300.0,2026-09-29 00:15:00+00:00,Mon 8:15PM
196161672,NFL Showdown $109 3-Player (Winner Takes All) (PHI @ CHI),153790,Showdown Captain Mode,109.0,2,3,1,300.0,2026-09-29 00:15:00+00:00,Mon 8:15PM
196039648,NFL Showdown $50 50-50 (PHI @ CHI),153790,Showdown Captain Mode,50.0,2,4,1,180.0,2026-09-29 00:15:00+00:00,Mon 8:15PM
196039649,NFL Showdown $50 50-50 (PHI @ CHI),153790,Showdown Captain Mode,50.0,2,4,1,180.0,2026-09-29 00:15:00+00:00,Mon 8:15PM
196039650,NFL Showdown $50 50-50 (PHI @ CHI),153790,Showdown Captain Mode,50.0,2,4,1,180.0,2026-09-29 00:15:00+00:00,Mon 8:15PM
196039885,NFL Showdown $50 Double Up (PHI @ CHI),153790,Showdown Captain Mode,50.0,1,22,1,1000.0,2026-09-29 00:15:00+00:00,Mon 8:15PM
196039884,NFL Showdown $50 Double Up (PHI @ CHI),153790,Showdown Captain Mode,50.0,1,11,1,500.0,2026-09-29 00:15:00+00:00,Mon 8:15PM
196039655,NFL Showdown $50 3-Player (PHI @ CHI),153790,Showdown Captain Mode,50.0,1,3,1,135.0,2026-09-29 00:15:00+00:00,Mon 8:15PM
196039656,NFL Showdown $50 3-Player (PHI @ CHI),153790,Showdown Captain Mode,50.0,1,3,1,135.0,2026-09-29 00:15:00+00:00,Mon 8:15PM
196039883,NFL Showdown $25 Double Up (PHI @ CHI),153790,Showdown Captain Mode,25.0,1,22,1,500.0,2026-09-29 00:15:00+00:00,Mon 8:15PM
196039882,NFL Showdown $25 Double Up (PHI @ CHI),153790,Showdown Captain Mode,25.0,1,11,1,250.0,2026-09-29 00:15:00+00:00,Mon 8:15PM
196039896,NFL Showdown $20 100-Player (PHI @ CHI),153790,Showdown Captain Mode,20.0,4,100,1,1800.0,2026-09-29 00:15:00+00:00,Mon 8:15PM
196041621,NFL Showdown $20 100-Player (PHI @ CHI),153790,Showdown Captain Mode,20.0,1,100,1,1800.0,2026-09-29 00:15:00+00:00,Mon 8:15PM
196078487,NFL Showdown $20 100-Player (PHI @ CHI),153790,Showdown Captain Mode,20.0,1,100,1,1800.0,2026-09-29 00:15:00+00:00,Mon 8:15PM
196149528,NFL Showdown $20 100-Player (PHI @ CHI),153790,Showdown Captain Mode,20.0,1,100,1,1800.0,2026-09-29 00:15:00+00:00,Mon 8:15PM
196163734,NFL Showdown $20 10-Player (Winner Takes All) (PHI @ CHI),153790,Showdown Captain Mode,20.0,4,10,1,180.0,2026-09-29 00:15:00+00:00,Mon 8:15PM
196151208,NFL Showdown $20 3-Player (PHI @ CHI),153790,Showdown Captain Mode,20.0,1,3,1,54.0,2026-09-29 00:15:00+00:00,Mon 8:15PM
196039880,NFL Showdown $10 Double Up (PHI @ CHI),153790,Showdown Captain Mode,10.0,1,11,1,100.0,2026-09-29 00:15:00+00:00,Mon 8:15PM
196039881,NFL Showdown $10 Double Up (PHI @ CHI),153790,Showdown Captain Mode,10.0,1,11,1,100.0,2026-09-29 00:15:00+00:00,Mon 8:15PM
196092262,NFL Showdown $10 3-Player (PHI @ CHI),153790,Showdown Captain Mode,10.0,2,3,1,27.0,2026-09-29 00:15:00+00:00,Mon 8:15PM
196039886,NFL Showdown $5 Double Up (PHI @ CHI),153790,Showdown Captain Mode,5.0,2,11,1,50.0,2026-09-29 00:15:00+00:00,Mon 8:15PM
196039887,NFL Showdown $5 Double Up (PHI @ CHI),153790,Showdown Captain Mode,5.0,1,11,1,50.0,2026-09-29 00:15:00+00:00,Mon 8:15PM
196161965,NFL Showdown $5 Double Up (PHI @ CHI),153790,Showdown Captain Mode,5.0,1,11,1,50.0,2026-09-29 00:15:00+00:00,Mon 8:15PM
196162526,NFL Showdown $5 16-Player (Winner Takes All) (PHI @ CHI),153790,Showdown Captain Mode,5.0,3,16,1,72.0,2026-09-29 00:15:00+00:00,Mon 8:15PM
196039622,NFL Showdown $5 10-Player (PHI @ CHI),153790,Showdown Captain Mode,5.0,4,10,1,45.0,2026-09-29 00:15:00+00:00,Mon 8:15PM
196162537,NFL Showdown $5 10-Player (Top 2 Win) (PHI @ CHI),153790,Showdown Captain Mode,5.0,2,10,1,45.0,2026-09-29 00:15:00+00:00,Mon 8:15PM
196162890,NFL Showdown $5 6-Player (Top 3 Win) (PHI @ CHI),153790,Showdown Captain Mode,5.0,2,6,1,27.0,2026-09-29 00:15:00+00:00,Mon 8:15PM
196039665,NFL Showdown $5 3-Player (PHI @ CHI),153790,Showdown Captain Mode,5.0,1,3,1,13.5,2026-09-29 00:15:00+00:00,Mon 8:15PM
196039666,NFL Showdown $5 3-Player (PHI @ CHI),153790,Showdown Captain Mode,5.0,1,3,1,13.5,2026-09-29 00:15:00+00:00,Mon 8:15PM
196039667,NFL Showdown $5 3-Player (PHI @ CHI),153790,Showdown Captain Mode,5.0,2,3,1,13.5,2026-09-29 00:15:00+00:00,Mon 8:15PM
196151203,NFL Showdown $5 3-Player (PHI @ CHI),153790,Showdown Captain Mode,5.0,1,3,1,13.5,2026-09-29 00:15:00+00:00,Mon 8:15PM
196039643,NFL Showdown $5 3-Player (PHI @ CHI),153790,Showdown Captain Mode,5.0,2,3,1,13.5,2026-09-29 00:15:00+00:00,Mon 8:15PM
196039644,NFL Showdown $5 3-Player (PHI @ CHI),153790,Showdown Captain Mode,5.0,1,3,1,13.5,2026-09-29 00:15:00+00:00,Mon 8:15PM
196039645,NFL Showdown $5 3-Player (PHI @ CHI),153790,Showdown Captain Mode,5.0,2,3,1,13.5,2026-09-29 00:15:00+00:00,Mon 8:15PM
196039888,NFL Showdown $3 Double Up (PHI @ CHI),153790,Showdown Captain Mode,3.0,1,11,1,30.0,2026-09-29 00:15:00+00:00,Mon 8:15PM
196039889,NFL Showdown $3 Double Up (PHI @ CHI),153790,Showdown Captain Mode,3.0,1,11,1,30.0,2026-09-29 00:15:00+00:00,Mon 8:15PM
196047597,NFL Showdown $3 Double Up (PHI @ CHI),153790,Showdown Captain Mode,3.0,1,11,1,30.0,2026-09-29 00:15:00+00:00,Mon 8:15PM
196047598,NFL Showdown $3 Double Up (PHI @ CHI),153790,Showdown Captain Mode,3.0,1,11,1,30.0,2026-09-29 00:15:00+00:00,Mon 8:15PM
196146387,NFL Showdown $3 Double Up (PHI @ CHI),153790,Showdown Captain Mode,3.0,1,11,1,30.0,2026-09-29 00:15:00+00:00,Mon 8:15PM
196146388,NFL Showdown $3 Double Up (PHI @ CHI),153790,Showdown Captain Mode,3.0,1,11,1,30.0,2026-09-29 00:15:00+00:00,Mon 8:15PM
196162969,NFL Showdown $3 Double Up (PHI @ CHI),153790,Showdown Captain Mode,3.0,1,11,1,30.0,2026-09-29 00:15:00+00:00,Mon 8:15PM
196039787,NFL Showdown $2 50-50 (PHI @ CHI),153790,Showdown Captain Mode,2.0,1,100,1,180.0,2026-09-29 00:15:00+00:00,Mon 8:15PM
196047593,NFL Showdown $2 50-50 (PHI @ CHI),153790,Showdown Captain Mode,2.0,1,100,1,180.0,2026-09-29 00:15:00+00:00,Mon 8:15PM
196039818,NFL Showdown $2 50-50 (PHI @ CHI),153790,Showdown Captain Mode,2.0,1,50,1,90.0,2026-09-29 00:15:00+00:00,Mon 8:15PM
196047596,NFL Showdown $2 50-50 (PHI @ CHI),153790,Showdown Captain Mode,2.0,1,50,1,90.0,2026-09-29 00:15:00+00:00,Mon 8:15PM
196039808,NFL Showdown $2 50-50 (PHI @ CHI),153790,Showdown Captain Mode,2.0,3,20,1,36.0,2026-09-29 00:15:00+00:00,Mon 8:15PM
196047594,NFL Showdown $2 50-50 (PHI @ CHI),153790,Showdown Captain Mode,2.0,2,20,1,36.0,2026-09-29 00:15:00+00:00,Mon 8:15PM
196039640,NFL Showdown $2 50-50 (PHI @ CHI),153790,Showdown Captain Mode,2.0,2,20,1,36.0,2026-09-29 00:15:00+00:00,Mon 8:15PM
196039641,NFL Showdown $2 50-50 (PHI @ CHI),153790,Showdown Captain Mode,2.0,2,20,1,36.0,2026-09-29 00:15:00+00:00,Mon 8:15PM
196039642,NFL Showdown $2 50-50 (PHI @ CHI),153790,Showdown Captain Mode,2.0,1,20,1,36.0,2026-09-29 00:15:00+00:00,Mon 8:15PM
196047582,NFL Showdown $2 50-50 (PHI @ CHI),153790,Showdown Captain Mode,2.0,1,20,1,36.0,2026-09-29 00:15:00+00:00,Mon 8:15PM
196047583,NFL Showdown $2 50-50 (PHI @ CHI),153790,Showdown Captain Mode,2.0,1,20,1,36.0,2026-09-29 00:15:00+00:00,Mon 8:15PM
196047584,NFL Showdown $2 50-50 (PHI @ CHI),153790,Showdown Captain Mode,2.0,2,20,1,36.0,2026-09-29 00:15:00+00:00,Mon 8:15PM
196039777,NFL Showdown $2 50-50 (PHI @ CHI),153790,Showdown Captain Mode,2.0,2,10,1,18.0,2026-09-29 00:15:00+00:00,Mon 8:15PM
196039778,NFL Showdown $2 50-50 (PHI @ CHI),153790,Showdown Captain Mode,2.0,2,10,1,18.0,2026-09-29 00:15:00+00:00,Mon 8:15PM
196039779,NFL Showdown $2 50-50 (PHI @ CHI),153790,Showdown Captain Mode,2.0,2,10,1,18.0,2026-09-29 00:15:00+00:00,Mon 8:15PM
196047628,NFL Showdown $2 50-50 (PHI @ CHI),153790,Showdown Captain Mode,2.0,2,10,1,18.0,2026-09-29 00:15:00+00:00,Mon 8:15PM
196047629,NFL Showdown $2 50-50 (PHI @ CHI),153790,Showdown Captain Mode,2.0,2,10,1,18.0,2026-09-29 00:15:00+00:00,Mon 8:15PM
196047630,NFL Showdown $2 50-50 (PHI @ CHI),153790,Showdown Captain Mode,2.0,2,10,1,18.0,2026-09-29 00:15:00+00:00,Mon 8:15PM
196039893,NFL Showdown $2 100-Player (PHI @ CHI),153790,Showdown Captain Mode,2.0,1,100,1,180.0,2026-09-29 00:15:00+00:00,Mon 8:15PM
196047600,NFL Showdown $2 100-Player (PHI @ CHI),153790,Showdown Captain Mode,2.0,3,100,1,180.0,2026-09-29 00:15:00+00:00,Mon 8:15PM
196085449,NFL Showdown $2 100-Player (PHI @ CHI),153790,Showdown Captain Mode,2.0,2,100,1,180.0,2026-09-29 00:15:00+00:00,Mon 8:15PM
196094794,NFL Showdown $2 100-Player (PHI @ CHI),153790,Showdown Captain Mode,2.0,1,100,1,180.0,2026-09-29 00:15:00+00:00,Mon 8:15PM
196039716,NFL Showdown $2 40-Player (PHI @ CHI),153790,Showdown Captain Mode,2.0,1,40,1,72.0,2026-09-29 00:15:00+00:00,Mon 8:15PM
196039717,NFL Showdown $2 40-Player (PHI @ CHI),153790,Showdown Captain Mode,2.0,1,40,1,72.0,2026-09-29 00:15:00+00:00,Mon 8:15PM
196047590,NFL Showdown $2 40-Player (PHI @ CHI),153790,Showdown Captain Mode,2.0,1,40,1,72.0,2026-09-29 00:15:00+00:00,Mon 8:15PM
196047591,NFL Showdown $2 40-Player (PHI @ CHI),153790,Showdown Captain Mode,2.0,1,40,1,72.0,2026-09-29 00:15:00+00:00,Mon 8:15PM
196039711,NFL Showdown $2 20-Player (PHI @ CHI),153790,Showdown Captain Mode,2.0,1,20,1,36.0,2026-09-29 00:15:00+00:00,Mon 8:15PM
196039712,NFL Showdown $2 20-Player (PHI @ CHI),153790,Showdown Captain Mode,2.0,1,20,1,36.0,2026-09-29 00:15:00+00:00,Mon 8:15PM
196039713,NFL Showdown $2 20-Player (PHI @ CHI),153790,Showdown Captain Mode,2.0,1,20,1,36.0,2026-09-29 00:15:00+00:00,Mon 8:15PM
196047585,NFL Showdown $2 20-Player (PHI @ CHI),153790,Showdown Captain Mode,2.0,1,20,1,36.0,2026-09-29 00:15:00+00:00,Mon 8:15PM
196047586,NFL Showdown $2 20-Player (PHI @ CHI),153790,Showdown Captain Mode,2.0,1,20,1,36.0,2026-09-29 00:15:00+00:00,Mon 8:15PM
196047587,NFL Showdown $2 20-Player (PHI @ CHI),153790,Showdown Captain Mode,2.0,1,20,1,36.0,2026-09-29 00:15:00+00:00,Mon 8:15PM
196146370,NFL Showdown $2 20-Player (PHI @ CHI),153790,Showdown Captain Mode,2.0,1,20,1,36.0,2026-09-29 00:15:00+00:00,Mon 8:15PM
196039617,NFL Showdown $2 10-Player (PHI @ CHI),153790,Showdown Captain Mode,2.0,1,10,1,18.0,2026-09-29 00:15:00+00:00,Mon 8:15PM
196039618,NFL Showdown $2 10-Player (PHI @ CHI),153790,Showdown Captain Mode,2.0,1,10,1,18.0,2026-09-29 00:15:00+00:00,Mon 8:15PM
196039619,NFL Showdown $2 10-Player (PHI @ CHI),153790,Showdown Captain Mode,2.0,1,10,1,18.0,2026-09-29 00:15:00+00:00,Mon 8:15PM
196047604,NFL Showdown $2 10-Player (PHI @ CHI),153790,Showdown Captain Mode,2.0,1,10,1,18.0,2026-09-29 00:15:00+00:00,Mon 8:15PM
196047605,NFL Showdown $2 10-Player (PHI @ CHI),153790,Showdown Captain Mode,2.0,1,10,1,18.0,2026-09-29 00:15:00+00:00,Mon 8:15PM
196047606,NFL Showdown $2 10-Player (PHI @ CHI),153790,Showdown Captain Mode,2.0,1,10,1,18.0,2026-09-29 00:15:00+00:00,Mon 8:15PM
196154665,NFL Showdown $2 10-Player (Winner Takes All) (PHI @ CHI),153790,Showdown Captain Mode,2.0,6,10,1,18.0,2026-09-29 00:15:00+00:00,Mon 8:15PM
196039614,NFL Showdown $2 5-Player (PHI @ CHI),153790,Showdown Captain Mode,2.0,1,5,1,9.0,2026-09-29 00:15:00+00:00,Mon 8:15PM
196039615,NFL Showdown $2 5-Player (PHI @ CHI),153790,Showdown Captain Mode,2.0,1,5,1,9.0,2026-09-29 00:15:00+00:00,Mon 8:15PM
196039616,NFL Showdown $2 5-Player (PHI @ CHI),153790,Showdown Captain Mode,2.0,1,5,1,9.0,2026-09-29 00:15:00+00:00,Mon 8:15PM
196047601,NFL Showdown $2 5-Player (PHI @ CHI),153790,Showdown Captain Mode,2.0,1,5,1,9.0,2026-09-29 00:15:00+00:00,Mon 8:15PM
196047602,NFL Showdown $2 5-Player (PHI @ CHI),153790,Showdown Captain Mode,2.0,1,5,1,9.0,2026-09-29 00:15:00+00:00,Mon 8:15PM
196047603,NFL Showdown $2 5-Player (PHI @ CHI),153790,Showdown Captain Mode,2.0,2,5,1,9.0,2026-09-29 00:15:00+00:00,Mon 8:15PM
196159855,NFL Showdown $2 5-Player (Winner Takes All) (PHI @ CHI),153790,Showdown Captain Mode,2.0,1,5,1,9.0,2026-09-29 00:15:00+00:00,Mon 8:15PM
196047616,NFL Showdown $2 3-Player (PHI @ CHI),153790,Showdown Captain Mode,2.0,2,3,1,5.4,2026-09-29 00:15:00+00:00,Mon 8:15PM
196047617,NFL Showdown $2 3-Player (PHI @ CHI),153790,Showdown Captain Mode,2.0,1,3,1,5.4,2026-09-29 00:15:00+00:00,Mon 8:15PM
196047618,NFL Showdown $2 3-Player (PHI @ CHI),153790,Showdown Captain Mode,2.0,1,3,1,5.4,2026-09-29 00:15:00+00:00,Mon 8:15PM
196146360,NFL Showdown $2 3-Player (PHI @ CHI),153790,Showdown Captain Mode,2.0,1,3,1,5.4,2026-09-29 00:15:00+00:00,Mon 8:15PM
196146361,NFL Showdown $2 3-Player (PHI @ CHI),153790,Showdown Captain Mode,2.0,1,3,1,5.4,2026-09-29 00:15:00+00:00,Mon 8:15PM
196146362,NFL Showdown $2 3-Player (PHI @ CHI),153790,Showdown Captain Mode,2.0,1,3,1,5.4,2026-09-29 00:15:00+00:00,Mon 8:15PM
196159838,NFL Showdown $2 3-Player (PHI @ CHI),153790,Showdown Captain Mode,2.0,1,3,1,5.4,2026-09-29 00:15:00+00:00,Mon 8:15PM
196039785,NFL Showdown $1 50-50 (PHI @ CHI),153790,Showdown Captain Mode,1.0,3,100,1,90.0,2026-09-29 00:15:00+00:00,Mon 8:15PM
196047592,NFL Showdown $1 50-50 (PHI @ CHI),153790,Showdown Captain Mode,1.0,6,100,1,90.0,2026-09-29 00:15:00+00:00,Mon 8:15PM
196124332,NFL Showdown $1 50-50 (PHI @ CHI),153790,Showdown Captain Mode,1.0,3,100,1,90.0,2026-09-29 00:15:00+00:00,Mon 8:15PM
196039817,NFL Showdown $1 50-50 (PHI @ CHI),153790,Showdown Captain Mode,1.0,1,50,1,45.0,2026-09-29 00:15:00+00:00,Mon 8:15PM
196047595,NFL Showdown $1 50-50 (PHI @ CHI),153790,Showdown Captain Mode,1.0,2,50,1,45.0,2026-09-29 00:15:00+00:00,Mon 8:15PM
196039651,NFL Showdown $1 50-50 (PHI @ CHI),153790,Showdown Captain Mode,1.0,2,20,1,18.0,2026-09-29 00:15:00+00:00,Mon 8:15PM
196039652,NFL Showdown $1 50-50 (PHI @ CHI),153790,Showdown Captain Mode,1.0,3,20,1,18.0,2026-09-29 00:15:00+00:00,Mon 8:15PM
196039653,NFL Showdown $1 50-50 (PHI @ CHI),153790,Showdown Captain Mode,1.0,2,20,1,18.0,2026-09-29 00:15:00+00:00,Mon 8:15PM
196047610,NFL Showdown $1 50-50 (PHI @ CHI),153790,Showdown Captain Mode,1.0,2,20,1,18.0,2026-09-29 00:15:00+00:00,Mon 8:15PM
196047611,NFL Showdown $1 50-50 (PHI @ CHI),153790,Showdown Captain Mode,1.0,2,20,1,18.0,2026-09-29 00:15:00+00:00,Mon 8:15PM
196047612,NFL Showdown $1 50-50 (PHI @ CHI),153790,Showdown Captain Mode,1.0,2,20,1,18.0,2026-09-29 00:15:00+00:00,Mon 8:15PM
196131262,NFL Showdown $1 50-50 (PHI @ CHI),153790,Showdown Captain Mode,1.0,2,20,1,18.0,2026-09-29 00:15:00+00:00,Mon 8:15PM
196039774,NFL Showdown $1 50-50 (PHI @ CHI),153790,Showdown Captain Mode,1.0,5,10,1,9.0,2026-09-29 00:15:00+00:00,Mon 8:15PM
196039775,NFL Showdown $1 50-50 (PHI @ CHI),153790,Showdown Captain Mode,1.0,4,10,1,9.0,2026-09-29 00:15:00+00:00,Mon 8:15PM
196039776,NFL Showdown $1 50-50 (PHI @ CHI),153790,Showdown Captain Mode,1.0,2,10,1,9.0,2026-09-29 00:15:00+00:00,Mon 8:15PM
196047625,NFL Showdown $1 50-50 (PHI @ CHI),153790,Showdown Captain Mode,1.0,2,10,1,9.0,2026-09-29 00:15:00+00:00,Mon 8:15PM
196047626,NFL Showdown $1 50-50 (PHI @ CHI),153790,Showdown Captain Mode,1.0,2,10,1,9.0,2026-09-29 00:15:00+00:00,Mon 8:15PM
196047627,NFL Showdown $1 50-50 (PHI @ CHI),153790,Showdown Captain Mode,1.0,2,10,1,9.0,2026-09-29 00:15:00+00:00,Mon 8:15PM
196039890,NFL Showdown $1 Double Up (PHI @ CHI),153790,Showdown Captain Mode,1.0,2,11,1,10.0,2026-09-29 00:15:00+00:00,Mon 8:15PM
196039891,NFL Showdown $1 Double Up (PHI @ CHI),153790,Showdown Captain Mode,1.0,2,11,1,10.0,2026-09-29 00:15:00+00:00,Mon 8:15PM
196047631,NFL Showdown $1 Double Up (PHI @ CHI),153790,Showdown Captain Mode,1.0,2,11,1,10.0,2026-09-29 00:15:00+00:00,Mon 8:15PM
196047632,NFL Showdown $1 Double Up (PHI @ CHI),153790,Showdown Captain Mode,1.0,2,11,1,10.0,2026-09-29 00:15:00+00:00,Mon 8:15PM
196039892,NFL Showdown $1 100-Player (PHI @ CHI),153790,Showdown Captain Mode,1.0,1,100,1,90.0,2026-09-29 00:15:00+00:00,Mon 8:15PM
196047599,NFL Showdown $1 100-Player (PHI @ CHI),153790,Showdown Captain Mode,1.0,1,100,1,90.0,2026-09-29 00:15:00+00:00,Mon 8:15PM
196039714,NFL Showdown $1 40-Player (PHI @ CHI),153790,Showdown Captain Mode,1.0,1,40,1,36.0,2026-09-29 00:15:00+00:00,Mon 8:15PM
196039715,NFL Showdown $1 40-Player (PHI @ CHI),153790,Showdown Captain Mode,1.0,1,40,1,36.0,2026-09-29 00:15:00+00:00,Mon 8:15PM
196047588,NFL Showdown $1 40-Player (PHI @ CHI),153790,Showdown Captain Mode,1.0,1,40,1,36.0,2026-09-29 00:15:00+00:00,Mon 8:15PM
196047589,NFL Showdown $1 40-Player (PHI @ CHI),153790,Showdown Captain Mode,1.0,1,40,1,36.0,2026-09-29 00:15:00+00:00,Mon 8:15PM
196039708,NFL Showdown $1 20-Player (PHI @ CHI),153790,Showdown Captain Mode,1.0,1,20,1,18.0,2026-09-29 00:15:00+00:00,Mon 8:15PM
196039709,NFL Showdown $1 20-Player (PHI @ CHI),153790,Showdown Captain Mode,1.0,1,20,1,18.0,2026-09-29 00:15:00+00:00,Mon 8:15PM
196039710,NFL Showdown $1 20-Player (PHI @ CHI),153790,Showdown Captain Mode,1.0,1,20,1,18.0,2026-09-29 00:15:00+00:00,Mon 8:15PM
196047622,NFL Showdown $1 20-Player (PHI @ CHI),153790,Showdown Captain Mode,1.0,1,20,1,18.0,2026-09-29 00:15:00+00:00,Mon 8:15PM
196047623,NFL Showdown $1 20-Player (PHI @ CHI),153790,Showdown Captain Mode,1.0,1,20,1,18.0,2026-09-29 00:15:00+00:00,Mon 8:15PM
196047624,NFL Showdown $1 20-Player (PHI @ CHI),153790,Showdown Captain Mode,1.0,1,20,1,18.0,2026-09-29 00:15:00+00:00,Mon 8:15PM
196159088,NFL Showdown $1 20-Player (Winner Takes All) (PHI @ CHI),153790,Showdown Captain Mode,1.0,11,20,1,18.0,2026-09-29 00:15:00+00:00,Mon 8:15PM
196039676,NFL Showdown $1 10-Player (PHI @ CHI),153790,Showdown Captain Mode,1.0,1,10,1,9.0,2026-09-29 00:15:00+00:00,Mon 8:15PM
196039677,NFL Showdown $1 10-Player (PHI @ CHI),153790,Showdown Captain Mode,1.0,1,10,1,9.0,2026-09-29 00:15:00+00:00,Mon 8:15PM
196039678,NFL Showdown $1 10-Player (PHI @ CHI),153790,Showdown Captain Mode,1.0,1,10,1,9.0,2026-09-29 00:15:00+00:00,Mon 8:15PM
196047619,NFL Showdown $1 10-Player (PHI @ CHI),153790,Showdown Captain Mode,1.0,1,10,1,9.0,2026-09-29 00:15:00+00:00,Mon 8:15PM
196047620,NFL Showdown $1 10-Player (PHI @ CHI),153790,Showdown Captain Mode,1.0,1,10,1,9.0,2026-09-29 00:15:00+00:00,Mon 8:15PM
196047621,NFL Showdown $1 10-Player (PHI @ CHI),153790,Showdown Captain Mode,1.0,1,10,1,9.0,2026-09-29 00:15:00+00:00,Mon 8:15PM
196039623,NFL Showdown $1 5-Player (PHI @ CHI),153790,Showdown Captain Mode,1.0,1,5,1,4.5,2026-09-29 00:15:00+00:00,Mon 8:15PM
196039624,NFL Showdown $1 5-Player (PHI @ CHI),153790,Showdown Captain Mode,1.0,1,5,1,4.5,2026-09-29 00:15:00+00:00,Mon 8:15PM
196047607,NFL Showdown $1 5-Player (PHI @ CHI),153790,Showdown Captain Mode,1.0,2,5,1,4.5,2026-09-29 00:15:00+00:00,Mon 8:15PM
196047608,NFL Showdown $1 5-Player (PHI @ CHI),153790,Showdown Captain Mode,1.0,1,5,1,4.5,2026-09-29 00:15:00+00:00,Mon 8:15PM
196047609,NFL Showdown $1 5-Player (PHI @ CHI),153790,Showdown Captain Mode,1.0,1,5,1,4.5,2026-09-29 00:15:00+00:00,Mon 8:15PM
196164728,NFL Showdown $1 5-Player (Winner Takes All) (PHI @ CHI),153790,Showdown Captain Mode,1.0,1,5,1,4.5,2026-09-29 00:15:00+00:00,Mon 8:15PM
196050623,NFL Showdown $1 3-Player (PHI @ CHI),153790,Showdown Captain Mode,1.0,2,3,1,2.7,2026-09-29 00:15:00+00:00,Mon 8:15PM
196158179,NFL Showdown $1 3-Player (PHI @ CHI),153790,Showdown Captain Mode,1.0,1,3,1,2.7,2026-09-29 00:15:00+00:00,Mon 8:15PM
196162102,NFL Showdown $1 3-Player (PHI @ CHI),153790,Showdown Captain Mode,1.0,1,3,1,2.7,2026-09-29 00:15:00+00:00,Mon 8:15PM
196162103,NFL Showdown $1 3-Player (PHI @ CHI),153790,Showdown Captain Mode,1.0,2,3,1,2.7,2026-09-29 00:15:00+00:00,Mon 8:15PM
196162104,NFL Showdown $1 3-Player (PHI @ CHI),153790,Showdown Captain Mode,1.0,1,3,1,2.7,2026-09-29 00:15:00+00:00,Mon 8:15PM
196164020,NFL Showdown $1 3-Player (PHI @ CHI),153790,Showdown Captain Mode,1.0,1,3,1,2.7,2026-09-29 00:15:00+00:00,Mon 8:15PM
196164569,NFL Showdown $1 3-Player (PHI @ CHI),153790,Showdown Captain Mode,1.0,1,3,1,2.7,2026-09-29 00:15:00+00:00,Mon 8:15PM
196164572,NFL Showdown $1 3-Player (PHI @ CHI),153790,Showdown Captain Mode,1.0,1,3,1,2.7,2026-09-29 00:15:00+00:00,Mon 8:15PM
196161579,NFL Showdown $3 17-Player (Winner Takes All) (PHI @ CHI),153790,Showdown Captain Mode,3.0,12,17,1,45.9,2026-09-29 00:15:00+00:00,Mon 8:15PM
196161585,NFL Showdown Satellite to $20 NFL Fantasy Football Millionaire [Must Fill] (PHI @ CHI),153790,Showdown Captain Mode,7.4,0,3,1,20.0,2026-09-29 00:15:00+00:00,Mon 8:15PM
196161950,LAST SHOT: NFL Showdown Satellite to NHL 9-29 $15 Opening Night Puck Drop [Must Fill] (PHI @ CHI),153790,Showdown Captain Mode,5.55,0,3,1,15.0,2026-09-29 00:15:00+00:00,Mon 8:15PM
196039879,Casual NFL Showdown $109 5-Player (PHI @ CHI),153790,Showdown Captain Mode,109.0,0,5,1,500.0,2026-09-29 00:15:00+00:00,Mon 8:15PM
196039878,Casual NFL Showdown $109 3-Player (PHI @ CHI),153790,Showdown Captain Mode,109.0,0,3,1,300.0,2026-09-29 00:15:00+00:00,Mon 8:15PM
196039834,Casual NFL Showdown $50 50-50 (PHI @ CHI),153790,Showdown Captain Mode,50.0,0,10,1,450.0,2026-09-29 00:15:00+00:00,Mon 8:15PM
196039835,Casual NFL Showdown $50 50-50 (PHI @ CHI),153790,Showdown Captain Mode,50.0,0,10,1,450.0,2026-09-29 00:15:00+00:00,Mon 8:15PM
196039836,Casual NFL Showdown $50 5-Player (PHI @ CHI),153790,Showdown Captain Mode,50.0,0,5,1,225.0,2026-09-29 00:15:00+00:00,Mon 8:15PM
196039849,Casual NFL Showdown $50 3-Player (PHI @ CHI),153790,Showdown Captain Mode,50.0,0,3,1,135.0,2026-09-29 00:15:00+00:00,Mon 8:15PM
196039850,Casual NFL Showdown $50 3-Player (PHI @ CHI),153790,Showdown Captain Mode,50.0,0,3,1,135.0,2026-09-29 00:15:00+00:00,Mon 8:15PM
196039831,Casual NFL Showdown $20 50-50 (PHI @ CHI),153790,Showdown Captain Mode,20.0,0,10,1,180.0,2026-09-29 00:15:00+00:00,Mon 8:15PM
196039832,Casual NFL Showdown $20 50-50 (PHI @ CHI),153790,Showdown Captain Mode,20.0,0,10,1,180.0,2026-09-29 00:15:00+00:00,Mon 8:15PM
196039833,Casual NFL Showdown $20 50-50 (PHI @ CHI),153790,Showdown Captain Mode,20.0,0,10,1,180.0,2026-09-29 00:15:00+00:00,Mon 8:15PM
196039828,Casual NFL Showdown $20 5-Player (PHI @ CHI),153790,Showdown Captain Mode,20.0,0,5,1,90.0,2026-09-29 00:15:00+00:00,Mon 8:15PM
196039829,Casual NFL Showdown $20 5-Player (PHI @ CHI),153790,Showdown Captain Mode,20.0,0,5,1,90.0,2026-09-29 00:15:00+00:00,Mon 8:15PM
196039830,Casual NFL Showdown $20 5-Player (PHI @ CHI),153790,Showdown Captain Mode,20.0,0,5,1,90.0,2026-09-29 00:15:00+00:00,Mon 8:15PM
196039851,Casual NFL Showdown $20 3-Player (PHI @ CHI),153790,Showdown Captain Mode,20.0,0,3,1,54.0,2026-09-29 00:15:00+00:00,Mon 8:15PM
196039852,Casual NFL Showdown $20 3-Player (PHI @ CHI),153790,Showdown Captain Mode,20.0,0,3,1,54.0,2026-09-29 00:15:00+00:00,Mon 8:15PM
196039853,Casual NFL Showdown $20 3-Player (PHI @ CHI),153790,Showdown Captain Mode,20.0,0,3,1,54.0,2026-09-29 00:15:00+00:00,Mon 8:15PM
196039837,Casual NFL Showdown $10 50-50 (PHI @ CHI),153790,Showdown Captain Mode,10.0,0,10,1,90.0,2026-09-29 00:15:00+00:00,Mon 8:15PM
196039838,Casual NFL Showdown $10 50-50 (PHI @ CHI),153790,Showdown Captain Mode,10.0,0,10,1,90.0,2026-09-29 00:15:00+00:00,Mon 8:15PM
196039839,Casual NFL Showdown $10 50-50 (PHI @ CHI),153790,Showdown Captain Mode,10.0,0,10,1,90.0,2026-09-29 00:15:00+00:00,Mon 8:15PM
196039854,Casual NFL Showdown $10 5-Player (PHI @ CHI),153790,Showdown Captain Mode,10.0,0,5,1,45.0,2026-09-29 00:15:00+00:00,Mon 8:15PM
196039855,Casual NFL Showdown $10 5-Player (PHI @ CHI),153790,Showdown Captain Mode,10.0,0,5,1,45.0,2026-09-29 00:15:00+00:00,Mon 8:15PM
196039856,Casual NFL Showdown $10 5-Player (PHI @ CHI),153790,Showdown Captain Mode,10.0,0,5,1,45.0,2026-09-29 00:15:00+00:00,Mon 8:15PM
196039857,Casual NFL Showdown $10 3-Player (PHI @ CHI),153790,Showdown Captain Mode,10.0,0,3,1,27.0,2026-09-29 00:15:00+00:00,Mon 8:15PM
196039858,Casual NFL Showdown $10 3-Player (PHI @ CHI),153790,Showdown Captain Mode,10.0,0,3,1,27.0,2026-09-29 00:15:00+00:00,Mon 8:15PM
196039859,Casual NFL Showdown $10 3-Player (PHI @ CHI),153790,Showdown Captain Mode,10.0,0,3,1,27.0,2026-09-29 00:15:00+00:00,Mon 8:15PM
196039841,Casual NFL Showdown $5 50-50 (PHI @ CHI),153790,Showdown Captain Mode,5.0,0,10,1,45.0,2026-09-29 00:15:00+00:00,Mon 8:15PM
196039842,Casual NFL Showdown $5 50-50 (PHI @ CHI),153790,Showdown Captain Mode,5.0,0,10,1,45.0,2026-09-29 00:15:00+00:00,Mon 8:15PM
196162710,Casual NFL Showdown $5 50-50 (PHI @ CHI),153790,Showdown Captain Mode,5.0,0,10,1,45.0,2026-09-29 00:15:00+00:00,Mon 8:15PM
196039861,Casual NFL Showdown $5 5-Player (PHI @ CHI),153790,Showdown Captain Mode,5.0,0,5,1,22.5,2026-09-29 00:15:00+00:00,Mon 8:15PM
196039862,Casual NFL Showdown $5 5-Player (PHI @ CHI),153790,Showdown Captain Mode,5.0,0,5,1,22.5,2026-09-29 00:15:00+00:00,Mon 8:15PM
196164947,Casual NFL Showdown $5 5-Player (PHI @ CHI),153790,Showdown Captain Mode,5.0,0,5,1,22.5,2026-09-29 00:15:00+00:00,Mon 8:15PM
196039863,Casual NFL Showdown $5 3-Player (PHI @ CHI),153790,Showdown Captain Mode,5.0,0,3,1,13.5,2026-09-29 00:15:00+00:00,Mon 8:15PM
196039864,Casual NFL Showdown $5 3-Player (PHI @ CHI),153790,Showdown Captain Mode,5.0,0,3,1,13.5,2026-09-29 00:15:00+00:00,Mon 8:15PM
196039865,Casual NFL Showdown $5 3-Player (PHI @ CHI),153790,Showdown Captain Mode,5.0,0,3,1,13.5,2026-09-29 00:15:00+00:00,Mon 8:15PM
196039843,Casual NFL Showdown $3 50-50 (PHI @ CHI),153790,Showdown Captain Mode,3.0,0,10,1,27.0,2026-09-29 00:15:00+00:00,Mon 8:15PM
196039844,Casual NFL Showdown $3 50-50 (PHI @ CHI),153790,Showdown Captain Mode,3.0,0,10,1,27.0,2026-09-29 00:15:00+00:00,Mon 8:15PM
196039845,Casual NFL Showdown $3 50-50 (PHI @ CHI),153790,Showdown Captain Mode,3.0,0,10,1,27.0,2026-09-29 00:15:00+00:00,Mon 8:15PM
196039867,Casual NFL Showdown $2 5-Player (PHI @ CHI),153790,Showdown Captain Mode,2.0,0,5,1,9.0,2026-09-29 00:15:00+00:00,Mon 8:15PM
196039868,Casual NFL Showdown $2 5-Player (PHI @ CHI),153790,Showdown Captain Mode,2.0,0,5,1,9.0,2026-09-29 00:15:00+00:00,Mon 8:15PM
196163815,Casual NFL Showdown $2 5-Player (PHI @ CHI),153790,Showdown Captain Mode,2.0,0,5,1,9.0,2026-09-29 00:15:00+00:00,Mon 8:15PM
196039869,Casual NFL Showdown $2 3-Player (PHI @ CHI),153790,Showdown Captain Mode,2.0,0,3,1,5.4,2026-09-29 00:15:00+00:00,Mon 8:15PM
196039870,Casual NFL Showdown $2 3-Player (PHI @ CHI),153790,Showdown Captain Mode,2.0,0,3,1,5.4,2026-09-29 00:15:00+00:00,Mon 8:15PM
196039871,Casual NFL Showdown $2 3-Player (PHI @ CHI),153790,Showdown Captain Mode,2.0,0,3,1,5.4,2026-09-29 00:15:00+00:00,Mon 8:15PM
196039847,Casual NFL Showdown $1 50-50 (PHI @ CHI),153790,Showdown Captain Mode,1.0,0,10,1,9.0,2026-09-29 00:15:00+00:00,Mon 8:15PM
196039848,Casual NFL Showdown $1 50-50 (PHI @ CHI),153790,Showdown Captain Mode,1.0,0,10,1,9.0,2026-09-29 00:15:00+00:00,Mon 8:15PM
196146101,Casual NFL Showdown $1 50-50 (PHI @ CHI),153790,Showdown Captain Mode,1.0,0,10,1,9.0,2026-09-29 00:15:00+00:00,Mon 8:15PM
196039872,Casual NFL Showdown $1 5-Player (PHI @ CHI),153790,Showdown Captain Mode,1.0,0,5,1,4.5,2026-09-29 00:15:00+00:00,Mon 8:15PM
196039873,Casual NFL Showdown $1 5-Player (PHI @ CHI),153790,Showdown Captain Mode,1.0,0,5,1,4.5,2026-09-29 00:15:00+00:00,Mon 8:15PM
196039874,Casual NFL Showdown $1 5-Player (PHI @ CHI),153790,Showdown Captain Mode,1.0,0,5,1,4.5,2026-09-29 00:15:00+00:00,Mon 8:15PM
196039875,Casual NFL Showdown $1 3-Player (PHI @ CHI),153790,Showdown Captain Mode,1.0,0,3,1,2.7,2026-09-29 00:15:00+00:00,Mon 8:15PM
196039876,Casual NFL Showdown $1 3-Player (PHI @ CHI),153790,Showdown Captain Mode,1.0,0,3,1,2.7,2026-09-29 00:15:00+00:00,Mon 8:15PM
196039877,Casual NFL Showdown $1 3-Player (PHI @ CHI),153790,Showdown Captain Mode,1.0,0,3,1,2.7,2026-09-29 00:15:00+00:00,Mon 8:15PM
196039813,Beginner NFL Showdown $109 5-Player (PHI @ CHI),153790,Showdown Captain Mode,109.0,0,5,1,500.0,2026-09-29 00:15:00+00:00,Mon 8:15PM
196039812,Beginner NFL Showdown $109 3-Player (PHI @ CHI),153790,Showdown Captain Mode,109.0,0,3,1,300.0,2026-09-29 00:15:00+00:00,Mon 8:15PM
196039780,Beginner NFL Showdown $50 50-50 (PHI @ CHI),153790,Showdown Captain Mode,50.0,0,10,1,450.0,2026-09-29 00:15:00+00:00,Mon 8:15PM
196039781,Beginner NFL Showdown $50 50-50 (PHI @ CHI),153790,Showdown Captain Mode,50.0,0,10,1,450.0,2026-09-29 00:15:00+00:00,Mon 8:15PM
196164423,Beginner NFL Showdown $50 5-Player (PHI @ CHI),153790,Showdown Captain Mode,50.0,0,5,1,225.0,2026-09-29 00:15:00+00:00,Mon 8:15PM
196164425,Beginner NFL Showdown $50 3-Player (PHI @ CHI),153790,Showdown Captain Mode,50.0,0,3,1,135.0,2026-09-29 00:15:00+00:00,Mon 8:15PM
196164426,Beginner NFL Showdown $50 3-Player (PHI @ CHI),153790,Showdown Captain Mode,50.0,0,3,1,135.0,2026-09-29 00:15:00+00:00,Mon 8:15PM
196039764,Beginner NFL Showdown $20 50-50 (PHI @ CHI),153790,Showdown Captain Mode,20.0,0,10,1,180.0,2026-09-29 00:15:00+00:00,Mon 8:15PM
196039765,Beginner NFL Showdown $20 50-50 (PHI @ CHI),153790,Showdown Captain Mode,20.0,0,10,1,180.0,2026-09-29 00:15:00+00:00,Mon 8:15PM
196039766,Beginner NFL Showdown $20 50-50 (PHI @ CHI),153790,Showdown Captain Mode,20.0,0,10,1,180.0,2026-09-29 00:15:00+00:00,Mon 8:15PM
196039749,Beginner NFL Showdown $20 5-Player (PHI @ CHI),153790,Showdown Captain Mode,20.0,0,5,1,90.0,2026-09-29 00:15:00+00:00,Mon 8:15PM
196039750,Beginner NFL Showdown $20 5-Player (PHI @ CHI),153790,Showdown Captain Mode,20.0,0,5,1,90.0,2026-09-29 00:15:00+00:00,Mon 8:15PM
196039751,Beginner NFL Showdown $20 5-Player (PHI @ CHI),153790,Showdown Captain Mode,20.0,0,5,1,90.0,2026-09-29 00:15:00+00:00,Mon 8:15PM
196039731,Beginner NFL Showdown $20 3-Player (PHI @ CHI),153790,Showdown Captain Mode,20.0,0,3,1,54.0,2026-09-29 00:15:00+00:00,Mon 8:15PM
196039732,Beginner NFL Showdown $20 3-Player (PHI @ CHI),153790,Showdown Captain Mode,20.0,0,3,1,54.0,2026-09-29 00:15:00+00:00,Mon 8:15PM
196039733,Beginner NFL Showdown $20 3-Player (PHI @ CHI),153790,Showdown Captain Mode,20.0,0,3,1,54.0,2026-09-29 00:15:00+00:00,Mon 8:15PM
196039761,Beginner NFL Showdown $10 50-50 (PHI @ CHI),153790,Showdown Captain Mode,10.0,0,10,1,90.0,2026-09-29 00:15:00+00:00,Mon 8:15PM
196039762,Beginner NFL Showdown $10 50-50 (PHI @ CHI),153790,Showdown Captain Mode,10.0,0,10,1,90.0,2026-09-29 00:15:00+00:00,Mon 8:15PM
196039763,Beginner NFL Showdown $10 50-50 (PHI @ CHI),153790,Showdown Captain Mode,10.0,0,10,1,90.0,2026-09-29 00:15:00+00:00,Mon 8:15PM
196039746,Beginner NFL Showdown $10 5-Player (PHI @ CHI),153790,Showdown Captain Mode,10.0,0,5,1,45.0,2026-09-29 00:15:00+00:00,Mon 8:15PM
196039747,Beginner NFL Showdown $10 5-Player (PHI @ CHI),153790,Showdown Captain Mode,10.0,0,5,1,45.0,2026-09-29 00:15:00+00:00,Mon 8:15PM
196039748,Beginner NFL Showdown $10 5-Player (PHI @ CHI),153790,Showdown Captain Mode,10.0,0,5,1,45.0,2026-09-29 00:15:00+00:00,Mon 8:15PM
196039728,Beginner NFL Showdown $10 3-Player (PHI @ CHI),153790,Showdown Captain Mode,10.0,0,3,1,27.0,2026-09-29 00:15:00+00:00,Mon 8:15PM
196039729,Beginner NFL Showdown $10 3-Player (PHI @ CHI),153790,Showdown Captain Mode,10.0,0,3,1,27.0,2026-09-29 00:15:00+00:00,Mon 8:15PM
196039730,Beginner NFL Showdown $10 3-Player (PHI @ CHI),153790,Showdown Captain Mode,10.0,0,3,1,27.0,2026-09-29 00:15:00+00:00,Mon 8:15PM
196039758,Beginner NFL Showdown $5 50-50 (PHI @ CHI),153790,Showdown Captain Mode,5.0,0,10,1,45.0,2026-09-29 00:15:00+00:00,Mon 8:15PM
196039759,Beginner NFL Showdown $5 50-50 (PHI @ CHI),153790,Showdown Captain Mode,5.0,0,10,1,45.0,2026-09-29 00:15:00+00:00,Mon 8:15PM
196039760,Beginner NFL Showdown $5 50-50 (PHI @ CHI),153790,Showdown Captain Mode,5.0,0,10,1,45.0,2026-09-29 00:15:00+00:00,Mon 8:15PM
196039743,Beginner NFL Showdown $5 5-Player (PHI @ CHI),153790,Showdown Captain Mode,5.0,0,5,1,22.5,2026-09-29 00:15:00+00:00,Mon 8:15PM
196039744,Beginner NFL Showdown $5 5-Player (PHI @ CHI),153790,Showdown Captain Mode,5.0,0,5,1,22.5,2026-09-29 00:15:00+00:00,Mon 8:15PM
196039745,Beginner NFL Showdown $5 5-Player (PHI @ CHI),153790,Showdown Captain Mode,5.0,0,5,1,22.5,2026-09-29 00:15:00+00:00,Mon 8:15PM
196039722,Beginner NFL Showdown $5 3-Player (PHI @ CHI),153790,Showdown Captain Mode,5.0,0,3,1,13.5,2026-09-29 00:15:00+00:00,Mon 8:15PM
196039723,Beginner NFL Showdown $5 3-Player (PHI @ CHI),153790,Showdown Captain Mode,5.0,0,3,1,13.5,2026-09-29 00:15:00+00:00,Mon 8:15PM
196039724,Beginner NFL Showdown $5 3-Player (PHI @ CHI),153790,Showdown Captain Mode,5.0,0,3,1,13.5,2026-09-29 00:15:00+00:00,Mon 8:15PM
196039756,Beginner NFL Showdown $3 50-50 (PHI @ CHI),153790,Showdown Captain Mode,3.0,0,10,1,27.0,2026-09-29 00:15:00+00:00,Mon 8:15PM
196039757,Beginner NFL Showdown $3 50-50 (PHI @ CHI),153790,Showdown Captain Mode,3.0,0,10,1,27.0,2026-09-29 00:15:00+00:00,Mon 8:15PM
196160243,Beginner NFL Showdown $3 50-50 (PHI @ CHI),153790,Showdown Captain Mode,3.0,0,10,1,27.0,2026-09-29 00:15:00+00:00,Mon 8:15PM
196039742,Beginner NFL Showdown $2 5-Player (PHI @ CHI),153790,Showdown Captain Mode,2.0,0,5,1,9.0,2026-09-29 00:15:00+00:00,Mon 8:15PM
196163617,Beginner NFL Showdown $2 5-Player (PHI @ CHI),153790,Showdown Captain Mode,2.0,0,5,1,9.0,2026-09-29 00:15:00+00:00,Mon 8:15PM
196163689,Beginner NFL Showdown $2 5-Player (PHI @ CHI),153790,Showdown Captain Mode,2.0,0,5,1,9.0,2026-09-29 00:15:00+00:00,Mon 8:15PM
196039734,Beginner NFL Showdown $2 3-Player (PHI @ CHI),153790,Showdown Captain Mode,2.0,0,3,1,5.4,2026-09-29 00:15:00+00:00,Mon 8:15PM
196039735,Beginner NFL Showdown $2 3-Player (PHI @ CHI),153790,Showdown Captain Mode,2.0,0,3,1,5.4,2026-09-29 00:15:00+00:00,Mon 8:15PM
196039736,Beginner NFL Showdown $2 3-Player (PHI @ CHI),153790,Showdown Captain Mode,2.0,0,3,1,5.4,2026-09-29 00:15:00+00:00,Mon 8:15PM
196039752,Beginner NFL Showdown $1 50-50 (PHI @ CHI),153790,Showdown Captain Mode,1.0,0,10,1,9.0,2026-09-29 00:15:00+00:00,Mon 8:15PM
196039753,Beginner NFL Showdown $1 50-50 (PHI @ CHI),153790,Showdown Captain Mode,1.0,0,10,1,9.0,2026-09-29 00:15:00+00:00,Mon 8:15PM
196039754,Beginner NFL Showdown $1 50-50 (PHI @ CHI),153790,Showdown Captain Mode,1.0,0,10,1,9.0,2026-09-29 00:15:00+00:00,Mon 8:15PM
196039737,Beginner NFL Showdown $1 5-Player (PHI @ CHI),153790,Showdown Captain Mode,1.0,0,5,1,4.5,2026-09-29 00:15:00+00:00,Mon 8:15PM
196039738,Beginner NFL Showdown $1 5-Player (PHI @ CHI),153790,Showdown Captain Mode,1.0,0,5,1,4.5,2026-09-29 00:15:00+00:00,Mon 8:15PM
196039739,Beginner NFL Showdown $1 5-Player (PHI @ CHI),153790,Showdown Captain Mode,1.0,0,5,1,4.5,2026-09-29 00:15:00+00:00,Mon 8:15PM
196039725,Beginner NFL Showdown $1 3-Player (PHI @ CHI),153790,Showdown Captain Mode,1.0,0,3,1,2.7,2026-09-29 00:15:00+00:00,Mon 8:15PM
196039726,Beginner NFL Showdown $1 3-Player (PHI @ CHI),153790,Showdown Captain Mode,1.0,0,3,1,2.7,2026-09-29 00:15:00+00:00,Mon 8:15PM
196039727,Beginner NFL Showdown $1 3-Player (PHI @ CHI),153790,Showdown Captain Mode,1.0,0,3,1,2.7,2026-09-29 00:15:00+00:00,Mon 8:15PM
196159515,"NFL Showdown $10,600 3-Player (PHI @ CHI)",153790,Showdown Captain Mode,10600.0,0,3,1,30000.0,2026-09-29 00:15:00+00:00,Mon 8:15PM
196159516,"NFL Showdown $10,600 3-Player (PHI @ CHI)",153790,Showdown Captain Mode,10600.0,0,3,1,30000.0,2026-09-29 00:15:00+00:00,Mon 8:15PM
196039792,"NFL Showdown $5,300 50-50 (PHI @ CHI)",153790,Showdown Captain Mode,5300.0,0,4,1,20000.0,2026-09-29 00:15:00+00:00,Mon 8:15PM
196039793,"NFL Showdown $5,300 50-50 (PHI @ CHI)",153790,Showdown Captain Mode,5300.0,0,4,1,20000.0,2026-09-29 00:15:00+00:00,Mon 8:15PM
196159517,"NFL Showdown $5,300 3-Player (PHI @ CHI)",153790,Showdown Captain Mode,5300.0,0,3,1,15000.0,2026-09-29 00:15:00+00:00,Mon 8:15PM
196159518,"NFL Showdown $5,300 3-Player (PHI @ CHI)",153790,Showdown Captain Mode,5300.0,0,3,1,15000.0,2026-09-29 00:15:00+00:00,Mon 8:15PM
196039826,"NFL Showdown $2,120 50-50 (PHI @ CHI)",153790,Showdown Captain Mode,2120.0,0,4,1,8000.0,2026-09-29 00:15:00+00:00,Mon 8:15PM
196039827,"NFL Showdown $2,120 50-50 (PHI @ CHI)",153790,Showdown Captain Mode,2120.0,0,4,1,8000.0,2026-09-29 00:15:00+00:00,Mon 8:15PM
196039824,"NFL Showdown $2,120 5-Player (PHI @ CHI)",153790,Showdown Captain Mode,2120.0,0,5,1,10000.0,2026-09-29 00:15:00+00:00,Mon 8:15PM
196039825,"NFL Showdown $2,120 5-Player (PHI @ CHI)",153790,Showdown Captain Mode,2120.0,0,5,1,10000.0,2026-09-29 00:15:00+00:00,Mon 8:15PM
196151227,"NFL Showdown $2,120 3-Player (PHI @ CHI)",153790,Showdown Captain Mode,2120.0,0,3,1,6000.0,2026-09-29 00:15:00+00:00,Mon 8:15PM
196151228,"NFL Showdown $2,120 3-Player (PHI @ CHI)",153790,Showdown Captain Mode,2120.0,0,3,1,6000.0,2026-09-29 00:15:00+00:00,Mon 8:15PM
196039794,"NFL Showdown $1,060 50-50 (PHI @ CHI)",153790,Showdown Captain Mode,1060.0,0,4,1,4000.0,2026-09-29 00:15:00+00:00,Mon 8:15PM
196039795,"NFL Showdown $1,060 50-50 (PHI @ CHI)",153790,Showdown Captain Mode,1060.0,0,4,1,4000.0,2026-09-29 00:15:00+00:00,Mon 8:15PM
196039679,"NFL Showdown $1,060 5-Player (PHI @ CHI)",153790,Showdown Captain Mode,1060.0,0,5,1,5000.0,2026-09-29 00:15:00+00:00,Mon 8:15PM
196039680,"NFL Showdown $1,060 5-Player (PHI @ CHI)",153790,Showdown Captain Mode,1060.0,0,5,1,5000.0,2026-09-29 00:15:00+00:00,Mon 8:15PM
196164548,"NFL Showdown $1,060 3-Player (PHI @ CHI)",153790,Showdown Captain Mode,1060.0,0,3,1,3000.0,2026-09-29 00:15:00+00:00,Mon 8:15PM
196164549,"NFL Showdown $1,060 3-Player (PHI @ CHI)",153790,Showdown Captain Mode,1060.0,0,3,1,3000.0,2026-09-29 00:15:00+00:00,Mon 8:15PM
196039798,NFL Showdown $530 50-50 (PHI @ CHI),153790,Showdown Captain Mode,530.0,0,4,1,2000.0,2026-09-29 00:15:00+00:00,Mon 8:15PM
196039799,NFL Showdown $530 50-50 (PHI @ CHI),153790,Showdown Captain Mode,530.0,0,4,1,2000.0,2026-09-29 00:15:00+00:00,Mon 8:15PM
196039816,NFL Showdown $530 50-50 (PHI @ CHI),153790,Showdown Captain Mode,530.0,0,8,1,4000.0,2026-09-29 00:15:00+00:00,Mon 8:15PM
196039706,NFL Showdown $530 5-Player (PHI @ CHI),153790,Showdown Captain Mode,530.0,0,5,1,2500.0,2026-09-29 00:15:00+00:00,Mon 8:15PM
196039707,NFL Showdown $530 5-Player (PHI @ CHI),153790,Showdown Captain Mode,530.0,0,5,1,2500.0,2026-09-29 00:15:00+00:00,Mon 8:15PM
196164550,NFL Showdown $530 3-Player (PHI @ CHI),153790,Showdown Captain Mode,530.0,0,3,1,1500.0,2026-09-29 00:15:00+00:00,Mon 8:15PM
196164557,NFL Showdown $530 3-Player (PHI @ CHI),153790,Showdown Captain Mode,530.0,0,3,1,1500.0,2026-09-29 00:15:00+00:00,Mon 8:15PM
196039815,NFL Showdown $270 50-50 (PHI @ CHI),153790,Showdown Captain Mode,270.0,0,8,1,2000.0,2026-09-29 00:15:00+00:00,Mon 8:15PM
196161593,NFL Showdown $270 50-50 (PHI @ CHI),153790,Showdown Captain Mode,270.0,0,4,1,1000.0,2026-09-29 00:15:00+00:00,Mon 8:15PM
196161594,NFL Showdown $270 50-50 (PHI @ CHI),153790,Showdown Captain Mode,270.0,0,4,1,1000.0,2026-09-29 00:15:00+00:00,Mon 8:15PM
196039767,NFL Showdown $270 10-Player (PHI @ CHI),153790,Showdown Captain Mode,270.0,0,10,1,2500.0,2026-09-29 00:15:00+00:00,Mon 8:15PM
196151222,NFL Showdown $270 3-Player (PHI @ CHI),153790,Showdown Captain Mode,270.0,0,3,1,750.0,2026-09-29 00:15:00+00:00,Mon 8:15PM
196151223,NFL Showdown $270 3-Player (PHI @ CHI),153790,Showdown Captain Mode,270.0,0,3,1,750.0,2026-09-29 00:15:00+00:00,Mon 8:15PM
196039704,NFL Showdown $270 5-Player (PHI @ CHI),153790,Showdown Captain Mode,270.0,0,5,1,1250.0,2026-09-29 00:15:00+00:00,Mon 8:15PM
196039705,NFL Showdown $270 5-Player (PHI @ CHI),153790,Showdown Captain Mode,270.0,0,5,1,1250.0,2026-09-29 00:15:00+00:00,Mon 8:15PM
196039814,NFL Showdown $162 50-50 (PHI @ CHI),153790,Showdown Captain Mode,162.0,0,8,1,1200.0,2026-09-29 00:15:00+00:00,Mon 8:15PM
196161591,NFL Showdown $162 50-50 (PHI @ CHI),153790,Showdown Captain Mode,162.0,0,4,1,600.0,2026-09-29 00:15:00+00:00,Mon 8:15PM
196161592,NFL Showdown $162 50-50 (PHI @ CHI),153790,Showdown Captain Mode,162.0,0,4,1,600.0,2026-09-29 00:15:00+00:00,Mon 8:15PM
196039702,NFL Showdown $162 5-Player (PHI @ CHI),153790,Showdown Captain Mode,162.0,0,5,1,750.0,2026-09-29 00:15:00+00:00,Mon 8:15PM
196039703,NFL Showdown $162 5-Player (PHI @ CHI),153790,Showdown Captain Mode,162.0,0,5,1,750.0,2026-09-29 00:15:00+00:00,Mon 8:15PM
196151212,NFL Showdown $162 3-Player (PHI @ CHI),153790,Showdown Captain Mode,162.0,0,3,1,450.0,2026-09-29 00:15:00+00:00,Mon 8:15PM
196151213,NFL Showdown $162 3-Player (PHI @ CHI),153790,Showdown Captain Mode,162.0,0,3,1,450.0,2026-09-29 00:15:00+00:00,Mon 8:15PM
196162952,NFL Showdown $162 3-Player (PHI @ CHI),153790,Showdown Captain Mode,162.0,0,3,1,450.0,2026-09-29 00:15:00+00:00,Mon 8:15PM
196039721,NFL Showdown $109 50-50 (PHI @ CHI),153790,Showdown Captain Mode,109.0,0,20,1,2000.0,2026-09-29 00:15:00+00:00,Mon 8:15PM
196039693,NFL Showdown $109 50-50 (PHI @ CHI),153790,Showdown Captain Mode,109.0,0,10,1,1000.0,2026-09-29 00:15:00+00:00,Mon 8:15PM
196161589,NFL Showdown $109 50-50 (PHI @ CHI),153790,Showdown Captain Mode,109.0,0,4,1,400.0,2026-09-29 00:15:00+00:00,Mon 8:15PM
196161590,NFL Showdown $109 50-50 (PHI @ CHI),153790,Showdown Captain Mode,109.0,0,4,1,400.0,2026-09-29 00:15:00+00:00,Mon 8:15PM
196039806,NFL Showdown $109 5-Player (PHI @ CHI),153790,Showdown Captain Mode,109.0,0,5,1,500.0,2026-09-29 00:15:00+00:00,Mon 8:15PM
196039807,NFL Showdown $109 5-Player (PHI @ CHI),153790,Showdown Captain Mode,109.0,0,5,1,500.0,2026-09-29 00:15:00+00:00,Mon 8:15PM
196151224,NFL Showdown $109 3-Player (PHI @ CHI),153790,Showdown Captain Mode,109.0,0,3,1,300.0,2026-09-29 00:15:00+00:00,Mon 8:15PM
196151225,NFL Showdown $109 3-Player (PHI @ CHI),153790,Showdown Captain Mode,109.0,0,3,1,300.0,2026-09-29 00:15:00+00:00,Mon 8:15PM
196151226,NFL Showdown $109 3-Player (PHI @ CHI),153790,Showdown Captain Mode,109.0,0,3,1,300.0,2026-09-29 00:15:00+00:00,Mon 8:15PM
196039720,NFL Showdown $50 50-50 (PHI @ CHI),153790,Showdown Captain Mode,50.0,0,20,1,900.0,2026-09-29 00:15:00+00:00,Mon 8:15PM
196039691,NFL Showdown $50 50-50 (PHI @ CHI),153790,Showdown Captain Mode,50.0,0,10,1,450.0,2026-09-29 00:15:00+00:00,Mon 8:15PM
196039692,NFL Showdown $50 50-50 (PHI @ CHI),153790,Showdown Captain Mode,50.0,0,10,1,450.0,2026-09-29 00:15:00+00:00,Mon 8:15PM
196161586,NFL Showdown $50 50-50 (PHI @ CHI),153790,Showdown Captain Mode,50.0,0,4,1,180.0,2026-09-29 00:15:00+00:00,Mon 8:15PM
196161587,NFL Showdown $50 50-50 (PHI @ CHI),153790,Showdown Captain Mode,50.0,0,4,1,180.0,2026-09-29 00:15:00+00:00,Mon 8:15PM
196161588,NFL Showdown $50 50-50 (PHI @ CHI),153790,Showdown Captain Mode,50.0,0,4,1,180.0,2026-09-29 00:15:00+00:00,Mon 8:15PM
196164487,NFL Showdown $50 Double Up (PHI @ CHI),153790,Showdown Captain Mode,50.0,0,22,1,1000.0,2026-09-29 00:15:00+00:00,Mon 8:15PM
196164486,NFL Showdown $50 Double Up (PHI @ CHI),153790,Showdown Captain Mode,50.0,0,11,1,500.0,2026-09-29 00:15:00+00:00,Mon 8:15PM
196039770,NFL Showdown $50 20-Player (PHI @ CHI),153790,Showdown Captain Mode,50.0,0,20,1,900.0,2026-09-29 00:15:00+00:00,Mon 8:15PM
196039681,NFL Showdown $50 10-Player (PHI @ CHI),153790,Showdown Captain Mode,50.0,0,10,1,450.0,2026-09-29 00:15:00+00:00,Mon 8:15PM
196039682,NFL Showdown $50 10-Player (PHI @ CHI),153790,Showdown Captain Mode,50.0,0,10,1,450.0,2026-09-29 00:15:00+00:00,Mon 8:15PM
196039657,NFL Showdown $50 5-Player (PHI @ CHI),153790,Showdown Captain Mode,50.0,0,5,1,225.0,2026-09-29 00:15:00+00:00,Mon 8:15PM
196039658,NFL Showdown $50 5-Player (PHI @ CHI),153790,Showdown Captain Mode,50.0,0,5,1,225.0,2026-09-29 00:15:00+00:00,Mon 8:15PM
196151199,NFL Showdown $50 3-Player (PHI @ CHI),153790,Showdown Captain Mode,50.0,0,3,1,135.0,2026-09-29 00:15:00+00:00,Mon 8:15PM
196151200,NFL Showdown $50 3-Player (PHI @ CHI),153790,Showdown Captain Mode,50.0,0,3,1,135.0,2026-09-29 00:15:00+00:00,Mon 8:15PM
196151201,NFL Showdown $50 3-Player (PHI @ CHI),153790,Showdown Captain Mode,50.0,0,3,1,135.0,2026-09-29 00:15:00+00:00,Mon 8:15PM
196164485,NFL Showdown $25 Double Up (PHI @ CHI),153790,Showdown Captain Mode,25.0,0,22,1,500.0,2026-09-29 00:15:00+00:00,Mon 8:15PM
196164484,NFL Showdown $25 Double Up (PHI @ CHI),153790,Showdown Captain Mode,25.0,0,11,1,250.0,2026-09-29 00:15:00+00:00,Mon 8:15PM
196039821,NFL Showdown $20 50-50 (PHI @ CHI),153790,Showdown Captain Mode,20.0,0,50,1,900.0,2026-09-29 00:15:00+00:00,Mon 8:15PM
196039718,NFL Showdown $20 50-50 (PHI @ CHI),153790,Showdown Captain Mode,20.0,0,20,1,360.0,2026-09-29 00:15:00+00:00,Mon 8:15PM
196039719,NFL Showdown $20 50-50 (PHI @ CHI),153790,Showdown Captain Mode,20.0,0,20,1,360.0,2026-09-29 00:15:00+00:00,Mon 8:15PM
196039638,NFL Showdown $20 50-50 (PHI @ CHI),153790,Showdown Captain Mode,20.0,0,10,1,180.0,2026-09-29 00:15:00+00:00,Mon 8:15PM
196039639,NFL Showdown $20 50-50 (PHI @ CHI),153790,Showdown Captain Mode,20.0,0,10,1,180.0,2026-09-29 00:15:00+00:00,Mon 8:15PM
196162012,NFL Showdown $20 100-Player (PHI @ CHI),153790,Showdown Captain Mode,20.0,0,100,1,1800.0,2026-09-29 00:15:00+00:00,Mon 8:15PM
196039773,NFL Showdown $20 40-Player (PHI @ CHI),153790,Showdown Captain Mode,20.0,0,40,1,720.0,2026-09-29 00:15:00+00:00,Mon 8:15PM
196039768,NFL Showdown $20 20-Player (PHI @ CHI),153790,Showdown Captain Mode,20.0,0,20,1,360.0,2026-09-29 00:15:00+00:00,Mon 8:15PM
196039769,NFL Showdown $20 20-Player (PHI @ CHI),153790,Showdown Captain Mode,20.0,0,20,1,360.0,2026-09-29 00:15:00+00:00,Mon 8:15PM
196039687,NFL Showdown $20 10-Player (PHI @ CHI),153790,Showdown Captain Mode,20.0,0,10,1,180.0,2026-09-29 00:15:00+00:00,Mon 8:15PM
196039688,NFL Showdown $20 10-Player (PHI @ CHI),153790,Showdown Captain Mode,20.0,0,10,1,180.0,2026-09-29 00:15:00+00:00,Mon 8:15PM
196039632,NFL Showdown $20 5-Player (PHI @ CHI),153790,Showdown Captain Mode,20.0,0,5,1,90.0,2026-09-29 00:15:00+00:00,Mon 8:15PM
196039633,NFL Showdown $20 5-Player (PHI @ CHI),153790,Showdown Captain Mode,20.0,0,5,1,90.0,2026-09-29 00:15:00+00:00,Mon 8:15PM
196039634,NFL Showdown $20 5-Player (PHI @ CHI),153790,Showdown Captain Mode,20.0,0,5,1,90.0,2026-09-29 00:15:00+00:00,Mon 8:15PM
196151209,NFL Showdown $20 3-Player (PHI @ CHI),153790,Showdown Captain Mode,20.0,0,3,1,54.0,2026-09-29 00:15:00+00:00,Mon 8:15PM
196151210,NFL Showdown $20 3-Player (PHI @ CHI),153790,Showdown Captain Mode,20.0,0,3,1,54.0,2026-09-29 00:15:00+00:00,Mon 8:15PM
196164518,NFL Showdown $20 3-Player (PHI @ CHI),153790,Showdown Captain Mode,20.0,0,3,1,54.0,2026-09-29 00:15:00+00:00,Mon 8:15PM
196039820,NFL Showdown $10 50-50 (PHI @ CHI),153790,Showdown Captain Mode,10.0,0,50,1,450.0,2026-09-29 00:15:00+00:00,Mon 8:15PM
196039697,NFL Showdown $10 50-50 (PHI @ CHI),153790,Showdown Captain Mode,10.0,0,20,1,180.0,2026-09-29 00:15:00+00:00,Mon 8:15PM
196039698,NFL Showdown $10 50-50 (PHI @ CHI),153790,Showdown Captain Mode,10.0,0,20,1,180.0,2026-09-29 00:15:00+00:00,Mon 8:15PM
196039674,NFL Showdown $10 50-50 (PHI @ CHI),153790,Showdown Captain Mode,10.0,0,10,1,90.0,2026-09-29 00:15:00+00:00,Mon 8:15PM
196039675,NFL Showdown $10 50-50 (PHI @ CHI),153790,Showdown Captain Mode,10.0,0,10,1,90.0,2026-09-29 00:15:00+00:00,Mon 8:15PM
196164482,NFL Showdown $10 Double Up (PHI @ CHI),153790,Showdown Captain Mode,10.0,0,11,1,100.0,2026-09-29 00:15:00+00:00,Mon 8:15PM
196164483,NFL Showdown $10 Double Up (PHI @ CHI),153790,Showdown Captain Mode,10.0,0,11,1,100.0,2026-09-29 00:15:00+00:00,Mon 8:15PM
196039895,NFL Showdown $10 100-Player (PHI @ CHI),153790,Showdown Captain Mode,10.0,0,100,1,900.0,2026-09-29 00:15:00+00:00,Mon 8:15PM
196039772,NFL Showdown $10 40-Player (PHI @ CHI),153790,Showdown Captain Mode,10.0,0,40,1,360.0,2026-09-29 00:15:00+00:00,Mon 8:15PM
196039683,NFL Showdown $10 20-Player (PHI @ CHI),153790,Showdown Captain Mode,10.0,0,20,1,180.0,2026-09-29 00:15:00+00:00,Mon 8:15PM
196039684,NFL Showdown $10 20-Player (PHI @ CHI),153790,Showdown Captain Mode,10.0,0,20,1,180.0,2026-09-29 00:15:00+00:00,Mon 8:15PM
196039646,NFL Showdown $10 10-Player (PHI @ CHI),153790,Showdown Captain Mode,10.0,0,10,1,90.0,2026-09-29 00:15:00+00:00,Mon 8:15PM
196039647,NFL Showdown $10 10-Player (PHI @ CHI),153790,Showdown Captain Mode,10.0,0,10,1,90.0,2026-09-29 00:15:00+00:00,Mon 8:15PM
196039629,NFL Showdown $10 5-Player (PHI @ CHI),153790,Showdown Captain Mode,10.0,0,5,1,45.0,2026-09-29 00:15:00+00:00,Mon 8:15PM
196039630,NFL Showdown $10 5-Player (PHI @ CHI),153790,Showdown Captain Mode,10.0,0,5,1,45.0,2026-09-29 00:15:00+00:00,Mon 8:15PM
196039631,NFL Showdown $10 5-Player (PHI @ CHI),153790,Showdown Captain Mode,10.0,0,5,1,45.0,2026-09-29 00:15:00+00:00,Mon 8:15PM
196151205,NFL Showdown $10 3-Player (PHI @ CHI),153790,Showdown Captain Mode,10.0,0,3,1,27.0,2026-09-29 00:15:00+00:00,Mon 8:15PM
196151206,NFL Showdown $10 3-Player (PHI @ CHI),153790,Showdown Captain Mode,10.0,0,3,1,27.0,2026-09-29 00:15:00+00:00,Mon 8:15PM
196151207,NFL Showdown $10 3-Player (PHI @ CHI),153790,Showdown Captain Mode,10.0,0,3,1,27.0,2026-09-29 00:15:00+00:00,Mon 8:15PM
196039786,NFL Showdown $5 50-50 (PHI @ CHI),153790,Showdown Captain Mode,5.0,0,100,1,450.0,2026-09-29 00:15:00+00:00,Mon 8:15PM
196039819,NFL Showdown $5 50-50 (PHI @ CHI),153790,Showdown Captain Mode,5.0,0,50,1,225.0,2026-09-29 00:15:00+00:00,Mon 8:15PM
196039694,NFL Showdown $5 50-50 (PHI @ CHI),153790,Showdown Captain Mode,5.0,0,20,1,90.0,2026-09-29 00:15:00+00:00,Mon 8:15PM
196039695,NFL Showdown $5 50-50 (PHI @ CHI),153790,Showdown Captain Mode,5.0,0,20,1,90.0,2026-09-29 00:15:00+00:00,Mon 8:15PM
196039696,NFL Showdown $5 50-50 (PHI @ CHI),153790,Showdown Captain Mode,5.0,0,20,1,90.0,2026-09-29 00:15:00+00:00,Mon 8:15PM
196039635,NFL Showdown $5 50-50 (PHI @ CHI),153790,Showdown Captain Mode,5.0,0,10,1,45.0,2026-09-29 00:15:00+00:00,Mon 8:15PM
196039636,NFL Showdown $5 50-50 (PHI @ CHI),153790,Showdown Captain Mode,5.0,0,10,1,45.0,2026-09-29 00:15:00+00:00,Mon 8:15PM
196039637,NFL Showdown $5 50-50 (PHI @ CHI),153790,Showdown Captain Mode,5.0,0,10,1,45.0,2026-09-29 00:15:00+00:00,Mon 8:15PM
196164488,NFL Showdown $5 Double Up (PHI @ CHI),153790,Showdown Captain Mode,5.0,0,11,1,50.0,2026-09-29 00:15:00+00:00,Mon 8:15PM
196164489,NFL Showdown $5 Double Up (PHI @ CHI),153790,Showdown Captain Mode,5.0,0,11,1,50.0,2026-09-29 00:15:00+00:00,Mon 8:15PM
196039894,NFL Showdown $5 100-Player (PHI @ CHI),153790,Showdown Captain Mode,5.0,0,100,1,450.0,2026-09-29 00:15:00+00:00,Mon 8:15PM
196039771,NFL Showdown $5 40-Player (PHI @ CHI),153790,Showdown Captain Mode,5.0,0,40,1,180.0,2026-09-29 00:15:00+00:00,Mon 8:15PM
196039685,NFL Showdown $5 20-Player (PHI @ CHI),153790,Showdown Captain Mode,5.0,0,20,1,90.0,2026-09-29 00:15:00+00:00,Mon 8:15PM
196039686,NFL Showdown $5 20-Player (PHI @ CHI),153790,Showdown Captain Mode,5.0,0,20,1,90.0,2026-09-29 00:15:00+00:00,Mon 8:15PM
196039620,NFL Showdown $5 10-Player (PHI @ CHI),153790,Showdown Captain Mode,5.0,0,10,1,45.0,2026-09-29 00:15:00+00:00,Mon 8:15PM
196039621,NFL Showdown $5 10-Player (PHI @ CHI),153790,Showdown Captain Mode,5.0,0,10,1,45.0,2026-09-29 00:15:00+00:00,Mon 8:15PM
196094778,NFL Showdown $5 10-Player (PHI @ CHI),153790,Showdown Captain Mode,5.0,0,10,1,45.0,2026-09-29 00:15:00+00:00,Mon 8:15PM
196039626,NFL Showdown $5 5-Player (PHI @ CHI),153790,Showdown Captain Mode,5.0,0,5,1,22.5,2026-09-29 00:15:00+00:00,Mon 8:15PM
196039627,NFL Showdown $5 5-Player (PHI @ CHI),153790,Showdown Captain Mode,5.0,0,5,1,22.5,2026-09-29 00:15:00+00:00,Mon 8:15PM
196039628,NFL Showdown $5 5-Player (PHI @ CHI),153790,Showdown Captain Mode,5.0,0,5,1,22.5,2026-09-29 00:15:00+00:00,Mon 8:15PM
196151202,NFL Showdown $5 3-Player (PHI @ CHI),153790,Showdown Captain Mode,5.0,0,3,1,13.5,2026-09-29 00:15:00+00:00,Mon 8:15PM
196151204,NFL Showdown $5 3-Player (PHI @ CHI),153790,Showdown Captain Mode,5.0,0,3,1,13.5,2026-09-29 00:15:00+00:00,Mon 8:15PM
196162108,NFL Showdown $5 3-Player (PHI @ CHI),153790,Showdown Captain Mode,5.0,0,3,1,13.5,2026-09-29 00:15:00+00:00,Mon 8:15PM
196151196,NFL Showdown $5 3-Player (PHI @ CHI),153790,Showdown Captain Mode,5.0,0,3,1,13.5,2026-09-29 00:15:00+00:00,Mon 8:15PM
196151197,NFL Showdown $5 3-Player (PHI @ CHI),153790,Showdown Captain Mode,5.0,0,3,1,13.5,2026-09-29 00:15:00+00:00,Mon 8:15PM
196151198,NFL Showdown $5 3-Player (PHI @ CHI),153790,Showdown Captain Mode,5.0,0,3,1,13.5,2026-09-29 00:15:00+00:00,Mon 8:15PM
196162968,NFL Showdown $3 Double Up (PHI @ CHI),153790,Showdown Captain Mode,3.0,0,11,1,30.0,2026-09-29 00:15:00+00:00,Mon 8:15PM
196164345,NFL Showdown $3 Double Up (PHI @ CHI),153790,Showdown Captain Mode,3.0,0,11,1,30.0,2026-09-29 00:15:00+00:00,Mon 8:15PM
196146383,NFL Showdown $2 50-50 (PHI @ CHI),153790,Showdown Captain Mode,2.0,0,100,1,180.0,2026-09-29 00:15:00+00:00,Mon 8:15PM
196146386,NFL Showdown $2 50-50 (PHI @ CHI),153790,Showdown Captain Mode,2.0,0,50,1,90.0,2026-09-29 00:15:00+00:00,Mon 8:15PM
196146384,NFL Showdown $2 50-50 (PHI @ CHI),153790,Showdown Captain Mode,2.0,0,20,1,36.0,2026-09-29 00:15:00+00:00,Mon 8:15PM
196146354,NFL Showdown $2 50-50 (PHI @ CHI),153790,Showdown Captain Mode,2.0,0,20,1,36.0,2026-09-29 00:15:00+00:00,Mon 8:15PM
196146355,NFL Showdown $2 50-50 (PHI @ CHI),153790,Showdown Captain Mode,2.0,0,20,1,36.0,2026-09-29 00:15:00+00:00,Mon 8:15PM
196146356,NFL Showdown $2 50-50 (PHI @ CHI),153790,Showdown Captain Mode,2.0,0,20,1,36.0,2026-09-29 00:15:00+00:00,Mon 8:15PM
196146379,NFL Showdown $2 50-50 (PHI @ CHI),153790,Showdown Captain Mode,2.0,0,10,1,18.0,2026-09-29 00:15:00+00:00,Mon 8:15PM
196146380,NFL Showdown $2 50-50 (PHI @ CHI),153790,Showdown Captain Mode,2.0,0,10,1,18.0,2026-09-29 00:15:00+00:00,Mon 8:15PM
196146381,NFL Showdown $2 50-50 (PHI @ CHI),153790,Showdown Captain Mode,2.0,0,10,1,18.0,2026-09-29 00:15:00+00:00,Mon 8:15PM
196146392,NFL Showdown $2 100-Player (PHI @ CHI),153790,Showdown Captain Mode,2.0,0,100,1,180.0,2026-09-29 00:15:00+00:00,Mon 8:15PM
196146374,NFL Showdown $2 40-Player (PHI @ CHI),153790,Showdown Captain Mode,2.0,0,40,1,72.0,2026-09-29 00:15:00+00:00,Mon 8:15PM
196146375,NFL Showdown $2 40-Player (PHI @ CHI),153790,Showdown Captain Mode,2.0,0,40,1,72.0,2026-09-29 00:15:00+00:00,Mon 8:15PM
196146369,NFL Showdown $2 20-Player (PHI @ CHI),153790,Showdown Captain Mode,2.0,0,20,1,36.0,2026-09-29 00:15:00+00:00,Mon 8:15PM
196146371,NFL Showdown $2 20-Player (PHI @ CHI),153790,Showdown Captain Mode,2.0,0,20,1,36.0,2026-09-29 00:15:00+00:00,Mon 8:15PM
196162530,NFL Showdown $2 20-Player (PHI @ CHI),153790,Showdown Captain Mode,2.0,0,20,1,36.0,2026-09-29 00:15:00+00:00,Mon 8:15PM
196146348,NFL Showdown $2 10-Player (PHI @ CHI),153790,Showdown Captain Mode,2.0,0,10,1,18.0,2026-09-29 00:15:00+00:00,Mon 8:15PM
196146349,NFL Showdown $2 10-Player (PHI @ CHI),153790,Showdown Captain Mode,2.0,0,10,1,18.0,2026-09-29 00:15:00+00:00,Mon 8:15PM
196146350,NFL Showdown $2 10-Player (PHI @ CHI),153790,Showdown Captain Mode,2.0,0,10,1,18.0,2026-09-29 00:15:00+00:00,Mon 8:15PM
196146345,NFL Showdown $2 5-Player (PHI @ CHI),153790,Showdown Captain Mode,2.0,0,5,1,9.0,2026-09-29 00:15:00+00:00,Mon 8:15PM
196146346,NFL Showdown $2 5-Player (PHI @ CHI),153790,Showdown Captain Mode,2.0,0,5,1,9.0,2026-09-29 00:15:00+00:00,Mon 8:15PM
196146347,NFL Showdown $2 5-Player (PHI @ CHI),153790,Showdown Captain Mode,2.0,0,5,1,9.0,2026-09-29 00:15:00+00:00,Mon 8:15PM
196159839,NFL Showdown $2 3-Player (PHI @ CHI),153790,Showdown Captain Mode,2.0,0,3,1,5.4,2026-09-29 00:15:00+00:00,Mon 8:15PM
196160436,NFL Showdown $2 3-Player (PHI @ CHI),153790,Showdown Captain Mode,2.0,0,3,1,5.4,2026-09-29 00:15:00+00:00,Mon 8:15PM
196164955,NFL Showdown $2 3-Player (PHI @ CHI),153790,Showdown Captain Mode,2.0,0,3,1,5.4,2026-09-29 00:15:00+00:00,Mon 8:15PM
196146382,NFL Showdown $1 50-50 (PHI @ CHI),153790,Showdown Captain Mode,1.0,0,100,1,90.0,2026-09-29 00:15:00+00:00,Mon 8:15PM
196146385,NFL Showdown $1 50-50 (PHI @ CHI),153790,Showdown Captain Mode,1.0,0,50,1,45.0,2026-09-29 00:15:00+00:00,Mon 8:15PM
196146357,NFL Showdown $1 50-50 (PHI @ CHI),153790,Showdown Captain Mode,1.0,0,20,1,18.0,2026-09-29 00:15:00+00:00,Mon 8:15PM
196146358,NFL Showdown $1 50-50 (PHI @ CHI),153790,Showdown Captain Mode,1.0,0,20,1,18.0,2026-09-29 00:15:00+00:00,Mon 8:15PM
196146359,NFL Showdown $1 50-50 (PHI @ CHI),153790,Showdown Captain Mode,1.0,0,20,1,18.0,2026-09-29 00:15:00+00:00,Mon 8:15PM
196146376,NFL Showdown $1 50-50 (PHI @ CHI),153790,Showdown Captain Mode,1.0,0,10,1,9.0,2026-09-29 00:15:00+00:00,Mon 8:15PM
196146377,NFL Showdown $1 50-50 (PHI @ CHI),153790,Showdown Captain Mode,1.0,0,10,1,9.0,2026-09-29 00:15:00+00:00,Mon 8:15PM
196146378,NFL Showdown $1 50-50 (PHI @ CHI),153790,Showdown Captain Mode,1.0,0,10,1,9.0,2026-09-29 00:15:00+00:00,Mon 8:15PM
196146389,NFL Showdown $1 Double Up (PHI @ CHI),153790,Showdown Captain Mode,1.0,0,11,1,10.0,2026-09-29 00:15:00+00:00,Mon 8:15PM
196146390,NFL Showdown $1 Double Up (PHI @ CHI),153790,Showdown Captain Mode,1.0,0,11,1,10.0,2026-09-29 00:15:00+00:00,Mon 8:15PM
196146391,NFL Showdown $1 100-Player (PHI @ CHI),153790,Showdown Captain Mode,1.0,0,100,1,90.0,2026-09-29 00:15:00+00:00,Mon 8:15PM
196146372,NFL Showdown $1 40-Player (PHI @ CHI),153790,Showdown Captain Mode,1.0,0,40,1,36.0,2026-09-29 00:15:00+00:00,Mon 8:15PM
196146373,NFL Showdown $1 40-Player (PHI @ CHI),153790,Showdown Captain Mode,1.0,0,40,1,36.0,2026-09-29 00:15:00+00:00,Mon 8:15PM
196146366,NFL Showdown $1 20-Player (PHI @ CHI),153790,Showdown Captain Mode,1.0,0,20,1,18.0,2026-09-29 00:15:00+00:00,Mon 8:15PM
196146367,NFL Showdown $1 20-Player (PHI @ CHI),153790,Showdown Captain Mode,1.0,0,20,1,18.0,2026-09-29 00:15:00+00:00,Mon 8:15PM
196146368,NFL Showdown $1 20-Player (PHI @ CHI),153790,Showdown Captain Mode,1.0,0,20,1,18.0,2026-09-29 00:15:00+00:00,Mon 8:15PM
196146363,NFL Showdown $1 10-Player (PHI @ CHI),153790,Showdown Captain Mode,1.0,0,10,1,9.0,2026-09-29 00:15:00+00:00,Mon 8:15PM
196146364,NFL Showdown $1 10-Player (PHI @ CHI),153790,Showdown Captain Mode,1.0,0,10,1,9.0,2026-09-29 00:15:00+00:00,Mon 8:15PM
196146365,NFL Showdown $1 10-Player (PHI @ CHI),153790,Showdown Captain Mode,1.0,0,10,1,9.0,2026-09-29 00:15:00+00:00,Mon 8:15PM
196146351,NFL Showdown $1 5-Player (PHI @ CHI),153790,Showdown Captain Mode,1.0,0,5,1,4.5,2026-09-29 00:15:00+00:00,Mon 8:15PM
196146352,NFL Showdown $1 5-Player (PHI @ CHI),153790,Showdown Captain Mode,1.0,0,5,1,4.5,2026-09-29 00:15:00+00:00,Mon 8:15PM
196146353,NFL Showdown $1 5-Player (PHI @ CHI),153790,Showdown Captain Mode,1.0,0,5,1,4.5,2026-09-29 00:15:00+00:00,Mon 8:15PM
196164570,NFL Showdown $1 3-Player (PHI @ CHI),153790,Showdown Captain Mode,1.0,0,3,1,2.7,2026-09-29 00:15:00+00:00,Mon 8:15PM
196164573,NFL Showdown $1 3-Player (PHI @ CHI),153790,Showdown Captain Mode,1.0,0,3,1,2.7,2026-09-29 00:15:00+00:00,Mon 8:15PM
196164952,NFL Showdown $1 3-Player (PHI @ CHI),153790,Showdown Captain Mode,1.0,0,3,1,2.7,2026-09-29 00:15:00+00:00,Mon 8:15PM
196156803,Beginner NFL $5 3-Player (Mon-Thu),153809,Classic,5.0,1,3,1,13.5,2026-09-29 00:15:00+00:00,Mon 8:15PM
196156884,Beginner NFL $1 50-50 (Mon-Thu),153809,Classic,1.0,2,4,1,3.6,2026-09-29 00:15:00+00:00,Mon 8:15PM
196156806,"NFL $10,600 3-Player (Mon-Thu)",153809,Classic,10600.0,1,3,1,30000.0,2026-09-29 00:15:00+00:00,Mon 8:15PM
196156808,"NFL $5,300 3-Player (Mon-Thu)",153809,Classic,5300.0,1,3,1,15000.0,2026-09-29 00:15:00+00:00,Mon 8:15PM
196156814,"NFL $1,060 3-Player (Mon-Thu)",153809,Classic,1060.0,1,3,1,3000.0,2026-09-29 00:15:00+00:00,Mon 8:15PM
196156815,"NFL $1,060 3-Player (Mon-Thu)",153809,Classic,1060.0,1,3,1,3000.0,2026-09-29 00:15:00+00:00,Mon 8:15PM
196156818,NFL $530 3-Player (Mon-Thu),153809,Classic,530.0,1,3,1,1500.0,2026-09-29 00:15:00+00:00,Mon 8:15PM
196156819,NFL $530 3-Player (Mon-Thu),153809,Classic,530.0,1,3,1,1500.0,2026-09-29 00:15:00+00:00,Mon 8:15PM
196156824,NFL $270 3-Player (Mon-Thu),153809,Classic,270.0,1,3,1,750.0,2026-09-29 00:15:00+00:00,Mon 8:15PM
196156825,NFL $270 3-Player (Mon-Thu),153809,Classic,270.0,1,3,1,750.0,2026-09-29 00:15:00+00:00,Mon 8:15PM
196156831,NFL $109 3-Player (Mon-Thu),153809,Classic,109.0,2,3,1,300.0,2026-09-29 00:15:00+00:00,Mon 8:15PM
196156832,NFL $109 3-Player (Mon-Thu),153809,Classic,109.0,1,3,1,300.0,2026-09-29 00:15:00+00:00,Mon 8:15PM
196156833,NFL $109 3-Player (Mon-Thu),153809,Classic,109.0,1,3,1,300.0,2026-09-29 00:15:00+00:00,Mon 8:15PM
196159329,NFL $50 4-Player (Winner Takes All) (Mon-Thu) x2,153809,Classic,50.0,2,4,1,180.0,2026-09-29 00:15:00+00:00,Mon 8:15PM
196156846,NFL $50 3-Player (Mon-Thu),153809,Classic,50.0,1,3,1,135.0,2026-09-29 00:15:00+00:00,Mon 8:15PM
196156869,NFL $25 Double Up (Mon-Thu),153809,Classic,25.0,1,22,1,500.0,2026-09-29 00:15:00+00:00,Mon 8:15PM
196156868,NFL $25 Double Up (Mon-Thu),153809,Classic,25.0,3,11,1,250.0,2026-09-29 00:15:00+00:00,Mon 8:15PM
196159343,NFL $20 4-Player (Winner Takes All) (Mon-Thu) x4,153809,Classic,20.0,3,4,1,72.0,2026-09-29 00:15:00+00:00,Mon 8:15PM
196156860,NFL $20 3-Player (Mon-Thu),153809,Classic,20.0,2,3,1,54.0,2026-09-29 00:15:00+00:00,Mon 8:15PM
196162127,NFL $10 25-Player (Winner Takes All) (Mon-Thu),153809,Classic,10.0,1,25,1,225.0,2026-09-29 00:15:00+00:00,Mon 8:15PM
196156864,NFL $10 3-Player (Mon-Thu),153809,Classic,10.0,1,3,1,27.0,2026-09-29 00:15:00+00:00,Mon 8:15PM
196156820,NFL $5 50-50 (Mon-Thu),153809,Classic,5.0,1,10,1,45.0,2026-09-29 00:15:00+00:00,Mon 8:15PM
196156873,NFL $5 Double Up (Mon-Thu),153809,Classic,5.0,2,11,1,50.0,2026-09-29 00:15:00+00:00,Mon 8:15PM
196159647,NFL $5 6-Player (Winner Takes All) (Mon-Thu),153809,Classic,5.0,3,6,1,27.0,2026-09-29 00:15:00+00:00,Mon 8:15PM
196156874,NFL $3 Double Up (Mon-Thu),153809,Classic,3.0,4,11,1,30.0,2026-09-29 00:15:00+00:00,Mon 8:15PM
196156875,NFL $3 Double Up (Mon-Thu),153809,Classic,3.0,1,11,1,30.0,2026-09-29 00:15:00+00:00,Mon 8:15PM
196158334,NFL $3 Double Up (Mon-Thu),153809,Classic,3.0,1,11,1,30.0,2026-09-29 00:15:00+00:00,Mon 8:15PM
196156829,NFL $2 50-50 (Mon-Thu),153809,Classic,2.0,1,20,1,36.0,2026-09-29 00:15:00+00:00,Mon 8:15PM
196156830,NFL $2 50-50 (Mon-Thu),153809,Classic,2.0,1,10,1,18.0,2026-09-29 00:15:00+00:00,Mon 8:15PM
196156834,NFL $2 20-Player (Mon-Thu),153809,Classic,2.0,2,20,1,36.0,2026-09-29 00:15:00+00:00,Mon 8:15PM
196160806,NFL $2 20-Player (Mon-Thu),153809,Classic,2.0,1,20,1,36.0,2026-09-29 00:15:00+00:00,Mon 8:15PM
196156835,NFL $2 10-Player (Mon-Thu),153809,Classic,2.0,2,10,1,18.0,2026-09-29 00:15:00+00:00,Mon 8:15PM
196156836,NFL $2 10-Player (Mon-Thu),153809,Classic,2.0,1,10,1,18.0,2026-09-29 00:15:00+00:00,Mon 8:15PM
196159759,NFL $2 10-Player (Mon-Thu),153809,Classic,2.0,1,10,1,18.0,2026-09-29 00:15:00+00:00,Mon 8:15PM
196156838,NFL $2 5-Player (Mon-Thu),153809,Classic,2.0,2,5,1,9.0,2026-09-29 00:15:00+00:00,Mon 8:15PM
196156839,NFL $2 5-Player (Mon-Thu),153809,Classic,2.0,2,5,1,9.0,2026-09-29 00:15:00+00:00,Mon 8:15PM
196159818,NFL $2 5-Player (Winner Takes All) (Mon-Thu) x2,153809,Classic,2.0,2,5,1,9.0,2026-09-29 00:15:00+00:00,Mon 8:15PM
196159799,NFL $2 3-Player (Mon-Thu),153809,Classic,2.0,2,3,1,5.4,2026-09-29 00:15:00+00:00,Mon 8:15PM
196159800,NFL $2 3-Player (Mon-Thu),153809,Classic,2.0,1,3,1,5.4,2026-09-29 00:15:00+00:00,Mon 8:15PM
196162881,NFL $2 3-Player (Mon-Thu),153809,Classic,2.0,1,3,1,5.4,2026-09-29 00:15:00+00:00,Mon 8:15PM
196163003,NFL $2 3-Player (Mon-Thu),153809,Classic,2.0,1,3,1,5.4,2026-09-29 00:15:00+00:00,Mon 8:15PM
196163004,NFL $2 3-Player (Mon-Thu),153809,Classic,2.0,1,3,1,5.4,2026-09-29 00:15:00+00:00,Mon 8:15PM
196156843,NFL $1 50-50 (Mon-Thu),153809,Classic,1.0,1,20,1,18.0,2026-09-29 00:15:00+00:00,Mon 8:15PM
196156844,NFL $1 50-50 (Mon-Thu),153809,Classic,1.0,2,10,1,9.0,2026-09-29 00:15:00+00:00,Mon 8:15PM
196156845,NFL $1 50-50 (Mon-Thu),153809,Classic,1.0,3,10,1,9.0,2026-09-29 00:15:00+00:00,Mon 8:15PM
196160117,NFL $1 50-50 (Mon-Thu),153809,Classic,1.0,2,10,1,9.0,2026-09-29 00:15:00+00:00,Mon 8:15PM
196161957,NFL $1 50-50 (Mon-Thu),153809,Classic,1.0,1,10,1,9.0,2026-09-29 00:15:00+00:00,Mon 8:15PM
196161958,NFL $1 50-50 (Mon-Thu),153809,Classic,1.0,1,10,1,9.0,2026-09-29 00:15:00+00:00,Mon 8:15PM
196156876,NFL $1 Double Up (Mon-Thu),153809,Classic,1.0,5,11,1,10.0,2026-09-29 00:15:00+00:00,Mon 8:15PM
196156877,NFL $1 Double Up (Mon-Thu),153809,Classic,1.0,4,11,1,10.0,2026-09-29 00:15:00+00:00,Mon 8:15PM
196158241,NFL $1 Double Up (Mon-Thu),153809,Classic,1.0,3,11,1,10.0,2026-09-29 00:15:00+00:00,Mon 8:15PM
196158331,NFL $1 Double Up (Mon-Thu),153809,Classic,1.0,2,11,1,10.0,2026-09-29 00:15:00+00:00,Mon 8:15PM
196158332,NFL $1 Double Up (Mon-Thu),153809,Classic,1.0,2,11,1,10.0,2026-09-29 00:15:00+00:00,Mon 8:15PM
196161959,NFL $1 Double Up (Mon-Thu),153809,Classic,1.0,1,11,1,10.0,2026-09-29 00:15:00+00:00,Mon 8:15PM
196161960,NFL $1 Double Up (Mon-Thu),153809,Classic,1.0,1,11,1,10.0,2026-09-29 00:15:00+00:00,Mon 8:15PM
196159891,NFL $1 50-50  (Mon-Thu),153809,Classic,1.0,3,6,1,5.4,2026-09-29 00:15:00+00:00,Mon 8:15PM
196156847,NFL $1 20-Player (Mon-Thu),153809,Classic,1.0,1,20,1,18.0,2026-09-29 00:15:00+00:00,Mon 8:15PM
196156848,NFL $1 10-Player (Mon-Thu),153809,Classic,1.0,1,10,1,9.0,2026-09-29 00:15:00+00:00,Mon 8:15PM
196156849,NFL $1 10-Player (Mon-Thu),153809,Classic,1.0,1,10,1,9.0,2026-09-29 00:15:00+00:00,Mon 8:15PM
196156850,NFL $1 5-Player (Mon-Thu),153809,Classic,1.0,3,5,1,4.5,2026-09-29 00:15:00+00:00,Mon 8:15PM
196156851,NFL $1 5-Player (Mon-Thu),153809,Classic,1.0,1,5,1,4.5,2026-09-29 00:15:00+00:00,Mon 8:15PM
196156852,NFL $1 5-Player (Mon-Thu),153809,Classic,1.0,1,5,1,4.5,2026-09-29 00:15:00+00:00,Mon 8:15PM
196158412,NFL $1 5-Player (Mon-Thu),153809,Classic,1.0,1,5,1,4.5,2026-09-29 00:15:00+00:00,Mon 8:15PM
196156855,NFL $1 3-Player (Mon-Thu),153809,Classic,1.0,1,3,1,2.7,2026-09-29 00:15:00+00:00,Mon 8:15PM
196156856,NFL $1 3-Player (Mon-Thu),153809,Classic,1.0,1,3,1,2.7,2026-09-29 00:15:00+00:00,Mon 8:15PM
196160244,NFL $1 3-Player (Mon-Thu),153809,Classic,1.0,1,3,1,2.7,2026-09-29 00:15:00+00:00,Mon 8:15PM
196162015,NFL $3 4-Player (Winner Takes All) (Mon-Thu),153809,Classic,3.0,2,4,1,10.8,2026-09-29 00:15:00+00:00,Mon 8:15PM
196158365,NFL $3 5-Player (Top 2 Win) (Mon-Thu),153809,Classic,3.0,3,5,1,13.5,2026-09-29 00:15:00+00:00,Mon 8:15PM
196160770,NFL Satellite to $20 NFL Fantasy Football Millionaire [Must Fill] (Mon-Thu),153809,Classic,7.4,0,3,1,20.0,2026-09-29 00:15:00+00:00,Mon 8:15PM
196156795,Beginner NFL $50 50-50 (Mon-Thu),153809,Classic,50.0,0,4,1,180.0,2026-09-29 00:15:00+00:00,Mon 8:15PM
196156800,Beginner NFL $50 3-Player (Mon-Thu),153809,Classic,50.0,0,3,1,135.0,2026-09-29 00:15:00+00:00,Mon 8:15PM
196156796,Beginner NFL $20 50-50 (Mon-Thu),153809,Classic,20.0,0,4,1,72.0,2026-09-29 00:15:00+00:00,Mon 8:15PM
196156801,Beginner NFL $20 3-Player (Mon-Thu),153809,Classic,20.0,0,3,1,54.0,2026-09-29 00:15:00+00:00,Mon 8:15PM
196156797,Beginner NFL $10 50-50 (Mon-Thu),153809,Classic,10.0,0,4,1,36.0,2026-09-29 00:15:00+00:00,Mon 8:15PM
196156802,Beginner NFL $10 3-Player (Mon-Thu),153809,Classic,10.0,0,3,1,27.0,2026-09-29 00:15:00+00:00,Mon 8:15PM
196156798,Beginner NFL $5 50-50 (Mon-Thu),153809,Classic,5.0,0,4,1,18.0,2026-09-29 00:15:00+00:00,Mon 8:15PM
196161572,Beginner NFL $5 3-Player (Mon-Thu),153809,Classic,5.0,0,3,1,13.5,2026-09-29 00:15:00+00:00,Mon 8:15PM
196156799,Beginner NFL $3 50-50 (Mon-Thu),153809,Classic,3.0,0,4,1,10.8,2026-09-29 00:15:00+00:00,Mon 8:15PM
196156804,Beginner NFL $2 3-Player (Mon-Thu),153809,Classic,2.0,0,3,1,5.4,2026-09-29 00:15:00+00:00,Mon 8:15PM
196161577,Beginner NFL $1 50-50 (Mon-Thu),153809,Classic,1.0,0,4,1,3.6,2026-09-29 00:15:00+00:00,Mon 8:15PM
196156805,Beginner NFL $1 3-Player (Mon-Thu),153809,Classic,1.0,0,3,1,2.7,2026-09-29 00:15:00+00:00,Mon 8:15PM
196156807,"NFL $10,600 3-Player (Mon-Thu)",153809,Classic,10600.0,0,3,1,30000.0,2026-09-29 00:15:00+00:00,Mon 8:15PM
196160215,"NFL $10,600 3-Player (Mon-Thu)",153809,Classic,10600.0,0,3,1,30000.0,2026-09-29 00:15:00+00:00,Mon 8:15PM
196156810,"NFL $5,300 50-50 (Mon-Thu)",153809,Classic,5300.0,0,4,1,20000.0,2026-09-29 00:15:00+00:00,Mon 8:15PM
196156811,"NFL $5,300 50-50 (Mon-Thu)",153809,Classic,5300.0,0,4,1,20000.0,2026-09-29 00:15:00+00:00,Mon 8:15PM
196156809,"NFL $5,300 3-Player (Mon-Thu)",153809,Classic,5300.0,0,3,1,15000.0,2026-09-29 00:15:00+00:00,Mon 8:15PM
196160216,"NFL $5,300 3-Player (Mon-Thu)",153809,Classic,5300.0,0,3,1,15000.0,2026-09-29 00:15:00+00:00,Mon 8:15PM
196156812,"NFL $1,060 50-50 (Mon-Thu)",153809,Classic,1060.0,0,4,1,4000.0,2026-09-29 00:15:00+00:00,Mon 8:15PM
196156813,"NFL $1,060 50-50 (Mon-Thu)",153809,Classic,1060.0,0,4,1,4000.0,2026-09-29 00:15:00+00:00,Mon 8:15PM
196160217,"NFL $1,060 3-Player (Mon-Thu)",153809,Classic,1060.0,0,3,1,3000.0,2026-09-29 00:15:00+00:00,Mon 8:15PM
196160218,"NFL $1,060 3-Player (Mon-Thu)",153809,Classic,1060.0,0,3,1,3000.0,2026-09-29 00:15:00+00:00,Mon 8:15PM
196156816,NFL $530 50-50 (Mon-Thu),153809,Classic,530.0,0,4,1,2000.0,2026-09-29 00:15:00+00:00,Mon 8:15PM
196156817,NFL $530 50-50 (Mon-Thu),153809,Classic,530.0,0,4,1,2000.0,2026-09-29 00:15:00+00:00,Mon 8:15PM
196160219,NFL $530 3-Player (Mon-Thu),153809,Classic,530.0,0,3,1,1500.0,2026-09-29 00:15:00+00:00,Mon 8:15PM
196160220,NFL $530 3-Player (Mon-Thu),153809,Classic,530.0,0,3,1,1500.0,2026-09-29 00:15:00+00:00,Mon 8:15PM
196156878,NFL $270 50-50 (Mon-Thu),153809,Classic,270.0,0,4,1,1000.0,2026-09-29 00:15:00+00:00,Mon 8:15PM
196156879,NFL $270 50-50 (Mon-Thu),153809,Classic,270.0,0,4,1,1000.0,2026-09-29 00:15:00+00:00,Mon 8:15PM
196160221,NFL $270 3-Player (Mon-Thu),153809,Classic,270.0,0,3,1,750.0,2026-09-29 00:15:00+00:00,Mon 8:15PM
196160222,NFL $270 3-Player (Mon-Thu),153809,Classic,270.0,0,3,1,750.0,2026-09-29 00:15:00+00:00,Mon 8:15PM
196156827,NFL $109 50-50 (Mon-Thu),153809,Classic,109.0,0,4,1,400.0,2026-09-29 00:15:00+00:00,Mon 8:15PM
196156828,NFL $109 50-50 (Mon-Thu),153809,Classic,109.0,0,4,1,400.0,2026-09-29 00:15:00+00:00,Mon 8:15PM
196160223,NFL $109 3-Player (Mon-Thu),153809,Classic,109.0,0,3,1,300.0,2026-09-29 00:15:00+00:00,Mon 8:15PM
196160224,NFL $109 3-Player (Mon-Thu),153809,Classic,109.0,0,3,1,300.0,2026-09-29 00:15:00+00:00,Mon 8:15PM
196160225,NFL $109 3-Player (Mon-Thu),153809,Classic,109.0,0,3,1,300.0,2026-09-29 00:15:00+00:00,Mon 8:15PM
196156840,NFL $50 50-50 (Mon-Thu),153809,Classic,50.0,0,8,1,360.0,2026-09-29 00:15:00+00:00,Mon 8:15PM
196156837,NFL $50 50-50 (Mon-Thu),153809,Classic,50.0,0,4,1,180.0,2026-09-29 00:15:00+00:00,Mon 8:15PM
196156871,NFL $50 Double Up (Mon-Thu),153809,Classic,50.0,0,22,1,1000.0,2026-09-29 00:15:00+00:00,Mon 8:15PM
196156870,NFL $50 Double Up (Mon-Thu),153809,Classic,50.0,0,11,1,500.0,2026-09-29 00:15:00+00:00,Mon 8:15PM
196160226,NFL $50 3-Player (Mon-Thu),153809,Classic,50.0,0,3,1,135.0,2026-09-29 00:15:00+00:00,Mon 8:15PM
196159214,NFL $25 Double Up (Mon-Thu),153809,Classic,25.0,0,22,1,500.0,2026-09-29 00:15:00+00:00,Mon 8:15PM
196159215,NFL $25 Double Up (Mon-Thu),153809,Classic,25.0,0,11,1,250.0,2026-09-29 00:15:00+00:00,Mon 8:15PM
196156857,NFL $20 50-50 (Mon-Thu),153809,Classic,20.0,0,10,1,180.0,2026-09-29 00:15:00+00:00,Mon 8:15PM
196156853,NFL $20 50-50 (Mon-Thu),153809,Classic,20.0,0,4,1,72.0,2026-09-29 00:15:00+00:00,Mon 8:15PM
196156858,NFL $20 5-Player (Mon-Thu),153809,Classic,20.0,0,5,1,90.0,2026-09-29 00:15:00+00:00,Mon 8:15PM
196160227,NFL $20 3-Player (Mon-Thu),153809,Classic,20.0,0,3,1,54.0,2026-09-29 00:15:00+00:00,Mon 8:15PM
196160228,NFL $20 3-Player (Mon-Thu),153809,Classic,20.0,0,3,1,54.0,2026-09-29 00:15:00+00:00,Mon 8:15PM
196156862,NFL $10 50-50 (Mon-Thu),153809,Classic,10.0,0,10,1,90.0,2026-09-29 00:15:00+00:00,Mon 8:15PM
196156861,NFL $10 50-50 (Mon-Thu),153809,Classic,10.0,0,4,1,36.0,2026-09-29 00:15:00+00:00,Mon 8:15PM
196156866,NFL $10 Double Up (Mon-Thu),153809,Classic,10.0,0,11,1,100.0,2026-09-29 00:15:00+00:00,Mon 8:15PM
196156867,NFL $10 Double Up (Mon-Thu),153809,Classic,10.0,0,11,1,100.0,2026-09-29 00:15:00+00:00,Mon 8:15PM
196156863,NFL $10 5-Player (Mon-Thu),153809,Classic,10.0,0,5,1,45.0,2026-09-29 00:15:00+00:00,Mon 8:15PM
196160229,NFL $10 3-Player (Mon-Thu),153809,Classic,10.0,0,3,1,27.0,2026-09-29 00:15:00+00:00,Mon 8:15PM
196160230,NFL $10 3-Player (Mon-Thu),153809,Classic,10.0,0,3,1,27.0,2026-09-29 00:15:00+00:00,Mon 8:15PM
196164007,NFL $5 50-50 (Mon-Thu),153809,Classic,5.0,0,10,1,45.0,2026-09-29 00:15:00+00:00,Mon 8:15PM
196156821,NFL $5 50-50 (Mon-Thu),153809,Classic,5.0,0,4,1,18.0,2026-09-29 00:15:00+00:00,Mon 8:15PM
196156822,NFL $5 50-50 (Mon-Thu),153809,Classic,5.0,0,4,1,18.0,2026-09-29 00:15:00+00:00,Mon 8:15PM
196156872,NFL $5 Double Up (Mon-Thu),153809,Classic,5.0,0,11,1,50.0,2026-09-29 00:15:00+00:00,Mon 8:15PM
196158333,NFL $5 Double Up (Mon-Thu),153809,Classic,5.0,0,11,1,50.0,2026-09-29 00:15:00+00:00,Mon 8:15PM
196156823,NFL $5 20-Player (Mon-Thu),153809,Classic,5.0,0,20,1,90.0,2026-09-29 00:15:00+00:00,Mon 8:15PM
196156826,NFL $5 10-Player (Mon-Thu),153809,Classic,5.0,0,10,1,45.0,2026-09-29 00:15:00+00:00,Mon 8:15PM
196156880,NFL $5 5-Player (Mon-Thu),153809,Classic,5.0,0,5,1,22.5,2026-09-29 00:15:00+00:00,Mon 8:15PM
196156881,NFL $5 5-Player (Mon-Thu),153809,Classic,5.0,0,5,1,22.5,2026-09-29 00:15:00+00:00,Mon 8:15PM
196160231,NFL $5 3-Player (Mon-Thu),153809,Classic,5.0,0,3,1,13.5,2026-09-29 00:15:00+00:00,Mon 8:15PM
196160232,NFL $5 3-Player (Mon-Thu),153809,Classic,5.0,0,3,1,13.5,2026-09-29 00:15:00+00:00,Mon 8:15PM
196163017,NFL $3 Double Up (Mon-Thu),153809,Classic,3.0,0,11,1,30.0,2026-09-29 00:15:00+00:00,Mon 8:15PM
196163018,NFL $3 Double Up (Mon-Thu),153809,Classic,3.0,0,11,1,30.0,2026-09-29 00:15:00+00:00,Mon 8:15PM
196162996,NFL $2 50-50 (Mon-Thu),153809,Classic,2.0,0,20,1,36.0,2026-09-29 00:15:00+00:00,Mon 8:15PM
196162997,NFL $2 50-50 (Mon-Thu),153809,Classic,2.0,0,10,1,18.0,2026-09-29 00:15:00+00:00,Mon 8:15PM
196162998,NFL $2 20-Player (Mon-Thu),153809,Classic,2.0,0,20,1,36.0,2026-09-29 00:15:00+00:00,Mon 8:15PM
196162999,NFL $2 10-Player (Mon-Thu),153809,Classic,2.0,0,10,1,18.0,2026-09-29 00:15:00+00:00,Mon 8:15PM
196163000,NFL $2 10-Player (Mon-Thu),153809,Classic,2.0,0,10,1,18.0,2026-09-29 00:15:00+00:00,Mon 8:15PM
196163001,NFL $2 5-Player (Mon-Thu),153809,Classic,2.0,0,5,1,9.0,2026-09-29 00:15:00+00:00,Mon 8:15PM
196163002,NFL $2 5-Player (Mon-Thu),153809,Classic,2.0,0,5,1,9.0,2026-09-29 00:15:00+00:00,Mon 8:15PM
196164371,NFL $2 3-Player (Mon-Thu),153809,Classic,2.0,0,3,1,5.4,2026-09-29 00:15:00+00:00,Mon 8:15PM
196164372,NFL $2 3-Player (Mon-Thu),153809,Classic,2.0,0,3,1,5.4,2026-09-29 00:15:00+00:00,Mon 8:15PM
196163005,NFL $1 50-50 (Mon-Thu),153809,Classic,1.0,0,20,1,18.0,2026-09-29 00:15:00+00:00,Mon 8:15PM
196163006,NFL $1 50-50 (Mon-Thu),153809,Classic,1.0,0,10,1,9.0,2026-09-29 00:15:00+00:00,Mon 8:15PM
196163007,NFL $1 50-50 (Mon-Thu),153809,Classic,1.0,0,10,1,9.0,2026-09-29 00:15:00+00:00,Mon 8:15PM
196163019,NFL $1 Double Up (Mon-Thu),153809,Classic,1.0,0,11,1,10.0,2026-09-29 00:15:00+00:00,Mon 8:15PM
196163020,NFL $1 Double Up (Mon-Thu),153809,Classic,1.0,0,11,1,10.0,2026-09-29 00:15:00+00:00,Mon 8:15PM
196163008,NFL $1 20-Player (Mon-Thu),153809,Classic,1.0,0,20,1,18.0,2026-09-29 00:15:00+00:00,Mon 8:15PM
196163009,NFL $1 10-Player (Mon-Thu),153809,Classic,1.0,0,10,1,9.0,2026-09-29 00:15:00+00:00,Mon 8:15PM
196163010,NFL $1 10-Player (Mon-Thu),153809,Classic,1.0,0,10,1,9.0,2026-09-29 00:15:00+00:00,Mon 8:15PM
196163011,NFL $1 5-Player (Mon-Thu),153809,Classic,1.0,0,5,1,4.5,2026-09-29 00:15:00+00:00,Mon 8:15PM
196163012,NFL $1 5-Player (Mon-Thu),153809,Classic,1.0,0,5,1,4.5,2026-09-29 00:15:00+00:00,Mon 8:15PM
196163013,NFL $1 5-Player (Mon-Thu),153809,Classic,1.0,0,5,1,4.5,2026-09-29 00:15:00+00:00,Mon 8:15PM
196163014,NFL $1 3-Player (Mon-Thu),153809,Classic,1.0,0,3,1,2.7,2026-09-29 00:15:00+00:00,Mon 8:15PM
196163015,NFL $1 3-Player (Mon-Thu),153809,Classic,1.0,0,3,1,2.7,2026-09-29 00:15:00+00:00,Mon 8:15PM
196163016,NFL $1 3-Player (Mon-Thu),153809,Classic,1.0,0,3,1,2.7,2026-09-29 00:15:00+00:00,Mon 8:15PM
196038210,Beginner NFL Single Stat $3 50-50 (PHI @ CHI Total Yards),153808,Single Stat - Total Yards,3.0,1,4,1,10.8,2026-09-29 00:15:00+00:00,Mon 8:15PM
196038285,NFL Single Stat $3 Double Up (PHI @ CHI Total Yards),153808,Single Stat - Total Yards,3.0,1,11,1,30.0,2026-09-29 00:15:00+00:00,Mon 8:15PM
196150212,NFL Single Stat $3 Double Up (PHI @ CHI Total Yards),153808,Single Stat - Total Yards,3.0,1,11,1,30.0,2026-09-29 00:15:00+00:00,Mon 8:15PM
196038240,NFL Single Stat $2 50-50 (PHI @ CHI Total Yards),153808,Single Stat - Total Yards,2.0,1,20,1,36.0,2026-09-29 00:15:00+00:00,Mon 8:15PM
196038245,NFL Single Stat $2 20-Player (PHI @ CHI Total Yards),153808,Single Stat - Total Yards,2.0,1,20,1,36.0,2026-09-29 00:15:00+00:00,Mon 8:15PM
196038254,NFL Single Stat $1 50-50 (PHI @ CHI Total Yards),153808,Single Stat - Total Yards,1.0,1,20,1,18.0,2026-09-29 00:15:00+00:00,Mon 8:15PM
196038288,NFL Single Stat $1 Double Up (PHI @ CHI Total Yards),153808,Single Stat - Total Yards,1.0,1,11,1,10.0,2026-09-29 00:15:00+00:00,Mon 8:15PM
196160769,NFL Single Stat $2 200-Player (Winner Takes All) (PHI @ CHI Total Yards),153808,Single Stat - Total Yards,2.0,3,200,1,360.0,2026-09-29 00:15:00+00:00,Mon 8:15PM
196159716,NFL Single Stat $3 15-Player (Top 2 Win) (PHI @ CHI Total Yards),153808,Single Stat - Total Yards,3.0,1,15,1,40.5,2026-09-29 00:15:00+00:00,Mon 8:15PM
196038302,NFL Single Stat Satellite to $20 NFL Fantasy Football Millionaire [Must Fill] (PHI @ CHI Total Yards,153808,Single Stat - Total Yards,7.4,0,3,1,20.0,2026-09-29 00:15:00+00:00,Mon 8:15PM
196038206,Beginner NFL Single Stat $50 50-50 (PHI @ CHI Total Yards),153808,Single Stat - Total Yards,50.0,0,4,1,180.0,2026-09-29 00:15:00+00:00,Mon 8:15PM
196038211,Beginner NFL Single Stat $50 3-Player (PHI @ CHI Total Yards),153808,Single Stat - Total Yards,50.0,0,3,1,135.0,2026-09-29 00:15:00+00:00,Mon 8:15PM
196038207,Beginner NFL Single Stat $20 50-50 (PHI @ CHI Total Yards),153808,Single Stat - Total Yards,20.0,0,4,1,72.0,2026-09-29 00:15:00+00:00,Mon 8:15PM
196038212,Beginner NFL Single Stat $20 3-Player (PHI @ CHI Total Yards),153808,Single Stat - Total Yards,20.0,0,3,1,54.0,2026-09-29 00:15:00+00:00,Mon 8:15PM
196038208,Beginner NFL Single Stat $10 50-50 (PHI @ CHI Total Yards),153808,Single Stat - Total Yards,10.0,0,4,1,36.0,2026-09-29 00:15:00+00:00,Mon 8:15PM
196038213,Beginner NFL Single Stat $10 3-Player (PHI @ CHI Total Yards),153808,Single Stat - Total Yards,10.0,0,3,1,27.0,2026-09-29 00:15:00+00:00,Mon 8:15PM
196038209,Beginner NFL Single Stat $5 50-50 (PHI @ CHI Total Yards),153808,Single Stat - Total Yards,5.0,0,4,1,18.0,2026-09-29 00:15:00+00:00,Mon 8:15PM
196038214,Beginner NFL Single Stat $5 3-Player (PHI @ CHI Total Yards),153808,Single Stat - Total Yards,5.0,0,3,1,13.5,2026-09-29 00:15:00+00:00,Mon 8:15PM
196050676,Beginner NFL Single Stat $3 50-50 (PHI @ CHI Total Yards),153808,Single Stat - Total Yards,3.0,0,4,1,10.8,2026-09-29 00:15:00+00:00,Mon 8:15PM
196038215,Beginner NFL Single Stat $2 3-Player (PHI @ CHI Total Yards),153808,Single Stat - Total Yards,2.0,0,3,1,5.4,2026-09-29 00:15:00+00:00,Mon 8:15PM
196038295,Beginner NFL Single Stat $1 50-50 (PHI @ CHI Total Yards),153808,Single Stat - Total Yards,1.0,0,4,1,3.6,2026-09-29 00:15:00+00:00,Mon 8:15PM
196038216,Beginner NFL Single Stat $1 3-Player (PHI @ CHI Total Yards),153808,Single Stat - Total Yards,1.0,0,3,1,2.7,2026-09-29 00:15:00+00:00,Mon 8:15PM
196038217,"NFL Single Stat $10,600 3-Player (PHI @ CHI Total Yards)",153808,Single Stat - Total Yards,10600.0,0,3,1,30000.0,2026-09-29 00:15:00+00:00,Mon 8:15PM
196038218,"NFL Single Stat $10,600 3-Player (PHI @ CHI Total Yards)",153808,Single Stat - Total Yards,10600.0,0,3,1,30000.0,2026-09-29 00:15:00+00:00,Mon 8:15PM
196038221,"NFL Single Stat $5,300 50-50 (PHI @ CHI Total Yards)",153808,Single Stat - Total Yards,5300.0,0,4,1,20000.0,2026-09-29 00:15:00+00:00,Mon 8:15PM
196038222,"NFL Single Stat $5,300 50-50 (PHI @ CHI Total Yards)",153808,Single Stat - Total Yards,5300.0,0,4,1,20000.0,2026-09-29 00:15:00+00:00,Mon 8:15PM
196038219,"NFL Single Stat $5,300 3-Player (PHI @ CHI Total Yards)",153808,Single Stat - Total Yards,5300.0,0,3,1,15000.0,2026-09-29 00:15:00+00:00,Mon 8:15PM
196038220,"NFL Single Stat $5,300 3-Player (PHI @ CHI Total Yards)",153808,Single Stat - Total Yards,5300.0,0,3,1,15000.0,2026-09-29 00:15:00+00:00,Mon 8:15PM
196038223,"NFL Single Stat $1,060 50-50 (PHI @ CHI Total Yards)",153808,Single Stat - Total Yards,1060.0,0,4,1,4000.0,2026-09-29 00:15:00+00:00,Mon 8:15PM
196038224,"NFL Single Stat $1,060 50-50 (PHI @ CHI Total Yards)",153808,Single Stat - Total Yards,1060.0,0,4,1,4000.0,2026-09-29 00:15:00+00:00,Mon 8:15PM
196038225,"NFL Single Stat $1,060 3-Player (PHI @ CHI Total Yards)",153808,Single Stat - Total Yards,1060.0,0,3,1,3000.0,2026-09-29 00:15:00+00:00,Mon 8:15PM
196038226,"NFL Single Stat $1,060 3-Player (PHI @ CHI Total Yards)",153808,Single Stat - Total Yards,1060.0,0,3,1,3000.0,2026-09-29 00:15:00+00:00,Mon 8:15PM
196038227,NFL Single Stat $530 50-50 (PHI @ CHI Total Yards),153808,Single Stat - Total Yards,530.0,0,4,1,2000.0,2026-09-29 00:15:00+00:00,Mon 8:15PM
196038228,NFL Single Stat $530 50-50 (PHI @ CHI Total Yards),153808,Single Stat - Total Yards,530.0,0,4,1,2000.0,2026-09-29 00:15:00+00:00,Mon 8:15PM
196038229,NFL Single Stat $530 3-Player (PHI @ CHI Total Yards),153808,Single Stat - Total Yards,530.0,0,3,1,1500.0,2026-09-29 00:15:00+00:00,Mon 8:15PM
196038230,NFL Single Stat $530 3-Player (PHI @ CHI Total Yards),153808,Single Stat - Total Yards,530.0,0,3,1,1500.0,2026-09-29 00:15:00+00:00,Mon 8:15PM
196038289,NFL Single Stat $270 50-50 (PHI @ CHI Total Yards),153808,Single Stat - Total Yards,270.0,0,4,1,1000.0,2026-09-29 00:15:00+00:00,Mon 8:15PM
196038290,NFL Single Stat $270 50-50 (PHI @ CHI Total Yards),153808,Single Stat - Total Yards,270.0,0,4,1,1000.0,2026-09-29 00:15:00+00:00,Mon 8:15PM
196038235,NFL Single Stat $270 3-Player (PHI @ CHI Total Yards),153808,Single Stat - Total Yards,270.0,0,3,1,750.0,2026-09-29 00:15:00+00:00,Mon 8:15PM
196038236,NFL Single Stat $270 3-Player (PHI @ CHI Total Yards),153808,Single Stat - Total Yards,270.0,0,3,1,750.0,2026-09-29 00:15:00+00:00,Mon 8:15PM
196038238,NFL Single Stat $109 50-50 (PHI @ CHI Total Yards),153808,Single Stat - Total Yards,109.0,0,4,1,400.0,2026-09-29 00:15:00+00:00,Mon 8:15PM
196038239,NFL Single Stat $109 50-50 (PHI @ CHI Total Yards),153808,Single Stat - Total Yards,109.0,0,4,1,400.0,2026-09-29 00:15:00+00:00,Mon 8:15PM
196038242,NFL Single Stat $109 3-Player (PHI @ CHI Total Yards),153808,Single Stat - Total Yards,109.0,0,3,1,300.0,2026-09-29 00:15:00+00:00,Mon 8:15PM
196038243,NFL Single Stat $109 3-Player (PHI @ CHI Total Yards),153808,Single Stat - Total Yards,109.0,0,3,1,300.0,2026-09-29 00:15:00+00:00,Mon 8:15PM
196038244,NFL Single Stat $109 3-Player (PHI @ CHI Total Yards),153808,Single Stat - Total Yards,109.0,0,3,1,300.0,2026-09-29 00:15:00+00:00,Mon 8:15PM
196038251,NFL Single Stat $50 50-50 (PHI @ CHI Total Yards),153808,Single Stat - Total Yards,50.0,0,8,1,360.0,2026-09-29 00:15:00+00:00,Mon 8:15PM
196038248,NFL Single Stat $50 50-50 (PHI @ CHI Total Yards),153808,Single Stat - Total Yards,50.0,0,4,1,180.0,2026-09-29 00:15:00+00:00,Mon 8:15PM
196038282,NFL Single Stat $50 Double Up (PHI @ CHI Total Yards),153808,Single Stat - Total Yards,50.0,0,22,1,1000.0,2026-09-29 00:15:00+00:00,Mon 8:15PM
196038281,NFL Single Stat $50 Double Up (PHI @ CHI Total Yards),153808,Single Stat - Total Yards,50.0,0,11,1,500.0,2026-09-29 00:15:00+00:00,Mon 8:15PM
196038257,NFL Single Stat $50 3-Player (PHI @ CHI Total Yards),153808,Single Stat - Total Yards,50.0,0,3,1,135.0,2026-09-29 00:15:00+00:00,Mon 8:15PM
196038280,NFL Single Stat $25 Double Up (PHI @ CHI Total Yards),153808,Single Stat - Total Yards,25.0,0,22,1,500.0,2026-09-29 00:15:00+00:00,Mon 8:15PM
196038279,NFL Single Stat $25 Double Up (PHI @ CHI Total Yards),153808,Single Stat - Total Yards,25.0,0,11,1,250.0,2026-09-29 00:15:00+00:00,Mon 8:15PM
196038268,NFL Single Stat $20 50-50 (PHI @ CHI Total Yards),153808,Single Stat - Total Yards,20.0,0,10,1,180.0,2026-09-29 00:15:00+00:00,Mon 8:15PM
196038264,NFL Single Stat $20 50-50 (PHI @ CHI Total Yards),153808,Single Stat - Total Yards,20.0,0,4,1,72.0,2026-09-29 00:15:00+00:00,Mon 8:15PM
196038269,NFL Single Stat $20 5-Player (PHI @ CHI Total Yards),153808,Single Stat - Total Yards,20.0,0,5,1,90.0,2026-09-29 00:15:00+00:00,Mon 8:15PM
196038270,NFL Single Stat $20 3-Player (PHI @ CHI Total Yards),153808,Single Stat - Total Yards,20.0,0,3,1,54.0,2026-09-29 00:15:00+00:00,Mon 8:15PM
196038271,NFL Single Stat $20 3-Player (PHI @ CHI Total Yards),153808,Single Stat - Total Yards,20.0,0,3,1,54.0,2026-09-29 00:15:00+00:00,Mon 8:15PM
196038273,NFL Single Stat $10 50-50 (PHI @ CHI Total Yards),153808,Single Stat - Total Yards,10.0,0,10,1,90.0,2026-09-29 00:15:00+00:00,Mon 8:15PM
196038272,NFL Single Stat $10 50-50 (PHI @ CHI Total Yards),153808,Single Stat - Total Yards,10.0,0,4,1,36.0,2026-09-29 00:15:00+00:00,Mon 8:15PM
196038277,NFL Single Stat $10 Double Up (PHI @ CHI Total Yards),153808,Single Stat - Total Yards,10.0,0,11,1,100.0,2026-09-29 00:15:00+00:00,Mon 8:15PM
196038278,NFL Single Stat $10 Double Up (PHI @ CHI Total Yards),153808,Single Stat - Total Yards,10.0,0,11,1,100.0,2026-09-29 00:15:00+00:00,Mon 8:15PM
196038274,NFL Single Stat $10 5-Player (PHI @ CHI Total Yards),153808,Single Stat - Total Yards,10.0,0,5,1,45.0,2026-09-29 00:15:00+00:00,Mon 8:15PM
196038275,NFL Single Stat $10 3-Player (PHI @ CHI Total Yards),153808,Single Stat - Total Yards,10.0,0,3,1,27.0,2026-09-29 00:15:00+00:00,Mon 8:15PM
196038276,NFL Single Stat $10 3-Player (PHI @ CHI Total Yards),153808,Single Stat - Total Yards,10.0,0,3,1,27.0,2026-09-29 00:15:00+00:00,Mon 8:15PM
196038231,NFL Single Stat $5 50-50 (PHI @ CHI Total Yards),153808,Single Stat - Total Yards,5.0,0,10,1,45.0,2026-09-29 00:15:00+00:00,Mon 8:15PM
196038232,NFL Single Stat $5 50-50 (PHI @ CHI Total Yards),153808,Single Stat - Total Yards,5.0,0,4,1,18.0,2026-09-29 00:15:00+00:00,Mon 8:15PM
196038233,NFL Single Stat $5 50-50 (PHI @ CHI Total Yards),153808,Single Stat - Total Yards,5.0,0,4,1,18.0,2026-09-29 00:15:00+00:00,Mon 8:15PM
196038283,NFL Single Stat $5 Double Up (PHI @ CHI Total Yards),153808,Single Stat - Total Yards,5.0,0,11,1,50.0,2026-09-29 00:15:00+00:00,Mon 8:15PM
196038284,NFL Single Stat $5 Double Up (PHI @ CHI Total Yards),153808,Single Stat - Total Yards,5.0,0,11,1,50.0,2026-09-29 00:15:00+00:00,Mon 8:15PM
196038234,NFL Single Stat $5 20-Player (PHI @ CHI Total Yards),153808,Single Stat - Total Yards,5.0,0,20,1,90.0,2026-09-29 00:15:00+00:00,Mon 8:15PM
196038237,NFL Single Stat $5 10-Player (PHI @ CHI Total Yards),153808,Single Stat - Total Yards,5.0,0,10,1,45.0,2026-09-29 00:15:00+00:00,Mon 8:15PM
196038291,NFL Single Stat $5 5-Player (PHI @ CHI Total Yards),153808,Single Stat - Total Yards,5.0,0,5,1,22.5,2026-09-29 00:15:00+00:00,Mon 8:15PM
196038292,NFL Single Stat $5 5-Player (PHI @ CHI Total Yards),153808,Single Stat - Total Yards,5.0,0,5,1,22.5,2026-09-29 00:15:00+00:00,Mon 8:15PM
196038293,NFL Single Stat $5 3-Player (PHI @ CHI Total Yards),153808,Single Stat - Total Yards,5.0,0,3,1,13.5,2026-09-29 00:15:00+00:00,Mon 8:15PM
196038294,NFL Single Stat $5 3-Player (PHI @ CHI Total Yards),153808,Single Stat - Total Yards,5.0,0,3,1,13.5,2026-09-29 00:15:00+00:00,Mon 8:15PM
196038286,NFL Single Stat $3 Double Up (PHI @ CHI Total Yards),153808,Single Stat - Total Yards,3.0,0,11,1,30.0,2026-09-29 00:15:00+00:00,Mon 8:15PM
196160076,NFL Single Stat $3 Double Up (PHI @ CHI Total Yards),153808,Single Stat - Total Yards,3.0,0,11,1,30.0,2026-09-29 00:15:00+00:00,Mon 8:15PM
196160084,NFL Single Stat $2 50-50 (PHI @ CHI Total Yards),153808,Single Stat - Total Yards,2.0,0,20,1,36.0,2026-09-29 00:15:00+00:00,Mon 8:15PM
196038241,NFL Single Stat $2 50-50 (PHI @ CHI Total Yards),153808,Single Stat - Total Yards,2.0,0,10,1,18.0,2026-09-29 00:15:00+00:00,Mon 8:15PM
196147731,NFL Single Stat $2 20-Player (PHI @ CHI Total Yards),153808,Single Stat - Total Yards,2.0,0,20,1,36.0,2026-09-29 00:15:00+00:00,Mon 8:15PM
196038246,NFL Single Stat $2 10-Player (PHI @ CHI Total Yards),153808,Single Stat - Total Yards,2.0,0,10,1,18.0,2026-09-29 00:15:00+00:00,Mon 8:15PM
196038247,NFL Single Stat $2 10-Player (PHI @ CHI Total Yards),153808,Single Stat - Total Yards,2.0,0,10,1,18.0,2026-09-29 00:15:00+00:00,Mon 8:15PM
196038249,NFL Single Stat $2 5-Player (PHI @ CHI Total Yards),153808,Single Stat - Total Yards,2.0,0,5,1,9.0,2026-09-29 00:15:00+00:00,Mon 8:15PM
196038250,NFL Single Stat $2 5-Player (PHI @ CHI Total Yards),153808,Single Stat - Total Yards,2.0,0,5,1,9.0,2026-09-29 00:15:00+00:00,Mon 8:15PM
196038252,NFL Single Stat $2 3-Player (PHI @ CHI Total Yards),153808,Single Stat - Total Yards,2.0,0,3,1,5.4,2026-09-29 00:15:00+00:00,Mon 8:15PM
196038253,NFL Single Stat $2 3-Player (PHI @ CHI Total Yards),153808,Single Stat - Total Yards,2.0,0,3,1,5.4,2026-09-29 00:15:00+00:00,Mon 8:15PM
196114361,NFL Single Stat $1 50-50 (PHI @ CHI Total Yards),153808,Single Stat - Total Yards,1.0,0,20,1,18.0,2026-09-29 00:15:00+00:00,Mon 8:15PM
196038255,NFL Single Stat $1 50-50 (PHI @ CHI Total Yards),153808,Single Stat - Total Yards,1.0,0,10,1,9.0,2026-09-29 00:15:00+00:00,Mon 8:15PM
196038256,NFL Single Stat $1 50-50 (PHI @ CHI Total Yards),153808,Single Stat - Total Yards,1.0,0,10,1,9.0,2026-09-29 00:15:00+00:00,Mon 8:15PM
196038287,NFL Single Stat $1 Double Up (PHI @ CHI Total Yards),153808,Single Stat - Total Yards,1.0,0,11,1,10.0,2026-09-29 00:15:00+00:00,Mon 8:15PM
196150997,NFL Single Stat $1 Double Up (PHI @ CHI Total Yards),153808,Single Stat - Total Yards,1.0,0,11,1,10.0,2026-09-29 00:15:00+00:00,Mon 8:15PM
196038258,NFL Single Stat $1 20-Player (PHI @ CHI Total Yards),153808,Single Stat - Total Yards,1.0,0,20,1,18.0,2026-09-29 00:15:00+00:00,Mon 8:15PM
196038259,NFL Single Stat $1 10-Player (PHI @ CHI Total Yards),153808,Single Stat - Total Yards,1.0,0,10,1,9.0,2026-09-29 00:15:00+00:00,Mon 8:15PM
196038260,NFL Single Stat $1 10-Player (PHI @ CHI Total Yards),153808,Single Stat - Total Yards,1.0,0,10,1,9.0,2026-09-29 00:15:00+00:00,Mon 8:15PM
196038261,NFL Single Stat $1 5-Player (PHI @ CHI Total Yards),153808,Single Stat - Total Yards,1.0,0,5,1,4.5,2026-09-29 00:15:00+00:00,Mon 8:15PM
196038262,NFL Single Stat $1 5-Player (PHI @ CHI Total Yards),153808,Single Stat - Total Yards,1.0,0,5,1,4.5,2026-09-29 00:15:00+00:00,Mon 8:15PM
196038263,NFL Single Stat $1 5-Player (PHI @ CHI Total Yards),153808,Single Stat - Total Yards,1.0,0,5,1,4.5,2026-09-29 00:15:00+00:00,Mon 8:15PM
196038266,NFL Single Stat $1 3-Player (PHI @ CHI Total Yards),153808,Single Stat - Total Yards,1.0,0,3,1,2.7,2026-09-29 00:15:00+00:00,Mon 8:15PM
196038267,NFL Single Stat $1 3-Player (PHI @ CHI Total Yards),153808,Single Stat - Total Yards,1.0,0,3,1,2.7,2026-09-29 00:15:00+00:00,Mon 8:15PM
196046861,NFL Single Stat $1 3-Player (PHI @ CHI Total Yards),153808,Single Stat - Total Yards,1.0,0,3,1,2.7,2026-09-29 00:15:00+00:00,Mon 8:15PM
196161405,NFL Single Stat $1 3-Player (PHI @ CHI Total Yards),153808,Single Stat - Total Yards,1.0,0,3,1,2.7,2026-09-29 00:15:00+00:00,Mon 8:15PM
196051444,NFL In-Game $3 Double Up (2H PHI @ CHI),153795,In-Game Showdown (H2),3.0,1,11,1,30.0,2026-09-29 01:15:00+00:00,Mon 9:15PM
196051445,NFL In-Game $3 Double Up (2H PHI @ CHI),153795,In-Game Showdown (H2),3.0,1,11,1,30.0,2026-09-29 01:15:00+00:00,Mon 9:15PM
196051461,NFL In-Game Satellite to $20 NFL Fantasy Football Millionaire [Must Fill] (2H PHI @ CHI),153795,In-Game Showdown (H2),7.4,0,3,1,20.0,2026-09-29 01:15:00+00:00,Mon 9:15PM
196051365,Beginner NFL In-Game $50 50-50 (2H PHI @ CHI),153795,In-Game Showdown (H2),50.0,0,4,1,180.0,2026-09-29 01:15:00+00:00,Mon 9:15PM
196051370,Beginner NFL In-Game $50 3-Player (2H PHI @ CHI),153795,In-Game Showdown (H2),50.0,0,3,1,135.0,2026-09-29 01:15:00+00:00,Mon 9:15PM
196051366,Beginner NFL In-Game $20 50-50 (2H PHI @ CHI),153795,In-Game Showdown (H2),20.0,0,4,1,72.0,2026-09-29 01:15:00+00:00,Mon 9:15PM
196051371,Beginner NFL In-Game $20 3-Player (2H PHI @ CHI),153795,In-Game Showdown (H2),20.0,0,3,1,54.0,2026-09-29 01:15:00+00:00,Mon 9:15PM
196051367,Beginner NFL In-Game $10 50-50 (2H PHI @ CHI),153795,In-Game Showdown (H2),10.0,0,4,1,36.0,2026-09-29 01:15:00+00:00,Mon 9:15PM
196051372,Beginner NFL In-Game $10 3-Player (2H PHI @ CHI),153795,In-Game Showdown (H2),10.0,0,3,1,27.0,2026-09-29 01:15:00+00:00,Mon 9:15PM
196051368,Beginner NFL In-Game $5 50-50 (2H PHI @ CHI),153795,In-Game Showdown (H2),5.0,0,4,1,18.0,2026-09-29 01:15:00+00:00,Mon 9:15PM
196051373,Beginner NFL In-Game $5 3-Player (2H PHI @ CHI),153795,In-Game Showdown (H2),5.0,0,3,1,13.5,2026-09-29 01:15:00+00:00,Mon 9:15PM
196051369,Beginner NFL In-Game $3 50-50 (2H PHI @ CHI),153795,In-Game Showdown (H2),3.0,0,4,1,10.8,2026-09-29 01:15:00+00:00,Mon 9:15PM
196051374,Beginner NFL In-Game $2 3-Player (2H PHI @ CHI),153795,In-Game Showdown (H2),2.0,0,3,1,5.4,2026-09-29 01:15:00+00:00,Mon 9:15PM
196051454,Beginner NFL In-Game $1 50-50 (2H PHI @ CHI),153795,In-Game Showdown (H2),1.0,0,4,1,3.6,2026-09-29 01:15:00+00:00,Mon 9:15PM
196051375,Beginner NFL In-Game $1 3-Player (2H PHI @ CHI),153795,In-Game Showdown (H2),1.0,0,3,1,2.7,2026-09-29 01:15:00+00:00,Mon 9:15PM
196051376,"NFL In-Game $10,600 3-Player (2H PHI @ CHI)",153795,In-Game Showdown (H2),10600.0,0,3,1,30000.0,2026-09-29 01:15:00+00:00,Mon 9:15PM
196051377,"NFL In-Game $10,600 3-Player (2H PHI @ CHI)",153795,In-Game Showdown (H2),10600.0,0,3,1,30000.0,2026-09-29 01:15:00+00:00,Mon 9:15PM
196051380,"NFL In-Game $5,300 50-50 (2H PHI @ CHI)",153795,In-Game Showdown (H2),5300.0,0,4,1,20000.0,2026-09-29 01:15:00+00:00,Mon 9:15PM
196051381,"NFL In-Game $5,300 50-50 (2H PHI @ CHI)",153795,In-Game Showdown (H2),5300.0,0,4,1,20000.0,2026-09-29 01:15:00+00:00,Mon 9:15PM
196051378,"NFL In-Game $5,300 3-Player (2H PHI @ CHI)",153795,In-Game Showdown (H2),5300.0,0,3,1,15000.0,2026-09-29 01:15:00+00:00,Mon 9:15PM
196051379,"NFL In-Game $5,300 3-Player (2H PHI @ CHI)",153795,In-Game Showdown (H2),5300.0,0,3,1,15000.0,2026-09-29 01:15:00+00:00,Mon 9:15PM
196051382,"NFL In-Game $1,060 50-50 (2H PHI @ CHI)",153795,In-Game Showdown (H2),1060.0,0,4,1,4000.0,2026-09-29 01:15:00+00:00,Mon 9:15PM
196051383,"NFL In-Game $1,060 50-50 (2H PHI @ CHI)",153795,In-Game Showdown (H2),1060.0,0,4,1,4000.0,2026-09-29 01:15:00+00:00,Mon 9:15PM
196051384,"NFL In-Game $1,060 3-Player (2H PHI @ CHI)",153795,In-Game Showdown (H2),1060.0,0,3,1,3000.0,2026-09-29 01:15:00+00:00,Mon 9:15PM
196051385,"NFL In-Game $1,060 3-Player (2H PHI @ CHI)",153795,In-Game Showdown (H2),1060.0,0,3,1,3000.0,2026-09-29 01:15:00+00:00,Mon 9:15PM
196051386,NFL In-Game $530 50-50 (2H PHI @ CHI),153795,In-Game Showdown (H2),530.0,0,4,1,2000.0,2026-09-29 01:15:00+00:00,Mon 9:15PM
196051387,NFL In-Game $530 50-50 (2H PHI @ CHI),153795,In-Game Showdown (H2),530.0,0,4,1,2000.0,2026-09-29 01:15:00+00:00,Mon 9:15PM
196051388,NFL In-Game $530 3-Player (2H PHI @ CHI),153795,In-Game Showdown (H2),530.0,0,3,1,1500.0,2026-09-29 01:15:00+00:00,Mon 9:15PM
196051389,NFL In-Game $530 3-Player (2H PHI @ CHI),153795,In-Game Showdown (H2),530.0,0,3,1,1500.0,2026-09-29 01:15:00+00:00,Mon 9:15PM
196051448,NFL In-Game $270 50-50 (2H PHI @ CHI),153795,In-Game Showdown (H2),270.0,0,4,1,1000.0,2026-09-29 01:15:00+00:00,Mon 9:15PM
196051449,NFL In-Game $270 50-50 (2H PHI @ CHI),153795,In-Game Showdown (H2),270.0,0,4,1,1000.0,2026-09-29 01:15:00+00:00,Mon 9:15PM
196051394,NFL In-Game $270 3-Player (2H PHI @ CHI),153795,In-Game Showdown (H2),270.0,0,3,1,750.0,2026-09-29 01:15:00+00:00,Mon 9:15PM
196051395,NFL In-Game $270 3-Player (2H PHI @ CHI),153795,In-Game Showdown (H2),270.0,0,3,1,750.0,2026-09-29 01:15:00+00:00,Mon 9:15PM
196051397,NFL In-Game $109 50-50 (2H PHI @ CHI),153795,In-Game Showdown (H2),109.0,0,4,1,400.0,2026-09-29 01:15:00+00:00,Mon 9:15PM
196051398,NFL In-Game $109 50-50 (2H PHI @ CHI),153795,In-Game Showdown (H2),109.0,0,4,1,400.0,2026-09-29 01:15:00+00:00,Mon 9:15PM
196051401,NFL In-Game $109 3-Player (2H PHI @ CHI),153795,In-Game Showdown (H2),109.0,0,3,1,300.0,2026-09-29 01:15:00+00:00,Mon 9:15PM
196051402,NFL In-Game $109 3-Player (2H PHI @ CHI),153795,In-Game Showdown (H2),109.0,0,3,1,300.0,2026-09-29 01:15:00+00:00,Mon 9:15PM
196051403,NFL In-Game $109 3-Player (2H PHI @ CHI),153795,In-Game Showdown (H2),109.0,0,3,1,300.0,2026-09-29 01:15:00+00:00,Mon 9:15PM
196051410,NFL In-Game $50 50-50 (2H PHI @ CHI),153795,In-Game Showdown (H2),50.0,0,8,1,360.0,2026-09-29 01:15:00+00:00,Mon 9:15PM
196051407,NFL In-Game $50 50-50 (2H PHI @ CHI),153795,In-Game Showdown (H2),50.0,0,4,1,180.0,2026-09-29 01:15:00+00:00,Mon 9:15PM
196051441,NFL In-Game $50 Double Up (2H PHI @ CHI),153795,In-Game Showdown (H2),50.0,0,22,1,1000.0,2026-09-29 01:15:00+00:00,Mon 9:15PM
196051440,NFL In-Game $50 Double Up (2H PHI @ CHI),153795,In-Game Showdown (H2),50.0,0,11,1,500.0,2026-09-29 01:15:00+00:00,Mon 9:15PM
196051416,NFL In-Game $50 3-Player (2H PHI @ CHI),153795,In-Game Showdown (H2),50.0,0,3,1,135.0,2026-09-29 01:15:00+00:00,Mon 9:15PM
196051439,NFL In-Game $25 Double Up (2H PHI @ CHI),153795,In-Game Showdown (H2),25.0,0,22,1,500.0,2026-09-29 01:15:00+00:00,Mon 9:15PM
196051438,NFL In-Game $25 Double Up (2H PHI @ CHI),153795,In-Game Showdown (H2),25.0,0,11,1,250.0,2026-09-29 01:15:00+00:00,Mon 9:15PM
196051427,NFL In-Game $20 50-50 (2H PHI @ CHI),153795,In-Game Showdown (H2),20.0,0,10,1,180.0,2026-09-29 01:15:00+00:00,Mon 9:15PM
196051423,NFL In-Game $20 50-50 (2H PHI @ CHI),153795,In-Game Showdown (H2),20.0,0,4,1,72.0,2026-09-29 01:15:00+00:00,Mon 9:15PM
196051428,NFL In-Game $20 5-Player (2H PHI @ CHI),153795,In-Game Showdown (H2),20.0,0,5,1,90.0,2026-09-29 01:15:00+00:00,Mon 9:15PM
196051429,NFL In-Game $20 3-Player (2H PHI @ CHI),153795,In-Game Showdown (H2),20.0,0,3,1,54.0,2026-09-29 01:15:00+00:00,Mon 9:15PM
196051430,NFL In-Game $20 3-Player (2H PHI @ CHI),153795,In-Game Showdown (H2),20.0,0,3,1,54.0,2026-09-29 01:15:00+00:00,Mon 9:15PM
196051432,NFL In-Game $10 50-50 (2H PHI @ CHI),153795,In-Game Showdown (H2),10.0,0,10,1,90.0,2026-09-29 01:15:00+00:00,Mon 9:15PM
196051431,NFL In-Game $10 50-50 (2H PHI @ CHI),153795,In-Game Showdown (H2),10.0,0,4,1,36.0,2026-09-29 01:15:00+00:00,Mon 9:15PM
196051436,NFL In-Game $10 Double Up (2H PHI @ CHI),153795,In-Game Showdown (H2),10.0,0,11,1,100.0,2026-09-29 01:15:00+00:00,Mon 9:15PM
196051437,NFL In-Game $10 Double Up (2H PHI @ CHI),153795,In-Game Showdown (H2),10.0,0,11,1,100.0,2026-09-29 01:15:00+00:00,Mon 9:15PM
196051433,NFL In-Game $10 5-Player (2H PHI @ CHI),153795,In-Game Showdown (H2),10.0,0,5,1,45.0,2026-09-29 01:15:00+00:00,Mon 9:15PM
196051434,NFL In-Game $10 3-Player (2H PHI @ CHI),153795,In-Game Showdown (H2),10.0,0,3,1,27.0,2026-09-29 01:15:00+00:00,Mon 9:15PM
196051435,NFL In-Game $10 3-Player (2H PHI @ CHI),153795,In-Game Showdown (H2),10.0,0,3,1,27.0,2026-09-29 01:15:00+00:00,Mon 9:15PM
196051390,NFL In-Game $5 50-50 (2H PHI @ CHI),153795,In-Game Showdown (H2),5.0,0,10,1,45.0,2026-09-29 01:15:00+00:00,Mon 9:15PM
196051391,NFL In-Game $5 50-50 (2H PHI @ CHI),153795,In-Game Showdown (H2),5.0,0,4,1,18.0,2026-09-29 01:15:00+00:00,Mon 9:15PM
196051392,NFL In-Game $5 50-50 (2H PHI @ CHI),153795,In-Game Showdown (H2),5.0,0,4,1,18.0,2026-09-29 01:15:00+00:00,Mon 9:15PM
196051442,NFL In-Game $5 Double Up (2H PHI @ CHI),153795,In-Game Showdown (H2),5.0,0,11,1,50.0,2026-09-29 01:15:00+00:00,Mon 9:15PM
196051443,NFL In-Game $5 Double Up (2H PHI @ CHI),153795,In-Game Showdown (H2),5.0,0,11,1,50.0,2026-09-29 01:15:00+00:00,Mon 9:15PM
196051393,NFL In-Game $5 20-Player (2H PHI @ CHI),153795,In-Game Showdown (H2),5.0,0,20,1,90.0,2026-09-29 01:15:00+00:00,Mon 9:15PM
196051396,NFL In-Game $5 10-Player (2H PHI @ CHI),153795,In-Game Showdown (H2),5.0,0,10,1,45.0,2026-09-29 01:15:00+00:00,Mon 9:15PM
196051450,NFL In-Game $5 5-Player (2H PHI @ CHI),153795,In-Game Showdown (H2),5.0,0,5,1,22.5,2026-09-29 01:15:00+00:00,Mon 9:15PM
196051451,NFL In-Game $5 5-Player (2H PHI @ CHI),153795,In-Game Showdown (H2),5.0,0,5,1,22.5,2026-09-29 01:15:00+00:00,Mon 9:15PM
196051452,NFL In-Game $5 3-Player (2H PHI @ CHI),153795,In-Game Showdown (H2),5.0,0,3,1,13.5,2026-09-29 01:15:00+00:00,Mon 9:15PM
196051453,NFL In-Game $5 3-Player (2H PHI @ CHI),153795,In-Game Showdown (H2),5.0,0,3,1,13.5,2026-09-29 01:15:00+00:00,Mon 9:15PM
196066886,NFL In-Game $3 Double Up (2H PHI @ CHI),153795,In-Game Showdown (H2),3.0,0,11,1,30.0,2026-09-29 01:15:00+00:00,Mon 9:15PM
196066914,NFL In-Game $3 Double Up (2H PHI @ CHI),153795,In-Game Showdown (H2),3.0,0,11,1,30.0,2026-09-29 01:15:00+00:00,Mon 9:15PM
196051399,NFL In-Game $2 50-50 (2H PHI @ CHI),153795,In-Game Showdown (H2),2.0,0,20,1,36.0,2026-09-29 01:15:00+00:00,Mon 9:15PM
196051400,NFL In-Game $2 50-50 (2H PHI @ CHI),153795,In-Game Showdown (H2),2.0,0,10,1,18.0,2026-09-29 01:15:00+00:00,Mon 9:15PM
196051404,NFL In-Game $2 20-Player (2H PHI @ CHI),153795,In-Game Showdown (H2),2.0,0,20,1,36.0,2026-09-29 01:15:00+00:00,Mon 9:15PM
196051405,NFL In-Game $2 10-Player (2H PHI @ CHI),153795,In-Game Showdown (H2),2.0,0,10,1,18.0,2026-09-29 01:15:00+00:00,Mon 9:15PM
196051406,NFL In-Game $2 10-Player (2H PHI @ CHI),153795,In-Game Showdown (H2),2.0,0,10,1,18.0,2026-09-29 01:15:00+00:00,Mon 9:15PM
196051408,NFL In-Game $2 5-Player (2H PHI @ CHI),153795,In-Game Showdown (H2),2.0,0,5,1,9.0,2026-09-29 01:15:00+00:00,Mon 9:15PM
196051409,NFL In-Game $2 5-Player (2H PHI @ CHI),153795,In-Game Showdown (H2),2.0,0,5,1,9.0,2026-09-29 01:15:00+00:00,Mon 9:15PM
196051411,NFL In-Game $2 3-Player (2H PHI @ CHI),153795,In-Game Showdown (H2),2.0,0,3,1,5.4,2026-09-29 01:15:00+00:00,Mon 9:15PM
196051412,NFL In-Game $2 3-Player (2H PHI @ CHI),153795,In-Game Showdown (H2),2.0,0,3,1,5.4,2026-09-29 01:15:00+00:00,Mon 9:15PM
196051413,NFL In-Game $1 50-50 (2H PHI @ CHI),153795,In-Game Showdown (H2),1.0,0,20,1,18.0,2026-09-29 01:15:00+00:00,Mon 9:15PM
196051414,NFL In-Game $1 50-50 (2H PHI @ CHI),153795,In-Game Showdown (H2),1.0,0,10,1,9.0,2026-09-29 01:15:00+00:00,Mon 9:15PM
196051415,NFL In-Game $1 50-50 (2H PHI @ CHI),153795,In-Game Showdown (H2),1.0,0,10,1,9.0,2026-09-29 01:15:00+00:00,Mon 9:15PM
196051446,NFL In-Game $1 Double Up (2H PHI @ CHI),153795,In-Game Showdown (H2),1.0,0,11,1,10.0,2026-09-29 01:15:00+00:00,Mon 9:15PM
196051447,NFL In-Game $1 Double Up (2H PHI @ CHI),153795,In-Game Showdown (H2),1.0,0,11,1,10.0,2026-09-29 01:15:00+00:00,Mon 9:15PM
196051417,NFL In-Game $1 20-Player (2H PHI @ CHI),153795,In-Game Showdown (H2),1.0,0,20,1,18.0,2026-09-29 01:15:00+00:00,Mon 9:15PM
196051418,NFL In-Game $1 10-Player (2H PHI @ CHI),153795,In-Game Showdown (H2),1.0,0,10,1,9.0,2026-09-29 01:15:00+00:00,Mon 9:15PM
196051419,NFL In-Game $1 10-Player (2H PHI @ CHI),153795,In-Game Showdown (H2),1.0,0,10,1,9.0,2026-09-29 01:15:00+00:00,Mon 9:15PM
196051420,NFL In-Game $1 5-Player (2H PHI @ CHI),153795,In-Game Showdown (H2),1.0,0,5,1,4.5,2026-09-29 01:15:00+00:00,Mon 9:15PM
196051421,NFL In-Game $1 5-Player (2H PHI @ CHI),153795,In-Game Showdown (H2),1.0,0,5,1,4.5,2026-09-29 01:15:00+00:00,Mon 9:15PM
196051422,NFL In-Game $1 5-Player (2H PHI @ CHI),153795,In-Game Showdown (H2),1.0,0,5,1,4.5,2026-09-29 01:15:00+00:00,Mon 9:15PM
196051424,NFL In-Game $1 3-Player (2H PHI @ CHI),153795,In-Game Showdown (H2),1.0,0,3,1,2.7,2026-09-29 01:15:00+00:00,Mon 9:15PM
196051425,NFL In-Game $1 3-Player (2H PHI @ CHI),153795,In-Game Showdown (H2),1.0,0,3,1,2.7,2026-09-29 01:15:00+00:00,Mon 9:15PM
196051426,NFL In-Game $1 3-Player (2H PHI @ CHI),153795,In-Game Showdown (H2),1.0,0,3,1,2.7,2026-09-29 01:15:00+00:00,Mon 9:15PM
196051506,NFL In-Game $2 10-Player (4Q PHI @ CHI),153796,In-Game Showdown (Q4),2.0,1,10,1,18.0,2026-09-29 01:45:00+00:00,Mon 9:45PM
196051512,NFL In-Game $2 3-Player (4Q PHI @ CHI),153796,In-Game Showdown (Q4),2.0,1,3,1,5.4,2026-09-29 01:45:00+00:00,Mon 9:45PM
196051519,NFL In-Game $1 10-Player (4Q PHI @ CHI),153796,In-Game Showdown (Q4),1.0,1,10,1,9.0,2026-09-29 01:45:00+00:00,Mon 9:45PM
196051561,NFL In-Game Satellite to $20 NFL Fantasy Football Millionaire [Must Fill] (4Q PHI @ CHI),153796,In-Game Showdown (Q4),7.4,0,3,1,20.0,2026-09-29 01:45:00+00:00,Mon 9:45PM
196051465,Beginner NFL In-Game $50 50-50 (4Q PHI @ CHI),153796,In-Game Showdown (Q4),50.0,0,4,1,180.0,2026-09-29 01:45:00+00:00,Mon 9:45PM
196051470,Beginner NFL In-Game $50 3-Player (4Q PHI @ CHI),153796,In-Game Showdown (Q4),50.0,0,3,1,135.0,2026-09-29 01:45:00+00:00,Mon 9:45PM
196051466,Beginner NFL In-Game $20 50-50 (4Q PHI @ CHI),153796,In-Game Showdown (Q4),20.0,0,4,1,72.0,2026-09-29 01:45:00+00:00,Mon 9:45PM
196051471,Beginner NFL In-Game $20 3-Player (4Q PHI @ CHI),153796,In-Game Showdown (Q4),20.0,0,3,1,54.0,2026-09-29 01:45:00+00:00,Mon 9:45PM
196051467,Beginner NFL In-Game $10 50-50 (4Q PHI @ CHI),153796,In-Game Showdown (Q4),10.0,0,4,1,36.0,2026-09-29 01:45:00+00:00,Mon 9:45PM
196051472,Beginner NFL In-Game $10 3-Player (4Q PHI @ CHI),153796,In-Game Showdown (Q4),10.0,0,3,1,27.0,2026-09-29 01:45:00+00:00,Mon 9:45PM
196051468,Beginner NFL In-Game $5 50-50 (4Q PHI @ CHI),153796,In-Game Showdown (Q4),5.0,0,4,1,18.0,2026-09-29 01:45:00+00:00,Mon 9:45PM
196051473,Beginner NFL In-Game $5 3-Player (4Q PHI @ CHI),153796,In-Game Showdown (Q4),5.0,0,3,1,13.5,2026-09-29 01:45:00+00:00,Mon 9:45PM
196051469,Beginner NFL In-Game $3 50-50 (4Q PHI @ CHI),153796,In-Game Showdown (Q4),3.0,0,4,1,10.8,2026-09-29 01:45:00+00:00,Mon 9:45PM
196051474,Beginner NFL In-Game $2 3-Player (4Q PHI @ CHI),153796,In-Game Showdown (Q4),2.0,0,3,1,5.4,2026-09-29 01:45:00+00:00,Mon 9:45PM
196051554,Beginner NFL In-Game $1 50-50 (4Q PHI @ CHI),153796,In-Game Showdown (Q4),1.0,0,4,1,3.6,2026-09-29 01:45:00+00:00,Mon 9:45PM
196051475,Beginner NFL In-Game $1 3-Player (4Q PHI @ CHI),153796,In-Game Showdown (Q4),1.0,0,3,1,2.7,2026-09-29 01:45:00+00:00,Mon 9:45PM
196051476,"NFL In-Game $10,600 3-Player (4Q PHI @ CHI)",153796,In-Game Showdown (Q4),10600.0,0,3,1,30000.0,2026-09-29 01:45:00+00:00,Mon 9:45PM
196051477,"NFL In-Game $10,600 3-Player (4Q PHI @ CHI)",153796,In-Game Showdown (Q4),10600.0,0,3,1,30000.0,2026-09-29 01:45:00+00:00,Mon 9:45PM
196051480,"NFL In-Game $5,300 50-50 (4Q PHI @ CHI)",153796,In-Game Showdown (Q4),5300.0,0,4,1,20000.0,2026-09-29 01:45:00+00:00,Mon 9:45PM
196051481,"NFL In-Game $5,300 50-50 (4Q PHI @ CHI)",153796,In-Game Showdown (Q4),5300.0,0,4,1,20000.0,2026-09-29 01:45:00+00:00,Mon 9:45PM
196051478,"NFL In-Game $5,300 3-Player (4Q PHI @ CHI)",153796,In-Game Showdown (Q4),5300.0,0,3,1,15000.0,2026-09-29 01:45:00+00:00,Mon 9:45PM
196051479,"NFL In-Game $5,300 3-Player (4Q PHI @ CHI)",153796,In-Game Showdown (Q4),5300.0,0,3,1,15000.0,2026-09-29 01:45:00+00:00,Mon 9:45PM
196051482,"NFL In-Game $1,060 50-50 (4Q PHI @ CHI)",153796,In-Game Showdown (Q4),1060.0,0,4,1,4000.0,2026-09-29 01:45:00+00:00,Mon 9:45PM
196051483,"NFL In-Game $1,060 50-50 (4Q PHI @ CHI)",153796,In-Game Showdown (Q4),1060.0,0,4,1,4000.0,2026-09-29 01:45:00+00:00,Mon 9:45PM
196051484,"NFL In-Game $1,060 3-Player (4Q PHI @ CHI)",153796,In-Game Showdown (Q4),1060.0,0,3,1,3000.0,2026-09-29 01:45:00+00:00,Mon 9:45PM
196051485,"NFL In-Game $1,060 3-Player (4Q PHI @ CHI)",153796,In-Game Showdown (Q4),1060.0,0,3,1,3000.0,2026-09-29 01:45:00+00:00,Mon 9:45PM
196051486,NFL In-Game $530 50-50 (4Q PHI @ CHI),153796,In-Game Showdown (Q4),530.0,0,4,1,2000.0,2026-09-29 01:45:00+00:00,Mon 9:45PM
196051487,NFL In-Game $530 50-50 (4Q PHI @ CHI),153796,In-Game Showdown (Q4),530.0,0,4,1,2000.0,2026-09-29 01:45:00+00:00,Mon 9:45PM
196051488,NFL In-Game $530 3-Player (4Q PHI @ CHI),153796,In-Game Showdown (Q4),530.0,0,3,1,1500.0,2026-09-29 01:45:00+00:00,Mon 9:45PM
196051489,NFL In-Game $530 3-Player (4Q PHI @ CHI),153796,In-Game Showdown (Q4),530.0,0,3,1,1500.0,2026-09-29 01:45:00+00:00,Mon 9:45PM
196051548,NFL In-Game $270 50-50 (4Q PHI @ CHI),153796,In-Game Showdown (Q4),270.0,0,4,1,1000.0,2026-09-29 01:45:00+00:00,Mon 9:45PM
196051549,NFL In-Game $270 50-50 (4Q PHI @ CHI),153796,In-Game Showdown (Q4),270.0,0,4,1,1000.0,2026-09-29 01:45:00+00:00,Mon 9:45PM
196051494,NFL In-Game $270 3-Player (4Q PHI @ CHI),153796,In-Game Showdown (Q4),270.0,0,3,1,750.0,2026-09-29 01:45:00+00:00,Mon 9:45PM
196051495,NFL In-Game $270 3-Player (4Q PHI @ CHI),153796,In-Game Showdown (Q4),270.0,0,3,1,750.0,2026-09-29 01:45:00+00:00,Mon 9:45PM
196051497,NFL In-Game $109 50-50 (4Q PHI @ CHI),153796,In-Game Showdown (Q4),109.0,0,4,1,400.0,2026-09-29 01:45:00+00:00,Mon 9:45PM
196051498,NFL In-Game $109 50-50 (4Q PHI @ CHI),153796,In-Game Showdown (Q4),109.0,0,4,1,400.0,2026-09-29 01:45:00+00:00,Mon 9:45PM
196051501,NFL In-Game $109 3-Player (4Q PHI @ CHI),153796,In-Game Showdown (Q4),109.0,0,3,1,300.0,2026-09-29 01:45:00+00:00,Mon 9:45PM
196051502,NFL In-Game $109 3-Player (4Q PHI @ CHI),153796,In-Game Showdown (Q4),109.0,0,3,1,300.0,2026-09-29 01:45:00+00:00,Mon 9:45PM
196051503,NFL In-Game $109 3-Player (4Q PHI @ CHI),153796,In-Game Showdown (Q4),109.0,0,3,1,300.0,2026-09-29 01:45:00+00:00,Mon 9:45PM
196051510,NFL In-Game $50 50-50 (4Q PHI @ CHI),153796,In-Game Showdown (Q4),50.0,0,8,1,360.0,2026-09-29 01:45:00+00:00,Mon 9:45PM
196051507,NFL In-Game $50 50-50 (4Q PHI @ CHI),153796,In-Game Showdown (Q4),50.0,0,4,1,180.0,2026-09-29 01:45:00+00:00,Mon 9:45PM
196051541,NFL In-Game $50 Double Up (4Q PHI @ CHI),153796,In-Game Showdown (Q4),50.0,0,22,1,1000.0,2026-09-29 01:45:00+00:00,Mon 9:45PM
196051540,NFL In-Game $50 Double Up (4Q PHI @ CHI),153796,In-Game Showdown (Q4),50.0,0,11,1,500.0,2026-09-29 01:45:00+00:00,Mon 9:45PM
196051516,NFL In-Game $50 3-Player (4Q PHI @ CHI),153796,In-Game Showdown (Q4),50.0,0,3,1,135.0,2026-09-29 01:45:00+00:00,Mon 9:45PM
196051539,NFL In-Game $25 Double Up (4Q PHI @ CHI),153796,In-Game Showdown (Q4),25.0,0,22,1,500.0,2026-09-29 01:45:00+00:00,Mon 9:45PM
196051538,NFL In-Game $25 Double Up (4Q PHI @ CHI),153796,In-Game Showdown (Q4),25.0,0,11,1,250.0,2026-09-29 01:45:00+00:00,Mon 9:45PM
196051527,NFL In-Game $20 50-50 (4Q PHI @ CHI),153796,In-Game Showdown (Q4),20.0,0,10,1,180.0,2026-09-29 01:45:00+00:00,Mon 9:45PM
196051523,NFL In-Game $20 50-50 (4Q PHI @ CHI),153796,In-Game Showdown (Q4),20.0,0,4,1,72.0,2026-09-29 01:45:00+00:00,Mon 9:45PM
196051528,NFL In-Game $20 5-Player (4Q PHI @ CHI),153796,In-Game Showdown (Q4),20.0,0,5,1,90.0,2026-09-29 01:45:00+00:00,Mon 9:45PM
196051529,NFL In-Game $20 3-Player (4Q PHI @ CHI),153796,In-Game Showdown (Q4),20.0,0,3,1,54.0,2026-09-29 01:45:00+00:00,Mon 9:45PM
196051530,NFL In-Game $20 3-Player (4Q PHI @ CHI),153796,In-Game Showdown (Q4),20.0,0,3,1,54.0,2026-09-29 01:45:00+00:00,Mon 9:45PM
196051532,NFL In-Game $10 50-50 (4Q PHI @ CHI),153796,In-Game Showdown (Q4),10.0,0,10,1,90.0,2026-09-29 01:45:00+00:00,Mon 9:45PM
196051531,NFL In-Game $10 50-50 (4Q PHI @ CHI),153796,In-Game Showdown (Q4),10.0,0,4,1,36.0,2026-09-29 01:45:00+00:00,Mon 9:45PM
196051536,NFL In-Game $10 Double Up (4Q PHI @ CHI),153796,In-Game Showdown (Q4),10.0,0,11,1,100.0,2026-09-29 01:45:00+00:00,Mon 9:45PM
196051537,NFL In-Game $10 Double Up (4Q PHI @ CHI),153796,In-Game Showdown (Q4),10.0,0,11,1,100.0,2026-09-29 01:45:00+00:00,Mon 9:45PM
196051533,NFL In-Game $10 5-Player (4Q PHI @ CHI),153796,In-Game Showdown (Q4),10.0,0,5,1,45.0,2026-09-29 01:45:00+00:00,Mon 9:45PM
196051534,NFL In-Game $10 3-Player (4Q PHI @ CHI),153796,In-Game Showdown (Q4),10.0,0,3,1,27.0,2026-09-29 01:45:00+00:00,Mon 9:45PM
196051535,NFL In-Game $10 3-Player (4Q PHI @ CHI),153796,In-Game Showdown (Q4),10.0,0,3,1,27.0,2026-09-29 01:45:00+00:00,Mon 9:45PM
196051490,NFL In-Game $5 50-50 (4Q PHI @ CHI),153796,In-Game Showdown (Q4),5.0,0,10,1,45.0,2026-09-29 01:45:00+00:00,Mon 9:45PM
196051491,NFL In-Game $5 50-50 (4Q PHI @ CHI),153796,In-Game Showdown (Q4),5.0,0,4,1,18.0,2026-09-29 01:45:00+00:00,Mon 9:45PM
196051492,NFL In-Game $5 50-50 (4Q PHI @ CHI),153796,In-Game Showdown (Q4),5.0,0,4,1,18.0,2026-09-29 01:45:00+00:00,Mon 9:45PM
196051542,NFL In-Game $5 Double Up (4Q PHI @ CHI),153796,In-Game Showdown (Q4),5.0,0,11,1,50.0,2026-09-29 01:45:00+00:00,Mon 9:45PM
196051543,NFL In-Game $5 Double Up (4Q PHI @ CHI),153796,In-Game Showdown (Q4),5.0,0,11,1,50.0,2026-09-29 01:45:00+00:00,Mon 9:45PM
196051493,NFL In-Game $5 20-Player (4Q PHI @ CHI),153796,In-Game Showdown (Q4),5.0,0,20,1,90.0,2026-09-29 01:45:00+00:00,Mon 9:45PM
196051496,NFL In-Game $5 10-Player (4Q PHI @ CHI),153796,In-Game Showdown (Q4),5.0,0,10,1,45.0,2026-09-29 01:45:00+00:00,Mon 9:45PM
196051550,NFL In-Game $5 5-Player (4Q PHI @ CHI),153796,In-Game Showdown (Q4),5.0,0,5,1,22.5,2026-09-29 01:45:00+00:00,Mon 9:45PM
196051551,NFL In-Game $5 5-Player (4Q PHI @ CHI),153796,In-Game Showdown (Q4),5.0,0,5,1,22.5,2026-09-29 01:45:00+00:00,Mon 9:45PM
196051552,NFL In-Game $5 3-Player (4Q PHI @ CHI),153796,In-Game Showdown (Q4),5.0,0,3,1,13.5,2026-09-29 01:45:00+00:00,Mon 9:45PM
196051553,NFL In-Game $5 3-Player (4Q PHI @ CHI),153796,In-Game Showdown (Q4),5.0,0,3,1,13.5,2026-09-29 01:45:00+00:00,Mon 9:45PM
196051544,NFL In-Game $3 Double Up (4Q PHI @ CHI),153796,In-Game Showdown (Q4),3.0,0,11,1,30.0,2026-09-29 01:45:00+00:00,Mon 9:45PM
196051545,NFL In-Game $3 Double Up (4Q PHI @ CHI),153796,In-Game Showdown (Q4),3.0,0,11,1,30.0,2026-09-29 01:45:00+00:00,Mon 9:45PM
196051499,NFL In-Game $2 50-50 (4Q PHI @ CHI),153796,In-Game Showdown (Q4),2.0,0,20,1,36.0,2026-09-29 01:45:00+00:00,Mon 9:45PM
196051500,NFL In-Game $2 50-50 (4Q PHI @ CHI),153796,In-Game Showdown (Q4),2.0,0,10,1,18.0,2026-09-29 01:45:00+00:00,Mon 9:45PM
196051504,NFL In-Game $2 20-Player (4Q PHI @ CHI),153796,In-Game Showdown (Q4),2.0,0,20,1,36.0,2026-09-29 01:45:00+00:00,Mon 9:45PM
196051505,NFL In-Game $2 10-Player (4Q PHI @ CHI),153796,In-Game Showdown (Q4),2.0,0,10,1,18.0,2026-09-29 01:45:00+00:00,Mon 9:45PM
196159756,NFL In-Game $2 10-Player (4Q PHI @ CHI),153796,In-Game Showdown (Q4),2.0,0,10,1,18.0,2026-09-29 01:45:00+00:00,Mon 9:45PM
196051508,NFL In-Game $2 5-Player (4Q PHI @ CHI),153796,In-Game Showdown (Q4),2.0,0,5,1,9.0,2026-09-29 01:45:00+00:00,Mon 9:45PM
196051509,NFL In-Game $2 5-Player (4Q PHI @ CHI),153796,In-Game Showdown (Q4),2.0,0,5,1,9.0,2026-09-29 01:45:00+00:00,Mon 9:45PM
196051511,NFL In-Game $2 3-Player (4Q PHI @ CHI),153796,In-Game Showdown (Q4),2.0,0,3,1,5.4,2026-09-29 01:45:00+00:00,Mon 9:45PM
196159758,NFL In-Game $2 3-Player (4Q PHI @ CHI),153796,In-Game Showdown (Q4),2.0,0,3,1,5.4,2026-09-29 01:45:00+00:00,Mon 9:45PM
196051513,NFL In-Game $1 50-50 (4Q PHI @ CHI),153796,In-Game Showdown (Q4),1.0,0,20,1,18.0,2026-09-29 01:45:00+00:00,Mon 9:45PM
196051514,NFL In-Game $1 50-50 (4Q PHI @ CHI),153796,In-Game Showdown (Q4),1.0,0,10,1,9.0,2026-09-29 01:45:00+00:00,Mon 9:45PM
196051515,NFL In-Game $1 50-50 (4Q PHI @ CHI),153796,In-Game Showdown (Q4),1.0,0,10,1,9.0,2026-09-29 01:45:00+00:00,Mon 9:45PM
196051546,NFL In-Game $1 Double Up (4Q PHI @ CHI),153796,In-Game Showdown (Q4),1.0,0,11,1,10.0,2026-09-29 01:45:00+00:00,Mon 9:45PM
196051547,NFL In-Game $1 Double Up (4Q PHI @ CHI),153796,In-Game Showdown (Q4),1.0,0,11,1,10.0,2026-09-29 01:45:00+00:00,Mon 9:45PM
196051517,NFL In-Game $1 20-Player (4Q PHI @ CHI),153796,In-Game Showdown (Q4),1.0,0,20,1,18.0,2026-09-29 01:45:00+00:00,Mon 9:45PM
196051518,NFL In-Game $1 10-Player (4Q PHI @ CHI),153796,In-Game Showdown (Q4),1.0,0,10,1,9.0,2026-09-29 01:45:00+00:00,Mon 9:45PM
196159757,NFL In-Game $1 10-Player (4Q PHI @ CHI),153796,In-Game Showdown (Q4),1.0,0,10,1,9.0,2026-09-29 01:45:00+00:00,Mon 9:45PM
196051520,NFL In-Game $1 5-Player (4Q PHI @ CHI),153796,In-Game Showdown (Q4),1.0,0,5,1,4.5,2026-09-29 01:45:00+00:00,Mon 9:45PM
196051521,NFL In-Game $1 5-Player (4Q PHI @ CHI),153796,In-Game Showdown (Q4),1.0,0,5,1,4.5,2026-09-29 01:45:00+00:00,Mon 9:45PM
196051522,NFL In-Game $1 5-Player (4Q PHI @ CHI),153796,In-Game Showdown (Q4),1.0,0,5,1,4.5,2026-09-29 01:45:00+00:00,Mon 9:45PM
196051524,NFL In-Game $1 3-Player (4Q PHI @ CHI),153796,In-Game Showdown (Q4),1.0,0,3,1,2.7,2026-09-29 01:45:00+00:00,Mon 9:45PM
196051525,NFL In-Game $1 3-Player (4Q PHI @ CHI),153796,In-Game Showdown (Q4),1.0,0,3,1,2.7,2026-09-29 01:45:00+00:00,Mon 9:45PM
196051526,NFL In-Game $1 3-Player (4Q PHI @ CHI),153796,In-Game Showdown (Q4),1.0,0,3,1,2.7,2026-09-29 01:45:00+00:00,Mon 9:45PM
196158545,NFL Best Ball $10 12-Player (W4-W17 Sit + Go),154031,Best Ball,10.0,2,12,1,108.0,2026-10-01 22:13:00+00:00,Thu 6:13PM
196158413,NFL Best Ball $1 12-Player (W4-W17 Sit + Go),154031,Best Ball,1.0,7,12,1,10.8,2026-10-01 22:13:00+00:00,Thu 6:13PM
196101303,NFL Best Ball $5 12-Player (W4-W17 Sit + Go),154031,Best Ball,5.0,4,12,1,54.0,2026-10-01 22:13:00+00:00,Thu 6:13PM
196052090,NFL Best Ball $20 12-Player (W4-W17 Sit + Go),154031,Best Ball,20.0,3,12,1,216.0,2026-10-01 22:13:00+00:00,Thu 6:13PM
196052092,NFL Best Ball $50 12-Player (W4-W17 Sit + Go),154031,Best Ball,50.0,0,12,1,540.0,2026-10-01 22:13:00+00:00,Thu 6:13PM
196052091,NFL Best Ball $109 12-Player (W4-W17 Sit + Go),154031,Best Ball,109.0,0,12,1,1200.0,2026-10-01 22:13:00+00:00,Thu 6:13PM
196052095,NFL Best Ball $215 12-Player (W4-W17 Sit + Go),154031,Best Ball,215.0,0,12,1,2400.0,2026-10-01 22:13:00+00:00,Thu 6:13PM
196052097,NFL Best Ball $530 12-Player (W4-W17 Sit + Go),154031,Best Ball,530.0,0,12,1,6000.0,2026-10-01 22:13:00+00:00,Thu 6:13PM
196052099,"NFL Best Ball $1,060 12-Player (W4-W17 Sit + Go)",154031,Best Ball,1060.0,0,12,1,12000.0,2026-10-01 22:13:00+00:00,Thu 6:13PM
196052076,NFL Best Ball $10 6-Player (W4-W17 Sit + Go),154031,Best Ball,10.0,0,6,1,54.0,2026-10-01 23:13:00+00:00,Thu 7:13PM
196160860,NFL Best Ball $1 6-Player (W4-W17 Sit + Go),154031,Best Ball,1.0,0,6,1,5.4,2026-10-01 23:13:00+00:00,Thu 7:13PM
196141997,NFL Best Ball $5 6-Player (W4-W17 Sit + Go),154031,Best Ball,5.0,0,6,1,27.0,2026-10-01 23:13:00+00:00,Thu 7:13PM
196052083,NFL Best Ball $20 6-Player (W4-W17 Sit + Go),154031,Best Ball,20.0,0,6,1,108.0,2026-10-01 23:13:00+00:00,Thu 7:13PM
196052085,NFL Best Ball $50 6-Player (W4-W17 Sit + Go),154031,Best Ball,50.0,0,6,1,270.0,2026-10-01 23:13:00+00:00,Thu 7:13PM
196052078,NFL Best Ball $109 6-Player (W4-W17 Sit + Go),154031,Best Ball,109.0,0,6,1,600.0,2026-10-01 23:13:00+00:00,Thu 7:13PM
196052094,NFL Best Ball $215 6-Player (W4-W17 Sit + Go),154031,Best Ball,215.0,0,6,1,1200.0,2026-10-01 23:13:00+00:00,Thu 7:13PM
196052096,NFL Best Ball $530 6-Player (W4-W17 Sit + Go),154031,Best Ball,530.0,0,6,1,3000.0,2026-10-01 23:13:00+00:00,Thu 7:13PM
196052098,"NFL Best Ball $1,060 6-Player (W4-W17 Sit + Go)",154031,Best Ball,1060.0,0,6,1,6000.0,2026-10-01 23:13:00+00:00,Thu 7:13PM
196160394,NFL Best Ball $10 3-Player (W4-W17 Sit + Go),154031,Best Ball,10.0,1,3,1,27.0,2026-10-01 23:43:00+00:00,Thu 7:43PM
196084279,NFL Best Ball $20 3-Player (W4-W17 Sit + Go),154031,Best Ball,20.0,1,3,1,54.0,2026-10-01 23:43:00+00:00,Thu 7:43PM
196163760,NFL Best Ball $1 3-Player (W4-W17 Sit + Go),154031,Best Ball,1.0,0,3,1,2.7,2026-10-01 23:43:00+00:00,Thu 7:43PM
196159625,NFL Best Ball $5 3-Player (W4-W17 Sit + Go),154031,Best Ball,5.0,0,3,1,13.5,2026-10-01 23:43:00+00:00,Thu 7:43PM
196052084,NFL Best Ball $50 3-Player (W4-W17 Sit + Go),154031,Best Ball,50.0,0,3,1,135.0,2026-10-01 23:43:00+00:00,Thu 7:43PM
196052077,NFL Best Ball $109 3-Player (W4-W17 Sit + Go),154031,Best Ball,109.0,0,3,1,300.0,2026-10-01 23:43:00+00:00,Thu 7:43PM
196052093,NFL Best Ball $215 3-Player (W4-W17 Sit + Go),154031,Best Ball,215.0,0,3,1,600.0,2026-10-01 23:43:00+00:00,Thu 7:43PM
196052086,NFL Best Ball $530 3-Player (W4-W17 Sit + Go),154031,Best Ball,530.0,0,3,1,1500.0,2026-10-01 23:43:00+00:00,Thu 7:43PM
196052079,"NFL Best Ball $1,060 3-Player (W4-W17 Sit + Go)",154031,Best Ball,1060.0,0,3,1,3000.0,2026-10-01 23:43:00+00:00,Thu 7:43PM
196162141,NFL $50 10-Player (Winner Takes All),154078,Classic,50.0,1,10,1,450.0,2026-10-04 17:00:00+00:00,Sun 1:00PM
196163293,NFL $5 20-Player (Winner Takes All),154078,Classic,5.0,6,20,1,90.0,2026-10-04 17:00:00+00:00,Sun 1:00PM
196161813,NFL $5 10-Player (Winner Takes All),154078,Classic,5.0,2,10,1,45.0,2026-10-04 17:00:00+00:00,Sun 1:00PM
196163847,NFL $5 3-Player (Winner Takes All),154078,Classic,5.0,1,3,1,13.5,2026-10-04 17:00:00+00:00,Sun 1:00PM
196161815,NFL $2 25-Player (Top 3 Win),154078,Classic,2.0,7,25,1,45.0,2026-10-04 17:00:00+00:00,Sun 1:00PM
196162536,NFL $2 15-Player (Top 2 Win),154078,Classic,2.0,2,15,1,27.0,2026-10-04 17:00:00+00:00,Sun 1:00PM
196164451,NFL $1 50-Player (Winner Takes All),154078,Classic,1.0,4,50,1,45.0,2026-10-04 17:00:00+00:00,Sun 1:00PM
196164463,NFL $1 40-Player (Top 5 Win),154078,Classic,1.0,1,40,1,36.0,2026-10-04 17:00:00+00:00,Sun 1:00PM
196164449,NFL $1 30-Player (Top 3 Win),154078,Classic,1.0,1,30,1,27.0,2026-10-04 17:00:00+00:00,Sun 1:00PM
196164457,NFL $1 15-Player (Winner Takes All),154078,Classic,1.0,1,15,1,13.5,2026-10-04 17:00:00+00:00,Sun 1:00PM
196161849,NFL $1 200-Player (Winner Takes All),154078,Classic,1.0,8,200,1,180.0,2026-10-04 17:00:00+00:00,Sun 1:00PM
196161814,NFL $3 10-Player (Winner Takes All),154078,Classic,3.0,3,10,1,27.0,2026-10-04 17:00:00+00:00,Sun 1:00PM
196164455,NFL $3 5-Player (Winner Takes All),154078,Classic,3.0,2,5,1,13.5,2026-10-04 17:00:00+00:00,Sun 1:00PM
196162164,NFL $5 200-Player (Top 3 Win),154078,Classic,5.0,4,200,1,900.0,2026-10-04 17:00:00+00:00,Sun 1:00PM
