dk_player_id,draftable_id,name,position,team,salary,roster_slot,status,disabled,attributes,game,starts_utc,norm,flex_eligible,captain_salary,playing,draft_group,game_type,captured_at
323,44138412,Falcons,DST,ATL,2900,71,None,False,ByeWeek,CAR @ ATL,2026-09-20 17:00:00+00:00,falcons,0,2900,clear,153427,Classic,2026-09-15T15:14:47+00:00
324,44138420,Bills,DST,BUF,2600,71,None,False,ByeWeek,DET @ BUF,2026-09-18 00:15:00+00:00,bills,0,2600,clear,153427,Classic,2026-09-15T15:14:47+00:00
325,44138411,Texans,DST,HOU,3000,71,None,False,ByeWeek,CIN @ HOU,2026-09-20 17:00:00+00:00,texans,0,3000,clear,153427,Classic,2026-09-15T15:14:47+00:00
326,44138410,Bears,DST,CHI,3000,71,None,False,ByeWeek,MIN @ CHI,2026-09-20 17:00:00+00:00,bears,0,3000,clear,153427,Classic,2026-09-15T15:14:47+00:00
327,44138417,Bengals,DST,CIN,2700,71,None,False,ByeWeek,CIN @ HOU,2026-09-20 17:00:00+00:00,bengals,0,2700,clear,153427,Classic,2026-09-15T15:14:47+00:00
329,44138428,Browns,DST,CLE,2200,71,None,False,ByeWeek,CLE @ TB,2026-09-20 17:00:00+00:00,browns,0,2200,clear,153427,Classic,2026-09-15T15:14:47+00:00
331,44138413,Cowboys,DST,DAL,2900,71,None,False,ByeWeek,WAS @ DAL,2026-09-20 20:25:00+00:00,cowboys,0,2900,clear,153427,Classic,2026-09-15T15:14:47+00:00
332,44138414,Broncos,DST,DEN,2800,71,None,False,ByeWeek,JAX @ DEN,2026-09-20 20:05:00+00:00,broncos,0,2800,clear,153427,Classic,2026-09-15T15:14:47+00:00
334,44138423,Lions,DST,DET,2500,71,None,False,ByeWeek,DET @ BUF,2026-09-18 00:15:00+00:00,lions,0,2500,clear,153427,Classic,2026-09-15T15:14:47+00:00
335,44138404,Packers,DST,GB,3400,71,None,False,ByeWeek,GB @ NYJ,2026-09-20 17:00:00+00:00,packers,0,3400,clear,153427,Classic,2026-09-15T15:14:47+00:00
336,44138430,Titans,DST,TEN,2100,71,None,False,ByeWeek,PHI @ TEN,2026-09-20 17:00:00+00:00,titans,0,2100,clear,153427,Classic,2026-09-15T15:14:47+00:00
338,44138426,Colts,DST,IND,2300,71,None,False,ByeWeek,IND @ KC,2026-09-21 00:20:00+00:00,colts,0,2300,clear,153427,Classic,2026-09-15T15:14:47+00:00
339,44138408,Chiefs,DST,KC,3200,71,None,False,ByeWeek,IND @ KC,2026-09-21 00:20:00+00:00,chiefs,0,3200,clear,153427,Classic,2026-09-15T15:14:47+00:00
341,44138419,Raiders,DST,LV,2600,71,None,False,ByeWeek,LV @ LAC,2026-09-20 20:05:00+00:00,raiders,0,2600,clear,153427,Classic,2026-09-15T15:14:47+00:00
343,44138406,Rams,DST,LAR,3300,71,None,False,ByeWeek,NYG @ LAR,2026-09-22 00:15:00+00:00,rams,0,3300,clear,153427,Classic,2026-09-15T15:14:47+00:00
345,44138431,Dolphins,DST,MIA,2000,71,None,False,ByeWeek,MIA @ SF,2026-09-20 20:25:00+00:00,dolphins,0,2000,clear,153427,Classic,2026-09-15T15:14:47+00:00
347,44138418,Vikings,DST,MIN,2600,71,None,False,ByeWeek,MIN @ CHI,2026-09-20 17:00:00+00:00,vikings,0,2600,clear,153427,Classic,2026-09-15T15:14:47+00:00
348,44138409,Patriots,DST,NE,3100,71,None,False,ByeWeek,PIT @ NE,2026-09-20 17:00:00+00:00,patriots,0,3100,clear,153427,Classic,2026-09-15T15:14:47+00:00
350,44138427,Saints,DST,NO,2300,71,None,False,ByeWeek,NO @ BAL,2026-09-20 17:00:00+00:00,saints,0,2300,clear,153427,Classic,2026-09-15T15:14:47+00:00
351,44138429,Giants,DST,NYG,2200,71,None,False,ByeWeek,NYG @ LAR,2026-09-22 00:15:00+00:00,giants,0,2200,clear,153427,Classic,2026-09-15T15:14:47+00:00
352,44138425,Jets,DST,NYJ,2400,71,None,False,ByeWeek,GB @ NYJ,2026-09-20 17:00:00+00:00,jets,0,2400,clear,153427,Classic,2026-09-15T15:14:47+00:00
354,44138401,Eagles,DST,PHI,3700,71,None,False,ByeWeek,PHI @ TEN,2026-09-20 17:00:00+00:00,eagles,0,3700,clear,153427,Classic,2026-09-15T15:14:47+00:00
355,44138421,Cardinals,DST,ARI,2500,71,None,False,ByeWeek,SEA @ ARI,2026-09-20 20:25:00+00:00,cardinals,0,2500,clear,153427,Classic,2026-09-15T15:14:47+00:00
356,44138415,Steelers,DST,PIT,2800,71,None,False,ByeWeek,PIT @ NE,2026-09-20 17:00:00+00:00,steelers,0,2800,clear,153427,Classic,2026-09-15T15:14:47+00:00
357,44138407,Chargers,DST,LAC,3200,71,None,False,ByeWeek,LV @ LAC,2026-09-20 20:05:00+00:00,chargers,0,3200,clear,153427,Classic,2026-09-15T15:14:47+00:00
359,44138400,49ers,DST,SF,3800,71,None,False,ByeWeek,MIA @ SF,2026-09-20 20:25:00+00:00,49ers,0,3800,clear,153427,Classic,2026-09-15T15:14:47+00:00
361,44138403,Seahawks,DST,SEA,3500,71,None,False,ByeWeek,SEA @ ARI,2026-09-20 20:25:00+00:00,seahawks,0,3500,clear,153427,Classic,2026-09-15T15:14:47+00:00
362,44138402,Buccaneers,DST,TB,3600,71,None,False,ByeWeek,CLE @ TB,2026-09-20 17:00:00+00:00,buccaneers,0,3600,clear,153427,Classic,2026-09-15T15:14:47+00:00
363,44138422,Commanders,DST,WAS,2500,71,None,False,ByeWeek,WAS @ DAL,2026-09-20 20:25:00+00:00,commanders,0,2500,clear,153427,Classic,2026-09-15T15:14:47+00:00
364,44138416,Panthers,DST,CAR,2700,71,None,False,ByeWeek,CAR @ ATL,2026-09-20 17:00:00+00:00,panthers,0,2700,clear,153427,Classic,2026-09-15T15:14:47+00:00
365,44138424,Jaguars,DST,JAX,2400,71,None,False,ByeWeek,JAX @ DEN,2026-09-20 20:05:00+00:00,jaguars,0,2400,clear,153427,Classic,2026-09-15T15:14:47+00:00
366,44138405,Ravens,DST,BAL,3300,71,None,False,ByeWeek,NO @ BAL,2026-09-20 17:00:00+00:00,ravens,0,3300,clear,153427,Classic,2026-09-15T15:14:47+00:00
213957,44136989,Aaron Rodgers,QB,PIT,5100,66,None,False,ByeWeek,PIT @ NE,2026-09-20 17:00:00+00:00,aaron rodgers,0,5100,clear,153427,Classic,2026-09-15T15:14:47+00:00
216342,44137006,Joe Flacco,QB,CIN,4100,66,None,False,ByeWeek,CIN @ HOU,2026-09-20 17:00:00+00:00,joe flacco,0,4100,clear,153427,Classic,2026-09-15T15:14:47+00:00
273278,44137060,Josh Johnson,QB,CIN,4000,66,None,False,ByeWeek,CIN @ HOU,2026-09-20 17:00:00+00:00,josh johnson,0,4000,clear,153427,Classic,2026-09-15T15:14:47+00:00
300580,44138154,Andrew DePaola,TE,MIN,2500,69,None,False,ByeWeek,MIN @ CHI,2026-09-20 17:00:00+00:00,andrew depaola,1,2500,clear,153427,Classic,2026-09-15T15:14:47+00:00
322858,44137032,Andy Dalton,QB,PHI,4000,66,None,False,ByeWeek,PHI @ TEN,2026-09-20 17:00:00+00:00,andy dalton,0,4000,clear,153427,Classic,2026-09-15T15:14:47+00:00
323205,44136974,Matthew Stafford,QB,LAR,6000,66,None,False,ByeWeek,NYG @ LAR,2026-09-22 00:15:00+00:00,matthew stafford,0,6000,clear,153427,Classic,2026-09-15T15:14:47+00:00
338280,44137012,Case Keenum,QB,CHI,4000,66,None,False,ByeWeek,MIN @ CHI,2026-09-20 17:00:00+00:00,case keenum,0,4000,clear,153427,Classic,2026-09-15T15:14:47+00:00
399579,44137042,Tyrod Taylor,QB,GB,4000,66,None,False,ByeWeek,GB @ NYJ,2026-09-20 17:00:00+00:00,tyrod taylor,0,4000,clear,153427,Classic,2026-09-15T15:14:47+00:00
403308,44136991,Kirk Cousins,QB,LV,5000,66,None,False,ByeWeek,LV @ LAC,2026-09-20 20:05:00+00:00,kirk cousins,0,5000,clear,153427,Classic,2026-09-15T15:14:47+00:00
448240,44138056,Travis Kelce,TE,KC,4200,69,None,False,ByeWeek,IND @ KC,2026-09-21 00:20:00+00:00,travis kelce,1,4200,clear,153427,Classic,2026-09-15T15:14:47+00:00
472623,44138304,James Winchester,TE,KC,2500,69,None,False,ByeWeek,IND @ KC,2026-09-21 00:20:00+00:00,james winchester,1,2500,clear,153427,Classic,2026-09-15T15:14:47+00:00
501150,44137250,Kyle Juszczyk,RB,SF,4000,67,None,False,ByeWeek,MIA @ SF,2026-09-20 20:25:00+00:00,kyle juszczyk,1,4000,clear,153427,Classic,2026-09-15T15:14:47+00:00
513856,44136994,Geno Smith,QB,NYJ,4800,66,None,False,ByeWeek,GB @ NYJ,2026-09-20 17:00:00+00:00,geno smith,0,4800,clear,153427,Classic,2026-09-15T15:14:47+00:00
553024,44138352,Tyler Ott,TE,WAS,2500,69,None,False,ByeWeek,WAS @ DAL,2026-09-20 20:25:00+00:00,tyler ott,1,2500,clear,153427,Classic,2026-09-15T15:14:47+00:00
556483,44137396,Michael Burton,RB,CLE,4000,67,None,False,ByeWeek,CLE @ TB,2026-09-20 17:00:00+00:00,michael burton,1,4000,clear,153427,Classic,2026-09-15T15:14:47+00:00
557210,44137538,Keenan Allen,WR,IND,4600,68,None,False,ByeWeek,IND @ KC,2026-09-21 00:20:00+00:00,keenan allen,1,4600,clear,153427,Classic,2026-09-15T15:14:47+00:00
563293,44138380,Chris Manhertz,TE,NYG,2500,69,None,False,ByeWeek,NYG @ LAR,2026-09-22 00:15:00+00:00,chris manhertz,1,2500,clear,153427,Classic,2026-09-15T15:14:47+00:00
589984,44137694,Odell Beckham Jr.,WR,NYG,3000,68,None,False,ByeWeek,NYG @ LAR,2026-09-22 00:15:00+00:00,odell beckham,1,3000,clear,153427,Classic,2026-09-15T15:14:47+00:00
590796,44137224,Ameer Abdullah,RB,JAX,4100,67,None,False,ByeWeek,JAX @ DEN,2026-09-20 20:05:00+00:00,ameer abdullah,1,4100,clear,153427,Classic,2026-09-15T15:14:47+00:00
591816,44136969,Dak Prescott,QB,DAL,6400,66,None,False,ByeWeek,WAS @ DAL,2026-09-20 20:25:00+00:00,dak prescott,0,6400,clear,153427,Classic,2026-09-15T15:14:47+00:00
593587,44137460,Mike Evans,WR,SF,6600,68,None,False,ByeWeek,MIA @ SF,2026-09-20 20:25:00+00:00,mike evans,1,6600,clear,153427,Classic,2026-09-15T15:14:47+00:00
600191,44138100,Darren Waller,TE,CAR,3100,69,None,False,ByeWeek,CAR @ ATL,2026-09-20 17:00:00+00:00,darren waller,1,3100,clear,153427,Classic,2026-09-15T15:14:47+00:00
604176,44138108,Tyler Higbee,TE,LAR,2900,69,None,False,ByeWeek,NYG @ LAR,2026-09-22 00:15:00+00:00,tyler higbee,1,2900,clear,153427,Classic,2026-09-15T15:14:47+00:00
606488,44138236,Nick Vannett,TE,BAL,2500,69,None,False,ByeWeek,NO @ BAL,2026-09-20 17:00:00+00:00,nick vannett,1,2500,clear,153427,Classic,2026-09-15T15:14:47+00:00
606551,44137660,Chris Moore,WR,BAL,3300,68,None,False,ByeWeek,NO @ BAL,2026-09-20 17:00:00+00:00,chris moore,1,3300,clear,153427,Classic,2026-09-15T15:14:47+00:00
606799,44138248,Zach Wood,TE,NO,2500,69,None,False,ByeWeek,NO @ BAL,2026-09-20 17:00:00+00:00,zach wood,1,2500,clear,153427,Classic,2026-09-15T15:14:47+00:00
607047,44136990,Jacoby Brissett,QB,ARI,5000,66,None,False,ByeWeek,SEA @ ARI,2026-09-20 20:25:00+00:00,jacoby brissett,0,5000,clear,153427,Classic,2026-09-15T15:14:47+00:00
607843,44137054,Marcus Mariota,QB,WAS,4000,66,None,False,ByeWeek,WAS @ DAL,2026-09-20 20:25:00+00:00,marcus mariota,0,4000,clear,153427,Classic,2026-09-15T15:14:47+00:00
611417,44137486,Davante Adams,WR,LAR,5900,68,None,False,ByeWeek,NYG @ LAR,2026-09-22 00:15:00+00:00,davante adams,1,5900,clear,153427,Classic,2026-09-15T15:14:47+00:00
613866,44136997,Carson Wentz,QB,MIN,4600,66,None,False,ByeWeek,MIN @ CHI,2026-09-20 17:00:00+00:00,carson wentz,0,4600,clear,153427,Classic,2026-09-15T15:14:47+00:00
658389,44137422,Patrick Ricard,RB,NYG,4000,67,None,False,ByeWeek,NYG @ LAR,2026-09-22 00:15:00+00:00,patrick ricard,1,4000,clear,153427,Classic,2026-09-15T15:14:47+00:00
660151,44138318,Robert Tonyan,TE,PIT,2500,69,None,False,ByeWeek,PIT @ NE,2026-09-20 17:00:00+00:00,robert tonyan,1,2500,clear,153427,Classic,2026-09-15T15:14:47+00:00
689689,44138316,Pharaoh Brown,TE,IND,2500,69,None,False,ByeWeek,IND @ KC,2026-09-21 00:20:00+00:00,pharaoh brown,1,2500,clear,153427,Classic,2026-09-15T15:14:47+00:00
691536,44137064,Jameis Winston,QB,NYG,4000,66,None,False,ByeWeek,NYG @ LAR,2026-09-22 00:15:00+00:00,jameis winston,0,4000,clear,153427,Classic,2026-09-15T15:14:47+00:00
692660,44137620,Kalif Raymond,WR,CHI,3600,68,None,False,ByeWeek,MIN @ CHI,2026-09-20 17:00:00+00:00,kalif raymond,1,3600,clear,153427,Classic,2026-09-15T15:14:47+00:00
694041,44137508,Stefon Diggs,WR,WAS,5300,68,None,False,ByeWeek,WAS @ DAL,2026-09-20 20:25:00+00:00,stefon diggs,1,5300,clear,153427,Classic,2026-09-15T15:14:47+00:00
694117,44137005,Cooper Rush,QB,ATL,4200,66,None,False,ByeWeek,CAR @ ATL,2026-09-20 17:00:00+00:00,cooper rush,0,4200,clear,153427,Classic,2026-09-15T15:14:47+00:00
694931,44138182,Eric Saubert,TE,SEA,2500,69,None,False,ByeWeek,SEA @ ARI,2026-09-20 20:25:00+00:00,eric saubert,1,2500,clear,153427,Classic,2026-09-15T15:14:47+00:00
698227,44137568,Cooper Kupp,WR,SEA,4100,68,None,False,ByeWeek,SEA @ ARI,2026-09-20 20:25:00+00:00,cooper kupp,1,4100,clear,153427,Classic,2026-09-15T15:14:47+00:00
702808,44137560,Mack Hollins,WR,NE,4300,68,None,False,ByeWeek,PIT @ NE,2026-09-20 17:00:00+00:00,mack hollins,1,4300,clear,153427,Classic,2026-09-15T15:14:47+00:00
703015,44137296,Dare Ogunbowale,RB,LV,4000,67,None,False,ByeWeek,LV @ LAC,2026-09-20 20:05:00+00:00,dare ogunbowale,1,4000,clear,153427,Classic,2026-09-15T15:14:47+00:00
712506,44138306,Mo Alie-Cox,TE,IND,2500,69,None,False,ByeWeek,IND @ KC,2026-09-21 00:20:00+00:00,mo alie cox,1,2500,clear,153427,Classic,2026-09-15T15:14:47+00:00
727279,44137586,Demarcus Robinson,WR,SF,3900,68,None,False,ByeWeek,MIA @ SF,2026-09-20 20:25:00+00:00,demarcus robinson,1,3900,clear,153427,Classic,2026-09-15T15:14:47+00:00
727837,44136972,Jared Goff,QB,DET,6200,66,None,False,ByeWeek,DET @ BUF,2026-09-18 00:15:00+00:00,jared goff,0,6200,clear,153427,Classic,2026-09-15T15:14:47+00:00
728169,44137035,Mitchell Trubisky,QB,TEN,4000,66,None,False,ByeWeek,PHI @ TEN,2026-09-20 17:00:00+00:00,mitchell trubisky,0,4000,clear,153427,Classic,2026-09-15T15:14:47+00:00
732145,44137080,Derrick Henry,RB,BAL,7200,67,None,False,ByeWeek,NO @ BAL,2026-09-20 17:00:00+00:00,derrick henry,1,7200,clear,153427,Classic,2026-09-15T15:14:47+00:00
733672,44138046,George Kittle,TE,SF,4600,69,None,False,ByeWeek,MIA @ SF,2026-09-20 20:25:00+00:00,george kittle,1,4600,clear,153427,Classic,2026-09-15T15:14:47+00:00
739424,44138276,Austin Hooper,TE,ATL,2500,69,None,False,ByeWeek,CAR @ ATL,2026-09-20 17:00:00+00:00,austin hooper,1,2500,clear,153427,Classic,2026-09-15T15:14:47+00:00
740704,44138250,Johnny Mundt,TE,PHI,2500,69,None,False,ByeWeek,PHI @ TEN,2026-09-20 17:00:00+00:00,johnny mundt,1,2500,clear,153427,Classic,2026-09-15T15:14:47+00:00
741262,44137068,Joshua Dobbs,QB,DET,4000,66,None,False,ByeWeek,DET @ BUF,2026-09-18 00:15:00+00:00,joshua dobbs,0,4000,clear,153427,Classic,2026-09-15T15:14:47+00:00
741314,44137142,Aaron Jones Sr.,RB,MIN,5100,67,None,False,ByeWeek,MIN @ CHI,2026-09-20 17:00:00+00:00,aaron jones,1,5100,clear,153427,Classic,2026-09-15T15:14:47+00:00
742390,44137274,James Conner,RB,ARI,4000,67,IR,False,ByeWeek,SEA @ ARI,2026-09-20 20:25:00+00:00,james conner,1,4000,out,153427,Classic,2026-09-15T15:14:47+00:00
743749,44138110,Jonnu Smith,TE,GB,2900,69,None,False,ByeWeek,GB @ NYJ,2026-09-20 17:00:00+00:00,jonnu smith,1,2900,clear,153427,Classic,2026-09-15T15:14:47+00:00
744425,44138060,Hunter Henry,TE,NE,4000,69,None,False,ByeWeek,PIT @ NE,2026-09-20 17:00:00+00:00,hunter henry,1,4000,clear,153427,Classic,2026-09-15T15:14:47+00:00
748070,44136980,Baker Mayfield,QB,TB,5600,66,None,False,ByeWeek,CLE @ TB,2026-09-20 17:00:00+00:00,baker mayfield,0,5600,clear,153427,Classic,2026-09-15T15:14:47+00:00
748309,44137023,Nick Mullens,QB,JAX,4000,66,None,False,ByeWeek,JAX @ DEN,2026-09-20 20:05:00+00:00,nick mullens,0,4000,clear,153427,Classic,2026-09-15T15:14:47+00:00
748554,44137898,Laquon Treadwell,WR,IND,3000,68,None,False,ByeWeek,IND @ KC,2026-09-21 00:20:00+00:00,laquon treadwell,1,3000,clear,153427,Classic,2026-09-15T15:14:47+00:00
749185,44138088,Evan Engram,TE,DEN,3300,69,None,False,ByeWeek,JAX @ DEN,2026-09-20 20:05:00+00:00,evan engram,1,3300,clear,153427,Classic,2026-09-15T15:14:47+00:00
749681,44137956,River Cracraft,WR,WAS,3000,68,Q,False,ByeWeek,WAS @ DAL,2026-09-20 20:25:00+00:00,river cracraft,1,3000,questionable,153427,Classic,2026-09-15T15:14:47+00:00
749968,44138230,Durham Smythe,TE,BAL,2500,69,None,False,ByeWeek,NO @ BAL,2026-09-20 17:00:00+00:00,durham smythe,1,2500,clear,153427,Classic,2026-09-15T15:14:47+00:00
750846,44137170,Alvin Kamara,RB,NO,4600,67,Q,False,ByeWeek,NO @ BAL,2026-09-20 17:00:00+00:00,alvin kamara,1,4600,questionable,153427,Classic,2026-09-15T15:14:47+00:00
754412,44137588,Kendrick Bourne,WR,ARI,3900,68,None,False,ByeWeek,SEA @ ARI,2026-09-20 20:25:00+00:00,kendrick bourne,1,3900,clear,153427,Classic,2026-09-15T15:14:47+00:00
757521,44137728,KhaDarel Hodge,WR,SF,3000,68,None,False,ByeWeek,MIA @ SF,2026-09-20 20:25:00+00:00,khadarel hodge,1,3000,clear,153427,Classic,2026-09-15T15:14:47+00:00
791365,44138042,Dallas Goedert,TE,PHI,4800,69,None,False,ByeWeek,PHI @ TEN,2026-09-20 17:00:00+00:00,dallas goedert,1,4800,clear,153427,Classic,2026-09-15T15:14:47+00:00
820699,44138052,Mark Andrews,TE,BAL,4400,69,None,False,ByeWeek,NO @ BAL,2026-09-20 17:00:00+00:00,mark andrews,1,4400,clear,153427,Classic,2026-09-15T15:14:47+00:00
820734,44137192,Samaje Perine,RB,CIN,4400,67,None,False,ByeWeek,CIN @ HOU,2026-09-20 17:00:00+00:00,samaje perine,1,4400,clear,153427,Classic,2026-09-15T15:14:47+00:00
820866,44137994,Braxton Berrios,WR,NYG,3000,68,None,False,ByeWeek,NYG @ LAR,2026-09-22 00:15:00+00:00,braxton berrios,1,3000,clear,153427,Classic,2026-09-15T15:14:47+00:00
822350,44137070,Kyle Allen,QB,BUF,4000,66,None,False,ByeWeek,DET @ BUF,2026-09-18 00:15:00+00:00,kyle allen,0,4000,clear,153427,Classic,2026-09-15T15:14:47+00:00
823220,44137045,Mason Rudolph,QB,PIT,4000,66,None,False,ByeWeek,PIT @ NE,2026-09-20 17:00:00+00:00,mason rudolph,0,4000,clear,153427,Classic,2026-09-15T15:14:47+00:00
824428,44137354,Andrew Beck,RB,NYJ,4000,67,None,False,ByeWeek,GB @ NYJ,2026-09-20 17:00:00+00:00,andrew beck,1,4000,clear,153427,Classic,2026-09-15T15:14:47+00:00
828743,44136999,Deshaun Watson,QB,CLE,4500,66,None,False,ByeWeek,CLE @ TB,2026-09-20 17:00:00+00:00,deshaun watson,0,4500,clear,153427,Classic,2026-09-15T15:14:47+00:00
830517,44137076,Christian McCaffrey,RB,SF,8000,67,None,False,ByeWeek,MIA @ SF,2026-09-20 20:25:00+00:00,christian mccaffrey,1,8000,clear,153427,Classic,2026-09-15T15:14:47+00:00
830523,44138092,Dalton Schultz,TE,HOU,3200,69,None,False,ByeWeek,CIN @ HOU,2026-09-20 17:00:00+00:00,dalton schultz,1,3200,clear,153427,Classic,2026-09-15T15:14:47+00:00
831007,44137051,Easton Stick,QB,TB,4000,66,None,False,ByeWeek,CLE @ TB,2026-09-20 17:00:00+00:00,easton stick,0,4000,clear,153427,Classic,2026-09-15T15:14:47+00:00
832098,44138104,David Njoku,TE,LAC,3000,69,None,False,ByeWeek,LV @ LAC,2026-09-20 20:05:00+00:00,david njoku,1,3000,clear,153427,Classic,2026-09-15T15:14:47+00:00
835127,44137498,Chris Godwin Jr.,WR,TB,5600,68,None,False,ByeWeek,CLE @ TB,2026-09-20 17:00:00+00:00,chris godwin,1,5600,clear,153427,Classic,2026-09-15T15:14:47+00:00
835749,44137506,Deebo Samuel Sr.,WR,SF,5300,68,None,False,ByeWeek,MIA @ SF,2026-09-20 20:25:00+00:00,deebo samuel,1,5300,clear,153427,Classic,2026-09-15T15:14:47+00:00
835861,44138026,Trent Sherfield Sr.,WR,BUF,3000,68,None,False,ByeWeek,DET @ BUF,2026-09-18 00:15:00+00:00,trent sherfield,1,3000,clear,153427,Classic,2026-09-15T15:14:47+00:00
836116,44137512,Terry McLaurin,WR,WAS,5200,68,None,False,ByeWeek,WAS @ DAL,2026-09-20 20:25:00+00:00,terry mclaurin,1,5200,clear,153427,Classic,2026-09-15T15:14:47+00:00
836152,44138076,Mike Gesicki,TE,CIN,3600,69,None,False,ByeWeek,CIN @ HOU,2026-09-20 17:00:00+00:00,mike gesicki,1,3600,clear,153427,Classic,2026-09-15T15:14:47+00:00
837087,44138010,Tom Kennedy,WR,DET,3000,68,None,False,ByeWeek,DET @ BUF,2026-09-18 00:15:00+00:00,tom kennedy,1,3000,clear,153427,Classic,2026-09-15T15:14:47+00:00
837594,44137398,Jeremy McNichols,RB,WAS,4000,67,IR,False,ByeWeek,WAS @ DAL,2026-09-20 20:25:00+00:00,jeremy mcnichols,1,4000,out,153427,Classic,2026-09-15T15:14:47+00:00
837824,44138142,Drew Sample,TE,CIN,2600,69,None,False,ByeWeek,CIN @ HOU,2026-09-20 17:00:00+00:00,drew sample,1,2600,clear,153427,Classic,2026-09-15T15:14:47+00:00
838179,44137868,Tim Patrick,WR,NYJ,3000,68,IR,False,ByeWeek,GB @ NYJ,2026-09-20 17:00:00+00:00,tim patrick,1,3000,out,153427,Classic,2026-09-15T15:14:47+00:00
838318,44138206,Chris Myarick,TE,LV,2500,69,None,False,ByeWeek,LV @ LAC,2026-09-20 20:05:00+00:00,chris myarick,1,2500,clear,153427,Classic,2026-09-15T15:14:47+00:00
838878,44137488,Courtland Sutton,WR,DEN,5800,68,None,False,ByeWeek,JAX @ DEN,2026-09-20 20:05:00+00:00,courtland sutton,1,5800,clear,153427,Classic,2026-09-15T15:14:47+00:00
839031,44136982,Patrick Mahomes,QB,KC,5500,66,None,False,ByeWeek,IND @ KC,2026-09-21 00:20:00+00:00,patrick mahomes,0,5500,clear,153427,Classic,2026-09-15T15:14:47+00:00
843733,44138226,Mitchell Fraboni,TE,DEN,2500,69,None,False,ByeWeek,JAX @ DEN,2026-09-20 20:05:00+00:00,mitchell fraboni,1,2500,clear,153427,Classic,2026-09-15T15:14:47+00:00
861278,44138390,Tyler Conklin,TE,DET,2500,69,None,False,ByeWeek,DET @ BUF,2026-09-18 00:15:00+00:00,tyler conklin,1,2500,clear,153427,Classic,2026-09-15T15:14:47+00:00
865573,44138130,Foster Moreau,TE,HOU,2700,69,None,False,ByeWeek,CIN @ HOU,2026-09-20 17:00:00+00:00,foster moreau,1,2700,clear,153427,Classic,2026-09-15T15:14:47+00:00
865801,44137720,Christian Kirk,WR,SF,3000,68,IR,False,ByeWeek,MIA @ SF,2026-09-20 20:25:00+00:00,christian kirk,1,3000,out,153427,Classic,2026-09-15T15:14:47+00:00
865868,44137004,Jarrett Stidham,QB,DEN,4200,66,None,False,ByeWeek,JAX @ DEN,2026-09-20 20:05:00+00:00,jarrett stidham,0,4200,clear,153427,Classic,2026-09-15T15:14:47+00:00
865958,44137686,KaVontae Turpin,WR,DAL,3100,68,None,False,ByeWeek,WAS @ DAL,2026-09-20 20:25:00+00:00,kavontae turpin,1,3100,clear,153427,Classic,2026-09-15T15:14:47+00:00
866578,44137712,Scotty Miller,WR,CHI,3000,68,None,False,ByeWeek,MIN @ CHI,2026-09-20 17:00:00+00:00,scotty miller,1,3000,clear,153427,Classic,2026-09-15T15:14:47+00:00
866973,44137928,David Sills V,WR,TB,3000,68,IR,False,ByeWeek,CLE @ TB,2026-09-20 17:00:00+00:00,david sills,1,3000,out,153427,Classic,2026-09-15T15:14:47+00:00
867009,44137598,Jauan Jennings,WR,MIN,3800,68,None,False,ByeWeek,MIN @ CHI,2026-09-20 17:00:00+00:00,jauan jennings,1,3800,clear,153427,Classic,2026-09-15T15:14:47+00:00
867303,44137018,Gardner Minshew II,QB,ARI,4000,66,None,False,ByeWeek,SEA @ ARI,2026-09-20 20:25:00+00:00,gardner minshew,0,4000,clear,153427,Classic,2026-09-15T15:14:47+00:00
868199,44136964,Josh Allen,QB,BUF,7400,66,None,False,ByeWeek,DET @ BUF,2026-09-18 00:15:00+00:00,josh allen,0,7400,clear,153427,Classic,2026-09-15T15:14:47+00:00
875444,44138116,Adam Trautman,TE,DEN,2800,69,None,False,ByeWeek,JAX @ DEN,2026-09-20 20:05:00+00:00,adam trautman,1,2800,clear,153427,Classic,2026-09-15T15:14:47+00:00
877654,44137770,Gary Jennings Jr.,WR,LAC,3000,68,None,False,ByeWeek,LV @ LAC,2026-09-20 20:05:00+00:00,gary jennings,1,3000,clear,153427,Classic,2026-09-15T15:14:47+00:00
877745,44136965,Lamar Jackson,QB,BAL,7300,66,None,False,ByeWeek,NO @ BAL,2026-09-20 17:00:00+00:00,lamar jackson,0,7300,clear,153427,Classic,2026-09-15T15:14:47+00:00
877784,44137220,Ty Johnson,RB,BUF,4200,67,Q,False,ByeWeek,DET @ BUF,2026-09-18 00:15:00+00:00,ty johnson,1,4200,questionable,153427,Classic,2026-09-15T15:14:47+00:00
877790,44137490,DJ Moore,WR,BUF,5800,68,None,False,ByeWeek,DET @ BUF,2026-09-18 00:15:00+00:00,dj moore,1,5800,clear,153427,Classic,2026-09-15T15:14:47+00:00
878785,44136968,Joe Burrow,QB,CIN,6600,66,None,False,ByeWeek,CIN @ HOU,2026-09-20 17:00:00+00:00,joe burrow,0,6600,clear,153427,Classic,2026-09-15T15:14:47+00:00
879799,44136988,Kyler Murray,QB,MIN,5100,66,Q,False,ByeWeek,MIN @ CHI,2026-09-20 17:00:00+00:00,kyler murray,0,5100,questionable,153427,Classic,2026-09-15T15:14:47+00:00
879981,44136986,Daniel Jones,QB,IND,5200,66,None,False,ByeWeek,IND @ KC,2026-09-21 00:20:00+00:00,daniel jones,0,5200,clear,153427,Classic,2026-09-15T15:14:47+00:00
880026,44136983,Sam Darnold,QB,SEA,5400,66,D,False,ByeWeek,SEA @ ARI,2026-09-20 20:25:00+00:00,sam darnold,0,5400,doubtful,153427,Classic,2026-09-15T15:14:47+00:00
880151,44137526,Jakobi Meyers,WR,JAX,4900,68,None,False,ByeWeek,JAX @ DEN,2026-09-20 20:05:00+00:00,jakobi meyers,1,4900,clear,153427,Classic,2026-09-15T15:14:47+00:00
880322,44137280,Alec Ingold,RB,LAC,4000,67,None,False,ByeWeek,LV @ LAC,2026-09-20 20:05:00+00:00,alec ingold,1,4000,clear,153427,Classic,2026-09-15T15:14:47+00:00
880398,44137132,Tony Pollard,RB,TEN,5300,67,None,False,ByeWeek,PHI @ TEN,2026-09-20 17:00:00+00:00,tony pollard,1,5300,clear,153427,Classic,2026-09-15T15:14:47+00:00
881058,44137838,K.J. Osborn,WR,TEN,3000,68,None,False,ByeWeek,PHI @ TEN,2026-09-20 17:00:00+00:00,k j osborn,1,3000,clear,153427,Classic,2026-09-15T15:14:47+00:00
881670,44138016,Lucky Jackson,WR,DET,3000,68,None,False,ByeWeek,DET @ BUF,2026-09-18 00:15:00+00:00,lucky jackson,1,3000,clear,153427,Classic,2026-09-15T15:14:47+00:00
881697,44138164,Stephen Carlson,TE,CHI,2500,69,None,False,ByeWeek,MIN @ CHI,2026-09-20 17:00:00+00:00,stephen carlson,1,2500,clear,153427,Classic,2026-09-15T15:14:47+00:00
881779,44138146,Josh Oliver,TE,MIN,2500,69,None,False,ByeWeek,MIN @ CHI,2026-09-20 17:00:00+00:00,josh oliver,1,2500,clear,153427,Classic,2026-09-15T15:14:47+00:00
882345,44136992,Drew Lock,QB,SEA,4900,66,None,False,ByeWeek,SEA @ ARI,2026-09-20 20:25:00+00:00,drew lock,0,4900,clear,153427,Classic,2026-09-15T15:14:47+00:00
882718,44137828,Britain Covey,WR,PHI,3000,68,None,False,ByeWeek,PHI @ TEN,2026-09-20 17:00:00+00:00,britain covey,1,3000,clear,153427,Classic,2026-09-15T15:14:47+00:00
883259,44137692,Nick Westbrook-Ikhine,WR,IND,3000,68,None,False,ByeWeek,IND @ KC,2026-09-21 00:20:00+00:00,nick westbrook ikhine,1,3000,clear,153427,Classic,2026-09-15T15:14:47+00:00
883302,44137082,Saquon Barkley,RB,PHI,7000,67,None,False,ByeWeek,PHI @ TEN,2026-09-20 17:00:00+00:00,saquon barkley,1,7000,clear,153427,Classic,2026-09-15T15:14:47+00:00
883312,44137744,Irvin Charles,WR,SEA,3000,68,IR,False,ByeWeek,SEA @ ARI,2026-09-20 20:25:00+00:00,irvin charles,1,3000,out,153427,Classic,2026-09-15T15:14:47+00:00
883976,44137672,Olamide Zaccheaus,WR,ATL,3200,68,None,False,ByeWeek,CAR @ ATL,2026-09-20 17:00:00+00:00,olamide zaccheaus,1,3200,clear,153427,Classic,2026-09-15T15:14:47+00:00
884013,44137570,Calvin Ridley,WR,TEN,4100,68,None,False,ByeWeek,PHI @ TEN,2026-09-20 17:00:00+00:00,calvin ridley,1,4100,clear,153427,Classic,2026-09-15T15:14:47+00:00
884080,44137954,Van Jefferson,WR,WAS,3000,68,None,False,ByeWeek,WAS @ DAL,2026-09-20 20:25:00+00:00,van jefferson,1,3000,clear,153427,Classic,2026-09-15T15:14:47+00:00
884083,44138124,Dawson Knox,TE,BUF,2700,69,None,False,ByeWeek,DET @ BUF,2026-09-18 00:15:00+00:00,dawson knox,1,2700,clear,153427,Classic,2026-09-15T15:14:47+00:00
884315,44138008,Alex Bachman,WR,LAR,3000,68,None,False,ByeWeek,NYG @ LAR,2026-09-22 00:15:00+00:00,alex bachman,1,3000,clear,153427,Classic,2026-09-15T15:14:47+00:00
884609,44138064,Juwan Johnson,TE,NO,3900,69,None,False,ByeWeek,NO @ BAL,2026-09-20 17:00:00+00:00,juwan johnson,1,3900,clear,153427,Classic,2026-09-15T15:14:47+00:00
885540,44137304,Adam Prentice,RB,DEN,4000,67,None,False,ByeWeek,JAX @ DEN,2026-09-20 20:05:00+00:00,adam prentice,1,4000,clear,153427,Classic,2026-09-15T15:14:47+00:00
910377,44138270,Feleipe Franks,TE,CAR,2500,69,None,False,ByeWeek,CAR @ ATL,2026-09-20 17:00:00+00:00,feleipe franks,1,2500,clear,153427,Classic,2026-09-15T15:14:47+00:00
910562,44136975,Justin Herbert,QB,LAC,6000,66,None,False,ByeWeek,LV @ LAC,2026-09-20 20:05:00+00:00,justin herbert,0,6000,clear,153427,Classic,2026-09-15T15:14:47+00:00
910852,44138020,Greg Dortch,WR,BUF,3000,68,None,False,ByeWeek,DET @ BUF,2026-09-18 00:15:00+00:00,greg dortch,1,3000,clear,153427,Classic,2026-09-15T15:14:47+00:00
911239,44138332,Ko Kieft,TE,TB,2500,69,None,False,ByeWeek,CLE @ TB,2026-09-20 17:00:00+00:00,ko kieft,1,2500,clear,153427,Classic,2026-09-15T15:14:47+00:00
911348,44137534,Michael Pittman Jr.,WR,PIT,4700,68,None,False,ByeWeek,PIT @ NE,2026-09-20 17:00:00+00:00,michael pittman,1,4700,clear,153427,Classic,2026-09-15T15:14:47+00:00
911619,44137071,Shane Buechele,QB,BUF,4000,66,None,False,ByeWeek,DET @ BUF,2026-09-18 00:15:00+00:00,shane buechele,0,4000,clear,153427,Classic,2026-09-15T15:14:47+00:00
912027,44137608,Darnell Mooney,WR,NYG,3800,68,None,False,ByeWeek,NYG @ LAR,2026-09-22 00:15:00+00:00,darnell mooney,1,3800,clear,153427,Classic,2026-09-15T15:14:47+00:00
912137,44136976,Jordan Love,QB,GB,5900,66,None,False,ByeWeek,GB @ NYJ,2026-09-20 17:00:00+00:00,jordan love,0,5900,clear,153427,Classic,2026-09-15T15:14:47+00:00
912553,44137312,Jonathan Ward,RB,BAL,4000,67,None,False,ByeWeek,NO @ BAL,2026-09-20 17:00:00+00:00,jonathan ward,1,4000,clear,153427,Classic,2026-09-15T15:14:47+00:00
913163,44137027,Tyler Huntley,QB,BAL,4000,66,None,False,ByeWeek,NO @ BAL,2026-09-20 17:00:00+00:00,tyler huntley,0,4000,clear,153427,Classic,2026-09-15T15:14:47+00:00
913271,44136967,Jalen Hurts,QB,PHI,6700,66,None,False,ByeWeek,PHI @ TEN,2026-09-20 17:00:00+00:00,jalen hurts,0,6700,clear,153427,Classic,2026-09-15T15:14:47+00:00
913829,44137029,Skylar Thompson,QB,BAL,4000,66,IR,False,ByeWeek,NO @ BAL,2026-09-20 17:00:00+00:00,skylar thompson,0,4000,out,153427,Classic,2026-09-15T15:14:47+00:00
915066,44137388,Reggie Gilliam,RB,NE,4000,67,None,False,ByeWeek,PIT @ NE,2026-09-20 17:00:00+00:00,reggie gilliam,1,4000,clear,153427,Classic,2026-09-15T15:14:47+00:00
916466,44137222,Devin Singletary,RB,NYG,4100,67,None,False,ByeWeek,NYG @ LAR,2026-09-22 00:15:00+00:00,devin singletary,1,4100,clear,153427,Classic,2026-09-15T15:14:47+00:00
919304,44137270,Velus Jones Jr.,RB,SEA,4000,67,None,False,ByeWeek,SEA @ ARI,2026-09-20 20:25:00+00:00,velus jones,1,4000,clear,153427,Classic,2026-09-15T15:14:47+00:00
920482,44137800,Michael Bandy,WR,DEN,3000,68,None,False,ByeWeek,JAX @ DEN,2026-09-20 20:05:00+00:00,michael bandy,1,3000,clear,153427,Classic,2026-09-15T15:14:47+00:00
920756,44137756,Devin Duvernay,WR,ARI,3000,68,None,False,ByeWeek,SEA @ ARI,2026-09-20 20:25:00+00:00,devin duvernay,1,3000,clear,153427,Classic,2026-09-15T15:14:47+00:00
920758,44137658,Lil'Jordan Humphrey,WR,DEN,3300,68,None,False,ByeWeek,JAX @ DEN,2026-09-20 20:05:00+00:00,liljordan humphrey,1,3300,clear,153427,Classic,2026-09-15T15:14:47+00:00
920944,44137904,Ben Skowronek,WR,PIT,3000,68,None,False,ByeWeek,PIT @ NE,2026-09-20 17:00:00+00:00,ben skowronek,1,3000,clear,153427,Classic,2026-09-15T15:14:47+00:00
921050,44138260,Kylen Granson,TE,TEN,2500,69,None,False,ByeWeek,PHI @ TEN,2026-09-20 17:00:00+00:00,kylen granson,1,2500,clear,153427,Classic,2026-09-15T15:14:47+00:00
921460,44137910,Brandon Johnson,WR,PIT,3000,68,None,False,ByeWeek,PIT @ NE,2026-09-20 17:00:00+00:00,brandon johnson,1,3000,clear,153427,Classic,2026-09-15T15:14:47+00:00
922040,44138274,Charlie Woerner,TE,ATL,2500,69,None,False,ByeWeek,CAR @ ATL,2026-09-20 17:00:00+00:00,charlie woerner,1,2500,clear,153427,Classic,2026-09-15T15:14:47+00:00
922451,44137238,Brittain Brown,RB,CHI,4000,67,IR,False,ByeWeek,MIN @ CHI,2026-09-20 17:00:00+00:00,brittain brown,1,4000,out,153427,Classic,2026-09-15T15:14:47+00:00
922484,44137376,Travis Homer,RB,PIT,4000,67,None,False,ByeWeek,PIT @ NE,2026-09-20 17:00:00+00:00,travis homer,1,4000,clear,153427,Classic,2026-09-15T15:14:47+00:00
923109,44137212,Justice Hill,RB,BAL,4200,67,None,False,ByeWeek,NO @ BAL,2026-09-20 17:00:00+00:00,justice hill,1,4200,clear,153427,Classic,2026-09-15T15:14:47+00:00
923412,44137556,Rashid Shaheed,WR,SEA,4300,68,None,False,ByeWeek,SEA @ ARI,2026-09-20 20:25:00+00:00,rashid shaheed,1,4300,clear,153427,Classic,2026-09-15T15:14:47+00:00
923911,44138082,Noah Fant,TE,NO,3400,69,None,False,ByeWeek,NO @ BAL,2026-09-20 17:00:00+00:00,noah fant,1,3400,clear,153427,Classic,2026-09-15T15:14:47+00:00
923915,44138078,T.J. Hockenson,TE,MIN,3500,69,None,False,ByeWeek,MIN @ CHI,2026-09-20 17:00:00+00:00,t j hockenson,1,3500,clear,153427,Classic,2026-09-15T15:14:47+00:00
933480,44137154,Rico Dowdle,RB,PIT,4900,67,None,False,ByeWeek,PIT @ NE,2026-09-20 17:00:00+00:00,rico dowdle,1,4900,clear,153427,Classic,2026-09-15T15:14:47+00:00
943093,44138204,Ian Thomas,TE,LV,2500,69,None,False,ByeWeek,LV @ LAC,2026-09-20 20:05:00+00:00,ian thomas,1,2500,clear,153427,Classic,2026-09-15T15:14:47+00:00
944038,44138128,John Bates,TE,WAS,2700,69,None,False,ByeWeek,WAS @ DAL,2026-09-20 20:25:00+00:00,john bates,1,2700,clear,153427,Classic,2026-09-15T15:14:47+00:00
944416,44137104,Josh Jacobs,RB,GB,6300,67,OUT,False,ByeWeek,GB @ NYJ,2026-09-20 17:00:00+00:00,josh jacobs,1,6300,out,153427,Classic,2026-09-15T15:14:47+00:00
944826,44137916,A.J. Brown,WR,NE,3000,68,IR,False,ByeWeek,PIT @ NE,2026-09-20 17:00:00+00:00,a j brown,1,3000,out,153427,Classic,2026-09-15T15:14:47+00:00
945633,44137510,DK Metcalf,WR,PIT,5200,68,None,False,ByeWeek,PIT @ NE,2026-09-20 17:00:00+00:00,dk metcalf,1,5200,clear,153427,Classic,2026-09-15T15:14:47+00:00
946541,44138166,Luke Farrell,TE,SF,2500,69,None,False,ByeWeek,MIA @ SF,2026-09-20 20:25:00+00:00,luke farrell,1,2500,clear,153427,Classic,2026-09-15T15:14:47+00:00
946739,44137096,David Montgomery,RB,HOU,6500,67,None,False,ByeWeek,CIN @ HOU,2026-09-20 17:00:00+00:00,david montgomery,1,6500,clear,153427,Classic,2026-09-15T15:14:47+00:00
946748,44137350,Kene Nwangwu,RB,NYJ,4000,67,Q,False,ByeWeek,GB @ NYJ,2026-09-20 17:00:00+00:00,kene nwangwu,1,4000,questionable,153427,Classic,2026-09-15T15:14:47+00:00
973935,44137594,Jerry Jeudy,WR,CLE,3900,68,None,False,ByeWeek,CLE @ TB,2026-09-20 17:00:00+00:00,jerry jeudy,1,3900,clear,153427,Classic,2026-09-15T15:14:47+00:00
973945,44137014,Mac Jones,QB,SF,4000,66,None,False,ByeWeek,MIA @ SF,2026-09-20 20:25:00+00:00,mac jones,0,4000,clear,153427,Classic,2026-09-15T15:14:47+00:00
973947,44136996,Tua Tagovailoa,QB,ATL,4700,66,Q,False,ByeWeek,CAR @ ATL,2026-09-20 17:00:00+00:00,tua tagovailoa,0,4700,questionable,153427,Classic,2026-09-15T15:14:47+00:00
973949,44138024,Tyrell Shavers,WR,BUF,3000,68,OUT,False,ByeWeek,DET @ BUF,2026-09-18 00:15:00+00:00,tyrell shavers,1,3000,out,153427,Classic,2026-09-15T15:14:47+00:00
973964,44137228,Najee Harris,RB,NYG,4000,67,None,False,ByeWeek,NYG @ LAR,2026-09-22 00:15:00+00:00,najee harris,1,4000,clear,153427,Classic,2026-09-15T15:14:47+00:00
973966,44137166,Brian Robinson Jr.,RB,ATL,4700,67,None,False,ByeWeek,CAR @ ATL,2026-09-20 17:00:00+00:00,brian robinson,1,4700,clear,153427,Classic,2026-09-15T15:14:47+00:00
975028,44137406,Malik Davis,RB,DAL,4000,67,IR,False,ByeWeek,WAS @ DAL,2026-09-20 20:25:00+00:00,malik davis,1,4000,out,153427,Classic,2026-09-15T15:14:47+00:00
975503,44138284,Jelani Woods,TE,NYJ,2500,69,None,False,ByeWeek,GB @ NYJ,2026-09-20 17:00:00+00:00,jelani woods,1,2500,clear,153427,Classic,2026-09-15T15:14:47+00:00
975829,44137026,Sam Ehlinger,QB,DEN,4000,66,OUT,False,ByeWeek,JAX @ DEN,2026-09-20 20:05:00+00:00,sam ehlinger,0,4000,out,153427,Classic,2026-09-15T15:14:47+00:00
976066,44137738,Jalen Reagor,WR,MIA,3000,68,None,False,ByeWeek,MIA @ SF,2026-09-20 20:25:00+00:00,jalen reagor,1,3000,clear,153427,Classic,2026-09-15T15:14:47+00:00
976220,44137624,Hollywood Brown,WR,PHI,3600,68,None,False,ByeWeek,PHI @ TEN,2026-09-20 17:00:00+00:00,hollywood brown,1,3600,clear,153427,Classic,2026-09-15T15:14:47+00:00
976221,44138254,Grant Calcaterra,TE,PHI,2500,69,IR,False,ByeWeek,PHI @ TEN,2026-09-20 17:00:00+00:00,grant calcaterra,1,2500,out,153427,Classic,2026-09-15T15:14:47+00:00
976236,44137342,Trey Sermon,RB,ATL,4000,67,IR,False,ByeWeek,CAR @ ATL,2026-09-20 17:00:00+00:00,trey sermon,1,4000,out,153427,Classic,2026-09-15T15:14:47+00:00
976309,44137232,DeeJay Dallas,RB,MIN,4000,67,None,False,ByeWeek,MIN @ CHI,2026-09-20 17:00:00+00:00,deejay dallas,1,4000,clear,153427,Classic,2026-09-15T15:14:47+00:00
976323,44136987,Malik Willis,QB,MIA,5200,66,None,False,ByeWeek,MIA @ SF,2026-09-20 20:25:00+00:00,malik willis,0,5200,clear,153427,Classic,2026-09-15T15:14:47+00:00
976329,44137332,Michael Carter,RB,TEN,4000,67,None,False,ByeWeek,PHI @ TEN,2026-09-20 17:00:00+00:00,michael carter,1,4000,clear,153427,Classic,2026-09-15T15:14:47+00:00
976513,44137148,J.K. Dobbins,RB,DEN,5000,67,None,False,ByeWeek,JAX @ DEN,2026-09-20 20:05:00+00:00,j k dobbins,1,5000,clear,153427,Classic,2026-09-15T15:14:47+00:00
976804,44137426,Ronnie Rivers,RB,LAR,4000,67,None,False,ByeWeek,NYG @ LAR,2026-09-22 00:15:00+00:00,ronnie rivers,1,4000,clear,153427,Classic,2026-09-15T15:14:47+00:00
976924,44137037,Kenny Pickett,QB,CAR,4000,66,None,False,ByeWeek,CAR @ ATL,2026-09-20 17:00:00+00:00,kenny pickett,0,4000,clear,153427,Classic,2026-09-15T15:14:47+00:00
976966,44137036,Hendon Hooker,QB,TEN,4000,66,None,False,ByeWeek,PHI @ TEN,2026-09-20 17:00:00+00:00,hendon hooker,0,4000,clear,153427,Classic,2026-09-15T15:14:47+00:00
978120,44138122,Brock Wright,TE,DET,2800,69,None,False,ByeWeek,DET @ BUF,2026-09-18 00:15:00+00:00,brock wright,1,2800,clear,153427,Classic,2026-09-15T15:14:47+00:00
978577,44137110,Travis Etienne Jr.,RB,NO,6000,67,None,False,ByeWeek,NO @ BAL,2026-09-20 17:00:00+00:00,travis etienne,1,6000,clear,153427,Classic,2026-09-15T15:14:47+00:00
978579,44137478,Tee Higgins,WR,CIN,6100,68,None,False,ByeWeek,CIN @ HOU,2026-09-20 17:00:00+00:00,tee higgins,1,6100,clear,153427,Classic,2026-09-15T15:14:47+00:00
1049246,44137242,Salvon Ahmed,RB,CHI,4000,67,None,False,ByeWeek,MIN @ CHI,2026-09-20 17:00:00+00:00,salvon ahmed,1,4000,clear,153427,Classic,2026-09-15T15:14:47+00:00
1049254,44137065,Jake Haener,QB,NYG,4000,66,None,False,ByeWeek,NYG @ LAR,2026-09-22 00:15:00+00:00,jake haener,0,4000,clear,153427,Classic,2026-09-15T15:14:47+00:00
1049263,44138084,Cade Otton,TE,TB,3400,69,None,False,ByeWeek,CLE @ TB,2026-09-20 17:00:00+00:00,cade otton,1,3400,clear,153427,Classic,2026-09-15T15:14:47+00:00
1049792,44138278,Nick Muse,TE,ATL,2500,69,None,False,ByeWeek,CAR @ ATL,2026-09-20 17:00:00+00:00,nick muse,1,2500,clear,153427,Classic,2026-09-15T15:14:47+00:00
1049915,44137852,David Moore,WR,CAR,3000,68,None,False,ByeWeek,CAR @ ATL,2026-09-20 17:00:00+00:00,david moore,1,3000,clear,153427,Classic,2026-09-15T15:14:47+00:00
1050335,44137360,Pierre Strong Jr.,RB,GB,4000,67,Q,False,ByeWeek,GB @ NYJ,2026-09-20 17:00:00+00:00,pierre strong,1,4000,questionable,153427,Classic,2026-09-15T15:14:47+00:00
1051781,44138252,E.J. Jenkins,TE,PHI,2500,69,None,False,ByeWeek,PHI @ TEN,2026-09-20 17:00:00+00:00,e j jenkins,1,2500,clear,153427,Classic,2026-09-15T15:14:47+00:00
1056660,44137792,Austin Trammell,WR,JAX,3000,68,None,False,ByeWeek,JAX @ DEN,2026-09-20 20:05:00+00:00,austin trammell,1,3000,clear,153427,Classic,2026-09-15T15:14:47+00:00
1056747,44137796,Tim Jones,WR,JAX,3000,68,None,False,ByeWeek,JAX @ DEN,2026-09-20 20:05:00+00:00,tim jones,1,3000,clear,153427,Classic,2026-09-15T15:14:47+00:00
1056865,44138246,Stone Smartt,TE,NO,2500,69,None,False,ByeWeek,NO @ BAL,2026-09-20 17:00:00+00:00,stone smartt,1,2500,clear,153427,Classic,2026-09-15T15:14:47+00:00
1056981,44138094,Noah Gray,TE,KC,3200,69,None,False,ByeWeek,IND @ KC,2026-09-21 00:20:00+00:00,noah gray,1,3200,clear,153427,Classic,2026-09-15T15:14:47+00:00
1057457,44137292,Connor Heyward,RB,LV,4000,67,None,False,ByeWeek,LV @ LAC,2026-09-20 20:05:00+00:00,connor heyward,1,4000,clear,153427,Classic,2026-09-15T15:14:47+00:00
1057484,44137776,Cody White,WR,LV,3000,68,None,False,ByeWeek,LV @ LAC,2026-09-20 20:05:00+00:00,cody white,1,3000,clear,153427,Classic,2026-09-15T15:14:47+00:00
1057725,44137256,Carlos Washington Jr.,RB,MIA,4000,67,None,False,ByeWeek,MIA @ SF,2026-09-20 20:25:00+00:00,carlos washington,1,4000,clear,153427,Classic,2026-09-15T15:14:47+00:00
1058090,44137041,Bailey Zappe,QB,NYJ,4000,66,None,False,ByeWeek,GB @ NYJ,2026-09-20 17:00:00+00:00,bailey zappe,0,4000,clear,153427,Classic,2026-09-15T15:14:47+00:00
1058648,44138126,Charlie Kolar,TE,LAC,2700,69,None,False,ByeWeek,LV @ LAC,2026-09-20 20:05:00+00:00,charlie kolar,1,2700,clear,153427,Classic,2026-09-15T15:14:47+00:00
1058726,44137750,Julian Hicks,WR,SEA,3000,68,None,False,ByeWeek,SEA @ ARI,2026-09-20 20:25:00+00:00,julian hicks,1,3000,clear,153427,Classic,2026-09-15T15:14:47+00:00
1059220,44137912,Brandon Smith,WR,PIT,3000,68,None,False,ByeWeek,PIT @ NE,2026-09-20 17:00:00+00:00,brandon smith,1,3000,clear,153427,Classic,2026-09-15T15:14:47+00:00
1059221,44137764,Ihmir Smith-Marsette,WR,ARI,3000,68,None,False,ByeWeek,SEA @ ARI,2026-09-20 20:25:00+00:00,ihmir smith marsette,1,3000,clear,153427,Classic,2026-09-15T15:14:47+00:00
1059576,44137318,Ty Chandler,RB,NO,4000,67,IR,False,ByeWeek,NO @ BAL,2026-09-20 17:00:00+00:00,ty chandler,1,4000,out,153427,Classic,2026-09-15T15:14:47+00:00
1059585,44138356,Princeton Fant,TE,DAL,2500,69,IR,False,ByeWeek,WAS @ DAL,2026-09-20 20:25:00+00:00,princeton fant,1,2500,out,153427,Classic,2026-09-15T15:14:47+00:00
1059612,44137628,Joshua Palmer,WR,BUF,3600,68,None,False,ByeWeek,DET @ BUF,2026-09-18 00:15:00+00:00,joshua palmer,1,3600,clear,153427,Classic,2026-09-15T15:14:47+00:00
1059680,44138214,Quintin Morris,TE,JAX,2500,69,None,False,ByeWeek,JAX @ DEN,2026-09-20 20:05:00+00:00,quintin morris,1,2500,clear,153427,Classic,2026-09-15T15:14:47+00:00
1060262,44137456,DeVonta Smith,WR,PHI,6800,68,None,False,ByeWeek,PHI @ TEN,2026-09-20 17:00:00+00:00,devonta smith,1,6800,clear,153427,Classic,2026-09-15T15:14:47+00:00
1060311,44137061,Davis Mills,QB,HOU,4000,66,None,False,ByeWeek,CIN @ HOU,2026-09-20 17:00:00+00:00,davis mills,0,4000,clear,153427,Classic,2026-09-15T15:14:47+00:00
1060312,44138096,Colby Parkinson,TE,LAR,3100,69,None,False,ByeWeek,NYG @ LAR,2026-09-22 00:15:00+00:00,colby parkinson,1,3100,clear,153427,Classic,2026-09-15T15:14:47+00:00
1060545,44137334,AJ Dillon,RB,CAR,4000,67,None,False,ByeWeek,CAR @ ATL,2026-09-20 17:00:00+00:00,aj dillon,1,4000,clear,153427,Classic,2026-09-15T15:14:47+00:00
1060550,44138190,Hunter Long,TE,ARI,2500,69,None,False,ByeWeek,SEA @ ARI,2026-09-20 20:25:00+00:00,hunter long,1,2500,clear,153427,Classic,2026-09-15T15:14:47+00:00
1060671,44137048,Tommy DeVito,QB,NE,4000,66,None,False,ByeWeek,PIT @ NE,2026-09-20 17:00:00+00:00,tommy devito,0,4000,clear,153427,Classic,2026-09-15T15:14:47+00:00
1062020,44137450,CeeDee Lamb,WR,DAL,7300,68,None,False,ByeWeek,WAS @ DAL,2026-09-20 20:25:00+00:00,ceedee lamb,1,7300,clear,153427,Classic,2026-09-15T15:14:47+00:00
1062047,44137116,Chuba Hubbard,RB,CAR,5800,67,None,False,ByeWeek,CAR @ ATL,2026-09-20 17:00:00+00:00,chuba hubbard,1,5800,clear,153427,Classic,2026-09-15T15:14:47+00:00
1062546,44137938,Tylan Wallace,WR,CLE,3000,68,None,False,ByeWeek,CLE @ TB,2026-09-20 17:00:00+00:00,tylan wallace,1,3000,clear,153427,Classic,2026-09-15T15:14:47+00:00
1062765,44137690,Calvin Austin III,WR,NYG,3000,68,IR,False,ByeWeek,NYG @ LAR,2026-09-22 00:15:00+00:00,calvin austin,1,3000,out,153427,Classic,2026-09-15T15:14:47+00:00
1063397,44137900,D.J. Montgomery,WR,IND,3000,68,IR,False,ByeWeek,IND @ KC,2026-09-21 00:20:00+00:00,d j montgomery,1,3000,out,153427,Classic,2026-09-15T15:14:47+00:00
1064955,44137268,Brady Russell,RB,SEA,4000,67,None,False,ByeWeek,SEA @ ARI,2026-09-20 20:25:00+00:00,brady russell,1,4000,clear,153427,Classic,2026-09-15T15:14:47+00:00
1065052,44138012,Tay Martin,WR,DET,3000,68,None,False,ByeWeek,DET @ BUF,2026-09-18 00:15:00+00:00,tay martin,1,3000,clear,153427,Classic,2026-09-15T15:14:47+00:00
1065361,44138068,Jake Ferguson,TE,DAL,3800,69,None,False,ByeWeek,WAS @ DAL,2026-09-20 20:25:00+00:00,jake ferguson,1,3800,clear,153427,Classic,2026-09-15T15:14:47+00:00
1065406,44137078,Jonathan Taylor,RB,IND,7500,67,None,False,ByeWeek,IND @ KC,2026-09-21 00:20:00+00:00,jonathan taylor,1,7500,clear,153427,Classic,2026-09-15T15:14:47+00:00
1066424,44137732,Jalen Tolbert,WR,MIA,3000,68,None,False,ByeWeek,MIA @ SF,2026-09-20 20:25:00+00:00,jalen tolbert,1,3000,clear,153427,Classic,2026-09-15T15:14:47+00:00
1066765,44138102,Cole Kmet,TE,CHI,3000,69,None,False,ByeWeek,MIN @ CHI,2026-09-20 17:00:00+00:00,cole kmet,1,3000,clear,153427,Classic,2026-09-15T15:14:47+00:00
1066811,44137022,Aidan O'Connell,QB,LV,4000,66,None,False,ByeWeek,LV @ LAC,2026-09-20 20:05:00+00:00,aidan oconnell,0,4000,clear,153427,Classic,2026-09-15T15:14:47+00:00
1067089,44137059,Sean Clifford,QB,CIN,4000,66,None,False,ByeWeek,CIN @ HOU,2026-09-20 17:00:00+00:00,sean clifford,0,4000,clear,153427,Classic,2026-09-15T15:14:47+00:00
1067132,44138000,Charlie Jones,WR,NYG,3000,68,None,False,ByeWeek,NYG @ LAR,2026-09-22 00:15:00+00:00,charlie jones,1,3000,clear,153427,Classic,2026-09-15T15:14:47+00:00
1067309,44137240,Zavier Scott,RB,CHI,4000,67,None,False,ByeWeek,MIN @ CHI,2026-09-20 17:00:00+00:00,zavier scott,1,4000,clear,153427,Classic,2026-09-15T15:14:47+00:00
1067918,44137474,Christian Watson,WR,GB,6200,68,None,False,ByeWeek,GB @ NYJ,2026-09-20 17:00:00+00:00,christian watson,1,6200,clear,153427,Classic,2026-09-15T15:14:47+00:00
1068803,44137878,Bo Melton,WR,GB,3000,68,None,False,ByeWeek,GB @ NYJ,2026-09-20 17:00:00+00:00,bo melton,1,3000,clear,153427,Classic,2026-09-15T15:14:47+00:00
1068872,44138136,Jake Tonges,TE,SF,2600,69,Q,False,ByeWeek,MIA @ SF,2026-09-20 20:25:00+00:00,jake tonges,1,2600,questionable,153427,Classic,2026-09-15T15:14:47+00:00
1069535,44137444,Justin Jefferson,WR,MIN,7800,68,None,False,ByeWeek,MIN @ CHI,2026-09-20 17:00:00+00:00,justin jefferson,1,7800,clear,153427,Classic,2026-09-15T15:14:47+00:00
1069763,44137009,Stetson Bennett IV,QB,LAR,4000,66,None,False,ByeWeek,NYG @ LAR,2026-09-22 00:15:00+00:00,stetson bennett,0,4000,clear,153427,Classic,2026-09-15T15:14:47+00:00
1069808,44137102,D'Andre Swift,RB,CHI,6300,67,None,False,ByeWeek,MIN @ CHI,2026-09-20 17:00:00+00:00,dandre swift,1,6300,clear,153427,Classic,2026-09-15T15:14:47+00:00
1074698,44137454,Nico Collins,WR,HOU,7000,68,None,False,ByeWeek,CIN @ HOU,2026-09-20 17:00:00+00:00,nico collins,1,7000,clear,153427,Classic,2026-09-15T15:14:47+00:00
1106374,44138072,Chig Okonkwo,TE,WAS,3700,69,Q,False,ByeWeek,WAS @ DAL,2026-09-20 20:25:00+00:00,chig okonkwo,1,3700,questionable,153427,Classic,2026-09-15T15:14:47+00:00
1106382,44137702,Jeshaun Jones,WR,MIN,3000,68,OUT,False,ByeWeek,MIN @ CHI,2026-09-20 17:00:00+00:00,jeshaun jones,1,3000,out,153427,Classic,2026-09-15T15:14:47+00:00
1106760,44137642,Tutu Atwell,WR,LAR,3400,68,None,False,ByeWeek,NYG @ LAR,2026-09-22 00:15:00+00:00,tutu atwell,1,3400,clear,153427,Classic,2026-09-15T15:14:47+00:00
1106832,44137434,Isiah Pacheco,RB,DET,4000,67,IR,False,ByeWeek,DET @ BUF,2026-09-18 00:15:00+00:00,isiah pacheco,1,4000,out,153427,Classic,2026-09-15T15:14:47+00:00
1107027,44137496,Alec Pierce,WR,IND,5600,68,Q,False,ByeWeek,IND @ KC,2026-09-21 00:20:00+00:00,alec pierce,1,5600,questionable,153427,Classic,2026-09-15T15:14:47+00:00
1107034,44137722,Brandon Aiyuk,WR,SF,3000,68,OUT,False,ByeWeek,MIA @ SF,2026-09-20 20:25:00+00:00,brandon aiyuk,1,3000,out,153427,Classic,2026-09-15T15:14:47+00:00
1107037,44138286,Josh Whyle,TE,GB,2500,69,Q,False,ByeWeek,GB @ NYJ,2026-09-20 17:00:00+00:00,josh whyle,1,2500,questionable,153427,Classic,2026-09-15T15:14:47+00:00
1107232,44138348,Colson Yankoff,TE,WAS,2500,69,None,False,ByeWeek,WAS @ DAL,2026-09-20 20:25:00+00:00,colson yankoff,1,2500,clear,153427,Classic,2026-09-15T15:14:47+00:00
1107326,44138292,Thomas Yassmin,TE,GB,2500,69,IR,False,ByeWeek,GB @ NYJ,2026-09-20 17:00:00+00:00,thomas yassmin,1,2500,out,153427,Classic,2026-09-15T15:14:47+00:00
1107478,44136995,Michael Penix Jr.,QB,ATL,4700,66,Q,False,ByeWeek,CAR @ ATL,2026-09-20 17:00:00+00:00,michael penix,0,4700,questionable,153427,Classic,2026-09-15T15:14:47+00:00
1107878,44137948,Dyami Brown,WR,WAS,3000,68,None,False,ByeWeek,WAS @ DAL,2026-09-20 20:25:00+00:00,dyami brown,1,3000,clear,153427,Classic,2026-09-15T15:14:47+00:00
1107881,44137098,Javonte Williams,RB,DAL,6400,67,None,False,ByeWeek,WAS @ DAL,2026-09-20 20:25:00+00:00,javonte williams,1,6400,clear,153427,Classic,2026-09-15T15:14:47+00:00
1108052,44137031,Zach Wilson,QB,NO,4000,66,None,False,ByeWeek,NO @ BAL,2026-09-20 17:00:00+00:00,zach wilson,0,4000,clear,153427,Classic,2026-09-15T15:14:47+00:00
1108161,44138032,Trey McBride,TE,ARI,6900,69,None,False,ByeWeek,SEA @ ARI,2026-09-20 20:25:00+00:00,trey mcbride,1,6900,clear,153427,Classic,2026-09-15T15:14:47+00:00
1108202,44138120,Brevyn Spann-Ford,TE,DAL,2800,69,None,False,ByeWeek,WAS @ DAL,2026-09-20 20:25:00+00:00,brevyn spann ford,1,2800,clear,153427,Classic,2026-09-15T15:14:47+00:00
1108208,44137550,Rashod Bateman,WR,BAL,4400,68,None,False,ByeWeek,NO @ BAL,2026-09-20 17:00:00+00:00,rashod bateman,1,4400,clear,153427,Classic,2026-09-15T15:14:47+00:00
1108526,44138302,Thomas Odukoya,TE,KC,2500,69,None,False,ByeWeek,IND @ KC,2026-09-21 00:20:00+00:00,thomas odukoya,1,2500,clear,153427,Classic,2026-09-15T15:14:47+00:00
1108534,44137864,Dylan Drummond,WR,ATL,3000,68,None,False,ByeWeek,CAR @ ATL,2026-09-20 17:00:00+00:00,dylan drummond,1,3000,clear,153427,Classic,2026-09-15T15:14:47+00:00
1108998,44137326,Dameon Pierce,RB,PHI,4000,67,None,False,ByeWeek,PHI @ TEN,2026-09-20 17:00:00+00:00,dameon pierce,1,4000,clear,153427,Classic,2026-09-15T15:14:47+00:00
1109708,44137196,Tyrone Tracy Jr.,RB,NYG,4400,67,None,False,ByeWeek,NYG @ LAR,2026-09-22 00:15:00+00:00,tyrone tracy,1,4400,clear,153427,Classic,2026-09-15T15:14:47+00:00
1109711,44137056,Sam Hartman,QB,WAS,4000,66,None,False,ByeWeek,WAS @ DAL,2026-09-20 20:25:00+00:00,sam hartman,0,4000,clear,153427,Classic,2026-09-15T15:14:47+00:00
1109731,44138340,Blake Whiteheart,TE,CLE,2500,69,None,False,ByeWeek,CLE @ TB,2026-09-20 17:00:00+00:00,blake whiteheart,1,2500,clear,153427,Classic,2026-09-15T15:14:47+00:00
1109979,44137448,Ja'Marr Chase,WR,CIN,7600,68,None,False,ByeWeek,CIN @ HOU,2026-09-20 17:00:00+00:00,jamarr chase,1,7600,clear,153427,Classic,2026-09-15T15:14:47+00:00
1110301,44137640,Tyquan Thornton,WR,KC,3400,68,None,False,ByeWeek,IND @ KC,2026-09-21 00:20:00+00:00,tyquan thornton,1,3400,clear,153427,Classic,2026-09-15T15:14:47+00:00
1110306,44136985,Tyler Shough,QB,NO,5300,66,None,False,ByeWeek,NO @ BAL,2026-09-20 17:00:00+00:00,tyler shough,0,5300,clear,153427,Classic,2026-09-15T15:14:47+00:00
1110681,44137001,Justin Fields,QB,KC,4500,66,None,False,ByeWeek,IND @ KC,2026-09-21 00:20:00+00:00,justin fields,0,4500,clear,153427,Classic,2026-09-15T15:14:47+00:00
1110697,44137320,Zamir White,RB,NO,4000,67,None,False,ByeWeek,NO @ BAL,2026-09-20 17:00:00+00:00,zamir white,1,4000,clear,153427,Classic,2026-09-15T15:14:47+00:00
1110711,44136977,Trevor Lawrence,QB,JAX,5800,66,None,False,ByeWeek,JAX @ DEN,2026-09-20 20:05:00+00:00,trevor lawrence,0,5800,clear,153427,Classic,2026-09-15T15:14:47+00:00
1112338,44137058,Joe Milton III,QB,DAL,4000,66,None,False,ByeWeek,WAS @ DAL,2026-09-20 20:25:00+00:00,joe milton,0,4000,clear,153427,Classic,2026-09-15T15:14:47+00:00
1112357,44138196,Shawn Bowman,TE,ARI,2500,69,None,False,ByeWeek,SEA @ ARI,2026-09-20 20:25:00+00:00,shawn bowman,1,2500,clear,153427,Classic,2026-09-15T15:14:47+00:00
1113403,44137144,Chris Rodriguez Jr.,RB,JAX,5100,67,None,False,ByeWeek,JAX @ DEN,2026-09-20 20:05:00+00:00,chris rodriguez,1,5100,clear,153427,Classic,2026-09-15T15:14:47+00:00
1113477,44137766,Derius Davis,WR,LAC,3000,68,Q,False,ByeWeek,LV @ LAC,2026-09-20 20:05:00+00:00,derius davis,1,3000,questionable,153427,Classic,2026-09-15T15:14:47+00:00
1115394,44138368,Tanner Hudson,TE,CIN,2500,69,None,False,ByeWeek,CIN @ HOU,2026-09-20 17:00:00+00:00,tanner hudson,1,2500,clear,153427,Classic,2026-09-15T15:14:47+00:00
1116001,44137136,Jordan Mason,RB,MIN,5200,67,Q,False,ByeWeek,MIN @ CHI,2026-09-20 17:00:00+00:00,jordan mason,1,5200,questionable,153427,Classic,2026-09-15T15:14:47+00:00
1116662,44138070,Pat Freiermuth,TE,PIT,3700,69,None,False,ByeWeek,PIT @ NE,2026-09-20 17:00:00+00:00,pat freiermuth,1,3700,clear,153427,Classic,2026-09-15T15:14:47+00:00
1116817,44137182,Emari Demercado,RB,DAL,4500,67,None,False,ByeWeek,WAS @ DAL,2026-09-20 20:25:00+00:00,emari demercado,1,4500,clear,153427,Classic,2026-09-15T15:14:47+00:00
1118668,44137736,Ryan Miller,WR,MIA,3000,68,None,False,ByeWeek,MIA @ SF,2026-09-20 20:25:00+00:00,ryan miller,1,3000,clear,153427,Classic,2026-09-15T15:14:47+00:00
1120347,44137856,Chris Blair,WR,ATL,3000,68,None,False,ByeWeek,CAR @ ATL,2026-09-20 17:00:00+00:00,chris blair,1,3000,clear,153427,Classic,2026-09-15T15:14:47+00:00
1120499,44138338,Evan Deckers,TE,TB,2500,69,None,False,ByeWeek,CLE @ TB,2026-09-20 17:00:00+00:00,evan deckers,1,2500,clear,153427,Classic,2026-09-15T15:14:47+00:00
1121050,44137746,Jake Bobo,WR,SEA,3000,68,IR,False,ByeWeek,SEA @ ARI,2026-09-20 20:25:00+00:00,jake bobo,1,3000,out,153427,Classic,2026-09-15T15:14:47+00:00
1121761,44136971,Brock Purdy,QB,SF,6200,66,None,False,ByeWeek,MIA @ SF,2026-09-20 20:25:00+00:00,brock purdy,0,6200,clear,153427,Classic,2026-09-15T15:14:47+00:00
1121863,44138350,Jack Westover,TE,WAS,2500,69,None,False,ByeWeek,WAS @ DAL,2026-09-20 20:25:00+00:00,jack westover,1,2500,clear,153427,Classic,2026-09-15T15:14:47+00:00
1121871,44138376,Brevin Jordan,TE,HOU,2500,69,None,False,ByeWeek,CIN @ HOU,2026-09-20 17:00:00+00:00,brevin jordan,1,2500,clear,153427,Classic,2026-09-15T15:14:47+00:00
1121873,44138310,Will Mallory,TE,IND,2500,69,IR,False,ByeWeek,IND @ KC,2026-09-21 00:20:00+00:00,will mallory,1,2500,out,153427,Classic,2026-09-15T15:14:47+00:00
1121878,44137650,Jahan Dotson,WR,ATL,3400,68,None,False,ByeWeek,CAR @ ATL,2026-09-20 17:00:00+00:00,jahan dotson,1,3400,clear,153427,Classic,2026-09-15T15:14:47+00:00
1121887,44137780,Justin Shorter,WR,LV,3000,68,IR,False,ByeWeek,LV @ LAC,2026-09-20 20:05:00+00:00,justin shorter,1,3000,out,153427,Classic,2026-09-15T15:14:47+00:00
1122035,44138138,Daniel Bellinger,TE,TEN,2600,69,None,False,ByeWeek,PHI @ TEN,2026-09-20 17:00:00+00:00,daniel bellinger,1,2600,clear,153427,Classic,2026-09-15T15:14:47+00:00
1122182,44137288,Dylan Laube,RB,LV,4000,67,None,False,ByeWeek,LV @ LAC,2026-09-20 20:05:00+00:00,dylan laube,1,4000,clear,153427,Classic,2026-09-15T15:14:47+00:00
1122323,44138228,Lucas Krull,TE,DEN,2500,69,None,False,ByeWeek,JAX @ DEN,2026-09-20 20:05:00+00:00,lucas krull,1,2500,clear,153427,Classic,2026-09-15T15:14:47+00:00
1122592,44137452,Chris Olave,WR,NO,7200,68,None,False,ByeWeek,NO @ BAL,2026-09-20 17:00:00+00:00,chris olave,1,7200,clear,153427,Classic,2026-09-15T15:14:47+00:00
1122596,44138282,Jeremy Ruckert,TE,NYJ,2500,69,None,False,ByeWeek,GB @ NYJ,2026-09-20 17:00:00+00:00,jeremy ruckert,1,2500,clear,153427,Classic,2026-09-15T15:14:47+00:00
1122653,44137522,Romeo Doubs,WR,NE,5000,68,None,False,ByeWeek,PIT @ NE,2026-09-20 17:00:00+00:00,romeo doubs,1,5000,clear,153427,Classic,2026-09-15T15:14:47+00:00
1122692,44138178,Cole Turner,TE,MIA,2500,69,IR,False,ByeWeek,MIA @ SF,2026-09-20 20:25:00+00:00,cole turner,1,2500,out,153427,Classic,2026-09-15T15:14:47+00:00
1123026,44138050,Kyle Pitts Sr.,TE,ATL,4500,69,None,False,ByeWeek,CAR @ ATL,2026-09-20 17:00:00+00:00,kyle pitts,1,4500,clear,153427,Classic,2026-09-15T15:14:47+00:00
1123364,44138266,Joel Wilson,TE,TEN,2500,69,None,False,ByeWeek,PHI @ TEN,2026-09-20 17:00:00+00:00,joel wilson,1,2500,clear,153427,Classic,2026-09-15T15:14:47+00:00
1123379,44137084,Chase Brown,RB,CIN,6900,67,None,False,ByeWeek,CIN @ HOU,2026-09-20 17:00:00+00:00,chase brown,1,6900,clear,153427,Classic,2026-09-15T15:14:47+00:00
1123398,44137546,Jayden Reed,WR,GB,4500,68,None,False,ByeWeek,GB @ NYJ,2026-09-20 17:00:00+00:00,jayden reed,1,4500,clear,153427,Classic,2026-09-15T15:14:47+00:00
1123496,44137758,Simi Fehoko,WR,ARI,3000,68,None,False,ByeWeek,SEA @ ARI,2026-09-20 20:25:00+00:00,simi fehoko,1,3000,clear,153427,Classic,2026-09-15T15:14:47+00:00
1123521,44137033,Tanner McKee,QB,PHI,4000,66,None,False,ByeWeek,PHI @ TEN,2026-09-20 17:00:00+00:00,tanner mckee,0,4000,clear,153427,Classic,2026-09-15T15:14:47+00:00
1123525,44137844,Brycen Tremayne,WR,CAR,3000,68,None,False,ByeWeek,CAR @ ATL,2026-09-20 17:00:00+00:00,brycen tremayne,1,3000,clear,153427,Classic,2026-09-15T15:14:47+00:00
1123529,44137502,Michael Wilson,WR,ARI,5400,68,None,False,ByeWeek,SEA @ ARI,2026-09-20 20:25:00+00:00,michael wilson,1,5400,clear,153427,Classic,2026-09-15T15:14:47+00:00
1123630,44138326,Julian Hill,TE,NE,2500,69,IR,False,ByeWeek,PIT @ NE,2026-09-20 17:00:00+00:00,julian hill,1,2500,out,153427,Classic,2026-09-15T15:14:47+00:00
1123712,44138362,James Mitchell,TE,DAL,2500,69,None,False,ByeWeek,WAS @ DAL,2026-09-20 20:25:00+00:00,james mitchell,1,2500,clear,153427,Classic,2026-09-15T15:14:47+00:00
1124199,44138262,David Martin-Robinson,TE,TEN,2500,69,None,False,ByeWeek,PHI @ TEN,2026-09-20 17:00:00+00:00,david martin robinson,1,2500,clear,153427,Classic,2026-09-15T15:14:47+00:00
1124338,44137302,Tyler Badie,RB,DEN,4000,67,OUT,False,ByeWeek,JAX @ DEN,2026-09-20 20:05:00+00:00,tyler badie,1,4000,out,153427,Classic,2026-09-15T15:14:47+00:00
1124355,44138346,Messiah Swinson,TE,CLE,2500,69,None,False,ByeWeek,CLE @ TB,2026-09-20 17:00:00+00:00,messiah swinson,1,2500,clear,153427,Classic,2026-09-15T15:14:47+00:00
1124664,44137822,Cedric Tillman,WR,NO,3000,68,None,False,ByeWeek,NO @ BAL,2026-09-20 17:00:00+00:00,cedric tillman,1,3000,clear,153427,Classic,2026-09-15T15:14:47+00:00
1124851,44137688,Andrei Iosivas,WR,CIN,3100,68,None,False,ByeWeek,CIN @ HOU,2026-09-20 17:00:00+00:00,andrei iosivas,1,3100,clear,153427,Classic,2026-09-15T15:14:47+00:00
1125111,44138048,Isaiah Likely,TE,NYG,4500,69,None,False,ByeWeek,NYG @ LAR,2026-09-22 00:15:00+00:00,isaiah likely,1,4500,clear,153427,Classic,2026-09-15T15:14:47+00:00
1125589,44138170,Brayden Willis,TE,SF,2500,69,None,False,ByeWeek,MIA @ SF,2026-09-20 20:25:00+00:00,brayden willis,1,2500,clear,153427,Classic,2026-09-15T15:14:47+00:00
1125739,44138324,Cameron Latu,TE,NE,2500,69,None,False,ByeWeek,PIT @ NE,2026-09-20 17:00:00+00:00,cameron latu,1,2500,clear,153427,Classic,2026-09-15T15:14:47+00:00
1125749,44137464,Jaylen Waddle,WR,DEN,6500,68,None,False,ByeWeek,JAX @ DEN,2026-09-20 20:05:00+00:00,jaylen waddle,1,6500,clear,153427,Classic,2026-09-15T15:14:47+00:00
1125846,44137328,Julius Chestnut,RB,TEN,4000,67,None,False,ByeWeek,PHI @ TEN,2026-09-20 17:00:00+00:00,julius chestnut,1,4000,clear,153427,Classic,2026-09-15T15:14:47+00:00
1126338,44137246,Isaac Guerendo,RB,SF,4000,67,OUT,False,ByeWeek,MIA @ SF,2026-09-20 20:25:00+00:00,isaac guerendo,1,4000,out,153427,Classic,2026-09-15T15:14:47+00:00
1126817,44137590,Jalen Nailor,WR,LV,3900,68,None,False,ByeWeek,LV @ LAC,2026-09-20 20:05:00+00:00,jalen nailor,1,3900,clear,153427,Classic,2026-09-15T15:14:47+00:00
1127065,44137162,Chris Brooks,RB,GB,4800,67,None,False,ByeWeek,GB @ NYJ,2026-09-20 17:00:00+00:00,chris brooks,1,4800,clear,153427,Classic,2026-09-15T15:14:47+00:00
1127080,44137886,Nikko Remigio,WR,KC,3000,68,None,False,ByeWeek,IND @ KC,2026-09-21 00:20:00+00:00,nikko remigio,1,3000,clear,153427,Classic,2026-09-15T15:14:47+00:00
1127106,44137446,Amon-Ra St. Brown,WR,DET,7700,68,None,False,ByeWeek,DET @ BUF,2026-09-18 00:15:00+00:00,amon ra st brown,1,7700,clear,153427,Classic,2026-09-15T15:14:47+00:00
1128085,44138090,Greg Dulcich,TE,MIA,3200,69,None,False,ByeWeek,MIA @ SF,2026-09-20 20:25:00+00:00,greg dulcich,1,3200,clear,153427,Classic,2026-09-15T15:14:47+00:00
1128222,44137980,Tank Dell,WR,HOU,3000,68,IR,False,ByeWeek,CIN @ HOU,2026-09-20 17:00:00+00:00,tank dell,1,3000,out,153427,Classic,2026-09-15T15:14:47+00:00
1128295,44137416,British Brooks,RB,HOU,4000,67,None,False,ByeWeek,CIN @ HOU,2026-09-20 17:00:00+00:00,british brooks,1,4000,clear,153427,Classic,2026-09-15T15:14:47+00:00
1128538,44138198,Teagan Quitoriano,TE,ARI,2500,69,None,False,ByeWeek,SEA @ ARI,2026-09-20 20:25:00+00:00,teagan quitoriano,1,2500,clear,153427,Classic,2026-09-15T15:14:47+00:00
1128783,44137824,Elijah Moore,WR,PHI,3000,68,None,False,ByeWeek,PHI @ TEN,2026-09-20 17:00:00+00:00,elijah moore,1,3000,clear,153427,Classic,2026-09-15T15:14:47+00:00
1130004,44138162,Qadir Ismail,TE,CHI,2500,69,None,False,ByeWeek,MIN @ CHI,2026-09-20 17:00:00+00:00,qadir ismail,1,2500,clear,153427,Classic,2026-09-15T15:14:47+00:00
1130213,44137786,Ronnie Bell,WR,LV,3000,68,None,False,ByeWeek,LV @ LAC,2026-09-20 20:05:00+00:00,ronnie bell,1,3000,clear,153427,Classic,2026-09-15T15:14:47+00:00
1130230,44137384,Hassan Haskins,RB,NE,4000,67,None,False,ByeWeek,PIT @ NE,2026-09-20 17:00:00+00:00,hassan haskins,1,4000,clear,153427,Classic,2026-09-15T15:14:47+00:00
1130242,44138354,Luke Schoonmaker,TE,DAL,2500,69,None,False,ByeWeek,WAS @ DAL,2026-09-20 20:25:00+00:00,luke schoonmaker,1,2500,clear,153427,Classic,2026-09-15T15:14:47+00:00
1130245,44137364,Ben VanSumeren,RB,KC,4000,67,None,False,ByeWeek,IND @ KC,2026-09-21 00:20:00+00:00,ben vansumeren,1,4000,clear,153427,Classic,2026-09-15T15:14:47+00:00
1130260,44138330,Payne Durham,TE,TB,2500,69,None,False,ByeWeek,CLE @ TB,2026-09-20 17:00:00+00:00,payne durham,1,2500,clear,153427,Classic,2026-09-15T15:14:47+00:00
1130526,44137810,Kevin Austin Jr.,WR,NO,3000,68,None,False,ByeWeek,NO @ BAL,2026-09-20 17:00:00+00:00,kevin austin,1,3000,clear,153427,Classic,2026-09-15T15:14:47+00:00
1130555,44138140,Tommy Tremble,TE,CAR,2600,69,None,False,ByeWeek,CAR @ ATL,2026-09-20 17:00:00+00:00,tommy tremble,1,2600,clear,153427,Classic,2026-09-15T15:14:47+00:00
1130595,44137284,Scott Matlock,RB,LAC,4000,67,IR,False,ByeWeek,LV @ LAC,2026-09-20 20:05:00+00:00,scott matlock,1,4000,out,153427,Classic,2026-09-15T15:14:47+00:00
1130603,44137536,Khalil Shakir,WR,BUF,4700,68,None,False,ByeWeek,DET @ BUF,2026-09-18 00:15:00+00:00,khalil shakir,1,4700,clear,153427,Classic,2026-09-15T15:14:47+00:00
1130705,44137146,Kenny Gainwell,RB,TB,5100,67,None,False,ByeWeek,CLE @ TB,2026-09-20 17:00:00+00:00,kenny gainwell,1,5100,clear,153427,Classic,2026-09-15T15:14:47+00:00
1130833,44137784,Deven Thompkins,WR,LV,3000,68,None,False,ByeWeek,LV @ LAC,2026-09-20 20:05:00+00:00,deven thompkins,1,3000,clear,153427,Classic,2026-09-15T15:14:47+00:00
1130975,44137020,Trey Lance,QB,LAC,4000,66,None,False,ByeWeek,LV @ LAC,2026-09-20 20:05:00+00:00,trey lance,0,4000,clear,153427,Classic,2026-09-15T15:14:47+00:00
1130976,44137408,Hunter Luepke,RB,DAL,4000,67,None,False,ByeWeek,WAS @ DAL,2026-09-20 20:25:00+00:00,hunter luepke,1,4000,clear,153427,Classic,2026-09-15T15:14:47+00:00
1131012,44137090,James Cook III,RB,BUF,6700,67,None,False,ByeWeek,DET @ BUF,2026-09-18 00:15:00+00:00,james cook,1,6700,clear,153427,Classic,2026-09-15T15:14:47+00:00
1131198,44137152,Tyler Allgeier,RB,ARI,4900,67,None,False,ByeWeek,SEA @ ARI,2026-09-20 20:25:00+00:00,tyler allgeier,1,4900,clear,153427,Classic,2026-09-15T15:14:47+00:00
1131457,44137432,Jacob Saylors,RB,DET,4000,67,None,False,ByeWeek,DET @ BUF,2026-09-18 00:15:00+00:00,jacob saylors,1,4000,clear,153427,Classic,2026-09-15T15:14:47+00:00
1132517,44138220,Nate Adkins,TE,DEN,2500,69,None,False,ByeWeek,JAX @ DEN,2026-09-20 20:05:00+00:00,nate adkins,1,2500,clear,153427,Classic,2026-09-15T15:14:47+00:00
1133320,44137970,Dohnte Meyers,WR,CIN,3000,68,None,False,ByeWeek,CIN @ HOU,2026-09-20 17:00:00+00:00,dohnte meyers,1,3000,clear,153427,Classic,2026-09-15T15:14:47+00:00
1135513,44138044,Dalton Kincaid,TE,BUF,4700,69,None,False,ByeWeek,DET @ BUF,2026-09-18 00:15:00+00:00,dalton kincaid,1,4700,clear,153427,Classic,2026-09-15T15:14:47+00:00
1137635,44138002,Xavier Smith,WR,LAR,3000,68,None,False,ByeWeek,NYG @ LAR,2026-09-22 00:15:00+00:00,xavier smith,1,3000,clear,153427,Classic,2026-09-15T15:14:47+00:00
1140248,44137306,Cody Schrader,RB,DEN,4000,67,None,False,ByeWeek,JAX @ DEN,2026-09-20 20:05:00+00:00,cody schrader,1,4000,clear,153427,Classic,2026-09-15T15:14:47+00:00
1160348,44137846,John Metchie III,WR,CAR,3000,68,None,False,ByeWeek,CAR @ ATL,2026-09-20 17:00:00+00:00,john metchie,1,3000,clear,153427,Classic,2026-09-15T15:14:47+00:00
1161228,44136970,Jayden Daniels,QB,WAS,6300,66,None,False,ByeWeek,WAS @ DAL,2026-09-20 20:25:00+00:00,jayden daniels,0,6300,clear,153427,Classic,2026-09-15T15:14:47+00:00
1161416,44137724,Ricky Pearsall,WR,SF,3000,68,IR,False,ByeWeek,MIA @ SF,2026-09-20 20:25:00+00:00,ricky pearsall,1,3000,out,153427,Classic,2026-09-15T15:14:47+00:00
1161661,44137902,Anthony Gould,WR,IND,3000,68,None,False,ByeWeek,IND @ KC,2026-09-21 00:20:00+00:00,anthony gould,1,3000,clear,153427,Classic,2026-09-15T15:14:47+00:00
1161664,44138386,Davis Allen,TE,LAR,2500,69,None,False,ByeWeek,NYG @ LAR,2026-09-22 00:15:00+00:00,davis allen,1,2500,clear,153427,Classic,2026-09-15T15:14:47+00:00
1161739,44137818,Trey Palmer,WR,NO,3000,68,None,False,ByeWeek,NO @ BAL,2026-09-20 17:00:00+00:00,trey palmer,1,3000,clear,153427,Classic,2026-09-15T15:14:47+00:00
1161818,44137043,Kedon Slovis,QB,GB,4000,66,None,False,ByeWeek,GB @ NYJ,2026-09-20 17:00:00+00:00,kedon slovis,0,4000,clear,153427,Classic,2026-09-15T15:14:47+00:00
1161853,44138188,Elijah Higgins,TE,ARI,2500,69,None,False,ByeWeek,SEA @ ARI,2026-09-20 20:25:00+00:00,elijah higgins,1,2500,clear,153427,Classic,2026-09-15T15:14:47+00:00
1161899,44136979,Bo Nix,QB,DEN,5700,66,None,False,ByeWeek,JAX @ DEN,2026-09-20 20:05:00+00:00,bo nix,0,5700,clear,153427,Classic,2026-09-15T15:14:47+00:00
1162128,44137442,Puka Nacua,WR,LAR,7900,68,None,False,ByeWeek,NYG @ LAR,2026-09-22 00:15:00+00:00,puka nacua,1,7900,clear,153427,Classic,2026-09-15T15:14:47+00:00
1162537,44137106,Breece Hall,RB,NYJ,6200,67,None,False,ByeWeek,GB @ NYJ,2026-09-20 17:00:00+00:00,breece hall,1,6200,clear,153427,Classic,2026-09-15T15:14:47+00:00
1162602,44137768,Theo Wease Jr.,WR,LAC,3000,68,None,False,ByeWeek,LV @ LAC,2026-09-20 20:05:00+00:00,theo wease,1,3000,clear,153427,Classic,2026-09-15T15:14:47+00:00
1163265,44137236,Roschon Johnson,RB,CHI,4000,67,None,False,ByeWeek,MIN @ CHI,2026-09-20 17:00:00+00:00,roschon johnson,1,4000,clear,153427,Classic,2026-09-15T15:14:47+00:00
1163272,44138296,Jared Wiley,TE,KC,2500,69,OUT,False,ByeWeek,IND @ KC,2026-09-21 00:20:00+00:00,jared wiley,1,2500,out,153427,Classic,2026-09-15T15:14:47+00:00
1163273,44137678,Jordan Whittington,WR,LAR,3200,68,None,False,ByeWeek,NYG @ LAR,2026-09-22 00:15:00+00:00,jordan whittington,1,3200,clear,153427,Classic,2026-09-15T15:14:47+00:00
1163866,44137272,Bam Knight,RB,ARI,4000,67,None,False,ByeWeek,SEA @ ARI,2026-09-20 20:25:00+00:00,bam knight,1,4000,clear,153427,Classic,2026-09-15T15:14:47+00:00
1164137,44137418,Jawhar Jordan,RB,HOU,4000,67,None,False,ByeWeek,CIN @ HOU,2026-09-20 17:00:00+00:00,jawhar jordan,1,4000,clear,153427,Classic,2026-09-15T15:14:47+00:00
1164402,44137094,Kenneth Walker III,RB,KC,6500,67,None,False,ByeWeek,IND @ KC,2026-09-21 00:20:00+00:00,kenneth walker,1,6500,clear,153427,Classic,2026-09-15T15:14:47+00:00
1164530,44137262,Zach Charbonnet,RB,SEA,4000,67,OUT,False,ByeWeek,SEA @ ARI,2026-09-20 20:25:00+00:00,zach charbonnet,1,4000,out,153427,Classic,2026-09-15T15:14:47+00:00
1164533,44138364,Erick All Jr.,TE,CIN,2500,69,None,False,ByeWeek,CIN @ HOU,2026-09-20 17:00:00+00:00,erick all,1,2500,clear,153427,Classic,2026-09-15T15:14:47+00:00
1164736,44138186,Nick Kallerup,TE,SEA,2500,69,None,False,ByeWeek,SEA @ ARI,2026-09-20 20:25:00+00:00,nick kallerup,1,2500,clear,153427,Classic,2026-09-15T15:14:47+00:00
1164788,44137564,Devaughn Vele,WR,NO,4200,68,None,False,ByeWeek,NO @ BAL,2026-09-20 17:00:00+00:00,devaughn vele,1,4200,clear,153427,Classic,2026-09-15T15:14:47+00:00
1164846,44137950,Luke McCaffrey,WR,WAS,3000,68,None,False,ByeWeek,WAS @ DAL,2026-09-20 20:25:00+00:00,luke mccaffrey,1,3000,clear,153427,Classic,2026-09-15T15:14:47+00:00
1164875,44137542,Wan'Dale Robinson,WR,TEN,4600,68,None,False,ByeWeek,PHI @ TEN,2026-09-20 17:00:00+00:00,wandale robinson,1,4600,clear,153427,Classic,2026-09-15T15:14:47+00:00
1164889,44137482,Garrett Wilson,WR,NYJ,6000,68,None,False,ByeWeek,GB @ NYJ,2026-09-20 17:00:00+00:00,garrett wilson,1,6000,clear,153427,Classic,2026-09-15T15:14:47+00:00
1164940,44138062,Brenton Strange,TE,JAX,3900,69,None,False,ByeWeek,JAX @ DEN,2026-09-20 20:05:00+00:00,brenton strange,1,3900,clear,153427,Classic,2026-09-15T15:14:47+00:00
1164951,44137062,Graham Mertz,QB,HOU,4000,66,IR,False,ByeWeek,CIN @ HOU,2026-09-20 17:00:00+00:00,graham mertz,0,4000,out,153427,Classic,2026-09-15T15:14:47+00:00
1164979,44137544,Tre Tucker,WR,LV,4500,68,None,False,ByeWeek,LV @ LAC,2026-09-20 20:05:00+00:00,tre tucker,1,4500,clear,153427,Classic,2026-09-15T15:14:47+00:00
1165229,44137194,Ray Davis,RB,BUF,4400,67,None,False,ByeWeek,DET @ BUF,2026-09-18 00:15:00+00:00,ray davis,1,4400,clear,153427,Classic,2026-09-15T15:14:47+00:00
1165333,44137053,Dillon Gabriel,QB,CLE,4000,66,IR,False,ByeWeek,CLE @ TB,2026-09-20 17:00:00+00:00,dillon gabriel,0,4000,out,153427,Classic,2026-09-15T15:14:47+00:00
1166036,44137896,Ashton Dulin,WR,IND,3000,68,None,False,ByeWeek,IND @ KC,2026-09-21 00:20:00+00:00,ashton dulin,1,3000,clear,153427,Classic,2026-09-15T15:14:47+00:00
1166045,44138158,Nikola Kalinic,TE,CHI,2500,69,IR,False,ByeWeek,MIN @ CHI,2026-09-20 17:00:00+00:00,nikola kalinic,1,2500,out,153427,Classic,2026-09-15T15:14:47+00:00
1166235,44137248,Sincere McCormick,RB,SF,4000,67,None,False,ByeWeek,MIA @ SF,2026-09-20 20:25:00+00:00,sincere mccormick,1,4000,clear,153427,Classic,2026-09-15T15:14:47+00:00
1166480,44137380,Lew Nichols,RB,PIT,4000,67,None,False,ByeWeek,PIT @ NE,2026-09-20 17:00:00+00:00,lew nichols,1,4000,clear,153427,Classic,2026-09-15T15:14:47+00:00
1166989,44137015,Kurtis Rourke,QB,SF,4000,66,None,False,ByeWeek,MIA @ SF,2026-09-20 20:25:00+00:00,kurtis rourke,0,4000,clear,153427,Classic,2026-09-15T15:14:47+00:00
1167356,44137400,Craig Reynolds,RB,WAS,4000,67,None,False,ByeWeek,WAS @ DAL,2026-09-20 20:25:00+00:00,craig reynolds,1,4000,clear,153427,Classic,2026-09-15T15:14:47+00:00
1167361,44137100,Kyren Williams,RB,LAR,6400,67,None,False,ByeWeek,NYG @ LAR,2026-09-22 00:15:00+00:00,kyren williams,1,6400,clear,153427,Classic,2026-09-15T15:14:47+00:00
1168245,44137057,Sam Howell,QB,DAL,4000,66,None,False,ByeWeek,WAS @ DAL,2026-09-20 20:25:00+00:00,sam howell,0,4000,clear,153427,Classic,2026-09-15T15:14:47+00:00
1168410,44137996,Gunner Olszewski,WR,NYG,3000,68,IR,False,ByeWeek,NYG @ LAR,2026-09-22 00:15:00+00:00,gunner olszewski,1,3000,out,153427,Classic,2026-09-15T15:14:47+00:00
1168753,44138202,Patrick Herbert,TE,LAC,2500,69,None,False,ByeWeek,LV @ LAC,2026-09-20 20:05:00+00:00,patrick herbert,1,2500,clear,153427,Classic,2026-09-15T15:14:47+00:00
1168918,44137346,Tyler Goodson,RB,ATL,4000,67,None,False,ByeWeek,CAR @ ATL,2026-09-20 17:00:00+00:00,tyler goodson,1,4000,clear,153427,Classic,2026-09-15T15:14:47+00:00
1168926,44138054,Sam LaPorta,TE,DET,4300,69,None,False,ByeWeek,DET @ BUF,2026-09-18 00:15:00+00:00,sam laporta,1,4300,clear,153427,Classic,2026-09-15T15:14:47+00:00
1169299,44137028,Joe Fagnano,QB,BAL,4000,66,None,False,ByeWeek,NO @ BAL,2026-09-20 17:00:00+00:00,joe fagnano,0,4000,clear,153427,Classic,2026-09-15T15:14:47+00:00
1169329,44137010,Max Brosmer,QB,MIN,4000,66,None,False,ByeWeek,MIN @ CHI,2026-09-20 17:00:00+00:00,max brosmer,0,4000,clear,153427,Classic,2026-09-15T15:14:47+00:00
1169430,44137158,Tyjae Spears,RB,TEN,4800,67,None,False,ByeWeek,PHI @ TEN,2026-09-20 17:00:00+00:00,tyjae spears,1,4800,clear,153427,Classic,2026-09-15T15:14:47+00:00
1170916,44137820,Jalen Moreno-Cropper,WR,NO,3000,68,None,False,ByeWeek,NO @ BAL,2026-09-20 17:00:00+00:00,jalen moreno cropper,1,3000,clear,153427,Classic,2026-09-15T15:14:47+00:00
1170921,44137984,Josh Kelly,WR,HOU,3000,68,None,False,ByeWeek,CIN @ HOU,2026-09-20 17:00:00+00:00,josh kelly,1,3000,clear,153427,Classic,2026-09-15T15:14:47+00:00
1172024,44137946,Treylon Burks,WR,WAS,3000,68,None,False,ByeWeek,WAS @ DAL,2026-09-20 20:25:00+00:00,treylon burks,1,3000,clear,153427,Classic,2026-09-15T15:14:47+00:00
1172053,44137470,George Pickens,WR,DAL,6300,68,None,False,ByeWeek,WAS @ DAL,2026-09-20 20:25:00+00:00,george pickens,1,6300,clear,153427,Classic,2026-09-15T15:14:47+00:00
1172080,44137944,Bub Means,WR,CLE,3000,68,None,False,ByeWeek,CLE @ TB,2026-09-20 17:00:00+00:00,bub means,1,3000,clear,153427,Classic,2026-09-15T15:14:47+00:00
1172401,44137138,RJ Harvey,RB,DEN,5200,67,None,False,ByeWeek,JAX @ DEN,2026-09-20 20:05:00+00:00,rj harvey,1,5200,clear,153427,Classic,2026-09-15T15:14:47+00:00
1172428,44137558,Dontayvion Wicks,WR,PHI,4300,68,None,False,ByeWeek,PHI @ TEN,2026-09-20 17:00:00+00:00,dontayvion wicks,1,4300,clear,153427,Classic,2026-09-15T15:14:47+00:00
1172746,44137882,Isaiah Neyor,WR,GB,3000,68,None,False,ByeWeek,GB @ NYJ,2026-09-20 17:00:00+00:00,isaiah neyor,1,3000,clear,153427,Classic,2026-09-15T15:14:47+00:00
1172752,44138242,Treyton Welch,TE,NO,2500,69,None,False,ByeWeek,NO @ BAL,2026-09-20 17:00:00+00:00,treyton welch,1,2500,clear,153427,Classic,2026-09-15T15:14:47+00:00
1172990,44137390,Josh Williams,RB,TB,4000,67,None,False,ByeWeek,CLE @ TB,2026-09-20 17:00:00+00:00,josh williams,1,4000,clear,153427,Classic,2026-09-15T15:14:47+00:00
1173174,44137430,Jordan Waters,RB,LAR,4000,67,None,False,ByeWeek,NYG @ LAR,2026-09-22 00:15:00+00:00,jordan waters,1,4000,clear,153427,Classic,2026-09-15T15:14:47+00:00
1173254,44138394,Thomas Gordon,TE,DET,2500,69,None,False,ByeWeek,DET @ BUF,2026-09-18 00:15:00+00:00,thomas gordon,1,2500,clear,153427,Classic,2026-09-15T15:14:47+00:00
1173255,44137576,Malik Washington,WR,MIA,4000,68,None,False,ByeWeek,MIA @ SF,2026-09-20 20:25:00+00:00,malik washington,1,4000,clear,153427,Classic,2026-09-15T15:14:47+00:00
1173266,44137278,Evan Hull,RB,ARI,4000,67,None,False,ByeWeek,SEA @ ARI,2026-09-20 20:25:00+00:00,evan hull,1,4000,clear,153427,Classic,2026-09-15T15:14:47+00:00
1173480,44137266,Jacardia Wright,RB,SEA,4000,67,None,False,ByeWeek,SEA @ ARI,2026-09-20 20:25:00+00:00,jacardia wright,1,4000,clear,153427,Classic,2026-09-15T15:14:47+00:00
1173538,44137466,Rashee Rice,WR,KC,6400,68,None,False,ByeWeek,IND @ KC,2026-09-21 00:20:00+00:00,rashee rice,1,6400,clear,153427,Classic,2026-09-15T15:14:47+00:00
1174682,44137118,Rhamondre Stevenson,RB,NE,5700,67,None,False,ByeWeek,PIT @ NE,2026-09-20 17:00:00+00:00,rhamondre stevenson,1,5700,clear,153427,Classic,2026-09-15T15:14:47+00:00
1174752,44137030,Spencer Rattler,QB,NO,4000,66,None,False,ByeWeek,NO @ BAL,2026-09-20 17:00:00+00:00,spencer rattler,0,4000,clear,153427,Classic,2026-09-15T15:14:47+00:00
1175182,44138374,Cade Stover,TE,HOU,2500,69,None,False,ByeWeek,CIN @ HOU,2026-09-20 17:00:00+00:00,cade stover,1,2500,clear,153427,Classic,2026-09-15T15:14:47+00:00
1175184,44137494,Jameson Williams,WR,DET,5700,68,None,False,ByeWeek,DET @ BUF,2026-09-18 00:15:00+00:00,jameson williams,1,5700,clear,153427,Classic,2026-09-15T15:14:47+00:00
1175693,44137604,DeMario Douglas,WR,NE,3800,68,None,False,ByeWeek,PIT @ NE,2026-09-20 17:00:00+00:00,demario douglas,1,3800,clear,153427,Classic,2026-09-15T15:14:47+00:00
1176431,44137854,Casey Washington,WR,CAR,3000,68,None,False,ByeWeek,CAR @ ATL,2026-09-20 17:00:00+00:00,casey washington,1,3000,clear,153427,Classic,2026-09-15T15:14:47+00:00
1176432,44137662,Isaiah Williams,WR,NYJ,3300,68,None,False,ByeWeek,GB @ NYJ,2026-09-20 17:00:00+00:00,isaiah williams,1,3300,clear,153427,Classic,2026-09-15T15:14:47+00:00
1176443,44137126,Jaylen Warren,RB,PIT,5400,67,None,False,ByeWeek,PIT @ NE,2026-09-20 17:00:00+00:00,jaylen warren,1,5400,clear,153427,Classic,2026-09-15T15:14:47+00:00
1176730,44137874,Skyy Moore,WR,GB,3000,68,None,False,ByeWeek,GB @ NYJ,2026-09-20 17:00:00+00:00,skyy moore,1,3000,clear,153427,Classic,2026-09-15T15:14:47+00:00
1176733,44137978,Jared Wayne,WR,HOU,3000,68,None,False,ByeWeek,CIN @ HOU,2026-09-20 17:00:00+00:00,jared wayne,1,3000,clear,153427,Classic,2026-09-15T15:14:47+00:00
1176782,44137960,Jonathan Mingo,WR,DAL,3000,68,None,False,ByeWeek,WAS @ DAL,2026-09-20 20:25:00+00:00,jonathan mingo,1,3000,clear,153427,Classic,2026-09-15T15:14:47+00:00
1177053,44137458,Zay Flowers,WR,BAL,6700,68,Q,False,ByeWeek,NO @ BAL,2026-09-20 17:00:00+00:00,zay flowers,1,6700,questionable,153427,Classic,2026-09-15T15:14:47+00:00
1177970,44137832,Xavier Gipson,WR,PHI,3000,68,None,False,ByeWeek,PHI @ TEN,2026-09-20 17:00:00+00:00,xavier gipson,1,3000,clear,153427,Classic,2026-09-15T15:14:47+00:00
1178741,44137480,Drake London,WR,ATL,6000,68,None,False,ByeWeek,CAR @ ATL,2026-09-20 17:00:00+00:00,drake london,1,6000,clear,153427,Classic,2026-09-15T15:14:47+00:00
1179790,44138290,Luke Musgrave,TE,GB,2500,69,OUT,False,ByeWeek,GB @ NYJ,2026-09-20 17:00:00+00:00,luke musgrave,1,2500,out,153427,Classic,2026-09-15T15:14:47+00:00
1180294,44138218,Hayden Rucci,TE,JAX,2500,69,None,False,ByeWeek,JAX @ DEN,2026-09-20 20:05:00+00:00,hayden rucci,1,2500,clear,153427,Classic,2026-09-15T15:14:47+00:00
1180321,44137648,Xavier Legette,WR,CAR,3400,68,None,False,ByeWeek,CAR @ ATL,2026-09-20 17:00:00+00:00,xavier legette,1,3400,clear,153427,Classic,2026-09-15T15:14:47+00:00
1180329,44137992,Dalen Cambre,WR,NYG,3000,68,None,False,ByeWeek,NYG @ LAR,2026-09-22 00:15:00+00:00,dalen cambre,1,3000,clear,153427,Classic,2026-09-15T15:14:47+00:00
1180557,44137816,Kyrese Rowan,WR,NO,3000,68,None,False,ByeWeek,NO @ BAL,2026-09-20 17:00:00+00:00,kyrese rowan,1,3000,clear,153427,Classic,2026-09-15T15:14:47+00:00
1180625,44137176,George Holani,RB,SEA,4500,67,None,False,ByeWeek,SEA @ ARI,2026-09-20 20:25:00+00:00,george holani,1,4500,clear,153427,Classic,2026-09-15T15:14:47+00:00
1181739,44138370,William Wagner,TE,CIN,2500,69,None,False,ByeWeek,CIN @ HOU,2026-09-20 17:00:00+00:00,william wagner,1,2500,clear,153427,Classic,2026-09-15T15:14:47+00:00
1181861,44137716,Jacob Cowing,WR,SF,3000,68,None,False,ByeWeek,MIA @ SF,2026-09-20 20:25:00+00:00,jacob cowing,1,3000,clear,153427,Classic,2026-09-15T15:14:47+00:00
1181874,44138040,Tucker Kraft,TE,GB,4900,69,None,False,ByeWeek,GB @ NYJ,2026-09-20 17:00:00+00:00,tucker kraft,1,4900,clear,153427,Classic,2026-09-15T15:14:47+00:00
1182649,44138396,Jackson Hawes,TE,BUF,2500,69,None,False,ByeWeek,DET @ BUF,2026-09-18 00:15:00+00:00,jackson hawes,1,2500,clear,153427,Classic,2026-09-15T15:14:47+00:00
1182695,44137814,Mason Tipton,WR,NO,3000,68,OUT,False,ByeWeek,NO @ BAL,2026-09-20 17:00:00+00:00,mason tipton,1,3000,out,153427,Classic,2026-09-15T15:14:47+00:00
1183008,44137918,Jeremiah Webb,WR,NE,3000,68,IR,False,ByeWeek,PIT @ NE,2026-09-20 17:00:00+00:00,jeremiah webb,1,3000,out,153427,Classic,2026-09-15T15:14:47+00:00
1191186,44137124,Jacory Croskey-Merritt,RB,WAS,5500,67,None,False,ByeWeek,WAS @ DAL,2026-09-20 20:25:00+00:00,jacory croskey merritt,1,5500,clear,153427,Classic,2026-09-15T15:14:47+00:00
1212622,44138312,Carson Towt,TE,IND,2500,69,IR,False,ByeWeek,IND @ KC,2026-09-21 00:20:00+00:00,carson towt,1,2500,out,153427,Classic,2026-09-15T15:14:47+00:00
1213257,44136984,Bryce Young,QB,CAR,5400,66,None,False,ByeWeek,CAR @ ATL,2026-09-20 17:00:00+00:00,bryce young,0,5400,clear,153427,Classic,2026-09-15T15:14:47+00:00
1213340,44137019,Carson Beck,QB,ARI,4000,66,None,False,ByeWeek,SEA @ ARI,2026-09-20 20:25:00+00:00,carson beck,0,4000,clear,153427,Classic,2026-09-15T15:14:47+00:00
1213345,44137412,Kendall Milton,RB,CIN,4000,67,None,False,ByeWeek,CIN @ HOU,2026-09-20 17:00:00+00:00,kendall milton,1,4000,clear,153427,Classic,2026-09-15T15:14:47+00:00
1213362,44137582,Kayshon Boutte,WR,HOU,4000,68,None,False,ByeWeek,CIN @ HOU,2026-09-20 17:00:00+00:00,kayshon boutte,1,4000,clear,153427,Classic,2026-09-15T15:14:47+00:00
1213386,44137017,Brady Cook,QB,MIA,4000,66,None,False,ByeWeek,MIA @ SF,2026-09-20 20:25:00+00:00,brady cook,0,4000,clear,153427,Classic,2026-09-15T15:14:47+00:00
1213388,44138030,Ja'Mori Maclin,WR,BUF,3000,68,None,False,ByeWeek,DET @ BUF,2026-09-18 00:15:00+00:00,jamori maclin,1,3000,clear,153427,Classic,2026-09-15T15:14:47+00:00
1213414,44137134,MarShawn Lloyd,RB,GB,5300,67,None,False,ByeWeek,GB @ NYJ,2026-09-20 17:00:00+00:00,marshawn lloyd,1,5300,clear,153427,Classic,2026-09-15T15:14:47+00:00
1213442,44137890,Jimmy Holiday,WR,KC,3000,68,IR,False,ByeWeek,IND @ KC,2026-09-21 00:20:00+00:00,jimmy holiday,1,3000,out,153427,Classic,2026-09-15T15:14:47+00:00
1213478,44137352,Chip Trayanum,RB,NYJ,4000,67,IR,False,ByeWeek,GB @ NYJ,2026-09-20 17:00:00+00:00,chip trayanum,1,4000,out,153427,Classic,2026-09-15T15:14:47+00:00
1213486,44137830,Johnny Wilson,WR,PHI,3000,68,IR,False,ByeWeek,PHI @ TEN,2026-09-20 17:00:00+00:00,johnny wilson,1,3000,out,153427,Classic,2026-09-15T15:14:47+00:00
1213636,44137638,Xavier Hutchinson,WR,HOU,3500,68,None,False,ByeWeek,CIN @ HOU,2026-09-20 17:00:00+00:00,xavier hutchinson,1,3500,clear,153427,Classic,2026-09-15T15:14:47+00:00
1213726,44137552,Jalen McMillan,WR,TB,4400,68,Q,False,ByeWeek,CLE @ TB,2026-09-20 17:00:00+00:00,jalen mcmillan,1,4400,questionable,153427,Classic,2026-09-15T15:14:47+00:00
1213727,44137500,Rome Odunze,WR,CHI,5500,68,None,False,ByeWeek,MIN @ CHI,2026-09-20 17:00:00+00:00,rome odunze,1,5500,clear,153427,Classic,2026-09-15T15:14:47+00:00
1213730,44138288,Mark Redman,TE,GB,2500,69,None,False,ByeWeek,GB @ NYJ,2026-09-20 17:00:00+00:00,mark redman,1,2500,clear,153427,Classic,2026-09-15T15:14:47+00:00
1213782,44137046,Will Howard,QB,PIT,4000,66,None,False,ByeWeek,PIT @ NE,2026-09-20 17:00:00+00:00,will howard,0,4000,clear,153427,Classic,2026-09-15T15:14:47+00:00
1213794,44137206,Seth McGowan,RB,IND,4300,67,None,False,ByeWeek,IND @ KC,2026-09-21 00:20:00+00:00,seth mcgowan,1,4300,clear,153427,Classic,2026-09-15T15:14:47+00:00
1213799,44137612,Marvin Mims Jr.,WR,DEN,3700,68,None,False,ByeWeek,JAX @ DEN,2026-09-20 20:05:00+00:00,marvin mims,1,3700,clear,153427,Classic,2026-09-15T15:14:47+00:00
1213865,44137520,Quentin Johnston,WR,LAC,5000,68,None,False,ByeWeek,LV @ LAC,2026-09-20 20:05:00+00:00,quentin johnston,1,5000,clear,153427,Classic,2026-09-15T15:14:47+00:00
1213867,44137178,Kendre Miller,RB,NO,4500,67,None,False,ByeWeek,NO @ BAL,2026-09-20 17:00:00+00:00,kendre miller,1,4500,clear,153427,Classic,2026-09-15T15:14:47+00:00
1213872,44137880,Savion Williams,WR,GB,3000,68,IR,False,ByeWeek,GB @ NYJ,2026-09-20 17:00:00+00:00,savion williams,1,3000,out,153427,Classic,2026-09-15T15:14:47+00:00
1213897,44137932,Garrett Greene,WR,TB,3000,68,None,False,ByeWeek,CLE @ TB,2026-09-20 17:00:00+00:00,garrett greene,1,3000,clear,153427,Classic,2026-09-15T15:14:47+00:00
1213928,44137021,DJ Uiagalelei,QB,LAC,4000,66,None,False,ByeWeek,LV @ LAC,2026-09-20 20:05:00+00:00,dj uiagalelei,0,4000,clear,153427,Classic,2026-09-15T15:14:47+00:00
1214003,44138212,Nate Boerkircher,TE,JAX,2500,69,None,False,ByeWeek,JAX @ DEN,2026-09-20 20:05:00+00:00,nate boerkircher,1,2500,clear,153427,Classic,2026-09-15T15:14:47+00:00
1214084,44136981,C.J. Stroud,QB,HOU,5500,66,None,False,ByeWeek,CIN @ HOU,2026-09-20 17:00:00+00:00,c j stroud,0,5500,clear,153427,Classic,2026-09-15T15:14:47+00:00
1214087,44137440,Jaxon Smith-Njigba,WR,SEA,8100,68,None,False,ByeWeek,SEA @ ARI,2026-09-20 20:25:00+00:00,jaxon smith njigba,1,8100,clear,153427,Classic,2026-09-15T15:14:47+00:00
1214132,44137366,Nate Carter,RB,KC,4000,67,None,False,ByeWeek,IND @ KC,2026-09-21 00:20:00+00:00,nate carter,1,4000,clear,153427,Classic,2026-09-15T15:14:47+00:00
1214154,44137072,Jahmyr Gibbs,RB,DET,8500,67,None,False,ByeWeek,DET @ BUF,2026-09-18 00:15:00+00:00,jahmyr gibbs,1,8500,clear,153427,Classic,2026-09-15T15:14:47+00:00
1214183,44137836,Xavier Restrepo,WR,TEN,3000,68,None,False,ByeWeek,PHI @ TEN,2026-09-20 17:00:00+00:00,xavier restrepo,1,3000,clear,153427,Classic,2026-09-15T15:14:47+00:00
1214249,44137404,Israel Abanikanda,RB,DAL,4000,67,None,False,ByeWeek,WAS @ DAL,2026-09-20 20:25:00+00:00,israel abanikanda,1,4000,clear,153427,Classic,2026-09-15T15:14:47+00:00
1214250,44137514,Jordan Addison,WR,MIN,5100,68,None,False,ByeWeek,MIN @ CHI,2026-09-20 17:00:00+00:00,jordan addison,1,5100,clear,153427,Classic,2026-09-15T15:14:47+00:00
1214289,44137340,Ahmani Marshall,RB,CAR,4000,67,None,False,ByeWeek,CAR @ ATL,2026-09-20 17:00:00+00:00,ahmani marshall,1,4000,clear,153427,Classic,2026-09-15T15:14:47+00:00
1214336,44137038,Haynes King,QB,CAR,4000,66,None,False,ByeWeek,CAR @ ATL,2026-09-20 17:00:00+00:00,haynes king,0,4000,clear,153427,Classic,2026-09-15T15:14:47+00:00
1214405,44137654,KeAndre Lambert-Smith,WR,LAC,3300,68,D,False,ByeWeek,LV @ LAC,2026-09-20 20:05:00+00:00,keandre lambert smith,1,3300,doubtful,153427,Classic,2026-09-15T15:14:47+00:00
1214414,44138134,Theo Johnson,TE,NYG,2600,69,None,False,ByeWeek,NYG @ LAR,2026-09-22 00:15:00+00:00,theo johnson,1,2600,clear,153427,Classic,2026-09-15T15:14:47+00:00
1214633,44137578,Tre' Harris,WR,LAC,4000,68,None,False,ByeWeek,LV @ LAC,2026-09-20 20:05:00+00:00,tre harris,1,4000,clear,153427,Classic,2026-09-15T15:14:47+00:00
1214689,44137952,Jaylin Lane,WR,WAS,3000,68,None,False,ByeWeek,WAS @ DAL,2026-09-20 20:25:00+00:00,jaylin lane,1,3000,clear,153427,Classic,2026-09-15T15:14:47+00:00
1214733,44137782,Corey Rucker,WR,LV,3000,68,IR,False,ByeWeek,LV @ LAC,2026-09-20 20:05:00+00:00,corey rucker,1,3000,out,153427,Classic,2026-09-15T15:14:47+00:00
1214824,44137198,Kimani Vidal,RB,LAC,4300,67,None,False,ByeWeek,LV @ LAC,2026-09-20 20:05:00+00:00,kimani vidal,1,4300,clear,153427,Classic,2026-09-15T15:14:47+00:00
1214837,44137924,Tez Johnson,WR,TB,3000,68,None,False,ByeWeek,CLE @ TB,2026-09-20 17:00:00+00:00,tez johnson,1,3000,clear,153427,Classic,2026-09-15T15:14:47+00:00
1215022,44137007,Anthony Richardson Sr.,QB,IND,4000,66,None,False,ByeWeek,IND @ KC,2026-09-21 00:20:00+00:00,anthony richardson,0,4000,clear,153427,Classic,2026-09-15T15:14:47+00:00
1215035,44137164,Tank Bigsby,RB,PHI,4700,67,None,False,ByeWeek,PHI @ TEN,2026-09-20 17:00:00+00:00,tank bigsby,1,4700,clear,153427,Classic,2026-09-15T15:14:47+00:00
1215077,44137504,Josh Downs,WR,IND,5400,68,None,False,ByeWeek,IND @ KC,2026-09-21 00:20:00+00:00,josh downs,1,5400,clear,153427,Classic,2026-09-15T15:14:47+00:00
1215078,44138028,Stephen Gosnell,WR,BUF,3000,68,None,False,ByeWeek,DET @ BUF,2026-09-18 00:15:00+00:00,stephen gosnell,1,3000,clear,153427,Classic,2026-09-15T15:14:47+00:00
1215102,44137834,Chimere Dike,WR,TEN,3000,68,None,False,ByeWeek,PHI @ TEN,2026-09-20 17:00:00+00:00,chimere dike,1,3000,clear,153427,Classic,2026-09-15T15:14:47+00:00
1215291,44137940,Malachi Corley,WR,CLE,3000,68,None,False,ByeWeek,CLE @ TB,2026-09-20 17:00:00+00:00,malachi corley,1,3000,clear,153427,Classic,2026-09-15T15:14:47+00:00
1215305,44137986,Mitch Tinsley,WR,HOU,3000,68,None,False,ByeWeek,CIN @ HOU,2026-09-20 17:00:00+00:00,mitch tinsley,1,3000,clear,153427,Classic,2026-09-15T15:14:47+00:00
1215306,44137420,Noah Whittington,RB,HOU,4000,67,None,False,ByeWeek,CIN @ HOU,2026-09-20 17:00:00+00:00,noah whittington,1,4000,clear,153427,Classic,2026-09-15T15:14:47+00:00
1215329,44137740,Will Sheppard,WR,MIA,3000,68,None,False,ByeWeek,MIA @ SF,2026-09-20 20:25:00+00:00,will sheppard,1,3000,clear,153427,Classic,2026-09-15T15:14:47+00:00
1215379,44137806,Xavier Guillory,WR,BAL,3000,68,None,False,ByeWeek,NO @ BAL,2026-09-20 17:00:00+00:00,xavier guillory,1,3000,clear,153427,Classic,2026-09-15T15:14:47+00:00
1215658,44137386,Lan Larison,RB,NE,4000,67,None,False,ByeWeek,PIT @ NE,2026-09-20 17:00:00+00:00,lan larison,1,4000,clear,153427,Classic,2026-09-15T15:14:47+00:00
1215772,44137174,Kaelon Black,RB,SF,4500,67,None,False,ByeWeek,MIA @ SF,2026-09-20 20:25:00+00:00,kaelon black,1,4500,clear,153427,Classic,2026-09-15T15:14:47+00:00
1215789,44137860,Antwane Wells Jr.,WR,ATL,3000,68,None,False,ByeWeek,CAR @ ATL,2026-09-20 17:00:00+00:00,antwane wells,1,3000,clear,153427,Classic,2026-09-15T15:14:47+00:00
1215974,44137290,Chris Collier,RB,LV,4000,67,IR,False,ByeWeek,LV @ LAC,2026-09-20 20:05:00+00:00,chris collier,1,4000,out,153427,Classic,2026-09-15T15:14:47+00:00
1216288,44137684,Efton Chism III,WR,NE,3100,68,None,False,ByeWeek,PIT @ NE,2026-09-20 17:00:00+00:00,efton chism,1,3100,clear,153427,Classic,2026-09-15T15:14:47+00:00
1216808,44138150,Ben Yurosek,TE,MIN,2500,69,IR,False,ByeWeek,MIN @ CHI,2026-09-20 17:00:00+00:00,ben yurosek,1,2500,out,153427,Classic,2026-09-15T15:14:47+00:00
1217021,44137914,Max Hurleman,WR,PIT,3000,68,None,False,ByeWeek,PIT @ NE,2026-09-20 17:00:00+00:00,max hurleman,1,3000,clear,153427,Classic,2026-09-15T15:14:47+00:00
1218643,44137472,Ladd McConkey,WR,LAC,6200,68,Q,False,ByeWeek,LV @ LAC,2026-09-20 20:05:00+00:00,ladd mcconkey,1,6200,questionable,153427,Classic,2026-09-15T15:14:47+00:00
1218653,44137866,Arian Smith,WR,NYJ,3000,68,None,False,ByeWeek,GB @ NYJ,2026-09-20 17:00:00+00:00,arian smith,1,3000,clear,153427,Classic,2026-09-15T15:14:47+00:00
1218658,44138112,Darnell Washington,TE,PIT,2900,69,None,False,ByeWeek,PIT @ NE,2026-09-20 17:00:00+00:00,darnell washington,1,2900,clear,153427,Classic,2026-09-15T15:14:47+00:00
1218753,44137518,Jalen Coker,WR,CAR,5100,68,Q,False,ByeWeek,CAR @ ATL,2026-09-20 17:00:00+00:00,jalen coker,1,5100,questionable,153427,Classic,2026-09-15T15:14:47+00:00
1222614,44137966,Anthony Smith,WR,DAL,3000,68,None,False,ByeWeek,WAS @ DAL,2026-09-20 20:25:00+00:00,anthony smith,1,3000,clear,153427,Classic,2026-09-15T15:14:47+00:00
1222789,44137168,Keaton Mitchell,RB,LAC,4600,67,None,False,ByeWeek,LV @ LAC,2026-09-20 20:05:00+00:00,keaton mitchell,1,4600,clear,153427,Classic,2026-09-15T15:14:47+00:00
1222835,44137718,Jordan Watkins,WR,SF,3000,68,None,False,ByeWeek,MIA @ SF,2026-09-20 20:25:00+00:00,jordan watkins,1,3000,clear,153427,Classic,2026-09-15T15:14:47+00:00
1223301,44137754,Jalen Brooks,WR,ARI,3000,68,None,False,ByeWeek,SEA @ ARI,2026-09-20 20:25:00+00:00,jalen brooks,1,3000,clear,153427,Classic,2026-09-15T15:14:47+00:00
1223318,44137826,Darius Cooper,WR,PHI,3000,68,None,False,ByeWeek,PHI @ TEN,2026-09-20 17:00:00+00:00,darius cooper,1,3000,clear,153427,Classic,2026-09-15T15:14:47+00:00
1223393,44137668,Tory Horton,WR,SEA,3200,68,Q,False,ByeWeek,SEA @ ARI,2026-09-20 20:25:00+00:00,tory horton,1,3200,questionable,153427,Classic,2026-09-15T15:14:47+00:00
1225681,44137050,Jalon Daniels,QB,TB,4000,66,None,False,ByeWeek,CLE @ TB,2026-09-20 17:00:00+00:00,jalon daniels,0,4000,clear,153427,Classic,2026-09-15T15:14:47+00:00
1226616,44138004,CJ Daniels,WR,LAR,3000,68,None,False,ByeWeek,NYG @ LAR,2026-09-22 00:15:00+00:00,cj daniels,1,3000,clear,153427,Classic,2026-09-15T15:14:47+00:00
1226657,44137704,Trayvon Rudolph,WR,MIN,3000,68,None,False,ByeWeek,MIN @ CHI,2026-09-20 17:00:00+00:00,trayvon rudolph,1,3000,clear,153427,Classic,2026-09-15T15:14:47+00:00
1227157,44137626,Kyle Williams,WR,NE,3600,68,None,False,ByeWeek,PIT @ NE,2026-09-20 17:00:00+00:00,kyle williams,1,3600,clear,153427,Classic,2026-09-15T15:14:47+00:00
1228244,44137074,Bijan Robinson,RB,ATL,8200,67,None,False,ByeWeek,CAR @ ATL,2026-09-20 17:00:00+00:00,bijan robinson,1,8200,clear,153427,Classic,2026-09-15T15:14:47+00:00
1228551,44138294,Drake Dabney,TE,GB,2500,69,None,False,ByeWeek,GB @ NYJ,2026-09-20 17:00:00+00:00,drake dabney,1,2500,clear,153427,Classic,2026-09-15T15:14:47+00:00
1228631,44137798,Trebor Pena,WR,JAX,3000,68,None,False,ByeWeek,JAX @ DEN,2026-09-20 20:05:00+00:00,trebor pena,1,3000,clear,153427,Classic,2026-09-15T15:14:47+00:00
1228633,44137188,Sean Tucker,RB,TB,4400,67,Q,False,ByeWeek,CLE @ TB,2026-09-20 17:00:00+00:00,sean tucker,1,4400,questionable,153427,Classic,2026-09-15T15:14:47+00:00
1228691,44136993,Cam Ward,QB,TEN,4900,66,None,False,ByeWeek,PHI @ TEN,2026-09-20 17:00:00+00:00,cam ward,0,4900,clear,153427,Classic,2026-09-15T15:14:47+00:00
1228728,44137700,Myles Price,WR,MIN,3000,68,None,False,ByeWeek,MIN @ CHI,2026-09-20 17:00:00+00:00,myles price,1,3000,clear,153427,Classic,2026-09-15T15:14:47+00:00
1228730,44137410,Tahj Brooks,RB,CIN,4000,67,None,False,ByeWeek,CIN @ HOU,2026-09-20 17:00:00+00:00,tahj brooks,1,4000,clear,153427,Classic,2026-09-15T15:14:47+00:00
1228920,44138114,Ben Sinnott,TE,WAS,2900,69,None,False,ByeWeek,WAS @ DAL,2026-09-20 20:25:00+00:00,ben sinnott,1,2900,clear,153427,Classic,2026-09-15T15:14:47+00:00
1229055,44137414,Kentrel Bullock,RB,CIN,4000,67,None,False,ByeWeek,CIN @ HOU,2026-09-20 17:00:00+00:00,kentrel bullock,1,4000,clear,153427,Classic,2026-09-15T15:14:47+00:00
1229074,44137484,Parker Washington,WR,JAX,5900,68,None,False,ByeWeek,JAX @ DEN,2026-09-20 20:05:00+00:00,parker washington,1,5900,clear,153427,Classic,2026-09-15T15:14:47+00:00
1229083,44138036,Tyler Warren,TE,IND,5200,69,None,False,ByeWeek,IND @ KC,2026-09-21 00:20:00+00:00,tyler warren,1,5200,clear,153427,Classic,2026-09-15T15:14:47+00:00
1229133,44137308,Rasheen Ali,RB,BAL,4000,67,None,False,ByeWeek,NO @ BAL,2026-09-20 17:00:00+00:00,rasheen ali,1,4000,clear,153427,Classic,2026-09-15T15:14:47+00:00
1229343,44137150,Rachaad White,RB,WAS,5000,67,None,False,ByeWeek,WAS @ DAL,2026-09-20 20:25:00+00:00,rachaad white,1,5000,clear,153427,Classic,2026-09-15T15:14:47+00:00
1229386,44138006,Brennan Presley,WR,LAR,3000,68,None,False,ByeWeek,NYG @ LAR,2026-09-22 00:15:00+00:00,brennan presley,1,3000,clear,153427,Classic,2026-09-15T15:14:47+00:00
1229489,44138192,Tip Reiman,TE,ARI,2500,69,OUT,False,ByeWeek,SEA @ ARI,2026-09-20 20:25:00+00:00,tip reiman,1,2500,out,153427,Classic,2026-09-15T15:14:47+00:00
1229503,44138086,AJ Barner,TE,SEA,3300,69,None,False,ByeWeek,SEA @ ARI,2026-09-20 20:25:00+00:00,aj barner,1,3300,clear,153427,Classic,2026-09-15T15:14:47+00:00
1229540,44137156,Blake Corum,RB,LAR,4900,67,None,False,ByeWeek,NYG @ LAR,2026-09-22 00:15:00+00:00,blake corum,1,4900,clear,153427,Classic,2026-09-15T15:14:47+00:00
1229542,44138388,Dan Villari,TE,LAR,2500,69,None,False,ByeWeek,NYG @ LAR,2026-09-22 00:15:00+00:00,dan villari,1,2500,clear,153427,Classic,2026-09-15T15:14:47+00:00
1229669,44137674,Roman Wilson,WR,PIT,3200,68,None,False,ByeWeek,PIT @ NE,2026-09-20 17:00:00+00:00,roman wilson,1,3200,clear,153427,Classic,2026-09-15T15:14:47+00:00
1229673,44137330,Kalel Mullings,RB,TEN,4000,67,None,False,ByeWeek,PHI @ TEN,2026-09-20 17:00:00+00:00,kalel mullings,1,4000,clear,153427,Classic,2026-09-15T15:14:47+00:00
1229693,44138232,Matt Hibner,TE,BAL,2500,69,None,False,ByeWeek,NO @ BAL,2026-09-20 17:00:00+00:00,matt hibner,1,2500,clear,153427,Classic,2026-09-15T15:14:47+00:00
1229749,44138210,Patrick Gurd,TE,LV,2500,69,None,False,ByeWeek,LV @ LAC,2026-09-20 20:05:00+00:00,patrick gurd,1,2500,clear,153427,Classic,2026-09-15T15:14:47+00:00
1229756,44138344,Joe Royer,TE,CLE,2500,69,OUT,False,ByeWeek,CLE @ TB,2026-09-20 17:00:00+00:00,joe royer,1,2500,out,153427,Classic,2026-09-15T15:14:47+00:00
1229846,44137748,Ricky White III,WR,SEA,3000,68,None,False,ByeWeek,SEA @ ARI,2026-09-20 20:25:00+00:00,ricky white,1,3000,clear,153427,Classic,2026-09-15T15:14:47+00:00
1229869,44137742,Montorie Foster Jr.,WR,SEA,3000,68,None,False,ByeWeek,SEA @ ARI,2026-09-20 20:25:00+00:00,montorie foster,1,3000,clear,153427,Classic,2026-09-15T15:14:47+00:00
1231033,44137682,LaJohntay Wester,WR,BAL,3100,68,None,False,ByeWeek,NO @ BAL,2026-09-20 17:00:00+00:00,lajohntay wester,1,3100,clear,153427,Classic,2026-09-15T15:14:47+00:00
1231431,44138224,Caleb Lohner,TE,DEN,2500,69,IR,False,ByeWeek,JAX @ DEN,2026-09-20 20:05:00+00:00,caleb lohner,1,2500,out,153427,Classic,2026-09-15T15:14:47+00:00
1231652,44137184,Woody Marks,RB,HOU,4500,67,None,False,ByeWeek,CIN @ HOU,2026-09-20 17:00:00+00:00,woody marks,1,4500,clear,153427,Classic,2026-09-15T15:14:47+00:00
1231820,44137088,De'Von Achane,RB,MIA,6700,67,None,False,ByeWeek,MIA @ SF,2026-09-20 20:25:00+00:00,devon achane,1,6700,clear,153427,Classic,2026-09-15T15:14:47+00:00
1232057,44137972,Ke'Shawn Williams,WR,CIN,3000,68,None,False,ByeWeek,CIN @ HOU,2026-09-20 17:00:00+00:00,keshawn williams,1,3000,clear,153427,Classic,2026-09-15T15:14:47+00:00
1232592,44138074,Michael Mayer,TE,LV,3600,69,None,False,ByeWeek,LV @ LAC,2026-09-20 20:05:00+00:00,michael mayer,1,3600,clear,153427,Classic,2026-09-15T15:14:47+00:00
1232892,44137998,Jalin Hyatt,WR,NYG,3000,68,None,False,ByeWeek,NYG @ LAR,2026-09-22 00:15:00+00:00,jalin hyatt,1,3000,clear,153427,Classic,2026-09-15T15:14:47+00:00
1232898,44137436,Jabari Small,RB,DET,4000,67,None,False,ByeWeek,DET @ BUF,2026-09-18 00:15:00+00:00,jabari small,1,4000,clear,153427,Classic,2026-09-15T15:14:47+00:00
1233127,44137438,Frank Gore Jr.,RB,BUF,4000,67,None,False,ByeWeek,DET @ BUF,2026-09-18 00:15:00+00:00,frank gore,1,4000,clear,153427,Classic,2026-09-15T15:14:47+00:00
1233297,44137370,Anderson Castle,RB,IND,4000,67,None,False,ByeWeek,IND @ KC,2026-09-21 00:20:00+00:00,anderson castle,1,4000,clear,153427,Classic,2026-09-15T15:14:47+00:00
1244224,44137378,Riley Nowakowski,RB,PIT,4000,67,None,False,ByeWeek,PIT @ NE,2026-09-20 17:00:00+00:00,riley nowakowski,1,4000,clear,153427,Classic,2026-09-15T15:14:47+00:00
1247543,44138384,Ben Mann,TE,NYG,2500,69,None,False,ByeWeek,NYG @ LAR,2026-09-22 00:15:00+00:00,ben mann,1,2500,clear,153427,Classic,2026-09-15T15:14:47+00:00
1248031,44137276,Trey Benson,RB,ARI,4000,67,IR,False,ByeWeek,SEA @ ARI,2026-09-20 20:25:00+00:00,trey benson,1,4000,out,153427,Classic,2026-09-15T15:14:47+00:00
1250886,44137130,Kyle Monangai,RB,CHI,5300,67,None,False,ByeWeek,MIN @ CHI,2026-09-20 17:00:00+00:00,kyle monangai,1,5300,clear,153427,Classic,2026-09-15T15:14:47+00:00
1251513,44138152,Cam Grandy,TE,MIN,2500,69,None,False,ByeWeek,MIN @ CHI,2026-09-20 17:00:00+00:00,cam grandy,1,2500,clear,153427,Classic,2026-09-15T15:14:47+00:00
1270459,44137358,Damon Bankston,RB,GB,4000,67,None,False,ByeWeek,GB @ NYJ,2026-09-20 17:00:00+00:00,damon bankston,1,4000,clear,153427,Classic,2026-09-15T15:14:47+00:00
1271545,44137063,Mark Gronowski,QB,HOU,4000,66,None,False,ByeWeek,CIN @ HOU,2026-09-20 17:00:00+00:00,mark gronowski,0,4000,clear,153427,Classic,2026-09-15T15:14:47+00:00
1271609,44137348,Isaiah Davis,RB,NYJ,4000,67,None,False,ByeWeek,GB @ NYJ,2026-09-20 17:00:00+00:00,isaiah davis,1,4000,clear,153427,Classic,2026-09-15T15:14:47+00:00
1271738,44137394,Jaleel McLaughlin,RB,CLE,4000,67,None,False,ByeWeek,CLE @ TB,2026-09-20 17:00:00+00:00,jaleel mclaughlin,1,4000,clear,153427,Classic,2026-09-15T15:14:47+00:00
1271740,44138308,Drew Ogletree,TE,IND,2500,69,None,False,ByeWeek,IND @ KC,2026-09-21 00:20:00+00:00,drew ogletree,1,2500,clear,153427,Classic,2026-09-15T15:14:47+00:00
1272321,44137000,Shedeur Sanders,QB,CLE,4500,66,None,False,ByeWeek,CLE @ TB,2026-09-20 17:00:00+00:00,shedeur sanders,0,4500,clear,153427,Classic,2026-09-15T15:14:47+00:00
1272873,44137708,Michael Briscoe,WR,MIN,3000,68,None,False,ByeWeek,MIN @ CHI,2026-09-20 17:00:00+00:00,michael briscoe,1,3000,clear,153427,Classic,2026-09-15T15:14:47+00:00
1274492,44137982,Jayden Higgins,WR,HOU,3000,68,IR,False,ByeWeek,CIN @ HOU,2026-09-20 17:00:00+00:00,jayden higgins,1,3000,out,153427,Classic,2026-09-15T15:14:47+00:00
1277914,44137646,Devontez Walker,WR,BAL,3400,68,Q,False,ByeWeek,NO @ BAL,2026-09-20 17:00:00+00:00,devontez walker,1,3400,questionable,153427,Classic,2026-09-15T15:14:47+00:00
1277947,44137300,J'Mari Taylor,RB,JAX,4000,67,None,False,ByeWeek,JAX @ DEN,2026-09-20 20:05:00+00:00,jmari taylor,1,4000,clear,153427,Classic,2026-09-15T15:14:47+00:00
1280316,44137114,Cam Skattebo,RB,NYG,5900,67,None,False,ByeWeek,NYG @ LAR,2026-09-22 00:15:00+00:00,cam skattebo,1,5900,clear,153427,Classic,2026-09-15T15:14:47+00:00
1284247,44138328,Shane Zylstra,TE,NE,2500,69,None,False,ByeWeek,PIT @ NE,2026-09-20 17:00:00+00:00,shane zylstra,1,2500,clear,153427,Classic,2026-09-15T15:14:47+00:00
1285895,44137392,Raheim Sanders,RB,CLE,4000,67,None,False,ByeWeek,CLE @ TB,2026-09-20 17:00:00+00:00,raheim sanders,1,4000,clear,153427,Classic,2026-09-15T15:14:47+00:00
1285908,44137580,Adonai Mitchell,WR,NYJ,4000,68,None,False,ByeWeek,GB @ NYJ,2026-09-20 17:00:00+00:00,adonai mitchell,1,4000,clear,153427,Classic,2026-09-15T15:14:47+00:00
1285915,44138392,Jackson Meeks,TE,DET,2500,69,None,False,ByeWeek,DET @ BUF,2026-09-18 00:15:00+00:00,jackson meeks,1,2500,clear,153427,Classic,2026-09-15T15:14:47+00:00
1285917,44138034,Brock Bowers,TE,LV,6600,69,Q,False,ByeWeek,LV @ LAC,2026-09-20 20:05:00+00:00,brock bowers,1,6600,questionable,153427,Classic,2026-09-15T15:14:47+00:00
1285958,44137264,Robbie Ouzts,RB,SEA,4000,67,IR,False,ByeWeek,SEA @ ARI,2026-09-20 20:25:00+00:00,robbie ouzts,1,4000,out,153427,Classic,2026-09-15T15:14:47+00:00
1286037,44137044,Garrett Nussmeier,QB,KC,4000,66,OUT,False,ByeWeek,IND @ KC,2026-09-21 00:20:00+00:00,garrett nussmeier,0,4000,out,153427,Classic,2026-09-15T15:14:47+00:00
1286046,44137622,Jack Bech,WR,LV,3600,68,None,False,ByeWeek,LV @ LAC,2026-09-20 20:05:00+00:00,jack bech,1,3600,clear,153427,Classic,2026-09-15T15:14:47+00:00
1286048,44137884,Chris Hilton Jr.,WR,GB,3000,68,None,False,ByeWeek,GB @ NYJ,2026-09-20 17:00:00+00:00,chris hilton,1,3000,clear,153427,Classic,2026-09-15T15:14:47+00:00
1286050,44137218,Corey Kiner,RB,NE,4200,67,None,False,ByeWeek,PIT @ NE,2026-09-20 17:00:00+00:00,corey kiner,1,4200,clear,153427,Classic,2026-09-15T15:14:47+00:00
1286059,44137462,Malik Nabers,WR,NYG,6500,68,None,False,ByeWeek,NYG @ LAR,2026-09-22 00:15:00+00:00,malik nabers,1,6500,clear,153427,Classic,2026-09-15T15:14:47+00:00
1286064,44137530,Brian Thomas Jr.,WR,JAX,4800,68,Q,False,ByeWeek,JAX @ DEN,2026-09-20 20:05:00+00:00,brian thomas,1,4800,questionable,153427,Classic,2026-09-15T15:14:47+00:00
1286065,44138256,Eli Stowers,TE,PHI,2500,69,IR,False,ByeWeek,PHI @ TEN,2026-09-20 17:00:00+00:00,eli stowers,1,2500,out,153427,Classic,2026-09-15T15:14:47+00:00
1286164,44137778,Dont'e Thornton Jr.,WR,LV,3000,68,IR,False,ByeWeek,LV @ LAC,2026-09-20 20:05:00+00:00,donte thornton,1,3000,out,153427,Classic,2026-09-15T15:14:47+00:00
1286173,44138244,Moliki Matavao,TE,NO,2500,69,IR,False,ByeWeek,NO @ BAL,2026-09-20 17:00:00+00:00,moliki matavao,1,2500,out,153427,Classic,2026-09-15T15:14:47+00:00
1286176,44137600,Troy Franklin,WR,DEN,3800,68,None,False,ByeWeek,JAX @ DEN,2026-09-20 20:05:00+00:00,troy franklin,1,3800,clear,153427,Classic,2026-09-15T15:14:47+00:00
1286179,44138132,Terrance Ferguson,TE,LAR,2700,69,None,False,ByeWeek,NYG @ LAR,2026-09-22 00:15:00+00:00,terrance ferguson,1,2700,clear,153427,Classic,2026-09-15T15:14:47+00:00
1286214,44137069,Luke Altmyer,QB,DET,4000,66,None,False,ByeWeek,DET @ BUF,2026-09-18 00:15:00+00:00,luke altmyer,0,4000,clear,153427,Classic,2026-09-15T15:14:47+00:00
1286260,44136978,Jaxson Dart,QB,NYG,5800,66,None,False,ByeWeek,NYG @ LAR,2026-09-22 00:15:00+00:00,jaxson dart,0,5800,clear,153427,Classic,2026-09-15T15:14:47+00:00
1286262,44137013,Miller Moss,QB,CHI,4000,66,None,False,ByeWeek,MIN @ CHI,2026-09-20 17:00:00+00:00,miller moss,0,4000,clear,153427,Classic,2026-09-15T15:14:47+00:00
1286282,44138320,Lake McRee,TE,PIT,2500,69,None,False,ByeWeek,PIT @ NE,2026-09-20 17:00:00+00:00,lake mcree,1,2500,clear,153427,Classic,2026-09-15T15:14:47+00:00
1286370,44137616,Jaylin Noel,WR,HOU,3700,68,None,False,ByeWeek,CIN @ HOU,2026-09-20 17:00:00+00:00,jaylin noel,1,3700,clear,153427,Classic,2026-09-15T15:14:47+00:00
1286388,44137049,Behren Morton,QB,NE,4000,66,None,False,ByeWeek,PIT @ NE,2026-09-20 17:00:00+00:00,behren morton,0,4000,clear,153427,Classic,2026-09-15T15:14:47+00:00
1286401,44138358,DJ Rogers,TE,DAL,2500,69,IR,False,ByeWeek,WAS @ DAL,2026-09-20 20:25:00+00:00,dj rogers,1,2500,out,153427,Classic,2026-09-15T15:14:47+00:00
1286417,44137714,JP Richardson,WR,CHI,3000,68,None,False,ByeWeek,MIN @ CHI,2026-09-20 17:00:00+00:00,jp richardson,1,3000,clear,153427,Classic,2026-09-15T15:14:47+00:00
1286438,44138098,Gunnar Helm,TE,TEN,3100,69,None,False,ByeWeek,PHI @ TEN,2026-09-20 17:00:00+00:00,gunnar helm,1,3100,clear,153427,Classic,2026-09-15T15:14:47+00:00
1286445,44136966,Caleb Williams,QB,CHI,6800,66,None,False,ByeWeek,MIN @ CHI,2026-09-20 17:00:00+00:00,caleb williams,0,6800,clear,153427,Classic,2026-09-15T15:14:47+00:00
1286480,44138018,Dominic Lovett,WR,DET,3000,68,None,False,ByeWeek,DET @ BUF,2026-09-18 00:15:00+00:00,dominic lovett,1,3000,clear,153427,Classic,2026-09-15T15:14:47+00:00
1286513,44137208,Jaylen Wright,RB,MIA,4200,67,None,False,ByeWeek,MIA @ SF,2026-09-20 20:25:00+00:00,jaylen wright,1,4200,clear,153427,Classic,2026-09-15T15:14:47+00:00
1286652,44137988,Lewis Bond,WR,HOU,3000,68,None,False,ByeWeek,CIN @ HOU,2026-09-20 17:00:00+00:00,lewis bond,1,3000,clear,153427,Classic,2026-09-15T15:14:47+00:00
1286662,44137974,Jordan Moore,WR,CIN,3000,68,None,False,ByeWeek,CIN @ HOU,2026-09-20 17:00:00+00:00,jordan moore,1,3000,clear,153427,Classic,2026-09-15T15:14:47+00:00
1286701,44137286,Gregory Desrosiers,RB,LAC,4000,67,None,False,ByeWeek,LV @ LAC,2026-09-20 20:05:00+00:00,gregory desrosiers,1,4000,clear,153427,Classic,2026-09-15T15:14:47+00:00
1286803,44136973,Drake Maye,QB,NE,6100,66,None,False,ByeWeek,PIT @ NE,2026-09-20 17:00:00+00:00,drake maye,0,6100,clear,153427,Classic,2026-09-15T15:14:47+00:00
1286818,44137528,De'Zhaun Stribling,WR,SF,4800,68,D,False,ByeWeek,MIA @ SF,2026-09-20 20:25:00+00:00,dezhaun stribling,1,4800,doubtful,153427,Classic,2026-09-15T15:14:47+00:00
1286840,44138184,Elijah Arroyo,TE,SEA,2500,69,None,False,ByeWeek,SEA @ ARI,2026-09-20 20:25:00+00:00,elijah arroyo,1,2500,clear,153427,Classic,2026-09-15T15:14:47+00:00
1286854,44137872,Malik McClain,WR,NYJ,3000,68,None,False,ByeWeek,GB @ NYJ,2026-09-20 17:00:00+00:00,malik mcclain,1,3000,clear,153427,Classic,2026-09-15T15:14:47+00:00
1287258,44138148,Gavin Bartholomew,TE,MIN,2500,69,None,False,ByeWeek,MIN @ CHI,2026-09-20 17:00:00+00:00,gavin bartholomew,1,2500,clear,153427,Classic,2026-09-15T15:14:47+00:00
1287587,44137698,Tai Felton,WR,MIN,3000,68,None,False,ByeWeek,MIN @ CHI,2026-09-20 17:00:00+00:00,tai felton,1,3000,clear,153427,Classic,2026-09-15T15:14:47+00:00
1287588,44138336,CJ Dippre,TE,TB,2500,69,None,False,ByeWeek,CLE @ TB,2026-09-20 17:00:00+00:00,cj dippre,1,2500,clear,153427,Classic,2026-09-15T15:14:47+00:00
1287599,44137003,J.J. McCarthy,QB,MIN,4300,66,None,False,ByeWeek,MIN @ CHI,2026-09-20 17:00:00+00:00,j j mccarthy,0,4300,clear,153427,Classic,2026-09-15T15:14:47+00:00
1287636,44137214,Will Shipley,RB,PHI,4200,67,None,False,ByeWeek,PHI @ TEN,2026-09-20 17:00:00+00:00,will shipley,1,4200,clear,153427,Classic,2026-09-15T15:14:47+00:00
1287639,44138298,Jake Briningstool,TE,KC,2500,69,None,False,ByeWeek,IND @ KC,2026-09-21 00:20:00+00:00,jake briningstool,1,2500,clear,153427,Classic,2026-09-15T15:14:47+00:00
1287655,44138382,Thomas Fidone II,TE,NYG,2500,69,None,False,ByeWeek,NYG @ LAR,2026-09-22 00:15:00+00:00,thomas fidone,1,2500,clear,153427,Classic,2026-09-15T15:14:47+00:00
1287705,44137858,Beaux Collins,WR,ATL,3000,68,IR,False,ByeWeek,CAR @ ATL,2026-09-20 17:00:00+00:00,beaux collins,1,3000,out,153427,Classic,2026-09-15T15:14:47+00:00
1287778,44137338,Anthony Tyus III,RB,CAR,4000,67,None,False,ByeWeek,CAR @ ATL,2026-09-20 17:00:00+00:00,anthony tyus,1,4000,clear,153427,Classic,2026-09-15T15:14:47+00:00
1287798,44137666,Deion Burks,WR,IND,3200,68,None,False,ByeWeek,IND @ KC,2026-09-21 00:20:00+00:00,deion burks,1,3200,clear,153427,Classic,2026-09-15T15:14:47+00:00
1287810,44137762,Harrison Wallace III,WR,ARI,3000,68,None,False,ByeWeek,SEA @ ARI,2026-09-20 20:25:00+00:00,harrison wallace,1,3000,clear,153427,Classic,2026-09-15T15:14:47+00:00
1287825,44137468,Emeka Egbuka,WR,TB,6400,68,None,False,ByeWeek,CLE @ TB,2026-09-20 17:00:00+00:00,emeka egbuka,1,6400,clear,153427,Classic,2026-09-15T15:14:47+00:00
1287826,44137016,Kyle McCord,QB,MIA,4000,66,None,False,ByeWeek,MIA @ SF,2026-09-20 20:25:00+00:00,kyle mccord,0,4000,clear,153427,Classic,2026-09-15T15:14:47+00:00
1287828,44137524,Marvin Harrison Jr.,WR,ARI,4900,68,None,False,ByeWeek,SEA @ ARI,2026-09-20 20:25:00+00:00,marvin harrison,1,4900,clear,153427,Classic,2026-09-15T15:14:47+00:00
1287837,44137140,TreVeyon Henderson,RB,NE,5200,67,Q,False,ByeWeek,PIT @ NE,2026-09-20 17:00:00+00:00,treveyon henderson,1,5200,questionable,153427,Classic,2026-09-15T15:14:47+00:00
1287920,44138194,Jameson Geers,TE,ARI,2500,69,IR,False,ByeWeek,SEA @ ARI,2026-09-20 20:25:00+00:00,jameson geers,1,2500,out,153427,Classic,2026-09-15T15:14:47+00:00
1287923,44137108,Bucky Irving,RB,TB,6100,67,None,False,ByeWeek,CLE @ TB,2026-09-20 17:00:00+00:00,bucky irving,1,6100,clear,153427,Classic,2026-09-15T15:14:47+00:00
1287925,44137055,Athan Kaliakmanis,QB,WAS,4000,66,None,False,ByeWeek,WAS @ DAL,2026-09-20 20:25:00+00:00,athan kaliakmanis,0,4000,clear,153427,Classic,2026-09-15T15:14:47+00:00
1288045,44137726,Will Pauling,WR,SF,3000,68,None,False,ByeWeek,MIA @ SF,2026-09-20 20:25:00+00:00,will pauling,1,3000,clear,153427,Classic,2026-09-15T15:14:47+00:00
1288074,44137382,Myles Montgomery,RB,NE,4000,67,IR,False,ByeWeek,PIT @ NE,2026-09-20 17:00:00+00:00,myles montgomery,1,4000,out,153427,Classic,2026-09-15T15:14:47+00:00
1288113,44137052,Taylen Green,QB,CLE,4000,66,None,False,ByeWeek,CLE @ TB,2026-09-20 17:00:00+00:00,taylen green,0,4000,clear,153427,Classic,2026-09-15T15:14:47+00:00
1288387,44138300,John Michael Gyllenborg,TE,KC,2500,69,IR,False,ByeWeek,IND @ KC,2026-09-21 00:20:00+00:00,john michael gyllenborg,1,2500,out,153427,Classic,2026-09-15T15:14:47+00:00
1289220,44138378,Zaire Mitchell-Paden,TE,HOU,2500,69,None,False,ByeWeek,CIN @ HOU,2026-09-20 17:00:00+00:00,zaire mitchell paden,1,2500,clear,153427,Classic,2026-09-15T15:14:47+00:00
1289332,44137696,Konata Mumpfield,WR,LAR,3000,68,None,False,ByeWeek,NYG @ LAR,2026-09-22 00:15:00+00:00,konata mumpfield,1,3000,clear,153427,Classic,2026-09-15T15:14:47+00:00
1289428,44137200,Mike Washington Jr.,RB,LV,4300,67,None,False,ByeWeek,LV @ LAC,2026-09-20 20:05:00+00:00,mike washington,1,4300,clear,153427,Classic,2026-09-15T15:14:47+00:00
1289436,44137356,Al-Jay Henderson,RB,NYJ,4000,67,None,False,ByeWeek,GB @ NYJ,2026-09-20 17:00:00+00:00,al jay henderson,1,4000,clear,153427,Classic,2026-09-15T15:14:47+00:00
1289471,44138268,Mitchell Evans,TE,CAR,2500,69,None,False,ByeWeek,CAR @ ATL,2026-09-20 17:00:00+00:00,mitchell evans,1,2500,clear,153427,Classic,2026-09-15T15:14:47+00:00
1290014,44138174,Seydou Traore,TE,MIA,2500,69,None,False,ByeWeek,MIA @ SF,2026-09-20 20:25:00+00:00,seydou traore,1,2500,clear,153427,Classic,2026-09-15T15:14:47+00:00
1290102,44137002,Jalen Milroe,QB,SEA,4400,66,None,False,ByeWeek,SEA @ ARI,2026-09-20 20:25:00+00:00,jalen milroe,0,4400,clear,153427,Classic,2026-09-15T15:14:47+00:00
1290165,44137008,Riley Leonard,QB,IND,4000,66,None,False,ByeWeek,IND @ KC,2026-09-21 00:20:00+00:00,riley leonard,0,4000,clear,153427,Classic,2026-09-15T15:14:47+00:00
1290418,44137934,Dean Patterson IV,WR,TB,3000,68,None,False,ByeWeek,CLE @ TB,2026-09-20 17:00:00+00:00,dean patterson,1,3000,clear,153427,Classic,2026-09-15T15:14:47+00:00
1303569,44137226,DJ Giddens,RB,IND,4000,67,None,False,ByeWeek,IND @ KC,2026-09-21 00:20:00+00:00,dj giddens,1,4000,clear,153427,Classic,2026-09-15T15:14:47+00:00
1305866,44137562,Pat Bryant,WR,DEN,4200,68,None,False,ByeWeek,JAX @ DEN,2026-09-20 20:05:00+00:00,pat bryant,1,4200,clear,153427,Classic,2026-09-15T15:14:47+00:00
1310628,44138168,Khalil Dinkins,TE,SF,2500,69,None,False,ByeWeek,MIA @ SF,2026-09-20 20:25:00+00:00,khalil dinkins,1,2500,clear,153427,Classic,2026-09-15T15:14:47+00:00
1313668,44137362,Brashard Smith,RB,KC,4000,67,None,False,ByeWeek,IND @ KC,2026-09-21 00:20:00+00:00,brashard smith,1,4000,clear,153427,Classic,2026-09-15T15:14:47+00:00
1317191,44138180,Tre Watson,TE,MIA,2500,69,None,False,ByeWeek,MIA @ SF,2026-09-20 20:25:00+00:00,tre watson,1,2500,clear,153427,Classic,2026-09-15T15:14:47+00:00
1317230,44137294,Roman Hemby,RB,LV,4000,67,None,False,ByeWeek,LV @ LAC,2026-09-20 20:05:00+00:00,roman hemby,1,4000,clear,153427,Classic,2026-09-15T15:14:47+00:00
1319185,44137258,Jarquez Hunter,RB,MIA,4000,67,None,False,ByeWeek,MIA @ SF,2026-09-20 20:25:00+00:00,jarquez hunter,1,4000,clear,153427,Classic,2026-09-15T15:14:47+00:00
1319219,44137322,Carson Steele,RB,PHI,4000,67,None,False,ByeWeek,PHI @ TEN,2026-09-20 17:00:00+00:00,carson steele,1,4000,clear,153427,Classic,2026-09-15T15:14:47+00:00
1319589,44137574,Malachi Fields,WR,NYG,4100,68,None,False,ByeWeek,NYG @ LAR,2026-09-22 00:15:00+00:00,malachi fields,1,4100,clear,153427,Classic,2026-09-15T15:14:47+00:00
1319948,44138234,Josh Cuevas,TE,BAL,2500,69,None,False,ByeWeek,NO @ BAL,2026-09-20 17:00:00+00:00,josh cuevas,1,2500,clear,153427,Classic,2026-09-15T15:14:47+00:00
1321090,44138322,Tanner Arkin,TE,NE,2500,69,None,False,ByeWeek,PIT @ NE,2026-09-20 17:00:00+00:00,tanner arkin,1,2500,clear,153427,Classic,2026-09-15T15:14:47+00:00
1321260,44137958,Jaden Bradley,WR,WAS,3000,68,None,False,ByeWeek,WAS @ DAL,2026-09-20 20:25:00+00:00,jaden bradley,1,3000,clear,153427,Classic,2026-09-15T15:14:47+00:00
1321291,44137316,Audric Estime,RB,NO,4000,67,IR,False,ByeWeek,NO @ BAL,2026-09-20 17:00:00+00:00,audric estime,1,4000,out,153427,Classic,2026-09-15T15:14:47+00:00
1322238,44137990,Daniel Sobkowicz,WR,HOU,3000,68,None,False,ByeWeek,CIN @ HOU,2026-09-20 17:00:00+00:00,daniel sobkowicz,1,3000,clear,153427,Classic,2026-09-15T15:14:47+00:00
1322367,44138172,Will Kacmarek,TE,MIA,2500,69,None,False,ByeWeek,MIA @ SF,2026-09-20 20:25:00+00:00,will kacmarek,1,2500,clear,153427,Classic,2026-09-15T15:14:47+00:00
1322393,44137842,Jimmy Horn Jr.,WR,CAR,3000,68,None,False,ByeWeek,CAR @ ATL,2026-09-20 17:00:00+00:00,jimmy horn,1,3000,clear,153427,Classic,2026-09-15T15:14:47+00:00
1322431,44137596,Keon Coleman,WR,BUF,3900,68,None,False,ByeWeek,DET @ BUF,2026-09-18 00:15:00+00:00,keon coleman,1,3900,clear,153427,Classic,2026-09-15T15:14:47+00:00
1322612,44137850,Ja'seem Reed,WR,CAR,3000,68,None,False,ByeWeek,CAR @ ATL,2026-09-20 17:00:00+00:00,jaseem reed,1,3000,clear,153427,Classic,2026-09-15T15:14:47+00:00
1322662,44138258,Rocco Underwood,TE,PHI,2500,69,None,False,ByeWeek,PHI @ TEN,2026-09-20 17:00:00+00:00,rocco underwood,1,2500,clear,153427,Classic,2026-09-15T15:14:47+00:00
1323708,44138360,Michael Trigg,TE,DAL,2500,69,None,False,ByeWeek,WAS @ DAL,2026-09-20 20:25:00+00:00,michael trigg,1,2500,clear,153427,Classic,2026-09-15T15:14:47+00:00
1323906,44138398,Keleki Latu,TE,BUF,2500,69,None,False,ByeWeek,DET @ BUF,2026-09-18 00:15:00+00:00,keleki latu,1,2500,clear,153427,Classic,2026-09-15T15:14:47+00:00
1323916,44137876,J. Michael Sturdivant,WR,GB,3000,68,None,False,ByeWeek,GB @ NYJ,2026-09-20 17:00:00+00:00,j michael sturdivant,1,3000,clear,153427,Classic,2026-09-15T15:14:47+00:00
1324519,44137067,Matthew Caldwell,QB,LAR,4000,66,IR,False,ByeWeek,NYG @ LAR,2026-09-22 00:15:00+00:00,matthew caldwell,0,4000,out,153427,Classic,2026-09-15T15:14:47+00:00
1324976,44137034,Cole Payton,QB,PHI,4000,66,None,False,ByeWeek,PHI @ TEN,2026-09-20 17:00:00+00:00,cole payton,0,4000,clear,153427,Classic,2026-09-15T15:14:47+00:00
1325016,44137670,Bryce Lance,WR,NO,3200,68,None,False,ByeWeek,NO @ BAL,2026-09-20 17:00:00+00:00,bryce lance,1,3200,clear,153427,Classic,2026-09-15T15:14:47+00:00
1325231,44137216,Braelon Allen,RB,NYJ,4200,67,None,False,ByeWeek,GB @ NYJ,2026-09-20 17:00:00+00:00,braelon allen,1,4200,clear,153427,Classic,2026-09-15T15:14:47+00:00
1325234,44138022,Skyler Bell,WR,BUF,3000,68,None,False,ByeWeek,DET @ BUF,2026-09-18 00:15:00+00:00,skyler bell,1,3000,clear,153427,Classic,2026-09-15T15:14:47+00:00
1325475,44137788,Josh Cameron,WR,JAX,3000,68,None,False,ByeWeek,JAX @ DEN,2026-09-20 20:05:00+00:00,josh cameron,1,3000,clear,153427,Classic,2026-09-15T15:14:47+00:00
1325562,44137234,Max Bredeson,RB,MIN,4000,67,None,False,ByeWeek,MIN @ CHI,2026-09-20 17:00:00+00:00,max bredeson,1,4000,clear,153427,Classic,2026-09-15T15:14:47+00:00
1325624,44138080,Oronde Gadsden II,TE,LAC,3500,69,None,False,ByeWeek,LV @ LAC,2026-09-20 20:05:00+00:00,oronde gadsden,1,3500,clear,153427,Classic,2026-09-15T15:14:47+00:00
1326555,44138334,Bauer Sharp,TE,TB,2500,69,None,False,ByeWeek,CLE @ TB,2026-09-20 17:00:00+00:00,bauer sharp,1,2500,clear,153427,Classic,2026-09-15T15:14:47+00:00
1326601,44137160,Jonathon Brooks,RB,CAR,4800,67,None,False,ByeWeek,CAR @ ATL,2026-09-20 17:00:00+00:00,jonathon brooks,1,4800,clear,153427,Classic,2026-09-15T15:14:47+00:00
1326628,44138272,Ja'Tavion Sanders,TE,CAR,2500,69,None,False,ByeWeek,CAR @ ATL,2026-09-20 17:00:00+00:00,jatavion sanders,1,2500,clear,153427,Classic,2026-09-15T15:14:47+00:00
1326638,44137548,Xavier Worthy,WR,KC,4500,68,None,False,ByeWeek,IND @ KC,2026-09-21 00:20:00+00:00,xavier worthy,1,4500,clear,153427,Classic,2026-09-15T15:14:47+00:00
1327169,44137120,Bhayshul Tuten,RB,JAX,5600,67,None,False,ByeWeek,JAX @ DEN,2026-09-20 20:05:00+00:00,bhayshul tuten,1,5600,clear,153427,Classic,2026-09-15T15:14:47+00:00
1327875,44137254,DJ Herman,RB,MIA,4000,67,None,False,ByeWeek,MIA @ SF,2026-09-20 20:25:00+00:00,dj herman,1,4000,clear,153427,Classic,2026-09-15T15:14:47+00:00
1329289,44137344,Cash Jones,RB,ATL,4000,67,None,False,ByeWeek,CAR @ ATL,2026-09-20 17:00:00+00:00,cash jones,1,4000,clear,153427,Classic,2026-09-15T15:14:47+00:00
1332922,44137282,Amar Johnson,RB,LAC,4000,67,None,False,ByeWeek,LV @ LAC,2026-09-20 20:05:00+00:00,amar johnson,1,4000,clear,153427,Classic,2026-09-15T15:14:47+00:00
1333868,44137024,Quinn Ewers,QB,JAX,4000,66,None,False,ByeWeek,JAX @ DEN,2026-09-20 20:05:00+00:00,quinn ewers,0,4000,clear,153427,Classic,2026-09-15T15:14:47+00:00
1339352,44137888,Jeff Caldwell,WR,KC,3000,68,IR,False,ByeWeek,IND @ KC,2026-09-21 00:20:00+00:00,jeff caldwell,1,3000,out,153427,Classic,2026-09-15T15:14:47+00:00
1377732,44137492,Luther Burden III,WR,CHI,5700,68,None,False,ByeWeek,MIN @ CHI,2026-09-20 17:00:00+00:00,luther burden,1,5700,clear,153427,Classic,2026-09-15T15:14:47+00:00
1377757,44137368,Jaydn Ott,RB,KC,4000,67,None,False,ByeWeek,IND @ KC,2026-09-21 00:20:00+00:00,jaydn ott,1,4000,clear,153427,Classic,2026-09-15T15:14:47+00:00
1377766,44137252,Ollie Gordon II,RB,MIA,4000,67,None,False,ByeWeek,MIA @ SF,2026-09-20 20:25:00+00:00,ollie gordon,1,4000,clear,153427,Classic,2026-09-15T15:14:47+00:00
1378156,44138156,Sam Roush,TE,CHI,2500,69,None,False,ByeWeek,MIN @ CHI,2026-09-20 17:00:00+00:00,sam roush,1,2500,clear,153427,Classic,2026-09-15T15:14:47+00:00
1378284,44137310,Adam Randall,RB,BAL,4000,67,IR,False,ByeWeek,NO @ BAL,2026-09-20 17:00:00+00:00,adam randall,1,4000,out,153427,Classic,2026-09-15T15:14:47+00:00
1378287,44137040,Cade Klubnik,QB,NYJ,4000,66,None,False,ByeWeek,GB @ NYJ,2026-09-20 17:00:00+00:00,cade klubnik,0,4000,clear,153427,Classic,2026-09-15T15:14:47+00:00
1378290,44137554,Antonio Williams,WR,WAS,4400,68,None,False,ByeWeek,WAS @ DAL,2026-09-20 20:25:00+00:00,antonio williams,1,4400,clear,153427,Classic,2026-09-15T15:14:47+00:00
1378660,44137804,Dane Key,WR,DEN,3000,68,None,False,ByeWeek,JAX @ DEN,2026-09-20 20:05:00+00:00,dane key,1,3000,clear,153427,Classic,2026-09-15T15:14:47+00:00
1378821,44138038,Colston Loveland,TE,CHI,5000,69,None,False,ByeWeek,MIN @ CHI,2026-09-20 17:00:00+00:00,colston loveland,1,5000,clear,153427,Classic,2026-09-15T15:14:47+00:00
1378840,44137298,LeQuint Allen Jr.,RB,JAX,4000,67,None,False,ByeWeek,JAX @ DEN,2026-09-20 20:05:00+00:00,lequint allen,1,4000,clear,153427,Classic,2026-09-15T15:14:47+00:00
1378898,44137324,Jaydon Blue,RB,PHI,4000,67,None,False,ByeWeek,PHI @ TEN,2026-09-20 17:00:00+00:00,jaydon blue,1,4000,clear,153427,Classic,2026-09-15T15:14:47+00:00
1378910,44138014,Kendrick Law,WR,DET,3000,68,IR,False,ByeWeek,DET @ BUF,2026-09-18 00:15:00+00:00,kendrick law,1,3000,out,153427,Classic,2026-09-15T15:14:47+00:00
1378917,44137066,Ty Simpson,QB,LAR,4000,66,None,False,ByeWeek,NYG @ LAR,2026-09-22 00:15:00+00:00,ty simpson,0,4000,clear,153427,Classic,2026-09-15T15:14:47+00:00
1379251,44137172,Emmett Johnson,RB,KC,4500,67,None,False,ByeWeek,IND @ KC,2026-09-21 00:20:00+00:00,emmett johnson,1,4500,clear,153427,Classic,2026-09-15T15:14:47+00:00
1379258,44137047,Drew Allar,QB,PIT,4000,66,None,False,ByeWeek,PIT @ NE,2026-09-20 17:00:00+00:00,drew allar,0,4000,clear,153427,Classic,2026-09-15T15:14:47+00:00
1379259,44137180,Kaytron Allen,RB,WAS,4500,67,None,False,ByeWeek,WAS @ DAL,2026-09-20 20:25:00+00:00,kaytron allen,1,4500,clear,153427,Classic,2026-09-15T15:14:47+00:00
1379261,44137894,Omari Evans,WR,KC,3000,68,None,False,ByeWeek,IND @ KC,2026-09-21 00:20:00+00:00,omari evans,1,3000,clear,153427,Classic,2026-09-15T15:14:47+00:00
1379264,44137202,Nick Singleton,RB,TEN,4300,67,None,False,ByeWeek,PHI @ TEN,2026-09-20 17:00:00+00:00,nick singleton,1,4300,clear,153427,Classic,2026-09-15T15:14:47+00:00
1379267,44137532,Matthew Golden,WR,GB,4700,68,None,False,ByeWeek,GB @ NYJ,2026-09-20 17:00:00+00:00,matthew golden,1,4700,clear,153427,Classic,2026-09-15T15:14:47+00:00
1379331,44137964,Jordan Hudson,WR,DAL,3000,68,None,False,ByeWeek,WAS @ DAL,2026-09-20 20:25:00+00:00,jordan hudson,1,3000,clear,153427,Classic,2026-09-15T15:14:47+00:00
1379646,44137086,Ashton Jeanty,RB,LV,6800,67,None,False,ByeWeek,LV @ LAC,2026-09-20 20:05:00+00:00,ashton jeanty,1,6800,clear,153427,Classic,2026-09-15T15:14:47+00:00
1379904,44137566,Denzel Boston,WR,CLE,4200,68,None,False,ByeWeek,CLE @ TB,2026-09-20 17:00:00+00:00,denzel boston,1,4200,clear,153427,Classic,2026-09-15T15:14:47+00:00
1379995,44138200,Evan Svoboda,TE,LAC,2500,69,None,False,ByeWeek,LV @ LAC,2026-09-20 20:05:00+00:00,evan svoboda,1,2500,clear,153427,Classic,2026-09-15T15:14:47+00:00
1380368,44138216,Tanner Koziol,TE,JAX,2500,69,None,False,ByeWeek,JAX @ DEN,2026-09-20 20:05:00+00:00,tanner koziol,1,2500,clear,153427,Classic,2026-09-15T15:14:47+00:00
1380576,44137476,Tetairoa McMillan,WR,CAR,6100,68,None,False,ByeWeek,CAR @ ATL,2026-09-20 17:00:00+00:00,tetairoa mcmillan,1,6100,clear,153427,Classic,2026-09-15T15:14:47+00:00
1380594,44137210,Jonah Coleman,RB,DEN,4200,67,None,False,ByeWeek,JAX @ DEN,2026-09-20 20:05:00+00:00,jonah coleman,1,4200,clear,153427,Classic,2026-09-15T15:14:47+00:00
1380613,44137652,Germie Bernard,WR,PIT,3400,68,None,False,ByeWeek,PIT @ NE,2026-09-20 17:00:00+00:00,germie bernard,1,3400,clear,153427,Classic,2026-09-15T15:14:47+00:00
1380773,44138314,Kenny Fletcher Jr.,TE,IND,2500,69,None,False,ByeWeek,IND @ KC,2026-09-21 00:20:00+00:00,kenny fletcher,1,2500,clear,153427,Classic,2026-09-15T15:14:47+00:00
1381092,44137790,CJ Williams,WR,JAX,3000,68,None,False,ByeWeek,JAX @ DEN,2026-09-20 20:05:00+00:00,cj williams,1,3000,clear,153427,Classic,2026-09-15T15:14:47+00:00
1381105,44138240,Oscar Delp,TE,NO,2500,69,Q,False,ByeWeek,NO @ BAL,2026-09-20 17:00:00+00:00,oscar delp,1,2500,questionable,153427,Classic,2026-09-15T15:14:47+00:00
1381164,44137186,Sione Vaki,RB,DET,4500,67,None,False,ByeWeek,DET @ BUF,2026-09-18 00:15:00+00:00,sione vaki,1,4500,clear,153427,Classic,2026-09-15T15:14:47+00:00
1381263,44138118,Mason Taylor,TE,NYJ,2800,69,None,False,ByeWeek,GB @ NYJ,2026-09-20 17:00:00+00:00,mason taylor,1,2800,clear,153427,Classic,2026-09-15T15:14:47+00:00
1381307,44138264,Jaren Kanak,TE,TEN,2500,69,IR,False,ByeWeek,PHI @ TEN,2026-09-20 17:00:00+00:00,jaren kanak,1,2500,out,153427,Classic,2026-09-15T15:14:47+00:00
1381444,44137428,Dean Connors,RB,LAR,4000,67,None,False,ByeWeek,NYG @ LAR,2026-09-22 00:15:00+00:00,dean connors,1,4000,clear,153427,Classic,2026-09-15T15:14:47+00:00
1381902,44137204,Kaleb Johnson,RB,GB,4300,67,None,False,ByeWeek,GB @ NYJ,2026-09-20 17:00:00+00:00,kaleb johnson,1,4300,clear,153427,Classic,2026-09-15T15:14:47+00:00
1382670,44137584,Cyrus Allen,WR,KC,3900,68,None,False,ByeWeek,IND @ KC,2026-09-21 00:20:00+00:00,cyrus allen,1,3900,clear,153427,Classic,2026-09-15T15:14:47+00:00
1382993,44137870,Jamaal Pritchett,WR,NYJ,3000,68,None,False,ByeWeek,GB @ NYJ,2026-09-20 17:00:00+00:00,jamaal pritchett,1,3000,clear,153427,Classic,2026-09-15T15:14:47+00:00
1383791,44137122,Jadarian Price,RB,SEA,5500,67,None,False,ByeWeek,SEA @ ARI,2026-09-20 20:25:00+00:00,jadarian price,1,5500,clear,153427,Classic,2026-09-15T15:14:47+00:00
1383807,44137128,Quinshon Judkins,RB,CLE,5400,67,None,False,ByeWeek,CLE @ TB,2026-09-20 17:00:00+00:00,quinshon judkins,1,5400,clear,153427,Classic,2026-09-15T15:14:47+00:00
1383993,44137906,Kaden Wetjen,WR,PIT,3000,68,None,False,ByeWeek,PIT @ NE,2026-09-20 17:00:00+00:00,kaden wetjen,1,3000,clear,153427,Classic,2026-09-15T15:14:47+00:00
1384626,44138342,Carsen Ryan,TE,CLE,2500,69,None,False,ByeWeek,CLE @ TB,2026-09-20 17:00:00+00:00,carsen ryan,1,2500,clear,153427,Classic,2026-09-15T15:14:47+00:00
1384869,44137774,Dareke Young,WR,LV,3000,68,None,False,ByeWeek,LV @ LAC,2026-09-20 20:05:00+00:00,dareke young,1,3000,clear,153427,Classic,2026-09-15T15:14:47+00:00
1386002,44137710,Kaden Davis,WR,CHI,3000,68,None,False,ByeWeek,MIN @ CHI,2026-09-20 17:00:00+00:00,kaden davis,1,3000,clear,153427,Classic,2026-09-15T15:14:47+00:00
1389217,44137962,Camden Brown,WR,DAL,3000,68,None,False,ByeWeek,WAS @ DAL,2026-09-20 20:25:00+00:00,camden brown,1,3000,clear,153427,Classic,2026-09-15T15:14:47+00:00
1389700,44137630,Chris Bell,WR,MIA,3500,68,None,False,ByeWeek,MIA @ SF,2026-09-20 20:25:00+00:00,chris bell,1,3500,clear,153427,Classic,2026-09-15T15:14:47+00:00
1390910,44137230,Demond Claiborne,RB,MIN,4000,67,None,False,ByeWeek,MIN @ CHI,2026-09-20 17:00:00+00:00,demond claiborne,1,4000,clear,153427,Classic,2026-09-15T15:14:47+00:00
1390913,44137730,Wesley Grimes,WR,SF,3000,68,None,False,ByeWeek,MIA @ SF,2026-09-20 20:25:00+00:00,wesley grimes,1,3000,clear,153427,Classic,2026-09-15T15:14:47+00:00
1390939,44137760,Reggie Virgil,WR,ARI,3000,68,None,False,ByeWeek,SEA @ ARI,2026-09-20 20:25:00+00:00,reggie virgil,1,3000,clear,153427,Classic,2026-09-15T15:14:47+00:00
1392584,44137614,Elijah Sarratt,WR,BAL,3700,68,None,False,ByeWeek,NO @ BAL,2026-09-20 17:00:00+00:00,elijah sarratt,1,3700,clear,153427,Classic,2026-09-15T15:14:47+00:00
1393832,44137606,Ryan Flournoy,WR,DAL,3800,68,None,False,ByeWeek,WAS @ DAL,2026-09-20 20:25:00+00:00,ryan flournoy,1,3800,clear,153427,Classic,2026-09-15T15:14:47+00:00
1394692,44137812,Jordyn Tyson,WR,NO,3000,68,IR,False,ByeWeek,NO @ BAL,2026-09-20 17:00:00+00:00,jordyn tyson,1,3000,out,153427,Classic,2026-09-15T15:14:47+00:00
1394752,44138058,Harold Fannin Jr.,TE,CLE,4100,69,None,False,ByeWeek,CLE @ TB,2026-09-20 17:00:00+00:00,harold fannin,1,4100,clear,153427,Classic,2026-09-15T15:14:47+00:00
1394798,44137610,Caleb Douglas,WR,MIA,3700,68,None,False,ByeWeek,MIA @ SF,2026-09-20 20:25:00+00:00,caleb douglas,1,3700,clear,153427,Classic,2026-09-15T15:14:47+00:00
1394803,44137336,Trevor Etienne,RB,CAR,4000,67,IR,False,ByeWeek,CAR @ ATL,2026-09-20 17:00:00+00:00,trevor etienne,1,4000,out,153427,Classic,2026-09-15T15:14:47+00:00
1394825,44137602,Omar Cooper Jr.,WR,NYJ,3800,68,Q,False,ByeWeek,GB @ NYJ,2026-09-20 17:00:00+00:00,omar cooper,1,3800,questionable,153427,Classic,2026-09-15T15:14:47+00:00
1395319,44137634,Elic Ayomanor,WR,TEN,3500,68,None,False,ByeWeek,PHI @ TEN,2026-09-20 17:00:00+00:00,elic ayomanor,1,3500,clear,153427,Classic,2026-09-15T15:14:47+00:00
1395681,44137314,CJ Donaldson,RB,NO,4000,67,None,False,ByeWeek,NO @ BAL,2026-09-20 17:00:00+00:00,cj donaldson,1,4000,clear,153427,Classic,2026-09-15T15:14:47+00:00
1395843,44137808,Barion Brown,WR,NO,3000,68,None,False,ByeWeek,NO @ BAL,2026-09-20 17:00:00+00:00,barion brown,1,3000,clear,153427,Classic,2026-09-15T15:14:47+00:00
1395874,44137374,Eli Heidenreich,RB,PIT,4000,67,None,False,ByeWeek,PIT @ NE,2026-09-20 17:00:00+00:00,eli heidenreich,1,4000,clear,153427,Classic,2026-09-15T15:14:47+00:00
1396942,44137706,Dillon Bell,WR,MIN,3000,68,None,False,ByeWeek,MIN @ CHI,2026-09-20 17:00:00+00:00,dillon bell,1,3000,clear,153427,Classic,2026-09-15T15:14:47+00:00
1398153,44137680,Zavion Thomas,WR,CHI,3100,68,None,False,ByeWeek,MIN @ CHI,2026-09-20 17:00:00+00:00,zavion thomas,1,3100,clear,153427,Classic,2026-09-15T15:14:47+00:00
1398503,44137936,Isaiah Bond,WR,CLE,3000,68,None,False,ByeWeek,CLE @ TB,2026-09-20 17:00:00+00:00,isaiah bond,1,3000,clear,153427,Classic,2026-09-15T15:14:47+00:00
1398511,44137752,Emmanuel Henderson Jr.,WR,SEA,3000,68,None,False,ByeWeek,SEA @ ARI,2026-09-20 20:25:00+00:00,emmanuel henderson,1,3000,clear,153427,Classic,2026-09-15T15:14:47+00:00
1398572,44137092,Omarion Hampton,RB,LAC,6600,67,None,False,ByeWeek,LV @ LAC,2026-09-20 20:05:00+00:00,omarion hampton,1,6600,clear,153427,Classic,2026-09-15T15:14:47+00:00
1399132,44137632,Brenen Thompson,WR,LAC,3500,68,None,False,ByeWeek,LV @ LAC,2026-09-20 20:05:00+00:00,brenen thompson,1,3500,clear,153427,Classic,2026-09-15T15:14:47+00:00
1399272,44137734,Kevin Coleman Jr.,WR,MIA,3000,68,None,False,ByeWeek,MIA @ SF,2026-09-20 20:25:00+00:00,kevin coleman,1,3000,clear,153427,Classic,2026-09-15T15:14:47+00:00
1399275,44137656,Travis Hunter,WR,JAX,3300,68,None,False,ByeWeek,JAX @ DEN,2026-09-20 20:05:00+00:00,travis hunter,1,3300,clear,153427,Classic,2026-09-15T15:14:47+00:00
1399910,44137190,Dylan Sampson,RB,CLE,4400,67,OUT,False,ByeWeek,CLE @ TB,2026-09-20 17:00:00+00:00,dylan sampson,1,4400,out,153427,Classic,2026-09-15T15:14:47+00:00
1400657,44137244,Jordan James,RB,SF,4000,67,None,False,ByeWeek,MIA @ SF,2026-09-20 20:25:00+00:00,jordan james,1,4000,clear,153427,Classic,2026-09-15T15:14:47+00:00
1400786,44136998,Fernando Mendoza,QB,LV,4500,66,None,False,ByeWeek,LV @ LAC,2026-09-20 20:05:00+00:00,fernando mendoza,0,4500,clear,153427,Classic,2026-09-15T15:14:47+00:00
1400788,44137848,Chris Brazzell II,WR,CAR,3000,68,IR,False,ByeWeek,CAR @ ATL,2026-09-20 17:00:00+00:00,chris brazzell,1,3000,out,153427,Classic,2026-09-15T15:14:47+00:00
1400852,44138366,Jack Endries,TE,CIN,2500,69,None,False,ByeWeek,CIN @ HOU,2026-09-20 17:00:00+00:00,jack endries,1,2500,clear,153427,Classic,2026-09-15T15:14:47+00:00
1401629,44137862,Vinny Anthony II,WR,ATL,3000,68,None,False,ByeWeek,CAR @ ATL,2026-09-20 17:00:00+00:00,vinny anthony,1,3000,clear,153427,Classic,2026-09-15T15:14:47+00:00
1401683,44138144,Max Klare,TE,LAR,2500,69,None,False,ByeWeek,NYG @ LAR,2026-09-22 00:15:00+00:00,max klare,1,2500,clear,153427,Classic,2026-09-15T15:14:47+00:00
1402692,44137976,Noah Thomas,WR,CIN,3000,68,None,False,ByeWeek,CIN @ HOU,2026-09-20 17:00:00+00:00,noah thomas,1,3000,clear,153427,Classic,2026-09-15T15:14:47+00:00
1403373,44138280,Jack Velling,TE,ATL,2500,69,None,False,ByeWeek,CAR @ ATL,2026-09-20 17:00:00+00:00,jack velling,1,2500,clear,153427,Classic,2026-09-15T15:14:47+00:00
1403491,44137664,Jalen Royals,WR,KC,3200,68,None,False,ByeWeek,IND @ KC,2026-09-21 00:20:00+00:00,jalen royals,1,3200,clear,153427,Classic,2026-09-15T15:14:47+00:00
1403969,44138106,Eli Raridon,TE,NE,3000,69,None,False,ByeWeek,PIT @ NE,2026-09-20 17:00:00+00:00,eli raridon,1,3000,clear,153427,Classic,2026-09-15T15:14:47+00:00
1404295,44138238,Ty Pezza,TE,BAL,2500,69,None,False,ByeWeek,NO @ BAL,2026-09-20 17:00:00+00:00,ty pezza,1,2500,clear,153427,Classic,2026-09-15T15:14:47+00:00
1405106,44137892,Andrew Armstrong,WR,KC,3000,68,None,False,ByeWeek,IND @ KC,2026-09-21 00:20:00+00:00,andrew armstrong,1,3000,clear,153427,Classic,2026-09-15T15:14:47+00:00
1405857,44138372,Marlin Klein,TE,HOU,2500,69,None,False,ByeWeek,CIN @ HOU,2026-09-20 17:00:00+00:00,marlin klein,1,2500,clear,153427,Classic,2026-09-15T15:14:47+00:00
1405928,44138176,Justin Joly,TE,MIA,2500,69,None,False,ByeWeek,MIA @ SF,2026-09-20 20:25:00+00:00,justin joly,1,2500,clear,153427,Classic,2026-09-15T15:14:47+00:00
1406878,44137968,Colbie Young,WR,CIN,3000,68,None,False,ByeWeek,CIN @ HOU,2026-09-20 17:00:00+00:00,colbie young,1,3000,clear,153427,Classic,2026-09-15T15:14:47+00:00
1407491,44137840,Tyren Montgomery,WR,TEN,3000,68,None,False,ByeWeek,PHI @ TEN,2026-09-20 17:00:00+00:00,tyren montgomery,1,3000,clear,153427,Classic,2026-09-15T15:14:47+00:00
1412326,44137926,Kameron Johnson,WR,TB,3000,68,None,False,ByeWeek,CLE @ TB,2026-09-20 17:00:00+00:00,kameron johnson,1,3000,clear,153427,Classic,2026-09-15T15:14:47+00:00
1417881,44137942,Kole Wilson,WR,CLE,3000,68,None,False,ByeWeek,CLE @ TB,2026-09-20 17:00:00+00:00,kole wilson,1,3000,clear,153427,Classic,2026-09-15T15:14:47+00:00
1441110,44137636,Zachariah Branch,WR,ATL,3500,68,None,False,ByeWeek,CAR @ ATL,2026-09-20 17:00:00+00:00,zachariah branch,1,3500,clear,153427,Classic,2026-09-15T15:14:47+00:00
1441120,44137540,Makai Lemon,WR,PHI,4600,68,None,False,ByeWeek,PHI @ TEN,2026-09-20 17:00:00+00:00,makai lemon,1,4600,clear,153427,Classic,2026-09-15T15:14:47+00:00
1441191,44137772,Malik Benson,WR,LV,3000,68,None,False,ByeWeek,LV @ LAC,2026-09-20 20:05:00+00:00,malik benson,1,3000,clear,153427,Classic,2026-09-15T15:14:47+00:00
1441362,44137618,Isaac TeSlaa,WR,DET,3700,68,None,False,ByeWeek,DET @ BUF,2026-09-18 00:15:00+00:00,isaac teslaa,1,3700,clear,153427,Classic,2026-09-15T15:14:47+00:00
1441576,44137572,KC Concepcion,WR,CLE,4100,68,None,False,ByeWeek,CLE @ TB,2026-09-20 17:00:00+00:00,kc concepcion,1,4100,clear,153427,Classic,2026-09-15T15:14:47+00:00
1441839,44137516,Carnell Tate,WR,TEN,5100,68,None,False,ByeWeek,PHI @ TEN,2026-09-20 17:00:00+00:00,carnell tate,1,5100,clear,153427,Classic,2026-09-15T15:14:47+00:00
1443955,44138160,Hayden Large,TE,CHI,2500,69,IR,False,ByeWeek,MIN @ CHI,2026-09-20 17:00:00+00:00,hayden large,1,2500,out,153427,Classic,2026-09-15T15:14:47+00:00
1443998,44137402,Robert Henry Jr.,RB,WAS,4000,67,None,False,ByeWeek,WAS @ DAL,2026-09-20 20:25:00+00:00,robert henry,1,4000,clear,153427,Classic,2026-09-15T15:14:47+00:00
1444140,44137011,Tyson Bagent,QB,CHI,4000,66,Q,False,ByeWeek,MIN @ CHI,2026-09-20 17:00:00+00:00,tyson bagent,0,4000,questionable,153427,Classic,2026-09-15T15:14:47+00:00
1444547,44138066,Kenyon Sadiq,TE,NYJ,3800,69,None,False,ByeWeek,GB @ NYJ,2026-09-20 17:00:00+00:00,kenyon sadiq,1,3800,clear,153427,Classic,2026-09-15T15:14:47+00:00
1445256,44137372,Davon Booth,RB,IND,4000,67,None,False,ByeWeek,IND @ KC,2026-09-21 00:20:00+00:00,davon booth,1,4000,clear,153427,Classic,2026-09-15T15:14:47+00:00
1446502,44137930,Eric Rivers Jr.,WR,TB,3000,68,None,False,ByeWeek,CLE @ TB,2026-09-20 17:00:00+00:00,eric rivers,1,3000,clear,153427,Classic,2026-09-15T15:14:47+00:00
1447759,44137260,Emanuel Wilson,RB,SEA,4000,67,None,False,ByeWeek,SEA @ ARI,2026-09-20 20:25:00+00:00,emanuel wilson,1,4000,clear,153427,Classic,2026-09-15T15:14:47+00:00
1448305,44137025,Joey Aguilar,QB,JAX,4000,66,None,False,ByeWeek,JAX @ DEN,2026-09-20 20:05:00+00:00,joey aguilar,0,4000,clear,153427,Classic,2026-09-15T15:14:47+00:00
1451501,44137112,Jeremiyah Love,RB,ARI,5900,67,None,False,ByeWeek,SEA @ ARI,2026-09-20 20:25:00+00:00,jeremiyah love,1,5900,clear,153427,Classic,2026-09-15T15:14:47+00:00
1452585,44137794,Michael Wortham,WR,JAX,3000,68,None,False,ByeWeek,JAX @ DEN,2026-09-20 20:05:00+00:00,michael wortham,1,3000,clear,153427,Classic,2026-09-15T15:14:47+00:00
1458888,44137592,Ja'Kobi Lane,WR,BAL,3900,68,D,False,ByeWeek,NO @ BAL,2026-09-20 17:00:00+00:00,jakobi lane,1,3900,doubtful,153427,Classic,2026-09-15T15:14:47+00:00
1461173,44138222,Dallen Bentley,TE,DEN,2500,69,OUT,False,ByeWeek,JAX @ DEN,2026-09-20 20:05:00+00:00,dallen bentley,1,2500,out,153427,Classic,2026-09-15T15:14:47+00:00
1465213,44137644,Jahdae Walker,WR,CHI,3400,68,None,False,ByeWeek,MIN @ CHI,2026-09-20 17:00:00+00:00,jahdae walker,1,3400,clear,153427,Classic,2026-09-15T15:14:47+00:00
1468632,44138208,Carter Runyon,TE,LV,2500,69,IR,False,ByeWeek,LV @ LAC,2026-09-20 20:05:00+00:00,carter runyon,1,2500,out,153427,Classic,2026-09-15T15:14:47+00:00
1510975,44137908,Cole Burgess,WR,PIT,3000,68,IR,False,ByeWeek,PIT @ NE,2026-09-20 17:00:00+00:00,cole burgess,1,3000,out,153427,Classic,2026-09-15T15:14:47+00:00
1521285,44137676,Ted Hurst III,WR,TB,3200,68,None,False,ByeWeek,CLE @ TB,2026-09-20 17:00:00+00:00,ted hurst,1,3200,clear,153427,Classic,2026-09-15T15:14:47+00:00
1522347,44137802,Kolbe Katsis,WR,DEN,3000,68,None,False,ByeWeek,JAX @ DEN,2026-09-20 20:05:00+00:00,kolbe katsis,1,3000,clear,153427,Classic,2026-09-15T15:14:47+00:00
1585808,44137920,Cameron Dorner,WR,NE,3000,68,None,False,ByeWeek,PIT @ NE,2026-09-20 17:00:00+00:00,cameron dorner,1,3000,clear,153427,Classic,2026-09-15T15:14:47+00:00
1637700,44137039,Jack Strand,QB,ATL,4000,66,None,False,ByeWeek,CAR @ ATL,2026-09-20 17:00:00+00:00,jack strand,0,4000,clear,153427,Classic,2026-09-15T15:14:47+00:00
1637701,44137922,Kyle Dixon,WR,NE,3000,68,None,False,ByeWeek,PIT @ NE,2026-09-20 17:00:00+00:00,kyle dixon,1,3000,clear,153427,Classic,2026-09-15T15:14:47+00:00
1665835,44137424,Grant Finley,RB,NYG,4000,67,None,False,ByeWeek,NYG @ LAR,2026-09-22 00:15:00+00:00,grant finley,1,4000,clear,153427,Classic,2026-09-15T15:14:47+00:00
