contest_id,name,draft_group,game_type,entry_fee,entries,max_entries,max_per_user,prize_pool,starts_utc,starts_text
195905122,NFL $2.75M Fantasy Football Millionaire [$1M to 1st],153769,Classic,20.0,14103,161764,150,2750000.0,2026-09-27 17:00:00+00:00,Sun 1:00PM
195905124,NFL $2.75M Fantasy Football Millionaire [$1M to 1st],153769,Classic,555.0,564,5505,150,2750000.0,2026-09-27 17:00:00+00:00,Sun 1:00PM
195745385,NFL $6M Midseason Main Event [$1.5M to 1st],153728,Classic,1500.0,10,4444,133,6000000.0,2026-11-01 18:00:00+00:00,Sun 1:00PM
195943234,NFL Showdown $1.5M Thursday Night Showdown [$500K to 1st] (ATL @ GB),153775,Showdown Captain Mode,20.0,9197,88235,150,1500000.0,2026-09-25 00:15:00+00:00,Thu 8:15PM
195943232,NFL Showdown $600K Wildcat [$150K to 1st] (ATL @ GB),153775,Showdown Captain Mode,333.0,296,2002,60,600000.0,2026-09-25 00:15:00+00:00,Thu 8:15PM
195943285,"NFL Showdown $160K Four-Point Stance [$50K to 1st, 5 Entry Max] (ATL @ GB)",153775,Showdown Captain Mode,444.0,57,400,5,160000.0,2026-09-25 00:15:00+00:00,Thu 8:15PM
195905121,NFL $750K Play-Action [20 Entry Max],153769,Classic,3.0,27038,297265,20,750000.0,2026-09-27 17:00:00+00:00,Sun 1:00PM
195905125,NFL $900K Luxury Box [$200K to 1st],153769,Classic,3180.0,45,300,9,900000.0,2026-09-27 17:00:00+00:00,Sun 1:00PM
195943236,NFL Showdown $300K Play-Action [20 Entry Max] (ATL @ GB),153775,Showdown Captain Mode,3.0,15540,118906,20,300000.0,2026-09-25 00:15:00+00:00,Thu 8:15PM
195943229,NFL Showdown $402K Luxury Box [$100K to 1st] (ATL @ GB),153775,Showdown Captain Mode,3180.0,25,134,4,402000.0,2026-09-25 00:15:00+00:00,Thu 8:15PM
195905126,"NFL $500K Power Sweep [$100K to 1st, 5 Entry Max]",153769,Classic,150.0,432,3703,5,500000.0,2026-09-27 17:00:00+00:00,Sun 1:00PM
195921967,"NFL $250K Power Sweep [$50K to 1st, 3 Entry Max]",153769,Classic,150.0,152,1851,3,250000.0,2026-09-27 17:00:00+00:00,Sun 1:00PM
195921968,"NFL $150K Power Sweep [$30K to 1st, 3 Entry Max]",153769,Classic,150.0,89,1111,3,150000.0,2026-09-27 17:00:00+00:00,Sun 1:00PM
195943235,NFL Showdown $250K Flea Flicker [$50K to 1st] (ATL @ GB),153775,Showdown Captain Mode,5.0,9100,59453,150,250000.0,2026-09-25 00:15:00+00:00,Thu 8:15PM
195943226,NFL Showdown $100K Huddle [Single Entry] (ATL @ GB),153775,Showdown Captain Mode,5.0,1942,23781,1,100000.0,2026-09-25 00:15:00+00:00,Thu 8:15PM
195943227,NFL Showdown $10K Huddle [Single Entry] (ATL @ GB),153775,Showdown Captain Mode,5.0,586,2378,1,10000.0,2026-09-25 00:15:00+00:00,Thu 8:15PM
195943249,"NFL Showdown $100K Spy [$20K to 1st, Single Entry] (ATL @ GB)",153775,Showdown Captain Mode,100.0,112,1111,1,100000.0,2026-09-25 00:15:00+00:00,Thu 8:15PM
195943250,NFL Showdown $35K Spy [Single Entry] (ATL @ GB),153775,Showdown Captain Mode,100.0,36,388,1,35000.0,2026-09-25 00:15:00+00:00,Thu 8:15PM
195921983,"NFL $400K Spy [$100K to 1st, Single Entry]",153769,Classic,100.0,394,4444,1,400000.0,2026-09-27 17:00:00+00:00,Sun 1:00PM
195921984,"NFL $200K Spy [$50K to 1st, Single Entry]",153769,Classic,100.0,156,2222,1,200000.0,2026-09-27 17:00:00+00:00,Sun 1:00PM
195921932,NFL $50K Spy [Single Entry],153769,Classic,100.0,90,555,1,50000.0,2026-09-27 17:00:00+00:00,Sun 1:00PM
195922003,NFL GIANT $25 Double Up [Single Entry],153769,Classic,25.0,254,3448,1,75000.0,2026-09-27 17:00:00+00:00,Sun 1:00PM
195922004,NFL GIANT $25 Double Up [Single Entry],153769,Classic,25.0,126,1839,1,40000.0,2026-09-27 17:00:00+00:00,Sun 1:00PM
195922002,NFL GIANT $25 Double Up,153769,Classic,25.0,112,1379,41,30000.0,2026-09-27 17:00:00+00:00,Sun 1:00PM
195922005,NFL GIANT $25 Double Up [Single Entry],153769,Classic,25.0,101,1149,1,25000.0,2026-09-27 17:00:00+00:00,Sun 1:00PM
195921954,NFL $400K Flea Flicker [$50K to 1st],153769,Classic,5.0,8124,95124,150,400000.0,2026-09-27 17:00:00+00:00,Sun 1:00PM
195943233,NFL Showdown $150K Bootleg [$50K to 1st] (ATL @ GB),153775,Showdown Captain Mode,33.0,739,5300,150,150000.0,2026-09-25 00:15:00+00:00,Thu 8:15PM
195943274,NFL Showdown Single Entry $5 Double Up (ATL @ GB),153775,Showdown Captain Mode,5.0,147,1379,1,6000.0,2026-09-25 00:15:00+00:00,Thu 8:15PM
195943275,NFL Showdown Single Entry $5 Double Up (ATL @ GB),153775,Showdown Captain Mode,5.0,83,689,1,3000.0,2026-09-25 00:15:00+00:00,Thu 8:15PM
195943276,NFL Showdown Single Entry $5 Double Up (ATL @ GB),153775,Showdown Captain Mode,5.0,39,229,1,1000.0,2026-09-25 00:15:00+00:00,Thu 8:15PM
195943290,NFL Showdown Single Entry $5 Double Up (ATL @ GB),153775,Showdown Captain Mode,5.0,32,229,1,1000.0,2026-09-25 00:15:00+00:00,Thu 8:15PM
195943291,NFL Showdown Single Entry $5 Double Up (ATL @ GB),153775,Showdown Captain Mode,5.0,26,229,1,1000.0,2026-09-25 00:15:00+00:00,Thu 8:15PM
195943292,NFL Showdown Single Entry $5 Double Up (ATL @ GB),153775,Showdown Captain Mode,5.0,27,229,1,1000.0,2026-09-25 00:15:00+00:00,Thu 8:15PM
195943293,NFL Showdown Single Entry $5 Double Up (ATL @ GB),153775,Showdown Captain Mode,5.0,29,229,1,1000.0,2026-09-25 00:15:00+00:00,Thu 8:15PM
195921978,"NFL $400K Game Changer [$100K to 1st, Single Entry]",153769,Classic,1500.0,25,282,1,400000.0,2026-09-27 17:00:00+00:00,Sun 1:00PM
195921986,"NFL $200K Red Zone [$25K to 1st, Single Entry]",153769,Classic,50.0,264,4545,1,200000.0,2026-09-27 17:00:00+00:00,Sun 1:00PM
195921933,NFL $100K Red Zone [Single Entry],153769,Classic,50.0,106,2272,1,100000.0,2026-09-27 17:00:00+00:00,Sun 1:00PM
195921934,NFL $50K Red Zone [Single Entry],153769,Classic,50.0,86,1136,1,50000.0,2026-09-27 17:00:00+00:00,Sun 1:00PM
195921944,NFL $61K Luxury Box [$20K to 1st],153769,Classic,1500.0,4,43,1,61000.0,2026-09-27 17:00:00+00:00,Sun 1:00PM
195921942,NFL $160K Thunderdome [Single Entry],153769,Classic,5300.0,5,32,1,160000.0,2026-09-27 17:00:00+00:00,Sun 1:00PM
195921130,NFL $20K Thunderdome [Must Fill],153769,Classic,5300.0,0,4,1,20000.0,2026-09-27 17:00:00+00:00,Sun 1:00PM
195921943,NFL $200K Luxury Box [$75K to 1st],153769,Classic,2120.0,20,100,3,200000.0,2026-09-27 17:00:00+00:00,Sun 1:00PM
195921966,"NFL $250K Facemask [5 Entry Max, $50K to 1st]",153769,Classic,555.0,67,500,5,250000.0,2026-09-27 17:00:00+00:00,Sun 1:00PM
195921987,NFL $175K Fair Catch [Single Entry],153769,Classic,12.0,1022,17156,1,175000.0,2026-09-27 17:00:00+00:00,Sun 1:00PM
195921988,NFL $75K Fair Catch [Single Entry],153769,Classic,12.0,488,7352,1,75000.0,2026-09-27 17:00:00+00:00,Sun 1:00PM
195921936,NFL $50K Fair Catch [Single Entry],153769,Classic,12.0,448,4901,1,50000.0,2026-09-27 17:00:00+00:00,Sun 1:00PM
195921941,NFL GIANT $5 Double Up,153769,Classic,5.0,835,9195,150,40000.0,2026-09-27 17:00:00+00:00,Sun 1:00PM
195922009,NFL GIANT $5 Double Up [Single Entry],153769,Classic,5.0,384,4597,1,20000.0,2026-09-27 17:00:00+00:00,Sun 1:00PM
195921999,NFL GIANT $50 Double Up [Single Entry],153769,Classic,50.0,84,1136,1,50000.0,2026-09-27 17:00:00+00:00,Sun 1:00PM
195922000,NFL GIANT $50 Double Up [Single Entry],153769,Classic,50.0,49,681,1,30000.0,2026-09-27 17:00:00+00:00,Sun 1:00PM
195922001,NFL GIANT $50 Double Up [Single Entry],153769,Classic,50.0,39,454,1,20000.0,2026-09-27 17:00:00+00:00,Sun 1:00PM
195921940,NFL GIANT $10 Double Up [Single Entry],153769,Classic,10.0,418,4597,1,40000.0,2026-09-27 17:00:00+00:00,Sun 1:00PM
195922006,NFL GIANT $10 Double Up,153769,Classic,10.0,332,3448,103,30000.0,2026-09-27 17:00:00+00:00,Sun 1:00PM
195922007,NFL GIANT $10 Double Up [Single Entry],153769,Classic,10.0,231,2873,1,25000.0,2026-09-27 17:00:00+00:00,Sun 1:00PM
195921995,NFL GIANT $100 Double Up [Single Entry],153769,Classic,100.0,54,555,1,50000.0,2026-09-27 17:00:00+00:00,Sun 1:00PM
195921996,NFL GIANT $100 Double Up [Single Entry],153769,Classic,100.0,28,333,1,30000.0,2026-09-27 17:00:00+00:00,Sun 1:00PM
195921997,NFL GIANT $100 Double Up [Single Entry],153769,Classic,100.0,22,222,1,20000.0,2026-09-27 17:00:00+00:00,Sun 1:00PM
195921959,NFL $175K mini-MAX [150 Entry Max],153769,Classic,0.5,38720,416171,150,175000.0,2026-09-27 17:00:00+00:00,Sun 1:00PM
195921981,"NFL $125K Double Spy [$25K to 1st, Single Entry]",153769,Classic,200.0,66,694,1,125000.0,2026-09-27 17:00:00+00:00,Sun 1:00PM
195921982,"NFL $75K Double Spy [$20K to 1st, Single Entry]",153769,Classic,200.0,56,416,1,75000.0,2026-09-27 17:00:00+00:00,Sun 1:00PM
195923616,$14M 2026 Fantasy Football World Championship Qualifier #50,153769,Classic,10170.0,2,14,1,122450.0,2026-09-27 17:00:00+00:00,Sun 1:00PM
195923614,$14M 2026 Fantasy Football World Championship Qualifier #48,153769,Classic,10170.0,3,12,1,104960.0,2026-09-27 17:00:00+00:00,Sun 1:00PM
195923615,$14M 2026 Fantasy Football World Championship Qualifier #49,153769,Classic,10170.0,6,12,1,104960.0,2026-09-27 17:00:00+00:00,Sun 1:00PM
195923609,$14M 2026 Fantasy Football World Championship Qualifier #42,153769,Classic,18.0,1094,5000,150,76500.0,2026-09-27 17:00:00+00:00,Sun 1:00PM
195921937,NFL $100K Huddle [Single Entry],153769,Classic,5.0,2021,23781,1,100000.0,2026-09-27 17:00:00+00:00,Sun 1:00PM
195921938,NFL $10K Huddle [Single Entry],153769,Classic,5.0,804,2378,1,10000.0,2026-09-27 17:00:00+00:00,Sun 1:00PM
195923617,$14M 2026 Fantasy Football World Championship Qualifier #45,153769,Classic,490.0,58,235,7,97900.0,2026-09-27 17:00:00+00:00,Sun 1:00PM
195923610,$14M 2026 Fantasy Football World Championship Qualifier #43,153769,Classic,50.0,328,1734,52,73700.0,2026-09-27 17:00:00+00:00,Sun 1:00PM
195923611,$14M 2026 Fantasy Football World Championship Qualifier #44,153769,Classic,125.0,157,734,22,78000.0,2026-09-27 17:00:00+00:00,Sun 1:00PM
195923612,$14M 2026 Fantasy Football World Championship Qualifier #46,153769,Classic,1350.0,14,67,2,77800.0,2026-09-27 17:00:00+00:00,Sun 1:00PM
195921970,NFL $150K Three-Point Stance [5 Entry Max],153769,Classic,33.0,430,5300,5,150000.0,2026-09-27 17:00:00+00:00,Sun 1:00PM
195921935,NFL $100K Blind Side [Single Entry],153769,Classic,27.0,244,4319,1,100000.0,2026-09-27 17:00:00+00:00,Sun 1:00PM
195921993,NFL GIANT $250 Double Up [Single Entry],153769,Classic,250.0,15,177,1,40000.0,2026-09-27 17:00:00+00:00,Sun 1:00PM
195921939,NFL GIANT $250 Double Up [Single Entry],153769,Classic,250.0,8,88,1,20000.0,2026-09-27 17:00:00+00:00,Sun 1:00PM
195943267,NFL Showdown Single Entry $25 Double Up (ATL @ GB),153775,Showdown Captain Mode,25.0,61,459,1,10000.0,2026-09-25 00:15:00+00:00,Thu 8:15PM
195943268,NFL Showdown Single Entry $25 Double Up (ATL @ GB),153775,Showdown Captain Mode,25.0,34,229,1,5000.0,2026-09-25 00:15:00+00:00,Thu 8:15PM
195943269,NFL Showdown Single Entry $25 Double Up (ATL @ GB),153775,Showdown Captain Mode,25.0,10,45,1,1000.0,2026-09-25 00:15:00+00:00,Thu 8:15PM
195943286,NFL Showdown Single Entry $25 Double Up (ATL @ GB),153775,Showdown Captain Mode,25.0,11,45,1,1000.0,2026-09-25 00:15:00+00:00,Thu 8:15PM
195943287,NFL Showdown Single Entry $25 Double Up (ATL @ GB),153775,Showdown Captain Mode,25.0,9,45,1,1000.0,2026-09-25 00:15:00+00:00,Thu 8:15PM
195943288,NFL Showdown Single Entry $25 Double Up (ATL @ GB),153775,Showdown Captain Mode,25.0,8,45,1,1000.0,2026-09-25 00:15:00+00:00,Thu 8:15PM
195943289,NFL Showdown Single Entry $25 Double Up (ATL @ GB),153775,Showdown Captain Mode,25.0,8,45,1,1000.0,2026-09-25 00:15:00+00:00,Thu 8:15PM
195943258,NFL Showdown $250 Double Up (ATL @ GB),153775,Showdown Captain Mode,250.0,12,71,2,16000.0,2026-09-25 00:15:00+00:00,Thu 8:15PM
195943228,NFL Showdown $80K Thunderdome [$40K to 1st] (ATL @ GB),153775,Showdown Captain Mode,5300.0,8,16,1,80000.0,2026-09-25 00:15:00+00:00,Thu 8:15PM
195926756,NFL Showdown $20K Thunderdome [Must Fill] (ATL @ GB),153775,Showdown Captain Mode,5300.0,0,4,1,20000.0,2026-09-25 00:15:00+00:00,Thu 8:15PM
195943230,NFL Showdown $61K Luxury Box [$20K to 1st] (ATL @ GB),153775,Showdown Captain Mode,1500.0,9,43,1,61000.0,2026-09-25 00:15:00+00:00,Thu 8:15PM
195943231,NFL Showdown $21.3K Luxury Box [$10K to 1st] (ATL @ GB),153775,Showdown Captain Mode,1500.0,5,15,1,21300.0,2026-09-25 00:15:00+00:00,Thu 8:15PM
195923598,$14M 2026 Fantasy Football World Championship Qualifier #38 (ATL @ GB),153775,Showdown Captain Mode,490.0,63,200,6,83300.0,2026-09-25 00:15:00+00:00,Thu 8:15PM
195923601,$14M 2026 Fantasy Football World Championship Qualifier #41 (ATL @ GB),153775,Showdown Captain Mode,10170.0,6,10,1,87500.0,2026-09-25 00:15:00+00:00,Thu 8:15PM
195923600,$14M 2026 Fantasy Football World Championship Qualifier #40 (ATL @ GB),153775,Showdown Captain Mode,10170.0,6,10,1,87500.0,2026-09-25 00:15:00+00:00,Thu 8:15PM
195943225,NFL Showdown $100K mini-MAX [150 Entry Max] (ATL @ GB),153775,Showdown Captain Mode,0.5,39375,237812,150,100000.0,2026-09-25 00:15:00+00:00,Thu 8:15PM
195943238,NFL Showdown $70K First Down (ATL @ GB),153775,Showdown Captain Mode,1.0,8862,83234,20,70000.0,2026-09-25 00:15:00+00:00,Thu 8:15PM
195943253,"NFL Showdown $35K Bubble Screen [$10K to 1st, Single Entry] (ATL @ GB)",153775,Showdown Captain Mode,15.0,305,2745,1,35000.0,2026-09-25 00:15:00+00:00,Thu 8:15PM
195943254,"NFL Showdown $20K Bubble Screen [Single Entry, $5K to 1st] (ATL @ GB)",153775,Showdown Captain Mode,15.0,192,1568,1,20000.0,2026-09-25 00:15:00+00:00,Thu 8:15PM
195955871,NFL $300K Early Only Rush [$100K to 1st] (Early Only),153770,Classic,20.0,699,17647,150,300000.0,2026-09-27 17:00:00+00:00,Sun 1:00PM
195955828,NFL $120K Wildcat [$30K to 1st] (Early Only),153770,Classic,333.0,25,400,12,120000.0,2026-09-27 17:00:00+00:00,Sun 1:00PM
195955846,NFL $60K Huddle [Single Entry] (Early Only),153770,Classic,5.0,433,14268,1,60000.0,2026-09-27 17:00:00+00:00,Sun 1:00PM
195955824,NFL $10K Huddle [Single Entry] (Early Only),153770,Classic,5.0,160,2378,1,10000.0,2026-09-27 17:00:00+00:00,Sun 1:00PM
195955829,NFL $40K Flea Flicker [$10K to 1st] (Early Only),153770,Classic,5.0,576,9512,150,40000.0,2026-09-27 17:00:00+00:00,Sun 1:00PM
195943247,"NFL Showdown $40K Double Spy [$10K to 1st, Single Entry] (ATL @ GB)",153775,Showdown Captain Mode,200.0,20,222,1,40000.0,2026-09-25 00:15:00+00:00,Thu 8:15PM
195943248,NFL Showdown $10K Double Spy [Single Entry] (ATL @ GB),153775,Showdown Captain Mode,200.0,8,55,1,10000.0,2026-09-25 00:15:00+00:00,Thu 8:15PM
195923599,$14M 2026 Fantasy Football World Championship Qualifier #39 (ATL @ GB),153775,Showdown Captain Mode,5085.0,5,16,1,70000.0,2026-09-25 00:15:00+00:00,Thu 8:15PM
195943335,$3M NFL King of the Desert Qualifier #25 (ATL @ GB),153775,Showdown Captain Mode,100.0,76,267,8,22700.0,2026-09-25 00:15:00+00:00,Thu 8:15PM
195937535,NFL Showdown SUPERSatellite to NFL 11-1 Midseason Main Event [2x] (ATL @ GB),153775,Showdown Captain Mode,50.0,7,68,2,3000.0,2026-09-25 00:15:00+00:00,Thu 8:15PM
195937398,NFL Showdown SUPERSatellite to NFL $555 Fantasy Football Millionaire [10x] (ATL @ GB),153775,Showdown Captain Mode,63.0,17,100,3,5550.0,2026-09-25 00:15:00+00:00,Thu 8:15PM
195937518,"NFL Showdown $5,085 2026 FFWC Qualifier Satellite (ATL @ GB)",153775,Showdown Captain Mode,84.0,14,68,2,5085.0,2026-09-25 00:15:00+00:00,Thu 8:15PM
195943241,NFL Showdown $50K Power Sweep [5 Entry Max] (ATL @ GB),153775,Showdown Captain Mode,150.0,63,370,5,50000.0,2026-09-25 00:15:00+00:00,Thu 8:15PM
195943251,NFL Showdown $30K Red Zone [Single Entry] (ATL @ GB),153775,Showdown Captain Mode,50.0,43,681,1,30000.0,2026-09-25 00:15:00+00:00,Thu 8:15PM
195943252,NFL Showdown $20K Red Zone [Single Entry] (ATL @ GB),153775,Showdown Captain Mode,50.0,33,454,1,20000.0,2026-09-25 00:15:00+00:00,Thu 8:15PM
195937911,NFL $30K Screen Pass [$10K to 1st] (Thu-Mon),153768,Classic,15.0,621,2352,70,30000.0,2026-09-25 00:15:00+00:00,Thu 8:15PM
195937893,NFL $12K Pylon [Single Entry] (Thu-Mon),153768,Classic,3.0,1182,4756,1,12000.0,2026-09-25 00:15:00+00:00,Thu 8:15PM
195926982,NFL $20K Thunderdome [Must Fill] (Thu-Mon),153768,Classic,5300.0,0,4,1,20000.0,2026-09-25 00:15:00+00:00,Thu 8:15PM
195937891,NFL $7.5K Huddle [Single Entry] (Thu-Mon),153768,Classic,5.0,514,1783,1,7500.0,2026-09-25 00:15:00+00:00,Thu 8:15PM
195937886,NFL $6K Nickel [3 Entry Max] (Thu-Mon),153768,Classic,5.0,197,1426,3,6000.0,2026-09-25 00:15:00+00:00,Thu 8:15PM
195943246,NFL Showdown $25K Checkdown Pass [Single Entry] (ATL @ GB),153775,Showdown Captain Mode,777.0,5,35,1,25000.0,2026-09-25 00:15:00+00:00,Thu 8:15PM
195943243,NFL Showdown $20K Hard Count [5 Entry Max] (ATL @ GB),153775,Showdown Captain Mode,20.0,162,1176,5,20000.0,2026-09-25 00:15:00+00:00,Thu 8:15PM
195943284,NFL Showdown $20K Chain-Mover [$5K to 1st] (ATL @ GB),153775,Showdown Captain Mode,10.0,548,2352,70,20000.0,2026-09-25 00:15:00+00:00,Thu 8:15PM
195926757,NFL Showdown $100K Heavy Hitter [Must Fill] (ATL @ GB),153775,Showdown Captain Mode,26200.0,0,4,1,100000.0,2026-09-25 00:15:00+00:00,Thu 8:15PM
195926758,NFL Showdown $75K Heavy Hitter [Must Fill] (ATL @ GB),153775,Showdown Captain Mode,26200.0,0,3,1,75000.0,2026-09-25 00:15:00+00:00,Thu 8:15PM
195926759,NFL Showdown $60K Nosebleed Section [Must Fill] (ATL @ GB),153775,Showdown Captain Mode,10600.0,0,6,1,60000.0,2026-09-25 00:15:00+00:00,Thu 8:15PM
195943256,NFL Showdown $15K Pylon [Single Entry] (ATL @ GB),153775,Showdown Captain Mode,3.0,821,5945,1,15000.0,2026-09-25 00:15:00+00:00,Thu 8:15PM
195943244,NFL Showdown $15K Cover Four [5 Entry Max] (ATL @ GB),153775,Showdown Captain Mode,4.0,521,4458,5,15000.0,2026-09-25 00:15:00+00:00,Thu 8:15PM
195943242,NFL Showdown $15K Goal Line [5 Entry Max] (ATL @ GB),153775,Showdown Captain Mode,75.0,27,227,5,15000.0,2026-09-25 00:15:00+00:00,Thu 8:15PM
195922012,NFL $2 Double Up,153769,Classic,2.0,742,8620,20,15000.0,2026-09-27 17:00:00+00:00,Sun 1:00PM
195905123,NFL $125K First Down [20 Entry Max],153769,Classic,1.0,12885,148632,20,125000.0,2026-09-27 17:00:00+00:00,Sun 1:00PM
195921953,"NFL $100K Slant [$10K to 1st, 2x Min Cash]",153769,Classic,9.0,1730,13071,150,100000.0,2026-09-27 17:00:00+00:00,Sun 1:00PM
195921971,NFL $75K Screen Pass [5 Entry Max],153769,Classic,15.0,501,5882,5,75000.0,2026-09-27 17:00:00+00:00,Sun 1:00PM
195921972,NFL $30K Screen Pass [3 Entry Max],153769,Classic,15.0,320,2352,3,30000.0,2026-09-27 17:00:00+00:00,Sun 1:00PM
195921945,NFL $100K Pocket Passer [4 Entry Max],153769,Classic,250.0,56,444,4,100000.0,2026-09-27 17:00:00+00:00,Sun 1:00PM
195921949,"NFL $80K Octopus [$20K to 1st, 8 Entry Max]",153769,Classic,88.0,99,1033,8,80000.0,2026-09-27 17:00:00+00:00,Sun 1:00PM
195954424,NFL Showdown $80K Showdown Special [$20K to 1st] (LAC @ BUF),153777,Showdown Captain Mode,15.0,68,6274,150,80000.0,2026-09-27 17:00:00+00:00,Sun 1:00PM
195955104,NFL Showdown $20K Thunderdome [Must Fill] (LAC @ BUF),153777,Showdown Captain Mode,5300.0,0,4,1,20000.0,2026-09-27 17:00:00+00:00,Sun 1:00PM
195954425,NFL Showdown $8K Flea Flicker [$2K to 1st] (LAC @ BUF),153777,Showdown Captain Mode,5.0,17,1902,57,8000.0,2026-09-27 17:00:00+00:00,Sun 1:00PM
195954433,NFL Showdown $6K Huddle [Single Entry] (LAC @ BUF),153777,Showdown Captain Mode,5.0,43,1426,1,6000.0,2026-09-27 17:00:00+00:00,Sun 1:00PM
195954421,NFL Showdown $5.2K Deep Threat [$2K to 1st] (LAC @ BUF),153777,Showdown Captain Mode,180.0,0,32,1,5200.0,2026-09-27 17:00:00+00:00,Sun 1:00PM
195921947,"NFL $80K 11 Personnel Special [$15K to 1st, 11 Entry Max]",153769,Classic,111.0,114,800,11,80000.0,2026-09-27 17:00:00+00:00,Sun 1:00PM
195921965,NFL $70K Touch Pass [3 Entry Max],153769,Classic,777.0,19,100,3,70000.0,2026-09-27 17:00:00+00:00,Sun 1:00PM
195921989,NFL $40K Pylon [Single Entry],153769,Classic,3.0,1153,15854,1,40000.0,2026-09-27 17:00:00+00:00,Sun 1:00PM
195921990,NFL $20K Pylon [Single Entry],153769,Classic,3.0,801,7927,1,20000.0,2026-09-27 17:00:00+00:00,Sun 1:00PM
195922019,"NFL $60K Super Booster [Top 60 Win $1,000]",153769,Classic,27.0,225,2591,77,60000.0,2026-09-27 17:00:00+00:00,Sun 1:00PM
195926882,NFL Single Stat $20K Thunderdome [Must Fill] (ATL @ GB Total Yards),153806,Single Stat - Total Yards,5300.0,0,4,1,20000.0,2026-09-25 00:15:00+00:00,Thu 8:15PM
195926885,"NFL Single Stat $10,170 2026 FFWC Qualifier Satellite [Must Fill] (ATL @ GB Total Yards)",153806,Single Stat - Total Yards,3592.0,0,3,1,10170.0,2026-09-25 00:15:00+00:00,Thu 8:15PM
195937753,NFL Single Stat $3K Winner Take All [20 Entry Max] (ATL @ GB Total Yards),153806,Single Stat - Total Yards,5.0,109,713,20,3000.0,2026-09-25 00:15:00+00:00,Thu 8:15PM
195937728,NFL Single Stat $1K Winner Take All [Single Entry] (ATL @ GB Total Yards),153806,Single Stat - Total Yards,5.0,23,237,1,1000.0,2026-09-25 00:15:00+00:00,Thu 8:15PM
195937727,NFL Single Stat $1K Winner Take All [3 Entry Max] (ATL @ GB Total Yards),153806,Single Stat - Total Yards,1.0,333,1189,3,1000.0,2026-09-25 00:15:00+00:00,Thu 8:15PM
195943237,NFL Showdown $12K Safety [20 Entry Max] (ATL @ GB),153775,Showdown Captain Mode,2.0,1054,7134,20,12000.0,2026-09-25 00:15:00+00:00,Thu 8:15PM
195943255,NFL Showdown $10K Dimeback [Single Entry] (ATL @ GB),153775,Showdown Captain Mode,6.0,240,1960,1,10000.0,2026-09-25 00:15:00+00:00,Thu 8:15PM
195943239,NFL Showdown $10K Quarter Jukebox [Just $0.25!] (ATL @ GB),153775,Showdown Captain Mode,0.25,7580,47562,20,10000.0,2026-09-25 00:15:00+00:00,Thu 8:15PM
195943257,NFL Showdown $7.5K Daily Dollar [Single Entry] (ATL @ GB),153775,Showdown Captain Mode,1.0,1118,8917,1,7500.0,2026-09-25 00:15:00+00:00,Thu 8:15PM
195943245,NFL Showdown $7.5K Singleback [5 Entry Max] (ATL @ GB),153775,Showdown Captain Mode,1.0,997,8917,5,7500.0,2026-09-25 00:15:00+00:00,Thu 8:15PM
195955840,"NFL $40K Spy [$10K to 1st, Single Entry] (Early Only)",153770,Classic,100.0,27,444,1,40000.0,2026-09-27 17:00:00+00:00,Sun 1:00PM
195955841,NFL $25K Spy [Single Entry] (Early Only),153770,Classic,100.0,6,277,1,25000.0,2026-09-27 17:00:00+00:00,Sun 1:00PM
195955830,NFL $35K Play-Action [20 Entry Max] (Early Only),153770,Classic,3.0,436,13872,20,35000.0,2026-09-27 17:00:00+00:00,Sun 1:00PM
195955827,NFL $40K Bootleg [$10K to 1st]  (Early Only),153770,Classic,33.0,79,1413,42,40000.0,2026-09-27 17:00:00+00:00,Sun 1:00PM
195955904,NFL Tiers $30K Flea Flicker [$10K to 1st],153803,Tiers,5.0,635,7134,150,30000.0,2026-09-27 17:00:00+00:00,Sun 1:00PM
195956675,NFL Tiers $20K Thunderdome [Must Fill],153803,Tiers,5300.0,0,4,1,20000.0,2026-09-27 17:00:00+00:00,Sun 1:00PM
195955912,NFL Tiers $7.5K Huddle [Single Entry],153803,Tiers,5.0,85,1783,1,7500.0,2026-09-27 17:00:00+00:00,Sun 1:00PM
195955909,NFL Tiers $5K Triple Option [3 Entry Max],153803,Tiers,3.0,91,1981,3,5000.0,2026-09-27 17:00:00+00:00,Sun 1:00PM
195955906,NFL Tiers $6K First Down [20 Entry Max],153803,Tiers,1.0,460,7134,20,6000.0,2026-09-27 17:00:00+00:00,Sun 1:00PM
195922020,NFL $20K Super Booster [Top 200 Win $100],153769,Classic,4.0,700,5945,20,20000.0,2026-09-27 17:00:00+00:00,Sun 1:00PM
195922018,"NFL $12K Super Booster [Top 12 Win $1,000]",153769,Classic,50.0,37,272,8,12000.0,2026-09-27 17:00:00+00:00,Sun 1:00PM
195922021,NFL $10K Super Booster [Top 500 Win $20],153769,Classic,2.0,544,5945,20,10000.0,2026-09-27 17:00:00+00:00,Sun 1:00PM
195923613,$14M 2026 Fantasy Football World Championship Qualifier #47,153769,Classic,5085.0,5,16,1,70000.0,2026-09-27 17:00:00+00:00,Sun 1:00PM
195943337,$3M NFL King of the Desert Qualifier #26,153769,Classic,5.0,963,5231,150,22000.0,2026-09-27 17:00:00+00:00,Sun 1:00PM
195943338,$3M NFL King of the Desert Qualifier #27,153769,Classic,50.0,99,500,15,21250.0,2026-09-27 17:00:00+00:00,Sun 1:00PM
195943339,$3M NFL King of the Desert Qualifier #28,153769,Classic,4650.0,2,5,1,20000.0,2026-09-27 17:00:00+00:00,Sun 1:00PM
195927330,NFL SUPERSatellite to NFL 11-1 Midseason Main Event [10x],153769,Classic,165.0,14,101,3,15000.0,2026-09-27 17:00:00+00:00,Sun 1:00PM
195921931,NFL $50K Spin Move [Single Entry],153769,Classic,300.0,17,185,1,50000.0,2026-09-27 17:00:00+00:00,Sun 1:00PM
195921980,NFL $10K Spin Move [Single Entry],153769,Classic,300.0,5,37,1,10000.0,2026-09-27 17:00:00+00:00,Sun 1:00PM
195921952,NFL $50K 1st and 10 [10 Entry Max],153769,Classic,10.0,576,5882,10,50000.0,2026-09-27 17:00:00+00:00,Sun 1:00PM
195921956,NFL $50K MEGA mini-MAX [150 Entry Max],153769,Classic,2.0,3787,29726,150,50000.0,2026-09-27 17:00:00+00:00,Sun 1:00PM
195921979,NFL $50K Stiff Arm [Single Entry],153769,Classic,555.0,15,100,1,50000.0,2026-09-27 17:00:00+00:00,Sun 1:00PM
195922198,NFL $40K Front Four [20 Entry Max],153769,Classic,4.0,1172,11890,20,40000.0,2026-09-27 17:00:00+00:00,Sun 1:00PM
195921985,NFL $35K End Zone [Single Entry],153769,Classic,75.0,38,530,1,35000.0,2026-09-27 17:00:00+00:00,Sun 1:00PM
195921973,NFL $40K Engage Eight [5 Entry Max],153769,Classic,8.0,587,5882,5,40000.0,2026-09-27 17:00:00+00:00,Sun 1:00PM
195921974,NFL $40K Nickel [5 Entry Max],153769,Classic,5.0,832,9512,5,40000.0,2026-09-27 17:00:00+00:00,Sun 1:00PM
195922017,NFL GIANT $530 50-50 [Top 50% Win],153769,Classic,530.0,5,40,1,20000.0,2026-09-27 17:00:00+00:00,Sun 1:00PM
195922010,NFL Single Entry $5 Double Up,153769,Classic,5.0,241,3448,1,15000.0,2026-09-27 17:00:00+00:00,Sun 1:00PM
195922011,NFL Single Entry $5 Double Up,153769,Classic,5.0,188,2298,1,10000.0,2026-09-27 17:00:00+00:00,Sun 1:00PM
195943240,NFL Showdown $4K Dime Package [Just $0.10!] (ATL @ GB),153775,Showdown Captain Mode,0.1,9712,47562,20,4000.0,2026-09-25 00:15:00+00:00,Thu 8:15PM
195943261,NFL Showdown Single Entry $100 Double Up (ATL @ GB),153775,Showdown Captain Mode,100.0,14,88,1,8000.0,2026-09-25 00:15:00+00:00,Thu 8:15PM
195943262,NFL Showdown Single Entry $100 Double Up (ATL @ GB),153775,Showdown Captain Mode,100.0,6,44,1,4000.0,2026-09-25 00:15:00+00:00,Thu 8:15PM
195943271,NFL Showdown Single Entry $10 Double Up (ATL @ GB),153775,Showdown Captain Mode,10.0,73,574,1,5000.0,2026-09-25 00:15:00+00:00,Thu 8:15PM
195943272,NFL Showdown Single Entry $10 Double Up (ATL @ GB),153775,Showdown Captain Mode,10.0,48,344,1,3000.0,2026-09-25 00:15:00+00:00,Thu 8:15PM
195943264,NFL Showdown Single Entry $50 Double Up (ATL @ GB),153775,Showdown Captain Mode,50.0,15,90,1,4000.0,2026-09-25 00:15:00+00:00,Thu 8:15PM
195943265,NFL Showdown Single Entry $50 Double Up (ATL @ GB),153775,Showdown Captain Mode,50.0,7,45,1,2000.0,2026-09-25 00:15:00+00:00,Thu 8:15PM
195943277,NFL Showdown $2 Double Up (ATL @ GB),153775,Showdown Captain Mode,2.0,297,2298,20,4000.0,2026-09-25 00:15:00+00:00,Thu 8:15PM
195943279,"NFL Showdown $1,060 50-50 [Top 50% Win] (ATL @ GB)",153775,Showdown Captain Mode,1060.0,5,10,1,10000.0,2026-09-25 00:15:00+00:00,Thu 8:15PM
195943281,"NFL Showdown $10K Super Booster [Top 10 Win $1,000] (ATL @ GB)",153775,Showdown Captain Mode,27.0,97,431,12,10000.0,2026-09-25 00:15:00+00:00,Thu 8:15PM
195943282,NFL Showdown $4K Super Booster [Top 40 Win $100] (ATL @ GB),153775,Showdown Captain Mode,4.0,266,1189,20,4000.0,2026-09-25 00:15:00+00:00,Thu 8:15PM
195943283,NFL Showdown $2K Super Booster [Top 100 Win $20] (ATL @ GB),153775,Showdown Captain Mode,2.0,276,1189,20,2000.0,2026-09-25 00:15:00+00:00,Thu 8:15PM
195943280,NFL Showdown $530 50-50 [Top 50% Win] (ATL @ GB),153775,Showdown Captain Mode,530.0,5,16,1,8000.0,2026-09-25 00:15:00+00:00,Thu 8:15PM
195943273,NFL Showdown $5 Double Up (ATL @ GB),153775,Showdown Captain Mode,5.0,283,1609,48,7000.0,2026-09-25 00:15:00+00:00,Thu 8:15PM
195937887,NFL $5K Spy [Single Entry] (Thu-Mon),153768,Classic,100.0,12,55,1,5000.0,2026-09-25 00:15:00+00:00,Thu 8:15PM
195937875,NFL $4K Flea Flicker [$1K to 1st] (Thu-Mon),153768,Classic,5.0,174,951,28,4000.0,2026-09-25 00:15:00+00:00,Thu 8:15PM
195937879,NFL $5K First Down [20 Entry Max] (Thu-Mon),153768,Classic,1.0,1320,5945,20,5000.0,2026-09-25 00:15:00+00:00,Thu 8:15PM
195937889,NFL $3K Red Zone [Single Entry] (Thu-Mon),153768,Classic,50.0,11,68,1,3000.0,2026-09-25 00:15:00+00:00,Thu 8:15PM
195937873,NFL $4K Bootleg [$1K to 1st] (Thu-Mon),153768,Classic,33.0,32,141,4,4000.0,2026-09-25 00:15:00+00:00,Thu 8:15PM
195921992,NFL $250 Double Up,153769,Classic,250.0,5,71,2,16000.0,2026-09-27 17:00:00+00:00,Sun 1:00PM
195921976,NFL $25K Triple Option [5 Entry Max],153769,Classic,3.0,938,9908,5,25000.0,2026-09-27 17:00:00+00:00,Sun 1:00PM
195921950,NFL $30K 4th and 10 [10 Entry Max],153769,Classic,40.0,93,874,10,30000.0,2026-09-27 17:00:00+00:00,Sun 1:00PM
195921975,NFL $20K Cover Four [5 Entry Max],153769,Classic,4.0,572,5945,5,20000.0,2026-09-27 17:00:00+00:00,Sun 1:00PM
195921957,NFL $20K Safety [20 Entry Max],153769,Classic,2.0,1022,11890,20,20000.0,2026-09-27 17:00:00+00:00,Sun 1:00PM
195921969,NFL $25K Goal Line [5 Entry Max],153769,Classic,75.0,50,378,5,25000.0,2026-09-27 17:00:00+00:00,Sun 1:00PM
195921948,NFL $30K Hot Route [$5K to 1st],153769,Classic,100.0,70,334,10,30100.0,2026-09-27 17:00:00+00:00,Sun 1:00PM
195921946,NFL $20K Touchdown,153769,Classic,200.0,21,111,3,20000.0,2026-09-27 17:00:00+00:00,Sun 1:00PM
195921960,NFL $20K Quarter Jukebox [Just $0.25!] ,153769,Classic,0.25,8999,95124,20,20000.0,2026-09-27 17:00:00+00:00,Sun 1:00PM
195921131,NFL $100K Heavy Hitter [Must Fill],153769,Classic,26200.0,0,4,1,100000.0,2026-09-27 17:00:00+00:00,Sun 1:00PM
195921132,NFL $75K Heavy Hitter [Must Fill],153769,Classic,26200.0,0,3,1,75000.0,2026-09-27 17:00:00+00:00,Sun 1:00PM
195921133,NFL $60K Nosebleed Section [Must Fill],153769,Classic,10600.0,0,6,1,60000.0,2026-09-27 17:00:00+00:00,Sun 1:00PM
195921991,NFL $15K Daily Dollar [Single Entry],153769,Classic,1.0,1457,17835,1,15000.0,2026-09-27 17:00:00+00:00,Sun 1:00PM
195943260,NFL Showdown $100 Double Up (ATL @ GB),153775,Showdown Captain Mode,100.0,16,68,2,6200.0,2026-09-25 00:15:00+00:00,Thu 8:15PM
195937519,"NFL Showdown $5,085 2026 FFWC Qualifier Satellite (ATL @ GB)",153775,Showdown Captain Mode,513.0,3,11,1,5085.0,2026-09-25 00:15:00+00:00,Thu 8:15PM
195954511,NFL Showdown $15K Showdown Special [$5K to 1st] (NYJ @ DET),153783,Showdown Captain Mode,10.0,26,1764,52,15000.0,2026-09-27 17:00:00+00:00,Sun 1:00PM
195955704,NFL Showdown $20K Thunderdome [Must Fill] (NYJ @ DET),153783,Showdown Captain Mode,5300.0,0,4,1,20000.0,2026-09-27 17:00:00+00:00,Sun 1:00PM
195955707,"NFL Showdown $10,170 2026 FFWC Qualifier Satellite [Must Fill] (NYJ @ DET)",153783,Showdown Captain Mode,3592.0,0,3,1,10170.0,2026-09-27 17:00:00+00:00,Sun 1:00PM
195954516,NFL Showdown $2K Huddle [Single Entry] (NYJ @ DET),153783,Showdown Captain Mode,5.0,17,475,1,2000.0,2026-09-27 17:00:00+00:00,Sun 1:00PM
195954512,NFL Showdown $2K Play-Action [20 Entry Max] (NYJ @ DET),153783,Showdown Captain Mode,3.0,54,792,20,2000.0,2026-09-27 17:00:00+00:00,Sun 1:00PM
195921951,NFL $15K Hail Mary,153769,Classic,12.0,119,1470,44,15000.0,2026-09-27 17:00:00+00:00,Sun 1:00PM
195921977,NFL $15K Singleback [5 Entry Max],153769,Classic,1.0,1417,17835,5,15000.0,2026-09-27 17:00:00+00:00,Sun 1:00PM
195922015,"NFL $2,120 50-50 [Top 50% Win]",153769,Classic,2120.0,1,8,1,16000.0,2026-09-27 17:00:00+00:00,Sun 1:00PM
195922016,"NFL $1,060 50-50 [Top 50% Win]",153769,Classic,1060.0,2,14,1,14000.0,2026-09-27 17:00:00+00:00,Sun 1:00PM
195922008,NFL Single Entry $10 Double Up,153769,Classic,10.0,119,1149,1,10000.0,2026-09-27 17:00:00+00:00,Sun 1:00PM
195954410,NFL Showdown $15K Showdown Special [$5K to 1st] (NE @ JAX),153776,Showdown Captain Mode,10.0,13,1764,52,15000.0,2026-09-27 17:00:00+00:00,Sun 1:00PM
195955004,NFL Showdown $20K Thunderdome [Must Fill] (NE @ JAX),153776,Showdown Captain Mode,5300.0,0,4,1,20000.0,2026-09-27 17:00:00+00:00,Sun 1:00PM
195955007,"NFL Showdown $10,170 2026 FFWC Qualifier Satellite [Must Fill] (NE @ JAX)",153776,Showdown Captain Mode,3592.0,0,3,1,10170.0,2026-09-27 17:00:00+00:00,Sun 1:00PM
195954415,NFL Showdown $2K Huddle [Single Entry] (NE @ JAX),153776,Showdown Captain Mode,5.0,21,475,1,2000.0,2026-09-27 17:00:00+00:00,Sun 1:00PM
195954411,NFL Showdown $2K Play-Action [20 Entry Max] (NE @ JAX),153776,Showdown Captain Mode,3.0,59,792,20,2000.0,2026-09-27 17:00:00+00:00,Sun 1:00PM
195954471,NFL Showdown $15K Showdown Special [$5K to 1st] (KC @ MIA),153780,Showdown Captain Mode,10.0,38,1764,52,15000.0,2026-09-27 17:00:00+00:00,Sun 1:00PM
195955404,NFL Showdown $20K Thunderdome [Must Fill] (KC @ MIA),153780,Showdown Captain Mode,5300.0,0,4,1,20000.0,2026-09-27 17:00:00+00:00,Sun 1:00PM
195955407,"NFL Showdown $10,170 2026 FFWC Qualifier Satellite [Must Fill] (KC @ MIA)",153780,Showdown Captain Mode,3592.0,0,3,1,10170.0,2026-09-27 17:00:00+00:00,Sun 1:00PM
195954476,NFL Showdown $2K Huddle [Single Entry] (KC @ MIA),153780,Showdown Captain Mode,5.0,15,475,1,2000.0,2026-09-27 17:00:00+00:00,Sun 1:00PM
195954472,NFL Showdown $2K Play-Action [20 Entry Max] (KC @ MIA),153780,Showdown Captain Mode,3.0,58,792,20,2000.0,2026-09-27 17:00:00+00:00,Sun 1:00PM
195955899,NFL $15K Sun-Mon Special [$5K to 1st] (Sun-Mon),153771,Classic,18.0,86,980,29,15000.0,2026-09-27 17:00:00+00:00,Sun 1:00PM
195956775,NFL $20K Thunderdome [Must Fill] (Sun-Mon),153771,Classic,5300.0,0,4,1,20000.0,2026-09-27 17:00:00+00:00,Sun 1:00PM
195955878,NFL $10K Huddle [Single Entry] (Sun-Mon),153771,Classic,5.0,105,2378,1,10000.0,2026-09-27 17:00:00+00:00,Sun 1:00PM
195955892,NFL $4K Fair Catch [Single Entry] (Sun-Mon),153771,Classic,12.0,21,392,1,4000.0,2026-09-27 17:00:00+00:00,Sun 1:00PM
195955886,NFL $4K Flea Flicker [$1K to 1st] (Sun-Mon),153771,Classic,5.0,63,951,28,4000.0,2026-09-27 17:00:00+00:00,Sun 1:00PM
195937363,"NFL Showdown Satellite to NFL $4,444 Fantasy Football MEGA Millionaire (ATL @ GB)",153775,Showdown Captain Mode,448.0,1,11,1,4444.0,2026-09-25 00:15:00+00:00,Thu 8:15PM
195937362,"NFL Showdown Satellite to NFL $4,444 Fantasy Football MEGA Millionaire (ATL @ GB)",153775,Showdown Captain Mode,448.0,1,11,1,4444.0,2026-09-25 00:15:00+00:00,Thu 8:15PM
195937365,"NFL Showdown Satellite to NFL $4,444 Fantasy Football MEGA Millionaire (ATL @ GB)",153775,Showdown Captain Mode,176.0,3,28,1,4444.0,2026-09-25 00:15:00+00:00,Thu 8:15PM
195937364,"NFL Showdown Satellite to NFL $4,444 Fantasy Football MEGA Millionaire (ATL @ GB)",153775,Showdown Captain Mode,176.0,4,28,1,4444.0,2026-09-25 00:15:00+00:00,Thu 8:15PM
195943259,NFL Showdown Single Entry $250 Double Up (ATL @ GB),153775,Showdown Captain Mode,250.0,5,22,1,5000.0,2026-09-25 00:15:00+00:00,Thu 8:15PM
195943263,NFL Showdown $50 Double Up (ATL @ GB),153775,Showdown Captain Mode,50.0,15,68,2,3000.0,2026-09-25 00:15:00+00:00,Thu 8:15PM
195943266,NFL Showdown $25 Double Up (ATL @ GB),153775,Showdown Captain Mode,25.0,24,137,4,3000.0,2026-09-25 00:15:00+00:00,Thu 8:15PM
195943278,NFL Showdown Single Entry $2 Double Up (ATL @ GB),153775,Showdown Captain Mode,2.0,115,574,1,1000.0,2026-09-25 00:15:00+00:00,Thu 8:15PM
195937366,"NFL Showdown Satellite to NFL $4,444 Fantasy Football MEGA Millionaire (ATL @ GB)",153775,Showdown Captain Mode,75.0,10,67,2,4444.0,2026-09-25 00:15:00+00:00,Thu 8:15PM
195937522,"NFL Showdown Satellite to NFL 10-12 $4,444 Showdown MEGA Millionaire (ATL @ GB)",153775,Showdown Captain Mode,13.0,80,402,12,4444.0,2026-09-25 00:15:00+00:00,Thu 8:15PM
195937524,"NFL Showdown Satellite to NFL 10-12 $4,444 Showdown MEGA Millionaire (ATL @ GB)",153775,Showdown Captain Mode,70.0,10,72,2,4444.0,2026-09-25 00:15:00+00:00,Thu 8:15PM
195937526,"NFL Showdown Satellite to NFL 10-12 $4,444 Showdown MEGA Millionaire (ATL @ GB)",153775,Showdown Captain Mode,176.0,3,28,1,4444.0,2026-09-25 00:15:00+00:00,Thu 8:15PM
195937525,"NFL Showdown Satellite to NFL 10-12 $4,444 Showdown MEGA Millionaire (ATL @ GB)",153775,Showdown Captain Mode,176.0,3,28,1,4444.0,2026-09-25 00:15:00+00:00,Thu 8:15PM
195937528,"NFL Showdown Satellite to NFL 10-12 $4,444 Showdown MEGA Millionaire (ATL @ GB)",153775,Showdown Captain Mode,448.0,1,11,1,4444.0,2026-09-25 00:15:00+00:00,Thu 8:15PM
195937527,"NFL Showdown Satellite to NFL 10-12 $4,444 Showdown MEGA Millionaire (ATL @ GB)",153775,Showdown Captain Mode,448.0,1,11,1,4444.0,2026-09-25 00:15:00+00:00,Thu 8:15PM
195937367,"NFL Showdown Satellite to NFL $4,444 Fantasy Football MEGA Millionaire (ATL @ GB)",153775,Showdown Captain Mode,37.0,20,140,4,4444.0,2026-09-25 00:15:00+00:00,Thu 8:15PM
195937523,"NFL Showdown Satellite to NFL 10-12 $4,444 Showdown MEGA Millionaire (ATL @ GB)",153775,Showdown Captain Mode,37.0,21,140,4,4444.0,2026-09-25 00:15:00+00:00,Thu 8:15PM
195926762,"NFL Showdown $10,170 2026 FFWC Qualifier Satellite [Must Fill] (ATL @ GB)",153775,Showdown Captain Mode,3592.0,0,3,1,10170.0,2026-09-25 00:15:00+00:00,Thu 8:15PM
195937536,NFL Showdown Satellite to NFL 11-1 Midseason Main Event (ATL @ GB),153775,Showdown Captain Mode,17.0,21,103,3,1500.0,2026-09-25 00:15:00+00:00,Thu 8:15PM
195955204,NFL Showdown $20K Thunderdome [Must Fill] (CIN @ PIT),153778,Showdown Captain Mode,5300.0,0,4,1,20000.0,2026-09-27 17:00:00+00:00,Sun 1:00PM
195954444,NFL Showdown $10K Showdown Special [$2K to 1st] (CIN @ PIT),153778,Showdown Captain Mode,10.0,15,1176,35,10000.0,2026-09-27 17:00:00+00:00,Sun 1:00PM
195955207,"NFL Showdown $10,170 2026 FFWC Qualifier Satellite [Must Fill] (CIN @ PIT)",153778,Showdown Captain Mode,3592.0,0,3,1,10170.0,2026-09-27 17:00:00+00:00,Sun 1:00PM
195954449,NFL Showdown $1.5K Huddle [Single Entry] (CIN @ PIT),153778,Showdown Captain Mode,5.0,10,356,1,1500.0,2026-09-27 17:00:00+00:00,Sun 1:00PM
195954445,NFL Showdown $1.5K Play-Action (CIN @ PIT),153778,Showdown Captain Mode,3.0,54,594,17,1500.0,2026-09-27 17:00:00+00:00,Sun 1:00PM
195955304,NFL Showdown $20K Thunderdome [Must Fill] (HOU @ IND),153779,Showdown Captain Mode,5300.0,0,4,1,20000.0,2026-09-27 17:00:00+00:00,Sun 1:00PM
195954457,NFL Showdown $10K Showdown Special [$2K to 1st] (HOU @ IND),153779,Showdown Captain Mode,10.0,10,1176,35,10000.0,2026-09-27 17:00:00+00:00,Sun 1:00PM
195955307,"NFL Showdown $10,170 2026 FFWC Qualifier Satellite [Must Fill] (HOU @ IND)",153779,Showdown Captain Mode,3592.0,0,3,1,10170.0,2026-09-27 17:00:00+00:00,Sun 1:00PM
195954462,NFL Showdown $1.5K Huddle [Single Entry] (HOU @ IND),153779,Showdown Captain Mode,5.0,14,356,1,1500.0,2026-09-27 17:00:00+00:00,Sun 1:00PM
195954458,NFL Showdown $1.5K Play-Action (HOU @ IND),153779,Showdown Captain Mode,3.0,46,594,17,1500.0,2026-09-27 17:00:00+00:00,Sun 1:00PM
195955504,NFL Showdown $20K Thunderdome [Must Fill] (SEA @ WAS),153781,Showdown Captain Mode,5300.0,0,4,1,20000.0,2026-09-27 17:00:00+00:00,Sun 1:00PM
195954484,NFL Showdown $10K Showdown Special [$2K to 1st] (SEA @ WAS),153781,Showdown Captain Mode,10.0,10,1176,35,10000.0,2026-09-27 17:00:00+00:00,Sun 1:00PM
195955507,"NFL Showdown $10,170 2026 FFWC Qualifier Satellite [Must Fill] (SEA @ WAS)",153781,Showdown Captain Mode,3592.0,0,3,1,10170.0,2026-09-27 17:00:00+00:00,Sun 1:00PM
195954489,NFL Showdown $1.5K Huddle [Single Entry] (SEA @ WAS),153781,Showdown Captain Mode,5.0,10,356,1,1500.0,2026-09-27 17:00:00+00:00,Sun 1:00PM
195954485,NFL Showdown $1.5K Play-Action (SEA @ WAS),153781,Showdown Captain Mode,3.0,46,594,17,1500.0,2026-09-27 17:00:00+00:00,Sun 1:00PM
195955604,NFL Showdown $20K Thunderdome [Must Fill] (TEN @ NYG),153782,Showdown Captain Mode,5300.0,0,4,1,20000.0,2026-09-27 17:00:00+00:00,Sun 1:00PM
195954497,NFL Showdown $10K Showdown Special [$2K to 1st] (TEN @ NYG),153782,Showdown Captain Mode,10.0,10,1176,35,10000.0,2026-09-27 17:00:00+00:00,Sun 1:00PM
195955607,"NFL Showdown $10,170 2026 FFWC Qualifier Satellite [Must Fill] (TEN @ NYG)",153782,Showdown Captain Mode,3592.0,0,3,1,10170.0,2026-09-27 17:00:00+00:00,Sun 1:00PM
195954502,NFL Showdown $1.5K Huddle [Single Entry] (TEN @ NYG),153782,Showdown Captain Mode,5.0,12,356,1,1500.0,2026-09-27 17:00:00+00:00,Sun 1:00PM
195954498,NFL Showdown $1.5K Play-Action (TEN @ NYG),153782,Showdown Captain Mode,3.0,41,594,17,1500.0,2026-09-27 17:00:00+00:00,Sun 1:00PM
195955804,NFL Showdown $20K Thunderdome [Must Fill] (CAR @ CLE),153784,Showdown Captain Mode,5300.0,0,4,1,20000.0,2026-09-27 17:00:00+00:00,Sun 1:00PM
195954524,NFL Showdown $10K Showdown Special [$2K to 1st] (CAR @ CLE),153784,Showdown Captain Mode,10.0,15,1176,35,10000.0,2026-09-27 17:00:00+00:00,Sun 1:00PM
195955807,"NFL Showdown $10,170 2026 FFWC Qualifier Satellite [Must Fill] (CAR @ CLE)",153784,Showdown Captain Mode,3592.0,0,3,1,10170.0,2026-09-27 17:00:00+00:00,Sun 1:00PM
195954529,NFL Showdown $1.5K Huddle [Single Entry] (CAR @ CLE),153784,Showdown Captain Mode,5.0,13,356,1,1500.0,2026-09-27 17:00:00+00:00,Sun 1:00PM
195954525,NFL Showdown $1.5K Play-Action (CAR @ CLE),153784,Showdown Captain Mode,3.0,45,594,17,1500.0,2026-09-27 17:00:00+00:00,Sun 1:00PM
195928818,NFL Single Stat $20K Thunderdome [Must Fill] (Touchdowns),153805,Single Stat - Touchdowns,5300.0,0,4,1,20000.0,2026-09-27 17:00:00+00:00,Sun 1:00PM
195928821,"NFL Single Stat $10,170 2026 FFWC Qualifier Satellite [Must Fill] (Touchdowns)",153805,Single Stat - Touchdowns,3592.0,0,3,1,10170.0,2026-09-27 17:00:00+00:00,Sun 1:00PM
195928682,NFL Single Stat $3K Winner Take All [20 Entry Max] (Touchdowns),153805,Single Stat - Touchdowns,5.0,46,713,20,3000.0,2026-09-27 17:00:00+00:00,Sun 1:00PM
195928709,NFL Single Stat $1K Winner Take All [Single Entry] (Touchdowns),153805,Single Stat - Touchdowns,5.0,23,237,1,1000.0,2026-09-27 17:00:00+00:00,Sun 1:00PM
195937907,NFL Single Entry $5 Double Up (Thu-Mon),153768,Classic,5.0,93,344,1,1500.0,2026-09-25 00:15:00+00:00,Thu 8:15PM
195937900,NFL Single Entry $25 Double Up (Thu-Mon),153768,Classic,25.0,32,91,1,2000.0,2026-09-25 00:15:00+00:00,Thu 8:15PM
195937902,NFL Single Entry $25 Double Up (Thu-Mon),153768,Classic,25.0,18,45,1,1000.0,2026-09-25 00:15:00+00:00,Thu 8:15PM
195937913,NFL Single Entry $25 Double Up (Thu-Mon),153768,Classic,25.0,16,45,1,1000.0,2026-09-25 00:15:00+00:00,Thu 8:15PM
195937906,NFL $5 Double Up (Thu-Mon),153768,Classic,5.0,61,229,6,1000.0,2026-09-25 00:15:00+00:00,Thu 8:15PM
195937899,NFL $25 Double Up (Thu-Mon),153768,Classic,25.0,18,68,2,1500.0,2026-09-25 00:15:00+00:00,Thu 8:15PM
195937895,NFL Single Entry $250 Double Up (Thu-Mon),153768,Classic,250.0,8,11,1,2500.0,2026-09-25 00:15:00+00:00,Thu 8:15PM
195937890,NFL $5K Fair Catch [Single Entry] (Thu-Mon),153768,Classic,12.0,138,490,1,5000.0,2026-09-25 00:15:00+00:00,Thu 8:15PM
195937871,NFL $6K Wildcat [Single Entry] (Thu-Mon),153768,Classic,333.0,7,20,1,6000.0,2026-09-25 00:15:00+00:00,Thu 8:15PM
195937876,NFL $3K Play-Action [20 Entry Max] (Thu-Mon),153768,Classic,3.0,228,1189,20,3000.0,2026-09-25 00:15:00+00:00,Thu 8:15PM
195937880,NFL $3.5K mini-MAX [150 Entry Max] (Thu-Mon),153768,Classic,0.5,1822,8323,150,3500.0,2026-09-25 00:15:00+00:00,Thu 8:15PM
195926985,"NFL $10,170 2026 FFWC Qualifier Satellite [Must Fill] (Thu-Mon)",153768,Classic,3592.0,0,3,1,10170.0,2026-09-25 00:15:00+00:00,Thu 8:15PM
195937516,"NFL Showdown $1,350 2026 FFWC Qualifier Satellite (ATL @ GB)",153775,Showdown Captain Mode,23.0,12,69,2,1350.0,2026-09-25 00:15:00+00:00,Thu 8:15PM
195950981,$500K NFL Pocket Cup Qualifier #114 (ATL @ GB),153775,Showdown Captain Mode,3.0,206,673,20,1700.0,2026-09-25 00:15:00+00:00,Thu 8:15PM
195950980,$500K NFL Pocket Cup Qualifier #115 (ATL @ GB),153775,Showdown Captain Mode,3.0,167,673,20,1700.0,2026-09-25 00:15:00+00:00,Thu 8:15PM
195937394,NFL Showdown SUPERSatellite to NFL $555 Fantasy Football Millionaire [2x] (ATL @ GB),153775,Showdown Captain Mode,19.0,9,68,2,1110.0,2026-09-25 00:15:00+00:00,Thu 8:15PM
195937393,NFL Showdown SUPERSatellite to NFL $555 Fantasy Football Millionaire [2x] (ATL @ GB),153775,Showdown Captain Mode,19.0,11,68,2,1110.0,2026-09-25 00:15:00+00:00,Thu 8:15PM
195937533,NFL Showdown Satellite to NFL 11-1 Midseason Main Event (ATL @ GB),153775,Showdown Captain Mode,26.0,10,67,2,1500.0,2026-09-25 00:15:00+00:00,Thu 8:15PM
195937534,NFL Showdown Satellite to NFL 11-1 Midseason Main Event (ATL @ GB),153775,Showdown Captain Mode,151.0,2,11,1,1500.0,2026-09-25 00:15:00+00:00,Thu 8:15PM
195937537,NFL Showdown Satellite to NFL 11-1 Midseason Main Event (ATL @ GB),153775,Showdown Captain Mode,5.0,81,356,10,1500.0,2026-09-25 00:15:00+00:00,Thu 8:15PM
195937517,"NFL Showdown $1,350 2026 FFWC Qualifier Satellite (ATL @ GB)",153775,Showdown Captain Mode,136.0,9,11,1,1350.0,2026-09-25 00:15:00+00:00,Thu 8:15PM
195937396,NFL Showdown SUPERSatellite to NFL $555 Fantasy Football Millionaire [2x] (ATL @ GB),153775,Showdown Captain Mode,137.0,0,9,1,1110.0,2026-09-25 00:15:00+00:00,Thu 8:15PM
195937397,NFL Showdown SUPERSatellite to NFL $555 Fantasy Football Millionaire [2x] (ATL @ GB),153775,Showdown Captain Mode,137.0,0,9,1,1110.0,2026-09-25 00:15:00+00:00,Thu 8:15PM
195937395,NFL Showdown SUPERSatellite to NFL $555 Fantasy Football Millionaire [2x] (ATL @ GB),153775,Showdown Captain Mode,137.0,0,9,1,1110.0,2026-09-25 00:15:00+00:00,Thu 8:15PM
195937385,NFL Showdown Satellite to NFL $555 Fantasy Football Millionaire (ATL @ GB),153775,Showdown Captain Mode,6.0,18,108,3,555.0,2026-09-25 00:15:00+00:00,Thu 8:15PM
195937386,NFL Showdown Satellite to NFL $555 Fantasy Football Millionaire (ATL @ GB),153775,Showdown Captain Mode,6.0,21,108,3,555.0,2026-09-25 00:15:00+00:00,Thu 8:15PM
195937387,NFL Showdown Satellite to NFL $555 Fantasy Football Millionaire (ATL @ GB),153775,Showdown Captain Mode,6.0,19,108,3,555.0,2026-09-25 00:15:00+00:00,Thu 8:15PM
195937388,NFL Showdown Satellite to NFL $555 Fantasy Football Millionaire (ATL @ GB),153775,Showdown Captain Mode,6.0,16,108,3,555.0,2026-09-25 00:15:00+00:00,Thu 8:15PM
195937389,NFL Showdown Satellite to NFL $555 Fantasy Football Millionaire (ATL @ GB),153775,Showdown Captain Mode,6.0,18,108,3,555.0,2026-09-25 00:15:00+00:00,Thu 8:15PM
195937390,NFL Showdown Satellite to NFL $555 Fantasy Football Millionaire (ATL @ GB),153775,Showdown Captain Mode,6.0,19,108,3,555.0,2026-09-25 00:15:00+00:00,Thu 8:15PM
195937392,NFL Showdown Satellite to NFL $555 Fantasy Football Millionaire (ATL @ GB),153775,Showdown Captain Mode,6.0,17,108,3,555.0,2026-09-25 00:15:00+00:00,Thu 8:15PM
195937391,NFL Showdown Satellite to NFL $555 Fantasy Football Millionaire (ATL @ GB),153775,Showdown Captain Mode,6.0,20,108,3,555.0,2026-09-25 00:15:00+00:00,Thu 8:15PM
195937374,NFL Showdown Satellite to NFL $555 Fantasy Football Millionaire (ATL @ GB),153775,Showdown Captain Mode,22.0,7,29,1,555.0,2026-09-25 00:15:00+00:00,Thu 8:15PM
195937375,NFL Showdown Satellite to NFL $555 Fantasy Football Millionaire (ATL @ GB),153775,Showdown Captain Mode,22.0,3,29,1,555.0,2026-09-25 00:15:00+00:00,Thu 8:15PM
195937376,NFL Showdown Satellite to NFL $555 Fantasy Football Millionaire (ATL @ GB),153775,Showdown Captain Mode,22.0,2,29,1,555.0,2026-09-25 00:15:00+00:00,Thu 8:15PM
195937377,NFL Showdown Satellite to NFL $555 Fantasy Football Millionaire (ATL @ GB),153775,Showdown Captain Mode,22.0,3,29,1,555.0,2026-09-25 00:15:00+00:00,Thu 8:15PM
195937373,NFL Showdown Satellite to NFL $555 Fantasy Football Millionaire (ATL @ GB),153775,Showdown Captain Mode,22.0,3,29,1,555.0,2026-09-25 00:15:00+00:00,Thu 8:15PM
195943270,NFL Showdown $10 Double Up (ATL @ GB),153775,Showdown Captain Mode,10.0,23,114,3,1000.0,2026-09-25 00:15:00+00:00,Thu 8:15PM
195937379,NFL Showdown Satellite to NFL $555 Fantasy Football Millionaire (ATL @ GB),153775,Showdown Captain Mode,9.0,10,72,2,555.0,2026-09-25 00:15:00+00:00,Thu 8:15PM
195937380,NFL Showdown Satellite to NFL $555 Fantasy Football Millionaire (ATL @ GB),153775,Showdown Captain Mode,9.0,9,72,2,555.0,2026-09-25 00:15:00+00:00,Thu 8:15PM
195937381,NFL Showdown Satellite to NFL $555 Fantasy Football Millionaire (ATL @ GB),153775,Showdown Captain Mode,9.0,8,72,2,555.0,2026-09-25 00:15:00+00:00,Thu 8:15PM
195937382,NFL Showdown Satellite to NFL $555 Fantasy Football Millionaire (ATL @ GB),153775,Showdown Captain Mode,9.0,7,72,2,555.0,2026-09-25 00:15:00+00:00,Thu 8:15PM
195937383,NFL Showdown Satellite to NFL $555 Fantasy Football Millionaire (ATL @ GB),153775,Showdown Captain Mode,9.0,7,72,2,555.0,2026-09-25 00:15:00+00:00,Thu 8:15PM
195937384,NFL Showdown Satellite to NFL $555 Fantasy Football Millionaire (ATL @ GB),153775,Showdown Captain Mode,9.0,8,72,2,555.0,2026-09-25 00:15:00+00:00,Thu 8:15PM
195937378,NFL Showdown Satellite to NFL $555 Fantasy Football Millionaire (ATL @ GB),153775,Showdown Captain Mode,9.0,8,72,2,555.0,2026-09-25 00:15:00+00:00,Thu 8:15PM
195937513,NFL Showdown $490 2026 FFWC Qualifier Satellite (ATL @ GB),153775,Showdown Captain Mode,8.0,11,72,2,490.0,2026-09-25 00:15:00+00:00,Thu 8:15PM
195937514,NFL Showdown $490 2026 FFWC Qualifier Satellite (ATL @ GB),153775,Showdown Captain Mode,18.0,3,32,1,490.0,2026-09-25 00:15:00+00:00,Thu 8:15PM
195937369,NFL Showdown Satellite to NFL $555 Fantasy Football Millionaire (ATL @ GB),153775,Showdown Captain Mode,90.0,0,7,1,555.0,2026-09-25 00:15:00+00:00,Thu 8:15PM
195937370,NFL Showdown Satellite to NFL $555 Fantasy Football Millionaire (ATL @ GB),153775,Showdown Captain Mode,90.0,0,7,1,555.0,2026-09-25 00:15:00+00:00,Thu 8:15PM
195937371,NFL Showdown Satellite to NFL $555 Fantasy Football Millionaire (ATL @ GB),153775,Showdown Captain Mode,90.0,0,7,1,555.0,2026-09-25 00:15:00+00:00,Thu 8:15PM
195937372,NFL Showdown Satellite to NFL $555 Fantasy Football Millionaire (ATL @ GB),153775,Showdown Captain Mode,90.0,0,7,1,555.0,2026-09-25 00:15:00+00:00,Thu 8:15PM
195937368,NFL Showdown Satellite to NFL $555 Fantasy Football Millionaire (ATL @ GB),153775,Showdown Captain Mode,90.0,0,7,1,555.0,2026-09-25 00:15:00+00:00,Thu 8:15PM
195937515,NFL Showdown $490 2026 FFWC Qualifier Satellite (ATL @ GB),153775,Showdown Captain Mode,38.0,2,15,1,490.0,2026-09-25 00:15:00+00:00,Thu 8:15PM
195926760,"NFL Showdown Satellite to NFL $4,444 Fantasy Football MEGA Millionaire [Must Fill] (ATL @ GB)",153775,Showdown Captain Mode,1570.0,0,3,1,4444.0,2026-09-25 00:15:00+00:00,Thu 8:15PM
195926763,"NFL Showdown Satellite to NFL 10-12 $4,444 Showdown MEGA Millionaire [Must Fill] (ATL @ GB)",153775,Showdown Captain Mode,1570.0,0,3,1,4444.0,2026-09-25 00:15:00+00:00,Thu 8:15PM
195926766,NFL Showdown Satellite to NFL 11-1 Midseason Main Event [Must Fill] (ATL @ GB),153775,Showdown Captain Mode,530.0,0,3,1,1500.0,2026-09-25 00:15:00+00:00,Thu 8:15PM
195937573,NFL Showdown Satellite to NBA $888 MEGA 8's Special (10-21) [Must Fill] (ATL @ GB),153775,Showdown Captain Mode,322.0,0,3,1,888.0,2026-09-25 00:15:00+00:00,Thu 8:15PM
195926983,"NFL Satellite to NFL $4,444 Fantasy Football MEGA Millionaire [Must Fill] (Thu-Mon)",153768,Classic,1570.0,0,3,1,4444.0,2026-09-25 00:15:00+00:00,Thu 8:15PM
195926986,"NFL Satellite to NFL 10-12 $4,444 Showdown MEGA Millionaire [Must Fill] (Thu-Mon)",153768,Classic,1570.0,0,3,1,4444.0,2026-09-25 00:15:00+00:00,Thu 8:15PM
195926989,NFL Satellite to NFL 11-1 Midseason Main Event [Must Fill] (Thu-Mon),153768,Classic,530.0,0,3,1,1500.0,2026-09-25 00:15:00+00:00,Thu 8:15PM
195926984,NFL Satellite to NFL $555 Fantasy Football Millionaire [Must Fill] (Thu-Mon),153768,Classic,201.0,0,3,1,555.0,2026-09-25 00:15:00+00:00,Thu 8:15PM
195937872,NFL $3.1K Deep Threat [Single Entry] (Thu-Mon),153768,Classic,180.0,7,19,1,3100.0,2026-09-25 00:15:00+00:00,Thu 8:15PM
195937885,NFL $2K Hard Count [3 Entry Max] (Thu-Mon),153768,Classic,20.0,41,117,3,2000.0,2026-09-25 00:15:00+00:00,Thu 8:15PM
195937894,NFL $1.5K Daily Dollar [Single Entry] (Thu-Mon),153768,Classic,1.0,628,1783,1,1500.0,2026-09-25 00:15:00+00:00,Thu 8:15PM
195937877,NFL $750 Safety (Thu-Mon),153768,Classic,2.0,127,445,13,750.0,2026-09-25 00:15:00+00:00,Thu 8:15PM
195937882,NFL $1K Quarter Jukebox [Just $0.25!] (Thu-Mon),153768,Classic,0.25,1689,4756,20,1000.0,2026-09-25 00:15:00+00:00,Thu 8:15PM
195937904,NFL Single Entry $10 Double Up (Thu-Mon),153768,Classic,10.0,44,172,1,1500.0,2026-09-25 00:15:00+00:00,Thu 8:15PM
195937898,NFL Single Entry $50 Double Up (Thu-Mon),153768,Classic,50.0,15,45,1,2000.0,2026-09-25 00:15:00+00:00,Thu 8:15PM
195937897,NFL Single Entry $100 Double Up (Thu-Mon),153768,Classic,100.0,12,22,1,2000.0,2026-09-25 00:15:00+00:00,Thu 8:15PM
195937909,NFL $2 Double Up (Thu-Mon),153768,Classic,2.0,159,574,17,1000.0,2026-09-25 00:15:00+00:00,Thu 8:15PM
195937903,NFL $10 Double Up (Thu-Mon),153768,Classic,10.0,28,114,3,1000.0,2026-09-25 00:15:00+00:00,Thu 8:15PM
195937910,NFL Single Entry $2 Double Up (Thu-Mon),153768,Classic,2.0,45,229,1,400.0,2026-09-25 00:15:00+00:00,Thu 8:15PM
195968129,NFL $267 Winner Take All [$1K to 1st] (Thu-Mon),153768,Classic,267.0,1,4,1,1000.0,2026-09-25 00:15:00+00:00,Thu 8:15PM
195937884,NFL $500 Dime Package [Just $0.10!] (Thu-Mon),153768,Classic,0.1,2304,5945,20,500.0,2026-09-25 00:15:00+00:00,Thu 8:15PM
195926981,"NFL $1,060 Winner Take All [$4K to 1st] (Must Fill) (Thu-Mon)",153768,Classic,1060.0,0,4,1,4000.0,2026-09-25 00:15:00+00:00,Thu 8:15PM
195926883,"NFL Single Stat Satellite to NFL $4,444 Fantasy Football MEGA Millionaire [Must Fill] (ATL @ GB Tota",153806,Single Stat - Total Yards,1570.0,0,3,1,4444.0,2026-09-25 00:15:00+00:00,Thu 8:15PM
195926886,"NFL Single Stat Satellite to NFL 10-12 $4,444 Showdown MEGA Millionaire [Must Fill] (ATL @ GB Total ",153806,Single Stat - Total Yards,1570.0,0,3,1,4444.0,2026-09-25 00:15:00+00:00,Thu 8:15PM
195926890,NFL Single Stat Satellite to NFL 10-25 Midseason Warm Up Millionaire [Must Fill] (ATL @ GB Total Yar,153806,Single Stat - Total Yards,55.0,0,3,1,150.0,2026-09-25 00:15:00+00:00,Thu 8:15PM
195926881,"NFL Single Stat $1,060 Winner Take All [$4K to 1st] (Must Fill) (ATL @ GB Total Yards)",153806,Single Stat - Total Yards,1060.0,0,4,1,4000.0,2026-09-25 00:15:00+00:00,Thu 8:15PM
195926889,NFL Single Stat Satellite to NFL 11-1 Midseason Main Event [Must Fill] (ATL @ GB Total Yards),153806,Single Stat - Total Yards,530.0,0,3,1,1500.0,2026-09-25 00:15:00+00:00,Thu 8:15PM
195955862,NFL Single Entry $5 Double Up (Early Only),153770,Classic,5.0,23,689,1,3000.0,2026-09-27 17:00:00+00:00,Sun 1:00PM
195955863,NFL Single Entry $5 Double Up (Early Only),153770,Classic,5.0,12,229,1,1000.0,2026-09-27 17:00:00+00:00,Sun 1:00PM
195955876,NFL Single Entry $5 Double Up (Early Only),153770,Classic,5.0,9,229,1,1000.0,2026-09-27 17:00:00+00:00,Sun 1:00PM
195955877,NFL Single Entry $5 Double Up (Early Only),153770,Classic,5.0,9,229,1,1000.0,2026-09-27 17:00:00+00:00,Sun 1:00PM
195955855,NFL Single Entry $25 Double Up (Early Only),153770,Classic,25.0,13,275,1,6000.0,2026-09-27 17:00:00+00:00,Sun 1:00PM
195955856,NFL Single Entry $25 Double Up (Early Only),153770,Classic,25.0,9,137,1,3000.0,2026-09-27 17:00:00+00:00,Sun 1:00PM
195955857,NFL Single Entry $25 Double Up (Early Only),153770,Classic,25.0,5,45,1,1000.0,2026-09-27 17:00:00+00:00,Sun 1:00PM
195955873,NFL Single Entry $25 Double Up (Early Only),153770,Classic,25.0,4,45,1,1000.0,2026-09-27 17:00:00+00:00,Sun 1:00PM
195955874,NFL Single Entry $25 Double Up (Early Only),153770,Classic,25.0,4,45,1,1000.0,2026-09-27 17:00:00+00:00,Sun 1:00PM
195955875,NFL Single Entry $25 Double Up (Early Only),153770,Classic,25.0,4,45,1,1000.0,2026-09-27 17:00:00+00:00,Sun 1:00PM
195955844,NFL $20K Fair Catch [Single Entry] (Early Only),153770,Classic,12.0,77,1960,1,20000.0,2026-09-27 17:00:00+00:00,Sun 1:00PM
195955845,NFL $10K Fair Catch [Single Entry] (Early Only),153770,Classic,12.0,39,980,1,10000.0,2026-09-27 17:00:00+00:00,Sun 1:00PM
195955842,NFL $20K Red Zone [Single Entry] (Early Only),153770,Classic,50.0,26,454,1,20000.0,2026-09-27 17:00:00+00:00,Sun 1:00PM
195955843,NFL $10K Red Zone [Single Entry] (Early Only),153770,Classic,50.0,11,227,1,10000.0,2026-09-27 17:00:00+00:00,Sun 1:00PM
195955836,NFL $20K Power Sweep [3 Entry Max] (Early Only),153770,Classic,150.0,8,148,3,20000.0,2026-09-27 17:00:00+00:00,Sun 1:00PM
195955826,NFL $31.2K Luxury Box [$15K to 1st] (Early Only),153770,Classic,1500.0,0,22,1,31200.0,2026-09-27 17:00:00+00:00,Sun 1:00PM
195956571,NFL $75K Heavy Hitter [Must Fill] (Early Only),153770,Classic,26200.0,0,3,1,75000.0,2026-09-27 17:00:00+00:00,Sun 1:00PM
195955839,NFL $15K Checkdown Pass [Single Entry] (Early Only),153770,Classic,777.0,1,21,1,15000.0,2026-09-27 17:00:00+00:00,Sun 1:00PM
195955825,NFL $16K Luxury Box [$10K to 1st] (Early Only),153770,Classic,2120.0,0,8,1,16000.0,2026-09-27 17:00:00+00:00,Sun 1:00PM
195955850,NFL $100 Double Up (Early Only),153770,Classic,100.0,6,68,2,6200.0,2026-09-27 17:00:00+00:00,Sun 1:00PM
195955859,NFL Single Entry $10 Double Up (Early Only),153770,Classic,10.0,21,459,1,4000.0,2026-09-27 17:00:00+00:00,Sun 1:00PM
195955860,NFL Single Entry $10 Double Up (Early Only),153770,Classic,10.0,12,229,1,2000.0,2026-09-27 17:00:00+00:00,Sun 1:00PM
195955849,NFL Single Entry $250 Double Up (Early Only),153770,Classic,250.0,2,22,1,5000.0,2026-09-27 17:00:00+00:00,Sun 1:00PM
195955832,NFL $15K First Down [20 Entry Max] (Early Only),153770,Classic,1.0,709,17835,20,15000.0,2026-09-27 17:00:00+00:00,Sun 1:00PM
195955833,NFL $15K mini-MAX [150 Entry Max] (Early Only),153770,Classic,0.5,989,35671,150,15000.0,2026-09-27 17:00:00+00:00,Sun 1:00PM
195956570,NFL $20K Thunderdome [Must Fill] (Early Only),153770,Classic,5300.0,0,4,1,20000.0,2026-09-27 17:00:00+00:00,Sun 1:00PM
195955847,NFL $8K Pylon [Single Entry] (Early Only),153770,Classic,3.0,125,3170,1,8000.0,2026-09-27 17:00:00+00:00,Sun 1:00PM
195955838,NFL $7K Hard Count [3 Entry Max] (Early Only),153770,Classic,20.0,35,411,3,7000.0,2026-09-27 17:00:00+00:00,Sun 1:00PM
195955837,NFL $7K Goal Line [3 Entry Max] (Early Only),153770,Classic,75.0,6,106,3,7000.0,2026-09-27 17:00:00+00:00,Sun 1:00PM
195955872,NFL $4K Cover Four [5 Entry Max] (Early Only),153770,Classic,4.0,44,1189,5,4000.0,2026-09-27 17:00:00+00:00,Sun 1:00PM
195955848,NFL $4K Daily Dollar [Single Entry] (Early Only),153770,Classic,1.0,220,4756,1,4000.0,2026-09-27 17:00:00+00:00,Sun 1:00PM
195955831,NFL $3K Safety [20 Entry Max] (Early Only),153770,Classic,2.0,90,1783,20,3000.0,2026-09-27 17:00:00+00:00,Sun 1:00PM
195955834,NFL $3K Quarter Jukebox [Just $0.25!] (Early Only),153770,Classic,0.25,729,14268,20,3000.0,2026-09-27 17:00:00+00:00,Sun 1:00PM
195922013,NFL Single Entry $2 Double Up,153769,Classic,2.0,235,2873,1,5000.0,2026-09-27 17:00:00+00:00,Sun 1:00PM
195922014,NFL Single Entry $2 Double Up,153769,Classic,2.0,176,1724,1,3000.0,2026-09-27 17:00:00+00:00,Sun 1:00PM
195920607,"NFL SUPERSatellite to $4,444 NFL Fantasy Football MEGA Millionaire [3x]",153769,Classic,147.0,8,100,3,13332.0,2026-09-27 17:00:00+00:00,Sun 1:00PM
195920618,NFL SUPERSatellite to NFL $555 Fantasy Football Millionaire [10x],153769,Classic,63.0,8,100,3,5550.0,2026-09-27 17:00:00+00:00,Sun 1:00PM
195920792,"NFL $5,085 2026 FFWC Qualifier Satellite",153769,Classic,84.0,9,68,2,5085.0,2026-09-27 17:00:00+00:00,Sun 1:00PM
195920793,"NFL $5,085 2026 FFWC Qualifier Satellite",153769,Classic,513.0,2,11,1,5085.0,2026-09-27 17:00:00+00:00,Sun 1:00PM
195920819,NFL SUPERSatellite to NFL 11-1 Midseason Main Event [3x],153769,Classic,51.0,11,100,3,4500.0,2026-09-27 17:00:00+00:00,Sun 1:00PM
195921963,Casual NFL $500 Front Four,153769,Classic,4.0,18,148,4,500.0,2026-09-27 17:00:00+00:00,Sun 1:00PM
195921964,Casual NFL $750 First Down,153769,Classic,1.0,93,891,10,750.0,2026-09-27 17:00:00+00:00,Sun 1:00PM
195921962,Beginner NFL $500 Gridiron,153769,Classic,27.0,2,21,1,500.0,2026-09-27 17:00:00+00:00,Sun 1:00PM
195921961,NFL $7.5K Dime Package [Just $0.10!] ,153769,Classic,0.1,10602,89179,20,7500.0,2026-09-27 17:00:00+00:00,Sun 1:00PM
195921958,NFL $5K All-or-Nothing [Winner Take All],153769,Classic,1.0,756,5945,20,5000.0,2026-09-27 17:00:00+00:00,Sun 1:00PM
195914853,$2K T-Mobile Lightening Drive Football Takeover,153769,Classic,0.0,7322,999999999,1,2000.0,2026-09-27 17:00:00+00:00,Sun 1:00PM
195921998,NFL $50 Double Up,153769,Classic,50.0,16,113,3,5000.0,2026-09-27 17:00:00+00:00,Sun 1:00PM
195921994,NFL $100 Double Up,153769,Classic,100.0,9,68,2,6200.0,2026-09-27 17:00:00+00:00,Sun 1:00PM
195954426,NFL Showdown $5K Play-Action [20 Entry Max] (LAC @ BUF),153777,Showdown Captain Mode,3.0,86,1981,20,5000.0,2026-09-27 17:00:00+00:00,Sun 1:00PM
195954427,NFL Showdown $5K First Down [20 Entry Max] (LAC @ BUF),153777,Showdown Captain Mode,1.0,235,5945,20,5000.0,2026-09-27 17:00:00+00:00,Sun 1:00PM
195955107,"NFL Showdown $10,170 2026 FFWC Qualifier Satellite [Must Fill] (LAC @ BUF)",153777,Showdown Captain Mode,3592.0,0,3,1,10170.0,2026-09-27 17:00:00+00:00,Sun 1:00PM
195954420,NFL Showdown $3.3K Wildcat [Single Entry] (LAC @ BUF),153777,Showdown Captain Mode,333.0,0,11,1,3300.0,2026-09-27 17:00:00+00:00,Sun 1:00PM
195954428,NFL Showdown $4K mini-MAX [150 Entry Max] (LAC @ BUF),153777,Showdown Captain Mode,0.5,296,9512,150,4000.0,2026-09-27 17:00:00+00:00,Sun 1:00PM
195920600,"NFL Satellite to NFL $4,444 Fantasy Football MEGA Millionaire",153769,Classic,448.0,1,11,1,4444.0,2026-09-27 17:00:00+00:00,Sun 1:00PM
195920601,"NFL Satellite to NFL $4,444 Fantasy Football MEGA Millionaire",153769,Classic,176.0,6,28,1,4444.0,2026-09-27 17:00:00+00:00,Sun 1:00PM
195920602,"NFL Satellite to NFL $4,444 Fantasy Football MEGA Millionaire",153769,Classic,75.0,12,67,2,4444.0,2026-09-27 17:00:00+00:00,Sun 1:00PM
195920606,"NFL Satellite to NFL $4,444 Fantasy Football MEGA Millionaire",153769,Classic,13.0,50,402,12,4444.0,2026-09-27 17:00:00+00:00,Sun 1:00PM
195920605,"NFL Satellite to NFL $4,444 Fantasy Football MEGA Millionaire",153769,Classic,13.0,49,402,12,4444.0,2026-09-27 17:00:00+00:00,Sun 1:00PM
195920797,"NFL Satellite to NFL 10-12 $4,444 Showdown MEGA Millionaire",153769,Classic,13.0,47,402,12,4444.0,2026-09-27 17:00:00+00:00,Sun 1:00PM
195920799,"NFL Satellite to NFL 10-12 $4,444 Showdown MEGA Millionaire",153769,Classic,70.0,6,72,2,4444.0,2026-09-27 17:00:00+00:00,Sun 1:00PM
195920800,"NFL Satellite to NFL 10-12 $4,444 Showdown MEGA Millionaire",153769,Classic,176.0,6,28,1,4444.0,2026-09-27 17:00:00+00:00,Sun 1:00PM
195920801,"NFL Satellite to NFL 10-12 $4,444 Showdown MEGA Millionaire",153769,Classic,448.0,1,11,1,4444.0,2026-09-27 17:00:00+00:00,Sun 1:00PM
195920604,"NFL Satellite to NFL $4,444 Fantasy Football MEGA Millionaire",153769,Classic,37.0,14,140,4,4444.0,2026-09-27 17:00:00+00:00,Sun 1:00PM
195920603,"NFL Satellite to NFL $4,444 Fantasy Football MEGA Millionaire",153769,Classic,37.0,13,140,4,4444.0,2026-09-27 17:00:00+00:00,Sun 1:00PM
195955911,NFL Tiers $3K Fair Catch [Single Entry],153803,Tiers,12.0,17,294,1,3000.0,2026-09-27 17:00:00+00:00,Sun 1:00PM
195956678,"NFL Tiers $10,170 2026 FFWC Qualifier Satellite [Must Fill]",153803,Tiers,3592.0,0,3,1,10170.0,2026-09-27 17:00:00+00:00,Sun 1:00PM
195955901,NFL Tiers $3K Power Sweep [Single Entry],153803,Tiers,150.0,1,22,1,3000.0,2026-09-27 17:00:00+00:00,Sun 1:00PM
195955913,NFL Tiers $2K Daily Dollar [Single Entry],153803,Tiers,1.0,174,2378,1,2000.0,2026-09-27 17:00:00+00:00,Sun 1:00PM
195955907,NFL Tiers $2.1K mini-MAX [150 Entry Max],153803,Tiers,0.5,780,5112,150,2150.0,2026-09-27 17:00:00+00:00,Sun 1:00PM
195926761,NFL Showdown Satellite to NFL $555 Fantasy Football Millionaire [Must Fill] (ATL @ GB),153775,Showdown Captain Mode,201.0,0,3,1,555.0,2026-09-25 00:15:00+00:00,Thu 8:15PM
195937551,NFL Showdown Satellite to NHL 11-3 $555 Barn Burner [Must Fill] (ATL @ GB),153775,Showdown Captain Mode,201.0,1,3,1,555.0,2026-09-25 00:15:00+00:00,Thu 8:15PM
195956127,NFL Showdown Satellite to UFC 332 $555 Knockout Special (10-3) [Must Fill] (ATL @ GB),153775,Showdown Captain Mode,201.0,0,3,1,555.0,2026-09-25 00:15:00+00:00,Thu 8:15PM
195937530,NFL Showdown Satellite to NFL $333 Wildcat (ATL @ GB),153775,Showdown Captain Mode,17.0,6,23,1,333.0,2026-09-25 00:15:00+00:00,Thu 8:15PM
195937552,NFL Showdown Satellite to NHL 10-13 $360 Spin-O-Rama (ATL @ GB),153775,Showdown Captain Mode,5.0,3,85,2,360.0,2026-09-25 00:15:00+00:00,Thu 8:15PM
195926884,NFL Single Stat Satellite to NFL $555 Fantasy Football Millionaire [Must Fill] (ATL @ GB Total Yards,153806,Single Stat - Total Yards,201.0,0,3,1,555.0,2026-09-25 00:15:00+00:00,Thu 8:15PM
195926888,NFL Single Stat Satellite to NFL $333 Wildcat [Must Fill] (ATL @ GB Total Yards),153806,Single Stat - Total Yards,121.0,0,3,1,333.0,2026-09-25 00:15:00+00:00,Thu 8:15PM
195920798,"NFL Satellite to NFL 10-12 $4,444 Showdown MEGA Millionaire",153769,Classic,37.0,12,140,4,4444.0,2026-09-27 17:00:00+00:00,Sun 1:00PM
195921136,"NFL $10,170 2026 FFWC Qualifier Satellite [Must Fill]",153769,Classic,3592.0,1,3,1,10170.0,2026-09-27 17:00:00+00:00,Sun 1:00PM
195920820,NFL SUPERSatellite to NFL 11-1 Midseason Main Event [2x],153769,Classic,50.0,6,68,2,3000.0,2026-09-27 17:00:00+00:00,Sun 1:00PM
195920617,NFL SUPERSatellite to NFL $555 Fantasy Football Millionaire [4x],153769,Classic,38.0,5,68,2,2220.0,2026-09-27 17:00:00+00:00,Sun 1:00PM
195956778,"NFL $10,170 2026 FFWC Qualifier Satellite [Must Fill] (Sun-Mon)",153771,Classic,3592.0,0,3,1,10170.0,2026-09-27 17:00:00+00:00,Sun 1:00PM
195955884,NFL $3K Power Sweep [Single Entry] (Sun-Mon),153771,Classic,150.0,1,22,1,3000.0,2026-09-27 17:00:00+00:00,Sun 1:00PM
195955887,NFL $3K Play-Action [20 Entry Max] (Sun-Mon),153771,Classic,3.0,48,1189,20,3000.0,2026-09-27 17:00:00+00:00,Sun 1:00PM
195955883,NFL $2.6K Deep Threat [Single Entry] (Sun-Mon),153771,Classic,180.0,1,16,1,2600.0,2026-09-27 17:00:00+00:00,Sun 1:00PM
195955891,NFL $1.5K Cover Four [3 Entry Max] (Sun-Mon),153771,Classic,4.0,20,445,3,1500.0,2026-09-27 17:00:00+00:00,Sun 1:00PM
195955882,NFL Single Entry $5 Double Up (Sun-Mon),153771,Classic,5.0,16,229,1,1000.0,2026-09-27 17:00:00+00:00,Sun 1:00PM
195955894,NFL Single Entry $25 Double Up (Sun-Mon),153771,Classic,25.0,8,91,1,2000.0,2026-09-27 17:00:00+00:00,Sun 1:00PM
195955893,NFL $1.5K Daily Dollar [Single Entry] (Sun-Mon),153771,Classic,1.0,109,1783,1,1500.0,2026-09-27 17:00:00+00:00,Sun 1:00PM
195955888,NFL $2K First Down [20 Entry Max] (Sun-Mon),153771,Classic,1.0,111,2378,20,2000.0,2026-09-27 17:00:00+00:00,Sun 1:00PM
195955885,NFL $1K Bootleg [Single Entry] (Sun-Mon),153771,Classic,33.0,3,35,1,1000.0,2026-09-27 17:00:00+00:00,Sun 1:00PM
195955852,NFL $50 Double Up (Early Only),153770,Classic,50.0,5,68,2,3000.0,2026-09-27 17:00:00+00:00,Sun 1:00PM
195955864,NFL $2 Double Up (Early Only),153770,Classic,2.0,67,862,20,1500.0,2026-09-27 17:00:00+00:00,Sun 1:00PM
195955866,"NFL $1,060 50-50 [Top 50% Win] (Early Only)",153770,Classic,1060.0,2,10,1,10000.0,2026-09-27 17:00:00+00:00,Sun 1:00PM
195955867,NFL $530 50-50 [Top 50% Win] (Early Only),153770,Classic,530.0,2,10,1,5000.0,2026-09-27 17:00:00+00:00,Sun 1:00PM
195955851,NFL Single Entry $100 Double Up (Early Only),153770,Classic,100.0,4,33,1,3000.0,2026-09-27 17:00:00+00:00,Sun 1:00PM
195956574,"NFL $10,170 2026 FFWC Qualifier Satellite [Must Fill] (Early Only)",153770,Classic,3592.0,0,3,1,10170.0,2026-09-27 17:00:00+00:00,Sun 1:00PM
195956572,"NFL Satellite to NFL $4,444 Fantasy Football MEGA Millionaire [Must Fill] (Early Only)",153770,Classic,1570.0,0,3,1,4444.0,2026-09-27 17:00:00+00:00,Sun 1:00PM
195956575,"NFL Satellite to NFL 10-12 $4,444 Showdown MEGA Millionaire [Must Fill] (Early Only)",153770,Classic,1570.0,0,3,1,4444.0,2026-09-27 17:00:00+00:00,Sun 1:00PM
195956578,NFL Satellite to NFL 11-1 Midseason Main Event [Must Fill] (Early Only),153770,Classic,530.0,0,3,1,1500.0,2026-09-27 17:00:00+00:00,Sun 1:00PM
195957067,NFL Satellite to NBA $888 MEGA 8's Special (10-21) [Must Fill] (Early Only),153770,Classic,322.0,0,3,1,888.0,2026-09-27 17:00:00+00:00,Sun 1:00PM
195955868,"NFL $3K Super Booster [Top 3 Win $1,000] (Early Only)",153770,Classic,27.0,6,129,3,3000.0,2026-09-27 17:00:00+00:00,Sun 1:00PM
195955869,NFL $2K Super Booster [Top 20 Win $100] (Early Only),153770,Classic,4.0,30,594,17,2000.0,2026-09-27 17:00:00+00:00,Sun 1:00PM
195955870,NFL $1K Super Booster [Top 50 Win $20] (Early Only),153770,Classic,2.0,36,594,17,1000.0,2026-09-27 17:00:00+00:00,Sun 1:00PM
195928683,NFL Single Stat $4K Winner Take All [20 Entry Max] (Touchdowns),153805,Single Stat - Touchdowns,1.0,563,4756,20,4000.0,2026-09-27 17:00:00+00:00,Sun 1:00PM
195928708,NFL Single Stat $1K Winner Take All [3 Entry Max] (Touchdowns),153805,Single Stat - Touchdowns,1.0,128,1189,3,1000.0,2026-09-27 17:00:00+00:00,Sun 1:00PM
195928710,NFL Single Stat $1K Winner Take All [Single Entry] (Touchdowns),153805,Single Stat - Touchdowns,10.0,9,117,1,1000.0,2026-09-27 17:00:00+00:00,Sun 1:00PM
195928819,"NFL Single Stat Satellite to NFL $4,444 Fantasy Football MEGA Millionaire [Must Fill] (Touchdowns)",153805,Single Stat - Touchdowns,1570.0,0,3,1,4444.0,2026-09-27 17:00:00+00:00,Sun 1:00PM
195928822,"NFL Single Stat Satellite to NFL 10-12 $4,444 Showdown MEGA Millionaire [Must Fill] (Touchdowns)",153805,Single Stat - Touchdowns,1570.0,0,3,1,4444.0,2026-09-27 17:00:00+00:00,Sun 1:00PM
195928817,"NFL Single Stat $1,060 Winner Take All [$4K to 1st] (Must Fill) (Touchdowns)",153805,Single Stat - Touchdowns,1060.0,0,4,1,4000.0,2026-09-27 17:00:00+00:00,Sun 1:00PM
195955853,NFL Single Entry $50 Double Up (Early Only),153770,Classic,50.0,7,45,1,2000.0,2026-09-27 17:00:00+00:00,Sun 1:00PM
195955854,NFL $25 Double Up (Early Only),153770,Classic,25.0,5,68,2,1500.0,2026-09-27 17:00:00+00:00,Sun 1:00PM
195955861,NFL $5 Double Up (Early Only),153770,Classic,5.0,33,459,13,2000.0,2026-09-27 17:00:00+00:00,Sun 1:00PM
195955858,NFL $10 Double Up (Early Only),153770,Classic,10.0,9,114,3,1000.0,2026-09-27 17:00:00+00:00,Sun 1:00PM
195955865,NFL Single Entry $2 Double Up (Early Only),153770,Classic,2.0,12,287,1,500.0,2026-09-27 17:00:00+00:00,Sun 1:00PM
195920822,NFL Satellite to NFL 11-1 Midseason Main Event,153769,Classic,17.0,13,103,3,1500.0,2026-09-27 17:00:00+00:00,Sun 1:00PM
195920823,NFL Satellite to NFL 11-1 Midseason Main Event,153769,Classic,17.0,14,103,3,1500.0,2026-09-27 17:00:00+00:00,Sun 1:00PM
195920821,NFL Satellite to NFL 11-1 Midseason Main Event,153769,Classic,17.0,13,103,3,1500.0,2026-09-27 17:00:00+00:00,Sun 1:00PM
195920789,"NFL $1,350 2026 FFWC Qualifier Satellite",153769,Classic,23.0,12,69,2,1350.0,2026-09-27 17:00:00+00:00,Sun 1:00PM
195951051,$500K NFL Pocket Cup Qualifier #129,153769,Classic,3.0,105,673,20,1700.0,2026-09-27 17:00:00+00:00,Sun 1:00PM
195951052,$500K NFL Pocket Cup Qualifier #130,153769,Classic,3.0,103,673,20,1700.0,2026-09-27 17:00:00+00:00,Sun 1:00PM
195951050,$500K NFL Pocket Cup Qualifier #128,153769,Classic,3.0,120,673,20,1700.0,2026-09-27 17:00:00+00:00,Sun 1:00PM
195920615,NFL SUPERSatellite to NFL $555 Fantasy Football Millionaire [2x],153769,Classic,19.0,8,68,2,1110.0,2026-09-27 17:00:00+00:00,Sun 1:00PM
195922620,NFL SUPERSatellite to NHL 10-13 $360 Spin-O-Rama [3x],153769,Classic,12.0,8,105,3,1080.0,2026-09-27 17:00:00+00:00,Sun 1:00PM
195920812,NFL Satellite to NFL 11-1 Midseason Main Event,153769,Classic,26.0,5,67,2,1500.0,2026-09-27 17:00:00+00:00,Sun 1:00PM
195920813,NFL Satellite to NFL 11-1 Midseason Main Event,153769,Classic,26.0,6,67,2,1500.0,2026-09-27 17:00:00+00:00,Sun 1:00PM
195920811,NFL Satellite to NFL 11-1 Midseason Main Event,153769,Classic,26.0,5,67,2,1500.0,2026-09-27 17:00:00+00:00,Sun 1:00PM
195920815,NFL Satellite to NFL 11-1 Midseason Main Event,153769,Classic,151.0,1,11,1,1500.0,2026-09-27 17:00:00+00:00,Sun 1:00PM
195920816,NFL Satellite to NFL 11-1 Midseason Main Event,153769,Classic,151.0,2,11,1,1500.0,2026-09-27 17:00:00+00:00,Sun 1:00PM
195920817,NFL Satellite to NFL 11-1 Midseason Main Event,153769,Classic,151.0,1,11,1,1500.0,2026-09-27 17:00:00+00:00,Sun 1:00PM
195920818,NFL Satellite to NFL 11-1 Midseason Main Event,153769,Classic,151.0,1,11,1,1500.0,2026-09-27 17:00:00+00:00,Sun 1:00PM
195920814,NFL Satellite to NFL 11-1 Midseason Main Event,153769,Classic,151.0,1,11,1,1500.0,2026-09-27 17:00:00+00:00,Sun 1:00PM
195920825,NFL Satellite to NFL 11-1 Midseason Main Event,153769,Classic,5.0,46,356,10,1500.0,2026-09-27 17:00:00+00:00,Sun 1:00PM
195920826,NFL Satellite to NFL 11-1 Midseason Main Event,153769,Classic,5.0,41,356,10,1500.0,2026-09-27 17:00:00+00:00,Sun 1:00PM
195920824,NFL Satellite to NFL 11-1 Midseason Main Event,153769,Classic,5.0,38,356,10,1500.0,2026-09-27 17:00:00+00:00,Sun 1:00PM
195954406,NFL Showdown $1.5K Power Sweep [Single Entry] (NE @ JAX),153776,Showdown Captain Mode,150.0,0,11,1,1500.0,2026-09-27 17:00:00+00:00,Sun 1:00PM
195954412,NFL Showdown $2K First Down [20 Entry Max] (NE @ JAX),153776,Showdown Captain Mode,1.0,112,2378,20,2000.0,2026-09-27 17:00:00+00:00,Sun 1:00PM
195954408,NFL Showdown $510 Bootleg [Single Entry] (NE @ JAX),153776,Showdown Captain Mode,33.0,1,18,1,510.0,2026-09-27 17:00:00+00:00,Sun 1:00PM
195954407,NFL Showdown $500 Chop Block [Single Entry] (NE @ JAX),153776,Showdown Captain Mode,50.0,0,11,1,500.0,2026-09-27 17:00:00+00:00,Sun 1:00PM
195954413,NFL Showdown $500 Quarter Jukebox [Just $0.25!] (NE @ JAX),153776,Showdown Captain Mode,0.25,130,2378,20,500.0,2026-09-27 17:00:00+00:00,Sun 1:00PM
195954467,NFL Showdown $1.5K Power Sweep [Single Entry] (KC @ MIA),153780,Showdown Captain Mode,150.0,0,11,1,1500.0,2026-09-27 17:00:00+00:00,Sun 1:00PM
195954473,NFL Showdown $2K First Down [20 Entry Max] (KC @ MIA),153780,Showdown Captain Mode,1.0,157,2378,20,2000.0,2026-09-27 17:00:00+00:00,Sun 1:00PM
195954469,NFL Showdown $510 Bootleg [Single Entry] (KC @ MIA),153780,Showdown Captain Mode,33.0,1,18,1,510.0,2026-09-27 17:00:00+00:00,Sun 1:00PM
195954468,NFL Showdown $500 Chop Block [Single Entry] (KC @ MIA),153780,Showdown Captain Mode,50.0,0,11,1,500.0,2026-09-27 17:00:00+00:00,Sun 1:00PM
195954477,NFL Showdown $500 Daily Dollar [Single Entry] (KC @ MIA),153780,Showdown Captain Mode,1.0,27,594,1,500.0,2026-09-27 17:00:00+00:00,Sun 1:00PM
195954507,NFL Showdown $1.5K Power Sweep [Single Entry] (NYJ @ DET),153783,Showdown Captain Mode,150.0,0,11,1,1500.0,2026-09-27 17:00:00+00:00,Sun 1:00PM
195954513,NFL Showdown $2K First Down [20 Entry Max] (NYJ @ DET),153783,Showdown Captain Mode,1.0,141,2378,20,2000.0,2026-09-27 17:00:00+00:00,Sun 1:00PM
195954509,NFL Showdown $510 Bootleg [Single Entry] (NYJ @ DET),153783,Showdown Captain Mode,33.0,1,18,1,510.0,2026-09-27 17:00:00+00:00,Sun 1:00PM
195954508,NFL Showdown $500 Chop Block [Single Entry] (NYJ @ DET),153783,Showdown Captain Mode,50.0,0,11,1,500.0,2026-09-27 17:00:00+00:00,Sun 1:00PM
195954514,NFL Showdown $500 Quarter Jukebox [Just $0.25!] (NYJ @ DET),153783,Showdown Captain Mode,0.25,165,2378,20,500.0,2026-09-27 17:00:00+00:00,Sun 1:00PM
195920791,"NFL $1,350 2026 FFWC Qualifier Satellite",153769,Classic,136.0,2,11,1,1350.0,2026-09-27 17:00:00+00:00,Sun 1:00PM
195920790,"NFL $1,350 2026 FFWC Qualifier Satellite",153769,Classic,136.0,3,11,1,1350.0,2026-09-27 17:00:00+00:00,Sun 1:00PM
195920616,NFL SUPERSatellite to NFL $555 Fantasy Football Millionaire [2x],153769,Classic,137.0,2,9,1,1110.0,2026-09-27 17:00:00+00:00,Sun 1:00PM
195922655,NFL Satellite to NBA $888 MEGA 8's Special (10-21),153769,Classic,15.0,5,69,2,888.0,2026-09-27 17:00:00+00:00,Sun 1:00PM
195920610,NFL Satellite to NFL $555 Fantasy Football Millionaire,153769,Classic,22.0,3,29,1,555.0,2026-09-27 17:00:00+00:00,Sun 1:00PM
195920609,NFL Satellite to NFL $555 Fantasy Football Millionaire,153769,Classic,22.0,2,29,1,555.0,2026-09-27 17:00:00+00:00,Sun 1:00PM
195955918,NFL Tiers Single Entry $5 Double Up,153803,Tiers,5.0,9,172,1,750.0,2026-09-27 17:00:00+00:00,Sun 1:00PM
195955900,NFL Tiers Single Entry $25 Double Up,153803,Tiers,25.0,4,45,1,1000.0,2026-09-27 17:00:00+00:00,Sun 1:00PM
195955905,NFL Tiers $500 Safety,153803,Tiers,2.0,24,297,8,500.0,2026-09-27 17:00:00+00:00,Sun 1:00PM
195955902,NFL Tiers $1K Bootleg [Single Entry],153803,Tiers,33.0,4,35,1,1000.0,2026-09-27 17:00:00+00:00,Sun 1:00PM
195955910,NFL Tiers $1K Red Zone [Single Entry],153803,Tiers,50.0,2,22,1,1000.0,2026-09-27 17:00:00+00:00,Sun 1:00PM
195954439,NFL Showdown Single Entry $5 Double Up (LAC @ BUF),153777,Showdown Captain Mode,5.0,6,114,1,500.0,2026-09-27 17:00:00+00:00,Sun 1:00PM
195954436,NFL Showdown Single Entry $25 Double Up (LAC @ BUF),153777,Showdown Captain Mode,25.0,3,34,1,750.0,2026-09-27 17:00:00+00:00,Sun 1:00PM
195954701,NFL Showdown $555 Winner Take All [$2K to 1st] (LAC @ BUF),153777,Showdown Captain Mode,555.0,0,4,1,2000.0,2026-09-27 17:00:00+00:00,Sun 1:00PM
195954432,NFL Showdown $750 Fair Catch [Single Entry] (LAC @ BUF),153777,Showdown Captain Mode,12.0,6,73,1,750.0,2026-09-27 17:00:00+00:00,Sun 1:00PM
195954431,NFL Showdown $500 Cover Four [3 Entry Max] (LAC @ BUF),153777,Showdown Captain Mode,4.0,11,148,3,500.0,2026-09-27 17:00:00+00:00,Sun 1:00PM
195920612,NFL Satellite to NFL $555 Fantasy Football Millionaire,153769,Classic,9.0,19,72,2,555.0,2026-09-27 17:00:00+00:00,Sun 1:00PM
195920611,NFL Satellite to NFL $555 Fantasy Football Millionaire,153769,Classic,9.0,16,72,2,555.0,2026-09-27 17:00:00+00:00,Sun 1:00PM
195920614,NFL Satellite to NFL $555 Fantasy Football Millionaire,153769,Classic,6.0,20,108,3,555.0,2026-09-27 17:00:00+00:00,Sun 1:00PM
195920613,NFL Satellite to NFL $555 Fantasy Football Millionaire,153769,Classic,6.0,25,108,3,555.0,2026-09-27 17:00:00+00:00,Sun 1:00PM
195920747,NFL SUPERSat to $20 NFL Fantasy Football Millionaire [25x],153769,Classic,3.0,33,198,5,500.0,2026-09-27 17:00:00+00:00,Sun 1:00PM
195920748,NFL SUPERSat to $20 NFL Fantasy Football Millionaire [25x],153769,Classic,5.0,15,118,3,500.0,2026-09-27 17:00:00+00:00,Sun 1:00PM
195920786,NFL $490 2026 FFWC Qualifier Satellite,153769,Classic,8.0,13,72,2,490.0,2026-09-27 17:00:00+00:00,Sun 1:00PM
195920785,NFL $490 2026 FFWC Qualifier Satellite,153769,Classic,8.0,11,72,2,490.0,2026-09-27 17:00:00+00:00,Sun 1:00PM
195920787,NFL $490 2026 FFWC Qualifier Satellite,153769,Classic,18.0,5,32,1,490.0,2026-09-27 17:00:00+00:00,Sun 1:00PM
195954419,NFL Showdown Single Entry $5 Double Up (NE @ JAX),153776,Showdown Captain Mode,5.0,4,68,1,300.0,2026-09-27 17:00:00+00:00,Sun 1:00PM
195954417,NFL Showdown Single Entry $25 Double Up (NE @ JAX),153776,Showdown Captain Mode,25.0,2,22,1,500.0,2026-09-27 17:00:00+00:00,Sun 1:00PM
195954416,NFL Showdown $500 Daily Dollar [Single Entry] (NE @ JAX),153776,Showdown Captain Mode,1.0,25,594,1,500.0,2026-09-27 17:00:00+00:00,Sun 1:00PM
195955003,"NFL Showdown $1,060 Winner Take All [$4K to 1st] (Must Fill) (NE @ JAX)",153776,Showdown Captain Mode,1060.0,0,4,1,4000.0,2026-09-27 17:00:00+00:00,Sun 1:00PM
195955005,"NFL Showdown Satellite to NFL $4,444 Fantasy Football MEGA Millionaire [Must Fill] (NE @ JAX)",153776,Showdown Captain Mode,1570.0,0,3,1,4444.0,2026-09-27 17:00:00+00:00,Sun 1:00PM
195954480,NFL Showdown Single Entry $5 Double Up (KC @ MIA),153780,Showdown Captain Mode,5.0,4,68,1,300.0,2026-09-27 17:00:00+00:00,Sun 1:00PM
195954478,NFL Showdown Single Entry $25 Double Up (KC @ MIA),153780,Showdown Captain Mode,25.0,2,22,1,500.0,2026-09-27 17:00:00+00:00,Sun 1:00PM
195954474,NFL Showdown $500 Quarter Jukebox [Just $0.25!] (KC @ MIA),153780,Showdown Captain Mode,0.25,167,2378,20,500.0,2026-09-27 17:00:00+00:00,Sun 1:00PM
195955403,"NFL Showdown $1,060 Winner Take All [$4K to 1st] (Must Fill) (KC @ MIA)",153780,Showdown Captain Mode,1060.0,0,4,1,4000.0,2026-09-27 17:00:00+00:00,Sun 1:00PM
195955405,"NFL Showdown Satellite to NFL $4,444 Fantasy Football MEGA Millionaire [Must Fill] (KC @ MIA)",153780,Showdown Captain Mode,1570.0,0,3,1,4444.0,2026-09-27 17:00:00+00:00,Sun 1:00PM
195954520,NFL Showdown Single Entry $5 Double Up (NYJ @ DET),153783,Showdown Captain Mode,5.0,5,68,1,300.0,2026-09-27 17:00:00+00:00,Sun 1:00PM
195954518,NFL Showdown Single Entry $25 Double Up (NYJ @ DET),153783,Showdown Captain Mode,25.0,2,22,1,500.0,2026-09-27 17:00:00+00:00,Sun 1:00PM
195954517,NFL Showdown $500 Daily Dollar [Single Entry] (NYJ @ DET),153783,Showdown Captain Mode,1.0,24,594,1,500.0,2026-09-27 17:00:00+00:00,Sun 1:00PM
195955703,"NFL Showdown $1,060 Winner Take All [$4K to 1st] (Must Fill) (NYJ @ DET)",153783,Showdown Captain Mode,1060.0,0,4,1,4000.0,2026-09-27 17:00:00+00:00,Sun 1:00PM
195955705,"NFL Showdown Satellite to NFL $4,444 Fantasy Football MEGA Millionaire [Must Fill] (NYJ @ DET)",153783,Showdown Captain Mode,1570.0,0,3,1,4444.0,2026-09-27 17:00:00+00:00,Sun 1:00PM
195955889,NFL $1K Quarter Jukebox [Just $0.25!] (Sun-Mon),153771,Classic,0.25,247,4756,20,1000.0,2026-09-27 17:00:00+00:00,Sun 1:00PM
195955896,NFL $5 Double Up (Sun-Mon),153771,Classic,5.0,11,114,3,500.0,2026-09-27 17:00:00+00:00,Sun 1:00PM
195955879,NFL Single Entry $100 Double Up (Sun-Mon),153771,Classic,100.0,5,33,1,3000.0,2026-09-27 17:00:00+00:00,Sun 1:00PM
195955880,NFL Single Entry $50 Double Up (Sun-Mon),153771,Classic,50.0,5,45,1,2000.0,2026-09-27 17:00:00+00:00,Sun 1:00PM
195955881,NFL $10 Double Up (Sun-Mon),153771,Classic,10.0,17,114,3,1000.0,2026-09-27 17:00:00+00:00,Sun 1:00PM
195955897,NFL $2 Double Up (Sun-Mon),153771,Classic,2.0,15,287,8,500.0,2026-09-27 17:00:00+00:00,Sun 1:00PM
195956776,"NFL Satellite to NFL $4,444 Fantasy Football MEGA Millionaire [Must Fill] (Sun-Mon)",153771,Classic,1570.0,0,3,1,4444.0,2026-09-27 17:00:00+00:00,Sun 1:00PM
195956779,"NFL Satellite to NFL 10-12 $4,444 Showdown MEGA Millionaire [Must Fill] (Sun-Mon)",153771,Classic,1570.0,0,3,1,4444.0,2026-09-27 17:00:00+00:00,Sun 1:00PM
195956782,NFL Satellite to NFL 11-1 Midseason Main Event [Must Fill] (Sun-Mon),153771,Classic,530.0,0,3,1,1500.0,2026-09-27 17:00:00+00:00,Sun 1:00PM
195956774,"NFL $1,060 Winner Take All [$4K to 1st] (Must Fill) (Sun-Mon)",153771,Classic,1060.0,0,4,1,4000.0,2026-09-27 17:00:00+00:00,Sun 1:00PM
195954423,NFL Showdown $1K Bootleg [Single Entry] (LAC @ BUF),153777,Showdown Captain Mode,33.0,2,35,1,1000.0,2026-09-27 17:00:00+00:00,Sun 1:00PM
195954438,NFL Showdown $5 Double Up (LAC @ BUF),153777,Showdown Captain Mode,5.0,6,68,2,300.0,2026-09-27 17:00:00+00:00,Sun 1:00PM
195954437,NFL Showdown Single Entry $10 Double Up (LAC @ BUF),153777,Showdown Captain Mode,10.0,4,57,1,500.0,2026-09-27 17:00:00+00:00,Sun 1:00PM
195954435,NFL Showdown Single Entry $50 Double Up (LAC @ BUF),153777,Showdown Captain Mode,50.0,2,22,1,1000.0,2026-09-27 17:00:00+00:00,Sun 1:00PM
195954440,NFL Showdown Single Entry $2 Double Up (LAC @ BUF),153777,Showdown Captain Mode,2.0,5,114,1,200.0,2026-09-27 17:00:00+00:00,Sun 1:00PM
195954446,NFL Showdown $1.5K First Down [20 Entry Max] (CIN @ PIT),153778,Showdown Captain Mode,1.0,134,1783,20,1500.0,2026-09-27 17:00:00+00:00,Sun 1:00PM
195954442,NFL Showdown $500 Chop Block [Single Entry] (CIN @ PIT),153778,Showdown Captain Mode,50.0,0,11,1,500.0,2026-09-27 17:00:00+00:00,Sun 1:00PM
195954441,NFL Showdown $1K Hot Route [Single Entry] (CIN @ PIT),153778,Showdown Captain Mode,100.0,0,11,1,1000.0,2026-09-27 17:00:00+00:00,Sun 1:00PM
195954447,NFL Showdown $500 Quarter Jukebox [Just $0.25!] (CIN @ PIT),153778,Showdown Captain Mode,0.25,129,2378,20,500.0,2026-09-27 17:00:00+00:00,Sun 1:00PM
195955205,"NFL Showdown Satellite to NFL $4,444 Fantasy Football MEGA Millionaire [Must Fill] (CIN @ PIT)",153778,Showdown Captain Mode,1570.0,0,3,1,4444.0,2026-09-27 17:00:00+00:00,Sun 1:00PM
195954453,NFL Showdown Single Entry $5 Double Up (CIN @ PIT),153778,Showdown Captain Mode,5.0,4,68,1,300.0,2026-09-27 17:00:00+00:00,Sun 1:00PM
195954451,NFL Showdown Single Entry $25 Double Up (CIN @ PIT),153778,Showdown Captain Mode,25.0,2,22,1,500.0,2026-09-27 17:00:00+00:00,Sun 1:00PM
195955208,"NFL Showdown Satellite to NFL 10-12 $4,444 Showdown MEGA Millionaire [Must Fill] (CIN @ PIT)",153778,Showdown Captain Mode,1570.0,0,3,1,4444.0,2026-09-27 17:00:00+00:00,Sun 1:00PM
195955211,NFL Showdown Satellite to NFL 11-1 Midseason Main Event [Must Fill] (CIN @ PIT),153778,Showdown Captain Mode,530.0,0,3,1,1500.0,2026-09-27 17:00:00+00:00,Sun 1:00PM
195955203,"NFL Showdown $1,060 Winner Take All [$4K to 1st] (Must Fill) (CIN @ PIT)",153778,Showdown Captain Mode,1060.0,0,4,1,4000.0,2026-09-27 17:00:00+00:00,Sun 1:00PM
195954459,NFL Showdown $1.5K First Down [20 Entry Max] (HOU @ IND),153779,Showdown Captain Mode,1.0,101,1783,20,1500.0,2026-09-27 17:00:00+00:00,Sun 1:00PM
195954455,NFL Showdown $500 Chop Block [Single Entry] (HOU @ IND),153779,Showdown Captain Mode,50.0,0,11,1,500.0,2026-09-27 17:00:00+00:00,Sun 1:00PM
195954454,NFL Showdown $1K Hot Route [Single Entry] (HOU @ IND),153779,Showdown Captain Mode,100.0,0,11,1,1000.0,2026-09-27 17:00:00+00:00,Sun 1:00PM
195954460,NFL Showdown $500 Quarter Jukebox [Just $0.25!] (HOU @ IND),153779,Showdown Captain Mode,0.25,123,2378,20,500.0,2026-09-27 17:00:00+00:00,Sun 1:00PM
195955305,"NFL Showdown Satellite to NFL $4,444 Fantasy Football MEGA Millionaire [Must Fill] (HOU @ IND)",153779,Showdown Captain Mode,1570.0,0,3,1,4444.0,2026-09-27 17:00:00+00:00,Sun 1:00PM
195954466,NFL Showdown Single Entry $5 Double Up (HOU @ IND),153779,Showdown Captain Mode,5.0,4,68,1,300.0,2026-09-27 17:00:00+00:00,Sun 1:00PM
195954464,NFL Showdown Single Entry $25 Double Up (HOU @ IND),153779,Showdown Captain Mode,25.0,2,22,1,500.0,2026-09-27 17:00:00+00:00,Sun 1:00PM
195955308,"NFL Showdown Satellite to NFL 10-12 $4,444 Showdown MEGA Millionaire [Must Fill] (HOU @ IND)",153779,Showdown Captain Mode,1570.0,0,3,1,4444.0,2026-09-27 17:00:00+00:00,Sun 1:00PM
195955311,NFL Showdown Satellite to NFL 11-1 Midseason Main Event [Must Fill] (HOU @ IND),153779,Showdown Captain Mode,530.0,0,3,1,1500.0,2026-09-27 17:00:00+00:00,Sun 1:00PM
195955303,"NFL Showdown $1,060 Winner Take All [$4K to 1st] (Must Fill) (HOU @ IND)",153779,Showdown Captain Mode,1060.0,0,4,1,4000.0,2026-09-27 17:00:00+00:00,Sun 1:00PM
195954486,NFL Showdown $1.5K First Down [20 Entry Max] (SEA @ WAS),153781,Showdown Captain Mode,1.0,109,1783,20,1500.0,2026-09-27 17:00:00+00:00,Sun 1:00PM
195954482,NFL Showdown $500 Chop Block [Single Entry] (SEA @ WAS),153781,Showdown Captain Mode,50.0,0,11,1,500.0,2026-09-27 17:00:00+00:00,Sun 1:00PM
195954481,NFL Showdown $1K Hot Route [Single Entry] (SEA @ WAS),153781,Showdown Captain Mode,100.0,0,11,1,1000.0,2026-09-27 17:00:00+00:00,Sun 1:00PM
195954487,NFL Showdown $500 Quarter Jukebox [Just $0.25!] (SEA @ WAS),153781,Showdown Captain Mode,0.25,121,2378,20,500.0,2026-09-27 17:00:00+00:00,Sun 1:00PM
195955505,"NFL Showdown Satellite to NFL $4,444 Fantasy Football MEGA Millionaire [Must Fill] (SEA @ WAS)",153781,Showdown Captain Mode,1570.0,0,3,1,4444.0,2026-09-27 17:00:00+00:00,Sun 1:00PM
195954493,NFL Showdown Single Entry $5 Double Up (SEA @ WAS),153781,Showdown Captain Mode,5.0,4,68,1,300.0,2026-09-27 17:00:00+00:00,Sun 1:00PM
195954491,NFL Showdown Single Entry $25 Double Up (SEA @ WAS),153781,Showdown Captain Mode,25.0,2,22,1,500.0,2026-09-27 17:00:00+00:00,Sun 1:00PM
195955508,"NFL Showdown Satellite to NFL 10-12 $4,444 Showdown MEGA Millionaire [Must Fill] (SEA @ WAS)",153781,Showdown Captain Mode,1570.0,0,3,1,4444.0,2026-09-27 17:00:00+00:00,Sun 1:00PM
195955511,NFL Showdown Satellite to NFL 11-1 Midseason Main Event [Must Fill] (SEA @ WAS),153781,Showdown Captain Mode,530.0,0,3,1,1500.0,2026-09-27 17:00:00+00:00,Sun 1:00PM
195955503,"NFL Showdown $1,060 Winner Take All [$4K to 1st] (Must Fill) (SEA @ WAS)",153781,Showdown Captain Mode,1060.0,0,4,1,4000.0,2026-09-27 17:00:00+00:00,Sun 1:00PM
195954499,NFL Showdown $1.5K First Down [20 Entry Max] (TEN @ NYG),153782,Showdown Captain Mode,1.0,109,1783,20,1500.0,2026-09-27 17:00:00+00:00,Sun 1:00PM
195954495,NFL Showdown $500 Chop Block [Single Entry] (TEN @ NYG),153782,Showdown Captain Mode,50.0,0,11,1,500.0,2026-09-27 17:00:00+00:00,Sun 1:00PM
195954494,NFL Showdown $1K Hot Route [Single Entry] (TEN @ NYG),153782,Showdown Captain Mode,100.0,0,11,1,1000.0,2026-09-27 17:00:00+00:00,Sun 1:00PM
195954500,NFL Showdown $500 Quarter Jukebox [Just $0.25!] (TEN @ NYG),153782,Showdown Captain Mode,0.25,117,2378,20,500.0,2026-09-27 17:00:00+00:00,Sun 1:00PM
195955605,"NFL Showdown Satellite to NFL $4,444 Fantasy Football MEGA Millionaire [Must Fill] (TEN @ NYG)",153782,Showdown Captain Mode,1570.0,0,3,1,4444.0,2026-09-27 17:00:00+00:00,Sun 1:00PM
195954506,NFL Showdown Single Entry $5 Double Up (TEN @ NYG),153782,Showdown Captain Mode,5.0,5,68,1,300.0,2026-09-27 17:00:00+00:00,Sun 1:00PM
195954504,NFL Showdown Single Entry $25 Double Up (TEN @ NYG),153782,Showdown Captain Mode,25.0,2,22,1,500.0,2026-09-27 17:00:00+00:00,Sun 1:00PM
195955608,"NFL Showdown Satellite to NFL 10-12 $4,444 Showdown MEGA Millionaire [Must Fill] (TEN @ NYG)",153782,Showdown Captain Mode,1570.0,0,3,1,4444.0,2026-09-27 17:00:00+00:00,Sun 1:00PM
195955611,NFL Showdown Satellite to NFL 11-1 Midseason Main Event [Must Fill] (TEN @ NYG),153782,Showdown Captain Mode,530.0,0,3,1,1500.0,2026-09-27 17:00:00+00:00,Sun 1:00PM
195955603,"NFL Showdown $1,060 Winner Take All [$4K to 1st] (Must Fill) (TEN @ NYG)",153782,Showdown Captain Mode,1060.0,0,4,1,4000.0,2026-09-27 17:00:00+00:00,Sun 1:00PM
195954526,NFL Showdown $1.5K First Down [20 Entry Max] (CAR @ CLE),153784,Showdown Captain Mode,1.0,126,1783,20,1500.0,2026-09-27 17:00:00+00:00,Sun 1:00PM
195954522,NFL Showdown $500 Chop Block [Single Entry] (CAR @ CLE),153784,Showdown Captain Mode,50.0,0,11,1,500.0,2026-09-27 17:00:00+00:00,Sun 1:00PM
195954521,NFL Showdown $1K Hot Route [Single Entry] (CAR @ CLE),153784,Showdown Captain Mode,100.0,0,11,1,1000.0,2026-09-27 17:00:00+00:00,Sun 1:00PM
195954527,NFL Showdown $500 Quarter Jukebox [Just $0.25!] (CAR @ CLE),153784,Showdown Captain Mode,0.25,149,2378,20,500.0,2026-09-27 17:00:00+00:00,Sun 1:00PM
195955805,"NFL Showdown Satellite to NFL $4,444 Fantasy Football MEGA Millionaire [Must Fill] (CAR @ CLE)",153784,Showdown Captain Mode,1570.0,0,3,1,4444.0,2026-09-27 17:00:00+00:00,Sun 1:00PM
195954533,NFL Showdown Single Entry $5 Double Up (CAR @ CLE),153784,Showdown Captain Mode,5.0,4,68,1,300.0,2026-09-27 17:00:00+00:00,Sun 1:00PM
195954531,NFL Showdown Single Entry $25 Double Up (CAR @ CLE),153784,Showdown Captain Mode,25.0,2,22,1,500.0,2026-09-27 17:00:00+00:00,Sun 1:00PM
195955808,"NFL Showdown Satellite to NFL 10-12 $4,444 Showdown MEGA Millionaire [Must Fill] (CAR @ CLE)",153784,Showdown Captain Mode,1570.0,0,3,1,4444.0,2026-09-27 17:00:00+00:00,Sun 1:00PM
195955811,NFL Showdown Satellite to NFL 11-1 Midseason Main Event [Must Fill] (CAR @ CLE),153784,Showdown Captain Mode,530.0,0,3,1,1500.0,2026-09-27 17:00:00+00:00,Sun 1:00PM
195955803,"NFL Showdown $1,060 Winner Take All [$4K to 1st] (Must Fill) (CAR @ CLE)",153784,Showdown Captain Mode,1060.0,0,4,1,4000.0,2026-09-27 17:00:00+00:00,Sun 1:00PM
195922656,NFL Satellite to NBA $888 MEGA 8's Special (10-21),153769,Classic,45.0,1,23,1,888.0,2026-09-27 17:00:00+00:00,Sun 1:00PM
195922657,NFL Satellite to NBA $888 MEGA 8's Special (10-21),153769,Classic,90.0,0,11,1,888.0,2026-09-27 17:00:00+00:00,Sun 1:00PM
195951016,$500K NFL Pocket Cup Qualifier #116,153769,Classic,0.01,21012,142687,150,1200.0,2026-09-27 17:00:00+00:00,Sun 1:00PM
195951024,$500K NFL Pocket Cup Qualifier #118,153769,Classic,0.1,4535,14268,150,1200.0,2026-09-27 17:00:00+00:00,Sun 1:00PM
195951025,$500K NFL Pocket Cup Qualifier #119,153769,Classic,0.1,3741,14268,150,1200.0,2026-09-27 17:00:00+00:00,Sun 1:00PM
195951026,$500K NFL Pocket Cup Qualifier #120,153769,Classic,0.1,3425,14268,150,1200.0,2026-09-27 17:00:00+00:00,Sun 1:00PM
195951023,$500K NFL Pocket Cup Qualifier #117,153769,Classic,0.1,3484,14268,150,1200.0,2026-09-27 17:00:00+00:00,Sun 1:00PM
195954422,NFL Showdown $750 Chop Block [Single Entry] (LAC @ BUF),153777,Showdown Captain Mode,50.0,0,17,1,750.0,2026-09-27 17:00:00+00:00,Sun 1:00PM
195954429,NFL Showdown $1K Quarter Jukebox [Just $0.25!] (LAC @ BUF),153777,Showdown Captain Mode,0.25,279,4756,20,1000.0,2026-09-27 17:00:00+00:00,Sun 1:00PM
195954699,NFL Showdown $267 Winner Take All [$1K to 1st] (LAC @ BUF),153777,Showdown Captain Mode,267.0,0,4,1,1000.0,2026-09-27 17:00:00+00:00,Sun 1:00PM
195954700,NFL Showdown $267 Winner Take All [$1K to 1st] (LAC @ BUF),153777,Showdown Captain Mode,267.0,0,4,1,1000.0,2026-09-27 17:00:00+00:00,Sun 1:00PM
195954698,NFL Showdown $267 Winner Take All [$1K to 1st] (LAC @ BUF),153777,Showdown Captain Mode,267.0,0,4,1,1000.0,2026-09-27 17:00:00+00:00,Sun 1:00PM
195951034,$500K NFL Pocket Cup Qualifier #122,153769,Classic,0.25,1669,5707,150,1200.0,2026-09-27 17:00:00+00:00,Sun 1:00PM
195951035,$500K NFL Pocket Cup Qualifier #123,153769,Classic,0.25,1744,5707,150,1200.0,2026-09-27 17:00:00+00:00,Sun 1:00PM
195951036,$500K NFL Pocket Cup Qualifier #124,153769,Classic,0.25,1564,5707,150,1200.0,2026-09-27 17:00:00+00:00,Sun 1:00PM
195951033,$500K NFL Pocket Cup Qualifier #121,153769,Classic,0.25,1324,5707,150,1200.0,2026-09-27 17:00:00+00:00,Sun 1:00PM
195951045,$500K NFL Pocket Cup Qualifier #126,153769,Classic,1.0,148,1426,20,1200.0,2026-09-27 17:00:00+00:00,Sun 1:00PM
195951046,$500K NFL Pocket Cup Qualifier #127,153769,Classic,1.0,165,1426,20,1200.0,2026-09-27 17:00:00+00:00,Sun 1:00PM
195951044,$500K NFL Pocket Cup Qualifier #125,153769,Classic,1.0,167,1426,20,1200.0,2026-09-27 17:00:00+00:00,Sun 1:00PM
195920608,NFL Satellite to NFL $555 Fantasy Football Millionaire,153769,Classic,90.0,0,7,1,555.0,2026-09-27 17:00:00+00:00,Sun 1:00PM
195922616,NFL Satellite to NHL 11-3 $555 Barn Burner,153769,Classic,90.0,1,7,1,555.0,2026-09-27 17:00:00+00:00,Sun 1:00PM
195922617,NFL Satellite to NHL 11-3 $555 Barn Burner,153769,Classic,43.0,2,15,1,555.0,2026-09-27 17:00:00+00:00,Sun 1:00PM
195956075,NFL Satellite to UFC 332 $555 Knockout Special (10-3),153769,Classic,34.0,1,19,1,555.0,2026-09-27 17:00:00+00:00,Sun 1:00PM
195956076,NFL Satellite to UFC 332 $555 Knockout Special (10-3),153769,Classic,90.0,0,7,1,555.0,2026-09-27 17:00:00+00:00,Sun 1:00PM
195920788,NFL $490 2026 FFWC Qualifier Satellite,153769,Classic,38.0,2,15,1,490.0,2026-09-27 17:00:00+00:00,Sun 1:00PM
195955903,NFL Tiers $1K Quarter Jukebox [Just $0.25!],153803,Tiers,0.25,606,4756,20,1000.0,2026-09-27 17:00:00+00:00,Sun 1:00PM
195955917,NFL Tiers $5 Double Up,153803,Tiers,5.0,8,68,2,300.0,2026-09-27 17:00:00+00:00,Sun 1:00PM
195955916,NFL Tiers $10 Double Up [Single Entry],153803,Tiers,10.0,6,85,1,740.0,2026-09-27 17:00:00+00:00,Sun 1:00PM
195955915,NFL Tiers $10 Double Up,153803,Tiers,10.0,8,69,2,600.0,2026-09-27 17:00:00+00:00,Sun 1:00PM
195955914,NFL Tiers Single Entry $50 Double Up,153803,Tiers,50.0,4,22,1,1000.0,2026-09-27 17:00:00+00:00,Sun 1:00PM
195955919,NFL Tiers $2 Double Up,153803,Tiers,2.0,15,229,6,400.0,2026-09-27 17:00:00+00:00,Sun 1:00PM
195955908,NFL Tiers $750 Dime Package [Just $0.10!],153803,Tiers,0.1,842,8917,20,750.0,2026-09-27 17:00:00+00:00,Sun 1:00PM
195956674,"NFL Tiers $1,060 Winner Take All [$4K to 1st] (Must Fill)",153803,Tiers,1060.0,0,4,1,4000.0,2026-09-27 17:00:00+00:00,Sun 1:00PM
195956676,"NFL Tiers Satellite to NFL $4,444 Fantasy Football MEGA Millionaire [Must Fill]",153803,Tiers,1570.0,0,3,1,4444.0,2026-09-27 17:00:00+00:00,Sun 1:00PM
195956679,"NFL Tiers Satellite to NFL 10-12 $4,444 Showdown MEGA Millionaire [Must Fill]",153803,Tiers,1570.0,0,3,1,4444.0,2026-09-27 17:00:00+00:00,Sun 1:00PM
195955835,NFL $1K Dime Package [Just $0.10!] (Early Only),153770,Classic,0.1,1086,11890,20,1000.0,2026-09-27 17:00:00+00:00,Sun 1:00PM
195956569,"NFL $1,060 Winner Take All [$4K to 1st] (Must Fill) (Early Only)",153770,Classic,1060.0,0,4,1,4000.0,2026-09-27 17:00:00+00:00,Sun 1:00PM
195956573,NFL Satellite to NFL $555 Fantasy Football Millionaire [Must Fill] (Early Only),153770,Classic,201.0,0,3,1,555.0,2026-09-27 17:00:00+00:00,Sun 1:00PM
195957052,NFL Satellite to NHL 11-3 $555 Barn Burner [Must Fill] (Early Only),153770,Classic,201.0,0,3,1,555.0,2026-09-27 17:00:00+00:00,Sun 1:00PM
195957068,NFL Satellite to UFC 332 $555 Knockout Special (10-3) [Must Fill] (Early Only),153770,Classic,201.0,0,3,1,555.0,2026-09-27 17:00:00+00:00,Sun 1:00PM
195922658,NFL Satellite to NBA $888 MEGA 8's Special (10-21),153769,Classic,140.0,0,7,1,888.0,2026-09-27 17:00:00+00:00,Sun 1:00PM
195920744,NFL SUPERSat to $20 NFL Fantasy Football Millionaire [25x],153769,Classic,1.0,130,594,17,500.0,2026-09-27 17:00:00+00:00,Sun 1:00PM
195920745,NFL SUPERSat to $20 NFL Fantasy Football Millionaire [25x],153769,Classic,1.0,157,594,17,500.0,2026-09-27 17:00:00+00:00,Sun 1:00PM
195920746,NFL SUPERSat to $20 NFL Fantasy Football Millionaire [25x],153769,Classic,1.0,127,594,17,500.0,2026-09-27 17:00:00+00:00,Sun 1:00PM
195920741,NFL SUPERSat to $20 NFL Fantasy Football Millionaire [25x],153769,Classic,0.25,302,2378,20,500.0,2026-09-27 17:00:00+00:00,Sun 1:00PM
195920743,NFL SUPERSat to $20 NFL Fantasy Football Millionaire [25x],153769,Classic,0.25,261,2378,20,500.0,2026-09-27 17:00:00+00:00,Sun 1:00PM
195920742,NFL SUPERSat to $20 NFL Fantasy Football Millionaire [25x],153769,Classic,0.25,346,2378,20,500.0,2026-09-27 17:00:00+00:00,Sun 1:00PM
195954434,NFL Showdown $750 Daily Dollar [Single Entry] (LAC @ BUF),153777,Showdown Captain Mode,1.0,36,891,1,750.0,2026-09-27 17:00:00+00:00,Sun 1:00PM
195954430,NFL Showdown $500 Dime Package [Just $0.10!] (LAC @ BUF),153777,Showdown Captain Mode,0.1,412,5945,20,500.0,2026-09-27 17:00:00+00:00,Sun 1:00PM
195955103,"NFL Showdown $1,060 Winner Take All [$4K to 1st] (Must Fill) (LAC @ BUF)",153777,Showdown Captain Mode,1060.0,0,4,1,4000.0,2026-09-27 17:00:00+00:00,Sun 1:00PM
195955105,"NFL Showdown Satellite to NFL $4,444 Fantasy Football MEGA Millionaire [Must Fill] (LAC @ BUF)",153777,Showdown Captain Mode,1570.0,0,3,1,4444.0,2026-09-27 17:00:00+00:00,Sun 1:00PM
195955108,"NFL Showdown Satellite to NFL 10-12 $4,444 Showdown MEGA Millionaire [Must Fill] (LAC @ BUF)",153777,Showdown Captain Mode,1570.0,0,3,1,4444.0,2026-09-27 17:00:00+00:00,Sun 1:00PM
195921134,"NFL Satellite to NFL $4,444 Fantasy Football MEGA Millionaire [Must Fill]",153769,Classic,1570.0,1,3,1,4444.0,2026-09-27 17:00:00+00:00,Sun 1:00PM
195921137,"NFL Satellite to NFL 10-12 $4,444 Showdown MEGA Millionaire [Must Fill]",153769,Classic,1570.0,0,3,1,4444.0,2026-09-27 17:00:00+00:00,Sun 1:00PM
195921140,NFL Satellite to NFL 11-1 Midseason Main Event [Must Fill],153769,Classic,530.0,1,3,1,1500.0,2026-09-27 17:00:00+00:00,Sun 1:00PM
195955008,"NFL Showdown Satellite to NFL 10-12 $4,444 Showdown MEGA Millionaire [Must Fill] (NE @ JAX)",153776,Showdown Captain Mode,1570.0,0,3,1,4444.0,2026-09-27 17:00:00+00:00,Sun 1:00PM
195954418,NFL Showdown Single Entry $10 Double Up (NE @ JAX),153776,Showdown Captain Mode,10.0,2,34,1,300.0,2026-09-27 17:00:00+00:00,Sun 1:00PM
195955011,NFL Showdown Satellite to NFL 11-1 Midseason Main Event [Must Fill] (NE @ JAX),153776,Showdown Captain Mode,530.0,0,3,1,1500.0,2026-09-27 17:00:00+00:00,Sun 1:00PM
195955006,NFL Showdown Satellite to NFL $555 Fantasy Football Millionaire [Must Fill] (NE @ JAX),153776,Showdown Captain Mode,201.0,0,3,1,555.0,2026-09-27 17:00:00+00:00,Sun 1:00PM
195955012,NFL Showdown Satellite to NFL 10-25 Midseason Warm Up Millionaire [Must Fill] (NE @ JAX),153776,Showdown Captain Mode,55.0,0,3,1,150.0,2026-09-27 17:00:00+00:00,Sun 1:00PM
195955408,"NFL Showdown Satellite to NFL 10-12 $4,444 Showdown MEGA Millionaire [Must Fill] (KC @ MIA)",153780,Showdown Captain Mode,1570.0,0,3,1,4444.0,2026-09-27 17:00:00+00:00,Sun 1:00PM
195954479,NFL Showdown Single Entry $10 Double Up (KC @ MIA),153780,Showdown Captain Mode,10.0,2,34,1,300.0,2026-09-27 17:00:00+00:00,Sun 1:00PM
195955411,NFL Showdown Satellite to NFL 11-1 Midseason Main Event [Must Fill] (KC @ MIA),153780,Showdown Captain Mode,530.0,0,3,1,1500.0,2026-09-27 17:00:00+00:00,Sun 1:00PM
195955406,NFL Showdown Satellite to NFL $555 Fantasy Football Millionaire [Must Fill] (KC @ MIA),153780,Showdown Captain Mode,201.0,0,3,1,555.0,2026-09-27 17:00:00+00:00,Sun 1:00PM
195955412,NFL Showdown Satellite to NFL 10-25 Midseason Warm Up Millionaire [Must Fill] (KC @ MIA),153780,Showdown Captain Mode,55.0,0,3,1,150.0,2026-09-27 17:00:00+00:00,Sun 1:00PM
195955708,"NFL Showdown Satellite to NFL 10-12 $4,444 Showdown MEGA Millionaire [Must Fill] (NYJ @ DET)",153783,Showdown Captain Mode,1570.0,0,3,1,4444.0,2026-09-27 17:00:00+00:00,Sun 1:00PM
195954519,NFL Showdown Single Entry $10 Double Up (NYJ @ DET),153783,Showdown Captain Mode,10.0,2,34,1,300.0,2026-09-27 17:00:00+00:00,Sun 1:00PM
195955711,NFL Showdown Satellite to NFL 11-1 Midseason Main Event [Must Fill] (NYJ @ DET),153783,Showdown Captain Mode,530.0,0,3,1,1500.0,2026-09-27 17:00:00+00:00,Sun 1:00PM
195955706,NFL Showdown Satellite to NFL $555 Fantasy Football Millionaire [Must Fill] (NYJ @ DET),153783,Showdown Captain Mode,201.0,0,3,1,555.0,2026-09-27 17:00:00+00:00,Sun 1:00PM
195955712,NFL Showdown Satellite to NFL 10-25 Midseason Warm Up Millionaire [Must Fill] (NYJ @ DET),153783,Showdown Captain Mode,55.0,0,3,1,150.0,2026-09-27 17:00:00+00:00,Sun 1:00PM
195956682,NFL Tiers Satellite to NFL 11-1 Midseason Main Event [Must Fill],153803,Tiers,530.0,0,3,1,1500.0,2026-09-27 17:00:00+00:00,Sun 1:00PM
195956677,NFL Tiers Satellite to NFL $555 Fantasy Football Millionaire [Must Fill],153803,Tiers,201.0,0,3,1,555.0,2026-09-27 17:00:00+00:00,Sun 1:00PM
195956683,NFL Tiers Satellite to NFL 10-25 Midseason Warm Up Millionaire [Must Fill],153803,Tiers,55.0,0,3,1,150.0,2026-09-27 17:00:00+00:00,Sun 1:00PM
195956681,NFL Tiers Satellite to NFL $333 Wildcat [Must Fill],153803,Tiers,121.0,0,3,1,333.0,2026-09-27 17:00:00+00:00,Sun 1:00PM
195955111,NFL Showdown Satellite to NFL 11-1 Midseason Main Event [Must Fill] (LAC @ BUF),153777,Showdown Captain Mode,530.0,0,3,1,1500.0,2026-09-27 17:00:00+00:00,Sun 1:00PM
195955106,NFL Showdown Satellite to NFL $555 Fantasy Football Millionaire [Must Fill] (LAC @ BUF),153777,Showdown Captain Mode,201.0,0,3,1,555.0,2026-09-27 17:00:00+00:00,Sun 1:00PM
195955112,NFL Showdown Satellite to NFL 10-25 Midseason Warm Up Millionaire [Must Fill] (LAC @ BUF),153777,Showdown Captain Mode,55.0,0,3,1,150.0,2026-09-27 17:00:00+00:00,Sun 1:00PM
195955110,NFL Showdown Satellite to NFL $333 Wildcat [Must Fill] (LAC @ BUF),153777,Showdown Captain Mode,121.0,0,3,1,333.0,2026-09-27 17:00:00+00:00,Sun 1:00PM
195928825,NFL Single Stat Satellite to NFL 11-1 Midseason Main Event [Must Fill] (Touchdowns),153805,Single Stat - Touchdowns,530.0,0,3,1,1500.0,2026-09-27 17:00:00+00:00,Sun 1:00PM
195928820,NFL Single Stat Satellite to NFL $555 Fantasy Football Millionaire [Must Fill] (Touchdowns),153805,Single Stat - Touchdowns,201.0,0,3,1,555.0,2026-09-27 17:00:00+00:00,Sun 1:00PM
195928826,NFL Single Stat Satellite to NFL 10-25 Midseason Warm Up Millionaire [Must Fill] (Touchdowns),153805,Single Stat - Touchdowns,55.0,0,3,1,150.0,2026-09-27 17:00:00+00:00,Sun 1:00PM
195928824,NFL Single Stat Satellite to NFL $333 Wildcat [Must Fill] (Touchdowns),153805,Single Stat - Touchdowns,121.0,0,3,1,333.0,2026-09-27 17:00:00+00:00,Sun 1:00PM
195922654,NFL Satellite to NBA $888 MEGA 8's Special (10-21) [Must Fill],153769,Classic,322.0,0,3,1,888.0,2026-09-27 17:00:00+00:00,Sun 1:00PM
195921135,NFL Satellite to NFL $555 Fantasy Football Millionaire [Must Fill],153769,Classic,201.0,2,3,1,555.0,2026-09-27 17:00:00+00:00,Sun 1:00PM
195922618,NFL Satellite to NHL 11-3 $555 Barn Burner [Must Fill],153769,Classic,201.0,1,3,1,555.0,2026-09-27 17:00:00+00:00,Sun 1:00PM
195956074,NFL Satellite to UFC 332 $555 Knockout Special (10-3) [Must Fill],153769,Classic,201.0,0,3,1,555.0,2026-09-27 17:00:00+00:00,Sun 1:00PM
195922619,NFL Satellite to NHL 10-13 $360 Spin-O-Rama,153769,Classic,9.0,2,47,1,360.0,2026-09-27 17:00:00+00:00,Sun 1:00PM
195937529,NFL Showdown Satellite to NFL $333 Wildcat (ATL @ GB),153775,Showdown Captain Mode,5.0,16,79,2,333.0,2026-09-25 00:15:00+00:00,Thu 8:15PM
195937531,NFL Showdown Satellite to NFL $333 Wildcat (ATL @ GB),153775,Showdown Captain Mode,35.0,2,11,1,333.0,2026-09-25 00:15:00+00:00,Thu 8:15PM
195937539,NFL Showdown Satellite to NFL 10-25 Midseason Warm Up Millionaire (ATL @ GB),153775,Showdown Captain Mode,8.0,4,22,1,150.0,2026-09-25 00:15:00+00:00,Thu 8:15PM
195937538,NFL Showdown Satellite to NFL 10-25 Midseason Warm Up Millionaire (ATL @ GB),153775,Showdown Captain Mode,8.0,4,22,1,150.0,2026-09-25 00:15:00+00:00,Thu 8:15PM
195937541,NFL Showdown Satellite to NFL 10-25 Midseason Warm Up Millionaire (ATL @ GB),153775,Showdown Captain Mode,11.0,2,16,1,150.0,2026-09-25 00:15:00+00:00,Thu 8:15PM
195937540,NFL Showdown Satellite to NFL 10-25 Midseason Warm Up Millionaire (ATL @ GB),153775,Showdown Captain Mode,11.0,3,16,1,150.0,2026-09-25 00:15:00+00:00,Thu 8:15PM
195937543,NFL Showdown Satellite to NFL 10-25 Midseason Warm Up Millionaire (ATL @ GB),153775,Showdown Captain Mode,16.0,2,11,1,150.0,2026-09-25 00:15:00+00:00,Thu 8:15PM
195937542,NFL Showdown Satellite to NFL 10-25 Midseason Warm Up Millionaire (ATL @ GB),153775,Showdown Captain Mode,16.0,2,11,1,150.0,2026-09-25 00:15:00+00:00,Thu 8:15PM
195951069,LAST SHOT: NFL Showdown SUPERSatellite to NHL 9-29 $15 Opening Night Puck Drop [10x] (ATL @ GB),153775,Showdown Captain Mode,5.0,0,35,1,150.0,2026-09-25 00:15:00+00:00,Thu 8:15PM
195951068,LAST SHOT: NFL Showdown SUPERSatellite to NHL 9-29 $15 Opening Night Puck Drop [10x] (ATL @ GB),153775,Showdown Captain Mode,5.0,0,35,1,150.0,2026-09-25 00:15:00+00:00,Thu 8:15PM
195957469,NFL Showdown Satellite to NFL 10-25 Midseason Warm Up Millionaire (ATL @ GB),153775,Showdown Captain Mode,2.0,9,89,2,150.0,2026-09-25 00:15:00+00:00,Thu 8:15PM
195957468,NFL Showdown Satellite to NFL 10-25 Midseason Warm Up Millionaire (ATL @ GB),153775,Showdown Captain Mode,2.0,7,89,2,150.0,2026-09-25 00:15:00+00:00,Thu 8:15PM
195937521,NFL Showdown $125 2026 FFWC Qualifier Satellite (ATL @ GB),153775,Showdown Captain Mode,7.0,3,21,1,125.0,2026-09-25 00:15:00+00:00,Thu 8:15PM
195937509,NFL Showdown $50 2026 FFWC Qualifier SUPERSatellite [2x] (ATL @ GB),153775,Showdown Captain Mode,9.0,2,13,1,100.0,2026-09-25 00:15:00+00:00,Thu 8:15PM
195937532,NFL Showdown Satellite to NFL $333 Wildcat (ATL @ GB),153775,Showdown Captain Mode,75.0,0,5,1,333.0,2026-09-25 00:15:00+00:00,Thu 8:15PM
195937651,NFL Satellite to NFL 10-25 Midseason Warm Up Millionaire (Thu-Mon),153768,Classic,16.0,3,11,1,150.0,2026-09-25 00:15:00+00:00,Thu 8:15PM
195937650,NFL Satellite to NFL $333 Wildcat (Thu-Mon),153768,Classic,75.0,2,5,1,333.0,2026-09-25 00:15:00+00:00,Thu 8:15PM
195926990,NFL Satellite to NFL 10-25 Midseason Warm Up Millionaire [Must Fill] (Thu-Mon),153768,Classic,55.0,0,3,1,150.0,2026-09-25 00:15:00+00:00,Thu 8:15PM
195926988,NFL Satellite to NFL $333 Wildcat [Must Fill] (Thu-Mon),153768,Classic,121.0,0,3,1,333.0,2026-09-25 00:15:00+00:00,Thu 8:15PM
195937555,NFL Showdown Satellite to MLB 9-29 $333 Postseason Perfect Game (ATL @ GB),153775,Showdown Captain Mode,35.0,0,11,1,333.0,2026-09-25 00:15:00+00:00,Thu 8:15PM
195937512,NFL Showdown $125 2026 FFWC Qualifier Satellite (ATL @ GB),153775,Showdown Captain Mode,29.0,0,5,1,125.0,2026-09-25 00:15:00+00:00,Thu 8:15PM
195957467,NFL Showdown Satellite to NFL 10-25 Midseason Warm Up Millionaire (ATL @ GB),153775,Showdown Captain Mode,1.0,27,178,5,150.0,2026-09-25 00:15:00+00:00,Thu 8:15PM
195957466,NFL Showdown Satellite to NFL 10-25 Midseason Warm Up Millionaire (ATL @ GB),153775,Showdown Captain Mode,1.0,29,178,5,150.0,2026-09-25 00:15:00+00:00,Thu 8:15PM
195937511,NFL Showdown $125 2026 FFWC Qualifier Satellite (ATL @ GB),153775,Showdown Captain Mode,1.0,31,148,4,125.0,2026-09-25 00:15:00+00:00,Thu 8:15PM
195937510,NFL Showdown $125 2026 FFWC Qualifier Satellite (ATL @ GB),153775,Showdown Captain Mode,1.0,23,148,4,125.0,2026-09-25 00:15:00+00:00,Thu 8:15PM
195926767,NFL Showdown Satellite to NFL 10-25 Midseason Warm Up Millionaire [Must Fill] (ATL @ GB),153775,Showdown Captain Mode,55.0,0,3,1,150.0,2026-09-25 00:15:00+00:00,Thu 8:15PM
195937553,NFL Showdown Satellite to NHL 10-13 $360 Spin-O-Rama [Must Fill] (ATL @ GB),153775,Showdown Captain Mode,130.0,1,3,1,360.0,2026-09-25 00:15:00+00:00,Thu 8:15PM
195926765,NFL Showdown Satellite to NFL $333 Wildcat [Must Fill] (ATL @ GB),153775,Showdown Captain Mode,121.0,0,3,1,333.0,2026-09-25 00:15:00+00:00,Thu 8:15PM
195937556,NFL Showdown Satellite to MLB 9-29 $333 Postseason Perfect Game [Must Fill] (ATL @ GB),153775,Showdown Captain Mode,121.0,0,3,1,333.0,2026-09-25 00:15:00+00:00,Thu 8:15PM
195954409,NFL Showdown $400 Fair Catch [Single Entry] (NE @ JAX),153776,Showdown Captain Mode,12.0,3,39,1,400.0,2026-09-27 17:00:00+00:00,Sun 1:00PM
195954786,NFL Showdown $85 Winner Take All [$300 to 1st] (NE @ JAX),153776,Showdown Captain Mode,85.0,0,4,1,300.0,2026-09-27 17:00:00+00:00,Sun 1:00PM
195954414,NFL Showdown $250 Dime Package [Just $0.10!] (NE @ JAX),153776,Showdown Captain Mode,0.1,207,2972,20,250.0,2026-09-27 17:00:00+00:00,Sun 1:00PM
195955010,NFL Showdown Satellite to NFL $333 Wildcat [Must Fill] (NE @ JAX),153776,Showdown Captain Mode,121.0,0,3,1,333.0,2026-09-27 17:00:00+00:00,Sun 1:00PM
195954470,NFL Showdown $400 Fair Catch [Single Entry] (KC @ MIA),153780,Showdown Captain Mode,12.0,3,39,1,400.0,2026-09-27 17:00:00+00:00,Sun 1:00PM
195954816,NFL Showdown $85 Winner Take All [$300 to 1st] (KC @ MIA),153780,Showdown Captain Mode,85.0,0,4,1,300.0,2026-09-27 17:00:00+00:00,Sun 1:00PM
195954475,NFL Showdown $250 Dime Package [Just $0.10!] (KC @ MIA),153780,Showdown Captain Mode,0.1,245,2972,20,250.0,2026-09-27 17:00:00+00:00,Sun 1:00PM
195955410,NFL Showdown Satellite to NFL $333 Wildcat [Must Fill] (KC @ MIA),153780,Showdown Captain Mode,121.0,0,3,1,333.0,2026-09-27 17:00:00+00:00,Sun 1:00PM
195954510,NFL Showdown $400 Fair Catch [Single Entry] (NYJ @ DET),153783,Showdown Captain Mode,12.0,3,39,1,400.0,2026-09-27 17:00:00+00:00,Sun 1:00PM
195954846,NFL Showdown $85 Winner Take All [$300 to 1st] (NYJ @ DET),153783,Showdown Captain Mode,85.0,0,4,1,300.0,2026-09-27 17:00:00+00:00,Sun 1:00PM
195954515,NFL Showdown $250 Dime Package [Just $0.10!] (NYJ @ DET),153783,Showdown Captain Mode,0.1,196,2972,20,250.0,2026-09-27 17:00:00+00:00,Sun 1:00PM
195955710,NFL Showdown Satellite to NFL $333 Wildcat [Must Fill] (NYJ @ DET),153783,Showdown Captain Mode,121.0,0,3,1,333.0,2026-09-27 17:00:00+00:00,Sun 1:00PM
195920803,NFL Satellite to NFL $333 Wildcat,153769,Classic,5.0,11,79,2,333.0,2026-09-27 17:00:00+00:00,Sun 1:00PM
195920804,NFL Satellite to NFL $333 Wildcat,153769,Classic,5.0,13,79,2,333.0,2026-09-27 17:00:00+00:00,Sun 1:00PM
195920802,NFL Satellite to NFL $333 Wildcat,153769,Classic,5.0,12,79,2,333.0,2026-09-27 17:00:00+00:00,Sun 1:00PM
195920806,NFL Satellite to NFL $333 Wildcat,153769,Classic,17.0,6,23,1,333.0,2026-09-27 17:00:00+00:00,Sun 1:00PM
195920807,NFL Satellite to NFL $333 Wildcat,153769,Classic,17.0,3,23,1,333.0,2026-09-27 17:00:00+00:00,Sun 1:00PM
195920805,NFL Satellite to NFL $333 Wildcat,153769,Classic,17.0,3,23,1,333.0,2026-09-27 17:00:00+00:00,Sun 1:00PM
195922624,NFL Satellite to MLB 9-29 $333 Postseason Perfect Game,153769,Classic,17.0,2,23,1,333.0,2026-09-27 17:00:00+00:00,Sun 1:00PM
195922653,NFL SUPERSatellite to NBA 10-20 $20 Opening Tip Off [10x],153769,Classic,3.0,4,79,2,200.0,2026-09-27 17:00:00+00:00,Sun 1:00PM
195920828,NFL Satellite to NFL 10-25 Midseason Warm Up Millionaire,153769,Classic,8.0,3,22,1,150.0,2026-09-27 17:00:00+00:00,Sun 1:00PM
195920827,NFL Satellite to NFL 10-25 Midseason Warm Up Millionaire,153769,Classic,8.0,2,22,1,150.0,2026-09-27 17:00:00+00:00,Sun 1:00PM
195954443,NFL Showdown $400 Bootleg [Single Entry] (CIN @ PIT),153778,Showdown Captain Mode,33.0,1,14,1,400.0,2026-09-27 17:00:00+00:00,Sun 1:00PM
195954452,NFL Showdown Single Entry $10 Double Up (CIN @ PIT),153778,Showdown Captain Mode,10.0,2,34,1,300.0,2026-09-27 17:00:00+00:00,Sun 1:00PM
195955206,NFL Showdown Satellite to NFL $555 Fantasy Football Millionaire [Must Fill] (CIN @ PIT),153778,Showdown Captain Mode,201.0,0,3,1,555.0,2026-09-27 17:00:00+00:00,Sun 1:00PM
195955212,NFL Showdown Satellite to NFL 10-25 Midseason Warm Up Millionaire [Must Fill] (CIN @ PIT),153778,Showdown Captain Mode,55.0,0,3,1,150.0,2026-09-27 17:00:00+00:00,Sun 1:00PM
195955210,NFL Showdown Satellite to NFL $333 Wildcat [Must Fill] (CIN @ PIT),153778,Showdown Captain Mode,121.0,0,3,1,333.0,2026-09-27 17:00:00+00:00,Sun 1:00PM
195954456,NFL Showdown $400 Bootleg [Single Entry] (HOU @ IND),153779,Showdown Captain Mode,33.0,1,14,1,400.0,2026-09-27 17:00:00+00:00,Sun 1:00PM
195954465,NFL Showdown Single Entry $10 Double Up (HOU @ IND),153779,Showdown Captain Mode,10.0,2,34,1,300.0,2026-09-27 17:00:00+00:00,Sun 1:00PM
195955306,NFL Showdown Satellite to NFL $555 Fantasy Football Millionaire [Must Fill] (HOU @ IND),153779,Showdown Captain Mode,201.0,0,3,1,555.0,2026-09-27 17:00:00+00:00,Sun 1:00PM
195955312,NFL Showdown Satellite to NFL 10-25 Midseason Warm Up Millionaire [Must Fill] (HOU @ IND),153779,Showdown Captain Mode,55.0,0,3,1,150.0,2026-09-27 17:00:00+00:00,Sun 1:00PM
195955310,NFL Showdown Satellite to NFL $333 Wildcat [Must Fill] (HOU @ IND),153779,Showdown Captain Mode,121.0,0,3,1,333.0,2026-09-27 17:00:00+00:00,Sun 1:00PM
195954483,NFL Showdown $400 Bootleg [Single Entry] (SEA @ WAS),153781,Showdown Captain Mode,33.0,1,14,1,400.0,2026-09-27 17:00:00+00:00,Sun 1:00PM
195954492,NFL Showdown Single Entry $10 Double Up (SEA @ WAS),153781,Showdown Captain Mode,10.0,2,34,1,300.0,2026-09-27 17:00:00+00:00,Sun 1:00PM
195955506,NFL Showdown Satellite to NFL $555 Fantasy Football Millionaire [Must Fill] (SEA @ WAS),153781,Showdown Captain Mode,201.0,0,3,1,555.0,2026-09-27 17:00:00+00:00,Sun 1:00PM
195955512,NFL Showdown Satellite to NFL 10-25 Midseason Warm Up Millionaire [Must Fill] (SEA @ WAS),153781,Showdown Captain Mode,55.0,0,3,1,150.0,2026-09-27 17:00:00+00:00,Sun 1:00PM
195955510,NFL Showdown Satellite to NFL $333 Wildcat [Must Fill] (SEA @ WAS),153781,Showdown Captain Mode,121.0,0,3,1,333.0,2026-09-27 17:00:00+00:00,Sun 1:00PM
195954496,NFL Showdown $400 Bootleg [Single Entry] (TEN @ NYG),153782,Showdown Captain Mode,33.0,1,14,1,400.0,2026-09-27 17:00:00+00:00,Sun 1:00PM
195954505,NFL Showdown Single Entry $10 Double Up (TEN @ NYG),153782,Showdown Captain Mode,10.0,2,34,1,300.0,2026-09-27 17:00:00+00:00,Sun 1:00PM
195955606,NFL Showdown Satellite to NFL $555 Fantasy Football Millionaire [Must Fill] (TEN @ NYG),153782,Showdown Captain Mode,201.0,0,3,1,555.0,2026-09-27 17:00:00+00:00,Sun 1:00PM
195955612,NFL Showdown Satellite to NFL 10-25 Midseason Warm Up Millionaire [Must Fill] (TEN @ NYG),153782,Showdown Captain Mode,55.0,0,3,1,150.0,2026-09-27 17:00:00+00:00,Sun 1:00PM
195955610,NFL Showdown Satellite to NFL $333 Wildcat [Must Fill] (TEN @ NYG),153782,Showdown Captain Mode,121.0,0,3,1,333.0,2026-09-27 17:00:00+00:00,Sun 1:00PM
195954523,NFL Showdown $400 Bootleg [Single Entry] (CAR @ CLE),153784,Showdown Captain Mode,33.0,1,14,1,400.0,2026-09-27 17:00:00+00:00,Sun 1:00PM
195954532,NFL Showdown Single Entry $10 Double Up (CAR @ CLE),153784,Showdown Captain Mode,10.0,2,34,1,300.0,2026-09-27 17:00:00+00:00,Sun 1:00PM
195955806,NFL Showdown Satellite to NFL $555 Fantasy Football Millionaire [Must Fill] (CAR @ CLE),153784,Showdown Captain Mode,201.0,0,3,1,555.0,2026-09-27 17:00:00+00:00,Sun 1:00PM
195955812,NFL Showdown Satellite to NFL 10-25 Midseason Warm Up Millionaire [Must Fill] (CAR @ CLE),153784,Showdown Captain Mode,55.0,0,3,1,150.0,2026-09-27 17:00:00+00:00,Sun 1:00PM
195955810,NFL Showdown Satellite to NFL $333 Wildcat [Must Fill] (CAR @ CLE),153784,Showdown Captain Mode,121.0,0,3,1,333.0,2026-09-27 17:00:00+00:00,Sun 1:00PM
195920830,NFL Satellite to NFL 10-25 Midseason Warm Up Millionaire,153769,Classic,11.0,1,16,1,150.0,2026-09-27 17:00:00+00:00,Sun 1:00PM
195920829,NFL Satellite to NFL 10-25 Midseason Warm Up Millionaire,153769,Classic,11.0,1,16,1,150.0,2026-09-27 17:00:00+00:00,Sun 1:00PM
195920832,NFL Satellite to NFL 10-25 Midseason Warm Up Millionaire,153769,Classic,16.0,2,11,1,150.0,2026-09-27 17:00:00+00:00,Sun 1:00PM
195920831,NFL Satellite to NFL 10-25 Midseason Warm Up Millionaire,153769,Classic,16.0,2,11,1,150.0,2026-09-27 17:00:00+00:00,Sun 1:00PM
195922615,NFL SUPERSatellite to NHL 9-29 $15 Opening Night Puck Drop [10x],153769,Classic,5.0,4,35,1,150.0,2026-09-27 17:00:00+00:00,Sun 1:00PM
195957473,NFL Satellite to NFL 10-25 Midseason Warm Up Millionaire,153769,Classic,2.0,3,89,2,150.0,2026-09-27 17:00:00+00:00,Sun 1:00PM
195957472,NFL Satellite to NFL 10-25 Midseason Warm Up Millionaire,153769,Classic,2.0,0,89,2,150.0,2026-09-27 17:00:00+00:00,Sun 1:00PM
195920796,NFL $125 2026 FFWC Qualifier Satellite,153769,Classic,7.0,4,21,1,125.0,2026-09-27 17:00:00+00:00,Sun 1:00PM
195920795,NFL $125 2026 FFWC Qualifier Satellite,153769,Classic,7.0,3,21,1,125.0,2026-09-27 17:00:00+00:00,Sun 1:00PM
195920780,NFL $50 2026 FFWC Qualifier SUPERSatellite [2x],153769,Classic,9.0,2,13,1,100.0,2026-09-27 17:00:00+00:00,Sun 1:00PM
195957036,NFL Satellite to NFL 10-25 Midseason Warm Up Millionaire (Early Only),153770,Classic,11.0,1,16,1,150.0,2026-09-27 17:00:00+00:00,Sun 1:00PM
195957037,NFL Satellite to NFL 10-25 Midseason Warm Up Millionaire (Early Only),153770,Classic,16.0,1,11,1,150.0,2026-09-27 17:00:00+00:00,Sun 1:00PM
195957035,NFL Satellite to NFL $333 Wildcat (Early Only),153770,Classic,35.0,1,11,1,333.0,2026-09-27 17:00:00+00:00,Sun 1:00PM
195957055,NFL Satellite to MLB 9-29 $333 Postseason Perfect Game (Early Only),153770,Classic,35.0,0,11,1,333.0,2026-09-27 17:00:00+00:00,Sun 1:00PM
195957038,NFL Satellite to NFL 10-25 Midseason Warm Up Millionaire (Early Only),153770,Classic,1.0,2,178,5,150.0,2026-09-27 17:00:00+00:00,Sun 1:00PM
195922635,NFL Satellite to NAS Title Race (11-8),153769,Classic,37.0,0,12,1,400.0,2026-09-27 17:00:00+00:00,Sun 1:00PM
195922621,NFL Satellite to NHL 10-13 $360 Spin-O-Rama,153769,Classic,38.0,2,11,1,360.0,2026-09-27 17:00:00+00:00,Sun 1:00PM
195920809,NFL Satellite to NFL $333 Wildcat,153769,Classic,35.0,1,11,1,333.0,2026-09-27 17:00:00+00:00,Sun 1:00PM
195920808,NFL Satellite to NFL $333 Wildcat,153769,Classic,35.0,2,11,1,333.0,2026-09-27 17:00:00+00:00,Sun 1:00PM
195920810,NFL Satellite to NFL $333 Wildcat,153769,Classic,75.0,2,5,1,333.0,2026-09-27 17:00:00+00:00,Sun 1:00PM
195922625,NFL Satellite to MLB 9-29 $333 Postseason Perfect Game,153769,Classic,35.0,0,11,1,333.0,2026-09-27 17:00:00+00:00,Sun 1:00PM
195922626,NFL Satellite to MLB 9-29 $333 Postseason Perfect Game,153769,Classic,75.0,0,5,1,333.0,2026-09-27 17:00:00+00:00,Sun 1:00PM
195920783,NFL $125 2026 FFWC Qualifier Satellite,153769,Classic,29.0,0,5,1,125.0,2026-09-27 17:00:00+00:00,Sun 1:00PM
195920784,NFL $125 2026 FFWC Qualifier Satellite,153769,Classic,29.0,0,5,1,125.0,2026-09-27 17:00:00+00:00,Sun 1:00PM
195920782,NFL $125 2026 FFWC Qualifier Satellite,153769,Classic,29.0,0,5,1,125.0,2026-09-27 17:00:00+00:00,Sun 1:00PM
195954796,NFL Showdown $85 Winner Take All [$300 to 1st] (CIN @ PIT),153778,Showdown Captain Mode,85.0,0,4,1,300.0,2026-09-27 17:00:00+00:00,Sun 1:00PM
195954450,NFL Showdown $400 Daily Dollar [Single Entry] (CIN @ PIT),153778,Showdown Captain Mode,1.0,19,475,1,400.0,2026-09-27 17:00:00+00:00,Sun 1:00PM
195954448,NFL Showdown $250 Dime Package [Just $0.10!] (CIN @ PIT),153778,Showdown Captain Mode,0.1,193,2972,20,250.0,2026-09-27 17:00:00+00:00,Sun 1:00PM
195954806,NFL Showdown $85 Winner Take All [$300 to 1st] (HOU @ IND),153779,Showdown Captain Mode,85.0,0,4,1,300.0,2026-09-27 17:00:00+00:00,Sun 1:00PM
195954463,NFL Showdown $400 Daily Dollar [Single Entry] (HOU @ IND),153779,Showdown Captain Mode,1.0,15,475,1,400.0,2026-09-27 17:00:00+00:00,Sun 1:00PM
195954461,NFL Showdown $250 Dime Package [Just $0.10!] (HOU @ IND),153779,Showdown Captain Mode,0.1,185,2972,20,250.0,2026-09-27 17:00:00+00:00,Sun 1:00PM
195954826,NFL Showdown $85 Winner Take All [$300 to 1st] (SEA @ WAS),153781,Showdown Captain Mode,85.0,0,4,1,300.0,2026-09-27 17:00:00+00:00,Sun 1:00PM
195954490,NFL Showdown $400 Daily Dollar [Single Entry] (SEA @ WAS),153781,Showdown Captain Mode,1.0,17,475,1,400.0,2026-09-27 17:00:00+00:00,Sun 1:00PM
195954488,NFL Showdown $250 Dime Package [Just $0.10!] (SEA @ WAS),153781,Showdown Captain Mode,0.1,180,2972,20,250.0,2026-09-27 17:00:00+00:00,Sun 1:00PM
195954836,NFL Showdown $85 Winner Take All [$300 to 1st] (TEN @ NYG),153782,Showdown Captain Mode,85.0,0,4,1,300.0,2026-09-27 17:00:00+00:00,Sun 1:00PM
195954503,NFL Showdown $400 Daily Dollar [Single Entry] (TEN @ NYG),153782,Showdown Captain Mode,1.0,18,475,1,400.0,2026-09-27 17:00:00+00:00,Sun 1:00PM
195954501,NFL Showdown $250 Dime Package [Just $0.10!] (TEN @ NYG),153782,Showdown Captain Mode,0.1,157,2972,20,250.0,2026-09-27 17:00:00+00:00,Sun 1:00PM
195954856,NFL Showdown $85 Winner Take All [$300 to 1st] (CAR @ CLE),153784,Showdown Captain Mode,85.0,0,4,1,300.0,2026-09-27 17:00:00+00:00,Sun 1:00PM
195954530,NFL Showdown $400 Daily Dollar [Single Entry] (CAR @ CLE),153784,Showdown Captain Mode,1.0,19,475,1,400.0,2026-09-27 17:00:00+00:00,Sun 1:00PM
195954528,NFL Showdown $250 Dime Package [Just $0.10!] (CAR @ CLE),153784,Showdown Captain Mode,0.1,205,2972,20,250.0,2026-09-27 17:00:00+00:00,Sun 1:00PM
195957146,NFL $85 Winner Take All [$300 to 1st] (Sun-Mon),153771,Classic,85.0,0,4,1,300.0,2026-09-27 17:00:00+00:00,Sun 1:00PM
195957145,NFL $85 Winner Take All [$300 to 1st] (Sun-Mon),153771,Classic,85.0,0,4,1,300.0,2026-09-27 17:00:00+00:00,Sun 1:00PM
195956777,NFL Satellite to NFL $555 Fantasy Football Millionaire [Must Fill] (Sun-Mon),153771,Classic,201.0,0,3,1,555.0,2026-09-27 17:00:00+00:00,Sun 1:00PM
195956783,NFL Satellite to NFL 10-25 Midseason Warm Up Millionaire [Must Fill] (Sun-Mon),153771,Classic,55.0,0,3,1,150.0,2026-09-27 17:00:00+00:00,Sun 1:00PM
195956781,NFL Satellite to NFL $333 Wildcat [Must Fill] (Sun-Mon),153771,Classic,121.0,0,3,1,333.0,2026-09-27 17:00:00+00:00,Sun 1:00PM
195955895,NFL Single Entry $10 Double Up (Sun-Mon),153771,Classic,10.0,9,114,1,1000.0,2026-09-27 17:00:00+00:00,Sun 1:00PM
195955898,NFL Single Entry $2 Double Up (Sun-Mon),153771,Classic,2.0,7,114,1,200.0,2026-09-27 17:00:00+00:00,Sun 1:00PM
195955890,NFL $300 Dime Package [Just $0.10!] (Sun-Mon),153771,Classic,0.1,297,3567,20,300.0,2026-09-27 17:00:00+00:00,Sun 1:00PM
195957471,NFL Satellite to NFL 10-25 Midseason Warm Up Millionaire,153769,Classic,1.0,7,178,5,150.0,2026-09-27 17:00:00+00:00,Sun 1:00PM
195957470,NFL Satellite to NFL 10-25 Midseason Warm Up Millionaire,153769,Classic,1.0,8,178,5,150.0,2026-09-27 17:00:00+00:00,Sun 1:00PM
195920781,NFL $125 2026 FFWC Qualifier Satellite,153769,Classic,1.0,29,148,4,125.0,2026-09-27 17:00:00+00:00,Sun 1:00PM
195921141,NFL Satellite to NFL 10-25 Midseason Warm Up Millionaire [Must Fill],153769,Classic,55.0,1,3,1,150.0,2026-09-27 17:00:00+00:00,Sun 1:00PM
195922636,NFL Satellite to NAS Title Race (11-8) [Must Fill],153769,Classic,145.0,0,3,1,400.0,2026-09-27 17:00:00+00:00,Sun 1:00PM
195956579,NFL Satellite to NFL 10-25 Midseason Warm Up Millionaire [Must Fill] (Early Only),153770,Classic,55.0,0,3,1,150.0,2026-09-27 17:00:00+00:00,Sun 1:00PM
195957053,NFL Satellite to NHL 10-13 $360 Spin-O-Rama [Must Fill] (Early Only),153770,Classic,130.0,0,3,1,360.0,2026-09-27 17:00:00+00:00,Sun 1:00PM
195956577,NFL Satellite to NFL $333 Wildcat [Must Fill] (Early Only),153770,Classic,121.0,0,3,1,333.0,2026-09-27 17:00:00+00:00,Sun 1:00PM
195957056,NFL Satellite to MLB 9-29 $333 Postseason Perfect Game [Must Fill] (Early Only),153770,Classic,121.0,0,3,1,333.0,2026-09-27 17:00:00+00:00,Sun 1:00PM
195922622,NFL Satellite to NHL 10-13 $360 Spin-O-Rama [Must Fill],153769,Classic,130.0,1,3,1,360.0,2026-09-27 17:00:00+00:00,Sun 1:00PM
195921139,NFL Satellite to NFL $333 Wildcat [Must Fill],153769,Classic,121.0,1,3,1,333.0,2026-09-27 17:00:00+00:00,Sun 1:00PM
195922627,NFL Satellite to MLB 9-29 $333 Postseason Perfect Game [Must Fill],153769,Classic,121.0,0,3,1,333.0,2026-09-27 17:00:00+00:00,Sun 1:00PM
195914862,$5K Draft Time Matchups presented by Miller Lite,153769,Classic,0.0,9733,999999999,1,5000.0,2026-09-27 17:00:00+00:00,Sun 1:00PM
195937488,NFL Showdown SUPERSat to $20 NFL Fantasy Football Millionaire [4x] (ATL @ GB),153775,Showdown Captain Mode,4.0,8,23,1,80.0,2026-09-25 00:15:00+00:00,Thu 8:15PM
195937487,NFL Showdown SUPERSat to $20 NFL Fantasy Football Millionaire [4x] (ATL @ GB),153775,Showdown Captain Mode,4.0,9,23,1,80.0,2026-09-25 00:15:00+00:00,Thu 8:15PM
195937486,NFL Showdown SUPERSat to $20 NFL Fantasy Football Millionaire [4x] (ATL @ GB),153775,Showdown Captain Mode,4.0,5,23,1,80.0,2026-09-25 00:15:00+00:00,Thu 8:15PM
195937485,NFL Showdown SUPERSat to $20 NFL Fantasy Football Millionaire [4x] (ATL @ GB),153775,Showdown Captain Mode,4.0,5,23,1,80.0,2026-09-25 00:15:00+00:00,Thu 8:15PM
195937484,NFL Showdown SUPERSat to $20 NFL Fantasy Football Millionaire [4x] (ATL @ GB),153775,Showdown Captain Mode,4.0,6,23,1,80.0,2026-09-25 00:15:00+00:00,Thu 8:15PM
195937483,NFL Showdown SUPERSat to $20 NFL Fantasy Football Millionaire [2x] (ATL @ GB),153775,Showdown Captain Mode,0.25,65,190,5,40.0,2026-09-25 00:15:00+00:00,Thu 8:15PM
195937482,NFL Showdown SUPERSat to $20 NFL Fantasy Football Millionaire [2x] (ATL @ GB),153775,Showdown Captain Mode,0.25,56,190,5,40.0,2026-09-25 00:15:00+00:00,Thu 8:15PM
195937481,NFL Showdown SUPERSat to $20 NFL Fantasy Football Millionaire [2x] (ATL @ GB),153775,Showdown Captain Mode,0.25,56,190,5,40.0,2026-09-25 00:15:00+00:00,Thu 8:15PM
195937480,NFL Showdown SUPERSat to $20 NFL Fantasy Football Millionaire [2x] (ATL @ GB),153775,Showdown Captain Mode,0.25,65,190,5,40.0,2026-09-25 00:15:00+00:00,Thu 8:15PM
195937479,NFL Showdown SUPERSat to $20 NFL Fantasy Football Millionaire [2x] (ATL @ GB),153775,Showdown Captain Mode,0.25,57,190,5,40.0,2026-09-25 00:15:00+00:00,Thu 8:15PM
195971598,NFL Showdown Satellite to $20 NFL Fantasy Football Millionaire (ATL @ GB),153775,Showdown Captain Mode,2.0,3,11,1,20.0,2026-09-25 00:15:00+00:00,Thu 8:15PM
195971214,NFL Showdown Satellite to $20 NFL Fantasy Football Millionaire (ATL @ GB),153775,Showdown Captain Mode,2.0,3,11,1,20.0,2026-09-25 00:15:00+00:00,Thu 8:15PM
195937416,NFL Showdown Satellite to $20 NFL Fantasy Football Millionaire (ATL @ GB),153775,Showdown Captain Mode,2.0,8,11,1,20.0,2026-09-25 00:15:00+00:00,Thu 8:15PM
195937415,NFL Showdown Satellite to $20 NFL Fantasy Football Millionaire (ATL @ GB),153775,Showdown Captain Mode,2.0,8,11,1,20.0,2026-09-25 00:15:00+00:00,Thu 8:15PM
195937414,NFL Showdown Satellite to $20 NFL Fantasy Football Millionaire (ATL @ GB),153775,Showdown Captain Mode,2.0,8,11,1,20.0,2026-09-25 00:15:00+00:00,Thu 8:15PM
195937413,NFL Showdown Satellite to $20 NFL Fantasy Football Millionaire (ATL @ GB),153775,Showdown Captain Mode,2.0,8,11,1,20.0,2026-09-25 00:15:00+00:00,Thu 8:15PM
195937412,NFL Showdown Satellite to $20 NFL Fantasy Football Millionaire (ATL @ GB),153775,Showdown Captain Mode,2.0,7,11,1,20.0,2026-09-25 00:15:00+00:00,Thu 8:15PM
195937411,NFL Showdown Satellite to $20 NFL Fantasy Football Millionaire (ATL @ GB),153775,Showdown Captain Mode,2.0,6,11,1,20.0,2026-09-25 00:15:00+00:00,Thu 8:15PM
195937410,NFL Showdown Satellite to $20 NFL Fantasy Football Millionaire (ATL @ GB),153775,Showdown Captain Mode,2.0,6,11,1,20.0,2026-09-25 00:15:00+00:00,Thu 8:15PM
195937409,NFL Showdown Satellite to $20 NFL Fantasy Football Millionaire (ATL @ GB),153775,Showdown Captain Mode,2.0,6,11,1,20.0,2026-09-25 00:15:00+00:00,Thu 8:15PM
195937408,NFL Showdown Satellite to $20 NFL Fantasy Football Millionaire (ATL @ GB),153775,Showdown Captain Mode,2.0,5,11,1,20.0,2026-09-25 00:15:00+00:00,Thu 8:15PM
195937407,NFL Showdown Satellite to $20 NFL Fantasy Football Millionaire (ATL @ GB),153775,Showdown Captain Mode,2.0,5,11,1,20.0,2026-09-25 00:15:00+00:00,Thu 8:15PM
195937406,NFL Showdown Satellite to $20 NFL Fantasy Football Millionaire (ATL @ GB),153775,Showdown Captain Mode,2.0,5,11,1,20.0,2026-09-25 00:15:00+00:00,Thu 8:15PM
195937405,NFL Showdown Satellite to $20 NFL Fantasy Football Millionaire (ATL @ GB),153775,Showdown Captain Mode,2.0,5,11,1,20.0,2026-09-25 00:15:00+00:00,Thu 8:15PM
195937404,NFL Showdown Satellite to $20 NFL Fantasy Football Millionaire (ATL @ GB),153775,Showdown Captain Mode,2.0,5,11,1,20.0,2026-09-25 00:15:00+00:00,Thu 8:15PM
195937403,NFL Showdown Satellite to $20 NFL Fantasy Football Millionaire (ATL @ GB),153775,Showdown Captain Mode,2.0,6,11,1,20.0,2026-09-25 00:15:00+00:00,Thu 8:15PM
195937402,NFL Showdown Satellite to $20 NFL Fantasy Football Millionaire (ATL @ GB),153775,Showdown Captain Mode,2.0,6,11,1,20.0,2026-09-25 00:15:00+00:00,Thu 8:15PM
195937401,NFL Showdown Satellite to $20 NFL Fantasy Football Millionaire (ATL @ GB),153775,Showdown Captain Mode,2.0,6,11,1,20.0,2026-09-25 00:15:00+00:00,Thu 8:15PM
195937400,NFL Showdown Satellite to $20 NFL Fantasy Football Millionaire (ATL @ GB),153775,Showdown Captain Mode,2.0,7,11,1,20.0,2026-09-25 00:15:00+00:00,Thu 8:15PM
195937399,NFL Showdown Satellite to $20 NFL Fantasy Football Millionaire (ATL @ GB),153775,Showdown Captain Mode,2.0,7,11,1,20.0,2026-09-25 00:15:00+00:00,Thu 8:15PM
195937438,NFL Showdown Satellite to $20 NFL Fantasy Football Millionaire (ATL @ GB),153775,Showdown Captain Mode,1.0,19,23,1,20.0,2026-09-25 00:15:00+00:00,Thu 8:15PM
195937437,NFL Showdown Satellite to $20 NFL Fantasy Football Millionaire (ATL @ GB),153775,Showdown Captain Mode,1.0,12,23,1,20.0,2026-09-25 00:15:00+00:00,Thu 8:15PM
195937436,NFL Showdown Satellite to $20 NFL Fantasy Football Millionaire (ATL @ GB),153775,Showdown Captain Mode,1.0,10,23,1,20.0,2026-09-25 00:15:00+00:00,Thu 8:15PM
195937435,NFL Showdown Satellite to $20 NFL Fantasy Football Millionaire (ATL @ GB),153775,Showdown Captain Mode,1.0,9,23,1,20.0,2026-09-25 00:15:00+00:00,Thu 8:15PM
195937434,NFL Showdown Satellite to $20 NFL Fantasy Football Millionaire (ATL @ GB),153775,Showdown Captain Mode,1.0,9,23,1,20.0,2026-09-25 00:15:00+00:00,Thu 8:15PM
195937433,NFL Showdown Satellite to $20 NFL Fantasy Football Millionaire (ATL @ GB),153775,Showdown Captain Mode,1.0,7,23,1,20.0,2026-09-25 00:15:00+00:00,Thu 8:15PM
195937432,NFL Showdown Satellite to $20 NFL Fantasy Football Millionaire (ATL @ GB),153775,Showdown Captain Mode,1.0,7,23,1,20.0,2026-09-25 00:15:00+00:00,Thu 8:15PM
195937431,NFL Showdown Satellite to $20 NFL Fantasy Football Millionaire (ATL @ GB),153775,Showdown Captain Mode,1.0,6,23,1,20.0,2026-09-25 00:15:00+00:00,Thu 8:15PM
195937430,NFL Showdown Satellite to $20 NFL Fantasy Football Millionaire (ATL @ GB),153775,Showdown Captain Mode,1.0,6,23,1,20.0,2026-09-25 00:15:00+00:00,Thu 8:15PM
195937429,NFL Showdown Satellite to $20 NFL Fantasy Football Millionaire (ATL @ GB),153775,Showdown Captain Mode,1.0,6,23,1,20.0,2026-09-25 00:15:00+00:00,Thu 8:15PM
195937428,NFL Showdown Satellite to $20 NFL Fantasy Football Millionaire (ATL @ GB),153775,Showdown Captain Mode,1.0,5,23,1,20.0,2026-09-25 00:15:00+00:00,Thu 8:15PM
195937427,NFL Showdown Satellite to $20 NFL Fantasy Football Millionaire (ATL @ GB),153775,Showdown Captain Mode,1.0,4,23,1,20.0,2026-09-25 00:15:00+00:00,Thu 8:15PM
195937426,NFL Showdown Satellite to $20 NFL Fantasy Football Millionaire (ATL @ GB),153775,Showdown Captain Mode,1.0,5,23,1,20.0,2026-09-25 00:15:00+00:00,Thu 8:15PM
195937425,NFL Showdown Satellite to $20 NFL Fantasy Football Millionaire (ATL @ GB),153775,Showdown Captain Mode,1.0,5,23,1,20.0,2026-09-25 00:15:00+00:00,Thu 8:15PM
195937424,NFL Showdown Satellite to $20 NFL Fantasy Football Millionaire (ATL @ GB),153775,Showdown Captain Mode,1.0,5,23,1,20.0,2026-09-25 00:15:00+00:00,Thu 8:15PM
195937423,NFL Showdown Satellite to $20 NFL Fantasy Football Millionaire (ATL @ GB),153775,Showdown Captain Mode,1.0,5,23,1,20.0,2026-09-25 00:15:00+00:00,Thu 8:15PM
195937422,NFL Showdown Satellite to $20 NFL Fantasy Football Millionaire (ATL @ GB),153775,Showdown Captain Mode,1.0,7,23,1,20.0,2026-09-25 00:15:00+00:00,Thu 8:15PM
195937421,NFL Showdown Satellite to $20 NFL Fantasy Football Millionaire (ATL @ GB),153775,Showdown Captain Mode,1.0,5,23,1,20.0,2026-09-25 00:15:00+00:00,Thu 8:15PM
195937420,NFL Showdown Satellite to $20 NFL Fantasy Football Millionaire (ATL @ GB),153775,Showdown Captain Mode,1.0,6,23,1,20.0,2026-09-25 00:15:00+00:00,Thu 8:15PM
195937419,NFL Showdown Satellite to $20 NFL Fantasy Football Millionaire (ATL @ GB),153775,Showdown Captain Mode,1.0,5,23,1,20.0,2026-09-25 00:15:00+00:00,Thu 8:15PM
195937458,NFL Showdown Satellite to $20 NFL Fantasy Football Millionaire (ATL @ GB),153775,Showdown Captain Mode,0.25,27,95,2,20.0,2026-09-25 00:15:00+00:00,Thu 8:15PM
195937457,NFL Showdown Satellite to $20 NFL Fantasy Football Millionaire (ATL @ GB),153775,Showdown Captain Mode,0.25,23,95,2,20.0,2026-09-25 00:15:00+00:00,Thu 8:15PM
195937456,NFL Showdown Satellite to $20 NFL Fantasy Football Millionaire (ATL @ GB),153775,Showdown Captain Mode,0.25,22,95,2,20.0,2026-09-25 00:15:00+00:00,Thu 8:15PM
195937455,NFL Showdown Satellite to $20 NFL Fantasy Football Millionaire (ATL @ GB),153775,Showdown Captain Mode,0.25,22,95,2,20.0,2026-09-25 00:15:00+00:00,Thu 8:15PM
195937454,NFL Showdown Satellite to $20 NFL Fantasy Football Millionaire (ATL @ GB),153775,Showdown Captain Mode,0.25,25,95,2,20.0,2026-09-25 00:15:00+00:00,Thu 8:15PM
195937453,NFL Showdown Satellite to $20 NFL Fantasy Football Millionaire (ATL @ GB),153775,Showdown Captain Mode,0.25,21,95,2,20.0,2026-09-25 00:15:00+00:00,Thu 8:15PM
195937452,NFL Showdown Satellite to $20 NFL Fantasy Football Millionaire (ATL @ GB),153775,Showdown Captain Mode,0.25,22,95,2,20.0,2026-09-25 00:15:00+00:00,Thu 8:15PM
195937451,NFL Showdown Satellite to $20 NFL Fantasy Football Millionaire (ATL @ GB),153775,Showdown Captain Mode,0.25,22,95,2,20.0,2026-09-25 00:15:00+00:00,Thu 8:15PM
195937450,NFL Showdown Satellite to $20 NFL Fantasy Football Millionaire (ATL @ GB),153775,Showdown Captain Mode,0.25,21,95,2,20.0,2026-09-25 00:15:00+00:00,Thu 8:15PM
195937449,NFL Showdown Satellite to $20 NFL Fantasy Football Millionaire (ATL @ GB),153775,Showdown Captain Mode,0.25,21,95,2,20.0,2026-09-25 00:15:00+00:00,Thu 8:15PM
195937448,NFL Showdown Satellite to $20 NFL Fantasy Football Millionaire (ATL @ GB),153775,Showdown Captain Mode,0.25,19,95,2,20.0,2026-09-25 00:15:00+00:00,Thu 8:15PM
195937447,NFL Showdown Satellite to $20 NFL Fantasy Football Millionaire (ATL @ GB),153775,Showdown Captain Mode,0.25,21,95,2,20.0,2026-09-25 00:15:00+00:00,Thu 8:15PM
195937446,NFL Showdown Satellite to $20 NFL Fantasy Football Millionaire (ATL @ GB),153775,Showdown Captain Mode,0.25,20,95,2,20.0,2026-09-25 00:15:00+00:00,Thu 8:15PM
195937445,NFL Showdown Satellite to $20 NFL Fantasy Football Millionaire (ATL @ GB),153775,Showdown Captain Mode,0.25,21,95,2,20.0,2026-09-25 00:15:00+00:00,Thu 8:15PM
195937444,NFL Showdown Satellite to $20 NFL Fantasy Football Millionaire (ATL @ GB),153775,Showdown Captain Mode,0.25,21,95,2,20.0,2026-09-25 00:15:00+00:00,Thu 8:15PM
195937443,NFL Showdown Satellite to $20 NFL Fantasy Football Millionaire (ATL @ GB),153775,Showdown Captain Mode,0.25,19,95,2,20.0,2026-09-25 00:15:00+00:00,Thu 8:15PM
195937442,NFL Showdown Satellite to $20 NFL Fantasy Football Millionaire (ATL @ GB),153775,Showdown Captain Mode,0.25,20,95,2,20.0,2026-09-25 00:15:00+00:00,Thu 8:15PM
195937441,NFL Showdown Satellite to $20 NFL Fantasy Football Millionaire (ATL @ GB),153775,Showdown Captain Mode,0.25,19,95,2,20.0,2026-09-25 00:15:00+00:00,Thu 8:15PM
195937440,NFL Showdown Satellite to $20 NFL Fantasy Football Millionaire (ATL @ GB),153775,Showdown Captain Mode,0.25,21,95,2,20.0,2026-09-25 00:15:00+00:00,Thu 8:15PM
195937439,NFL Showdown Satellite to $20 NFL Fantasy Football Millionaire (ATL @ GB),153775,Showdown Captain Mode,0.25,21,95,2,20.0,2026-09-25 00:15:00+00:00,Thu 8:15PM
195937478,NFL Showdown Satellite to $20 NFL Fantasy Football Millionaire (ATL @ GB),153775,Showdown Captain Mode,0.1,150,237,7,20.0,2026-09-25 00:15:00+00:00,Thu 8:15PM
195937477,NFL Showdown Satellite to $20 NFL Fantasy Football Millionaire (ATL @ GB),153775,Showdown Captain Mode,0.1,129,237,7,20.0,2026-09-25 00:15:00+00:00,Thu 8:15PM
195937476,NFL Showdown Satellite to $20 NFL Fantasy Football Millionaire (ATL @ GB),153775,Showdown Captain Mode,0.1,111,237,7,20.0,2026-09-25 00:15:00+00:00,Thu 8:15PM
195937475,NFL Showdown Satellite to $20 NFL Fantasy Football Millionaire (ATL @ GB),153775,Showdown Captain Mode,0.1,106,237,7,20.0,2026-09-25 00:15:00+00:00,Thu 8:15PM
195937474,NFL Showdown Satellite to $20 NFL Fantasy Football Millionaire (ATL @ GB),153775,Showdown Captain Mode,0.1,101,237,7,20.0,2026-09-25 00:15:00+00:00,Thu 8:15PM
195937473,NFL Showdown Satellite to $20 NFL Fantasy Football Millionaire (ATL @ GB),153775,Showdown Captain Mode,0.1,95,237,7,20.0,2026-09-25 00:15:00+00:00,Thu 8:15PM
195937472,NFL Showdown Satellite to $20 NFL Fantasy Football Millionaire (ATL @ GB),153775,Showdown Captain Mode,0.1,95,237,7,20.0,2026-09-25 00:15:00+00:00,Thu 8:15PM
195937471,NFL Showdown Satellite to $20 NFL Fantasy Football Millionaire (ATL @ GB),153775,Showdown Captain Mode,0.1,102,237,7,20.0,2026-09-25 00:15:00+00:00,Thu 8:15PM
195937470,NFL Showdown Satellite to $20 NFL Fantasy Football Millionaire (ATL @ GB),153775,Showdown Captain Mode,0.1,96,237,7,20.0,2026-09-25 00:15:00+00:00,Thu 8:15PM
195937469,NFL Showdown Satellite to $20 NFL Fantasy Football Millionaire (ATL @ GB),153775,Showdown Captain Mode,0.1,83,237,7,20.0,2026-09-25 00:15:00+00:00,Thu 8:15PM
195937468,NFL Showdown Satellite to $20 NFL Fantasy Football Millionaire (ATL @ GB),153775,Showdown Captain Mode,0.1,83,237,7,20.0,2026-09-25 00:15:00+00:00,Thu 8:15PM
195937467,NFL Showdown Satellite to $20 NFL Fantasy Football Millionaire (ATL @ GB),153775,Showdown Captain Mode,0.1,90,237,7,20.0,2026-09-25 00:15:00+00:00,Thu 8:15PM
195937466,NFL Showdown Satellite to $20 NFL Fantasy Football Millionaire (ATL @ GB),153775,Showdown Captain Mode,0.1,87,237,7,20.0,2026-09-25 00:15:00+00:00,Thu 8:15PM
195937465,NFL Showdown Satellite to $20 NFL Fantasy Football Millionaire (ATL @ GB),153775,Showdown Captain Mode,0.1,79,237,7,20.0,2026-09-25 00:15:00+00:00,Thu 8:15PM
195937464,NFL Showdown Satellite to $20 NFL Fantasy Football Millionaire (ATL @ GB),153775,Showdown Captain Mode,0.1,88,237,7,20.0,2026-09-25 00:15:00+00:00,Thu 8:15PM
195937463,NFL Showdown Satellite to $20 NFL Fantasy Football Millionaire (ATL @ GB),153775,Showdown Captain Mode,0.1,80,237,7,20.0,2026-09-25 00:15:00+00:00,Thu 8:15PM
195937462,NFL Showdown Satellite to $20 NFL Fantasy Football Millionaire (ATL @ GB),153775,Showdown Captain Mode,0.1,89,237,7,20.0,2026-09-25 00:15:00+00:00,Thu 8:15PM
195937461,NFL Showdown Satellite to $20 NFL Fantasy Football Millionaire (ATL @ GB),153775,Showdown Captain Mode,0.1,80,237,7,20.0,2026-09-25 00:15:00+00:00,Thu 8:15PM
195937460,NFL Showdown Satellite to $20 NFL Fantasy Football Millionaire (ATL @ GB),153775,Showdown Captain Mode,0.1,85,237,7,20.0,2026-09-25 00:15:00+00:00,Thu 8:15PM
195937459,NFL Showdown Satellite to $20 NFL Fantasy Football Millionaire (ATL @ GB),153775,Showdown Captain Mode,0.1,105,237,7,20.0,2026-09-25 00:15:00+00:00,Thu 8:15PM
195937520,NFL Showdown $50 2026 FFWC Qualifier Satellite (ATL @ GB),153775,Showdown Captain Mode,2.0,2,29,1,50.0,2026-09-25 00:15:00+00:00,Thu 8:15PM
195937508,NFL Showdown $33 2026 FFWC Qualifier SUPERSatellite [2x] (ATL @ GB),153775,Showdown Captain Mode,1.0,8,78,2,66.0,2026-09-25 00:15:00+00:00,Thu 8:15PM
195937507,NFL Showdown $33 2026 FFWC Qualifier Satellite (ATL @ GB),153775,Showdown Captain Mode,3.0,2,13,1,33.0,2026-09-25 00:15:00+00:00,Thu 8:15PM
195937506,NFL Showdown $33 2026 FFWC Qualifier Satellite (ATL @ GB),153775,Showdown Captain Mode,1.0,3,39,1,33.0,2026-09-25 00:15:00+00:00,Thu 8:15PM
195937505,NFL Showdown $18 2026 FFWC Qualifier Satellite (ATL @ GB),153775,Showdown Captain Mode,3.0,3,7,1,18.0,2026-09-25 00:15:00+00:00,Thu 8:15PM
195937504,NFL Showdown $18 2026 FFWC Qualifier Satellite (ATL @ GB),153775,Showdown Captain Mode,3.0,1,7,1,18.0,2026-09-25 00:15:00+00:00,Thu 8:15PM
195937503,NFL Showdown $18 2026 FFWC Qualifier Satellite (ATL @ GB),153775,Showdown Captain Mode,3.0,1,7,1,18.0,2026-09-25 00:15:00+00:00,Thu 8:15PM
195937502,NFL Showdown $18 2026 FFWC Qualifier Satellite (ATL @ GB),153775,Showdown Captain Mode,1.0,3,21,1,18.0,2026-09-25 00:15:00+00:00,Thu 8:15PM
195937501,NFL Showdown $18 2026 FFWC Qualifier Satellite (ATL @ GB),153775,Showdown Captain Mode,0.25,12,85,2,18.0,2026-09-25 00:15:00+00:00,Thu 8:15PM
195937500,NFL Showdown $5 2026 FFWC Qualifier Satellite (ATL @ GB),153775,Showdown Captain Mode,1.0,1,7,1,6.0,2026-09-25 00:15:00+00:00,Thu 8:15PM
195937499,NFL Showdown $5 2026 FFWC Qualifier Satellite (ATL @ GB),153775,Showdown Captain Mode,1.0,1,7,1,6.0,2026-09-25 00:15:00+00:00,Thu 8:15PM
195937498,NFL Showdown $5 2026 FFWC Qualifier Satellite (ATL @ GB),153775,Showdown Captain Mode,1.0,1,7,1,6.0,2026-09-25 00:15:00+00:00,Thu 8:15PM
195937497,NFL Showdown $5 2026 FFWC Qualifier Satellite (ATL @ GB),153775,Showdown Captain Mode,1.0,1,7,1,6.0,2026-09-25 00:15:00+00:00,Thu 8:15PM
195937496,NFL Showdown $5 2026 FFWC Qualifier Satellite (ATL @ GB),153775,Showdown Captain Mode,0.5,5,14,1,6.0,2026-09-25 00:15:00+00:00,Thu 8:15PM
195937495,NFL Showdown $5 2026 FFWC Qualifier Satellite (ATL @ GB),153775,Showdown Captain Mode,0.5,4,14,1,6.0,2026-09-25 00:15:00+00:00,Thu 8:15PM
195937494,NFL Showdown $5 2026 FFWC Qualifier Satellite (ATL @ GB),153775,Showdown Captain Mode,0.5,5,14,1,6.0,2026-09-25 00:15:00+00:00,Thu 8:15PM
195937493,NFL Showdown $5 2026 FFWC Qualifier Satellite (ATL @ GB),153775,Showdown Captain Mode,0.5,5,14,1,6.0,2026-09-25 00:15:00+00:00,Thu 8:15PM
195937492,NFL Showdown $5 2026 FFWC Qualifier Satellite (ATL @ GB),153775,Showdown Captain Mode,0.1,22,71,2,6.0,2026-09-25 00:15:00+00:00,Thu 8:15PM
195937491,NFL Showdown $5 2026 FFWC Qualifier Satellite (ATL @ GB),153775,Showdown Captain Mode,0.1,18,71,2,6.0,2026-09-25 00:15:00+00:00,Thu 8:15PM
195937490,NFL Showdown $5 2026 FFWC Qualifier Satellite (ATL @ GB),153775,Showdown Captain Mode,0.1,15,71,2,6.0,2026-09-25 00:15:00+00:00,Thu 8:15PM
195937489,NFL Showdown $5 2026 FFWC Qualifier Satellite (ATL @ GB),153775,Showdown Captain Mode,0.1,20,71,2,6.0,2026-09-25 00:15:00+00:00,Thu 8:15PM
195937559,NFL Showdown Satellite to MLB 9-29 $20 Postseason Opener (ATL @ GB),153775,Showdown Captain Mode,2.0,2,11,1,20.0,2026-09-25 00:15:00+00:00,Thu 8:15PM
195937558,NFL Showdown Satellite to MLB 9-29 $20 Postseason Opener (ATL @ GB),153775,Showdown Captain Mode,2.0,2,11,1,20.0,2026-09-25 00:15:00+00:00,Thu 8:15PM
195937562,NFL Showdown Satellite to MLB 9-29 $20 Postseason Opener (ATL @ GB),153775,Showdown Captain Mode,1.0,5,23,1,20.0,2026-09-25 00:15:00+00:00,Thu 8:15PM
195937561,NFL Showdown Satellite to MLB 9-29 $20 Postseason Opener (ATL @ GB),153775,Showdown Captain Mode,1.0,4,23,1,20.0,2026-09-25 00:15:00+00:00,Thu 8:15PM
195937557,NFL Showdown Satellite to MLB 9-29 $20 Postseason Opener (ATL @ GB),153775,Showdown Captain Mode,0.25,13,95,2,20.0,2026-09-25 00:15:00+00:00,Thu 8:15PM
195951064,LAST SHOT: NFL Showdown Satellite to NHL 9-29 $15 Opening Night Puck Drop (ATL @ GB),153775,Showdown Captain Mode,1.0,3,17,1,15.0,2026-09-25 00:15:00+00:00,Thu 8:15PM
195951063,LAST SHOT: NFL Showdown Satellite to NHL 9-29 $15 Opening Night Puck Drop (ATL @ GB),153775,Showdown Captain Mode,1.0,3,17,1,15.0,2026-09-25 00:15:00+00:00,Thu 8:15PM
195937547,NFL Showdown Satellite to NHL 9-29 $15 Opening Night Puck Drop (ATL @ GB),153775,Showdown Captain Mode,1.0,3,17,1,15.0,2026-09-25 00:15:00+00:00,Thu 8:15PM
195937546,NFL Showdown Satellite to NHL 9-29 $15 Opening Night Puck Drop (ATL @ GB),153775,Showdown Captain Mode,1.0,3,17,1,15.0,2026-09-25 00:15:00+00:00,Thu 8:15PM
195937545,NFL Showdown Satellite to NHL 9-29 $15 Opening Night Puck Drop (ATL @ GB),153775,Showdown Captain Mode,1.0,3,17,1,15.0,2026-09-25 00:15:00+00:00,Thu 8:15PM
195951067,LAST SHOT: NFL Showdown Satellite to NHL 9-29 $15 Opening Night Puck Drop (ATL @ GB),153775,Showdown Captain Mode,0.25,9,71,2,15.0,2026-09-25 00:15:00+00:00,Thu 8:15PM
195951066,LAST SHOT: NFL Showdown Satellite to NHL 9-29 $15 Opening Night Puck Drop (ATL @ GB),153775,Showdown Captain Mode,0.25,9,71,2,15.0,2026-09-25 00:15:00+00:00,Thu 8:15PM
195951065,LAST SHOT: NFL Showdown Satellite to NHL 9-29 $15 Opening Night Puck Drop (ATL @ GB),153775,Showdown Captain Mode,0.25,9,71,2,15.0,2026-09-25 00:15:00+00:00,Thu 8:15PM
195937549,NFL Showdown Satellite to NHL 9-29 $15 Opening Night Puck Drop (ATL @ GB),153775,Showdown Captain Mode,0.25,11,71,2,15.0,2026-09-25 00:15:00+00:00,Thu 8:15PM
195937548,NFL Showdown Satellite to NHL 9-29 $15 Opening Night Puck Drop (ATL @ GB),153775,Showdown Captain Mode,0.25,9,71,2,15.0,2026-09-25 00:15:00+00:00,Thu 8:15PM
195937572,NFL Showdown SUPERSatellite to NBA 10-20 $20 Opening Tip Off [2x] (ATL @ GB),153775,Showdown Captain Mode,0.1,71,475,14,40.0,2026-09-25 00:15:00+00:00,Thu 8:15PM
195937570,NFL Showdown Satellite to NBA 10-20 $20 Opening Tip Off (ATL @ GB),153775,Showdown Captain Mode,2.0,2,11,1,20.0,2026-09-25 00:15:00+00:00,Thu 8:15PM
195937569,NFL Showdown Satellite to NBA 10-20 $20 Opening Tip Off (ATL @ GB),153775,Showdown Captain Mode,2.0,2,11,1,20.0,2026-09-25 00:15:00+00:00,Thu 8:15PM
195937568,NFL Showdown Satellite to NBA 10-20 $20 Opening Tip Off (ATL @ GB),153775,Showdown Captain Mode,1.0,5,23,1,20.0,2026-09-25 00:15:00+00:00,Thu 8:15PM
195937567,NFL Showdown Satellite to NBA 10-20 $20 Opening Tip Off (ATL @ GB),153775,Showdown Captain Mode,1.0,4,23,1,20.0,2026-09-25 00:15:00+00:00,Thu 8:15PM
195937566,NFL Showdown Satellite to NBA 10-20 $20 Opening Tip Off (ATL @ GB),153775,Showdown Captain Mode,0.25,10,95,2,20.0,2026-09-25 00:15:00+00:00,Thu 8:15PM
195937565,NFL Showdown Satellite to NBA 10-20 $20 Opening Tip Off (ATL @ GB),153775,Showdown Captain Mode,0.25,11,95,2,20.0,2026-09-25 00:15:00+00:00,Thu 8:15PM
195937564,NFL Showdown Satellite to NBA 10-20 $20 Opening Tip Off (ATL @ GB),153775,Showdown Captain Mode,0.1,27,237,7,20.0,2026-09-25 00:15:00+00:00,Thu 8:15PM
195937563,NFL Showdown Satellite to NBA 10-20 $20 Opening Tip Off (ATL @ GB),153775,Showdown Captain Mode,0.1,31,237,7,20.0,2026-09-25 00:15:00+00:00,Thu 8:15PM
195956133,NFL Showdown Satellite to UFC 332 $25 Special (10-3) (ATL @ GB),153775,Showdown Captain Mode,1.0,6,29,1,25.0,2026-09-25 00:15:00+00:00,Thu 8:15PM
195956132,NFL Showdown Satellite to UFC 332 $25 Special (10-3) (ATL @ GB),153775,Showdown Captain Mode,1.0,8,29,1,25.0,2026-09-25 00:15:00+00:00,Thu 8:15PM
195956131,NFL Showdown Satellite to UFC 332 $25 Special (10-3) (ATL @ GB),153775,Showdown Captain Mode,0.5,6,59,1,25.0,2026-09-25 00:15:00+00:00,Thu 8:15PM
195956130,NFL Showdown Satellite to UFC 332 $25 Special (10-3) (ATL @ GB),153775,Showdown Captain Mode,0.5,5,59,1,25.0,2026-09-25 00:15:00+00:00,Thu 8:15PM
195956129,NFL Showdown Satellite to UFC 332 $25 Special (10-3) (ATL @ GB),153775,Showdown Captain Mode,0.25,16,118,3,25.0,2026-09-25 00:15:00+00:00,Thu 8:15PM
195956128,NFL Showdown Satellite to UFC 332 $25 Special (10-3) (ATL @ GB),153775,Showdown Captain Mode,0.25,17,118,3,25.0,2026-09-25 00:15:00+00:00,Thu 8:15PM
195937338,NFL Showdown $100 Contest (ATL @ GB),153775,Showdown Captain Mode,100.0,1,11,1,1000.0,2026-09-25 00:15:00+00:00,Thu 8:15PM
195937319,NFL Showdown $50 Contest (ATL @ GB),153775,Showdown Captain Mode,50.0,0,11,1,500.0,2026-09-25 00:15:00+00:00,Thu 8:15PM
195937320,NFL Showdown $27 Contest (ATL @ GB),153775,Showdown Captain Mode,27.0,2,21,1,500.0,2026-09-25 00:15:00+00:00,Thu 8:15PM
195937321,NFL Showdown $9 Contest (ATL @ GB),153775,Showdown Captain Mode,9.0,5,39,1,300.0,2026-09-25 00:15:00+00:00,Thu 8:15PM
195937322,NFL Showdown $5 Contest (ATL @ GB),153775,Showdown Captain Mode,5.0,8,47,1,200.0,2026-09-25 00:15:00+00:00,Thu 8:15PM
195937324,NFL Showdown $3 Contest (ATL @ GB),153775,Showdown Captain Mode,3.0,46,118,3,300.0,2026-09-25 00:15:00+00:00,Thu 8:15PM
195937323,NFL Showdown $3 Contest (ATL @ GB),153775,Showdown Captain Mode,3.0,27,118,3,300.0,2026-09-25 00:15:00+00:00,Thu 8:15PM
195937345,NFL Showdown $1 Contest (ATL @ GB),153775,Showdown Captain Mode,1.0,38,118,3,100.0,2026-09-25 00:15:00+00:00,Thu 8:15PM
195937344,NFL Showdown $1 Contest (ATL @ GB),153775,Showdown Captain Mode,1.0,33,118,3,100.0,2026-09-25 00:15:00+00:00,Thu 8:15PM
195937327,NFL Showdown $1 Contest (ATL @ GB),153775,Showdown Captain Mode,1.0,25,118,3,100.0,2026-09-25 00:15:00+00:00,Thu 8:15PM
195937326,NFL Showdown $1 Contest (ATL @ GB),153775,Showdown Captain Mode,1.0,22,118,3,100.0,2026-09-25 00:15:00+00:00,Thu 8:15PM
195937325,NFL Showdown $1 Contest (ATL @ GB),153775,Showdown Captain Mode,1.0,22,118,3,100.0,2026-09-25 00:15:00+00:00,Thu 8:15PM
195937343,NFL Showdown $0.25 Contest (ATL @ GB),153775,Showdown Captain Mode,0.25,75,237,7,50.0,2026-09-25 00:15:00+00:00,Thu 8:15PM
195937342,NFL Showdown $0.25 Contest (ATL @ GB),153775,Showdown Captain Mode,0.25,62,237,7,50.0,2026-09-25 00:15:00+00:00,Thu 8:15PM
195937341,NFL Showdown $0.25 Contest (ATL @ GB),153775,Showdown Captain Mode,0.25,47,237,7,50.0,2026-09-25 00:15:00+00:00,Thu 8:15PM
195937340,NFL Showdown $0.25 Contest (ATL @ GB),153775,Showdown Captain Mode,0.25,47,237,7,50.0,2026-09-25 00:15:00+00:00,Thu 8:15PM
195937339,NFL Showdown $0.25 Contest (ATL @ GB),153775,Showdown Captain Mode,0.25,45,237,7,50.0,2026-09-25 00:15:00+00:00,Thu 8:15PM
195937337,NFL Showdown $0.25 Contest (ATL @ GB),153775,Showdown Captain Mode,0.25,47,237,7,50.0,2026-09-25 00:15:00+00:00,Thu 8:15PM
195937336,NFL Showdown $0.25 Contest (ATL @ GB),153775,Showdown Captain Mode,0.25,46,237,7,50.0,2026-09-25 00:15:00+00:00,Thu 8:15PM
195937335,NFL Showdown $0.25 Contest (ATL @ GB),153775,Showdown Captain Mode,0.25,45,237,7,50.0,2026-09-25 00:15:00+00:00,Thu 8:15PM
195937334,NFL Showdown $0.25 Contest (ATL @ GB),153775,Showdown Captain Mode,0.25,50,237,7,50.0,2026-09-25 00:15:00+00:00,Thu 8:15PM
195937333,NFL Showdown $0.25 Contest (ATL @ GB),153775,Showdown Captain Mode,0.25,50,237,7,50.0,2026-09-25 00:15:00+00:00,Thu 8:15PM
195937332,NFL Showdown $0.25 Contest (ATL @ GB),153775,Showdown Captain Mode,0.25,44,237,7,50.0,2026-09-25 00:15:00+00:00,Thu 8:15PM
195937331,NFL Showdown $0.25 Contest (ATL @ GB),153775,Showdown Captain Mode,0.25,43,237,7,50.0,2026-09-25 00:15:00+00:00,Thu 8:15PM
195937330,NFL Showdown $0.25 Contest (ATL @ GB),153775,Showdown Captain Mode,0.25,47,237,7,50.0,2026-09-25 00:15:00+00:00,Thu 8:15PM
195937329,NFL Showdown $0.25 Contest (ATL @ GB),153775,Showdown Captain Mode,0.25,45,237,7,50.0,2026-09-25 00:15:00+00:00,Thu 8:15PM
195937328,NFL Showdown $0.25 Contest (ATL @ GB),153775,Showdown Captain Mode,0.25,46,237,7,50.0,2026-09-25 00:15:00+00:00,Thu 8:15PM
195937318,NFL Showdown $267 Winner Take All [$1K to 1st] (ATL @ GB),153775,Showdown Captain Mode,267.0,0,4,1,1000.0,2026-09-25 00:15:00+00:00,Thu 8:15PM
195937317,NFL Showdown $267 Winner Take All [$1K to 1st] (ATL @ GB),153775,Showdown Captain Mode,267.0,0,4,1,1000.0,2026-09-25 00:15:00+00:00,Thu 8:15PM
195937316,NFL Showdown $267 Winner Take All [$1K to 1st] (ATL @ GB),153775,Showdown Captain Mode,267.0,0,4,1,1000.0,2026-09-25 00:15:00+00:00,Thu 8:15PM
195937315,NFL Showdown $267 Winner Take All [$1K to 1st] (ATL @ GB),153775,Showdown Captain Mode,267.0,0,4,1,1000.0,2026-09-25 00:15:00+00:00,Thu 8:15PM
195937314,NFL Showdown $267 Winner Take All [$1K to 1st] (ATL @ GB),153775,Showdown Captain Mode,267.0,0,4,1,1000.0,2026-09-25 00:15:00+00:00,Thu 8:15PM
195937313,NFL Showdown $267 Winner Take All [$1K to 1st] (ATL @ GB),153775,Showdown Captain Mode,267.0,0,4,1,1000.0,2026-09-25 00:15:00+00:00,Thu 8:15PM
195937312,NFL Showdown $267 Winner Take All [$1K to 1st] (ATL @ GB),153775,Showdown Captain Mode,267.0,0,4,1,1000.0,2026-09-25 00:15:00+00:00,Thu 8:15PM
195937311,NFL Showdown $267 Winner Take All [$1K to 1st] (ATL @ GB),153775,Showdown Captain Mode,267.0,0,4,1,1000.0,2026-09-25 00:15:00+00:00,Thu 8:15PM
195937310,NFL Showdown $267 Winner Take All [$1K to 1st] (ATL @ GB),153775,Showdown Captain Mode,267.0,0,4,1,1000.0,2026-09-25 00:15:00+00:00,Thu 8:15PM
195937309,NFL Showdown $267 Winner Take All [$1K to 1st] (ATL @ GB),153775,Showdown Captain Mode,267.0,0,4,1,1000.0,2026-09-25 00:15:00+00:00,Thu 8:15PM
195937275,NFL Showdown $100 Winner Take All [$1K to 1st] (ATL @ GB),153775,Showdown Captain Mode,100.0,3,11,1,1000.0,2026-09-25 00:15:00+00:00,Thu 8:15PM
195937261,NFL Showdown $85 Winner Take All [$300 to 1st] (ATL @ GB),153775,Showdown Captain Mode,85.0,0,4,1,300.0,2026-09-25 00:15:00+00:00,Thu 8:15PM
195937260,NFL Showdown $85 Winner Take All [$300 to 1st] (ATL @ GB),153775,Showdown Captain Mode,85.0,0,4,1,300.0,2026-09-25 00:15:00+00:00,Thu 8:15PM
195937259,NFL Showdown $85 Winner Take All [$300 to 1st] (ATL @ GB),153775,Showdown Captain Mode,85.0,0,4,1,300.0,2026-09-25 00:15:00+00:00,Thu 8:15PM
195937258,NFL Showdown $85 Winner Take All [$300 to 1st] (ATL @ GB),153775,Showdown Captain Mode,85.0,0,4,1,300.0,2026-09-25 00:15:00+00:00,Thu 8:15PM
195937257,NFL Showdown $85 Winner Take All [$300 to 1st] (ATL @ GB),153775,Showdown Captain Mode,85.0,0,4,1,300.0,2026-09-25 00:15:00+00:00,Thu 8:15PM
195937256,NFL Showdown $85 Winner Take All [$300 to 1st] (ATL @ GB),153775,Showdown Captain Mode,85.0,0,4,1,300.0,2026-09-25 00:15:00+00:00,Thu 8:15PM
195937255,NFL Showdown $85 Winner Take All [$300 to 1st] (ATL @ GB),153775,Showdown Captain Mode,85.0,0,4,1,300.0,2026-09-25 00:15:00+00:00,Thu 8:15PM
195937276,NFL Showdown $50 Winner Take All [$500 to 1st] (ATL @ GB),153775,Showdown Captain Mode,50.0,2,11,1,500.0,2026-09-25 00:15:00+00:00,Thu 8:15PM
195937308,NFL Showdown $27 Winner Take All [$500 to 1st] (ATL @ GB),153775,Showdown Captain Mode,27.0,2,21,1,500.0,2026-09-25 00:15:00+00:00,Thu 8:15PM
195937277,NFL Showdown $9 Winner Take All [$500 to 1st] (ATL @ GB),153775,Showdown Captain Mode,9.0,6,65,1,500.0,2026-09-25 00:15:00+00:00,Thu 8:15PM
195937284,NFL Showdown $5 Winner Take All [$100 to 1st] (ATL @ GB),153775,Showdown Captain Mode,5.0,9,23,1,100.0,2026-09-25 00:15:00+00:00,Thu 8:15PM
195937283,NFL Showdown $5 Winner Take All [$100 to 1st] (ATL @ GB),153775,Showdown Captain Mode,5.0,6,23,1,100.0,2026-09-25 00:15:00+00:00,Thu 8:15PM
195937282,NFL Showdown $5 Winner Take All [$100 to 1st] (ATL @ GB),153775,Showdown Captain Mode,5.0,5,23,1,100.0,2026-09-25 00:15:00+00:00,Thu 8:15PM
195937281,NFL Showdown $5 Winner Take All [$100 to 1st] (ATL @ GB),153775,Showdown Captain Mode,5.0,5,23,1,100.0,2026-09-25 00:15:00+00:00,Thu 8:15PM
195937280,NFL Showdown $5 Winner Take All [$100 to 1st] (ATL @ GB),153775,Showdown Captain Mode,5.0,4,23,1,100.0,2026-09-25 00:15:00+00:00,Thu 8:15PM
195937279,NFL Showdown $5 Winner Take All [$100 to 1st] (ATL @ GB),153775,Showdown Captain Mode,5.0,4,23,1,100.0,2026-09-25 00:15:00+00:00,Thu 8:15PM
195937278,NFL Showdown $5 Winner Take All [$100 to 1st] (ATL @ GB),153775,Showdown Captain Mode,5.0,5,23,1,100.0,2026-09-25 00:15:00+00:00,Thu 8:15PM
195937289,NFL Showdown $3 Winner Take All [$100 to 1st] (ATL @ GB),153775,Showdown Captain Mode,3.0,4,39,1,100.0,2026-09-25 00:15:00+00:00,Thu 8:15PM
195937288,NFL Showdown $3 Winner Take All [$100 to 1st] (ATL @ GB),153775,Showdown Captain Mode,3.0,4,39,1,100.0,2026-09-25 00:15:00+00:00,Thu 8:15PM
195937287,NFL Showdown $3 Winner Take All [$100 to 1st] (ATL @ GB),153775,Showdown Captain Mode,3.0,2,39,1,100.0,2026-09-25 00:15:00+00:00,Thu 8:15PM
195937286,NFL Showdown $3 Winner Take All [$100 to 1st] (ATL @ GB),153775,Showdown Captain Mode,3.0,1,39,1,100.0,2026-09-25 00:15:00+00:00,Thu 8:15PM
195937285,NFL Showdown $3 Winner Take All [$100 to 1st] (ATL @ GB),153775,Showdown Captain Mode,3.0,3,39,1,100.0,2026-09-25 00:15:00+00:00,Thu 8:15PM
195937274,NFL Showdown $1 Winner Take All [$100 to 1st] (ATL @ GB),153775,Showdown Captain Mode,1.0,35,118,3,100.0,2026-09-25 00:15:00+00:00,Thu 8:15PM
195937273,NFL Showdown $1 Winner Take All [$100 to 1st] (ATL @ GB),153775,Showdown Captain Mode,1.0,32,118,3,100.0,2026-09-25 00:15:00+00:00,Thu 8:15PM
195937272,NFL Showdown $1 Winner Take All [$100 to 1st] (ATL @ GB),153775,Showdown Captain Mode,1.0,32,118,3,100.0,2026-09-25 00:15:00+00:00,Thu 8:15PM
195937271,NFL Showdown $1 Winner Take All [$100 to 1st] (ATL @ GB),153775,Showdown Captain Mode,1.0,31,118,3,100.0,2026-09-25 00:15:00+00:00,Thu 8:15PM
195937270,NFL Showdown $1 Winner Take All [$100 to 1st] (ATL @ GB),153775,Showdown Captain Mode,1.0,29,118,3,100.0,2026-09-25 00:15:00+00:00,Thu 8:15PM
195937269,NFL Showdown $1 Winner Take All [$100 to 1st] (ATL @ GB),153775,Showdown Captain Mode,1.0,30,118,3,100.0,2026-09-25 00:15:00+00:00,Thu 8:15PM
195937268,NFL Showdown $1 Winner Take All [$100 to 1st] (ATL @ GB),153775,Showdown Captain Mode,1.0,33,118,3,100.0,2026-09-25 00:15:00+00:00,Thu 8:15PM
195937267,NFL Showdown $1 Winner Take All [$100 to 1st] (ATL @ GB),153775,Showdown Captain Mode,1.0,29,118,3,100.0,2026-09-25 00:15:00+00:00,Thu 8:15PM
195937266,NFL Showdown $1 Winner Take All [$100 to 1st] (ATL @ GB),153775,Showdown Captain Mode,1.0,29,118,3,100.0,2026-09-25 00:15:00+00:00,Thu 8:15PM
195937265,NFL Showdown $1 Winner Take All [$100 to 1st] (ATL @ GB),153775,Showdown Captain Mode,1.0,31,118,3,100.0,2026-09-25 00:15:00+00:00,Thu 8:15PM
195937307,NFL Showdown $0.25 Winner Take All [$100 to 1st] (ATL @ GB),153775,Showdown Captain Mode,0.25,143,475,10,100.0,2026-09-25 00:15:00+00:00,Thu 8:15PM
195937306,NFL Showdown $0.25 Winner Take All [$100 to 1st] (ATL @ GB),153775,Showdown Captain Mode,0.25,139,475,10,100.0,2026-09-25 00:15:00+00:00,Thu 8:15PM
195937305,NFL Showdown $0.25 Winner Take All [$100 to 1st] (ATL @ GB),153775,Showdown Captain Mode,0.25,131,475,10,100.0,2026-09-25 00:15:00+00:00,Thu 8:15PM
195937304,NFL Showdown $0.25 Winner Take All [$100 to 1st] (ATL @ GB),153775,Showdown Captain Mode,0.25,139,475,10,100.0,2026-09-25 00:15:00+00:00,Thu 8:15PM
195937303,NFL Showdown $0.25 Winner Take All [$100 to 1st] (ATL @ GB),153775,Showdown Captain Mode,0.25,133,475,10,100.0,2026-09-25 00:15:00+00:00,Thu 8:15PM
195937302,NFL Showdown $0.25 Winner Take All [$100 to 1st] (ATL @ GB),153775,Showdown Captain Mode,0.25,115,475,10,100.0,2026-09-25 00:15:00+00:00,Thu 8:15PM
195937301,NFL Showdown $0.25 Winner Take All [$100 to 1st] (ATL @ GB),153775,Showdown Captain Mode,0.25,125,475,10,100.0,2026-09-25 00:15:00+00:00,Thu 8:15PM
195937300,NFL Showdown $0.25 Winner Take All [$100 to 1st] (ATL @ GB),153775,Showdown Captain Mode,0.25,135,475,10,100.0,2026-09-25 00:15:00+00:00,Thu 8:15PM
195937299,NFL Showdown $0.25 Winner Take All [$100 to 1st] (ATL @ GB),153775,Showdown Captain Mode,0.25,123,475,10,100.0,2026-09-25 00:15:00+00:00,Thu 8:15PM
195937298,NFL Showdown $0.25 Winner Take All [$100 to 1st] (ATL @ GB),153775,Showdown Captain Mode,0.25,115,475,10,100.0,2026-09-25 00:15:00+00:00,Thu 8:15PM
195937297,NFL Showdown $0.25 Winner Take All [$100 to 1st] (ATL @ GB),153775,Showdown Captain Mode,0.25,124,475,10,100.0,2026-09-25 00:15:00+00:00,Thu 8:15PM
195937296,NFL Showdown $0.25 Winner Take All [$100 to 1st] (ATL @ GB),153775,Showdown Captain Mode,0.25,133,475,10,100.0,2026-09-25 00:15:00+00:00,Thu 8:15PM
195937295,NFL Showdown $0.25 Winner Take All [$100 to 1st] (ATL @ GB),153775,Showdown Captain Mode,0.25,123,475,10,100.0,2026-09-25 00:15:00+00:00,Thu 8:15PM
195937294,NFL Showdown $0.25 Winner Take All [$100 to 1st] (ATL @ GB),153775,Showdown Captain Mode,0.25,123,475,10,100.0,2026-09-25 00:15:00+00:00,Thu 8:15PM
195937293,NFL Showdown $0.25 Winner Take All [$100 to 1st] (ATL @ GB),153775,Showdown Captain Mode,0.25,125,475,10,100.0,2026-09-25 00:15:00+00:00,Thu 8:15PM
195937292,NFL Showdown $0.25 Winner Take All [$100 to 1st] (ATL @ GB),153775,Showdown Captain Mode,0.25,126,475,10,100.0,2026-09-25 00:15:00+00:00,Thu 8:15PM
195937291,NFL Showdown $0.25 Winner Take All [$100 to 1st] (ATL @ GB),153775,Showdown Captain Mode,0.25,129,475,10,100.0,2026-09-25 00:15:00+00:00,Thu 8:15PM
195937290,NFL Showdown $0.25 Winner Take All [$100 to 1st] (ATL @ GB),153775,Showdown Captain Mode,0.25,123,475,10,100.0,2026-09-25 00:15:00+00:00,Thu 8:15PM
195937111,Casual NFL Showdown 10x Booster [Top 3 Win $50] (ATL @ GB),153775,Showdown Captain Mode,5.0,3,35,1,150.0,2026-09-25 00:15:00+00:00,Thu 8:15PM
195937112,Casual NFL Showdown 10x Booster [Top 3 Win $20] (ATL @ GB),153775,Showdown Captain Mode,2.0,2,35,1,60.0,2026-09-25 00:15:00+00:00,Thu 8:15PM
195937036,NFL Showdown 10x Booster [Top 3 Win $100] (ATL @ GB),153775,Showdown Captain Mode,10.0,18,35,1,300.0,2026-09-25 00:15:00+00:00,Thu 8:15PM
195937035,NFL Showdown 10x Booster [Top 3 Win $100] (ATL @ GB),153775,Showdown Captain Mode,10.0,10,35,1,300.0,2026-09-25 00:15:00+00:00,Thu 8:15PM
195937034,NFL Showdown 10x Booster [Top 3 Win $100] (ATL @ GB),153775,Showdown Captain Mode,10.0,7,35,1,300.0,2026-09-25 00:15:00+00:00,Thu 8:15PM
195937033,NFL Showdown 10x Booster [Top 3 Win $100] (ATL @ GB),153775,Showdown Captain Mode,10.0,7,35,1,300.0,2026-09-25 00:15:00+00:00,Thu 8:15PM
195937032,NFL Showdown 10x Booster [Top 3 Win $100] (ATL @ GB),153775,Showdown Captain Mode,10.0,7,35,1,300.0,2026-09-25 00:15:00+00:00,Thu 8:15PM
195937039,NFL Showdown 10x Booster [Top 5 Win $50] (ATL @ GB),153775,Showdown Captain Mode,5.0,16,59,1,250.0,2026-09-25 00:15:00+00:00,Thu 8:15PM
195937038,NFL Showdown 10x Booster [Top 5 Win $50] (ATL @ GB),153775,Showdown Captain Mode,5.0,11,59,1,250.0,2026-09-25 00:15:00+00:00,Thu 8:15PM
195937037,NFL Showdown 10x Booster [Top 5 Win $50] (ATL @ GB),153775,Showdown Captain Mode,5.0,12,59,1,250.0,2026-09-25 00:15:00+00:00,Thu 8:15PM
195937057,NFL Showdown 10x Booster [Top 5 Win $20] (ATL @ GB),153775,Showdown Captain Mode,2.0,25,59,1,100.0,2026-09-25 00:15:00+00:00,Thu 8:15PM
195937056,NFL Showdown 10x Booster [Top 5 Win $20] (ATL @ GB),153775,Showdown Captain Mode,2.0,20,59,1,100.0,2026-09-25 00:15:00+00:00,Thu 8:15PM
195937042,NFL Showdown 10x Booster [Top 5 Win $20] (ATL @ GB),153775,Showdown Captain Mode,2.0,17,59,1,100.0,2026-09-25 00:15:00+00:00,Thu 8:15PM
195937041,NFL Showdown 10x Booster [Top 5 Win $20] (ATL @ GB),153775,Showdown Captain Mode,2.0,15,59,1,100.0,2026-09-25 00:15:00+00:00,Thu 8:15PM
195937040,NFL Showdown 10x Booster [Top 5 Win $20] (ATL @ GB),153775,Showdown Captain Mode,2.0,12,59,1,100.0,2026-09-25 00:15:00+00:00,Thu 8:15PM
195937059,NFL Showdown 10x Booster [Top 3 Win $20] (ATL @ GB),153775,Showdown Captain Mode,2.0,12,35,1,60.0,2026-09-25 00:15:00+00:00,Thu 8:15PM
195937058,NFL Showdown 10x Booster [Top 3 Win $20] (ATL @ GB),153775,Showdown Captain Mode,2.0,6,35,1,60.0,2026-09-25 00:15:00+00:00,Thu 8:15PM
195937351,NFL Showdown 40x Micro Booster [Top 5 Win $10] (ATL @ GB),153775,Showdown Captain Mode,0.25,144,237,7,50.0,2026-09-25 00:15:00+00:00,Thu 8:15PM
195937350,NFL Showdown 40x Micro Booster [Top 5 Win $10] (ATL @ GB),153775,Showdown Captain Mode,0.25,135,237,7,50.0,2026-09-25 00:15:00+00:00,Thu 8:15PM
195937349,NFL Showdown 40x Micro Booster [Top 5 Win $10] (ATL @ GB),153775,Showdown Captain Mode,0.25,109,237,7,50.0,2026-09-25 00:15:00+00:00,Thu 8:15PM
195937348,NFL Showdown 40x Micro Booster [Top 5 Win $10] (ATL @ GB),153775,Showdown Captain Mode,0.25,115,237,7,50.0,2026-09-25 00:15:00+00:00,Thu 8:15PM
195937347,NFL Showdown 40x Micro Booster [Top 5 Win $10] (ATL @ GB),153775,Showdown Captain Mode,0.25,105,237,7,50.0,2026-09-25 00:15:00+00:00,Thu 8:15PM
195937346,NFL Showdown 40x Micro Booster [Top 5 Win $10] (ATL @ GB),153775,Showdown Captain Mode,0.25,105,237,7,50.0,2026-09-25 00:15:00+00:00,Thu 8:15PM
195937047,NFL Showdown 40x Micro Booster [Top 5 Win $10] (ATL @ GB),153775,Showdown Captain Mode,0.25,105,237,7,50.0,2026-09-25 00:15:00+00:00,Thu 8:15PM
195937046,NFL Showdown 40x Micro Booster [Top 5 Win $10] (ATL @ GB),153775,Showdown Captain Mode,0.25,95,237,7,50.0,2026-09-25 00:15:00+00:00,Thu 8:15PM
195937045,NFL Showdown 40x Micro Booster [Top 5 Win $10] (ATL @ GB),153775,Showdown Captain Mode,0.25,94,237,7,50.0,2026-09-25 00:15:00+00:00,Thu 8:15PM
195937044,NFL Showdown 40x Micro Booster [Top 5 Win $10] (ATL @ GB),153775,Showdown Captain Mode,0.25,91,237,7,50.0,2026-09-25 00:15:00+00:00,Thu 8:15PM
195937043,NFL Showdown 40x Micro Booster [Top 5 Win $10] (ATL @ GB),153775,Showdown Captain Mode,0.25,94,237,7,50.0,2026-09-25 00:15:00+00:00,Thu 8:15PM
195937049,NFL Showdown $25 Quintuple Up [Top 4 Win $125] (ATL @ GB),153775,Showdown Captain Mode,25.0,6,22,1,500.0,2026-09-25 00:15:00+00:00,Thu 8:15PM
195937048,NFL Showdown $25 Quintuple Up [Top 4 Win $125] (ATL @ GB),153775,Showdown Captain Mode,25.0,4,22,1,500.0,2026-09-25 00:15:00+00:00,Thu 8:15PM
195937060,NFL Showdown $10 Quintuple Up [Top 5 Win $50] (ATL @ GB),153775,Showdown Captain Mode,10.0,8,28,1,250.0,2026-09-25 00:15:00+00:00,Thu 8:15PM
195937050,NFL Showdown $10 Quintuple Up [Top 5 Win $50] (ATL @ GB),153775,Showdown Captain Mode,10.0,7,28,1,250.0,2026-09-25 00:15:00+00:00,Thu 8:15PM
195937067,NFL Showdown $5 Quintuple Up [Top 5 Win $25] (ATL @ GB),153775,Showdown Captain Mode,5.0,8,28,1,125.0,2026-09-25 00:15:00+00:00,Thu 8:15PM
195937066,NFL Showdown $5 Quintuple Up [Top 5 Win $25] (ATL @ GB),153775,Showdown Captain Mode,5.0,6,28,1,125.0,2026-09-25 00:15:00+00:00,Thu 8:15PM
195937065,NFL Showdown $5 Quintuple Up [Top 5 Win $25] (ATL @ GB),153775,Showdown Captain Mode,5.0,7,28,1,125.0,2026-09-25 00:15:00+00:00,Thu 8:15PM
195937064,NFL Showdown $5 Quintuple Up [Top 5 Win $25] (ATL @ GB),153775,Showdown Captain Mode,5.0,5,28,1,125.0,2026-09-25 00:15:00+00:00,Thu 8:15PM
195937063,NFL Showdown $5 Quintuple Up [Top 5 Win $25] (ATL @ GB),153775,Showdown Captain Mode,5.0,5,28,1,125.0,2026-09-25 00:15:00+00:00,Thu 8:15PM
195937062,NFL Showdown $5 Quintuple Up [Top 5 Win $25] (ATL @ GB),153775,Showdown Captain Mode,5.0,5,28,1,125.0,2026-09-25 00:15:00+00:00,Thu 8:15PM
195937061,NFL Showdown $5 Quintuple Up [Top 5 Win $25] (ATL @ GB),153775,Showdown Captain Mode,5.0,6,28,1,125.0,2026-09-25 00:15:00+00:00,Thu 8:15PM
195937357,NFL Showdown $1 Quintuple Up [Top 5 Win $5] (ATL @ GB),153775,Showdown Captain Mode,1.0,13,28,1,25.0,2026-09-25 00:15:00+00:00,Thu 8:15PM
195937356,NFL Showdown $1 Quintuple Up [Top 5 Win $5] (ATL @ GB),153775,Showdown Captain Mode,1.0,9,28,1,25.0,2026-09-25 00:15:00+00:00,Thu 8:15PM
195937355,NFL Showdown $1 Quintuple Up [Top 5 Win $5] (ATL @ GB),153775,Showdown Captain Mode,1.0,7,28,1,25.0,2026-09-25 00:15:00+00:00,Thu 8:15PM
195937354,NFL Showdown $1 Quintuple Up [Top 5 Win $5] (ATL @ GB),153775,Showdown Captain Mode,1.0,8,28,1,25.0,2026-09-25 00:15:00+00:00,Thu 8:15PM
195937353,NFL Showdown $1 Quintuple Up [Top 5 Win $5] (ATL @ GB),153775,Showdown Captain Mode,1.0,10,28,1,25.0,2026-09-25 00:15:00+00:00,Thu 8:15PM
195937352,NFL Showdown $1 Quintuple Up [Top 5 Win $5] (ATL @ GB),153775,Showdown Captain Mode,1.0,7,28,1,25.0,2026-09-25 00:15:00+00:00,Thu 8:15PM
195937079,NFL Showdown $1 Quintuple Up [Top 5 Win $5] (ATL @ GB),153775,Showdown Captain Mode,1.0,7,28,1,25.0,2026-09-25 00:15:00+00:00,Thu 8:15PM
195937078,NFL Showdown $1 Quintuple Up [Top 5 Win $5] (ATL @ GB),153775,Showdown Captain Mode,1.0,5,28,1,25.0,2026-09-25 00:15:00+00:00,Thu 8:15PM
195937077,NFL Showdown $1 Quintuple Up [Top 5 Win $5] (ATL @ GB),153775,Showdown Captain Mode,1.0,5,28,1,25.0,2026-09-25 00:15:00+00:00,Thu 8:15PM
195937076,NFL Showdown $1 Quintuple Up [Top 5 Win $5] (ATL @ GB),153775,Showdown Captain Mode,1.0,5,28,1,25.0,2026-09-25 00:15:00+00:00,Thu 8:15PM
195937075,NFL Showdown $1 Quintuple Up [Top 5 Win $5] (ATL @ GB),153775,Showdown Captain Mode,1.0,4,28,1,25.0,2026-09-25 00:15:00+00:00,Thu 8:15PM
195937074,NFL Showdown $1 Quintuple Up [Top 5 Win $5] (ATL @ GB),153775,Showdown Captain Mode,1.0,4,28,1,25.0,2026-09-25 00:15:00+00:00,Thu 8:15PM
195937073,NFL Showdown $1 Quintuple Up [Top 5 Win $5] (ATL @ GB),153775,Showdown Captain Mode,1.0,4,28,1,25.0,2026-09-25 00:15:00+00:00,Thu 8:15PM
195937072,NFL Showdown $1 Quintuple Up [Top 5 Win $5] (ATL @ GB),153775,Showdown Captain Mode,1.0,4,28,1,25.0,2026-09-25 00:15:00+00:00,Thu 8:15PM
195937071,NFL Showdown $1 Quintuple Up [Top 5 Win $5] (ATL @ GB),153775,Showdown Captain Mode,1.0,4,28,1,25.0,2026-09-25 00:15:00+00:00,Thu 8:15PM
195937070,NFL Showdown $1 Quintuple Up [Top 5 Win $5] (ATL @ GB),153775,Showdown Captain Mode,1.0,4,28,1,25.0,2026-09-25 00:15:00+00:00,Thu 8:15PM
195937069,NFL Showdown $1 Quintuple Up [Top 5 Win $5] (ATL @ GB),153775,Showdown Captain Mode,1.0,4,28,1,25.0,2026-09-25 00:15:00+00:00,Thu 8:15PM
195937068,NFL Showdown $1 Quintuple Up [Top 5 Win $5] (ATL @ GB),153775,Showdown Captain Mode,1.0,5,28,1,25.0,2026-09-25 00:15:00+00:00,Thu 8:15PM
195937031,NFL Showdown $250 Triple Up [Top 3 Win $750] (ATL @ GB),153775,Showdown Captain Mode,250.0,2,10,1,2250.0,2026-09-25 00:15:00+00:00,Thu 8:15PM
195937114,NFL Showdown $100 Triple Up [Top 3 Win $300] (ATL @ GB),153775,Showdown Captain Mode,100.0,4,10,1,900.0,2026-09-25 00:15:00+00:00,Thu 8:15PM
195937113,NFL Showdown $50 Triple Up [Top 5 Win $150] (ATL @ GB),153775,Showdown Captain Mode,50.0,6,17,1,750.0,2026-09-25 00:15:00+00:00,Thu 8:15PM
195937115,NFL Showdown $25 Triple Up [Top 9 Win $75] (ATL @ GB),153775,Showdown Captain Mode,25.0,11,31,1,675.0,2026-09-25 00:15:00+00:00,Thu 8:15PM
195937118,NFL Showdown $10 Triple Up [Top 9 Win $30] (ATL @ GB),153775,Showdown Captain Mode,10.0,13,31,1,270.0,2026-09-25 00:15:00+00:00,Thu 8:15PM
195937117,NFL Showdown $10 Triple Up [Top 9 Win $30] (ATL @ GB),153775,Showdown Captain Mode,10.0,12,31,1,270.0,2026-09-25 00:15:00+00:00,Thu 8:15PM
195937116,NFL Showdown $10 Triple Up [Top 9 Win $30] (ATL @ GB),153775,Showdown Captain Mode,10.0,13,31,1,270.0,2026-09-25 00:15:00+00:00,Thu 8:15PM
195937129,NFL Showdown $5 Triple Up [Top 9 Win $15] (ATL @ GB),153775,Showdown Captain Mode,5.0,14,31,1,135.0,2026-09-25 00:15:00+00:00,Thu 8:15PM
195937128,NFL Showdown $5 Triple Up [Top 9 Win $15] (ATL @ GB),153775,Showdown Captain Mode,5.0,10,31,1,135.0,2026-09-25 00:15:00+00:00,Thu 8:15PM
195937127,NFL Showdown $5 Triple Up [Top 9 Win $15] (ATL @ GB),153775,Showdown Captain Mode,5.0,10,31,1,135.0,2026-09-25 00:15:00+00:00,Thu 8:15PM
195937126,NFL Showdown $5 Triple Up [Top 9 Win $15] (ATL @ GB),153775,Showdown Captain Mode,5.0,10,31,1,135.0,2026-09-25 00:15:00+00:00,Thu 8:15PM
195937125,NFL Showdown $5 Triple Up [Top 9 Win $15] (ATL @ GB),153775,Showdown Captain Mode,5.0,11,31,1,135.0,2026-09-25 00:15:00+00:00,Thu 8:15PM
195937124,NFL Showdown $5 Triple Up [Top 9 Win $15] (ATL @ GB),153775,Showdown Captain Mode,5.0,11,31,1,135.0,2026-09-25 00:15:00+00:00,Thu 8:15PM
195937123,NFL Showdown $5 Triple Up [Top 9 Win $15] (ATL @ GB),153775,Showdown Captain Mode,5.0,12,31,1,135.0,2026-09-25 00:15:00+00:00,Thu 8:15PM
195937122,NFL Showdown $5 Triple Up [Top 9 Win $15] (ATL @ GB),153775,Showdown Captain Mode,5.0,11,31,1,135.0,2026-09-25 00:15:00+00:00,Thu 8:15PM
195937121,NFL Showdown $5 Triple Up [Top 9 Win $15] (ATL @ GB),153775,Showdown Captain Mode,5.0,8,31,1,135.0,2026-09-25 00:15:00+00:00,Thu 8:15PM
195937120,NFL Showdown $5 Triple Up [Top 9 Win $15] (ATL @ GB),153775,Showdown Captain Mode,5.0,8,31,1,135.0,2026-09-25 00:15:00+00:00,Thu 8:15PM
195937119,NFL Showdown $5 Triple Up [Top 9 Win $15] (ATL @ GB),153775,Showdown Captain Mode,5.0,8,31,1,135.0,2026-09-25 00:15:00+00:00,Thu 8:15PM
195937152,NFL Showdown $1 Triple Up [Top 9 Win $3] (ATL @ GB),153775,Showdown Captain Mode,1.0,16,31,1,27.0,2026-09-25 00:15:00+00:00,Thu 8:15PM
195937151,NFL Showdown $1 Triple Up [Top 9 Win $3] (ATL @ GB),153775,Showdown Captain Mode,1.0,8,31,1,27.0,2026-09-25 00:15:00+00:00,Thu 8:15PM
195937150,NFL Showdown $1 Triple Up [Top 9 Win $3] (ATL @ GB),153775,Showdown Captain Mode,1.0,8,31,1,27.0,2026-09-25 00:15:00+00:00,Thu 8:15PM
195937149,NFL Showdown $1 Triple Up [Top 9 Win $3] (ATL @ GB),153775,Showdown Captain Mode,1.0,7,31,1,27.0,2026-09-25 00:15:00+00:00,Thu 8:15PM
195937148,NFL Showdown $1 Triple Up [Top 9 Win $3] (ATL @ GB),153775,Showdown Captain Mode,1.0,6,31,1,27.0,2026-09-25 00:15:00+00:00,Thu 8:15PM
195937147,NFL Showdown $1 Triple Up [Top 9 Win $3] (ATL @ GB),153775,Showdown Captain Mode,1.0,6,31,1,27.0,2026-09-25 00:15:00+00:00,Thu 8:15PM
195937146,NFL Showdown $1 Triple Up [Top 9 Win $3] (ATL @ GB),153775,Showdown Captain Mode,1.0,6,31,1,27.0,2026-09-25 00:15:00+00:00,Thu 8:15PM
195937145,NFL Showdown $1 Triple Up [Top 9 Win $3] (ATL @ GB),153775,Showdown Captain Mode,1.0,7,31,1,27.0,2026-09-25 00:15:00+00:00,Thu 8:15PM
195937144,NFL Showdown $1 Triple Up [Top 9 Win $3] (ATL @ GB),153775,Showdown Captain Mode,1.0,6,31,1,27.0,2026-09-25 00:15:00+00:00,Thu 8:15PM
195937143,NFL Showdown $1 Triple Up [Top 9 Win $3] (ATL @ GB),153775,Showdown Captain Mode,1.0,6,31,1,27.0,2026-09-25 00:15:00+00:00,Thu 8:15PM
195937142,NFL Showdown $1 Triple Up [Top 9 Win $3] (ATL @ GB),153775,Showdown Captain Mode,1.0,6,31,1,27.0,2026-09-25 00:15:00+00:00,Thu 8:15PM
195937141,NFL Showdown $1 Triple Up [Top 9 Win $3] (ATL @ GB),153775,Showdown Captain Mode,1.0,6,31,1,27.0,2026-09-25 00:15:00+00:00,Thu 8:15PM
195937140,NFL Showdown $1 Triple Up [Top 9 Win $3] (ATL @ GB),153775,Showdown Captain Mode,1.0,6,31,1,27.0,2026-09-25 00:15:00+00:00,Thu 8:15PM
195937139,NFL Showdown $1 Triple Up [Top 9 Win $3] (ATL @ GB),153775,Showdown Captain Mode,1.0,6,31,1,27.0,2026-09-25 00:15:00+00:00,Thu 8:15PM
195937138,NFL Showdown $1 Triple Up [Top 9 Win $3] (ATL @ GB),153775,Showdown Captain Mode,1.0,6,31,1,27.0,2026-09-25 00:15:00+00:00,Thu 8:15PM
195937137,NFL Showdown $1 Triple Up [Top 9 Win $3] (ATL @ GB),153775,Showdown Captain Mode,1.0,6,31,1,27.0,2026-09-25 00:15:00+00:00,Thu 8:15PM
195937136,NFL Showdown $1 Triple Up [Top 9 Win $3] (ATL @ GB),153775,Showdown Captain Mode,1.0,6,31,1,27.0,2026-09-25 00:15:00+00:00,Thu 8:15PM
195937135,NFL Showdown $1 Triple Up [Top 9 Win $3] (ATL @ GB),153775,Showdown Captain Mode,1.0,7,31,1,27.0,2026-09-25 00:15:00+00:00,Thu 8:15PM
195937134,NFL Showdown $1 Triple Up [Top 9 Win $3] (ATL @ GB),153775,Showdown Captain Mode,1.0,7,31,1,27.0,2026-09-25 00:15:00+00:00,Thu 8:15PM
195937133,NFL Showdown $1 Triple Up [Top 9 Win $3] (ATL @ GB),153775,Showdown Captain Mode,1.0,7,31,1,27.0,2026-09-25 00:15:00+00:00,Thu 8:15PM
195937132,NFL Showdown $1 Triple Up [Top 9 Win $3] (ATL @ GB),153775,Showdown Captain Mode,1.0,7,31,1,27.0,2026-09-25 00:15:00+00:00,Thu 8:15PM
195937131,NFL Showdown $1 Triple Up [Top 9 Win $3] (ATL @ GB),153775,Showdown Captain Mode,1.0,7,31,1,27.0,2026-09-25 00:15:00+00:00,Thu 8:15PM
195937130,NFL Showdown $1 Triple Up [Top 9 Win $3] (ATL @ GB),153775,Showdown Captain Mode,1.0,8,31,1,27.0,2026-09-25 00:15:00+00:00,Thu 8:15PM
195937194,Casual NFL Showdown $10 Double Up (ATL @ GB),153775,Showdown Captain Mode,10.0,2,11,1,100.0,2026-09-25 00:15:00+00:00,Thu 8:15PM
195937198,Casual NFL Showdown $5 Double Up (ATL @ GB),153775,Showdown Captain Mode,5.0,2,23,1,100.0,2026-09-25 00:15:00+00:00,Thu 8:15PM
195937197,Casual NFL Showdown $3 Double Up (ATL @ GB),153775,Showdown Captain Mode,3.0,2,23,1,60.0,2026-09-25 00:15:00+00:00,Thu 8:15PM
195937196,Casual NFL Showdown $1 Double Up (ATL @ GB),153775,Showdown Captain Mode,1.0,4,23,1,20.0,2026-09-25 00:15:00+00:00,Thu 8:15PM
195937195,Casual NFL Showdown $1 Double Up (ATL @ GB),153775,Showdown Captain Mode,1.0,1,23,1,20.0,2026-09-25 00:15:00+00:00,Thu 8:15PM
195937110,NFL Showdown $250 Double Up (ATL @ GB),153775,Showdown Captain Mode,250.0,4,11,1,2500.0,2026-09-25 00:15:00+00:00,Thu 8:15PM
195937358,NFL Showdown $100 Double Up (ATL @ GB),153775,Showdown Captain Mode,100.0,4,11,1,1000.0,2026-09-25 00:15:00+00:00,Thu 8:15PM
195937199,NFL Showdown $50 Double Up (ATL @ GB),153775,Showdown Captain Mode,50.0,4,11,1,500.0,2026-09-25 00:15:00+00:00,Thu 8:15PM
195937192,NFL Showdown $50 Double Up (ATL @ GB),153775,Showdown Captain Mode,50.0,4,11,1,500.0,2026-09-25 00:15:00+00:00,Thu 8:15PM
195937234,NFL Showdown $25 Double Up (ATL @ GB),153775,Showdown Captain Mode,25.0,4,11,1,250.0,2026-09-25 00:15:00+00:00,Thu 8:15PM
195937233,NFL Showdown $25 Double Up (ATL @ GB),153775,Showdown Captain Mode,25.0,5,11,1,250.0,2026-09-25 00:15:00+00:00,Thu 8:15PM
195937232,NFL Showdown $25 Double Up (ATL @ GB),153775,Showdown Captain Mode,25.0,4,11,1,250.0,2026-09-25 00:15:00+00:00,Thu 8:15PM
195937202,NFL Showdown $25 Double Up (ATL @ GB),153775,Showdown Captain Mode,25.0,4,11,1,250.0,2026-09-25 00:15:00+00:00,Thu 8:15PM
195937201,NFL Showdown $25 Double Up (ATL @ GB),153775,Showdown Captain Mode,25.0,4,11,1,250.0,2026-09-25 00:15:00+00:00,Thu 8:15PM
195937200,NFL Showdown $25 Double Up (ATL @ GB),153775,Showdown Captain Mode,25.0,4,11,1,250.0,2026-09-25 00:15:00+00:00,Thu 8:15PM
195937055,NFL Showdown $25 Double Up (ATL @ GB),153775,Showdown Captain Mode,25.0,4,11,1,250.0,2026-09-25 00:15:00+00:00,Thu 8:15PM
195937054,NFL Showdown $25 Double Up (ATL @ GB),153775,Showdown Captain Mode,25.0,4,11,1,250.0,2026-09-25 00:15:00+00:00,Thu 8:15PM
195937053,NFL Showdown $25 Double Up (ATL @ GB),153775,Showdown Captain Mode,25.0,4,11,1,250.0,2026-09-25 00:15:00+00:00,Thu 8:15PM
195937052,NFL Showdown $25 Double Up (ATL @ GB),153775,Showdown Captain Mode,25.0,4,11,1,250.0,2026-09-25 00:15:00+00:00,Thu 8:15PM
195937051,NFL Showdown $25 Double Up (ATL @ GB),153775,Showdown Captain Mode,25.0,4,11,1,250.0,2026-09-25 00:15:00+00:00,Thu 8:15PM
195974413,NFL Showdown $15 Double Up (ATL @ GB),153775,Showdown Captain Mode,15.0,0,16,1,210.0,2026-09-25 00:15:00+00:00,Thu 8:15PM
195937361,NFL Showdown $15 Double Up (ATL @ GB),153775,Showdown Captain Mode,15.0,6,16,1,210.0,2026-09-25 00:15:00+00:00,Thu 8:15PM
195937360,NFL Showdown $15 Double Up (ATL @ GB),153775,Showdown Captain Mode,15.0,5,16,1,210.0,2026-09-25 00:15:00+00:00,Thu 8:15PM
195937191,NFL Showdown $10 Double Up (ATL @ GB),153775,Showdown Captain Mode,10.0,11,39,1,340.0,2026-09-25 00:15:00+00:00,Thu 8:15PM
195937359,NFL Showdown $10 Double Up (ATL @ GB),153775,Showdown Captain Mode,10.0,5,23,1,200.0,2026-09-25 00:15:00+00:00,Thu 8:15PM
195937193,NFL Showdown $10 Double Up (ATL @ GB),153775,Showdown Captain Mode,10.0,6,23,1,200.0,2026-09-25 00:15:00+00:00,Thu 8:15PM
195937254,NFL Showdown $10 Double Up (ATL @ GB),153775,Showdown Captain Mode,10.0,4,11,1,100.0,2026-09-25 00:15:00+00:00,Thu 8:15PM
195937253,NFL Showdown $10 Double Up (ATL @ GB),153775,Showdown Captain Mode,10.0,4,11,1,100.0,2026-09-25 00:15:00+00:00,Thu 8:15PM
195937252,NFL Showdown $10 Double Up (ATL @ GB),153775,Showdown Captain Mode,10.0,4,11,1,100.0,2026-09-25 00:15:00+00:00,Thu 8:15PM
195937231,NFL Showdown $10 Double Up (ATL @ GB),153775,Showdown Captain Mode,10.0,4,11,1,100.0,2026-09-25 00:15:00+00:00,Thu 8:15PM
195937230,NFL Showdown $10 Double Up (ATL @ GB),153775,Showdown Captain Mode,10.0,4,11,1,100.0,2026-09-25 00:15:00+00:00,Thu 8:15PM
195937229,NFL Showdown $10 Double Up (ATL @ GB),153775,Showdown Captain Mode,10.0,4,11,1,100.0,2026-09-25 00:15:00+00:00,Thu 8:15PM
195937157,NFL Showdown $10 Double Up (ATL @ GB),153775,Showdown Captain Mode,10.0,4,11,1,100.0,2026-09-25 00:15:00+00:00,Thu 8:15PM
195937156,NFL Showdown $10 Double Up (ATL @ GB),153775,Showdown Captain Mode,10.0,4,11,1,100.0,2026-09-25 00:15:00+00:00,Thu 8:15PM
195937155,NFL Showdown $10 Double Up (ATL @ GB),153775,Showdown Captain Mode,10.0,4,11,1,100.0,2026-09-25 00:15:00+00:00,Thu 8:15PM
195937154,NFL Showdown $10 Double Up (ATL @ GB),153775,Showdown Captain Mode,10.0,4,11,1,100.0,2026-09-25 00:15:00+00:00,Thu 8:15PM
195937153,NFL Showdown $10 Double Up (ATL @ GB),153775,Showdown Captain Mode,10.0,5,11,1,100.0,2026-09-25 00:15:00+00:00,Thu 8:15PM
195937190,NFL Showdown $5 Double Up (ATL @ GB),153775,Showdown Captain Mode,5.0,7,39,1,170.0,2026-09-25 00:15:00+00:00,Thu 8:15PM
195937189,NFL Showdown $5 Double Up (ATL @ GB),153775,Showdown Captain Mode,5.0,7,39,1,170.0,2026-09-25 00:15:00+00:00,Thu 8:15PM
195937264,NFL Showdown $5 Double Up (ATL @ GB),153775,Showdown Captain Mode,5.0,4,23,1,100.0,2026-09-25 00:15:00+00:00,Thu 8:15PM
195937263,NFL Showdown $5 Double Up (ATL @ GB),153775,Showdown Captain Mode,5.0,4,23,1,100.0,2026-09-25 00:15:00+00:00,Thu 8:15PM
195937262,NFL Showdown $5 Double Up (ATL @ GB),153775,Showdown Captain Mode,5.0,6,23,1,100.0,2026-09-25 00:15:00+00:00,Thu 8:15PM
195937238,NFL Showdown $5 Double Up (ATL @ GB),153775,Showdown Captain Mode,5.0,5,23,1,100.0,2026-09-25 00:15:00+00:00,Thu 8:15PM
195937237,NFL Showdown $5 Double Up (ATL @ GB),153775,Showdown Captain Mode,5.0,4,23,1,100.0,2026-09-25 00:15:00+00:00,Thu 8:15PM
195937236,NFL Showdown $5 Double Up (ATL @ GB),153775,Showdown Captain Mode,5.0,4,23,1,100.0,2026-09-25 00:15:00+00:00,Thu 8:15PM
195937235,NFL Showdown $5 Double Up (ATL @ GB),153775,Showdown Captain Mode,5.0,4,23,1,100.0,2026-09-25 00:15:00+00:00,Thu 8:15PM
195937207,NFL Showdown $5 Double Up (ATL @ GB),153775,Showdown Captain Mode,5.0,4,23,1,100.0,2026-09-25 00:15:00+00:00,Thu 8:15PM
195937206,NFL Showdown $5 Double Up (ATL @ GB),153775,Showdown Captain Mode,5.0,4,23,1,100.0,2026-09-25 00:15:00+00:00,Thu 8:15PM
195937205,NFL Showdown $5 Double Up (ATL @ GB),153775,Showdown Captain Mode,5.0,4,23,1,100.0,2026-09-25 00:15:00+00:00,Thu 8:15PM
195937204,NFL Showdown $5 Double Up (ATL @ GB),153775,Showdown Captain Mode,5.0,4,23,1,100.0,2026-09-25 00:15:00+00:00,Thu 8:15PM
195937203,NFL Showdown $5 Double Up (ATL @ GB),153775,Showdown Captain Mode,5.0,4,23,1,100.0,2026-09-25 00:15:00+00:00,Thu 8:15PM
195937188,NFL Showdown $3 Double Up (ATL @ GB),153775,Showdown Captain Mode,3.0,13,62,1,162.0,2026-09-25 00:15:00+00:00,Thu 8:15PM
195937187,NFL Showdown $3 Double Up (ATL @ GB),153775,Showdown Captain Mode,3.0,10,62,1,162.0,2026-09-25 00:15:00+00:00,Thu 8:15PM
195937186,NFL Showdown $3 Double Up (ATL @ GB),153775,Showdown Captain Mode,3.0,6,39,1,102.0,2026-09-25 00:15:00+00:00,Thu 8:15PM
195937185,NFL Showdown $3 Double Up (ATL @ GB),153775,Showdown Captain Mode,3.0,9,39,1,102.0,2026-09-25 00:15:00+00:00,Thu 8:15PM
195937241,NFL Showdown $3 Double Up (ATL @ GB),153775,Showdown Captain Mode,3.0,6,23,1,60.0,2026-09-25 00:15:00+00:00,Thu 8:15PM
195937240,NFL Showdown $3 Double Up (ATL @ GB),153775,Showdown Captain Mode,3.0,6,23,1,60.0,2026-09-25 00:15:00+00:00,Thu 8:15PM
195937239,NFL Showdown $3 Double Up (ATL @ GB),153775,Showdown Captain Mode,3.0,5,23,1,60.0,2026-09-25 00:15:00+00:00,Thu 8:15PM
195937210,NFL Showdown $3 Double Up (ATL @ GB),153775,Showdown Captain Mode,3.0,5,23,1,60.0,2026-09-25 00:15:00+00:00,Thu 8:15PM
195937209,NFL Showdown $3 Double Up (ATL @ GB),153775,Showdown Captain Mode,3.0,6,23,1,60.0,2026-09-25 00:15:00+00:00,Thu 8:15PM
195937208,NFL Showdown $3 Double Up (ATL @ GB),153775,Showdown Captain Mode,3.0,5,23,1,60.0,2026-09-25 00:15:00+00:00,Thu 8:15PM
195937084,NFL Showdown $3 Double Up (ATL @ GB),153775,Showdown Captain Mode,3.0,5,23,1,60.0,2026-09-25 00:15:00+00:00,Thu 8:15PM
195937083,NFL Showdown $3 Double Up (ATL @ GB),153775,Showdown Captain Mode,3.0,8,23,1,60.0,2026-09-25 00:15:00+00:00,Thu 8:15PM
195937082,NFL Showdown $3 Double Up (ATL @ GB),153775,Showdown Captain Mode,3.0,5,23,1,60.0,2026-09-25 00:15:00+00:00,Thu 8:15PM
195937081,NFL Showdown $3 Double Up (ATL @ GB),153775,Showdown Captain Mode,3.0,5,23,1,60.0,2026-09-25 00:15:00+00:00,Thu 8:15PM
195937080,NFL Showdown $3 Double Up (ATL @ GB),153775,Showdown Captain Mode,3.0,7,23,1,60.0,2026-09-25 00:15:00+00:00,Thu 8:15PM
195937184,NFL Showdown $1 Double Up (ATL @ GB),153775,Showdown Captain Mode,1.0,31,62,1,54.0,2026-09-25 00:15:00+00:00,Thu 8:15PM
195937183,NFL Showdown $1 Double Up (ATL @ GB),153775,Showdown Captain Mode,1.0,15,62,1,54.0,2026-09-25 00:15:00+00:00,Thu 8:15PM
195937182,NFL Showdown $1 Double Up (ATL @ GB),153775,Showdown Captain Mode,1.0,11,62,1,54.0,2026-09-25 00:15:00+00:00,Thu 8:15PM
195937181,NFL Showdown $1 Double Up (ATL @ GB),153775,Showdown Captain Mode,1.0,12,62,1,54.0,2026-09-25 00:15:00+00:00,Thu 8:15PM
195937180,NFL Showdown $1 Double Up (ATL @ GB),153775,Showdown Captain Mode,1.0,10,62,1,54.0,2026-09-25 00:15:00+00:00,Thu 8:15PM
195937179,NFL Showdown $1 Double Up (ATL @ GB),153775,Showdown Captain Mode,1.0,9,62,1,54.0,2026-09-25 00:15:00+00:00,Thu 8:15PM
195937178,NFL Showdown $1 Double Up (ATL @ GB),153775,Showdown Captain Mode,1.0,8,62,1,54.0,2026-09-25 00:15:00+00:00,Thu 8:15PM
195937177,NFL Showdown $1 Double Up (ATL @ GB),153775,Showdown Captain Mode,1.0,8,62,1,54.0,2026-09-25 00:15:00+00:00,Thu 8:15PM
195937176,NFL Showdown $1 Double Up (ATL @ GB),153775,Showdown Captain Mode,1.0,8,62,1,54.0,2026-09-25 00:15:00+00:00,Thu 8:15PM
195937175,NFL Showdown $1 Double Up (ATL @ GB),153775,Showdown Captain Mode,1.0,8,62,1,54.0,2026-09-25 00:15:00+00:00,Thu 8:15PM
195937174,NFL Showdown $1 Double Up (ATL @ GB),153775,Showdown Captain Mode,1.0,8,62,1,54.0,2026-09-25 00:15:00+00:00,Thu 8:15PM
195937173,NFL Showdown $1 Double Up (ATL @ GB),153775,Showdown Captain Mode,1.0,9,62,1,54.0,2026-09-25 00:15:00+00:00,Thu 8:15PM
195937172,NFL Showdown $1 Double Up (ATL @ GB),153775,Showdown Captain Mode,1.0,7,62,1,54.0,2026-09-25 00:15:00+00:00,Thu 8:15PM
195937171,NFL Showdown $1 Double Up (ATL @ GB),153775,Showdown Captain Mode,1.0,7,62,1,54.0,2026-09-25 00:15:00+00:00,Thu 8:15PM
195937170,NFL Showdown $1 Double Up (ATL @ GB),153775,Showdown Captain Mode,1.0,7,62,1,54.0,2026-09-25 00:15:00+00:00,Thu 8:15PM
195937169,NFL Showdown $1 Double Up (ATL @ GB),153775,Showdown Captain Mode,1.0,7,39,1,34.0,2026-09-25 00:15:00+00:00,Thu 8:15PM
195937168,NFL Showdown $1 Double Up (ATL @ GB),153775,Showdown Captain Mode,1.0,7,39,1,34.0,2026-09-25 00:15:00+00:00,Thu 8:15PM
195937167,NFL Showdown $1 Double Up (ATL @ GB),153775,Showdown Captain Mode,1.0,7,39,1,34.0,2026-09-25 00:15:00+00:00,Thu 8:15PM
195937166,NFL Showdown $1 Double Up (ATL @ GB),153775,Showdown Captain Mode,1.0,6,39,1,34.0,2026-09-25 00:15:00+00:00,Thu 8:15PM
195937165,NFL Showdown $1 Double Up (ATL @ GB),153775,Showdown Captain Mode,1.0,7,39,1,34.0,2026-09-25 00:15:00+00:00,Thu 8:15PM
195937164,NFL Showdown $1 Double Up (ATL @ GB),153775,Showdown Captain Mode,1.0,6,39,1,34.0,2026-09-25 00:15:00+00:00,Thu 8:15PM
195937163,NFL Showdown $1 Double Up (ATL @ GB),153775,Showdown Captain Mode,1.0,6,39,1,34.0,2026-09-25 00:15:00+00:00,Thu 8:15PM
195937162,NFL Showdown $1 Double Up (ATL @ GB),153775,Showdown Captain Mode,1.0,6,39,1,34.0,2026-09-25 00:15:00+00:00,Thu 8:15PM
195937161,NFL Showdown $1 Double Up (ATL @ GB),153775,Showdown Captain Mode,1.0,6,39,1,34.0,2026-09-25 00:15:00+00:00,Thu 8:15PM
195937160,NFL Showdown $1 Double Up (ATL @ GB),153775,Showdown Captain Mode,1.0,6,39,1,34.0,2026-09-25 00:15:00+00:00,Thu 8:15PM
195937159,NFL Showdown $1 Double Up (ATL @ GB),153775,Showdown Captain Mode,1.0,6,39,1,34.0,2026-09-25 00:15:00+00:00,Thu 8:15PM
195937158,NFL Showdown $1 Double Up (ATL @ GB),153775,Showdown Captain Mode,1.0,6,39,1,34.0,2026-09-25 00:15:00+00:00,Thu 8:15PM
195937251,NFL Showdown $1 Double Up (ATL @ GB),153775,Showdown Captain Mode,1.0,8,23,1,20.0,2026-09-25 00:15:00+00:00,Thu 8:15PM
195937250,NFL Showdown $1 Double Up (ATL @ GB),153775,Showdown Captain Mode,1.0,6,23,1,20.0,2026-09-25 00:15:00+00:00,Thu 8:15PM
195937249,NFL Showdown $1 Double Up (ATL @ GB),153775,Showdown Captain Mode,1.0,5,23,1,20.0,2026-09-25 00:15:00+00:00,Thu 8:15PM
195937248,NFL Showdown $1 Double Up (ATL @ GB),153775,Showdown Captain Mode,1.0,5,23,1,20.0,2026-09-25 00:15:00+00:00,Thu 8:15PM
195937247,NFL Showdown $1 Double Up (ATL @ GB),153775,Showdown Captain Mode,1.0,8,23,1,20.0,2026-09-25 00:15:00+00:00,Thu 8:15PM
195937246,NFL Showdown $1 Double Up (ATL @ GB),153775,Showdown Captain Mode,1.0,6,23,1,20.0,2026-09-25 00:15:00+00:00,Thu 8:15PM
195937245,NFL Showdown $1 Double Up (ATL @ GB),153775,Showdown Captain Mode,1.0,6,23,1,20.0,2026-09-25 00:15:00+00:00,Thu 8:15PM
195937244,NFL Showdown $1 Double Up (ATL @ GB),153775,Showdown Captain Mode,1.0,5,23,1,20.0,2026-09-25 00:15:00+00:00,Thu 8:15PM
195937243,NFL Showdown $1 Double Up (ATL @ GB),153775,Showdown Captain Mode,1.0,6,23,1,20.0,2026-09-25 00:15:00+00:00,Thu 8:15PM
195937242,NFL Showdown $1 Double Up (ATL @ GB),153775,Showdown Captain Mode,1.0,5,23,1,20.0,2026-09-25 00:15:00+00:00,Thu 8:15PM
195937228,NFL Showdown $1 Double Up (ATL @ GB),153775,Showdown Captain Mode,1.0,5,23,1,20.0,2026-09-25 00:15:00+00:00,Thu 8:15PM
195937227,NFL Showdown $1 Double Up (ATL @ GB),153775,Showdown Captain Mode,1.0,6,23,1,20.0,2026-09-25 00:15:00+00:00,Thu 8:15PM
195937226,NFL Showdown $1 Double Up (ATL @ GB),153775,Showdown Captain Mode,1.0,5,23,1,20.0,2026-09-25 00:15:00+00:00,Thu 8:15PM
195937225,NFL Showdown $1 Double Up (ATL @ GB),153775,Showdown Captain Mode,1.0,5,23,1,20.0,2026-09-25 00:15:00+00:00,Thu 8:15PM
195937224,NFL Showdown $1 Double Up (ATL @ GB),153775,Showdown Captain Mode,1.0,5,23,1,20.0,2026-09-25 00:15:00+00:00,Thu 8:15PM
195937223,NFL Showdown $1 Double Up (ATL @ GB),153775,Showdown Captain Mode,1.0,6,23,1,20.0,2026-09-25 00:15:00+00:00,Thu 8:15PM
195937222,NFL Showdown $1 Double Up (ATL @ GB),153775,Showdown Captain Mode,1.0,5,23,1,20.0,2026-09-25 00:15:00+00:00,Thu 8:15PM
195937221,NFL Showdown $1 Double Up (ATL @ GB),153775,Showdown Captain Mode,1.0,5,23,1,20.0,2026-09-25 00:15:00+00:00,Thu 8:15PM
195937220,NFL Showdown $1 Double Up (ATL @ GB),153775,Showdown Captain Mode,1.0,5,23,1,20.0,2026-09-25 00:15:00+00:00,Thu 8:15PM
195937219,NFL Showdown $1 Double Up (ATL @ GB),153775,Showdown Captain Mode,1.0,5,23,1,20.0,2026-09-25 00:15:00+00:00,Thu 8:15PM
195937218,NFL Showdown $1 Double Up (ATL @ GB),153775,Showdown Captain Mode,1.0,5,23,1,20.0,2026-09-25 00:15:00+00:00,Thu 8:15PM
195937217,NFL Showdown $1 Double Up (ATL @ GB),153775,Showdown Captain Mode,1.0,5,23,1,20.0,2026-09-25 00:15:00+00:00,Thu 8:15PM
195937216,NFL Showdown $1 Double Up (ATL @ GB),153775,Showdown Captain Mode,1.0,5,23,1,20.0,2026-09-25 00:15:00+00:00,Thu 8:15PM
195937215,NFL Showdown $1 Double Up (ATL @ GB),153775,Showdown Captain Mode,1.0,5,23,1,20.0,2026-09-25 00:15:00+00:00,Thu 8:15PM
195937214,NFL Showdown $1 Double Up (ATL @ GB),153775,Showdown Captain Mode,1.0,5,23,1,20.0,2026-09-25 00:15:00+00:00,Thu 8:15PM
195937213,NFL Showdown $1 Double Up (ATL @ GB),153775,Showdown Captain Mode,1.0,5,23,1,20.0,2026-09-25 00:15:00+00:00,Thu 8:15PM
195937212,NFL Showdown $1 Double Up (ATL @ GB),153775,Showdown Captain Mode,1.0,5,23,1,20.0,2026-09-25 00:15:00+00:00,Thu 8:15PM
195937211,NFL Showdown $1 Double Up (ATL @ GB),153775,Showdown Captain Mode,1.0,5,23,1,20.0,2026-09-25 00:15:00+00:00,Thu 8:15PM
195937109,NFL Showdown $1 Double Up (ATL @ GB),153775,Showdown Captain Mode,1.0,5,23,1,20.0,2026-09-25 00:15:00+00:00,Thu 8:15PM
195937108,NFL Showdown $1 Double Up (ATL @ GB),153775,Showdown Captain Mode,1.0,5,23,1,20.0,2026-09-25 00:15:00+00:00,Thu 8:15PM
195937107,NFL Showdown $1 Double Up (ATL @ GB),153775,Showdown Captain Mode,1.0,5,23,1,20.0,2026-09-25 00:15:00+00:00,Thu 8:15PM
195937106,NFL Showdown $1 Double Up (ATL @ GB),153775,Showdown Captain Mode,1.0,5,23,1,20.0,2026-09-25 00:15:00+00:00,Thu 8:15PM
195937105,NFL Showdown $1 Double Up (ATL @ GB),153775,Showdown Captain Mode,1.0,5,23,1,20.0,2026-09-25 00:15:00+00:00,Thu 8:15PM
195937104,NFL Showdown $1 Double Up (ATL @ GB),153775,Showdown Captain Mode,1.0,5,23,1,20.0,2026-09-25 00:15:00+00:00,Thu 8:15PM
195937103,NFL Showdown $1 Double Up (ATL @ GB),153775,Showdown Captain Mode,1.0,5,23,1,20.0,2026-09-25 00:15:00+00:00,Thu 8:15PM
195937102,NFL Showdown $1 Double Up (ATL @ GB),153775,Showdown Captain Mode,1.0,5,23,1,20.0,2026-09-25 00:15:00+00:00,Thu 8:15PM
195937101,NFL Showdown $1 Double Up (ATL @ GB),153775,Showdown Captain Mode,1.0,5,23,1,20.0,2026-09-25 00:15:00+00:00,Thu 8:15PM
195937100,NFL Showdown $1 Double Up (ATL @ GB),153775,Showdown Captain Mode,1.0,5,23,1,20.0,2026-09-25 00:15:00+00:00,Thu 8:15PM
195937099,NFL Showdown $1 Double Up (ATL @ GB),153775,Showdown Captain Mode,1.0,5,23,1,20.0,2026-09-25 00:15:00+00:00,Thu 8:15PM
195937098,NFL Showdown $1 Double Up (ATL @ GB),153775,Showdown Captain Mode,1.0,5,23,1,20.0,2026-09-25 00:15:00+00:00,Thu 8:15PM
195937097,NFL Showdown $1 Double Up (ATL @ GB),153775,Showdown Captain Mode,1.0,5,23,1,20.0,2026-09-25 00:15:00+00:00,Thu 8:15PM
195937096,NFL Showdown $1 Double Up (ATL @ GB),153775,Showdown Captain Mode,1.0,5,23,1,20.0,2026-09-25 00:15:00+00:00,Thu 8:15PM
195937095,NFL Showdown $1 Double Up (ATL @ GB),153775,Showdown Captain Mode,1.0,5,23,1,20.0,2026-09-25 00:15:00+00:00,Thu 8:15PM
195937094,NFL Showdown $1 Double Up (ATL @ GB),153775,Showdown Captain Mode,1.0,5,23,1,20.0,2026-09-25 00:15:00+00:00,Thu 8:15PM
195937093,NFL Showdown $1 Double Up (ATL @ GB),153775,Showdown Captain Mode,1.0,5,23,1,20.0,2026-09-25 00:15:00+00:00,Thu 8:15PM
195937092,NFL Showdown $1 Double Up (ATL @ GB),153775,Showdown Captain Mode,1.0,7,23,1,20.0,2026-09-25 00:15:00+00:00,Thu 8:15PM
195937091,NFL Showdown $1 Double Up (ATL @ GB),153775,Showdown Captain Mode,1.0,5,23,1,20.0,2026-09-25 00:15:00+00:00,Thu 8:15PM
195937090,NFL Showdown $1 Double Up (ATL @ GB),153775,Showdown Captain Mode,1.0,5,23,1,20.0,2026-09-25 00:15:00+00:00,Thu 8:15PM
195937089,NFL Showdown $1 Double Up (ATL @ GB),153775,Showdown Captain Mode,1.0,5,23,1,20.0,2026-09-25 00:15:00+00:00,Thu 8:15PM
195937088,NFL Showdown $1 Double Up (ATL @ GB),153775,Showdown Captain Mode,1.0,6,23,1,20.0,2026-09-25 00:15:00+00:00,Thu 8:15PM
195937087,NFL Showdown $1 Double Up (ATL @ GB),153775,Showdown Captain Mode,1.0,5,23,1,20.0,2026-09-25 00:15:00+00:00,Thu 8:15PM
195937086,NFL Showdown $1 Double Up (ATL @ GB),153775,Showdown Captain Mode,1.0,8,23,1,20.0,2026-09-25 00:15:00+00:00,Thu 8:15PM
195937085,NFL Showdown $1 Double Up (ATL @ GB),153775,Showdown Captain Mode,1.0,6,23,1,20.0,2026-09-25 00:15:00+00:00,Thu 8:15PM
195951126,NFL Showdown FREE 200-Player (ATL @ GB),153775,Showdown Captain Mode,0.0,132,200,1,0.0,2026-09-25 00:15:00+00:00,Thu 8:15PM
195968193,NFL Showdown FREE 50-Player (ATL @ GB),153775,Showdown Captain Mode,0.0,27,50,1,0.0,2026-09-25 00:15:00+00:00,Thu 8:15PM
195937641,NFL Satellite to $20 NFL Fantasy Football Millionaire (Thu-Mon),153768,Classic,2.0,9,11,1,20.0,2026-09-25 00:15:00+00:00,Thu 8:15PM
195937640,NFL Satellite to $20 NFL Fantasy Football Millionaire (Thu-Mon),153768,Classic,2.0,4,11,1,20.0,2026-09-25 00:15:00+00:00,Thu 8:15PM
195937639,NFL Satellite to $20 NFL Fantasy Football Millionaire (Thu-Mon),153768,Classic,2.0,5,11,1,20.0,2026-09-25 00:15:00+00:00,Thu 8:15PM
195937638,NFL Satellite to $20 NFL Fantasy Football Millionaire (Thu-Mon),153768,Classic,2.0,3,11,1,20.0,2026-09-25 00:15:00+00:00,Thu 8:15PM
195937637,NFL Satellite to $20 NFL Fantasy Football Millionaire (Thu-Mon),153768,Classic,2.0,3,11,1,20.0,2026-09-25 00:15:00+00:00,Thu 8:15PM
195937645,NFL Satellite to $20 NFL Fantasy Football Millionaire (Thu-Mon),153768,Classic,1.0,13,23,1,20.0,2026-09-25 00:15:00+00:00,Thu 8:15PM
195937644,NFL Satellite to $20 NFL Fantasy Football Millionaire (Thu-Mon),153768,Classic,1.0,8,23,1,20.0,2026-09-25 00:15:00+00:00,Thu 8:15PM
195937643,NFL Satellite to $20 NFL Fantasy Football Millionaire (Thu-Mon),153768,Classic,1.0,9,23,1,20.0,2026-09-25 00:15:00+00:00,Thu 8:15PM
195937642,NFL Satellite to $20 NFL Fantasy Football Millionaire (Thu-Mon),153768,Classic,1.0,8,23,1,20.0,2026-09-25 00:15:00+00:00,Thu 8:15PM
195937647,NFL Satellite to $20 NFL Fantasy Football Millionaire (Thu-Mon),153768,Classic,0.25,35,95,2,20.0,2026-09-25 00:15:00+00:00,Thu 8:15PM
195937646,NFL Satellite to $20 NFL Fantasy Football Millionaire (Thu-Mon),153768,Classic,0.25,26,95,2,20.0,2026-09-25 00:15:00+00:00,Thu 8:15PM
195937649,NFL Satellite to $20 NFL Fantasy Football Millionaire (Thu-Mon),153768,Classic,0.1,71,237,7,20.0,2026-09-25 00:15:00+00:00,Thu 8:15PM
195937648,NFL Satellite to $20 NFL Fantasy Football Millionaire (Thu-Mon),153768,Classic,0.1,67,237,7,20.0,2026-09-25 00:15:00+00:00,Thu 8:15PM
195937631,NFL $1 Contest (Thu-Mon),153768,Classic,1.0,53,118,3,100.0,2026-09-25 00:15:00+00:00,Thu 8:15PM
195937630,NFL $1 Contest (Thu-Mon),153768,Classic,1.0,42,118,3,100.0,2026-09-25 00:15:00+00:00,Thu 8:15PM
195937586,NFL 10x Booster [Top 3 Win $100] (Thu-Mon),153768,Classic,10.0,15,35,1,300.0,2026-09-25 00:15:00+00:00,Thu 8:15PM
195937580,NFL 10x Booster [Top 3 Win $50] (Thu-Mon),153768,Classic,5.0,25,35,1,150.0,2026-09-25 00:15:00+00:00,Thu 8:15PM
195937579,NFL 10x Booster [Top 3 Win $50] (Thu-Mon),153768,Classic,5.0,8,35,1,150.0,2026-09-25 00:15:00+00:00,Thu 8:15PM
195937578,NFL 10x Booster [Top 3 Win $50] (Thu-Mon),153768,Classic,5.0,11,35,1,150.0,2026-09-25 00:15:00+00:00,Thu 8:15PM
195937577,NFL 10x Booster [Top 3 Win $20] (Thu-Mon),153768,Classic,2.0,18,35,1,60.0,2026-09-25 00:15:00+00:00,Thu 8:15PM
195937576,NFL 10x Booster [Top 3 Win $20] (Thu-Mon),153768,Classic,2.0,12,35,1,60.0,2026-09-25 00:15:00+00:00,Thu 8:15PM
195937575,NFL 10x Booster [Top 3 Win $20] (Thu-Mon),153768,Classic,2.0,13,35,1,60.0,2026-09-25 00:15:00+00:00,Thu 8:15PM
195937623,NFL $5 Quintuple Up [Top 5 Win $25] (Thu-Mon),153768,Classic,5.0,16,28,1,125.0,2026-09-25 00:15:00+00:00,Thu 8:15PM
195937622,NFL $5 Quintuple Up [Top 5 Win $25] (Thu-Mon),153768,Classic,5.0,7,28,1,125.0,2026-09-25 00:15:00+00:00,Thu 8:15PM
195937621,NFL $1 Quintuple Up [Top 5 Win $5] (Thu-Mon),153768,Classic,1.0,22,28,1,25.0,2026-09-25 00:15:00+00:00,Thu 8:15PM
195937620,NFL $1 Quintuple Up [Top 5 Win $5] (Thu-Mon),153768,Classic,1.0,10,28,1,25.0,2026-09-25 00:15:00+00:00,Thu 8:15PM
195937619,NFL $1 Quintuple Up [Top 5 Win $5] (Thu-Mon),153768,Classic,1.0,12,28,1,25.0,2026-09-25 00:15:00+00:00,Thu 8:15PM
195937618,NFL $1 Quintuple Up [Top 5 Win $5] (Thu-Mon),153768,Classic,1.0,13,28,1,25.0,2026-09-25 00:15:00+00:00,Thu 8:15PM
195937617,NFL $1 Quintuple Up [Top 5 Win $5] (Thu-Mon),153768,Classic,1.0,7,28,1,25.0,2026-09-25 00:15:00+00:00,Thu 8:15PM
195937616,NFL $10 Triple Up [Top 9 Win $30] (Thu-Mon),153768,Classic,10.0,12,31,1,270.0,2026-09-25 00:15:00+00:00,Thu 8:15PM
195937615,NFL $5 Triple Up [Top 9 Win $15] (Thu-Mon),153768,Classic,5.0,11,31,1,135.0,2026-09-25 00:15:00+00:00,Thu 8:15PM
195937614,NFL $5 Triple Up [Top 9 Win $15] (Thu-Mon),153768,Classic,5.0,9,31,1,135.0,2026-09-25 00:15:00+00:00,Thu 8:15PM
195937613,NFL $1 Triple Up [Top 9 Win $3] (Thu-Mon),153768,Classic,1.0,15,31,1,27.0,2026-09-25 00:15:00+00:00,Thu 8:15PM
195937612,NFL $1 Triple Up [Top 9 Win $3] (Thu-Mon),153768,Classic,1.0,14,31,1,27.0,2026-09-25 00:15:00+00:00,Thu 8:15PM
195937611,NFL $1 Triple Up [Top 9 Win $3] (Thu-Mon),153768,Classic,1.0,12,31,1,27.0,2026-09-25 00:15:00+00:00,Thu 8:15PM
195937610,NFL $1 Triple Up [Top 9 Win $3] (Thu-Mon),153768,Classic,1.0,10,31,1,27.0,2026-09-25 00:15:00+00:00,Thu 8:15PM
195937609,NFL $1 Triple Up [Top 9 Win $3] (Thu-Mon),153768,Classic,1.0,14,31,1,27.0,2026-09-25 00:15:00+00:00,Thu 8:15PM
195937587,NFL $50 Double Up (Thu-Mon),153768,Classic,50.0,6,11,1,500.0,2026-09-25 00:15:00+00:00,Thu 8:15PM
195937581,NFL $25 Double Up (Thu-Mon),153768,Classic,25.0,8,22,1,500.0,2026-09-25 00:15:00+00:00,Thu 8:15PM
195937608,NFL $25 Double Up (Thu-Mon),153768,Classic,25.0,6,11,1,250.0,2026-09-25 00:15:00+00:00,Thu 8:15PM
195937607,NFL $25 Double Up (Thu-Mon),153768,Classic,25.0,6,11,1,250.0,2026-09-25 00:15:00+00:00,Thu 8:15PM
195937585,NFL $25 Double Up (Thu-Mon),153768,Classic,25.0,6,11,1,250.0,2026-09-25 00:15:00+00:00,Thu 8:15PM
195937584,NFL $25 Double Up (Thu-Mon),153768,Classic,25.0,6,11,1,250.0,2026-09-25 00:15:00+00:00,Thu 8:15PM
195937583,NFL $25 Double Up (Thu-Mon),153768,Classic,25.0,6,11,1,250.0,2026-09-25 00:15:00+00:00,Thu 8:15PM
195937582,NFL $25 Double Up (Thu-Mon),153768,Classic,25.0,6,11,1,250.0,2026-09-25 00:15:00+00:00,Thu 8:15PM
195937589,NFL $10 Double Up (Thu-Mon),153768,Classic,10.0,8,23,1,200.0,2026-09-25 00:15:00+00:00,Thu 8:15PM
195937588,NFL $10 Double Up (Thu-Mon),153768,Classic,10.0,8,23,1,200.0,2026-09-25 00:15:00+00:00,Thu 8:15PM
195937605,NFL $10 Double Up (Thu-Mon),153768,Classic,10.0,8,23,1,200.0,2026-09-25 00:15:00+00:00,Thu 8:15PM
195937604,NFL $10 Double Up (Thu-Mon),153768,Classic,10.0,7,23,1,200.0,2026-09-25 00:15:00+00:00,Thu 8:15PM
195937606,NFL $10 Double Up (Thu-Mon),153768,Classic,10.0,9,11,1,100.0,2026-09-25 00:15:00+00:00,Thu 8:15PM
195937624,NFL $5 Double Up (Thu-Mon),153768,Classic,5.0,12,39,1,170.0,2026-09-25 00:15:00+00:00,Thu 8:15PM
195937603,NFL $5 Double Up (Thu-Mon),153768,Classic,5.0,9,23,1,100.0,2026-09-25 00:15:00+00:00,Thu 8:15PM
195937602,NFL $5 Double Up (Thu-Mon),153768,Classic,5.0,10,23,1,100.0,2026-09-25 00:15:00+00:00,Thu 8:15PM
195937595,NFL $5 Double Up (Thu-Mon),153768,Classic,5.0,7,23,1,100.0,2026-09-25 00:15:00+00:00,Thu 8:15PM
195937594,NFL $5 Double Up (Thu-Mon),153768,Classic,5.0,8,23,1,100.0,2026-09-25 00:15:00+00:00,Thu 8:15PM
195937593,NFL $5 Double Up (Thu-Mon),153768,Classic,5.0,7,23,1,100.0,2026-09-25 00:15:00+00:00,Thu 8:15PM
195937592,NFL $5 Double Up (Thu-Mon),153768,Classic,5.0,7,23,1,100.0,2026-09-25 00:15:00+00:00,Thu 8:15PM
195937591,NFL $5 Double Up (Thu-Mon),153768,Classic,5.0,7,23,1,100.0,2026-09-25 00:15:00+00:00,Thu 8:15PM
195937590,NFL $5 Double Up (Thu-Mon),153768,Classic,5.0,7,23,1,100.0,2026-09-25 00:15:00+00:00,Thu 8:15PM
195937598,NFL $3 Double Up (Thu-Mon),153768,Classic,3.0,8,23,1,60.0,2026-09-25 00:15:00+00:00,Thu 8:15PM
195937597,NFL $3 Double Up (Thu-Mon),153768,Classic,3.0,5,23,1,60.0,2026-09-25 00:15:00+00:00,Thu 8:15PM
195937596,NFL $3 Double Up (Thu-Mon),153768,Classic,3.0,4,23,1,60.0,2026-09-25 00:15:00+00:00,Thu 8:15PM
195937625,NFL $1 Double Up (Thu-Mon),153768,Classic,1.0,25,62,1,54.0,2026-09-25 00:15:00+00:00,Thu 8:15PM
195937628,NFL $1 Double Up (Thu-Mon),153768,Classic,1.0,13,39,1,34.0,2026-09-25 00:15:00+00:00,Thu 8:15PM
195937627,NFL $1 Double Up (Thu-Mon),153768,Classic,1.0,7,39,1,34.0,2026-09-25 00:15:00+00:00,Thu 8:15PM
195937626,NFL $1 Double Up (Thu-Mon),153768,Classic,1.0,13,39,1,34.0,2026-09-25 00:15:00+00:00,Thu 8:15PM
195937636,NFL $1 Double Up (Thu-Mon),153768,Classic,1.0,11,23,1,20.0,2026-09-25 00:15:00+00:00,Thu 8:15PM
195937635,NFL $1 Double Up (Thu-Mon),153768,Classic,1.0,5,23,1,20.0,2026-09-25 00:15:00+00:00,Thu 8:15PM
195937634,NFL $1 Double Up (Thu-Mon),153768,Classic,1.0,9,23,1,20.0,2026-09-25 00:15:00+00:00,Thu 8:15PM
195937633,NFL $1 Double Up (Thu-Mon),153768,Classic,1.0,5,23,1,20.0,2026-09-25 00:15:00+00:00,Thu 8:15PM
195937632,NFL $1 Double Up (Thu-Mon),153768,Classic,1.0,5,23,1,20.0,2026-09-25 00:15:00+00:00,Thu 8:15PM
195937601,NFL $1 Double Up (Thu-Mon),153768,Classic,1.0,6,23,1,20.0,2026-09-25 00:15:00+00:00,Thu 8:15PM
195937600,NFL $1 Double Up (Thu-Mon),153768,Classic,1.0,5,23,1,20.0,2026-09-25 00:15:00+00:00,Thu 8:15PM
195937599,NFL $1 Double Up (Thu-Mon),153768,Classic,1.0,6,23,1,20.0,2026-09-25 00:15:00+00:00,Thu 8:15PM
195966600,NFL FREE 150-Player (Thu-Mon),153768,Classic,0.0,30,150,1,0.0,2026-09-25 00:15:00+00:00,Thu 8:15PM
195948502,NFL FREE 200-Player (Thu-Mon),153768,Classic,0.0,97,200,1,0.0,2026-09-25 00:15:00+00:00,Thu 8:15PM
195969832,NFL FREE 75-Player (Thu-Mon),153768,Classic,0.0,8,75,1,0.0,2026-09-25 00:15:00+00:00,Thu 8:15PM
195971690,NFL FREE 10-Player (Thu-Mon),153768,Classic,0.0,3,10,1,0.0,2026-09-25 00:15:00+00:00,Thu 8:15PM
195937736,NFL Single Stat $20 10-Player [Top 2 Win] (ATL @ GB Total Yards),153806,Single Stat - Total Yards,20.0,3,10,1,180.0,2026-09-25 00:15:00+00:00,Thu 8:15PM
195937735,NFL Single Stat $10 10-Player [Top 2 Win] (ATL @ GB Total Yards),153806,Single Stat - Total Yards,10.0,1,10,1,90.0,2026-09-25 00:15:00+00:00,Thu 8:15PM
195937734,NFL Single Stat $5 10-Player [Top 2 Win] (ATL @ GB Total Yards),153806,Single Stat - Total Yards,5.0,1,10,1,45.0,2026-09-25 00:15:00+00:00,Thu 8:15PM
195937733,NFL Single Stat $5 10-Player [Top 2 Win] (ATL @ GB Total Yards),153806,Single Stat - Total Yards,5.0,2,10,1,45.0,2026-09-25 00:15:00+00:00,Thu 8:15PM
195937732,NFL Single Stat $2 10-Player [Top 2 Win] (ATL @ GB Total Yards),153806,Single Stat - Total Yards,2.0,4,10,1,18.0,2026-09-25 00:15:00+00:00,Thu 8:15PM
195937731,NFL Single Stat $2 10-Player [Top 2 Win] (ATL @ GB Total Yards),153806,Single Stat - Total Yards,2.0,1,10,1,18.0,2026-09-25 00:15:00+00:00,Thu 8:15PM
195937730,NFL Single Stat $1 10-Player [Top 2 Win] (ATL @ GB Total Yards),153806,Single Stat - Total Yards,1.0,2,10,1,9.0,2026-09-25 00:15:00+00:00,Thu 8:15PM
195937729,NFL Single Stat $1 10-Player [Top 2 Win] (ATL @ GB Total Yards),153806,Single Stat - Total Yards,1.0,4,10,1,9.0,2026-09-25 00:15:00+00:00,Thu 8:15PM
195920050,NFL $5K Mini Hot Route [Single Entry],153769,Classic,100.0,2,55,1,5000.0,2026-09-27 17:00:00+00:00,Sun 1:00PM
195920458,NFL $5K Mini Gridiron,153769,Classic,27.0,26,215,6,5000.0,2026-09-27 17:00:00+00:00,Sun 1:00PM
195920051,NFL $5K Mini Hail Mary,153769,Classic,12.0,50,490,14,5000.0,2026-09-27 17:00:00+00:00,Sun 1:00PM
195920062,NFL $5K Mini Slant,153769,Classic,9.0,63,653,19,5000.0,2026-09-27 17:00:00+00:00,Sun 1:00PM
195920289,NFL $5K Mini Flea Flicker,153769,Classic,5.0,135,1189,35,5000.0,2026-09-27 17:00:00+00:00,Sun 1:00PM
195920403,NFL $5K Mini Play-Action,153769,Classic,3.0,213,1981,20,5000.0,2026-09-27 17:00:00+00:00,Sun 1:00PM
195920545,NFL $4K Mini First Down,153769,Classic,1.0,561,4756,20,4000.0,2026-09-27 17:00:00+00:00,Sun 1:00PM
195920468,NFL $250 Dime Package [Just $0.10!],153769,Classic,0.1,942,2972,20,250.0,2026-09-27 17:00:00+00:00,Sun 1:00PM
195920467,NFL $250 Dime Package [Just $0.10!],153769,Classic,0.1,578,2972,20,250.0,2026-09-27 17:00:00+00:00,Sun 1:00PM
195920466,NFL $250 Dime Package [Just $0.10!],153769,Classic,0.1,523,2972,20,250.0,2026-09-27 17:00:00+00:00,Sun 1:00PM
195920465,NFL $250 Dime Package [Just $0.10!],153769,Classic,0.1,417,2972,20,250.0,2026-09-27 17:00:00+00:00,Sun 1:00PM
195920464,NFL $250 Dime Package [Just $0.10!],153769,Classic,0.1,373,2972,20,250.0,2026-09-27 17:00:00+00:00,Sun 1:00PM
195920463,NFL $250 Dime Package [Just $0.10!],153769,Classic,0.1,372,2972,20,250.0,2026-09-27 17:00:00+00:00,Sun 1:00PM
195920462,NFL $250 Dime Package [Just $0.10!],153769,Classic,0.1,367,2972,20,250.0,2026-09-27 17:00:00+00:00,Sun 1:00PM
195920461,NFL $250 Dime Package [Just $0.10!],153769,Classic,0.1,395,2972,20,250.0,2026-09-27 17:00:00+00:00,Sun 1:00PM
195920460,NFL $250 Dime Package [Just $0.10!],153769,Classic,0.1,367,2972,20,250.0,2026-09-27 17:00:00+00:00,Sun 1:00PM
195920459,NFL $250 Dime Package [Just $0.10!],153769,Classic,0.1,355,2972,20,250.0,2026-09-27 17:00:00+00:00,Sun 1:00PM
195920740,NFL SUPERSat to $20 NFL Fantasy Football Millionaire [4x],153769,Classic,4.0,7,23,1,80.0,2026-09-27 17:00:00+00:00,Sun 1:00PM
195920739,NFL SUPERSat to $20 NFL Fantasy Football Millionaire [4x],153769,Classic,4.0,7,23,1,80.0,2026-09-27 17:00:00+00:00,Sun 1:00PM
195920738,NFL SUPERSat to $20 NFL Fantasy Football Millionaire [2x],153769,Classic,0.25,54,190,5,40.0,2026-09-27 17:00:00+00:00,Sun 1:00PM
195920737,NFL SUPERSat to $20 NFL Fantasy Football Millionaire [2x],153769,Classic,0.25,54,190,5,40.0,2026-09-27 17:00:00+00:00,Sun 1:00PM
195920736,NFL SUPERSat to $20 NFL Fantasy Football Millionaire [2x],153769,Classic,0.25,45,190,5,40.0,2026-09-27 17:00:00+00:00,Sun 1:00PM
195920735,NFL SUPERSat to $20 NFL Fantasy Football Millionaire [2x],153769,Classic,0.25,42,190,5,40.0,2026-09-27 17:00:00+00:00,Sun 1:00PM
195920734,NFL SUPERSat to $20 NFL Fantasy Football Millionaire [2x],153769,Classic,0.25,40,190,5,40.0,2026-09-27 17:00:00+00:00,Sun 1:00PM
195920733,NFL SUPERSat to $20 NFL Fantasy Football Millionaire [2x],153769,Classic,0.25,36,190,5,40.0,2026-09-27 17:00:00+00:00,Sun 1:00PM
195920732,NFL SUPERSat to $20 NFL Fantasy Football Millionaire [2x],153769,Classic,0.25,38,190,5,40.0,2026-09-27 17:00:00+00:00,Sun 1:00PM
195920731,NFL SUPERSat to $20 NFL Fantasy Football Millionaire [2x],153769,Classic,0.25,37,190,5,40.0,2026-09-27 17:00:00+00:00,Sun 1:00PM
195920730,NFL SUPERSat to $20 NFL Fantasy Football Millionaire [2x],153769,Classic,0.25,41,190,5,40.0,2026-09-27 17:00:00+00:00,Sun 1:00PM
195920729,NFL SUPERSat to $20 NFL Fantasy Football Millionaire [2x],153769,Classic,0.25,43,190,5,40.0,2026-09-27 17:00:00+00:00,Sun 1:00PM
195920728,NFL SUPERSat to $20 NFL Fantasy Football Millionaire [2x],153769,Classic,0.25,40,190,5,40.0,2026-09-27 17:00:00+00:00,Sun 1:00PM
195920727,NFL SUPERSat to $20 NFL Fantasy Football Millionaire [2x],153769,Classic,0.25,39,190,5,40.0,2026-09-27 17:00:00+00:00,Sun 1:00PM
195920648,NFL Satellite to $20 NFL Fantasy Football Millionaire,153769,Classic,2.0,4,11,1,20.0,2026-09-27 17:00:00+00:00,Sun 1:00PM
195920647,NFL Satellite to $20 NFL Fantasy Football Millionaire,153769,Classic,2.0,8,11,1,20.0,2026-09-27 17:00:00+00:00,Sun 1:00PM
195920646,NFL Satellite to $20 NFL Fantasy Football Millionaire,153769,Classic,2.0,5,11,1,20.0,2026-09-27 17:00:00+00:00,Sun 1:00PM
195920645,NFL Satellite to $20 NFL Fantasy Football Millionaire,153769,Classic,2.0,6,11,1,20.0,2026-09-27 17:00:00+00:00,Sun 1:00PM
195920644,NFL Satellite to $20 NFL Fantasy Football Millionaire,153769,Classic,2.0,5,11,1,20.0,2026-09-27 17:00:00+00:00,Sun 1:00PM
195920643,NFL Satellite to $20 NFL Fantasy Football Millionaire,153769,Classic,2.0,6,11,1,20.0,2026-09-27 17:00:00+00:00,Sun 1:00PM
195920642,NFL Satellite to $20 NFL Fantasy Football Millionaire,153769,Classic,2.0,3,11,1,20.0,2026-09-27 17:00:00+00:00,Sun 1:00PM
195920641,NFL Satellite to $20 NFL Fantasy Football Millionaire,153769,Classic,2.0,4,11,1,20.0,2026-09-27 17:00:00+00:00,Sun 1:00PM
195920640,NFL Satellite to $20 NFL Fantasy Football Millionaire,153769,Classic,2.0,4,11,1,20.0,2026-09-27 17:00:00+00:00,Sun 1:00PM
195920639,NFL Satellite to $20 NFL Fantasy Football Millionaire,153769,Classic,2.0,3,11,1,20.0,2026-09-27 17:00:00+00:00,Sun 1:00PM
195920638,NFL Satellite to $20 NFL Fantasy Football Millionaire,153769,Classic,2.0,5,11,1,20.0,2026-09-27 17:00:00+00:00,Sun 1:00PM
195920637,NFL Satellite to $20 NFL Fantasy Football Millionaire,153769,Classic,2.0,2,11,1,20.0,2026-09-27 17:00:00+00:00,Sun 1:00PM
195920636,NFL Satellite to $20 NFL Fantasy Football Millionaire,153769,Classic,2.0,3,11,1,20.0,2026-09-27 17:00:00+00:00,Sun 1:00PM
195920635,NFL Satellite to $20 NFL Fantasy Football Millionaire,153769,Classic,2.0,2,11,1,20.0,2026-09-27 17:00:00+00:00,Sun 1:00PM
195920634,NFL Satellite to $20 NFL Fantasy Football Millionaire,153769,Classic,2.0,2,11,1,20.0,2026-09-27 17:00:00+00:00,Sun 1:00PM
195920633,NFL Satellite to $20 NFL Fantasy Football Millionaire,153769,Classic,2.0,2,11,1,20.0,2026-09-27 17:00:00+00:00,Sun 1:00PM
195920632,NFL Satellite to $20 NFL Fantasy Football Millionaire,153769,Classic,2.0,2,11,1,20.0,2026-09-27 17:00:00+00:00,Sun 1:00PM
195920631,NFL Satellite to $20 NFL Fantasy Football Millionaire,153769,Classic,2.0,2,11,1,20.0,2026-09-27 17:00:00+00:00,Sun 1:00PM
195920630,NFL Satellite to $20 NFL Fantasy Football Millionaire,153769,Classic,2.0,2,11,1,20.0,2026-09-27 17:00:00+00:00,Sun 1:00PM
195920629,NFL Satellite to $20 NFL Fantasy Football Millionaire,153769,Classic,2.0,1,11,1,20.0,2026-09-27 17:00:00+00:00,Sun 1:00PM
195920628,NFL Satellite to $20 NFL Fantasy Football Millionaire,153769,Classic,2.0,1,11,1,20.0,2026-09-27 17:00:00+00:00,Sun 1:00PM
195920627,NFL Satellite to $20 NFL Fantasy Football Millionaire,153769,Classic,2.0,1,11,1,20.0,2026-09-27 17:00:00+00:00,Sun 1:00PM
195920626,NFL Satellite to $20 NFL Fantasy Football Millionaire,153769,Classic,2.0,1,11,1,20.0,2026-09-27 17:00:00+00:00,Sun 1:00PM
195920625,NFL Satellite to $20 NFL Fantasy Football Millionaire,153769,Classic,2.0,1,11,1,20.0,2026-09-27 17:00:00+00:00,Sun 1:00PM
195920624,NFL Satellite to $20 NFL Fantasy Football Millionaire,153769,Classic,2.0,1,11,1,20.0,2026-09-27 17:00:00+00:00,Sun 1:00PM
195920623,NFL Satellite to $20 NFL Fantasy Football Millionaire,153769,Classic,2.0,1,11,1,20.0,2026-09-27 17:00:00+00:00,Sun 1:00PM
195920622,NFL Satellite to $20 NFL Fantasy Football Millionaire,153769,Classic,2.0,1,11,1,20.0,2026-09-27 17:00:00+00:00,Sun 1:00PM
195920621,NFL Satellite to $20 NFL Fantasy Football Millionaire,153769,Classic,2.0,2,11,1,20.0,2026-09-27 17:00:00+00:00,Sun 1:00PM
195920620,NFL Satellite to $20 NFL Fantasy Football Millionaire,153769,Classic,2.0,1,11,1,20.0,2026-09-27 17:00:00+00:00,Sun 1:00PM
195920619,NFL Satellite to $20 NFL Fantasy Football Millionaire,153769,Classic,2.0,2,11,1,20.0,2026-09-27 17:00:00+00:00,Sun 1:00PM
195920678,NFL Satellite to $20 NFL Fantasy Football Millionaire,153769,Classic,1.0,12,23,1,20.0,2026-09-27 17:00:00+00:00,Sun 1:00PM
195920677,NFL Satellite to $20 NFL Fantasy Football Millionaire,153769,Classic,1.0,5,23,1,20.0,2026-09-27 17:00:00+00:00,Sun 1:00PM
195920676,NFL Satellite to $20 NFL Fantasy Football Millionaire,153769,Classic,1.0,4,23,1,20.0,2026-09-27 17:00:00+00:00,Sun 1:00PM
195920675,NFL Satellite to $20 NFL Fantasy Football Millionaire,153769,Classic,1.0,4,23,1,20.0,2026-09-27 17:00:00+00:00,Sun 1:00PM
195920674,NFL Satellite to $20 NFL Fantasy Football Millionaire,153769,Classic,1.0,4,23,1,20.0,2026-09-27 17:00:00+00:00,Sun 1:00PM
195920673,NFL Satellite to $20 NFL Fantasy Football Millionaire,153769,Classic,1.0,4,23,1,20.0,2026-09-27 17:00:00+00:00,Sun 1:00PM
195920672,NFL Satellite to $20 NFL Fantasy Football Millionaire,153769,Classic,1.0,3,23,1,20.0,2026-09-27 17:00:00+00:00,Sun 1:00PM
195920671,NFL Satellite to $20 NFL Fantasy Football Millionaire,153769,Classic,1.0,2,23,1,20.0,2026-09-27 17:00:00+00:00,Sun 1:00PM
195920670,NFL Satellite to $20 NFL Fantasy Football Millionaire,153769,Classic,1.0,3,23,1,20.0,2026-09-27 17:00:00+00:00,Sun 1:00PM
195920669,NFL Satellite to $20 NFL Fantasy Football Millionaire,153769,Classic,1.0,2,23,1,20.0,2026-09-27 17:00:00+00:00,Sun 1:00PM
195920668,NFL Satellite to $20 NFL Fantasy Football Millionaire,153769,Classic,1.0,2,23,1,20.0,2026-09-27 17:00:00+00:00,Sun 1:00PM
195920667,NFL Satellite to $20 NFL Fantasy Football Millionaire,153769,Classic,1.0,2,23,1,20.0,2026-09-27 17:00:00+00:00,Sun 1:00PM
195920666,NFL Satellite to $20 NFL Fantasy Football Millionaire,153769,Classic,1.0,2,23,1,20.0,2026-09-27 17:00:00+00:00,Sun 1:00PM
195920665,NFL Satellite to $20 NFL Fantasy Football Millionaire,153769,Classic,1.0,2,23,1,20.0,2026-09-27 17:00:00+00:00,Sun 1:00PM
195920664,NFL Satellite to $20 NFL Fantasy Football Millionaire,153769,Classic,1.0,2,23,1,20.0,2026-09-27 17:00:00+00:00,Sun 1:00PM
195920663,NFL Satellite to $20 NFL Fantasy Football Millionaire,153769,Classic,1.0,2,23,1,20.0,2026-09-27 17:00:00+00:00,Sun 1:00PM
195920662,NFL Satellite to $20 NFL Fantasy Football Millionaire,153769,Classic,1.0,2,23,1,20.0,2026-09-27 17:00:00+00:00,Sun 1:00PM
195920661,NFL Satellite to $20 NFL Fantasy Football Millionaire,153769,Classic,1.0,2,23,1,20.0,2026-09-27 17:00:00+00:00,Sun 1:00PM
195920660,NFL Satellite to $20 NFL Fantasy Football Millionaire,153769,Classic,1.0,2,23,1,20.0,2026-09-27 17:00:00+00:00,Sun 1:00PM
195920659,NFL Satellite to $20 NFL Fantasy Football Millionaire,153769,Classic,1.0,2,23,1,20.0,2026-09-27 17:00:00+00:00,Sun 1:00PM
195920658,NFL Satellite to $20 NFL Fantasy Football Millionaire,153769,Classic,1.0,2,23,1,20.0,2026-09-27 17:00:00+00:00,Sun 1:00PM
195920657,NFL Satellite to $20 NFL Fantasy Football Millionaire,153769,Classic,1.0,2,23,1,20.0,2026-09-27 17:00:00+00:00,Sun 1:00PM
195920656,NFL Satellite to $20 NFL Fantasy Football Millionaire,153769,Classic,1.0,2,23,1,20.0,2026-09-27 17:00:00+00:00,Sun 1:00PM
195920655,NFL Satellite to $20 NFL Fantasy Football Millionaire,153769,Classic,1.0,2,23,1,20.0,2026-09-27 17:00:00+00:00,Sun 1:00PM
195920654,NFL Satellite to $20 NFL Fantasy Football Millionaire,153769,Classic,1.0,2,23,1,20.0,2026-09-27 17:00:00+00:00,Sun 1:00PM
195920653,NFL Satellite to $20 NFL Fantasy Football Millionaire,153769,Classic,1.0,2,23,1,20.0,2026-09-27 17:00:00+00:00,Sun 1:00PM
195920652,NFL Satellite to $20 NFL Fantasy Football Millionaire,153769,Classic,1.0,2,23,1,20.0,2026-09-27 17:00:00+00:00,Sun 1:00PM
195920651,NFL Satellite to $20 NFL Fantasy Football Millionaire,153769,Classic,1.0,2,23,1,20.0,2026-09-27 17:00:00+00:00,Sun 1:00PM
195920650,NFL Satellite to $20 NFL Fantasy Football Millionaire,153769,Classic,1.0,2,23,1,20.0,2026-09-27 17:00:00+00:00,Sun 1:00PM
195920649,NFL Satellite to $20 NFL Fantasy Football Millionaire,153769,Classic,1.0,2,23,1,20.0,2026-09-27 17:00:00+00:00,Sun 1:00PM
195920686,NFL Satellite to $20 NFL Fantasy Football Millionaire,153769,Classic,0.25,14,95,2,20.0,2026-09-27 17:00:00+00:00,Sun 1:00PM
195920685,NFL Satellite to $20 NFL Fantasy Football Millionaire,153769,Classic,0.25,13,95,2,20.0,2026-09-27 17:00:00+00:00,Sun 1:00PM
195920684,NFL Satellite to $20 NFL Fantasy Football Millionaire,153769,Classic,0.25,12,95,2,20.0,2026-09-27 17:00:00+00:00,Sun 1:00PM
195920683,NFL Satellite to $20 NFL Fantasy Football Millionaire,153769,Classic,0.25,15,95,2,20.0,2026-09-27 17:00:00+00:00,Sun 1:00PM
195920682,NFL Satellite to $20 NFL Fantasy Football Millionaire,153769,Classic,0.25,14,95,2,20.0,2026-09-27 17:00:00+00:00,Sun 1:00PM
195920681,NFL Satellite to $20 NFL Fantasy Football Millionaire,153769,Classic,0.25,16,95,2,20.0,2026-09-27 17:00:00+00:00,Sun 1:00PM
195920680,NFL Satellite to $20 NFL Fantasy Football Millionaire,153769,Classic,0.25,14,95,2,20.0,2026-09-27 17:00:00+00:00,Sun 1:00PM
195920679,NFL Satellite to $20 NFL Fantasy Football Millionaire,153769,Classic,0.25,14,95,2,20.0,2026-09-27 17:00:00+00:00,Sun 1:00PM
195920726,NFL Satellite to $20 NFL Fantasy Football Millionaire,153769,Classic,0.1,119,237,7,20.0,2026-09-27 17:00:00+00:00,Sun 1:00PM
195920725,NFL Satellite to $20 NFL Fantasy Football Millionaire,153769,Classic,0.1,89,237,7,20.0,2026-09-27 17:00:00+00:00,Sun 1:00PM
195920724,NFL Satellite to $20 NFL Fantasy Football Millionaire,153769,Classic,0.1,71,237,7,20.0,2026-09-27 17:00:00+00:00,Sun 1:00PM
195920723,NFL Satellite to $20 NFL Fantasy Football Millionaire,153769,Classic,0.1,71,237,7,20.0,2026-09-27 17:00:00+00:00,Sun 1:00PM
195920722,NFL Satellite to $20 NFL Fantasy Football Millionaire,153769,Classic,0.1,56,237,7,20.0,2026-09-27 17:00:00+00:00,Sun 1:00PM
195920721,NFL Satellite to $20 NFL Fantasy Football Millionaire,153769,Classic,0.1,53,237,7,20.0,2026-09-27 17:00:00+00:00,Sun 1:00PM
195920720,NFL Satellite to $20 NFL Fantasy Football Millionaire,153769,Classic,0.1,50,237,7,20.0,2026-09-27 17:00:00+00:00,Sun 1:00PM
195920719,NFL Satellite to $20 NFL Fantasy Football Millionaire,153769,Classic,0.1,48,237,7,20.0,2026-09-27 17:00:00+00:00,Sun 1:00PM
195920718,NFL Satellite to $20 NFL Fantasy Football Millionaire,153769,Classic,0.1,45,237,7,20.0,2026-09-27 17:00:00+00:00,Sun 1:00PM
195920717,NFL Satellite to $20 NFL Fantasy Football Millionaire,153769,Classic,0.1,44,237,7,20.0,2026-09-27 17:00:00+00:00,Sun 1:00PM
195920716,NFL Satellite to $20 NFL Fantasy Football Millionaire,153769,Classic,0.1,45,237,7,20.0,2026-09-27 17:00:00+00:00,Sun 1:00PM
195920715,NFL Satellite to $20 NFL Fantasy Football Millionaire,153769,Classic,0.1,45,237,7,20.0,2026-09-27 17:00:00+00:00,Sun 1:00PM
195920714,NFL Satellite to $20 NFL Fantasy Football Millionaire,153769,Classic,0.1,51,237,7,20.0,2026-09-27 17:00:00+00:00,Sun 1:00PM
195920713,NFL Satellite to $20 NFL Fantasy Football Millionaire,153769,Classic,0.1,50,237,7,20.0,2026-09-27 17:00:00+00:00,Sun 1:00PM
195920712,NFL Satellite to $20 NFL Fantasy Football Millionaire,153769,Classic,0.1,54,237,7,20.0,2026-09-27 17:00:00+00:00,Sun 1:00PM
195920711,NFL Satellite to $20 NFL Fantasy Football Millionaire,153769,Classic,0.1,59,237,7,20.0,2026-09-27 17:00:00+00:00,Sun 1:00PM
195920710,NFL Satellite to $20 NFL Fantasy Football Millionaire,153769,Classic,0.1,52,237,7,20.0,2026-09-27 17:00:00+00:00,Sun 1:00PM
195920709,NFL Satellite to $20 NFL Fantasy Football Millionaire,153769,Classic,0.1,43,237,7,20.0,2026-09-27 17:00:00+00:00,Sun 1:00PM
195920708,NFL Satellite to $20 NFL Fantasy Football Millionaire,153769,Classic,0.1,44,237,7,20.0,2026-09-27 17:00:00+00:00,Sun 1:00PM
195920707,NFL Satellite to $20 NFL Fantasy Football Millionaire,153769,Classic,0.1,42,237,7,20.0,2026-09-27 17:00:00+00:00,Sun 1:00PM
195920706,NFL Satellite to $20 NFL Fantasy Football Millionaire,153769,Classic,0.1,49,237,7,20.0,2026-09-27 17:00:00+00:00,Sun 1:00PM
195920705,NFL Satellite to $20 NFL Fantasy Football Millionaire,153769,Classic,0.1,42,237,7,20.0,2026-09-27 17:00:00+00:00,Sun 1:00PM
195920704,NFL Satellite to $20 NFL Fantasy Football Millionaire,153769,Classic,0.1,43,237,7,20.0,2026-09-27 17:00:00+00:00,Sun 1:00PM
195920703,NFL Satellite to $20 NFL Fantasy Football Millionaire,153769,Classic,0.1,41,237,7,20.0,2026-09-27 17:00:00+00:00,Sun 1:00PM
195920702,NFL Satellite to $20 NFL Fantasy Football Millionaire,153769,Classic,0.1,42,237,7,20.0,2026-09-27 17:00:00+00:00,Sun 1:00PM
195920701,NFL Satellite to $20 NFL Fantasy Football Millionaire,153769,Classic,0.1,32,237,7,20.0,2026-09-27 17:00:00+00:00,Sun 1:00PM
195920700,NFL Satellite to $20 NFL Fantasy Football Millionaire,153769,Classic,0.1,33,237,7,20.0,2026-09-27 17:00:00+00:00,Sun 1:00PM
195920699,NFL Satellite to $20 NFL Fantasy Football Millionaire,153769,Classic,0.1,32,237,7,20.0,2026-09-27 17:00:00+00:00,Sun 1:00PM
195920698,NFL Satellite to $20 NFL Fantasy Football Millionaire,153769,Classic,0.1,33,237,7,20.0,2026-09-27 17:00:00+00:00,Sun 1:00PM
195920697,NFL Satellite to $20 NFL Fantasy Football Millionaire,153769,Classic,0.1,32,237,7,20.0,2026-09-27 17:00:00+00:00,Sun 1:00PM
195920696,NFL Satellite to $20 NFL Fantasy Football Millionaire,153769,Classic,0.1,32,237,7,20.0,2026-09-27 17:00:00+00:00,Sun 1:00PM
195920695,NFL Satellite to $20 NFL Fantasy Football Millionaire,153769,Classic,0.1,32,237,7,20.0,2026-09-27 17:00:00+00:00,Sun 1:00PM
195920694,NFL Satellite to $20 NFL Fantasy Football Millionaire,153769,Classic,0.1,32,237,7,20.0,2026-09-27 17:00:00+00:00,Sun 1:00PM
195920693,NFL Satellite to $20 NFL Fantasy Football Millionaire,153769,Classic,0.1,32,237,7,20.0,2026-09-27 17:00:00+00:00,Sun 1:00PM
195920692,NFL Satellite to $20 NFL Fantasy Football Millionaire,153769,Classic,0.1,40,237,7,20.0,2026-09-27 17:00:00+00:00,Sun 1:00PM
195920691,NFL Satellite to $20 NFL Fantasy Football Millionaire,153769,Classic,0.1,32,237,7,20.0,2026-09-27 17:00:00+00:00,Sun 1:00PM
195920690,NFL Satellite to $20 NFL Fantasy Football Millionaire,153769,Classic,0.1,34,237,7,20.0,2026-09-27 17:00:00+00:00,Sun 1:00PM
195920689,NFL Satellite to $20 NFL Fantasy Football Millionaire,153769,Classic,0.1,48,237,7,20.0,2026-09-27 17:00:00+00:00,Sun 1:00PM
195920688,NFL Satellite to $20 NFL Fantasy Football Millionaire,153769,Classic,0.1,42,237,7,20.0,2026-09-27 17:00:00+00:00,Sun 1:00PM
195920687,NFL Satellite to $20 NFL Fantasy Football Millionaire,153769,Classic,0.1,51,237,7,20.0,2026-09-27 17:00:00+00:00,Sun 1:00PM
195920794,NFL $50 2026 FFWC Qualifier Satellite,153769,Classic,2.0,3,29,1,50.0,2026-09-27 17:00:00+00:00,Sun 1:00PM
195920779,NFL $33 2026 FFWC Qualifier SUPERSatellite [2x],153769,Classic,1.0,4,78,2,66.0,2026-09-27 17:00:00+00:00,Sun 1:00PM
195920778,NFL $33 2026 FFWC Qualifier Satellite,153769,Classic,3.0,3,13,1,33.0,2026-09-27 17:00:00+00:00,Sun 1:00PM
195920777,NFL $33 2026 FFWC Qualifier Satellite,153769,Classic,1.0,4,39,1,33.0,2026-09-27 17:00:00+00:00,Sun 1:00PM
195920774,NFL $18 2026 FFWC Qualifier SUPERSatellite [4x],153769,Classic,1.0,7,85,2,72.0,2026-09-27 17:00:00+00:00,Sun 1:00PM
195920776,NFL $18 2026 FFWC Qualifier Satellite,153769,Classic,3.0,2,7,1,18.0,2026-09-27 17:00:00+00:00,Sun 1:00PM
195920775,NFL $18 2026 FFWC Qualifier Satellite,153769,Classic,3.0,2,7,1,18.0,2026-09-27 17:00:00+00:00,Sun 1:00PM
195920773,NFL $18 2026 FFWC Qualifier Satellite,153769,Classic,1.0,4,21,1,18.0,2026-09-27 17:00:00+00:00,Sun 1:00PM
195920772,NFL $18 2026 FFWC Qualifier Satellite,153769,Classic,1.0,3,21,1,18.0,2026-09-27 17:00:00+00:00,Sun 1:00PM
195920771,NFL $18 2026 FFWC Qualifier Satellite,153769,Classic,0.25,8,85,2,18.0,2026-09-27 17:00:00+00:00,Sun 1:00PM
195920770,NFL $5 2026 FFWC Qualifier Satellite,153769,Classic,1.0,1,7,1,6.0,2026-09-27 17:00:00+00:00,Sun 1:00PM
195920769,NFL $5 2026 FFWC Qualifier Satellite,153769,Classic,1.0,1,7,1,6.0,2026-09-27 17:00:00+00:00,Sun 1:00PM
195920768,NFL $5 2026 FFWC Qualifier Satellite,153769,Classic,1.0,1,7,1,6.0,2026-09-27 17:00:00+00:00,Sun 1:00PM
195920767,NFL $5 2026 FFWC Qualifier Satellite,153769,Classic,1.0,1,7,1,6.0,2026-09-27 17:00:00+00:00,Sun 1:00PM
195920766,NFL $5 2026 FFWC Qualifier Satellite,153769,Classic,1.0,1,7,1,6.0,2026-09-27 17:00:00+00:00,Sun 1:00PM
195920765,NFL $5 2026 FFWC Qualifier Satellite,153769,Classic,0.5,3,14,1,6.0,2026-09-27 17:00:00+00:00,Sun 1:00PM
195920764,NFL $5 2026 FFWC Qualifier Satellite,153769,Classic,0.5,2,14,1,6.0,2026-09-27 17:00:00+00:00,Sun 1:00PM
195920763,NFL $5 2026 FFWC Qualifier Satellite,153769,Classic,0.5,2,14,1,6.0,2026-09-27 17:00:00+00:00,Sun 1:00PM
195920762,NFL $5 2026 FFWC Qualifier Satellite,153769,Classic,0.5,2,14,1,6.0,2026-09-27 17:00:00+00:00,Sun 1:00PM
195920761,NFL $5 2026 FFWC Qualifier Satellite,153769,Classic,0.5,2,14,1,6.0,2026-09-27 17:00:00+00:00,Sun 1:00PM
195920760,NFL $5 2026 FFWC Qualifier Satellite,153769,Classic,0.5,2,14,1,6.0,2026-09-27 17:00:00+00:00,Sun 1:00PM
195920759,NFL $5 2026 FFWC Qualifier Satellite,153769,Classic,0.5,2,14,1,6.0,2026-09-27 17:00:00+00:00,Sun 1:00PM
195920758,NFL $5 2026 FFWC Qualifier Satellite,153769,Classic,0.5,3,14,1,6.0,2026-09-27 17:00:00+00:00,Sun 1:00PM
195920757,NFL $5 2026 FFWC Qualifier Satellite,153769,Classic,0.1,14,71,2,6.0,2026-09-27 17:00:00+00:00,Sun 1:00PM
195920756,NFL $5 2026 FFWC Qualifier Satellite,153769,Classic,0.1,12,71,2,6.0,2026-09-27 17:00:00+00:00,Sun 1:00PM
195920755,NFL $5 2026 FFWC Qualifier Satellite,153769,Classic,0.1,9,71,2,6.0,2026-09-27 17:00:00+00:00,Sun 1:00PM
195920754,NFL $5 2026 FFWC Qualifier Satellite,153769,Classic,0.1,10,71,2,6.0,2026-09-27 17:00:00+00:00,Sun 1:00PM
195920753,NFL $5 2026 FFWC Qualifier Satellite,153769,Classic,0.1,10,71,2,6.0,2026-09-27 17:00:00+00:00,Sun 1:00PM
195920752,NFL $5 2026 FFWC Qualifier Satellite,153769,Classic,0.1,9,71,2,6.0,2026-09-27 17:00:00+00:00,Sun 1:00PM
195920751,NFL $5 2026 FFWC Qualifier Satellite,153769,Classic,0.1,10,71,2,6.0,2026-09-27 17:00:00+00:00,Sun 1:00PM
195920750,NFL $5 2026 FFWC Qualifier Satellite,153769,Classic,0.1,12,71,2,6.0,2026-09-27 17:00:00+00:00,Sun 1:00PM
195922631,NFL Satellite to MLB 9-29 $20 Postseason Opener,153769,Classic,2.0,1,11,1,20.0,2026-09-27 17:00:00+00:00,Sun 1:00PM
195922630,NFL Satellite to MLB 9-29 $20 Postseason Opener,153769,Classic,2.0,1,11,1,20.0,2026-09-27 17:00:00+00:00,Sun 1:00PM
195922634,NFL Satellite to MLB 9-29 $20 Postseason Opener,153769,Classic,1.0,2,23,1,20.0,2026-09-27 17:00:00+00:00,Sun 1:00PM
195922633,NFL Satellite to MLB 9-29 $20 Postseason Opener,153769,Classic,1.0,3,23,1,20.0,2026-09-27 17:00:00+00:00,Sun 1:00PM
195922629,NFL Satellite to MLB 9-29 $20 Postseason Opener,153769,Classic,0.25,7,95,2,20.0,2026-09-27 17:00:00+00:00,Sun 1:00PM
195922628,NFL Satellite to MLB 9-29 $20 Postseason Opener,153769,Classic,0.1,27,237,7,20.0,2026-09-27 17:00:00+00:00,Sun 1:00PM
195922607,NFL Satellite to NHL 9-29 $15 Opening Night Puck Drop,153769,Classic,1.0,5,17,1,15.0,2026-09-27 17:00:00+00:00,Sun 1:00PM
195922606,NFL Satellite to NHL 9-29 $15 Opening Night Puck Drop,153769,Classic,1.0,4,17,1,15.0,2026-09-27 17:00:00+00:00,Sun 1:00PM
195922605,NFL Satellite to NHL 9-29 $15 Opening Night Puck Drop,153769,Classic,1.0,3,17,1,15.0,2026-09-27 17:00:00+00:00,Sun 1:00PM
195922613,NFL Satellite to NHL 9-29 $15 Opening Night Puck Drop,153769,Classic,0.25,5,71,2,15.0,2026-09-27 17:00:00+00:00,Sun 1:00PM
195922612,NFL Satellite to NHL 9-29 $15 Opening Night Puck Drop,153769,Classic,0.25,5,71,2,15.0,2026-09-27 17:00:00+00:00,Sun 1:00PM
195922611,NFL Satellite to NHL 9-29 $15 Opening Night Puck Drop,153769,Classic,0.25,8,71,2,15.0,2026-09-27 17:00:00+00:00,Sun 1:00PM
195922610,NFL Satellite to NHL 9-29 $15 Opening Night Puck Drop,153769,Classic,0.25,6,71,2,15.0,2026-09-27 17:00:00+00:00,Sun 1:00PM
195922609,NFL Satellite to NHL 9-29 $15 Opening Night Puck Drop,153769,Classic,0.25,7,71,2,15.0,2026-09-27 17:00:00+00:00,Sun 1:00PM
195922608,NFL Satellite to NHL 9-29 $15 Opening Night Puck Drop,153769,Classic,0.25,6,71,2,15.0,2026-09-27 17:00:00+00:00,Sun 1:00PM
195922652,NFL SUPERSatellite to NBA 10-20 $20 Opening Tip Off [2x],153769,Classic,5.0,3,9,1,40.0,2026-09-27 17:00:00+00:00,Sun 1:00PM
195922651,NFL SUPERSatellite to NBA 10-20 $20 Opening Tip Off [2x],153769,Classic,0.25,13,190,5,40.0,2026-09-27 17:00:00+00:00,Sun 1:00PM
195922650,NFL SUPERSatellite to NBA 10-20 $20 Opening Tip Off [2x],153769,Classic,0.25,19,190,5,40.0,2026-09-27 17:00:00+00:00,Sun 1:00PM
195922649,NFL SUPERSatellite to NBA 10-20 $20 Opening Tip Off [2x],153769,Classic,0.1,61,475,14,40.0,2026-09-27 17:00:00+00:00,Sun 1:00PM
195922648,NFL SUPERSatellite to NBA 10-20 $20 Opening Tip Off [2x],153769,Classic,0.1,45,475,14,40.0,2026-09-27 17:00:00+00:00,Sun 1:00PM
195922646,NFL Satellite to NBA 10-20 $20 Opening Tip Off,153769,Classic,2.0,1,11,1,20.0,2026-09-27 17:00:00+00:00,Sun 1:00PM
195922645,NFL Satellite to NBA 10-20 $20 Opening Tip Off,153769,Classic,2.0,1,11,1,20.0,2026-09-27 17:00:00+00:00,Sun 1:00PM
195922644,NFL Satellite to NBA 10-20 $20 Opening Tip Off,153769,Classic,2.0,1,11,1,20.0,2026-09-27 17:00:00+00:00,Sun 1:00PM
195922643,NFL Satellite to NBA 10-20 $20 Opening Tip Off,153769,Classic,1.0,3,23,1,20.0,2026-09-27 17:00:00+00:00,Sun 1:00PM
195922642,NFL Satellite to NBA 10-20 $20 Opening Tip Off,153769,Classic,1.0,2,23,1,20.0,2026-09-27 17:00:00+00:00,Sun 1:00PM
195922641,NFL Satellite to NBA 10-20 $20 Opening Tip Off,153769,Classic,0.25,8,95,2,20.0,2026-09-27 17:00:00+00:00,Sun 1:00PM
195922640,NFL Satellite to NBA 10-20 $20 Opening Tip Off,153769,Classic,0.25,6,95,2,20.0,2026-09-27 17:00:00+00:00,Sun 1:00PM
195922639,NFL Satellite to NBA 10-20 $20 Opening Tip Off,153769,Classic,0.1,31,237,7,20.0,2026-09-27 17:00:00+00:00,Sun 1:00PM
195922638,NFL Satellite to NBA 10-20 $20 Opening Tip Off,153769,Classic,0.1,31,237,7,20.0,2026-09-27 17:00:00+00:00,Sun 1:00PM
195922637,NFL Satellite to NBA 10-20 $20 Opening Tip Off,153769,Classic,0.1,26,237,7,20.0,2026-09-27 17:00:00+00:00,Sun 1:00PM
195922660,NFL Satellite to NBA Best Ball $20 Shootaround,153769,Classic,1.0,3,23,1,20.0,2026-09-27 17:00:00+00:00,Sun 1:00PM
195922659,NFL Satellite to NBA Best Ball $20 Shootaround,153769,Classic,1.0,4,23,1,20.0,2026-09-27 17:00:00+00:00,Sun 1:00PM
195922662,NFL Satellite to NBA Best Ball $20 Shootaround,153769,Classic,0.25,7,95,2,20.0,2026-09-27 17:00:00+00:00,Sun 1:00PM
195922661,NFL Satellite to NBA Best Ball $20 Shootaround,153769,Classic,0.25,8,95,2,20.0,2026-09-27 17:00:00+00:00,Sun 1:00PM
195922663,NFL Satellite to NBA Best Ball $20 Shootaround,153769,Classic,0.1,23,237,7,20.0,2026-09-27 17:00:00+00:00,Sun 1:00PM
195956077,NFL SUPERSatellite to UFC 332 $25 Special (10-3) [2x],153769,Classic,3.0,1,19,1,50.0,2026-09-27 17:00:00+00:00,Sun 1:00PM
195956078,NFL SUPERSatellite to UFC 332 $25 Special (10-3) [2x],153769,Classic,1.0,2,59,1,50.0,2026-09-27 17:00:00+00:00,Sun 1:00PM
195956086,NFL Satellite to UFC 332 $25 Special (10-3),153769,Classic,1.0,1,29,1,25.0,2026-09-27 17:00:00+00:00,Sun 1:00PM
195956085,NFL Satellite to UFC 332 $25 Special (10-3),153769,Classic,1.0,1,29,1,25.0,2026-09-27 17:00:00+00:00,Sun 1:00PM
195956084,NFL Satellite to UFC 332 $25 Special (10-3),153769,Classic,0.5,1,59,1,25.0,2026-09-27 17:00:00+00:00,Sun 1:00PM
195956083,NFL Satellite to UFC 332 $25 Special (10-3),153769,Classic,0.5,1,59,1,25.0,2026-09-27 17:00:00+00:00,Sun 1:00PM
195956082,NFL Satellite to UFC 332 $25 Special (10-3),153769,Classic,0.25,4,118,3,25.0,2026-09-27 17:00:00+00:00,Sun 1:00PM
195956081,NFL Satellite to UFC 332 $25 Special (10-3),153769,Classic,0.25,3,118,3,25.0,2026-09-27 17:00:00+00:00,Sun 1:00PM
195956080,NFL Satellite to UFC 332 $25 Special (10-3),153769,Classic,0.1,20,297,8,25.0,2026-09-27 17:00:00+00:00,Sun 1:00PM
195956079,NFL Satellite to UFC 332 $25 Special (10-3),153769,Classic,0.1,17,297,8,25.0,2026-09-27 17:00:00+00:00,Sun 1:00PM
195920042,NFL $3 Ticket SUPERSatellite [4x],153769,Classic,0.25,22,57,1,12.0,2026-09-27 17:00:00+00:00,Sun 1:00PM
195920041,NFL $3 Ticket SUPERSatellite [4x],153769,Classic,0.25,22,57,1,12.0,2026-09-27 17:00:00+00:00,Sun 1:00PM
195920507,NFL $10 Hundo [Single Entry],153769,Classic,10.0,33,100,1,900.0,2026-09-27 17:00:00+00:00,Sun 1:00PM
195920506,NFL $10 Hundo [Single Entry],153769,Classic,10.0,22,100,1,900.0,2026-09-27 17:00:00+00:00,Sun 1:00PM
195920505,NFL $10 Hundo [Single Entry],153769,Classic,10.0,20,100,1,900.0,2026-09-27 17:00:00+00:00,Sun 1:00PM
195920504,NFL $10 Hundo [Single Entry],153769,Classic,10.0,19,100,1,900.0,2026-09-27 17:00:00+00:00,Sun 1:00PM
195920503,NFL $10 Hundo [Single Entry],153769,Classic,10.0,16,100,1,900.0,2026-09-27 17:00:00+00:00,Sun 1:00PM
195920502,NFL $10 Hundo [Single Entry],153769,Classic,10.0,17,100,1,900.0,2026-09-27 17:00:00+00:00,Sun 1:00PM
195920544,NFL $5 Hundo [Single Entry],153769,Classic,5.0,33,100,1,450.0,2026-09-27 17:00:00+00:00,Sun 1:00PM
195920543,NFL $5 Hundo [Single Entry],153769,Classic,5.0,21,100,1,450.0,2026-09-27 17:00:00+00:00,Sun 1:00PM
195920542,NFL $5 Hundo [Single Entry],153769,Classic,5.0,19,100,1,450.0,2026-09-27 17:00:00+00:00,Sun 1:00PM
195920541,NFL $5 Hundo [Single Entry],153769,Classic,5.0,20,100,1,450.0,2026-09-27 17:00:00+00:00,Sun 1:00PM
195920540,NFL $5 Hundo [Single Entry],153769,Classic,5.0,17,100,1,450.0,2026-09-27 17:00:00+00:00,Sun 1:00PM
195920539,NFL $5 Hundo [Single Entry],153769,Classic,5.0,17,100,1,450.0,2026-09-27 17:00:00+00:00,Sun 1:00PM
195920538,NFL $3 Hundo [Single Entry],153769,Classic,3.0,33,100,1,270.0,2026-09-27 17:00:00+00:00,Sun 1:00PM
195920537,NFL $3 Hundo [Single Entry],153769,Classic,3.0,24,100,1,270.0,2026-09-27 17:00:00+00:00,Sun 1:00PM
195920536,NFL $3 Hundo [Single Entry],153769,Classic,3.0,28,100,1,270.0,2026-09-27 17:00:00+00:00,Sun 1:00PM
195920535,NFL $3 Hundo [Single Entry],153769,Classic,3.0,20,100,1,270.0,2026-09-27 17:00:00+00:00,Sun 1:00PM
195920534,NFL $3 Hundo [Single Entry],153769,Classic,3.0,22,100,1,270.0,2026-09-27 17:00:00+00:00,Sun 1:00PM
195920533,NFL $3 Hundo [Single Entry],153769,Classic,3.0,21,100,1,270.0,2026-09-27 17:00:00+00:00,Sun 1:00PM
195920532,NFL $1 Hundo [Single Entry],153769,Classic,1.0,56,100,1,90.0,2026-09-27 17:00:00+00:00,Sun 1:00PM
195920531,NFL $1 Hundo [Single Entry],153769,Classic,1.0,44,100,1,90.0,2026-09-27 17:00:00+00:00,Sun 1:00PM
195920530,NFL $1 Hundo [Single Entry],153769,Classic,1.0,38,100,1,90.0,2026-09-27 17:00:00+00:00,Sun 1:00PM
195920529,NFL $1 Hundo [Single Entry],153769,Classic,1.0,30,100,1,90.0,2026-09-27 17:00:00+00:00,Sun 1:00PM
195920528,NFL $1 Hundo [Single Entry],153769,Classic,1.0,35,100,1,90.0,2026-09-27 17:00:00+00:00,Sun 1:00PM
195920527,NFL $1 Hundo [Single Entry],153769,Classic,1.0,30,100,1,90.0,2026-09-27 17:00:00+00:00,Sun 1:00PM
195920526,NFL $1 Hundo [Single Entry],153769,Classic,1.0,24,100,1,90.0,2026-09-27 17:00:00+00:00,Sun 1:00PM
195920525,NFL $1 Hundo [Single Entry],153769,Classic,1.0,23,100,1,90.0,2026-09-27 17:00:00+00:00,Sun 1:00PM
195920524,NFL $1 Hundo [Single Entry],153769,Classic,1.0,22,100,1,90.0,2026-09-27 17:00:00+00:00,Sun 1:00PM
195920523,NFL $1 Hundo [Single Entry],153769,Classic,1.0,21,100,1,90.0,2026-09-27 17:00:00+00:00,Sun 1:00PM
195920522,NFL $1 Hundo [Single Entry],153769,Classic,1.0,21,100,1,90.0,2026-09-27 17:00:00+00:00,Sun 1:00PM
195920521,NFL $1 Hundo [Single Entry],153769,Classic,1.0,22,100,1,90.0,2026-09-27 17:00:00+00:00,Sun 1:00PM
195920520,NFL $1 Hundo [Single Entry],153769,Classic,1.0,21,100,1,90.0,2026-09-27 17:00:00+00:00,Sun 1:00PM
195920519,NFL $1 Hundo [Single Entry],153769,Classic,1.0,21,100,1,90.0,2026-09-27 17:00:00+00:00,Sun 1:00PM
195920518,NFL $1 Hundo [Single Entry],153769,Classic,1.0,21,100,1,90.0,2026-09-27 17:00:00+00:00,Sun 1:00PM
195920517,NFL $1 Hundo [Single Entry],153769,Classic,1.0,21,100,1,90.0,2026-09-27 17:00:00+00:00,Sun 1:00PM
195920516,NFL $1 Hundo [Single Entry],153769,Classic,1.0,21,100,1,90.0,2026-09-27 17:00:00+00:00,Sun 1:00PM
195920515,NFL $1 Hundo [Single Entry],153769,Classic,1.0,22,100,1,90.0,2026-09-27 17:00:00+00:00,Sun 1:00PM
195920514,NFL $1 Hundo [Single Entry],153769,Classic,1.0,20,100,1,90.0,2026-09-27 17:00:00+00:00,Sun 1:00PM
195920513,NFL $1 Hundo [Single Entry],153769,Classic,1.0,20,100,1,90.0,2026-09-27 17:00:00+00:00,Sun 1:00PM
195920512,NFL $1 Hundo [Single Entry],153769,Classic,1.0,19,100,1,90.0,2026-09-27 17:00:00+00:00,Sun 1:00PM
195920511,NFL $1 Hundo [Single Entry],153769,Classic,1.0,20,100,1,90.0,2026-09-27 17:00:00+00:00,Sun 1:00PM
195920510,NFL $1 Hundo [Single Entry],153769,Classic,1.0,21,100,1,90.0,2026-09-27 17:00:00+00:00,Sun 1:00PM
195920509,NFL $1 Hundo [Single Entry],153769,Classic,1.0,22,100,1,90.0,2026-09-27 17:00:00+00:00,Sun 1:00PM
195920508,NFL $1 Hundo [Single Entry],153769,Classic,1.0,27,100,1,90.0,2026-09-27 17:00:00+00:00,Sun 1:00PM
195920054,NFL $50 Contest,153769,Classic,50.0,0,11,1,500.0,2026-09-27 17:00:00+00:00,Sun 1:00PM
195920160,NFL $27 Contest,153769,Classic,27.0,0,21,1,500.0,2026-09-27 17:00:00+00:00,Sun 1:00PM
195920049,NFL $27 Contest,153769,Classic,27.0,0,21,1,500.0,2026-09-27 17:00:00+00:00,Sun 1:00PM
195920107,NFL $9 Contest,153769,Classic,9.0,4,65,1,500.0,2026-09-27 17:00:00+00:00,Sun 1:00PM
195919963,NFL $5 Contest,153769,Classic,5.0,37,237,7,1000.0,2026-09-27 17:00:00+00:00,Sun 1:00PM
195919964,NFL $5 Contest,153769,Classic,5.0,12,118,3,500.0,2026-09-27 17:00:00+00:00,Sun 1:00PM
195920108,NFL $3 Contest,153769,Classic,3.0,23,118,3,300.0,2026-09-27 17:00:00+00:00,Sun 1:00PM
195920032,NFL $3 Contest,153769,Classic,3.0,22,118,3,300.0,2026-09-27 17:00:00+00:00,Sun 1:00PM
195920031,NFL $3 Contest,153769,Classic,3.0,25,118,3,300.0,2026-09-27 17:00:00+00:00,Sun 1:00PM
195920030,NFL $3 Contest,153769,Classic,3.0,20,118,3,300.0,2026-09-27 17:00:00+00:00,Sun 1:00PM
195920044,NFL $1 Contest,153769,Classic,1.0,116,594,17,500.0,2026-09-27 17:00:00+00:00,Sun 1:00PM
195920110,NFL $1 Contest,153769,Classic,1.0,40,237,7,200.0,2026-09-27 17:00:00+00:00,Sun 1:00PM
195920109,NFL $1 Contest,153769,Classic,1.0,45,237,7,200.0,2026-09-27 17:00:00+00:00,Sun 1:00PM
195920043,NFL $1 Contest,153769,Classic,1.0,37,237,7,200.0,2026-09-27 17:00:00+00:00,Sun 1:00PM
195920047,NFL $0.25 Contest,153769,Classic,0.25,232,2378,20,500.0,2026-09-27 17:00:00+00:00,Sun 1:00PM
195920114,NFL $0.25 Contest,153769,Classic,0.25,124,475,14,100.0,2026-09-27 17:00:00+00:00,Sun 1:00PM
195920113,NFL $0.25 Contest,153769,Classic,0.25,111,475,14,100.0,2026-09-27 17:00:00+00:00,Sun 1:00PM
195920112,NFL $0.25 Contest,153769,Classic,0.25,108,475,14,100.0,2026-09-27 17:00:00+00:00,Sun 1:00PM
195920111,NFL $0.25 Contest,153769,Classic,0.25,92,475,14,100.0,2026-09-27 17:00:00+00:00,Sun 1:00PM
195920029,NFL $0.25 Contest,153769,Classic,0.25,92,475,14,100.0,2026-09-27 17:00:00+00:00,Sun 1:00PM
195920028,NFL $0.25 Contest,153769,Classic,0.25,88,475,14,100.0,2026-09-27 17:00:00+00:00,Sun 1:00PM
195920027,NFL $0.25 Contest,153769,Classic,0.25,90,475,14,100.0,2026-09-27 17:00:00+00:00,Sun 1:00PM
195920026,NFL $0.25 Contest,153769,Classic,0.25,98,475,14,100.0,2026-09-27 17:00:00+00:00,Sun 1:00PM
195920115,"NFL $1,060 Winner Take All [$4K to 1st]",153769,Classic,1060.0,1,4,1,4000.0,2026-09-27 17:00:00+00:00,Sun 1:00PM
195920473,NFL $267 Winner Take All [$1K to 1st],153769,Classic,267.0,1,4,1,1000.0,2026-09-27 17:00:00+00:00,Sun 1:00PM
195920472,NFL $267 Winner Take All [$1K to 1st],153769,Classic,267.0,1,4,1,1000.0,2026-09-27 17:00:00+00:00,Sun 1:00PM
195920471,NFL $267 Winner Take All [$1K to 1st],153769,Classic,267.0,1,4,1,1000.0,2026-09-27 17:00:00+00:00,Sun 1:00PM
195920470,NFL $267 Winner Take All [$1K to 1st],153769,Classic,267.0,1,4,1,1000.0,2026-09-27 17:00:00+00:00,Sun 1:00PM
195920469,NFL $267 Winner Take All [$1K to 1st],153769,Classic,267.0,1,4,1,1000.0,2026-09-27 17:00:00+00:00,Sun 1:00PM
195920255,NFL $267 Winner Take All [$1K to 1st],153769,Classic,267.0,1,4,1,1000.0,2026-09-27 17:00:00+00:00,Sun 1:00PM
195920254,NFL $267 Winner Take All [$1K to 1st],153769,Classic,267.0,1,4,1,1000.0,2026-09-27 17:00:00+00:00,Sun 1:00PM
195920253,NFL $267 Winner Take All [$1K to 1st],153769,Classic,267.0,1,4,1,1000.0,2026-09-27 17:00:00+00:00,Sun 1:00PM
195920252,NFL $267 Winner Take All [$1K to 1st],153769,Classic,267.0,1,4,1,1000.0,2026-09-27 17:00:00+00:00,Sun 1:00PM
195920251,NFL $267 Winner Take All [$1K to 1st],153769,Classic,267.0,1,4,1,1000.0,2026-09-27 17:00:00+00:00,Sun 1:00PM
195920064,NFL $100 Winner Take All [$1K to 1st],153769,Classic,100.0,2,11,1,1000.0,2026-09-27 17:00:00+00:00,Sun 1:00PM
195920063,NFL $100 Winner Take All [$1K to 1st],153769,Classic,100.0,1,11,1,1000.0,2026-09-27 17:00:00+00:00,Sun 1:00PM
195920066,NFL $50 Winner Take All [$1K to 1st],153769,Classic,50.0,0,22,1,1000.0,2026-09-27 17:00:00+00:00,Sun 1:00PM
195920065,NFL $50 Winner Take All [$1K to 1st],153769,Classic,50.0,1,22,1,1000.0,2026-09-27 17:00:00+00:00,Sun 1:00PM
195920379,NFL $50 Winner Take All [$500 to 1st],153769,Classic,50.0,3,11,1,500.0,2026-09-27 17:00:00+00:00,Sun 1:00PM
195920378,NFL $50 Winner Take All [$500 to 1st],153769,Classic,50.0,1,11,1,500.0,2026-09-27 17:00:00+00:00,Sun 1:00PM
195920117,NFL $50 Winner Take All [$500 to 1st],153769,Classic,50.0,1,11,1,500.0,2026-09-27 17:00:00+00:00,Sun 1:00PM
195920116,NFL $50 Winner Take All [$500 to 1st],153769,Classic,50.0,1,11,1,500.0,2026-09-27 17:00:00+00:00,Sun 1:00PM
195920068,NFL $50 Winner Take All [$500 to 1st],153769,Classic,50.0,1,11,1,500.0,2026-09-27 17:00:00+00:00,Sun 1:00PM
195920067,NFL $50 Winner Take All [$500 to 1st],153769,Classic,50.0,1,11,1,500.0,2026-09-27 17:00:00+00:00,Sun 1:00PM
195920069,NFL $27 Winner Take All [$1K to 1st],153769,Classic,27.0,4,43,1,1000.0,2026-09-27 17:00:00+00:00,Sun 1:00PM
195920380,NFL $27 Winner Take All [$500 to 1st],153769,Classic,27.0,0,21,1,500.0,2026-09-27 17:00:00+00:00,Sun 1:00PM
195920070,NFL $27 Winner Take All [$500 to 1st],153769,Classic,27.0,0,21,1,500.0,2026-09-27 17:00:00+00:00,Sun 1:00PM
195920035,NFL $9 Winner Take All [$1K to 1st],153769,Classic,9.0,27,130,3,1000.0,2026-09-27 17:00:00+00:00,Sun 1:00PM
195920034,NFL $9 Winner Take All [$1K to 1st],153769,Classic,9.0,23,130,3,1000.0,2026-09-27 17:00:00+00:00,Sun 1:00PM
195920033,NFL $9 Winner Take All [$500 to 1st],153769,Classic,9.0,5,65,1,500.0,2026-09-27 17:00:00+00:00,Sun 1:00PM
195920003,NFL $5 Winner Take All [$1K to 1st],153769,Classic,5.0,48,237,7,1000.0,2026-09-27 17:00:00+00:00,Sun 1:00PM
195920127,NFL $5 Winner Take All [$100 to 1st],153769,Classic,5.0,7,23,1,100.0,2026-09-27 17:00:00+00:00,Sun 1:00PM
195920126,NFL $5 Winner Take All [$100 to 1st],153769,Classic,5.0,6,23,1,100.0,2026-09-27 17:00:00+00:00,Sun 1:00PM
195920125,NFL $5 Winner Take All [$100 to 1st],153769,Classic,5.0,5,23,1,100.0,2026-09-27 17:00:00+00:00,Sun 1:00PM
195920124,NFL $5 Winner Take All [$100 to 1st],153769,Classic,5.0,4,23,1,100.0,2026-09-27 17:00:00+00:00,Sun 1:00PM
195920123,NFL $5 Winner Take All [$100 to 1st],153769,Classic,5.0,6,23,1,100.0,2026-09-27 17:00:00+00:00,Sun 1:00PM
195920122,NFL $5 Winner Take All [$100 to 1st],153769,Classic,5.0,4,23,1,100.0,2026-09-27 17:00:00+00:00,Sun 1:00PM
195920121,NFL $5 Winner Take All [$100 to 1st],153769,Classic,5.0,3,23,1,100.0,2026-09-27 17:00:00+00:00,Sun 1:00PM
195920120,NFL $5 Winner Take All [$100 to 1st],153769,Classic,5.0,4,23,1,100.0,2026-09-27 17:00:00+00:00,Sun 1:00PM
195920119,NFL $5 Winner Take All [$100 to 1st],153769,Classic,5.0,3,23,1,100.0,2026-09-27 17:00:00+00:00,Sun 1:00PM
195920118,NFL $5 Winner Take All [$100 to 1st],153769,Classic,5.0,2,23,1,100.0,2026-09-27 17:00:00+00:00,Sun 1:00PM
195920080,NFL $5 Winner Take All [$100 to 1st],153769,Classic,5.0,2,23,1,100.0,2026-09-27 17:00:00+00:00,Sun 1:00PM
195920079,NFL $5 Winner Take All [$100 to 1st],153769,Classic,5.0,2,23,1,100.0,2026-09-27 17:00:00+00:00,Sun 1:00PM
195920078,NFL $5 Winner Take All [$100 to 1st],153769,Classic,5.0,3,23,1,100.0,2026-09-27 17:00:00+00:00,Sun 1:00PM
195920077,NFL $5 Winner Take All [$100 to 1st],153769,Classic,5.0,2,23,1,100.0,2026-09-27 17:00:00+00:00,Sun 1:00PM
195920076,NFL $5 Winner Take All [$100 to 1st],153769,Classic,5.0,2,23,1,100.0,2026-09-27 17:00:00+00:00,Sun 1:00PM
195920075,NFL $5 Winner Take All [$100 to 1st],153769,Classic,5.0,2,23,1,100.0,2026-09-27 17:00:00+00:00,Sun 1:00PM
195920074,NFL $5 Winner Take All [$100 to 1st],153769,Classic,5.0,2,23,1,100.0,2026-09-27 17:00:00+00:00,Sun 1:00PM
195920073,NFL $5 Winner Take All [$100 to 1st],153769,Classic,5.0,2,23,1,100.0,2026-09-27 17:00:00+00:00,Sun 1:00PM
195920072,NFL $5 Winner Take All [$100 to 1st],153769,Classic,5.0,2,23,1,100.0,2026-09-27 17:00:00+00:00,Sun 1:00PM
195920071,NFL $5 Winner Take All [$100 to 1st],153769,Classic,5.0,4,23,1,100.0,2026-09-27 17:00:00+00:00,Sun 1:00PM
195920005,NFL $3 Winner Take All [$1K to 1st],153769,Classic,3.0,55,396,10,1000.0,2026-09-27 17:00:00+00:00,Sun 1:00PM
195920004,NFL $3 Winner Take All [$1K to 1st],153769,Classic,3.0,57,396,10,1000.0,2026-09-27 17:00:00+00:00,Sun 1:00PM
195920128,NFL $3 Winner Take All [$100 to 1st],153769,Classic,3.0,6,39,1,100.0,2026-09-27 17:00:00+00:00,Sun 1:00PM
195920083,NFL $3 Winner Take All [$100 to 1st],153769,Classic,3.0,8,39,1,100.0,2026-09-27 17:00:00+00:00,Sun 1:00PM
195920082,NFL $3 Winner Take All [$100 to 1st],153769,Classic,3.0,6,39,1,100.0,2026-09-27 17:00:00+00:00,Sun 1:00PM
195920081,NFL $3 Winner Take All [$100 to 1st],153769,Classic,3.0,5,39,1,100.0,2026-09-27 17:00:00+00:00,Sun 1:00PM
195920046,NFL $1 Winner Take All [$500 to 1st],153769,Classic,1.0,138,594,15,500.0,2026-09-27 17:00:00+00:00,Sun 1:00PM
195920045,NFL $1 Winner Take All [$500 to 1st],153769,Classic,1.0,137,594,15,500.0,2026-09-27 17:00:00+00:00,Sun 1:00PM
195920138,NFL $1 Winner Take All [$100 to 1st],153769,Classic,1.0,35,118,3,100.0,2026-09-27 17:00:00+00:00,Sun 1:00PM
195920137,NFL $1 Winner Take All [$100 to 1st],153769,Classic,1.0,32,118,3,100.0,2026-09-27 17:00:00+00:00,Sun 1:00PM
195920136,NFL $1 Winner Take All [$100 to 1st],153769,Classic,1.0,29,118,3,100.0,2026-09-27 17:00:00+00:00,Sun 1:00PM
195920135,NFL $1 Winner Take All [$100 to 1st],153769,Classic,1.0,25,118,3,100.0,2026-09-27 17:00:00+00:00,Sun 1:00PM
195920134,NFL $1 Winner Take All [$100 to 1st],153769,Classic,1.0,27,118,3,100.0,2026-09-27 17:00:00+00:00,Sun 1:00PM
195920133,NFL $1 Winner Take All [$100 to 1st],153769,Classic,1.0,19,118,3,100.0,2026-09-27 17:00:00+00:00,Sun 1:00PM
195920132,NFL $1 Winner Take All [$100 to 1st],153769,Classic,1.0,19,118,3,100.0,2026-09-27 17:00:00+00:00,Sun 1:00PM
195920131,NFL $1 Winner Take All [$100 to 1st],153769,Classic,1.0,15,118,3,100.0,2026-09-27 17:00:00+00:00,Sun 1:00PM
195920130,NFL $1 Winner Take All [$100 to 1st],153769,Classic,1.0,17,118,3,100.0,2026-09-27 17:00:00+00:00,Sun 1:00PM
195920129,NFL $1 Winner Take All [$100 to 1st],153769,Classic,1.0,15,118,3,100.0,2026-09-27 17:00:00+00:00,Sun 1:00PM
195920093,NFL $1 Winner Take All [$100 to 1st],153769,Classic,1.0,16,118,3,100.0,2026-09-27 17:00:00+00:00,Sun 1:00PM
195920092,NFL $1 Winner Take All [$100 to 1st],153769,Classic,1.0,15,118,3,100.0,2026-09-27 17:00:00+00:00,Sun 1:00PM
195920091,NFL $1 Winner Take All [$100 to 1st],153769,Classic,1.0,15,118,3,100.0,2026-09-27 17:00:00+00:00,Sun 1:00PM
195920090,NFL $1 Winner Take All [$100 to 1st],153769,Classic,1.0,15,118,3,100.0,2026-09-27 17:00:00+00:00,Sun 1:00PM
195920089,NFL $1 Winner Take All [$100 to 1st],153769,Classic,1.0,15,118,3,100.0,2026-09-27 17:00:00+00:00,Sun 1:00PM
195920088,NFL $1 Winner Take All [$100 to 1st],153769,Classic,1.0,13,118,3,100.0,2026-09-27 17:00:00+00:00,Sun 1:00PM
195920087,NFL $1 Winner Take All [$100 to 1st],153769,Classic,1.0,13,118,3,100.0,2026-09-27 17:00:00+00:00,Sun 1:00PM
195920086,NFL $1 Winner Take All [$100 to 1st],153769,Classic,1.0,13,118,3,100.0,2026-09-27 17:00:00+00:00,Sun 1:00PM
195920085,NFL $1 Winner Take All [$100 to 1st],153769,Classic,1.0,16,118,3,100.0,2026-09-27 17:00:00+00:00,Sun 1:00PM
195920084,NFL $1 Winner Take All [$100 to 1st],153769,Classic,1.0,20,118,3,100.0,2026-09-27 17:00:00+00:00,Sun 1:00PM
195920006,NFL $0.25 Winner Take All [$500 to 1st],153769,Classic,0.25,422,2378,20,500.0,2026-09-27 17:00:00+00:00,Sun 1:00PM
195920146,NFL $0.25 Winner Take All [$100 to 1st],153769,Classic,0.25,157,475,10,100.0,2026-09-27 17:00:00+00:00,Sun 1:00PM
195920145,NFL $0.25 Winner Take All [$100 to 1st],153769,Classic,0.25,123,475,10,100.0,2026-09-27 17:00:00+00:00,Sun 1:00PM
195920144,NFL $0.25 Winner Take All [$100 to 1st],153769,Classic,0.25,109,475,10,100.0,2026-09-27 17:00:00+00:00,Sun 1:00PM
195920143,NFL $0.25 Winner Take All [$100 to 1st],153769,Classic,0.25,116,475,10,100.0,2026-09-27 17:00:00+00:00,Sun 1:00PM
195920142,NFL $0.25 Winner Take All [$100 to 1st],153769,Classic,0.25,85,475,10,100.0,2026-09-27 17:00:00+00:00,Sun 1:00PM
195920141,NFL $0.25 Winner Take All [$100 to 1st],153769,Classic,0.25,92,475,10,100.0,2026-09-27 17:00:00+00:00,Sun 1:00PM
195920140,NFL $0.25 Winner Take All [$100 to 1st],153769,Classic,0.25,92,475,10,100.0,2026-09-27 17:00:00+00:00,Sun 1:00PM
195920139,NFL $0.25 Winner Take All [$100 to 1st],153769,Classic,0.25,73,475,10,100.0,2026-09-27 17:00:00+00:00,Sun 1:00PM
195920105,NFL $0.25 Winner Take All [$100 to 1st],153769,Classic,0.25,71,475,10,100.0,2026-09-27 17:00:00+00:00,Sun 1:00PM
195920104,NFL $0.25 Winner Take All [$100 to 1st],153769,Classic,0.25,82,475,10,100.0,2026-09-27 17:00:00+00:00,Sun 1:00PM
195920103,NFL $0.25 Winner Take All [$100 to 1st],153769,Classic,0.25,71,475,10,100.0,2026-09-27 17:00:00+00:00,Sun 1:00PM
195920102,NFL $0.25 Winner Take All [$100 to 1st],153769,Classic,0.25,77,475,10,100.0,2026-09-27 17:00:00+00:00,Sun 1:00PM
195920101,NFL $0.25 Winner Take All [$100 to 1st],153769,Classic,0.25,71,475,10,100.0,2026-09-27 17:00:00+00:00,Sun 1:00PM
195920100,NFL $0.25 Winner Take All [$100 to 1st],153769,Classic,0.25,73,475,10,100.0,2026-09-27 17:00:00+00:00,Sun 1:00PM
195920099,NFL $0.25 Winner Take All [$100 to 1st],153769,Classic,0.25,64,475,10,100.0,2026-09-27 17:00:00+00:00,Sun 1:00PM
195920098,NFL $0.25 Winner Take All [$100 to 1st],153769,Classic,0.25,64,475,10,100.0,2026-09-27 17:00:00+00:00,Sun 1:00PM
195920097,NFL $0.25 Winner Take All [$100 to 1st],153769,Classic,0.25,63,475,10,100.0,2026-09-27 17:00:00+00:00,Sun 1:00PM
195920096,NFL $0.25 Winner Take All [$100 to 1st],153769,Classic,0.25,64,475,10,100.0,2026-09-27 17:00:00+00:00,Sun 1:00PM
195920095,NFL $0.25 Winner Take All [$100 to 1st],153769,Classic,0.25,65,475,10,100.0,2026-09-27 17:00:00+00:00,Sun 1:00PM
195920094,NFL $0.25 Winner Take All [$100 to 1st],153769,Classic,0.25,66,475,10,100.0,2026-09-27 17:00:00+00:00,Sun 1:00PM
195920193,Casual NFL 10x Booster [Top 10 Win $100],153769,Classic,10.0,14,117,3,1000.0,2026-09-27 17:00:00+00:00,Sun 1:00PM
195920192,Casual NFL 10x Booster [Top 10 Win $50],153769,Classic,5.0,16,118,3,500.0,2026-09-27 17:00:00+00:00,Sun 1:00PM
195920106,"NFL 10x Booster [Top 3 Win $1,000]",153769,Classic,100.0,2,33,1,3000.0,2026-09-27 17:00:00+00:00,Sun 1:00PM
195919975,NFL 10x Booster [Top 3 Win $500],153769,Classic,50.0,3,34,1,1500.0,2026-09-27 17:00:00+00:00,Sun 1:00PM
195919978,NFL 10x Booster [Top 5 Win $250],153769,Classic,25.0,8,58,1,1250.0,2026-09-27 17:00:00+00:00,Sun 1:00PM
195919977,NFL 10x Booster [Top 5 Win $250],153769,Classic,25.0,5,58,1,1250.0,2026-09-27 17:00:00+00:00,Sun 1:00PM
195919976,NFL 10x Booster [Top 5 Win $250],153769,Classic,25.0,5,58,1,1250.0,2026-09-27 17:00:00+00:00,Sun 1:00PM
195920008,NFL BIG 10x Booster [Top 30 Win $100],153769,Classic,10.0,49,352,10,3000.0,2026-09-27 17:00:00+00:00,Sun 1:00PM
195919979,NFL 10x Booster [Top 10 Win $100],153769,Classic,10.0,21,117,3,1000.0,2026-09-27 17:00:00+00:00,Sun 1:00PM
195919984,NFL 10x Booster [Top 5 Win $100],153769,Classic,10.0,14,58,1,500.0,2026-09-27 17:00:00+00:00,Sun 1:00PM
195919983,NFL 10x Booster [Top 5 Win $100],153769,Classic,10.0,9,58,1,500.0,2026-09-27 17:00:00+00:00,Sun 1:00PM
195919982,NFL 10x Booster [Top 5 Win $100],153769,Classic,10.0,7,58,1,500.0,2026-09-27 17:00:00+00:00,Sun 1:00PM
195919981,NFL 10x Booster [Top 5 Win $100],153769,Classic,10.0,10,58,1,500.0,2026-09-27 17:00:00+00:00,Sun 1:00PM
195919980,NFL 10x Booster [Top 5 Win $100],153769,Classic,10.0,5,58,1,500.0,2026-09-27 17:00:00+00:00,Sun 1:00PM
195919989,NFL 10x Booster [Top 10 Win $50],153769,Classic,5.0,27,118,3,500.0,2026-09-27 17:00:00+00:00,Sun 1:00PM
195919988,NFL 10x Booster [Top 10 Win $50],153769,Classic,5.0,19,118,3,500.0,2026-09-27 17:00:00+00:00,Sun 1:00PM
195919987,NFL 10x Booster [Top 10 Win $50],153769,Classic,5.0,21,118,3,500.0,2026-09-27 17:00:00+00:00,Sun 1:00PM
195919986,NFL 10x Booster [Top 10 Win $50],153769,Classic,5.0,19,118,3,500.0,2026-09-27 17:00:00+00:00,Sun 1:00PM
195919985,NFL 10x Booster [Top 10 Win $50],153769,Classic,5.0,12,118,3,500.0,2026-09-27 17:00:00+00:00,Sun 1:00PM
195919999,NFL 10x Booster [Top 5 Win $50],153769,Classic,5.0,12,59,1,250.0,2026-09-27 17:00:00+00:00,Sun 1:00PM
195919998,NFL 10x Booster [Top 5 Win $50],153769,Classic,5.0,7,59,1,250.0,2026-09-27 17:00:00+00:00,Sun 1:00PM
195919997,NFL 10x Booster [Top 5 Win $50],153769,Classic,5.0,9,59,1,250.0,2026-09-27 17:00:00+00:00,Sun 1:00PM
195919996,NFL 10x Booster [Top 5 Win $50],153769,Classic,5.0,7,59,1,250.0,2026-09-27 17:00:00+00:00,Sun 1:00PM
195919995,NFL 10x Booster [Top 5 Win $50],153769,Classic,5.0,5,59,1,250.0,2026-09-27 17:00:00+00:00,Sun 1:00PM
195919994,NFL 10x Booster [Top 5 Win $50],153769,Classic,5.0,6,59,1,250.0,2026-09-27 17:00:00+00:00,Sun 1:00PM
195919993,NFL 10x Booster [Top 5 Win $50],153769,Classic,5.0,6,59,1,250.0,2026-09-27 17:00:00+00:00,Sun 1:00PM
195919992,NFL 10x Booster [Top 5 Win $50],153769,Classic,5.0,6,59,1,250.0,2026-09-27 17:00:00+00:00,Sun 1:00PM
195919991,NFL 10x Booster [Top 5 Win $50],153769,Classic,5.0,5,59,1,250.0,2026-09-27 17:00:00+00:00,Sun 1:00PM
195919990,NFL 10x Booster [Top 5 Win $50],153769,Classic,5.0,5,59,1,250.0,2026-09-27 17:00:00+00:00,Sun 1:00PM
195920168,NFL 10x Booster [Top 3 Win $50],153769,Classic,5.0,6,35,1,150.0,2026-09-27 17:00:00+00:00,Sun 1:00PM
195920167,NFL 10x Booster [Top 3 Win $50],153769,Classic,5.0,7,35,1,150.0,2026-09-27 17:00:00+00:00,Sun 1:00PM
195920166,NFL 10x Booster [Top 3 Win $50],153769,Classic,5.0,7,35,1,150.0,2026-09-27 17:00:00+00:00,Sun 1:00PM
195920156,NFL 10x Booster [Top 3 Win $50],153769,Classic,5.0,5,35,1,150.0,2026-09-27 17:00:00+00:00,Sun 1:00PM
195920155,NFL 10x Booster [Top 3 Win $50],153769,Classic,5.0,6,35,1,150.0,2026-09-27 17:00:00+00:00,Sun 1:00PM
195920154,NFL 10x Booster [Top 3 Win $50],153769,Classic,5.0,8,35,1,150.0,2026-09-27 17:00:00+00:00,Sun 1:00PM
195920153,NFL 10x Booster [Top 3 Win $50],153769,Classic,5.0,9,35,1,150.0,2026-09-27 17:00:00+00:00,Sun 1:00PM
195920000,NFL 10x Booster [Top 25 Win $20],153769,Classic,2.0,64,297,8,500.0,2026-09-27 17:00:00+00:00,Sun 1:00PM
195920148,NFL 10x Booster [Top 10 Win $20],153769,Classic,2.0,26,118,3,200.0,2026-09-27 17:00:00+00:00,Sun 1:00PM
195920147,NFL 10x Booster [Top 10 Win $20],153769,Classic,2.0,22,118,3,200.0,2026-09-27 17:00:00+00:00,Sun 1:00PM
195920002,NFL 10x Booster [Top 10 Win $20],153769,Classic,2.0,21,118,3,200.0,2026-09-27 17:00:00+00:00,Sun 1:00PM
195920001,NFL 10x Booster [Top 10 Win $20],153769,Classic,2.0,23,118,3,200.0,2026-09-27 17:00:00+00:00,Sun 1:00PM
195920383,NFL 10x Booster [Top 5 Win $20],153769,Classic,2.0,21,59,1,100.0,2026-09-27 17:00:00+00:00,Sun 1:00PM
195920382,NFL 10x Booster [Top 5 Win $20],153769,Classic,2.0,15,59,1,100.0,2026-09-27 17:00:00+00:00,Sun 1:00PM
195920381,NFL 10x Booster [Top 5 Win $20],153769,Classic,2.0,13,59,1,100.0,2026-09-27 17:00:00+00:00,Sun 1:00PM
195920288,NFL 10x Booster [Top 5 Win $20],153769,Classic,2.0,13,59,1,100.0,2026-09-27 17:00:00+00:00,Sun 1:00PM
195920287,NFL 10x Booster [Top 5 Win $20],153769,Classic,2.0,12,59,1,100.0,2026-09-27 17:00:00+00:00,Sun 1:00PM
195920286,NFL 10x Booster [Top 5 Win $20],153769,Classic,2.0,12,59,1,100.0,2026-09-27 17:00:00+00:00,Sun 1:00PM
195920180,NFL 10x Booster [Top 3 Win $20],153769,Classic,2.0,10,35,1,60.0,2026-09-27 17:00:00+00:00,Sun 1:00PM
195920179,NFL 10x Booster [Top 3 Win $20],153769,Classic,2.0,13,35,1,60.0,2026-09-27 17:00:00+00:00,Sun 1:00PM
195920178,NFL 10x Booster [Top 3 Win $20],153769,Classic,2.0,10,35,1,60.0,2026-09-27 17:00:00+00:00,Sun 1:00PM
195920165,NFL 10x Booster [Top 3 Win $20],153769,Classic,2.0,9,35,1,60.0,2026-09-27 17:00:00+00:00,Sun 1:00PM
195920164,NFL 10x Booster [Top 3 Win $20],153769,Classic,2.0,9,35,1,60.0,2026-09-27 17:00:00+00:00,Sun 1:00PM
195920163,NFL 10x Booster [Top 3 Win $20],153769,Classic,2.0,7,35,1,60.0,2026-09-27 17:00:00+00:00,Sun 1:00PM
195920162,NFL 10x Booster [Top 3 Win $20],153769,Classic,2.0,9,35,1,60.0,2026-09-27 17:00:00+00:00,Sun 1:00PM
195920161,NFL 10x Booster [Top 3 Win $20],153769,Classic,2.0,7,35,1,60.0,2026-09-27 17:00:00+00:00,Sun 1:00PM
195920018,NFL BIG 40x Micro Booster [Top 50 Win $10],153769,Classic,0.25,495,2378,20,500.0,2026-09-27 17:00:00+00:00,Sun 1:00PM
195920150,NFL 40x Micro Booster [Top 20 Win $10],153769,Classic,0.25,275,951,20,200.0,2026-09-27 17:00:00+00:00,Sun 1:00PM
195920149,NFL 40x Micro Booster [Top 20 Win $10],153769,Classic,0.25,211,951,20,200.0,2026-09-27 17:00:00+00:00,Sun 1:00PM
195920017,NFL 40x Micro Booster [Top 20 Win $10],153769,Classic,0.25,179,951,20,200.0,2026-09-27 17:00:00+00:00,Sun 1:00PM
195920016,NFL 40x Micro Booster [Top 20 Win $10],153769,Classic,0.25,196,951,20,200.0,2026-09-27 17:00:00+00:00,Sun 1:00PM
195920015,NFL 40x Micro Booster [Top 20 Win $10],153769,Classic,0.25,175,951,20,200.0,2026-09-27 17:00:00+00:00,Sun 1:00PM
195920014,NFL 40x Micro Booster [Top 20 Win $10],153769,Classic,0.25,167,951,20,200.0,2026-09-27 17:00:00+00:00,Sun 1:00PM
195920013,NFL 40x Micro Booster [Top 20 Win $10],153769,Classic,0.25,168,951,20,200.0,2026-09-27 17:00:00+00:00,Sun 1:00PM
195920056,NFL $100 Quintuple Up [Top 4 Win $500],153769,Classic,100.0,2,22,1,2000.0,2026-09-27 17:00:00+00:00,Sun 1:00PM
195920474,NFL $50 Quintuple Up [Top 4 Win $250],153769,Classic,50.0,4,22,1,1000.0,2026-09-27 17:00:00+00:00,Sun 1:00PM
195920025,NFL $25 Quintuple Up [Top 4 Win $125],153769,Classic,25.0,2,22,1,500.0,2026-09-27 17:00:00+00:00,Sun 1:00PM
195920024,NFL $25 Quintuple Up [Top 4 Win $125],153769,Classic,25.0,2,22,1,500.0,2026-09-27 17:00:00+00:00,Sun 1:00PM
195920023,NFL $25 Quintuple Up [Top 4 Win $125],153769,Classic,25.0,2,22,1,500.0,2026-09-27 17:00:00+00:00,Sun 1:00PM
195920039,NFL $10 Quintuple Up [Top 5 Win $50],153769,Classic,10.0,5,28,1,250.0,2026-09-27 17:00:00+00:00,Sun 1:00PM
195920038,NFL $10 Quintuple Up [Top 5 Win $50],153769,Classic,10.0,3,28,1,250.0,2026-09-27 17:00:00+00:00,Sun 1:00PM
195920037,NFL $10 Quintuple Up [Top 5 Win $50],153769,Classic,10.0,4,28,1,250.0,2026-09-27 17:00:00+00:00,Sun 1:00PM
195920036,NFL $10 Quintuple Up [Top 5 Win $50],153769,Classic,10.0,5,28,1,250.0,2026-09-27 17:00:00+00:00,Sun 1:00PM
195920022,NFL $5 Quintuple Up [Top 10 Win $25],153769,Classic,5.0,6,57,1,250.0,2026-09-27 17:00:00+00:00,Sun 1:00PM
195920021,NFL $5 Quintuple Up [Top 10 Win $25],153769,Classic,5.0,6,57,1,250.0,2026-09-27 17:00:00+00:00,Sun 1:00PM
195920020,NFL $5 Quintuple Up [Top 10 Win $25],153769,Classic,5.0,7,57,1,250.0,2026-09-27 17:00:00+00:00,Sun 1:00PM
195920019,NFL $5 Quintuple Up [Top 10 Win $25],153769,Classic,5.0,7,57,1,250.0,2026-09-27 17:00:00+00:00,Sun 1:00PM
195920599,NFL $5 Quintuple Up [Top 5 Win $25],153769,Classic,5.0,7,28,1,125.0,2026-09-27 17:00:00+00:00,Sun 1:00PM
195920598,NFL $5 Quintuple Up [Top 5 Win $25],153769,Classic,5.0,6,28,1,125.0,2026-09-27 17:00:00+00:00,Sun 1:00PM
195920597,NFL $5 Quintuple Up [Top 5 Win $25],153769,Classic,5.0,5,28,1,125.0,2026-09-27 17:00:00+00:00,Sun 1:00PM
195920596,NFL $5 Quintuple Up [Top 5 Win $25],153769,Classic,5.0,4,28,1,125.0,2026-09-27 17:00:00+00:00,Sun 1:00PM
195920595,NFL $5 Quintuple Up [Top 5 Win $25],153769,Classic,5.0,5,28,1,125.0,2026-09-27 17:00:00+00:00,Sun 1:00PM
195920594,NFL $5 Quintuple Up [Top 5 Win $25],153769,Classic,5.0,5,28,1,125.0,2026-09-27 17:00:00+00:00,Sun 1:00PM
195920593,NFL $5 Quintuple Up [Top 5 Win $25],153769,Classic,5.0,4,28,1,125.0,2026-09-27 17:00:00+00:00,Sun 1:00PM
195920592,NFL $5 Quintuple Up [Top 5 Win $25],153769,Classic,5.0,4,28,1,125.0,2026-09-27 17:00:00+00:00,Sun 1:00PM
195920591,NFL $5 Quintuple Up [Top 5 Win $25],153769,Classic,5.0,4,28,1,125.0,2026-09-27 17:00:00+00:00,Sun 1:00PM
195920590,NFL $5 Quintuple Up [Top 5 Win $25],153769,Classic,5.0,5,28,1,125.0,2026-09-27 17:00:00+00:00,Sun 1:00PM
195920012,NFL $1 Quintuple Up [Top 25 Win $5],153769,Classic,1.0,20,143,1,125.0,2026-09-27 17:00:00+00:00,Sun 1:00PM
195920011,NFL $1 Quintuple Up [Top 25 Win $5],153769,Classic,1.0,16,143,1,125.0,2026-09-27 17:00:00+00:00,Sun 1:00PM
195920010,NFL $1 Quintuple Up [Top 25 Win $5],153769,Classic,1.0,17,143,1,125.0,2026-09-27 17:00:00+00:00,Sun 1:00PM
195920009,NFL $1 Quintuple Up [Top 25 Win $5],153769,Classic,1.0,22,143,1,125.0,2026-09-27 17:00:00+00:00,Sun 1:00PM
195920481,NFL $1 Quintuple Up [Top 10 Win $5],153769,Classic,1.0,16,57,1,50.0,2026-09-27 17:00:00+00:00,Sun 1:00PM
195920480,NFL $1 Quintuple Up [Top 10 Win $5],153769,Classic,1.0,11,57,1,50.0,2026-09-27 17:00:00+00:00,Sun 1:00PM
195920479,NFL $1 Quintuple Up [Top 10 Win $5],153769,Classic,1.0,12,57,1,50.0,2026-09-27 17:00:00+00:00,Sun 1:00PM
195920478,NFL $1 Quintuple Up [Top 10 Win $5],153769,Classic,1.0,9,57,1,50.0,2026-09-27 17:00:00+00:00,Sun 1:00PM
195920477,NFL $1 Quintuple Up [Top 10 Win $5],153769,Classic,1.0,7,57,1,50.0,2026-09-27 17:00:00+00:00,Sun 1:00PM
195920476,NFL $1 Quintuple Up [Top 10 Win $5],153769,Classic,1.0,6,57,1,50.0,2026-09-27 17:00:00+00:00,Sun 1:00PM
195920475,NFL $1 Quintuple Up [Top 10 Win $5],153769,Classic,1.0,6,57,1,50.0,2026-09-27 17:00:00+00:00,Sun 1:00PM
195920501,NFL $1 Quintuple Up [Top 5 Win $5],153769,Classic,1.0,9,28,1,25.0,2026-09-27 17:00:00+00:00,Sun 1:00PM
195920500,NFL $1 Quintuple Up [Top 5 Win $5],153769,Classic,1.0,8,28,1,25.0,2026-09-27 17:00:00+00:00,Sun 1:00PM
195920499,NFL $1 Quintuple Up [Top 5 Win $5],153769,Classic,1.0,6,28,1,25.0,2026-09-27 17:00:00+00:00,Sun 1:00PM
195920498,NFL $1 Quintuple Up [Top 5 Win $5],153769,Classic,1.0,7,28,1,25.0,2026-09-27 17:00:00+00:00,Sun 1:00PM
195920497,NFL $1 Quintuple Up [Top 5 Win $5],153769,Classic,1.0,7,28,1,25.0,2026-09-27 17:00:00+00:00,Sun 1:00PM
195920496,NFL $1 Quintuple Up [Top 5 Win $5],153769,Classic,1.0,5,28,1,25.0,2026-09-27 17:00:00+00:00,Sun 1:00PM
195920495,NFL $1 Quintuple Up [Top 5 Win $5],153769,Classic,1.0,4,28,1,25.0,2026-09-27 17:00:00+00:00,Sun 1:00PM
195920494,NFL $1 Quintuple Up [Top 5 Win $5],153769,Classic,1.0,5,28,1,25.0,2026-09-27 17:00:00+00:00,Sun 1:00PM
195920493,NFL $1 Quintuple Up [Top 5 Win $5],153769,Classic,1.0,5,28,1,25.0,2026-09-27 17:00:00+00:00,Sun 1:00PM
195920492,NFL $1 Quintuple Up [Top 5 Win $5],153769,Classic,1.0,5,28,1,25.0,2026-09-27 17:00:00+00:00,Sun 1:00PM
195920491,NFL $1 Quintuple Up [Top 5 Win $5],153769,Classic,1.0,6,28,1,25.0,2026-09-27 17:00:00+00:00,Sun 1:00PM
195920490,NFL $1 Quintuple Up [Top 5 Win $5],153769,Classic,1.0,5,28,1,25.0,2026-09-27 17:00:00+00:00,Sun 1:00PM
195920489,NFL $1 Quintuple Up [Top 5 Win $5],153769,Classic,1.0,6,28,1,25.0,2026-09-27 17:00:00+00:00,Sun 1:00PM
195920488,NFL $1 Quintuple Up [Top 5 Win $5],153769,Classic,1.0,5,28,1,25.0,2026-09-27 17:00:00+00:00,Sun 1:00PM
195920487,NFL $1 Quintuple Up [Top 5 Win $5],153769,Classic,1.0,6,28,1,25.0,2026-09-27 17:00:00+00:00,Sun 1:00PM
195920486,NFL $1 Quintuple Up [Top 5 Win $5],153769,Classic,1.0,6,28,1,25.0,2026-09-27 17:00:00+00:00,Sun 1:00PM
195920485,NFL $1 Quintuple Up [Top 5 Win $5],153769,Classic,1.0,7,28,1,25.0,2026-09-27 17:00:00+00:00,Sun 1:00PM
195920484,NFL $1 Quintuple Up [Top 5 Win $5],153769,Classic,1.0,7,28,1,25.0,2026-09-27 17:00:00+00:00,Sun 1:00PM
195920483,NFL $1 Quintuple Up [Top 5 Win $5],153769,Classic,1.0,6,28,1,25.0,2026-09-27 17:00:00+00:00,Sun 1:00PM
195920482,NFL $1 Quintuple Up [Top 5 Win $5],153769,Classic,1.0,6,28,1,25.0,2026-09-27 17:00:00+00:00,Sun 1:00PM
195920249,Casual NFL $5 Triple Up [Top 9 Win $15],153769,Classic,5.0,2,31,1,135.0,2026-09-27 17:00:00+00:00,Sun 1:00PM
195920250,Casual NFL $1 Triple Up [Top 9 Win $3],153769,Classic,1.0,4,31,1,27.0,2026-09-27 17:00:00+00:00,Sun 1:00PM
195920040,NFL $250 Triple Up [Top 3 Win $750],153769,Classic,250.0,1,10,1,2250.0,2026-09-27 17:00:00+00:00,Sun 1:00PM
195920457,NFL $100 Triple Up [Top 3 Win $300],153769,Classic,100.0,2,10,1,900.0,2026-09-27 17:00:00+00:00,Sun 1:00PM
195920456,NFL $100 Triple Up [Top 3 Win $300],153769,Classic,100.0,2,10,1,900.0,2026-09-27 17:00:00+00:00,Sun 1:00PM
195920455,NFL $100 Triple Up [Top 3 Win $300],153769,Classic,100.0,2,10,1,900.0,2026-09-27 17:00:00+00:00,Sun 1:00PM
195920248,NFL $50 Triple Up [Top 10 Win $150],153769,Classic,50.0,2,34,1,1500.0,2026-09-27 17:00:00+00:00,Sun 1:00PM
195920404,NFL $50 Triple Up [Top 5 Win $150],153769,Classic,50.0,2,17,1,750.0,2026-09-27 17:00:00+00:00,Sun 1:00PM
195919972,NFL $25 Triple Up [Top 18 Win $75],153769,Classic,25.0,8,62,1,1350.0,2026-09-27 17:00:00+00:00,Sun 1:00PM
195920247,NFL $25 Triple Up [Top 9 Win $75],153769,Classic,25.0,7,31,1,675.0,2026-09-27 17:00:00+00:00,Sun 1:00PM
195920246,NFL $25 Triple Up [Top 9 Win $75],153769,Classic,25.0,5,31,1,675.0,2026-09-27 17:00:00+00:00,Sun 1:00PM
195919973,NFL $10 Triple Up [Top 30 Win $30] (Multi-Entry),153769,Classic,10.0,17,103,3,900.0,2026-09-27 17:00:00+00:00,Sun 1:00PM
195920285,NFL $10 Triple Up [Top 18 Win $30],153769,Classic,10.0,11,62,1,540.0,2026-09-27 17:00:00+00:00,Sun 1:00PM
195920245,NFL $10 Triple Up [Top 18 Win $30],153769,Classic,10.0,11,62,1,540.0,2026-09-27 17:00:00+00:00,Sun 1:00PM
195920244,NFL $10 Triple Up [Top 9 Win $30],153769,Classic,10.0,8,31,1,270.0,2026-09-27 17:00:00+00:00,Sun 1:00PM
195920243,NFL $10 Triple Up [Top 9 Win $30],153769,Classic,10.0,6,31,1,270.0,2026-09-27 17:00:00+00:00,Sun 1:00PM
195920242,NFL $10 Triple Up [Top 9 Win $30],153769,Classic,10.0,6,31,1,270.0,2026-09-27 17:00:00+00:00,Sun 1:00PM
195920241,NFL $10 Triple Up [Top 9 Win $30],153769,Classic,10.0,6,31,1,270.0,2026-09-27 17:00:00+00:00,Sun 1:00PM
195920240,NFL $10 Triple Up [Top 9 Win $30],153769,Classic,10.0,6,31,1,270.0,2026-09-27 17:00:00+00:00,Sun 1:00PM
195920284,NFL $5 Triple Up [Top 18 Win $15],153769,Classic,5.0,12,62,1,270.0,2026-09-27 17:00:00+00:00,Sun 1:00PM
195920283,NFL $5 Triple Up [Top 18 Win $15],153769,Classic,5.0,12,62,1,270.0,2026-09-27 17:00:00+00:00,Sun 1:00PM
195920239,NFL $5 Triple Up [Top 18 Win $15],153769,Classic,5.0,11,62,1,270.0,2026-09-27 17:00:00+00:00,Sun 1:00PM
195920238,NFL $5 Triple Up [Top 18 Win $15],153769,Classic,5.0,13,62,1,270.0,2026-09-27 17:00:00+00:00,Sun 1:00PM
195920237,NFL $5 Triple Up [Top 18 Win $15],153769,Classic,5.0,11,62,1,270.0,2026-09-27 17:00:00+00:00,Sun 1:00PM
195920236,NFL $5 Triple Up [Top 9 Win $15],153769,Classic,5.0,7,31,1,135.0,2026-09-27 17:00:00+00:00,Sun 1:00PM
195920235,NFL $5 Triple Up [Top 9 Win $15],153769,Classic,5.0,7,31,1,135.0,2026-09-27 17:00:00+00:00,Sun 1:00PM
195920234,NFL $5 Triple Up [Top 9 Win $15],153769,Classic,5.0,7,31,1,135.0,2026-09-27 17:00:00+00:00,Sun 1:00PM
195920233,NFL $5 Triple Up [Top 9 Win $15],153769,Classic,5.0,7,31,1,135.0,2026-09-27 17:00:00+00:00,Sun 1:00PM
195920232,NFL $5 Triple Up [Top 9 Win $15],153769,Classic,5.0,7,31,1,135.0,2026-09-27 17:00:00+00:00,Sun 1:00PM
195920231,NFL $5 Triple Up [Top 9 Win $15],153769,Classic,5.0,7,31,1,135.0,2026-09-27 17:00:00+00:00,Sun 1:00PM
195920230,NFL $5 Triple Up [Top 9 Win $15],153769,Classic,5.0,6,31,1,135.0,2026-09-27 17:00:00+00:00,Sun 1:00PM
195920229,NFL $5 Triple Up [Top 9 Win $15],153769,Classic,5.0,6,31,1,135.0,2026-09-27 17:00:00+00:00,Sun 1:00PM
195920228,NFL $5 Triple Up [Top 9 Win $15],153769,Classic,5.0,8,31,1,135.0,2026-09-27 17:00:00+00:00,Sun 1:00PM
195919974,NFL $1 Triple Up [Top 60 Win $3] (Multi-Entry),153769,Classic,1.0,57,206,6,180.0,2026-09-27 17:00:00+00:00,Sun 1:00PM
195920282,NFL $1 Triple Up [Top 30 Win $3],153769,Classic,1.0,18,103,1,90.0,2026-09-27 17:00:00+00:00,Sun 1:00PM
195920281,NFL $1 Triple Up [Top 30 Win $3],153769,Classic,1.0,15,103,1,90.0,2026-09-27 17:00:00+00:00,Sun 1:00PM
195920212,NFL $1 Triple Up [Top 30 Win $3],153769,Classic,1.0,15,103,1,90.0,2026-09-27 17:00:00+00:00,Sun 1:00PM
195920211,NFL $1 Triple Up [Top 30 Win $3],153769,Classic,1.0,15,103,1,90.0,2026-09-27 17:00:00+00:00,Sun 1:00PM
195920210,NFL $1 Triple Up [Top 30 Win $3],153769,Classic,1.0,14,103,1,90.0,2026-09-27 17:00:00+00:00,Sun 1:00PM
195920209,NFL $1 Triple Up [Top 30 Win $3],153769,Classic,1.0,13,103,1,90.0,2026-09-27 17:00:00+00:00,Sun 1:00PM
195920280,NFL $1 Triple Up [Top 18 Win $3],153769,Classic,1.0,10,62,1,54.0,2026-09-27 17:00:00+00:00,Sun 1:00PM
195920208,NFL $1 Triple Up [Top 18 Win $3],153769,Classic,1.0,11,62,1,54.0,2026-09-27 17:00:00+00:00,Sun 1:00PM
195920207,NFL $1 Triple Up [Top 18 Win $3],153769,Classic,1.0,11,62,1,54.0,2026-09-27 17:00:00+00:00,Sun 1:00PM
195920227,NFL $1 Triple Up [Top 9 Win $3],153769,Classic,1.0,13,31,1,27.0,2026-09-27 17:00:00+00:00,Sun 1:00PM
195920226,NFL $1 Triple Up [Top 9 Win $3],153769,Classic,1.0,10,31,1,27.0,2026-09-27 17:00:00+00:00,Sun 1:00PM
195920225,NFL $1 Triple Up [Top 9 Win $3],153769,Classic,1.0,10,31,1,27.0,2026-09-27 17:00:00+00:00,Sun 1:00PM
195920224,NFL $1 Triple Up [Top 9 Win $3],153769,Classic,1.0,10,31,1,27.0,2026-09-27 17:00:00+00:00,Sun 1:00PM
195920223,NFL $1 Triple Up [Top 9 Win $3],153769,Classic,1.0,9,31,1,27.0,2026-09-27 17:00:00+00:00,Sun 1:00PM
195920222,NFL $1 Triple Up [Top 9 Win $3],153769,Classic,1.0,9,31,1,27.0,2026-09-27 17:00:00+00:00,Sun 1:00PM
195920221,NFL $1 Triple Up [Top 9 Win $3],153769,Classic,1.0,9,31,1,27.0,2026-09-27 17:00:00+00:00,Sun 1:00PM
195920220,NFL $1 Triple Up [Top 9 Win $3],153769,Classic,1.0,10,31,1,27.0,2026-09-27 17:00:00+00:00,Sun 1:00PM
195920219,NFL $1 Triple Up [Top 9 Win $3],153769,Classic,1.0,9,31,1,27.0,2026-09-27 17:00:00+00:00,Sun 1:00PM
195920218,NFL $1 Triple Up [Top 9 Win $3],153769,Classic,1.0,10,31,1,27.0,2026-09-27 17:00:00+00:00,Sun 1:00PM
195920217,NFL $1 Triple Up [Top 9 Win $3],153769,Classic,1.0,9,31,1,27.0,2026-09-27 17:00:00+00:00,Sun 1:00PM
195920216,NFL $1 Triple Up [Top 9 Win $3],153769,Classic,1.0,9,31,1,27.0,2026-09-27 17:00:00+00:00,Sun 1:00PM
195920215,NFL $1 Triple Up [Top 9 Win $3],153769,Classic,1.0,9,31,1,27.0,2026-09-27 17:00:00+00:00,Sun 1:00PM
195920214,NFL $1 Triple Up [Top 9 Win $3],153769,Classic,1.0,11,31,1,27.0,2026-09-27 17:00:00+00:00,Sun 1:00PM
195920213,NFL $1 Triple Up [Top 9 Win $3],153769,Classic,1.0,8,31,1,27.0,2026-09-27 17:00:00+00:00,Sun 1:00PM
195920053,Beginner NFL $25 Double Up,153769,Classic,25.0,1,11,1,250.0,2026-09-27 17:00:00+00:00,Sun 1:00PM
195920052,Beginner NFL $25 Double Up,153769,Classic,25.0,0,11,1,250.0,2026-09-27 17:00:00+00:00,Sun 1:00PM
195920385,Beginner NFL $10 Double Up,153769,Classic,10.0,1,11,1,100.0,2026-09-27 17:00:00+00:00,Sun 1:00PM
195920384,Beginner NFL $10 Double Up,153769,Classic,10.0,0,11,1,100.0,2026-09-27 17:00:00+00:00,Sun 1:00PM
195920177,Beginner NFL $5 Double Up,153769,Classic,5.0,6,23,1,100.0,2026-09-27 17:00:00+00:00,Sun 1:00PM
195920176,Beginner NFL $3 Double Up,153769,Classic,3.0,4,23,1,60.0,2026-09-27 17:00:00+00:00,Sun 1:00PM
195920175,Beginner NFL $1 Double Up,153769,Classic,1.0,7,23,1,20.0,2026-09-27 17:00:00+00:00,Sun 1:00PM
195920174,Beginner NFL $1 Double Up,153769,Classic,1.0,4,23,1,20.0,2026-09-27 17:00:00+00:00,Sun 1:00PM
195920354,Casual NFL $50 Double Up,153769,Classic,50.0,0,11,1,500.0,2026-09-27 17:00:00+00:00,Sun 1:00PM
195920195,Casual NFL $25 Double Up,153769,Classic,25.0,4,11,1,250.0,2026-09-27 17:00:00+00:00,Sun 1:00PM
195920194,Casual NFL $25 Double Up,153769,Classic,25.0,1,11,1,250.0,2026-09-27 17:00:00+00:00,Sun 1:00PM
195920387,Casual NFL $10 Double Up,153769,Classic,10.0,2,23,1,200.0,2026-09-27 17:00:00+00:00,Sun 1:00PM
195920386,Casual NFL $10 Double Up,153769,Classic,10.0,4,23,1,200.0,2026-09-27 17:00:00+00:00,Sun 1:00PM
195920392,Casual NFL $10 Double Up,153769,Classic,10.0,1,11,1,100.0,2026-09-27 17:00:00+00:00,Sun 1:00PM
195920391,Casual NFL $10 Double Up,153769,Classic,10.0,1,11,1,100.0,2026-09-27 17:00:00+00:00,Sun 1:00PM
195920390,Casual NFL $10 Double Up,153769,Classic,10.0,1,11,1,100.0,2026-09-27 17:00:00+00:00,Sun 1:00PM
195920389,Casual NFL $10 Double Up,153769,Classic,10.0,1,11,1,100.0,2026-09-27 17:00:00+00:00,Sun 1:00PM
195920388,Casual NFL $10 Double Up,153769,Classic,10.0,0,11,1,100.0,2026-09-27 17:00:00+00:00,Sun 1:00PM
195920201,Casual NFL $5 Double Up,153769,Classic,5.0,1,23,1,100.0,2026-09-27 17:00:00+00:00,Sun 1:00PM
195920200,Casual NFL $5 Double Up,153769,Classic,5.0,1,23,1,100.0,2026-09-27 17:00:00+00:00,Sun 1:00PM
195920199,Casual NFL $5 Double Up,153769,Classic,5.0,1,23,1,100.0,2026-09-27 17:00:00+00:00,Sun 1:00PM
195920198,Casual NFL $5 Double Up,153769,Classic,5.0,1,23,1,100.0,2026-09-27 17:00:00+00:00,Sun 1:00PM
195920197,Casual NFL $5 Double Up,153769,Classic,5.0,1,23,1,100.0,2026-09-27 17:00:00+00:00,Sun 1:00PM
195920196,Casual NFL $5 Double Up,153769,Classic,5.0,0,23,1,100.0,2026-09-27 17:00:00+00:00,Sun 1:00PM
195920331,Casual NFL $3 Double Up,153769,Classic,3.0,2,62,1,162.0,2026-09-27 17:00:00+00:00,Sun 1:00PM
195920336,Casual NFL $3 Double Up,153769,Classic,3.0,2,39,1,102.0,2026-09-27 17:00:00+00:00,Sun 1:00PM
195920203,Casual NFL $3 Double Up,153769,Classic,3.0,1,23,1,60.0,2026-09-27 17:00:00+00:00,Sun 1:00PM
195920202,Casual NFL $3 Double Up,153769,Classic,3.0,1,23,1,60.0,2026-09-27 17:00:00+00:00,Sun 1:00PM
195920333,Casual NFL $1 Double Up,153769,Classic,1.0,9,124,1,108.0,2026-09-27 17:00:00+00:00,Sun 1:00PM
195920332,Casual NFL $1 Double Up,153769,Classic,1.0,4,124,1,108.0,2026-09-27 17:00:00+00:00,Sun 1:00PM
195920330,Casual NFL $1 Double Up,153769,Classic,1.0,6,62,1,54.0,2026-09-27 17:00:00+00:00,Sun 1:00PM
195920335,Casual NFL $1 Double Up,153769,Classic,1.0,7,39,1,34.0,2026-09-27 17:00:00+00:00,Sun 1:00PM
195920334,Casual NFL $1 Double Up,153769,Classic,1.0,4,39,1,34.0,2026-09-27 17:00:00+00:00,Sun 1:00PM
195920206,Casual NFL $1 Double Up,153769,Classic,1.0,4,23,1,20.0,2026-09-27 17:00:00+00:00,Sun 1:00PM
195920205,Casual NFL $1 Double Up,153769,Classic,1.0,5,23,1,20.0,2026-09-27 17:00:00+00:00,Sun 1:00PM
195920204,Casual NFL $1 Double Up,153769,Classic,1.0,4,23,1,20.0,2026-09-27 17:00:00+00:00,Sun 1:00PM
195920402,"NFL $1,060 50-50 [Top 50% Win]",153769,Classic,1060.0,1,6,1,6000.0,2026-09-27 17:00:00+00:00,Sun 1:00PM
195920048,NFL $530 50-50 [Top 50% Win],153769,Classic,530.0,1,10,1,5000.0,2026-09-27 17:00:00+00:00,Sun 1:00PM
195920007,NFL $250 Double Up,153769,Classic,250.0,2,11,1,2500.0,2026-09-27 17:00:00+00:00,Sun 1:00PM
195920055,NFL $100 Double Up,153769,Classic,100.0,4,22,1,2000.0,2026-09-27 17:00:00+00:00,Sun 1:00PM
195971258,NFL $100 Double Up,153769,Classic,100.0,0,11,1,1000.0,2026-09-27 17:00:00+00:00,Sun 1:00PM
195920169,NFL $100 Double Up,153769,Classic,100.0,3,11,1,1000.0,2026-09-27 17:00:00+00:00,Sun 1:00PM
195920152,NFL $100 Double Up,153769,Classic,100.0,2,11,1,1000.0,2026-09-27 17:00:00+00:00,Sun 1:00PM
195920151,NFL $100 Double Up,153769,Classic,100.0,2,11,1,1000.0,2026-09-27 17:00:00+00:00,Sun 1:00PM
195920326,NFL $50 Double Up,153769,Classic,50.0,9,100,1,4400.0,2026-09-27 17:00:00+00:00,Sun 1:00PM
195920325,NFL $50 Double Up,153769,Classic,50.0,5,50,1,2200.0,2026-09-27 17:00:00+00:00,Sun 1:00PM
195920278,NFL $50 Double Up,153769,Classic,50.0,4,22,1,1000.0,2026-09-27 17:00:00+00:00,Sun 1:00PM
195920277,NFL $50 Double Up,153769,Classic,50.0,4,22,1,1000.0,2026-09-27 17:00:00+00:00,Sun 1:00PM
195971263,NFL $50 Double Up,153769,Classic,50.0,0,11,1,500.0,2026-09-27 17:00:00+00:00,Sun 1:00PM
195971262,NFL $50 Double Up,153769,Classic,50.0,0,11,1,500.0,2026-09-27 17:00:00+00:00,Sun 1:00PM
195920353,NFL $50 Double Up,153769,Classic,50.0,3,11,1,500.0,2026-09-27 17:00:00+00:00,Sun 1:00PM
195920159,NFL $50 Double Up,153769,Classic,50.0,3,11,1,500.0,2026-09-27 17:00:00+00:00,Sun 1:00PM
195920158,NFL $50 Double Up,153769,Classic,50.0,2,11,1,500.0,2026-09-27 17:00:00+00:00,Sun 1:00PM
195920157,NFL $50 Double Up,153769,Classic,50.0,2,11,1,500.0,2026-09-27 17:00:00+00:00,Sun 1:00PM
195920324,NFL $25 Double Up,153769,Classic,25.0,8,85,1,1850.0,2026-09-27 17:00:00+00:00,Sun 1:00PM
195920328,NFL $25 Double Up,153769,Classic,25.0,7,62,1,1350.0,2026-09-27 17:00:00+00:00,Sun 1:00PM
195920323,NFL $25 Double Up,153769,Classic,25.0,6,62,1,1350.0,2026-09-27 17:00:00+00:00,Sun 1:00PM
195920352,NFL $25 Double Up,153769,Classic,25.0,6,39,1,850.0,2026-09-27 17:00:00+00:00,Sun 1:00PM
195920351,NFL $25 Double Up,153769,Classic,25.0,6,39,1,850.0,2026-09-27 17:00:00+00:00,Sun 1:00PM
195920173,NFL $25 Double Up,153769,Classic,25.0,6,22,1,500.0,2026-09-27 17:00:00+00:00,Sun 1:00PM
195920172,NFL $25 Double Up,153769,Classic,25.0,6,22,1,500.0,2026-09-27 17:00:00+00:00,Sun 1:00PM
195920171,NFL $25 Double Up,153769,Classic,25.0,5,22,1,500.0,2026-09-27 17:00:00+00:00,Sun 1:00PM
195920170,NFL $25 Double Up,153769,Classic,25.0,5,22,1,500.0,2026-09-27 17:00:00+00:00,Sun 1:00PM
195920584,NFL $25 Double Up,153769,Classic,25.0,3,11,1,250.0,2026-09-27 17:00:00+00:00,Sun 1:00PM
195920583,NFL $25 Double Up,153769,Classic,25.0,2,11,1,250.0,2026-09-27 17:00:00+00:00,Sun 1:00PM
195920582,NFL $25 Double Up,153769,Classic,25.0,2,11,1,250.0,2026-09-27 17:00:00+00:00,Sun 1:00PM
195920581,NFL $25 Double Up,153769,Classic,25.0,2,11,1,250.0,2026-09-27 17:00:00+00:00,Sun 1:00PM
195920580,NFL $25 Double Up,153769,Classic,25.0,2,11,1,250.0,2026-09-27 17:00:00+00:00,Sun 1:00PM
195920061,NFL $25 Double Up,153769,Classic,25.0,2,11,1,250.0,2026-09-27 17:00:00+00:00,Sun 1:00PM
195920060,NFL $25 Double Up,153769,Classic,25.0,2,11,1,250.0,2026-09-27 17:00:00+00:00,Sun 1:00PM
195920059,NFL $25 Double Up,153769,Classic,25.0,2,11,1,250.0,2026-09-27 17:00:00+00:00,Sun 1:00PM
195920058,NFL $25 Double Up,153769,Classic,25.0,2,11,1,250.0,2026-09-27 17:00:00+00:00,Sun 1:00PM
195920057,NFL $25 Double Up,153769,Classic,25.0,2,11,1,250.0,2026-09-27 17:00:00+00:00,Sun 1:00PM
195920327,NFL $10 Double Up,153769,Classic,10.0,18,124,1,1080.0,2026-09-27 17:00:00+00:00,Sun 1:00PM
195920322,NFL $10 Double Up,153769,Classic,10.0,15,124,1,1080.0,2026-09-27 17:00:00+00:00,Sun 1:00PM
195920321,NFL $10 Double Up,153769,Classic,10.0,15,124,1,1080.0,2026-09-27 17:00:00+00:00,Sun 1:00PM
195920320,NFL $10 Double Up,153769,Classic,10.0,14,124,1,1080.0,2026-09-27 17:00:00+00:00,Sun 1:00PM
195920329,NFL $10 Double Up,153769,Classic,10.0,9,62,1,540.0,2026-09-27 17:00:00+00:00,Sun 1:00PM
195920319,NFL $10 Double Up,153769,Classic,10.0,8,62,1,540.0,2026-09-27 17:00:00+00:00,Sun 1:00PM
195920318,NFL $10 Double Up,153769,Classic,10.0,8,62,1,540.0,2026-09-27 17:00:00+00:00,Sun 1:00PM
195920350,NFL $10 Double Up,153769,Classic,10.0,7,39,1,340.0,2026-09-27 17:00:00+00:00,Sun 1:00PM
195920349,NFL $10 Double Up,153769,Classic,10.0,6,39,1,340.0,2026-09-27 17:00:00+00:00,Sun 1:00PM
195920191,NFL $10 Double Up,153769,Classic,10.0,7,23,1,200.0,2026-09-27 17:00:00+00:00,Sun 1:00PM
195920190,NFL $10 Double Up,153769,Classic,10.0,6,23,1,200.0,2026-09-27 17:00:00+00:00,Sun 1:00PM
195920189,NFL $10 Double Up,153769,Classic,10.0,6,23,1,200.0,2026-09-27 17:00:00+00:00,Sun 1:00PM
195920377,NFL $10 Double Up,153769,Classic,10.0,4,11,1,100.0,2026-09-27 17:00:00+00:00,Sun 1:00PM
195920376,NFL $10 Double Up,153769,Classic,10.0,4,11,1,100.0,2026-09-27 17:00:00+00:00,Sun 1:00PM
195920375,NFL $10 Double Up,153769,Classic,10.0,4,11,1,100.0,2026-09-27 17:00:00+00:00,Sun 1:00PM
195920374,NFL $10 Double Up,153769,Classic,10.0,5,11,1,100.0,2026-09-27 17:00:00+00:00,Sun 1:00PM
195920373,NFL $10 Double Up,153769,Classic,10.0,4,11,1,100.0,2026-09-27 17:00:00+00:00,Sun 1:00PM
195920372,NFL $10 Double Up,153769,Classic,10.0,5,11,1,100.0,2026-09-27 17:00:00+00:00,Sun 1:00PM
195920371,NFL $10 Double Up,153769,Classic,10.0,3,11,1,100.0,2026-09-27 17:00:00+00:00,Sun 1:00PM
195920370,NFL $10 Double Up,153769,Classic,10.0,3,11,1,100.0,2026-09-27 17:00:00+00:00,Sun 1:00PM
195920369,NFL $10 Double Up,153769,Classic,10.0,3,11,1,100.0,2026-09-27 17:00:00+00:00,Sun 1:00PM
195920368,NFL $10 Double Up,153769,Classic,10.0,3,11,1,100.0,2026-09-27 17:00:00+00:00,Sun 1:00PM
195920367,NFL $10 Double Up,153769,Classic,10.0,3,11,1,100.0,2026-09-27 17:00:00+00:00,Sun 1:00PM
195920366,NFL $10 Double Up,153769,Classic,10.0,3,11,1,100.0,2026-09-27 17:00:00+00:00,Sun 1:00PM
195920365,NFL $10 Double Up,153769,Classic,10.0,3,11,1,100.0,2026-09-27 17:00:00+00:00,Sun 1:00PM
195920364,NFL $10 Double Up,153769,Classic,10.0,3,11,1,100.0,2026-09-27 17:00:00+00:00,Sun 1:00PM
195920363,NFL $10 Double Up,153769,Classic,10.0,3,11,1,100.0,2026-09-27 17:00:00+00:00,Sun 1:00PM
195920589,NFL $10 Double Up,153769,Classic,10.0,4,11,1,100.0,2026-09-27 17:00:00+00:00,Sun 1:00PM
195920588,NFL $10 Double Up,153769,Classic,10.0,3,11,1,100.0,2026-09-27 17:00:00+00:00,Sun 1:00PM
195920587,NFL $10 Double Up,153769,Classic,10.0,3,11,1,100.0,2026-09-27 17:00:00+00:00,Sun 1:00PM
195920586,NFL $10 Double Up,153769,Classic,10.0,3,11,1,100.0,2026-09-27 17:00:00+00:00,Sun 1:00PM
195920585,NFL $10 Double Up,153769,Classic,10.0,4,11,1,100.0,2026-09-27 17:00:00+00:00,Sun 1:00PM
195920279,NFL $5 Double Up [3 Entry Max],153769,Classic,5.0,20,344,3,1500.0,2026-09-27 17:00:00+00:00,Sun 1:00PM
195920317,NFL $5 Double Up,153769,Classic,5.0,15,124,1,540.0,2026-09-27 17:00:00+00:00,Sun 1:00PM
195920316,NFL $5 Double Up,153769,Classic,5.0,11,124,1,540.0,2026-09-27 17:00:00+00:00,Sun 1:00PM
195920315,NFL $5 Double Up,153769,Classic,5.0,11,124,1,540.0,2026-09-27 17:00:00+00:00,Sun 1:00PM
195920314,NFL $5 Double Up,153769,Classic,5.0,11,124,1,540.0,2026-09-27 17:00:00+00:00,Sun 1:00PM
195920313,NFL $5 Double Up,153769,Classic,5.0,6,62,1,270.0,2026-09-27 17:00:00+00:00,Sun 1:00PM
195920312,NFL $5 Double Up,153769,Classic,5.0,6,62,1,270.0,2026-09-27 17:00:00+00:00,Sun 1:00PM
195920311,NFL $5 Double Up,153769,Classic,5.0,6,62,1,270.0,2026-09-27 17:00:00+00:00,Sun 1:00PM
195920348,NFL $5 Double Up,153769,Classic,5.0,7,39,1,170.0,2026-09-27 17:00:00+00:00,Sun 1:00PM
195920347,NFL $5 Double Up,153769,Classic,5.0,6,39,1,170.0,2026-09-27 17:00:00+00:00,Sun 1:00PM
195920346,NFL $5 Double Up,153769,Classic,5.0,6,39,1,170.0,2026-09-27 17:00:00+00:00,Sun 1:00PM
195920345,NFL $5 Double Up,153769,Classic,5.0,7,39,1,170.0,2026-09-27 17:00:00+00:00,Sun 1:00PM
195920344,NFL $5 Double Up,153769,Classic,5.0,6,39,1,170.0,2026-09-27 17:00:00+00:00,Sun 1:00PM
195920188,NFL $5 Double Up,153769,Classic,5.0,6,23,1,100.0,2026-09-27 17:00:00+00:00,Sun 1:00PM
195920187,NFL $5 Double Up,153769,Classic,5.0,6,23,1,100.0,2026-09-27 17:00:00+00:00,Sun 1:00PM
195920186,NFL $5 Double Up,153769,Classic,5.0,5,23,1,100.0,2026-09-27 17:00:00+00:00,Sun 1:00PM
195920185,NFL $5 Double Up,153769,Classic,5.0,5,23,1,100.0,2026-09-27 17:00:00+00:00,Sun 1:00PM
195920184,NFL $5 Double Up,153769,Classic,5.0,5,23,1,100.0,2026-09-27 17:00:00+00:00,Sun 1:00PM
195920183,NFL $5 Double Up,153769,Classic,5.0,5,23,1,100.0,2026-09-27 17:00:00+00:00,Sun 1:00PM
195920182,NFL $5 Double Up,153769,Classic,5.0,5,23,1,100.0,2026-09-27 17:00:00+00:00,Sun 1:00PM
195920181,NFL $5 Double Up,153769,Classic,5.0,6,23,1,100.0,2026-09-27 17:00:00+00:00,Sun 1:00PM
195920270,NFL $5 Double Up,153769,Classic,5.0,5,23,1,100.0,2026-09-27 17:00:00+00:00,Sun 1:00PM
195920269,NFL $5 Double Up,153769,Classic,5.0,5,23,1,100.0,2026-09-27 17:00:00+00:00,Sun 1:00PM
195920268,NFL $5 Double Up,153769,Classic,5.0,5,23,1,100.0,2026-09-27 17:00:00+00:00,Sun 1:00PM
195920267,NFL $5 Double Up,153769,Classic,5.0,5,23,1,100.0,2026-09-27 17:00:00+00:00,Sun 1:00PM
195920266,NFL $5 Double Up,153769,Classic,5.0,6,23,1,100.0,2026-09-27 17:00:00+00:00,Sun 1:00PM
195920275,NFL $3 Double Up,153769,Classic,3.0,99,1149,20,3000.0,2026-09-27 17:00:00+00:00,Sun 1:00PM
195920276,NFL $3 Double Up [3 Entry Max],153769,Classic,3.0,19,344,3,900.0,2026-09-27 17:00:00+00:00,Sun 1:00PM
195919966,NFL $3 Double Up,153769,Classic,3.0,23,229,1,600.0,2026-09-27 17:00:00+00:00,Sun 1:00PM
195919965,NFL $3 Double Up,153769,Classic,3.0,19,229,1,600.0,2026-09-27 17:00:00+00:00,Sun 1:00PM
195920394,NFL $3 Double Up,153769,Classic,3.0,13,124,1,324.0,2026-09-27 17:00:00+00:00,Sun 1:00PM
195920393,NFL $3 Double Up,153769,Classic,3.0,10,124,1,324.0,2026-09-27 17:00:00+00:00,Sun 1:00PM
195920310,NFL $3 Double Up,153769,Classic,3.0,9,124,1,324.0,2026-09-27 17:00:00+00:00,Sun 1:00PM
195920309,NFL $3 Double Up,153769,Classic,3.0,9,124,1,324.0,2026-09-27 17:00:00+00:00,Sun 1:00PM
195920308,NFL $3 Double Up,153769,Classic,3.0,9,124,1,324.0,2026-09-27 17:00:00+00:00,Sun 1:00PM
195920307,NFL $3 Double Up,153769,Classic,3.0,9,124,1,324.0,2026-09-27 17:00:00+00:00,Sun 1:00PM
195920306,NFL $3 Double Up,153769,Classic,3.0,6,62,1,162.0,2026-09-27 17:00:00+00:00,Sun 1:00PM
195920305,NFL $3 Double Up,153769,Classic,3.0,6,62,1,162.0,2026-09-27 17:00:00+00:00,Sun 1:00PM
195920304,NFL $3 Double Up,153769,Classic,3.0,6,62,1,162.0,2026-09-27 17:00:00+00:00,Sun 1:00PM
195920343,NFL $3 Double Up,153769,Classic,3.0,5,39,1,102.0,2026-09-27 17:00:00+00:00,Sun 1:00PM
195920342,NFL $3 Double Up,153769,Classic,3.0,5,39,1,102.0,2026-09-27 17:00:00+00:00,Sun 1:00PM
195920265,NFL $3 Double Up,153769,Classic,3.0,8,23,1,60.0,2026-09-27 17:00:00+00:00,Sun 1:00PM
195920264,NFL $3 Double Up,153769,Classic,3.0,5,23,1,60.0,2026-09-27 17:00:00+00:00,Sun 1:00PM
195920263,NFL $3 Double Up,153769,Classic,3.0,5,23,1,60.0,2026-09-27 17:00:00+00:00,Sun 1:00PM
195920262,NFL $3 Double Up,153769,Classic,3.0,5,23,1,60.0,2026-09-27 17:00:00+00:00,Sun 1:00PM
195920261,NFL $3 Double Up,153769,Classic,3.0,5,23,1,60.0,2026-09-27 17:00:00+00:00,Sun 1:00PM
195920260,NFL $3 Double Up,153769,Classic,3.0,5,23,1,60.0,2026-09-27 17:00:00+00:00,Sun 1:00PM
195920259,NFL $3 Double Up,153769,Classic,3.0,5,23,1,60.0,2026-09-27 17:00:00+00:00,Sun 1:00PM
195920258,NFL $3 Double Up,153769,Classic,3.0,6,23,1,60.0,2026-09-27 17:00:00+00:00,Sun 1:00PM
195920257,NFL $3 Double Up,153769,Classic,3.0,7,23,1,60.0,2026-09-27 17:00:00+00:00,Sun 1:00PM
195920256,NFL $3 Double Up,153769,Classic,3.0,5,23,1,60.0,2026-09-27 17:00:00+00:00,Sun 1:00PM
195920569,NFL $3 Double Up,153769,Classic,3.0,5,23,1,60.0,2026-09-27 17:00:00+00:00,Sun 1:00PM
195920568,NFL $3 Double Up,153769,Classic,3.0,5,23,1,60.0,2026-09-27 17:00:00+00:00,Sun 1:00PM
195920567,NFL $3 Double Up,153769,Classic,3.0,5,23,1,60.0,2026-09-27 17:00:00+00:00,Sun 1:00PM
195920566,NFL $3 Double Up,153769,Classic,3.0,5,23,1,60.0,2026-09-27 17:00:00+00:00,Sun 1:00PM
195920271,NFL $1 Double Up [3 Entry Max],153769,Classic,1.0,74,862,3,750.0,2026-09-27 17:00:00+00:00,Sun 1:00PM
195920274,NFL $1 Double Up,153769,Classic,1.0,59,459,1,400.0,2026-09-27 17:00:00+00:00,Sun 1:00PM
195920273,NFL $1 Double Up,153769,Classic,1.0,41,459,1,400.0,2026-09-27 17:00:00+00:00,Sun 1:00PM
195920272,NFL $1 Double Up,153769,Classic,1.0,42,459,1,400.0,2026-09-27 17:00:00+00:00,Sun 1:00PM
195919971,NFL $1 Double Up,153769,Classic,1.0,29,229,1,200.0,2026-09-27 17:00:00+00:00,Sun 1:00PM
195919970,NFL $1 Double Up,153769,Classic,1.0,29,229,1,200.0,2026-09-27 17:00:00+00:00,Sun 1:00PM
195919969,NFL $1 Double Up,153769,Classic,1.0,26,229,1,200.0,2026-09-27 17:00:00+00:00,Sun 1:00PM
195919968,NFL $1 Double Up,153769,Classic,1.0,26,229,1,200.0,2026-09-27 17:00:00+00:00,Sun 1:00PM
195919967,NFL $1 Double Up,153769,Classic,1.0,24,229,1,200.0,2026-09-27 17:00:00+00:00,Sun 1:00PM
195920303,NFL $1 Double Up,153769,Classic,1.0,15,124,1,108.0,2026-09-27 17:00:00+00:00,Sun 1:00PM
195920302,NFL $1 Double Up,153769,Classic,1.0,14,124,1,108.0,2026-09-27 17:00:00+00:00,Sun 1:00PM
195920301,NFL $1 Double Up,153769,Classic,1.0,11,124,1,108.0,2026-09-27 17:00:00+00:00,Sun 1:00PM
195920300,NFL $1 Double Up,153769,Classic,1.0,10,124,1,108.0,2026-09-27 17:00:00+00:00,Sun 1:00PM
195920299,NFL $1 Double Up,153769,Classic,1.0,11,124,1,108.0,2026-09-27 17:00:00+00:00,Sun 1:00PM
195920298,NFL $1 Double Up,153769,Classic,1.0,11,124,1,108.0,2026-09-27 17:00:00+00:00,Sun 1:00PM
195920401,NFL $1 Double Up,153769,Classic,1.0,9,62,1,54.0,2026-09-27 17:00:00+00:00,Sun 1:00PM
195920400,NFL $1 Double Up,153769,Classic,1.0,7,62,1,54.0,2026-09-27 17:00:00+00:00,Sun 1:00PM
195920399,NFL $1 Double Up,153769,Classic,1.0,7,62,1,54.0,2026-09-27 17:00:00+00:00,Sun 1:00PM
195920398,NFL $1 Double Up,153769,Classic,1.0,8,62,1,54.0,2026-09-27 17:00:00+00:00,Sun 1:00PM
195920397,NFL $1 Double Up,153769,Classic,1.0,7,62,1,54.0,2026-09-27 17:00:00+00:00,Sun 1:00PM
195920396,NFL $1 Double Up,153769,Classic,1.0,7,62,1,54.0,2026-09-27 17:00:00+00:00,Sun 1:00PM
195920395,NFL $1 Double Up,153769,Classic,1.0,8,62,1,54.0,2026-09-27 17:00:00+00:00,Sun 1:00PM
195920297,NFL $1 Double Up,153769,Classic,1.0,7,62,1,54.0,2026-09-27 17:00:00+00:00,Sun 1:00PM
195920296,NFL $1 Double Up,153769,Classic,1.0,7,62,1,54.0,2026-09-27 17:00:00+00:00,Sun 1:00PM
195920295,NFL $1 Double Up,153769,Classic,1.0,7,62,1,54.0,2026-09-27 17:00:00+00:00,Sun 1:00PM
195920294,NFL $1 Double Up,153769,Classic,1.0,7,62,1,54.0,2026-09-27 17:00:00+00:00,Sun 1:00PM
195920293,NFL $1 Double Up,153769,Classic,1.0,7,62,1,54.0,2026-09-27 17:00:00+00:00,Sun 1:00PM
195920292,NFL $1 Double Up,153769,Classic,1.0,8,62,1,54.0,2026-09-27 17:00:00+00:00,Sun 1:00PM
195920291,NFL $1 Double Up,153769,Classic,1.0,7,62,1,54.0,2026-09-27 17:00:00+00:00,Sun 1:00PM
195920290,NFL $1 Double Up,153769,Classic,1.0,8,62,1,54.0,2026-09-27 17:00:00+00:00,Sun 1:00PM
195920362,NFL $1 Double Up,153769,Classic,1.0,6,39,1,34.0,2026-09-27 17:00:00+00:00,Sun 1:00PM
195920361,NFL $1 Double Up,153769,Classic,1.0,6,39,1,34.0,2026-09-27 17:00:00+00:00,Sun 1:00PM
195920360,NFL $1 Double Up,153769,Classic,1.0,9,39,1,34.0,2026-09-27 17:00:00+00:00,Sun 1:00PM
195920359,NFL $1 Double Up,153769,Classic,1.0,5,39,1,34.0,2026-09-27 17:00:00+00:00,Sun 1:00PM
195920358,NFL $1 Double Up,153769,Classic,1.0,5,39,1,34.0,2026-09-27 17:00:00+00:00,Sun 1:00PM
195920357,NFL $1 Double Up,153769,Classic,1.0,4,39,1,34.0,2026-09-27 17:00:00+00:00,Sun 1:00PM
195920356,NFL $1 Double Up,153769,Classic,1.0,6,39,1,34.0,2026-09-27 17:00:00+00:00,Sun 1:00PM
195920355,NFL $1 Double Up,153769,Classic,1.0,5,39,1,34.0,2026-09-27 17:00:00+00:00,Sun 1:00PM
195920341,NFL $1 Double Up,153769,Classic,1.0,5,39,1,34.0,2026-09-27 17:00:00+00:00,Sun 1:00PM
195920340,NFL $1 Double Up,153769,Classic,1.0,7,39,1,34.0,2026-09-27 17:00:00+00:00,Sun 1:00PM
195920339,NFL $1 Double Up,153769,Classic,1.0,5,39,1,34.0,2026-09-27 17:00:00+00:00,Sun 1:00PM
195920338,NFL $1 Double Up,153769,Classic,1.0,5,39,1,34.0,2026-09-27 17:00:00+00:00,Sun 1:00PM
195920337,NFL $1 Double Up,153769,Classic,1.0,5,39,1,34.0,2026-09-27 17:00:00+00:00,Sun 1:00PM
195920454,NFL $1 Double Up,153769,Classic,1.0,6,23,1,20.0,2026-09-27 17:00:00+00:00,Sun 1:00PM
195920453,NFL $1 Double Up,153769,Classic,1.0,6,23,1,20.0,2026-09-27 17:00:00+00:00,Sun 1:00PM
195920452,NFL $1 Double Up,153769,Classic,1.0,7,23,1,20.0,2026-09-27 17:00:00+00:00,Sun 1:00PM
195920451,NFL $1 Double Up,153769,Classic,1.0,6,23,1,20.0,2026-09-27 17:00:00+00:00,Sun 1:00PM
195920450,NFL $1 Double Up,153769,Classic,1.0,6,23,1,20.0,2026-09-27 17:00:00+00:00,Sun 1:00PM
195920449,NFL $1 Double Up,153769,Classic,1.0,7,23,1,20.0,2026-09-27 17:00:00+00:00,Sun 1:00PM
195920448,NFL $1 Double Up,153769,Classic,1.0,6,23,1,20.0,2026-09-27 17:00:00+00:00,Sun 1:00PM
195920447,NFL $1 Double Up,153769,Classic,1.0,6,23,1,20.0,2026-09-27 17:00:00+00:00,Sun 1:00PM
195920446,NFL $1 Double Up,153769,Classic,1.0,5,23,1,20.0,2026-09-27 17:00:00+00:00,Sun 1:00PM
195920445,NFL $1 Double Up,153769,Classic,1.0,5,23,1,20.0,2026-09-27 17:00:00+00:00,Sun 1:00PM
195920444,NFL $1 Double Up,153769,Classic,1.0,7,23,1,20.0,2026-09-27 17:00:00+00:00,Sun 1:00PM
195920443,NFL $1 Double Up,153769,Classic,1.0,5,23,1,20.0,2026-09-27 17:00:00+00:00,Sun 1:00PM
195920442,NFL $1 Double Up,153769,Classic,1.0,5,23,1,20.0,2026-09-27 17:00:00+00:00,Sun 1:00PM
195920441,NFL $1 Double Up,153769,Classic,1.0,5,23,1,20.0,2026-09-27 17:00:00+00:00,Sun 1:00PM
195920440,NFL $1 Double Up,153769,Classic,1.0,5,23,1,20.0,2026-09-27 17:00:00+00:00,Sun 1:00PM
195920439,NFL $1 Double Up,153769,Classic,1.0,5,23,1,20.0,2026-09-27 17:00:00+00:00,Sun 1:00PM
195920438,NFL $1 Double Up,153769,Classic,1.0,5,23,1,20.0,2026-09-27 17:00:00+00:00,Sun 1:00PM
195920437,NFL $1 Double Up,153769,Classic,1.0,5,23,1,20.0,2026-09-27 17:00:00+00:00,Sun 1:00PM
195920436,NFL $1 Double Up,153769,Classic,1.0,5,23,1,20.0,2026-09-27 17:00:00+00:00,Sun 1:00PM
195920435,NFL $1 Double Up,153769,Classic,1.0,5,23,1,20.0,2026-09-27 17:00:00+00:00,Sun 1:00PM
195920434,NFL $1 Double Up,153769,Classic,1.0,5,23,1,20.0,2026-09-27 17:00:00+00:00,Sun 1:00PM
195920433,NFL $1 Double Up,153769,Classic,1.0,6,23,1,20.0,2026-09-27 17:00:00+00:00,Sun 1:00PM
195920432,NFL $1 Double Up,153769,Classic,1.0,6,23,1,20.0,2026-09-27 17:00:00+00:00,Sun 1:00PM
195920431,NFL $1 Double Up,153769,Classic,1.0,6,23,1,20.0,2026-09-27 17:00:00+00:00,Sun 1:00PM
195920430,NFL $1 Double Up,153769,Classic,1.0,6,23,1,20.0,2026-09-27 17:00:00+00:00,Sun 1:00PM
195920429,NFL $1 Double Up,153769,Classic,1.0,6,23,1,20.0,2026-09-27 17:00:00+00:00,Sun 1:00PM
195920428,NFL $1 Double Up,153769,Classic,1.0,7,23,1,20.0,2026-09-27 17:00:00+00:00,Sun 1:00PM
195920427,NFL $1 Double Up,153769,Classic,1.0,6,23,1,20.0,2026-09-27 17:00:00+00:00,Sun 1:00PM
195920426,NFL $1 Double Up,153769,Classic,1.0,6,23,1,20.0,2026-09-27 17:00:00+00:00,Sun 1:00PM
195920425,NFL $1 Double Up,153769,Classic,1.0,6,23,1,20.0,2026-09-27 17:00:00+00:00,Sun 1:00PM
195920424,NFL $1 Double Up,153769,Classic,1.0,6,23,1,20.0,2026-09-27 17:00:00+00:00,Sun 1:00PM
195920423,NFL $1 Double Up,153769,Classic,1.0,6,23,1,20.0,2026-09-27 17:00:00+00:00,Sun 1:00PM
195920422,NFL $1 Double Up,153769,Classic,1.0,6,23,1,20.0,2026-09-27 17:00:00+00:00,Sun 1:00PM
195920421,NFL $1 Double Up,153769,Classic,1.0,6,23,1,20.0,2026-09-27 17:00:00+00:00,Sun 1:00PM
195920420,NFL $1 Double Up,153769,Classic,1.0,6,23,1,20.0,2026-09-27 17:00:00+00:00,Sun 1:00PM
195920419,NFL $1 Double Up,153769,Classic,1.0,6,23,1,20.0,2026-09-27 17:00:00+00:00,Sun 1:00PM
195920418,NFL $1 Double Up,153769,Classic,1.0,6,23,1,20.0,2026-09-27 17:00:00+00:00,Sun 1:00PM
195920417,NFL $1 Double Up,153769,Classic,1.0,6,23,1,20.0,2026-09-27 17:00:00+00:00,Sun 1:00PM
195920416,NFL $1 Double Up,153769,Classic,1.0,6,23,1,20.0,2026-09-27 17:00:00+00:00,Sun 1:00PM
195920415,NFL $1 Double Up,153769,Classic,1.0,6,23,1,20.0,2026-09-27 17:00:00+00:00,Sun 1:00PM
195920414,NFL $1 Double Up,153769,Classic,1.0,6,23,1,20.0,2026-09-27 17:00:00+00:00,Sun 1:00PM
195920413,NFL $1 Double Up,153769,Classic,1.0,6,23,1,20.0,2026-09-27 17:00:00+00:00,Sun 1:00PM
195920412,NFL $1 Double Up,153769,Classic,1.0,5,23,1,20.0,2026-09-27 17:00:00+00:00,Sun 1:00PM
195920411,NFL $1 Double Up,153769,Classic,1.0,6,23,1,20.0,2026-09-27 17:00:00+00:00,Sun 1:00PM
195920410,NFL $1 Double Up,153769,Classic,1.0,6,23,1,20.0,2026-09-27 17:00:00+00:00,Sun 1:00PM
195920409,NFL $1 Double Up,153769,Classic,1.0,7,23,1,20.0,2026-09-27 17:00:00+00:00,Sun 1:00PM
195920408,NFL $1 Double Up,153769,Classic,1.0,7,23,1,20.0,2026-09-27 17:00:00+00:00,Sun 1:00PM
195920407,NFL $1 Double Up,153769,Classic,1.0,6,23,1,20.0,2026-09-27 17:00:00+00:00,Sun 1:00PM
195920406,NFL $1 Double Up,153769,Classic,1.0,6,23,1,20.0,2026-09-27 17:00:00+00:00,Sun 1:00PM
195920405,NFL $1 Double Up,153769,Classic,1.0,6,23,1,20.0,2026-09-27 17:00:00+00:00,Sun 1:00PM
195920565,NFL $1 Double Up,153769,Classic,1.0,6,23,1,20.0,2026-09-27 17:00:00+00:00,Sun 1:00PM
195920564,NFL $1 Double Up,153769,Classic,1.0,6,23,1,20.0,2026-09-27 17:00:00+00:00,Sun 1:00PM
195920563,NFL $1 Double Up,153769,Classic,1.0,6,23,1,20.0,2026-09-27 17:00:00+00:00,Sun 1:00PM
195920562,NFL $1 Double Up,153769,Classic,1.0,7,23,1,20.0,2026-09-27 17:00:00+00:00,Sun 1:00PM
195920561,NFL $1 Double Up,153769,Classic,1.0,6,23,1,20.0,2026-09-27 17:00:00+00:00,Sun 1:00PM
195920560,NFL $1 Double Up,153769,Classic,1.0,6,23,1,20.0,2026-09-27 17:00:00+00:00,Sun 1:00PM
195920559,NFL $1 Double Up,153769,Classic,1.0,6,23,1,20.0,2026-09-27 17:00:00+00:00,Sun 1:00PM
195920558,NFL $1 Double Up,153769,Classic,1.0,6,23,1,20.0,2026-09-27 17:00:00+00:00,Sun 1:00PM
195920557,NFL $1 Double Up,153769,Classic,1.0,6,23,1,20.0,2026-09-27 17:00:00+00:00,Sun 1:00PM
195920556,NFL $1 Double Up,153769,Classic,1.0,6,23,1,20.0,2026-09-27 17:00:00+00:00,Sun 1:00PM
195920555,NFL $1 Double Up,153769,Classic,1.0,6,23,1,20.0,2026-09-27 17:00:00+00:00,Sun 1:00PM
195920554,NFL $1 Double Up,153769,Classic,1.0,6,23,1,20.0,2026-09-27 17:00:00+00:00,Sun 1:00PM
195920553,NFL $1 Double Up,153769,Classic,1.0,6,23,1,20.0,2026-09-27 17:00:00+00:00,Sun 1:00PM
195920552,NFL $1 Double Up,153769,Classic,1.0,7,23,1,20.0,2026-09-27 17:00:00+00:00,Sun 1:00PM
195920551,NFL $1 Double Up,153769,Classic,1.0,7,23,1,20.0,2026-09-27 17:00:00+00:00,Sun 1:00PM
195920550,NFL $1 Double Up,153769,Classic,1.0,7,23,1,20.0,2026-09-27 17:00:00+00:00,Sun 1:00PM
195920549,NFL $1 Double Up,153769,Classic,1.0,6,23,1,20.0,2026-09-27 17:00:00+00:00,Sun 1:00PM
195920548,NFL $1 Double Up,153769,Classic,1.0,6,23,1,20.0,2026-09-27 17:00:00+00:00,Sun 1:00PM
195920547,NFL $1 Double Up,153769,Classic,1.0,6,23,1,20.0,2026-09-27 17:00:00+00:00,Sun 1:00PM
195920546,NFL $1 Double Up,153769,Classic,1.0,6,23,1,20.0,2026-09-27 17:00:00+00:00,Sun 1:00PM
195920579,NFL $1 Double Up,153769,Classic,1.0,6,23,1,20.0,2026-09-27 17:00:00+00:00,Sun 1:00PM
195920578,NFL $1 Double Up,153769,Classic,1.0,6,23,1,20.0,2026-09-27 17:00:00+00:00,Sun 1:00PM
195920577,NFL $1 Double Up,153769,Classic,1.0,6,23,1,20.0,2026-09-27 17:00:00+00:00,Sun 1:00PM
195920576,NFL $1 Double Up,153769,Classic,1.0,7,23,1,20.0,2026-09-27 17:00:00+00:00,Sun 1:00PM
195920575,NFL $1 Double Up,153769,Classic,1.0,6,23,1,20.0,2026-09-27 17:00:00+00:00,Sun 1:00PM
195920574,NFL $1 Double Up,153769,Classic,1.0,6,23,1,20.0,2026-09-27 17:00:00+00:00,Sun 1:00PM
195920573,NFL $1 Double Up,153769,Classic,1.0,6,23,1,20.0,2026-09-27 17:00:00+00:00,Sun 1:00PM
195920572,NFL $1 Double Up,153769,Classic,1.0,6,23,1,20.0,2026-09-27 17:00:00+00:00,Sun 1:00PM
195920571,NFL $1 Double Up,153769,Classic,1.0,6,23,1,20.0,2026-09-27 17:00:00+00:00,Sun 1:00PM
195920570,NFL $1 Double Up,153769,Classic,1.0,7,23,1,20.0,2026-09-27 17:00:00+00:00,Sun 1:00PM
195967674,NFL FREE 200-Player,153769,Classic,0.0,71,200,1,0.0,2026-09-27 17:00:00+00:00,Sun 1:00PM
195964852,NFL FREE 200-Player,153769,Classic,0.0,62,200,1,0.0,2026-09-27 17:00:00+00:00,Sun 1:00PM
195962221,NFL FREE 200-Player x5,153769,Classic,0.0,63,200,1,0.0,2026-09-27 17:00:00+00:00,Sun 1:00PM
195959879,NFL FREE 150-Player,153769,Classic,0.0,50,150,1,0.0,2026-09-27 17:00:00+00:00,Sun 1:00PM
195946259,NFL FREE 200-Player,153769,Classic,0.0,25,200,1,0.0,2026-09-27 17:00:00+00:00,Sun 1:00PM
195970052,NFL FREE 100-Player,153769,Classic,0.0,15,100,1,0.0,2026-09-27 17:00:00+00:00,Sun 1:00PM
195966212,NFL FREE 100-Player,153769,Classic,0.0,40,100,1,0.0,2026-09-27 17:00:00+00:00,Sun 1:00PM
195959880,NFL FREE 100-Player,153769,Classic,0.0,77,100,1,0.0,2026-09-27 17:00:00+00:00,Sun 1:00PM
195957020,NFL Satellite to $20 NFL Fantasy Football Millionaire (Early Only),153770,Classic,2.0,0,11,1,20.0,2026-09-27 17:00:00+00:00,Sun 1:00PM
195957019,NFL Satellite to $20 NFL Fantasy Football Millionaire (Early Only),153770,Classic,2.0,0,11,1,20.0,2026-09-27 17:00:00+00:00,Sun 1:00PM
195957018,NFL Satellite to $20 NFL Fantasy Football Millionaire (Early Only),153770,Classic,2.0,0,11,1,20.0,2026-09-27 17:00:00+00:00,Sun 1:00PM
195957017,NFL Satellite to $20 NFL Fantasy Football Millionaire (Early Only),153770,Classic,2.0,0,11,1,20.0,2026-09-27 17:00:00+00:00,Sun 1:00PM
195957016,NFL Satellite to $20 NFL Fantasy Football Millionaire (Early Only),153770,Classic,2.0,0,11,1,20.0,2026-09-27 17:00:00+00:00,Sun 1:00PM
195957015,NFL Satellite to $20 NFL Fantasy Football Millionaire (Early Only),153770,Classic,2.0,0,11,1,20.0,2026-09-27 17:00:00+00:00,Sun 1:00PM
195957026,NFL Satellite to $20 NFL Fantasy Football Millionaire (Early Only),153770,Classic,1.0,2,23,1,20.0,2026-09-27 17:00:00+00:00,Sun 1:00PM
195957025,NFL Satellite to $20 NFL Fantasy Football Millionaire (Early Only),153770,Classic,1.0,0,23,1,20.0,2026-09-27 17:00:00+00:00,Sun 1:00PM
195957024,NFL Satellite to $20 NFL Fantasy Football Millionaire (Early Only),153770,Classic,1.0,1,23,1,20.0,2026-09-27 17:00:00+00:00,Sun 1:00PM
195957023,NFL Satellite to $20 NFL Fantasy Football Millionaire (Early Only),153770,Classic,1.0,0,23,1,20.0,2026-09-27 17:00:00+00:00,Sun 1:00PM
195957022,NFL Satellite to $20 NFL Fantasy Football Millionaire (Early Only),153770,Classic,1.0,0,23,1,20.0,2026-09-27 17:00:00+00:00,Sun 1:00PM
195957021,NFL Satellite to $20 NFL Fantasy Football Millionaire (Early Only),153770,Classic,1.0,0,23,1,20.0,2026-09-27 17:00:00+00:00,Sun 1:00PM
195957030,NFL Satellite to $20 NFL Fantasy Football Millionaire (Early Only),153770,Classic,0.25,3,95,2,20.0,2026-09-27 17:00:00+00:00,Sun 1:00PM
195957029,NFL Satellite to $20 NFL Fantasy Football Millionaire (Early Only),153770,Classic,0.25,3,95,2,20.0,2026-09-27 17:00:00+00:00,Sun 1:00PM
195957028,NFL Satellite to $20 NFL Fantasy Football Millionaire (Early Only),153770,Classic,0.25,3,95,2,20.0,2026-09-27 17:00:00+00:00,Sun 1:00PM
195957027,NFL Satellite to $20 NFL Fantasy Football Millionaire (Early Only),153770,Classic,0.25,3,95,2,20.0,2026-09-27 17:00:00+00:00,Sun 1:00PM
195957034,NFL Satellite to $20 NFL Fantasy Football Millionaire (Early Only),153770,Classic,0.1,19,237,7,20.0,2026-09-27 17:00:00+00:00,Sun 1:00PM
195957033,NFL Satellite to $20 NFL Fantasy Football Millionaire (Early Only),153770,Classic,0.1,11,237,7,20.0,2026-09-27 17:00:00+00:00,Sun 1:00PM
195957032,NFL Satellite to $20 NFL Fantasy Football Millionaire (Early Only),153770,Classic,0.1,14,237,7,20.0,2026-09-27 17:00:00+00:00,Sun 1:00PM
195957031,NFL Satellite to $20 NFL Fantasy Football Millionaire (Early Only),153770,Classic,0.1,7,237,7,20.0,2026-09-27 17:00:00+00:00,Sun 1:00PM
195957059,NFL Satellite to MLB 9-29 $20 Postseason Opener (Early Only),153770,Classic,2.0,0,11,1,20.0,2026-09-27 17:00:00+00:00,Sun 1:00PM
195957058,NFL Satellite to MLB 9-29 $20 Postseason Opener (Early Only),153770,Classic,2.0,0,11,1,20.0,2026-09-27 17:00:00+00:00,Sun 1:00PM
195957062,NFL Satellite to MLB 9-29 $20 Postseason Opener (Early Only),153770,Classic,1.0,1,23,1,20.0,2026-09-27 17:00:00+00:00,Sun 1:00PM
195957061,NFL Satellite to MLB 9-29 $20 Postseason Opener (Early Only),153770,Classic,1.0,0,23,1,20.0,2026-09-27 17:00:00+00:00,Sun 1:00PM
195957057,NFL Satellite to MLB 9-29 $20 Postseason Opener (Early Only),153770,Classic,0.25,3,95,2,20.0,2026-09-27 17:00:00+00:00,Sun 1:00PM
195957047,LAST SHOT: NFL Satellite to NHL 9-29 $15 Opening Night Puck Drop (Early Only),153770,Classic,1.0,0,17,1,15.0,2026-09-27 17:00:00+00:00,Sun 1:00PM
195957046,LAST SHOT: NFL Satellite to NHL 9-29 $15 Opening Night Puck Drop (Early Only),153770,Classic,1.0,0,17,1,15.0,2026-09-27 17:00:00+00:00,Sun 1:00PM
195957045,LAST SHOT: NFL Satellite to NHL 9-29 $15 Opening Night Puck Drop (Early Only),153770,Classic,1.0,0,17,1,15.0,2026-09-27 17:00:00+00:00,Sun 1:00PM
195957050,LAST SHOT: NFL Satellite to NHL 9-29 $15 Opening Night Puck Drop (Early Only),153770,Classic,0.25,3,71,2,15.0,2026-09-27 17:00:00+00:00,Sun 1:00PM
195957049,LAST SHOT: NFL Satellite to NHL 9-29 $15 Opening Night Puck Drop (Early Only),153770,Classic,0.25,3,71,2,15.0,2026-09-27 17:00:00+00:00,Sun 1:00PM
195957048,LAST SHOT: NFL Satellite to NHL 9-29 $15 Opening Night Puck Drop (Early Only),153770,Classic,0.25,2,71,2,15.0,2026-09-27 17:00:00+00:00,Sun 1:00PM
195957065,NFL Satellite to NBA 10-20 $20 Opening Tip Off (Early Only),153770,Classic,2.0,0,11,1,20.0,2026-09-27 17:00:00+00:00,Sun 1:00PM
195957064,NFL Satellite to NBA 10-20 $20 Opening Tip Off (Early Only),153770,Classic,1.0,0,23,1,20.0,2026-09-27 17:00:00+00:00,Sun 1:00PM
195957063,NFL Satellite to NBA 10-20 $20 Opening Tip Off (Early Only),153770,Classic,0.25,0,95,2,20.0,2026-09-27 17:00:00+00:00,Sun 1:00PM
195957069,NFL Satellite to UFC 332 $25 Special (10-3) (Early Only),153770,Classic,1.0,0,29,1,25.0,2026-09-27 17:00:00+00:00,Sun 1:00PM
195956878,NFL $100 Contest (Early Only),153770,Classic,100.0,0,11,1,1000.0,2026-09-27 17:00:00+00:00,Sun 1:00PM
195957014,NFL $50 Contest (Early Only),153770,Classic,50.0,1,11,1,500.0,2026-09-27 17:00:00+00:00,Sun 1:00PM
195956857,NFL $9 Contest (Early Only),153770,Classic,9.0,3,39,1,300.0,2026-09-27 17:00:00+00:00,Sun 1:00PM
195956879,NFL $5 Contest (Early Only),153770,Classic,5.0,3,47,1,200.0,2026-09-27 17:00:00+00:00,Sun 1:00PM
195956858,NFL $3 Contest (Early Only),153770,Classic,3.0,13,118,3,300.0,2026-09-27 17:00:00+00:00,Sun 1:00PM
195956860,NFL $1 Contest (Early Only),153770,Classic,1.0,15,118,3,100.0,2026-09-27 17:00:00+00:00,Sun 1:00PM
195956859,NFL $1 Contest (Early Only),153770,Classic,1.0,14,118,3,100.0,2026-09-27 17:00:00+00:00,Sun 1:00PM
195956880,NFL $0.25 Contest (Early Only),153770,Classic,0.25,27,237,7,50.0,2026-09-27 17:00:00+00:00,Sun 1:00PM
195956863,NFL $0.25 Contest (Early Only),153770,Classic,0.25,28,237,7,50.0,2026-09-27 17:00:00+00:00,Sun 1:00PM
195956862,NFL $0.25 Contest (Early Only),153770,Classic,0.25,21,237,7,50.0,2026-09-27 17:00:00+00:00,Sun 1:00PM
195956861,NFL $0.25 Contest (Early Only),153770,Classic,0.25,21,237,7,50.0,2026-09-27 17:00:00+00:00,Sun 1:00PM
195957010,NFL $267 Winner Take All [$1K to 1st] (Early Only),153770,Classic,267.0,0,4,1,1000.0,2026-09-27 17:00:00+00:00,Sun 1:00PM
195957009,NFL $267 Winner Take All [$1K to 1st] (Early Only),153770,Classic,267.0,0,4,1,1000.0,2026-09-27 17:00:00+00:00,Sun 1:00PM
195957008,NFL $267 Winner Take All [$1K to 1st] (Early Only),153770,Classic,267.0,0,4,1,1000.0,2026-09-27 17:00:00+00:00,Sun 1:00PM
195957007,NFL $267 Winner Take All [$1K to 1st] (Early Only),153770,Classic,267.0,0,4,1,1000.0,2026-09-27 17:00:00+00:00,Sun 1:00PM
195957006,NFL $267 Winner Take All [$1K to 1st] (Early Only),153770,Classic,267.0,0,4,1,1000.0,2026-09-27 17:00:00+00:00,Sun 1:00PM
195956995,NFL $100 Winner Take All [$1K to 1st] (Early Only),153770,Classic,100.0,0,11,1,1000.0,2026-09-27 17:00:00+00:00,Sun 1:00PM
195956996,NFL $50 Winner Take All [$500 to 1st] (Early Only),153770,Classic,50.0,0,11,1,500.0,2026-09-27 17:00:00+00:00,Sun 1:00PM
195957005,NFL $27 Winner Take All [$500 to 1st] (Early Only),153770,Classic,27.0,1,21,1,500.0,2026-09-27 17:00:00+00:00,Sun 1:00PM
195956999,NFL $5 Winner Take All [$100 to 1st] (Early Only),153770,Classic,5.0,2,23,1,100.0,2026-09-27 17:00:00+00:00,Sun 1:00PM
195956998,NFL $5 Winner Take All [$100 to 1st] (Early Only),153770,Classic,5.0,2,23,1,100.0,2026-09-27 17:00:00+00:00,Sun 1:00PM
195956997,NFL $5 Winner Take All [$100 to 1st] (Early Only),153770,Classic,5.0,3,23,1,100.0,2026-09-27 17:00:00+00:00,Sun 1:00PM
195957001,NFL $3 Winner Take All [$100 to 1st] (Early Only),153770,Classic,3.0,2,39,1,100.0,2026-09-27 17:00:00+00:00,Sun 1:00PM
195957000,NFL $3 Winner Take All [$100 to 1st] (Early Only),153770,Classic,3.0,1,39,1,100.0,2026-09-27 17:00:00+00:00,Sun 1:00PM
195956994,NFL $1 Winner Take All [$100 to 1st] (Early Only),153770,Classic,1.0,9,118,3,100.0,2026-09-27 17:00:00+00:00,Sun 1:00PM
195956993,NFL $1 Winner Take All [$100 to 1st] (Early Only),153770,Classic,1.0,10,118,3,100.0,2026-09-27 17:00:00+00:00,Sun 1:00PM
195956992,NFL $1 Winner Take All [$100 to 1st] (Early Only),153770,Classic,1.0,11,118,3,100.0,2026-09-27 17:00:00+00:00,Sun 1:00PM
195957004,NFL $0.25 Winner Take All [$100 to 1st] (Early Only),153770,Classic,0.25,52,475,10,100.0,2026-09-27 17:00:00+00:00,Sun 1:00PM
195957003,NFL $0.25 Winner Take All [$100 to 1st] (Early Only),153770,Classic,0.25,42,475,10,100.0,2026-09-27 17:00:00+00:00,Sun 1:00PM
195957002,NFL $0.25 Winner Take All [$100 to 1st] (Early Only),153770,Classic,0.25,43,475,10,100.0,2026-09-27 17:00:00+00:00,Sun 1:00PM
195956864,NFL 10x Booster [Top 3 Win $250] (Early Only),153770,Classic,25.0,2,35,1,750.0,2026-09-27 17:00:00+00:00,Sun 1:00PM
195956867,NFL 10x Booster [Top 3 Win $100] (Early Only),153770,Classic,10.0,6,35,1,300.0,2026-09-27 17:00:00+00:00,Sun 1:00PM
195956866,NFL 10x Booster [Top 3 Win $100] (Early Only),153770,Classic,10.0,4,35,1,300.0,2026-09-27 17:00:00+00:00,Sun 1:00PM
195956865,NFL 10x Booster [Top 3 Win $100] (Early Only),153770,Classic,10.0,4,35,1,300.0,2026-09-27 17:00:00+00:00,Sun 1:00PM
195956870,NFL 10x Booster [Top 5 Win $50] (Early Only),153770,Classic,5.0,4,59,1,250.0,2026-09-27 17:00:00+00:00,Sun 1:00PM
195956869,NFL 10x Booster [Top 5 Win $50] (Early Only),153770,Classic,5.0,5,59,1,250.0,2026-09-27 17:00:00+00:00,Sun 1:00PM
195956868,NFL 10x Booster [Top 5 Win $50] (Early Only),153770,Classic,5.0,5,59,1,250.0,2026-09-27 17:00:00+00:00,Sun 1:00PM
195956882,NFL 10x Booster [Top 5 Win $20] (Early Only),153770,Classic,2.0,2,59,1,100.0,2026-09-27 17:00:00+00:00,Sun 1:00PM
195956881,NFL 10x Booster [Top 5 Win $20] (Early Only),153770,Classic,2.0,2,59,1,100.0,2026-09-27 17:00:00+00:00,Sun 1:00PM
195956873,NFL 10x Booster [Top 5 Win $20] (Early Only),153770,Classic,2.0,6,59,1,100.0,2026-09-27 17:00:00+00:00,Sun 1:00PM
195956872,NFL 10x Booster [Top 5 Win $20] (Early Only),153770,Classic,2.0,2,59,1,100.0,2026-09-27 17:00:00+00:00,Sun 1:00PM
195956871,NFL 10x Booster [Top 5 Win $20] (Early Only),153770,Classic,2.0,5,59,1,100.0,2026-09-27 17:00:00+00:00,Sun 1:00PM
195956920,NFL 10x Booster [Top 3 Win $20] (Early Only),153770,Classic,2.0,5,35,1,60.0,2026-09-27 17:00:00+00:00,Sun 1:00PM
195957013,NFL 40x Micro Booster [Top 10 Win $10] (Early Only),153770,Classic,0.25,26,475,10,100.0,2026-09-27 17:00:00+00:00,Sun 1:00PM
195957012,NFL 40x Micro Booster [Top 10 Win $10] (Early Only),153770,Classic,0.25,18,475,10,100.0,2026-09-27 17:00:00+00:00,Sun 1:00PM
195957011,NFL 40x Micro Booster [Top 5 Win $10] (Early Only),153770,Classic,0.25,13,237,7,50.0,2026-09-27 17:00:00+00:00,Sun 1:00PM
195956874,NFL 40x Micro Booster [Top 5 Win $10] (Early Only),153770,Classic,0.25,14,237,7,50.0,2026-09-27 17:00:00+00:00,Sun 1:00PM
195956875,NFL $10 Quintuple Up [Top 5 Win $50] (Early Only),153770,Classic,10.0,4,28,1,250.0,2026-09-27 17:00:00+00:00,Sun 1:00PM
195956885,NFL $5 Quintuple Up [Top 5 Win $25] (Early Only),153770,Classic,5.0,4,28,1,125.0,2026-09-27 17:00:00+00:00,Sun 1:00PM
195956884,NFL $5 Quintuple Up [Top 5 Win $25] (Early Only),153770,Classic,5.0,5,28,1,125.0,2026-09-27 17:00:00+00:00,Sun 1:00PM
195956883,NFL $5 Quintuple Up [Top 5 Win $25] (Early Only),153770,Classic,5.0,3,28,1,125.0,2026-09-27 17:00:00+00:00,Sun 1:00PM
195956876,NFL $1 Quintuple Up [Top 10 Win $5] (Early Only),153770,Classic,1.0,5,57,1,50.0,2026-09-27 17:00:00+00:00,Sun 1:00PM
195956894,NFL $1 Quintuple Up [Top 5 Win $5] (Early Only),153770,Classic,1.0,3,28,1,25.0,2026-09-27 17:00:00+00:00,Sun 1:00PM
195956893,NFL $1 Quintuple Up [Top 5 Win $5] (Early Only),153770,Classic,1.0,1,28,1,25.0,2026-09-27 17:00:00+00:00,Sun 1:00PM
195956892,NFL $1 Quintuple Up [Top 5 Win $5] (Early Only),153770,Classic,1.0,1,28,1,25.0,2026-09-27 17:00:00+00:00,Sun 1:00PM
195956891,NFL $1 Quintuple Up [Top 5 Win $5] (Early Only),153770,Classic,1.0,2,28,1,25.0,2026-09-27 17:00:00+00:00,Sun 1:00PM
195956890,NFL $1 Quintuple Up [Top 5 Win $5] (Early Only),153770,Classic,1.0,1,28,1,25.0,2026-09-27 17:00:00+00:00,Sun 1:00PM
195956889,NFL $1 Quintuple Up [Top 5 Win $5] (Early Only),153770,Classic,1.0,1,28,1,25.0,2026-09-27 17:00:00+00:00,Sun 1:00PM
195956888,NFL $1 Quintuple Up [Top 5 Win $5] (Early Only),153770,Classic,1.0,1,28,1,25.0,2026-09-27 17:00:00+00:00,Sun 1:00PM
195956887,NFL $1 Quintuple Up [Top 5 Win $5] (Early Only),153770,Classic,1.0,3,28,1,25.0,2026-09-27 17:00:00+00:00,Sun 1:00PM
195956886,NFL $1 Quintuple Up [Top 5 Win $5] (Early Only),153770,Classic,1.0,1,28,1,25.0,2026-09-27 17:00:00+00:00,Sun 1:00PM
195956987,NFL $50 Triple Up [Top 5 Win $150] (Early Only),153770,Classic,50.0,2,17,1,750.0,2026-09-27 17:00:00+00:00,Sun 1:00PM
195956921,NFL $25 Triple Up [Top 9 Win $75] (Early Only),153770,Classic,25.0,6,31,1,675.0,2026-09-27 17:00:00+00:00,Sun 1:00PM
195956926,NFL $10 Triple Up [Top 9 Win $30] (Early Only),153770,Classic,10.0,7,31,1,270.0,2026-09-27 17:00:00+00:00,Sun 1:00PM
195956925,NFL $10 Triple Up [Top 9 Win $30] (Early Only),153770,Classic,10.0,8,31,1,270.0,2026-09-27 17:00:00+00:00,Sun 1:00PM
195956924,NFL $10 Triple Up [Top 9 Win $30] (Early Only),153770,Classic,10.0,7,31,1,270.0,2026-09-27 17:00:00+00:00,Sun 1:00PM
195956923,NFL $10 Triple Up [Top 9 Win $30] (Early Only),153770,Classic,10.0,8,31,1,270.0,2026-09-27 17:00:00+00:00,Sun 1:00PM
195956922,NFL $10 Triple Up [Top 9 Win $30] (Early Only),153770,Classic,10.0,7,31,1,270.0,2026-09-27 17:00:00+00:00,Sun 1:00PM
195956936,NFL $5 Triple Up [Top 9 Win $15] (Early Only),153770,Classic,5.0,6,31,1,135.0,2026-09-27 17:00:00+00:00,Sun 1:00PM
195956935,NFL $5 Triple Up [Top 9 Win $15] (Early Only),153770,Classic,5.0,6,31,1,135.0,2026-09-27 17:00:00+00:00,Sun 1:00PM
195956934,NFL $5 Triple Up [Top 9 Win $15] (Early Only),153770,Classic,5.0,6,31,1,135.0,2026-09-27 17:00:00+00:00,Sun 1:00PM
195956933,NFL $5 Triple Up [Top 9 Win $15] (Early Only),153770,Classic,5.0,6,31,1,135.0,2026-09-27 17:00:00+00:00,Sun 1:00PM
195956932,NFL $5 Triple Up [Top 9 Win $15] (Early Only),153770,Classic,5.0,6,31,1,135.0,2026-09-27 17:00:00+00:00,Sun 1:00PM
195956931,NFL $5 Triple Up [Top 9 Win $15] (Early Only),153770,Classic,5.0,6,31,1,135.0,2026-09-27 17:00:00+00:00,Sun 1:00PM
195956930,NFL $5 Triple Up [Top 9 Win $15] (Early Only),153770,Classic,5.0,6,31,1,135.0,2026-09-27 17:00:00+00:00,Sun 1:00PM
195956929,NFL $5 Triple Up [Top 9 Win $15] (Early Only),153770,Classic,5.0,6,31,1,135.0,2026-09-27 17:00:00+00:00,Sun 1:00PM
195956928,NFL $5 Triple Up [Top 9 Win $15] (Early Only),153770,Classic,5.0,6,31,1,135.0,2026-09-27 17:00:00+00:00,Sun 1:00PM
195956927,NFL $5 Triple Up [Top 9 Win $15] (Early Only),153770,Classic,5.0,6,31,1,135.0,2026-09-27 17:00:00+00:00,Sun 1:00PM
195956950,NFL $1 Triple Up [Top 9 Win $3] (Early Only),153770,Classic,1.0,5,31,1,27.0,2026-09-27 17:00:00+00:00,Sun 1:00PM
195956949,NFL $1 Triple Up [Top 9 Win $3] (Early Only),153770,Classic,1.0,4,31,1,27.0,2026-09-27 17:00:00+00:00,Sun 1:00PM
195956948,NFL $1 Triple Up [Top 9 Win $3] (Early Only),153770,Classic,1.0,3,31,1,27.0,2026-09-27 17:00:00+00:00,Sun 1:00PM
195956947,NFL $1 Triple Up [Top 9 Win $3] (Early Only),153770,Classic,1.0,3,31,1,27.0,2026-09-27 17:00:00+00:00,Sun 1:00PM
195956946,NFL $1 Triple Up [Top 9 Win $3] (Early Only),153770,Classic,1.0,3,31,1,27.0,2026-09-27 17:00:00+00:00,Sun 1:00PM
195956945,NFL $1 Triple Up [Top 9 Win $3] (Early Only),153770,Classic,1.0,4,31,1,27.0,2026-09-27 17:00:00+00:00,Sun 1:00PM
195956944,NFL $1 Triple Up [Top 9 Win $3] (Early Only),153770,Classic,1.0,3,31,1,27.0,2026-09-27 17:00:00+00:00,Sun 1:00PM
195956943,NFL $1 Triple Up [Top 9 Win $3] (Early Only),153770,Classic,1.0,3,31,1,27.0,2026-09-27 17:00:00+00:00,Sun 1:00PM
195956942,NFL $1 Triple Up [Top 9 Win $3] (Early Only),153770,Classic,1.0,3,31,1,27.0,2026-09-27 17:00:00+00:00,Sun 1:00PM
195956941,NFL $1 Triple Up [Top 9 Win $3] (Early Only),153770,Classic,1.0,3,31,1,27.0,2026-09-27 17:00:00+00:00,Sun 1:00PM
195956940,NFL $1 Triple Up [Top 9 Win $3] (Early Only),153770,Classic,1.0,3,31,1,27.0,2026-09-27 17:00:00+00:00,Sun 1:00PM
195956939,NFL $1 Triple Up [Top 9 Win $3] (Early Only),153770,Classic,1.0,3,31,1,27.0,2026-09-27 17:00:00+00:00,Sun 1:00PM
195956938,NFL $1 Triple Up [Top 9 Win $3] (Early Only),153770,Classic,1.0,3,31,1,27.0,2026-09-27 17:00:00+00:00,Sun 1:00PM
195956937,NFL $1 Triple Up [Top 9 Win $3] (Early Only),153770,Classic,1.0,5,31,1,27.0,2026-09-27 17:00:00+00:00,Sun 1:00PM
195956877,NFL $100 Double Up (Early Only),153770,Classic,100.0,2,11,1,1000.0,2026-09-27 17:00:00+00:00,Sun 1:00PM
195956986,NFL $50 Double Up (Early Only),153770,Classic,50.0,2,11,1,500.0,2026-09-27 17:00:00+00:00,Sun 1:00PM
195956854,NFL $50 Double Up (Early Only),153770,Classic,50.0,2,11,1,500.0,2026-09-27 17:00:00+00:00,Sun 1:00PM
195956983,NFL $25 Double Up (Early Only),153770,Classic,25.0,4,39,1,850.0,2026-09-27 17:00:00+00:00,Sun 1:00PM
195956985,NFL $25 Double Up (Early Only),153770,Classic,25.0,3,11,1,250.0,2026-09-27 17:00:00+00:00,Sun 1:00PM
195956984,NFL $25 Double Up (Early Only),153770,Classic,25.0,2,11,1,250.0,2026-09-27 17:00:00+00:00,Sun 1:00PM
195956856,NFL $25 Double Up (Early Only),153770,Classic,25.0,2,11,1,250.0,2026-09-27 17:00:00+00:00,Sun 1:00PM
195956855,NFL $25 Double Up (Early Only),153770,Classic,25.0,2,11,1,250.0,2026-09-27 17:00:00+00:00,Sun 1:00PM
195956982,NFL $10 Double Up (Early Only),153770,Classic,10.0,4,39,1,340.0,2026-09-27 17:00:00+00:00,Sun 1:00PM
195956981,NFL $10 Double Up (Early Only),153770,Classic,10.0,5,39,1,340.0,2026-09-27 17:00:00+00:00,Sun 1:00PM
195956980,NFL $10 Double Up (Early Only),153770,Classic,10.0,4,39,1,340.0,2026-09-27 17:00:00+00:00,Sun 1:00PM
195956989,NFL $10 Double Up (Early Only),153770,Classic,10.0,3,23,1,200.0,2026-09-27 17:00:00+00:00,Sun 1:00PM
195956988,NFL $10 Double Up (Early Only),153770,Classic,10.0,3,23,1,200.0,2026-09-27 17:00:00+00:00,Sun 1:00PM
195956919,NFL $10 Double Up (Early Only),153770,Classic,10.0,3,23,1,200.0,2026-09-27 17:00:00+00:00,Sun 1:00PM
195956918,NFL $10 Double Up (Early Only),153770,Classic,10.0,3,23,1,200.0,2026-09-27 17:00:00+00:00,Sun 1:00PM
195956991,NFL $10 Double Up (Early Only),153770,Classic,10.0,2,11,1,100.0,2026-09-27 17:00:00+00:00,Sun 1:00PM
195956990,NFL $10 Double Up (Early Only),153770,Classic,10.0,2,11,1,100.0,2026-09-27 17:00:00+00:00,Sun 1:00PM
195956979,NFL $5 Double Up (Early Only),153770,Classic,5.0,3,39,1,170.0,2026-09-27 17:00:00+00:00,Sun 1:00PM
195956978,NFL $5 Double Up (Early Only),153770,Classic,5.0,3,39,1,170.0,2026-09-27 17:00:00+00:00,Sun 1:00PM
195956977,NFL $5 Double Up (Early Only),153770,Classic,5.0,3,39,1,170.0,2026-09-27 17:00:00+00:00,Sun 1:00PM
195956976,NFL $5 Double Up (Early Only),153770,Classic,5.0,3,39,1,170.0,2026-09-27 17:00:00+00:00,Sun 1:00PM
195956975,NFL $5 Double Up (Early Only),153770,Classic,5.0,3,39,1,170.0,2026-09-27 17:00:00+00:00,Sun 1:00PM
195956917,NFL $5 Double Up (Early Only),153770,Classic,5.0,3,23,1,100.0,2026-09-27 17:00:00+00:00,Sun 1:00PM
195956916,NFL $5 Double Up (Early Only),153770,Classic,5.0,3,23,1,100.0,2026-09-27 17:00:00+00:00,Sun 1:00PM
195956897,NFL $5 Double Up (Early Only),153770,Classic,5.0,3,23,1,100.0,2026-09-27 17:00:00+00:00,Sun 1:00PM
195956896,NFL $5 Double Up (Early Only),153770,Classic,5.0,3,23,1,100.0,2026-09-27 17:00:00+00:00,Sun 1:00PM
195956895,NFL $5 Double Up (Early Only),153770,Classic,5.0,4,23,1,100.0,2026-09-27 17:00:00+00:00,Sun 1:00PM
195956974,NFL $3 Double Up (Early Only),153770,Classic,3.0,3,62,1,162.0,2026-09-27 17:00:00+00:00,Sun 1:00PM
195956973,NFL $3 Double Up (Early Only),153770,Classic,3.0,4,62,1,162.0,2026-09-27 17:00:00+00:00,Sun 1:00PM
195956972,NFL $3 Double Up (Early Only),153770,Classic,3.0,3,39,1,102.0,2026-09-27 17:00:00+00:00,Sun 1:00PM
195956971,NFL $3 Double Up (Early Only),153770,Classic,3.0,3,39,1,102.0,2026-09-27 17:00:00+00:00,Sun 1:00PM
195956915,NFL $3 Double Up (Early Only),153770,Classic,3.0,3,23,1,60.0,2026-09-27 17:00:00+00:00,Sun 1:00PM
195956914,NFL $3 Double Up (Early Only),153770,Classic,3.0,3,23,1,60.0,2026-09-27 17:00:00+00:00,Sun 1:00PM
195956901,NFL $3 Double Up (Early Only),153770,Classic,3.0,3,23,1,60.0,2026-09-27 17:00:00+00:00,Sun 1:00PM
195956900,NFL $3 Double Up (Early Only),153770,Classic,3.0,3,23,1,60.0,2026-09-27 17:00:00+00:00,Sun 1:00PM
195956899,NFL $3 Double Up (Early Only),153770,Classic,3.0,3,23,1,60.0,2026-09-27 17:00:00+00:00,Sun 1:00PM
195956898,NFL $3 Double Up (Early Only),153770,Classic,3.0,3,23,1,60.0,2026-09-27 17:00:00+00:00,Sun 1:00PM
195956970,NFL $1 Double Up (Early Only),153770,Classic,1.0,9,62,1,54.0,2026-09-27 17:00:00+00:00,Sun 1:00PM
195956969,NFL $1 Double Up (Early Only),153770,Classic,1.0,4,62,1,54.0,2026-09-27 17:00:00+00:00,Sun 1:00PM
195956968,NFL $1 Double Up (Early Only),153770,Classic,1.0,4,62,1,54.0,2026-09-27 17:00:00+00:00,Sun 1:00PM
195956967,NFL $1 Double Up (Early Only),153770,Classic,1.0,6,62,1,54.0,2026-09-27 17:00:00+00:00,Sun 1:00PM
195956966,NFL $1 Double Up (Early Only),153770,Classic,1.0,6,62,1,54.0,2026-09-27 17:00:00+00:00,Sun 1:00PM
195956965,NFL $1 Double Up (Early Only),153770,Classic,1.0,4,62,1,54.0,2026-09-27 17:00:00+00:00,Sun 1:00PM
195956964,NFL $1 Double Up (Early Only),153770,Classic,1.0,4,62,1,54.0,2026-09-27 17:00:00+00:00,Sun 1:00PM
195956963,NFL $1 Double Up (Early Only),153770,Classic,1.0,4,62,1,54.0,2026-09-27 17:00:00+00:00,Sun 1:00PM
195956962,NFL $1 Double Up (Early Only),153770,Classic,1.0,4,62,1,54.0,2026-09-27 17:00:00+00:00,Sun 1:00PM
195956961,NFL $1 Double Up (Early Only),153770,Classic,1.0,4,62,1,54.0,2026-09-27 17:00:00+00:00,Sun 1:00PM
195956960,NFL $1 Double Up (Early Only),153770,Classic,1.0,3,39,1,34.0,2026-09-27 17:00:00+00:00,Sun 1:00PM
195956959,NFL $1 Double Up (Early Only),153770,Classic,1.0,3,39,1,34.0,2026-09-27 17:00:00+00:00,Sun 1:00PM
195956958,NFL $1 Double Up (Early Only),153770,Classic,1.0,3,39,1,34.0,2026-09-27 17:00:00+00:00,Sun 1:00PM
195956957,NFL $1 Double Up (Early Only),153770,Classic,1.0,3,39,1,34.0,2026-09-27 17:00:00+00:00,Sun 1:00PM
195956956,NFL $1 Double Up (Early Only),153770,Classic,1.0,3,39,1,34.0,2026-09-27 17:00:00+00:00,Sun 1:00PM
195956955,NFL $1 Double Up (Early Only),153770,Classic,1.0,3,39,1,34.0,2026-09-27 17:00:00+00:00,Sun 1:00PM
195956954,NFL $1 Double Up (Early Only),153770,Classic,1.0,3,39,1,34.0,2026-09-27 17:00:00+00:00,Sun 1:00PM
195956953,NFL $1 Double Up (Early Only),153770,Classic,1.0,3,39,1,34.0,2026-09-27 17:00:00+00:00,Sun 1:00PM
195956952,NFL $1 Double Up (Early Only),153770,Classic,1.0,3,39,1,34.0,2026-09-27 17:00:00+00:00,Sun 1:00PM
195956951,NFL $1 Double Up (Early Only),153770,Classic,1.0,3,39,1,34.0,2026-09-27 17:00:00+00:00,Sun 1:00PM
195956913,NFL $1 Double Up (Early Only),153770,Classic,1.0,3,23,1,20.0,2026-09-27 17:00:00+00:00,Sun 1:00PM
195956912,NFL $1 Double Up (Early Only),153770,Classic,1.0,3,23,1,20.0,2026-09-27 17:00:00+00:00,Sun 1:00PM
195956911,NFL $1 Double Up (Early Only),153770,Classic,1.0,3,23,1,20.0,2026-09-27 17:00:00+00:00,Sun 1:00PM
195956910,NFL $1 Double Up (Early Only),153770,Classic,1.0,3,23,1,20.0,2026-09-27 17:00:00+00:00,Sun 1:00PM
195956909,NFL $1 Double Up (Early Only),153770,Classic,1.0,3,23,1,20.0,2026-09-27 17:00:00+00:00,Sun 1:00PM
195956908,NFL $1 Double Up (Early Only),153770,Classic,1.0,3,23,1,20.0,2026-09-27 17:00:00+00:00,Sun 1:00PM
195956907,NFL $1 Double Up (Early Only),153770,Classic,1.0,3,23,1,20.0,2026-09-27 17:00:00+00:00,Sun 1:00PM
195956906,NFL $1 Double Up (Early Only),153770,Classic,1.0,3,23,1,20.0,2026-09-27 17:00:00+00:00,Sun 1:00PM
195956905,NFL $1 Double Up (Early Only),153770,Classic,1.0,3,23,1,20.0,2026-09-27 17:00:00+00:00,Sun 1:00PM
195956904,NFL $1 Double Up (Early Only),153770,Classic,1.0,3,23,1,20.0,2026-09-27 17:00:00+00:00,Sun 1:00PM
195956903,NFL $1 Double Up (Early Only),153770,Classic,1.0,3,23,1,20.0,2026-09-27 17:00:00+00:00,Sun 1:00PM
195956902,NFL $1 Double Up (Early Only),153770,Classic,1.0,3,23,1,20.0,2026-09-27 17:00:00+00:00,Sun 1:00PM
195971070,NFL FREE 200-Player (Early Only),153770,Classic,0.0,4,200,1,0.0,2026-09-27 17:00:00+00:00,Sun 1:00PM
195957251,NFL Tiers Satellite to $20 NFL Fantasy Football Millionaire,153803,Tiers,2.0,1,11,1,20.0,2026-09-27 17:00:00+00:00,Sun 1:00PM
195957250,NFL Tiers Satellite to $20 NFL Fantasy Football Millionaire,153803,Tiers,2.0,0,11,1,20.0,2026-09-27 17:00:00+00:00,Sun 1:00PM
195957249,NFL Tiers Satellite to $20 NFL Fantasy Football Millionaire,153803,Tiers,2.0,0,11,1,20.0,2026-09-27 17:00:00+00:00,Sun 1:00PM
195957255,NFL Tiers Satellite to $20 NFL Fantasy Football Millionaire,153803,Tiers,1.0,0,23,1,20.0,2026-09-27 17:00:00+00:00,Sun 1:00PM
195957254,NFL Tiers Satellite to $20 NFL Fantasy Football Millionaire,153803,Tiers,1.0,0,23,1,20.0,2026-09-27 17:00:00+00:00,Sun 1:00PM
195957253,NFL Tiers Satellite to $20 NFL Fantasy Football Millionaire,153803,Tiers,1.0,0,23,1,20.0,2026-09-27 17:00:00+00:00,Sun 1:00PM
195957252,NFL Tiers Satellite to $20 NFL Fantasy Football Millionaire,153803,Tiers,1.0,1,23,1,20.0,2026-09-27 17:00:00+00:00,Sun 1:00PM
195957257,NFL Tiers Satellite to $20 NFL Fantasy Football Millionaire,153803,Tiers,0.25,5,95,2,20.0,2026-09-27 17:00:00+00:00,Sun 1:00PM
195957256,NFL Tiers Satellite to $20 NFL Fantasy Football Millionaire,153803,Tiers,0.25,7,95,2,20.0,2026-09-27 17:00:00+00:00,Sun 1:00PM
195957259,NFL Tiers Satellite to $20 NFL Fantasy Football Millionaire,153803,Tiers,0.1,17,237,7,20.0,2026-09-27 17:00:00+00:00,Sun 1:00PM
195957258,NFL Tiers Satellite to $20 NFL Fantasy Football Millionaire,153803,Tiers,0.1,11,237,7,20.0,2026-09-27 17:00:00+00:00,Sun 1:00PM
195957204,NFL Tiers 10x Booster [Top 3 Win $20],153803,Tiers,2.0,3,35,1,60.0,2026-09-27 17:00:00+00:00,Sun 1:00PM
195957203,NFL Tiers 10x Booster [Top 3 Win $20],153803,Tiers,2.0,2,35,1,60.0,2026-09-27 17:00:00+00:00,Sun 1:00PM
195957234,NFL Tiers $5 Quintuple Up [Top 5 Win $25],153803,Tiers,5.0,4,28,1,125.0,2026-09-27 17:00:00+00:00,Sun 1:00PM
195957233,NFL Tiers $1 Quintuple Up [Top 5 Win $5],153803,Tiers,1.0,7,28,1,25.0,2026-09-27 17:00:00+00:00,Sun 1:00PM
195957232,NFL Tiers $1 Quintuple Up [Top 5 Win $5],153803,Tiers,1.0,4,28,1,25.0,2026-09-27 17:00:00+00:00,Sun 1:00PM
195957231,NFL Tiers $1 Quintuple Up [Top 5 Win $5],153803,Tiers,1.0,4,28,1,25.0,2026-09-27 17:00:00+00:00,Sun 1:00PM
195957230,NFL Tiers $1 Triple Up [Top 9 Win $3],153803,Tiers,1.0,4,31,1,27.0,2026-09-27 17:00:00+00:00,Sun 1:00PM
195957229,NFL Tiers $1 Triple Up [Top 9 Win $3],153803,Tiers,1.0,3,31,1,27.0,2026-09-27 17:00:00+00:00,Sun 1:00PM
195957228,NFL Tiers $1 Triple Up [Top 9 Win $3],153803,Tiers,1.0,2,31,1,27.0,2026-09-27 17:00:00+00:00,Sun 1:00PM
195957227,NFL Tiers $1 Triple Up [Top 9 Win $3],153803,Tiers,1.0,3,31,1,27.0,2026-09-27 17:00:00+00:00,Sun 1:00PM
195957226,NFL Tiers $1 Triple Up [Top 9 Win $3],153803,Tiers,1.0,6,31,1,27.0,2026-09-27 17:00:00+00:00,Sun 1:00PM
195957206,NFL Tiers $100 Double Up,153803,Tiers,100.0,1,11,1,1000.0,2026-09-27 17:00:00+00:00,Sun 1:00PM
195957225,NFL Tiers $25 Double Up,153803,Tiers,25.0,1,11,1,250.0,2026-09-27 17:00:00+00:00,Sun 1:00PM
195957205,NFL Tiers $25 Double Up,153803,Tiers,25.0,1,11,1,250.0,2026-09-27 17:00:00+00:00,Sun 1:00PM
195957207,NFL Tiers $10 Double Up,153803,Tiers,10.0,3,23,1,200.0,2026-09-27 17:00:00+00:00,Sun 1:00PM
195957222,NFL Tiers $10 Double Up,153803,Tiers,10.0,3,23,1,200.0,2026-09-27 17:00:00+00:00,Sun 1:00PM
195957224,NFL Tiers $10 Double Up,153803,Tiers,10.0,1,11,1,100.0,2026-09-27 17:00:00+00:00,Sun 1:00PM
195957223,NFL Tiers $10 Double Up,153803,Tiers,10.0,1,11,1,100.0,2026-09-27 17:00:00+00:00,Sun 1:00PM
195957236,NFL Tiers $5 Double Up,153803,Tiers,5.0,4,39,1,170.0,2026-09-27 17:00:00+00:00,Sun 1:00PM
195957211,NFL Tiers $5 Double Up,153803,Tiers,5.0,3,23,1,100.0,2026-09-27 17:00:00+00:00,Sun 1:00PM
195957210,NFL Tiers $5 Double Up,153803,Tiers,5.0,3,23,1,100.0,2026-09-27 17:00:00+00:00,Sun 1:00PM
195957209,NFL Tiers $5 Double Up,153803,Tiers,5.0,3,23,1,100.0,2026-09-27 17:00:00+00:00,Sun 1:00PM
195957208,NFL Tiers $5 Double Up,153803,Tiers,5.0,3,23,1,100.0,2026-09-27 17:00:00+00:00,Sun 1:00PM
195957235,NFL Tiers $3 Double Up,153803,Tiers,3.0,2,39,1,102.0,2026-09-27 17:00:00+00:00,Sun 1:00PM
195957215,NFL Tiers $3 Double Up,153803,Tiers,3.0,2,23,1,60.0,2026-09-27 17:00:00+00:00,Sun 1:00PM
195957214,NFL Tiers $3 Double Up,153803,Tiers,3.0,2,23,1,60.0,2026-09-27 17:00:00+00:00,Sun 1:00PM
195957213,NFL Tiers $3 Double Up,153803,Tiers,3.0,2,23,1,60.0,2026-09-27 17:00:00+00:00,Sun 1:00PM
195957212,NFL Tiers $3 Double Up,153803,Tiers,3.0,2,23,1,60.0,2026-09-27 17:00:00+00:00,Sun 1:00PM
195957237,NFL Tiers $1 Double Up,153803,Tiers,1.0,5,62,1,54.0,2026-09-27 17:00:00+00:00,Sun 1:00PM
195957240,NFL Tiers $1 Double Up,153803,Tiers,1.0,2,39,1,34.0,2026-09-27 17:00:00+00:00,Sun 1:00PM
195957239,NFL Tiers $1 Double Up,153803,Tiers,1.0,3,39,1,34.0,2026-09-27 17:00:00+00:00,Sun 1:00PM
195957238,NFL Tiers $1 Double Up,153803,Tiers,1.0,2,39,1,34.0,2026-09-27 17:00:00+00:00,Sun 1:00PM
195957248,NFL Tiers $1 Double Up,153803,Tiers,1.0,3,23,1,20.0,2026-09-27 17:00:00+00:00,Sun 1:00PM
195957247,NFL Tiers $1 Double Up,153803,Tiers,1.0,2,23,1,20.0,2026-09-27 17:00:00+00:00,Sun 1:00PM
195957246,NFL Tiers $1 Double Up,153803,Tiers,1.0,2,23,1,20.0,2026-09-27 17:00:00+00:00,Sun 1:00PM
195957245,NFL Tiers $1 Double Up,153803,Tiers,1.0,3,23,1,20.0,2026-09-27 17:00:00+00:00,Sun 1:00PM
195957244,NFL Tiers $1 Double Up,153803,Tiers,1.0,2,23,1,20.0,2026-09-27 17:00:00+00:00,Sun 1:00PM
195957243,NFL Tiers $1 Double Up,153803,Tiers,1.0,2,23,1,20.0,2026-09-27 17:00:00+00:00,Sun 1:00PM
195957242,NFL Tiers $1 Double Up,153803,Tiers,1.0,2,23,1,20.0,2026-09-27 17:00:00+00:00,Sun 1:00PM
195957241,NFL Tiers $1 Double Up,153803,Tiers,1.0,2,23,1,20.0,2026-09-27 17:00:00+00:00,Sun 1:00PM
195957221,NFL Tiers $1 Double Up,153803,Tiers,1.0,2,23,1,20.0,2026-09-27 17:00:00+00:00,Sun 1:00PM
195957220,NFL Tiers $1 Double Up,153803,Tiers,1.0,2,23,1,20.0,2026-09-27 17:00:00+00:00,Sun 1:00PM
195957219,NFL Tiers $1 Double Up,153803,Tiers,1.0,3,23,1,20.0,2026-09-27 17:00:00+00:00,Sun 1:00PM
195957218,NFL Tiers $1 Double Up,153803,Tiers,1.0,2,23,1,20.0,2026-09-27 17:00:00+00:00,Sun 1:00PM
195957217,NFL Tiers $1 Double Up,153803,Tiers,1.0,2,23,1,20.0,2026-09-27 17:00:00+00:00,Sun 1:00PM
195957216,NFL Tiers $1 Double Up,153803,Tiers,1.0,2,23,1,20.0,2026-09-27 17:00:00+00:00,Sun 1:00PM
195966167,NFL Tiers FREE 200-Player,153803,Tiers,0.0,15,200,1,0.0,2026-09-27 17:00:00+00:00,Sun 1:00PM
195966147,NFL Tiers FREE 75-Player,153803,Tiers,0.0,8,75,1,0.0,2026-09-27 17:00:00+00:00,Sun 1:00PM
195954706,NFL Showdown Satellite to $20 NFL Fantasy Football Millionaire (LAC @ BUF),153777,Showdown Captain Mode,2.0,0,11,1,20.0,2026-09-27 17:00:00+00:00,Sun 1:00PM
195954705,NFL Showdown Satellite to $20 NFL Fantasy Football Millionaire (LAC @ BUF),153777,Showdown Captain Mode,2.0,0,11,1,20.0,2026-09-27 17:00:00+00:00,Sun 1:00PM
195954708,NFL Showdown Satellite to $20 NFL Fantasy Football Millionaire (LAC @ BUF),153777,Showdown Captain Mode,1.0,0,23,1,20.0,2026-09-27 17:00:00+00:00,Sun 1:00PM
195954707,NFL Showdown Satellite to $20 NFL Fantasy Football Millionaire (LAC @ BUF),153777,Showdown Captain Mode,1.0,1,23,1,20.0,2026-09-27 17:00:00+00:00,Sun 1:00PM
195954710,NFL Showdown Satellite to $20 NFL Fantasy Football Millionaire (LAC @ BUF),153777,Showdown Captain Mode,0.25,1,95,2,20.0,2026-09-27 17:00:00+00:00,Sun 1:00PM
195954709,NFL Showdown Satellite to $20 NFL Fantasy Football Millionaire (LAC @ BUF),153777,Showdown Captain Mode,0.25,0,95,2,20.0,2026-09-27 17:00:00+00:00,Sun 1:00PM
195954712,NFL Showdown Satellite to $20 NFL Fantasy Football Millionaire (LAC @ BUF),153777,Showdown Captain Mode,0.1,5,237,7,20.0,2026-09-27 17:00:00+00:00,Sun 1:00PM
195954711,NFL Showdown Satellite to $20 NFL Fantasy Football Millionaire (LAC @ BUF),153777,Showdown Captain Mode,0.1,2,237,7,20.0,2026-09-27 17:00:00+00:00,Sun 1:00PM
195954672,NFL Showdown 10x Booster [Top 3 Win $50] (LAC @ BUF),153777,Showdown Captain Mode,5.0,3,35,1,150.0,2026-09-27 17:00:00+00:00,Sun 1:00PM
195954671,NFL Showdown 10x Booster [Top 3 Win $20] (LAC @ BUF),153777,Showdown Captain Mode,2.0,3,35,1,60.0,2026-09-27 17:00:00+00:00,Sun 1:00PM
195954670,NFL Showdown 10x Booster [Top 3 Win $20] (LAC @ BUF),153777,Showdown Captain Mode,2.0,2,35,1,60.0,2026-09-27 17:00:00+00:00,Sun 1:00PM
195954693,NFL Showdown $5 Quintuple Up [Top 5 Win $25] (LAC @ BUF),153777,Showdown Captain Mode,5.0,1,28,1,125.0,2026-09-27 17:00:00+00:00,Sun 1:00PM
195954692,NFL Showdown $1 Quintuple Up [Top 5 Win $5] (LAC @ BUF),153777,Showdown Captain Mode,1.0,4,28,1,25.0,2026-09-27 17:00:00+00:00,Sun 1:00PM
195954691,NFL Showdown $1 Quintuple Up [Top 5 Win $5] (LAC @ BUF),153777,Showdown Captain Mode,1.0,2,28,1,25.0,2026-09-27 17:00:00+00:00,Sun 1:00PM
195954690,NFL Showdown $1 Quintuple Up [Top 5 Win $5] (LAC @ BUF),153777,Showdown Captain Mode,1.0,3,28,1,25.0,2026-09-27 17:00:00+00:00,Sun 1:00PM
195954689,NFL Showdown $5 Triple Up [Top 9 Win $15] (LAC @ BUF),153777,Showdown Captain Mode,5.0,3,31,1,135.0,2026-09-27 17:00:00+00:00,Sun 1:00PM
195954688,NFL Showdown $1 Triple Up [Top 9 Win $3] (LAC @ BUF),153777,Showdown Captain Mode,1.0,2,31,1,27.0,2026-09-27 17:00:00+00:00,Sun 1:00PM
195954687,NFL Showdown $1 Triple Up [Top 9 Win $3] (LAC @ BUF),153777,Showdown Captain Mode,1.0,2,31,1,27.0,2026-09-27 17:00:00+00:00,Sun 1:00PM
195954686,NFL Showdown $1 Triple Up [Top 9 Win $3] (LAC @ BUF),153777,Showdown Captain Mode,1.0,2,31,1,27.0,2026-09-27 17:00:00+00:00,Sun 1:00PM
195954685,NFL Showdown $50 Double Up (LAC @ BUF),153777,Showdown Captain Mode,50.0,1,11,1,500.0,2026-09-27 17:00:00+00:00,Sun 1:00PM
195954684,NFL Showdown $25 Double Up (LAC @ BUF),153777,Showdown Captain Mode,25.0,1,11,1,250.0,2026-09-27 17:00:00+00:00,Sun 1:00PM
195954683,NFL Showdown $25 Double Up (LAC @ BUF),153777,Showdown Captain Mode,25.0,1,11,1,250.0,2026-09-27 17:00:00+00:00,Sun 1:00PM
195954673,NFL Showdown $25 Double Up (LAC @ BUF),153777,Showdown Captain Mode,25.0,1,11,1,250.0,2026-09-27 17:00:00+00:00,Sun 1:00PM
195954680,NFL Showdown $10 Double Up (LAC @ BUF),153777,Showdown Captain Mode,10.0,2,23,1,200.0,2026-09-27 17:00:00+00:00,Sun 1:00PM
195954682,NFL Showdown $10 Double Up (LAC @ BUF),153777,Showdown Captain Mode,10.0,1,11,1,100.0,2026-09-27 17:00:00+00:00,Sun 1:00PM
195954681,NFL Showdown $10 Double Up (LAC @ BUF),153777,Showdown Captain Mode,10.0,1,11,1,100.0,2026-09-27 17:00:00+00:00,Sun 1:00PM
195954679,NFL Showdown $5 Double Up (LAC @ BUF),153777,Showdown Captain Mode,5.0,2,23,1,100.0,2026-09-27 17:00:00+00:00,Sun 1:00PM
195954678,NFL Showdown $5 Double Up (LAC @ BUF),153777,Showdown Captain Mode,5.0,2,23,1,100.0,2026-09-27 17:00:00+00:00,Sun 1:00PM
195954675,NFL Showdown $5 Double Up (LAC @ BUF),153777,Showdown Captain Mode,5.0,2,23,1,100.0,2026-09-27 17:00:00+00:00,Sun 1:00PM
195954674,NFL Showdown $5 Double Up (LAC @ BUF),153777,Showdown Captain Mode,5.0,2,23,1,100.0,2026-09-27 17:00:00+00:00,Sun 1:00PM
195954694,NFL Showdown $3 Double Up (LAC @ BUF),153777,Showdown Captain Mode,3.0,1,39,1,102.0,2026-09-27 17:00:00+00:00,Sun 1:00PM
195954676,NFL Showdown $3 Double Up (LAC @ BUF),153777,Showdown Captain Mode,3.0,1,23,1,60.0,2026-09-27 17:00:00+00:00,Sun 1:00PM
195954695,NFL Showdown $1 Double Up (LAC @ BUF),153777,Showdown Captain Mode,1.0,4,62,1,54.0,2026-09-27 17:00:00+00:00,Sun 1:00PM
195954697,NFL Showdown $1 Double Up (LAC @ BUF),153777,Showdown Captain Mode,1.0,1,39,1,34.0,2026-09-27 17:00:00+00:00,Sun 1:00PM
195954696,NFL Showdown $1 Double Up (LAC @ BUF),153777,Showdown Captain Mode,1.0,1,39,1,34.0,2026-09-27 17:00:00+00:00,Sun 1:00PM
195954704,NFL Showdown $1 Double Up (LAC @ BUF),153777,Showdown Captain Mode,1.0,1,23,1,20.0,2026-09-27 17:00:00+00:00,Sun 1:00PM
195954703,NFL Showdown $1 Double Up (LAC @ BUF),153777,Showdown Captain Mode,1.0,2,23,1,20.0,2026-09-27 17:00:00+00:00,Sun 1:00PM
195954702,NFL Showdown $1 Double Up (LAC @ BUF),153777,Showdown Captain Mode,1.0,1,23,1,20.0,2026-09-27 17:00:00+00:00,Sun 1:00PM
195954677,NFL Showdown $1 Double Up (LAC @ BUF),153777,Showdown Captain Mode,1.0,1,23,1,20.0,2026-09-27 17:00:00+00:00,Sun 1:00PM
195964867,NFL Showdown FREE 100-Player (LAC @ BUF),153777,Showdown Captain Mode,0.0,8,100,1,0.0,2026-09-27 17:00:00+00:00,Sun 1:00PM
195954788,NFL Showdown Satellite to $20 NFL Fantasy Football Millionaire (NE @ JAX),153776,Showdown Captain Mode,2.0,0,11,1,20.0,2026-09-27 17:00:00+00:00,Sun 1:00PM
195954789,NFL Showdown Satellite to $20 NFL Fantasy Football Millionaire (NE @ JAX),153776,Showdown Captain Mode,1.0,1,23,1,20.0,2026-09-27 17:00:00+00:00,Sun 1:00PM
195954790,NFL Showdown Satellite to $20 NFL Fantasy Football Millionaire (NE @ JAX),153776,Showdown Captain Mode,0.25,1,95,2,20.0,2026-09-27 17:00:00+00:00,Sun 1:00PM
195954791,NFL Showdown Satellite to $20 NFL Fantasy Football Millionaire (NE @ JAX),153776,Showdown Captain Mode,0.1,6,237,7,20.0,2026-09-27 17:00:00+00:00,Sun 1:00PM
195954785,NFL Showdown $25 Double Up (NE @ JAX),153776,Showdown Captain Mode,25.0,1,11,1,250.0,2026-09-27 17:00:00+00:00,Sun 1:00PM
195954784,NFL Showdown $10 Double Up (NE @ JAX),153776,Showdown Captain Mode,10.0,1,11,1,100.0,2026-09-27 17:00:00+00:00,Sun 1:00PM
195954783,NFL Showdown $5 Double Up (NE @ JAX),153776,Showdown Captain Mode,5.0,2,23,1,100.0,2026-09-27 17:00:00+00:00,Sun 1:00PM
195954782,NFL Showdown $1 Double Up (NE @ JAX),153776,Showdown Captain Mode,1.0,4,23,1,20.0,2026-09-27 17:00:00+00:00,Sun 1:00PM
195954787,NFL Showdown $1 Double Up (NE @ JAX),153776,Showdown Captain Mode,1.0,1,23,1,20.0,2026-09-27 17:00:00+00:00,Sun 1:00PM
195954798,NFL Showdown Satellite to $20 NFL Fantasy Football Millionaire (CIN @ PIT),153778,Showdown Captain Mode,2.0,1,11,1,20.0,2026-09-27 17:00:00+00:00,Sun 1:00PM
195954799,NFL Showdown Satellite to $20 NFL Fantasy Football Millionaire (CIN @ PIT),153778,Showdown Captain Mode,1.0,1,23,1,20.0,2026-09-27 17:00:00+00:00,Sun 1:00PM
195954800,NFL Showdown Satellite to $20 NFL Fantasy Football Millionaire (CIN @ PIT),153778,Showdown Captain Mode,0.25,2,95,2,20.0,2026-09-27 17:00:00+00:00,Sun 1:00PM
195954801,NFL Showdown Satellite to $20 NFL Fantasy Football Millionaire (CIN @ PIT),153778,Showdown Captain Mode,0.1,2,237,7,20.0,2026-09-27 17:00:00+00:00,Sun 1:00PM
195954795,NFL Showdown $25 Double Up (CIN @ PIT),153778,Showdown Captain Mode,25.0,1,11,1,250.0,2026-09-27 17:00:00+00:00,Sun 1:00PM
195954794,NFL Showdown $10 Double Up (CIN @ PIT),153778,Showdown Captain Mode,10.0,1,11,1,100.0,2026-09-27 17:00:00+00:00,Sun 1:00PM
195954793,NFL Showdown $5 Double Up (CIN @ PIT),153778,Showdown Captain Mode,5.0,2,23,1,100.0,2026-09-27 17:00:00+00:00,Sun 1:00PM
195954792,NFL Showdown $1 Double Up (CIN @ PIT),153778,Showdown Captain Mode,1.0,3,23,1,20.0,2026-09-27 17:00:00+00:00,Sun 1:00PM
195954797,NFL Showdown $1 Double Up (CIN @ PIT),153778,Showdown Captain Mode,1.0,1,23,1,20.0,2026-09-27 17:00:00+00:00,Sun 1:00PM
195954808,NFL Showdown Satellite to $20 NFL Fantasy Football Millionaire (HOU @ IND),153779,Showdown Captain Mode,2.0,0,11,1,20.0,2026-09-27 17:00:00+00:00,Sun 1:00PM
195954809,NFL Showdown Satellite to $20 NFL Fantasy Football Millionaire (HOU @ IND),153779,Showdown Captain Mode,1.0,1,23,1,20.0,2026-09-27 17:00:00+00:00,Sun 1:00PM
195954810,NFL Showdown Satellite to $20 NFL Fantasy Football Millionaire (HOU @ IND),153779,Showdown Captain Mode,0.25,1,95,2,20.0,2026-09-27 17:00:00+00:00,Sun 1:00PM
195954811,NFL Showdown Satellite to $20 NFL Fantasy Football Millionaire (HOU @ IND),153779,Showdown Captain Mode,0.1,2,237,7,20.0,2026-09-27 17:00:00+00:00,Sun 1:00PM
195954805,NFL Showdown $25 Double Up (HOU @ IND),153779,Showdown Captain Mode,25.0,1,11,1,250.0,2026-09-27 17:00:00+00:00,Sun 1:00PM
195954804,NFL Showdown $10 Double Up (HOU @ IND),153779,Showdown Captain Mode,10.0,1,11,1,100.0,2026-09-27 17:00:00+00:00,Sun 1:00PM
195954803,NFL Showdown $5 Double Up (HOU @ IND),153779,Showdown Captain Mode,5.0,2,23,1,100.0,2026-09-27 17:00:00+00:00,Sun 1:00PM
195954802,NFL Showdown $1 Double Up (HOU @ IND),153779,Showdown Captain Mode,1.0,3,23,1,20.0,2026-09-27 17:00:00+00:00,Sun 1:00PM
195954807,NFL Showdown $1 Double Up (HOU @ IND),153779,Showdown Captain Mode,1.0,1,23,1,20.0,2026-09-27 17:00:00+00:00,Sun 1:00PM
195954818,NFL Showdown Satellite to $20 NFL Fantasy Football Millionaire (KC @ MIA),153780,Showdown Captain Mode,2.0,0,11,1,20.0,2026-09-27 17:00:00+00:00,Sun 1:00PM
195954819,NFL Showdown Satellite to $20 NFL Fantasy Football Millionaire (KC @ MIA),153780,Showdown Captain Mode,1.0,1,23,1,20.0,2026-09-27 17:00:00+00:00,Sun 1:00PM
195954820,NFL Showdown Satellite to $20 NFL Fantasy Football Millionaire (KC @ MIA),153780,Showdown Captain Mode,0.25,4,95,2,20.0,2026-09-27 17:00:00+00:00,Sun 1:00PM
195954821,NFL Showdown Satellite to $20 NFL Fantasy Football Millionaire (KC @ MIA),153780,Showdown Captain Mode,0.1,4,237,7,20.0,2026-09-27 17:00:00+00:00,Sun 1:00PM
195954815,NFL Showdown $25 Double Up (KC @ MIA),153780,Showdown Captain Mode,25.0,1,11,1,250.0,2026-09-27 17:00:00+00:00,Sun 1:00PM
195954814,NFL Showdown $10 Double Up (KC @ MIA),153780,Showdown Captain Mode,10.0,1,11,1,100.0,2026-09-27 17:00:00+00:00,Sun 1:00PM
195954813,NFL Showdown $5 Double Up (KC @ MIA),153780,Showdown Captain Mode,5.0,3,23,1,100.0,2026-09-27 17:00:00+00:00,Sun 1:00PM
195954812,NFL Showdown $1 Double Up (KC @ MIA),153780,Showdown Captain Mode,1.0,2,23,1,20.0,2026-09-27 17:00:00+00:00,Sun 1:00PM
195954817,NFL Showdown $1 Double Up (KC @ MIA),153780,Showdown Captain Mode,1.0,3,23,1,20.0,2026-09-27 17:00:00+00:00,Sun 1:00PM
195960145,NFL Showdown FREE 200-Player (KC @ MIA),153780,Showdown Captain Mode,0.0,11,200,1,0.0,2026-09-27 17:00:00+00:00,Sun 1:00PM
195954828,NFL Showdown Satellite to $20 NFL Fantasy Football Millionaire (SEA @ WAS),153781,Showdown Captain Mode,2.0,1,11,1,20.0,2026-09-27 17:00:00+00:00,Sun 1:00PM
195954829,NFL Showdown Satellite to $20 NFL Fantasy Football Millionaire (SEA @ WAS),153781,Showdown Captain Mode,1.0,1,23,1,20.0,2026-09-27 17:00:00+00:00,Sun 1:00PM
195954830,NFL Showdown Satellite to $20 NFL Fantasy Football Millionaire (SEA @ WAS),153781,Showdown Captain Mode,0.25,1,95,2,20.0,2026-09-27 17:00:00+00:00,Sun 1:00PM
195954831,NFL Showdown Satellite to $20 NFL Fantasy Football Millionaire (SEA @ WAS),153781,Showdown Captain Mode,0.1,1,237,7,20.0,2026-09-27 17:00:00+00:00,Sun 1:00PM
195954825,NFL Showdown $25 Double Up (SEA @ WAS),153781,Showdown Captain Mode,25.0,1,11,1,250.0,2026-09-27 17:00:00+00:00,Sun 1:00PM
195954824,NFL Showdown $10 Double Up (SEA @ WAS),153781,Showdown Captain Mode,10.0,1,11,1,100.0,2026-09-27 17:00:00+00:00,Sun 1:00PM
195954823,NFL Showdown $5 Double Up (SEA @ WAS),153781,Showdown Captain Mode,5.0,2,23,1,100.0,2026-09-27 17:00:00+00:00,Sun 1:00PM
195954822,NFL Showdown $1 Double Up (SEA @ WAS),153781,Showdown Captain Mode,1.0,3,23,1,20.0,2026-09-27 17:00:00+00:00,Sun 1:00PM
195954827,NFL Showdown $1 Double Up (SEA @ WAS),153781,Showdown Captain Mode,1.0,1,23,1,20.0,2026-09-27 17:00:00+00:00,Sun 1:00PM
195954838,NFL Showdown Satellite to $20 NFL Fantasy Football Millionaire (TEN @ NYG),153782,Showdown Captain Mode,2.0,0,11,1,20.0,2026-09-27 17:00:00+00:00,Sun 1:00PM
195954839,NFL Showdown Satellite to $20 NFL Fantasy Football Millionaire (TEN @ NYG),153782,Showdown Captain Mode,1.0,1,23,1,20.0,2026-09-27 17:00:00+00:00,Sun 1:00PM
195954840,NFL Showdown Satellite to $20 NFL Fantasy Football Millionaire (TEN @ NYG),153782,Showdown Captain Mode,0.25,1,95,2,20.0,2026-09-27 17:00:00+00:00,Sun 1:00PM
195954841,NFL Showdown Satellite to $20 NFL Fantasy Football Millionaire (TEN @ NYG),153782,Showdown Captain Mode,0.1,2,237,7,20.0,2026-09-27 17:00:00+00:00,Sun 1:00PM
195954835,NFL Showdown $25 Double Up (TEN @ NYG),153782,Showdown Captain Mode,25.0,1,11,1,250.0,2026-09-27 17:00:00+00:00,Sun 1:00PM
195954834,NFL Showdown $10 Double Up (TEN @ NYG),153782,Showdown Captain Mode,10.0,1,11,1,100.0,2026-09-27 17:00:00+00:00,Sun 1:00PM
195954833,NFL Showdown $5 Double Up (TEN @ NYG),153782,Showdown Captain Mode,5.0,2,23,1,100.0,2026-09-27 17:00:00+00:00,Sun 1:00PM
195954832,NFL Showdown $1 Double Up (TEN @ NYG),153782,Showdown Captain Mode,1.0,2,23,1,20.0,2026-09-27 17:00:00+00:00,Sun 1:00PM
195954837,NFL Showdown $1 Double Up (TEN @ NYG),153782,Showdown Captain Mode,1.0,1,23,1,20.0,2026-09-27 17:00:00+00:00,Sun 1:00PM
195954848,NFL Showdown Satellite to $20 NFL Fantasy Football Millionaire (NYJ @ DET),153783,Showdown Captain Mode,2.0,0,11,1,20.0,2026-09-27 17:00:00+00:00,Sun 1:00PM
195954849,NFL Showdown Satellite to $20 NFL Fantasy Football Millionaire (NYJ @ DET),153783,Showdown Captain Mode,1.0,1,23,1,20.0,2026-09-27 17:00:00+00:00,Sun 1:00PM
195954850,NFL Showdown Satellite to $20 NFL Fantasy Football Millionaire (NYJ @ DET),153783,Showdown Captain Mode,0.25,3,95,2,20.0,2026-09-27 17:00:00+00:00,Sun 1:00PM
195954851,NFL Showdown Satellite to $20 NFL Fantasy Football Millionaire (NYJ @ DET),153783,Showdown Captain Mode,0.1,7,237,7,20.0,2026-09-27 17:00:00+00:00,Sun 1:00PM
195954845,NFL Showdown $25 Double Up (NYJ @ DET),153783,Showdown Captain Mode,25.0,1,11,1,250.0,2026-09-27 17:00:00+00:00,Sun 1:00PM
195954844,NFL Showdown $10 Double Up (NYJ @ DET),153783,Showdown Captain Mode,10.0,1,11,1,100.0,2026-09-27 17:00:00+00:00,Sun 1:00PM
195954843,NFL Showdown $5 Double Up (NYJ @ DET),153783,Showdown Captain Mode,5.0,2,23,1,100.0,2026-09-27 17:00:00+00:00,Sun 1:00PM
195954842,NFL Showdown $1 Double Up (NYJ @ DET),153783,Showdown Captain Mode,1.0,3,23,1,20.0,2026-09-27 17:00:00+00:00,Sun 1:00PM
195954847,NFL Showdown $1 Double Up (NYJ @ DET),153783,Showdown Captain Mode,1.0,1,23,1,20.0,2026-09-27 17:00:00+00:00,Sun 1:00PM
195954858,NFL Showdown Satellite to $20 NFL Fantasy Football Millionaire (CAR @ CLE),153784,Showdown Captain Mode,2.0,0,11,1,20.0,2026-09-27 17:00:00+00:00,Sun 1:00PM
195954859,NFL Showdown Satellite to $20 NFL Fantasy Football Millionaire (CAR @ CLE),153784,Showdown Captain Mode,1.0,1,23,1,20.0,2026-09-27 17:00:00+00:00,Sun 1:00PM
195954860,NFL Showdown Satellite to $20 NFL Fantasy Football Millionaire (CAR @ CLE),153784,Showdown Captain Mode,0.25,2,95,2,20.0,2026-09-27 17:00:00+00:00,Sun 1:00PM
195954861,NFL Showdown Satellite to $20 NFL Fantasy Football Millionaire (CAR @ CLE),153784,Showdown Captain Mode,0.1,2,237,7,20.0,2026-09-27 17:00:00+00:00,Sun 1:00PM
195954855,NFL Showdown $25 Double Up (CAR @ CLE),153784,Showdown Captain Mode,25.0,1,11,1,250.0,2026-09-27 17:00:00+00:00,Sun 1:00PM
195954854,NFL Showdown $10 Double Up (CAR @ CLE),153784,Showdown Captain Mode,10.0,1,11,1,100.0,2026-09-27 17:00:00+00:00,Sun 1:00PM
195954853,NFL Showdown $5 Double Up (CAR @ CLE),153784,Showdown Captain Mode,5.0,2,23,1,100.0,2026-09-27 17:00:00+00:00,Sun 1:00PM
195954852,NFL Showdown $1 Double Up (CAR @ CLE),153784,Showdown Captain Mode,1.0,2,23,1,20.0,2026-09-27 17:00:00+00:00,Sun 1:00PM
195954857,NFL Showdown $1 Double Up (CAR @ CLE),153784,Showdown Captain Mode,1.0,1,23,1,20.0,2026-09-27 17:00:00+00:00,Sun 1:00PM
195957157,NFL Satellite to $20 NFL Fantasy Football Millionaire (Sun-Mon),153771,Classic,2.0,0,11,1,20.0,2026-09-27 17:00:00+00:00,Sun 1:00PM
195957156,NFL Satellite to $20 NFL Fantasy Football Millionaire (Sun-Mon),153771,Classic,2.0,0,11,1,20.0,2026-09-27 17:00:00+00:00,Sun 1:00PM
195957160,NFL Satellite to $20 NFL Fantasy Football Millionaire (Sun-Mon),153771,Classic,1.0,2,23,1,20.0,2026-09-27 17:00:00+00:00,Sun 1:00PM
195957159,NFL Satellite to $20 NFL Fantasy Football Millionaire (Sun-Mon),153771,Classic,1.0,0,23,1,20.0,2026-09-27 17:00:00+00:00,Sun 1:00PM
195957158,NFL Satellite to $20 NFL Fantasy Football Millionaire (Sun-Mon),153771,Classic,1.0,0,23,1,20.0,2026-09-27 17:00:00+00:00,Sun 1:00PM
195957161,NFL Satellite to $20 NFL Fantasy Football Millionaire (Sun-Mon),153771,Classic,0.25,1,95,2,20.0,2026-09-27 17:00:00+00:00,Sun 1:00PM
195957162,NFL Satellite to $20 NFL Fantasy Football Millionaire (Sun-Mon),153771,Classic,0.1,0,237,7,20.0,2026-09-27 17:00:00+00:00,Sun 1:00PM
195957143,NFL 10x Booster [Top 3 Win $50] (Sun-Mon),153771,Classic,5.0,3,35,1,150.0,2026-09-27 17:00:00+00:00,Sun 1:00PM
195957142,NFL 10x Booster [Top 3 Win $20] (Sun-Mon),153771,Classic,2.0,4,35,1,60.0,2026-09-27 17:00:00+00:00,Sun 1:00PM
195957141,NFL 10x Booster [Top 3 Win $20] (Sun-Mon),153771,Classic,2.0,6,35,1,60.0,2026-09-27 17:00:00+00:00,Sun 1:00PM
195957155,NFL $5 Quintuple Up [Top 5 Win $25] (Sun-Mon),153771,Classic,5.0,2,28,1,125.0,2026-09-27 17:00:00+00:00,Sun 1:00PM
195957154,NFL $1 Quintuple Up [Top 5 Win $5] (Sun-Mon),153771,Classic,1.0,3,28,1,25.0,2026-09-27 17:00:00+00:00,Sun 1:00PM
195957153,NFL $1 Quintuple Up [Top 5 Win $5] (Sun-Mon),153771,Classic,1.0,2,28,1,25.0,2026-09-27 17:00:00+00:00,Sun 1:00PM
195957136,NFL $5 Triple Up [Top 9 Win $15] (Sun-Mon),153771,Classic,5.0,6,31,1,135.0,2026-09-27 17:00:00+00:00,Sun 1:00PM
195957135,NFL $1 Triple Up [Top 9 Win $3] (Sun-Mon),153771,Classic,1.0,3,31,1,27.0,2026-09-27 17:00:00+00:00,Sun 1:00PM
195957134,NFL $1 Triple Up [Top 9 Win $3] (Sun-Mon),153771,Classic,1.0,3,31,1,27.0,2026-09-27 17:00:00+00:00,Sun 1:00PM
195957133,NFL $1 Triple Up [Top 9 Win $3] (Sun-Mon),153771,Classic,1.0,3,31,1,27.0,2026-09-27 17:00:00+00:00,Sun 1:00PM
195957132,NFL $1 Triple Up [Top 9 Win $3] (Sun-Mon),153771,Classic,1.0,3,31,1,27.0,2026-09-27 17:00:00+00:00,Sun 1:00PM
195957131,NFL $1 Triple Up [Top 9 Win $3] (Sun-Mon),153771,Classic,1.0,4,31,1,27.0,2026-09-27 17:00:00+00:00,Sun 1:00PM
195957130,NFL $50 Double Up (Sun-Mon),153771,Classic,50.0,3,11,1,500.0,2026-09-27 17:00:00+00:00,Sun 1:00PM
195957129,NFL $25 Double Up (Sun-Mon),153771,Classic,25.0,3,11,1,250.0,2026-09-27 17:00:00+00:00,Sun 1:00PM
195957128,NFL $25 Double Up (Sun-Mon),153771,Classic,25.0,3,11,1,250.0,2026-09-27 17:00:00+00:00,Sun 1:00PM
195957127,NFL $25 Double Up (Sun-Mon),153771,Classic,25.0,3,11,1,250.0,2026-09-27 17:00:00+00:00,Sun 1:00PM
195957126,NFL $10 Double Up (Sun-Mon),153771,Classic,10.0,4,11,1,100.0,2026-09-27 17:00:00+00:00,Sun 1:00PM
195957125,NFL $10 Double Up (Sun-Mon),153771,Classic,10.0,4,11,1,100.0,2026-09-27 17:00:00+00:00,Sun 1:00PM
195957124,NFL $10 Double Up (Sun-Mon),153771,Classic,10.0,4,11,1,100.0,2026-09-27 17:00:00+00:00,Sun 1:00PM
195957144,NFL $5 Double Up (Sun-Mon),153771,Classic,5.0,5,23,1,100.0,2026-09-27 17:00:00+00:00,Sun 1:00PM
195957123,NFL $5 Double Up (Sun-Mon),153771,Classic,5.0,5,23,1,100.0,2026-09-27 17:00:00+00:00,Sun 1:00PM
195957122,NFL $5 Double Up (Sun-Mon),153771,Classic,5.0,5,23,1,100.0,2026-09-27 17:00:00+00:00,Sun 1:00PM
195957121,NFL $5 Double Up (Sun-Mon),153771,Classic,5.0,5,23,1,100.0,2026-09-27 17:00:00+00:00,Sun 1:00PM
195957140,NFL $3 Double Up (Sun-Mon),153771,Classic,3.0,3,39,1,102.0,2026-09-27 17:00:00+00:00,Sun 1:00PM
195957120,NFL $3 Double Up (Sun-Mon),153771,Classic,3.0,2,23,1,60.0,2026-09-27 17:00:00+00:00,Sun 1:00PM
195957119,NFL $3 Double Up (Sun-Mon),153771,Classic,3.0,3,23,1,60.0,2026-09-27 17:00:00+00:00,Sun 1:00PM
195957139,NFL $1 Double Up (Sun-Mon),153771,Classic,1.0,8,39,1,34.0,2026-09-27 17:00:00+00:00,Sun 1:00PM
195957138,NFL $1 Double Up (Sun-Mon),153771,Classic,1.0,3,39,1,34.0,2026-09-27 17:00:00+00:00,Sun 1:00PM
195957137,NFL $1 Double Up (Sun-Mon),153771,Classic,1.0,4,39,1,34.0,2026-09-27 17:00:00+00:00,Sun 1:00PM
195957118,NFL $1 Double Up (Sun-Mon),153771,Classic,1.0,3,23,1,20.0,2026-09-27 17:00:00+00:00,Sun 1:00PM
195957117,NFL $1 Double Up (Sun-Mon),153771,Classic,1.0,4,23,1,20.0,2026-09-27 17:00:00+00:00,Sun 1:00PM
195957116,NFL $1 Double Up (Sun-Mon),153771,Classic,1.0,3,23,1,20.0,2026-09-27 17:00:00+00:00,Sun 1:00PM
195957152,NFL $1 Double Up (Sun-Mon),153771,Classic,1.0,3,23,1,20.0,2026-09-27 17:00:00+00:00,Sun 1:00PM
195957151,NFL $1 Double Up (Sun-Mon),153771,Classic,1.0,3,23,1,20.0,2026-09-27 17:00:00+00:00,Sun 1:00PM
195957150,NFL $1 Double Up (Sun-Mon),153771,Classic,1.0,3,23,1,20.0,2026-09-27 17:00:00+00:00,Sun 1:00PM
195957149,NFL $1 Double Up (Sun-Mon),153771,Classic,1.0,3,23,1,20.0,2026-09-27 17:00:00+00:00,Sun 1:00PM
195957148,NFL $1 Double Up (Sun-Mon),153771,Classic,1.0,2,23,1,20.0,2026-09-27 17:00:00+00:00,Sun 1:00PM
195957147,NFL $1 Double Up (Sun-Mon),153771,Classic,1.0,2,23,1,20.0,2026-09-27 17:00:00+00:00,Sun 1:00PM
195928720,NFL Single Stat $20 10-Player [Top 2 Win] (Touchdowns),153805,Single Stat - Touchdowns,20.0,0,10,1,180.0,2026-09-27 17:00:00+00:00,Sun 1:00PM
195928719,NFL Single Stat $20 10-Player [Top 2 Win] (Touchdowns),153805,Single Stat - Touchdowns,20.0,0,10,1,180.0,2026-09-27 17:00:00+00:00,Sun 1:00PM
195928718,NFL Single Stat $10 10-Player [Top 2 Win] (Touchdowns),153805,Single Stat - Touchdowns,10.0,0,10,1,90.0,2026-09-27 17:00:00+00:00,Sun 1:00PM
195928717,NFL Single Stat $10 10-Player [Top 2 Win] (Touchdowns),153805,Single Stat - Touchdowns,10.0,0,10,1,90.0,2026-09-27 17:00:00+00:00,Sun 1:00PM
195928716,NFL Single Stat $5 10-Player [Top 2 Win] (Touchdowns),153805,Single Stat - Touchdowns,5.0,1,10,1,45.0,2026-09-27 17:00:00+00:00,Sun 1:00PM
195928715,NFL Single Stat $5 10-Player [Top 2 Win] (Touchdowns),153805,Single Stat - Touchdowns,5.0,0,10,1,45.0,2026-09-27 17:00:00+00:00,Sun 1:00PM
195928714,NFL Single Stat $2 10-Player [Top 2 Win] (Touchdowns),153805,Single Stat - Touchdowns,2.0,3,10,1,18.0,2026-09-27 17:00:00+00:00,Sun 1:00PM
195928713,NFL Single Stat $2 10-Player [Top 2 Win] (Touchdowns),153805,Single Stat - Touchdowns,2.0,0,10,1,18.0,2026-09-27 17:00:00+00:00,Sun 1:00PM
195928712,NFL Single Stat $1 10-Player [Top 2 Win] (Touchdowns),153805,Single Stat - Touchdowns,1.0,3,10,1,9.0,2026-09-27 17:00:00+00:00,Sun 1:00PM
195928711,NFL Single Stat $1 10-Player [Top 2 Win] (Touchdowns),153805,Single Stat - Touchdowns,1.0,1,10,1,9.0,2026-09-27 17:00:00+00:00,Sun 1:00PM
195964055,NFL Best Ball $10 12-Player (W3-W17 Sit + Go),153694,Best Ball,10.0,3,12,1,108.0,2026-09-24 22:13:00+00:00,Thu 6:13PM
195968458,NFL Best Ball $1 12-Player (W3-W17 Sit + Go),153694,Best Ball,1.0,2,12,1,10.8,2026-09-24 22:13:00+00:00,Thu 6:13PM
195967931,NFL Best Ball $5 12-Player (W3-W17 Sit + Go),153694,Best Ball,5.0,1,12,1,54.0,2026-09-24 22:13:00+00:00,Thu 6:13PM
195806387,NFL Best Ball $20 12-Player (W3-W17 Sit + Go),153694,Best Ball,20.0,4,12,1,216.0,2026-09-24 22:13:00+00:00,Thu 6:13PM
195806389,NFL Best Ball $50 12-Player (W3-W17 Sit + Go),153694,Best Ball,50.0,0,12,1,540.0,2026-09-24 22:13:00+00:00,Thu 6:13PM
195806388,NFL Best Ball $109 12-Player (W3-W17 Sit + Go),153694,Best Ball,109.0,0,12,1,1200.0,2026-09-24 22:13:00+00:00,Thu 6:13PM
195806392,NFL Best Ball $215 12-Player (W3-W17 Sit + Go),153694,Best Ball,215.0,0,12,1,2400.0,2026-09-24 22:13:00+00:00,Thu 6:13PM
195806394,NFL Best Ball $530 12-Player (W3-W17 Sit + Go),153694,Best Ball,530.0,0,12,1,6000.0,2026-09-24 22:13:00+00:00,Thu 6:13PM
195806396,"NFL Best Ball $1,060 12-Player (W3-W17 Sit + Go)",153694,Best Ball,1060.0,0,12,1,12000.0,2026-09-24 22:13:00+00:00,Thu 6:13PM
195806380,NFL Best Ball $20 6-Player (W3-W17 Sit + Go),153694,Best Ball,20.0,1,6,1,108.0,2026-09-24 23:13:00+00:00,Thu 7:13PM
195806382,NFL Best Ball $50 6-Player (W3-W17 Sit + Go),153694,Best Ball,50.0,1,6,1,270.0,2026-09-24 23:13:00+00:00,Thu 7:13PM
195959741,NFL Best Ball $10 6-Player (W3-W17 Sit + Go),153694,Best Ball,10.0,0,6,1,54.0,2026-09-24 23:13:00+00:00,Thu 7:13PM
195973511,NFL Best Ball $1 6-Player (W3-W17 Sit + Go),153694,Best Ball,1.0,0,6,1,5.4,2026-09-24 23:13:00+00:00,Thu 7:13PM
195924238,NFL Best Ball $5 6-Player (W3-W17 Sit + Go),153694,Best Ball,5.0,0,6,1,27.0,2026-09-24 23:13:00+00:00,Thu 7:13PM
195806375,NFL Best Ball $109 6-Player (W3-W17 Sit + Go),153694,Best Ball,109.0,0,6,1,600.0,2026-09-24 23:13:00+00:00,Thu 7:13PM
195806391,NFL Best Ball $215 6-Player (W3-W17 Sit + Go),153694,Best Ball,215.0,0,6,1,1200.0,2026-09-24 23:13:00+00:00,Thu 7:13PM
195806393,NFL Best Ball $530 6-Player (W3-W17 Sit + Go),153694,Best Ball,530.0,0,6,1,3000.0,2026-09-24 23:13:00+00:00,Thu 7:13PM
195806395,"NFL Best Ball $1,060 6-Player (W3-W17 Sit + Go)",153694,Best Ball,1060.0,0,6,1,6000.0,2026-09-24 23:13:00+00:00,Thu 7:13PM
195927091,NFL Snake $10 12-Player (Thu-Mon),153797,Snake,10.0,1,12,1,108.0,2026-09-24 23:31:00+00:00,Thu 7:31PM
195968371,NFL Snake $1 12-Player (Thu-Mon),153797,Snake,1.0,4,12,1,10.8,2026-09-24 23:31:00+00:00,Thu 7:31PM
195927088,NFL Snake $5 12-Player (Thu-Mon),153797,Snake,5.0,2,12,1,54.0,2026-09-24 23:31:00+00:00,Thu 7:31PM
195927094,NFL Snake $20 12-Player (Thu-Mon),153797,Snake,20.0,2,12,1,216.0,2026-09-24 23:31:00+00:00,Thu 7:31PM
195927096,NFL Snake $50 12-Player (Thu-Mon),153797,Snake,50.0,0,12,1,540.0,2026-09-24 23:31:00+00:00,Thu 7:31PM
195967286,NFL Best Ball $20 3-Player (W3-W17 Sit + Go),153694,Best Ball,20.0,1,3,1,54.0,2026-09-24 23:43:00+00:00,Thu 7:43PM
195973434,NFL Best Ball $10 3-Player (W3-W17 Sit + Go),153694,Best Ball,10.0,0,3,1,27.0,2026-09-24 23:43:00+00:00,Thu 7:43PM
195972986,NFL Best Ball $1 3-Player (W3-W17 Sit + Go),153694,Best Ball,1.0,0,3,1,2.7,2026-09-24 23:43:00+00:00,Thu 7:43PM
195969073,NFL Best Ball $5 3-Player (W3-W17 Sit + Go),153694,Best Ball,5.0,0,3,1,13.5,2026-09-24 23:43:00+00:00,Thu 7:43PM
195806381,NFL Best Ball $50 3-Player (W3-W17 Sit + Go),153694,Best Ball,50.0,0,3,1,135.0,2026-09-24 23:43:00+00:00,Thu 7:43PM
195927384,NFL Best Ball $109 3-Player (W3-W17 Sit + Go),153694,Best Ball,109.0,0,3,1,300.0,2026-09-24 23:43:00+00:00,Thu 7:43PM
195806390,NFL Best Ball $215 3-Player (W3-W17 Sit + Go),153694,Best Ball,215.0,0,3,1,600.0,2026-09-24 23:43:00+00:00,Thu 7:43PM
195806383,NFL Best Ball $530 3-Player (W3-W17 Sit + Go),153694,Best Ball,530.0,0,3,1,1500.0,2026-09-24 23:43:00+00:00,Thu 7:43PM
195806376,"NFL Best Ball $1,060 3-Player (W3-W17 Sit + Go)",153694,Best Ball,1060.0,0,3,1,3000.0,2026-09-24 23:43:00+00:00,Thu 7:43PM
195968706,NFL Snake $10 6-Player (Thu-Mon),153797,Snake,10.0,1,6,1,54.0,2026-09-24 23:52:00+00:00,Thu 7:52PM
195967573,NFL Snake $1 6-Player (Thu-Mon),153797,Snake,1.0,1,6,1,5.4,2026-09-24 23:52:00+00:00,Thu 7:52PM
195968619,NFL Snake $5 6-Player (Thu-Mon),153797,Snake,5.0,1,6,1,27.0,2026-09-24 23:52:00+00:00,Thu 7:52PM
195969094,NFL Snake $5 6-Player (Thu-Mon),153797,Snake,5.0,1,6,1,27.0,2026-09-24 23:52:00+00:00,Thu 7:52PM
195927093,NFL Snake $20 6-Player (Thu-Mon),153797,Snake,20.0,1,6,1,108.0,2026-09-24 23:52:00+00:00,Thu 7:52PM
195968042,NFL Snake $20 6-Player (Thu-Mon),153797,Snake,20.0,1,6,1,108.0,2026-09-24 23:52:00+00:00,Thu 7:52PM
195974237,NFL Snake $10 6-Player (Thu-Mon),153797,Snake,10.0,0,6,1,54.0,2026-09-24 23:52:00+00:00,Thu 7:52PM
195970652,NFL Snake $1 6-Player (Thu-Mon),153797,Snake,1.0,0,6,1,5.4,2026-09-24 23:52:00+00:00,Thu 7:52PM
195927095,NFL Snake $50 6-Player (Thu-Mon),153797,Snake,50.0,0,6,1,270.0,2026-09-24 23:52:00+00:00,Thu 7:52PM
195927097,NFL Snake $109 6-Player (Thu-Mon),153797,Snake,109.0,0,6,1,600.0,2026-09-24 23:52:00+00:00,Thu 7:52PM
195927098,NFL Snake $530 6-Player (Thu-Mon),153797,Snake,530.0,0,6,1,3000.0,2026-09-24 23:52:00+00:00,Thu 7:52PM
195970274,NFL Snake $10 3-Player (Thu-Mon),153797,Snake,10.0,1,3,1,27.0,2026-09-25 00:02:00+00:00,Thu 8:02PM
195970690,NFL Snake $10 3-Player (Thu-Mon),153797,Snake,10.0,1,3,1,27.0,2026-09-25 00:02:00+00:00,Thu 8:02PM
195972922,NFL Snake $10 3-Player (Thu-Mon),153797,Snake,10.0,1,3,1,27.0,2026-09-25 00:02:00+00:00,Thu 8:02PM
195971209,NFL Snake $5 3-Player (Thu-Mon),153797,Snake,5.0,1,3,1,13.5,2026-09-25 00:02:00+00:00,Thu 8:02PM
195973018,NFL Snake $5 3-Player (Thu-Mon),153797,Snake,5.0,1,3,1,13.5,2026-09-25 00:02:00+00:00,Thu 8:02PM
195968315,NFL Snake $20 3-Player (Thu-Mon),153797,Snake,20.0,1,3,1,54.0,2026-09-25 00:02:00+00:00,Thu 8:02PM
195968565,NFL Snake $20 3-Player (Thu-Mon),153797,Snake,20.0,1,3,1,54.0,2026-09-25 00:02:00+00:00,Thu 8:02PM
195972245,NFL Snake $20 3-Player (Thu-Mon),153797,Snake,20.0,1,3,1,54.0,2026-09-25 00:02:00+00:00,Thu 8:02PM
195971046,NFL Snake $1 3-Player (Thu-Mon),153797,Snake,1.0,0,3,1,2.7,2026-09-25 00:02:00+00:00,Thu 8:02PM
195971437,NFL Snake $1 3-Player (Thu-Mon),153797,Snake,1.0,0,3,1,2.7,2026-09-25 00:02:00+00:00,Thu 8:02PM
195973181,NFL Snake $1 3-Player (Thu-Mon),153797,Snake,1.0,0,3,1,2.7,2026-09-25 00:02:00+00:00,Thu 8:02PM
195974438,NFL Snake $5 3-Player (Thu-Mon),153797,Snake,5.0,0,3,1,13.5,2026-09-25 00:02:00+00:00,Thu 8:02PM
195927111,NFL Snake $50 3-Player (Thu-Mon),153797,Snake,50.0,0,3,1,135.0,2026-09-25 00:02:00+00:00,Thu 8:02PM
195927112,NFL Snake $50 3-Player (Thu-Mon),153797,Snake,50.0,0,3,1,135.0,2026-09-25 00:02:00+00:00,Thu 8:02PM
195927113,NFL Snake $50 3-Player (Thu-Mon),153797,Snake,50.0,0,3,1,135.0,2026-09-25 00:02:00+00:00,Thu 8:02PM
195927114,NFL Snake $109 3-Player (Thu-Mon),153797,Snake,109.0,0,3,1,300.0,2026-09-25 00:02:00+00:00,Thu 8:02PM
195927115,NFL Snake $109 3-Player (Thu-Mon),153797,Snake,109.0,0,3,1,300.0,2026-09-25 00:02:00+00:00,Thu 8:02PM
195927116,NFL Snake $109 3-Player (Thu-Mon),153797,Snake,109.0,0,3,1,300.0,2026-09-25 00:02:00+00:00,Thu 8:02PM
195927117,NFL Snake $530 3-Player (Thu-Mon),153797,Snake,530.0,0,3,1,1500.0,2026-09-25 00:02:00+00:00,Thu 8:02PM
195927118,NFL Snake $530 3-Player (Thu-Mon),153797,Snake,530.0,0,3,1,1500.0,2026-09-25 00:02:00+00:00,Thu 8:02PM
195927119,"NFL Snake $1,060 3-Player (Thu-Mon)",153797,Snake,1060.0,0,3,1,3000.0,2026-09-25 00:02:00+00:00,Thu 8:02PM
195927120,"NFL Snake $2,120 3-Player (Thu-Mon)",153797,Snake,2120.0,0,3,1,6000.0,2026-09-25 00:02:00+00:00,Thu 8:02PM
195927121,"NFL Snake $5,300 3-Player (Thu-Mon)",153797,Snake,5300.0,0,3,1,15000.0,2026-09-25 00:02:00+00:00,Thu 8:02PM
195927122,"NFL Snake $10,600 3-Player (Thu-Mon)",153797,Snake,10600.0,0,3,1,30000.0,2026-09-25 00:02:00+00:00,Thu 8:02PM
195927014,NFL Snake Showdown $10 4-Player (ATL @ GB Snake),153800,Snake Showdown,10.0,1,4,1,36.0,2026-09-25 00:05:00+00:00,Thu 8:05PM
195927016,NFL Snake Showdown $10 4-Player (ATL @ GB Snake),153800,Snake Showdown,10.0,1,4,1,36.0,2026-09-25 00:05:00+00:00,Thu 8:05PM
195966550,NFL Snake Showdown $10 4-Player (ATL @ GB Snake),153800,Snake Showdown,10.0,1,4,1,36.0,2026-09-25 00:05:00+00:00,Thu 8:05PM
195969396,NFL Snake Showdown $5 4-Player (ATL @ GB Snake),153800,Snake Showdown,5.0,1,4,1,18.0,2026-09-25 00:05:00+00:00,Thu 8:05PM
195972325,NFL Snake Showdown $5 4-Player (ATL @ GB Snake),153800,Snake Showdown,5.0,1,4,1,18.0,2026-09-25 00:05:00+00:00,Thu 8:05PM
195927020,NFL Snake Showdown $20 4-Player (ATL @ GB Snake),153800,Snake Showdown,20.0,1,4,1,72.0,2026-09-25 00:05:00+00:00,Thu 8:05PM
195927021,NFL Snake Showdown $20 4-Player (ATL @ GB Snake),153800,Snake Showdown,20.0,1,4,1,72.0,2026-09-25 00:05:00+00:00,Thu 8:05PM
195927022,NFL Snake Showdown $20 4-Player (ATL @ GB Snake),153800,Snake Showdown,20.0,1,4,1,72.0,2026-09-25 00:05:00+00:00,Thu 8:05PM
195957368,NFL Snake Showdown $1 4-Player (ATL @ GB Snake),153800,Snake Showdown,1.0,0,4,1,3.6,2026-09-25 00:05:00+00:00,Thu 8:05PM
195967367,NFL Snake Showdown $1 4-Player (ATL @ GB Snake),153800,Snake Showdown,1.0,0,4,1,3.6,2026-09-25 00:05:00+00:00,Thu 8:05PM
195967947,NFL Snake Showdown $1 4-Player (ATL @ GB Snake),153800,Snake Showdown,1.0,0,4,1,3.6,2026-09-25 00:05:00+00:00,Thu 8:05PM
195974173,NFL Snake Showdown $5 4-Player (ATL @ GB Snake),153800,Snake Showdown,5.0,0,4,1,18.0,2026-09-25 00:05:00+00:00,Thu 8:05PM
195927026,NFL Snake Showdown $50 4-Player (ATL @ GB Snake),153800,Snake Showdown,50.0,0,4,1,180.0,2026-09-25 00:05:00+00:00,Thu 8:05PM
195927030,NFL Snake Showdown $109 4-Player (ATL @ GB Snake),153800,Snake Showdown,109.0,0,4,1,400.0,2026-09-25 00:05:00+00:00,Thu 8:05PM
195927033,NFL Snake Showdown $530 4-Player (ATL @ GB Snake),153800,Snake Showdown,530.0,0,4,1,2000.0,2026-09-25 00:05:00+00:00,Thu 8:05PM
195971382,NFL Snake Showdown $10 3-Player (ATL @ GB Snake),153800,Snake Showdown,10.0,1,3,1,27.0,2026-09-25 00:07:00+00:00,Thu 8:07PM
195972268,NFL Snake Showdown $10 3-Player (ATL @ GB Snake),153800,Snake Showdown,10.0,1,3,1,27.0,2026-09-25 00:07:00+00:00,Thu 8:07PM
195969412,NFL Snake Showdown $5 3-Player (ATL @ GB Snake),153800,Snake Showdown,5.0,2,3,1,13.5,2026-09-25 00:07:00+00:00,Thu 8:07PM
195969759,NFL Snake Showdown $5 3-Player (ATL @ GB Snake),153800,Snake Showdown,5.0,1,3,1,13.5,2026-09-25 00:07:00+00:00,Thu 8:07PM
195970702,NFL Snake Showdown $5 3-Player (ATL @ GB Snake),153800,Snake Showdown,5.0,1,3,1,13.5,2026-09-25 00:07:00+00:00,Thu 8:07PM
195927019,NFL Snake Showdown $20 3-Player (ATL @ GB Snake),153800,Snake Showdown,20.0,1,3,1,54.0,2026-09-25 00:07:00+00:00,Thu 8:07PM
195964402,NFL Snake Showdown $20 3-Player (ATL @ GB Snake),153800,Snake Showdown,20.0,1,3,1,54.0,2026-09-25 00:07:00+00:00,Thu 8:07PM
195968600,NFL Snake Showdown $20 3-Player (ATL @ GB Snake),153800,Snake Showdown,20.0,1,3,1,54.0,2026-09-25 00:07:00+00:00,Thu 8:07PM
195974334,NFL Snake Showdown $10 3-Player (ATL @ GB Snake),153800,Snake Showdown,10.0,0,3,1,27.0,2026-09-25 00:07:00+00:00,Thu 8:07PM
195968110,NFL Snake Showdown $1 3-Player (ATL @ GB Snake),153800,Snake Showdown,1.0,0,3,1,2.7,2026-09-25 00:07:00+00:00,Thu 8:07PM
195969634,NFL Snake Showdown $1 3-Player (ATL @ GB Snake),153800,Snake Showdown,1.0,0,3,1,2.7,2026-09-25 00:07:00+00:00,Thu 8:07PM
195973249,NFL Snake Showdown $1 3-Player (ATL @ GB Snake),153800,Snake Showdown,1.0,0,3,1,2.7,2026-09-25 00:07:00+00:00,Thu 8:07PM
195927023,NFL Snake Showdown $50 3-Player (ATL @ GB Snake),153800,Snake Showdown,50.0,0,3,1,135.0,2026-09-25 00:07:00+00:00,Thu 8:07PM
195927024,NFL Snake Showdown $50 3-Player (ATL @ GB Snake),153800,Snake Showdown,50.0,0,3,1,135.0,2026-09-25 00:07:00+00:00,Thu 8:07PM
195927025,NFL Snake Showdown $50 3-Player (ATL @ GB Snake),153800,Snake Showdown,50.0,0,3,1,135.0,2026-09-25 00:07:00+00:00,Thu 8:07PM
195927027,NFL Snake Showdown $109 3-Player (ATL @ GB Snake),153800,Snake Showdown,109.0,0,3,1,300.0,2026-09-25 00:07:00+00:00,Thu 8:07PM
195927028,NFL Snake Showdown $109 3-Player (ATL @ GB Snake),153800,Snake Showdown,109.0,0,3,1,300.0,2026-09-25 00:07:00+00:00,Thu 8:07PM
195927029,NFL Snake Showdown $109 3-Player (ATL @ GB Snake),153800,Snake Showdown,109.0,0,3,1,300.0,2026-09-25 00:07:00+00:00,Thu 8:07PM
195927031,NFL Snake Showdown $530 3-Player (ATL @ GB Snake),153800,Snake Showdown,530.0,0,3,1,1500.0,2026-09-25 00:07:00+00:00,Thu 8:07PM
195927032,NFL Snake Showdown $530 3-Player (ATL @ GB Snake),153800,Snake Showdown,530.0,0,3,1,1500.0,2026-09-25 00:07:00+00:00,Thu 8:07PM
195927034,"NFL Snake Showdown $1,060 3-Player (ATL @ GB Snake)",153800,Snake Showdown,1060.0,0,3,1,3000.0,2026-09-25 00:07:00+00:00,Thu 8:07PM
195927035,"NFL Snake Showdown $2,120 3-Player (ATL @ GB Snake)",153800,Snake Showdown,2120.0,0,3,1,6000.0,2026-09-25 00:07:00+00:00,Thu 8:07PM
195927036,"NFL Snake Showdown $5,300 3-Player (ATL @ GB Snake)",153800,Snake Showdown,5300.0,0,3,1,15000.0,2026-09-25 00:07:00+00:00,Thu 8:07PM
195927037,"NFL Snake Showdown $10,600 3-Player (ATL @ GB Snake)",153800,Snake Showdown,10600.0,0,3,1,30000.0,2026-09-25 00:07:00+00:00,Thu 8:07PM
195949282,NFL Showdown Satellite to $20 NFL Fantasy Football Millionaire [Must Fill] (ATL @ GB),153775,Showdown Captain Mode,7.4,1,3,1,20.0,2026-09-25 00:15:00+00:00,Thu 8:15PM
195937560,NFL Showdown Satellite to MLB 9-29 $20 Postseason Opener [Must Fill] (ATL @ GB),153775,Showdown Captain Mode,7.4,1,3,1,20.0,2026-09-25 00:15:00+00:00,Thu 8:15PM
195937554,NFL Showdown Satellite to NBA Best Ball $20 Shootaround [Must Fill] (ATL @ GB),153775,Showdown Captain Mode,7.4,2,3,1,20.0,2026-09-25 00:15:00+00:00,Thu 8:15PM
195937571,NFL Showdown Satellite to NBA 10-20 $20 Opening Tip Off [Must Fill] (ATL @ GB),153775,Showdown Captain Mode,7.4,1,3,1,20.0,2026-09-25 00:15:00+00:00,Thu 8:15PM
195937550,NFL Showdown Satellite to NHL 9-29 $15 Opening Night Puck Drop [Must Fill] (ATL @ GB),153775,Showdown Captain Mode,5.55,1,3,1,15.0,2026-09-25 00:15:00+00:00,Thu 8:15PM
195926718,Casual NFL Showdown $5 5-Player (ATL @ GB),153775,Showdown Captain Mode,5.0,1,5,1,22.5,2026-09-25 00:15:00+00:00,Thu 8:15PM
195926702,Casual NFL Showdown $3 50-50 (ATL @ GB),153775,Showdown Captain Mode,3.0,1,10,1,27.0,2026-09-25 00:15:00+00:00,Thu 8:15PM
195926703,Casual NFL Showdown $1 50-50 (ATL @ GB),153775,Showdown Captain Mode,1.0,1,10,1,9.0,2026-09-25 00:15:00+00:00,Thu 8:15PM
195926729,Casual NFL Showdown $1 5-Player (ATL @ GB),153775,Showdown Captain Mode,1.0,3,5,1,4.5,2026-09-25 00:15:00+00:00,Thu 8:15PM
195926618,Beginner NFL Showdown $10 50-50 (ATL @ GB),153775,Showdown Captain Mode,10.0,1,10,1,90.0,2026-09-25 00:15:00+00:00,Thu 8:15PM
195926609,Beginner NFL Showdown $1 50-50 (ATL @ GB),153775,Showdown Captain Mode,1.0,1,10,1,9.0,2026-09-25 00:15:00+00:00,Thu 8:15PM
195926645,"NFL Showdown $10,600 3-Player (ATL @ GB)",153775,Showdown Captain Mode,10600.0,1,3,1,30000.0,2026-09-25 00:15:00+00:00,Thu 8:15PM
195926646,"NFL Showdown $10,600 3-Player (ATL @ GB)",153775,Showdown Captain Mode,10600.0,1,3,1,30000.0,2026-09-25 00:15:00+00:00,Thu 8:15PM
195926650,"NFL Showdown $5,300 50-50 (ATL @ GB)",153775,Showdown Captain Mode,5300.0,2,4,1,20000.0,2026-09-25 00:15:00+00:00,Thu 8:15PM
195926647,"NFL Showdown $5,300 3-Player (ATL @ GB)",153775,Showdown Captain Mode,5300.0,1,3,1,15000.0,2026-09-25 00:15:00+00:00,Thu 8:15PM
195926648,"NFL Showdown $5,300 3-Player (ATL @ GB)",153775,Showdown Captain Mode,5300.0,1,3,1,15000.0,2026-09-25 00:15:00+00:00,Thu 8:15PM
195926684,"NFL Showdown $2,120 50-50 (ATL @ GB)",153775,Showdown Captain Mode,2120.0,2,4,1,8000.0,2026-09-25 00:15:00+00:00,Thu 8:15PM
195926679,"NFL Showdown $2,120 3-Player (ATL @ GB)",153775,Showdown Captain Mode,2120.0,1,3,1,6000.0,2026-09-25 00:15:00+00:00,Thu 8:15PM
195926680,"NFL Showdown $2,120 3-Player (ATL @ GB)",153775,Showdown Captain Mode,2120.0,1,3,1,6000.0,2026-09-25 00:15:00+00:00,Thu 8:15PM
195950336,"NFL Showdown $2,120 3-Player (ATL @ GB)",153775,Showdown Captain Mode,2120.0,1,3,1,6000.0,2026-09-25 00:15:00+00:00,Thu 8:15PM
195926652,"NFL Showdown $1,060 50-50 (ATL @ GB)",153775,Showdown Captain Mode,1060.0,1,4,1,4000.0,2026-09-25 00:15:00+00:00,Thu 8:15PM
195926653,"NFL Showdown $1,060 3-Player (ATL @ GB)",153775,Showdown Captain Mode,1060.0,1,3,1,3000.0,2026-09-25 00:15:00+00:00,Thu 8:15PM
195926654,"NFL Showdown $1,060 3-Player (ATL @ GB)",153775,Showdown Captain Mode,1060.0,1,3,1,3000.0,2026-09-25 00:15:00+00:00,Thu 8:15PM
195950328,"NFL Showdown $1,060 3-Player (ATL @ GB)",153775,Showdown Captain Mode,1060.0,1,3,1,3000.0,2026-09-25 00:15:00+00:00,Thu 8:15PM
195926655,NFL Showdown $530 50-50 (ATL @ GB),153775,Showdown Captain Mode,530.0,3,4,1,2000.0,2026-09-25 00:15:00+00:00,Thu 8:15PM
195926656,NFL Showdown $530 50-50 (ATL @ GB),153775,Showdown Captain Mode,530.0,3,4,1,2000.0,2026-09-25 00:15:00+00:00,Thu 8:15PM
195926673,NFL Showdown $530 50-50 (ATL @ GB),153775,Showdown Captain Mode,530.0,1,8,1,4000.0,2026-09-25 00:15:00+00:00,Thu 8:15PM
195926657,NFL Showdown $530 3-Player (ATL @ GB),153775,Showdown Captain Mode,530.0,1,3,1,1500.0,2026-09-25 00:15:00+00:00,Thu 8:15PM
195926658,NFL Showdown $530 3-Player (ATL @ GB),153775,Showdown Captain Mode,530.0,1,3,1,1500.0,2026-09-25 00:15:00+00:00,Thu 8:15PM
195950329,NFL Showdown $530 3-Player (ATL @ GB),153775,Showdown Captain Mode,530.0,1,3,1,1500.0,2026-09-25 00:15:00+00:00,Thu 8:15PM
195950330,NFL Showdown $530 3-Player (ATL @ GB),153775,Showdown Captain Mode,530.0,1,3,1,1500.0,2026-09-25 00:15:00+00:00,Thu 8:15PM
195926672,NFL Showdown $270 50-50 (ATL @ GB),153775,Showdown Captain Mode,270.0,1,8,1,2000.0,2026-09-25 00:15:00+00:00,Thu 8:15PM
195926754,NFL Showdown $270 50-50 (ATL @ GB),153775,Showdown Captain Mode,270.0,3,4,1,1000.0,2026-09-25 00:15:00+00:00,Thu 8:15PM
195926755,NFL Showdown $270 50-50 (ATL @ GB),153775,Showdown Captain Mode,270.0,3,4,1,1000.0,2026-09-25 00:15:00+00:00,Thu 8:15PM
195926659,NFL Showdown $270 3-Player (ATL @ GB),153775,Showdown Captain Mode,270.0,1,3,1,750.0,2026-09-25 00:15:00+00:00,Thu 8:15PM
195926660,NFL Showdown $270 3-Player (ATL @ GB),153775,Showdown Captain Mode,270.0,1,3,1,750.0,2026-09-25 00:15:00+00:00,Thu 8:15PM
195950331,NFL Showdown $270 3-Player (ATL @ GB),153775,Showdown Captain Mode,270.0,1,3,1,750.0,2026-09-25 00:15:00+00:00,Thu 8:15PM
195950332,NFL Showdown $270 3-Player (ATL @ GB),153775,Showdown Captain Mode,270.0,1,3,1,750.0,2026-09-25 00:15:00+00:00,Thu 8:15PM
195926671,NFL Showdown $162 50-50 (ATL @ GB),153775,Showdown Captain Mode,162.0,1,8,1,1200.0,2026-09-25 00:15:00+00:00,Thu 8:15PM
195926546,NFL Showdown $162 50-50 (ATL @ GB),153775,Showdown Captain Mode,162.0,3,4,1,600.0,2026-09-25 00:15:00+00:00,Thu 8:15PM
195926547,NFL Showdown $162 50-50 (ATL @ GB),153775,Showdown Captain Mode,162.0,3,4,1,600.0,2026-09-25 00:15:00+00:00,Thu 8:15PM
195926556,NFL Showdown $162 3-Player (ATL @ GB),153775,Showdown Captain Mode,162.0,1,3,1,450.0,2026-09-25 00:15:00+00:00,Thu 8:15PM
195926557,NFL Showdown $162 3-Player (ATL @ GB),153775,Showdown Captain Mode,162.0,1,3,1,450.0,2026-09-25 00:15:00+00:00,Thu 8:15PM
195926558,NFL Showdown $162 3-Player (ATL @ GB),153775,Showdown Captain Mode,162.0,1,3,1,450.0,2026-09-25 00:15:00+00:00,Thu 8:15PM
195950322,NFL Showdown $162 3-Player (ATL @ GB),153775,Showdown Captain Mode,162.0,1,3,1,450.0,2026-09-25 00:15:00+00:00,Thu 8:15PM
195950323,NFL Showdown $162 3-Player (ATL @ GB),153775,Showdown Captain Mode,162.0,1,3,1,450.0,2026-09-25 00:15:00+00:00,Thu 8:15PM
195950324,NFL Showdown $162 3-Player (ATL @ GB),153775,Showdown Captain Mode,162.0,1,3,1,450.0,2026-09-25 00:15:00+00:00,Thu 8:15PM
195926578,NFL Showdown $109 50-50 (ATL @ GB),153775,Showdown Captain Mode,109.0,1,20,1,2000.0,2026-09-25 00:15:00+00:00,Thu 8:15PM
195926550,NFL Showdown $109 50-50 (ATL @ GB),153775,Showdown Captain Mode,109.0,1,10,1,1000.0,2026-09-25 00:15:00+00:00,Thu 8:15PM
195926661,NFL Showdown $109 50-50 (ATL @ GB),153775,Showdown Captain Mode,109.0,3,4,1,400.0,2026-09-25 00:15:00+00:00,Thu 8:15PM
195926662,NFL Showdown $109 50-50 (ATL @ GB),153775,Showdown Captain Mode,109.0,3,4,1,400.0,2026-09-25 00:15:00+00:00,Thu 8:15PM
195926666,NFL Showdown $109 3-Player (ATL @ GB),153775,Showdown Captain Mode,109.0,1,3,1,300.0,2026-09-25 00:15:00+00:00,Thu 8:15PM
195926667,NFL Showdown $109 3-Player (ATL @ GB),153775,Showdown Captain Mode,109.0,1,3,1,300.0,2026-09-25 00:15:00+00:00,Thu 8:15PM
195926668,NFL Showdown $109 3-Player (ATL @ GB),153775,Showdown Captain Mode,109.0,1,3,1,300.0,2026-09-25 00:15:00+00:00,Thu 8:15PM
195950333,NFL Showdown $109 3-Player (ATL @ GB),153775,Showdown Captain Mode,109.0,1,3,1,300.0,2026-09-25 00:15:00+00:00,Thu 8:15PM
195950334,NFL Showdown $109 3-Player (ATL @ GB),153775,Showdown Captain Mode,109.0,1,3,1,300.0,2026-09-25 00:15:00+00:00,Thu 8:15PM
195950335,NFL Showdown $109 3-Player (ATL @ GB),153775,Showdown Captain Mode,109.0,1,3,1,300.0,2026-09-25 00:15:00+00:00,Thu 8:15PM
195974329,NFL Showdown $50 50-50  (ATL @ GB),153775,Showdown Captain Mode,50.0,1,20,1,900.0,2026-09-25 00:15:00+00:00,Thu 8:15PM
195926577,NFL Showdown $50 50-50 (ATL @ GB),153775,Showdown Captain Mode,50.0,1,20,1,900.0,2026-09-25 00:15:00+00:00,Thu 8:15PM
195926548,NFL Showdown $50 50-50 (ATL @ GB),153775,Showdown Captain Mode,50.0,1,10,1,450.0,2026-09-25 00:15:00+00:00,Thu 8:15PM
195926549,NFL Showdown $50 50-50 (ATL @ GB),153775,Showdown Captain Mode,50.0,1,10,1,450.0,2026-09-25 00:15:00+00:00,Thu 8:15PM
195926505,NFL Showdown $50 50-50 (ATL @ GB),153775,Showdown Captain Mode,50.0,3,4,1,180.0,2026-09-25 00:15:00+00:00,Thu 8:15PM
195926506,NFL Showdown $50 50-50 (ATL @ GB),153775,Showdown Captain Mode,50.0,3,4,1,180.0,2026-09-25 00:15:00+00:00,Thu 8:15PM
195926507,NFL Showdown $50 50-50 (ATL @ GB),153775,Showdown Captain Mode,50.0,3,4,1,180.0,2026-09-25 00:15:00+00:00,Thu 8:15PM
195926742,NFL Showdown $50 Double Up (ATL @ GB),153775,Showdown Captain Mode,50.0,2,22,1,1000.0,2026-09-25 00:15:00+00:00,Thu 8:15PM
195926741,NFL Showdown $50 Double Up (ATL @ GB),153775,Showdown Captain Mode,50.0,2,11,1,500.0,2026-09-25 00:15:00+00:00,Thu 8:15PM
195926511,NFL Showdown $50 3-Player (ATL @ GB),153775,Showdown Captain Mode,50.0,1,3,1,135.0,2026-09-25 00:15:00+00:00,Thu 8:15PM
195926512,NFL Showdown $50 3-Player (ATL @ GB),153775,Showdown Captain Mode,50.0,1,3,1,135.0,2026-09-25 00:15:00+00:00,Thu 8:15PM
195926513,NFL Showdown $50 3-Player (ATL @ GB),153775,Showdown Captain Mode,50.0,1,3,1,135.0,2026-09-25 00:15:00+00:00,Thu 8:15PM
195950310,NFL Showdown $50 3-Player (ATL @ GB),153775,Showdown Captain Mode,50.0,1,3,1,135.0,2026-09-25 00:15:00+00:00,Thu 8:15PM
195950311,NFL Showdown $50 3-Player (ATL @ GB),153775,Showdown Captain Mode,50.0,1,3,1,135.0,2026-09-25 00:15:00+00:00,Thu 8:15PM
195950312,NFL Showdown $50 3-Player (ATL @ GB),153775,Showdown Captain Mode,50.0,1,3,1,135.0,2026-09-25 00:15:00+00:00,Thu 8:15PM
195926740,NFL Showdown $25 Double Up (ATL @ GB),153775,Showdown Captain Mode,25.0,2,22,1,500.0,2026-09-25 00:15:00+00:00,Thu 8:15PM
195926739,NFL Showdown $25 Double Up (ATL @ GB),153775,Showdown Captain Mode,25.0,2,11,1,250.0,2026-09-25 00:15:00+00:00,Thu 8:15PM
195926678,NFL Showdown $20 50-50 (ATL @ GB),153775,Showdown Captain Mode,20.0,1,50,1,900.0,2026-09-25 00:15:00+00:00,Thu 8:15PM
195926575,NFL Showdown $20 50-50 (ATL @ GB),153775,Showdown Captain Mode,20.0,1,20,1,360.0,2026-09-25 00:15:00+00:00,Thu 8:15PM
195926576,NFL Showdown $20 50-50 (ATL @ GB),153775,Showdown Captain Mode,20.0,1,20,1,360.0,2026-09-25 00:15:00+00:00,Thu 8:15PM
195926495,NFL Showdown $20 50-50 (ATL @ GB),153775,Showdown Captain Mode,20.0,1,10,1,180.0,2026-09-25 00:15:00+00:00,Thu 8:15PM
195926496,NFL Showdown $20 50-50 (ATL @ GB),153775,Showdown Captain Mode,20.0,1,10,1,180.0,2026-09-25 00:15:00+00:00,Thu 8:15PM
195926753,NFL Showdown $20 100-Player (ATL @ GB),153775,Showdown Captain Mode,20.0,1,100,1,1800.0,2026-09-25 00:15:00+00:00,Thu 8:15PM
195926528,NFL Showdown $20 3-Player (ATL @ GB),153775,Showdown Captain Mode,20.0,1,3,1,54.0,2026-09-25 00:15:00+00:00,Thu 8:15PM
195926529,NFL Showdown $20 3-Player (ATL @ GB),153775,Showdown Captain Mode,20.0,1,3,1,54.0,2026-09-25 00:15:00+00:00,Thu 8:15PM
195926530,NFL Showdown $20 3-Player (ATL @ GB),153775,Showdown Captain Mode,20.0,1,3,1,54.0,2026-09-25 00:15:00+00:00,Thu 8:15PM
195950319,NFL Showdown $20 3-Player (ATL @ GB),153775,Showdown Captain Mode,20.0,1,3,1,54.0,2026-09-25 00:15:00+00:00,Thu 8:15PM
195950320,NFL Showdown $20 3-Player (ATL @ GB),153775,Showdown Captain Mode,20.0,1,3,1,54.0,2026-09-25 00:15:00+00:00,Thu 8:15PM
195950321,NFL Showdown $20 3-Player (ATL @ GB),153775,Showdown Captain Mode,20.0,1,3,1,54.0,2026-09-25 00:15:00+00:00,Thu 8:15PM
195926677,NFL Showdown $10 50-50 (ATL @ GB),153775,Showdown Captain Mode,10.0,2,50,1,450.0,2026-09-25 00:15:00+00:00,Thu 8:15PM
195936997,NFL Showdown $10 50-50 (ATL @ GB),153775,Showdown Captain Mode,10.0,1,50,1,450.0,2026-09-25 00:15:00+00:00,Thu 8:15PM
195926554,NFL Showdown $10 50-50 (ATL @ GB),153775,Showdown Captain Mode,10.0,1,20,1,180.0,2026-09-25 00:15:00+00:00,Thu 8:15PM
195926555,NFL Showdown $10 50-50 (ATL @ GB),153775,Showdown Captain Mode,10.0,1,20,1,180.0,2026-09-25 00:15:00+00:00,Thu 8:15PM
195926531,NFL Showdown $10 50-50 (ATL @ GB),153775,Showdown Captain Mode,10.0,1,10,1,90.0,2026-09-25 00:15:00+00:00,Thu 8:15PM
195926532,NFL Showdown $10 50-50 (ATL @ GB),153775,Showdown Captain Mode,10.0,1,10,1,90.0,2026-09-25 00:15:00+00:00,Thu 8:15PM
195926737,NFL Showdown $10 Double Up (ATL @ GB),153775,Showdown Captain Mode,10.0,2,11,1,100.0,2026-09-25 00:15:00+00:00,Thu 8:15PM
195926738,NFL Showdown $10 Double Up (ATL @ GB),153775,Showdown Captain Mode,10.0,3,11,1,100.0,2026-09-25 00:15:00+00:00,Thu 8:15PM
195929440,NFL Showdown $10 Double Up (ATL @ GB),153775,Showdown Captain Mode,10.0,2,11,1,100.0,2026-09-25 00:15:00+00:00,Thu 8:15PM
195926525,NFL Showdown $10 3-Player (ATL @ GB),153775,Showdown Captain Mode,10.0,1,3,1,27.0,2026-09-25 00:15:00+00:00,Thu 8:15PM
195926526,NFL Showdown $10 3-Player (ATL @ GB),153775,Showdown Captain Mode,10.0,1,3,1,27.0,2026-09-25 00:15:00+00:00,Thu 8:15PM
195926527,NFL Showdown $10 3-Player (ATL @ GB),153775,Showdown Captain Mode,10.0,1,3,1,27.0,2026-09-25 00:15:00+00:00,Thu 8:15PM
195950317,NFL Showdown $10 3-Player (ATL @ GB),153775,Showdown Captain Mode,10.0,1,3,1,27.0,2026-09-25 00:15:00+00:00,Thu 8:15PM
195950318,NFL Showdown $10 3-Player (ATL @ GB),153775,Showdown Captain Mode,10.0,1,3,1,27.0,2026-09-25 00:15:00+00:00,Thu 8:15PM
195926643,NFL Showdown $5 50-50 (ATL @ GB),153775,Showdown Captain Mode,5.0,1,100,1,450.0,2026-09-25 00:15:00+00:00,Thu 8:15PM
195926676,NFL Showdown $5 50-50 (ATL @ GB),153775,Showdown Captain Mode,5.0,2,50,1,225.0,2026-09-25 00:15:00+00:00,Thu 8:15PM
195933544,NFL Showdown $5 50-50 (ATL @ GB),153775,Showdown Captain Mode,5.0,1,50,1,225.0,2026-09-25 00:15:00+00:00,Thu 8:15PM
195926551,NFL Showdown $5 50-50 (ATL @ GB),153775,Showdown Captain Mode,5.0,1,20,1,90.0,2026-09-25 00:15:00+00:00,Thu 8:15PM
195926552,NFL Showdown $5 50-50 (ATL @ GB),153775,Showdown Captain Mode,5.0,1,20,1,90.0,2026-09-25 00:15:00+00:00,Thu 8:15PM
195926553,NFL Showdown $5 50-50 (ATL @ GB),153775,Showdown Captain Mode,5.0,1,20,1,90.0,2026-09-25 00:15:00+00:00,Thu 8:15PM
195926492,NFL Showdown $5 50-50 (ATL @ GB),153775,Showdown Captain Mode,5.0,1,10,1,45.0,2026-09-25 00:15:00+00:00,Thu 8:15PM
195926493,NFL Showdown $5 50-50 (ATL @ GB),153775,Showdown Captain Mode,5.0,1,10,1,45.0,2026-09-25 00:15:00+00:00,Thu 8:15PM
195926494,NFL Showdown $5 50-50 (ATL @ GB),153775,Showdown Captain Mode,5.0,1,10,1,45.0,2026-09-25 00:15:00+00:00,Thu 8:15PM
195926743,NFL Showdown $5 Double Up (ATL @ GB),153775,Showdown Captain Mode,5.0,2,11,1,50.0,2026-09-25 00:15:00+00:00,Thu 8:15PM
195926744,NFL Showdown $5 Double Up (ATL @ GB),153775,Showdown Captain Mode,5.0,5,11,1,50.0,2026-09-25 00:15:00+00:00,Thu 8:15PM
195934788,NFL Showdown $5 Double Up (ATL @ GB),153775,Showdown Captain Mode,5.0,2,11,1,50.0,2026-09-25 00:15:00+00:00,Thu 8:15PM
195926751,NFL Showdown $5 100-Player (ATL @ GB),153775,Showdown Captain Mode,5.0,1,100,1,450.0,2026-09-25 00:15:00+00:00,Thu 8:15PM
195932913,NFL Showdown $5 100-Player (ATL @ GB),153775,Showdown Captain Mode,5.0,1,100,1,450.0,2026-09-25 00:15:00+00:00,Thu 8:15PM
195934339,NFL Showdown $5 100-Player (ATL @ GB),153775,Showdown Captain Mode,5.0,1,100,1,450.0,2026-09-25 00:15:00+00:00,Thu 8:15PM
195970427,NFL Showdown $5 16-Player (Winner Takes All) (ATL @ GB),153775,Showdown Captain Mode,5.0,1,16,1,72.0,2026-09-25 00:15:00+00:00,Thu 8:15PM
195926524,NFL Showdown $5 3-Player (ATL @ GB),153775,Showdown Captain Mode,5.0,1,3,1,13.5,2026-09-25 00:15:00+00:00,Thu 8:15PM
195946618,NFL Showdown $5 3-Player (ATL @ GB),153775,Showdown Captain Mode,5.0,1,3,1,13.5,2026-09-25 00:15:00+00:00,Thu 8:15PM
195950313,NFL Showdown $5 3-Player (ATL @ GB),153775,Showdown Captain Mode,5.0,1,3,1,13.5,2026-09-25 00:15:00+00:00,Thu 8:15PM
195950314,NFL Showdown $5 3-Player (ATL @ GB),153775,Showdown Captain Mode,5.0,1,3,1,13.5,2026-09-25 00:15:00+00:00,Thu 8:15PM
195950315,NFL Showdown $5 3-Player (ATL @ GB),153775,Showdown Captain Mode,5.0,1,3,1,13.5,2026-09-25 00:15:00+00:00,Thu 8:15PM
195951700,NFL Showdown $5 3-Player (ATL @ GB),153775,Showdown Captain Mode,5.0,1,3,1,13.5,2026-09-25 00:15:00+00:00,Thu 8:15PM
195951701,NFL Showdown $5 3-Player (ATL @ GB),153775,Showdown Captain Mode,5.0,1,3,1,13.5,2026-09-25 00:15:00+00:00,Thu 8:15PM
195926500,NFL Showdown $5 3-Player (ATL @ GB),153775,Showdown Captain Mode,5.0,1,3,1,13.5,2026-09-25 00:15:00+00:00,Thu 8:15PM
195926501,NFL Showdown $5 3-Player (ATL @ GB),153775,Showdown Captain Mode,5.0,1,3,1,13.5,2026-09-25 00:15:00+00:00,Thu 8:15PM
195949585,NFL Showdown $5 3-Player (ATL @ GB),153775,Showdown Captain Mode,5.0,1,3,1,13.5,2026-09-25 00:15:00+00:00,Thu 8:15PM
195950307,NFL Showdown $5 3-Player (ATL @ GB),153775,Showdown Captain Mode,5.0,1,3,1,13.5,2026-09-25 00:15:00+00:00,Thu 8:15PM
195950308,NFL Showdown $5 3-Player (ATL @ GB),153775,Showdown Captain Mode,5.0,1,3,1,13.5,2026-09-25 00:15:00+00:00,Thu 8:15PM
195950309,NFL Showdown $5 3-Player (ATL @ GB),153775,Showdown Captain Mode,5.0,2,3,1,13.5,2026-09-25 00:15:00+00:00,Thu 8:15PM
195926745,NFL Showdown $3 Double Up (ATL @ GB),153775,Showdown Captain Mode,3.0,1,11,1,30.0,2026-09-25 00:15:00+00:00,Thu 8:15PM
195926746,NFL Showdown $3 Double Up (ATL @ GB),153775,Showdown Captain Mode,3.0,1,11,1,30.0,2026-09-25 00:15:00+00:00,Thu 8:15PM
195926644,NFL Showdown $2 50-50 (ATL @ GB),153775,Showdown Captain Mode,2.0,3,100,1,180.0,2026-09-25 00:15:00+00:00,Thu 8:15PM
195930316,NFL Showdown $2 50-50 (ATL @ GB),153775,Showdown Captain Mode,2.0,2,100,1,180.0,2026-09-25 00:15:00+00:00,Thu 8:15PM
195931999,NFL Showdown $2 50-50 (ATL @ GB),153775,Showdown Captain Mode,2.0,2,100,1,180.0,2026-09-25 00:15:00+00:00,Thu 8:15PM
195935953,NFL Showdown $2 50-50 (ATL @ GB),153775,Showdown Captain Mode,2.0,2,100,1,180.0,2026-09-25 00:15:00+00:00,Thu 8:15PM
195936062,NFL Showdown $2 50-50 (ATL @ GB),153775,Showdown Captain Mode,2.0,1,100,1,180.0,2026-09-25 00:15:00+00:00,Thu 8:15PM
195926675,NFL Showdown $2 50-50 (ATL @ GB),153775,Showdown Captain Mode,2.0,1,50,1,90.0,2026-09-25 00:15:00+00:00,Thu 8:15PM
195926665,NFL Showdown $2 50-50 (ATL @ GB),153775,Showdown Captain Mode,2.0,1,20,1,36.0,2026-09-25 00:15:00+00:00,Thu 8:15PM
195926497,NFL Showdown $2 50-50 (ATL @ GB),153775,Showdown Captain Mode,2.0,1,20,1,36.0,2026-09-25 00:15:00+00:00,Thu 8:15PM
195926498,NFL Showdown $2 50-50 (ATL @ GB),153775,Showdown Captain Mode,2.0,1,20,1,36.0,2026-09-25 00:15:00+00:00,Thu 8:15PM
195926499,NFL Showdown $2 50-50 (ATL @ GB),153775,Showdown Captain Mode,2.0,1,20,1,36.0,2026-09-25 00:15:00+00:00,Thu 8:15PM
195926634,NFL Showdown $2 50-50 (ATL @ GB),153775,Showdown Captain Mode,2.0,1,10,1,18.0,2026-09-25 00:15:00+00:00,Thu 8:15PM
195926635,NFL Showdown $2 50-50 (ATL @ GB),153775,Showdown Captain Mode,2.0,2,10,1,18.0,2026-09-25 00:15:00+00:00,Thu 8:15PM
195926636,NFL Showdown $2 50-50 (ATL @ GB),153775,Showdown Captain Mode,2.0,1,10,1,18.0,2026-09-25 00:15:00+00:00,Thu 8:15PM
195936550,NFL Showdown $2 50-50 (ATL @ GB),153775,Showdown Captain Mode,2.0,1,10,1,18.0,2026-09-25 00:15:00+00:00,Thu 8:15PM
195926750,NFL Showdown $2 100-Player (ATL @ GB),153775,Showdown Captain Mode,2.0,2,100,1,180.0,2026-09-25 00:15:00+00:00,Thu 8:15PM
195927418,NFL Showdown $2 100-Player (ATL @ GB),153775,Showdown Captain Mode,2.0,1,100,1,180.0,2026-09-25 00:15:00+00:00,Thu 8:15PM
195926573,NFL Showdown $2 40-Player (ATL @ GB),153775,Showdown Captain Mode,2.0,2,40,1,72.0,2026-09-25 00:15:00+00:00,Thu 8:15PM
195926574,NFL Showdown $2 40-Player (ATL @ GB),153775,Showdown Captain Mode,2.0,2,40,1,72.0,2026-09-25 00:15:00+00:00,Thu 8:15PM
195934785,NFL Showdown $2 40-Player (ATL @ GB),153775,Showdown Captain Mode,2.0,1,40,1,72.0,2026-09-25 00:15:00+00:00,Thu 8:15PM
195936947,NFL Showdown $2 40-Player (ATL @ GB),153775,Showdown Captain Mode,2.0,1,40,1,72.0,2026-09-25 00:15:00+00:00,Thu 8:15PM
195926568,NFL Showdown $2 20-Player (ATL @ GB),153775,Showdown Captain Mode,2.0,1,20,1,36.0,2026-09-25 00:15:00+00:00,Thu 8:15PM
195926569,NFL Showdown $2 20-Player (ATL @ GB),153775,Showdown Captain Mode,2.0,1,20,1,36.0,2026-09-25 00:15:00+00:00,Thu 8:15PM
195926570,NFL Showdown $2 20-Player (ATL @ GB),153775,Showdown Captain Mode,2.0,1,20,1,36.0,2026-09-25 00:15:00+00:00,Thu 8:15PM
195946951,NFL Showdown $2 15-Player (Winner Takes All) (ATL @ GB),153775,Showdown Captain Mode,2.0,3,15,1,27.0,2026-09-25 00:15:00+00:00,Thu 8:15PM
195926474,NFL Showdown $2 10-Player (ATL @ GB),153775,Showdown Captain Mode,2.0,1,10,1,18.0,2026-09-25 00:15:00+00:00,Thu 8:15PM
195926475,NFL Showdown $2 10-Player (ATL @ GB),153775,Showdown Captain Mode,2.0,1,10,1,18.0,2026-09-25 00:15:00+00:00,Thu 8:15PM
195926476,NFL Showdown $2 10-Player (ATL @ GB),153775,Showdown Captain Mode,2.0,1,10,1,18.0,2026-09-25 00:15:00+00:00,Thu 8:15PM
195926471,NFL Showdown $2 5-Player (ATL @ GB),153775,Showdown Captain Mode,2.0,1,5,1,9.0,2026-09-25 00:15:00+00:00,Thu 8:15PM
195926472,NFL Showdown $2 5-Player (ATL @ GB),153775,Showdown Captain Mode,2.0,1,5,1,9.0,2026-09-25 00:15:00+00:00,Thu 8:15PM
195926473,NFL Showdown $2 5-Player (ATL @ GB),153775,Showdown Captain Mode,2.0,1,5,1,9.0,2026-09-25 00:15:00+00:00,Thu 8:15PM
195926519,NFL Showdown $2 3-Player (ATL @ GB),153775,Showdown Captain Mode,2.0,1,3,1,5.4,2026-09-25 00:15:00+00:00,Thu 8:15PM
195926520,NFL Showdown $2 3-Player (ATL @ GB),153775,Showdown Captain Mode,2.0,1,3,1,5.4,2026-09-25 00:15:00+00:00,Thu 8:15PM
195926521,NFL Showdown $2 3-Player (ATL @ GB),153775,Showdown Captain Mode,2.0,1,3,1,5.4,2026-09-25 00:15:00+00:00,Thu 8:15PM
195926642,NFL Showdown $1 50-50 (ATL @ GB),153775,Showdown Captain Mode,1.0,16,100,1,90.0,2026-09-25 00:15:00+00:00,Thu 8:15PM
195929306,NFL Showdown $1 50-50 (ATL @ GB),153775,Showdown Captain Mode,1.0,2,100,1,90.0,2026-09-25 00:15:00+00:00,Thu 8:15PM
195931128,NFL Showdown $1 50-50 (ATL @ GB),153775,Showdown Captain Mode,1.0,1,100,1,90.0,2026-09-25 00:15:00+00:00,Thu 8:15PM
195926674,NFL Showdown $1 50-50 (ATL @ GB),153775,Showdown Captain Mode,1.0,3,50,1,45.0,2026-09-25 00:15:00+00:00,Thu 8:15PM
195931326,NFL Showdown $1 50-50 (ATL @ GB),153775,Showdown Captain Mode,1.0,1,50,1,45.0,2026-09-25 00:15:00+00:00,Thu 8:15PM
195926508,NFL Showdown $1 50-50 (ATL @ GB),153775,Showdown Captain Mode,1.0,3,20,1,18.0,2026-09-25 00:15:00+00:00,Thu 8:15PM
195926509,NFL Showdown $1 50-50 (ATL @ GB),153775,Showdown Captain Mode,1.0,1,20,1,18.0,2026-09-25 00:15:00+00:00,Thu 8:15PM
195926510,NFL Showdown $1 50-50 (ATL @ GB),153775,Showdown Captain Mode,1.0,1,20,1,18.0,2026-09-25 00:15:00+00:00,Thu 8:15PM
195932864,NFL Showdown $1 50-50 (ATL @ GB),153775,Showdown Captain Mode,1.0,1,20,1,18.0,2026-09-25 00:15:00+00:00,Thu 8:15PM
195926631,NFL Showdown $1 50-50 (ATL @ GB),153775,Showdown Captain Mode,1.0,1,10,1,9.0,2026-09-25 00:15:00+00:00,Thu 8:15PM
195926632,NFL Showdown $1 50-50 (ATL @ GB),153775,Showdown Captain Mode,1.0,2,10,1,9.0,2026-09-25 00:15:00+00:00,Thu 8:15PM
195926633,NFL Showdown $1 50-50 (ATL @ GB),153775,Showdown Captain Mode,1.0,1,10,1,9.0,2026-09-25 00:15:00+00:00,Thu 8:15PM
195926747,NFL Showdown $1 Double Up (ATL @ GB),153775,Showdown Captain Mode,1.0,1,11,1,10.0,2026-09-25 00:15:00+00:00,Thu 8:15PM
195926748,NFL Showdown $1 Double Up (ATL @ GB),153775,Showdown Captain Mode,1.0,1,11,1,10.0,2026-09-25 00:15:00+00:00,Thu 8:15PM
195947934,NFL Showdown $1 Double Up (ATL @ GB),153775,Showdown Captain Mode,1.0,1,11,1,10.0,2026-09-25 00:15:00+00:00,Thu 8:15PM
195926749,NFL Showdown $1 100-Player (ATL @ GB),153775,Showdown Captain Mode,1.0,6,100,1,90.0,2026-09-25 00:15:00+00:00,Thu 8:15PM
195927413,NFL Showdown $1 100-Player (ATL @ GB),153775,Showdown Captain Mode,1.0,3,100,1,90.0,2026-09-25 00:15:00+00:00,Thu 8:15PM
195927563,NFL Showdown $1 100-Player (ATL @ GB),153775,Showdown Captain Mode,1.0,2,100,1,90.0,2026-09-25 00:15:00+00:00,Thu 8:15PM
195936450,NFL Showdown $1 100-Player (ATL @ GB),153775,Showdown Captain Mode,1.0,1,100,1,90.0,2026-09-25 00:15:00+00:00,Thu 8:15PM
195947901,NFL Showdown $1 100-Player (ATL @ GB),153775,Showdown Captain Mode,1.0,1,100,1,90.0,2026-09-25 00:15:00+00:00,Thu 8:15PM
195926571,NFL Showdown $1 40-Player (ATL @ GB),153775,Showdown Captain Mode,1.0,2,40,1,36.0,2026-09-25 00:15:00+00:00,Thu 8:15PM
195926572,NFL Showdown $1 40-Player (ATL @ GB),153775,Showdown Captain Mode,1.0,3,40,1,36.0,2026-09-25 00:15:00+00:00,Thu 8:15PM
195927404,NFL Showdown $1 40-Player (ATL @ GB),153775,Showdown Captain Mode,1.0,2,40,1,36.0,2026-09-25 00:15:00+00:00,Thu 8:15PM
195927406,NFL Showdown $1 40-Player (ATL @ GB),153775,Showdown Captain Mode,1.0,1,40,1,36.0,2026-09-25 00:15:00+00:00,Thu 8:15PM
195933023,NFL Showdown $1 40-Player (ATL @ GB),153775,Showdown Captain Mode,1.0,2,40,1,36.0,2026-09-25 00:15:00+00:00,Thu 8:15PM
195936520,NFL Showdown $1 40-Player (ATL @ GB),153775,Showdown Captain Mode,1.0,1,40,1,36.0,2026-09-25 00:15:00+00:00,Thu 8:15PM
195947103,NFL Showdown $1 30-Player (Winner Takes All) (ATL @ GB),153775,Showdown Captain Mode,1.0,4,30,1,27.0,2026-09-25 00:15:00+00:00,Thu 8:15PM
195926565,NFL Showdown $1 20-Player (ATL @ GB),153775,Showdown Captain Mode,1.0,2,20,1,18.0,2026-09-25 00:15:00+00:00,Thu 8:15PM
195926566,NFL Showdown $1 20-Player (ATL @ GB),153775,Showdown Captain Mode,1.0,1,20,1,18.0,2026-09-25 00:15:00+00:00,Thu 8:15PM
195926567,NFL Showdown $1 20-Player (ATL @ GB),153775,Showdown Captain Mode,1.0,1,20,1,18.0,2026-09-25 00:15:00+00:00,Thu 8:15PM
195947926,NFL Showdown $1 20-Player (ATL @ GB),153775,Showdown Captain Mode,1.0,1,20,1,18.0,2026-09-25 00:15:00+00:00,Thu 8:15PM
195926533,NFL Showdown $1 10-Player (ATL @ GB),153775,Showdown Captain Mode,1.0,3,10,1,9.0,2026-09-25 00:15:00+00:00,Thu 8:15PM
195926534,NFL Showdown $1 10-Player (ATL @ GB),153775,Showdown Captain Mode,1.0,1,10,1,9.0,2026-09-25 00:15:00+00:00,Thu 8:15PM
195926535,NFL Showdown $1 10-Player (ATL @ GB),153775,Showdown Captain Mode,1.0,3,10,1,9.0,2026-09-25 00:15:00+00:00,Thu 8:15PM
195926481,NFL Showdown $1 5-Player (ATL @ GB),153775,Showdown Captain Mode,1.0,4,5,1,4.5,2026-09-25 00:15:00+00:00,Thu 8:15PM
195926482,NFL Showdown $1 5-Player (ATL @ GB),153775,Showdown Captain Mode,1.0,1,5,1,4.5,2026-09-25 00:15:00+00:00,Thu 8:15PM
195926770,NFL Showdown $1 5-Player (ATL @ GB),153775,Showdown Captain Mode,1.0,1,5,1,4.5,2026-09-25 00:15:00+00:00,Thu 8:15PM
195947912,NFL Showdown $1 5-Player (ATL @ GB),153775,Showdown Captain Mode,1.0,1,5,1,4.5,2026-09-25 00:15:00+00:00,Thu 8:15PM
195947916,NFL Showdown $1 3-Player (ATL @ GB),153775,Showdown Captain Mode,1.0,2,3,1,2.7,2026-09-25 00:15:00+00:00,Thu 8:15PM
195970174,NFL Showdown $1 3-Player (ATL @ GB),153775,Showdown Captain Mode,1.0,1,3,1,2.7,2026-09-25 00:15:00+00:00,Thu 8:15PM
195970005,NFL Showdown $3 15-Player (Top 2 Win) (ATL @ GB),153775,Showdown Captain Mode,3.0,1,15,1,40.5,2026-09-25 00:15:00+00:00,Thu 8:15PM
195926736,Casual NFL Showdown $109 5-Player (ATL @ GB),153775,Showdown Captain Mode,109.0,0,5,1,500.0,2026-09-25 00:15:00+00:00,Thu 8:15PM
195926735,Casual NFL Showdown $109 3-Player (ATL @ GB),153775,Showdown Captain Mode,109.0,0,3,1,300.0,2026-09-25 00:15:00+00:00,Thu 8:15PM
195926691,Casual NFL Showdown $50 50-50 (ATL @ GB),153775,Showdown Captain Mode,50.0,0,10,1,450.0,2026-09-25 00:15:00+00:00,Thu 8:15PM
195926692,Casual NFL Showdown $50 50-50 (ATL @ GB),153775,Showdown Captain Mode,50.0,0,10,1,450.0,2026-09-25 00:15:00+00:00,Thu 8:15PM
195926693,Casual NFL Showdown $50 5-Player (ATL @ GB),153775,Showdown Captain Mode,50.0,0,5,1,225.0,2026-09-25 00:15:00+00:00,Thu 8:15PM
195926706,Casual NFL Showdown $50 3-Player (ATL @ GB),153775,Showdown Captain Mode,50.0,0,3,1,135.0,2026-09-25 00:15:00+00:00,Thu 8:15PM
195926707,Casual NFL Showdown $50 3-Player (ATL @ GB),153775,Showdown Captain Mode,50.0,0,3,1,135.0,2026-09-25 00:15:00+00:00,Thu 8:15PM
195926688,Casual NFL Showdown $20 50-50 (ATL @ GB),153775,Showdown Captain Mode,20.0,0,10,1,180.0,2026-09-25 00:15:00+00:00,Thu 8:15PM
195926689,Casual NFL Showdown $20 50-50 (ATL @ GB),153775,Showdown Captain Mode,20.0,0,10,1,180.0,2026-09-25 00:15:00+00:00,Thu 8:15PM
195926690,Casual NFL Showdown $20 50-50 (ATL @ GB),153775,Showdown Captain Mode,20.0,0,10,1,180.0,2026-09-25 00:15:00+00:00,Thu 8:15PM
195926685,Casual NFL Showdown $20 5-Player (ATL @ GB),153775,Showdown Captain Mode,20.0,0,5,1,90.0,2026-09-25 00:15:00+00:00,Thu 8:15PM
195926686,Casual NFL Showdown $20 5-Player (ATL @ GB),153775,Showdown Captain Mode,20.0,0,5,1,90.0,2026-09-25 00:15:00+00:00,Thu 8:15PM
195926687,Casual NFL Showdown $20 5-Player (ATL @ GB),153775,Showdown Captain Mode,20.0,0,5,1,90.0,2026-09-25 00:15:00+00:00,Thu 8:15PM
195926708,Casual NFL Showdown $20 3-Player (ATL @ GB),153775,Showdown Captain Mode,20.0,0,3,1,54.0,2026-09-25 00:15:00+00:00,Thu 8:15PM
195926709,Casual NFL Showdown $20 3-Player (ATL @ GB),153775,Showdown Captain Mode,20.0,0,3,1,54.0,2026-09-25 00:15:00+00:00,Thu 8:15PM
195926710,Casual NFL Showdown $20 3-Player (ATL @ GB),153775,Showdown Captain Mode,20.0,0,3,1,54.0,2026-09-25 00:15:00+00:00,Thu 8:15PM
195926694,Casual NFL Showdown $10 50-50 (ATL @ GB),153775,Showdown Captain Mode,10.0,0,10,1,90.0,2026-09-25 00:15:00+00:00,Thu 8:15PM
195926695,Casual NFL Showdown $10 50-50 (ATL @ GB),153775,Showdown Captain Mode,10.0,0,10,1,90.0,2026-09-25 00:15:00+00:00,Thu 8:15PM
195926696,Casual NFL Showdown $10 50-50 (ATL @ GB),153775,Showdown Captain Mode,10.0,0,10,1,90.0,2026-09-25 00:15:00+00:00,Thu 8:15PM
195926711,Casual NFL Showdown $10 5-Player (ATL @ GB),153775,Showdown Captain Mode,10.0,0,5,1,45.0,2026-09-25 00:15:00+00:00,Thu 8:15PM
195926712,Casual NFL Showdown $10 5-Player (ATL @ GB),153775,Showdown Captain Mode,10.0,0,5,1,45.0,2026-09-25 00:15:00+00:00,Thu 8:15PM
195926713,Casual NFL Showdown $10 5-Player (ATL @ GB),153775,Showdown Captain Mode,10.0,0,5,1,45.0,2026-09-25 00:15:00+00:00,Thu 8:15PM
195926714,Casual NFL Showdown $10 3-Player (ATL @ GB),153775,Showdown Captain Mode,10.0,0,3,1,27.0,2026-09-25 00:15:00+00:00,Thu 8:15PM
195926715,Casual NFL Showdown $10 3-Player (ATL @ GB),153775,Showdown Captain Mode,10.0,0,3,1,27.0,2026-09-25 00:15:00+00:00,Thu 8:15PM
195926716,Casual NFL Showdown $10 3-Player (ATL @ GB),153775,Showdown Captain Mode,10.0,0,3,1,27.0,2026-09-25 00:15:00+00:00,Thu 8:15PM
195926697,Casual NFL Showdown $5 50-50 (ATL @ GB),153775,Showdown Captain Mode,5.0,0,10,1,45.0,2026-09-25 00:15:00+00:00,Thu 8:15PM
195926698,Casual NFL Showdown $5 50-50 (ATL @ GB),153775,Showdown Captain Mode,5.0,0,10,1,45.0,2026-09-25 00:15:00+00:00,Thu 8:15PM
195926699,Casual NFL Showdown $5 50-50 (ATL @ GB),153775,Showdown Captain Mode,5.0,0,10,1,45.0,2026-09-25 00:15:00+00:00,Thu 8:15PM
195926717,Casual NFL Showdown $5 5-Player (ATL @ GB),153775,Showdown Captain Mode,5.0,0,5,1,22.5,2026-09-25 00:15:00+00:00,Thu 8:15PM
195926719,Casual NFL Showdown $5 5-Player (ATL @ GB),153775,Showdown Captain Mode,5.0,0,5,1,22.5,2026-09-25 00:15:00+00:00,Thu 8:15PM
195960447,Casual NFL Showdown $5 5-Player (ATL @ GB),153775,Showdown Captain Mode,5.0,0,5,1,22.5,2026-09-25 00:15:00+00:00,Thu 8:15PM
195926720,Casual NFL Showdown $5 3-Player (ATL @ GB),153775,Showdown Captain Mode,5.0,0,3,1,13.5,2026-09-25 00:15:00+00:00,Thu 8:15PM
195926721,Casual NFL Showdown $5 3-Player (ATL @ GB),153775,Showdown Captain Mode,5.0,0,3,1,13.5,2026-09-25 00:15:00+00:00,Thu 8:15PM
195926722,Casual NFL Showdown $5 3-Player (ATL @ GB),153775,Showdown Captain Mode,5.0,0,3,1,13.5,2026-09-25 00:15:00+00:00,Thu 8:15PM
195926700,Casual NFL Showdown $3 50-50 (ATL @ GB),153775,Showdown Captain Mode,3.0,0,10,1,27.0,2026-09-25 00:15:00+00:00,Thu 8:15PM
195926701,Casual NFL Showdown $3 50-50 (ATL @ GB),153775,Showdown Captain Mode,3.0,0,10,1,27.0,2026-09-25 00:15:00+00:00,Thu 8:15PM
195930298,Casual NFL Showdown $3 50-50 (ATL @ GB),153775,Showdown Captain Mode,3.0,0,10,1,27.0,2026-09-25 00:15:00+00:00,Thu 8:15PM
195926723,Casual NFL Showdown $2 5-Player (ATL @ GB),153775,Showdown Captain Mode,2.0,0,5,1,9.0,2026-09-25 00:15:00+00:00,Thu 8:15PM
195926724,Casual NFL Showdown $2 5-Player (ATL @ GB),153775,Showdown Captain Mode,2.0,0,5,1,9.0,2026-09-25 00:15:00+00:00,Thu 8:15PM
195926725,Casual NFL Showdown $2 5-Player (ATL @ GB),153775,Showdown Captain Mode,2.0,0,5,1,9.0,2026-09-25 00:15:00+00:00,Thu 8:15PM
195926726,Casual NFL Showdown $2 3-Player (ATL @ GB),153775,Showdown Captain Mode,2.0,0,3,1,5.4,2026-09-25 00:15:00+00:00,Thu 8:15PM
195926727,Casual NFL Showdown $2 3-Player (ATL @ GB),153775,Showdown Captain Mode,2.0,0,3,1,5.4,2026-09-25 00:15:00+00:00,Thu 8:15PM
195926728,Casual NFL Showdown $2 3-Player (ATL @ GB),153775,Showdown Captain Mode,2.0,0,3,1,5.4,2026-09-25 00:15:00+00:00,Thu 8:15PM
195926704,Casual NFL Showdown $1 50-50 (ATL @ GB),153775,Showdown Captain Mode,1.0,0,10,1,9.0,2026-09-25 00:15:00+00:00,Thu 8:15PM
195926705,Casual NFL Showdown $1 50-50 (ATL @ GB),153775,Showdown Captain Mode,1.0,0,10,1,9.0,2026-09-25 00:15:00+00:00,Thu 8:15PM
195937011,Casual NFL Showdown $1 50-50 (ATL @ GB),153775,Showdown Captain Mode,1.0,0,10,1,9.0,2026-09-25 00:15:00+00:00,Thu 8:15PM
195926730,Casual NFL Showdown $1 5-Player (ATL @ GB),153775,Showdown Captain Mode,1.0,0,5,1,4.5,2026-09-25 00:15:00+00:00,Thu 8:15PM
195926731,Casual NFL Showdown $1 5-Player (ATL @ GB),153775,Showdown Captain Mode,1.0,0,5,1,4.5,2026-09-25 00:15:00+00:00,Thu 8:15PM
195930343,Casual NFL Showdown $1 5-Player (ATL @ GB),153775,Showdown Captain Mode,1.0,0,5,1,4.5,2026-09-25 00:15:00+00:00,Thu 8:15PM
195926732,Casual NFL Showdown $1 3-Player (ATL @ GB),153775,Showdown Captain Mode,1.0,0,3,1,2.7,2026-09-25 00:15:00+00:00,Thu 8:15PM
195926733,Casual NFL Showdown $1 3-Player (ATL @ GB),153775,Showdown Captain Mode,1.0,0,3,1,2.7,2026-09-25 00:15:00+00:00,Thu 8:15PM
195926734,Casual NFL Showdown $1 3-Player (ATL @ GB),153775,Showdown Captain Mode,1.0,0,3,1,2.7,2026-09-25 00:15:00+00:00,Thu 8:15PM
195926670,Beginner NFL Showdown $109 5-Player (ATL @ GB),153775,Showdown Captain Mode,109.0,0,5,1,500.0,2026-09-25 00:15:00+00:00,Thu 8:15PM
195926669,Beginner NFL Showdown $109 3-Player (ATL @ GB),153775,Showdown Captain Mode,109.0,0,3,1,300.0,2026-09-25 00:15:00+00:00,Thu 8:15PM
195926637,Beginner NFL Showdown $50 50-50 (ATL @ GB),153775,Showdown Captain Mode,50.0,0,10,1,450.0,2026-09-25 00:15:00+00:00,Thu 8:15PM
195926638,Beginner NFL Showdown $50 50-50 (ATL @ GB),153775,Showdown Captain Mode,50.0,0,10,1,450.0,2026-09-25 00:15:00+00:00,Thu 8:15PM
195926641,Beginner NFL Showdown $50 5-Player (ATL @ GB),153775,Showdown Captain Mode,50.0,0,5,1,225.0,2026-09-25 00:15:00+00:00,Thu 8:15PM
195926639,Beginner NFL Showdown $50 3-Player (ATL @ GB),153775,Showdown Captain Mode,50.0,0,3,1,135.0,2026-09-25 00:15:00+00:00,Thu 8:15PM
195926640,Beginner NFL Showdown $50 3-Player (ATL @ GB),153775,Showdown Captain Mode,50.0,0,3,1,135.0,2026-09-25 00:15:00+00:00,Thu 8:15PM
195926621,Beginner NFL Showdown $20 50-50 (ATL @ GB),153775,Showdown Captain Mode,20.0,0,10,1,180.0,2026-09-25 00:15:00+00:00,Thu 8:15PM
195926622,Beginner NFL Showdown $20 50-50 (ATL @ GB),153775,Showdown Captain Mode,20.0,0,10,1,180.0,2026-09-25 00:15:00+00:00,Thu 8:15PM
195926623,Beginner NFL Showdown $20 50-50 (ATL @ GB),153775,Showdown Captain Mode,20.0,0,10,1,180.0,2026-09-25 00:15:00+00:00,Thu 8:15PM
195926606,Beginner NFL Showdown $20 5-Player (ATL @ GB),153775,Showdown Captain Mode,20.0,0,5,1,90.0,2026-09-25 00:15:00+00:00,Thu 8:15PM
195926607,Beginner NFL Showdown $20 5-Player (ATL @ GB),153775,Showdown Captain Mode,20.0,0,5,1,90.0,2026-09-25 00:15:00+00:00,Thu 8:15PM
195926608,Beginner NFL Showdown $20 5-Player (ATL @ GB),153775,Showdown Captain Mode,20.0,0,5,1,90.0,2026-09-25 00:15:00+00:00,Thu 8:15PM
195926588,Beginner NFL Showdown $20 3-Player (ATL @ GB),153775,Showdown Captain Mode,20.0,0,3,1,54.0,2026-09-25 00:15:00+00:00,Thu 8:15PM
195926589,Beginner NFL Showdown $20 3-Player (ATL @ GB),153775,Showdown Captain Mode,20.0,0,3,1,54.0,2026-09-25 00:15:00+00:00,Thu 8:15PM
195926590,Beginner NFL Showdown $20 3-Player (ATL @ GB),153775,Showdown Captain Mode,20.0,0,3,1,54.0,2026-09-25 00:15:00+00:00,Thu 8:15PM
195926619,Beginner NFL Showdown $10 50-50 (ATL @ GB),153775,Showdown Captain Mode,10.0,0,10,1,90.0,2026-09-25 00:15:00+00:00,Thu 8:15PM
195926620,Beginner NFL Showdown $10 50-50 (ATL @ GB),153775,Showdown Captain Mode,10.0,0,10,1,90.0,2026-09-25 00:15:00+00:00,Thu 8:15PM
195962311,Beginner NFL Showdown $10 50-50 (ATL @ GB),153775,Showdown Captain Mode,10.0,0,10,1,90.0,2026-09-25 00:15:00+00:00,Thu 8:15PM
195926603,Beginner NFL Showdown $10 5-Player (ATL @ GB),153775,Showdown Captain Mode,10.0,0,5,1,45.0,2026-09-25 00:15:00+00:00,Thu 8:15PM
195926604,Beginner NFL Showdown $10 5-Player (ATL @ GB),153775,Showdown Captain Mode,10.0,0,5,1,45.0,2026-09-25 00:15:00+00:00,Thu 8:15PM
195926605,Beginner NFL Showdown $10 5-Player (ATL @ GB),153775,Showdown Captain Mode,10.0,0,5,1,45.0,2026-09-25 00:15:00+00:00,Thu 8:15PM
195926585,Beginner NFL Showdown $10 3-Player (ATL @ GB),153775,Showdown Captain Mode,10.0,0,3,1,27.0,2026-09-25 00:15:00+00:00,Thu 8:15PM
195926586,Beginner NFL Showdown $10 3-Player (ATL @ GB),153775,Showdown Captain Mode,10.0,0,3,1,27.0,2026-09-25 00:15:00+00:00,Thu 8:15PM
195926587,Beginner NFL Showdown $10 3-Player (ATL @ GB),153775,Showdown Captain Mode,10.0,0,3,1,27.0,2026-09-25 00:15:00+00:00,Thu 8:15PM
195926615,Beginner NFL Showdown $5 50-50 (ATL @ GB),153775,Showdown Captain Mode,5.0,0,10,1,45.0,2026-09-25 00:15:00+00:00,Thu 8:15PM
195926616,Beginner NFL Showdown $5 50-50 (ATL @ GB),153775,Showdown Captain Mode,5.0,0,10,1,45.0,2026-09-25 00:15:00+00:00,Thu 8:15PM
195926617,Beginner NFL Showdown $5 50-50 (ATL @ GB),153775,Showdown Captain Mode,5.0,0,10,1,45.0,2026-09-25 00:15:00+00:00,Thu 8:15PM
195926600,Beginner NFL Showdown $5 5-Player (ATL @ GB),153775,Showdown Captain Mode,5.0,0,5,1,22.5,2026-09-25 00:15:00+00:00,Thu 8:15PM
195926601,Beginner NFL Showdown $5 5-Player (ATL @ GB),153775,Showdown Captain Mode,5.0,0,5,1,22.5,2026-09-25 00:15:00+00:00,Thu 8:15PM
195926602,Beginner NFL Showdown $5 5-Player (ATL @ GB),153775,Showdown Captain Mode,5.0,0,5,1,22.5,2026-09-25 00:15:00+00:00,Thu 8:15PM
195926579,Beginner NFL Showdown $5 3-Player (ATL @ GB),153775,Showdown Captain Mode,5.0,0,3,1,13.5,2026-09-25 00:15:00+00:00,Thu 8:15PM
195926580,Beginner NFL Showdown $5 3-Player (ATL @ GB),153775,Showdown Captain Mode,5.0,0,3,1,13.5,2026-09-25 00:15:00+00:00,Thu 8:15PM
195926581,Beginner NFL Showdown $5 3-Player (ATL @ GB),153775,Showdown Captain Mode,5.0,0,3,1,13.5,2026-09-25 00:15:00+00:00,Thu 8:15PM
195926612,Beginner NFL Showdown $3 50-50 (ATL @ GB),153775,Showdown Captain Mode,3.0,0,10,1,27.0,2026-09-25 00:15:00+00:00,Thu 8:15PM
195926613,Beginner NFL Showdown $3 50-50 (ATL @ GB),153775,Showdown Captain Mode,3.0,0,10,1,27.0,2026-09-25 00:15:00+00:00,Thu 8:15PM
195926614,Beginner NFL Showdown $3 50-50 (ATL @ GB),153775,Showdown Captain Mode,3.0,0,10,1,27.0,2026-09-25 00:15:00+00:00,Thu 8:15PM
195926597,Beginner NFL Showdown $2 5-Player (ATL @ GB),153775,Showdown Captain Mode,2.0,0,5,1,9.0,2026-09-25 00:15:00+00:00,Thu 8:15PM
195926598,Beginner NFL Showdown $2 5-Player (ATL @ GB),153775,Showdown Captain Mode,2.0,0,5,1,9.0,2026-09-25 00:15:00+00:00,Thu 8:15PM
195926599,Beginner NFL Showdown $2 5-Player (ATL @ GB),153775,Showdown Captain Mode,2.0,0,5,1,9.0,2026-09-25 00:15:00+00:00,Thu 8:15PM
195926591,Beginner NFL Showdown $2 3-Player (ATL @ GB),153775,Showdown Captain Mode,2.0,0,3,1,5.4,2026-09-25 00:15:00+00:00,Thu 8:15PM
195926592,Beginner NFL Showdown $2 3-Player (ATL @ GB),153775,Showdown Captain Mode,2.0,0,3,1,5.4,2026-09-25 00:15:00+00:00,Thu 8:15PM
195926593,Beginner NFL Showdown $2 3-Player (ATL @ GB),153775,Showdown Captain Mode,2.0,0,3,1,5.4,2026-09-25 00:15:00+00:00,Thu 8:15PM
195926610,Beginner NFL Showdown $1 50-50 (ATL @ GB),153775,Showdown Captain Mode,1.0,0,10,1,9.0,2026-09-25 00:15:00+00:00,Thu 8:15PM
195926611,Beginner NFL Showdown $1 50-50 (ATL @ GB),153775,Showdown Captain Mode,1.0,0,10,1,9.0,2026-09-25 00:15:00+00:00,Thu 8:15PM
195966888,Beginner NFL Showdown $1 50-50 (ATL @ GB),153775,Showdown Captain Mode,1.0,0,10,1,9.0,2026-09-25 00:15:00+00:00,Thu 8:15PM
195926594,Beginner NFL Showdown $1 5-Player (ATL @ GB),153775,Showdown Captain Mode,1.0,0,5,1,4.5,2026-09-25 00:15:00+00:00,Thu 8:15PM
195926595,Beginner NFL Showdown $1 5-Player (ATL @ GB),153775,Showdown Captain Mode,1.0,0,5,1,4.5,2026-09-25 00:15:00+00:00,Thu 8:15PM
195926596,Beginner NFL Showdown $1 5-Player (ATL @ GB),153775,Showdown Captain Mode,1.0,0,5,1,4.5,2026-09-25 00:15:00+00:00,Thu 8:15PM
195926582,Beginner NFL Showdown $1 3-Player (ATL @ GB),153775,Showdown Captain Mode,1.0,0,3,1,2.7,2026-09-25 00:15:00+00:00,Thu 8:15PM
195926583,Beginner NFL Showdown $1 3-Player (ATL @ GB),153775,Showdown Captain Mode,1.0,0,3,1,2.7,2026-09-25 00:15:00+00:00,Thu 8:15PM
195926584,Beginner NFL Showdown $1 3-Player (ATL @ GB),153775,Showdown Captain Mode,1.0,0,3,1,2.7,2026-09-25 00:15:00+00:00,Thu 8:15PM
195950325,"NFL Showdown $10,600 3-Player (ATL @ GB)",153775,Showdown Captain Mode,10600.0,0,3,1,30000.0,2026-09-25 00:15:00+00:00,Thu 8:15PM
195951712,"NFL Showdown $10,600 3-Player (ATL @ GB)",153775,Showdown Captain Mode,10600.0,0,3,1,30000.0,2026-09-25 00:15:00+00:00,Thu 8:15PM
195926649,"NFL Showdown $5,300 50-50 (ATL @ GB)",153775,Showdown Captain Mode,5300.0,0,4,1,20000.0,2026-09-25 00:15:00+00:00,Thu 8:15PM
195963093,"NFL Showdown $5,300 50-50 (ATL @ GB)",153775,Showdown Captain Mode,5300.0,0,4,1,20000.0,2026-09-25 00:15:00+00:00,Thu 8:15PM
195950326,"NFL Showdown $5,300 3-Player (ATL @ GB)",153775,Showdown Captain Mode,5300.0,0,3,1,15000.0,2026-09-25 00:15:00+00:00,Thu 8:15PM
195951713,"NFL Showdown $5,300 3-Player (ATL @ GB)",153775,Showdown Captain Mode,5300.0,0,3,1,15000.0,2026-09-25 00:15:00+00:00,Thu 8:15PM
195926683,"NFL Showdown $2,120 50-50 (ATL @ GB)",153775,Showdown Captain Mode,2120.0,0,4,1,8000.0,2026-09-25 00:15:00+00:00,Thu 8:15PM
195963105,"NFL Showdown $2,120 50-50 (ATL @ GB)",153775,Showdown Captain Mode,2120.0,0,4,1,8000.0,2026-09-25 00:15:00+00:00,Thu 8:15PM
195926681,"NFL Showdown $2,120 5-Player (ATL @ GB)",153775,Showdown Captain Mode,2120.0,0,5,1,10000.0,2026-09-25 00:15:00+00:00,Thu 8:15PM
195926682,"NFL Showdown $2,120 5-Player (ATL @ GB)",153775,Showdown Captain Mode,2120.0,0,5,1,10000.0,2026-09-25 00:15:00+00:00,Thu 8:15PM
195950337,"NFL Showdown $2,120 3-Player (ATL @ GB)",153775,Showdown Captain Mode,2120.0,0,3,1,6000.0,2026-09-25 00:15:00+00:00,Thu 8:15PM
195951722,"NFL Showdown $2,120 3-Player (ATL @ GB)",153775,Showdown Captain Mode,2120.0,0,3,1,6000.0,2026-09-25 00:15:00+00:00,Thu 8:15PM
195926651,"NFL Showdown $1,060 50-50 (ATL @ GB)",153775,Showdown Captain Mode,1060.0,0,4,1,4000.0,2026-09-25 00:15:00+00:00,Thu 8:15PM
195963094,"NFL Showdown $1,060 50-50 (ATL @ GB)",153775,Showdown Captain Mode,1060.0,0,4,1,4000.0,2026-09-25 00:15:00+00:00,Thu 8:15PM
195926536,"NFL Showdown $1,060 5-Player (ATL @ GB)",153775,Showdown Captain Mode,1060.0,0,5,1,5000.0,2026-09-25 00:15:00+00:00,Thu 8:15PM
195926537,"NFL Showdown $1,060 5-Player (ATL @ GB)",153775,Showdown Captain Mode,1060.0,0,5,1,5000.0,2026-09-25 00:15:00+00:00,Thu 8:15PM
195950327,"NFL Showdown $1,060 3-Player (ATL @ GB)",153775,Showdown Captain Mode,1060.0,0,3,1,3000.0,2026-09-25 00:15:00+00:00,Thu 8:15PM
195951714,"NFL Showdown $1,060 3-Player (ATL @ GB)",153775,Showdown Captain Mode,1060.0,0,3,1,3000.0,2026-09-25 00:15:00+00:00,Thu 8:15PM
195963095,NFL Showdown $530 50-50 (ATL @ GB),153775,Showdown Captain Mode,530.0,0,4,1,2000.0,2026-09-25 00:15:00+00:00,Thu 8:15PM
195963096,NFL Showdown $530 50-50 (ATL @ GB),153775,Showdown Captain Mode,530.0,0,4,1,2000.0,2026-09-25 00:15:00+00:00,Thu 8:15PM
195963101,NFL Showdown $530 50-50 (ATL @ GB),153775,Showdown Captain Mode,530.0,0,8,1,4000.0,2026-09-25 00:15:00+00:00,Thu 8:15PM
195926563,NFL Showdown $530 5-Player (ATL @ GB),153775,Showdown Captain Mode,530.0,0,5,1,2500.0,2026-09-25 00:15:00+00:00,Thu 8:15PM
195926564,NFL Showdown $530 5-Player (ATL @ GB),153775,Showdown Captain Mode,530.0,0,5,1,2500.0,2026-09-25 00:15:00+00:00,Thu 8:15PM
195951715,NFL Showdown $530 3-Player (ATL @ GB),153775,Showdown Captain Mode,530.0,0,3,1,1500.0,2026-09-25 00:15:00+00:00,Thu 8:15PM
195951716,NFL Showdown $530 3-Player (ATL @ GB),153775,Showdown Captain Mode,530.0,0,3,1,1500.0,2026-09-25 00:15:00+00:00,Thu 8:15PM
195963100,NFL Showdown $270 50-50 (ATL @ GB),153775,Showdown Captain Mode,270.0,0,8,1,2000.0,2026-09-25 00:15:00+00:00,Thu 8:15PM
195963114,NFL Showdown $270 50-50 (ATL @ GB),153775,Showdown Captain Mode,270.0,0,4,1,1000.0,2026-09-25 00:15:00+00:00,Thu 8:15PM
195963115,NFL Showdown $270 50-50 (ATL @ GB),153775,Showdown Captain Mode,270.0,0,4,1,1000.0,2026-09-25 00:15:00+00:00,Thu 8:15PM
195926624,NFL Showdown $270 10-Player (ATL @ GB),153775,Showdown Captain Mode,270.0,0,10,1,2500.0,2026-09-25 00:15:00+00:00,Thu 8:15PM
195951717,NFL Showdown $270 3-Player (ATL @ GB),153775,Showdown Captain Mode,270.0,0,3,1,750.0,2026-09-25 00:15:00+00:00,Thu 8:15PM
195951718,NFL Showdown $270 3-Player (ATL @ GB),153775,Showdown Captain Mode,270.0,0,3,1,750.0,2026-09-25 00:15:00+00:00,Thu 8:15PM
195926561,NFL Showdown $270 5-Player (ATL @ GB),153775,Showdown Captain Mode,270.0,0,5,1,1250.0,2026-09-25 00:15:00+00:00,Thu 8:15PM
195926562,NFL Showdown $270 5-Player (ATL @ GB),153775,Showdown Captain Mode,270.0,0,5,1,1250.0,2026-09-25 00:15:00+00:00,Thu 8:15PM
195963099,NFL Showdown $162 50-50 (ATL @ GB),153775,Showdown Captain Mode,162.0,0,8,1,1200.0,2026-09-25 00:15:00+00:00,Thu 8:15PM
195963078,NFL Showdown $162 50-50 (ATL @ GB),153775,Showdown Captain Mode,162.0,0,4,1,600.0,2026-09-25 00:15:00+00:00,Thu 8:15PM
195963079,NFL Showdown $162 50-50 (ATL @ GB),153775,Showdown Captain Mode,162.0,0,4,1,600.0,2026-09-25 00:15:00+00:00,Thu 8:15PM
195926559,NFL Showdown $162 5-Player (ATL @ GB),153775,Showdown Captain Mode,162.0,0,5,1,750.0,2026-09-25 00:15:00+00:00,Thu 8:15PM
195926560,NFL Showdown $162 5-Player (ATL @ GB),153775,Showdown Captain Mode,162.0,0,5,1,750.0,2026-09-25 00:15:00+00:00,Thu 8:15PM
195951709,NFL Showdown $162 3-Player (ATL @ GB),153775,Showdown Captain Mode,162.0,0,3,1,450.0,2026-09-25 00:15:00+00:00,Thu 8:15PM
195951710,NFL Showdown $162 3-Player (ATL @ GB),153775,Showdown Captain Mode,162.0,0,3,1,450.0,2026-09-25 00:15:00+00:00,Thu 8:15PM
195951711,NFL Showdown $162 3-Player (ATL @ GB),153775,Showdown Captain Mode,162.0,0,3,1,450.0,2026-09-25 00:15:00+00:00,Thu 8:15PM
195963091,NFL Showdown $109 50-50 (ATL @ GB),153775,Showdown Captain Mode,109.0,0,20,1,2000.0,2026-09-25 00:15:00+00:00,Thu 8:15PM
195963082,NFL Showdown $109 50-50 (ATL @ GB),153775,Showdown Captain Mode,109.0,0,10,1,1000.0,2026-09-25 00:15:00+00:00,Thu 8:15PM
195963097,NFL Showdown $109 50-50 (ATL @ GB),153775,Showdown Captain Mode,109.0,0,4,1,400.0,2026-09-25 00:15:00+00:00,Thu 8:15PM
195963098,NFL Showdown $109 50-50 (ATL @ GB),153775,Showdown Captain Mode,109.0,0,4,1,400.0,2026-09-25 00:15:00+00:00,Thu 8:15PM
195926663,NFL Showdown $109 5-Player (ATL @ GB),153775,Showdown Captain Mode,109.0,0,5,1,500.0,2026-09-25 00:15:00+00:00,Thu 8:15PM
195926664,NFL Showdown $109 5-Player (ATL @ GB),153775,Showdown Captain Mode,109.0,0,5,1,500.0,2026-09-25 00:15:00+00:00,Thu 8:15PM
195951719,NFL Showdown $109 3-Player (ATL @ GB),153775,Showdown Captain Mode,109.0,0,3,1,300.0,2026-09-25 00:15:00+00:00,Thu 8:15PM
195951720,NFL Showdown $109 3-Player (ATL @ GB),153775,Showdown Captain Mode,109.0,0,3,1,300.0,2026-09-25 00:15:00+00:00,Thu 8:15PM
195951721,NFL Showdown $109 3-Player (ATL @ GB),153775,Showdown Captain Mode,109.0,0,3,1,300.0,2026-09-25 00:15:00+00:00,Thu 8:15PM
195963090,NFL Showdown $50 50-50 (ATL @ GB),153775,Showdown Captain Mode,50.0,0,20,1,900.0,2026-09-25 00:15:00+00:00,Thu 8:15PM
195963080,NFL Showdown $50 50-50 (ATL @ GB),153775,Showdown Captain Mode,50.0,0,10,1,450.0,2026-09-25 00:15:00+00:00,Thu 8:15PM
195963081,NFL Showdown $50 50-50 (ATL @ GB),153775,Showdown Captain Mode,50.0,0,10,1,450.0,2026-09-25 00:15:00+00:00,Thu 8:15PM
195963073,NFL Showdown $50 50-50 (ATL @ GB),153775,Showdown Captain Mode,50.0,0,4,1,180.0,2026-09-25 00:15:00+00:00,Thu 8:15PM
195963074,NFL Showdown $50 50-50 (ATL @ GB),153775,Showdown Captain Mode,50.0,0,4,1,180.0,2026-09-25 00:15:00+00:00,Thu 8:15PM
195963075,NFL Showdown $50 50-50 (ATL @ GB),153775,Showdown Captain Mode,50.0,0,4,1,180.0,2026-09-25 00:15:00+00:00,Thu 8:15PM
195963111,NFL Showdown $50 Double Up (ATL @ GB),153775,Showdown Captain Mode,50.0,0,22,1,1000.0,2026-09-25 00:15:00+00:00,Thu 8:15PM
195963110,NFL Showdown $50 Double Up (ATL @ GB),153775,Showdown Captain Mode,50.0,0,11,1,500.0,2026-09-25 00:15:00+00:00,Thu 8:15PM
195926627,NFL Showdown $50 20-Player (ATL @ GB),153775,Showdown Captain Mode,50.0,0,20,1,900.0,2026-09-25 00:15:00+00:00,Thu 8:15PM
195926538,NFL Showdown $50 10-Player (ATL @ GB),153775,Showdown Captain Mode,50.0,0,10,1,450.0,2026-09-25 00:15:00+00:00,Thu 8:15PM
195926539,NFL Showdown $50 10-Player (ATL @ GB),153775,Showdown Captain Mode,50.0,0,10,1,450.0,2026-09-25 00:15:00+00:00,Thu 8:15PM
195926514,NFL Showdown $50 5-Player (ATL @ GB),153775,Showdown Captain Mode,50.0,0,5,1,225.0,2026-09-25 00:15:00+00:00,Thu 8:15PM
195926515,NFL Showdown $50 5-Player (ATL @ GB),153775,Showdown Captain Mode,50.0,0,5,1,225.0,2026-09-25 00:15:00+00:00,Thu 8:15PM
195951697,NFL Showdown $50 3-Player (ATL @ GB),153775,Showdown Captain Mode,50.0,0,3,1,135.0,2026-09-25 00:15:00+00:00,Thu 8:15PM
195951698,NFL Showdown $50 3-Player (ATL @ GB),153775,Showdown Captain Mode,50.0,0,3,1,135.0,2026-09-25 00:15:00+00:00,Thu 8:15PM
195951699,NFL Showdown $50 3-Player (ATL @ GB),153775,Showdown Captain Mode,50.0,0,3,1,135.0,2026-09-25 00:15:00+00:00,Thu 8:15PM
195963109,NFL Showdown $25 Double Up (ATL @ GB),153775,Showdown Captain Mode,25.0,0,22,1,500.0,2026-09-25 00:15:00+00:00,Thu 8:15PM
195963108,NFL Showdown $25 Double Up (ATL @ GB),153775,Showdown Captain Mode,25.0,0,11,1,250.0,2026-09-25 00:15:00+00:00,Thu 8:15PM
195963104,NFL Showdown $20 50-50 (ATL @ GB),153775,Showdown Captain Mode,20.0,0,50,1,900.0,2026-09-25 00:15:00+00:00,Thu 8:15PM
195963088,NFL Showdown $20 50-50 (ATL @ GB),153775,Showdown Captain Mode,20.0,0,20,1,360.0,2026-09-25 00:15:00+00:00,Thu 8:15PM
195963089,NFL Showdown $20 50-50 (ATL @ GB),153775,Showdown Captain Mode,20.0,0,20,1,360.0,2026-09-25 00:15:00+00:00,Thu 8:15PM
195963071,NFL Showdown $20 50-50 (ATL @ GB),153775,Showdown Captain Mode,20.0,0,10,1,180.0,2026-09-25 00:15:00+00:00,Thu 8:15PM
195963072,NFL Showdown $20 50-50 (ATL @ GB),153775,Showdown Captain Mode,20.0,0,10,1,180.0,2026-09-25 00:15:00+00:00,Thu 8:15PM
195947473,NFL Showdown $20 100-Player (ATL @ GB),153775,Showdown Captain Mode,20.0,0,100,1,1800.0,2026-09-25 00:15:00+00:00,Thu 8:15PM
195926630,NFL Showdown $20 40-Player (ATL @ GB),153775,Showdown Captain Mode,20.0,0,40,1,720.0,2026-09-25 00:15:00+00:00,Thu 8:15PM
195926625,NFL Showdown $20 20-Player (ATL @ GB),153775,Showdown Captain Mode,20.0,0,20,1,360.0,2026-09-25 00:15:00+00:00,Thu 8:15PM
195926626,NFL Showdown $20 20-Player (ATL @ GB),153775,Showdown Captain Mode,20.0,0,20,1,360.0,2026-09-25 00:15:00+00:00,Thu 8:15PM
195926544,NFL Showdown $20 10-Player (ATL @ GB),153775,Showdown Captain Mode,20.0,0,10,1,180.0,2026-09-25 00:15:00+00:00,Thu 8:15PM
195926545,NFL Showdown $20 10-Player (ATL @ GB),153775,Showdown Captain Mode,20.0,0,10,1,180.0,2026-09-25 00:15:00+00:00,Thu 8:15PM
195926489,NFL Showdown $20 5-Player (ATL @ GB),153775,Showdown Captain Mode,20.0,0,5,1,90.0,2026-09-25 00:15:00+00:00,Thu 8:15PM
195926490,NFL Showdown $20 5-Player (ATL @ GB),153775,Showdown Captain Mode,20.0,0,5,1,90.0,2026-09-25 00:15:00+00:00,Thu 8:15PM
195926491,NFL Showdown $20 5-Player (ATL @ GB),153775,Showdown Captain Mode,20.0,0,5,1,90.0,2026-09-25 00:15:00+00:00,Thu 8:15PM
195951706,NFL Showdown $20 3-Player (ATL @ GB),153775,Showdown Captain Mode,20.0,0,3,1,54.0,2026-09-25 00:15:00+00:00,Thu 8:15PM
195951707,NFL Showdown $20 3-Player (ATL @ GB),153775,Showdown Captain Mode,20.0,0,3,1,54.0,2026-09-25 00:15:00+00:00,Thu 8:15PM
195951708,NFL Showdown $20 3-Player (ATL @ GB),153775,Showdown Captain Mode,20.0,0,3,1,54.0,2026-09-25 00:15:00+00:00,Thu 8:15PM
195963103,NFL Showdown $10 50-50 (ATL @ GB),153775,Showdown Captain Mode,10.0,0,50,1,450.0,2026-09-25 00:15:00+00:00,Thu 8:15PM
195963086,NFL Showdown $10 50-50 (ATL @ GB),153775,Showdown Captain Mode,10.0,0,20,1,180.0,2026-09-25 00:15:00+00:00,Thu 8:15PM
195963087,NFL Showdown $10 50-50 (ATL @ GB),153775,Showdown Captain Mode,10.0,0,20,1,180.0,2026-09-25 00:15:00+00:00,Thu 8:15PM
195963076,NFL Showdown $10 50-50 (ATL @ GB),153775,Showdown Captain Mode,10.0,0,10,1,90.0,2026-09-25 00:15:00+00:00,Thu 8:15PM
195963077,NFL Showdown $10 50-50 (ATL @ GB),153775,Showdown Captain Mode,10.0,0,10,1,90.0,2026-09-25 00:15:00+00:00,Thu 8:15PM
195963106,NFL Showdown $10 Double Up (ATL @ GB),153775,Showdown Captain Mode,10.0,0,11,1,100.0,2026-09-25 00:15:00+00:00,Thu 8:15PM
195963107,NFL Showdown $10 Double Up (ATL @ GB),153775,Showdown Captain Mode,10.0,0,11,1,100.0,2026-09-25 00:15:00+00:00,Thu 8:15PM
195926752,NFL Showdown $10 100-Player (ATL @ GB),153775,Showdown Captain Mode,10.0,0,100,1,900.0,2026-09-25 00:15:00+00:00,Thu 8:15PM
195926629,NFL Showdown $10 40-Player (ATL @ GB),153775,Showdown Captain Mode,10.0,0,40,1,360.0,2026-09-25 00:15:00+00:00,Thu 8:15PM
195926540,NFL Showdown $10 20-Player (ATL @ GB),153775,Showdown Captain Mode,10.0,0,20,1,180.0,2026-09-25 00:15:00+00:00,Thu 8:15PM
195926541,NFL Showdown $10 20-Player (ATL @ GB),153775,Showdown Captain Mode,10.0,0,20,1,180.0,2026-09-25 00:15:00+00:00,Thu 8:15PM
195926503,NFL Showdown $10 10-Player (ATL @ GB),153775,Showdown Captain Mode,10.0,0,10,1,90.0,2026-09-25 00:15:00+00:00,Thu 8:15PM
195926504,NFL Showdown $10 10-Player (ATL @ GB),153775,Showdown Captain Mode,10.0,0,10,1,90.0,2026-09-25 00:15:00+00:00,Thu 8:15PM
195926486,NFL Showdown $10 5-Player (ATL @ GB),153775,Showdown Captain Mode,10.0,0,5,1,45.0,2026-09-25 00:15:00+00:00,Thu 8:15PM
195926487,NFL Showdown $10 5-Player (ATL @ GB),153775,Showdown Captain Mode,10.0,0,5,1,45.0,2026-09-25 00:15:00+00:00,Thu 8:15PM
195926488,NFL Showdown $10 5-Player (ATL @ GB),153775,Showdown Captain Mode,10.0,0,5,1,45.0,2026-09-25 00:15:00+00:00,Thu 8:15PM
195951703,NFL Showdown $10 3-Player (ATL @ GB),153775,Showdown Captain Mode,10.0,0,3,1,27.0,2026-09-25 00:15:00+00:00,Thu 8:15PM
195951704,NFL Showdown $10 3-Player (ATL @ GB),153775,Showdown Captain Mode,10.0,0,3,1,27.0,2026-09-25 00:15:00+00:00,Thu 8:15PM
195951705,NFL Showdown $10 3-Player (ATL @ GB),153775,Showdown Captain Mode,10.0,0,3,1,27.0,2026-09-25 00:15:00+00:00,Thu 8:15PM
195963092,NFL Showdown $5 50-50 (ATL @ GB),153775,Showdown Captain Mode,5.0,0,100,1,450.0,2026-09-25 00:15:00+00:00,Thu 8:15PM
195963102,NFL Showdown $5 50-50 (ATL @ GB),153775,Showdown Captain Mode,5.0,0,50,1,225.0,2026-09-25 00:15:00+00:00,Thu 8:15PM
195963083,NFL Showdown $5 50-50 (ATL @ GB),153775,Showdown Captain Mode,5.0,0,20,1,90.0,2026-09-25 00:15:00+00:00,Thu 8:15PM
195963084,NFL Showdown $5 50-50 (ATL @ GB),153775,Showdown Captain Mode,5.0,0,20,1,90.0,2026-09-25 00:15:00+00:00,Thu 8:15PM
195963085,NFL Showdown $5 50-50 (ATL @ GB),153775,Showdown Captain Mode,5.0,0,20,1,90.0,2026-09-25 00:15:00+00:00,Thu 8:15PM
195963068,NFL Showdown $5 50-50 (ATL @ GB),153775,Showdown Captain Mode,5.0,0,10,1,45.0,2026-09-25 00:15:00+00:00,Thu 8:15PM
195963069,NFL Showdown $5 50-50 (ATL @ GB),153775,Showdown Captain Mode,5.0,0,10,1,45.0,2026-09-25 00:15:00+00:00,Thu 8:15PM
195963070,NFL Showdown $5 50-50 (ATL @ GB),153775,Showdown Captain Mode,5.0,0,10,1,45.0,2026-09-25 00:15:00+00:00,Thu 8:15PM
195963112,NFL Showdown $5 Double Up (ATL @ GB),153775,Showdown Captain Mode,5.0,0,11,1,50.0,2026-09-25 00:15:00+00:00,Thu 8:15PM
195963113,NFL Showdown $5 Double Up (ATL @ GB),153775,Showdown Captain Mode,5.0,0,11,1,50.0,2026-09-25 00:15:00+00:00,Thu 8:15PM
195962212,NFL Showdown $5 100-Player (ATL @ GB),153775,Showdown Captain Mode,5.0,0,100,1,450.0,2026-09-25 00:15:00+00:00,Thu 8:15PM
195926628,NFL Showdown $5 40-Player (ATL @ GB),153775,Showdown Captain Mode,5.0,0,40,1,180.0,2026-09-25 00:15:00+00:00,Thu 8:15PM
195926542,NFL Showdown $5 20-Player (ATL @ GB),153775,Showdown Captain Mode,5.0,0,20,1,90.0,2026-09-25 00:15:00+00:00,Thu 8:15PM
195926543,NFL Showdown $5 20-Player (ATL @ GB),153775,Showdown Captain Mode,5.0,0,20,1,90.0,2026-09-25 00:15:00+00:00,Thu 8:15PM
195926477,NFL Showdown $5 10-Player (ATL @ GB),153775,Showdown Captain Mode,5.0,0,10,1,45.0,2026-09-25 00:15:00+00:00,Thu 8:15PM
195926478,NFL Showdown $5 10-Player (ATL @ GB),153775,Showdown Captain Mode,5.0,0,10,1,45.0,2026-09-25 00:15:00+00:00,Thu 8:15PM
195926479,NFL Showdown $5 10-Player (ATL @ GB),153775,Showdown Captain Mode,5.0,0,10,1,45.0,2026-09-25 00:15:00+00:00,Thu 8:15PM
195926483,NFL Showdown $5 5-Player (ATL @ GB),153775,Showdown Captain Mode,5.0,0,5,1,22.5,2026-09-25 00:15:00+00:00,Thu 8:15PM
195926484,NFL Showdown $5 5-Player (ATL @ GB),153775,Showdown Captain Mode,5.0,0,5,1,22.5,2026-09-25 00:15:00+00:00,Thu 8:15PM
195926485,NFL Showdown $5 5-Player (ATL @ GB),153775,Showdown Captain Mode,5.0,0,5,1,22.5,2026-09-25 00:15:00+00:00,Thu 8:15PM
195951702,NFL Showdown $5 3-Player (ATL @ GB),153775,Showdown Captain Mode,5.0,0,3,1,13.5,2026-09-25 00:15:00+00:00,Thu 8:15PM
195967842,NFL Showdown $5 3-Player (ATL @ GB),153775,Showdown Captain Mode,5.0,0,3,1,13.5,2026-09-25 00:15:00+00:00,Thu 8:15PM
195970352,NFL Showdown $5 3-Player (ATL @ GB),153775,Showdown Captain Mode,5.0,0,3,1,13.5,2026-09-25 00:15:00+00:00,Thu 8:15PM
195951694,NFL Showdown $5 3-Player (ATL @ GB),153775,Showdown Captain Mode,5.0,0,3,1,13.5,2026-09-25 00:15:00+00:00,Thu 8:15PM
195951695,NFL Showdown $5 3-Player (ATL @ GB),153775,Showdown Captain Mode,5.0,0,3,1,13.5,2026-09-25 00:15:00+00:00,Thu 8:15PM
195951696,NFL Showdown $5 3-Player (ATL @ GB),153775,Showdown Captain Mode,5.0,0,3,1,13.5,2026-09-25 00:15:00+00:00,Thu 8:15PM
195947899,NFL Showdown $3 Double Up (ATL @ GB),153775,Showdown Captain Mode,3.0,0,11,1,30.0,2026-09-25 00:15:00+00:00,Thu 8:15PM
195947900,NFL Showdown $3 Double Up (ATL @ GB),153775,Showdown Captain Mode,3.0,0,11,1,30.0,2026-09-25 00:15:00+00:00,Thu 8:15PM
195947895,NFL Showdown $2 50-50 (ATL @ GB),153775,Showdown Captain Mode,2.0,0,100,1,180.0,2026-09-25 00:15:00+00:00,Thu 8:15PM
195947898,NFL Showdown $2 50-50 (ATL @ GB),153775,Showdown Captain Mode,2.0,0,50,1,90.0,2026-09-25 00:15:00+00:00,Thu 8:15PM
195947896,NFL Showdown $2 50-50 (ATL @ GB),153775,Showdown Captain Mode,2.0,0,20,1,36.0,2026-09-25 00:15:00+00:00,Thu 8:15PM
195947884,NFL Showdown $2 50-50 (ATL @ GB),153775,Showdown Captain Mode,2.0,0,20,1,36.0,2026-09-25 00:15:00+00:00,Thu 8:15PM
195947885,NFL Showdown $2 50-50 (ATL @ GB),153775,Showdown Captain Mode,2.0,0,20,1,36.0,2026-09-25 00:15:00+00:00,Thu 8:15PM
195947886,NFL Showdown $2 50-50 (ATL @ GB),153775,Showdown Captain Mode,2.0,0,20,1,36.0,2026-09-25 00:15:00+00:00,Thu 8:15PM
195947931,NFL Showdown $2 50-50 (ATL @ GB),153775,Showdown Captain Mode,2.0,0,10,1,18.0,2026-09-25 00:15:00+00:00,Thu 8:15PM
195947932,NFL Showdown $2 50-50 (ATL @ GB),153775,Showdown Captain Mode,2.0,0,10,1,18.0,2026-09-25 00:15:00+00:00,Thu 8:15PM
195947933,NFL Showdown $2 50-50 (ATL @ GB),153775,Showdown Captain Mode,2.0,0,10,1,18.0,2026-09-25 00:15:00+00:00,Thu 8:15PM
195947902,NFL Showdown $2 100-Player (ATL @ GB),153775,Showdown Captain Mode,2.0,0,100,1,180.0,2026-09-25 00:15:00+00:00,Thu 8:15PM
195947892,NFL Showdown $2 40-Player (ATL @ GB),153775,Showdown Captain Mode,2.0,0,40,1,72.0,2026-09-25 00:15:00+00:00,Thu 8:15PM
195947893,NFL Showdown $2 40-Player (ATL @ GB),153775,Showdown Captain Mode,2.0,0,40,1,72.0,2026-09-25 00:15:00+00:00,Thu 8:15PM
195947887,NFL Showdown $2 20-Player (ATL @ GB),153775,Showdown Captain Mode,2.0,0,20,1,36.0,2026-09-25 00:15:00+00:00,Thu 8:15PM
195947888,NFL Showdown $2 20-Player (ATL @ GB),153775,Showdown Captain Mode,2.0,0,20,1,36.0,2026-09-25 00:15:00+00:00,Thu 8:15PM
195947889,NFL Showdown $2 20-Player (ATL @ GB),153775,Showdown Captain Mode,2.0,0,20,1,36.0,2026-09-25 00:15:00+00:00,Thu 8:15PM
195947907,NFL Showdown $2 10-Player (ATL @ GB),153775,Showdown Captain Mode,2.0,0,10,1,18.0,2026-09-25 00:15:00+00:00,Thu 8:15PM
195947908,NFL Showdown $2 10-Player (ATL @ GB),153775,Showdown Captain Mode,2.0,0,10,1,18.0,2026-09-25 00:15:00+00:00,Thu 8:15PM
195947909,NFL Showdown $2 10-Player (ATL @ GB),153775,Showdown Captain Mode,2.0,0,10,1,18.0,2026-09-25 00:15:00+00:00,Thu 8:15PM
195947904,NFL Showdown $2 5-Player (ATL @ GB),153775,Showdown Captain Mode,2.0,0,5,1,9.0,2026-09-25 00:15:00+00:00,Thu 8:15PM
195947905,NFL Showdown $2 5-Player (ATL @ GB),153775,Showdown Captain Mode,2.0,0,5,1,9.0,2026-09-25 00:15:00+00:00,Thu 8:15PM
195947906,NFL Showdown $2 5-Player (ATL @ GB),153775,Showdown Captain Mode,2.0,0,5,1,9.0,2026-09-25 00:15:00+00:00,Thu 8:15PM
195947919,NFL Showdown $2 3-Player (ATL @ GB),153775,Showdown Captain Mode,2.0,0,3,1,5.4,2026-09-25 00:15:00+00:00,Thu 8:15PM
195947920,NFL Showdown $2 3-Player (ATL @ GB),153775,Showdown Captain Mode,2.0,0,3,1,5.4,2026-09-25 00:15:00+00:00,Thu 8:15PM
195947921,NFL Showdown $2 3-Player (ATL @ GB),153775,Showdown Captain Mode,2.0,0,3,1,5.4,2026-09-25 00:15:00+00:00,Thu 8:15PM
195947894,NFL Showdown $1 50-50 (ATL @ GB),153775,Showdown Captain Mode,1.0,0,100,1,90.0,2026-09-25 00:15:00+00:00,Thu 8:15PM
195947897,NFL Showdown $1 50-50 (ATL @ GB),153775,Showdown Captain Mode,1.0,0,50,1,45.0,2026-09-25 00:15:00+00:00,Thu 8:15PM
195947913,NFL Showdown $1 50-50 (ATL @ GB),153775,Showdown Captain Mode,1.0,0,20,1,18.0,2026-09-25 00:15:00+00:00,Thu 8:15PM
195947914,NFL Showdown $1 50-50 (ATL @ GB),153775,Showdown Captain Mode,1.0,0,20,1,18.0,2026-09-25 00:15:00+00:00,Thu 8:15PM
195947915,NFL Showdown $1 50-50 (ATL @ GB),153775,Showdown Captain Mode,1.0,0,20,1,18.0,2026-09-25 00:15:00+00:00,Thu 8:15PM
195947928,NFL Showdown $1 50-50 (ATL @ GB),153775,Showdown Captain Mode,1.0,0,10,1,9.0,2026-09-25 00:15:00+00:00,Thu 8:15PM
195947929,NFL Showdown $1 50-50 (ATL @ GB),153775,Showdown Captain Mode,1.0,0,10,1,9.0,2026-09-25 00:15:00+00:00,Thu 8:15PM
195947930,NFL Showdown $1 50-50 (ATL @ GB),153775,Showdown Captain Mode,1.0,0,10,1,9.0,2026-09-25 00:15:00+00:00,Thu 8:15PM
195947935,NFL Showdown $1 Double Up (ATL @ GB),153775,Showdown Captain Mode,1.0,0,11,1,10.0,2026-09-25 00:15:00+00:00,Thu 8:15PM
195968613,NFL Showdown $1 Double Up (ATL @ GB),153775,Showdown Captain Mode,1.0,0,11,1,10.0,2026-09-25 00:15:00+00:00,Thu 8:15PM
195970222,NFL Showdown $1 100-Player (ATL @ GB),153775,Showdown Captain Mode,1.0,0,100,1,90.0,2026-09-25 00:15:00+00:00,Thu 8:15PM
195947890,NFL Showdown $1 40-Player (ATL @ GB),153775,Showdown Captain Mode,1.0,0,40,1,36.0,2026-09-25 00:15:00+00:00,Thu 8:15PM
195947891,NFL Showdown $1 40-Player (ATL @ GB),153775,Showdown Captain Mode,1.0,0,40,1,36.0,2026-09-25 00:15:00+00:00,Thu 8:15PM
195947925,NFL Showdown $1 20-Player (ATL @ GB),153775,Showdown Captain Mode,1.0,0,20,1,18.0,2026-09-25 00:15:00+00:00,Thu 8:15PM
195947927,NFL Showdown $1 20-Player (ATL @ GB),153775,Showdown Captain Mode,1.0,0,20,1,18.0,2026-09-25 00:15:00+00:00,Thu 8:15PM
195970220,NFL Showdown $1 20-Player (ATL @ GB),153775,Showdown Captain Mode,1.0,0,20,1,18.0,2026-09-25 00:15:00+00:00,Thu 8:15PM
195947922,NFL Showdown $1 10-Player (ATL @ GB),153775,Showdown Captain Mode,1.0,0,10,1,9.0,2026-09-25 00:15:00+00:00,Thu 8:15PM
195947923,NFL Showdown $1 10-Player (ATL @ GB),153775,Showdown Captain Mode,1.0,0,10,1,9.0,2026-09-25 00:15:00+00:00,Thu 8:15PM
195947924,NFL Showdown $1 10-Player (ATL @ GB),153775,Showdown Captain Mode,1.0,0,10,1,9.0,2026-09-25 00:15:00+00:00,Thu 8:15PM
195947910,NFL Showdown $1 5-Player (ATL @ GB),153775,Showdown Captain Mode,1.0,0,5,1,4.5,2026-09-25 00:15:00+00:00,Thu 8:15PM
195947911,NFL Showdown $1 5-Player (ATL @ GB),153775,Showdown Captain Mode,1.0,0,5,1,4.5,2026-09-25 00:15:00+00:00,Thu 8:15PM
195970219,NFL Showdown $1 5-Player (ATL @ GB),153775,Showdown Captain Mode,1.0,0,5,1,4.5,2026-09-25 00:15:00+00:00,Thu 8:15PM
195947918,NFL Showdown $1 3-Player (ATL @ GB),153775,Showdown Captain Mode,1.0,0,3,1,2.7,2026-09-25 00:15:00+00:00,Thu 8:15PM
195967843,NFL Showdown $1 3-Player (ATL @ GB),153775,Showdown Captain Mode,1.0,0,3,1,2.7,2026-09-25 00:15:00+00:00,Thu 8:15PM
195970217,NFL Showdown $1 3-Player (ATL @ GB),153775,Showdown Captain Mode,1.0,0,3,1,2.7,2026-09-25 00:15:00+00:00,Thu 8:15PM
195926895,Beginner NFL $3 50-50 (Thu-Mon),153768,Classic,3.0,1,4,1,10.8,2026-09-25 00:15:00+00:00,Thu 8:15PM
195926903,"NFL $10,600 3-Player (Thu-Mon)",153768,Classic,10600.0,1,3,1,30000.0,2026-09-25 00:15:00+00:00,Thu 8:15PM
195926905,"NFL $5,300 3-Player (Thu-Mon)",153768,Classic,5300.0,1,3,1,15000.0,2026-09-25 00:15:00+00:00,Thu 8:15PM
195926910,"NFL $1,060 3-Player (Thu-Mon)",153768,Classic,1060.0,1,3,1,3000.0,2026-09-25 00:15:00+00:00,Thu 8:15PM
195926911,"NFL $1,060 3-Player (Thu-Mon)",153768,Classic,1060.0,1,3,1,3000.0,2026-09-25 00:15:00+00:00,Thu 8:15PM
195926914,NFL $530 3-Player (Thu-Mon),153768,Classic,530.0,1,3,1,1500.0,2026-09-25 00:15:00+00:00,Thu 8:15PM
195926915,NFL $530 3-Player (Thu-Mon),153768,Classic,530.0,1,3,1,1500.0,2026-09-25 00:15:00+00:00,Thu 8:15PM
195926920,NFL $270 3-Player (Thu-Mon),153768,Classic,270.0,1,3,1,750.0,2026-09-25 00:15:00+00:00,Thu 8:15PM
195926921,NFL $270 3-Player (Thu-Mon),153768,Classic,270.0,1,3,1,750.0,2026-09-25 00:15:00+00:00,Thu 8:15PM
195926927,NFL $109 3-Player (Thu-Mon),153768,Classic,109.0,1,3,1,300.0,2026-09-25 00:15:00+00:00,Thu 8:15PM
195926928,NFL $109 3-Player (Thu-Mon),153768,Classic,109.0,2,3,1,300.0,2026-09-25 00:15:00+00:00,Thu 8:15PM
195926929,NFL $109 3-Player (Thu-Mon),153768,Classic,109.0,2,3,1,300.0,2026-09-25 00:15:00+00:00,Thu 8:15PM
195965894,NFL $109 3-Player (Thu-Mon),153768,Classic,109.0,1,3,1,300.0,2026-09-25 00:15:00+00:00,Thu 8:15PM
195965895,NFL $109 3-Player (Thu-Mon),153768,Classic,109.0,1,3,1,300.0,2026-09-25 00:15:00+00:00,Thu 8:15PM
195926967,NFL $50 Double Up (Thu-Mon),153768,Classic,50.0,1,22,1,1000.0,2026-09-25 00:15:00+00:00,Thu 8:15PM
195926966,NFL $50 Double Up (Thu-Mon),153768,Classic,50.0,1,11,1,500.0,2026-09-25 00:15:00+00:00,Thu 8:15PM
195951363,NFL $50 3-Player (Thu-Mon),153768,Classic,50.0,2,3,1,135.0,2026-09-25 00:15:00+00:00,Thu 8:15PM
195965898,NFL $50 3-Player (Thu-Mon),153768,Classic,50.0,1,3,1,135.0,2026-09-25 00:15:00+00:00,Thu 8:15PM
195926965,NFL $25 Double Up (Thu-Mon),153768,Classic,25.0,1,22,1,500.0,2026-09-25 00:15:00+00:00,Thu 8:15PM
195926964,NFL $25 Double Up (Thu-Mon),153768,Classic,25.0,1,11,1,250.0,2026-09-25 00:15:00+00:00,Thu 8:15PM
195926953,NFL $20 50-50 (Thu-Mon),153768,Classic,20.0,2,10,1,180.0,2026-09-25 00:15:00+00:00,Thu 8:15PM
195926954,NFL $20 5-Player (Thu-Mon),153768,Classic,20.0,2,5,1,90.0,2026-09-25 00:15:00+00:00,Thu 8:15PM
195926955,NFL $20 3-Player (Thu-Mon),153768,Classic,20.0,2,3,1,54.0,2026-09-25 00:15:00+00:00,Thu 8:15PM
195926956,NFL $20 3-Player (Thu-Mon),153768,Classic,20.0,2,3,1,54.0,2026-09-25 00:15:00+00:00,Thu 8:15PM
195951366,NFL $20 3-Player (Thu-Mon),153768,Classic,20.0,2,3,1,54.0,2026-09-25 00:15:00+00:00,Thu 8:15PM
195951367,NFL $20 3-Player (Thu-Mon),153768,Classic,20.0,2,3,1,54.0,2026-09-25 00:15:00+00:00,Thu 8:15PM
195965900,NFL $20 3-Player (Thu-Mon),153768,Classic,20.0,1,3,1,54.0,2026-09-25 00:15:00+00:00,Thu 8:15PM
195965901,NFL $20 3-Player (Thu-Mon),153768,Classic,20.0,1,3,1,54.0,2026-09-25 00:15:00+00:00,Thu 8:15PM
195926962,NFL $10 Double Up (Thu-Mon),153768,Classic,10.0,5,11,1,100.0,2026-09-25 00:15:00+00:00,Thu 8:15PM
195926963,NFL $10 Double Up (Thu-Mon),153768,Classic,10.0,1,11,1,100.0,2026-09-25 00:15:00+00:00,Thu 8:15PM
195931274,NFL $10 Double Up (Thu-Mon),153768,Classic,10.0,1,11,1,100.0,2026-09-25 00:15:00+00:00,Thu 8:15PM
195970061,NFL $10 12-Player (Winner Takes All) (Thu-Mon),153768,Classic,10.0,4,12,1,108.0,2026-09-25 00:15:00+00:00,Thu 8:15PM
195950140,NFL $10 5-Player (Winner Takes All) (Thu-Mon) x2,153768,Classic,10.0,1,5,1,45.0,2026-09-25 00:15:00+00:00,Thu 8:15PM
195926961,NFL $10 3-Player (Thu-Mon),153768,Classic,10.0,2,3,1,27.0,2026-09-25 00:15:00+00:00,Thu 8:15PM
195965902,NFL $10 3-Player (Thu-Mon),153768,Classic,10.0,1,3,1,27.0,2026-09-25 00:15:00+00:00,Thu 8:15PM
195965903,NFL $10 3-Player (Thu-Mon),153768,Classic,10.0,1,3,1,27.0,2026-09-25 00:15:00+00:00,Thu 8:15PM
195974340,NFL $10 3-Player (Winner Takes All) (Thu-Mon),153768,Classic,10.0,1,3,1,27.0,2026-09-25 00:15:00+00:00,Thu 8:15PM
195926916,NFL $5 50-50 (Thu-Mon),153768,Classic,5.0,1,10,1,45.0,2026-09-25 00:15:00+00:00,Thu 8:15PM
195933429,NFL $5 50-50 (Thu-Mon),153768,Classic,5.0,1,10,1,45.0,2026-09-25 00:15:00+00:00,Thu 8:15PM
195926968,NFL $5 Double Up (Thu-Mon),153768,Classic,5.0,5,11,1,50.0,2026-09-25 00:15:00+00:00,Thu 8:15PM
195926969,NFL $5 Double Up (Thu-Mon),153768,Classic,5.0,1,11,1,50.0,2026-09-25 00:15:00+00:00,Thu 8:15PM
195931354,NFL $5 Double Up (Thu-Mon),153768,Classic,5.0,1,11,1,50.0,2026-09-25 00:15:00+00:00,Thu 8:15PM
195954762,NFL $5 15-Player (Top 2 Win) (Thu-Mon),153768,Classic,5.0,6,15,1,67.5,2026-09-25 00:15:00+00:00,Thu 8:15PM
195949294,NFL $5 15-Player (Winner Takes All) (Thu-Mon),153768,Classic,5.0,5,15,1,67.5,2026-09-25 00:15:00+00:00,Thu 8:15PM
195926922,NFL $5 10-Player (Thu-Mon),153768,Classic,5.0,1,10,1,45.0,2026-09-25 00:15:00+00:00,Thu 8:15PM
195952064,NFL $5 10-Player (Top 2 Win) (Thu-Mon),153768,Classic,5.0,8,10,1,45.0,2026-09-25 00:15:00+00:00,Thu 8:15PM
195971592,NFL $5 8-Player (Top 2 Win) (Thu-Mon),153768,Classic,5.0,2,8,1,36.0,2026-09-25 00:15:00+00:00,Thu 8:15PM
195947870,NFL $5 6-Player (Top 3 Win) (Thu-Mon),153768,Classic,5.0,3,6,1,27.0,2026-09-25 00:15:00+00:00,Thu 8:15PM
195952063,NFL $5 6-Player (Top 3 Win) (Thu-Mon),153768,Classic,5.0,3,6,1,27.0,2026-09-25 00:15:00+00:00,Thu 8:15PM
195926978,NFL $5 3-Player (Thu-Mon),153768,Classic,5.0,2,3,1,13.5,2026-09-25 00:15:00+00:00,Thu 8:15PM
195926979,NFL $5 3-Player (Thu-Mon),153768,Classic,5.0,2,3,1,13.5,2026-09-25 00:15:00+00:00,Thu 8:15PM
195965904,NFL $5 3-Player (Thu-Mon),153768,Classic,5.0,1,3,1,13.5,2026-09-25 00:15:00+00:00,Thu 8:15PM
195965905,NFL $5 3-Player (Thu-Mon),153768,Classic,5.0,1,3,1,13.5,2026-09-25 00:15:00+00:00,Thu 8:15PM
195926970,NFL $3 Double Up (Thu-Mon),153768,Classic,3.0,1,11,1,30.0,2026-09-25 00:15:00+00:00,Thu 8:15PM
195926971,NFL $3 Double Up (Thu-Mon),153768,Classic,3.0,7,11,1,30.0,2026-09-25 00:15:00+00:00,Thu 8:15PM
195928837,NFL $3 Double Up (Thu-Mon),153768,Classic,3.0,2,11,1,30.0,2026-09-25 00:15:00+00:00,Thu 8:15PM
195935860,NFL $3 Double Up (Thu-Mon),153768,Classic,3.0,1,11,1,30.0,2026-09-25 00:15:00+00:00,Thu 8:15PM
195926925,NFL $2 50-50 (Thu-Mon),153768,Classic,2.0,2,20,1,36.0,2026-09-25 00:15:00+00:00,Thu 8:15PM
195931056,NFL $2 50-50 (Thu-Mon),153768,Classic,2.0,1,20,1,36.0,2026-09-25 00:15:00+00:00,Thu 8:15PM
195926926,NFL $2 50-50 (Thu-Mon),153768,Classic,2.0,4,10,1,18.0,2026-09-25 00:15:00+00:00,Thu 8:15PM
195932895,NFL $2 50-50 (Thu-Mon),153768,Classic,2.0,1,10,1,18.0,2026-09-25 00:15:00+00:00,Thu 8:15PM
195970277,NFL $2 50-50  (Thu-Mon),153768,Classic,2.0,1,6,1,10.8,2026-09-25 00:15:00+00:00,Thu 8:15PM
195970351,NFL $2 50-50  (Thu-Mon),153768,Classic,2.0,2,4,1,7.2,2026-09-25 00:15:00+00:00,Thu 8:15PM
195926930,NFL $2 20-Player (Thu-Mon),153768,Classic,2.0,1,20,1,36.0,2026-09-25 00:15:00+00:00,Thu 8:15PM
195926931,NFL $2 10-Player (Thu-Mon),153768,Classic,2.0,3,10,1,18.0,2026-09-25 00:15:00+00:00,Thu 8:15PM
195926932,NFL $2 10-Player (Thu-Mon),153768,Classic,2.0,3,10,1,18.0,2026-09-25 00:15:00+00:00,Thu 8:15PM
195932111,NFL $2 10-Player (Thu-Mon),153768,Classic,2.0,1,10,1,18.0,2026-09-25 00:15:00+00:00,Thu 8:15PM
195926934,NFL $2 5-Player (Thu-Mon),153768,Classic,2.0,1,5,1,9.0,2026-09-25 00:15:00+00:00,Thu 8:15PM
195926935,NFL $2 5-Player (Thu-Mon),153768,Classic,2.0,1,5,1,9.0,2026-09-25 00:15:00+00:00,Thu 8:15PM
195926937,NFL $2 3-Player (Thu-Mon),153768,Classic,2.0,1,3,1,5.4,2026-09-25 00:15:00+00:00,Thu 8:15PM
195926938,NFL $2 3-Player (Thu-Mon),153768,Classic,2.0,1,3,1,5.4,2026-09-25 00:15:00+00:00,Thu 8:15PM
195948043,NFL $2 3-Player (Thu-Mon),153768,Classic,2.0,1,3,1,5.4,2026-09-25 00:15:00+00:00,Thu 8:15PM
195948044,NFL $2 3-Player (Thu-Mon),153768,Classic,2.0,1,3,1,5.4,2026-09-25 00:15:00+00:00,Thu 8:15PM
195965896,NFL $2 3-Player (Thu-Mon),153768,Classic,2.0,1,3,1,5.4,2026-09-25 00:15:00+00:00,Thu 8:15PM
195926939,NFL $1 50-50 (Thu-Mon),153768,Classic,1.0,6,20,1,18.0,2026-09-25 00:15:00+00:00,Thu 8:15PM
195928580,NFL $1 50-50 (Thu-Mon),153768,Classic,1.0,2,20,1,18.0,2026-09-25 00:15:00+00:00,Thu 8:15PM
195948045,NFL $1 50-50 (Thu-Mon),153768,Classic,1.0,1,20,1,18.0,2026-09-25 00:15:00+00:00,Thu 8:15PM
195926940,NFL $1 50-50 (Thu-Mon),153768,Classic,1.0,4,10,1,9.0,2026-09-25 00:15:00+00:00,Thu 8:15PM
195926941,NFL $1 50-50 (Thu-Mon),153768,Classic,1.0,1,10,1,9.0,2026-09-25 00:15:00+00:00,Thu 8:15PM
195936900,NFL $1 50-50 (Thu-Mon),153768,Classic,1.0,1,10,1,9.0,2026-09-25 00:15:00+00:00,Thu 8:15PM
195926972,NFL $1 Double Up (Thu-Mon),153768,Classic,1.0,6,11,1,10.0,2026-09-25 00:15:00+00:00,Thu 8:15PM
195926973,NFL $1 Double Up (Thu-Mon),153768,Classic,1.0,4,11,1,10.0,2026-09-25 00:15:00+00:00,Thu 8:15PM
195931337,NFL $1 Double Up (Thu-Mon),153768,Classic,1.0,1,11,1,10.0,2026-09-25 00:15:00+00:00,Thu 8:15PM
195945332,NFL $1 Double Up (Thu-Mon),153768,Classic,1.0,1,11,1,10.0,2026-09-25 00:15:00+00:00,Thu 8:15PM
195970279,NFL $1 50-50  (Thu-Mon),153768,Classic,1.0,1,6,1,5.4,2026-09-25 00:15:00+00:00,Thu 8:15PM
195926943,NFL $1 20-Player (Thu-Mon),153768,Classic,1.0,2,20,1,18.0,2026-09-25 00:15:00+00:00,Thu 8:15PM
195929906,NFL $1 20-Player (Thu-Mon),153768,Classic,1.0,1,20,1,18.0,2026-09-25 00:15:00+00:00,Thu 8:15PM
195943355,NFL $1 20-Player (Winner Takes All) (Thu-Mon),153768,Classic,1.0,8,20,1,18.0,2026-09-25 00:15:00+00:00,Thu 8:15PM
195926944,NFL $1 10-Player (Thu-Mon),153768,Classic,1.0,1,10,1,9.0,2026-09-25 00:15:00+00:00,Thu 8:15PM
195926945,NFL $1 10-Player (Thu-Mon),153768,Classic,1.0,2,10,1,9.0,2026-09-25 00:15:00+00:00,Thu 8:15PM
195948051,NFL $1 10-Player (Thu-Mon),153768,Classic,1.0,1,10,1,9.0,2026-09-25 00:15:00+00:00,Thu 8:15PM
195926946,NFL $1 5-Player (Thu-Mon),153768,Classic,1.0,1,5,1,4.5,2026-09-25 00:15:00+00:00,Thu 8:15PM
195926947,NFL $1 5-Player (Thu-Mon),153768,Classic,1.0,2,5,1,4.5,2026-09-25 00:15:00+00:00,Thu 8:15PM
195926948,NFL $1 5-Player (Thu-Mon),153768,Classic,1.0,2,5,1,4.5,2026-09-25 00:15:00+00:00,Thu 8:15PM
195929378,NFL $1 5-Player (Thu-Mon),153768,Classic,1.0,1,5,1,4.5,2026-09-25 00:15:00+00:00,Thu 8:15PM
195945197,NFL $1 5-Player (Thu-Mon),153768,Classic,1.0,2,5,1,4.5,2026-09-25 00:15:00+00:00,Thu 8:15PM
195943614,NFL $1 5-Player (Winner Takes All) (Thu-Mon),153768,Classic,1.0,3,5,1,4.5,2026-09-25 00:15:00+00:00,Thu 8:15PM
195926950,NFL $1 3-Player (Thu-Mon),153768,Classic,1.0,1,3,1,2.7,2026-09-25 00:15:00+00:00,Thu 8:15PM
195926951,NFL $1 3-Player (Thu-Mon),153768,Classic,1.0,1,3,1,2.7,2026-09-25 00:15:00+00:00,Thu 8:15PM
195926952,NFL $1 3-Player (Thu-Mon),153768,Classic,1.0,1,3,1,2.7,2026-09-25 00:15:00+00:00,Thu 8:15PM
195948057,NFL $1 3-Player (Thu-Mon),153768,Classic,1.0,2,3,1,2.7,2026-09-25 00:15:00+00:00,Thu 8:15PM
195954050,NFL $1 3-Player (Thu-Mon),153768,Classic,1.0,2,3,1,2.7,2026-09-25 00:15:00+00:00,Thu 8:15PM
195953140,NFL $1 200-Player (Winner Takes All) (Thu-Mon),153768,Classic,1.0,11,200,1,180.0,2026-09-25 00:15:00+00:00,Thu 8:15PM
195947954,NFL $3 10-Player (Winner Takes All) (Thu-Mon),153768,Classic,3.0,4,10,1,27.0,2026-09-25 00:15:00+00:00,Thu 8:15PM
195962478,NFL $3 15-Player (Top 3 Win) (Thu-Mon),153768,Classic,3.0,5,15,1,40.5,2026-09-25 00:15:00+00:00,Thu 8:15PM
195970270,NFL $3 3-Player (Winner Takes All) (Thu-Mon),153768,Classic,3.0,1,3,1,8.1,2026-09-25 00:15:00+00:00,Thu 8:15PM
195970276,NFL $3 50-50 (Thu-Mon),153768,Classic,3.0,2,6,1,16.2,2026-09-25 00:15:00+00:00,Thu 8:15PM
195935395,NFL Satellite to $20 NFL Fantasy Football Millionaire [Must Fill] (Thu-Mon),153768,Classic,7.4,0,3,1,20.0,2026-09-25 00:15:00+00:00,Thu 8:15PM
195926891,Beginner NFL $50 50-50 (Thu-Mon),153768,Classic,50.0,0,4,1,180.0,2026-09-25 00:15:00+00:00,Thu 8:15PM
195926896,Beginner NFL $50 3-Player (Thu-Mon),153768,Classic,50.0,0,3,1,135.0,2026-09-25 00:15:00+00:00,Thu 8:15PM
195926892,Beginner NFL $20 50-50 (Thu-Mon),153768,Classic,20.0,0,4,1,72.0,2026-09-25 00:15:00+00:00,Thu 8:15PM
195926897,Beginner NFL $20 3-Player (Thu-Mon),153768,Classic,20.0,0,3,1,54.0,2026-09-25 00:15:00+00:00,Thu 8:15PM
195926893,Beginner NFL $10 50-50 (Thu-Mon),153768,Classic,10.0,0,4,1,36.0,2026-09-25 00:15:00+00:00,Thu 8:15PM
195926898,Beginner NFL $10 3-Player (Thu-Mon),153768,Classic,10.0,0,3,1,27.0,2026-09-25 00:15:00+00:00,Thu 8:15PM
195926894,Beginner NFL $5 50-50 (Thu-Mon),153768,Classic,5.0,0,4,1,18.0,2026-09-25 00:15:00+00:00,Thu 8:15PM
195926899,Beginner NFL $5 3-Player (Thu-Mon),153768,Classic,5.0,0,3,1,13.5,2026-09-25 00:15:00+00:00,Thu 8:15PM
195972504,Beginner NFL $3 50-50 (Thu-Mon),153768,Classic,3.0,0,4,1,10.8,2026-09-25 00:15:00+00:00,Thu 8:15PM
195926900,Beginner NFL $2 3-Player (Thu-Mon),153768,Classic,2.0,0,3,1,5.4,2026-09-25 00:15:00+00:00,Thu 8:15PM
195926980,Beginner NFL $1 50-50 (Thu-Mon),153768,Classic,1.0,0,4,1,3.6,2026-09-25 00:15:00+00:00,Thu 8:15PM
195926901,Beginner NFL $1 3-Player (Thu-Mon),153768,Classic,1.0,0,3,1,2.7,2026-09-25 00:15:00+00:00,Thu 8:15PM
195926902,"NFL $10,600 3-Player (Thu-Mon)",153768,Classic,10600.0,0,3,1,30000.0,2026-09-25 00:15:00+00:00,Thu 8:15PM
195968089,"NFL $10,600 3-Player (Thu-Mon)",153768,Classic,10600.0,0,3,1,30000.0,2026-09-25 00:15:00+00:00,Thu 8:15PM
195926906,"NFL $5,300 50-50 (Thu-Mon)",153768,Classic,5300.0,0,4,1,20000.0,2026-09-25 00:15:00+00:00,Thu 8:15PM
195926907,"NFL $5,300 50-50 (Thu-Mon)",153768,Classic,5300.0,0,4,1,20000.0,2026-09-25 00:15:00+00:00,Thu 8:15PM
195926904,"NFL $5,300 3-Player (Thu-Mon)",153768,Classic,5300.0,0,3,1,15000.0,2026-09-25 00:15:00+00:00,Thu 8:15PM
195968090,"NFL $5,300 3-Player (Thu-Mon)",153768,Classic,5300.0,0,3,1,15000.0,2026-09-25 00:15:00+00:00,Thu 8:15PM
195926908,"NFL $1,060 50-50 (Thu-Mon)",153768,Classic,1060.0,0,4,1,4000.0,2026-09-25 00:15:00+00:00,Thu 8:15PM
195926909,"NFL $1,060 50-50 (Thu-Mon)",153768,Classic,1060.0,0,4,1,4000.0,2026-09-25 00:15:00+00:00,Thu 8:15PM
195968091,"NFL $1,060 3-Player (Thu-Mon)",153768,Classic,1060.0,0,3,1,3000.0,2026-09-25 00:15:00+00:00,Thu 8:15PM
195968092,"NFL $1,060 3-Player (Thu-Mon)",153768,Classic,1060.0,0,3,1,3000.0,2026-09-25 00:15:00+00:00,Thu 8:15PM
195926912,NFL $530 50-50 (Thu-Mon),153768,Classic,530.0,0,4,1,2000.0,2026-09-25 00:15:00+00:00,Thu 8:15PM
195926913,NFL $530 50-50 (Thu-Mon),153768,Classic,530.0,0,4,1,2000.0,2026-09-25 00:15:00+00:00,Thu 8:15PM
195968093,NFL $530 3-Player (Thu-Mon),153768,Classic,530.0,0,3,1,1500.0,2026-09-25 00:15:00+00:00,Thu 8:15PM
195968094,NFL $530 3-Player (Thu-Mon),153768,Classic,530.0,0,3,1,1500.0,2026-09-25 00:15:00+00:00,Thu 8:15PM
195926974,NFL $270 50-50 (Thu-Mon),153768,Classic,270.0,0,4,1,1000.0,2026-09-25 00:15:00+00:00,Thu 8:15PM
195926975,NFL $270 50-50 (Thu-Mon),153768,Classic,270.0,0,4,1,1000.0,2026-09-25 00:15:00+00:00,Thu 8:15PM
195968095,NFL $270 3-Player (Thu-Mon),153768,Classic,270.0,0,3,1,750.0,2026-09-25 00:15:00+00:00,Thu 8:15PM
195968096,NFL $270 3-Player (Thu-Mon),153768,Classic,270.0,0,3,1,750.0,2026-09-25 00:15:00+00:00,Thu 8:15PM
195926923,NFL $109 50-50 (Thu-Mon),153768,Classic,109.0,0,4,1,400.0,2026-09-25 00:15:00+00:00,Thu 8:15PM
195926924,NFL $109 50-50 (Thu-Mon),153768,Classic,109.0,0,4,1,400.0,2026-09-25 00:15:00+00:00,Thu 8:15PM
195968097,NFL $109 3-Player (Thu-Mon),153768,Classic,109.0,0,3,1,300.0,2026-09-25 00:15:00+00:00,Thu 8:15PM
195968098,NFL $109 3-Player (Thu-Mon),153768,Classic,109.0,0,3,1,300.0,2026-09-25 00:15:00+00:00,Thu 8:15PM
195968099,NFL $109 3-Player (Thu-Mon),153768,Classic,109.0,0,3,1,300.0,2026-09-25 00:15:00+00:00,Thu 8:15PM
195926936,NFL $50 50-50 (Thu-Mon),153768,Classic,50.0,0,8,1,360.0,2026-09-25 00:15:00+00:00,Thu 8:15PM
195926933,NFL $50 50-50 (Thu-Mon),153768,Classic,50.0,0,4,1,180.0,2026-09-25 00:15:00+00:00,Thu 8:15PM
195962801,NFL $50 Double Up (Thu-Mon),153768,Classic,50.0,0,22,1,1000.0,2026-09-25 00:15:00+00:00,Thu 8:15PM
195962800,NFL $50 Double Up (Thu-Mon),153768,Classic,50.0,0,11,1,500.0,2026-09-25 00:15:00+00:00,Thu 8:15PM
195968100,NFL $50 3-Player (Thu-Mon),153768,Classic,50.0,0,3,1,135.0,2026-09-25 00:15:00+00:00,Thu 8:15PM
195962799,NFL $25 Double Up (Thu-Mon),153768,Classic,25.0,0,22,1,500.0,2026-09-25 00:15:00+00:00,Thu 8:15PM
195962798,NFL $25 Double Up (Thu-Mon),153768,Classic,25.0,0,11,1,250.0,2026-09-25 00:15:00+00:00,Thu 8:15PM
195951364,NFL $20 50-50 (Thu-Mon),153768,Classic,20.0,0,10,1,180.0,2026-09-25 00:15:00+00:00,Thu 8:15PM
195926949,NFL $20 50-50 (Thu-Mon),153768,Classic,20.0,0,4,1,72.0,2026-09-25 00:15:00+00:00,Thu 8:15PM
195965899,NFL $20 5-Player (Thu-Mon),153768,Classic,20.0,0,5,1,90.0,2026-09-25 00:15:00+00:00,Thu 8:15PM
195968101,NFL $20 3-Player (Thu-Mon),153768,Classic,20.0,0,3,1,54.0,2026-09-25 00:15:00+00:00,Thu 8:15PM
195968102,NFL $20 3-Player (Thu-Mon),153768,Classic,20.0,0,3,1,54.0,2026-09-25 00:15:00+00:00,Thu 8:15PM
195926958,NFL $10 50-50 (Thu-Mon),153768,Classic,10.0,0,10,1,90.0,2026-09-25 00:15:00+00:00,Thu 8:15PM
195926957,NFL $10 50-50 (Thu-Mon),153768,Classic,10.0,0,4,1,36.0,2026-09-25 00:15:00+00:00,Thu 8:15PM
195962796,NFL $10 Double Up (Thu-Mon),153768,Classic,10.0,0,11,1,100.0,2026-09-25 00:15:00+00:00,Thu 8:15PM
195962797,NFL $10 Double Up (Thu-Mon),153768,Classic,10.0,0,11,1,100.0,2026-09-25 00:15:00+00:00,Thu 8:15PM
195926959,NFL $10 5-Player (Thu-Mon),153768,Classic,10.0,0,5,1,45.0,2026-09-25 00:15:00+00:00,Thu 8:15PM
195968103,NFL $10 3-Player (Thu-Mon),153768,Classic,10.0,0,3,1,27.0,2026-09-25 00:15:00+00:00,Thu 8:15PM
195968104,NFL $10 3-Player (Thu-Mon),153768,Classic,10.0,0,3,1,27.0,2026-09-25 00:15:00+00:00,Thu 8:15PM
195937029,NFL $5 50-50 (Thu-Mon),153768,Classic,5.0,0,10,1,45.0,2026-09-25 00:15:00+00:00,Thu 8:15PM
195926918,NFL $5 50-50 (Thu-Mon),153768,Classic,5.0,0,4,1,18.0,2026-09-25 00:15:00+00:00,Thu 8:15PM
195946905,NFL $5 50-50 (Thu-Mon),153768,Classic,5.0,0,4,1,18.0,2026-09-25 00:15:00+00:00,Thu 8:15PM
195962802,NFL $5 Double Up (Thu-Mon),153768,Classic,5.0,0,11,1,50.0,2026-09-25 00:15:00+00:00,Thu 8:15PM
195962803,NFL $5 Double Up (Thu-Mon),153768,Classic,5.0,0,11,1,50.0,2026-09-25 00:15:00+00:00,Thu 8:15PM
195926919,NFL $5 20-Player (Thu-Mon),153768,Classic,5.0,0,20,1,90.0,2026-09-25 00:15:00+00:00,Thu 8:15PM
195933289,NFL $5 20-Player (Thu-Mon),153768,Classic,5.0,0,20,1,90.0,2026-09-25 00:15:00+00:00,Thu 8:15PM
195959283,NFL $5 10-Player (Thu-Mon),153768,Classic,5.0,0,10,1,45.0,2026-09-25 00:15:00+00:00,Thu 8:15PM
195926976,NFL $5 5-Player (Thu-Mon),153768,Classic,5.0,0,5,1,22.5,2026-09-25 00:15:00+00:00,Thu 8:15PM
195926977,NFL $5 5-Player (Thu-Mon),153768,Classic,5.0,0,5,1,22.5,2026-09-25 00:15:00+00:00,Thu 8:15PM
195968105,NFL $5 3-Player (Thu-Mon),153768,Classic,5.0,0,3,1,13.5,2026-09-25 00:15:00+00:00,Thu 8:15PM
195968106,NFL $5 3-Player (Thu-Mon),153768,Classic,5.0,0,3,1,13.5,2026-09-25 00:15:00+00:00,Thu 8:15PM
195948058,NFL $3 Double Up (Thu-Mon),153768,Classic,3.0,0,11,1,30.0,2026-09-25 00:15:00+00:00,Thu 8:15PM
195948059,NFL $3 Double Up (Thu-Mon),153768,Classic,3.0,0,11,1,30.0,2026-09-25 00:15:00+00:00,Thu 8:15PM
195948036,NFL $2 50-50 (Thu-Mon),153768,Classic,2.0,0,20,1,36.0,2026-09-25 00:15:00+00:00,Thu 8:15PM
195948037,NFL $2 50-50 (Thu-Mon),153768,Classic,2.0,0,10,1,18.0,2026-09-25 00:15:00+00:00,Thu 8:15PM
195948038,NFL $2 20-Player (Thu-Mon),153768,Classic,2.0,0,20,1,36.0,2026-09-25 00:15:00+00:00,Thu 8:15PM
195948039,NFL $2 10-Player (Thu-Mon),153768,Classic,2.0,0,10,1,18.0,2026-09-25 00:15:00+00:00,Thu 8:15PM
195948040,NFL $2 10-Player (Thu-Mon),153768,Classic,2.0,0,10,1,18.0,2026-09-25 00:15:00+00:00,Thu 8:15PM
195948041,NFL $2 5-Player (Thu-Mon),153768,Classic,2.0,0,5,1,9.0,2026-09-25 00:15:00+00:00,Thu 8:15PM
195948042,NFL $2 5-Player (Thu-Mon),153768,Classic,2.0,0,5,1,9.0,2026-09-25 00:15:00+00:00,Thu 8:15PM
195965897,NFL $2 3-Player (Thu-Mon),153768,Classic,2.0,0,3,1,5.4,2026-09-25 00:15:00+00:00,Thu 8:15PM
195970254,NFL $2 3-Player (Thu-Mon),153768,Classic,2.0,0,3,1,5.4,2026-09-25 00:15:00+00:00,Thu 8:15PM
195951215,NFL $1 50-50 (Thu-Mon),153768,Classic,1.0,0,20,1,18.0,2026-09-25 00:15:00+00:00,Thu 8:15PM
195948046,NFL $1 50-50 (Thu-Mon),153768,Classic,1.0,0,10,1,9.0,2026-09-25 00:15:00+00:00,Thu 8:15PM
195948048,NFL $1 50-50 (Thu-Mon),153768,Classic,1.0,0,10,1,9.0,2026-09-25 00:15:00+00:00,Thu 8:15PM
195948060,NFL $1 Double Up (Thu-Mon),153768,Classic,1.0,0,11,1,10.0,2026-09-25 00:15:00+00:00,Thu 8:15PM
195948061,NFL $1 Double Up (Thu-Mon),153768,Classic,1.0,0,11,1,10.0,2026-09-25 00:15:00+00:00,Thu 8:15PM
195948049,NFL $1 20-Player (Thu-Mon),153768,Classic,1.0,0,20,1,18.0,2026-09-25 00:15:00+00:00,Thu 8:15PM
195948050,NFL $1 10-Player (Thu-Mon),153768,Classic,1.0,0,10,1,9.0,2026-09-25 00:15:00+00:00,Thu 8:15PM
195965250,NFL $1 10-Player (Thu-Mon),153768,Classic,1.0,0,10,1,9.0,2026-09-25 00:15:00+00:00,Thu 8:15PM
195948052,NFL $1 5-Player (Thu-Mon),153768,Classic,1.0,0,5,1,4.5,2026-09-25 00:15:00+00:00,Thu 8:15PM
195948053,NFL $1 5-Player (Thu-Mon),153768,Classic,1.0,0,5,1,4.5,2026-09-25 00:15:00+00:00,Thu 8:15PM
195948054,NFL $1 5-Player (Thu-Mon),153768,Classic,1.0,0,5,1,4.5,2026-09-25 00:15:00+00:00,Thu 8:15PM
195948055,NFL $1 3-Player (Thu-Mon),153768,Classic,1.0,0,3,1,2.7,2026-09-25 00:15:00+00:00,Thu 8:15PM
195948056,NFL $1 3-Player (Thu-Mon),153768,Classic,1.0,0,3,1,2.7,2026-09-25 00:15:00+00:00,Thu 8:15PM
195970205,NFL $1 3-Player (Thu-Mon),153768,Classic,1.0,0,3,1,2.7,2026-09-25 00:15:00+00:00,Thu 8:15PM
195926838,NFL Single Stat $1 50-50 (ATL @ GB Total Yards),153806,Single Stat - Total Yards,1.0,2,20,1,18.0,2026-09-25 00:15:00+00:00,Thu 8:15PM
195926842,NFL Single Stat $1 20-Player (ATL @ GB Total Yards),153806,Single Stat - Total Yards,1.0,2,20,1,18.0,2026-09-25 00:15:00+00:00,Thu 8:15PM
195926887,NFL Single Stat Satellite to $20 NFL Fantasy Football Millionaire [Must Fill] (ATL @ GB Total Yards),153806,Single Stat - Total Yards,7.4,0,3,1,20.0,2026-09-25 00:15:00+00:00,Thu 8:15PM
195926790,Beginner NFL Single Stat $50 50-50 (ATL @ GB Total Yards),153806,Single Stat - Total Yards,50.0,0,4,1,180.0,2026-09-25 00:15:00+00:00,Thu 8:15PM
195926795,Beginner NFL Single Stat $50 3-Player (ATL @ GB Total Yards),153806,Single Stat - Total Yards,50.0,0,3,1,135.0,2026-09-25 00:15:00+00:00,Thu 8:15PM
195926791,Beginner NFL Single Stat $20 50-50 (ATL @ GB Total Yards),153806,Single Stat - Total Yards,20.0,0,4,1,72.0,2026-09-25 00:15:00+00:00,Thu 8:15PM
195926796,Beginner NFL Single Stat $20 3-Player (ATL @ GB Total Yards),153806,Single Stat - Total Yards,20.0,0,3,1,54.0,2026-09-25 00:15:00+00:00,Thu 8:15PM
195926792,Beginner NFL Single Stat $10 50-50 (ATL @ GB Total Yards),153806,Single Stat - Total Yards,10.0,0,4,1,36.0,2026-09-25 00:15:00+00:00,Thu 8:15PM
195926797,Beginner NFL Single Stat $10 3-Player (ATL @ GB Total Yards),153806,Single Stat - Total Yards,10.0,0,3,1,27.0,2026-09-25 00:15:00+00:00,Thu 8:15PM
195926793,Beginner NFL Single Stat $5 50-50 (ATL @ GB Total Yards),153806,Single Stat - Total Yards,5.0,0,4,1,18.0,2026-09-25 00:15:00+00:00,Thu 8:15PM
195926798,Beginner NFL Single Stat $5 3-Player (ATL @ GB Total Yards),153806,Single Stat - Total Yards,5.0,0,3,1,13.5,2026-09-25 00:15:00+00:00,Thu 8:15PM
195926794,Beginner NFL Single Stat $3 50-50 (ATL @ GB Total Yards),153806,Single Stat - Total Yards,3.0,0,4,1,10.8,2026-09-25 00:15:00+00:00,Thu 8:15PM
195926799,Beginner NFL Single Stat $2 3-Player (ATL @ GB Total Yards),153806,Single Stat - Total Yards,2.0,0,3,1,5.4,2026-09-25 00:15:00+00:00,Thu 8:15PM
195926880,Beginner NFL Single Stat $1 50-50 (ATL @ GB Total Yards),153806,Single Stat - Total Yards,1.0,0,4,1,3.6,2026-09-25 00:15:00+00:00,Thu 8:15PM
195926800,Beginner NFL Single Stat $1 3-Player (ATL @ GB Total Yards),153806,Single Stat - Total Yards,1.0,0,3,1,2.7,2026-09-25 00:15:00+00:00,Thu 8:15PM
195926801,"NFL Single Stat $10,600 3-Player (ATL @ GB Total Yards)",153806,Single Stat - Total Yards,10600.0,0,3,1,30000.0,2026-09-25 00:15:00+00:00,Thu 8:15PM
195926802,"NFL Single Stat $10,600 3-Player (ATL @ GB Total Yards)",153806,Single Stat - Total Yards,10600.0,0,3,1,30000.0,2026-09-25 00:15:00+00:00,Thu 8:15PM
195926805,"NFL Single Stat $5,300 50-50 (ATL @ GB Total Yards)",153806,Single Stat - Total Yards,5300.0,0,4,1,20000.0,2026-09-25 00:15:00+00:00,Thu 8:15PM
195926806,"NFL Single Stat $5,300 50-50 (ATL @ GB Total Yards)",153806,Single Stat - Total Yards,5300.0,0,4,1,20000.0,2026-09-25 00:15:00+00:00,Thu 8:15PM
195926803,"NFL Single Stat $5,300 3-Player (ATL @ GB Total Yards)",153806,Single Stat - Total Yards,5300.0,0,3,1,15000.0,2026-09-25 00:15:00+00:00,Thu 8:15PM
195926804,"NFL Single Stat $5,300 3-Player (ATL @ GB Total Yards)",153806,Single Stat - Total Yards,5300.0,0,3,1,15000.0,2026-09-25 00:15:00+00:00,Thu 8:15PM
195926807,"NFL Single Stat $1,060 50-50 (ATL @ GB Total Yards)",153806,Single Stat - Total Yards,1060.0,0,4,1,4000.0,2026-09-25 00:15:00+00:00,Thu 8:15PM
195926808,"NFL Single Stat $1,060 50-50 (ATL @ GB Total Yards)",153806,Single Stat - Total Yards,1060.0,0,4,1,4000.0,2026-09-25 00:15:00+00:00,Thu 8:15PM
195926809,"NFL Single Stat $1,060 3-Player (ATL @ GB Total Yards)",153806,Single Stat - Total Yards,1060.0,0,3,1,3000.0,2026-09-25 00:15:00+00:00,Thu 8:15PM
195926810,"NFL Single Stat $1,060 3-Player (ATL @ GB Total Yards)",153806,Single Stat - Total Yards,1060.0,0,3,1,3000.0,2026-09-25 00:15:00+00:00,Thu 8:15PM
195926811,NFL Single Stat $530 50-50 (ATL @ GB Total Yards),153806,Single Stat - Total Yards,530.0,0,4,1,2000.0,2026-09-25 00:15:00+00:00,Thu 8:15PM
195926812,NFL Single Stat $530 50-50 (ATL @ GB Total Yards),153806,Single Stat - Total Yards,530.0,0,4,1,2000.0,2026-09-25 00:15:00+00:00,Thu 8:15PM
195926813,NFL Single Stat $530 3-Player (ATL @ GB Total Yards),153806,Single Stat - Total Yards,530.0,0,3,1,1500.0,2026-09-25 00:15:00+00:00,Thu 8:15PM
195926814,NFL Single Stat $530 3-Player (ATL @ GB Total Yards),153806,Single Stat - Total Yards,530.0,0,3,1,1500.0,2026-09-25 00:15:00+00:00,Thu 8:15PM
195926874,NFL Single Stat $270 50-50 (ATL @ GB Total Yards),153806,Single Stat - Total Yards,270.0,0,4,1,1000.0,2026-09-25 00:15:00+00:00,Thu 8:15PM
195926875,NFL Single Stat $270 50-50 (ATL @ GB Total Yards),153806,Single Stat - Total Yards,270.0,0,4,1,1000.0,2026-09-25 00:15:00+00:00,Thu 8:15PM
195926819,NFL Single Stat $270 3-Player (ATL @ GB Total Yards),153806,Single Stat - Total Yards,270.0,0,3,1,750.0,2026-09-25 00:15:00+00:00,Thu 8:15PM
195926820,NFL Single Stat $270 3-Player (ATL @ GB Total Yards),153806,Single Stat - Total Yards,270.0,0,3,1,750.0,2026-09-25 00:15:00+00:00,Thu 8:15PM
195926822,NFL Single Stat $109 50-50 (ATL @ GB Total Yards),153806,Single Stat - Total Yards,109.0,0,4,1,400.0,2026-09-25 00:15:00+00:00,Thu 8:15PM
195926823,NFL Single Stat $109 50-50 (ATL @ GB Total Yards),153806,Single Stat - Total Yards,109.0,0,4,1,400.0,2026-09-25 00:15:00+00:00,Thu 8:15PM
195926826,NFL Single Stat $109 3-Player (ATL @ GB Total Yards),153806,Single Stat - Total Yards,109.0,0,3,1,300.0,2026-09-25 00:15:00+00:00,Thu 8:15PM
195926827,NFL Single Stat $109 3-Player (ATL @ GB Total Yards),153806,Single Stat - Total Yards,109.0,0,3,1,300.0,2026-09-25 00:15:00+00:00,Thu 8:15PM
195926828,NFL Single Stat $109 3-Player (ATL @ GB Total Yards),153806,Single Stat - Total Yards,109.0,0,3,1,300.0,2026-09-25 00:15:00+00:00,Thu 8:15PM
195926835,NFL Single Stat $50 50-50 (ATL @ GB Total Yards),153806,Single Stat - Total Yards,50.0,0,8,1,360.0,2026-09-25 00:15:00+00:00,Thu 8:15PM
195926832,NFL Single Stat $50 50-50 (ATL @ GB Total Yards),153806,Single Stat - Total Yards,50.0,0,4,1,180.0,2026-09-25 00:15:00+00:00,Thu 8:15PM
195926867,NFL Single Stat $50 Double Up (ATL @ GB Total Yards),153806,Single Stat - Total Yards,50.0,0,22,1,1000.0,2026-09-25 00:15:00+00:00,Thu 8:15PM
195926866,NFL Single Stat $50 Double Up (ATL @ GB Total Yards),153806,Single Stat - Total Yards,50.0,0,11,1,500.0,2026-09-25 00:15:00+00:00,Thu 8:15PM
195926841,NFL Single Stat $50 3-Player (ATL @ GB Total Yards),153806,Single Stat - Total Yards,50.0,0,3,1,135.0,2026-09-25 00:15:00+00:00,Thu 8:15PM
195926865,NFL Single Stat $25 Double Up (ATL @ GB Total Yards),153806,Single Stat - Total Yards,25.0,0,22,1,500.0,2026-09-25 00:15:00+00:00,Thu 8:15PM
195926864,NFL Single Stat $25 Double Up (ATL @ GB Total Yards),153806,Single Stat - Total Yards,25.0,0,11,1,250.0,2026-09-25 00:15:00+00:00,Thu 8:15PM
195926853,NFL Single Stat $20 50-50 (ATL @ GB Total Yards),153806,Single Stat - Total Yards,20.0,0,10,1,180.0,2026-09-25 00:15:00+00:00,Thu 8:15PM
195926848,NFL Single Stat $20 50-50 (ATL @ GB Total Yards),153806,Single Stat - Total Yards,20.0,0,4,1,72.0,2026-09-25 00:15:00+00:00,Thu 8:15PM
195926854,NFL Single Stat $20 5-Player (ATL @ GB Total Yards),153806,Single Stat - Total Yards,20.0,0,5,1,90.0,2026-09-25 00:15:00+00:00,Thu 8:15PM
195926855,NFL Single Stat $20 3-Player (ATL @ GB Total Yards),153806,Single Stat - Total Yards,20.0,0,3,1,54.0,2026-09-25 00:15:00+00:00,Thu 8:15PM
195926856,NFL Single Stat $20 3-Player (ATL @ GB Total Yards),153806,Single Stat - Total Yards,20.0,0,3,1,54.0,2026-09-25 00:15:00+00:00,Thu 8:15PM
195926858,NFL Single Stat $10 50-50 (ATL @ GB Total Yards),153806,Single Stat - Total Yards,10.0,0,10,1,90.0,2026-09-25 00:15:00+00:00,Thu 8:15PM
195926857,NFL Single Stat $10 50-50 (ATL @ GB Total Yards),153806,Single Stat - Total Yards,10.0,0,4,1,36.0,2026-09-25 00:15:00+00:00,Thu 8:15PM
195926862,NFL Single Stat $10 Double Up (ATL @ GB Total Yards),153806,Single Stat - Total Yards,10.0,0,11,1,100.0,2026-09-25 00:15:00+00:00,Thu 8:15PM
195926863,NFL Single Stat $10 Double Up (ATL @ GB Total Yards),153806,Single Stat - Total Yards,10.0,0,11,1,100.0,2026-09-25 00:15:00+00:00,Thu 8:15PM
195926859,NFL Single Stat $10 5-Player (ATL @ GB Total Yards),153806,Single Stat - Total Yards,10.0,0,5,1,45.0,2026-09-25 00:15:00+00:00,Thu 8:15PM
195926860,NFL Single Stat $10 3-Player (ATL @ GB Total Yards),153806,Single Stat - Total Yards,10.0,0,3,1,27.0,2026-09-25 00:15:00+00:00,Thu 8:15PM
195926861,NFL Single Stat $10 3-Player (ATL @ GB Total Yards),153806,Single Stat - Total Yards,10.0,0,3,1,27.0,2026-09-25 00:15:00+00:00,Thu 8:15PM
195926815,NFL Single Stat $5 50-50 (ATL @ GB Total Yards),153806,Single Stat - Total Yards,5.0,0,10,1,45.0,2026-09-25 00:15:00+00:00,Thu 8:15PM
195926816,NFL Single Stat $5 50-50 (ATL @ GB Total Yards),153806,Single Stat - Total Yards,5.0,0,4,1,18.0,2026-09-25 00:15:00+00:00,Thu 8:15PM
195926817,NFL Single Stat $5 50-50 (ATL @ GB Total Yards),153806,Single Stat - Total Yards,5.0,0,4,1,18.0,2026-09-25 00:15:00+00:00,Thu 8:15PM
195926868,NFL Single Stat $5 Double Up (ATL @ GB Total Yards),153806,Single Stat - Total Yards,5.0,0,11,1,50.0,2026-09-25 00:15:00+00:00,Thu 8:15PM
195926869,NFL Single Stat $5 Double Up (ATL @ GB Total Yards),153806,Single Stat - Total Yards,5.0,0,11,1,50.0,2026-09-25 00:15:00+00:00,Thu 8:15PM
195926818,NFL Single Stat $5 20-Player (ATL @ GB Total Yards),153806,Single Stat - Total Yards,5.0,0,20,1,90.0,2026-09-25 00:15:00+00:00,Thu 8:15PM
195926821,NFL Single Stat $5 10-Player (ATL @ GB Total Yards),153806,Single Stat - Total Yards,5.0,0,10,1,45.0,2026-09-25 00:15:00+00:00,Thu 8:15PM
195926876,NFL Single Stat $5 5-Player (ATL @ GB Total Yards),153806,Single Stat - Total Yards,5.0,0,5,1,22.5,2026-09-25 00:15:00+00:00,Thu 8:15PM
195926877,NFL Single Stat $5 5-Player (ATL @ GB Total Yards),153806,Single Stat - Total Yards,5.0,0,5,1,22.5,2026-09-25 00:15:00+00:00,Thu 8:15PM
195926878,NFL Single Stat $5 3-Player (ATL @ GB Total Yards),153806,Single Stat - Total Yards,5.0,0,3,1,13.5,2026-09-25 00:15:00+00:00,Thu 8:15PM
195926879,NFL Single Stat $5 3-Player (ATL @ GB Total Yards),153806,Single Stat - Total Yards,5.0,0,3,1,13.5,2026-09-25 00:15:00+00:00,Thu 8:15PM
195926870,NFL Single Stat $3 Double Up (ATL @ GB Total Yards),153806,Single Stat - Total Yards,3.0,0,11,1,30.0,2026-09-25 00:15:00+00:00,Thu 8:15PM
195926871,NFL Single Stat $3 Double Up (ATL @ GB Total Yards),153806,Single Stat - Total Yards,3.0,0,11,1,30.0,2026-09-25 00:15:00+00:00,Thu 8:15PM
195926824,NFL Single Stat $2 50-50 (ATL @ GB Total Yards),153806,Single Stat - Total Yards,2.0,0,20,1,36.0,2026-09-25 00:15:00+00:00,Thu 8:15PM
195926825,NFL Single Stat $2 50-50 (ATL @ GB Total Yards),153806,Single Stat - Total Yards,2.0,0,10,1,18.0,2026-09-25 00:15:00+00:00,Thu 8:15PM
195926829,NFL Single Stat $2 20-Player (ATL @ GB Total Yards),153806,Single Stat - Total Yards,2.0,0,20,1,36.0,2026-09-25 00:15:00+00:00,Thu 8:15PM
195926830,NFL Single Stat $2 10-Player (ATL @ GB Total Yards),153806,Single Stat - Total Yards,2.0,0,10,1,18.0,2026-09-25 00:15:00+00:00,Thu 8:15PM
195926831,NFL Single Stat $2 10-Player (ATL @ GB Total Yards),153806,Single Stat - Total Yards,2.0,0,10,1,18.0,2026-09-25 00:15:00+00:00,Thu 8:15PM
195926833,NFL Single Stat $2 5-Player (ATL @ GB Total Yards),153806,Single Stat - Total Yards,2.0,0,5,1,9.0,2026-09-25 00:15:00+00:00,Thu 8:15PM
195926834,NFL Single Stat $2 5-Player (ATL @ GB Total Yards),153806,Single Stat - Total Yards,2.0,0,5,1,9.0,2026-09-25 00:15:00+00:00,Thu 8:15PM
195926836,NFL Single Stat $2 3-Player (ATL @ GB Total Yards),153806,Single Stat - Total Yards,2.0,0,3,1,5.4,2026-09-25 00:15:00+00:00,Thu 8:15PM
195926837,NFL Single Stat $2 3-Player (ATL @ GB Total Yards),153806,Single Stat - Total Yards,2.0,0,3,1,5.4,2026-09-25 00:15:00+00:00,Thu 8:15PM
195951738,NFL Single Stat $1 50-50 (ATL @ GB Total Yards),153806,Single Stat - Total Yards,1.0,0,20,1,18.0,2026-09-25 00:15:00+00:00,Thu 8:15PM
195926839,NFL Single Stat $1 50-50 (ATL @ GB Total Yards),153806,Single Stat - Total Yards,1.0,0,10,1,9.0,2026-09-25 00:15:00+00:00,Thu 8:15PM
195926840,NFL Single Stat $1 50-50 (ATL @ GB Total Yards),153806,Single Stat - Total Yards,1.0,0,10,1,9.0,2026-09-25 00:15:00+00:00,Thu 8:15PM
195926872,NFL Single Stat $1 Double Up (ATL @ GB Total Yards),153806,Single Stat - Total Yards,1.0,0,11,1,10.0,2026-09-25 00:15:00+00:00,Thu 8:15PM
195926873,NFL Single Stat $1 Double Up (ATL @ GB Total Yards),153806,Single Stat - Total Yards,1.0,0,11,1,10.0,2026-09-25 00:15:00+00:00,Thu 8:15PM
195952790,NFL Single Stat $1 20-Player (ATL @ GB Total Yards),153806,Single Stat - Total Yards,1.0,0,20,1,18.0,2026-09-25 00:15:00+00:00,Thu 8:15PM
195926843,NFL Single Stat $1 10-Player (ATL @ GB Total Yards),153806,Single Stat - Total Yards,1.0,0,10,1,9.0,2026-09-25 00:15:00+00:00,Thu 8:15PM
195926844,NFL Single Stat $1 10-Player (ATL @ GB Total Yards),153806,Single Stat - Total Yards,1.0,0,10,1,9.0,2026-09-25 00:15:00+00:00,Thu 8:15PM
195926845,NFL Single Stat $1 5-Player (ATL @ GB Total Yards),153806,Single Stat - Total Yards,1.0,0,5,1,4.5,2026-09-25 00:15:00+00:00,Thu 8:15PM
195926846,NFL Single Stat $1 5-Player (ATL @ GB Total Yards),153806,Single Stat - Total Yards,1.0,0,5,1,4.5,2026-09-25 00:15:00+00:00,Thu 8:15PM
195926847,NFL Single Stat $1 5-Player (ATL @ GB Total Yards),153806,Single Stat - Total Yards,1.0,0,5,1,4.5,2026-09-25 00:15:00+00:00,Thu 8:15PM
195926849,NFL Single Stat $1 3-Player (ATL @ GB Total Yards),153806,Single Stat - Total Yards,1.0,0,3,1,2.7,2026-09-25 00:15:00+00:00,Thu 8:15PM
195926850,NFL Single Stat $1 3-Player (ATL @ GB Total Yards),153806,Single Stat - Total Yards,1.0,0,3,1,2.7,2026-09-25 00:15:00+00:00,Thu 8:15PM
195926851,NFL Single Stat $1 3-Player (ATL @ GB Total Yards),153806,Single Stat - Total Yards,1.0,0,3,1,2.7,2026-09-25 00:15:00+00:00,Thu 8:15PM
195970362,NFL Snake $10 12-Player,153798,Snake,10.0,1,12,1,108.0,2026-09-27 16:16:00+00:00,Sun 12:16PM
195951420,NFL Snake $5 12-Player,153798,Snake,5.0,1,12,1,54.0,2026-09-27 16:16:00+00:00,Sun 12:16PM
195921153,NFL Snake $20 12-Player,153798,Snake,20.0,1,12,1,216.0,2026-09-27 16:16:00+00:00,Sun 12:16PM
195967844,NFL Snake $1 12-Player,153798,Snake,1.0,0,12,1,10.8,2026-09-27 16:16:00+00:00,Sun 12:16PM
195921155,NFL Snake $50 12-Player,153798,Snake,50.0,0,12,1,540.0,2026-09-27 16:16:00+00:00,Sun 12:16PM
195921148,NFL Snake $10 6-Player,153798,Snake,10.0,1,6,1,54.0,2026-09-27 16:37:00+00:00,Sun 12:37PM
195921149,NFL Snake $10 6-Player,153798,Snake,10.0,1,6,1,54.0,2026-09-27 16:37:00+00:00,Sun 12:37PM
195921146,NFL Snake $5 6-Player,153798,Snake,5.0,2,6,1,27.0,2026-09-27 16:37:00+00:00,Sun 12:37PM
195968192,NFL Snake $5 6-Player,153798,Snake,5.0,1,6,1,27.0,2026-09-27 16:37:00+00:00,Sun 12:37PM
195921151,NFL Snake $20 6-Player,153798,Snake,20.0,1,6,1,108.0,2026-09-27 16:37:00+00:00,Sun 12:37PM
195921152,NFL Snake $20 6-Player,153798,Snake,20.0,1,6,1,108.0,2026-09-27 16:37:00+00:00,Sun 12:37PM
195945200,NFL Snake $1 6-Player,153798,Snake,1.0,0,6,1,5.4,2026-09-27 16:37:00+00:00,Sun 12:37PM
195968669,NFL Snake $1 6-Player,153798,Snake,1.0,0,6,1,5.4,2026-09-27 16:37:00+00:00,Sun 12:37PM
195921154,NFL Snake $50 6-Player,153798,Snake,50.0,0,6,1,270.0,2026-09-27 16:37:00+00:00,Sun 12:37PM
195921156,NFL Snake $109 6-Player,153798,Snake,109.0,0,6,1,600.0,2026-09-27 16:37:00+00:00,Sun 12:37PM
195921157,NFL Snake $530 6-Player,153798,Snake,530.0,0,6,1,3000.0,2026-09-27 16:37:00+00:00,Sun 12:37PM
195969475,NFL Snake $10 3-Player,153798,Snake,10.0,1,3,1,27.0,2026-09-27 16:47:00+00:00,Sun 12:47PM
195971184,NFL Snake $10 3-Player,153798,Snake,10.0,1,3,1,27.0,2026-09-27 16:47:00+00:00,Sun 12:47PM
195971219,NFL Snake $10 3-Player,153798,Snake,10.0,1,3,1,27.0,2026-09-27 16:47:00+00:00,Sun 12:47PM
195967755,NFL Snake $5 3-Player,153798,Snake,5.0,1,3,1,13.5,2026-09-27 16:47:00+00:00,Sun 12:47PM
195970524,NFL Snake $5 3-Player,153798,Snake,5.0,1,3,1,13.5,2026-09-27 16:47:00+00:00,Sun 12:47PM
195947214,NFL Snake $20 3-Player,153798,Snake,20.0,1,3,1,54.0,2026-09-27 16:47:00+00:00,Sun 12:47PM
195968473,NFL Snake $20 3-Player,153798,Snake,20.0,1,3,1,54.0,2026-09-27 16:47:00+00:00,Sun 12:47PM
195971407,NFL Snake $20 3-Player,153798,Snake,20.0,1,3,1,54.0,2026-09-27 16:47:00+00:00,Sun 12:47PM
195969029,NFL Snake $1 3-Player,153798,Snake,1.0,0,3,1,2.7,2026-09-27 16:47:00+00:00,Sun 12:47PM
195971248,NFL Snake $1 3-Player,153798,Snake,1.0,0,3,1,2.7,2026-09-27 16:47:00+00:00,Sun 12:47PM
195972703,NFL Snake $1 3-Player,153798,Snake,1.0,0,3,1,2.7,2026-09-27 16:47:00+00:00,Sun 12:47PM
195974491,NFL Snake $5 3-Player,153798,Snake,5.0,0,3,1,13.5,2026-09-27 16:47:00+00:00,Sun 12:47PM
195921170,NFL Snake $50 3-Player,153798,Snake,50.0,0,3,1,135.0,2026-09-27 16:47:00+00:00,Sun 12:47PM
195921171,NFL Snake $50 3-Player,153798,Snake,50.0,0,3,1,135.0,2026-09-27 16:47:00+00:00,Sun 12:47PM
195921172,NFL Snake $50 3-Player,153798,Snake,50.0,0,3,1,135.0,2026-09-27 16:47:00+00:00,Sun 12:47PM
195921173,NFL Snake $109 3-Player,153798,Snake,109.0,0,3,1,300.0,2026-09-27 16:47:00+00:00,Sun 12:47PM
195921174,NFL Snake $109 3-Player,153798,Snake,109.0,0,3,1,300.0,2026-09-27 16:47:00+00:00,Sun 12:47PM
195921175,NFL Snake $109 3-Player,153798,Snake,109.0,0,3,1,300.0,2026-09-27 16:47:00+00:00,Sun 12:47PM
195921176,NFL Snake $530 3-Player,153798,Snake,530.0,0,3,1,1500.0,2026-09-27 16:47:00+00:00,Sun 12:47PM
195921177,NFL Snake $530 3-Player,153798,Snake,530.0,0,3,1,1500.0,2026-09-27 16:47:00+00:00,Sun 12:47PM
195921178,"NFL Snake $1,060 3-Player",153798,Snake,1060.0,0,3,1,3000.0,2026-09-27 16:47:00+00:00,Sun 12:47PM
195921179,"NFL Snake $2,120 3-Player",153798,Snake,2120.0,0,3,1,6000.0,2026-09-27 16:47:00+00:00,Sun 12:47PM
195921180,"NFL Snake $5,300 3-Player",153798,Snake,5300.0,0,3,1,15000.0,2026-09-27 16:47:00+00:00,Sun 12:47PM
195921181,"NFL Snake $10,600 3-Player",153798,Snake,10600.0,0,3,1,30000.0,2026-09-27 16:47:00+00:00,Sun 12:47PM
195954728,NFL Snake Showdown $10 4-Player (LAC @ BUF),153986,Snake Showdown,10.0,1,4,1,36.0,2026-09-27 16:50:00+00:00,Sun 12:50PM
195954729,NFL Snake Showdown $10 4-Player (LAC @ BUF),153986,Snake Showdown,10.0,1,4,1,36.0,2026-09-27 16:50:00+00:00,Sun 12:50PM
195954730,NFL Snake Showdown $10 4-Player (LAC @ BUF),153986,Snake Showdown,10.0,1,4,1,36.0,2026-09-27 16:50:00+00:00,Sun 12:50PM
195954716,NFL Snake Showdown $1 4-Player (LAC @ BUF),153986,Snake Showdown,1.0,2,4,1,3.6,2026-09-27 16:50:00+00:00,Sun 12:50PM
195954722,NFL Snake Showdown $5 4-Player (LAC @ BUF),153986,Snake Showdown,5.0,1,4,1,18.0,2026-09-27 16:50:00+00:00,Sun 12:50PM
195954723,NFL Snake Showdown $5 4-Player (LAC @ BUF),153986,Snake Showdown,5.0,1,4,1,18.0,2026-09-27 16:50:00+00:00,Sun 12:50PM
195954724,NFL Snake Showdown $5 4-Player (LAC @ BUF),153986,Snake Showdown,5.0,1,4,1,18.0,2026-09-27 16:50:00+00:00,Sun 12:50PM
195954734,NFL Snake Showdown $20 4-Player (LAC @ BUF),153986,Snake Showdown,20.0,1,4,1,72.0,2026-09-27 16:50:00+00:00,Sun 12:50PM
195954735,NFL Snake Showdown $20 4-Player (LAC @ BUF),153986,Snake Showdown,20.0,1,4,1,72.0,2026-09-27 16:50:00+00:00,Sun 12:50PM
195954736,NFL Snake Showdown $20 4-Player (LAC @ BUF),153986,Snake Showdown,20.0,1,4,1,72.0,2026-09-27 16:50:00+00:00,Sun 12:50PM
195954717,NFL Snake Showdown $1 4-Player (LAC @ BUF),153986,Snake Showdown,1.0,0,4,1,3.6,2026-09-27 16:50:00+00:00,Sun 12:50PM
195954718,NFL Snake Showdown $1 4-Player (LAC @ BUF),153986,Snake Showdown,1.0,0,4,1,3.6,2026-09-27 16:50:00+00:00,Sun 12:50PM
195954740,NFL Snake Showdown $50 4-Player (LAC @ BUF),153986,Snake Showdown,50.0,0,4,1,180.0,2026-09-27 16:50:00+00:00,Sun 12:50PM
195954744,NFL Snake Showdown $109 4-Player (LAC @ BUF),153986,Snake Showdown,109.0,0,4,1,400.0,2026-09-27 16:50:00+00:00,Sun 12:50PM
195954747,NFL Snake Showdown $530 4-Player (LAC @ BUF),153986,Snake Showdown,530.0,0,4,1,2000.0,2026-09-27 16:50:00+00:00,Sun 12:50PM
195954725,NFL Snake Showdown $10 3-Player (LAC @ BUF),153986,Snake Showdown,10.0,1,3,1,27.0,2026-09-27 16:52:00+00:00,Sun 12:52PM
195954726,NFL Snake Showdown $10 3-Player (LAC @ BUF),153986,Snake Showdown,10.0,1,3,1,27.0,2026-09-27 16:52:00+00:00,Sun 12:52PM
195954727,NFL Snake Showdown $10 3-Player (LAC @ BUF),153986,Snake Showdown,10.0,1,3,1,27.0,2026-09-27 16:52:00+00:00,Sun 12:52PM
195954720,NFL Snake Showdown $5 3-Player (LAC @ BUF),153986,Snake Showdown,5.0,1,3,1,13.5,2026-09-27 16:52:00+00:00,Sun 12:52PM
195954721,NFL Snake Showdown $5 3-Player (LAC @ BUF),153986,Snake Showdown,5.0,1,3,1,13.5,2026-09-27 16:52:00+00:00,Sun 12:52PM
195965245,NFL Snake Showdown $5 3-Player (LAC @ BUF),153986,Snake Showdown,5.0,2,3,1,13.5,2026-09-27 16:52:00+00:00,Sun 12:52PM
195954732,NFL Snake Showdown $20 3-Player (LAC @ BUF),153986,Snake Showdown,20.0,1,3,1,54.0,2026-09-27 16:52:00+00:00,Sun 12:52PM
195954733,NFL Snake Showdown $20 3-Player (LAC @ BUF),153986,Snake Showdown,20.0,1,3,1,54.0,2026-09-27 16:52:00+00:00,Sun 12:52PM
195968729,NFL Snake Showdown $20 3-Player (LAC @ BUF),153986,Snake Showdown,20.0,1,3,1,54.0,2026-09-27 16:52:00+00:00,Sun 12:52PM
195954713,NFL Snake Showdown $1 3-Player (LAC @ BUF),153986,Snake Showdown,1.0,0,3,1,2.7,2026-09-27 16:52:00+00:00,Sun 12:52PM
195954714,NFL Snake Showdown $1 3-Player (LAC @ BUF),153986,Snake Showdown,1.0,0,3,1,2.7,2026-09-27 16:52:00+00:00,Sun 12:52PM
195954715,NFL Snake Showdown $1 3-Player (LAC @ BUF),153986,Snake Showdown,1.0,0,3,1,2.7,2026-09-27 16:52:00+00:00,Sun 12:52PM
195954737,NFL Snake Showdown $50 3-Player (LAC @ BUF),153986,Snake Showdown,50.0,0,3,1,135.0,2026-09-27 16:52:00+00:00,Sun 12:52PM
195954738,NFL Snake Showdown $50 3-Player (LAC @ BUF),153986,Snake Showdown,50.0,0,3,1,135.0,2026-09-27 16:52:00+00:00,Sun 12:52PM
195954739,NFL Snake Showdown $50 3-Player (LAC @ BUF),153986,Snake Showdown,50.0,0,3,1,135.0,2026-09-27 16:52:00+00:00,Sun 12:52PM
195954741,NFL Snake Showdown $109 3-Player (LAC @ BUF),153986,Snake Showdown,109.0,0,3,1,300.0,2026-09-27 16:52:00+00:00,Sun 12:52PM
195954742,NFL Snake Showdown $109 3-Player (LAC @ BUF),153986,Snake Showdown,109.0,0,3,1,300.0,2026-09-27 16:52:00+00:00,Sun 12:52PM
195954743,NFL Snake Showdown $109 3-Player (LAC @ BUF),153986,Snake Showdown,109.0,0,3,1,300.0,2026-09-27 16:52:00+00:00,Sun 12:52PM
195954745,NFL Snake Showdown $530 3-Player (LAC @ BUF),153986,Snake Showdown,530.0,0,3,1,1500.0,2026-09-27 16:52:00+00:00,Sun 12:52PM
195954746,NFL Snake Showdown $530 3-Player (LAC @ BUF),153986,Snake Showdown,530.0,0,3,1,1500.0,2026-09-27 16:52:00+00:00,Sun 12:52PM
195954748,"NFL Snake Showdown $1,060 3-Player (LAC @ BUF)",153986,Snake Showdown,1060.0,0,3,1,3000.0,2026-09-27 16:52:00+00:00,Sun 12:52PM
195954749,"NFL Snake Showdown $2,120 3-Player (LAC @ BUF)",153986,Snake Showdown,2120.0,0,3,1,6000.0,2026-09-27 16:52:00+00:00,Sun 12:52PM
195954750,"NFL Snake Showdown $5,300 3-Player (LAC @ BUF)",153986,Snake Showdown,5300.0,0,3,1,15000.0,2026-09-27 16:52:00+00:00,Sun 12:52PM
195954751,"NFL Snake Showdown $10,600 3-Player (LAC @ BUF)",153986,Snake Showdown,10600.0,0,3,1,30000.0,2026-09-27 16:52:00+00:00,Sun 12:52PM
195921138,NFL Satellite to $20 NFL Fantasy Football Millionaire [Must Fill],153769,Classic,7.4,1,3,1,20.0,2026-09-27 17:00:00+00:00,Sun 1:00PM
195922632,NFL Satellite to MLB 9-29 $20 Postseason Opener [Must Fill],153769,Classic,7.4,1,3,1,20.0,2026-09-27 17:00:00+00:00,Sun 1:00PM
195922623,NFL Satellite to NBA Best Ball $20 Shootaround [Must Fill],153769,Classic,7.4,1,3,1,20.0,2026-09-27 17:00:00+00:00,Sun 1:00PM
195922647,NFL Satellite to NBA 10-20 $20 Opening Tip Off [Must Fill],153769,Classic,7.4,1,3,1,20.0,2026-09-27 17:00:00+00:00,Sun 1:00PM
195922614,NFL Satellite to NHL 9-29 $15 Opening Night Puck Drop [Must Fill],153769,Classic,5.55,1,3,1,15.0,2026-09-27 17:00:00+00:00,Sun 1:00PM
195921064,Casual NFL $20 50-50,153769,Classic,20.0,1,10,1,180.0,2026-09-27 17:00:00+00:00,Sun 1:00PM
195921084,Casual NFL $20 3-Player,153769,Classic,20.0,1,3,1,54.0,2026-09-27 17:00:00+00:00,Sun 1:00PM
195921071,Casual NFL $5 50-50,153769,Classic,5.0,1,10,1,45.0,2026-09-27 17:00:00+00:00,Sun 1:00PM
195921072,Casual NFL $5 50-50,153769,Classic,5.0,2,10,1,45.0,2026-09-27 17:00:00+00:00,Sun 1:00PM
195921073,Casual NFL $5 50-50,153769,Classic,5.0,1,10,1,45.0,2026-09-27 17:00:00+00:00,Sun 1:00PM
195949959,Casual NFL $5 50-50,153769,Classic,5.0,1,10,1,45.0,2026-09-27 17:00:00+00:00,Sun 1:00PM
195921094,Casual NFL $5 3-Player,153769,Classic,5.0,1,3,1,13.5,2026-09-27 17:00:00+00:00,Sun 1:00PM
195921095,Casual NFL $5 3-Player,153769,Classic,5.0,1,3,1,13.5,2026-09-27 17:00:00+00:00,Sun 1:00PM
195921096,Casual NFL $5 3-Player,153769,Classic,5.0,1,3,1,13.5,2026-09-27 17:00:00+00:00,Sun 1:00PM
195921074,Casual NFL $3 50-50,153769,Classic,3.0,1,10,1,27.0,2026-09-27 17:00:00+00:00,Sun 1:00PM
195921099,Casual NFL $2 5-Player,153769,Classic,2.0,1,5,1,9.0,2026-09-27 17:00:00+00:00,Sun 1:00PM
195921077,Casual NFL $1 50-50,153769,Classic,1.0,2,10,1,9.0,2026-09-27 17:00:00+00:00,Sun 1:00PM
195921078,Casual NFL $1 50-50,153769,Classic,1.0,1,10,1,9.0,2026-09-27 17:00:00+00:00,Sun 1:00PM
195921079,Casual NFL $1 50-50,153769,Classic,1.0,1,10,1,9.0,2026-09-27 17:00:00+00:00,Sun 1:00PM
195970513,Casual NFL $1 50-50,153769,Classic,1.0,1,10,1,9.0,2026-09-27 17:00:00+00:00,Sun 1:00PM
195970516,Casual NFL $1 50-50,153769,Classic,1.0,1,10,1,9.0,2026-09-27 17:00:00+00:00,Sun 1:00PM
195970519,Casual NFL $1 50-50,153769,Classic,1.0,1,10,1,9.0,2026-09-27 17:00:00+00:00,Sun 1:00PM
195921019,"NFL $10,600 3-Player",153769,Classic,10600.0,1,3,1,30000.0,2026-09-27 17:00:00+00:00,Sun 1:00PM
195921020,"NFL $10,600 3-Player",153769,Classic,10600.0,1,3,1,30000.0,2026-09-27 17:00:00+00:00,Sun 1:00PM
195922201,"NFL $10,600 3-Player",153769,Classic,10600.0,1,3,1,30000.0,2026-09-27 17:00:00+00:00,Sun 1:00PM
195922223,"NFL $10,600 3-Player",153769,Classic,10600.0,1,3,1,30000.0,2026-09-27 17:00:00+00:00,Sun 1:00PM
195921021,"NFL $5,300 3-Player",153769,Classic,5300.0,1,3,1,15000.0,2026-09-27 17:00:00+00:00,Sun 1:00PM
195921022,"NFL $5,300 3-Player",153769,Classic,5300.0,1,3,1,15000.0,2026-09-27 17:00:00+00:00,Sun 1:00PM
195922224,"NFL $5,300 3-Player",153769,Classic,5300.0,1,3,1,15000.0,2026-09-27 17:00:00+00:00,Sun 1:00PM
195922225,"NFL $5,300 3-Player",153769,Classic,5300.0,1,3,1,15000.0,2026-09-27 17:00:00+00:00,Sun 1:00PM
195921053,"NFL $2,120 3-Player",153769,Classic,2120.0,1,3,1,6000.0,2026-09-27 17:00:00+00:00,Sun 1:00PM
195921054,"NFL $2,120 3-Player",153769,Classic,2120.0,1,3,1,6000.0,2026-09-27 17:00:00+00:00,Sun 1:00PM
195922235,"NFL $2,120 3-Player",153769,Classic,2120.0,1,3,1,6000.0,2026-09-27 17:00:00+00:00,Sun 1:00PM
195922236,"NFL $2,120 3-Player",153769,Classic,2120.0,1,3,1,6000.0,2026-09-27 17:00:00+00:00,Sun 1:00PM
195930652,"NFL $2,120 3-Player",153769,Classic,2120.0,2,3,1,6000.0,2026-09-27 17:00:00+00:00,Sun 1:00PM
195921027,"NFL $1,060 3-Player",153769,Classic,1060.0,1,3,1,3000.0,2026-09-27 17:00:00+00:00,Sun 1:00PM
195921028,"NFL $1,060 3-Player",153769,Classic,1060.0,1,3,1,3000.0,2026-09-27 17:00:00+00:00,Sun 1:00PM
195922226,"NFL $1,060 3-Player",153769,Classic,1060.0,1,3,1,3000.0,2026-09-27 17:00:00+00:00,Sun 1:00PM
195922227,"NFL $1,060 3-Player",153769,Classic,1060.0,1,3,1,3000.0,2026-09-27 17:00:00+00:00,Sun 1:00PM
195921031,NFL $530 3-Player,153769,Classic,530.0,1,3,1,1500.0,2026-09-27 17:00:00+00:00,Sun 1:00PM
195921032,NFL $530 3-Player,153769,Classic,530.0,1,3,1,1500.0,2026-09-27 17:00:00+00:00,Sun 1:00PM
195922228,NFL $530 3-Player,153769,Classic,530.0,1,3,1,1500.0,2026-09-27 17:00:00+00:00,Sun 1:00PM
195922229,NFL $530 3-Player,153769,Classic,530.0,1,3,1,1500.0,2026-09-27 17:00:00+00:00,Sun 1:00PM
195921033,NFL $270 3-Player,153769,Classic,270.0,1,3,1,750.0,2026-09-27 17:00:00+00:00,Sun 1:00PM
195921034,NFL $270 3-Player,153769,Classic,270.0,1,3,1,750.0,2026-09-27 17:00:00+00:00,Sun 1:00PM
195922230,NFL $270 3-Player,153769,Classic,270.0,1,3,1,750.0,2026-09-27 17:00:00+00:00,Sun 1:00PM
195922231,NFL $270 3-Player,153769,Classic,270.0,1,3,1,750.0,2026-09-27 17:00:00+00:00,Sun 1:00PM
195920930,NFL $162 3-Player,153769,Classic,162.0,1,3,1,450.0,2026-09-27 17:00:00+00:00,Sun 1:00PM
195920931,NFL $162 3-Player,153769,Classic,162.0,1,3,1,450.0,2026-09-27 17:00:00+00:00,Sun 1:00PM
195920932,NFL $162 3-Player,153769,Classic,162.0,2,3,1,450.0,2026-09-27 17:00:00+00:00,Sun 1:00PM
195921904,NFL $162 3-Player,153769,Classic,162.0,1,3,1,450.0,2026-09-27 17:00:00+00:00,Sun 1:00PM
195922220,NFL $162 3-Player,153769,Classic,162.0,1,3,1,450.0,2026-09-27 17:00:00+00:00,Sun 1:00PM
195922221,NFL $162 3-Player,153769,Classic,162.0,1,3,1,450.0,2026-09-27 17:00:00+00:00,Sun 1:00PM
195922222,NFL $162 3-Player,153769,Classic,162.0,1,3,1,450.0,2026-09-27 17:00:00+00:00,Sun 1:00PM
195921040,NFL $109 3-Player,153769,Classic,109.0,1,3,1,300.0,2026-09-27 17:00:00+00:00,Sun 1:00PM
195921041,NFL $109 3-Player,153769,Classic,109.0,1,3,1,300.0,2026-09-27 17:00:00+00:00,Sun 1:00PM
195921042,NFL $109 3-Player,153769,Classic,109.0,2,3,1,300.0,2026-09-27 17:00:00+00:00,Sun 1:00PM
195921902,NFL $109 3-Player,153769,Classic,109.0,1,3,1,300.0,2026-09-27 17:00:00+00:00,Sun 1:00PM
195922232,NFL $109 3-Player,153769,Classic,109.0,1,3,1,300.0,2026-09-27 17:00:00+00:00,Sun 1:00PM
195922233,NFL $109 3-Player,153769,Classic,109.0,1,3,1,300.0,2026-09-27 17:00:00+00:00,Sun 1:00PM
195922234,NFL $109 3-Player,153769,Classic,109.0,1,3,1,300.0,2026-09-27 17:00:00+00:00,Sun 1:00PM
195973872,NFL $50 50-50 ,153769,Classic,50.0,1,10,1,450.0,2026-09-27 17:00:00+00:00,Sun 1:00PM
195920885,NFL $50 3-Player,153769,Classic,50.0,1,3,1,135.0,2026-09-27 17:00:00+00:00,Sun 1:00PM
195920886,NFL $50 3-Player,153769,Classic,50.0,1,3,1,135.0,2026-09-27 17:00:00+00:00,Sun 1:00PM
195920887,NFL $50 3-Player,153769,Classic,50.0,2,3,1,135.0,2026-09-27 17:00:00+00:00,Sun 1:00PM
195921898,NFL $50 3-Player,153769,Classic,50.0,1,3,1,135.0,2026-09-27 17:00:00+00:00,Sun 1:00PM
195922208,NFL $50 3-Player,153769,Classic,50.0,1,3,1,135.0,2026-09-27 17:00:00+00:00,Sun 1:00PM
195922209,NFL $50 3-Player,153769,Classic,50.0,1,3,1,135.0,2026-09-27 17:00:00+00:00,Sun 1:00PM
195922210,NFL $50 3-Player,153769,Classic,50.0,1,3,1,135.0,2026-09-27 17:00:00+00:00,Sun 1:00PM
195921052,NFL $20 50-50,153769,Classic,20.0,3,50,1,900.0,2026-09-27 17:00:00+00:00,Sun 1:00PM
195945576,NFL $20 50-50,153769,Classic,20.0,2,50,1,900.0,2026-09-27 17:00:00+00:00,Sun 1:00PM
195920869,NFL $20 50-50,153769,Classic,20.0,1,10,1,180.0,2026-09-27 17:00:00+00:00,Sun 1:00PM
195948647,NFL $20 25-Player (Top 2 Win),153769,Classic,20.0,3,25,1,450.0,2026-09-27 17:00:00+00:00,Sun 1:00PM
195950685,NFL $20 15-Player (Winner Takes All),153769,Classic,20.0,1,15,1,270.0,2026-09-27 17:00:00+00:00,Sun 1:00PM
195921127,NFL $20 100-Player,153769,Classic,20.0,1,100,1,1800.0,2026-09-27 17:00:00+00:00,Sun 1:00PM
195953484,NFL $20 10-Player (Top 3 Win),153769,Classic,20.0,2,10,1,180.0,2026-09-27 17:00:00+00:00,Sun 1:00PM
195944796,NFL $20 7-Player (Winner Takes All),153769,Classic,20.0,2,7,1,126.0,2026-09-27 17:00:00+00:00,Sun 1:00PM
195950085,NFL $20 6-Player (Winner Takes All),153769,Classic,20.0,1,6,1,108.0,2026-09-27 17:00:00+00:00,Sun 1:00PM
195920902,NFL $20 3-Player,153769,Classic,20.0,1,3,1,54.0,2026-09-27 17:00:00+00:00,Sun 1:00PM
195920904,NFL $20 3-Player,153769,Classic,20.0,2,3,1,54.0,2026-09-27 17:00:00+00:00,Sun 1:00PM
195921901,NFL $20 3-Player,153769,Classic,20.0,1,3,1,54.0,2026-09-27 17:00:00+00:00,Sun 1:00PM
195922217,NFL $20 3-Player,153769,Classic,20.0,1,3,1,54.0,2026-09-27 17:00:00+00:00,Sun 1:00PM
195922218,NFL $20 3-Player,153769,Classic,20.0,1,3,1,54.0,2026-09-27 17:00:00+00:00,Sun 1:00PM
195921051,NFL $10 50-50,153769,Classic,10.0,5,50,1,450.0,2026-09-27 17:00:00+00:00,Sun 1:00PM
195936914,NFL $10 50-50,153769,Classic,10.0,2,50,1,450.0,2026-09-27 17:00:00+00:00,Sun 1:00PM
195946261,NFL $10 50-50,153769,Classic,10.0,2,50,1,450.0,2026-09-27 17:00:00+00:00,Sun 1:00PM
195951868,NFL $10 50-50,153769,Classic,10.0,1,50,1,450.0,2026-09-27 17:00:00+00:00,Sun 1:00PM
195920928,NFL $10 50-50,153769,Classic,10.0,1,20,1,180.0,2026-09-27 17:00:00+00:00,Sun 1:00PM
195920929,NFL $10 50-50,153769,Classic,10.0,1,20,1,180.0,2026-09-27 17:00:00+00:00,Sun 1:00PM
195920905,NFL $10 50-50,153769,Classic,10.0,3,10,1,90.0,2026-09-27 17:00:00+00:00,Sun 1:00PM
195920906,NFL $10 50-50,153769,Classic,10.0,1,10,1,90.0,2026-09-27 17:00:00+00:00,Sun 1:00PM
195936933,NFL $10 50-50,153769,Classic,10.0,1,10,1,90.0,2026-09-27 17:00:00+00:00,Sun 1:00PM
195921126,NFL $10 100-Player,153769,Classic,10.0,1,100,1,900.0,2026-09-27 17:00:00+00:00,Sun 1:00PM
195920877,NFL $10 10-Player,153769,Classic,10.0,2,10,1,90.0,2026-09-27 17:00:00+00:00,Sun 1:00PM
195920860,NFL $10 5-Player,153769,Classic,10.0,1,5,1,45.0,2026-09-27 17:00:00+00:00,Sun 1:00PM
195921748,NFL $10 3-Player,153769,Classic,10.0,1,3,1,27.0,2026-09-27 17:00:00+00:00,Sun 1:00PM
195921793,NFL $10 3-Player,153769,Classic,10.0,1,3,1,27.0,2026-09-27 17:00:00+00:00,Sun 1:00PM
195921900,NFL $10 3-Player,153769,Classic,10.0,2,3,1,27.0,2026-09-27 17:00:00+00:00,Sun 1:00PM
195922214,NFL $10 3-Player,153769,Classic,10.0,2,3,1,27.0,2026-09-27 17:00:00+00:00,Sun 1:00PM
195922215,NFL $10 3-Player,153769,Classic,10.0,2,3,1,27.0,2026-09-27 17:00:00+00:00,Sun 1:00PM
195922216,NFL $10 3-Player,153769,Classic,10.0,2,3,1,27.0,2026-09-27 17:00:00+00:00,Sun 1:00PM
195930629,NFL $10 3-Player,153769,Classic,10.0,2,3,1,27.0,2026-09-27 17:00:00+00:00,Sun 1:00PM
195921017,NFL $5 50-50,153769,Classic,5.0,9,100,1,450.0,2026-09-27 17:00:00+00:00,Sun 1:00PM
195945616,NFL $5 50-50,153769,Classic,5.0,3,100,1,450.0,2026-09-27 17:00:00+00:00,Sun 1:00PM
195921050,NFL $5 50-50,153769,Classic,5.0,1,50,1,225.0,2026-09-27 17:00:00+00:00,Sun 1:00PM
195920925,NFL $5 50-50,153769,Classic,5.0,1,20,1,90.0,2026-09-27 17:00:00+00:00,Sun 1:00PM
195920866,NFL $5 50-50,153769,Classic,5.0,5,10,1,45.0,2026-09-27 17:00:00+00:00,Sun 1:00PM
195921117,NFL $5 Double Up,153769,Classic,5.0,4,11,1,50.0,2026-09-27 17:00:00+00:00,Sun 1:00PM
195921118,NFL $5 Double Up,153769,Classic,5.0,1,11,1,50.0,2026-09-27 17:00:00+00:00,Sun 1:00PM
195919722,NFL $5 100-Player (Winner Takes All),153769,Classic,5.0,2,100,1,450.0,2026-09-27 17:00:00+00:00,Sun 1:00PM
195913243,NFL $5 50-Player (Top 5 Win),153769,Classic,5.0,18,50,1,225.0,2026-09-27 17:00:00+00:00,Sun 1:00PM
195960529,NFL $5 25-Player (Top 3 Win),153769,Classic,5.0,2,25,1,112.5,2026-09-27 17:00:00+00:00,Sun 1:00PM
195920917,NFL $5 20-Player,153769,Classic,5.0,1,20,1,90.0,2026-09-27 17:00:00+00:00,Sun 1:00PM
195936452,NFL $5 20-Player (Top 2 Win),153769,Classic,5.0,2,20,1,90.0,2026-09-27 17:00:00+00:00,Sun 1:00PM
195950984,NFL $5 20-Player (Top 2 Win),153769,Classic,5.0,2,20,1,90.0,2026-09-27 17:00:00+00:00,Sun 1:00PM
195957278,NFL $5 20-Player (Top 2 Win),153769,Classic,5.0,4,20,1,90.0,2026-09-27 17:00:00+00:00,Sun 1:00PM
195922250,NFL $5 20-Player (Winner Takes All),153769,Classic,5.0,4,20,1,90.0,2026-09-27 17:00:00+00:00,Sun 1:00PM
195971026,NFL $5 18-Player (Top 2 Win),153769,Classic,5.0,2,18,1,81.0,2026-09-27 17:00:00+00:00,Sun 1:00PM
195928099,NFL $5 12-Player (Top 2 Win),153769,Classic,5.0,2,12,1,54.0,2026-09-27 17:00:00+00:00,Sun 1:00PM
195957625,NFL $5 11-Player (Top 3 Win),153769,Classic,5.0,3,11,1,49.5,2026-09-27 17:00:00+00:00,Sun 1:00PM
195969398,NFL $5 11-Player (Winner Takes All),153769,Classic,5.0,2,11,1,49.5,2026-09-27 17:00:00+00:00,Sun 1:00PM
195920852,NFL $5 10-Player,153769,Classic,5.0,1,10,1,45.0,2026-09-27 17:00:00+00:00,Sun 1:00PM
195920857,NFL $5 5-Player,153769,Classic,5.0,3,5,1,22.5,2026-09-27 17:00:00+00:00,Sun 1:00PM
195920858,NFL $5 5-Player,153769,Classic,5.0,1,5,1,22.5,2026-09-27 17:00:00+00:00,Sun 1:00PM
195920859,NFL $5 5-Player,153769,Classic,5.0,1,5,1,22.5,2026-09-27 17:00:00+00:00,Sun 1:00PM
195947235,NFL $5 5-Player,153769,Classic,5.0,1,5,1,22.5,2026-09-27 17:00:00+00:00,Sun 1:00PM
195947236,NFL $5 5-Player,153769,Classic,5.0,1,5,1,22.5,2026-09-27 17:00:00+00:00,Sun 1:00PM
195947326,NFL $5 5-Player,153769,Classic,5.0,1,5,1,22.5,2026-09-27 17:00:00+00:00,Sun 1:00PM
195947327,NFL $5 5-Player,153769,Classic,5.0,1,5,1,22.5,2026-09-27 17:00:00+00:00,Sun 1:00PM
195922211,NFL $5 3-Player,153769,Classic,5.0,2,3,1,13.5,2026-09-27 17:00:00+00:00,Sun 1:00PM
195922213,NFL $5 3-Player,153769,Classic,5.0,2,3,1,13.5,2026-09-27 17:00:00+00:00,Sun 1:00PM
195944992,NFL $5 3-Player,153769,Classic,5.0,2,3,1,13.5,2026-09-27 17:00:00+00:00,Sun 1:00PM
195920874,NFL $5 3-Player,153769,Classic,5.0,1,3,1,13.5,2026-09-27 17:00:00+00:00,Sun 1:00PM
195920875,NFL $5 3-Player,153769,Classic,5.0,1,3,1,13.5,2026-09-27 17:00:00+00:00,Sun 1:00PM
195920876,NFL $5 3-Player,153769,Classic,5.0,1,3,1,13.5,2026-09-27 17:00:00+00:00,Sun 1:00PM
195922205,NFL $5 3-Player,153769,Classic,5.0,1,3,1,13.5,2026-09-27 17:00:00+00:00,Sun 1:00PM
195922206,NFL $5 3-Player,153769,Classic,5.0,1,3,1,13.5,2026-09-27 17:00:00+00:00,Sun 1:00PM
195922207,NFL $5 3-Player,153769,Classic,5.0,1,3,1,13.5,2026-09-27 17:00:00+00:00,Sun 1:00PM
195930620,NFL $5 3-Player,153769,Classic,5.0,1,3,1,13.5,2026-09-27 17:00:00+00:00,Sun 1:00PM
195930621,NFL $5 3-Player,153769,Classic,5.0,1,3,1,13.5,2026-09-27 17:00:00+00:00,Sun 1:00PM
195930622,NFL $5 3-Player,153769,Classic,5.0,1,3,1,13.5,2026-09-27 17:00:00+00:00,Sun 1:00PM
195944993,NFL $5 3-Player,153769,Classic,5.0,1,3,1,13.5,2026-09-27 17:00:00+00:00,Sun 1:00PM
195947210,NFL $5 3-Player,153769,Classic,5.0,1,3,1,13.5,2026-09-27 17:00:00+00:00,Sun 1:00PM
195947226,NFL $5 3-Player,153769,Classic,5.0,1,3,1,13.5,2026-09-27 17:00:00+00:00,Sun 1:00PM
195947227,NFL $5 3-Player,153769,Classic,5.0,1,3,1,13.5,2026-09-27 17:00:00+00:00,Sun 1:00PM
195947229,NFL $5 3-Player,153769,Classic,5.0,1,3,1,13.5,2026-09-27 17:00:00+00:00,Sun 1:00PM
195947230,NFL $5 3-Player,153769,Classic,5.0,1,3,1,13.5,2026-09-27 17:00:00+00:00,Sun 1:00PM
195921119,NFL $3 Double Up,153769,Classic,3.0,2,11,1,30.0,2026-09-27 17:00:00+00:00,Sun 1:00PM
195921120,NFL $3 Double Up,153769,Classic,3.0,2,11,1,30.0,2026-09-27 17:00:00+00:00,Sun 1:00PM
195947973,NFL $3 Double Up,153769,Classic,3.0,1,11,1,30.0,2026-09-27 17:00:00+00:00,Sun 1:00PM
195947974,NFL $3 Double Up,153769,Classic,3.0,1,11,1,30.0,2026-09-27 17:00:00+00:00,Sun 1:00PM
195921018,NFL $2 50-50,153769,Classic,2.0,6,100,1,180.0,2026-09-27 17:00:00+00:00,Sun 1:00PM
195946263,NFL $2 50-50,153769,Classic,2.0,5,100,1,180.0,2026-09-27 17:00:00+00:00,Sun 1:00PM
195946958,NFL $2 50-50,153769,Classic,2.0,4,100,1,180.0,2026-09-27 17:00:00+00:00,Sun 1:00PM
195921049,NFL $2 50-50,153769,Classic,2.0,3,50,1,90.0,2026-09-27 17:00:00+00:00,Sun 1:00PM
195921039,NFL $2 50-50,153769,Classic,2.0,2,20,1,36.0,2026-09-27 17:00:00+00:00,Sun 1:00PM
195920871,NFL $2 50-50,153769,Classic,2.0,2,20,1,36.0,2026-09-27 17:00:00+00:00,Sun 1:00PM
195920872,NFL $2 50-50,153769,Classic,2.0,2,20,1,36.0,2026-09-27 17:00:00+00:00,Sun 1:00PM
195920873,NFL $2 50-50,153769,Classic,2.0,2,20,1,36.0,2026-09-27 17:00:00+00:00,Sun 1:00PM
195921008,NFL $2 50-50,153769,Classic,2.0,1,10,1,18.0,2026-09-27 17:00:00+00:00,Sun 1:00PM
195921009,NFL $2 50-50,153769,Classic,2.0,1,10,1,18.0,2026-09-27 17:00:00+00:00,Sun 1:00PM
195921010,NFL $2 50-50,153769,Classic,2.0,1,10,1,18.0,2026-09-27 17:00:00+00:00,Sun 1:00PM
195914114,NFL $2 50-Player (Top 3 Win),153769,Classic,2.0,7,50,1,90.0,2026-09-27 17:00:00+00:00,Sun 1:00PM
195921124,NFL $2 100-Player,153769,Classic,2.0,4,100,1,180.0,2026-09-27 17:00:00+00:00,Sun 1:00PM
195947972,NFL $2 100-Player,153769,Classic,2.0,2,100,1,180.0,2026-09-27 17:00:00+00:00,Sun 1:00PM
195950587,NFL $2 100-Player,153769,Classic,2.0,1,100,1,180.0,2026-09-27 17:00:00+00:00,Sun 1:00PM
195920947,NFL $2 40-Player,153769,Classic,2.0,1,40,1,72.0,2026-09-27 17:00:00+00:00,Sun 1:00PM
195920948,NFL $2 40-Player,153769,Classic,2.0,3,40,1,72.0,2026-09-27 17:00:00+00:00,Sun 1:00PM
195935094,NFL $2 40-Player,153769,Classic,2.0,1,40,1,72.0,2026-09-27 17:00:00+00:00,Sun 1:00PM
195947965,NFL $2 40-Player,153769,Classic,2.0,1,40,1,72.0,2026-09-27 17:00:00+00:00,Sun 1:00PM
195914117,NFL $2 25-Player (Top 3 Win),153769,Classic,2.0,4,25,1,45.0,2026-09-27 17:00:00+00:00,Sun 1:00PM
195920942,NFL $2 20-Player,153769,Classic,2.0,1,20,1,36.0,2026-09-27 17:00:00+00:00,Sun 1:00PM
195920943,NFL $2 20-Player,153769,Classic,2.0,1,20,1,36.0,2026-09-27 17:00:00+00:00,Sun 1:00PM
195920944,NFL $2 20-Player,153769,Classic,2.0,4,20,1,36.0,2026-09-27 17:00:00+00:00,Sun 1:00PM
195934690,NFL $2 20-Player,153769,Classic,2.0,1,20,1,36.0,2026-09-27 17:00:00+00:00,Sun 1:00PM
195953542,NFL $2 12-Player (Top 3 Win),153769,Classic,2.0,2,12,1,21.6,2026-09-27 17:00:00+00:00,Sun 1:00PM
195959623,NFL $2 12-Player (Winner Takes All),153769,Classic,2.0,2,12,1,21.6,2026-09-27 17:00:00+00:00,Sun 1:00PM
195920848,NFL $2 10-Player,153769,Classic,2.0,2,10,1,18.0,2026-09-27 17:00:00+00:00,Sun 1:00PM
195920849,NFL $2 10-Player,153769,Classic,2.0,2,10,1,18.0,2026-09-27 17:00:00+00:00,Sun 1:00PM
195920850,NFL $2 10-Player,153769,Classic,2.0,2,10,1,18.0,2026-09-27 17:00:00+00:00,Sun 1:00PM
195947980,NFL $2 10-Player,153769,Classic,2.0,1,10,1,18.0,2026-09-27 17:00:00+00:00,Sun 1:00PM
195947981,NFL $2 10-Player,153769,Classic,2.0,1,10,1,18.0,2026-09-27 17:00:00+00:00,Sun 1:00PM
195947982,NFL $2 10-Player,153769,Classic,2.0,1,10,1,18.0,2026-09-27 17:00:00+00:00,Sun 1:00PM
195914118,NFL $2 10-Player (Winner Takes All),153769,Classic,2.0,8,10,1,18.0,2026-09-27 17:00:00+00:00,Sun 1:00PM
195946852,NFL $2 5-Player,153769,Classic,2.0,3,5,1,9.0,2026-09-27 17:00:00+00:00,Sun 1:00PM
195946853,NFL $2 5-Player,153769,Classic,2.0,4,5,1,9.0,2026-09-27 17:00:00+00:00,Sun 1:00PM
195946855,NFL $2 5-Player,153769,Classic,2.0,4,5,1,9.0,2026-09-27 17:00:00+00:00,Sun 1:00PM
195946887,NFL $2 5-Player,153769,Classic,2.0,3,5,1,9.0,2026-09-27 17:00:00+00:00,Sun 1:00PM
195946888,NFL $2 5-Player,153769,Classic,2.0,3,5,1,9.0,2026-09-27 17:00:00+00:00,Sun 1:00PM
195946889,NFL $2 5-Player,153769,Classic,2.0,3,5,1,9.0,2026-09-27 17:00:00+00:00,Sun 1:00PM
195947232,NFL $2 5-Player,153769,Classic,2.0,3,5,1,9.0,2026-09-27 17:00:00+00:00,Sun 1:00PM
195947233,NFL $2 5-Player,153769,Classic,2.0,3,5,1,9.0,2026-09-27 17:00:00+00:00,Sun 1:00PM
195947321,NFL $2 5-Player,153769,Classic,2.0,2,5,1,9.0,2026-09-27 17:00:00+00:00,Sun 1:00PM
195947322,NFL $2 5-Player,153769,Classic,2.0,2,5,1,9.0,2026-09-27 17:00:00+00:00,Sun 1:00PM
195947324,NFL $2 5-Player,153769,Classic,2.0,2,5,1,9.0,2026-09-27 17:00:00+00:00,Sun 1:00PM
195947977,NFL $2 5-Player,153769,Classic,2.0,1,5,1,9.0,2026-09-27 17:00:00+00:00,Sun 1:00PM
195947978,NFL $2 5-Player,153769,Classic,2.0,1,5,1,9.0,2026-09-27 17:00:00+00:00,Sun 1:00PM
195947979,NFL $2 5-Player,153769,Classic,2.0,1,5,1,9.0,2026-09-27 17:00:00+00:00,Sun 1:00PM
195947224,NFL $2 3-Player,153769,Classic,2.0,2,3,1,5.4,2026-09-27 17:00:00+00:00,Sun 1:00PM
195947225,NFL $2 3-Player,153769,Classic,2.0,2,3,1,5.4,2026-09-27 17:00:00+00:00,Sun 1:00PM
195947228,NFL $2 3-Player,153769,Classic,2.0,2,3,1,5.4,2026-09-27 17:00:00+00:00,Sun 1:00PM
195948007,NFL $2 3-Player,153769,Classic,2.0,1,3,1,5.4,2026-09-27 17:00:00+00:00,Sun 1:00PM
195964416,NFL $2 3-Player,153769,Classic,2.0,1,3,1,5.4,2026-09-27 17:00:00+00:00,Sun 1:00PM
195964417,NFL $2 3-Player,153769,Classic,2.0,1,3,1,5.4,2026-09-27 17:00:00+00:00,Sun 1:00PM
195965440,NFL $2 3-Player,153769,Classic,2.0,1,3,1,5.4,2026-09-27 17:00:00+00:00,Sun 1:00PM
195965458,NFL $2 3-Player,153769,Classic,2.0,1,3,1,5.4,2026-09-27 17:00:00+00:00,Sun 1:00PM
195965459,NFL $2 3-Player,153769,Classic,2.0,1,3,1,5.4,2026-09-27 17:00:00+00:00,Sun 1:00PM
195965461,NFL $2 3-Player,153769,Classic,2.0,1,3,1,5.4,2026-09-27 17:00:00+00:00,Sun 1:00PM
195965512,NFL $2 3-Player,153769,Classic,2.0,1,3,1,5.4,2026-09-27 17:00:00+00:00,Sun 1:00PM
195967676,NFL $2 3-Player,153769,Classic,2.0,1,3,1,5.4,2026-09-27 17:00:00+00:00,Sun 1:00PM
195946945,NFL $1 50-50!,153769,Classic,1.0,8,100,1,90.0,2026-09-27 17:00:00+00:00,Sun 1:00PM
195921016,NFL $1 50-50,153769,Classic,1.0,9,100,1,90.0,2026-09-27 17:00:00+00:00,Sun 1:00PM
195928391,NFL $1 50-50,153769,Classic,1.0,5,100,1,90.0,2026-09-27 17:00:00+00:00,Sun 1:00PM
195946778,NFL $1 50-50,153769,Classic,1.0,2,100,1,90.0,2026-09-27 17:00:00+00:00,Sun 1:00PM
195921048,NFL $1 50-50,153769,Classic,1.0,1,50,1,45.0,2026-09-27 17:00:00+00:00,Sun 1:00PM
195920882,NFL $1 50-50,153769,Classic,1.0,2,20,1,18.0,2026-09-27 17:00:00+00:00,Sun 1:00PM
195920883,NFL $1 50-50,153769,Classic,1.0,2,20,1,18.0,2026-09-27 17:00:00+00:00,Sun 1:00PM
195920884,NFL $1 50-50,153769,Classic,1.0,2,20,1,18.0,2026-09-27 17:00:00+00:00,Sun 1:00PM
195921005,NFL $1 50-50,153769,Classic,1.0,5,10,1,9.0,2026-09-27 17:00:00+00:00,Sun 1:00PM
195921006,NFL $1 50-50,153769,Classic,1.0,3,10,1,9.0,2026-09-27 17:00:00+00:00,Sun 1:00PM
195921007,NFL $1 50-50,153769,Classic,1.0,5,10,1,9.0,2026-09-27 17:00:00+00:00,Sun 1:00PM
195922141,NFL $1 50-50,153769,Classic,1.0,3,10,1,9.0,2026-09-27 17:00:00+00:00,Sun 1:00PM
195923216,NFL $1 50-50,153769,Classic,1.0,2,10,1,9.0,2026-09-27 17:00:00+00:00,Sun 1:00PM
195923219,NFL $1 50-50,153769,Classic,1.0,2,10,1,9.0,2026-09-27 17:00:00+00:00,Sun 1:00PM
195923220,NFL $1 50-50,153769,Classic,1.0,1,10,1,9.0,2026-09-27 17:00:00+00:00,Sun 1:00PM
195947993,NFL $1 50-50,153769,Classic,1.0,1,10,1,9.0,2026-09-27 17:00:00+00:00,Sun 1:00PM
195921121,NFL $1 Double Up,153769,Classic,1.0,3,11,1,10.0,2026-09-27 17:00:00+00:00,Sun 1:00PM
195921122,NFL $1 Double Up,153769,Classic,1.0,4,11,1,10.0,2026-09-27 17:00:00+00:00,Sun 1:00PM
195947057,NFL $1 Double Up,153769,Classic,1.0,2,11,1,10.0,2026-09-27 17:00:00+00:00,Sun 1:00PM
195947061,NFL $1 Double Up,153769,Classic,1.0,2,11,1,10.0,2026-09-27 17:00:00+00:00,Sun 1:00PM
195947998,NFL $1 Double Up,153769,Classic,1.0,1,11,1,10.0,2026-09-27 17:00:00+00:00,Sun 1:00PM
195947999,NFL $1 Double Up,153769,Classic,1.0,1,11,1,10.0,2026-09-27 17:00:00+00:00,Sun 1:00PM
195947033,NFL $1 100-Player (Winner Takes All),153769,Classic,1.0,3,100,1,90.0,2026-09-27 17:00:00+00:00,Sun 1:00PM
195928047,NFL $1 50-Player (Winner Takes All),153769,Classic,1.0,4,50,1,45.0,2026-09-27 17:00:00+00:00,Sun 1:00PM
195921123,NFL $1 100-Player,153769,Classic,1.0,4,100,1,90.0,2026-09-27 17:00:00+00:00,Sun 1:00PM
195947971,NFL $1 100-Player,153769,Classic,1.0,1,100,1,90.0,2026-09-27 17:00:00+00:00,Sun 1:00PM
195920945,NFL $1 40-Player,153769,Classic,1.0,2,40,1,36.0,2026-09-27 17:00:00+00:00,Sun 1:00PM
195920946,NFL $1 40-Player,153769,Classic,1.0,1,40,1,36.0,2026-09-27 17:00:00+00:00,Sun 1:00PM
195914427,NFL $1 30-Player (Winner Takes All),153769,Classic,1.0,21,30,1,27.0,2026-09-27 17:00:00+00:00,Sun 1:00PM
195914120,NFL $1 25-Player (Top 2 Win),153769,Classic,1.0,8,25,1,22.5,2026-09-27 17:00:00+00:00,Sun 1:00PM
195920939,NFL $1 20-Player,153769,Classic,1.0,1,20,1,18.0,2026-09-27 17:00:00+00:00,Sun 1:00PM
195920940,NFL $1 20-Player,153769,Classic,1.0,4,20,1,18.0,2026-09-27 17:00:00+00:00,Sun 1:00PM
195920941,NFL $1 20-Player,153769,Classic,1.0,1,20,1,18.0,2026-09-27 17:00:00+00:00,Sun 1:00PM
195935378,NFL $1 20-Player,153769,Classic,1.0,1,20,1,18.0,2026-09-27 17:00:00+00:00,Sun 1:00PM
195964685,NFL $1 20-Player (Winner Takes All),153769,Classic,1.0,2,20,1,18.0,2026-09-27 17:00:00+00:00,Sun 1:00PM
195920907,NFL $1 10-Player,153769,Classic,1.0,2,10,1,9.0,2026-09-27 17:00:00+00:00,Sun 1:00PM
195920908,NFL $1 10-Player,153769,Classic,1.0,2,10,1,9.0,2026-09-27 17:00:00+00:00,Sun 1:00PM
195920909,NFL $1 10-Player,153769,Classic,1.0,4,10,1,9.0,2026-09-27 17:00:00+00:00,Sun 1:00PM
195935397,NFL $1 10-Player,153769,Classic,1.0,2,10,1,9.0,2026-09-27 17:00:00+00:00,Sun 1:00PM
195947986,NFL $1 10-Player,153769,Classic,1.0,1,10,1,9.0,2026-09-27 17:00:00+00:00,Sun 1:00PM
195947987,NFL $1 10-Player,153769,Classic,1.0,1,10,1,9.0,2026-09-27 17:00:00+00:00,Sun 1:00PM
195947988,NFL $1 10-Player,153769,Classic,1.0,1,10,1,9.0,2026-09-27 17:00:00+00:00,Sun 1:00PM
195920854,NFL $1 5-Player,153769,Classic,1.0,3,5,1,4.5,2026-09-27 17:00:00+00:00,Sun 1:00PM
195920855,NFL $1 5-Player,153769,Classic,1.0,3,5,1,4.5,2026-09-27 17:00:00+00:00,Sun 1:00PM
195920856,NFL $1 5-Player,153769,Classic,1.0,3,5,1,4.5,2026-09-27 17:00:00+00:00,Sun 1:00PM
195946885,NFL $1 5-Player,153769,Classic,1.0,3,5,1,4.5,2026-09-27 17:00:00+00:00,Sun 1:00PM
195947267,NFL $1 5-Player,153769,Classic,1.0,2,5,1,4.5,2026-09-27 17:00:00+00:00,Sun 1:00PM
195947268,NFL $1 5-Player,153769,Classic,1.0,2,5,1,4.5,2026-09-27 17:00:00+00:00,Sun 1:00PM
195948001,NFL $1 5-Player,153769,Classic,1.0,1,5,1,4.5,2026-09-27 17:00:00+00:00,Sun 1:00PM
195948002,NFL $1 5-Player,153769,Classic,1.0,1,5,1,4.5,2026-09-27 17:00:00+00:00,Sun 1:00PM
195948003,NFL $1 5-Player,153769,Classic,1.0,1,5,1,4.5,2026-09-27 17:00:00+00:00,Sun 1:00PM
195953221,NFL $1 5-Player (Top 2 Win),153769,Classic,1.0,4,5,1,4.5,2026-09-27 17:00:00+00:00,Sun 1:00PM
195943950,NFL $1 3-Player,153769,Classic,1.0,2,3,1,2.7,2026-09-27 17:00:00+00:00,Sun 1:00PM
195944935,NFL $1 3-Player,153769,Classic,1.0,2,3,1,2.7,2026-09-27 17:00:00+00:00,Sun 1:00PM
195944936,NFL $1 3-Player,153769,Classic,1.0,2,3,1,2.7,2026-09-27 17:00:00+00:00,Sun 1:00PM
195947219,NFL $1 3-Player,153769,Classic,1.0,2,3,1,2.7,2026-09-27 17:00:00+00:00,Sun 1:00PM
195947221,NFL $1 3-Player,153769,Classic,1.0,2,3,1,2.7,2026-09-27 17:00:00+00:00,Sun 1:00PM
195947222,NFL $1 3-Player,153769,Classic,1.0,2,3,1,2.7,2026-09-27 17:00:00+00:00,Sun 1:00PM
195948004,NFL $1 3-Player,153769,Classic,1.0,2,3,1,2.7,2026-09-27 17:00:00+00:00,Sun 1:00PM
195948944,NFL $1 3-Player,153769,Classic,1.0,2,3,1,2.7,2026-09-27 17:00:00+00:00,Sun 1:00PM
195964411,NFL $1 3-Player,153769,Classic,1.0,1,3,1,2.7,2026-09-27 17:00:00+00:00,Sun 1:00PM
195964412,NFL $1 3-Player,153769,Classic,1.0,1,3,1,2.7,2026-09-27 17:00:00+00:00,Sun 1:00PM
195965479,NFL $1 3-Player,153769,Classic,1.0,1,3,1,2.7,2026-09-27 17:00:00+00:00,Sun 1:00PM
195965495,NFL $1 3-Player,153769,Classic,1.0,1,3,1,2.7,2026-09-27 17:00:00+00:00,Sun 1:00PM
195965496,NFL $1 3-Player,153769,Classic,1.0,2,3,1,2.7,2026-09-27 17:00:00+00:00,Sun 1:00PM
195965497,NFL $1 3-Player,153769,Classic,1.0,2,3,1,2.7,2026-09-27 17:00:00+00:00,Sun 1:00PM
195965513,NFL $1 3-Player,153769,Classic,1.0,1,3,1,2.7,2026-09-27 17:00:00+00:00,Sun 1:00PM
195965516,NFL $1 3-Player,153769,Classic,1.0,2,3,1,2.7,2026-09-27 17:00:00+00:00,Sun 1:00PM
195965517,NFL $1 3-Player,153769,Classic,1.0,1,3,1,2.7,2026-09-27 17:00:00+00:00,Sun 1:00PM
195970430,NFL $1 3-Player,153769,Classic,1.0,1,3,1,2.7,2026-09-27 17:00:00+00:00,Sun 1:00PM
195914393,NFL $2 200-Player (Top 10 Win),153769,Classic,2.0,10,200,1,360.0,2026-09-27 17:00:00+00:00,Sun 1:00PM
195959592,NFL $3 10-Player (Top 2 Win),153769,Classic,3.0,1,10,1,27.0,2026-09-27 17:00:00+00:00,Sun 1:00PM
195914109,NFL $3 10-Player (Winner Takes All),153769,Classic,3.0,6,10,1,27.0,2026-09-27 17:00:00+00:00,Sun 1:00PM
195914113,NFL $3 15-Player (Winner Takes All),153769,Classic,3.0,11,15,1,40.5,2026-09-27 17:00:00+00:00,Sun 1:00PM
195913369,NFL $5 100-Player (Top 10 Win),153769,Classic,5.0,16,100,1,450.0,2026-09-27 17:00:00+00:00,Sun 1:00PM
195921110,Casual NFL $109 5-Player,153769,Classic,109.0,0,5,1,500.0,2026-09-27 17:00:00+00:00,Sun 1:00PM
195921109,Casual NFL $109 3-Player,153769,Classic,109.0,0,3,1,300.0,2026-09-27 17:00:00+00:00,Sun 1:00PM
195921065,Casual NFL $50 50-50,153769,Classic,50.0,0,10,1,450.0,2026-09-27 17:00:00+00:00,Sun 1:00PM
195921066,Casual NFL $50 50-50,153769,Classic,50.0,0,10,1,450.0,2026-09-27 17:00:00+00:00,Sun 1:00PM
195921067,Casual NFL $50 5-Player,153769,Classic,50.0,0,5,1,225.0,2026-09-27 17:00:00+00:00,Sun 1:00PM
195921080,Casual NFL $50 3-Player,153769,Classic,50.0,0,3,1,135.0,2026-09-27 17:00:00+00:00,Sun 1:00PM
195921081,Casual NFL $50 3-Player,153769,Classic,50.0,0,3,1,135.0,2026-09-27 17:00:00+00:00,Sun 1:00PM
195921062,Casual NFL $20 50-50,153769,Classic,20.0,0,10,1,180.0,2026-09-27 17:00:00+00:00,Sun 1:00PM
195921063,Casual NFL $20 50-50,153769,Classic,20.0,0,10,1,180.0,2026-09-27 17:00:00+00:00,Sun 1:00PM
195970433,Casual NFL $20 50-50,153769,Classic,20.0,0,10,1,180.0,2026-09-27 17:00:00+00:00,Sun 1:00PM
195921059,Casual NFL $20 5-Player,153769,Classic,20.0,0,5,1,90.0,2026-09-27 17:00:00+00:00,Sun 1:00PM
195921060,Casual NFL $20 5-Player,153769,Classic,20.0,0,5,1,90.0,2026-09-27 17:00:00+00:00,Sun 1:00PM
195921061,Casual NFL $20 5-Player,153769,Classic,20.0,0,5,1,90.0,2026-09-27 17:00:00+00:00,Sun 1:00PM
195921082,Casual NFL $20 3-Player,153769,Classic,20.0,0,3,1,54.0,2026-09-27 17:00:00+00:00,Sun 1:00PM
195921083,Casual NFL $20 3-Player,153769,Classic,20.0,0,3,1,54.0,2026-09-27 17:00:00+00:00,Sun 1:00PM
195937703,Casual NFL $20 3-Player,153769,Classic,20.0,0,3,1,54.0,2026-09-27 17:00:00+00:00,Sun 1:00PM
195921068,Casual NFL $10 50-50,153769,Classic,10.0,0,10,1,90.0,2026-09-27 17:00:00+00:00,Sun 1:00PM
195921069,Casual NFL $10 50-50,153769,Classic,10.0,0,10,1,90.0,2026-09-27 17:00:00+00:00,Sun 1:00PM
195921070,Casual NFL $10 50-50,153769,Classic,10.0,0,10,1,90.0,2026-09-27 17:00:00+00:00,Sun 1:00PM
195921085,Casual NFL $10 5-Player,153769,Classic,10.0,0,5,1,45.0,2026-09-27 17:00:00+00:00,Sun 1:00PM
195921086,Casual NFL $10 5-Player,153769,Classic,10.0,0,5,1,45.0,2026-09-27 17:00:00+00:00,Sun 1:00PM
195921087,Casual NFL $10 5-Player,153769,Classic,10.0,0,5,1,45.0,2026-09-27 17:00:00+00:00,Sun 1:00PM
195921088,Casual NFL $10 3-Player,153769,Classic,10.0,0,3,1,27.0,2026-09-27 17:00:00+00:00,Sun 1:00PM
195921089,Casual NFL $10 3-Player,153769,Classic,10.0,0,3,1,27.0,2026-09-27 17:00:00+00:00,Sun 1:00PM
195921090,Casual NFL $10 3-Player,153769,Classic,10.0,0,3,1,27.0,2026-09-27 17:00:00+00:00,Sun 1:00PM
195963597,Casual NFL $5 50-50,153769,Classic,5.0,0,10,1,45.0,2026-09-27 17:00:00+00:00,Sun 1:00PM
195963599,Casual NFL $5 50-50,153769,Classic,5.0,0,10,1,45.0,2026-09-27 17:00:00+00:00,Sun 1:00PM
195971696,Casual NFL $5 50-50,153769,Classic,5.0,0,10,1,45.0,2026-09-27 17:00:00+00:00,Sun 1:00PM
195921091,Casual NFL $5 5-Player,153769,Classic,5.0,0,5,1,22.5,2026-09-27 17:00:00+00:00,Sun 1:00PM
195921092,Casual NFL $5 5-Player,153769,Classic,5.0,0,5,1,22.5,2026-09-27 17:00:00+00:00,Sun 1:00PM
195921093,Casual NFL $5 5-Player,153769,Classic,5.0,0,5,1,22.5,2026-09-27 17:00:00+00:00,Sun 1:00PM
195965139,Casual NFL $5 3-Player,153769,Classic,5.0,0,3,1,13.5,2026-09-27 17:00:00+00:00,Sun 1:00PM
195965152,Casual NFL $5 3-Player,153769,Classic,5.0,0,3,1,13.5,2026-09-27 17:00:00+00:00,Sun 1:00PM
195965153,Casual NFL $5 3-Player,153769,Classic,5.0,0,3,1,13.5,2026-09-27 17:00:00+00:00,Sun 1:00PM
195921075,Casual NFL $3 50-50,153769,Classic,3.0,0,10,1,27.0,2026-09-27 17:00:00+00:00,Sun 1:00PM
195921076,Casual NFL $3 50-50,153769,Classic,3.0,0,10,1,27.0,2026-09-27 17:00:00+00:00,Sun 1:00PM
195950611,Casual NFL $3 50-50,153769,Classic,3.0,0,10,1,27.0,2026-09-27 17:00:00+00:00,Sun 1:00PM
195921097,Casual NFL $2 5-Player,153769,Classic,2.0,0,5,1,9.0,2026-09-27 17:00:00+00:00,Sun 1:00PM
195921098,Casual NFL $2 5-Player,153769,Classic,2.0,0,5,1,9.0,2026-09-27 17:00:00+00:00,Sun 1:00PM
195943632,Casual NFL $2 5-Player,153769,Classic,2.0,0,5,1,9.0,2026-09-27 17:00:00+00:00,Sun 1:00PM
195921100,Casual NFL $2 3-Player,153769,Classic,2.0,0,3,1,5.4,2026-09-27 17:00:00+00:00,Sun 1:00PM
195921101,Casual NFL $2 3-Player,153769,Classic,2.0,0,3,1,5.4,2026-09-27 17:00:00+00:00,Sun 1:00PM
195921102,Casual NFL $2 3-Player,153769,Classic,2.0,0,3,1,5.4,2026-09-27 17:00:00+00:00,Sun 1:00PM
195970554,Casual NFL $1 50-50,153769,Classic,1.0,0,10,1,9.0,2026-09-27 17:00:00+00:00,Sun 1:00PM
195970556,Casual NFL $1 50-50,153769,Classic,1.0,0,10,1,9.0,2026-09-27 17:00:00+00:00,Sun 1:00PM
195970558,Casual NFL $1 50-50,153769,Classic,1.0,0,10,1,9.0,2026-09-27 17:00:00+00:00,Sun 1:00PM
195921103,Casual NFL $1 5-Player,153769,Classic,1.0,0,5,1,4.5,2026-09-27 17:00:00+00:00,Sun 1:00PM
195921104,Casual NFL $1 5-Player,153769,Classic,1.0,0,5,1,4.5,2026-09-27 17:00:00+00:00,Sun 1:00PM
195921105,Casual NFL $1 5-Player,153769,Classic,1.0,0,5,1,4.5,2026-09-27 17:00:00+00:00,Sun 1:00PM
195921106,Casual NFL $1 3-Player,153769,Classic,1.0,0,3,1,2.7,2026-09-27 17:00:00+00:00,Sun 1:00PM
195921107,Casual NFL $1 3-Player,153769,Classic,1.0,0,3,1,2.7,2026-09-27 17:00:00+00:00,Sun 1:00PM
195921108,Casual NFL $1 3-Player,153769,Classic,1.0,0,3,1,2.7,2026-09-27 17:00:00+00:00,Sun 1:00PM
195921044,Beginner NFL $109 5-Player,153769,Classic,109.0,0,5,1,500.0,2026-09-27 17:00:00+00:00,Sun 1:00PM
195921043,Beginner NFL $109 3-Player,153769,Classic,109.0,0,3,1,300.0,2026-09-27 17:00:00+00:00,Sun 1:00PM
195921011,Beginner NFL $50 50-50,153769,Classic,50.0,0,10,1,450.0,2026-09-27 17:00:00+00:00,Sun 1:00PM
195921012,Beginner NFL $50 50-50,153769,Classic,50.0,0,10,1,450.0,2026-09-27 17:00:00+00:00,Sun 1:00PM
195921015,Beginner NFL $50 5-Player,153769,Classic,50.0,0,5,1,225.0,2026-09-27 17:00:00+00:00,Sun 1:00PM
195921013,Beginner NFL $50 3-Player,153769,Classic,50.0,0,3,1,135.0,2026-09-27 17:00:00+00:00,Sun 1:00PM
195921014,Beginner NFL $50 3-Player,153769,Classic,50.0,0,3,1,135.0,2026-09-27 17:00:00+00:00,Sun 1:00PM
195920995,Beginner NFL $20 50-50,153769,Classic,20.0,0,10,1,180.0,2026-09-27 17:00:00+00:00,Sun 1:00PM
195920996,Beginner NFL $20 50-50,153769,Classic,20.0,0,10,1,180.0,2026-09-27 17:00:00+00:00,Sun 1:00PM
195920997,Beginner NFL $20 50-50,153769,Classic,20.0,0,10,1,180.0,2026-09-27 17:00:00+00:00,Sun 1:00PM
195920980,Beginner NFL $20 5-Player,153769,Classic,20.0,0,5,1,90.0,2026-09-27 17:00:00+00:00,Sun 1:00PM
195920981,Beginner NFL $20 5-Player,153769,Classic,20.0,0,5,1,90.0,2026-09-27 17:00:00+00:00,Sun 1:00PM
195920982,Beginner NFL $20 5-Player,153769,Classic,20.0,0,5,1,90.0,2026-09-27 17:00:00+00:00,Sun 1:00PM
195920962,Beginner NFL $20 3-Player,153769,Classic,20.0,0,3,1,54.0,2026-09-27 17:00:00+00:00,Sun 1:00PM
195920963,Beginner NFL $20 3-Player,153769,Classic,20.0,0,3,1,54.0,2026-09-27 17:00:00+00:00,Sun 1:00PM
195920964,Beginner NFL $20 3-Player,153769,Classic,20.0,0,3,1,54.0,2026-09-27 17:00:00+00:00,Sun 1:00PM
195920992,Beginner NFL $10 50-50,153769,Classic,10.0,0,10,1,90.0,2026-09-27 17:00:00+00:00,Sun 1:00PM
195920993,Beginner NFL $10 50-50,153769,Classic,10.0,0,10,1,90.0,2026-09-27 17:00:00+00:00,Sun 1:00PM
195920994,Beginner NFL $10 50-50,153769,Classic,10.0,0,10,1,90.0,2026-09-27 17:00:00+00:00,Sun 1:00PM
195920977,Beginner NFL $10 5-Player,153769,Classic,10.0,0,5,1,45.0,2026-09-27 17:00:00+00:00,Sun 1:00PM
195920978,Beginner NFL $10 5-Player,153769,Classic,10.0,0,5,1,45.0,2026-09-27 17:00:00+00:00,Sun 1:00PM
195920979,Beginner NFL $10 5-Player,153769,Classic,10.0,0,5,1,45.0,2026-09-27 17:00:00+00:00,Sun 1:00PM
195920959,Beginner NFL $10 3-Player,153769,Classic,10.0,0,3,1,27.0,2026-09-27 17:00:00+00:00,Sun 1:00PM
195920960,Beginner NFL $10 3-Player,153769,Classic,10.0,0,3,1,27.0,2026-09-27 17:00:00+00:00,Sun 1:00PM
195920961,Beginner NFL $10 3-Player,153769,Classic,10.0,0,3,1,27.0,2026-09-27 17:00:00+00:00,Sun 1:00PM
195920989,Beginner NFL $5 50-50,153769,Classic,5.0,0,10,1,45.0,2026-09-27 17:00:00+00:00,Sun 1:00PM
195920990,Beginner NFL $5 50-50,153769,Classic,5.0,0,10,1,45.0,2026-09-27 17:00:00+00:00,Sun 1:00PM
195920991,Beginner NFL $5 50-50,153769,Classic,5.0,0,10,1,45.0,2026-09-27 17:00:00+00:00,Sun 1:00PM
195920974,Beginner NFL $5 5-Player,153769,Classic,5.0,0,5,1,22.5,2026-09-27 17:00:00+00:00,Sun 1:00PM
195920975,Beginner NFL $5 5-Player,153769,Classic,5.0,0,5,1,22.5,2026-09-27 17:00:00+00:00,Sun 1:00PM
195920976,Beginner NFL $5 5-Player,153769,Classic,5.0,0,5,1,22.5,2026-09-27 17:00:00+00:00,Sun 1:00PM
195920953,Beginner NFL $5 3-Player,153769,Classic,5.0,0,3,1,13.5,2026-09-27 17:00:00+00:00,Sun 1:00PM
195920954,Beginner NFL $5 3-Player,153769,Classic,5.0,0,3,1,13.5,2026-09-27 17:00:00+00:00,Sun 1:00PM
195920955,Beginner NFL $5 3-Player,153769,Classic,5.0,0,3,1,13.5,2026-09-27 17:00:00+00:00,Sun 1:00PM
195920986,Beginner NFL $3 50-50,153769,Classic,3.0,0,10,1,27.0,2026-09-27 17:00:00+00:00,Sun 1:00PM
195920987,Beginner NFL $3 50-50,153769,Classic,3.0,0,10,1,27.0,2026-09-27 17:00:00+00:00,Sun 1:00PM
195920988,Beginner NFL $3 50-50,153769,Classic,3.0,0,10,1,27.0,2026-09-27 17:00:00+00:00,Sun 1:00PM
195920971,Beginner NFL $2 5-Player,153769,Classic,2.0,0,5,1,9.0,2026-09-27 17:00:00+00:00,Sun 1:00PM
195920972,Beginner NFL $2 5-Player,153769,Classic,2.0,0,5,1,9.0,2026-09-27 17:00:00+00:00,Sun 1:00PM
195920973,Beginner NFL $2 5-Player,153769,Classic,2.0,0,5,1,9.0,2026-09-27 17:00:00+00:00,Sun 1:00PM
195920965,Beginner NFL $2 3-Player,153769,Classic,2.0,0,3,1,5.4,2026-09-27 17:00:00+00:00,Sun 1:00PM
195920966,Beginner NFL $2 3-Player,153769,Classic,2.0,0,3,1,5.4,2026-09-27 17:00:00+00:00,Sun 1:00PM
195920967,Beginner NFL $2 3-Player,153769,Classic,2.0,0,3,1,5.4,2026-09-27 17:00:00+00:00,Sun 1:00PM
195920983,Beginner NFL $1 50-50,153769,Classic,1.0,0,10,1,9.0,2026-09-27 17:00:00+00:00,Sun 1:00PM
195920984,Beginner NFL $1 50-50,153769,Classic,1.0,0,10,1,9.0,2026-09-27 17:00:00+00:00,Sun 1:00PM
195920985,Beginner NFL $1 50-50,153769,Classic,1.0,0,10,1,9.0,2026-09-27 17:00:00+00:00,Sun 1:00PM
195920968,Beginner NFL $1 5-Player,153769,Classic,1.0,0,5,1,4.5,2026-09-27 17:00:00+00:00,Sun 1:00PM
195920969,Beginner NFL $1 5-Player,153769,Classic,1.0,0,5,1,4.5,2026-09-27 17:00:00+00:00,Sun 1:00PM
195920970,Beginner NFL $1 5-Player,153769,Classic,1.0,0,5,1,4.5,2026-09-27 17:00:00+00:00,Sun 1:00PM
195920956,Beginner NFL $1 3-Player,153769,Classic,1.0,0,3,1,2.7,2026-09-27 17:00:00+00:00,Sun 1:00PM
195920957,Beginner NFL $1 3-Player,153769,Classic,1.0,0,3,1,2.7,2026-09-27 17:00:00+00:00,Sun 1:00PM
195920958,Beginner NFL $1 3-Player,153769,Classic,1.0,0,3,1,2.7,2026-09-27 17:00:00+00:00,Sun 1:00PM
195930638,"NFL $10,600 3-Player",153769,Classic,10600.0,0,3,1,30000.0,2026-09-27 17:00:00+00:00,Sun 1:00PM
195930639,"NFL $10,600 3-Player",153769,Classic,10600.0,0,3,1,30000.0,2026-09-27 17:00:00+00:00,Sun 1:00PM
195921023,"NFL $5,300 50-50",153769,Classic,5300.0,0,4,1,20000.0,2026-09-27 17:00:00+00:00,Sun 1:00PM
195921024,"NFL $5,300 50-50",153769,Classic,5300.0,0,4,1,20000.0,2026-09-27 17:00:00+00:00,Sun 1:00PM
195930640,"NFL $5,300 3-Player",153769,Classic,5300.0,0,3,1,15000.0,2026-09-27 17:00:00+00:00,Sun 1:00PM
195930641,"NFL $5,300 3-Player",153769,Classic,5300.0,0,3,1,15000.0,2026-09-27 17:00:00+00:00,Sun 1:00PM
195921057,"NFL $2,120 50-50",153769,Classic,2120.0,0,4,1,8000.0,2026-09-27 17:00:00+00:00,Sun 1:00PM
195921058,"NFL $2,120 50-50",153769,Classic,2120.0,0,4,1,8000.0,2026-09-27 17:00:00+00:00,Sun 1:00PM
195921055,"NFL $2,120 5-Player",153769,Classic,2120.0,0,5,1,10000.0,2026-09-27 17:00:00+00:00,Sun 1:00PM
195921056,"NFL $2,120 5-Player",153769,Classic,2120.0,0,5,1,10000.0,2026-09-27 17:00:00+00:00,Sun 1:00PM
195930651,"NFL $2,120 3-Player",153769,Classic,2120.0,0,3,1,6000.0,2026-09-27 17:00:00+00:00,Sun 1:00PM
195953471,"NFL $2,120 3-Player",153769,Classic,2120.0,0,3,1,6000.0,2026-09-27 17:00:00+00:00,Sun 1:00PM
195921025,"NFL $1,060 50-50",153769,Classic,1060.0,0,4,1,4000.0,2026-09-27 17:00:00+00:00,Sun 1:00PM
195921026,"NFL $1,060 50-50",153769,Classic,1060.0,0,4,1,4000.0,2026-09-27 17:00:00+00:00,Sun 1:00PM
195920910,"NFL $1,060 5-Player",153769,Classic,1060.0,0,5,1,5000.0,2026-09-27 17:00:00+00:00,Sun 1:00PM
195920911,"NFL $1,060 5-Player",153769,Classic,1060.0,0,5,1,5000.0,2026-09-27 17:00:00+00:00,Sun 1:00PM
195930642,"NFL $1,060 3-Player",153769,Classic,1060.0,0,3,1,3000.0,2026-09-27 17:00:00+00:00,Sun 1:00PM
195930643,"NFL $1,060 3-Player",153769,Classic,1060.0,0,3,1,3000.0,2026-09-27 17:00:00+00:00,Sun 1:00PM
195921029,NFL $530 50-50,153769,Classic,530.0,0,4,1,2000.0,2026-09-27 17:00:00+00:00,Sun 1:00PM
195921030,NFL $530 50-50,153769,Classic,530.0,0,4,1,2000.0,2026-09-27 17:00:00+00:00,Sun 1:00PM
195921047,NFL $530 50-50,153769,Classic,530.0,0,8,1,4000.0,2026-09-27 17:00:00+00:00,Sun 1:00PM
195920937,NFL $530 5-Player,153769,Classic,530.0,0,5,1,2500.0,2026-09-27 17:00:00+00:00,Sun 1:00PM
195920938,NFL $530 5-Player,153769,Classic,530.0,0,5,1,2500.0,2026-09-27 17:00:00+00:00,Sun 1:00PM
195930644,NFL $530 3-Player,153769,Classic,530.0,0,3,1,1500.0,2026-09-27 17:00:00+00:00,Sun 1:00PM
195930645,NFL $530 3-Player,153769,Classic,530.0,0,3,1,1500.0,2026-09-27 17:00:00+00:00,Sun 1:00PM
195921046,NFL $270 50-50,153769,Classic,270.0,0,8,1,2000.0,2026-09-27 17:00:00+00:00,Sun 1:00PM
195921128,NFL $270 50-50,153769,Classic,270.0,0,4,1,1000.0,2026-09-27 17:00:00+00:00,Sun 1:00PM
195921129,NFL $270 50-50,153769,Classic,270.0,0,4,1,1000.0,2026-09-27 17:00:00+00:00,Sun 1:00PM
195920998,NFL $270 10-Player,153769,Classic,270.0,0,10,1,2500.0,2026-09-27 17:00:00+00:00,Sun 1:00PM
195930646,NFL $270 3-Player,153769,Classic,270.0,0,3,1,750.0,2026-09-27 17:00:00+00:00,Sun 1:00PM
195930647,NFL $270 3-Player,153769,Classic,270.0,0,3,1,750.0,2026-09-27 17:00:00+00:00,Sun 1:00PM
195920935,NFL $270 5-Player,153769,Classic,270.0,0,5,1,1250.0,2026-09-27 17:00:00+00:00,Sun 1:00PM
195920936,NFL $270 5-Player,153769,Classic,270.0,0,5,1,1250.0,2026-09-27 17:00:00+00:00,Sun 1:00PM
195921045,NFL $162 50-50,153769,Classic,162.0,0,8,1,1200.0,2026-09-27 17:00:00+00:00,Sun 1:00PM
195920920,NFL $162 50-50,153769,Classic,162.0,0,4,1,600.0,2026-09-27 17:00:00+00:00,Sun 1:00PM
195920921,NFL $162 50-50,153769,Classic,162.0,0,4,1,600.0,2026-09-27 17:00:00+00:00,Sun 1:00PM
195920933,NFL $162 5-Player,153769,Classic,162.0,0,5,1,750.0,2026-09-27 17:00:00+00:00,Sun 1:00PM
195920934,NFL $162 5-Player,153769,Classic,162.0,0,5,1,750.0,2026-09-27 17:00:00+00:00,Sun 1:00PM
195930635,NFL $162 3-Player,153769,Classic,162.0,0,3,1,450.0,2026-09-27 17:00:00+00:00,Sun 1:00PM
195930636,NFL $162 3-Player,153769,Classic,162.0,0,3,1,450.0,2026-09-27 17:00:00+00:00,Sun 1:00PM
195930637,NFL $162 3-Player,153769,Classic,162.0,0,3,1,450.0,2026-09-27 17:00:00+00:00,Sun 1:00PM
195920952,NFL $109 50-50,153769,Classic,109.0,0,20,1,2000.0,2026-09-27 17:00:00+00:00,Sun 1:00PM
195920924,NFL $109 50-50,153769,Classic,109.0,0,10,1,1000.0,2026-09-27 17:00:00+00:00,Sun 1:00PM
195921035,NFL $109 50-50,153769,Classic,109.0,0,4,1,400.0,2026-09-27 17:00:00+00:00,Sun 1:00PM
195921036,NFL $109 50-50,153769,Classic,109.0,0,4,1,400.0,2026-09-27 17:00:00+00:00,Sun 1:00PM
195921037,NFL $109 5-Player,153769,Classic,109.0,0,5,1,500.0,2026-09-27 17:00:00+00:00,Sun 1:00PM
195921038,NFL $109 5-Player,153769,Classic,109.0,0,5,1,500.0,2026-09-27 17:00:00+00:00,Sun 1:00PM
195930648,NFL $109 3-Player,153769,Classic,109.0,0,3,1,300.0,2026-09-27 17:00:00+00:00,Sun 1:00PM
195930649,NFL $109 3-Player,153769,Classic,109.0,0,3,1,300.0,2026-09-27 17:00:00+00:00,Sun 1:00PM
195930650,NFL $109 3-Player,153769,Classic,109.0,0,3,1,300.0,2026-09-27 17:00:00+00:00,Sun 1:00PM
195920951,NFL $50 50-50,153769,Classic,50.0,0,20,1,900.0,2026-09-27 17:00:00+00:00,Sun 1:00PM
195920922,NFL $50 50-50,153769,Classic,50.0,0,10,1,450.0,2026-09-27 17:00:00+00:00,Sun 1:00PM
195920923,NFL $50 50-50,153769,Classic,50.0,0,10,1,450.0,2026-09-27 17:00:00+00:00,Sun 1:00PM
195920879,NFL $50 50-50,153769,Classic,50.0,0,4,1,180.0,2026-09-27 17:00:00+00:00,Sun 1:00PM
195920880,NFL $50 50-50,153769,Classic,50.0,0,4,1,180.0,2026-09-27 17:00:00+00:00,Sun 1:00PM
195920881,NFL $50 50-50,153769,Classic,50.0,0,4,1,180.0,2026-09-27 17:00:00+00:00,Sun 1:00PM
195921116,NFL $50 Double Up,153769,Classic,50.0,0,22,1,1000.0,2026-09-27 17:00:00+00:00,Sun 1:00PM
195921115,NFL $50 Double Up,153769,Classic,50.0,0,11,1,500.0,2026-09-27 17:00:00+00:00,Sun 1:00PM
195921001,NFL $50 20-Player,153769,Classic,50.0,0,20,1,900.0,2026-09-27 17:00:00+00:00,Sun 1:00PM
195920912,NFL $50 10-Player,153769,Classic,50.0,0,10,1,450.0,2026-09-27 17:00:00+00:00,Sun 1:00PM
195920913,NFL $50 10-Player,153769,Classic,50.0,0,10,1,450.0,2026-09-27 17:00:00+00:00,Sun 1:00PM
195920888,NFL $50 5-Player,153769,Classic,50.0,0,5,1,225.0,2026-09-27 17:00:00+00:00,Sun 1:00PM
195920889,NFL $50 5-Player,153769,Classic,50.0,0,5,1,225.0,2026-09-27 17:00:00+00:00,Sun 1:00PM
195930623,NFL $50 3-Player,153769,Classic,50.0,0,3,1,135.0,2026-09-27 17:00:00+00:00,Sun 1:00PM
195930624,NFL $50 3-Player,153769,Classic,50.0,0,3,1,135.0,2026-09-27 17:00:00+00:00,Sun 1:00PM
195930625,NFL $50 3-Player,153769,Classic,50.0,0,3,1,135.0,2026-09-27 17:00:00+00:00,Sun 1:00PM
195921114,NFL $25 Double Up,153769,Classic,25.0,0,22,1,500.0,2026-09-27 17:00:00+00:00,Sun 1:00PM
195921113,NFL $25 Double Up,153769,Classic,25.0,0,11,1,250.0,2026-09-27 17:00:00+00:00,Sun 1:00PM
195965241,NFL $20 50-50,153769,Classic,20.0,0,50,1,900.0,2026-09-27 17:00:00+00:00,Sun 1:00PM
195920949,NFL $20 50-50,153769,Classic,20.0,0,20,1,360.0,2026-09-27 17:00:00+00:00,Sun 1:00PM
195920950,NFL $20 50-50,153769,Classic,20.0,0,20,1,360.0,2026-09-27 17:00:00+00:00,Sun 1:00PM
195920870,NFL $20 50-50,153769,Classic,20.0,0,10,1,180.0,2026-09-27 17:00:00+00:00,Sun 1:00PM
195968430,NFL $20 50-50,153769,Classic,20.0,0,10,1,180.0,2026-09-27 17:00:00+00:00,Sun 1:00PM
195947091,NFL $20 100-Player,153769,Classic,20.0,0,100,1,1800.0,2026-09-27 17:00:00+00:00,Sun 1:00PM
195921004,NFL $20 40-Player,153769,Classic,20.0,0,40,1,720.0,2026-09-27 17:00:00+00:00,Sun 1:00PM
195920999,NFL $20 20-Player,153769,Classic,20.0,0,20,1,360.0,2026-09-27 17:00:00+00:00,Sun 1:00PM
195921000,NFL $20 20-Player,153769,Classic,20.0,0,20,1,360.0,2026-09-27 17:00:00+00:00,Sun 1:00PM
195920918,NFL $20 10-Player,153769,Classic,20.0,0,10,1,180.0,2026-09-27 17:00:00+00:00,Sun 1:00PM
195920919,NFL $20 10-Player,153769,Classic,20.0,0,10,1,180.0,2026-09-27 17:00:00+00:00,Sun 1:00PM
195920863,NFL $20 5-Player,153769,Classic,20.0,0,5,1,90.0,2026-09-27 17:00:00+00:00,Sun 1:00PM
195920864,NFL $20 5-Player,153769,Classic,20.0,0,5,1,90.0,2026-09-27 17:00:00+00:00,Sun 1:00PM
195920865,NFL $20 5-Player,153769,Classic,20.0,0,5,1,90.0,2026-09-27 17:00:00+00:00,Sun 1:00PM
195930632,NFL $20 3-Player,153769,Classic,20.0,0,3,1,54.0,2026-09-27 17:00:00+00:00,Sun 1:00PM
195930633,NFL $20 3-Player,153769,Classic,20.0,0,3,1,54.0,2026-09-27 17:00:00+00:00,Sun 1:00PM
195967689,NFL $20 3-Player,153769,Classic,20.0,0,3,1,54.0,2026-09-27 17:00:00+00:00,Sun 1:00PM
195965240,NFL $10 50-50,153769,Classic,10.0,0,50,1,450.0,2026-09-27 17:00:00+00:00,Sun 1:00PM
195936932,NFL $10 50-50,153769,Classic,10.0,0,20,1,180.0,2026-09-27 17:00:00+00:00,Sun 1:00PM
195936934,NFL $10 50-50,153769,Classic,10.0,0,20,1,180.0,2026-09-27 17:00:00+00:00,Sun 1:00PM
195936935,NFL $10 50-50,153769,Classic,10.0,0,10,1,90.0,2026-09-27 17:00:00+00:00,Sun 1:00PM
195947606,NFL $10 50-50,153769,Classic,10.0,0,10,1,90.0,2026-09-27 17:00:00+00:00,Sun 1:00PM
195921111,NFL $10 Double Up,153769,Classic,10.0,0,11,1,100.0,2026-09-27 17:00:00+00:00,Sun 1:00PM
195921112,NFL $10 Double Up,153769,Classic,10.0,0,11,1,100.0,2026-09-27 17:00:00+00:00,Sun 1:00PM
195970034,NFL $10 100-Player,153769,Classic,10.0,0,100,1,900.0,2026-09-27 17:00:00+00:00,Sun 1:00PM
195921003,NFL $10 40-Player,153769,Classic,10.0,0,40,1,360.0,2026-09-27 17:00:00+00:00,Sun 1:00PM
195920914,NFL $10 20-Player,153769,Classic,10.0,0,20,1,180.0,2026-09-27 17:00:00+00:00,Sun 1:00PM
195920915,NFL $10 20-Player,153769,Classic,10.0,0,20,1,180.0,2026-09-27 17:00:00+00:00,Sun 1:00PM
195920878,NFL $10 10-Player,153769,Classic,10.0,0,10,1,90.0,2026-09-27 17:00:00+00:00,Sun 1:00PM
195954071,NFL $10 10-Player,153769,Classic,10.0,0,10,1,90.0,2026-09-27 17:00:00+00:00,Sun 1:00PM
195920861,NFL $10 5-Player,153769,Classic,10.0,0,5,1,45.0,2026-09-27 17:00:00+00:00,Sun 1:00PM
195920862,NFL $10 5-Player,153769,Classic,10.0,0,5,1,45.0,2026-09-27 17:00:00+00:00,Sun 1:00PM
195957423,NFL $10 5-Player,153769,Classic,10.0,0,5,1,45.0,2026-09-27 17:00:00+00:00,Sun 1:00PM
195930630,NFL $10 3-Player,153769,Classic,10.0,0,3,1,27.0,2026-09-27 17:00:00+00:00,Sun 1:00PM
195930631,NFL $10 3-Player,153769,Classic,10.0,0,3,1,27.0,2026-09-27 17:00:00+00:00,Sun 1:00PM
195956294,NFL $10 3-Player,153769,Classic,10.0,0,3,1,27.0,2026-09-27 17:00:00+00:00,Sun 1:00PM
195946262,NFL $5 50-50,153769,Classic,5.0,0,100,1,450.0,2026-09-27 17:00:00+00:00,Sun 1:00PM
195965239,NFL $5 50-50,153769,Classic,5.0,0,50,1,225.0,2026-09-27 17:00:00+00:00,Sun 1:00PM
195920926,NFL $5 50-50,153769,Classic,5.0,0,20,1,90.0,2026-09-27 17:00:00+00:00,Sun 1:00PM
195920927,NFL $5 50-50,153769,Classic,5.0,0,20,1,90.0,2026-09-27 17:00:00+00:00,Sun 1:00PM
195969831,NFL $5 50-50,153769,Classic,5.0,0,20,1,90.0,2026-09-27 17:00:00+00:00,Sun 1:00PM
195920867,NFL $5 50-50,153769,Classic,5.0,0,10,1,45.0,2026-09-27 17:00:00+00:00,Sun 1:00PM
195920868,NFL $5 50-50,153769,Classic,5.0,0,10,1,45.0,2026-09-27 17:00:00+00:00,Sun 1:00PM
195926991,NFL $5 50-50,153769,Classic,5.0,0,10,1,45.0,2026-09-27 17:00:00+00:00,Sun 1:00PM
195956284,NFL $5 Double Up,153769,Classic,5.0,0,11,1,50.0,2026-09-27 17:00:00+00:00,Sun 1:00PM
195956285,NFL $5 Double Up,153769,Classic,5.0,0,11,1,50.0,2026-09-27 17:00:00+00:00,Sun 1:00PM
195921125,NFL $5 100-Player,153769,Classic,5.0,0,100,1,450.0,2026-09-27 17:00:00+00:00,Sun 1:00PM
195921002,NFL $5 40-Player,153769,Classic,5.0,0,40,1,180.0,2026-09-27 17:00:00+00:00,Sun 1:00PM
195920916,NFL $5 20-Player,153769,Classic,5.0,0,20,1,90.0,2026-09-27 17:00:00+00:00,Sun 1:00PM
195969522,NFL $5 20-Player,153769,Classic,5.0,0,20,1,90.0,2026-09-27 17:00:00+00:00,Sun 1:00PM
195920851,NFL $5 10-Player,153769,Classic,5.0,0,10,1,45.0,2026-09-27 17:00:00+00:00,Sun 1:00PM
195920853,NFL $5 10-Player,153769,Classic,5.0,0,10,1,45.0,2026-09-27 17:00:00+00:00,Sun 1:00PM
195972944,NFL $5 10-Player,153769,Classic,5.0,0,10,1,45.0,2026-09-27 17:00:00+00:00,Sun 1:00PM
195947234,NFL $5 5-Player,153769,Classic,5.0,0,5,1,22.5,2026-09-27 17:00:00+00:00,Sun 1:00PM
195947338,NFL $5 5-Player,153769,Classic,5.0,0,5,1,22.5,2026-09-27 17:00:00+00:00,Sun 1:00PM
195947340,NFL $5 5-Player,153769,Classic,5.0,0,5,1,22.5,2026-09-27 17:00:00+00:00,Sun 1:00PM
195947207,NFL $5 3-Player,153769,Classic,5.0,0,3,1,13.5,2026-09-27 17:00:00+00:00,Sun 1:00PM
195956293,NFL $5 3-Player,153769,Classic,5.0,0,3,1,13.5,2026-09-27 17:00:00+00:00,Sun 1:00PM
195969629,NFL $5 3-Player,153769,Classic,5.0,0,3,1,13.5,2026-09-27 17:00:00+00:00,Sun 1:00PM
195969626,NFL $5 3-Player,153769,Classic,5.0,0,3,1,13.5,2026-09-27 17:00:00+00:00,Sun 1:00PM
195969627,NFL $5 3-Player,153769,Classic,5.0,0,3,1,13.5,2026-09-27 17:00:00+00:00,Sun 1:00PM
195969628,NFL $5 3-Player,153769,Classic,5.0,0,3,1,13.5,2026-09-27 17:00:00+00:00,Sun 1:00PM
195956286,NFL $3 Double Up,153769,Classic,3.0,0,11,1,30.0,2026-09-27 17:00:00+00:00,Sun 1:00PM
195956287,NFL $3 Double Up,153769,Classic,3.0,0,11,1,30.0,2026-09-27 17:00:00+00:00,Sun 1:00PM
195947967,NFL $2 50-50,153769,Classic,2.0,0,100,1,180.0,2026-09-27 17:00:00+00:00,Sun 1:00PM
195947970,NFL $2 50-50,153769,Classic,2.0,0,50,1,90.0,2026-09-27 17:00:00+00:00,Sun 1:00PM
195947968,NFL $2 50-50,153769,Classic,2.0,0,20,1,36.0,2026-09-27 17:00:00+00:00,Sun 1:00PM
195947956,NFL $2 50-50,153769,Classic,2.0,0,20,1,36.0,2026-09-27 17:00:00+00:00,Sun 1:00PM
195947957,NFL $2 50-50,153769,Classic,2.0,0,20,1,36.0,2026-09-27 17:00:00+00:00,Sun 1:00PM
195947958,NFL $2 50-50,153769,Classic,2.0,0,20,1,36.0,2026-09-27 17:00:00+00:00,Sun 1:00PM
195947995,NFL $2 50-50,153769,Classic,2.0,0,10,1,18.0,2026-09-27 17:00:00+00:00,Sun 1:00PM
195947996,NFL $2 50-50,153769,Classic,2.0,0,10,1,18.0,2026-09-27 17:00:00+00:00,Sun 1:00PM
195947997,NFL $2 50-50,153769,Classic,2.0,0,10,1,18.0,2026-09-27 17:00:00+00:00,Sun 1:00PM
195957964,NFL $2 100-Player,153769,Classic,2.0,0,100,1,180.0,2026-09-27 17:00:00+00:00,Sun 1:00PM
195947964,NFL $2 40-Player,153769,Classic,2.0,0,40,1,72.0,2026-09-27 17:00:00+00:00,Sun 1:00PM
195957958,NFL $2 40-Player,153769,Classic,2.0,0,40,1,72.0,2026-09-27 17:00:00+00:00,Sun 1:00PM
195947959,NFL $2 20-Player,153769,Classic,2.0,0,20,1,36.0,2026-09-27 17:00:00+00:00,Sun 1:00PM
195947960,NFL $2 20-Player,153769,Classic,2.0,0,20,1,36.0,2026-09-27 17:00:00+00:00,Sun 1:00PM
195947961,NFL $2 20-Player,153769,Classic,2.0,0,20,1,36.0,2026-09-27 17:00:00+00:00,Sun 1:00PM
195965631,NFL $2 10-Player,153769,Classic,2.0,0,10,1,18.0,2026-09-27 17:00:00+00:00,Sun 1:00PM
195965632,NFL $2 10-Player,153769,Classic,2.0,0,10,1,18.0,2026-09-27 17:00:00+00:00,Sun 1:00PM
195965633,NFL $2 10-Player,153769,Classic,2.0,0,10,1,18.0,2026-09-27 17:00:00+00:00,Sun 1:00PM
195965588,NFL $2 5-Player,153769,Classic,2.0,0,5,1,9.0,2026-09-27 17:00:00+00:00,Sun 1:00PM
195965591,NFL $2 5-Player,153769,Classic,2.0,0,5,1,9.0,2026-09-27 17:00:00+00:00,Sun 1:00PM
195965592,NFL $2 5-Player,153769,Classic,2.0,0,5,1,9.0,2026-09-27 17:00:00+00:00,Sun 1:00PM
195965510,NFL $2 3-Player,153769,Classic,2.0,0,3,1,5.4,2026-09-27 17:00:00+00:00,Sun 1:00PM
195965511,NFL $2 3-Player,153769,Classic,2.0,0,3,1,5.4,2026-09-27 17:00:00+00:00,Sun 1:00PM
195973182,NFL $2 3-Player,153769,Classic,2.0,0,3,1,5.4,2026-09-27 17:00:00+00:00,Sun 1:00PM
195947966,NFL $1 50-50,153769,Classic,1.0,0,100,1,90.0,2026-09-27 17:00:00+00:00,Sun 1:00PM
195947969,NFL $1 50-50,153769,Classic,1.0,0,50,1,45.0,2026-09-27 17:00:00+00:00,Sun 1:00PM
195947983,NFL $1 50-50,153769,Classic,1.0,0,20,1,18.0,2026-09-27 17:00:00+00:00,Sun 1:00PM
195947984,NFL $1 50-50,153769,Classic,1.0,0,20,1,18.0,2026-09-27 17:00:00+00:00,Sun 1:00PM
195947985,NFL $1 50-50,153769,Classic,1.0,0,20,1,18.0,2026-09-27 17:00:00+00:00,Sun 1:00PM
195947992,NFL $1 50-50,153769,Classic,1.0,0,10,1,9.0,2026-09-27 17:00:00+00:00,Sun 1:00PM
195947994,NFL $1 50-50,153769,Classic,1.0,0,10,1,9.0,2026-09-27 17:00:00+00:00,Sun 1:00PM
195963638,NFL $1 50-50,153769,Classic,1.0,0,10,1,9.0,2026-09-27 17:00:00+00:00,Sun 1:00PM
195956288,NFL $1 Double Up,153769,Classic,1.0,0,11,1,10.0,2026-09-27 17:00:00+00:00,Sun 1:00PM
195956289,NFL $1 Double Up,153769,Classic,1.0,0,11,1,10.0,2026-09-27 17:00:00+00:00,Sun 1:00PM
195950588,NFL $1 100-Player,153769,Classic,1.0,0,100,1,90.0,2026-09-27 17:00:00+00:00,Sun 1:00PM
195947962,NFL $1 40-Player,153769,Classic,1.0,0,40,1,36.0,2026-09-27 17:00:00+00:00,Sun 1:00PM
195947963,NFL $1 40-Player,153769,Classic,1.0,0,40,1,36.0,2026-09-27 17:00:00+00:00,Sun 1:00PM
195947989,NFL $1 20-Player,153769,Classic,1.0,0,20,1,18.0,2026-09-27 17:00:00+00:00,Sun 1:00PM
195947990,NFL $1 20-Player,153769,Classic,1.0,0,20,1,18.0,2026-09-27 17:00:00+00:00,Sun 1:00PM
195947991,NFL $1 20-Player,153769,Classic,1.0,0,20,1,18.0,2026-09-27 17:00:00+00:00,Sun 1:00PM
195965624,NFL $1 10-Player,153769,Classic,1.0,0,10,1,9.0,2026-09-27 17:00:00+00:00,Sun 1:00PM
195965625,NFL $1 10-Player,153769,Classic,1.0,0,10,1,9.0,2026-09-27 17:00:00+00:00,Sun 1:00PM
195965626,NFL $1 10-Player,153769,Classic,1.0,0,10,1,9.0,2026-09-27 17:00:00+00:00,Sun 1:00PM
195965551,NFL $1 5-Player,153769,Classic,1.0,0,5,1,4.5,2026-09-27 17:00:00+00:00,Sun 1:00PM
195965562,NFL $1 5-Player,153769,Classic,1.0,0,5,1,4.5,2026-09-27 17:00:00+00:00,Sun 1:00PM
195965563,NFL $1 5-Player,153769,Classic,1.0,0,5,1,4.5,2026-09-27 17:00:00+00:00,Sun 1:00PM
195967660,NFL $1 3-Player,153769,Classic,1.0,0,3,1,2.7,2026-09-27 17:00:00+00:00,Sun 1:00PM
195967661,NFL $1 3-Player,153769,Classic,1.0,0,3,1,2.7,2026-09-27 17:00:00+00:00,Sun 1:00PM
195973180,NFL $1 3-Player,153769,Classic,1.0,0,3,1,2.7,2026-09-27 17:00:00+00:00,Sun 1:00PM
195956576,NFL Satellite to $20 NFL Fantasy Football Millionaire [Must Fill] (Early Only),153770,Classic,7.4,1,3,1,20.0,2026-09-27 17:00:00+00:00,Sun 1:00PM
195957060,NFL Satellite to MLB 9-29 $20 Postseason Opener [Must Fill] (Early Only),153770,Classic,7.4,1,3,1,20.0,2026-09-27 17:00:00+00:00,Sun 1:00PM
195957054,NFL Satellite to NBA Best Ball $20 Shootaround [Must Fill] (Early Only),153770,Classic,7.4,1,3,1,20.0,2026-09-27 17:00:00+00:00,Sun 1:00PM
195957066,NFL Satellite to NBA 10-20 $20 Opening Tip Off [Must Fill] (Early Only),153770,Classic,7.4,1,3,1,20.0,2026-09-27 17:00:00+00:00,Sun 1:00PM
195956562,NFL $50 Double Up (Early Only),153770,Classic,50.0,1,22,1,1000.0,2026-09-27 17:00:00+00:00,Sun 1:00PM
195956561,NFL $50 Double Up (Early Only),153770,Classic,50.0,1,11,1,500.0,2026-09-27 17:00:00+00:00,Sun 1:00PM
195956534,NFL $50 3-Player (Early Only),153770,Classic,50.0,1,3,1,135.0,2026-09-27 17:00:00+00:00,Sun 1:00PM
195956560,NFL $25 Double Up (Early Only),153770,Classic,25.0,1,22,1,500.0,2026-09-27 17:00:00+00:00,Sun 1:00PM
195956559,NFL $25 Double Up (Early Only),153770,Classic,25.0,1,11,1,250.0,2026-09-27 17:00:00+00:00,Sun 1:00PM
195956541,NFL $20 50-50 (Early Only),153770,Classic,20.0,1,4,1,72.0,2026-09-27 17:00:00+00:00,Sun 1:00PM
195956548,NFL $20 3-Player (Early Only),153770,Classic,20.0,1,3,1,54.0,2026-09-27 17:00:00+00:00,Sun 1:00PM
195956549,NFL $20 3-Player (Early Only),153770,Classic,20.0,1,3,1,54.0,2026-09-27 17:00:00+00:00,Sun 1:00PM
195956551,NFL $10 50-50 (Early Only),153770,Classic,10.0,1,10,1,90.0,2026-09-27 17:00:00+00:00,Sun 1:00PM
195956557,NFL $10 Double Up (Early Only),153770,Classic,10.0,1,11,1,100.0,2026-09-27 17:00:00+00:00,Sun 1:00PM
195956558,NFL $10 Double Up (Early Only),153770,Classic,10.0,1,11,1,100.0,2026-09-27 17:00:00+00:00,Sun 1:00PM
195956553,NFL $10 5-Player (Early Only),153770,Classic,10.0,1,5,1,45.0,2026-09-27 17:00:00+00:00,Sun 1:00PM
195956554,NFL $10 3-Player (Early Only),153770,Classic,10.0,2,3,1,27.0,2026-09-27 17:00:00+00:00,Sun 1:00PM
195956555,NFL $10 3-Player (Early Only),153770,Classic,10.0,1,3,1,27.0,2026-09-27 17:00:00+00:00,Sun 1:00PM
195965979,NFL $10 3-Player (Early Only),153770,Classic,10.0,1,3,1,27.0,2026-09-27 17:00:00+00:00,Sun 1:00PM
195965980,NFL $10 3-Player (Early Only),153770,Classic,10.0,1,3,1,27.0,2026-09-27 17:00:00+00:00,Sun 1:00PM
195956502,NFL $5 50-50 (Early Only),153770,Classic,5.0,1,10,1,45.0,2026-09-27 17:00:00+00:00,Sun 1:00PM
195956563,NFL $5 Double Up (Early Only),153770,Classic,5.0,1,11,1,50.0,2026-09-27 17:00:00+00:00,Sun 1:00PM
195956564,NFL $5 Double Up (Early Only),153770,Classic,5.0,1,11,1,50.0,2026-09-27 17:00:00+00:00,Sun 1:00PM
195956508,NFL $5 10-Player (Early Only),153770,Classic,5.0,1,10,1,45.0,2026-09-27 17:00:00+00:00,Sun 1:00PM
195965715,NFL $5 10-Player (Early Only),153770,Classic,5.0,1,10,1,45.0,2026-09-27 17:00:00+00:00,Sun 1:00PM
195956512,NFL $5 5-Player (Early Only),153770,Classic,5.0,1,5,1,22.5,2026-09-27 17:00:00+00:00,Sun 1:00PM
195956513,NFL $5 5-Player (Early Only),153770,Classic,5.0,1,5,1,22.5,2026-09-27 17:00:00+00:00,Sun 1:00PM
195956514,NFL $5 3-Player (Early Only),153770,Classic,5.0,2,3,1,13.5,2026-09-27 17:00:00+00:00,Sun 1:00PM
195956515,NFL $5 3-Player (Early Only),153770,Classic,5.0,1,3,1,13.5,2026-09-27 17:00:00+00:00,Sun 1:00PM
195959424,NFL $5 3-Player (Early Only),153770,Classic,5.0,1,3,1,13.5,2026-09-27 17:00:00+00:00,Sun 1:00PM
195956528,NFL $2 3-Player (Early Only),153770,Classic,2.0,1,3,1,5.4,2026-09-27 17:00:00+00:00,Sun 1:00PM
195956529,NFL $2 3-Player (Early Only),153770,Classic,2.0,1,3,1,5.4,2026-09-27 17:00:00+00:00,Sun 1:00PM
195956532,NFL $1 50-50 (Early Only),153770,Classic,1.0,1,10,1,9.0,2026-09-27 17:00:00+00:00,Sun 1:00PM
195958101,NFL $1 15-Player (Top 3 Win) (Early Only),153770,Classic,1.0,1,15,1,13.5,2026-09-27 17:00:00+00:00,Sun 1:00PM
195964654,NFL $1 15-Player (Winner Takes All) (Early Only),153770,Classic,1.0,1,15,1,13.5,2026-09-27 17:00:00+00:00,Sun 1:00PM
195956538,NFL $1 5-Player (Early Only),153770,Classic,1.0,1,5,1,4.5,2026-09-27 17:00:00+00:00,Sun 1:00PM
195974437,NFL $1 200-Player (Top 20 Win) (Early Only),153770,Classic,1.0,1,200,1,180.0,2026-09-27 17:00:00+00:00,Sun 1:00PM
195963827,NFL $3 6-Player (Top 2 Win) (Early Only),153770,Classic,3.0,2,6,1,16.2,2026-09-27 17:00:00+00:00,Sun 1:00PM
195957051,LAST SHOT: NFL Satellite to NHL 9-29 $15 Opening Night Puck Drop [Must Fill] (Early Only),153770,Classic,5.55,0,3,1,15.0,2026-09-27 17:00:00+00:00,Sun 1:00PM
195956469,Beginner NFL $50 50-50 (Early Only),153770,Classic,50.0,0,4,1,180.0,2026-09-27 17:00:00+00:00,Sun 1:00PM
195956478,Beginner NFL $50 3-Player (Early Only),153770,Classic,50.0,0,3,1,135.0,2026-09-27 17:00:00+00:00,Sun 1:00PM
195956470,Beginner NFL $20 50-50 (Early Only),153770,Classic,20.0,0,4,1,72.0,2026-09-27 17:00:00+00:00,Sun 1:00PM
195956479,Beginner NFL $20 3-Player (Early Only),153770,Classic,20.0,0,3,1,54.0,2026-09-27 17:00:00+00:00,Sun 1:00PM
195956472,Beginner NFL $10 50-50 (Early Only),153770,Classic,10.0,0,10,1,90.0,2026-09-27 17:00:00+00:00,Sun 1:00PM
195956471,Beginner NFL $10 50-50 (Early Only),153770,Classic,10.0,0,4,1,36.0,2026-09-27 17:00:00+00:00,Sun 1:00PM
195956480,Beginner NFL $10 5-Player (Early Only),153770,Classic,10.0,0,5,1,45.0,2026-09-27 17:00:00+00:00,Sun 1:00PM
195956481,Beginner NFL $10 3-Player (Early Only),153770,Classic,10.0,0,3,1,27.0,2026-09-27 17:00:00+00:00,Sun 1:00PM
195956473,Beginner NFL $5 50-50 (Early Only),153770,Classic,5.0,0,10,1,45.0,2026-09-27 17:00:00+00:00,Sun 1:00PM
195956474,Beginner NFL $5 50-50 (Early Only),153770,Classic,5.0,0,4,1,18.0,2026-09-27 17:00:00+00:00,Sun 1:00PM
195956482,Beginner NFL $5 5-Player (Early Only),153770,Classic,5.0,0,5,1,22.5,2026-09-27 17:00:00+00:00,Sun 1:00PM
195956483,Beginner NFL $5 3-Player (Early Only),153770,Classic,5.0,0,3,1,13.5,2026-09-27 17:00:00+00:00,Sun 1:00PM
195956475,Beginner NFL $3 50-50 (Early Only),153770,Classic,3.0,0,10,1,27.0,2026-09-27 17:00:00+00:00,Sun 1:00PM
195956476,Beginner NFL $3 50-50 (Early Only),153770,Classic,3.0,0,4,1,10.8,2026-09-27 17:00:00+00:00,Sun 1:00PM
195956484,Beginner NFL $2 5-Player (Early Only),153770,Classic,2.0,0,5,1,9.0,2026-09-27 17:00:00+00:00,Sun 1:00PM
195956485,Beginner NFL $2 3-Player (Early Only),153770,Classic,2.0,0,3,1,5.4,2026-09-27 17:00:00+00:00,Sun 1:00PM
195956477,Beginner NFL $1 50-50 (Early Only),153770,Classic,1.0,0,10,1,9.0,2026-09-27 17:00:00+00:00,Sun 1:00PM
195956486,Beginner NFL $1 5-Player (Early Only),153770,Classic,1.0,0,5,1,4.5,2026-09-27 17:00:00+00:00,Sun 1:00PM
195956487,Beginner NFL $1 3-Player (Early Only),153770,Classic,1.0,0,3,1,2.7,2026-09-27 17:00:00+00:00,Sun 1:00PM
195956488,"NFL $10,600 3-Player (Early Only)",153770,Classic,10600.0,0,3,1,30000.0,2026-09-27 17:00:00+00:00,Sun 1:00PM
195956489,"NFL $10,600 3-Player (Early Only)",153770,Classic,10600.0,0,3,1,30000.0,2026-09-27 17:00:00+00:00,Sun 1:00PM
195956492,"NFL $5,300 50-50 (Early Only)",153770,Classic,5300.0,0,4,1,20000.0,2026-09-27 17:00:00+00:00,Sun 1:00PM
195956493,"NFL $5,300 50-50 (Early Only)",153770,Classic,5300.0,0,4,1,20000.0,2026-09-27 17:00:00+00:00,Sun 1:00PM
195956490,"NFL $5,300 3-Player (Early Only)",153770,Classic,5300.0,0,3,1,15000.0,2026-09-27 17:00:00+00:00,Sun 1:00PM
195956491,"NFL $5,300 3-Player (Early Only)",153770,Classic,5300.0,0,3,1,15000.0,2026-09-27 17:00:00+00:00,Sun 1:00PM
195956494,"NFL $1,060 50-50 (Early Only)",153770,Classic,1060.0,0,4,1,4000.0,2026-09-27 17:00:00+00:00,Sun 1:00PM
195956495,"NFL $1,060 50-50 (Early Only)",153770,Classic,1060.0,0,4,1,4000.0,2026-09-27 17:00:00+00:00,Sun 1:00PM
195956496,"NFL $1,060 3-Player (Early Only)",153770,Classic,1060.0,0,3,1,3000.0,2026-09-27 17:00:00+00:00,Sun 1:00PM
195956497,"NFL $1,060 3-Player (Early Only)",153770,Classic,1060.0,0,3,1,3000.0,2026-09-27 17:00:00+00:00,Sun 1:00PM
195956498,NFL $530 50-50 (Early Only),153770,Classic,530.0,0,4,1,2000.0,2026-09-27 17:00:00+00:00,Sun 1:00PM
195956499,NFL $530 50-50 (Early Only),153770,Classic,530.0,0,4,1,2000.0,2026-09-27 17:00:00+00:00,Sun 1:00PM
195956500,NFL $530 3-Player (Early Only),153770,Classic,530.0,0,3,1,1500.0,2026-09-27 17:00:00+00:00,Sun 1:00PM
195956501,NFL $530 3-Player (Early Only),153770,Classic,530.0,0,3,1,1500.0,2026-09-27 17:00:00+00:00,Sun 1:00PM
195956556,NFL $270 50-50 (Early Only),153770,Classic,270.0,0,4,1,1000.0,2026-09-27 17:00:00+00:00,Sun 1:00PM
195956567,NFL $270 50-50 (Early Only),153770,Classic,270.0,0,4,1,1000.0,2026-09-27 17:00:00+00:00,Sun 1:00PM
195956568,NFL $270 50-50 (Early Only),153770,Classic,270.0,0,4,1,1000.0,2026-09-27 17:00:00+00:00,Sun 1:00PM
195956506,NFL $270 3-Player (Early Only),153770,Classic,270.0,0,3,1,750.0,2026-09-27 17:00:00+00:00,Sun 1:00PM
195956507,NFL $270 3-Player (Early Only),153770,Classic,270.0,0,3,1,750.0,2026-09-27 17:00:00+00:00,Sun 1:00PM
195956511,NFL $109 50-50 (Early Only),153770,Classic,109.0,0,6,1,600.0,2026-09-27 17:00:00+00:00,Sun 1:00PM
195956509,NFL $109 50-50 (Early Only),153770,Classic,109.0,0,4,1,400.0,2026-09-27 17:00:00+00:00,Sun 1:00PM
195956510,NFL $109 50-50 (Early Only),153770,Classic,109.0,0,4,1,400.0,2026-09-27 17:00:00+00:00,Sun 1:00PM
195956468,NFL $109 5-Player (Early Only),153770,Classic,109.0,0,5,1,500.0,2026-09-27 17:00:00+00:00,Sun 1:00PM
195956518,NFL $109 3-Player (Early Only),153770,Classic,109.0,0,3,1,300.0,2026-09-27 17:00:00+00:00,Sun 1:00PM
195956519,NFL $109 3-Player (Early Only),153770,Classic,109.0,0,3,1,300.0,2026-09-27 17:00:00+00:00,Sun 1:00PM
195956520,NFL $109 3-Player (Early Only),153770,Classic,109.0,0,3,1,300.0,2026-09-27 17:00:00+00:00,Sun 1:00PM
195956527,NFL $50 50-50 (Early Only),153770,Classic,50.0,0,8,1,360.0,2026-09-27 17:00:00+00:00,Sun 1:00PM
195956524,NFL $50 50-50 (Early Only),153770,Classic,50.0,0,4,1,180.0,2026-09-27 17:00:00+00:00,Sun 1:00PM
195963202,NFL $50 Double Up (Early Only),153770,Classic,50.0,0,22,1,1000.0,2026-09-27 17:00:00+00:00,Sun 1:00PM
195963201,NFL $50 Double Up (Early Only),153770,Classic,50.0,0,11,1,500.0,2026-09-27 17:00:00+00:00,Sun 1:00PM
195956531,NFL $50 5-Player (Early Only),153770,Classic,50.0,0,5,1,225.0,2026-09-27 17:00:00+00:00,Sun 1:00PM
195965976,NFL $50 3-Player (Early Only),153770,Classic,50.0,0,3,1,135.0,2026-09-27 17:00:00+00:00,Sun 1:00PM
195963200,NFL $25 Double Up (Early Only),153770,Classic,25.0,0,22,1,500.0,2026-09-27 17:00:00+00:00,Sun 1:00PM
195963199,NFL $25 Double Up (Early Only),153770,Classic,25.0,0,11,1,250.0,2026-09-27 17:00:00+00:00,Sun 1:00PM
195956545,NFL $20 50-50 (Early Only),153770,Classic,20.0,0,10,1,180.0,2026-09-27 17:00:00+00:00,Sun 1:00PM
195964758,NFL $20 50-50 (Early Only),153770,Classic,20.0,0,4,1,72.0,2026-09-27 17:00:00+00:00,Sun 1:00PM
195956546,NFL $20 10-Player (Early Only),153770,Classic,20.0,0,10,1,180.0,2026-09-27 17:00:00+00:00,Sun 1:00PM
195956547,NFL $20 5-Player (Early Only),153770,Classic,20.0,0,5,1,90.0,2026-09-27 17:00:00+00:00,Sun 1:00PM
195965977,NFL $20 3-Player (Early Only),153770,Classic,20.0,0,3,1,54.0,2026-09-27 17:00:00+00:00,Sun 1:00PM
195965978,NFL $20 3-Player (Early Only),153770,Classic,20.0,0,3,1,54.0,2026-09-27 17:00:00+00:00,Sun 1:00PM
195965934,NFL $10 50-50 (Early Only),153770,Classic,10.0,0,10,1,90.0,2026-09-27 17:00:00+00:00,Sun 1:00PM
195956550,NFL $10 50-50 (Early Only),153770,Classic,10.0,0,4,1,36.0,2026-09-27 17:00:00+00:00,Sun 1:00PM
195963197,NFL $10 Double Up (Early Only),153770,Classic,10.0,0,11,1,100.0,2026-09-27 17:00:00+00:00,Sun 1:00PM
195963198,NFL $10 Double Up (Early Only),153770,Classic,10.0,0,11,1,100.0,2026-09-27 17:00:00+00:00,Sun 1:00PM
195956552,NFL $10 10-Player (Early Only),153770,Classic,10.0,0,10,1,90.0,2026-09-27 17:00:00+00:00,Sun 1:00PM
195965712,NFL $10 5-Player (Early Only),153770,Classic,10.0,0,5,1,45.0,2026-09-27 17:00:00+00:00,Sun 1:00PM
195971688,NFL $10 3-Player (Early Only),153770,Classic,10.0,0,3,1,27.0,2026-09-27 17:00:00+00:00,Sun 1:00PM
195971689,NFL $10 3-Player (Early Only),153770,Classic,10.0,0,3,1,27.0,2026-09-27 17:00:00+00:00,Sun 1:00PM
195965969,NFL $5 50-50 (Early Only),153770,Classic,5.0,0,10,1,45.0,2026-09-27 17:00:00+00:00,Sun 1:00PM
195956503,NFL $5 50-50 (Early Only),153770,Classic,5.0,0,4,1,18.0,2026-09-27 17:00:00+00:00,Sun 1:00PM
195956504,NFL $5 50-50 (Early Only),153770,Classic,5.0,0,4,1,18.0,2026-09-27 17:00:00+00:00,Sun 1:00PM
195963203,NFL $5 Double Up (Early Only),153770,Classic,5.0,0,11,1,50.0,2026-09-27 17:00:00+00:00,Sun 1:00PM
195963204,NFL $5 Double Up (Early Only),153770,Classic,5.0,0,11,1,50.0,2026-09-27 17:00:00+00:00,Sun 1:00PM
195956505,NFL $5 20-Player (Early Only),153770,Classic,5.0,0,20,1,90.0,2026-09-27 17:00:00+00:00,Sun 1:00PM
195965971,NFL $5 10-Player (Early Only),153770,Classic,5.0,0,10,1,45.0,2026-09-27 17:00:00+00:00,Sun 1:00PM
195971684,NFL $5 5-Player (Early Only),153770,Classic,5.0,0,5,1,22.5,2026-09-27 17:00:00+00:00,Sun 1:00PM
195971685,NFL $5 5-Player (Early Only),153770,Classic,5.0,0,5,1,22.5,2026-09-27 17:00:00+00:00,Sun 1:00PM
195971686,NFL $5 3-Player (Early Only),153770,Classic,5.0,0,3,1,13.5,2026-09-27 17:00:00+00:00,Sun 1:00PM
195971687,NFL $5 3-Player (Early Only),153770,Classic,5.0,0,3,1,13.5,2026-09-27 17:00:00+00:00,Sun 1:00PM
195956565,NFL $3 Double Up (Early Only),153770,Classic,3.0,0,11,1,30.0,2026-09-27 17:00:00+00:00,Sun 1:00PM
195956566,NFL $3 Double Up (Early Only),153770,Classic,3.0,0,11,1,30.0,2026-09-27 17:00:00+00:00,Sun 1:00PM
195956516,NFL $2 50-50 (Early Only),153770,Classic,2.0,0,20,1,36.0,2026-09-27 17:00:00+00:00,Sun 1:00PM
195956517,NFL $2 50-50 (Early Only),153770,Classic,2.0,0,10,1,18.0,2026-09-27 17:00:00+00:00,Sun 1:00PM
195956521,NFL $2 20-Player (Early Only),153770,Classic,2.0,0,20,1,36.0,2026-09-27 17:00:00+00:00,Sun 1:00PM
195956522,NFL $2 10-Player (Early Only),153770,Classic,2.0,0,10,1,18.0,2026-09-27 17:00:00+00:00,Sun 1:00PM
195956523,NFL $2 10-Player (Early Only),153770,Classic,2.0,0,10,1,18.0,2026-09-27 17:00:00+00:00,Sun 1:00PM
195956525,NFL $2 5-Player (Early Only),153770,Classic,2.0,0,5,1,9.0,2026-09-27 17:00:00+00:00,Sun 1:00PM
195956526,NFL $2 5-Player (Early Only),153770,Classic,2.0,0,5,1,9.0,2026-09-27 17:00:00+00:00,Sun 1:00PM
195965975,NFL $2 3-Player (Early Only),153770,Classic,2.0,0,3,1,5.4,2026-09-27 17:00:00+00:00,Sun 1:00PM
195972897,NFL $2 3-Player (Early Only),153770,Classic,2.0,0,3,1,5.4,2026-09-27 17:00:00+00:00,Sun 1:00PM
195956530,NFL $1 50-50 (Early Only),153770,Classic,1.0,0,20,1,18.0,2026-09-27 17:00:00+00:00,Sun 1:00PM
195956533,NFL $1 50-50 (Early Only),153770,Classic,1.0,0,10,1,9.0,2026-09-27 17:00:00+00:00,Sun 1:00PM
195967313,NFL $1 50-50 (Early Only),153770,Classic,1.0,0,10,1,9.0,2026-09-27 17:00:00+00:00,Sun 1:00PM
195956535,NFL $1 20-Player (Early Only),153770,Classic,1.0,0,20,1,18.0,2026-09-27 17:00:00+00:00,Sun 1:00PM
195956536,NFL $1 10-Player (Early Only),153770,Classic,1.0,0,10,1,9.0,2026-09-27 17:00:00+00:00,Sun 1:00PM
195956537,NFL $1 10-Player (Early Only),153770,Classic,1.0,0,10,1,9.0,2026-09-27 17:00:00+00:00,Sun 1:00PM
195956539,NFL $1 5-Player (Early Only),153770,Classic,1.0,0,5,1,4.5,2026-09-27 17:00:00+00:00,Sun 1:00PM
195956540,NFL $1 5-Player (Early Only),153770,Classic,1.0,0,5,1,4.5,2026-09-27 17:00:00+00:00,Sun 1:00PM
195972855,NFL $1 5-Player (Early Only),153770,Classic,1.0,0,5,1,4.5,2026-09-27 17:00:00+00:00,Sun 1:00PM
195956543,NFL $1 3-Player (Early Only),153770,Classic,1.0,0,3,1,2.7,2026-09-27 17:00:00+00:00,Sun 1:00PM
195956544,NFL $1 3-Player (Early Only),153770,Classic,1.0,0,3,1,2.7,2026-09-27 17:00:00+00:00,Sun 1:00PM
195959540,NFL $1 3-Player (Early Only),153770,Classic,1.0,0,3,1,2.7,2026-09-27 17:00:00+00:00,Sun 1:00PM
195956680,NFL Tiers Satellite to $20 NFL Fantasy Football Millionaire [Must Fill],153803,Tiers,7.4,1,3,1,20.0,2026-09-27 17:00:00+00:00,Sun 1:00PM
195956585,Beginner NFL Tiers $20 50-50,153803,Tiers,20.0,1,4,1,72.0,2026-09-27 17:00:00+00:00,Sun 1:00PM
195956660,NFL Tiers $50 Double Up,153803,Tiers,50.0,1,22,1,1000.0,2026-09-27 17:00:00+00:00,Sun 1:00PM
195956659,NFL Tiers $50 Double Up,153803,Tiers,50.0,1,11,1,500.0,2026-09-27 17:00:00+00:00,Sun 1:00PM
195956650,NFL Tiers $10 50-50,153803,Tiers,10.0,1,4,1,36.0,2026-09-27 17:00:00+00:00,Sun 1:00PM
195956652,NFL Tiers $10 5-Player,153803,Tiers,10.0,1,5,1,45.0,2026-09-27 17:00:00+00:00,Sun 1:00PM
195956653,NFL Tiers $10 3-Player,153803,Tiers,10.0,1,3,1,27.0,2026-09-27 17:00:00+00:00,Sun 1:00PM
195956654,NFL Tiers $10 3-Player,153803,Tiers,10.0,1,3,1,27.0,2026-09-27 17:00:00+00:00,Sun 1:00PM
195956669,NFL Tiers $5 5-Player,153803,Tiers,5.0,1,5,1,22.5,2026-09-27 17:00:00+00:00,Sun 1:00PM
195956670,NFL Tiers $5 5-Player,153803,Tiers,5.0,1,5,1,22.5,2026-09-27 17:00:00+00:00,Sun 1:00PM
195956671,NFL Tiers $5 3-Player,153803,Tiers,5.0,1,3,1,13.5,2026-09-27 17:00:00+00:00,Sun 1:00PM
195956672,NFL Tiers $5 3-Player,153803,Tiers,5.0,1,3,1,13.5,2026-09-27 17:00:00+00:00,Sun 1:00PM
195956639,NFL Tiers $1 5-Player,153803,Tiers,1.0,1,5,1,4.5,2026-09-27 17:00:00+00:00,Sun 1:00PM
195956584,Beginner NFL Tiers $50 50-50,153803,Tiers,50.0,0,4,1,180.0,2026-09-27 17:00:00+00:00,Sun 1:00PM
195956589,Beginner NFL Tiers $50 3-Player,153803,Tiers,50.0,0,3,1,135.0,2026-09-27 17:00:00+00:00,Sun 1:00PM
195964980,Beginner NFL Tiers $20 50-50,153803,Tiers,20.0,0,4,1,72.0,2026-09-27 17:00:00+00:00,Sun 1:00PM
195956590,Beginner NFL Tiers $20 3-Player,153803,Tiers,20.0,0,3,1,54.0,2026-09-27 17:00:00+00:00,Sun 1:00PM
195956586,Beginner NFL Tiers $10 50-50,153803,Tiers,10.0,0,4,1,36.0,2026-09-27 17:00:00+00:00,Sun 1:00PM
195956591,Beginner NFL Tiers $10 3-Player,153803,Tiers,10.0,0,3,1,27.0,2026-09-27 17:00:00+00:00,Sun 1:00PM
195956587,Beginner NFL Tiers $5 50-50,153803,Tiers,5.0,0,4,1,18.0,2026-09-27 17:00:00+00:00,Sun 1:00PM
195956592,Beginner NFL Tiers $5 3-Player,153803,Tiers,5.0,0,3,1,13.5,2026-09-27 17:00:00+00:00,Sun 1:00PM
195956588,Beginner NFL Tiers $3 50-50,153803,Tiers,3.0,0,4,1,10.8,2026-09-27 17:00:00+00:00,Sun 1:00PM
195956593,Beginner NFL Tiers $2 3-Player,153803,Tiers,2.0,0,3,1,5.4,2026-09-27 17:00:00+00:00,Sun 1:00PM
195956673,Beginner NFL Tiers $1 50-50,153803,Tiers,1.0,0,4,1,3.6,2026-09-27 17:00:00+00:00,Sun 1:00PM
195956594,Beginner NFL Tiers $1 3-Player,153803,Tiers,1.0,0,3,1,2.7,2026-09-27 17:00:00+00:00,Sun 1:00PM
195956595,"NFL Tiers $10,600 3-Player",153803,Tiers,10600.0,0,3,1,30000.0,2026-09-27 17:00:00+00:00,Sun 1:00PM
195956596,"NFL Tiers $10,600 3-Player",153803,Tiers,10600.0,0,3,1,30000.0,2026-09-27 17:00:00+00:00,Sun 1:00PM
195956599,"NFL Tiers $5,300 50-50",153803,Tiers,5300.0,0,4,1,20000.0,2026-09-27 17:00:00+00:00,Sun 1:00PM
195956600,"NFL Tiers $5,300 50-50",153803,Tiers,5300.0,0,4,1,20000.0,2026-09-27 17:00:00+00:00,Sun 1:00PM
195956597,"NFL Tiers $5,300 3-Player",153803,Tiers,5300.0,0,3,1,15000.0,2026-09-27 17:00:00+00:00,Sun 1:00PM
195956598,"NFL Tiers $5,300 3-Player",153803,Tiers,5300.0,0,3,1,15000.0,2026-09-27 17:00:00+00:00,Sun 1:00PM
195956601,"NFL Tiers $1,060 50-50",153803,Tiers,1060.0,0,4,1,4000.0,2026-09-27 17:00:00+00:00,Sun 1:00PM
195956602,"NFL Tiers $1,060 50-50",153803,Tiers,1060.0,0,4,1,4000.0,2026-09-27 17:00:00+00:00,Sun 1:00PM
195956603,"NFL Tiers $1,060 3-Player",153803,Tiers,1060.0,0,3,1,3000.0,2026-09-27 17:00:00+00:00,Sun 1:00PM
195956604,"NFL Tiers $1,060 3-Player",153803,Tiers,1060.0,0,3,1,3000.0,2026-09-27 17:00:00+00:00,Sun 1:00PM
195956605,NFL Tiers $530 50-50,153803,Tiers,530.0,0,4,1,2000.0,2026-09-27 17:00:00+00:00,Sun 1:00PM
195956606,NFL Tiers $530 50-50,153803,Tiers,530.0,0,4,1,2000.0,2026-09-27 17:00:00+00:00,Sun 1:00PM
195956607,NFL Tiers $530 3-Player,153803,Tiers,530.0,0,3,1,1500.0,2026-09-27 17:00:00+00:00,Sun 1:00PM
195956608,NFL Tiers $530 3-Player,153803,Tiers,530.0,0,3,1,1500.0,2026-09-27 17:00:00+00:00,Sun 1:00PM
195956667,NFL Tiers $270 50-50,153803,Tiers,270.0,0,4,1,1000.0,2026-09-27 17:00:00+00:00,Sun 1:00PM
195956668,NFL Tiers $270 50-50,153803,Tiers,270.0,0,4,1,1000.0,2026-09-27 17:00:00+00:00,Sun 1:00PM
195956613,NFL Tiers $270 3-Player,153803,Tiers,270.0,0,3,1,750.0,2026-09-27 17:00:00+00:00,Sun 1:00PM
195956614,NFL Tiers $270 3-Player,153803,Tiers,270.0,0,3,1,750.0,2026-09-27 17:00:00+00:00,Sun 1:00PM
195956616,NFL Tiers $109 50-50,153803,Tiers,109.0,0,4,1,400.0,2026-09-27 17:00:00+00:00,Sun 1:00PM
195956617,NFL Tiers $109 50-50,153803,Tiers,109.0,0,4,1,400.0,2026-09-27 17:00:00+00:00,Sun 1:00PM
195956620,NFL Tiers $109 3-Player,153803,Tiers,109.0,0,3,1,300.0,2026-09-27 17:00:00+00:00,Sun 1:00PM
195956621,NFL Tiers $109 3-Player,153803,Tiers,109.0,0,3,1,300.0,2026-09-27 17:00:00+00:00,Sun 1:00PM
195956622,NFL Tiers $109 3-Player,153803,Tiers,109.0,0,3,1,300.0,2026-09-27 17:00:00+00:00,Sun 1:00PM
195956629,NFL Tiers $50 50-50,153803,Tiers,50.0,0,8,1,360.0,2026-09-27 17:00:00+00:00,Sun 1:00PM
195956626,NFL Tiers $50 50-50,153803,Tiers,50.0,0,4,1,180.0,2026-09-27 17:00:00+00:00,Sun 1:00PM
195967879,NFL Tiers $50 50-50,153803,Tiers,50.0,0,4,1,180.0,2026-09-27 17:00:00+00:00,Sun 1:00PM
195967881,NFL Tiers $50 Double Up,153803,Tiers,50.0,0,22,1,1000.0,2026-09-27 17:00:00+00:00,Sun 1:00PM
195967896,NFL Tiers $50 Double Up,153803,Tiers,50.0,0,11,1,500.0,2026-09-27 17:00:00+00:00,Sun 1:00PM
195956635,NFL Tiers $50 3-Player,153803,Tiers,50.0,0,3,1,135.0,2026-09-27 17:00:00+00:00,Sun 1:00PM
195956658,NFL Tiers $25 Double Up,153803,Tiers,25.0,0,22,1,500.0,2026-09-27 17:00:00+00:00,Sun 1:00PM
195956657,NFL Tiers $25 Double Up,153803,Tiers,25.0,0,11,1,250.0,2026-09-27 17:00:00+00:00,Sun 1:00PM
195956646,NFL Tiers $20 50-50,153803,Tiers,20.0,0,10,1,180.0,2026-09-27 17:00:00+00:00,Sun 1:00PM
195956642,NFL Tiers $20 50-50,153803,Tiers,20.0,0,4,1,72.0,2026-09-27 17:00:00+00:00,Sun 1:00PM
195956647,NFL Tiers $20 5-Player,153803,Tiers,20.0,0,5,1,90.0,2026-09-27 17:00:00+00:00,Sun 1:00PM
195956648,NFL Tiers $20 3-Player,153803,Tiers,20.0,0,3,1,54.0,2026-09-27 17:00:00+00:00,Sun 1:00PM
195956649,NFL Tiers $20 3-Player,153803,Tiers,20.0,0,3,1,54.0,2026-09-27 17:00:00+00:00,Sun 1:00PM
195956651,NFL Tiers $10 50-50,153803,Tiers,10.0,0,10,1,90.0,2026-09-27 17:00:00+00:00,Sun 1:00PM
195974378,NFL Tiers $10 50-50,153803,Tiers,10.0,0,4,1,36.0,2026-09-27 17:00:00+00:00,Sun 1:00PM
195956655,NFL Tiers $10 Double Up,153803,Tiers,10.0,0,11,1,100.0,2026-09-27 17:00:00+00:00,Sun 1:00PM
195956656,NFL Tiers $10 Double Up,153803,Tiers,10.0,0,11,1,100.0,2026-09-27 17:00:00+00:00,Sun 1:00PM
195971425,NFL Tiers $10 5-Player,153803,Tiers,10.0,0,5,1,45.0,2026-09-27 17:00:00+00:00,Sun 1:00PM
195971426,NFL Tiers $10 3-Player,153803,Tiers,10.0,0,3,1,27.0,2026-09-27 17:00:00+00:00,Sun 1:00PM
195971427,NFL Tiers $10 3-Player,153803,Tiers,10.0,0,3,1,27.0,2026-09-27 17:00:00+00:00,Sun 1:00PM
195956609,NFL Tiers $5 50-50,153803,Tiers,5.0,0,10,1,45.0,2026-09-27 17:00:00+00:00,Sun 1:00PM
195956610,NFL Tiers $5 50-50,153803,Tiers,5.0,0,4,1,18.0,2026-09-27 17:00:00+00:00,Sun 1:00PM
195956611,NFL Tiers $5 50-50,153803,Tiers,5.0,0,4,1,18.0,2026-09-27 17:00:00+00:00,Sun 1:00PM
195956661,NFL Tiers $5 Double Up,153803,Tiers,5.0,0,11,1,50.0,2026-09-27 17:00:00+00:00,Sun 1:00PM
195956662,NFL Tiers $5 Double Up,153803,Tiers,5.0,0,11,1,50.0,2026-09-27 17:00:00+00:00,Sun 1:00PM
195956612,NFL Tiers $5 20-Player,153803,Tiers,5.0,0,20,1,90.0,2026-09-27 17:00:00+00:00,Sun 1:00PM
195956615,NFL Tiers $5 10-Player,153803,Tiers,5.0,0,10,1,45.0,2026-09-27 17:00:00+00:00,Sun 1:00PM
195971428,NFL Tiers $5 5-Player,153803,Tiers,5.0,0,5,1,22.5,2026-09-27 17:00:00+00:00,Sun 1:00PM
195971429,NFL Tiers $5 5-Player,153803,Tiers,5.0,0,5,1,22.5,2026-09-27 17:00:00+00:00,Sun 1:00PM
195971430,NFL Tiers $5 3-Player,153803,Tiers,5.0,0,3,1,13.5,2026-09-27 17:00:00+00:00,Sun 1:00PM
195971431,NFL Tiers $5 3-Player,153803,Tiers,5.0,0,3,1,13.5,2026-09-27 17:00:00+00:00,Sun 1:00PM
195956663,NFL Tiers $3 Double Up,153803,Tiers,3.0,0,11,1,30.0,2026-09-27 17:00:00+00:00,Sun 1:00PM
195956664,NFL Tiers $3 Double Up,153803,Tiers,3.0,0,11,1,30.0,2026-09-27 17:00:00+00:00,Sun 1:00PM
195956618,NFL Tiers $2 50-50,153803,Tiers,2.0,0,20,1,36.0,2026-09-27 17:00:00+00:00,Sun 1:00PM
195956619,NFL Tiers $2 50-50,153803,Tiers,2.0,0,10,1,18.0,2026-09-27 17:00:00+00:00,Sun 1:00PM
195956623,NFL Tiers $2 20-Player,153803,Tiers,2.0,0,20,1,36.0,2026-09-27 17:00:00+00:00,Sun 1:00PM
195956624,NFL Tiers $2 10-Player,153803,Tiers,2.0,0,10,1,18.0,2026-09-27 17:00:00+00:00,Sun 1:00PM
195956625,NFL Tiers $2 10-Player,153803,Tiers,2.0,0,10,1,18.0,2026-09-27 17:00:00+00:00,Sun 1:00PM
195956627,NFL Tiers $2 5-Player,153803,Tiers,2.0,0,5,1,9.0,2026-09-27 17:00:00+00:00,Sun 1:00PM
195956628,NFL Tiers $2 5-Player,153803,Tiers,2.0,0,5,1,9.0,2026-09-27 17:00:00+00:00,Sun 1:00PM
195956630,NFL Tiers $2 3-Player,153803,Tiers,2.0,0,3,1,5.4,2026-09-27 17:00:00+00:00,Sun 1:00PM
195956631,NFL Tiers $2 3-Player,153803,Tiers,2.0,0,3,1,5.4,2026-09-27 17:00:00+00:00,Sun 1:00PM
195956632,NFL Tiers $1 50-50,153803,Tiers,1.0,0,20,1,18.0,2026-09-27 17:00:00+00:00,Sun 1:00PM
195956633,NFL Tiers $1 50-50,153803,Tiers,1.0,0,10,1,9.0,2026-09-27 17:00:00+00:00,Sun 1:00PM
195956634,NFL Tiers $1 50-50,153803,Tiers,1.0,0,10,1,9.0,2026-09-27 17:00:00+00:00,Sun 1:00PM
195956665,NFL Tiers $1 Double Up,153803,Tiers,1.0,0,11,1,10.0,2026-09-27 17:00:00+00:00,Sun 1:00PM
195956666,NFL Tiers $1 Double Up,153803,Tiers,1.0,0,11,1,10.0,2026-09-27 17:00:00+00:00,Sun 1:00PM
195956636,NFL Tiers $1 20-Player,153803,Tiers,1.0,0,20,1,18.0,2026-09-27 17:00:00+00:00,Sun 1:00PM
195956637,NFL Tiers $1 10-Player,153803,Tiers,1.0,0,10,1,9.0,2026-09-27 17:00:00+00:00,Sun 1:00PM
195956638,NFL Tiers $1 10-Player,153803,Tiers,1.0,0,10,1,9.0,2026-09-27 17:00:00+00:00,Sun 1:00PM
195956640,NFL Tiers $1 5-Player,153803,Tiers,1.0,0,5,1,4.5,2026-09-27 17:00:00+00:00,Sun 1:00PM
195956641,NFL Tiers $1 5-Player,153803,Tiers,1.0,0,5,1,4.5,2026-09-27 17:00:00+00:00,Sun 1:00PM
195969553,NFL Tiers $1 5-Player,153803,Tiers,1.0,0,5,1,4.5,2026-09-27 17:00:00+00:00,Sun 1:00PM
195956643,NFL Tiers $1 3-Player,153803,Tiers,1.0,0,3,1,2.7,2026-09-27 17:00:00+00:00,Sun 1:00PM
195956644,NFL Tiers $1 3-Player,153803,Tiers,1.0,0,3,1,2.7,2026-09-27 17:00:00+00:00,Sun 1:00PM
195956645,NFL Tiers $1 3-Player,153803,Tiers,1.0,0,3,1,2.7,2026-09-27 17:00:00+00:00,Sun 1:00PM
195953315,NFL Showdown $5 15-Player (Top 2 Win) (LAC @ BUF),153777,Showdown Captain Mode,5.0,5,15,1,67.5,2026-09-27 17:00:00+00:00,Sun 1:00PM
195955061,NFL Showdown $1 50-50 (LAC @ BUF),153777,Showdown Captain Mode,1.0,1,20,1,18.0,2026-09-27 17:00:00+00:00,Sun 1:00PM
195955072,NFL Showdown $1 3-Player (LAC @ BUF),153777,Showdown Captain Mode,1.0,1,3,1,2.7,2026-09-27 17:00:00+00:00,Sun 1:00PM
195955109,NFL Showdown Satellite to $20 NFL Fantasy Football Millionaire [Must Fill] (LAC @ BUF),153777,Showdown Captain Mode,7.4,0,3,1,20.0,2026-09-27 17:00:00+00:00,Sun 1:00PM
195955013,Beginner NFL Showdown $50 50-50 (LAC @ BUF),153777,Showdown Captain Mode,50.0,0,4,1,180.0,2026-09-27 17:00:00+00:00,Sun 1:00PM
195955018,Beginner NFL Showdown $50 3-Player (LAC @ BUF),153777,Showdown Captain Mode,50.0,0,3,1,135.0,2026-09-27 17:00:00+00:00,Sun 1:00PM
195955014,Beginner NFL Showdown $20 50-50 (LAC @ BUF),153777,Showdown Captain Mode,20.0,0,4,1,72.0,2026-09-27 17:00:00+00:00,Sun 1:00PM
195955019,Beginner NFL Showdown $20 3-Player (LAC @ BUF),153777,Showdown Captain Mode,20.0,0,3,1,54.0,2026-09-27 17:00:00+00:00,Sun 1:00PM
195955015,Beginner NFL Showdown $10 50-50 (LAC @ BUF),153777,Showdown Captain Mode,10.0,0,4,1,36.0,2026-09-27 17:00:00+00:00,Sun 1:00PM
195955020,Beginner NFL Showdown $10 3-Player (LAC @ BUF),153777,Showdown Captain Mode,10.0,0,3,1,27.0,2026-09-27 17:00:00+00:00,Sun 1:00PM
195955016,Beginner NFL Showdown $5 50-50 (LAC @ BUF),153777,Showdown Captain Mode,5.0,0,4,1,18.0,2026-09-27 17:00:00+00:00,Sun 1:00PM
195955021,Beginner NFL Showdown $5 3-Player (LAC @ BUF),153777,Showdown Captain Mode,5.0,0,3,1,13.5,2026-09-27 17:00:00+00:00,Sun 1:00PM
195955017,Beginner NFL Showdown $3 50-50 (LAC @ BUF),153777,Showdown Captain Mode,3.0,0,4,1,10.8,2026-09-27 17:00:00+00:00,Sun 1:00PM
195955022,Beginner NFL Showdown $2 3-Player (LAC @ BUF),153777,Showdown Captain Mode,2.0,0,3,1,5.4,2026-09-27 17:00:00+00:00,Sun 1:00PM
195955102,Beginner NFL Showdown $1 50-50 (LAC @ BUF),153777,Showdown Captain Mode,1.0,0,4,1,3.6,2026-09-27 17:00:00+00:00,Sun 1:00PM
195955023,Beginner NFL Showdown $1 3-Player (LAC @ BUF),153777,Showdown Captain Mode,1.0,0,3,1,2.7,2026-09-27 17:00:00+00:00,Sun 1:00PM
195955024,"NFL Showdown $10,600 3-Player (LAC @ BUF)",153777,Showdown Captain Mode,10600.0,0,3,1,30000.0,2026-09-27 17:00:00+00:00,Sun 1:00PM
195955025,"NFL Showdown $10,600 3-Player (LAC @ BUF)",153777,Showdown Captain Mode,10600.0,0,3,1,30000.0,2026-09-27 17:00:00+00:00,Sun 1:00PM
195955028,"NFL Showdown $5,300 50-50 (LAC @ BUF)",153777,Showdown Captain Mode,5300.0,0,4,1,20000.0,2026-09-27 17:00:00+00:00,Sun 1:00PM
195955029,"NFL Showdown $5,300 50-50 (LAC @ BUF)",153777,Showdown Captain Mode,5300.0,0,4,1,20000.0,2026-09-27 17:00:00+00:00,Sun 1:00PM
195955026,"NFL Showdown $5,300 3-Player (LAC @ BUF)",153777,Showdown Captain Mode,5300.0,0,3,1,15000.0,2026-09-27 17:00:00+00:00,Sun 1:00PM
195955027,"NFL Showdown $5,300 3-Player (LAC @ BUF)",153777,Showdown Captain Mode,5300.0,0,3,1,15000.0,2026-09-27 17:00:00+00:00,Sun 1:00PM
195955030,"NFL Showdown $1,060 50-50 (LAC @ BUF)",153777,Showdown Captain Mode,1060.0,0,4,1,4000.0,2026-09-27 17:00:00+00:00,Sun 1:00PM
195955031,"NFL Showdown $1,060 50-50 (LAC @ BUF)",153777,Showdown Captain Mode,1060.0,0,4,1,4000.0,2026-09-27 17:00:00+00:00,Sun 1:00PM
195955032,"NFL Showdown $1,060 3-Player (LAC @ BUF)",153777,Showdown Captain Mode,1060.0,0,3,1,3000.0,2026-09-27 17:00:00+00:00,Sun 1:00PM
195955033,"NFL Showdown $1,060 3-Player (LAC @ BUF)",153777,Showdown Captain Mode,1060.0,0,3,1,3000.0,2026-09-27 17:00:00+00:00,Sun 1:00PM
195955034,NFL Showdown $530 50-50 (LAC @ BUF),153777,Showdown Captain Mode,530.0,0,4,1,2000.0,2026-09-27 17:00:00+00:00,Sun 1:00PM
195955035,NFL Showdown $530 50-50 (LAC @ BUF),153777,Showdown Captain Mode,530.0,0,4,1,2000.0,2026-09-27 17:00:00+00:00,Sun 1:00PM
195955036,NFL Showdown $530 3-Player (LAC @ BUF),153777,Showdown Captain Mode,530.0,0,3,1,1500.0,2026-09-27 17:00:00+00:00,Sun 1:00PM
195955037,NFL Showdown $530 3-Player (LAC @ BUF),153777,Showdown Captain Mode,530.0,0,3,1,1500.0,2026-09-27 17:00:00+00:00,Sun 1:00PM
195955096,NFL Showdown $270 50-50 (LAC @ BUF),153777,Showdown Captain Mode,270.0,0,4,1,1000.0,2026-09-27 17:00:00+00:00,Sun 1:00PM
195955097,NFL Showdown $270 50-50 (LAC @ BUF),153777,Showdown Captain Mode,270.0,0,4,1,1000.0,2026-09-27 17:00:00+00:00,Sun 1:00PM
195955042,NFL Showdown $270 3-Player (LAC @ BUF),153777,Showdown Captain Mode,270.0,0,3,1,750.0,2026-09-27 17:00:00+00:00,Sun 1:00PM
195955043,NFL Showdown $270 3-Player (LAC @ BUF),153777,Showdown Captain Mode,270.0,0,3,1,750.0,2026-09-27 17:00:00+00:00,Sun 1:00PM
195955045,NFL Showdown $109 50-50 (LAC @ BUF),153777,Showdown Captain Mode,109.0,0,4,1,400.0,2026-09-27 17:00:00+00:00,Sun 1:00PM
195955046,NFL Showdown $109 50-50 (LAC @ BUF),153777,Showdown Captain Mode,109.0,0,4,1,400.0,2026-09-27 17:00:00+00:00,Sun 1:00PM
195955049,NFL Showdown $109 3-Player (LAC @ BUF),153777,Showdown Captain Mode,109.0,0,3,1,300.0,2026-09-27 17:00:00+00:00,Sun 1:00PM
195955050,NFL Showdown $109 3-Player (LAC @ BUF),153777,Showdown Captain Mode,109.0,0,3,1,300.0,2026-09-27 17:00:00+00:00,Sun 1:00PM
195955051,NFL Showdown $109 3-Player (LAC @ BUF),153777,Showdown Captain Mode,109.0,0,3,1,300.0,2026-09-27 17:00:00+00:00,Sun 1:00PM
195955058,NFL Showdown $50 50-50 (LAC @ BUF),153777,Showdown Captain Mode,50.0,0,8,1,360.0,2026-09-27 17:00:00+00:00,Sun 1:00PM
195955055,NFL Showdown $50 50-50 (LAC @ BUF),153777,Showdown Captain Mode,50.0,0,4,1,180.0,2026-09-27 17:00:00+00:00,Sun 1:00PM
195955089,NFL Showdown $50 Double Up (LAC @ BUF),153777,Showdown Captain Mode,50.0,0,22,1,1000.0,2026-09-27 17:00:00+00:00,Sun 1:00PM
195955088,NFL Showdown $50 Double Up (LAC @ BUF),153777,Showdown Captain Mode,50.0,0,11,1,500.0,2026-09-27 17:00:00+00:00,Sun 1:00PM
195955064,NFL Showdown $50 3-Player (LAC @ BUF),153777,Showdown Captain Mode,50.0,0,3,1,135.0,2026-09-27 17:00:00+00:00,Sun 1:00PM
195955087,NFL Showdown $25 Double Up (LAC @ BUF),153777,Showdown Captain Mode,25.0,0,22,1,500.0,2026-09-27 17:00:00+00:00,Sun 1:00PM
195955086,NFL Showdown $25 Double Up (LAC @ BUF),153777,Showdown Captain Mode,25.0,0,11,1,250.0,2026-09-27 17:00:00+00:00,Sun 1:00PM
195955075,NFL Showdown $20 50-50 (LAC @ BUF),153777,Showdown Captain Mode,20.0,0,10,1,180.0,2026-09-27 17:00:00+00:00,Sun 1:00PM
195955071,NFL Showdown $20 50-50 (LAC @ BUF),153777,Showdown Captain Mode,20.0,0,4,1,72.0,2026-09-27 17:00:00+00:00,Sun 1:00PM
195955076,NFL Showdown $20 5-Player (LAC @ BUF),153777,Showdown Captain Mode,20.0,0,5,1,90.0,2026-09-27 17:00:00+00:00,Sun 1:00PM
195955077,NFL Showdown $20 3-Player (LAC @ BUF),153777,Showdown Captain Mode,20.0,0,3,1,54.0,2026-09-27 17:00:00+00:00,Sun 1:00PM
195955078,NFL Showdown $20 3-Player (LAC @ BUF),153777,Showdown Captain Mode,20.0,0,3,1,54.0,2026-09-27 17:00:00+00:00,Sun 1:00PM
195955080,NFL Showdown $10 50-50 (LAC @ BUF),153777,Showdown Captain Mode,10.0,0,10,1,90.0,2026-09-27 17:00:00+00:00,Sun 1:00PM
195955079,NFL Showdown $10 50-50 (LAC @ BUF),153777,Showdown Captain Mode,10.0,0,4,1,36.0,2026-09-27 17:00:00+00:00,Sun 1:00PM
195955084,NFL Showdown $10 Double Up (LAC @ BUF),153777,Showdown Captain Mode,10.0,0,11,1,100.0,2026-09-27 17:00:00+00:00,Sun 1:00PM
195955085,NFL Showdown $10 Double Up (LAC @ BUF),153777,Showdown Captain Mode,10.0,0,11,1,100.0,2026-09-27 17:00:00+00:00,Sun 1:00PM
195955081,NFL Showdown $10 5-Player (LAC @ BUF),153777,Showdown Captain Mode,10.0,0,5,1,45.0,2026-09-27 17:00:00+00:00,Sun 1:00PM
195955082,NFL Showdown $10 3-Player (LAC @ BUF),153777,Showdown Captain Mode,10.0,0,3,1,27.0,2026-09-27 17:00:00+00:00,Sun 1:00PM
195955083,NFL Showdown $10 3-Player (LAC @ BUF),153777,Showdown Captain Mode,10.0,0,3,1,27.0,2026-09-27 17:00:00+00:00,Sun 1:00PM
195955038,NFL Showdown $5 50-50 (LAC @ BUF),153777,Showdown Captain Mode,5.0,0,10,1,45.0,2026-09-27 17:00:00+00:00,Sun 1:00PM
195955039,NFL Showdown $5 50-50 (LAC @ BUF),153777,Showdown Captain Mode,5.0,0,4,1,18.0,2026-09-27 17:00:00+00:00,Sun 1:00PM
195955040,NFL Showdown $5 50-50 (LAC @ BUF),153777,Showdown Captain Mode,5.0,0,4,1,18.0,2026-09-27 17:00:00+00:00,Sun 1:00PM
195955090,NFL Showdown $5 Double Up (LAC @ BUF),153777,Showdown Captain Mode,5.0,0,11,1,50.0,2026-09-27 17:00:00+00:00,Sun 1:00PM
195955091,NFL Showdown $5 Double Up (LAC @ BUF),153777,Showdown Captain Mode,5.0,0,11,1,50.0,2026-09-27 17:00:00+00:00,Sun 1:00PM
195955041,NFL Showdown $5 20-Player (LAC @ BUF),153777,Showdown Captain Mode,5.0,0,20,1,90.0,2026-09-27 17:00:00+00:00,Sun 1:00PM
195955044,NFL Showdown $5 10-Player (LAC @ BUF),153777,Showdown Captain Mode,5.0,0,10,1,45.0,2026-09-27 17:00:00+00:00,Sun 1:00PM
195955098,NFL Showdown $5 5-Player (LAC @ BUF),153777,Showdown Captain Mode,5.0,0,5,1,22.5,2026-09-27 17:00:00+00:00,Sun 1:00PM
195955099,NFL Showdown $5 5-Player (LAC @ BUF),153777,Showdown Captain Mode,5.0,0,5,1,22.5,2026-09-27 17:00:00+00:00,Sun 1:00PM
195955100,NFL Showdown $5 3-Player (LAC @ BUF),153777,Showdown Captain Mode,5.0,0,3,1,13.5,2026-09-27 17:00:00+00:00,Sun 1:00PM
195955101,NFL Showdown $5 3-Player (LAC @ BUF),153777,Showdown Captain Mode,5.0,0,3,1,13.5,2026-09-27 17:00:00+00:00,Sun 1:00PM
195955092,NFL Showdown $3 Double Up (LAC @ BUF),153777,Showdown Captain Mode,3.0,0,11,1,30.0,2026-09-27 17:00:00+00:00,Sun 1:00PM
195955093,NFL Showdown $3 Double Up (LAC @ BUF),153777,Showdown Captain Mode,3.0,0,11,1,30.0,2026-09-27 17:00:00+00:00,Sun 1:00PM
195955047,NFL Showdown $2 50-50 (LAC @ BUF),153777,Showdown Captain Mode,2.0,0,20,1,36.0,2026-09-27 17:00:00+00:00,Sun 1:00PM
195955048,NFL Showdown $2 50-50 (LAC @ BUF),153777,Showdown Captain Mode,2.0,0,10,1,18.0,2026-09-27 17:00:00+00:00,Sun 1:00PM
195955052,NFL Showdown $2 20-Player (LAC @ BUF),153777,Showdown Captain Mode,2.0,0,20,1,36.0,2026-09-27 17:00:00+00:00,Sun 1:00PM
195955053,NFL Showdown $2 10-Player (LAC @ BUF),153777,Showdown Captain Mode,2.0,0,10,1,18.0,2026-09-27 17:00:00+00:00,Sun 1:00PM
195955054,NFL Showdown $2 10-Player (LAC @ BUF),153777,Showdown Captain Mode,2.0,0,10,1,18.0,2026-09-27 17:00:00+00:00,Sun 1:00PM
195955056,NFL Showdown $2 5-Player (LAC @ BUF),153777,Showdown Captain Mode,2.0,0,5,1,9.0,2026-09-27 17:00:00+00:00,Sun 1:00PM
195955057,NFL Showdown $2 5-Player (LAC @ BUF),153777,Showdown Captain Mode,2.0,0,5,1,9.0,2026-09-27 17:00:00+00:00,Sun 1:00PM
195955059,NFL Showdown $2 3-Player (LAC @ BUF),153777,Showdown Captain Mode,2.0,0,3,1,5.4,2026-09-27 17:00:00+00:00,Sun 1:00PM
195955060,NFL Showdown $2 3-Player (LAC @ BUF),153777,Showdown Captain Mode,2.0,0,3,1,5.4,2026-09-27 17:00:00+00:00,Sun 1:00PM
195973098,NFL Showdown $1 50-50 (LAC @ BUF),153777,Showdown Captain Mode,1.0,0,20,1,18.0,2026-09-27 17:00:00+00:00,Sun 1:00PM
195955062,NFL Showdown $1 50-50 (LAC @ BUF),153777,Showdown Captain Mode,1.0,0,10,1,9.0,2026-09-27 17:00:00+00:00,Sun 1:00PM
195955063,NFL Showdown $1 50-50 (LAC @ BUF),153777,Showdown Captain Mode,1.0,0,10,1,9.0,2026-09-27 17:00:00+00:00,Sun 1:00PM
195955094,NFL Showdown $1 Double Up (LAC @ BUF),153777,Showdown Captain Mode,1.0,0,11,1,10.0,2026-09-27 17:00:00+00:00,Sun 1:00PM
195955095,NFL Showdown $1 Double Up (LAC @ BUF),153777,Showdown Captain Mode,1.0,0,11,1,10.0,2026-09-27 17:00:00+00:00,Sun 1:00PM
195955065,NFL Showdown $1 20-Player (LAC @ BUF),153777,Showdown Captain Mode,1.0,0,20,1,18.0,2026-09-27 17:00:00+00:00,Sun 1:00PM
195955066,NFL Showdown $1 10-Player (LAC @ BUF),153777,Showdown Captain Mode,1.0,0,10,1,9.0,2026-09-27 17:00:00+00:00,Sun 1:00PM
195955067,NFL Showdown $1 10-Player (LAC @ BUF),153777,Showdown Captain Mode,1.0,0,10,1,9.0,2026-09-27 17:00:00+00:00,Sun 1:00PM
195955068,NFL Showdown $1 5-Player (LAC @ BUF),153777,Showdown Captain Mode,1.0,0,5,1,4.5,2026-09-27 17:00:00+00:00,Sun 1:00PM
195955069,NFL Showdown $1 5-Player (LAC @ BUF),153777,Showdown Captain Mode,1.0,0,5,1,4.5,2026-09-27 17:00:00+00:00,Sun 1:00PM
195955070,NFL Showdown $1 5-Player (LAC @ BUF),153777,Showdown Captain Mode,1.0,0,5,1,4.5,2026-09-27 17:00:00+00:00,Sun 1:00PM
195955073,NFL Showdown $1 3-Player (LAC @ BUF),153777,Showdown Captain Mode,1.0,0,3,1,2.7,2026-09-27 17:00:00+00:00,Sun 1:00PM
195955074,NFL Showdown $1 3-Player (LAC @ BUF),153777,Showdown Captain Mode,1.0,0,3,1,2.7,2026-09-27 17:00:00+00:00,Sun 1:00PM
195971250,NFL Showdown $1 3-Player (LAC @ BUF),153777,Showdown Captain Mode,1.0,0,3,1,2.7,2026-09-27 17:00:00+00:00,Sun 1:00PM
195955000,NFL Showdown $5 3-Player (NE @ JAX),153776,Showdown Captain Mode,5.0,1,3,1,13.5,2026-09-27 17:00:00+00:00,Sun 1:00PM
195954995,NFL Showdown $1 Double Up (NE @ JAX),153776,Showdown Captain Mode,1.0,1,11,1,10.0,2026-09-27 17:00:00+00:00,Sun 1:00PM
195955009,NFL Showdown Satellite to $20 NFL Fantasy Football Millionaire [Must Fill] (NE @ JAX),153776,Showdown Captain Mode,7.4,0,3,1,20.0,2026-09-27 17:00:00+00:00,Sun 1:00PM
195954903,Beginner NFL Showdown $50 50-50 (NE @ JAX),153776,Showdown Captain Mode,50.0,0,4,1,180.0,2026-09-27 17:00:00+00:00,Sun 1:00PM
195954908,Beginner NFL Showdown $50 3-Player (NE @ JAX),153776,Showdown Captain Mode,50.0,0,3,1,135.0,2026-09-27 17:00:00+00:00,Sun 1:00PM
195954904,Beginner NFL Showdown $20 50-50 (NE @ JAX),153776,Showdown Captain Mode,20.0,0,4,1,72.0,2026-09-27 17:00:00+00:00,Sun 1:00PM
195954909,Beginner NFL Showdown $20 3-Player (NE @ JAX),153776,Showdown Captain Mode,20.0,0,3,1,54.0,2026-09-27 17:00:00+00:00,Sun 1:00PM
195954905,Beginner NFL Showdown $10 50-50 (NE @ JAX),153776,Showdown Captain Mode,10.0,0,4,1,36.0,2026-09-27 17:00:00+00:00,Sun 1:00PM
195954910,Beginner NFL Showdown $10 3-Player (NE @ JAX),153776,Showdown Captain Mode,10.0,0,3,1,27.0,2026-09-27 17:00:00+00:00,Sun 1:00PM
195954906,Beginner NFL Showdown $5 50-50 (NE @ JAX),153776,Showdown Captain Mode,5.0,0,4,1,18.0,2026-09-27 17:00:00+00:00,Sun 1:00PM
195954911,Beginner NFL Showdown $5 3-Player (NE @ JAX),153776,Showdown Captain Mode,5.0,0,3,1,13.5,2026-09-27 17:00:00+00:00,Sun 1:00PM
195954907,Beginner NFL Showdown $3 50-50 (NE @ JAX),153776,Showdown Captain Mode,3.0,0,4,1,10.8,2026-09-27 17:00:00+00:00,Sun 1:00PM
195954912,Beginner NFL Showdown $2 3-Player (NE @ JAX),153776,Showdown Captain Mode,2.0,0,3,1,5.4,2026-09-27 17:00:00+00:00,Sun 1:00PM
195955002,Beginner NFL Showdown $1 50-50 (NE @ JAX),153776,Showdown Captain Mode,1.0,0,4,1,3.6,2026-09-27 17:00:00+00:00,Sun 1:00PM
195954913,Beginner NFL Showdown $1 3-Player (NE @ JAX),153776,Showdown Captain Mode,1.0,0,3,1,2.7,2026-09-27 17:00:00+00:00,Sun 1:00PM
195954914,"NFL Showdown $10,600 3-Player (NE @ JAX)",153776,Showdown Captain Mode,10600.0,0,3,1,30000.0,2026-09-27 17:00:00+00:00,Sun 1:00PM
195954915,"NFL Showdown $10,600 3-Player (NE @ JAX)",153776,Showdown Captain Mode,10600.0,0,3,1,30000.0,2026-09-27 17:00:00+00:00,Sun 1:00PM
195954920,"NFL Showdown $5,300 50-50 (NE @ JAX)",153776,Showdown Captain Mode,5300.0,0,4,1,20000.0,2026-09-27 17:00:00+00:00,Sun 1:00PM
195954922,"NFL Showdown $5,300 50-50 (NE @ JAX)",153776,Showdown Captain Mode,5300.0,0,4,1,20000.0,2026-09-27 17:00:00+00:00,Sun 1:00PM
195954916,"NFL Showdown $5,300 3-Player (NE @ JAX)",153776,Showdown Captain Mode,5300.0,0,3,1,15000.0,2026-09-27 17:00:00+00:00,Sun 1:00PM
195954917,"NFL Showdown $5,300 3-Player (NE @ JAX)",153776,Showdown Captain Mode,5300.0,0,3,1,15000.0,2026-09-27 17:00:00+00:00,Sun 1:00PM
195954924,"NFL Showdown $1,060 50-50 (NE @ JAX)",153776,Showdown Captain Mode,1060.0,0,4,1,4000.0,2026-09-27 17:00:00+00:00,Sun 1:00PM
195954926,"NFL Showdown $1,060 50-50 (NE @ JAX)",153776,Showdown Captain Mode,1060.0,0,4,1,4000.0,2026-09-27 17:00:00+00:00,Sun 1:00PM
195954928,"NFL Showdown $1,060 3-Player (NE @ JAX)",153776,Showdown Captain Mode,1060.0,0,3,1,3000.0,2026-09-27 17:00:00+00:00,Sun 1:00PM
195954930,"NFL Showdown $1,060 3-Player (NE @ JAX)",153776,Showdown Captain Mode,1060.0,0,3,1,3000.0,2026-09-27 17:00:00+00:00,Sun 1:00PM
195954932,NFL Showdown $530 50-50 (NE @ JAX),153776,Showdown Captain Mode,530.0,0,4,1,2000.0,2026-09-27 17:00:00+00:00,Sun 1:00PM
195954935,NFL Showdown $530 50-50 (NE @ JAX),153776,Showdown Captain Mode,530.0,0,4,1,2000.0,2026-09-27 17:00:00+00:00,Sun 1:00PM
195954936,NFL Showdown $530 3-Player (NE @ JAX),153776,Showdown Captain Mode,530.0,0,3,1,1500.0,2026-09-27 17:00:00+00:00,Sun 1:00PM
195954937,NFL Showdown $530 3-Player (NE @ JAX),153776,Showdown Captain Mode,530.0,0,3,1,1500.0,2026-09-27 17:00:00+00:00,Sun 1:00PM
195954996,NFL Showdown $270 50-50 (NE @ JAX),153776,Showdown Captain Mode,270.0,0,4,1,1000.0,2026-09-27 17:00:00+00:00,Sun 1:00PM
195954997,NFL Showdown $270 50-50 (NE @ JAX),153776,Showdown Captain Mode,270.0,0,4,1,1000.0,2026-09-27 17:00:00+00:00,Sun 1:00PM
195954942,NFL Showdown $270 3-Player (NE @ JAX),153776,Showdown Captain Mode,270.0,0,3,1,750.0,2026-09-27 17:00:00+00:00,Sun 1:00PM
195954943,NFL Showdown $270 3-Player (NE @ JAX),153776,Showdown Captain Mode,270.0,0,3,1,750.0,2026-09-27 17:00:00+00:00,Sun 1:00PM
195954945,NFL Showdown $109 50-50 (NE @ JAX),153776,Showdown Captain Mode,109.0,0,4,1,400.0,2026-09-27 17:00:00+00:00,Sun 1:00PM
195954946,NFL Showdown $109 50-50 (NE @ JAX),153776,Showdown Captain Mode,109.0,0,4,1,400.0,2026-09-27 17:00:00+00:00,Sun 1:00PM
195954949,NFL Showdown $109 3-Player (NE @ JAX),153776,Showdown Captain Mode,109.0,0,3,1,300.0,2026-09-27 17:00:00+00:00,Sun 1:00PM
195954950,NFL Showdown $109 3-Player (NE @ JAX),153776,Showdown Captain Mode,109.0,0,3,1,300.0,2026-09-27 17:00:00+00:00,Sun 1:00PM
195954951,NFL Showdown $109 3-Player (NE @ JAX),153776,Showdown Captain Mode,109.0,0,3,1,300.0,2026-09-27 17:00:00+00:00,Sun 1:00PM
195954958,NFL Showdown $50 50-50 (NE @ JAX),153776,Showdown Captain Mode,50.0,0,8,1,360.0,2026-09-27 17:00:00+00:00,Sun 1:00PM
195954955,NFL Showdown $50 50-50 (NE @ JAX),153776,Showdown Captain Mode,50.0,0,4,1,180.0,2026-09-27 17:00:00+00:00,Sun 1:00PM
195954989,NFL Showdown $50 Double Up (NE @ JAX),153776,Showdown Captain Mode,50.0,0,22,1,1000.0,2026-09-27 17:00:00+00:00,Sun 1:00PM
195954988,NFL Showdown $50 Double Up (NE @ JAX),153776,Showdown Captain Mode,50.0,0,11,1,500.0,2026-09-27 17:00:00+00:00,Sun 1:00PM
195954964,NFL Showdown $50 3-Player (NE @ JAX),153776,Showdown Captain Mode,50.0,0,3,1,135.0,2026-09-27 17:00:00+00:00,Sun 1:00PM
195954987,NFL Showdown $25 Double Up (NE @ JAX),153776,Showdown Captain Mode,25.0,0,22,1,500.0,2026-09-27 17:00:00+00:00,Sun 1:00PM
195954986,NFL Showdown $25 Double Up (NE @ JAX),153776,Showdown Captain Mode,25.0,0,11,1,250.0,2026-09-27 17:00:00+00:00,Sun 1:00PM
195954975,NFL Showdown $20 50-50 (NE @ JAX),153776,Showdown Captain Mode,20.0,0,10,1,180.0,2026-09-27 17:00:00+00:00,Sun 1:00PM
195954971,NFL Showdown $20 50-50 (NE @ JAX),153776,Showdown Captain Mode,20.0,0,4,1,72.0,2026-09-27 17:00:00+00:00,Sun 1:00PM
195954976,NFL Showdown $20 5-Player (NE @ JAX),153776,Showdown Captain Mode,20.0,0,5,1,90.0,2026-09-27 17:00:00+00:00,Sun 1:00PM
195954977,NFL Showdown $20 3-Player (NE @ JAX),153776,Showdown Captain Mode,20.0,0,3,1,54.0,2026-09-27 17:00:00+00:00,Sun 1:00PM
195954978,NFL Showdown $20 3-Player (NE @ JAX),153776,Showdown Captain Mode,20.0,0,3,1,54.0,2026-09-27 17:00:00+00:00,Sun 1:00PM
195954980,NFL Showdown $10 50-50 (NE @ JAX),153776,Showdown Captain Mode,10.0,0,10,1,90.0,2026-09-27 17:00:00+00:00,Sun 1:00PM
195954979,NFL Showdown $10 50-50 (NE @ JAX),153776,Showdown Captain Mode,10.0,0,4,1,36.0,2026-09-27 17:00:00+00:00,Sun 1:00PM
195954984,NFL Showdown $10 Double Up (NE @ JAX),153776,Showdown Captain Mode,10.0,0,11,1,100.0,2026-09-27 17:00:00+00:00,Sun 1:00PM
195954985,NFL Showdown $10 Double Up (NE @ JAX),153776,Showdown Captain Mode,10.0,0,11,1,100.0,2026-09-27 17:00:00+00:00,Sun 1:00PM
195954981,NFL Showdown $10 5-Player (NE @ JAX),153776,Showdown Captain Mode,10.0,0,5,1,45.0,2026-09-27 17:00:00+00:00,Sun 1:00PM
195954982,NFL Showdown $10 3-Player (NE @ JAX),153776,Showdown Captain Mode,10.0,0,3,1,27.0,2026-09-27 17:00:00+00:00,Sun 1:00PM
195954983,NFL Showdown $10 3-Player (NE @ JAX),153776,Showdown Captain Mode,10.0,0,3,1,27.0,2026-09-27 17:00:00+00:00,Sun 1:00PM
195954938,NFL Showdown $5 50-50 (NE @ JAX),153776,Showdown Captain Mode,5.0,0,10,1,45.0,2026-09-27 17:00:00+00:00,Sun 1:00PM
195954939,NFL Showdown $5 50-50 (NE @ JAX),153776,Showdown Captain Mode,5.0,0,4,1,18.0,2026-09-27 17:00:00+00:00,Sun 1:00PM
195954940,NFL Showdown $5 50-50 (NE @ JAX),153776,Showdown Captain Mode,5.0,0,4,1,18.0,2026-09-27 17:00:00+00:00,Sun 1:00PM
195954990,NFL Showdown $5 Double Up (NE @ JAX),153776,Showdown Captain Mode,5.0,0,11,1,50.0,2026-09-27 17:00:00+00:00,Sun 1:00PM
195954991,NFL Showdown $5 Double Up (NE @ JAX),153776,Showdown Captain Mode,5.0,0,11,1,50.0,2026-09-27 17:00:00+00:00,Sun 1:00PM
195954941,NFL Showdown $5 20-Player (NE @ JAX),153776,Showdown Captain Mode,5.0,0,20,1,90.0,2026-09-27 17:00:00+00:00,Sun 1:00PM
195954944,NFL Showdown $5 10-Player (NE @ JAX),153776,Showdown Captain Mode,5.0,0,10,1,45.0,2026-09-27 17:00:00+00:00,Sun 1:00PM
195954998,NFL Showdown $5 5-Player (NE @ JAX),153776,Showdown Captain Mode,5.0,0,5,1,22.5,2026-09-27 17:00:00+00:00,Sun 1:00PM
195954999,NFL Showdown $5 5-Player (NE @ JAX),153776,Showdown Captain Mode,5.0,0,5,1,22.5,2026-09-27 17:00:00+00:00,Sun 1:00PM
195955001,NFL Showdown $5 3-Player (NE @ JAX),153776,Showdown Captain Mode,5.0,0,3,1,13.5,2026-09-27 17:00:00+00:00,Sun 1:00PM
195964321,NFL Showdown $5 3-Player (NE @ JAX),153776,Showdown Captain Mode,5.0,0,3,1,13.5,2026-09-27 17:00:00+00:00,Sun 1:00PM
195954992,NFL Showdown $3 Double Up (NE @ JAX),153776,Showdown Captain Mode,3.0,0,11,1,30.0,2026-09-27 17:00:00+00:00,Sun 1:00PM
195954993,NFL Showdown $3 Double Up (NE @ JAX),153776,Showdown Captain Mode,3.0,0,11,1,30.0,2026-09-27 17:00:00+00:00,Sun 1:00PM
195954947,NFL Showdown $2 50-50 (NE @ JAX),153776,Showdown Captain Mode,2.0,0,20,1,36.0,2026-09-27 17:00:00+00:00,Sun 1:00PM
195954948,NFL Showdown $2 50-50 (NE @ JAX),153776,Showdown Captain Mode,2.0,0,10,1,18.0,2026-09-27 17:00:00+00:00,Sun 1:00PM
195954952,NFL Showdown $2 20-Player (NE @ JAX),153776,Showdown Captain Mode,2.0,0,20,1,36.0,2026-09-27 17:00:00+00:00,Sun 1:00PM
195954953,NFL Showdown $2 10-Player (NE @ JAX),153776,Showdown Captain Mode,2.0,0,10,1,18.0,2026-09-27 17:00:00+00:00,Sun 1:00PM
195954954,NFL Showdown $2 10-Player (NE @ JAX),153776,Showdown Captain Mode,2.0,0,10,1,18.0,2026-09-27 17:00:00+00:00,Sun 1:00PM
195954956,NFL Showdown $2 5-Player (NE @ JAX),153776,Showdown Captain Mode,2.0,0,5,1,9.0,2026-09-27 17:00:00+00:00,Sun 1:00PM
195954957,NFL Showdown $2 5-Player (NE @ JAX),153776,Showdown Captain Mode,2.0,0,5,1,9.0,2026-09-27 17:00:00+00:00,Sun 1:00PM
195954959,NFL Showdown $2 3-Player (NE @ JAX),153776,Showdown Captain Mode,2.0,0,3,1,5.4,2026-09-27 17:00:00+00:00,Sun 1:00PM
195954960,NFL Showdown $2 3-Player (NE @ JAX),153776,Showdown Captain Mode,2.0,0,3,1,5.4,2026-09-27 17:00:00+00:00,Sun 1:00PM
195954961,NFL Showdown $1 50-50 (NE @ JAX),153776,Showdown Captain Mode,1.0,0,20,1,18.0,2026-09-27 17:00:00+00:00,Sun 1:00PM
195954962,NFL Showdown $1 50-50 (NE @ JAX),153776,Showdown Captain Mode,1.0,0,10,1,9.0,2026-09-27 17:00:00+00:00,Sun 1:00PM
195954963,NFL Showdown $1 50-50 (NE @ JAX),153776,Showdown Captain Mode,1.0,0,10,1,9.0,2026-09-27 17:00:00+00:00,Sun 1:00PM
195954994,NFL Showdown $1 Double Up (NE @ JAX),153776,Showdown Captain Mode,1.0,0,11,1,10.0,2026-09-27 17:00:00+00:00,Sun 1:00PM
195967992,NFL Showdown $1 Double Up (NE @ JAX),153776,Showdown Captain Mode,1.0,0,11,1,10.0,2026-09-27 17:00:00+00:00,Sun 1:00PM
195954965,NFL Showdown $1 20-Player (NE @ JAX),153776,Showdown Captain Mode,1.0,0,20,1,18.0,2026-09-27 17:00:00+00:00,Sun 1:00PM
195954966,NFL Showdown $1 10-Player (NE @ JAX),153776,Showdown Captain Mode,1.0,0,10,1,9.0,2026-09-27 17:00:00+00:00,Sun 1:00PM
195954967,NFL Showdown $1 10-Player (NE @ JAX),153776,Showdown Captain Mode,1.0,0,10,1,9.0,2026-09-27 17:00:00+00:00,Sun 1:00PM
195954968,NFL Showdown $1 5-Player (NE @ JAX),153776,Showdown Captain Mode,1.0,0,5,1,4.5,2026-09-27 17:00:00+00:00,Sun 1:00PM
195954969,NFL Showdown $1 5-Player (NE @ JAX),153776,Showdown Captain Mode,1.0,0,5,1,4.5,2026-09-27 17:00:00+00:00,Sun 1:00PM
195954970,NFL Showdown $1 5-Player (NE @ JAX),153776,Showdown Captain Mode,1.0,0,5,1,4.5,2026-09-27 17:00:00+00:00,Sun 1:00PM
195954972,NFL Showdown $1 3-Player (NE @ JAX),153776,Showdown Captain Mode,1.0,0,3,1,2.7,2026-09-27 17:00:00+00:00,Sun 1:00PM
195954973,NFL Showdown $1 3-Player (NE @ JAX),153776,Showdown Captain Mode,1.0,0,3,1,2.7,2026-09-27 17:00:00+00:00,Sun 1:00PM
195954974,NFL Showdown $1 3-Player (NE @ JAX),153776,Showdown Captain Mode,1.0,0,3,1,2.7,2026-09-27 17:00:00+00:00,Sun 1:00PM
195955147,NFL Showdown $2 50-50 (CIN @ PIT),153778,Showdown Captain Mode,2.0,2,20,1,36.0,2026-09-27 17:00:00+00:00,Sun 1:00PM
195962210,NFL Showdown $1 75-Player (Winner Takes All) (CIN @ PIT),153778,Showdown Captain Mode,1.0,3,75,1,67.5,2026-09-27 17:00:00+00:00,Sun 1:00PM
195955209,NFL Showdown Satellite to $20 NFL Fantasy Football Millionaire [Must Fill] (CIN @ PIT),153778,Showdown Captain Mode,7.4,0,3,1,20.0,2026-09-27 17:00:00+00:00,Sun 1:00PM
195955113,Beginner NFL Showdown $50 50-50 (CIN @ PIT),153778,Showdown Captain Mode,50.0,0,4,1,180.0,2026-09-27 17:00:00+00:00,Sun 1:00PM
195955118,Beginner NFL Showdown $50 3-Player (CIN @ PIT),153778,Showdown Captain Mode,50.0,0,3,1,135.0,2026-09-27 17:00:00+00:00,Sun 1:00PM
195955114,Beginner NFL Showdown $20 50-50 (CIN @ PIT),153778,Showdown Captain Mode,20.0,0,4,1,72.0,2026-09-27 17:00:00+00:00,Sun 1:00PM
195955119,Beginner NFL Showdown $20 3-Player (CIN @ PIT),153778,Showdown Captain Mode,20.0,0,3,1,54.0,2026-09-27 17:00:00+00:00,Sun 1:00PM
195955115,Beginner NFL Showdown $10 50-50 (CIN @ PIT),153778,Showdown Captain Mode,10.0,0,4,1,36.0,2026-09-27 17:00:00+00:00,Sun 1:00PM
195955120,Beginner NFL Showdown $10 3-Player (CIN @ PIT),153778,Showdown Captain Mode,10.0,0,3,1,27.0,2026-09-27 17:00:00+00:00,Sun 1:00PM
195955116,Beginner NFL Showdown $5 50-50 (CIN @ PIT),153778,Showdown Captain Mode,5.0,0,4,1,18.0,2026-09-27 17:00:00+00:00,Sun 1:00PM
195955121,Beginner NFL Showdown $5 3-Player (CIN @ PIT),153778,Showdown Captain Mode,5.0,0,3,1,13.5,2026-09-27 17:00:00+00:00,Sun 1:00PM
195955117,Beginner NFL Showdown $3 50-50 (CIN @ PIT),153778,Showdown Captain Mode,3.0,0,4,1,10.8,2026-09-27 17:00:00+00:00,Sun 1:00PM
195955122,Beginner NFL Showdown $2 3-Player (CIN @ PIT),153778,Showdown Captain Mode,2.0,0,3,1,5.4,2026-09-27 17:00:00+00:00,Sun 1:00PM
195955202,Beginner NFL Showdown $1 50-50 (CIN @ PIT),153778,Showdown Captain Mode,1.0,0,4,1,3.6,2026-09-27 17:00:00+00:00,Sun 1:00PM
195955123,Beginner NFL Showdown $1 3-Player (CIN @ PIT),153778,Showdown Captain Mode,1.0,0,3,1,2.7,2026-09-27 17:00:00+00:00,Sun 1:00PM
195955124,"NFL Showdown $10,600 3-Player (CIN @ PIT)",153778,Showdown Captain Mode,10600.0,0,3,1,30000.0,2026-09-27 17:00:00+00:00,Sun 1:00PM
195955125,"NFL Showdown $10,600 3-Player (CIN @ PIT)",153778,Showdown Captain Mode,10600.0,0,3,1,30000.0,2026-09-27 17:00:00+00:00,Sun 1:00PM
195955128,"NFL Showdown $5,300 50-50 (CIN @ PIT)",153778,Showdown Captain Mode,5300.0,0,4,1,20000.0,2026-09-27 17:00:00+00:00,Sun 1:00PM
195955129,"NFL Showdown $5,300 50-50 (CIN @ PIT)",153778,Showdown Captain Mode,5300.0,0,4,1,20000.0,2026-09-27 17:00:00+00:00,Sun 1:00PM
195955126,"NFL Showdown $5,300 3-Player (CIN @ PIT)",153778,Showdown Captain Mode,5300.0,0,3,1,15000.0,2026-09-27 17:00:00+00:00,Sun 1:00PM
195955127,"NFL Showdown $5,300 3-Player (CIN @ PIT)",153778,Showdown Captain Mode,5300.0,0,3,1,15000.0,2026-09-27 17:00:00+00:00,Sun 1:00PM
195955130,"NFL Showdown $1,060 50-50 (CIN @ PIT)",153778,Showdown Captain Mode,1060.0,0,4,1,4000.0,2026-09-27 17:00:00+00:00,Sun 1:00PM
195955131,"NFL Showdown $1,060 50-50 (CIN @ PIT)",153778,Showdown Captain Mode,1060.0,0,4,1,4000.0,2026-09-27 17:00:00+00:00,Sun 1:00PM
195955132,"NFL Showdown $1,060 3-Player (CIN @ PIT)",153778,Showdown Captain Mode,1060.0,0,3,1,3000.0,2026-09-27 17:00:00+00:00,Sun 1:00PM
195955133,"NFL Showdown $1,060 3-Player (CIN @ PIT)",153778,Showdown Captain Mode,1060.0,0,3,1,3000.0,2026-09-27 17:00:00+00:00,Sun 1:00PM
195955134,NFL Showdown $530 50-50 (CIN @ PIT),153778,Showdown Captain Mode,530.0,0,4,1,2000.0,2026-09-27 17:00:00+00:00,Sun 1:00PM
195955135,NFL Showdown $530 50-50 (CIN @ PIT),153778,Showdown Captain Mode,530.0,0,4,1,2000.0,2026-09-27 17:00:00+00:00,Sun 1:00PM
195955136,NFL Showdown $530 3-Player (CIN @ PIT),153778,Showdown Captain Mode,530.0,0,3,1,1500.0,2026-09-27 17:00:00+00:00,Sun 1:00PM
195955137,NFL Showdown $530 3-Player (CIN @ PIT),153778,Showdown Captain Mode,530.0,0,3,1,1500.0,2026-09-27 17:00:00+00:00,Sun 1:00PM
195955196,NFL Showdown $270 50-50 (CIN @ PIT),153778,Showdown Captain Mode,270.0,0,4,1,1000.0,2026-09-27 17:00:00+00:00,Sun 1:00PM
195955197,NFL Showdown $270 50-50 (CIN @ PIT),153778,Showdown Captain Mode,270.0,0,4,1,1000.0,2026-09-27 17:00:00+00:00,Sun 1:00PM
195955142,NFL Showdown $270 3-Player (CIN @ PIT),153778,Showdown Captain Mode,270.0,0,3,1,750.0,2026-09-27 17:00:00+00:00,Sun 1:00PM
195955143,NFL Showdown $270 3-Player (CIN @ PIT),153778,Showdown Captain Mode,270.0,0,3,1,750.0,2026-09-27 17:00:00+00:00,Sun 1:00PM
195955145,NFL Showdown $109 50-50 (CIN @ PIT),153778,Showdown Captain Mode,109.0,0,4,1,400.0,2026-09-27 17:00:00+00:00,Sun 1:00PM
195955146,NFL Showdown $109 50-50 (CIN @ PIT),153778,Showdown Captain Mode,109.0,0,4,1,400.0,2026-09-27 17:00:00+00:00,Sun 1:00PM
195955149,NFL Showdown $109 3-Player (CIN @ PIT),153778,Showdown Captain Mode,109.0,0,3,1,300.0,2026-09-27 17:00:00+00:00,Sun 1:00PM
195955150,NFL Showdown $109 3-Player (CIN @ PIT),153778,Showdown Captain Mode,109.0,0,3,1,300.0,2026-09-27 17:00:00+00:00,Sun 1:00PM
195955151,NFL Showdown $109 3-Player (CIN @ PIT),153778,Showdown Captain Mode,109.0,0,3,1,300.0,2026-09-27 17:00:00+00:00,Sun 1:00PM
195955158,NFL Showdown $50 50-50 (CIN @ PIT),153778,Showdown Captain Mode,50.0,0,8,1,360.0,2026-09-27 17:00:00+00:00,Sun 1:00PM
195955155,NFL Showdown $50 50-50 (CIN @ PIT),153778,Showdown Captain Mode,50.0,0,4,1,180.0,2026-09-27 17:00:00+00:00,Sun 1:00PM
195955189,NFL Showdown $50 Double Up (CIN @ PIT),153778,Showdown Captain Mode,50.0,0,22,1,1000.0,2026-09-27 17:00:00+00:00,Sun 1:00PM
195955188,NFL Showdown $50 Double Up (CIN @ PIT),153778,Showdown Captain Mode,50.0,0,11,1,500.0,2026-09-27 17:00:00+00:00,Sun 1:00PM
195955164,NFL Showdown $50 3-Player (CIN @ PIT),153778,Showdown Captain Mode,50.0,0,3,1,135.0,2026-09-27 17:00:00+00:00,Sun 1:00PM
195955187,NFL Showdown $25 Double Up (CIN @ PIT),153778,Showdown Captain Mode,25.0,0,22,1,500.0,2026-09-27 17:00:00+00:00,Sun 1:00PM
195955186,NFL Showdown $25 Double Up (CIN @ PIT),153778,Showdown Captain Mode,25.0,0,11,1,250.0,2026-09-27 17:00:00+00:00,Sun 1:00PM
195955175,NFL Showdown $20 50-50 (CIN @ PIT),153778,Showdown Captain Mode,20.0,0,10,1,180.0,2026-09-27 17:00:00+00:00,Sun 1:00PM
195955171,NFL Showdown $20 50-50 (CIN @ PIT),153778,Showdown Captain Mode,20.0,0,4,1,72.0,2026-09-27 17:00:00+00:00,Sun 1:00PM
195955176,NFL Showdown $20 5-Player (CIN @ PIT),153778,Showdown Captain Mode,20.0,0,5,1,90.0,2026-09-27 17:00:00+00:00,Sun 1:00PM
195955177,NFL Showdown $20 3-Player (CIN @ PIT),153778,Showdown Captain Mode,20.0,0,3,1,54.0,2026-09-27 17:00:00+00:00,Sun 1:00PM
195955178,NFL Showdown $20 3-Player (CIN @ PIT),153778,Showdown Captain Mode,20.0,0,3,1,54.0,2026-09-27 17:00:00+00:00,Sun 1:00PM
195955180,NFL Showdown $10 50-50 (CIN @ PIT),153778,Showdown Captain Mode,10.0,0,10,1,90.0,2026-09-27 17:00:00+00:00,Sun 1:00PM
195955179,NFL Showdown $10 50-50 (CIN @ PIT),153778,Showdown Captain Mode,10.0,0,4,1,36.0,2026-09-27 17:00:00+00:00,Sun 1:00PM
195955184,NFL Showdown $10 Double Up (CIN @ PIT),153778,Showdown Captain Mode,10.0,0,11,1,100.0,2026-09-27 17:00:00+00:00,Sun 1:00PM
195955185,NFL Showdown $10 Double Up (CIN @ PIT),153778,Showdown Captain Mode,10.0,0,11,1,100.0,2026-09-27 17:00:00+00:00,Sun 1:00PM
195955181,NFL Showdown $10 5-Player (CIN @ PIT),153778,Showdown Captain Mode,10.0,0,5,1,45.0,2026-09-27 17:00:00+00:00,Sun 1:00PM
195955182,NFL Showdown $10 3-Player (CIN @ PIT),153778,Showdown Captain Mode,10.0,0,3,1,27.0,2026-09-27 17:00:00+00:00,Sun 1:00PM
195955183,NFL Showdown $10 3-Player (CIN @ PIT),153778,Showdown Captain Mode,10.0,0,3,1,27.0,2026-09-27 17:00:00+00:00,Sun 1:00PM
195955138,NFL Showdown $5 50-50 (CIN @ PIT),153778,Showdown Captain Mode,5.0,0,10,1,45.0,2026-09-27 17:00:00+00:00,Sun 1:00PM
195955139,NFL Showdown $5 50-50 (CIN @ PIT),153778,Showdown Captain Mode,5.0,0,4,1,18.0,2026-09-27 17:00:00+00:00,Sun 1:00PM
195955140,NFL Showdown $5 50-50 (CIN @ PIT),153778,Showdown Captain Mode,5.0,0,4,1,18.0,2026-09-27 17:00:00+00:00,Sun 1:00PM
195955190,NFL Showdown $5 Double Up (CIN @ PIT),153778,Showdown Captain Mode,5.0,0,11,1,50.0,2026-09-27 17:00:00+00:00,Sun 1:00PM
195955191,NFL Showdown $5 Double Up (CIN @ PIT),153778,Showdown Captain Mode,5.0,0,11,1,50.0,2026-09-27 17:00:00+00:00,Sun 1:00PM
195955141,NFL Showdown $5 20-Player (CIN @ PIT),153778,Showdown Captain Mode,5.0,0,20,1,90.0,2026-09-27 17:00:00+00:00,Sun 1:00PM
195955144,NFL Showdown $5 10-Player (CIN @ PIT),153778,Showdown Captain Mode,5.0,0,10,1,45.0,2026-09-27 17:00:00+00:00,Sun 1:00PM
195955198,NFL Showdown $5 5-Player (CIN @ PIT),153778,Showdown Captain Mode,5.0,0,5,1,22.5,2026-09-27 17:00:00+00:00,Sun 1:00PM
195955199,NFL Showdown $5 5-Player (CIN @ PIT),153778,Showdown Captain Mode,5.0,0,5,1,22.5,2026-09-27 17:00:00+00:00,Sun 1:00PM
195955200,NFL Showdown $5 3-Player (CIN @ PIT),153778,Showdown Captain Mode,5.0,0,3,1,13.5,2026-09-27 17:00:00+00:00,Sun 1:00PM
195955201,NFL Showdown $5 3-Player (CIN @ PIT),153778,Showdown Captain Mode,5.0,0,3,1,13.5,2026-09-27 17:00:00+00:00,Sun 1:00PM
195955192,NFL Showdown $3 Double Up (CIN @ PIT),153778,Showdown Captain Mode,3.0,0,11,1,30.0,2026-09-27 17:00:00+00:00,Sun 1:00PM
195955193,NFL Showdown $3 Double Up (CIN @ PIT),153778,Showdown Captain Mode,3.0,0,11,1,30.0,2026-09-27 17:00:00+00:00,Sun 1:00PM
195966796,NFL Showdown $2 50-50 (CIN @ PIT),153778,Showdown Captain Mode,2.0,0,20,1,36.0,2026-09-27 17:00:00+00:00,Sun 1:00PM
195955148,NFL Showdown $2 50-50 (CIN @ PIT),153778,Showdown Captain Mode,2.0,0,10,1,18.0,2026-09-27 17:00:00+00:00,Sun 1:00PM
195955152,NFL Showdown $2 20-Player (CIN @ PIT),153778,Showdown Captain Mode,2.0,0,20,1,36.0,2026-09-27 17:00:00+00:00,Sun 1:00PM
195955153,NFL Showdown $2 10-Player (CIN @ PIT),153778,Showdown Captain Mode,2.0,0,10,1,18.0,2026-09-27 17:00:00+00:00,Sun 1:00PM
195955154,NFL Showdown $2 10-Player (CIN @ PIT),153778,Showdown Captain Mode,2.0,0,10,1,18.0,2026-09-27 17:00:00+00:00,Sun 1:00PM
195955156,NFL Showdown $2 5-Player (CIN @ PIT),153778,Showdown Captain Mode,2.0,0,5,1,9.0,2026-09-27 17:00:00+00:00,Sun 1:00PM
195955157,NFL Showdown $2 5-Player (CIN @ PIT),153778,Showdown Captain Mode,2.0,0,5,1,9.0,2026-09-27 17:00:00+00:00,Sun 1:00PM
195955159,NFL Showdown $2 3-Player (CIN @ PIT),153778,Showdown Captain Mode,2.0,0,3,1,5.4,2026-09-27 17:00:00+00:00,Sun 1:00PM
195955160,NFL Showdown $2 3-Player (CIN @ PIT),153778,Showdown Captain Mode,2.0,0,3,1,5.4,2026-09-27 17:00:00+00:00,Sun 1:00PM
195955161,NFL Showdown $1 50-50 (CIN @ PIT),153778,Showdown Captain Mode,1.0,0,20,1,18.0,2026-09-27 17:00:00+00:00,Sun 1:00PM
195955162,NFL Showdown $1 50-50 (CIN @ PIT),153778,Showdown Captain Mode,1.0,0,10,1,9.0,2026-09-27 17:00:00+00:00,Sun 1:00PM
195955163,NFL Showdown $1 50-50 (CIN @ PIT),153778,Showdown Captain Mode,1.0,0,10,1,9.0,2026-09-27 17:00:00+00:00,Sun 1:00PM
195955194,NFL Showdown $1 Double Up (CIN @ PIT),153778,Showdown Captain Mode,1.0,0,11,1,10.0,2026-09-27 17:00:00+00:00,Sun 1:00PM
195955195,NFL Showdown $1 Double Up (CIN @ PIT),153778,Showdown Captain Mode,1.0,0,11,1,10.0,2026-09-27 17:00:00+00:00,Sun 1:00PM
195955165,NFL Showdown $1 20-Player (CIN @ PIT),153778,Showdown Captain Mode,1.0,0,20,1,18.0,2026-09-27 17:00:00+00:00,Sun 1:00PM
195955166,NFL Showdown $1 10-Player (CIN @ PIT),153778,Showdown Captain Mode,1.0,0,10,1,9.0,2026-09-27 17:00:00+00:00,Sun 1:00PM
195955167,NFL Showdown $1 10-Player (CIN @ PIT),153778,Showdown Captain Mode,1.0,0,10,1,9.0,2026-09-27 17:00:00+00:00,Sun 1:00PM
195955168,NFL Showdown $1 5-Player (CIN @ PIT),153778,Showdown Captain Mode,1.0,0,5,1,4.5,2026-09-27 17:00:00+00:00,Sun 1:00PM
195955169,NFL Showdown $1 5-Player (CIN @ PIT),153778,Showdown Captain Mode,1.0,0,5,1,4.5,2026-09-27 17:00:00+00:00,Sun 1:00PM
195955170,NFL Showdown $1 5-Player (CIN @ PIT),153778,Showdown Captain Mode,1.0,0,5,1,4.5,2026-09-27 17:00:00+00:00,Sun 1:00PM
195955172,NFL Showdown $1 3-Player (CIN @ PIT),153778,Showdown Captain Mode,1.0,0,3,1,2.7,2026-09-27 17:00:00+00:00,Sun 1:00PM
195955173,NFL Showdown $1 3-Player (CIN @ PIT),153778,Showdown Captain Mode,1.0,0,3,1,2.7,2026-09-27 17:00:00+00:00,Sun 1:00PM
195955174,NFL Showdown $1 3-Player (CIN @ PIT),153778,Showdown Captain Mode,1.0,0,3,1,2.7,2026-09-27 17:00:00+00:00,Sun 1:00PM
195955309,NFL Showdown Satellite to $20 NFL Fantasy Football Millionaire [Must Fill] (HOU @ IND),153779,Showdown Captain Mode,7.4,0,3,1,20.0,2026-09-27 17:00:00+00:00,Sun 1:00PM
195955213,Beginner NFL Showdown $50 50-50 (HOU @ IND),153779,Showdown Captain Mode,50.0,0,4,1,180.0,2026-09-27 17:00:00+00:00,Sun 1:00PM
195955218,Beginner NFL Showdown $50 3-Player (HOU @ IND),153779,Showdown Captain Mode,50.0,0,3,1,135.0,2026-09-27 17:00:00+00:00,Sun 1:00PM
195955214,Beginner NFL Showdown $20 50-50 (HOU @ IND),153779,Showdown Captain Mode,20.0,0,4,1,72.0,2026-09-27 17:00:00+00:00,Sun 1:00PM
195955219,Beginner NFL Showdown $20 3-Player (HOU @ IND),153779,Showdown Captain Mode,20.0,0,3,1,54.0,2026-09-27 17:00:00+00:00,Sun 1:00PM
195955215,Beginner NFL Showdown $10 50-50 (HOU @ IND),153779,Showdown Captain Mode,10.0,0,4,1,36.0,2026-09-27 17:00:00+00:00,Sun 1:00PM
195955220,Beginner NFL Showdown $10 3-Player (HOU @ IND),153779,Showdown Captain Mode,10.0,0,3,1,27.0,2026-09-27 17:00:00+00:00,Sun 1:00PM
195955216,Beginner NFL Showdown $5 50-50 (HOU @ IND),153779,Showdown Captain Mode,5.0,0,4,1,18.0,2026-09-27 17:00:00+00:00,Sun 1:00PM
195955221,Beginner NFL Showdown $5 3-Player (HOU @ IND),153779,Showdown Captain Mode,5.0,0,3,1,13.5,2026-09-27 17:00:00+00:00,Sun 1:00PM
195955217,Beginner NFL Showdown $3 50-50 (HOU @ IND),153779,Showdown Captain Mode,3.0,0,4,1,10.8,2026-09-27 17:00:00+00:00,Sun 1:00PM
195955222,Beginner NFL Showdown $2 3-Player (HOU @ IND),153779,Showdown Captain Mode,2.0,0,3,1,5.4,2026-09-27 17:00:00+00:00,Sun 1:00PM
195955302,Beginner NFL Showdown $1 50-50 (HOU @ IND),153779,Showdown Captain Mode,1.0,0,4,1,3.6,2026-09-27 17:00:00+00:00,Sun 1:00PM
195955223,Beginner NFL Showdown $1 3-Player (HOU @ IND),153779,Showdown Captain Mode,1.0,0,3,1,2.7,2026-09-27 17:00:00+00:00,Sun 1:00PM
195955224,"NFL Showdown $10,600 3-Player (HOU @ IND)",153779,Showdown Captain Mode,10600.0,0,3,1,30000.0,2026-09-27 17:00:00+00:00,Sun 1:00PM
195955225,"NFL Showdown $10,600 3-Player (HOU @ IND)",153779,Showdown Captain Mode,10600.0,0,3,1,30000.0,2026-09-27 17:00:00+00:00,Sun 1:00PM
195955228,"NFL Showdown $5,300 50-50 (HOU @ IND)",153779,Showdown Captain Mode,5300.0,0,4,1,20000.0,2026-09-27 17:00:00+00:00,Sun 1:00PM
195955229,"NFL Showdown $5,300 50-50 (HOU @ IND)",153779,Showdown Captain Mode,5300.0,0,4,1,20000.0,2026-09-27 17:00:00+00:00,Sun 1:00PM
195955226,"NFL Showdown $5,300 3-Player (HOU @ IND)",153779,Showdown Captain Mode,5300.0,0,3,1,15000.0,2026-09-27 17:00:00+00:00,Sun 1:00PM
195955227,"NFL Showdown $5,300 3-Player (HOU @ IND)",153779,Showdown Captain Mode,5300.0,0,3,1,15000.0,2026-09-27 17:00:00+00:00,Sun 1:00PM
195955230,"NFL Showdown $1,060 50-50 (HOU @ IND)",153779,Showdown Captain Mode,1060.0,0,4,1,4000.0,2026-09-27 17:00:00+00:00,Sun 1:00PM
195955231,"NFL Showdown $1,060 50-50 (HOU @ IND)",153779,Showdown Captain Mode,1060.0,0,4,1,4000.0,2026-09-27 17:00:00+00:00,Sun 1:00PM
195955232,"NFL Showdown $1,060 3-Player (HOU @ IND)",153779,Showdown Captain Mode,1060.0,0,3,1,3000.0,2026-09-27 17:00:00+00:00,Sun 1:00PM
195955233,"NFL Showdown $1,060 3-Player (HOU @ IND)",153779,Showdown Captain Mode,1060.0,0,3,1,3000.0,2026-09-27 17:00:00+00:00,Sun 1:00PM
195955234,NFL Showdown $530 50-50 (HOU @ IND),153779,Showdown Captain Mode,530.0,0,4,1,2000.0,2026-09-27 17:00:00+00:00,Sun 1:00PM
195955235,NFL Showdown $530 50-50 (HOU @ IND),153779,Showdown Captain Mode,530.0,0,4,1,2000.0,2026-09-27 17:00:00+00:00,Sun 1:00PM
195955236,NFL Showdown $530 3-Player (HOU @ IND),153779,Showdown Captain Mode,530.0,0,3,1,1500.0,2026-09-27 17:00:00+00:00,Sun 1:00PM
195955237,NFL Showdown $530 3-Player (HOU @ IND),153779,Showdown Captain Mode,530.0,0,3,1,1500.0,2026-09-27 17:00:00+00:00,Sun 1:00PM
195955296,NFL Showdown $270 50-50 (HOU @ IND),153779,Showdown Captain Mode,270.0,0,4,1,1000.0,2026-09-27 17:00:00+00:00,Sun 1:00PM
195955297,NFL Showdown $270 50-50 (HOU @ IND),153779,Showdown Captain Mode,270.0,0,4,1,1000.0,2026-09-27 17:00:00+00:00,Sun 1:00PM
195955242,NFL Showdown $270 3-Player (HOU @ IND),153779,Showdown Captain Mode,270.0,0,3,1,750.0,2026-09-27 17:00:00+00:00,Sun 1:00PM
195955243,NFL Showdown $270 3-Player (HOU @ IND),153779,Showdown Captain Mode,270.0,0,3,1,750.0,2026-09-27 17:00:00+00:00,Sun 1:00PM
195955245,NFL Showdown $109 50-50 (HOU @ IND),153779,Showdown Captain Mode,109.0,0,4,1,400.0,2026-09-27 17:00:00+00:00,Sun 1:00PM
195955246,NFL Showdown $109 50-50 (HOU @ IND),153779,Showdown Captain Mode,109.0,0,4,1,400.0,2026-09-27 17:00:00+00:00,Sun 1:00PM
195955249,NFL Showdown $109 3-Player (HOU @ IND),153779,Showdown Captain Mode,109.0,0,3,1,300.0,2026-09-27 17:00:00+00:00,Sun 1:00PM
195955250,NFL Showdown $109 3-Player (HOU @ IND),153779,Showdown Captain Mode,109.0,0,3,1,300.0,2026-09-27 17:00:00+00:00,Sun 1:00PM
195955251,NFL Showdown $109 3-Player (HOU @ IND),153779,Showdown Captain Mode,109.0,0,3,1,300.0,2026-09-27 17:00:00+00:00,Sun 1:00PM
195955258,NFL Showdown $50 50-50 (HOU @ IND),153779,Showdown Captain Mode,50.0,0,8,1,360.0,2026-09-27 17:00:00+00:00,Sun 1:00PM
195955255,NFL Showdown $50 50-50 (HOU @ IND),153779,Showdown Captain Mode,50.0,0,4,1,180.0,2026-09-27 17:00:00+00:00,Sun 1:00PM
195955289,NFL Showdown $50 Double Up (HOU @ IND),153779,Showdown Captain Mode,50.0,0,22,1,1000.0,2026-09-27 17:00:00+00:00,Sun 1:00PM
195955288,NFL Showdown $50 Double Up (HOU @ IND),153779,Showdown Captain Mode,50.0,0,11,1,500.0,2026-09-27 17:00:00+00:00,Sun 1:00PM
195955264,NFL Showdown $50 3-Player (HOU @ IND),153779,Showdown Captain Mode,50.0,0,3,1,135.0,2026-09-27 17:00:00+00:00,Sun 1:00PM
195955287,NFL Showdown $25 Double Up (HOU @ IND),153779,Showdown Captain Mode,25.0,0,22,1,500.0,2026-09-27 17:00:00+00:00,Sun 1:00PM
195955286,NFL Showdown $25 Double Up (HOU @ IND),153779,Showdown Captain Mode,25.0,0,11,1,250.0,2026-09-27 17:00:00+00:00,Sun 1:00PM
195955275,NFL Showdown $20 50-50 (HOU @ IND),153779,Showdown Captain Mode,20.0,0,10,1,180.0,2026-09-27 17:00:00+00:00,Sun 1:00PM
195955271,NFL Showdown $20 50-50 (HOU @ IND),153779,Showdown Captain Mode,20.0,0,4,1,72.0,2026-09-27 17:00:00+00:00,Sun 1:00PM
195955276,NFL Showdown $20 5-Player (HOU @ IND),153779,Showdown Captain Mode,20.0,0,5,1,90.0,2026-09-27 17:00:00+00:00,Sun 1:00PM
195955277,NFL Showdown $20 3-Player (HOU @ IND),153779,Showdown Captain Mode,20.0,0,3,1,54.0,2026-09-27 17:00:00+00:00,Sun 1:00PM
195955278,NFL Showdown $20 3-Player (HOU @ IND),153779,Showdown Captain Mode,20.0,0,3,1,54.0,2026-09-27 17:00:00+00:00,Sun 1:00PM
195955280,NFL Showdown $10 50-50 (HOU @ IND),153779,Showdown Captain Mode,10.0,0,10,1,90.0,2026-09-27 17:00:00+00:00,Sun 1:00PM
195955279,NFL Showdown $10 50-50 (HOU @ IND),153779,Showdown Captain Mode,10.0,0,4,1,36.0,2026-09-27 17:00:00+00:00,Sun 1:00PM
195955284,NFL Showdown $10 Double Up (HOU @ IND),153779,Showdown Captain Mode,10.0,0,11,1,100.0,2026-09-27 17:00:00+00:00,Sun 1:00PM
195955285,NFL Showdown $10 Double Up (HOU @ IND),153779,Showdown Captain Mode,10.0,0,11,1,100.0,2026-09-27 17:00:00+00:00,Sun 1:00PM
195955281,NFL Showdown $10 5-Player (HOU @ IND),153779,Showdown Captain Mode,10.0,0,5,1,45.0,2026-09-27 17:00:00+00:00,Sun 1:00PM
195955282,NFL Showdown $10 3-Player (HOU @ IND),153779,Showdown Captain Mode,10.0,0,3,1,27.0,2026-09-27 17:00:00+00:00,Sun 1:00PM
195955283,NFL Showdown $10 3-Player (HOU @ IND),153779,Showdown Captain Mode,10.0,0,3,1,27.0,2026-09-27 17:00:00+00:00,Sun 1:00PM
195955238,NFL Showdown $5 50-50 (HOU @ IND),153779,Showdown Captain Mode,5.0,0,10,1,45.0,2026-09-27 17:00:00+00:00,Sun 1:00PM
195955239,NFL Showdown $5 50-50 (HOU @ IND),153779,Showdown Captain Mode,5.0,0,4,1,18.0,2026-09-27 17:00:00+00:00,Sun 1:00PM
195955240,NFL Showdown $5 50-50 (HOU @ IND),153779,Showdown Captain Mode,5.0,0,4,1,18.0,2026-09-27 17:00:00+00:00,Sun 1:00PM
195955290,NFL Showdown $5 Double Up (HOU @ IND),153779,Showdown Captain Mode,5.0,0,11,1,50.0,2026-09-27 17:00:00+00:00,Sun 1:00PM
195955291,NFL Showdown $5 Double Up (HOU @ IND),153779,Showdown Captain Mode,5.0,0,11,1,50.0,2026-09-27 17:00:00+00:00,Sun 1:00PM
195955241,NFL Showdown $5 20-Player (HOU @ IND),153779,Showdown Captain Mode,5.0,0,20,1,90.0,2026-09-27 17:00:00+00:00,Sun 1:00PM
195955244,NFL Showdown $5 10-Player (HOU @ IND),153779,Showdown Captain Mode,5.0,0,10,1,45.0,2026-09-27 17:00:00+00:00,Sun 1:00PM
195955298,NFL Showdown $5 5-Player (HOU @ IND),153779,Showdown Captain Mode,5.0,0,5,1,22.5,2026-09-27 17:00:00+00:00,Sun 1:00PM
195955299,NFL Showdown $5 5-Player (HOU @ IND),153779,Showdown Captain Mode,5.0,0,5,1,22.5,2026-09-27 17:00:00+00:00,Sun 1:00PM
195955300,NFL Showdown $5 3-Player (HOU @ IND),153779,Showdown Captain Mode,5.0,0,3,1,13.5,2026-09-27 17:00:00+00:00,Sun 1:00PM
195955301,NFL Showdown $5 3-Player (HOU @ IND),153779,Showdown Captain Mode,5.0,0,3,1,13.5,2026-09-27 17:00:00+00:00,Sun 1:00PM
195955292,NFL Showdown $3 Double Up (HOU @ IND),153779,Showdown Captain Mode,3.0,0,11,1,30.0,2026-09-27 17:00:00+00:00,Sun 1:00PM
195955293,NFL Showdown $3 Double Up (HOU @ IND),153779,Showdown Captain Mode,3.0,0,11,1,30.0,2026-09-27 17:00:00+00:00,Sun 1:00PM
195955247,NFL Showdown $2 50-50 (HOU @ IND),153779,Showdown Captain Mode,2.0,0,20,1,36.0,2026-09-27 17:00:00+00:00,Sun 1:00PM
195955248,NFL Showdown $2 50-50 (HOU @ IND),153779,Showdown Captain Mode,2.0,0,10,1,18.0,2026-09-27 17:00:00+00:00,Sun 1:00PM
195955252,NFL Showdown $2 20-Player (HOU @ IND),153779,Showdown Captain Mode,2.0,0,20,1,36.0,2026-09-27 17:00:00+00:00,Sun 1:00PM
195955253,NFL Showdown $2 10-Player (HOU @ IND),153779,Showdown Captain Mode,2.0,0,10,1,18.0,2026-09-27 17:00:00+00:00,Sun 1:00PM
195955254,NFL Showdown $2 10-Player (HOU @ IND),153779,Showdown Captain Mode,2.0,0,10,1,18.0,2026-09-27 17:00:00+00:00,Sun 1:00PM
195955256,NFL Showdown $2 5-Player (HOU @ IND),153779,Showdown Captain Mode,2.0,0,5,1,9.0,2026-09-27 17:00:00+00:00,Sun 1:00PM
195955257,NFL Showdown $2 5-Player (HOU @ IND),153779,Showdown Captain Mode,2.0,0,5,1,9.0,2026-09-27 17:00:00+00:00,Sun 1:00PM
195955259,NFL Showdown $2 3-Player (HOU @ IND),153779,Showdown Captain Mode,2.0,0,3,1,5.4,2026-09-27 17:00:00+00:00,Sun 1:00PM
195955260,NFL Showdown $2 3-Player (HOU @ IND),153779,Showdown Captain Mode,2.0,0,3,1,5.4,2026-09-27 17:00:00+00:00,Sun 1:00PM
195955261,NFL Showdown $1 50-50 (HOU @ IND),153779,Showdown Captain Mode,1.0,0,20,1,18.0,2026-09-27 17:00:00+00:00,Sun 1:00PM
195955262,NFL Showdown $1 50-50 (HOU @ IND),153779,Showdown Captain Mode,1.0,0,10,1,9.0,2026-09-27 17:00:00+00:00,Sun 1:00PM
195955263,NFL Showdown $1 50-50 (HOU @ IND),153779,Showdown Captain Mode,1.0,0,10,1,9.0,2026-09-27 17:00:00+00:00,Sun 1:00PM
195955294,NFL Showdown $1 Double Up (HOU @ IND),153779,Showdown Captain Mode,1.0,0,11,1,10.0,2026-09-27 17:00:00+00:00,Sun 1:00PM
195955295,NFL Showdown $1 Double Up (HOU @ IND),153779,Showdown Captain Mode,1.0,0,11,1,10.0,2026-09-27 17:00:00+00:00,Sun 1:00PM
195955265,NFL Showdown $1 20-Player (HOU @ IND),153779,Showdown Captain Mode,1.0,0,20,1,18.0,2026-09-27 17:00:00+00:00,Sun 1:00PM
195955266,NFL Showdown $1 10-Player (HOU @ IND),153779,Showdown Captain Mode,1.0,0,10,1,9.0,2026-09-27 17:00:00+00:00,Sun 1:00PM
195955267,NFL Showdown $1 10-Player (HOU @ IND),153779,Showdown Captain Mode,1.0,0,10,1,9.0,2026-09-27 17:00:00+00:00,Sun 1:00PM
195955268,NFL Showdown $1 5-Player (HOU @ IND),153779,Showdown Captain Mode,1.0,0,5,1,4.5,2026-09-27 17:00:00+00:00,Sun 1:00PM
195955269,NFL Showdown $1 5-Player (HOU @ IND),153779,Showdown Captain Mode,1.0,0,5,1,4.5,2026-09-27 17:00:00+00:00,Sun 1:00PM
195955270,NFL Showdown $1 5-Player (HOU @ IND),153779,Showdown Captain Mode,1.0,0,5,1,4.5,2026-09-27 17:00:00+00:00,Sun 1:00PM
195955272,NFL Showdown $1 3-Player (HOU @ IND),153779,Showdown Captain Mode,1.0,0,3,1,2.7,2026-09-27 17:00:00+00:00,Sun 1:00PM
195955273,NFL Showdown $1 3-Player (HOU @ IND),153779,Showdown Captain Mode,1.0,0,3,1,2.7,2026-09-27 17:00:00+00:00,Sun 1:00PM
195955274,NFL Showdown $1 3-Player (HOU @ IND),153779,Showdown Captain Mode,1.0,0,3,1,2.7,2026-09-27 17:00:00+00:00,Sun 1:00PM
195955392,NFL Showdown $3 Double Up (KC @ MIA),153780,Showdown Captain Mode,3.0,2,11,1,30.0,2026-09-27 17:00:00+00:00,Sun 1:00PM
195955348,NFL Showdown $2 50-50 (KC @ MIA),153780,Showdown Captain Mode,2.0,1,10,1,18.0,2026-09-27 17:00:00+00:00,Sun 1:00PM
195968132,NFL Showdown $2 200-Player (Top 3 Win) (KC @ MIA),153780,Showdown Captain Mode,2.0,1,200,1,360.0,2026-09-27 17:00:00+00:00,Sun 1:00PM
195955409,NFL Showdown Satellite to $20 NFL Fantasy Football Millionaire [Must Fill] (KC @ MIA),153780,Showdown Captain Mode,7.4,0,3,1,20.0,2026-09-27 17:00:00+00:00,Sun 1:00PM
195955313,Beginner NFL Showdown $50 50-50 (KC @ MIA),153780,Showdown Captain Mode,50.0,0,4,1,180.0,2026-09-27 17:00:00+00:00,Sun 1:00PM
195955318,Beginner NFL Showdown $50 3-Player (KC @ MIA),153780,Showdown Captain Mode,50.0,0,3,1,135.0,2026-09-27 17:00:00+00:00,Sun 1:00PM
195955314,Beginner NFL Showdown $20 50-50 (KC @ MIA),153780,Showdown Captain Mode,20.0,0,4,1,72.0,2026-09-27 17:00:00+00:00,Sun 1:00PM
195955319,Beginner NFL Showdown $20 3-Player (KC @ MIA),153780,Showdown Captain Mode,20.0,0,3,1,54.0,2026-09-27 17:00:00+00:00,Sun 1:00PM
195955315,Beginner NFL Showdown $10 50-50 (KC @ MIA),153780,Showdown Captain Mode,10.0,0,4,1,36.0,2026-09-27 17:00:00+00:00,Sun 1:00PM
195955320,Beginner NFL Showdown $10 3-Player (KC @ MIA),153780,Showdown Captain Mode,10.0,0,3,1,27.0,2026-09-27 17:00:00+00:00,Sun 1:00PM
195955316,Beginner NFL Showdown $5 50-50 (KC @ MIA),153780,Showdown Captain Mode,5.0,0,4,1,18.0,2026-09-27 17:00:00+00:00,Sun 1:00PM
195955321,Beginner NFL Showdown $5 3-Player (KC @ MIA),153780,Showdown Captain Mode,5.0,0,3,1,13.5,2026-09-27 17:00:00+00:00,Sun 1:00PM
195955317,Beginner NFL Showdown $3 50-50 (KC @ MIA),153780,Showdown Captain Mode,3.0,0,4,1,10.8,2026-09-27 17:00:00+00:00,Sun 1:00PM
195955322,Beginner NFL Showdown $2 3-Player (KC @ MIA),153780,Showdown Captain Mode,2.0,0,3,1,5.4,2026-09-27 17:00:00+00:00,Sun 1:00PM
195955402,Beginner NFL Showdown $1 50-50 (KC @ MIA),153780,Showdown Captain Mode,1.0,0,4,1,3.6,2026-09-27 17:00:00+00:00,Sun 1:00PM
195955323,Beginner NFL Showdown $1 3-Player (KC @ MIA),153780,Showdown Captain Mode,1.0,0,3,1,2.7,2026-09-27 17:00:00+00:00,Sun 1:00PM
195955324,"NFL Showdown $10,600 3-Player (KC @ MIA)",153780,Showdown Captain Mode,10600.0,0,3,1,30000.0,2026-09-27 17:00:00+00:00,Sun 1:00PM
195955325,"NFL Showdown $10,600 3-Player (KC @ MIA)",153780,Showdown Captain Mode,10600.0,0,3,1,30000.0,2026-09-27 17:00:00+00:00,Sun 1:00PM
195955328,"NFL Showdown $5,300 50-50 (KC @ MIA)",153780,Showdown Captain Mode,5300.0,0,4,1,20000.0,2026-09-27 17:00:00+00:00,Sun 1:00PM
195955329,"NFL Showdown $5,300 50-50 (KC @ MIA)",153780,Showdown Captain Mode,5300.0,0,4,1,20000.0,2026-09-27 17:00:00+00:00,Sun 1:00PM
195955326,"NFL Showdown $5,300 3-Player (KC @ MIA)",153780,Showdown Captain Mode,5300.0,0,3,1,15000.0,2026-09-27 17:00:00+00:00,Sun 1:00PM
195955327,"NFL Showdown $5,300 3-Player (KC @ MIA)",153780,Showdown Captain Mode,5300.0,0,3,1,15000.0,2026-09-27 17:00:00+00:00,Sun 1:00PM
195955330,"NFL Showdown $1,060 50-50 (KC @ MIA)",153780,Showdown Captain Mode,1060.0,0,4,1,4000.0,2026-09-27 17:00:00+00:00,Sun 1:00PM
195955331,"NFL Showdown $1,060 50-50 (KC @ MIA)",153780,Showdown Captain Mode,1060.0,0,4,1,4000.0,2026-09-27 17:00:00+00:00,Sun 1:00PM
195955332,"NFL Showdown $1,060 3-Player (KC @ MIA)",153780,Showdown Captain Mode,1060.0,0,3,1,3000.0,2026-09-27 17:00:00+00:00,Sun 1:00PM
195955333,"NFL Showdown $1,060 3-Player (KC @ MIA)",153780,Showdown Captain Mode,1060.0,0,3,1,3000.0,2026-09-27 17:00:00+00:00,Sun 1:00PM
195955334,NFL Showdown $530 50-50 (KC @ MIA),153780,Showdown Captain Mode,530.0,0,4,1,2000.0,2026-09-27 17:00:00+00:00,Sun 1:00PM
195955335,NFL Showdown $530 50-50 (KC @ MIA),153780,Showdown Captain Mode,530.0,0,4,1,2000.0,2026-09-27 17:00:00+00:00,Sun 1:00PM
195955336,NFL Showdown $530 3-Player (KC @ MIA),153780,Showdown Captain Mode,530.0,0,3,1,1500.0,2026-09-27 17:00:00+00:00,Sun 1:00PM
195955337,NFL Showdown $530 3-Player (KC @ MIA),153780,Showdown Captain Mode,530.0,0,3,1,1500.0,2026-09-27 17:00:00+00:00,Sun 1:00PM
195955396,NFL Showdown $270 50-50 (KC @ MIA),153780,Showdown Captain Mode,270.0,0,4,1,1000.0,2026-09-27 17:00:00+00:00,Sun 1:00PM
195955397,NFL Showdown $270 50-50 (KC @ MIA),153780,Showdown Captain Mode,270.0,0,4,1,1000.0,2026-09-27 17:00:00+00:00,Sun 1:00PM
195955342,NFL Showdown $270 3-Player (KC @ MIA),153780,Showdown Captain Mode,270.0,0,3,1,750.0,2026-09-27 17:00:00+00:00,Sun 1:00PM
195955343,NFL Showdown $270 3-Player (KC @ MIA),153780,Showdown Captain Mode,270.0,0,3,1,750.0,2026-09-27 17:00:00+00:00,Sun 1:00PM
195955345,NFL Showdown $109 50-50 (KC @ MIA),153780,Showdown Captain Mode,109.0,0,4,1,400.0,2026-09-27 17:00:00+00:00,Sun 1:00PM
195955346,NFL Showdown $109 50-50 (KC @ MIA),153780,Showdown Captain Mode,109.0,0,4,1,400.0,2026-09-27 17:00:00+00:00,Sun 1:00PM
195955349,NFL Showdown $109 3-Player (KC @ MIA),153780,Showdown Captain Mode,109.0,0,3,1,300.0,2026-09-27 17:00:00+00:00,Sun 1:00PM
195955350,NFL Showdown $109 3-Player (KC @ MIA),153780,Showdown Captain Mode,109.0,0,3,1,300.0,2026-09-27 17:00:00+00:00,Sun 1:00PM
195955351,NFL Showdown $109 3-Player (KC @ MIA),153780,Showdown Captain Mode,109.0,0,3,1,300.0,2026-09-27 17:00:00+00:00,Sun 1:00PM
195955358,NFL Showdown $50 50-50 (KC @ MIA),153780,Showdown Captain Mode,50.0,0,8,1,360.0,2026-09-27 17:00:00+00:00,Sun 1:00PM
195955355,NFL Showdown $50 50-50 (KC @ MIA),153780,Showdown Captain Mode,50.0,0,4,1,180.0,2026-09-27 17:00:00+00:00,Sun 1:00PM
195955389,NFL Showdown $50 Double Up (KC @ MIA),153780,Showdown Captain Mode,50.0,0,22,1,1000.0,2026-09-27 17:00:00+00:00,Sun 1:00PM
195955388,NFL Showdown $50 Double Up (KC @ MIA),153780,Showdown Captain Mode,50.0,0,11,1,500.0,2026-09-27 17:00:00+00:00,Sun 1:00PM
195955364,NFL Showdown $50 3-Player (KC @ MIA),153780,Showdown Captain Mode,50.0,0,3,1,135.0,2026-09-27 17:00:00+00:00,Sun 1:00PM
195955387,NFL Showdown $25 Double Up (KC @ MIA),153780,Showdown Captain Mode,25.0,0,22,1,500.0,2026-09-27 17:00:00+00:00,Sun 1:00PM
195955386,NFL Showdown $25 Double Up (KC @ MIA),153780,Showdown Captain Mode,25.0,0,11,1,250.0,2026-09-27 17:00:00+00:00,Sun 1:00PM
195955375,NFL Showdown $20 50-50 (KC @ MIA),153780,Showdown Captain Mode,20.0,0,10,1,180.0,2026-09-27 17:00:00+00:00,Sun 1:00PM
195955371,NFL Showdown $20 50-50 (KC @ MIA),153780,Showdown Captain Mode,20.0,0,4,1,72.0,2026-09-27 17:00:00+00:00,Sun 1:00PM
195955376,NFL Showdown $20 5-Player (KC @ MIA),153780,Showdown Captain Mode,20.0,0,5,1,90.0,2026-09-27 17:00:00+00:00,Sun 1:00PM
195955377,NFL Showdown $20 3-Player (KC @ MIA),153780,Showdown Captain Mode,20.0,0,3,1,54.0,2026-09-27 17:00:00+00:00,Sun 1:00PM
195955378,NFL Showdown $20 3-Player (KC @ MIA),153780,Showdown Captain Mode,20.0,0,3,1,54.0,2026-09-27 17:00:00+00:00,Sun 1:00PM
195955380,NFL Showdown $10 50-50 (KC @ MIA),153780,Showdown Captain Mode,10.0,0,10,1,90.0,2026-09-27 17:00:00+00:00,Sun 1:00PM
195955379,NFL Showdown $10 50-50 (KC @ MIA),153780,Showdown Captain Mode,10.0,0,4,1,36.0,2026-09-27 17:00:00+00:00,Sun 1:00PM
195955384,NFL Showdown $10 Double Up (KC @ MIA),153780,Showdown Captain Mode,10.0,0,11,1,100.0,2026-09-27 17:00:00+00:00,Sun 1:00PM
195955385,NFL Showdown $10 Double Up (KC @ MIA),153780,Showdown Captain Mode,10.0,0,11,1,100.0,2026-09-27 17:00:00+00:00,Sun 1:00PM
195955381,NFL Showdown $10 5-Player (KC @ MIA),153780,Showdown Captain Mode,10.0,0,5,1,45.0,2026-09-27 17:00:00+00:00,Sun 1:00PM
195955382,NFL Showdown $10 3-Player (KC @ MIA),153780,Showdown Captain Mode,10.0,0,3,1,27.0,2026-09-27 17:00:00+00:00,Sun 1:00PM
195955383,NFL Showdown $10 3-Player (KC @ MIA),153780,Showdown Captain Mode,10.0,0,3,1,27.0,2026-09-27 17:00:00+00:00,Sun 1:00PM
195955338,NFL Showdown $5 50-50 (KC @ MIA),153780,Showdown Captain Mode,5.0,0,10,1,45.0,2026-09-27 17:00:00+00:00,Sun 1:00PM
195955339,NFL Showdown $5 50-50 (KC @ MIA),153780,Showdown Captain Mode,5.0,0,4,1,18.0,2026-09-27 17:00:00+00:00,Sun 1:00PM
195955340,NFL Showdown $5 50-50 (KC @ MIA),153780,Showdown Captain Mode,5.0,0,4,1,18.0,2026-09-27 17:00:00+00:00,Sun 1:00PM
195955390,NFL Showdown $5 Double Up (KC @ MIA),153780,Showdown Captain Mode,5.0,0,11,1,50.0,2026-09-27 17:00:00+00:00,Sun 1:00PM
195955391,NFL Showdown $5 Double Up (KC @ MIA),153780,Showdown Captain Mode,5.0,0,11,1,50.0,2026-09-27 17:00:00+00:00,Sun 1:00PM
195955341,NFL Showdown $5 20-Player (KC @ MIA),153780,Showdown Captain Mode,5.0,0,20,1,90.0,2026-09-27 17:00:00+00:00,Sun 1:00PM
195955344,NFL Showdown $5 10-Player (KC @ MIA),153780,Showdown Captain Mode,5.0,0,10,1,45.0,2026-09-27 17:00:00+00:00,Sun 1:00PM
195955398,NFL Showdown $5 5-Player (KC @ MIA),153780,Showdown Captain Mode,5.0,0,5,1,22.5,2026-09-27 17:00:00+00:00,Sun 1:00PM
195955399,NFL Showdown $5 5-Player (KC @ MIA),153780,Showdown Captain Mode,5.0,0,5,1,22.5,2026-09-27 17:00:00+00:00,Sun 1:00PM
195955400,NFL Showdown $5 3-Player (KC @ MIA),153780,Showdown Captain Mode,5.0,0,3,1,13.5,2026-09-27 17:00:00+00:00,Sun 1:00PM
195955401,NFL Showdown $5 3-Player (KC @ MIA),153780,Showdown Captain Mode,5.0,0,3,1,13.5,2026-09-27 17:00:00+00:00,Sun 1:00PM
195955393,NFL Showdown $3 Double Up (KC @ MIA),153780,Showdown Captain Mode,3.0,0,11,1,30.0,2026-09-27 17:00:00+00:00,Sun 1:00PM
195965407,NFL Showdown $3 Double Up (KC @ MIA),153780,Showdown Captain Mode,3.0,0,11,1,30.0,2026-09-27 17:00:00+00:00,Sun 1:00PM
195955347,NFL Showdown $2 50-50 (KC @ MIA),153780,Showdown Captain Mode,2.0,0,20,1,36.0,2026-09-27 17:00:00+00:00,Sun 1:00PM
195970681,NFL Showdown $2 50-50 (KC @ MIA),153780,Showdown Captain Mode,2.0,0,10,1,18.0,2026-09-27 17:00:00+00:00,Sun 1:00PM
195955352,NFL Showdown $2 20-Player (KC @ MIA),153780,Showdown Captain Mode,2.0,0,20,1,36.0,2026-09-27 17:00:00+00:00,Sun 1:00PM
195955353,NFL Showdown $2 10-Player (KC @ MIA),153780,Showdown Captain Mode,2.0,0,10,1,18.0,2026-09-27 17:00:00+00:00,Sun 1:00PM
195955354,NFL Showdown $2 10-Player (KC @ MIA),153780,Showdown Captain Mode,2.0,0,10,1,18.0,2026-09-27 17:00:00+00:00,Sun 1:00PM
195955356,NFL Showdown $2 5-Player (KC @ MIA),153780,Showdown Captain Mode,2.0,0,5,1,9.0,2026-09-27 17:00:00+00:00,Sun 1:00PM
195955357,NFL Showdown $2 5-Player (KC @ MIA),153780,Showdown Captain Mode,2.0,0,5,1,9.0,2026-09-27 17:00:00+00:00,Sun 1:00PM
195955359,NFL Showdown $2 3-Player (KC @ MIA),153780,Showdown Captain Mode,2.0,0,3,1,5.4,2026-09-27 17:00:00+00:00,Sun 1:00PM
195955360,NFL Showdown $2 3-Player (KC @ MIA),153780,Showdown Captain Mode,2.0,0,3,1,5.4,2026-09-27 17:00:00+00:00,Sun 1:00PM
195955361,NFL Showdown $1 50-50 (KC @ MIA),153780,Showdown Captain Mode,1.0,0,20,1,18.0,2026-09-27 17:00:00+00:00,Sun 1:00PM
195955362,NFL Showdown $1 50-50 (KC @ MIA),153780,Showdown Captain Mode,1.0,0,10,1,9.0,2026-09-27 17:00:00+00:00,Sun 1:00PM
195955363,NFL Showdown $1 50-50 (KC @ MIA),153780,Showdown Captain Mode,1.0,0,10,1,9.0,2026-09-27 17:00:00+00:00,Sun 1:00PM
195955394,NFL Showdown $1 Double Up (KC @ MIA),153780,Showdown Captain Mode,1.0,0,11,1,10.0,2026-09-27 17:00:00+00:00,Sun 1:00PM
195955395,NFL Showdown $1 Double Up (KC @ MIA),153780,Showdown Captain Mode,1.0,0,11,1,10.0,2026-09-27 17:00:00+00:00,Sun 1:00PM
195955365,NFL Showdown $1 20-Player (KC @ MIA),153780,Showdown Captain Mode,1.0,0,20,1,18.0,2026-09-27 17:00:00+00:00,Sun 1:00PM
195955366,NFL Showdown $1 10-Player (KC @ MIA),153780,Showdown Captain Mode,1.0,0,10,1,9.0,2026-09-27 17:00:00+00:00,Sun 1:00PM
195955367,NFL Showdown $1 10-Player (KC @ MIA),153780,Showdown Captain Mode,1.0,0,10,1,9.0,2026-09-27 17:00:00+00:00,Sun 1:00PM
195955368,NFL Showdown $1 5-Player (KC @ MIA),153780,Showdown Captain Mode,1.0,0,5,1,4.5,2026-09-27 17:00:00+00:00,Sun 1:00PM
195955369,NFL Showdown $1 5-Player (KC @ MIA),153780,Showdown Captain Mode,1.0,0,5,1,4.5,2026-09-27 17:00:00+00:00,Sun 1:00PM
195955370,NFL Showdown $1 5-Player (KC @ MIA),153780,Showdown Captain Mode,1.0,0,5,1,4.5,2026-09-27 17:00:00+00:00,Sun 1:00PM
195955372,NFL Showdown $1 3-Player (KC @ MIA),153780,Showdown Captain Mode,1.0,0,3,1,2.7,2026-09-27 17:00:00+00:00,Sun 1:00PM
195955373,NFL Showdown $1 3-Player (KC @ MIA),153780,Showdown Captain Mode,1.0,0,3,1,2.7,2026-09-27 17:00:00+00:00,Sun 1:00PM
195955374,NFL Showdown $1 3-Player (KC @ MIA),153780,Showdown Captain Mode,1.0,0,3,1,2.7,2026-09-27 17:00:00+00:00,Sun 1:00PM
195955509,NFL Showdown Satellite to $20 NFL Fantasy Football Millionaire [Must Fill] (SEA @ WAS),153781,Showdown Captain Mode,7.4,0,3,1,20.0,2026-09-27 17:00:00+00:00,Sun 1:00PM
195955413,Beginner NFL Showdown $50 50-50 (SEA @ WAS),153781,Showdown Captain Mode,50.0,0,4,1,180.0,2026-09-27 17:00:00+00:00,Sun 1:00PM
195955418,Beginner NFL Showdown $50 3-Player (SEA @ WAS),153781,Showdown Captain Mode,50.0,0,3,1,135.0,2026-09-27 17:00:00+00:00,Sun 1:00PM
195955414,Beginner NFL Showdown $20 50-50 (SEA @ WAS),153781,Showdown Captain Mode,20.0,0,4,1,72.0,2026-09-27 17:00:00+00:00,Sun 1:00PM
195955419,Beginner NFL Showdown $20 3-Player (SEA @ WAS),153781,Showdown Captain Mode,20.0,0,3,1,54.0,2026-09-27 17:00:00+00:00,Sun 1:00PM
195955415,Beginner NFL Showdown $10 50-50 (SEA @ WAS),153781,Showdown Captain Mode,10.0,0,4,1,36.0,2026-09-27 17:00:00+00:00,Sun 1:00PM
195955420,Beginner NFL Showdown $10 3-Player (SEA @ WAS),153781,Showdown Captain Mode,10.0,0,3,1,27.0,2026-09-27 17:00:00+00:00,Sun 1:00PM
195955416,Beginner NFL Showdown $5 50-50 (SEA @ WAS),153781,Showdown Captain Mode,5.0,0,4,1,18.0,2026-09-27 17:00:00+00:00,Sun 1:00PM
195955421,Beginner NFL Showdown $5 3-Player (SEA @ WAS),153781,Showdown Captain Mode,5.0,0,3,1,13.5,2026-09-27 17:00:00+00:00,Sun 1:00PM
195955417,Beginner NFL Showdown $3 50-50 (SEA @ WAS),153781,Showdown Captain Mode,3.0,0,4,1,10.8,2026-09-27 17:00:00+00:00,Sun 1:00PM
195955422,Beginner NFL Showdown $2 3-Player (SEA @ WAS),153781,Showdown Captain Mode,2.0,0,3,1,5.4,2026-09-27 17:00:00+00:00,Sun 1:00PM
195955502,Beginner NFL Showdown $1 50-50 (SEA @ WAS),153781,Showdown Captain Mode,1.0,0,4,1,3.6,2026-09-27 17:00:00+00:00,Sun 1:00PM
195955423,Beginner NFL Showdown $1 3-Player (SEA @ WAS),153781,Showdown Captain Mode,1.0,0,3,1,2.7,2026-09-27 17:00:00+00:00,Sun 1:00PM
195955424,"NFL Showdown $10,600 3-Player (SEA @ WAS)",153781,Showdown Captain Mode,10600.0,0,3,1,30000.0,2026-09-27 17:00:00+00:00,Sun 1:00PM
195955425,"NFL Showdown $10,600 3-Player (SEA @ WAS)",153781,Showdown Captain Mode,10600.0,0,3,1,30000.0,2026-09-27 17:00:00+00:00,Sun 1:00PM
195955428,"NFL Showdown $5,300 50-50 (SEA @ WAS)",153781,Showdown Captain Mode,5300.0,0,4,1,20000.0,2026-09-27 17:00:00+00:00,Sun 1:00PM
195955429,"NFL Showdown $5,300 50-50 (SEA @ WAS)",153781,Showdown Captain Mode,5300.0,0,4,1,20000.0,2026-09-27 17:00:00+00:00,Sun 1:00PM
195955426,"NFL Showdown $5,300 3-Player (SEA @ WAS)",153781,Showdown Captain Mode,5300.0,0,3,1,15000.0,2026-09-27 17:00:00+00:00,Sun 1:00PM
195955427,"NFL Showdown $5,300 3-Player (SEA @ WAS)",153781,Showdown Captain Mode,5300.0,0,3,1,15000.0,2026-09-27 17:00:00+00:00,Sun 1:00PM
195955430,"NFL Showdown $1,060 50-50 (SEA @ WAS)",153781,Showdown Captain Mode,1060.0,0,4,1,4000.0,2026-09-27 17:00:00+00:00,Sun 1:00PM
195955431,"NFL Showdown $1,060 50-50 (SEA @ WAS)",153781,Showdown Captain Mode,1060.0,0,4,1,4000.0,2026-09-27 17:00:00+00:00,Sun 1:00PM
195955432,"NFL Showdown $1,060 3-Player (SEA @ WAS)",153781,Showdown Captain Mode,1060.0,0,3,1,3000.0,2026-09-27 17:00:00+00:00,Sun 1:00PM
195955433,"NFL Showdown $1,060 3-Player (SEA @ WAS)",153781,Showdown Captain Mode,1060.0,0,3,1,3000.0,2026-09-27 17:00:00+00:00,Sun 1:00PM
195955434,NFL Showdown $530 50-50 (SEA @ WAS),153781,Showdown Captain Mode,530.0,0,4,1,2000.0,2026-09-27 17:00:00+00:00,Sun 1:00PM
195955435,NFL Showdown $530 50-50 (SEA @ WAS),153781,Showdown Captain Mode,530.0,0,4,1,2000.0,2026-09-27 17:00:00+00:00,Sun 1:00PM
195955436,NFL Showdown $530 3-Player (SEA @ WAS),153781,Showdown Captain Mode,530.0,0,3,1,1500.0,2026-09-27 17:00:00+00:00,Sun 1:00PM
195955437,NFL Showdown $530 3-Player (SEA @ WAS),153781,Showdown Captain Mode,530.0,0,3,1,1500.0,2026-09-27 17:00:00+00:00,Sun 1:00PM
195955496,NFL Showdown $270 50-50 (SEA @ WAS),153781,Showdown Captain Mode,270.0,0,4,1,1000.0,2026-09-27 17:00:00+00:00,Sun 1:00PM
195955497,NFL Showdown $270 50-50 (SEA @ WAS),153781,Showdown Captain Mode,270.0,0,4,1,1000.0,2026-09-27 17:00:00+00:00,Sun 1:00PM
195955442,NFL Showdown $270 3-Player (SEA @ WAS),153781,Showdown Captain Mode,270.0,0,3,1,750.0,2026-09-27 17:00:00+00:00,Sun 1:00PM
195955443,NFL Showdown $270 3-Player (SEA @ WAS),153781,Showdown Captain Mode,270.0,0,3,1,750.0,2026-09-27 17:00:00+00:00,Sun 1:00PM
195955445,NFL Showdown $109 50-50 (SEA @ WAS),153781,Showdown Captain Mode,109.0,0,4,1,400.0,2026-09-27 17:00:00+00:00,Sun 1:00PM
195955446,NFL Showdown $109 50-50 (SEA @ WAS),153781,Showdown Captain Mode,109.0,0,4,1,400.0,2026-09-27 17:00:00+00:00,Sun 1:00PM
195955449,NFL Showdown $109 3-Player (SEA @ WAS),153781,Showdown Captain Mode,109.0,0,3,1,300.0,2026-09-27 17:00:00+00:00,Sun 1:00PM
195955450,NFL Showdown $109 3-Player (SEA @ WAS),153781,Showdown Captain Mode,109.0,0,3,1,300.0,2026-09-27 17:00:00+00:00,Sun 1:00PM
195955451,NFL Showdown $109 3-Player (SEA @ WAS),153781,Showdown Captain Mode,109.0,0,3,1,300.0,2026-09-27 17:00:00+00:00,Sun 1:00PM
195955458,NFL Showdown $50 50-50 (SEA @ WAS),153781,Showdown Captain Mode,50.0,0,8,1,360.0,2026-09-27 17:00:00+00:00,Sun 1:00PM
195955455,NFL Showdown $50 50-50 (SEA @ WAS),153781,Showdown Captain Mode,50.0,0,4,1,180.0,2026-09-27 17:00:00+00:00,Sun 1:00PM
195955489,NFL Showdown $50 Double Up (SEA @ WAS),153781,Showdown Captain Mode,50.0,0,22,1,1000.0,2026-09-27 17:00:00+00:00,Sun 1:00PM
195955488,NFL Showdown $50 Double Up (SEA @ WAS),153781,Showdown Captain Mode,50.0,0,11,1,500.0,2026-09-27 17:00:00+00:00,Sun 1:00PM
195955464,NFL Showdown $50 3-Player (SEA @ WAS),153781,Showdown Captain Mode,50.0,0,3,1,135.0,2026-09-27 17:00:00+00:00,Sun 1:00PM
195955487,NFL Showdown $25 Double Up (SEA @ WAS),153781,Showdown Captain Mode,25.0,0,22,1,500.0,2026-09-27 17:00:00+00:00,Sun 1:00PM
195955486,NFL Showdown $25 Double Up (SEA @ WAS),153781,Showdown Captain Mode,25.0,0,11,1,250.0,2026-09-27 17:00:00+00:00,Sun 1:00PM
195955475,NFL Showdown $20 50-50 (SEA @ WAS),153781,Showdown Captain Mode,20.0,0,10,1,180.0,2026-09-27 17:00:00+00:00,Sun 1:00PM
195955471,NFL Showdown $20 50-50 (SEA @ WAS),153781,Showdown Captain Mode,20.0,0,4,1,72.0,2026-09-27 17:00:00+00:00,Sun 1:00PM
195955476,NFL Showdown $20 5-Player (SEA @ WAS),153781,Showdown Captain Mode,20.0,0,5,1,90.0,2026-09-27 17:00:00+00:00,Sun 1:00PM
195955477,NFL Showdown $20 3-Player (SEA @ WAS),153781,Showdown Captain Mode,20.0,0,3,1,54.0,2026-09-27 17:00:00+00:00,Sun 1:00PM
195955478,NFL Showdown $20 3-Player (SEA @ WAS),153781,Showdown Captain Mode,20.0,0,3,1,54.0,2026-09-27 17:00:00+00:00,Sun 1:00PM
195955480,NFL Showdown $10 50-50 (SEA @ WAS),153781,Showdown Captain Mode,10.0,0,10,1,90.0,2026-09-27 17:00:00+00:00,Sun 1:00PM
195955479,NFL Showdown $10 50-50 (SEA @ WAS),153781,Showdown Captain Mode,10.0,0,4,1,36.0,2026-09-27 17:00:00+00:00,Sun 1:00PM
195955484,NFL Showdown $10 Double Up (SEA @ WAS),153781,Showdown Captain Mode,10.0,0,11,1,100.0,2026-09-27 17:00:00+00:00,Sun 1:00PM
195955485,NFL Showdown $10 Double Up (SEA @ WAS),153781,Showdown Captain Mode,10.0,0,11,1,100.0,2026-09-27 17:00:00+00:00,Sun 1:00PM
195955481,NFL Showdown $10 5-Player (SEA @ WAS),153781,Showdown Captain Mode,10.0,0,5,1,45.0,2026-09-27 17:00:00+00:00,Sun 1:00PM
195955482,NFL Showdown $10 3-Player (SEA @ WAS),153781,Showdown Captain Mode,10.0,0,3,1,27.0,2026-09-27 17:00:00+00:00,Sun 1:00PM
195955483,NFL Showdown $10 3-Player (SEA @ WAS),153781,Showdown Captain Mode,10.0,0,3,1,27.0,2026-09-27 17:00:00+00:00,Sun 1:00PM
195955438,NFL Showdown $5 50-50 (SEA @ WAS),153781,Showdown Captain Mode,5.0,0,10,1,45.0,2026-09-27 17:00:00+00:00,Sun 1:00PM
195955439,NFL Showdown $5 50-50 (SEA @ WAS),153781,Showdown Captain Mode,5.0,0,4,1,18.0,2026-09-27 17:00:00+00:00,Sun 1:00PM
195955440,NFL Showdown $5 50-50 (SEA @ WAS),153781,Showdown Captain Mode,5.0,0,4,1,18.0,2026-09-27 17:00:00+00:00,Sun 1:00PM
195955490,NFL Showdown $5 Double Up (SEA @ WAS),153781,Showdown Captain Mode,5.0,0,11,1,50.0,2026-09-27 17:00:00+00:00,Sun 1:00PM
195955491,NFL Showdown $5 Double Up (SEA @ WAS),153781,Showdown Captain Mode,5.0,0,11,1,50.0,2026-09-27 17:00:00+00:00,Sun 1:00PM
195955441,NFL Showdown $5 20-Player (SEA @ WAS),153781,Showdown Captain Mode,5.0,0,20,1,90.0,2026-09-27 17:00:00+00:00,Sun 1:00PM
195955444,NFL Showdown $5 10-Player (SEA @ WAS),153781,Showdown Captain Mode,5.0,0,10,1,45.0,2026-09-27 17:00:00+00:00,Sun 1:00PM
195955498,NFL Showdown $5 5-Player (SEA @ WAS),153781,Showdown Captain Mode,5.0,0,5,1,22.5,2026-09-27 17:00:00+00:00,Sun 1:00PM
195955499,NFL Showdown $5 5-Player (SEA @ WAS),153781,Showdown Captain Mode,5.0,0,5,1,22.5,2026-09-27 17:00:00+00:00,Sun 1:00PM
195955500,NFL Showdown $5 3-Player (SEA @ WAS),153781,Showdown Captain Mode,5.0,0,3,1,13.5,2026-09-27 17:00:00+00:00,Sun 1:00PM
195955501,NFL Showdown $5 3-Player (SEA @ WAS),153781,Showdown Captain Mode,5.0,0,3,1,13.5,2026-09-27 17:00:00+00:00,Sun 1:00PM
195955492,NFL Showdown $3 Double Up (SEA @ WAS),153781,Showdown Captain Mode,3.0,0,11,1,30.0,2026-09-27 17:00:00+00:00,Sun 1:00PM
195955493,NFL Showdown $3 Double Up (SEA @ WAS),153781,Showdown Captain Mode,3.0,0,11,1,30.0,2026-09-27 17:00:00+00:00,Sun 1:00PM
195955447,NFL Showdown $2 50-50 (SEA @ WAS),153781,Showdown Captain Mode,2.0,0,20,1,36.0,2026-09-27 17:00:00+00:00,Sun 1:00PM
195955448,NFL Showdown $2 50-50 (SEA @ WAS),153781,Showdown Captain Mode,2.0,0,10,1,18.0,2026-09-27 17:00:00+00:00,Sun 1:00PM
195955452,NFL Showdown $2 20-Player (SEA @ WAS),153781,Showdown Captain Mode,2.0,0,20,1,36.0,2026-09-27 17:00:00+00:00,Sun 1:00PM
195955453,NFL Showdown $2 10-Player (SEA @ WAS),153781,Showdown Captain Mode,2.0,0,10,1,18.0,2026-09-27 17:00:00+00:00,Sun 1:00PM
195955454,NFL Showdown $2 10-Player (SEA @ WAS),153781,Showdown Captain Mode,2.0,0,10,1,18.0,2026-09-27 17:00:00+00:00,Sun 1:00PM
195955456,NFL Showdown $2 5-Player (SEA @ WAS),153781,Showdown Captain Mode,2.0,0,5,1,9.0,2026-09-27 17:00:00+00:00,Sun 1:00PM
195955457,NFL Showdown $2 5-Player (SEA @ WAS),153781,Showdown Captain Mode,2.0,0,5,1,9.0,2026-09-27 17:00:00+00:00,Sun 1:00PM
195955459,NFL Showdown $2 3-Player (SEA @ WAS),153781,Showdown Captain Mode,2.0,0,3,1,5.4,2026-09-27 17:00:00+00:00,Sun 1:00PM
195955460,NFL Showdown $2 3-Player (SEA @ WAS),153781,Showdown Captain Mode,2.0,0,3,1,5.4,2026-09-27 17:00:00+00:00,Sun 1:00PM
195955461,NFL Showdown $1 50-50 (SEA @ WAS),153781,Showdown Captain Mode,1.0,0,20,1,18.0,2026-09-27 17:00:00+00:00,Sun 1:00PM
195955462,NFL Showdown $1 50-50 (SEA @ WAS),153781,Showdown Captain Mode,1.0,0,10,1,9.0,2026-09-27 17:00:00+00:00,Sun 1:00PM
195955463,NFL Showdown $1 50-50 (SEA @ WAS),153781,Showdown Captain Mode,1.0,0,10,1,9.0,2026-09-27 17:00:00+00:00,Sun 1:00PM
195955494,NFL Showdown $1 Double Up (SEA @ WAS),153781,Showdown Captain Mode,1.0,0,11,1,10.0,2026-09-27 17:00:00+00:00,Sun 1:00PM
195955495,NFL Showdown $1 Double Up (SEA @ WAS),153781,Showdown Captain Mode,1.0,0,11,1,10.0,2026-09-27 17:00:00+00:00,Sun 1:00PM
195955465,NFL Showdown $1 20-Player (SEA @ WAS),153781,Showdown Captain Mode,1.0,0,20,1,18.0,2026-09-27 17:00:00+00:00,Sun 1:00PM
195955466,NFL Showdown $1 10-Player (SEA @ WAS),153781,Showdown Captain Mode,1.0,0,10,1,9.0,2026-09-27 17:00:00+00:00,Sun 1:00PM
195955467,NFL Showdown $1 10-Player (SEA @ WAS),153781,Showdown Captain Mode,1.0,0,10,1,9.0,2026-09-27 17:00:00+00:00,Sun 1:00PM
195955468,NFL Showdown $1 5-Player (SEA @ WAS),153781,Showdown Captain Mode,1.0,0,5,1,4.5,2026-09-27 17:00:00+00:00,Sun 1:00PM
195955469,NFL Showdown $1 5-Player (SEA @ WAS),153781,Showdown Captain Mode,1.0,0,5,1,4.5,2026-09-27 17:00:00+00:00,Sun 1:00PM
195955470,NFL Showdown $1 5-Player (SEA @ WAS),153781,Showdown Captain Mode,1.0,0,5,1,4.5,2026-09-27 17:00:00+00:00,Sun 1:00PM
195955472,NFL Showdown $1 3-Player (SEA @ WAS),153781,Showdown Captain Mode,1.0,0,3,1,2.7,2026-09-27 17:00:00+00:00,Sun 1:00PM
195955473,NFL Showdown $1 3-Player (SEA @ WAS),153781,Showdown Captain Mode,1.0,0,3,1,2.7,2026-09-27 17:00:00+00:00,Sun 1:00PM
195955474,NFL Showdown $1 3-Player (SEA @ WAS),153781,Showdown Captain Mode,1.0,0,3,1,2.7,2026-09-27 17:00:00+00:00,Sun 1:00PM
195955609,NFL Showdown Satellite to $20 NFL Fantasy Football Millionaire [Must Fill] (TEN @ NYG),153782,Showdown Captain Mode,7.4,0,3,1,20.0,2026-09-27 17:00:00+00:00,Sun 1:00PM
195955513,Beginner NFL Showdown $50 50-50 (TEN @ NYG),153782,Showdown Captain Mode,50.0,0,4,1,180.0,2026-09-27 17:00:00+00:00,Sun 1:00PM
195955518,Beginner NFL Showdown $50 3-Player (TEN @ NYG),153782,Showdown Captain Mode,50.0,0,3,1,135.0,2026-09-27 17:00:00+00:00,Sun 1:00PM
195955514,Beginner NFL Showdown $20 50-50 (TEN @ NYG),153782,Showdown Captain Mode,20.0,0,4,1,72.0,2026-09-27 17:00:00+00:00,Sun 1:00PM
195955519,Beginner NFL Showdown $20 3-Player (TEN @ NYG),153782,Showdown Captain Mode,20.0,0,3,1,54.0,2026-09-27 17:00:00+00:00,Sun 1:00PM
195955515,Beginner NFL Showdown $10 50-50 (TEN @ NYG),153782,Showdown Captain Mode,10.0,0,4,1,36.0,2026-09-27 17:00:00+00:00,Sun 1:00PM
195955520,Beginner NFL Showdown $10 3-Player (TEN @ NYG),153782,Showdown Captain Mode,10.0,0,3,1,27.0,2026-09-27 17:00:00+00:00,Sun 1:00PM
195955516,Beginner NFL Showdown $5 50-50 (TEN @ NYG),153782,Showdown Captain Mode,5.0,0,4,1,18.0,2026-09-27 17:00:00+00:00,Sun 1:00PM
195955521,Beginner NFL Showdown $5 3-Player (TEN @ NYG),153782,Showdown Captain Mode,5.0,0,3,1,13.5,2026-09-27 17:00:00+00:00,Sun 1:00PM
195955517,Beginner NFL Showdown $3 50-50 (TEN @ NYG),153782,Showdown Captain Mode,3.0,0,4,1,10.8,2026-09-27 17:00:00+00:00,Sun 1:00PM
195955522,Beginner NFL Showdown $2 3-Player (TEN @ NYG),153782,Showdown Captain Mode,2.0,0,3,1,5.4,2026-09-27 17:00:00+00:00,Sun 1:00PM
195955602,Beginner NFL Showdown $1 50-50 (TEN @ NYG),153782,Showdown Captain Mode,1.0,0,4,1,3.6,2026-09-27 17:00:00+00:00,Sun 1:00PM
195955523,Beginner NFL Showdown $1 3-Player (TEN @ NYG),153782,Showdown Captain Mode,1.0,0,3,1,2.7,2026-09-27 17:00:00+00:00,Sun 1:00PM
195955524,"NFL Showdown $10,600 3-Player (TEN @ NYG)",153782,Showdown Captain Mode,10600.0,0,3,1,30000.0,2026-09-27 17:00:00+00:00,Sun 1:00PM
195955525,"NFL Showdown $10,600 3-Player (TEN @ NYG)",153782,Showdown Captain Mode,10600.0,0,3,1,30000.0,2026-09-27 17:00:00+00:00,Sun 1:00PM
195955528,"NFL Showdown $5,300 50-50 (TEN @ NYG)",153782,Showdown Captain Mode,5300.0,0,4,1,20000.0,2026-09-27 17:00:00+00:00,Sun 1:00PM
195955529,"NFL Showdown $5,300 50-50 (TEN @ NYG)",153782,Showdown Captain Mode,5300.0,0,4,1,20000.0,2026-09-27 17:00:00+00:00,Sun 1:00PM
195955526,"NFL Showdown $5,300 3-Player (TEN @ NYG)",153782,Showdown Captain Mode,5300.0,0,3,1,15000.0,2026-09-27 17:00:00+00:00,Sun 1:00PM
195955527,"NFL Showdown $5,300 3-Player (TEN @ NYG)",153782,Showdown Captain Mode,5300.0,0,3,1,15000.0,2026-09-27 17:00:00+00:00,Sun 1:00PM
195955530,"NFL Showdown $1,060 50-50 (TEN @ NYG)",153782,Showdown Captain Mode,1060.0,0,4,1,4000.0,2026-09-27 17:00:00+00:00,Sun 1:00PM
195955531,"NFL Showdown $1,060 50-50 (TEN @ NYG)",153782,Showdown Captain Mode,1060.0,0,4,1,4000.0,2026-09-27 17:00:00+00:00,Sun 1:00PM
195955532,"NFL Showdown $1,060 3-Player (TEN @ NYG)",153782,Showdown Captain Mode,1060.0,0,3,1,3000.0,2026-09-27 17:00:00+00:00,Sun 1:00PM
195955533,"NFL Showdown $1,060 3-Player (TEN @ NYG)",153782,Showdown Captain Mode,1060.0,0,3,1,3000.0,2026-09-27 17:00:00+00:00,Sun 1:00PM
195955534,NFL Showdown $530 50-50 (TEN @ NYG),153782,Showdown Captain Mode,530.0,0,4,1,2000.0,2026-09-27 17:00:00+00:00,Sun 1:00PM
195955535,NFL Showdown $530 50-50 (TEN @ NYG),153782,Showdown Captain Mode,530.0,0,4,1,2000.0,2026-09-27 17:00:00+00:00,Sun 1:00PM
195955536,NFL Showdown $530 3-Player (TEN @ NYG),153782,Showdown Captain Mode,530.0,0,3,1,1500.0,2026-09-27 17:00:00+00:00,Sun 1:00PM
195955537,NFL Showdown $530 3-Player (TEN @ NYG),153782,Showdown Captain Mode,530.0,0,3,1,1500.0,2026-09-27 17:00:00+00:00,Sun 1:00PM
195955596,NFL Showdown $270 50-50 (TEN @ NYG),153782,Showdown Captain Mode,270.0,0,4,1,1000.0,2026-09-27 17:00:00+00:00,Sun 1:00PM
195955597,NFL Showdown $270 50-50 (TEN @ NYG),153782,Showdown Captain Mode,270.0,0,4,1,1000.0,2026-09-27 17:00:00+00:00,Sun 1:00PM
195955542,NFL Showdown $270 3-Player (TEN @ NYG),153782,Showdown Captain Mode,270.0,0,3,1,750.0,2026-09-27 17:00:00+00:00,Sun 1:00PM
195955543,NFL Showdown $270 3-Player (TEN @ NYG),153782,Showdown Captain Mode,270.0,0,3,1,750.0,2026-09-27 17:00:00+00:00,Sun 1:00PM
195955545,NFL Showdown $109 50-50 (TEN @ NYG),153782,Showdown Captain Mode,109.0,0,4,1,400.0,2026-09-27 17:00:00+00:00,Sun 1:00PM
195955546,NFL Showdown $109 50-50 (TEN @ NYG),153782,Showdown Captain Mode,109.0,0,4,1,400.0,2026-09-27 17:00:00+00:00,Sun 1:00PM
195955549,NFL Showdown $109 3-Player (TEN @ NYG),153782,Showdown Captain Mode,109.0,0,3,1,300.0,2026-09-27 17:00:00+00:00,Sun 1:00PM
195955550,NFL Showdown $109 3-Player (TEN @ NYG),153782,Showdown Captain Mode,109.0,0,3,1,300.0,2026-09-27 17:00:00+00:00,Sun 1:00PM
195955551,NFL Showdown $109 3-Player (TEN @ NYG),153782,Showdown Captain Mode,109.0,0,3,1,300.0,2026-09-27 17:00:00+00:00,Sun 1:00PM
195955558,NFL Showdown $50 50-50 (TEN @ NYG),153782,Showdown Captain Mode,50.0,0,8,1,360.0,2026-09-27 17:00:00+00:00,Sun 1:00PM
195955555,NFL Showdown $50 50-50 (TEN @ NYG),153782,Showdown Captain Mode,50.0,0,4,1,180.0,2026-09-27 17:00:00+00:00,Sun 1:00PM
195955589,NFL Showdown $50 Double Up (TEN @ NYG),153782,Showdown Captain Mode,50.0,0,22,1,1000.0,2026-09-27 17:00:00+00:00,Sun 1:00PM
195955588,NFL Showdown $50 Double Up (TEN @ NYG),153782,Showdown Captain Mode,50.0,0,11,1,500.0,2026-09-27 17:00:00+00:00,Sun 1:00PM
195955564,NFL Showdown $50 3-Player (TEN @ NYG),153782,Showdown Captain Mode,50.0,0,3,1,135.0,2026-09-27 17:00:00+00:00,Sun 1:00PM
195955587,NFL Showdown $25 Double Up (TEN @ NYG),153782,Showdown Captain Mode,25.0,0,22,1,500.0,2026-09-27 17:00:00+00:00,Sun 1:00PM
195955586,NFL Showdown $25 Double Up (TEN @ NYG),153782,Showdown Captain Mode,25.0,0,11,1,250.0,2026-09-27 17:00:00+00:00,Sun 1:00PM
195955575,NFL Showdown $20 50-50 (TEN @ NYG),153782,Showdown Captain Mode,20.0,0,10,1,180.0,2026-09-27 17:00:00+00:00,Sun 1:00PM
195955571,NFL Showdown $20 50-50 (TEN @ NYG),153782,Showdown Captain Mode,20.0,0,4,1,72.0,2026-09-27 17:00:00+00:00,Sun 1:00PM
195955576,NFL Showdown $20 5-Player (TEN @ NYG),153782,Showdown Captain Mode,20.0,0,5,1,90.0,2026-09-27 17:00:00+00:00,Sun 1:00PM
195955577,NFL Showdown $20 3-Player (TEN @ NYG),153782,Showdown Captain Mode,20.0,0,3,1,54.0,2026-09-27 17:00:00+00:00,Sun 1:00PM
195955578,NFL Showdown $20 3-Player (TEN @ NYG),153782,Showdown Captain Mode,20.0,0,3,1,54.0,2026-09-27 17:00:00+00:00,Sun 1:00PM
195955580,NFL Showdown $10 50-50 (TEN @ NYG),153782,Showdown Captain Mode,10.0,0,10,1,90.0,2026-09-27 17:00:00+00:00,Sun 1:00PM
195955579,NFL Showdown $10 50-50 (TEN @ NYG),153782,Showdown Captain Mode,10.0,0,4,1,36.0,2026-09-27 17:00:00+00:00,Sun 1:00PM
195955584,NFL Showdown $10 Double Up (TEN @ NYG),153782,Showdown Captain Mode,10.0,0,11,1,100.0,2026-09-27 17:00:00+00:00,Sun 1:00PM
195955585,NFL Showdown $10 Double Up (TEN @ NYG),153782,Showdown Captain Mode,10.0,0,11,1,100.0,2026-09-27 17:00:00+00:00,Sun 1:00PM
195955581,NFL Showdown $10 5-Player (TEN @ NYG),153782,Showdown Captain Mode,10.0,0,5,1,45.0,2026-09-27 17:00:00+00:00,Sun 1:00PM
195955582,NFL Showdown $10 3-Player (TEN @ NYG),153782,Showdown Captain Mode,10.0,0,3,1,27.0,2026-09-27 17:00:00+00:00,Sun 1:00PM
195955583,NFL Showdown $10 3-Player (TEN @ NYG),153782,Showdown Captain Mode,10.0,0,3,1,27.0,2026-09-27 17:00:00+00:00,Sun 1:00PM
195955538,NFL Showdown $5 50-50 (TEN @ NYG),153782,Showdown Captain Mode,5.0,0,10,1,45.0,2026-09-27 17:00:00+00:00,Sun 1:00PM
195955539,NFL Showdown $5 50-50 (TEN @ NYG),153782,Showdown Captain Mode,5.0,0,4,1,18.0,2026-09-27 17:00:00+00:00,Sun 1:00PM
195955540,NFL Showdown $5 50-50 (TEN @ NYG),153782,Showdown Captain Mode,5.0,0,4,1,18.0,2026-09-27 17:00:00+00:00,Sun 1:00PM
195955590,NFL Showdown $5 Double Up (TEN @ NYG),153782,Showdown Captain Mode,5.0,0,11,1,50.0,2026-09-27 17:00:00+00:00,Sun 1:00PM
195955591,NFL Showdown $5 Double Up (TEN @ NYG),153782,Showdown Captain Mode,5.0,0,11,1,50.0,2026-09-27 17:00:00+00:00,Sun 1:00PM
195955541,NFL Showdown $5 20-Player (TEN @ NYG),153782,Showdown Captain Mode,5.0,0,20,1,90.0,2026-09-27 17:00:00+00:00,Sun 1:00PM
195955544,NFL Showdown $5 10-Player (TEN @ NYG),153782,Showdown Captain Mode,5.0,0,10,1,45.0,2026-09-27 17:00:00+00:00,Sun 1:00PM
195955598,NFL Showdown $5 5-Player (TEN @ NYG),153782,Showdown Captain Mode,5.0,0,5,1,22.5,2026-09-27 17:00:00+00:00,Sun 1:00PM
195955599,NFL Showdown $5 5-Player (TEN @ NYG),153782,Showdown Captain Mode,5.0,0,5,1,22.5,2026-09-27 17:00:00+00:00,Sun 1:00PM
195955600,NFL Showdown $5 3-Player (TEN @ NYG),153782,Showdown Captain Mode,5.0,0,3,1,13.5,2026-09-27 17:00:00+00:00,Sun 1:00PM
195955601,NFL Showdown $5 3-Player (TEN @ NYG),153782,Showdown Captain Mode,5.0,0,3,1,13.5,2026-09-27 17:00:00+00:00,Sun 1:00PM
195955592,NFL Showdown $3 Double Up (TEN @ NYG),153782,Showdown Captain Mode,3.0,0,11,1,30.0,2026-09-27 17:00:00+00:00,Sun 1:00PM
195955593,NFL Showdown $3 Double Up (TEN @ NYG),153782,Showdown Captain Mode,3.0,0,11,1,30.0,2026-09-27 17:00:00+00:00,Sun 1:00PM
195955547,NFL Showdown $2 50-50 (TEN @ NYG),153782,Showdown Captain Mode,2.0,0,20,1,36.0,2026-09-27 17:00:00+00:00,Sun 1:00PM
195955548,NFL Showdown $2 50-50 (TEN @ NYG),153782,Showdown Captain Mode,2.0,0,10,1,18.0,2026-09-27 17:00:00+00:00,Sun 1:00PM
195955552,NFL Showdown $2 20-Player (TEN @ NYG),153782,Showdown Captain Mode,2.0,0,20,1,36.0,2026-09-27 17:00:00+00:00,Sun 1:00PM
195955553,NFL Showdown $2 10-Player (TEN @ NYG),153782,Showdown Captain Mode,2.0,0,10,1,18.0,2026-09-27 17:00:00+00:00,Sun 1:00PM
195955554,NFL Showdown $2 10-Player (TEN @ NYG),153782,Showdown Captain Mode,2.0,0,10,1,18.0,2026-09-27 17:00:00+00:00,Sun 1:00PM
195955556,NFL Showdown $2 5-Player (TEN @ NYG),153782,Showdown Captain Mode,2.0,0,5,1,9.0,2026-09-27 17:00:00+00:00,Sun 1:00PM
195955557,NFL Showdown $2 5-Player (TEN @ NYG),153782,Showdown Captain Mode,2.0,0,5,1,9.0,2026-09-27 17:00:00+00:00,Sun 1:00PM
195955559,NFL Showdown $2 3-Player (TEN @ NYG),153782,Showdown Captain Mode,2.0,0,3,1,5.4,2026-09-27 17:00:00+00:00,Sun 1:00PM
195955560,NFL Showdown $2 3-Player (TEN @ NYG),153782,Showdown Captain Mode,2.0,0,3,1,5.4,2026-09-27 17:00:00+00:00,Sun 1:00PM
195955561,NFL Showdown $1 50-50 (TEN @ NYG),153782,Showdown Captain Mode,1.0,0,20,1,18.0,2026-09-27 17:00:00+00:00,Sun 1:00PM
195955562,NFL Showdown $1 50-50 (TEN @ NYG),153782,Showdown Captain Mode,1.0,0,10,1,9.0,2026-09-27 17:00:00+00:00,Sun 1:00PM
195955563,NFL Showdown $1 50-50 (TEN @ NYG),153782,Showdown Captain Mode,1.0,0,10,1,9.0,2026-09-27 17:00:00+00:00,Sun 1:00PM
195955594,NFL Showdown $1 Double Up (TEN @ NYG),153782,Showdown Captain Mode,1.0,0,11,1,10.0,2026-09-27 17:00:00+00:00,Sun 1:00PM
195955595,NFL Showdown $1 Double Up (TEN @ NYG),153782,Showdown Captain Mode,1.0,0,11,1,10.0,2026-09-27 17:00:00+00:00,Sun 1:00PM
195955565,NFL Showdown $1 20-Player (TEN @ NYG),153782,Showdown Captain Mode,1.0,0,20,1,18.0,2026-09-27 17:00:00+00:00,Sun 1:00PM
195955566,NFL Showdown $1 10-Player (TEN @ NYG),153782,Showdown Captain Mode,1.0,0,10,1,9.0,2026-09-27 17:00:00+00:00,Sun 1:00PM
195955567,NFL Showdown $1 10-Player (TEN @ NYG),153782,Showdown Captain Mode,1.0,0,10,1,9.0,2026-09-27 17:00:00+00:00,Sun 1:00PM
195955568,NFL Showdown $1 5-Player (TEN @ NYG),153782,Showdown Captain Mode,1.0,0,5,1,4.5,2026-09-27 17:00:00+00:00,Sun 1:00PM
195955569,NFL Showdown $1 5-Player (TEN @ NYG),153782,Showdown Captain Mode,1.0,0,5,1,4.5,2026-09-27 17:00:00+00:00,Sun 1:00PM
195955570,NFL Showdown $1 5-Player (TEN @ NYG),153782,Showdown Captain Mode,1.0,0,5,1,4.5,2026-09-27 17:00:00+00:00,Sun 1:00PM
195955572,NFL Showdown $1 3-Player (TEN @ NYG),153782,Showdown Captain Mode,1.0,0,3,1,2.7,2026-09-27 17:00:00+00:00,Sun 1:00PM
195955573,NFL Showdown $1 3-Player (TEN @ NYG),153782,Showdown Captain Mode,1.0,0,3,1,2.7,2026-09-27 17:00:00+00:00,Sun 1:00PM
195955574,NFL Showdown $1 3-Player (TEN @ NYG),153782,Showdown Captain Mode,1.0,0,3,1,2.7,2026-09-27 17:00:00+00:00,Sun 1:00PM
195955693,NFL Showdown $3 Double Up (NYJ @ DET),153783,Showdown Captain Mode,3.0,1,11,1,30.0,2026-09-27 17:00:00+00:00,Sun 1:00PM
195955709,NFL Showdown Satellite to $20 NFL Fantasy Football Millionaire [Must Fill] (NYJ @ DET),153783,Showdown Captain Mode,7.4,0,3,1,20.0,2026-09-27 17:00:00+00:00,Sun 1:00PM
195955613,Beginner NFL Showdown $50 50-50 (NYJ @ DET),153783,Showdown Captain Mode,50.0,0,4,1,180.0,2026-09-27 17:00:00+00:00,Sun 1:00PM
195955618,Beginner NFL Showdown $50 3-Player (NYJ @ DET),153783,Showdown Captain Mode,50.0,0,3,1,135.0,2026-09-27 17:00:00+00:00,Sun 1:00PM
195955614,Beginner NFL Showdown $20 50-50 (NYJ @ DET),153783,Showdown Captain Mode,20.0,0,4,1,72.0,2026-09-27 17:00:00+00:00,Sun 1:00PM
195955619,Beginner NFL Showdown $20 3-Player (NYJ @ DET),153783,Showdown Captain Mode,20.0,0,3,1,54.0,2026-09-27 17:00:00+00:00,Sun 1:00PM
195955615,Beginner NFL Showdown $10 50-50 (NYJ @ DET),153783,Showdown Captain Mode,10.0,0,4,1,36.0,2026-09-27 17:00:00+00:00,Sun 1:00PM
195955620,Beginner NFL Showdown $10 3-Player (NYJ @ DET),153783,Showdown Captain Mode,10.0,0,3,1,27.0,2026-09-27 17:00:00+00:00,Sun 1:00PM
195955616,Beginner NFL Showdown $5 50-50 (NYJ @ DET),153783,Showdown Captain Mode,5.0,0,4,1,18.0,2026-09-27 17:00:00+00:00,Sun 1:00PM
195955621,Beginner NFL Showdown $5 3-Player (NYJ @ DET),153783,Showdown Captain Mode,5.0,0,3,1,13.5,2026-09-27 17:00:00+00:00,Sun 1:00PM
195955617,Beginner NFL Showdown $3 50-50 (NYJ @ DET),153783,Showdown Captain Mode,3.0,0,4,1,10.8,2026-09-27 17:00:00+00:00,Sun 1:00PM
195955622,Beginner NFL Showdown $2 3-Player (NYJ @ DET),153783,Showdown Captain Mode,2.0,0,3,1,5.4,2026-09-27 17:00:00+00:00,Sun 1:00PM
195955702,Beginner NFL Showdown $1 50-50 (NYJ @ DET),153783,Showdown Captain Mode,1.0,0,4,1,3.6,2026-09-27 17:00:00+00:00,Sun 1:00PM
195955623,Beginner NFL Showdown $1 3-Player (NYJ @ DET),153783,Showdown Captain Mode,1.0,0,3,1,2.7,2026-09-27 17:00:00+00:00,Sun 1:00PM
195955624,"NFL Showdown $10,600 3-Player (NYJ @ DET)",153783,Showdown Captain Mode,10600.0,0,3,1,30000.0,2026-09-27 17:00:00+00:00,Sun 1:00PM
195955625,"NFL Showdown $10,600 3-Player (NYJ @ DET)",153783,Showdown Captain Mode,10600.0,0,3,1,30000.0,2026-09-27 17:00:00+00:00,Sun 1:00PM
195955628,"NFL Showdown $5,300 50-50 (NYJ @ DET)",153783,Showdown Captain Mode,5300.0,0,4,1,20000.0,2026-09-27 17:00:00+00:00,Sun 1:00PM
195955629,"NFL Showdown $5,300 50-50 (NYJ @ DET)",153783,Showdown Captain Mode,5300.0,0,4,1,20000.0,2026-09-27 17:00:00+00:00,Sun 1:00PM
195955626,"NFL Showdown $5,300 3-Player (NYJ @ DET)",153783,Showdown Captain Mode,5300.0,0,3,1,15000.0,2026-09-27 17:00:00+00:00,Sun 1:00PM
195955627,"NFL Showdown $5,300 3-Player (NYJ @ DET)",153783,Showdown Captain Mode,5300.0,0,3,1,15000.0,2026-09-27 17:00:00+00:00,Sun 1:00PM
195955630,"NFL Showdown $1,060 50-50 (NYJ @ DET)",153783,Showdown Captain Mode,1060.0,0,4,1,4000.0,2026-09-27 17:00:00+00:00,Sun 1:00PM
195955631,"NFL Showdown $1,060 50-50 (NYJ @ DET)",153783,Showdown Captain Mode,1060.0,0,4,1,4000.0,2026-09-27 17:00:00+00:00,Sun 1:00PM
195955632,"NFL Showdown $1,060 3-Player (NYJ @ DET)",153783,Showdown Captain Mode,1060.0,0,3,1,3000.0,2026-09-27 17:00:00+00:00,Sun 1:00PM
195955633,"NFL Showdown $1,060 3-Player (NYJ @ DET)",153783,Showdown Captain Mode,1060.0,0,3,1,3000.0,2026-09-27 17:00:00+00:00,Sun 1:00PM
195955634,NFL Showdown $530 50-50 (NYJ @ DET),153783,Showdown Captain Mode,530.0,0,4,1,2000.0,2026-09-27 17:00:00+00:00,Sun 1:00PM
195955635,NFL Showdown $530 50-50 (NYJ @ DET),153783,Showdown Captain Mode,530.0,0,4,1,2000.0,2026-09-27 17:00:00+00:00,Sun 1:00PM
195955636,NFL Showdown $530 3-Player (NYJ @ DET),153783,Showdown Captain Mode,530.0,0,3,1,1500.0,2026-09-27 17:00:00+00:00,Sun 1:00PM
195955637,NFL Showdown $530 3-Player (NYJ @ DET),153783,Showdown Captain Mode,530.0,0,3,1,1500.0,2026-09-27 17:00:00+00:00,Sun 1:00PM
195955696,NFL Showdown $270 50-50 (NYJ @ DET),153783,Showdown Captain Mode,270.0,0,4,1,1000.0,2026-09-27 17:00:00+00:00,Sun 1:00PM
195955697,NFL Showdown $270 50-50 (NYJ @ DET),153783,Showdown Captain Mode,270.0,0,4,1,1000.0,2026-09-27 17:00:00+00:00,Sun 1:00PM
195955642,NFL Showdown $270 3-Player (NYJ @ DET),153783,Showdown Captain Mode,270.0,0,3,1,750.0,2026-09-27 17:00:00+00:00,Sun 1:00PM
195955643,NFL Showdown $270 3-Player (NYJ @ DET),153783,Showdown Captain Mode,270.0,0,3,1,750.0,2026-09-27 17:00:00+00:00,Sun 1:00PM
195955645,NFL Showdown $109 50-50 (NYJ @ DET),153783,Showdown Captain Mode,109.0,0,4,1,400.0,2026-09-27 17:00:00+00:00,Sun 1:00PM
195955646,NFL Showdown $109 50-50 (NYJ @ DET),153783,Showdown Captain Mode,109.0,0,4,1,400.0,2026-09-27 17:00:00+00:00,Sun 1:00PM
195955649,NFL Showdown $109 3-Player (NYJ @ DET),153783,Showdown Captain Mode,109.0,0,3,1,300.0,2026-09-27 17:00:00+00:00,Sun 1:00PM
195955650,NFL Showdown $109 3-Player (NYJ @ DET),153783,Showdown Captain Mode,109.0,0,3,1,300.0,2026-09-27 17:00:00+00:00,Sun 1:00PM
195955651,NFL Showdown $109 3-Player (NYJ @ DET),153783,Showdown Captain Mode,109.0,0,3,1,300.0,2026-09-27 17:00:00+00:00,Sun 1:00PM
195955658,NFL Showdown $50 50-50 (NYJ @ DET),153783,Showdown Captain Mode,50.0,0,8,1,360.0,2026-09-27 17:00:00+00:00,Sun 1:00PM
195955655,NFL Showdown $50 50-50 (NYJ @ DET),153783,Showdown Captain Mode,50.0,0,4,1,180.0,2026-09-27 17:00:00+00:00,Sun 1:00PM
195955689,NFL Showdown $50 Double Up (NYJ @ DET),153783,Showdown Captain Mode,50.0,0,22,1,1000.0,2026-09-27 17:00:00+00:00,Sun 1:00PM
195955688,NFL Showdown $50 Double Up (NYJ @ DET),153783,Showdown Captain Mode,50.0,0,11,1,500.0,2026-09-27 17:00:00+00:00,Sun 1:00PM
195955664,NFL Showdown $50 3-Player (NYJ @ DET),153783,Showdown Captain Mode,50.0,0,3,1,135.0,2026-09-27 17:00:00+00:00,Sun 1:00PM
195955687,NFL Showdown $25 Double Up (NYJ @ DET),153783,Showdown Captain Mode,25.0,0,22,1,500.0,2026-09-27 17:00:00+00:00,Sun 1:00PM
195955686,NFL Showdown $25 Double Up (NYJ @ DET),153783,Showdown Captain Mode,25.0,0,11,1,250.0,2026-09-27 17:00:00+00:00,Sun 1:00PM
195955675,NFL Showdown $20 50-50 (NYJ @ DET),153783,Showdown Captain Mode,20.0,0,10,1,180.0,2026-09-27 17:00:00+00:00,Sun 1:00PM
195955671,NFL Showdown $20 50-50 (NYJ @ DET),153783,Showdown Captain Mode,20.0,0,4,1,72.0,2026-09-27 17:00:00+00:00,Sun 1:00PM
195955676,NFL Showdown $20 5-Player (NYJ @ DET),153783,Showdown Captain Mode,20.0,0,5,1,90.0,2026-09-27 17:00:00+00:00,Sun 1:00PM
195955677,NFL Showdown $20 3-Player (NYJ @ DET),153783,Showdown Captain Mode,20.0,0,3,1,54.0,2026-09-27 17:00:00+00:00,Sun 1:00PM
195955678,NFL Showdown $20 3-Player (NYJ @ DET),153783,Showdown Captain Mode,20.0,0,3,1,54.0,2026-09-27 17:00:00+00:00,Sun 1:00PM
195955680,NFL Showdown $10 50-50 (NYJ @ DET),153783,Showdown Captain Mode,10.0,0,10,1,90.0,2026-09-27 17:00:00+00:00,Sun 1:00PM
195955679,NFL Showdown $10 50-50 (NYJ @ DET),153783,Showdown Captain Mode,10.0,0,4,1,36.0,2026-09-27 17:00:00+00:00,Sun 1:00PM
195955684,NFL Showdown $10 Double Up (NYJ @ DET),153783,Showdown Captain Mode,10.0,0,11,1,100.0,2026-09-27 17:00:00+00:00,Sun 1:00PM
195955685,NFL Showdown $10 Double Up (NYJ @ DET),153783,Showdown Captain Mode,10.0,0,11,1,100.0,2026-09-27 17:00:00+00:00,Sun 1:00PM
195955681,NFL Showdown $10 5-Player (NYJ @ DET),153783,Showdown Captain Mode,10.0,0,5,1,45.0,2026-09-27 17:00:00+00:00,Sun 1:00PM
195955682,NFL Showdown $10 3-Player (NYJ @ DET),153783,Showdown Captain Mode,10.0,0,3,1,27.0,2026-09-27 17:00:00+00:00,Sun 1:00PM
195955683,NFL Showdown $10 3-Player (NYJ @ DET),153783,Showdown Captain Mode,10.0,0,3,1,27.0,2026-09-27 17:00:00+00:00,Sun 1:00PM
195955638,NFL Showdown $5 50-50 (NYJ @ DET),153783,Showdown Captain Mode,5.0,0,10,1,45.0,2026-09-27 17:00:00+00:00,Sun 1:00PM
195955639,NFL Showdown $5 50-50 (NYJ @ DET),153783,Showdown Captain Mode,5.0,0,4,1,18.0,2026-09-27 17:00:00+00:00,Sun 1:00PM
195955640,NFL Showdown $5 50-50 (NYJ @ DET),153783,Showdown Captain Mode,5.0,0,4,1,18.0,2026-09-27 17:00:00+00:00,Sun 1:00PM
195955690,NFL Showdown $5 Double Up (NYJ @ DET),153783,Showdown Captain Mode,5.0,0,11,1,50.0,2026-09-27 17:00:00+00:00,Sun 1:00PM
195955691,NFL Showdown $5 Double Up (NYJ @ DET),153783,Showdown Captain Mode,5.0,0,11,1,50.0,2026-09-27 17:00:00+00:00,Sun 1:00PM
195955641,NFL Showdown $5 20-Player (NYJ @ DET),153783,Showdown Captain Mode,5.0,0,20,1,90.0,2026-09-27 17:00:00+00:00,Sun 1:00PM
195955644,NFL Showdown $5 10-Player (NYJ @ DET),153783,Showdown Captain Mode,5.0,0,10,1,45.0,2026-09-27 17:00:00+00:00,Sun 1:00PM
195955698,NFL Showdown $5 5-Player (NYJ @ DET),153783,Showdown Captain Mode,5.0,0,5,1,22.5,2026-09-27 17:00:00+00:00,Sun 1:00PM
195955699,NFL Showdown $5 5-Player (NYJ @ DET),153783,Showdown Captain Mode,5.0,0,5,1,22.5,2026-09-27 17:00:00+00:00,Sun 1:00PM
195955700,NFL Showdown $5 3-Player (NYJ @ DET),153783,Showdown Captain Mode,5.0,0,3,1,13.5,2026-09-27 17:00:00+00:00,Sun 1:00PM
195955701,NFL Showdown $5 3-Player (NYJ @ DET),153783,Showdown Captain Mode,5.0,0,3,1,13.5,2026-09-27 17:00:00+00:00,Sun 1:00PM
195955692,NFL Showdown $3 Double Up (NYJ @ DET),153783,Showdown Captain Mode,3.0,0,11,1,30.0,2026-09-27 17:00:00+00:00,Sun 1:00PM
195967365,NFL Showdown $3 Double Up (NYJ @ DET),153783,Showdown Captain Mode,3.0,0,11,1,30.0,2026-09-27 17:00:00+00:00,Sun 1:00PM
195955647,NFL Showdown $2 50-50 (NYJ @ DET),153783,Showdown Captain Mode,2.0,0,20,1,36.0,2026-09-27 17:00:00+00:00,Sun 1:00PM
195955648,NFL Showdown $2 50-50 (NYJ @ DET),153783,Showdown Captain Mode,2.0,0,10,1,18.0,2026-09-27 17:00:00+00:00,Sun 1:00PM
195955652,NFL Showdown $2 20-Player (NYJ @ DET),153783,Showdown Captain Mode,2.0,0,20,1,36.0,2026-09-27 17:00:00+00:00,Sun 1:00PM
195955653,NFL Showdown $2 10-Player (NYJ @ DET),153783,Showdown Captain Mode,2.0,0,10,1,18.0,2026-09-27 17:00:00+00:00,Sun 1:00PM
195955654,NFL Showdown $2 10-Player (NYJ @ DET),153783,Showdown Captain Mode,2.0,0,10,1,18.0,2026-09-27 17:00:00+00:00,Sun 1:00PM
195955656,NFL Showdown $2 5-Player (NYJ @ DET),153783,Showdown Captain Mode,2.0,0,5,1,9.0,2026-09-27 17:00:00+00:00,Sun 1:00PM
195955657,NFL Showdown $2 5-Player (NYJ @ DET),153783,Showdown Captain Mode,2.0,0,5,1,9.0,2026-09-27 17:00:00+00:00,Sun 1:00PM
195955659,NFL Showdown $2 3-Player (NYJ @ DET),153783,Showdown Captain Mode,2.0,0,3,1,5.4,2026-09-27 17:00:00+00:00,Sun 1:00PM
195955660,NFL Showdown $2 3-Player (NYJ @ DET),153783,Showdown Captain Mode,2.0,0,3,1,5.4,2026-09-27 17:00:00+00:00,Sun 1:00PM
195955661,NFL Showdown $1 50-50 (NYJ @ DET),153783,Showdown Captain Mode,1.0,0,20,1,18.0,2026-09-27 17:00:00+00:00,Sun 1:00PM
195955662,NFL Showdown $1 50-50 (NYJ @ DET),153783,Showdown Captain Mode,1.0,0,10,1,9.0,2026-09-27 17:00:00+00:00,Sun 1:00PM
195955663,NFL Showdown $1 50-50 (NYJ @ DET),153783,Showdown Captain Mode,1.0,0,10,1,9.0,2026-09-27 17:00:00+00:00,Sun 1:00PM
195955694,NFL Showdown $1 Double Up (NYJ @ DET),153783,Showdown Captain Mode,1.0,0,11,1,10.0,2026-09-27 17:00:00+00:00,Sun 1:00PM
195955695,NFL Showdown $1 Double Up (NYJ @ DET),153783,Showdown Captain Mode,1.0,0,11,1,10.0,2026-09-27 17:00:00+00:00,Sun 1:00PM
195955665,NFL Showdown $1 20-Player (NYJ @ DET),153783,Showdown Captain Mode,1.0,0,20,1,18.0,2026-09-27 17:00:00+00:00,Sun 1:00PM
195955666,NFL Showdown $1 10-Player (NYJ @ DET),153783,Showdown Captain Mode,1.0,0,10,1,9.0,2026-09-27 17:00:00+00:00,Sun 1:00PM
195955667,NFL Showdown $1 10-Player (NYJ @ DET),153783,Showdown Captain Mode,1.0,0,10,1,9.0,2026-09-27 17:00:00+00:00,Sun 1:00PM
195955668,NFL Showdown $1 5-Player (NYJ @ DET),153783,Showdown Captain Mode,1.0,0,5,1,4.5,2026-09-27 17:00:00+00:00,Sun 1:00PM
195955669,NFL Showdown $1 5-Player (NYJ @ DET),153783,Showdown Captain Mode,1.0,0,5,1,4.5,2026-09-27 17:00:00+00:00,Sun 1:00PM
195955670,NFL Showdown $1 5-Player (NYJ @ DET),153783,Showdown Captain Mode,1.0,0,5,1,4.5,2026-09-27 17:00:00+00:00,Sun 1:00PM
195955672,NFL Showdown $1 3-Player (NYJ @ DET),153783,Showdown Captain Mode,1.0,0,3,1,2.7,2026-09-27 17:00:00+00:00,Sun 1:00PM
195955673,NFL Showdown $1 3-Player (NYJ @ DET),153783,Showdown Captain Mode,1.0,0,3,1,2.7,2026-09-27 17:00:00+00:00,Sun 1:00PM
195955674,NFL Showdown $1 3-Player (NYJ @ DET),153783,Showdown Captain Mode,1.0,0,3,1,2.7,2026-09-27 17:00:00+00:00,Sun 1:00PM
195955765,NFL Showdown $1 20-Player (CAR @ CLE),153784,Showdown Captain Mode,1.0,1,20,1,18.0,2026-09-27 17:00:00+00:00,Sun 1:00PM
195955809,NFL Showdown Satellite to $20 NFL Fantasy Football Millionaire [Must Fill] (CAR @ CLE),153784,Showdown Captain Mode,7.4,0,3,1,20.0,2026-09-27 17:00:00+00:00,Sun 1:00PM
195955713,Beginner NFL Showdown $50 50-50 (CAR @ CLE),153784,Showdown Captain Mode,50.0,0,4,1,180.0,2026-09-27 17:00:00+00:00,Sun 1:00PM
195955718,Beginner NFL Showdown $50 3-Player (CAR @ CLE),153784,Showdown Captain Mode,50.0,0,3,1,135.0,2026-09-27 17:00:00+00:00,Sun 1:00PM
195955714,Beginner NFL Showdown $20 50-50 (CAR @ CLE),153784,Showdown Captain Mode,20.0,0,4,1,72.0,2026-09-27 17:00:00+00:00,Sun 1:00PM
195955719,Beginner NFL Showdown $20 3-Player (CAR @ CLE),153784,Showdown Captain Mode,20.0,0,3,1,54.0,2026-09-27 17:00:00+00:00,Sun 1:00PM
195955715,Beginner NFL Showdown $10 50-50 (CAR @ CLE),153784,Showdown Captain Mode,10.0,0,4,1,36.0,2026-09-27 17:00:00+00:00,Sun 1:00PM
195955720,Beginner NFL Showdown $10 3-Player (CAR @ CLE),153784,Showdown Captain Mode,10.0,0,3,1,27.0,2026-09-27 17:00:00+00:00,Sun 1:00PM
195955716,Beginner NFL Showdown $5 50-50 (CAR @ CLE),153784,Showdown Captain Mode,5.0,0,4,1,18.0,2026-09-27 17:00:00+00:00,Sun 1:00PM
195955721,Beginner NFL Showdown $5 3-Player (CAR @ CLE),153784,Showdown Captain Mode,5.0,0,3,1,13.5,2026-09-27 17:00:00+00:00,Sun 1:00PM
195955717,Beginner NFL Showdown $3 50-50 (CAR @ CLE),153784,Showdown Captain Mode,3.0,0,4,1,10.8,2026-09-27 17:00:00+00:00,Sun 1:00PM
195955722,Beginner NFL Showdown $2 3-Player (CAR @ CLE),153784,Showdown Captain Mode,2.0,0,3,1,5.4,2026-09-27 17:00:00+00:00,Sun 1:00PM
195955802,Beginner NFL Showdown $1 50-50 (CAR @ CLE),153784,Showdown Captain Mode,1.0,0,4,1,3.6,2026-09-27 17:00:00+00:00,Sun 1:00PM
195955723,Beginner NFL Showdown $1 3-Player (CAR @ CLE),153784,Showdown Captain Mode,1.0,0,3,1,2.7,2026-09-27 17:00:00+00:00,Sun 1:00PM
195955724,"NFL Showdown $10,600 3-Player (CAR @ CLE)",153784,Showdown Captain Mode,10600.0,0,3,1,30000.0,2026-09-27 17:00:00+00:00,Sun 1:00PM
195955725,"NFL Showdown $10,600 3-Player (CAR @ CLE)",153784,Showdown Captain Mode,10600.0,0,3,1,30000.0,2026-09-27 17:00:00+00:00,Sun 1:00PM
195955728,"NFL Showdown $5,300 50-50 (CAR @ CLE)",153784,Showdown Captain Mode,5300.0,0,4,1,20000.0,2026-09-27 17:00:00+00:00,Sun 1:00PM
195955729,"NFL Showdown $5,300 50-50 (CAR @ CLE)",153784,Showdown Captain Mode,5300.0,0,4,1,20000.0,2026-09-27 17:00:00+00:00,Sun 1:00PM
195955726,"NFL Showdown $5,300 3-Player (CAR @ CLE)",153784,Showdown Captain Mode,5300.0,0,3,1,15000.0,2026-09-27 17:00:00+00:00,Sun 1:00PM
195955727,"NFL Showdown $5,300 3-Player (CAR @ CLE)",153784,Showdown Captain Mode,5300.0,0,3,1,15000.0,2026-09-27 17:00:00+00:00,Sun 1:00PM
195955730,"NFL Showdown $1,060 50-50 (CAR @ CLE)",153784,Showdown Captain Mode,1060.0,0,4,1,4000.0,2026-09-27 17:00:00+00:00,Sun 1:00PM
195955731,"NFL Showdown $1,060 50-50 (CAR @ CLE)",153784,Showdown Captain Mode,1060.0,0,4,1,4000.0,2026-09-27 17:00:00+00:00,Sun 1:00PM
195955732,"NFL Showdown $1,060 3-Player (CAR @ CLE)",153784,Showdown Captain Mode,1060.0,0,3,1,3000.0,2026-09-27 17:00:00+00:00,Sun 1:00PM
195955733,"NFL Showdown $1,060 3-Player (CAR @ CLE)",153784,Showdown Captain Mode,1060.0,0,3,1,3000.0,2026-09-27 17:00:00+00:00,Sun 1:00PM
195955734,NFL Showdown $530 50-50 (CAR @ CLE),153784,Showdown Captain Mode,530.0,0,4,1,2000.0,2026-09-27 17:00:00+00:00,Sun 1:00PM
195955735,NFL Showdown $530 50-50 (CAR @ CLE),153784,Showdown Captain Mode,530.0,0,4,1,2000.0,2026-09-27 17:00:00+00:00,Sun 1:00PM
195955736,NFL Showdown $530 3-Player (CAR @ CLE),153784,Showdown Captain Mode,530.0,0,3,1,1500.0,2026-09-27 17:00:00+00:00,Sun 1:00PM
195955737,NFL Showdown $530 3-Player (CAR @ CLE),153784,Showdown Captain Mode,530.0,0,3,1,1500.0,2026-09-27 17:00:00+00:00,Sun 1:00PM
195955796,NFL Showdown $270 50-50 (CAR @ CLE),153784,Showdown Captain Mode,270.0,0,4,1,1000.0,2026-09-27 17:00:00+00:00,Sun 1:00PM
195955797,NFL Showdown $270 50-50 (CAR @ CLE),153784,Showdown Captain Mode,270.0,0,4,1,1000.0,2026-09-27 17:00:00+00:00,Sun 1:00PM
195955742,NFL Showdown $270 3-Player (CAR @ CLE),153784,Showdown Captain Mode,270.0,0,3,1,750.0,2026-09-27 17:00:00+00:00,Sun 1:00PM
195955743,NFL Showdown $270 3-Player (CAR @ CLE),153784,Showdown Captain Mode,270.0,0,3,1,750.0,2026-09-27 17:00:00+00:00,Sun 1:00PM
195955745,NFL Showdown $109 50-50 (CAR @ CLE),153784,Showdown Captain Mode,109.0,0,4,1,400.0,2026-09-27 17:00:00+00:00,Sun 1:00PM
195955746,NFL Showdown $109 50-50 (CAR @ CLE),153784,Showdown Captain Mode,109.0,0,4,1,400.0,2026-09-27 17:00:00+00:00,Sun 1:00PM
195955749,NFL Showdown $109 3-Player (CAR @ CLE),153784,Showdown Captain Mode,109.0,0,3,1,300.0,2026-09-27 17:00:00+00:00,Sun 1:00PM
195955750,NFL Showdown $109 3-Player (CAR @ CLE),153784,Showdown Captain Mode,109.0,0,3,1,300.0,2026-09-27 17:00:00+00:00,Sun 1:00PM
195955751,NFL Showdown $109 3-Player (CAR @ CLE),153784,Showdown Captain Mode,109.0,0,3,1,300.0,2026-09-27 17:00:00+00:00,Sun 1:00PM
195955758,NFL Showdown $50 50-50 (CAR @ CLE),153784,Showdown Captain Mode,50.0,0,8,1,360.0,2026-09-27 17:00:00+00:00,Sun 1:00PM
195955755,NFL Showdown $50 50-50 (CAR @ CLE),153784,Showdown Captain Mode,50.0,0,4,1,180.0,2026-09-27 17:00:00+00:00,Sun 1:00PM
195955789,NFL Showdown $50 Double Up (CAR @ CLE),153784,Showdown Captain Mode,50.0,0,22,1,1000.0,2026-09-27 17:00:00+00:00,Sun 1:00PM
195955788,NFL Showdown $50 Double Up (CAR @ CLE),153784,Showdown Captain Mode,50.0,0,11,1,500.0,2026-09-27 17:00:00+00:00,Sun 1:00PM
195955764,NFL Showdown $50 3-Player (CAR @ CLE),153784,Showdown Captain Mode,50.0,0,3,1,135.0,2026-09-27 17:00:00+00:00,Sun 1:00PM
195955787,NFL Showdown $25 Double Up (CAR @ CLE),153784,Showdown Captain Mode,25.0,0,22,1,500.0,2026-09-27 17:00:00+00:00,Sun 1:00PM
195955786,NFL Showdown $25 Double Up (CAR @ CLE),153784,Showdown Captain Mode,25.0,0,11,1,250.0,2026-09-27 17:00:00+00:00,Sun 1:00PM
195955775,NFL Showdown $20 50-50 (CAR @ CLE),153784,Showdown Captain Mode,20.0,0,10,1,180.0,2026-09-27 17:00:00+00:00,Sun 1:00PM
195955771,NFL Showdown $20 50-50 (CAR @ CLE),153784,Showdown Captain Mode,20.0,0,4,1,72.0,2026-09-27 17:00:00+00:00,Sun 1:00PM
195955776,NFL Showdown $20 5-Player (CAR @ CLE),153784,Showdown Captain Mode,20.0,0,5,1,90.0,2026-09-27 17:00:00+00:00,Sun 1:00PM
195955777,NFL Showdown $20 3-Player (CAR @ CLE),153784,Showdown Captain Mode,20.0,0,3,1,54.0,2026-09-27 17:00:00+00:00,Sun 1:00PM
195955778,NFL Showdown $20 3-Player (CAR @ CLE),153784,Showdown Captain Mode,20.0,0,3,1,54.0,2026-09-27 17:00:00+00:00,Sun 1:00PM
195955780,NFL Showdown $10 50-50 (CAR @ CLE),153784,Showdown Captain Mode,10.0,0,10,1,90.0,2026-09-27 17:00:00+00:00,Sun 1:00PM
195955779,NFL Showdown $10 50-50 (CAR @ CLE),153784,Showdown Captain Mode,10.0,0,4,1,36.0,2026-09-27 17:00:00+00:00,Sun 1:00PM
195955784,NFL Showdown $10 Double Up (CAR @ CLE),153784,Showdown Captain Mode,10.0,0,11,1,100.0,2026-09-27 17:00:00+00:00,Sun 1:00PM
195955785,NFL Showdown $10 Double Up (CAR @ CLE),153784,Showdown Captain Mode,10.0,0,11,1,100.0,2026-09-27 17:00:00+00:00,Sun 1:00PM
195955781,NFL Showdown $10 5-Player (CAR @ CLE),153784,Showdown Captain Mode,10.0,0,5,1,45.0,2026-09-27 17:00:00+00:00,Sun 1:00PM
195955782,NFL Showdown $10 3-Player (CAR @ CLE),153784,Showdown Captain Mode,10.0,0,3,1,27.0,2026-09-27 17:00:00+00:00,Sun 1:00PM
195955783,NFL Showdown $10 3-Player (CAR @ CLE),153784,Showdown Captain Mode,10.0,0,3,1,27.0,2026-09-27 17:00:00+00:00,Sun 1:00PM
195955738,NFL Showdown $5 50-50 (CAR @ CLE),153784,Showdown Captain Mode,5.0,0,10,1,45.0,2026-09-27 17:00:00+00:00,Sun 1:00PM
195955739,NFL Showdown $5 50-50 (CAR @ CLE),153784,Showdown Captain Mode,5.0,0,4,1,18.0,2026-09-27 17:00:00+00:00,Sun 1:00PM
195955740,NFL Showdown $5 50-50 (CAR @ CLE),153784,Showdown Captain Mode,5.0,0,4,1,18.0,2026-09-27 17:00:00+00:00,Sun 1:00PM
195955790,NFL Showdown $5 Double Up (CAR @ CLE),153784,Showdown Captain Mode,5.0,0,11,1,50.0,2026-09-27 17:00:00+00:00,Sun 1:00PM
195955791,NFL Showdown $5 Double Up (CAR @ CLE),153784,Showdown Captain Mode,5.0,0,11,1,50.0,2026-09-27 17:00:00+00:00,Sun 1:00PM
195955741,NFL Showdown $5 20-Player (CAR @ CLE),153784,Showdown Captain Mode,5.0,0,20,1,90.0,2026-09-27 17:00:00+00:00,Sun 1:00PM
195955744,NFL Showdown $5 10-Player (CAR @ CLE),153784,Showdown Captain Mode,5.0,0,10,1,45.0,2026-09-27 17:00:00+00:00,Sun 1:00PM
195955798,NFL Showdown $5 5-Player (CAR @ CLE),153784,Showdown Captain Mode,5.0,0,5,1,22.5,2026-09-27 17:00:00+00:00,Sun 1:00PM
195955799,NFL Showdown $5 5-Player (CAR @ CLE),153784,Showdown Captain Mode,5.0,0,5,1,22.5,2026-09-27 17:00:00+00:00,Sun 1:00PM
195955800,NFL Showdown $5 3-Player (CAR @ CLE),153784,Showdown Captain Mode,5.0,0,3,1,13.5,2026-09-27 17:00:00+00:00,Sun 1:00PM
195955801,NFL Showdown $5 3-Player (CAR @ CLE),153784,Showdown Captain Mode,5.0,0,3,1,13.5,2026-09-27 17:00:00+00:00,Sun 1:00PM
195955792,NFL Showdown $3 Double Up (CAR @ CLE),153784,Showdown Captain Mode,3.0,0,11,1,30.0,2026-09-27 17:00:00+00:00,Sun 1:00PM
195955793,NFL Showdown $3 Double Up (CAR @ CLE),153784,Showdown Captain Mode,3.0,0,11,1,30.0,2026-09-27 17:00:00+00:00,Sun 1:00PM
195955747,NFL Showdown $2 50-50 (CAR @ CLE),153784,Showdown Captain Mode,2.0,0,20,1,36.0,2026-09-27 17:00:00+00:00,Sun 1:00PM
195955748,NFL Showdown $2 50-50 (CAR @ CLE),153784,Showdown Captain Mode,2.0,0,10,1,18.0,2026-09-27 17:00:00+00:00,Sun 1:00PM
195955752,NFL Showdown $2 20-Player (CAR @ CLE),153784,Showdown Captain Mode,2.0,0,20,1,36.0,2026-09-27 17:00:00+00:00,Sun 1:00PM
195955753,NFL Showdown $2 10-Player (CAR @ CLE),153784,Showdown Captain Mode,2.0,0,10,1,18.0,2026-09-27 17:00:00+00:00,Sun 1:00PM
195955754,NFL Showdown $2 10-Player (CAR @ CLE),153784,Showdown Captain Mode,2.0,0,10,1,18.0,2026-09-27 17:00:00+00:00,Sun 1:00PM
195955756,NFL Showdown $2 5-Player (CAR @ CLE),153784,Showdown Captain Mode,2.0,0,5,1,9.0,2026-09-27 17:00:00+00:00,Sun 1:00PM
195955757,NFL Showdown $2 5-Player (CAR @ CLE),153784,Showdown Captain Mode,2.0,0,5,1,9.0,2026-09-27 17:00:00+00:00,Sun 1:00PM
195955759,NFL Showdown $2 3-Player (CAR @ CLE),153784,Showdown Captain Mode,2.0,0,3,1,5.4,2026-09-27 17:00:00+00:00,Sun 1:00PM
195955760,NFL Showdown $2 3-Player (CAR @ CLE),153784,Showdown Captain Mode,2.0,0,3,1,5.4,2026-09-27 17:00:00+00:00,Sun 1:00PM
195955761,NFL Showdown $1 50-50 (CAR @ CLE),153784,Showdown Captain Mode,1.0,0,20,1,18.0,2026-09-27 17:00:00+00:00,Sun 1:00PM
195955762,NFL Showdown $1 50-50 (CAR @ CLE),153784,Showdown Captain Mode,1.0,0,10,1,9.0,2026-09-27 17:00:00+00:00,Sun 1:00PM
195955763,NFL Showdown $1 50-50 (CAR @ CLE),153784,Showdown Captain Mode,1.0,0,10,1,9.0,2026-09-27 17:00:00+00:00,Sun 1:00PM
195955794,NFL Showdown $1 Double Up (CAR @ CLE),153784,Showdown Captain Mode,1.0,0,11,1,10.0,2026-09-27 17:00:00+00:00,Sun 1:00PM
195955795,NFL Showdown $1 Double Up (CAR @ CLE),153784,Showdown Captain Mode,1.0,0,11,1,10.0,2026-09-27 17:00:00+00:00,Sun 1:00PM
195970014,NFL Showdown $1 20-Player (CAR @ CLE),153784,Showdown Captain Mode,1.0,0,20,1,18.0,2026-09-27 17:00:00+00:00,Sun 1:00PM
195955766,NFL Showdown $1 10-Player (CAR @ CLE),153784,Showdown Captain Mode,1.0,0,10,1,9.0,2026-09-27 17:00:00+00:00,Sun 1:00PM
195955767,NFL Showdown $1 10-Player (CAR @ CLE),153784,Showdown Captain Mode,1.0,0,10,1,9.0,2026-09-27 17:00:00+00:00,Sun 1:00PM
195955768,NFL Showdown $1 5-Player (CAR @ CLE),153784,Showdown Captain Mode,1.0,0,5,1,4.5,2026-09-27 17:00:00+00:00,Sun 1:00PM
195955769,NFL Showdown $1 5-Player (CAR @ CLE),153784,Showdown Captain Mode,1.0,0,5,1,4.5,2026-09-27 17:00:00+00:00,Sun 1:00PM
195955770,NFL Showdown $1 5-Player (CAR @ CLE),153784,Showdown Captain Mode,1.0,0,5,1,4.5,2026-09-27 17:00:00+00:00,Sun 1:00PM
195955772,NFL Showdown $1 3-Player (CAR @ CLE),153784,Showdown Captain Mode,1.0,0,3,1,2.7,2026-09-27 17:00:00+00:00,Sun 1:00PM
195955773,NFL Showdown $1 3-Player (CAR @ CLE),153784,Showdown Captain Mode,1.0,0,3,1,2.7,2026-09-27 17:00:00+00:00,Sun 1:00PM
195955774,NFL Showdown $1 3-Player (CAR @ CLE),153784,Showdown Captain Mode,1.0,0,3,1,2.7,2026-09-27 17:00:00+00:00,Sun 1:00PM
195956760,NFL $50 Double Up (Sun-Mon),153771,Classic,50.0,2,22,1,1000.0,2026-09-27 17:00:00+00:00,Sun 1:00PM
195956759,NFL $50 Double Up (Sun-Mon),153771,Classic,50.0,1,11,1,500.0,2026-09-27 17:00:00+00:00,Sun 1:00PM
195956758,NFL $25 Double Up (Sun-Mon),153771,Classic,25.0,1,22,1,500.0,2026-09-27 17:00:00+00:00,Sun 1:00PM
195956757,NFL $25 Double Up (Sun-Mon),153771,Classic,25.0,1,11,1,250.0,2026-09-27 17:00:00+00:00,Sun 1:00PM
195956751,NFL $10 50-50 (Sun-Mon),153771,Classic,10.0,1,10,1,90.0,2026-09-27 17:00:00+00:00,Sun 1:00PM
195956755,NFL $10 Double Up (Sun-Mon),153771,Classic,10.0,1,11,1,100.0,2026-09-27 17:00:00+00:00,Sun 1:00PM
195956756,NFL $10 Double Up (Sun-Mon),153771,Classic,10.0,1,11,1,100.0,2026-09-27 17:00:00+00:00,Sun 1:00PM
195965499,NFL $10 20-Player (Top 3 Win) (Sun-Mon),153771,Classic,10.0,2,20,1,180.0,2026-09-27 17:00:00+00:00,Sun 1:00PM
195961840,NFL $10 5-Player (Winner Takes All) (Sun-Mon),153771,Classic,10.0,1,5,1,45.0,2026-09-27 17:00:00+00:00,Sun 1:00PM
195956753,NFL $10 3-Player (Sun-Mon),153771,Classic,10.0,1,3,1,27.0,2026-09-27 17:00:00+00:00,Sun 1:00PM
195956709,NFL $5 50-50 (Sun-Mon),153771,Classic,5.0,2,10,1,45.0,2026-09-27 17:00:00+00:00,Sun 1:00PM
195956761,NFL $5 Double Up (Sun-Mon),153771,Classic,5.0,2,11,1,50.0,2026-09-27 17:00:00+00:00,Sun 1:00PM
195956762,NFL $5 Double Up (Sun-Mon),153771,Classic,5.0,1,11,1,50.0,2026-09-27 17:00:00+00:00,Sun 1:00PM
195956827,NFL $5 20-Player (Top 3 Win) (Sun-Mon),153771,Classic,5.0,6,20,1,90.0,2026-09-27 17:00:00+00:00,Sun 1:00PM
195960100,NFL $5 12-Player (Top 3 Win) (Sun-Mon),153771,Classic,5.0,7,12,1,54.0,2026-09-27 17:00:00+00:00,Sun 1:00PM
195956733,NFL $1 50-50 (Sun-Mon),153771,Classic,1.0,1,10,1,9.0,2026-09-27 17:00:00+00:00,Sun 1:00PM
195971691,NFL $1 5-Player (Winner Takes All) (Sun-Mon),153771,Classic,1.0,1,5,1,4.5,2026-09-27 17:00:00+00:00,Sun 1:00PM
195956743,NFL $1 3-Player (Sun-Mon),153771,Classic,1.0,2,3,1,2.7,2026-09-27 17:00:00+00:00,Sun 1:00PM
195966213,NFL $3 30-Player (Top 3 Win) (Sun-Mon),153771,Classic,3.0,1,30,1,81.0,2026-09-27 17:00:00+00:00,Sun 1:00PM
195956780,NFL Satellite to $20 NFL Fantasy Football Millionaire [Must Fill] (Sun-Mon),153771,Classic,7.4,0,3,1,20.0,2026-09-27 17:00:00+00:00,Sun 1:00PM
195956684,Beginner NFL $50 50-50 (Sun-Mon),153771,Classic,50.0,0,4,1,180.0,2026-09-27 17:00:00+00:00,Sun 1:00PM
195956689,Beginner NFL $50 3-Player (Sun-Mon),153771,Classic,50.0,0,3,1,135.0,2026-09-27 17:00:00+00:00,Sun 1:00PM
195956685,Beginner NFL $20 50-50 (Sun-Mon),153771,Classic,20.0,0,4,1,72.0,2026-09-27 17:00:00+00:00,Sun 1:00PM
195956690,Beginner NFL $20 3-Player (Sun-Mon),153771,Classic,20.0,0,3,1,54.0,2026-09-27 17:00:00+00:00,Sun 1:00PM
195956686,Beginner NFL $10 50-50 (Sun-Mon),153771,Classic,10.0,0,4,1,36.0,2026-09-27 17:00:00+00:00,Sun 1:00PM
195956691,Beginner NFL $10 3-Player (Sun-Mon),153771,Classic,10.0,0,3,1,27.0,2026-09-27 17:00:00+00:00,Sun 1:00PM
195956687,Beginner NFL $5 50-50 (Sun-Mon),153771,Classic,5.0,0,4,1,18.0,2026-09-27 17:00:00+00:00,Sun 1:00PM
195956692,Beginner NFL $5 3-Player (Sun-Mon),153771,Classic,5.0,0,3,1,13.5,2026-09-27 17:00:00+00:00,Sun 1:00PM
195956688,Beginner NFL $3 50-50 (Sun-Mon),153771,Classic,3.0,0,4,1,10.8,2026-09-27 17:00:00+00:00,Sun 1:00PM
195956693,Beginner NFL $2 3-Player (Sun-Mon),153771,Classic,2.0,0,3,1,5.4,2026-09-27 17:00:00+00:00,Sun 1:00PM
195956773,Beginner NFL $1 50-50 (Sun-Mon),153771,Classic,1.0,0,4,1,3.6,2026-09-27 17:00:00+00:00,Sun 1:00PM
195956694,Beginner NFL $1 3-Player (Sun-Mon),153771,Classic,1.0,0,3,1,2.7,2026-09-27 17:00:00+00:00,Sun 1:00PM
195956695,"NFL $10,600 3-Player (Sun-Mon)",153771,Classic,10600.0,0,3,1,30000.0,2026-09-27 17:00:00+00:00,Sun 1:00PM
195956696,"NFL $10,600 3-Player (Sun-Mon)",153771,Classic,10600.0,0,3,1,30000.0,2026-09-27 17:00:00+00:00,Sun 1:00PM
195956699,"NFL $5,300 50-50 (Sun-Mon)",153771,Classic,5300.0,0,4,1,20000.0,2026-09-27 17:00:00+00:00,Sun 1:00PM
195956700,"NFL $5,300 50-50 (Sun-Mon)",153771,Classic,5300.0,0,4,1,20000.0,2026-09-27 17:00:00+00:00,Sun 1:00PM
195956697,"NFL $5,300 3-Player (Sun-Mon)",153771,Classic,5300.0,0,3,1,15000.0,2026-09-27 17:00:00+00:00,Sun 1:00PM
195956698,"NFL $5,300 3-Player (Sun-Mon)",153771,Classic,5300.0,0,3,1,15000.0,2026-09-27 17:00:00+00:00,Sun 1:00PM
195956701,"NFL $1,060 50-50 (Sun-Mon)",153771,Classic,1060.0,0,4,1,4000.0,2026-09-27 17:00:00+00:00,Sun 1:00PM
195956702,"NFL $1,060 50-50 (Sun-Mon)",153771,Classic,1060.0,0,4,1,4000.0,2026-09-27 17:00:00+00:00,Sun 1:00PM
195956703,"NFL $1,060 3-Player (Sun-Mon)",153771,Classic,1060.0,0,3,1,3000.0,2026-09-27 17:00:00+00:00,Sun 1:00PM
195956704,"NFL $1,060 3-Player (Sun-Mon)",153771,Classic,1060.0,0,3,1,3000.0,2026-09-27 17:00:00+00:00,Sun 1:00PM
195956705,NFL $530 50-50 (Sun-Mon),153771,Classic,530.0,0,4,1,2000.0,2026-09-27 17:00:00+00:00,Sun 1:00PM
195956706,NFL $530 50-50 (Sun-Mon),153771,Classic,530.0,0,4,1,2000.0,2026-09-27 17:00:00+00:00,Sun 1:00PM
195956707,NFL $530 3-Player (Sun-Mon),153771,Classic,530.0,0,3,1,1500.0,2026-09-27 17:00:00+00:00,Sun 1:00PM
195956708,NFL $530 3-Player (Sun-Mon),153771,Classic,530.0,0,3,1,1500.0,2026-09-27 17:00:00+00:00,Sun 1:00PM
195956767,NFL $270 50-50 (Sun-Mon),153771,Classic,270.0,0,4,1,1000.0,2026-09-27 17:00:00+00:00,Sun 1:00PM
195956768,NFL $270 50-50 (Sun-Mon),153771,Classic,270.0,0,4,1,1000.0,2026-09-27 17:00:00+00:00,Sun 1:00PM
195956713,NFL $270 3-Player (Sun-Mon),153771,Classic,270.0,0,3,1,750.0,2026-09-27 17:00:00+00:00,Sun 1:00PM
195956714,NFL $270 3-Player (Sun-Mon),153771,Classic,270.0,0,3,1,750.0,2026-09-27 17:00:00+00:00,Sun 1:00PM
195956716,NFL $109 50-50 (Sun-Mon),153771,Classic,109.0,0,4,1,400.0,2026-09-27 17:00:00+00:00,Sun 1:00PM
195956717,NFL $109 50-50 (Sun-Mon),153771,Classic,109.0,0,4,1,400.0,2026-09-27 17:00:00+00:00,Sun 1:00PM
195956720,NFL $109 3-Player (Sun-Mon),153771,Classic,109.0,0,3,1,300.0,2026-09-27 17:00:00+00:00,Sun 1:00PM
195956721,NFL $109 3-Player (Sun-Mon),153771,Classic,109.0,0,3,1,300.0,2026-09-27 17:00:00+00:00,Sun 1:00PM
195956722,NFL $109 3-Player (Sun-Mon),153771,Classic,109.0,0,3,1,300.0,2026-09-27 17:00:00+00:00,Sun 1:00PM
195956729,NFL $50 50-50 (Sun-Mon),153771,Classic,50.0,0,8,1,360.0,2026-09-27 17:00:00+00:00,Sun 1:00PM
195956726,NFL $50 50-50 (Sun-Mon),153771,Classic,50.0,0,4,1,180.0,2026-09-27 17:00:00+00:00,Sun 1:00PM
195963234,NFL $50 Double Up (Sun-Mon),153771,Classic,50.0,0,22,1,1000.0,2026-09-27 17:00:00+00:00,Sun 1:00PM
195963233,NFL $50 Double Up (Sun-Mon),153771,Classic,50.0,0,11,1,500.0,2026-09-27 17:00:00+00:00,Sun 1:00PM
195956735,NFL $50 3-Player (Sun-Mon),153771,Classic,50.0,0,3,1,135.0,2026-09-27 17:00:00+00:00,Sun 1:00PM
195963232,NFL $25 Double Up (Sun-Mon),153771,Classic,25.0,0,22,1,500.0,2026-09-27 17:00:00+00:00,Sun 1:00PM
195963231,NFL $25 Double Up (Sun-Mon),153771,Classic,25.0,0,11,1,250.0,2026-09-27 17:00:00+00:00,Sun 1:00PM
195956746,NFL $20 50-50 (Sun-Mon),153771,Classic,20.0,0,10,1,180.0,2026-09-27 17:00:00+00:00,Sun 1:00PM
195956742,NFL $20 50-50 (Sun-Mon),153771,Classic,20.0,0,4,1,72.0,2026-09-27 17:00:00+00:00,Sun 1:00PM
195956747,NFL $20 5-Player (Sun-Mon),153771,Classic,20.0,0,5,1,90.0,2026-09-27 17:00:00+00:00,Sun 1:00PM
195956748,NFL $20 3-Player (Sun-Mon),153771,Classic,20.0,0,3,1,54.0,2026-09-27 17:00:00+00:00,Sun 1:00PM
195956749,NFL $20 3-Player (Sun-Mon),153771,Classic,20.0,0,3,1,54.0,2026-09-27 17:00:00+00:00,Sun 1:00PM
195965846,NFL $10 50-50 (Sun-Mon),153771,Classic,10.0,0,10,1,90.0,2026-09-27 17:00:00+00:00,Sun 1:00PM
195956750,NFL $10 50-50 (Sun-Mon),153771,Classic,10.0,0,4,1,36.0,2026-09-27 17:00:00+00:00,Sun 1:00PM
195963229,NFL $10 Double Up (Sun-Mon),153771,Classic,10.0,0,11,1,100.0,2026-09-27 17:00:00+00:00,Sun 1:00PM
195963230,NFL $10 Double Up (Sun-Mon),153771,Classic,10.0,0,11,1,100.0,2026-09-27 17:00:00+00:00,Sun 1:00PM
195956752,NFL $10 5-Player (Sun-Mon),153771,Classic,10.0,0,5,1,45.0,2026-09-27 17:00:00+00:00,Sun 1:00PM
195956754,NFL $10 3-Player (Sun-Mon),153771,Classic,10.0,0,3,1,27.0,2026-09-27 17:00:00+00:00,Sun 1:00PM
195966770,NFL $10 3-Player (Sun-Mon),153771,Classic,10.0,0,3,1,27.0,2026-09-27 17:00:00+00:00,Sun 1:00PM
195965849,NFL $5 50-50 (Sun-Mon),153771,Classic,5.0,0,10,1,45.0,2026-09-27 17:00:00+00:00,Sun 1:00PM
195956710,NFL $5 50-50 (Sun-Mon),153771,Classic,5.0,0,4,1,18.0,2026-09-27 17:00:00+00:00,Sun 1:00PM
195956711,NFL $5 50-50 (Sun-Mon),153771,Classic,5.0,0,4,1,18.0,2026-09-27 17:00:00+00:00,Sun 1:00PM
195963235,NFL $5 Double Up (Sun-Mon),153771,Classic,5.0,0,11,1,50.0,2026-09-27 17:00:00+00:00,Sun 1:00PM
195963236,NFL $5 Double Up (Sun-Mon),153771,Classic,5.0,0,11,1,50.0,2026-09-27 17:00:00+00:00,Sun 1:00PM
195956712,NFL $5 20-Player (Sun-Mon),153771,Classic,5.0,0,20,1,90.0,2026-09-27 17:00:00+00:00,Sun 1:00PM
195956715,NFL $5 10-Player (Sun-Mon),153771,Classic,5.0,0,10,1,45.0,2026-09-27 17:00:00+00:00,Sun 1:00PM
195956769,NFL $5 5-Player (Sun-Mon),153771,Classic,5.0,0,5,1,22.5,2026-09-27 17:00:00+00:00,Sun 1:00PM
195956770,NFL $5 5-Player (Sun-Mon),153771,Classic,5.0,0,5,1,22.5,2026-09-27 17:00:00+00:00,Sun 1:00PM
195956771,NFL $5 3-Player (Sun-Mon),153771,Classic,5.0,0,3,1,13.5,2026-09-27 17:00:00+00:00,Sun 1:00PM
195956772,NFL $5 3-Player (Sun-Mon),153771,Classic,5.0,0,3,1,13.5,2026-09-27 17:00:00+00:00,Sun 1:00PM
195956763,NFL $3 Double Up (Sun-Mon),153771,Classic,3.0,0,11,1,30.0,2026-09-27 17:00:00+00:00,Sun 1:00PM
195956764,NFL $3 Double Up (Sun-Mon),153771,Classic,3.0,0,11,1,30.0,2026-09-27 17:00:00+00:00,Sun 1:00PM
195956718,NFL $2 50-50 (Sun-Mon),153771,Classic,2.0,0,20,1,36.0,2026-09-27 17:00:00+00:00,Sun 1:00PM
195956719,NFL $2 50-50 (Sun-Mon),153771,Classic,2.0,0,10,1,18.0,2026-09-27 17:00:00+00:00,Sun 1:00PM
195956723,NFL $2 20-Player (Sun-Mon),153771,Classic,2.0,0,20,1,36.0,2026-09-27 17:00:00+00:00,Sun 1:00PM
195956724,NFL $2 10-Player (Sun-Mon),153771,Classic,2.0,0,10,1,18.0,2026-09-27 17:00:00+00:00,Sun 1:00PM
195956725,NFL $2 10-Player (Sun-Mon),153771,Classic,2.0,0,10,1,18.0,2026-09-27 17:00:00+00:00,Sun 1:00PM
195956727,NFL $2 5-Player (Sun-Mon),153771,Classic,2.0,0,5,1,9.0,2026-09-27 17:00:00+00:00,Sun 1:00PM
195956728,NFL $2 5-Player (Sun-Mon),153771,Classic,2.0,0,5,1,9.0,2026-09-27 17:00:00+00:00,Sun 1:00PM
195956730,NFL $2 3-Player (Sun-Mon),153771,Classic,2.0,0,3,1,5.4,2026-09-27 17:00:00+00:00,Sun 1:00PM
195956731,NFL $2 3-Player (Sun-Mon),153771,Classic,2.0,0,3,1,5.4,2026-09-27 17:00:00+00:00,Sun 1:00PM
195956732,NFL $1 50-50 (Sun-Mon),153771,Classic,1.0,0,20,1,18.0,2026-09-27 17:00:00+00:00,Sun 1:00PM
195956734,NFL $1 50-50 (Sun-Mon),153771,Classic,1.0,0,10,1,9.0,2026-09-27 17:00:00+00:00,Sun 1:00PM
195970332,NFL $1 50-50 (Sun-Mon),153771,Classic,1.0,0,10,1,9.0,2026-09-27 17:00:00+00:00,Sun 1:00PM
195956765,NFL $1 Double Up (Sun-Mon),153771,Classic,1.0,0,11,1,10.0,2026-09-27 17:00:00+00:00,Sun 1:00PM
195956766,NFL $1 Double Up (Sun-Mon),153771,Classic,1.0,0,11,1,10.0,2026-09-27 17:00:00+00:00,Sun 1:00PM
195956736,NFL $1 20-Player (Sun-Mon),153771,Classic,1.0,0,20,1,18.0,2026-09-27 17:00:00+00:00,Sun 1:00PM
195956737,NFL $1 10-Player (Sun-Mon),153771,Classic,1.0,0,10,1,9.0,2026-09-27 17:00:00+00:00,Sun 1:00PM
195956738,NFL $1 10-Player (Sun-Mon),153771,Classic,1.0,0,10,1,9.0,2026-09-27 17:00:00+00:00,Sun 1:00PM
195956739,NFL $1 5-Player (Sun-Mon),153771,Classic,1.0,0,5,1,4.5,2026-09-27 17:00:00+00:00,Sun 1:00PM
195956740,NFL $1 5-Player (Sun-Mon),153771,Classic,1.0,0,5,1,4.5,2026-09-27 17:00:00+00:00,Sun 1:00PM
195956741,NFL $1 5-Player (Sun-Mon),153771,Classic,1.0,0,5,1,4.5,2026-09-27 17:00:00+00:00,Sun 1:00PM
195956744,NFL $1 3-Player (Sun-Mon),153771,Classic,1.0,0,3,1,2.7,2026-09-27 17:00:00+00:00,Sun 1:00PM
195956745,NFL $1 3-Player (Sun-Mon),153771,Classic,1.0,0,3,1,2.7,2026-09-27 17:00:00+00:00,Sun 1:00PM
195957947,NFL $1 3-Player (Sun-Mon),153771,Classic,1.0,0,3,1,2.7,2026-09-27 17:00:00+00:00,Sun 1:00PM
195928775,NFL Single Stat $1 50-50 (Touchdowns),153805,Single Stat - Touchdowns,1.0,1,20,1,18.0,2026-09-27 17:00:00+00:00,Sun 1:00PM
195947482,NFL Single Stat $1 50-50 (Touchdowns),153805,Single Stat - Touchdowns,1.0,1,20,1,18.0,2026-09-27 17:00:00+00:00,Sun 1:00PM
195928783,NFL Single Stat $1 5-Player (Touchdowns),153805,Single Stat - Touchdowns,1.0,1,5,1,4.5,2026-09-27 17:00:00+00:00,Sun 1:00PM
195928788,NFL Single Stat $1 3-Player (Touchdowns),153805,Single Stat - Touchdowns,1.0,1,3,1,2.7,2026-09-27 17:00:00+00:00,Sun 1:00PM
195928823,NFL Single Stat Satellite to $20 NFL Fantasy Football Millionaire [Must Fill] (Touchdowns),153805,Single Stat - Touchdowns,7.4,0,3,1,20.0,2026-09-27 17:00:00+00:00,Sun 1:00PM
195928722,Beginner NFL Single Stat $50 50-50 (Touchdowns),153805,Single Stat - Touchdowns,50.0,0,4,1,180.0,2026-09-27 17:00:00+00:00,Sun 1:00PM
195928727,Beginner NFL Single Stat $50 3-Player (Touchdowns),153805,Single Stat - Touchdowns,50.0,0,3,1,135.0,2026-09-27 17:00:00+00:00,Sun 1:00PM
195928723,Beginner NFL Single Stat $20 50-50 (Touchdowns),153805,Single Stat - Touchdowns,20.0,0,4,1,72.0,2026-09-27 17:00:00+00:00,Sun 1:00PM
195928728,Beginner NFL Single Stat $20 3-Player (Touchdowns),153805,Single Stat - Touchdowns,20.0,0,3,1,54.0,2026-09-27 17:00:00+00:00,Sun 1:00PM
195928724,Beginner NFL Single Stat $10 50-50 (Touchdowns),153805,Single Stat - Touchdowns,10.0,0,4,1,36.0,2026-09-27 17:00:00+00:00,Sun 1:00PM
195928729,Beginner NFL Single Stat $10 3-Player (Touchdowns),153805,Single Stat - Touchdowns,10.0,0,3,1,27.0,2026-09-27 17:00:00+00:00,Sun 1:00PM
195928725,Beginner NFL Single Stat $5 50-50 (Touchdowns),153805,Single Stat - Touchdowns,5.0,0,4,1,18.0,2026-09-27 17:00:00+00:00,Sun 1:00PM
195928730,Beginner NFL Single Stat $5 3-Player (Touchdowns),153805,Single Stat - Touchdowns,5.0,0,3,1,13.5,2026-09-27 17:00:00+00:00,Sun 1:00PM
195928726,Beginner NFL Single Stat $3 50-50 (Touchdowns),153805,Single Stat - Touchdowns,3.0,0,4,1,10.8,2026-09-27 17:00:00+00:00,Sun 1:00PM
195928731,Beginner NFL Single Stat $2 3-Player (Touchdowns),153805,Single Stat - Touchdowns,2.0,0,3,1,5.4,2026-09-27 17:00:00+00:00,Sun 1:00PM
195928816,Beginner NFL Single Stat $1 50-50 (Touchdowns),153805,Single Stat - Touchdowns,1.0,0,4,1,3.6,2026-09-27 17:00:00+00:00,Sun 1:00PM
195928732,Beginner NFL Single Stat $1 3-Player (Touchdowns),153805,Single Stat - Touchdowns,1.0,0,3,1,2.7,2026-09-27 17:00:00+00:00,Sun 1:00PM
195928733,"NFL Single Stat $10,600 3-Player (Touchdowns)",153805,Single Stat - Touchdowns,10600.0,0,3,1,30000.0,2026-09-27 17:00:00+00:00,Sun 1:00PM
195928734,"NFL Single Stat $10,600 3-Player (Touchdowns)",153805,Single Stat - Touchdowns,10600.0,0,3,1,30000.0,2026-09-27 17:00:00+00:00,Sun 1:00PM
195928737,"NFL Single Stat $5,300 50-50 (Touchdowns)",153805,Single Stat - Touchdowns,5300.0,0,4,1,20000.0,2026-09-27 17:00:00+00:00,Sun 1:00PM
195928738,"NFL Single Stat $5,300 50-50 (Touchdowns)",153805,Single Stat - Touchdowns,5300.0,0,4,1,20000.0,2026-09-27 17:00:00+00:00,Sun 1:00PM
195928735,"NFL Single Stat $5,300 3-Player (Touchdowns)",153805,Single Stat - Touchdowns,5300.0,0,3,1,15000.0,2026-09-27 17:00:00+00:00,Sun 1:00PM
195928736,"NFL Single Stat $5,300 3-Player (Touchdowns)",153805,Single Stat - Touchdowns,5300.0,0,3,1,15000.0,2026-09-27 17:00:00+00:00,Sun 1:00PM
195928739,"NFL Single Stat $1,060 50-50 (Touchdowns)",153805,Single Stat - Touchdowns,1060.0,0,4,1,4000.0,2026-09-27 17:00:00+00:00,Sun 1:00PM
195928740,"NFL Single Stat $1,060 50-50 (Touchdowns)",153805,Single Stat - Touchdowns,1060.0,0,4,1,4000.0,2026-09-27 17:00:00+00:00,Sun 1:00PM
195928741,"NFL Single Stat $1,060 3-Player (Touchdowns)",153805,Single Stat - Touchdowns,1060.0,0,3,1,3000.0,2026-09-27 17:00:00+00:00,Sun 1:00PM
195928742,"NFL Single Stat $1,060 3-Player (Touchdowns)",153805,Single Stat - Touchdowns,1060.0,0,3,1,3000.0,2026-09-27 17:00:00+00:00,Sun 1:00PM
195928743,NFL Single Stat $530 50-50 (Touchdowns),153805,Single Stat - Touchdowns,530.0,0,4,1,2000.0,2026-09-27 17:00:00+00:00,Sun 1:00PM
195928744,NFL Single Stat $530 50-50 (Touchdowns),153805,Single Stat - Touchdowns,530.0,0,4,1,2000.0,2026-09-27 17:00:00+00:00,Sun 1:00PM
195928750,NFL Single Stat $530 3-Player (Touchdowns),153805,Single Stat - Touchdowns,530.0,0,3,1,1500.0,2026-09-27 17:00:00+00:00,Sun 1:00PM
195928751,NFL Single Stat $530 3-Player (Touchdowns),153805,Single Stat - Touchdowns,530.0,0,3,1,1500.0,2026-09-27 17:00:00+00:00,Sun 1:00PM
195928810,NFL Single Stat $270 50-50 (Touchdowns),153805,Single Stat - Touchdowns,270.0,0,4,1,1000.0,2026-09-27 17:00:00+00:00,Sun 1:00PM
195928811,NFL Single Stat $270 50-50 (Touchdowns),153805,Single Stat - Touchdowns,270.0,0,4,1,1000.0,2026-09-27 17:00:00+00:00,Sun 1:00PM
195928756,NFL Single Stat $270 3-Player (Touchdowns),153805,Single Stat - Touchdowns,270.0,0,3,1,750.0,2026-09-27 17:00:00+00:00,Sun 1:00PM
195928757,NFL Single Stat $270 3-Player (Touchdowns),153805,Single Stat - Touchdowns,270.0,0,3,1,750.0,2026-09-27 17:00:00+00:00,Sun 1:00PM
195928759,NFL Single Stat $109 50-50 (Touchdowns),153805,Single Stat - Touchdowns,109.0,0,4,1,400.0,2026-09-27 17:00:00+00:00,Sun 1:00PM
195928760,NFL Single Stat $109 50-50 (Touchdowns),153805,Single Stat - Touchdowns,109.0,0,4,1,400.0,2026-09-27 17:00:00+00:00,Sun 1:00PM
195928763,NFL Single Stat $109 3-Player (Touchdowns),153805,Single Stat - Touchdowns,109.0,0,3,1,300.0,2026-09-27 17:00:00+00:00,Sun 1:00PM
195928764,NFL Single Stat $109 3-Player (Touchdowns),153805,Single Stat - Touchdowns,109.0,0,3,1,300.0,2026-09-27 17:00:00+00:00,Sun 1:00PM
195928765,NFL Single Stat $109 3-Player (Touchdowns),153805,Single Stat - Touchdowns,109.0,0,3,1,300.0,2026-09-27 17:00:00+00:00,Sun 1:00PM
195928772,NFL Single Stat $50 50-50 (Touchdowns),153805,Single Stat - Touchdowns,50.0,0,8,1,360.0,2026-09-27 17:00:00+00:00,Sun 1:00PM
195928769,NFL Single Stat $50 50-50 (Touchdowns),153805,Single Stat - Touchdowns,50.0,0,4,1,180.0,2026-09-27 17:00:00+00:00,Sun 1:00PM
195928803,NFL Single Stat $50 Double Up (Touchdowns),153805,Single Stat - Touchdowns,50.0,0,22,1,1000.0,2026-09-27 17:00:00+00:00,Sun 1:00PM
195928802,NFL Single Stat $50 Double Up (Touchdowns),153805,Single Stat - Touchdowns,50.0,0,11,1,500.0,2026-09-27 17:00:00+00:00,Sun 1:00PM
195928778,NFL Single Stat $50 3-Player (Touchdowns),153805,Single Stat - Touchdowns,50.0,0,3,1,135.0,2026-09-27 17:00:00+00:00,Sun 1:00PM
195928801,NFL Single Stat $25 Double Up (Touchdowns),153805,Single Stat - Touchdowns,25.0,0,22,1,500.0,2026-09-27 17:00:00+00:00,Sun 1:00PM
195928800,NFL Single Stat $25 Double Up (Touchdowns),153805,Single Stat - Touchdowns,25.0,0,11,1,250.0,2026-09-27 17:00:00+00:00,Sun 1:00PM
195928789,NFL Single Stat $20 50-50 (Touchdowns),153805,Single Stat - Touchdowns,20.0,0,10,1,180.0,2026-09-27 17:00:00+00:00,Sun 1:00PM
195928785,NFL Single Stat $20 50-50 (Touchdowns),153805,Single Stat - Touchdowns,20.0,0,4,1,72.0,2026-09-27 17:00:00+00:00,Sun 1:00PM
195928790,NFL Single Stat $20 5-Player (Touchdowns),153805,Single Stat - Touchdowns,20.0,0,5,1,90.0,2026-09-27 17:00:00+00:00,Sun 1:00PM
195928791,NFL Single Stat $20 3-Player (Touchdowns),153805,Single Stat - Touchdowns,20.0,0,3,1,54.0,2026-09-27 17:00:00+00:00,Sun 1:00PM
195928792,NFL Single Stat $20 3-Player (Touchdowns),153805,Single Stat - Touchdowns,20.0,0,3,1,54.0,2026-09-27 17:00:00+00:00,Sun 1:00PM
195928794,NFL Single Stat $10 50-50 (Touchdowns),153805,Single Stat - Touchdowns,10.0,0,10,1,90.0,2026-09-27 17:00:00+00:00,Sun 1:00PM
195928793,NFL Single Stat $10 50-50 (Touchdowns),153805,Single Stat - Touchdowns,10.0,0,4,1,36.0,2026-09-27 17:00:00+00:00,Sun 1:00PM
195928798,NFL Single Stat $10 Double Up (Touchdowns),153805,Single Stat - Touchdowns,10.0,0,11,1,100.0,2026-09-27 17:00:00+00:00,Sun 1:00PM
195928799,NFL Single Stat $10 Double Up (Touchdowns),153805,Single Stat - Touchdowns,10.0,0,11,1,100.0,2026-09-27 17:00:00+00:00,Sun 1:00PM
195928795,NFL Single Stat $10 5-Player (Touchdowns),153805,Single Stat - Touchdowns,10.0,0,5,1,45.0,2026-09-27 17:00:00+00:00,Sun 1:00PM
195928796,NFL Single Stat $10 3-Player (Touchdowns),153805,Single Stat - Touchdowns,10.0,0,3,1,27.0,2026-09-27 17:00:00+00:00,Sun 1:00PM
195928797,NFL Single Stat $10 3-Player (Touchdowns),153805,Single Stat - Touchdowns,10.0,0,3,1,27.0,2026-09-27 17:00:00+00:00,Sun 1:00PM
195928752,NFL Single Stat $5 50-50 (Touchdowns),153805,Single Stat - Touchdowns,5.0,0,10,1,45.0,2026-09-27 17:00:00+00:00,Sun 1:00PM
195928753,NFL Single Stat $5 50-50 (Touchdowns),153805,Single Stat - Touchdowns,5.0,0,4,1,18.0,2026-09-27 17:00:00+00:00,Sun 1:00PM
195928754,NFL Single Stat $5 50-50 (Touchdowns),153805,Single Stat - Touchdowns,5.0,0,4,1,18.0,2026-09-27 17:00:00+00:00,Sun 1:00PM
195928804,NFL Single Stat $5 Double Up (Touchdowns),153805,Single Stat - Touchdowns,5.0,0,11,1,50.0,2026-09-27 17:00:00+00:00,Sun 1:00PM
195928805,NFL Single Stat $5 Double Up (Touchdowns),153805,Single Stat - Touchdowns,5.0,0,11,1,50.0,2026-09-27 17:00:00+00:00,Sun 1:00PM
195928755,NFL Single Stat $5 20-Player (Touchdowns),153805,Single Stat - Touchdowns,5.0,0,20,1,90.0,2026-09-27 17:00:00+00:00,Sun 1:00PM
195928758,NFL Single Stat $5 10-Player (Touchdowns),153805,Single Stat - Touchdowns,5.0,0,10,1,45.0,2026-09-27 17:00:00+00:00,Sun 1:00PM
195928812,NFL Single Stat $5 5-Player (Touchdowns),153805,Single Stat - Touchdowns,5.0,0,5,1,22.5,2026-09-27 17:00:00+00:00,Sun 1:00PM
195928813,NFL Single Stat $5 5-Player (Touchdowns),153805,Single Stat - Touchdowns,5.0,0,5,1,22.5,2026-09-27 17:00:00+00:00,Sun 1:00PM
195928814,NFL Single Stat $5 3-Player (Touchdowns),153805,Single Stat - Touchdowns,5.0,0,3,1,13.5,2026-09-27 17:00:00+00:00,Sun 1:00PM
195928815,NFL Single Stat $5 3-Player (Touchdowns),153805,Single Stat - Touchdowns,5.0,0,3,1,13.5,2026-09-27 17:00:00+00:00,Sun 1:00PM
195928806,NFL Single Stat $3 Double Up (Touchdowns),153805,Single Stat - Touchdowns,3.0,0,11,1,30.0,2026-09-27 17:00:00+00:00,Sun 1:00PM
195928807,NFL Single Stat $3 Double Up (Touchdowns),153805,Single Stat - Touchdowns,3.0,0,11,1,30.0,2026-09-27 17:00:00+00:00,Sun 1:00PM
195928761,NFL Single Stat $2 50-50 (Touchdowns),153805,Single Stat - Touchdowns,2.0,0,20,1,36.0,2026-09-27 17:00:00+00:00,Sun 1:00PM
195928762,NFL Single Stat $2 50-50 (Touchdowns),153805,Single Stat - Touchdowns,2.0,0,10,1,18.0,2026-09-27 17:00:00+00:00,Sun 1:00PM
195928766,NFL Single Stat $2 20-Player (Touchdowns),153805,Single Stat - Touchdowns,2.0,0,20,1,36.0,2026-09-27 17:00:00+00:00,Sun 1:00PM
195928767,NFL Single Stat $2 10-Player (Touchdowns),153805,Single Stat - Touchdowns,2.0,0,10,1,18.0,2026-09-27 17:00:00+00:00,Sun 1:00PM
195928768,NFL Single Stat $2 10-Player (Touchdowns),153805,Single Stat - Touchdowns,2.0,0,10,1,18.0,2026-09-27 17:00:00+00:00,Sun 1:00PM
195928770,NFL Single Stat $2 5-Player (Touchdowns),153805,Single Stat - Touchdowns,2.0,0,5,1,9.0,2026-09-27 17:00:00+00:00,Sun 1:00PM
195928771,NFL Single Stat $2 5-Player (Touchdowns),153805,Single Stat - Touchdowns,2.0,0,5,1,9.0,2026-09-27 17:00:00+00:00,Sun 1:00PM
195928773,NFL Single Stat $2 3-Player (Touchdowns),153805,Single Stat - Touchdowns,2.0,0,3,1,5.4,2026-09-27 17:00:00+00:00,Sun 1:00PM
195928774,NFL Single Stat $2 3-Player (Touchdowns),153805,Single Stat - Touchdowns,2.0,0,3,1,5.4,2026-09-27 17:00:00+00:00,Sun 1:00PM
195962775,NFL Single Stat $1 50-50 (Touchdowns),153805,Single Stat - Touchdowns,1.0,0,20,1,18.0,2026-09-27 17:00:00+00:00,Sun 1:00PM
195928776,NFL Single Stat $1 50-50 (Touchdowns),153805,Single Stat - Touchdowns,1.0,0,10,1,9.0,2026-09-27 17:00:00+00:00,Sun 1:00PM
195928777,NFL Single Stat $1 50-50 (Touchdowns),153805,Single Stat - Touchdowns,1.0,0,10,1,9.0,2026-09-27 17:00:00+00:00,Sun 1:00PM
195928808,NFL Single Stat $1 Double Up (Touchdowns),153805,Single Stat - Touchdowns,1.0,0,11,1,10.0,2026-09-27 17:00:00+00:00,Sun 1:00PM
195928809,NFL Single Stat $1 Double Up (Touchdowns),153805,Single Stat - Touchdowns,1.0,0,11,1,10.0,2026-09-27 17:00:00+00:00,Sun 1:00PM
195928779,NFL Single Stat $1 20-Player (Touchdowns),153805,Single Stat - Touchdowns,1.0,0,20,1,18.0,2026-09-27 17:00:00+00:00,Sun 1:00PM
195928780,NFL Single Stat $1 10-Player (Touchdowns),153805,Single Stat - Touchdowns,1.0,0,10,1,9.0,2026-09-27 17:00:00+00:00,Sun 1:00PM
195928781,NFL Single Stat $1 10-Player (Touchdowns),153805,Single Stat - Touchdowns,1.0,0,10,1,9.0,2026-09-27 17:00:00+00:00,Sun 1:00PM
195928782,NFL Single Stat $1 5-Player (Touchdowns),153805,Single Stat - Touchdowns,1.0,0,5,1,4.5,2026-09-27 17:00:00+00:00,Sun 1:00PM
195928784,NFL Single Stat $1 5-Player (Touchdowns),153805,Single Stat - Touchdowns,1.0,0,5,1,4.5,2026-09-27 17:00:00+00:00,Sun 1:00PM
195970029,NFL Single Stat $1 5-Player (Touchdowns),153805,Single Stat - Touchdowns,1.0,0,5,1,4.5,2026-09-27 17:00:00+00:00,Sun 1:00PM
195928786,NFL Single Stat $1 3-Player (Touchdowns),153805,Single Stat - Touchdowns,1.0,0,3,1,2.7,2026-09-27 17:00:00+00:00,Sun 1:00PM
195928787,NFL Single Stat $1 3-Player (Touchdowns),153805,Single Stat - Touchdowns,1.0,0,3,1,2.7,2026-09-27 17:00:00+00:00,Sun 1:00PM
195946763,NFL Single Stat $1 3-Player (Touchdowns),153805,Single Stat - Touchdowns,1.0,0,3,1,2.7,2026-09-27 17:00:00+00:00,Sun 1:00PM
