contest_id,name,draft_group,game_type,entry_fee,entries,max_entries,max_per_user,prize_pool,starts_utc,starts_text
196151357,NFL $2.75M Fantasy Football Millionaire [$1M to 1st],154078,Classic,20.0,12256,161764,150,2750000.0,2026-10-04 17:00:00+00:00,Sun 1:00PM
196151359,NFL $2.5M MEGA Millionaire [$1M to 1st],154078,Classic,4444.0,84,634,19,2536000.0,2026-10-04 17:00:00+00:00,Sun 1:00PM
195745385,NFL $6M Midseason Main Event [$1.5M to 1st],153728,Classic,1500.0,29,4444,133,6000000.0,2026-11-01 18:00:00+00:00,Sun 1:00PM
196187074,NFL Showdown $1.5M Thursday Night Showdown [$500K to 1st] (PIT @ CLE),154084,Showdown Captain Mode,20.0,8991,88235,150,1500000.0,2026-10-02 00:15:00+00:00,Thu 8:15PM
196151355,NFL $1.25M Wildcat [$250K to 1st],154078,Classic,333.0,406,4170,125,1250000.0,2026-10-04 17:00:00+00:00,Sun 1:00PM
196187072,NFL Showdown $500K Wildcat [$100K to 1st] (PIT @ CLE),154084,Showdown Captain Mode,333.0,242,1668,50,500000.0,2026-10-02 00:15:00+00:00,Thu 8:15PM
196151358,NFL $700K Play-Action [20 Entry Max],154078,Classic,3.0,22900,277447,20,700000.0,2026-10-04 17:00:00+00:00,Sun 1:00PM
196151360,"NFL $500K Power Sweep [$100K to 1st, 5 Entry Max]",154078,Classic,150.0,352,3703,5,500000.0,2026-10-04 17:00:00+00:00,Sun 1:00PM
196169713,"NFL $250K Power Sweep [$50K to 1st, 3 Entry Max]",154078,Classic,150.0,118,1851,3,250000.0,2026-10-04 17:00:00+00:00,Sun 1:00PM
196169714,"NFL $150K Power Sweep [$30K to 1st, 3 Entry Max]",154078,Classic,150.0,74,1111,3,150000.0,2026-10-04 17:00:00+00:00,Sun 1:00PM
196169758,NFL Single Entry $5 Double Up,154078,Classic,5.0,311,3448,1,15000.0,2026-10-04 17:00:00+00:00,Sun 1:00PM
196169760,NFL Single Entry $5 Double Up,154078,Classic,5.0,206,2758,1,12000.0,2026-10-04 17:00:00+00:00,Sun 1:00PM
196169761,NFL Single Entry $5 Double Up,154078,Classic,5.0,193,2298,1,10000.0,2026-10-04 17:00:00+00:00,Sun 1:00PM
196187070,NFL Showdown $402K Luxury Box [$100K to 1st] (PIT @ CLE),154084,Showdown Captain Mode,3180.0,29,134,4,402000.0,2026-10-02 00:15:00+00:00,Thu 8:15PM
196187076,NFL Showdown $250K Play-Action [20 Entry Max] (PIT @ CLE),154084,Showdown Captain Mode,3.0,13439,99088,20,250000.0,2026-10-02 00:15:00+00:00,Thu 8:15PM
196187075,NFL Showdown $250K Flea Flicker [$50K to 1st] (PIT @ CLE),154084,Showdown Captain Mode,5.0,8362,59453,150,250000.0,2026-10-02 00:15:00+00:00,Thu 8:15PM
196200374,$14M 2026 Fantasy Football World Championship Qualifier #56 (PIT @ CLE),154084,Showdown Captain Mode,490.0,54,200,6,83300.0,2026-10-02 00:15:00+00:00,Thu 8:15PM
196187073,NFL Showdown $150K Bootleg [$50K to 1st] (PIT @ CLE),154084,Showdown Captain Mode,33.0,671,5300,150,150000.0,2026-10-02 00:15:00+00:00,Thu 8:15PM
196169729,"NFL $400K Spy [$100K to 1st, Single Entry]",154078,Classic,100.0,322,4444,1,400000.0,2026-10-04 17:00:00+00:00,Sun 1:00PM
196169730,"NFL $200K Spy [$50K to 1st, Single Entry]",154078,Classic,100.0,119,2222,1,200000.0,2026-10-04 17:00:00+00:00,Sun 1:00PM
196169731,"NFL $75K Spy [$15K to 1st, Single Entry]",154078,Classic,100.0,82,833,1,75000.0,2026-10-04 17:00:00+00:00,Sun 1:00PM
196169752,NFL GIANT $25 Double Up [Single Entry],154078,Classic,25.0,243,2758,1,60000.0,2026-10-04 17:00:00+00:00,Sun 1:00PM
196169753,NFL GIANT $25 Double Up [Single Entry],154078,Classic,25.0,128,1839,1,40000.0,2026-10-04 17:00:00+00:00,Sun 1:00PM
196169754,NFL GIANT $25 Double Up [Single Entry],154078,Classic,25.0,101,1379,1,30000.0,2026-10-04 17:00:00+00:00,Sun 1:00PM
196169686,NFL GIANT $25 Double Up,154078,Classic,25.0,111,1149,34,25000.0,2026-10-04 17:00:00+00:00,Sun 1:00PM
196169700,NFL $400K Flea Flicker [$50K to 1st],154078,Classic,5.0,7628,95124,150,400000.0,2026-10-04 17:00:00+00:00,Sun 1:00PM
196169724,"NFL $400K Game Changer [$100K to 1st, Single Entry]",154078,Classic,1500.0,27,282,1,400000.0,2026-10-04 17:00:00+00:00,Sun 1:00PM
196204759,NFL Showdown $400K Showdown Special [$100K to 1st] (IND vs WAS),154085,Showdown Captain Mode,18.0,736,26143,150,400000.0,2026-10-04 13:30:00+00:00,Sun 9:30AM
196204776,NFL Showdown $150K Wildcat [$50K to 1st] (IND vs WAS),154085,Showdown Captain Mode,333.0,39,500,15,150000.0,2026-10-04 13:30:00+00:00,Sun 9:30AM
196200421,$14M 2026 Fantasy Football World Championship Qualifier #60 (IND vs WAS),154085,Showdown Captain Mode,10170.0,4,10,1,87500.0,2026-10-04 13:30:00+00:00,Sun 9:30AM
196187125,"NFL Showdown $160K Four-Point Stance [$50K to 1st, 5 Entry Max] (PIT @ CLE)",154084,Showdown Captain Mode,444.0,58,400,5,160000.0,2026-10-02 00:15:00+00:00,Thu 8:15PM
196187095,"NFL Showdown $80K Huddle [$10K to 1st, Single Entry] (PIT @ CLE)",154084,Showdown Captain Mode,5.0,1356,19024,1,80000.0,2026-10-02 00:15:00+00:00,Thu 8:15PM
196187067,NFL Showdown $10K Huddle [Single Entry] (PIT @ CLE),154084,Showdown Captain Mode,5.0,510,2378,1,10000.0,2026-10-02 00:15:00+00:00,Thu 8:15PM
196169733,"NFL $200K Red Zone [$25K to 1st, Single Entry]",154078,Classic,50.0,192,4545,1,200000.0,2026-10-04 17:00:00+00:00,Sun 1:00PM
196169734,NFL $75K Red Zone [Single Entry],154078,Classic,50.0,86,1704,1,75000.0,2026-10-04 17:00:00+00:00,Sun 1:00PM
196169681,NFL $50K Red Zone [Single Entry],154078,Classic,50.0,88,1136,1,50000.0,2026-10-04 17:00:00+00:00,Sun 1:00PM
196169690,NFL $61K Luxury Box [$20K to 1st],154078,Classic,1500.0,6,43,1,61000.0,2026-10-04 17:00:00+00:00,Sun 1:00PM
196169689,NFL $170K Thunderdome [Single Entry],154078,Classic,5300.0,5,34,1,170000.0,2026-10-04 17:00:00+00:00,Sun 1:00PM
196171215,NFL $20K Thunderdome [Must Fill],154078,Classic,5300.0,0,4,1,20000.0,2026-10-04 17:00:00+00:00,Sun 1:00PM
196169712,"NFL $250K Facemask [5 Entry Max, $50K to 1st]",154078,Classic,555.0,50,500,5,250000.0,2026-10-04 17:00:00+00:00,Sun 1:00PM
196169737,NFL $150K Fair Catch [Single Entry],154078,Classic,12.0,907,14705,1,150000.0,2026-10-04 17:00:00+00:00,Sun 1:00PM
196169738,NFL $75K Fair Catch [Single Entry],154078,Classic,12.0,415,7352,1,75000.0,2026-10-04 17:00:00+00:00,Sun 1:00PM
196169682,NFL $50K Fair Catch [Single Entry],154078,Classic,12.0,387,4901,1,50000.0,2026-10-04 17:00:00+00:00,Sun 1:00PM
196169688,NFL GIANT $5 Double Up,154078,Classic,5.0,670,9195,150,40000.0,2026-10-04 17:00:00+00:00,Sun 1:00PM
196169749,NFL GIANT $50 Double Up [Single Entry],154078,Classic,50.0,91,1136,1,50000.0,2026-10-04 17:00:00+00:00,Sun 1:00PM
196169750,NFL GIANT $50 Double Up [Single Entry],154078,Classic,50.0,48,681,1,30000.0,2026-10-04 17:00:00+00:00,Sun 1:00PM
196169751,NFL GIANT $50 Double Up [Single Entry],154078,Classic,50.0,33,454,1,20000.0,2026-10-04 17:00:00+00:00,Sun 1:00PM
196169687,NFL GIANT $10 Double Up [Single Entry],154078,Classic,10.0,362,4597,1,40000.0,2026-10-04 17:00:00+00:00,Sun 1:00PM
196169755,NFL GIANT $10 Double Up,154078,Classic,10.0,363,3448,103,30000.0,2026-10-04 17:00:00+00:00,Sun 1:00PM
196169756,NFL GIANT $10 Double Up [Single Entry],154078,Classic,10.0,233,2873,1,25000.0,2026-10-04 17:00:00+00:00,Sun 1:00PM
196169745,NFL GIANT $100 Double Up [Single Entry],154078,Classic,100.0,45,555,1,50000.0,2026-10-04 17:00:00+00:00,Sun 1:00PM
196169746,NFL GIANT $100 Double Up [Single Entry],154078,Classic,100.0,24,333,1,30000.0,2026-10-04 17:00:00+00:00,Sun 1:00PM
196169747,NFL GIANT $100 Double Up [Single Entry],154078,Classic,100.0,17,222,1,20000.0,2026-10-04 17:00:00+00:00,Sun 1:00PM
196169705,NFL $175K mini-MAX [150 Entry Max],154078,Classic,0.5,32250,416171,150,175000.0,2026-10-04 17:00:00+00:00,Sun 1:00PM
196169716,NFL $125K Three-Point Stance [5 Entry Max],154078,Classic,33.0,331,4417,5,125000.0,2026-10-04 17:00:00+00:00,Sun 1:00PM
196200409,$14M 2026 Fantasy Football World Championship Qualifier #61,154078,Classic,18.0,916,5000,150,76500.0,2026-10-04 17:00:00+00:00,Sun 1:00PM
196200417,$14M 2026 Fantasy Football World Championship Qualifier #64,154078,Classic,490.0,48,235,7,97900.0,2026-10-04 17:00:00+00:00,Sun 1:00PM
196200410,$14M 2026 Fantasy Football World Championship Qualifier #62,154078,Classic,33.0,483,2678,80,75125.0,2026-10-04 17:00:00+00:00,Sun 1:00PM
196200420,$14M 2026 Fantasy Football World Championship Qualifier #69,154078,Classic,10170.0,4,12,1,104960.0,2026-10-04 17:00:00+00:00,Sun 1:00PM
196200415,$14M 2026 Fantasy Football World Championship Qualifier #68,154078,Classic,10170.0,4,12,1,104960.0,2026-10-04 17:00:00+00:00,Sun 1:00PM
196169683,NFL $100K Huddle [Single Entry],154078,Classic,5.0,1684,23781,1,100000.0,2026-10-04 17:00:00+00:00,Sun 1:00PM
196169684,NFL $10K Huddle [Single Entry],154078,Classic,5.0,647,2378,1,10000.0,2026-10-04 17:00:00+00:00,Sun 1:00PM
196200411,$14M 2026 Fantasy Football World Championship Qualifier #63,154078,Classic,125.0,114,734,22,78000.0,2026-10-04 17:00:00+00:00,Sun 1:00PM
196200412,$14M 2026 Fantasy Football World Championship Qualifier #65,154078,Classic,1350.0,15,67,2,77800.0,2026-10-04 17:00:00+00:00,Sun 1:00PM
196200414,$14M 2026 Fantasy Football World Championship Qualifier #67,154078,Classic,5085.0,4,16,1,70000.0,2026-10-04 17:00:00+00:00,Sun 1:00PM
196200413,$14M 2026 Fantasy Football World Championship Qualifier #66,154078,Classic,5085.0,3,16,1,70000.0,2026-10-04 17:00:00+00:00,Sun 1:00PM
196169727,"NFL $125K Double Spy [$25K to 1st, Single Entry]",154078,Classic,200.0,55,694,1,125000.0,2026-10-04 17:00:00+00:00,Sun 1:00PM
196169728,"NFL $75K Double Spy [$20K to 1st, Single Entry]",154078,Classic,200.0,35,416,1,75000.0,2026-10-04 17:00:00+00:00,Sun 1:00PM
196169699,"NFL $100K Slant [$10K to 1st, 2x Min Cash]",154078,Classic,9.0,1230,13071,150,100000.0,2026-10-04 17:00:00+00:00,Sun 1:00PM
196169735,NFL $75K Blind Side [Single Entry],154078,Classic,27.0,198,3239,1,75000.0,2026-10-04 17:00:00+00:00,Sun 1:00PM
196169736,NFL $25K Blind Side [Single Entry],154078,Classic,27.0,115,1079,1,25000.0,2026-10-04 17:00:00+00:00,Sun 1:00PM
196151356,NFL $100K First Down [20 Entry Max],154078,Classic,1.0,11324,118906,20,100000.0,2026-10-04 17:00:00+00:00,Sun 1:00PM
196169691,"NFL $80K Pocket Passer [$20K to 1st, 4 Entry Max]",154078,Classic,250.0,39,355,4,80000.0,2026-10-04 17:00:00+00:00,Sun 1:00PM
196169695,"NFL $70K Octopus [$20K to 1st, 8 Entry Max]",154078,Classic,88.0,81,903,8,70000.0,2026-10-04 17:00:00+00:00,Sun 1:00PM
196169743,NFL GIANT $250 Double Up [Single Entry],154078,Classic,250.0,17,177,1,40000.0,2026-10-04 17:00:00+00:00,Sun 1:00PM
196169685,NFL GIANT $250 Double Up [Single Entry],154078,Classic,250.0,10,88,1,20000.0,2026-10-04 17:00:00+00:00,Sun 1:00PM
196187115,NFL Showdown Single Entry $5 Double Up (PIT @ CLE),154084,Showdown Captain Mode,5.0,128,1149,1,5000.0,2026-10-02 00:15:00+00:00,Thu 8:15PM
196187116,NFL Showdown Single Entry $5 Double Up (PIT @ CLE),154084,Showdown Captain Mode,5.0,61,689,1,3000.0,2026-10-02 00:15:00+00:00,Thu 8:15PM
196187117,NFL Showdown Single Entry $5 Double Up (PIT @ CLE),154084,Showdown Captain Mode,5.0,38,229,1,1000.0,2026-10-02 00:15:00+00:00,Thu 8:15PM
196187127,NFL Showdown Single Entry $5 Double Up (PIT @ CLE),154084,Showdown Captain Mode,5.0,30,229,1,1000.0,2026-10-02 00:15:00+00:00,Thu 8:15PM
196187128,NFL Showdown Single Entry $5 Double Up (PIT @ CLE),154084,Showdown Captain Mode,5.0,28,229,1,1000.0,2026-10-02 00:15:00+00:00,Thu 8:15PM
196187129,NFL Showdown Single Entry $5 Double Up (PIT @ CLE),154084,Showdown Captain Mode,5.0,28,229,1,1000.0,2026-10-02 00:15:00+00:00,Thu 8:15PM
196187130,NFL Showdown Single Entry $5 Double Up (PIT @ CLE),154084,Showdown Captain Mode,5.0,31,229,1,1000.0,2026-10-02 00:15:00+00:00,Thu 8:15PM
196187107,NFL Showdown Single Entry $25 Double Up (PIT @ CLE),154084,Showdown Captain Mode,25.0,54,459,1,10000.0,2026-10-02 00:15:00+00:00,Thu 8:15PM
196187108,NFL Showdown Single Entry $25 Double Up (PIT @ CLE),154084,Showdown Captain Mode,25.0,29,229,1,5000.0,2026-10-02 00:15:00+00:00,Thu 8:15PM
196187109,NFL Showdown Single Entry $25 Double Up (PIT @ CLE),154084,Showdown Captain Mode,25.0,12,45,1,1000.0,2026-10-02 00:15:00+00:00,Thu 8:15PM
196187131,NFL Showdown Single Entry $25 Double Up (PIT @ CLE),154084,Showdown Captain Mode,25.0,10,45,1,1000.0,2026-10-02 00:15:00+00:00,Thu 8:15PM
196187132,NFL Showdown Single Entry $25 Double Up (PIT @ CLE),154084,Showdown Captain Mode,25.0,10,45,1,1000.0,2026-10-02 00:15:00+00:00,Thu 8:15PM
196187133,NFL Showdown Single Entry $25 Double Up (PIT @ CLE),154084,Showdown Captain Mode,25.0,9,45,1,1000.0,2026-10-02 00:15:00+00:00,Thu 8:15PM
196187134,NFL Showdown Single Entry $25 Double Up (PIT @ CLE),154084,Showdown Captain Mode,25.0,9,45,1,1000.0,2026-10-02 00:15:00+00:00,Thu 8:15PM
196187098,NFL Showdown $250 Double Up (PIT @ CLE),154084,Showdown Captain Mode,250.0,13,71,2,16000.0,2026-10-02 00:15:00+00:00,Thu 8:15PM
196187068,NFL Showdown $51K Luxury Box [$20K to 1st] (PIT @ CLE),154084,Showdown Captain Mode,1500.0,7,36,1,51000.0,2026-10-02 00:15:00+00:00,Thu 8:15PM
196187071,NFL Showdown $21.3K Luxury Box [$10K to 1st] (PIT @ CLE),154084,Showdown Captain Mode,1500.0,5,15,1,21300.0,2026-10-02 00:15:00+00:00,Thu 8:15PM
196187069,NFL Showdown $80K Thunderdome [$40K to 1st] (PIT @ CLE),154084,Showdown Captain Mode,5300.0,5,16,1,80000.0,2026-10-02 00:15:00+00:00,Thu 8:15PM
196185438,NFL Showdown $20K Thunderdome [Must Fill] (PIT @ CLE),154084,Showdown Captain Mode,5300.0,0,4,1,20000.0,2026-10-02 00:15:00+00:00,Thu 8:15PM
196200377,$14M 2026 Fantasy Football World Championship Qualifier #59 (PIT @ CLE),154084,Showdown Captain Mode,10170.0,5,10,1,87500.0,2026-10-02 00:15:00+00:00,Thu 8:15PM
196200376,$14M 2026 Fantasy Football World Championship Qualifier #58 (PIT @ CLE),154084,Showdown Captain Mode,10170.0,5,10,1,87500.0,2026-10-02 00:15:00+00:00,Thu 8:15PM
196200375,$14M 2026 Fantasy Football World Championship Qualifier #57 (PIT @ CLE),154084,Showdown Captain Mode,5085.0,6,16,1,70000.0,2026-10-02 00:15:00+00:00,Thu 8:15PM
196187089,"NFL Showdown $100K Spy [$20K to 1st, Single Entry] (PIT @ CLE)",154084,Showdown Captain Mode,100.0,88,1111,1,100000.0,2026-10-02 00:15:00+00:00,Thu 8:15PM
196187090,NFL Showdown $35K Spy [Single Entry] (PIT @ CLE),154084,Showdown Captain Mode,100.0,32,388,1,35000.0,2026-10-02 00:15:00+00:00,Thu 8:15PM
196187079,NFL Showdown $80K mini-MAX [150 Entry Max] (PIT @ CLE),154084,Showdown Captain Mode,0.5,34312,190249,150,80000.0,2026-10-02 00:15:00+00:00,Thu 8:15PM
196187078,NFL Showdown $60K First Down [20 Entry Max] (PIT @ CLE),154084,Showdown Captain Mode,1.0,8109,71343,20,60000.0,2026-10-02 00:15:00+00:00,Thu 8:15PM
196187093,"NFL Showdown $35K Bubble Screen [$10K to 1st, Single Entry] (PIT @ CLE)",154084,Showdown Captain Mode,15.0,224,2745,1,35000.0,2026-10-02 00:15:00+00:00,Thu 8:15PM
196187094,"NFL Showdown $20K Bubble Screen [Single Entry, $5K to 1st] (PIT @ CLE)",154084,Showdown Captain Mode,15.0,159,1568,1,20000.0,2026-10-02 00:15:00+00:00,Thu 8:15PM
196187088,"NFL Showdown $40K Double Spy [$10K to 1st, Single Entry] (PIT @ CLE)",154084,Showdown Captain Mode,200.0,20,222,1,40000.0,2026-10-02 00:15:00+00:00,Thu 8:15PM
196187082,NFL Showdown $50K Power Sweep [5 Entry Max] (PIT @ CLE),154084,Showdown Captain Mode,150.0,59,370,5,50000.0,2026-10-02 00:15:00+00:00,Thu 8:15PM
196187091,NFL Showdown $30K Red Zone [Single Entry] (PIT @ CLE),154084,Showdown Captain Mode,50.0,48,681,1,30000.0,2026-10-02 00:15:00+00:00,Thu 8:15PM
196187092,NFL Showdown $20K Red Zone [Single Entry] (PIT @ CLE),154084,Showdown Captain Mode,50.0,30,454,1,20000.0,2026-10-02 00:15:00+00:00,Thu 8:15PM
196186381,NFL $30K Thu-Mon Special [$10K to 1st] (Thu-Mon),154077,Classic,18.0,521,1960,58,30000.0,2026-10-02 00:15:00+00:00,Thu 8:15PM
196185543,NFL $20K Thunderdome [Must Fill] (Thu-Mon),154077,Classic,5300.0,0,4,1,20000.0,2026-10-02 00:15:00+00:00,Thu 8:15PM
196186395,NFL $10K Pylon [Single Entry] (Thu-Mon),154077,Classic,3.0,1255,3963,1,10000.0,2026-10-02 00:15:00+00:00,Thu 8:15PM
196186394,NFL $6K Huddle [Single Entry] (Thu-Mon),154077,Classic,5.0,464,1426,1,6000.0,2026-10-02 00:15:00+00:00,Thu 8:15PM
196186390,NFL $4K Nickel [3 Entry Max] (Thu-Mon),154077,Classic,5.0,229,951,3,4000.0,2026-10-02 00:15:00+00:00,Thu 8:15PM
196187087,NFL Showdown $25K Checkdown Pass [Single Entry] (PIT @ CLE),154084,Showdown Captain Mode,777.0,8,35,1,25000.0,2026-10-02 00:15:00+00:00,Thu 8:15PM
196187084,NFL Showdown $20K Hard Count [5 Entry Max] (PIT @ CLE),154084,Showdown Captain Mode,20.0,181,1176,5,20000.0,2026-10-02 00:15:00+00:00,Thu 8:15PM
196185439,NFL Showdown $100K Heavy Hitter [Must Fill] (PIT @ CLE),154084,Showdown Captain Mode,26200.0,0,4,1,100000.0,2026-10-02 00:15:00+00:00,Thu 8:15PM
196185440,NFL Showdown $75K Heavy Hitter [Must Fill] (PIT @ CLE),154084,Showdown Captain Mode,26200.0,0,3,1,75000.0,2026-10-02 00:15:00+00:00,Thu 8:15PM
196208454,NFL $200K Early Only Rush [$50K to 1st] (Early Only),154079,Classic,18.0,354,13071,150,200000.0,2026-10-04 17:00:00+00:00,Sun 1:00PM
196208411,NFL $120K Wildcat [$30K to 1st] (Early Only),154079,Classic,333.0,19,400,12,120000.0,2026-10-04 17:00:00+00:00,Sun 1:00PM
196208429,NFL $50K Huddle [Single Entry] (Early Only),154079,Classic,5.0,312,11890,1,50000.0,2026-10-04 17:00:00+00:00,Sun 1:00PM
196208407,NFL $10K Huddle [Single Entry] (Early Only),154079,Classic,5.0,106,2378,1,10000.0,2026-10-04 17:00:00+00:00,Sun 1:00PM
196208412,NFL $40K Flea Flicker [$10K to 1st] (Early Only),154079,Classic,5.0,525,9512,150,40000.0,2026-10-04 17:00:00+00:00,Sun 1:00PM
196185441,NFL Showdown $60K Nosebleed Section [Must Fill] (PIT @ CLE),154084,Showdown Captain Mode,10600.0,0,6,1,60000.0,2026-10-02 00:15:00+00:00,Thu 8:15PM
196211279,$3M NFL King of the Desert Qualifier #31 (PIT @ CLE),154084,Showdown Captain Mode,2325.0,2,10,1,20000.0,2026-10-02 00:15:00+00:00,Thu 8:15PM
196187590,"NFL Showdown SUPERSatellite to $4,444 NFL Fantasy Football MEGA Millionaire [3x] (PIT @ CLE)",154084,Showdown Captain Mode,147.0,18,100,3,13332.0,2026-10-02 00:15:00+00:00,Thu 8:15PM
196187715,"NFL Showdown $5,085 2026 FFWC Qualifier Satellite (PIT @ CLE)",154084,Showdown Captain Mode,84.0,12,68,2,5085.0,2026-10-02 00:15:00+00:00,Thu 8:15PM
196187716,"NFL Showdown $5,085 2026 FFWC Qualifier Satellite (PIT @ CLE)",154084,Showdown Captain Mode,513.0,3,11,1,5085.0,2026-10-02 00:15:00+00:00,Thu 8:15PM
196187581,"NFL Showdown Satellite to NFL $4,444 Fantasy Football MEGA Millionaire (PIT @ CLE)",154084,Showdown Captain Mode,448.0,2,11,1,4444.0,2026-10-02 00:15:00+00:00,Thu 8:15PM
196187582,"NFL Showdown Satellite to NFL $4,444 Fantasy Football MEGA Millionaire (PIT @ CLE)",154084,Showdown Captain Mode,448.0,2,11,1,4444.0,2026-10-02 00:15:00+00:00,Thu 8:15PM
196187580,"NFL Showdown Satellite to NFL $4,444 Fantasy Football MEGA Millionaire (PIT @ CLE)",154084,Showdown Captain Mode,448.0,2,11,1,4444.0,2026-10-02 00:15:00+00:00,Thu 8:15PM
196187096,NFL Showdown $15K Pylon [Single Entry] (PIT @ CLE),154084,Showdown Captain Mode,3.0,704,5945,1,15000.0,2026-10-02 00:15:00+00:00,Thu 8:15PM
196187085,NFL Showdown $15K Cover Four [5 Entry Max] (PIT @ CLE),154084,Showdown Captain Mode,4.0,510,4458,5,15000.0,2026-10-02 00:15:00+00:00,Thu 8:15PM
196187083,NFL Showdown $15K Goal Line [5 Entry Max] (PIT @ CLE),154084,Showdown Captain Mode,75.0,24,227,5,15000.0,2026-10-02 00:15:00+00:00,Thu 8:15PM
196187077,NFL Showdown $10K Safety [20 Entry Max] (PIT @ CLE),154084,Showdown Captain Mode,2.0,1064,5945,20,10000.0,2026-10-02 00:15:00+00:00,Thu 8:15PM
196204915,NFL Showdown $80K Showdown Special [$20K to 1st] (LAR @ PHI),154093,Showdown Captain Mode,15.0,29,6274,150,80000.0,2026-10-04 17:00:00+00:00,Sun 1:00PM
196206691,NFL Showdown $20K Thunderdome [Must Fill] (LAR @ PHI),154093,Showdown Captain Mode,5300.0,0,4,1,20000.0,2026-10-04 17:00:00+00:00,Sun 1:00PM
196204916,NFL Showdown $10K Flea Flicker [$2K to 1st] (LAR @ PHI),154093,Showdown Captain Mode,5.0,7,2378,71,10000.0,2026-10-04 17:00:00+00:00,Sun 1:00PM
196204924,NFL Showdown $6K Huddle [Single Entry] (LAR @ PHI),154093,Showdown Captain Mode,5.0,13,1426,1,6000.0,2026-10-04 17:00:00+00:00,Sun 1:00PM
196204917,NFL Showdown $6K Play-Action [20 Entry Max] (LAR @ PHI),154093,Showdown Captain Mode,3.0,19,2378,20,6000.0,2026-10-04 17:00:00+00:00,Sun 1:00PM
196169762,NFL $2 Double Up,154078,Classic,2.0,742,8620,20,15000.0,2026-10-04 17:00:00+00:00,Sun 1:00PM
196169711,NFL $70K Touch Pass [3 Entry Max],154078,Classic,777.0,15,100,3,70000.0,2026-10-04 17:00:00+00:00,Sun 1:00PM
196169693,"NFL $75K 11 Personnel Special [$15K to 1st, 11 Entry Max]",154078,Classic,111.0,76,750,11,75000.0,2026-10-04 17:00:00+00:00,Sun 1:00PM
196169717,NFL $60K Screen Pass [5 Entry Max],154078,Classic,15.0,371,4705,5,60000.0,2026-10-04 17:00:00+00:00,Sun 1:00PM
196169718,NFL $40K Screen Pass [3 Entry Max],154078,Classic,15.0,282,3137,3,40000.0,2026-10-04 17:00:00+00:00,Sun 1:00PM
196169702,NFL $50K MEGA mini-MAX [150 Entry Max],154078,Classic,2.0,1985,29726,150,50000.0,2026-10-04 17:00:00+00:00,Sun 1:00PM
196169732,NFL $30K End Zone [Single Entry],154078,Classic,75.0,50,454,1,30000.0,2026-10-04 17:00:00+00:00,Sun 1:00PM
196204779,NFL Showdown $50K Play-Action [20 Entry Max] (IND vs WAS),154085,Showdown Captain Mode,3.0,391,19817,20,50000.0,2026-10-04 13:30:00+00:00,Sun 9:30AM
196204778,NFL Showdown $40K Flea Flicker [$10K to 1st] (IND vs WAS),154085,Showdown Captain Mode,5.0,540,9512,150,40000.0,2026-10-04 13:30:00+00:00,Sun 9:30AM
196204791,NFL Showdown $25K Huddle [Single Entry] (IND vs WAS),154085,Showdown Captain Mode,5.0,107,5945,1,25000.0,2026-10-04 13:30:00+00:00,Sun 9:30AM
196204792,NFL Showdown $5K Huddle [Single Entry] (IND vs WAS),154085,Showdown Captain Mode,5.0,28,1189,1,5000.0,2026-10-04 13:30:00+00:00,Sun 9:30AM
196204777,NFL Showdown $30K Bootleg [$5K to 1st] (IND vs WAS),154085,Showdown Captain Mode,33.0,61,1060,31,30000.0,2026-10-04 13:30:00+00:00,Sun 9:30AM
196186162,NFL Single Stat $20K Thunderdome [Must Fill] (PIT @ CLE Total Yards),154115,Single Stat - Total Yards,5300.0,0,4,1,20000.0,2026-10-02 00:15:00+00:00,Thu 8:15PM
196186165,"NFL Single Stat $10,170 2026 FFWC Qualifier Satellite [Must Fill] (PIT @ CLE Total Yards)",154115,Single Stat - Total Yards,3592.0,0,3,1,10170.0,2026-10-02 00:15:00+00:00,Thu 8:15PM
196186197,NFL Single Stat $3K Winner Take All [20 Entry Max] (PIT @ CLE Total Yards),154115,Single Stat - Total Yards,5.0,93,713,20,3000.0,2026-10-02 00:15:00+00:00,Thu 8:15PM
196186063,NFL Single Stat $1K Winner Take All [3 Entry Max] (PIT @ CLE Total Yards),154115,Single Stat - Total Yards,1.0,288,1189,3,1000.0,2026-10-02 00:15:00+00:00,Thu 8:15PM
196186163,"NFL Single Stat Satellite to NFL $4,444 Fantasy Football MEGA Millionaire [Must Fill] (PIT @ CLE Tot",154115,Single Stat - Total Yards,1570.0,0,3,1,4444.0,2026-10-02 00:15:00+00:00,Thu 8:15PM
196169769,"NFL $60K Super Booster [Top 60 Win $1,000]",154078,Classic,27.0,218,2591,77,60000.0,2026-10-04 17:00:00+00:00,Sun 1:00PM
196208423,"NFL $40K Spy [$10K to 1st, Single Entry] (Early Only)",154079,Classic,100.0,14,444,1,40000.0,2026-10-04 17:00:00+00:00,Sun 1:00PM
196208424,NFL $25K Spy [Single Entry] (Early Only),154079,Classic,100.0,7,277,1,25000.0,2026-10-04 17:00:00+00:00,Sun 1:00PM
196208410,NFL $40K Bootleg [$10K to 1st]  (Early Only),154079,Classic,33.0,95,1413,42,40000.0,2026-10-04 17:00:00+00:00,Sun 1:00PM
196208413,NFL $35K Play-Action [20 Entry Max] (Early Only),154079,Classic,3.0,454,13872,20,35000.0,2026-10-04 17:00:00+00:00,Sun 1:00PM
196208427,NFL $20K Fair Catch [Single Entry] (Early Only),154079,Classic,12.0,57,1960,1,20000.0,2026-10-04 17:00:00+00:00,Sun 1:00PM
196208428,NFL $10K Fair Catch [Single Entry] (Early Only),154079,Classic,12.0,39,980,1,10000.0,2026-10-04 17:00:00+00:00,Sun 1:00PM
196208489,NFL Tiers $30K Flea Flicker [$10K to 1st],154112,Tiers,5.0,599,7134,150,30000.0,2026-10-04 17:00:00+00:00,Sun 1:00PM
196207915,NFL Tiers $20K Thunderdome [Must Fill],154112,Tiers,5300.0,0,4,1,20000.0,2026-10-04 17:00:00+00:00,Sun 1:00PM
196208486,NFL Tiers $7.5K Huddle [Single Entry],154112,Tiers,5.0,76,1783,1,7500.0,2026-10-04 17:00:00+00:00,Sun 1:00PM
196208495,NFL Tiers $4K Triple Option [3 Entry Max],154112,Tiers,3.0,68,1585,3,4000.0,2026-10-04 17:00:00+00:00,Sun 1:00PM
196208491,NFL Tiers $5K First Down [20 Entry Max],154112,Tiers,1.0,343,5945,20,5000.0,2026-10-04 17:00:00+00:00,Sun 1:00PM
196204787,NFL Showdown $20K Spy [Single Entry] (IND vs WAS),154085,Showdown Captain Mode,100.0,11,222,1,20000.0,2026-10-04 13:30:00+00:00,Sun 9:30AM
196204788,NFL Showdown $10K Spy [Single Entry] (IND vs WAS),154085,Showdown Captain Mode,100.0,5,111,1,10000.0,2026-10-04 13:30:00+00:00,Sun 9:30AM
196204808,NFL Showdown Single Entry $5 Double Up (IND vs WAS),154085,Showdown Captain Mode,5.0,10,459,1,2000.0,2026-10-04 13:30:00+00:00,Sun 9:30AM
196204809,NFL Showdown Single Entry $5 Double Up (IND vs WAS),154085,Showdown Captain Mode,5.0,7,229,1,1000.0,2026-10-04 13:30:00+00:00,Sun 9:30AM
196204801,NFL Showdown Single Entry $25 Double Up (IND vs WAS),154085,Showdown Captain Mode,25.0,5,183,1,4000.0,2026-10-04 13:30:00+00:00,Sun 9:30AM
196204802,NFL Showdown Single Entry $25 Double Up (IND vs WAS),154085,Showdown Captain Mode,25.0,4,137,1,3000.0,2026-10-04 13:30:00+00:00,Sun 9:30AM
196204803,NFL Showdown Single Entry $25 Double Up (IND vs WAS),154085,Showdown Captain Mode,25.0,4,45,1,1000.0,2026-10-04 13:30:00+00:00,Sun 9:30AM
196169770,NFL $20K Super Booster [Top 200 Win $100],154078,Classic,4.0,453,5945,20,20000.0,2026-10-04 17:00:00+00:00,Sun 1:00PM
196169768,"NFL $15K Super Booster [Top 15 Win $1,000]",154078,Classic,50.0,30,340,10,15000.0,2026-10-04 17:00:00+00:00,Sun 1:00PM
196169771,NFL $8K Super Booster [Top 400 Win $20],154078,Classic,2.0,437,4756,20,8000.0,2026-10-04 17:00:00+00:00,Sun 1:00PM
196211288,$3M NFL King of the Desert Qualifier #32,154078,Classic,5.0,497,5231,150,22000.0,2026-10-04 17:00:00+00:00,Sun 1:00PM
196211289,$3M NFL King of the Desert Qualifier #33,154078,Classic,50.0,49,500,15,21250.0,2026-10-04 17:00:00+00:00,Sun 1:00PM
196211290,$3M NFL King of the Desert Qualifier #34,154078,Classic,100.0,28,267,8,22700.0,2026-10-04 17:00:00+00:00,Sun 1:00PM
196170802,NFL SUPERSatellite to NFL 11-1 Midseason Main Event [10x],154078,Classic,165.0,10,101,3,15000.0,2026-10-04 17:00:00+00:00,Sun 1:00PM
196169679,NFL $50K Spin Move [Single Entry],154078,Classic,300.0,15,185,1,50000.0,2026-10-04 17:00:00+00:00,Sun 1:00PM
196169680,NFL $20K Spin Move [Single Entry],154078,Classic,300.0,4,74,1,20000.0,2026-10-04 17:00:00+00:00,Sun 1:00PM
196169725,NFL $50K Stiff Arm [Single Entry],154078,Classic,555.0,12,100,1,50000.0,2026-10-04 17:00:00+00:00,Sun 1:00PM
196169739,NFL $30K Pylon [Single Entry],154078,Classic,3.0,1123,11890,1,30000.0,2026-10-04 17:00:00+00:00,Sun 1:00PM
196169740,NFL $20K Pylon [Single Entry],154078,Classic,3.0,716,7927,1,20000.0,2026-10-04 17:00:00+00:00,Sun 1:00PM
196169720,NFL $40K Nickel [5 Entry Max],154078,Classic,5.0,742,9512,5,40000.0,2026-10-04 17:00:00+00:00,Sun 1:00PM
196169701,NFL $40K Front Four [20 Entry Max],154078,Classic,4.0,992,11890,20,40000.0,2026-10-04 17:00:00+00:00,Sun 1:00PM
196169698,NFL $40K 1st and 10 [10 Entry Max],154078,Classic,10.0,432,4705,10,40000.0,2026-10-04 17:00:00+00:00,Sun 1:00PM
196169719,NFL $40K Engage Eight [5 Entry Max],154078,Classic,8.0,519,5882,5,40000.0,2026-10-04 17:00:00+00:00,Sun 1:00PM
196169767,NFL GIANT $530 50-50 [Top 50% Win],154078,Classic,530.0,5,40,1,20000.0,2026-10-04 17:00:00+00:00,Sun 1:00PM
196187080,NFL Showdown $10K Quarter Jukebox [Just $0.25!] (PIT @ CLE),154084,Showdown Captain Mode,0.25,7303,47562,20,10000.0,2026-10-02 00:15:00+00:00,Thu 8:15PM
196187101,NFL Showdown Single Entry $100 Double Up (PIT @ CLE),154084,Showdown Captain Mode,100.0,13,88,1,8000.0,2026-10-02 00:15:00+00:00,Thu 8:15PM
196187102,NFL Showdown Single Entry $100 Double Up (PIT @ CLE),154084,Showdown Captain Mode,100.0,10,44,1,4000.0,2026-10-02 00:15:00+00:00,Thu 8:15PM
196187112,NFL Showdown Single Entry $10 Double Up (PIT @ CLE),154084,Showdown Captain Mode,10.0,69,574,1,5000.0,2026-10-02 00:15:00+00:00,Thu 8:15PM
196187113,NFL Showdown Single Entry $10 Double Up (PIT @ CLE),154084,Showdown Captain Mode,10.0,48,344,1,3000.0,2026-10-02 00:15:00+00:00,Thu 8:15PM
196187104,NFL Showdown Single Entry $50 Double Up (PIT @ CLE),154084,Showdown Captain Mode,50.0,15,90,1,4000.0,2026-10-02 00:15:00+00:00,Thu 8:15PM
196187105,NFL Showdown Single Entry $50 Double Up (PIT @ CLE),154084,Showdown Captain Mode,50.0,12,45,1,2000.0,2026-10-02 00:15:00+00:00,Thu 8:15PM
196187118,NFL Showdown $2 Double Up (PIT @ CLE),154084,Showdown Captain Mode,2.0,279,1724,20,3000.0,2026-10-02 00:15:00+00:00,Thu 8:15PM
196187120,"NFL Showdown $1,060 50-50 [Top 50% Win] (PIT @ CLE)",154084,Showdown Captain Mode,1060.0,6,10,1,10000.0,2026-10-02 00:15:00+00:00,Thu 8:15PM
196187122,"NFL Showdown $10K Super Booster [Top 10 Win $1,000] (PIT @ CLE)",154084,Showdown Captain Mode,27.0,60,431,12,10000.0,2026-10-02 00:15:00+00:00,Thu 8:15PM
196187123,NFL Showdown $4K Super Booster [Top 40 Win $100] (PIT @ CLE),154084,Showdown Captain Mode,4.0,352,1189,20,4000.0,2026-10-02 00:15:00+00:00,Thu 8:15PM
196187124,NFL Showdown $2K Super Booster [Top 100 Win $20] (PIT @ CLE),154084,Showdown Captain Mode,2.0,255,1189,20,2000.0,2026-10-02 00:15:00+00:00,Thu 8:15PM
196187121,NFL Showdown $530 50-50 [Top 50% Win] (PIT @ CLE),154084,Showdown Captain Mode,530.0,6,16,1,8000.0,2026-10-02 00:15:00+00:00,Thu 8:15PM
196187114,NFL Showdown $5 Double Up (PIT @ CLE),154084,Showdown Captain Mode,5.0,278,1379,41,6000.0,2026-10-02 00:15:00+00:00,Thu 8:15PM
196187100,NFL Showdown $100 Double Up (PIT @ CLE),154084,Showdown Captain Mode,100.0,14,68,2,6200.0,2026-10-02 00:15:00+00:00,Thu 8:15PM
196187097,NFL Showdown $5K Daily Dollar [Single Entry] (PIT @ CLE),154084,Showdown Captain Mode,1.0,895,5945,1,5000.0,2026-10-02 00:15:00+00:00,Thu 8:15PM
196186391,NFL $4K Spy [Single Entry] (Thu-Mon),154077,Classic,100.0,9,44,1,4000.0,2026-10-02 00:15:00+00:00,Thu 8:15PM
196186378,NFL $6K Wildcat [Single Entry] (Thu-Mon),154077,Classic,333.0,6,20,1,6000.0,2026-10-02 00:15:00+00:00,Thu 8:15PM
196186392,NFL $2K Red Zone [Single Entry] (Thu-Mon),154077,Classic,50.0,8,45,1,2000.0,2026-10-02 00:15:00+00:00,Thu 8:15PM
196186393,NFL $4K Fair Catch [Single Entry] (Thu-Mon),154077,Classic,12.0,125,392,1,4000.0,2026-10-02 00:15:00+00:00,Thu 8:15PM
196186380,NFL $2K Bootleg [2 Entry Max] (Thu-Mon),154077,Classic,33.0,10,70,2,2000.0,2026-10-02 00:15:00+00:00,Thu 8:15PM
196169742,NFL $250 Double Up,154078,Classic,250.0,8,71,2,16000.0,2026-10-04 17:00:00+00:00,Sun 1:00PM
196180811,NFL $40K High Step [$10K to 1st],154078,Classic,400.0,8,111,1,40000.0,2026-10-04 17:00:00+00:00,Sun 1:00PM
196169722,NFL $25K Triple Option [5 Entry Max],154078,Classic,3.0,841,9908,5,25000.0,2026-10-04 17:00:00+00:00,Sun 1:00PM
196169715,NFL $30K Goal Line [5 Entry Max],154078,Classic,75.0,43,454,5,30000.0,2026-10-04 17:00:00+00:00,Sun 1:00PM
196169703,NFL $20K Safety [20 Entry Max],154078,Classic,2.0,824,11890,20,20000.0,2026-10-04 17:00:00+00:00,Sun 1:00PM
196169696,"NFL $25K 4th and 10 [10 Entry Max, $3K to 1st]",154078,Classic,40.0,61,728,10,25000.0,2026-10-04 17:00:00+00:00,Sun 1:00PM
196169694,NFL $30K Hot Route [$5K to 1st],154078,Classic,100.0,42,334,10,30100.0,2026-10-04 17:00:00+00:00,Sun 1:00PM
196169692,NFL $20K Touchdown,154078,Classic,200.0,15,111,3,20000.0,2026-10-04 17:00:00+00:00,Sun 1:00PM
196169706,NFL $20K Quarter Jukebox [Just $0.25!] ,154078,Classic,0.25,7998,95124,20,20000.0,2026-10-04 17:00:00+00:00,Sun 1:00PM
196171216,NFL $100K Heavy Hitter [Must Fill],154078,Classic,26200.0,0,4,1,100000.0,2026-10-04 17:00:00+00:00,Sun 1:00PM
196171217,NFL $75K Heavy Hitter [Must Fill],154078,Classic,26200.0,0,3,1,75000.0,2026-10-04 17:00:00+00:00,Sun 1:00PM
196171218,NFL $60K Nosebleed Section [Must Fill],154078,Classic,10600.0,0,6,1,60000.0,2026-10-04 17:00:00+00:00,Sun 1:00PM
196169721,NFL $15K Cover Four [5 Entry Max],154078,Classic,4.0,367,4458,5,15000.0,2026-10-04 17:00:00+00:00,Sun 1:00PM
196208468,NFL $15K Sun-Mon Special [$5K to 1st] (Sun-Mon),154080,Classic,20.0,74,882,26,15000.0,2026-10-04 17:00:00+00:00,Sun 1:00PM
196208014,NFL $20K Thunderdome [Must Fill] (Sun-Mon),154080,Classic,5300.0,0,4,1,20000.0,2026-10-04 17:00:00+00:00,Sun 1:00PM
196208476,NFL $7.5K Huddle [Single Entry] (Sun-Mon),154080,Classic,5.0,115,1783,1,7500.0,2026-10-04 17:00:00+00:00,Sun 1:00PM
196208475,NFL $4K Fair Catch [Single Entry] (Sun-Mon),154080,Classic,12.0,29,392,1,4000.0,2026-10-04 17:00:00+00:00,Sun 1:00PM
196208017,"NFL $10,170 2026 FFWC Qualifier Satellite [Must Fill] (Sun-Mon)",154080,Classic,3592.0,0,3,1,10170.0,2026-10-04 17:00:00+00:00,Sun 1:00PM
196204821,NFL Showdown $15K Showdown Special [$5K to 1st] (DAL @ HOU),154086,Showdown Captain Mode,10.0,13,1764,52,15000.0,2026-10-04 17:00:00+00:00,Sun 1:00PM
196205995,NFL Showdown $20K Thunderdome [Must Fill] (DAL @ HOU),154086,Showdown Captain Mode,5300.0,0,4,1,20000.0,2026-10-04 17:00:00+00:00,Sun 1:00PM
196205998,"NFL Showdown $10,170 2026 FFWC Qualifier Satellite [Must Fill] (DAL @ HOU)",154086,Showdown Captain Mode,3592.0,0,3,1,10170.0,2026-10-04 17:00:00+00:00,Sun 1:00PM
196204826,NFL Showdown $2K Huddle [Single Entry] (DAL @ HOU),154086,Showdown Captain Mode,5.0,16,475,1,2000.0,2026-10-04 17:00:00+00:00,Sun 1:00PM
196204822,NFL Showdown $2K Play-Action [20 Entry Max] (DAL @ HOU),154086,Showdown Captain Mode,3.0,23,792,20,2000.0,2026-10-04 17:00:00+00:00,Sun 1:00PM
196204861,NFL Showdown $15K Showdown Special [$5K to 1st] (JAX @ CIN),154089,Showdown Captain Mode,10.0,17,1764,52,15000.0,2026-10-04 17:00:00+00:00,Sun 1:00PM
196206294,NFL Showdown $20K Thunderdome [Must Fill] (JAX @ CIN),154089,Showdown Captain Mode,5300.0,0,4,1,20000.0,2026-10-04 17:00:00+00:00,Sun 1:00PM
196206297,"NFL Showdown $10,170 2026 FFWC Qualifier Satellite [Must Fill] (JAX @ CIN)",154089,Showdown Captain Mode,3592.0,0,3,1,10170.0,2026-10-04 17:00:00+00:00,Sun 1:00PM
196204866,NFL Showdown $2K Huddle [Single Entry] (JAX @ CIN),154089,Showdown Captain Mode,5.0,17,475,1,2000.0,2026-10-04 17:00:00+00:00,Sun 1:00PM
196204862,NFL Showdown $2K Play-Action [20 Entry Max] (JAX @ CIN),154089,Showdown Captain Mode,3.0,14,792,20,2000.0,2026-10-04 17:00:00+00:00,Sun 1:00PM
196204888,NFL Showdown $15K Showdown Special [$5K to 1st] (NE @ BUF),154091,Showdown Captain Mode,10.0,12,1764,52,15000.0,2026-10-04 17:00:00+00:00,Sun 1:00PM
196206492,NFL Showdown $20K Thunderdome [Must Fill] (NE @ BUF),154091,Showdown Captain Mode,5300.0,0,4,1,20000.0,2026-10-04 17:00:00+00:00,Sun 1:00PM
196206495,"NFL Showdown $10,170 2026 FFWC Qualifier Satellite [Must Fill] (NE @ BUF)",154091,Showdown Captain Mode,3592.0,0,3,1,10170.0,2026-10-04 17:00:00+00:00,Sun 1:00PM
196204893,NFL Showdown $2K Huddle [Single Entry] (NE @ BUF),154091,Showdown Captain Mode,5.0,16,475,1,2000.0,2026-10-04 17:00:00+00:00,Sun 1:00PM
196204889,NFL Showdown $2K Play-Action [20 Entry Max] (NE @ BUF),154091,Showdown Captain Mode,3.0,18,792,20,2000.0,2026-10-04 17:00:00+00:00,Sun 1:00PM
196187086,NFL Showdown $5K Singleback [5 Entry Max] (PIT @ CLE),154084,Showdown Captain Mode,1.0,801,5945,5,5000.0,2026-10-02 00:15:00+00:00,Thu 8:15PM
196187081,NFL Showdown $4K Dime Package [Just $0.10!] (PIT @ CLE),154084,Showdown Captain Mode,0.1,9078,47562,20,4000.0,2026-10-02 00:15:00+00:00,Thu 8:15PM
196187103,NFL Showdown $50 Double Up (PIT @ CLE),154084,Showdown Captain Mode,50.0,15,68,2,3000.0,2026-10-02 00:15:00+00:00,Thu 8:15PM
196187106,NFL Showdown $25 Double Up (PIT @ CLE),154084,Showdown Captain Mode,25.0,18,101,3,2200.0,2026-10-02 00:15:00+00:00,Thu 8:15PM
196206095,NFL Showdown $20K Thunderdome [Must Fill] (TEN @ BAL),154087,Showdown Captain Mode,5300.0,0,4,1,20000.0,2026-10-04 17:00:00+00:00,Sun 1:00PM
196204834,NFL Showdown $10K Showdown Special [$2K to 1st] (TEN @ BAL),154087,Showdown Captain Mode,10.0,13,1176,35,10000.0,2026-10-04 17:00:00+00:00,Sun 1:00PM
196206098,"NFL Showdown $10,170 2026 FFWC Qualifier Satellite [Must Fill] (TEN @ BAL)",154087,Showdown Captain Mode,3592.0,0,3,1,10170.0,2026-10-04 17:00:00+00:00,Sun 1:00PM
196204839,NFL Showdown $1.5K Huddle [Single Entry] (TEN @ BAL),154087,Showdown Captain Mode,5.0,16,356,1,1500.0,2026-10-04 17:00:00+00:00,Sun 1:00PM
196204835,NFL Showdown $1.5K Play-Action (TEN @ BAL),154087,Showdown Captain Mode,3.0,15,594,17,1500.0,2026-10-04 17:00:00+00:00,Sun 1:00PM
196206194,NFL Showdown $20K Thunderdome [Must Fill] (NYJ @ CHI),154088,Showdown Captain Mode,5300.0,0,4,1,20000.0,2026-10-04 17:00:00+00:00,Sun 1:00PM
196204847,NFL Showdown $10K Showdown Special [$2K to 1st] (NYJ @ CHI),154088,Showdown Captain Mode,10.0,16,1176,35,10000.0,2026-10-04 17:00:00+00:00,Sun 1:00PM
196206197,"NFL Showdown $10,170 2026 FFWC Qualifier Satellite [Must Fill] (NYJ @ CHI)",154088,Showdown Captain Mode,3592.0,0,3,1,10170.0,2026-10-04 17:00:00+00:00,Sun 1:00PM
196204852,NFL Showdown $1.5K Huddle [Single Entry] (NYJ @ CHI),154088,Showdown Captain Mode,5.0,17,356,1,1500.0,2026-10-04 17:00:00+00:00,Sun 1:00PM
196204848,NFL Showdown $1.5K Play-Action (NYJ @ CHI),154088,Showdown Captain Mode,3.0,14,594,17,1500.0,2026-10-04 17:00:00+00:00,Sun 1:00PM
196206393,NFL Showdown $20K Thunderdome [Must Fill] (ARI @ NYG),154090,Showdown Captain Mode,5300.0,0,4,1,20000.0,2026-10-04 17:00:00+00:00,Sun 1:00PM
196204874,NFL Showdown $8K Showdown Special [$2K to 1st] (ARI @ NYG),154090,Showdown Captain Mode,10.0,9,941,28,8000.0,2026-10-04 17:00:00+00:00,Sun 1:00PM
196206396,"NFL Showdown $10,170 2026 FFWC Qualifier Satellite [Must Fill] (ARI @ NYG)",154090,Showdown Captain Mode,3592.0,0,3,1,10170.0,2026-10-04 17:00:00+00:00,Sun 1:00PM
196204879,NFL Showdown $1.5K Huddle [Single Entry] (ARI @ NYG),154090,Showdown Captain Mode,5.0,12,356,1,1500.0,2026-10-04 17:00:00+00:00,Sun 1:00PM
196204875,NFL Showdown $1.5K Play-Action (ARI @ NYG),154090,Showdown Captain Mode,3.0,11,594,17,1500.0,2026-10-04 17:00:00+00:00,Sun 1:00PM
196206592,NFL Showdown $20K Thunderdome [Must Fill] (GB @ TB),154092,Showdown Captain Mode,5300.0,0,4,1,20000.0,2026-10-04 17:00:00+00:00,Sun 1:00PM
196204901,NFL Showdown $8K Showdown Special [$2K to 1st] (GB @ TB),154092,Showdown Captain Mode,10.0,21,941,28,8000.0,2026-10-04 17:00:00+00:00,Sun 1:00PM
196206595,"NFL Showdown $10,170 2026 FFWC Qualifier Satellite [Must Fill] (GB @ TB)",154092,Showdown Captain Mode,3592.0,0,3,1,10170.0,2026-10-04 17:00:00+00:00,Sun 1:00PM
196204906,NFL Showdown $1.5K Huddle [Single Entry] (GB @ TB),154092,Showdown Captain Mode,5.0,11,356,1,1500.0,2026-10-04 17:00:00+00:00,Sun 1:00PM
196204902,NFL Showdown $1.5K Play-Action (GB @ TB),154092,Showdown Captain Mode,3.0,12,594,17,1500.0,2026-10-04 17:00:00+00:00,Sun 1:00PM
196172052,NFL Single Stat $20K Thunderdome [Must Fill] (Touchdowns),154114,Single Stat - Touchdowns,5300.0,0,4,1,20000.0,2026-10-04 17:00:00+00:00,Sun 1:00PM
196172055,"NFL Single Stat $10,170 2026 FFWC Qualifier Satellite [Must Fill] (Touchdowns)",154114,Single Stat - Touchdowns,3592.0,0,3,1,10170.0,2026-10-04 17:00:00+00:00,Sun 1:00PM
196172078,NFL Single Stat $3K Winner Take All [20 Entry Max] (Touchdowns),154114,Single Stat - Touchdowns,5.0,23,713,20,3000.0,2026-10-04 17:00:00+00:00,Sun 1:00PM
196171948,NFL Single Stat $1K Winner Take All [Single Entry] (Touchdowns),154114,Single Stat - Touchdowns,5.0,17,237,1,1000.0,2026-10-04 17:00:00+00:00,Sun 1:00PM
196172079,NFL Single Stat $4K Winner Take All [20 Entry Max] (Touchdowns),154114,Single Stat - Touchdowns,1.0,491,4756,20,4000.0,2026-10-04 17:00:00+00:00,Sun 1:00PM
196171947,NFL Single Stat $1K Winner Take All [3 Entry Max] (Touchdowns),154114,Single Stat - Touchdowns,1.0,120,1189,3,1000.0,2026-10-04 17:00:00+00:00,Sun 1:00PM
196186406,NFL Single Entry $5 Double Up (Thu-Mon),154077,Classic,5.0,85,229,1,1000.0,2026-10-02 00:15:00+00:00,Thu 8:15PM
196186401,NFL Single Entry $25 Double Up (Thu-Mon),154077,Classic,25.0,26,91,1,2000.0,2026-10-02 00:15:00+00:00,Thu 8:15PM
196186402,NFL Single Entry $25 Double Up (Thu-Mon),154077,Classic,25.0,14,45,1,1000.0,2026-10-02 00:15:00+00:00,Thu 8:15PM
196186409,NFL Single Entry $25 Double Up (Thu-Mon),154077,Classic,25.0,12,45,1,1000.0,2026-10-02 00:15:00+00:00,Thu 8:15PM
196186405,NFL $5 Double Up (Thu-Mon),154077,Classic,5.0,61,172,5,750.0,2026-10-02 00:15:00+00:00,Thu 8:15PM
196186400,NFL $25 Double Up (Thu-Mon),154077,Classic,25.0,21,68,2,1500.0,2026-10-02 00:15:00+00:00,Thu 8:15PM
196186404,NFL Single Entry $10 Double Up (Thu-Mon),154077,Classic,10.0,51,172,1,1500.0,2026-10-02 00:15:00+00:00,Thu 8:15PM
196185546,"NFL $10,170 2026 FFWC Qualifier Satellite [Must Fill] (Thu-Mon)",154077,Classic,3592.0,0,3,1,10170.0,2026-10-02 00:15:00+00:00,Thu 8:15PM
196186379,NFL $3.1K Deep Threat [Single Entry] (Thu-Mon),154077,Classic,180.0,7,19,1,3100.0,2026-10-02 00:15:00+00:00,Thu 8:15PM
196186382,NFL $3K Flea Flicker [$1K to 1st] (Thu-Mon),154077,Classic,5.0,214,713,21,3000.0,2026-10-02 00:15:00+00:00,Thu 8:15PM
196186385,NFL $4K First Down [20 Entry Max] (Thu-Mon),154077,Classic,1.0,1119,4756,20,4000.0,2026-10-02 00:15:00+00:00,Thu 8:15PM
196186389,NFL $2K Hard Count [3 Entry Max] (Thu-Mon),154077,Classic,20.0,35,117,3,2000.0,2026-10-02 00:15:00+00:00,Thu 8:15PM
196187126,NFL Showdown Single Entry $250 Double Up (PIT @ CLE),154084,Showdown Captain Mode,250.0,4,11,1,2500.0,2026-10-02 00:15:00+00:00,Thu 8:15PM
196187099,NFL Showdown Single Entry $250 Double Up (PIT @ CLE),154084,Showdown Captain Mode,250.0,4,11,1,2500.0,2026-10-02 00:15:00+00:00,Thu 8:15PM
196187584,"NFL Showdown Satellite to NFL $4,444 Fantasy Football MEGA Millionaire (PIT @ CLE)",154084,Showdown Captain Mode,176.0,6,28,1,4444.0,2026-10-02 00:15:00+00:00,Thu 8:15PM
196187583,"NFL Showdown Satellite to NFL $4,444 Fantasy Football MEGA Millionaire (PIT @ CLE)",154084,Showdown Captain Mode,176.0,5,28,1,4444.0,2026-10-02 00:15:00+00:00,Thu 8:15PM
196187586,"NFL Showdown Satellite to NFL $4,444 Fantasy Football MEGA Millionaire (PIT @ CLE)",154084,Showdown Captain Mode,75.0,8,67,2,4444.0,2026-10-02 00:15:00+00:00,Thu 8:15PM
196187585,"NFL Showdown Satellite to NFL $4,444 Fantasy Football MEGA Millionaire (PIT @ CLE)",154084,Showdown Captain Mode,75.0,11,67,2,4444.0,2026-10-02 00:15:00+00:00,Thu 8:15PM
196187589,"NFL Showdown Satellite to NFL $4,444 Fantasy Football MEGA Millionaire (PIT @ CLE)",154084,Showdown Captain Mode,13.0,86,402,12,4444.0,2026-10-02 00:15:00+00:00,Thu 8:15PM
196187718,"NFL Showdown Satellite to NFL 10-12 $4,444 Showdown MEGA Millionaire (PIT @ CLE)",154084,Showdown Captain Mode,13.0,87,402,12,4444.0,2026-10-02 00:15:00+00:00,Thu 8:15PM
196187720,"NFL Showdown Satellite to NFL 10-12 $4,444 Showdown MEGA Millionaire (PIT @ CLE)",154084,Showdown Captain Mode,70.0,6,72,2,4444.0,2026-10-02 00:15:00+00:00,Thu 8:15PM
196187722,"NFL Showdown Satellite to NFL 10-12 $4,444 Showdown MEGA Millionaire (PIT @ CLE)",154084,Showdown Captain Mode,176.0,4,28,1,4444.0,2026-10-02 00:15:00+00:00,Thu 8:15PM
196187721,"NFL Showdown Satellite to NFL 10-12 $4,444 Showdown MEGA Millionaire (PIT @ CLE)",154084,Showdown Captain Mode,176.0,4,28,1,4444.0,2026-10-02 00:15:00+00:00,Thu 8:15PM
196187724,"NFL Showdown Satellite to NFL 10-12 $4,444 Showdown MEGA Millionaire (PIT @ CLE)",154084,Showdown Captain Mode,448.0,2,11,1,4444.0,2026-10-02 00:15:00+00:00,Thu 8:15PM
196187723,"NFL Showdown Satellite to NFL 10-12 $4,444 Showdown MEGA Millionaire (PIT @ CLE)",154084,Showdown Captain Mode,448.0,2,11,1,4444.0,2026-10-02 00:15:00+00:00,Thu 8:15PM
196187588,"NFL Showdown Satellite to NFL $4,444 Fantasy Football MEGA Millionaire (PIT @ CLE)",154084,Showdown Captain Mode,37.0,17,140,4,4444.0,2026-10-02 00:15:00+00:00,Thu 8:15PM
196187587,"NFL Showdown Satellite to NFL $4,444 Fantasy Football MEGA Millionaire (PIT @ CLE)",154084,Showdown Captain Mode,37.0,17,140,4,4444.0,2026-10-02 00:15:00+00:00,Thu 8:15PM
196187719,"NFL Showdown Satellite to NFL 10-12 $4,444 Showdown MEGA Millionaire (PIT @ CLE)",154084,Showdown Captain Mode,37.0,16,140,4,4444.0,2026-10-02 00:15:00+00:00,Thu 8:15PM
196185444,"NFL Showdown $10,170 2026 FFWC Qualifier Satellite [Must Fill] (PIT @ CLE)",154084,Showdown Captain Mode,3592.0,0,3,1,10170.0,2026-10-02 00:15:00+00:00,Thu 8:15PM
196187731,NFL Showdown SUPERSatellite to NFL 11-1 Midseason Main Event [2x] (PIT @ CLE),154084,Showdown Captain Mode,50.0,9,68,2,3000.0,2026-10-02 00:15:00+00:00,Thu 8:15PM
196186383,NFL $2.5K Play-Action [20 Entry Max] (Thu-Mon),154077,Classic,3.0,234,990,20,2500.0,2026-10-02 00:15:00+00:00,Thu 8:15PM
196186386,NFL $3K mini-MAX [150 Entry Max] (Thu-Mon),154077,Classic,0.5,1636,7134,150,3000.0,2026-10-02 00:15:00+00:00,Thu 8:15PM
196186396,NFL $1.5K Daily Dollar [Single Entry] (Thu-Mon),154077,Classic,1.0,661,1783,1,1500.0,2026-10-02 00:15:00+00:00,Thu 8:15PM
196186384,NFL $500 Safety (Thu-Mon),154077,Classic,2.0,117,297,8,500.0,2026-10-02 00:15:00+00:00,Thu 8:15PM
196186397,NFL Single Entry $250 Double Up (Thu-Mon),154077,Classic,250.0,4,11,1,2500.0,2026-10-02 00:15:00+00:00,Thu 8:15PM
196187732,NFL Showdown Satellite to NFL 11-1 Midseason Main Event (PIT @ CLE),154084,Showdown Captain Mode,17.0,24,103,3,1500.0,2026-10-02 00:15:00+00:00,Thu 8:15PM
196187713,"NFL Showdown $1,350 2026 FFWC Qualifier Satellite (PIT @ CLE)",154084,Showdown Captain Mode,23.0,13,69,2,1350.0,2026-10-02 00:15:00+00:00,Thu 8:15PM
196200096,$500K NFL Pocket Cup Qualifier #138 (PIT @ CLE),154084,Showdown Captain Mode,3.0,133,673,20,1700.0,2026-10-02 00:15:00+00:00,Thu 8:15PM
196200095,$500K NFL Pocket Cup Qualifier #137 (PIT @ CLE),154084,Showdown Captain Mode,3.0,121,673,20,1700.0,2026-10-02 00:15:00+00:00,Thu 8:15PM
196187729,NFL Showdown Satellite to NFL 11-1 Midseason Main Event (PIT @ CLE),154084,Showdown Captain Mode,26.0,16,67,2,1500.0,2026-10-02 00:15:00+00:00,Thu 8:15PM
196186399,NFL Single Entry $50 Double Up (Thu-Mon),154077,Classic,50.0,13,34,1,1500.0,2026-10-02 00:15:00+00:00,Thu 8:15PM
196186398,NFL Single Entry $100 Double Up (Thu-Mon),154077,Classic,100.0,9,22,1,2000.0,2026-10-02 00:15:00+00:00,Thu 8:15PM
196186407,NFL $2 Double Up (Thu-Mon),154077,Classic,2.0,257,574,17,1000.0,2026-10-02 00:15:00+00:00,Thu 8:15PM
196200957,NFL Showdown Satellite to NFL 11-1 Midseason Main Event (PIT @ CLE),154084,Showdown Captain Mode,151.0,2,11,1,1500.0,2026-10-02 00:15:00+00:00,Thu 8:15PM
196187730,NFL Showdown Satellite to NFL 11-1 Midseason Main Event (PIT @ CLE),154084,Showdown Captain Mode,151.0,2,11,1,1500.0,2026-10-02 00:15:00+00:00,Thu 8:15PM
196187733,NFL Showdown Satellite to NFL 11-1 Midseason Main Event (PIT @ CLE),154084,Showdown Captain Mode,5.0,64,356,10,1500.0,2026-10-02 00:15:00+00:00,Thu 8:15PM
196187714,"NFL Showdown $1,350 2026 FFWC Qualifier Satellite (PIT @ CLE)",154084,Showdown Captain Mode,136.0,6,11,1,1350.0,2026-10-02 00:15:00+00:00,Thu 8:15PM
196187594,NFL Showdown Satellite to NFL $555 Fantasy Football Millionaire (PIT @ CLE),154084,Showdown Captain Mode,22.0,9,29,1,555.0,2026-10-02 00:15:00+00:00,Thu 8:15PM
196187593,NFL Showdown Satellite to NFL $555 Fantasy Football Millionaire (PIT @ CLE),154084,Showdown Captain Mode,22.0,9,29,1,555.0,2026-10-02 00:15:00+00:00,Thu 8:15PM
196186403,NFL $10 Double Up (Thu-Mon),154077,Classic,10.0,27,69,2,600.0,2026-10-02 00:15:00+00:00,Thu 8:15PM
196186408,NFL Single Entry $2 Double Up (Thu-Mon),154077,Classic,2.0,43,114,1,200.0,2026-10-02 00:15:00+00:00,Thu 8:15PM
196186387,NFL $1K Quarter Jukebox [Just $0.25!] (Thu-Mon),154077,Classic,0.25,1705,4756,20,1000.0,2026-10-02 00:15:00+00:00,Thu 8:15PM
196186688,NFL $267 Winner Take All [$1K to 1st] (Thu-Mon),154077,Classic,267.0,2,4,1,1000.0,2026-10-02 00:15:00+00:00,Thu 8:15PM
196186388,NFL $500 Dime Package [Just $0.10!] (Thu-Mon),154077,Classic,0.1,2049,5945,20,500.0,2026-10-02 00:15:00+00:00,Thu 8:15PM
196187596,NFL Showdown Satellite to NFL $555 Fantasy Football Millionaire (PIT @ CLE),154084,Showdown Captain Mode,9.0,16,72,2,555.0,2026-10-02 00:15:00+00:00,Thu 8:15PM
196187595,NFL Showdown Satellite to NFL $555 Fantasy Football Millionaire (PIT @ CLE),154084,Showdown Captain Mode,9.0,15,72,2,555.0,2026-10-02 00:15:00+00:00,Thu 8:15PM
196187111,NFL Showdown $10 Double Up (PIT @ CLE),154084,Showdown Captain Mode,10.0,25,114,3,1000.0,2026-10-02 00:15:00+00:00,Thu 8:15PM
196187119,NFL Showdown Single Entry $2 Double Up (PIT @ CLE),154084,Showdown Captain Mode,2.0,100,574,1,1000.0,2026-10-02 00:15:00+00:00,Thu 8:15PM
196187598,NFL Showdown Satellite to NFL $555 Fantasy Football Millionaire (PIT @ CLE),154084,Showdown Captain Mode,6.0,23,108,3,555.0,2026-10-02 00:15:00+00:00,Thu 8:15PM
196187597,NFL Showdown Satellite to NFL $555 Fantasy Football Millionaire (PIT @ CLE),154084,Showdown Captain Mode,6.0,15,108,3,555.0,2026-10-02 00:15:00+00:00,Thu 8:15PM
196187710,NFL Showdown $490 2026 FFWC Qualifier Satellite (PIT @ CLE),154084,Showdown Captain Mode,8.0,15,72,2,490.0,2026-10-02 00:15:00+00:00,Thu 8:15PM
196187711,NFL Showdown $490 2026 FFWC Qualifier Satellite (PIT @ CLE),154084,Showdown Captain Mode,18.0,8,32,1,490.0,2026-10-02 00:15:00+00:00,Thu 8:15PM
196187592,NFL Showdown Satellite to NFL $555 Fantasy Football Millionaire (PIT @ CLE),154084,Showdown Captain Mode,90.0,3,7,1,555.0,2026-10-02 00:15:00+00:00,Thu 8:15PM
196187591,NFL Showdown Satellite to NFL $555 Fantasy Football Millionaire (PIT @ CLE),154084,Showdown Captain Mode,90.0,3,7,1,555.0,2026-10-02 00:15:00+00:00,Thu 8:15PM
196169741,NFL $10K Daily Dollar [Single Entry],154078,Classic,1.0,1160,11890,1,10000.0,2026-10-04 17:00:00+00:00,Sun 1:00PM
196169697,NFL $10K Hail Mary,154078,Classic,12.0,57,980,29,10000.0,2026-10-04 17:00:00+00:00,Sun 1:00PM
196169765,"NFL $2,120 50-50 [Top 50% Win]",154078,Classic,2120.0,3,8,1,16000.0,2026-10-04 17:00:00+00:00,Sun 1:00PM
196169766,"NFL $1,060 50-50 [Top 50% Win]",154078,Classic,1060.0,4,14,1,14000.0,2026-10-04 17:00:00+00:00,Sun 1:00PM
196169757,NFL Single Entry $10 Double Up,154078,Classic,10.0,112,1149,1,10000.0,2026-10-04 17:00:00+00:00,Sun 1:00PM
196187712,NFL Showdown $490 2026 FFWC Qualifier Satellite (PIT @ CLE),154084,Showdown Captain Mode,38.0,4,15,1,490.0,2026-10-02 00:15:00+00:00,Thu 8:15PM
196185442,"NFL Showdown Satellite to NFL $4,444 Fantasy Football MEGA Millionaire [Must Fill] (PIT @ CLE)",154084,Showdown Captain Mode,1570.0,0,3,1,4444.0,2026-10-02 00:15:00+00:00,Thu 8:15PM
196185445,"NFL Showdown Satellite to NFL 10-12 $4,444 Showdown MEGA Millionaire [Must Fill] (PIT @ CLE)",154084,Showdown Captain Mode,1570.0,0,3,1,4444.0,2026-10-02 00:15:00+00:00,Thu 8:15PM
196185448,NFL Showdown Satellite to NFL 11-1 Midseason Main Event [Must Fill] (PIT @ CLE),154084,Showdown Captain Mode,530.0,0,3,1,1500.0,2026-10-02 00:15:00+00:00,Thu 8:15PM
196185542,"NFL $1,060 Winner Take All [$4K to 1st] (Must Fill) (Thu-Mon)",154077,Classic,1060.0,1,4,1,4000.0,2026-10-02 00:15:00+00:00,Thu 8:15PM
196185544,"NFL Satellite to NFL $4,444 Fantasy Football MEGA Millionaire [Must Fill] (Thu-Mon)",154077,Classic,1570.0,0,3,1,4444.0,2026-10-02 00:15:00+00:00,Thu 8:15PM
196185547,"NFL Satellite to NFL 10-12 $4,444 Showdown MEGA Millionaire [Must Fill] (Thu-Mon)",154077,Classic,1570.0,0,3,1,4444.0,2026-10-02 00:15:00+00:00,Thu 8:15PM
196185549,NFL Satellite to NFL 11-1 Midseason Main Event [Must Fill] (Thu-Mon),154077,Classic,530.0,0,3,1,1500.0,2026-10-02 00:15:00+00:00,Thu 8:15PM
196185545,NFL Satellite to NFL $555 Fantasy Football Millionaire [Must Fill] (Thu-Mon),154077,Classic,201.0,0,3,1,555.0,2026-10-02 00:15:00+00:00,Thu 8:15PM
196186166,"NFL Single Stat Satellite to NFL 10-12 $4,444 Showdown MEGA Millionaire [Must Fill] (PIT @ CLE Total",154115,Single Stat - Total Yards,1570.0,0,3,1,4444.0,2026-10-02 00:15:00+00:00,Thu 8:15PM
196186169,NFL Single Stat Satellite to NFL 10-25 Midseason Warm Up Millionaire [Must Fill] (PIT @ CLE Total Ya,154115,Single Stat - Total Yards,55.0,0,3,1,150.0,2026-10-02 00:15:00+00:00,Thu 8:15PM
196186161,"NFL Single Stat $1,060 Winner Take All [$4K to 1st] (Must Fill) (PIT @ CLE Total Yards)",154115,Single Stat - Total Yards,1060.0,0,4,1,4000.0,2026-10-02 00:15:00+00:00,Thu 8:15PM
196186168,NFL Single Stat Satellite to NFL 11-1 Midseason Main Event [Must Fill] (PIT @ CLE Total Yards),154115,Single Stat - Total Yards,530.0,0,3,1,1500.0,2026-10-02 00:15:00+00:00,Thu 8:15PM
196186164,NFL Single Stat Satellite to NFL $555 Fantasy Football Millionaire [Must Fill] (PIT @ CLE Total Yard,154115,Single Stat - Total Yards,201.0,0,3,1,555.0,2026-10-02 00:15:00+00:00,Thu 8:15PM
196208445,NFL Single Entry $5 Double Up (Early Only),154079,Classic,5.0,27,459,1,2000.0,2026-10-04 17:00:00+00:00,Sun 1:00PM
196208446,NFL Single Entry $5 Double Up (Early Only),154079,Classic,5.0,10,229,1,1000.0,2026-10-04 17:00:00+00:00,Sun 1:00PM
196208460,NFL Single Entry $5 Double Up (Early Only),154079,Classic,5.0,9,229,1,1000.0,2026-10-04 17:00:00+00:00,Sun 1:00PM
196208461,NFL Single Entry $5 Double Up (Early Only),154079,Classic,5.0,10,229,1,1000.0,2026-10-04 17:00:00+00:00,Sun 1:00PM
196208438,NFL Single Entry $25 Double Up (Early Only),154079,Classic,25.0,7,229,1,5000.0,2026-10-04 17:00:00+00:00,Sun 1:00PM
196208439,NFL Single Entry $25 Double Up (Early Only),154079,Classic,25.0,6,137,1,3000.0,2026-10-04 17:00:00+00:00,Sun 1:00PM
196208440,NFL Single Entry $25 Double Up (Early Only),154079,Classic,25.0,5,45,1,1000.0,2026-10-04 17:00:00+00:00,Sun 1:00PM
196208457,NFL Single Entry $25 Double Up (Early Only),154079,Classic,25.0,4,45,1,1000.0,2026-10-04 17:00:00+00:00,Sun 1:00PM
196208458,NFL Single Entry $25 Double Up (Early Only),154079,Classic,25.0,4,45,1,1000.0,2026-10-04 17:00:00+00:00,Sun 1:00PM
196208459,NFL Single Entry $25 Double Up (Early Only),154079,Classic,25.0,4,45,1,1000.0,2026-10-04 17:00:00+00:00,Sun 1:00PM
196208425,NFL $20K Red Zone [Single Entry] (Early Only),154079,Classic,50.0,10,454,1,20000.0,2026-10-04 17:00:00+00:00,Sun 1:00PM
196208426,NFL $10K Red Zone [Single Entry] (Early Only),154079,Classic,50.0,6,227,1,10000.0,2026-10-04 17:00:00+00:00,Sun 1:00PM
196208419,NFL $20K Power Sweep [3 Entry Max] (Early Only),154079,Classic,150.0,7,148,3,20000.0,2026-10-04 17:00:00+00:00,Sun 1:00PM
196208409,NFL $31.2K Luxury Box [$15K to 1st] (Early Only),154079,Classic,1500.0,1,22,1,31200.0,2026-10-04 17:00:00+00:00,Sun 1:00PM
196208408,NFL $20K Luxury Box [$10K to 1st] (Early Only),154079,Classic,2120.0,0,10,1,20000.0,2026-10-04 17:00:00+00:00,Sun 1:00PM
196207811,NFL $75K Heavy Hitter [Must Fill] (Early Only),154079,Classic,26200.0,0,3,1,75000.0,2026-10-04 17:00:00+00:00,Sun 1:00PM
196208422,NFL $15K Checkdown Pass [Single Entry] (Early Only),154079,Classic,777.0,1,21,1,15000.0,2026-10-04 17:00:00+00:00,Sun 1:00PM
196208433,NFL $100 Double Up (Early Only),154079,Classic,100.0,4,68,2,6200.0,2026-10-04 17:00:00+00:00,Sun 1:00PM
196208442,NFL Single Entry $10 Double Up (Early Only),154079,Classic,10.0,19,344,1,3000.0,2026-10-04 17:00:00+00:00,Sun 1:00PM
196208443,NFL Single Entry $10 Double Up (Early Only),154079,Classic,10.0,9,229,1,2000.0,2026-10-04 17:00:00+00:00,Sun 1:00PM
196208435,NFL $50 Double Up (Early Only),154079,Classic,50.0,5,68,2,3000.0,2026-10-04 17:00:00+00:00,Sun 1:00PM
196208416,NFL $15K mini-MAX [150 Entry Max] (Early Only),154079,Classic,0.5,1032,35671,150,15000.0,2026-10-04 17:00:00+00:00,Sun 1:00PM
196208415,NFL $15K First Down [20 Entry Max] (Early Only),154079,Classic,1.0,685,17835,20,15000.0,2026-10-04 17:00:00+00:00,Sun 1:00PM
196207810,NFL $20K Thunderdome [Must Fill] (Early Only),154079,Classic,5300.0,0,4,1,20000.0,2026-10-04 17:00:00+00:00,Sun 1:00PM
196208430,NFL $8K Pylon [Single Entry] (Early Only),154079,Classic,3.0,130,3170,1,8000.0,2026-10-04 17:00:00+00:00,Sun 1:00PM
196208421,NFL $7K Hard Count [3 Entry Max] (Early Only),154079,Classic,20.0,29,411,3,7000.0,2026-10-04 17:00:00+00:00,Sun 1:00PM
196208420,NFL $7K Goal Line [3 Entry Max] (Early Only),154079,Classic,75.0,5,106,3,7000.0,2026-10-04 17:00:00+00:00,Sun 1:00PM
196208455,NFL $4K Cover Four [5 Entry Max] (Early Only),154079,Classic,4.0,49,1189,5,4000.0,2026-10-04 17:00:00+00:00,Sun 1:00PM
196208431,NFL $4K Daily Dollar [Single Entry] (Early Only),154079,Classic,1.0,207,4756,1,4000.0,2026-10-04 17:00:00+00:00,Sun 1:00PM
196208414,NFL $3K Safety [20 Entry Max] (Early Only),154079,Classic,2.0,82,1783,20,3000.0,2026-10-04 17:00:00+00:00,Sun 1:00PM
196208417,NFL $3K Quarter Jukebox [Just $0.25!] (Early Only),154079,Classic,0.25,660,14268,20,3000.0,2026-10-04 17:00:00+00:00,Sun 1:00PM
196204805,NFL Showdown Single Entry $10 Double Up (IND vs WAS),154085,Showdown Captain Mode,10.0,9,229,1,2000.0,2026-10-04 13:30:00+00:00,Sun 9:30AM
196204806,NFL Showdown Single Entry $10 Double Up (IND vs WAS),154085,Showdown Captain Mode,10.0,6,114,1,1000.0,2026-10-04 13:30:00+00:00,Sun 9:30AM
196204775,NFL Showdown $24.1K Luxury Box [$12K to 1st] (IND vs WAS),154085,Showdown Captain Mode,1500.0,0,17,1,24100.0,2026-10-04 13:30:00+00:00,Sun 9:30AM
196204774,NFL Showdown $30K Luxury Box [$15K to 1st] (IND vs WAS),154085,Showdown Captain Mode,2120.0,1,15,1,30000.0,2026-10-04 13:30:00+00:00,Sun 9:30AM
196204780,NFL Showdown $20K First Down [20 Entry Max] (IND vs WAS),154085,Showdown Captain Mode,1.0,524,23781,20,20000.0,2026-10-04 13:30:00+00:00,Sun 9:30AM
196204781,NFL Showdown $20K mini-MAX [150 Max Entry] (IND vs WAS),154085,Showdown Captain Mode,0.5,1179,47562,150,20000.0,2026-10-04 13:30:00+00:00,Sun 9:30AM
196204786,NFL Showdown $15K Checkdown Pass [Single Entry] (IND vs WAS),154085,Showdown Captain Mode,777.0,1,21,1,15000.0,2026-10-04 13:30:00+00:00,Sun 9:30AM
196205896,NFL Showdown $20K Thunderdome [Must Fill] (IND vs WAS),154085,Showdown Captain Mode,5300.0,0,4,1,20000.0,2026-10-04 13:30:00+00:00,Sun 9:30AM
196204790,NFL Showdown $10K Fair Catch [Single Entry] (IND vs WAS),154085,Showdown Captain Mode,12.0,15,980,1,10000.0,2026-10-04 13:30:00+00:00,Sun 9:30AM
196204789,NFL Showdown $10K Red Zone [Single Entry] (IND vs WAS),154085,Showdown Captain Mode,50.0,7,227,1,10000.0,2026-10-04 13:30:00+00:00,Sun 9:30AM
196204793,NFL Showdown $5K Pylon [Single Entry] (IND vs WAS),154085,Showdown Captain Mode,3.0,37,1981,1,5000.0,2026-10-04 13:30:00+00:00,Sun 9:30AM
196204796,NFL Showdown Single Entry $100 Double Up (IND vs WAS),154085,Showdown Captain Mode,100.0,4,33,1,3000.0,2026-10-04 13:30:00+00:00,Sun 9:30AM
196204797,NFL Showdown Single Entry $100 Double Up (IND vs WAS),154085,Showdown Captain Mode,100.0,1,11,1,1000.0,2026-10-04 13:30:00+00:00,Sun 9:30AM
196204798,NFL Showdown Single Entry $50 Double Up (IND vs WAS),154085,Showdown Captain Mode,50.0,4,45,1,2000.0,2026-10-04 13:30:00+00:00,Sun 9:30AM
196204799,NFL Showdown Single Entry $50 Double Up (IND vs WAS),154085,Showdown Captain Mode,50.0,3,22,1,1000.0,2026-10-04 13:30:00+00:00,Sun 9:30AM
196204795,NFL Showdown Single Entry $250 Double Up (IND vs WAS),154085,Showdown Captain Mode,250.0,1,11,1,2500.0,2026-10-04 13:30:00+00:00,Sun 9:30AM
196204810,NFL Showdown $2 Double Up (IND vs WAS),154085,Showdown Captain Mode,2.0,62,862,20,1500.0,2026-10-04 13:30:00+00:00,Sun 9:30AM
196204812,"NFL Showdown $1,060 50-50 [Top 50% Win] (IND vs WAS)",154085,Showdown Captain Mode,1060.0,1,8,1,8000.0,2026-10-04 13:30:00+00:00,Sun 9:30AM
196204813,NFL Showdown $530 50-50 [Top 50% Win] (IND vs WAS),154085,Showdown Captain Mode,530.0,1,12,1,6000.0,2026-10-04 13:30:00+00:00,Sun 9:30AM
196204800,NFL Showdown $25 Double Up (IND vs WAS),154085,Showdown Captain Mode,25.0,5,68,2,1500.0,2026-10-04 13:30:00+00:00,Sun 9:30AM
196204784,NFL Showdown $5K Hard Count [3 Entry Max] (IND vs WAS),154085,Showdown Captain Mode,20.0,13,294,3,5000.0,2026-10-04 13:30:00+00:00,Sun 9:30AM
196204785,NFL Showdown $3K Cover Four [3 Entry Max] (IND vs WAS),154085,Showdown Captain Mode,4.0,12,891,3,3000.0,2026-10-04 13:30:00+00:00,Sun 9:30AM
196204794,NFL Showdown $3K Daily Dollar [Single Entry] (IND vs WAS),154085,Showdown Captain Mode,1.0,63,3567,1,3000.0,2026-10-04 13:30:00+00:00,Sun 9:30AM
196204782,NFL Showdown $4K Quarter Jukebox [Just $0.25!] (IND vs WAS),154085,Showdown Captain Mode,0.25,506,19024,20,4000.0,2026-10-04 13:30:00+00:00,Sun 9:30AM
196169744,NFL $100 Double Up,154078,Classic,100.0,10,68,2,6200.0,2026-10-04 17:00:00+00:00,Sun 1:00PM
196169763,NFL Single Entry $2 Double Up,154078,Classic,2.0,191,2298,1,4000.0,2026-10-04 17:00:00+00:00,Sun 1:00PM
196169764,NFL Single Entry $2 Double Up,154078,Classic,2.0,158,1724,1,3000.0,2026-10-04 17:00:00+00:00,Sun 1:00PM
196170533,"NFL SUPERSatellite to $4,444 NFL Fantasy Football MEGA Millionaire [3x]",154078,Classic,147.0,4,100,3,13332.0,2026-10-04 17:00:00+00:00,Sun 1:00PM
196170547,NFL SUPERSatellite to NFL $555 Fantasy Football Millionaire [10x],154078,Classic,63.0,3,100,3,5550.0,2026-10-04 17:00:00+00:00,Sun 1:00PM
196170771,"NFL $5,085 2026 FFWC Qualifier Satellite",154078,Classic,84.0,10,68,2,5085.0,2026-10-04 17:00:00+00:00,Sun 1:00PM
196204912,NFL Showdown $5.2K Deep Threat [$2K to 1st] (LAR @ PHI),154093,Showdown Captain Mode,180.0,1,32,1,5200.0,2026-10-04 17:00:00+00:00,Sun 1:00PM
196204918,NFL Showdown $6K First Down [20 Entry Max] (LAR @ PHI),154093,Showdown Captain Mode,1.0,79,7134,20,6000.0,2026-10-04 17:00:00+00:00,Sun 1:00PM
196206694,"NFL Showdown $10,170 2026 FFWC Qualifier Satellite [Must Fill] (LAR @ PHI)",154093,Showdown Captain Mode,3592.0,0,3,1,10170.0,2026-10-04 17:00:00+00:00,Sun 1:00PM
196204919,NFL Showdown $4K mini-MAX [150 Entry Max] (LAR @ PHI),154093,Showdown Captain Mode,0.5,52,9512,150,4000.0,2026-10-04 17:00:00+00:00,Sun 1:00PM
196204911,NFL Showdown $2.4K Wildcat [Single Entry] (LAR @ PHI),154093,Showdown Captain Mode,333.0,0,8,1,2400.0,2026-10-04 17:00:00+00:00,Sun 1:00PM
196170773,"NFL $5,085 2026 FFWC Qualifier Satellite",154078,Classic,513.0,1,11,1,5085.0,2026-10-04 17:00:00+00:00,Sun 1:00PM
196170772,"NFL $5,085 2026 FFWC Qualifier Satellite",154078,Classic,513.0,0,11,1,5085.0,2026-10-04 17:00:00+00:00,Sun 1:00PM
196169723,NFL $10K Singleback [5 Entry Max],154078,Classic,1.0,1264,11890,5,10000.0,2026-10-04 17:00:00+00:00,Sun 1:00PM
196169707,NFL $7.5K Dime Package [Just $0.10!] ,154078,Classic,0.1,9333,89179,20,7500.0,2026-10-04 17:00:00+00:00,Sun 1:00PM
196169704,NFL $5K All-or-Nothing [Winner Take All],154078,Classic,1.0,722,5945,20,5000.0,2026-10-04 17:00:00+00:00,Sun 1:00PM
196162750,$2K T-Mobile Lightening Drive Football Takeover,154078,Classic,0.0,7066,999999999,1,2000.0,2026-10-04 17:00:00+00:00,Sun 1:00PM
196169708,Beginner NFL $500 Gridiron,154078,Classic,27.0,0,21,1,500.0,2026-10-04 17:00:00+00:00,Sun 1:00PM
196169710,Casual NFL $500 First Down,154078,Classic,1.0,54,594,10,500.0,2026-10-04 17:00:00+00:00,Sun 1:00PM
196169709,Casual NFL $250 Front Four,154078,Classic,4.0,10,74,2,250.0,2026-10-04 17:00:00+00:00,Sun 1:00PM
196169748,NFL $50 Double Up,154078,Classic,50.0,10,90,2,4000.0,2026-10-04 17:00:00+00:00,Sun 1:00PM
196170800,NFL SUPERSatellite to NFL 11-1 Midseason Main Event [3x],154078,Classic,51.0,3,100,3,4500.0,2026-10-04 17:00:00+00:00,Sun 1:00PM
196170524,"NFL Satellite to NFL $4,444 Fantasy Football MEGA Millionaire",154078,Classic,448.0,1,11,1,4444.0,2026-10-04 17:00:00+00:00,Sun 1:00PM
196170523,"NFL Satellite to NFL $4,444 Fantasy Football MEGA Millionaire",154078,Classic,448.0,1,11,1,4444.0,2026-10-04 17:00:00+00:00,Sun 1:00PM
196170526,"NFL Satellite to NFL $4,444 Fantasy Football MEGA Millionaire",154078,Classic,176.0,3,28,1,4444.0,2026-10-04 17:00:00+00:00,Sun 1:00PM
196170525,"NFL Satellite to NFL $4,444 Fantasy Football MEGA Millionaire",154078,Classic,176.0,3,28,1,4444.0,2026-10-04 17:00:00+00:00,Sun 1:00PM
196170528,"NFL Satellite to NFL $4,444 Fantasy Football MEGA Millionaire",154078,Classic,75.0,7,67,2,4444.0,2026-10-04 17:00:00+00:00,Sun 1:00PM
196170527,"NFL Satellite to NFL $4,444 Fantasy Football MEGA Millionaire",154078,Classic,75.0,5,67,2,4444.0,2026-10-04 17:00:00+00:00,Sun 1:00PM
196170532,"NFL Satellite to NFL $4,444 Fantasy Football MEGA Millionaire",154078,Classic,13.0,52,402,12,4444.0,2026-10-04 17:00:00+00:00,Sun 1:00PM
196170531,"NFL Satellite to NFL $4,444 Fantasy Football MEGA Millionaire",154078,Classic,13.0,42,402,12,4444.0,2026-10-04 17:00:00+00:00,Sun 1:00PM
196170778,"NFL Satellite to NFL 10-12 $4,444 Showdown MEGA Millionaire",154078,Classic,13.0,36,402,12,4444.0,2026-10-04 17:00:00+00:00,Sun 1:00PM
196170780,"NFL Satellite to NFL 10-12 $4,444 Showdown MEGA Millionaire",154078,Classic,70.0,3,72,2,4444.0,2026-10-04 17:00:00+00:00,Sun 1:00PM
196170781,"NFL Satellite to NFL 10-12 $4,444 Showdown MEGA Millionaire",154078,Classic,176.0,2,28,1,4444.0,2026-10-04 17:00:00+00:00,Sun 1:00PM
196170782,"NFL Satellite to NFL 10-12 $4,444 Showdown MEGA Millionaire",154078,Classic,448.0,1,11,1,4444.0,2026-10-04 17:00:00+00:00,Sun 1:00PM
196170530,"NFL Satellite to NFL $4,444 Fantasy Football MEGA Millionaire",154078,Classic,37.0,10,140,4,4444.0,2026-10-04 17:00:00+00:00,Sun 1:00PM
196170529,"NFL Satellite to NFL $4,444 Fantasy Football MEGA Millionaire",154078,Classic,37.0,8,140,4,4444.0,2026-10-04 17:00:00+00:00,Sun 1:00PM
196187757,NFL Showdown Satellite to NBA $888 MEGA 8's Special (10-21) [Must Fill] (PIT @ CLE),154084,Showdown Captain Mode,322.0,0,3,1,888.0,2026-10-02 00:15:00+00:00,Thu 8:15PM
196185443,NFL Showdown Satellite to NFL $555 Fantasy Football Millionaire [Must Fill] (PIT @ CLE),154084,Showdown Captain Mode,201.0,0,3,1,555.0,2026-10-02 00:15:00+00:00,Thu 8:15PM
196187742,NFL Showdown Satellite to NHL 11-3 $555 Barn Burner [Must Fill] (PIT @ CLE),154084,Showdown Captain Mode,201.0,0,3,1,555.0,2026-10-02 00:15:00+00:00,Thu 8:15PM
196187758,NFL Showdown Satellite to UFC 332 $555 Knockout Special (10-3) [Must Fill] (PIT @ CLE),154084,Showdown Captain Mode,201.0,0,3,1,555.0,2026-10-02 00:15:00+00:00,Thu 8:15PM
196187743,NFL Showdown Satellite to NHL 10-13 $360 Spin-O-Rama (PIT @ CLE),154084,Showdown Captain Mode,5.0,3,85,2,360.0,2026-10-02 00:15:00+00:00,Thu 8:15PM
196205641,NFL Showdown $555 Winner Take All [$2K to 1st] (IND vs WAS),154085,Showdown Captain Mode,555.0,1,4,1,2000.0,2026-10-04 13:30:00+00:00,Sun 9:30AM
196205899,"NFL Showdown $10,170 2026 FFWC Qualifier Satellite [Must Fill] (IND vs WAS)",154085,Showdown Captain Mode,3592.0,0,3,1,10170.0,2026-10-04 13:30:00+00:00,Sun 9:30AM
196207419,NFL Showdown Satellite to NFL 11-1 Midseason Main Event (IND vs WAS),154085,Showdown Captain Mode,17.0,2,103,3,1500.0,2026-10-04 13:30:00+00:00,Sun 9:30AM
196224789,$500K NFL Pocket Cup Qualifier #139 (IND vs WAS),154085,Showdown Captain Mode,3.0,1,673,20,1700.0,2026-10-04 13:30:00+00:00,Sun 9:30AM
196207418,NFL Showdown Satellite to NFL 11-1 Midseason Main Event (IND vs WAS),154085,Showdown Captain Mode,151.0,1,11,1,1500.0,2026-10-04 13:30:00+00:00,Sun 9:30AM
196170779,"NFL Satellite to NFL 10-12 $4,444 Showdown MEGA Millionaire",154078,Classic,37.0,7,140,4,4444.0,2026-10-04 17:00:00+00:00,Sun 1:00PM
196171221,"NFL $10,170 2026 FFWC Qualifier Satellite [Must Fill]",154078,Classic,3592.0,0,3,1,10170.0,2026-10-04 17:00:00+00:00,Sun 1:00PM
196170801,NFL SUPERSatellite to NFL 11-1 Midseason Main Event [2x],154078,Classic,50.0,3,68,2,3000.0,2026-10-04 17:00:00+00:00,Sun 1:00PM
196170804,NFL Satellite to NFL 11-1 Midseason Main Event,154078,Classic,17.0,10,103,3,1500.0,2026-10-04 17:00:00+00:00,Sun 1:00PM
196170805,NFL Satellite to NFL 11-1 Midseason Main Event,154078,Classic,17.0,8,103,3,1500.0,2026-10-04 17:00:00+00:00,Sun 1:00PM
196170803,NFL Satellite to NFL 11-1 Midseason Main Event,154078,Classic,17.0,9,103,3,1500.0,2026-10-04 17:00:00+00:00,Sun 1:00PM
196208497,NFL Tiers $2.5K Fair Catch [Single Entry],154112,Tiers,12.0,14,245,1,2500.0,2026-10-04 17:00:00+00:00,Sun 1:00PM
196207918,"NFL Tiers $10,170 2026 FFWC Qualifier Satellite [Must Fill]",154112,Tiers,3592.0,0,3,1,10170.0,2026-10-04 17:00:00+00:00,Sun 1:00PM
196208484,NFL Tiers $2.2K Power Sweep [Single Entry],154112,Tiers,150.0,1,16,1,2200.0,2026-10-04 17:00:00+00:00,Sun 1:00PM
196208487,NFL Tiers $1.5K Daily Dollar [Single Entry],154112,Tiers,1.0,148,1783,1,1500.0,2026-10-04 17:00:00+00:00,Sun 1:00PM
196208492,NFL Tiers $2.1K mini-MAX [150 Entry Max],154112,Tiers,0.5,471,5112,150,2150.0,2026-10-04 17:00:00+00:00,Sun 1:00PM
196205897,"NFL Showdown Satellite to NFL $4,444 Fantasy Football MEGA Millionaire [Must Fill] (IND vs WAS)",154085,Showdown Captain Mode,1570.0,0,3,1,4444.0,2026-10-04 13:30:00+00:00,Sun 9:30AM
196204814,"NFL Showdown $3K Super Booster [Top 3 Win $1,000] (IND vs WAS)",154085,Showdown Captain Mode,27.0,3,129,3,3000.0,2026-10-04 13:30:00+00:00,Sun 9:30AM
196204815,NFL Showdown $2K Super Booster [Top 20 Win $100] (IND vs WAS),154085,Showdown Captain Mode,4.0,22,594,17,2000.0,2026-10-04 13:30:00+00:00,Sun 9:30AM
196204816,NFL Showdown $1K Super Booster [Top 50 Win $20] (IND vs WAS),154085,Showdown Captain Mode,2.0,38,594,17,1000.0,2026-10-04 13:30:00+00:00,Sun 9:30AM
196204807,NFL Showdown $5 Double Up (IND vs WAS),154085,Showdown Captain Mode,5.0,12,344,10,1500.0,2026-10-04 13:30:00+00:00,Sun 9:30AM
196208469,NFL $3K Flea Flicker [$1K to 1st] (Sun-Mon),154080,Classic,5.0,58,713,21,3000.0,2026-10-04 17:00:00+00:00,Sun 1:00PM
196208465,NFL $2.6K Deep Threat [Single Entry] (Sun-Mon),154080,Classic,180.0,0,16,1,2600.0,2026-10-04 17:00:00+00:00,Sun 1:00PM
196208470,NFL $2.5K Play-Action [20 Entry Max] (Sun-Mon),154080,Classic,3.0,64,990,20,2500.0,2026-10-04 17:00:00+00:00,Sun 1:00PM
196208466,NFL $2.2K Power Sweep [Single Entry] (Sun-Mon),154080,Classic,150.0,0,16,1,2200.0,2026-10-04 17:00:00+00:00,Sun 1:00PM
196208477,NFL $1.5K Daily Dollar [Single Entry] (Sun-Mon),154080,Classic,1.0,132,1783,1,1500.0,2026-10-04 17:00:00+00:00,Sun 1:00PM
196208464,NFL Single Entry $5 Double Up (Sun-Mon),154080,Classic,5.0,18,229,1,1000.0,2026-10-04 17:00:00+00:00,Sun 1:00PM
196208479,NFL Single Entry $25 Double Up (Sun-Mon),154080,Classic,25.0,7,91,1,2000.0,2026-10-04 17:00:00+00:00,Sun 1:00PM
196208474,NFL $1K Cover Four [3 Entry Max] (Sun-Mon),154080,Classic,4.0,15,297,3,1000.0,2026-10-04 17:00:00+00:00,Sun 1:00PM
196208471,NFL $2K First Down [20 Entry Max] (Sun-Mon),154080,Classic,1.0,165,2378,20,2000.0,2026-10-04 17:00:00+00:00,Sun 1:00PM
196208467,NFL $1K Bootleg [Single Entry] (Sun-Mon),154080,Classic,33.0,1,35,1,1000.0,2026-10-04 17:00:00+00:00,Sun 1:00PM
196171949,NFL Single Stat $1K Winner Take All [Single Entry] (Touchdowns),154114,Single Stat - Touchdowns,10.0,13,117,1,1000.0,2026-10-04 17:00:00+00:00,Sun 1:00PM
196172053,"NFL Single Stat Satellite to NFL $4,444 Fantasy Football MEGA Millionaire [Must Fill] (Touchdowns)",154114,Single Stat - Touchdowns,1570.0,0,3,1,4444.0,2026-10-04 17:00:00+00:00,Sun 1:00PM
196172056,"NFL Single Stat Satellite to NFL 10-12 $4,444 Showdown MEGA Millionaire [Must Fill] (Touchdowns)",154114,Single Stat - Touchdowns,1570.0,0,3,1,4444.0,2026-10-04 17:00:00+00:00,Sun 1:00PM
196172051,"NFL Single Stat $1,060 Winner Take All [$4K to 1st] (Must Fill) (Touchdowns)",154114,Single Stat - Touchdowns,1060.0,0,4,1,4000.0,2026-10-04 17:00:00+00:00,Sun 1:00PM
196208456,NFL Single Entry $250 Double Up (Early Only),154079,Classic,250.0,1,11,1,2500.0,2026-10-04 17:00:00+00:00,Sun 1:00PM
196208432,NFL Single Entry $250 Double Up (Early Only),154079,Classic,250.0,1,11,1,2500.0,2026-10-04 17:00:00+00:00,Sun 1:00PM
196208447,NFL $2 Double Up (Early Only),154079,Classic,2.0,87,862,20,1500.0,2026-10-04 17:00:00+00:00,Sun 1:00PM
196208449,"NFL $1,060 50-50 [Top 50% Win] (Early Only)",154079,Classic,1060.0,1,8,1,8000.0,2026-10-04 17:00:00+00:00,Sun 1:00PM
196208450,NFL $530 50-50 [Top 50% Win] (Early Only),154079,Classic,530.0,1,10,1,5000.0,2026-10-04 17:00:00+00:00,Sun 1:00PM
196208434,NFL Single Entry $100 Double Up (Early Only),154079,Classic,100.0,4,33,1,3000.0,2026-10-04 17:00:00+00:00,Sun 1:00PM
196207814,"NFL $10,170 2026 FFWC Qualifier Satellite [Must Fill] (Early Only)",154079,Classic,3592.0,0,3,1,10170.0,2026-10-04 17:00:00+00:00,Sun 1:00PM
196207812,"NFL Satellite to NFL $4,444 Fantasy Football MEGA Millionaire [Must Fill] (Early Only)",154079,Classic,1570.0,0,3,1,4444.0,2026-10-04 17:00:00+00:00,Sun 1:00PM
196207815,"NFL Satellite to NFL 10-12 $4,444 Showdown MEGA Millionaire [Must Fill] (Early Only)",154079,Classic,1570.0,0,3,1,4444.0,2026-10-04 17:00:00+00:00,Sun 1:00PM
196207817,NFL Satellite to NFL 11-1 Midseason Main Event [Must Fill] (Early Only),154079,Classic,530.0,0,3,1,1500.0,2026-10-04 17:00:00+00:00,Sun 1:00PM
196211262,NFL Satellite to NBA $888 MEGA 8's Special (10-21) [Must Fill] (Early Only),154079,Classic,322.0,0,3,1,888.0,2026-10-04 17:00:00+00:00,Sun 1:00PM
196208451,"NFL $3K Super Booster [Top 3 Win $1,000] (Early Only)",154079,Classic,27.0,6,129,3,3000.0,2026-10-04 17:00:00+00:00,Sun 1:00PM
196208452,NFL $2K Super Booster [Top 20 Win $100] (Early Only),154079,Classic,4.0,20,594,17,2000.0,2026-10-04 17:00:00+00:00,Sun 1:00PM
196208453,NFL $1K Super Booster [Top 50 Win $20] (Early Only),154079,Classic,2.0,30,594,17,1000.0,2026-10-04 17:00:00+00:00,Sun 1:00PM
196208436,NFL Single Entry $50 Double Up (Early Only),154079,Classic,50.0,5,45,1,2000.0,2026-10-04 17:00:00+00:00,Sun 1:00PM
196204804,NFL Showdown $10 Double Up (IND vs WAS),154085,Showdown Captain Mode,10.0,7,69,2,600.0,2026-10-04 13:30:00+00:00,Sun 9:30AM
196204811,NFL Showdown Single Entry $2 Double Up (IND vs WAS),154085,Showdown Captain Mode,2.0,8,287,1,500.0,2026-10-04 13:30:00+00:00,Sun 9:30AM
196204783,NFL Showdown $2K Dime Package [Just $0.10!] (IND vs WAS),154085,Showdown Captain Mode,0.1,790,23781,20,2000.0,2026-10-04 13:30:00+00:00,Sun 9:30AM
196205640,NFL Showdown $267 Winner Take All [$1K to 1st] (IND vs WAS),154085,Showdown Captain Mode,267.0,0,4,1,1000.0,2026-10-04 13:30:00+00:00,Sun 9:30AM
196170767,"NFL $1,350 2026 FFWC Qualifier Satellite",154078,Classic,23.0,10,69,2,1350.0,2026-10-04 17:00:00+00:00,Sun 1:00PM
196170766,"NFL $1,350 2026 FFWC Qualifier Satellite",154078,Classic,23.0,10,69,2,1350.0,2026-10-04 17:00:00+00:00,Sun 1:00PM
196200255,$500K NFL Pocket Cup Qualifier #153,154078,Classic,3.0,28,673,20,1700.0,2026-10-04 17:00:00+00:00,Sun 1:00PM
196200256,$500K NFL Pocket Cup Qualifier #154,154078,Classic,3.0,44,673,20,1700.0,2026-10-04 17:00:00+00:00,Sun 1:00PM
196200254,$500K NFL Pocket Cup Qualifier #152,154078,Classic,3.0,24,673,20,1700.0,2026-10-04 17:00:00+00:00,Sun 1:00PM
196208437,NFL $25 Double Up (Early Only),154079,Classic,25.0,5,68,2,1500.0,2026-10-04 17:00:00+00:00,Sun 1:00PM
196208444,NFL $5 Double Up (Early Only),154079,Classic,5.0,10,344,10,1500.0,2026-10-04 17:00:00+00:00,Sun 1:00PM
196208441,NFL $10 Double Up (Early Only),154079,Classic,10.0,9,114,3,1000.0,2026-10-04 17:00:00+00:00,Sun 1:00PM
196170545,NFL SUPERSatellite to NFL $555 Fantasy Football Millionaire [2x],154078,Classic,19.0,7,68,2,1110.0,2026-10-04 17:00:00+00:00,Sun 1:00PM
196172235,NFL SUPERSatellite to NHL 10-13 $360 Spin-O-Rama [3x],154078,Classic,12.0,1,105,3,1080.0,2026-10-04 17:00:00+00:00,Sun 1:00PM
196170794,NFL Satellite to NFL 11-1 Midseason Main Event,154078,Classic,26.0,8,67,2,1500.0,2026-10-04 17:00:00+00:00,Sun 1:00PM
196170795,NFL Satellite to NFL 11-1 Midseason Main Event,154078,Classic,26.0,9,67,2,1500.0,2026-10-04 17:00:00+00:00,Sun 1:00PM
196170793,NFL Satellite to NFL 11-1 Midseason Main Event,154078,Classic,26.0,9,67,2,1500.0,2026-10-04 17:00:00+00:00,Sun 1:00PM
196170797,NFL Satellite to NFL 11-1 Midseason Main Event,154078,Classic,151.0,1,11,1,1500.0,2026-10-04 17:00:00+00:00,Sun 1:00PM
196170798,NFL Satellite to NFL 11-1 Midseason Main Event,154078,Classic,151.0,0,11,1,1500.0,2026-10-04 17:00:00+00:00,Sun 1:00PM
196170799,NFL Satellite to NFL 11-1 Midseason Main Event,154078,Classic,151.0,0,11,1,1500.0,2026-10-04 17:00:00+00:00,Sun 1:00PM
196170796,NFL Satellite to NFL 11-1 Midseason Main Event,154078,Classic,151.0,0,11,1,1500.0,2026-10-04 17:00:00+00:00,Sun 1:00PM
196170807,NFL Satellite to NFL 11-1 Midseason Main Event,154078,Classic,5.0,31,356,10,1500.0,2026-10-04 17:00:00+00:00,Sun 1:00PM
196170808,NFL Satellite to NFL 11-1 Midseason Main Event,154078,Classic,5.0,27,356,10,1500.0,2026-10-04 17:00:00+00:00,Sun 1:00PM
196170809,NFL Satellite to NFL 11-1 Midseason Main Event,154078,Classic,5.0,28,356,10,1500.0,2026-10-04 17:00:00+00:00,Sun 1:00PM
196170806,NFL Satellite to NFL 11-1 Midseason Main Event,154078,Classic,5.0,26,356,10,1500.0,2026-10-04 17:00:00+00:00,Sun 1:00PM
196204817,NFL Showdown $1.5K Power Sweep [Single Entry] (DAL @ HOU),154086,Showdown Captain Mode,150.0,0,11,1,1500.0,2026-10-04 17:00:00+00:00,Sun 1:00PM
196204823,NFL Showdown $2K First Down [20 Entry Max] (DAL @ HOU),154086,Showdown Captain Mode,1.0,87,2378,20,2000.0,2026-10-04 17:00:00+00:00,Sun 1:00PM
196204819,NFL Showdown $510 Bootleg [Single Entry] (DAL @ HOU),154086,Showdown Captain Mode,33.0,1,18,1,510.0,2026-10-04 17:00:00+00:00,Sun 1:00PM
196204818,NFL Showdown $500 Chop Block [Single Entry] (DAL @ HOU),154086,Showdown Captain Mode,50.0,0,11,1,500.0,2026-10-04 17:00:00+00:00,Sun 1:00PM
196204827,NFL Showdown $500 Daily Dollar [Single Entry] (DAL @ HOU),154086,Showdown Captain Mode,1.0,24,594,1,500.0,2026-10-04 17:00:00+00:00,Sun 1:00PM
196204857,NFL Showdown $1.5K Power Sweep [Single Entry] (JAX @ CIN),154089,Showdown Captain Mode,150.0,0,11,1,1500.0,2026-10-04 17:00:00+00:00,Sun 1:00PM
196204863,NFL Showdown $2K First Down [20 Entry Max] (JAX @ CIN),154089,Showdown Captain Mode,1.0,72,2378,20,2000.0,2026-10-04 17:00:00+00:00,Sun 1:00PM
196204859,NFL Showdown $510 Bootleg [Single Entry] (JAX @ CIN),154089,Showdown Captain Mode,33.0,0,18,1,510.0,2026-10-04 17:00:00+00:00,Sun 1:00PM
196204858,NFL Showdown $500 Chop Block [Single Entry] (JAX @ CIN),154089,Showdown Captain Mode,50.0,0,11,1,500.0,2026-10-04 17:00:00+00:00,Sun 1:00PM
196204864,NFL Showdown $500 Quarter Jukebox [Just $0.25!] (JAX @ CIN),154089,Showdown Captain Mode,0.25,85,2378,20,500.0,2026-10-04 17:00:00+00:00,Sun 1:00PM
196204884,NFL Showdown $1.5K Power Sweep [Single Entry] (NE @ BUF),154091,Showdown Captain Mode,150.0,0,11,1,1500.0,2026-10-04 17:00:00+00:00,Sun 1:00PM
196204890,NFL Showdown $2K First Down [20 Entry Max] (NE @ BUF),154091,Showdown Captain Mode,1.0,80,2378,20,2000.0,2026-10-04 17:00:00+00:00,Sun 1:00PM
196204886,NFL Showdown $510 Bootleg [Single Entry] (NE @ BUF),154091,Showdown Captain Mode,33.0,1,18,1,510.0,2026-10-04 17:00:00+00:00,Sun 1:00PM
196204885,NFL Showdown $500 Chop Block [Single Entry] (NE @ BUF),154091,Showdown Captain Mode,50.0,0,11,1,500.0,2026-10-04 17:00:00+00:00,Sun 1:00PM
196204891,NFL Showdown $500 Quarter Jukebox [Just $0.25!] (NE @ BUF),154091,Showdown Captain Mode,0.25,84,2378,20,500.0,2026-10-04 17:00:00+00:00,Sun 1:00PM
196170769,"NFL $1,350 2026 FFWC Qualifier Satellite",154078,Classic,136.0,3,11,1,1350.0,2026-10-04 17:00:00+00:00,Sun 1:00PM
196170770,"NFL $1,350 2026 FFWC Qualifier Satellite",154078,Classic,136.0,2,11,1,1350.0,2026-10-04 17:00:00+00:00,Sun 1:00PM
196170768,"NFL $1,350 2026 FFWC Qualifier Satellite",154078,Classic,136.0,3,11,1,1350.0,2026-10-04 17:00:00+00:00,Sun 1:00PM
196170546,NFL SUPERSatellite to NFL $555 Fantasy Football Millionaire [2x],154078,Classic,137.0,0,9,1,1110.0,2026-10-04 17:00:00+00:00,Sun 1:00PM
196172256,NFL Satellite to NBA $888 MEGA 8's Special (10-21),154078,Classic,5.0,11,211,6,888.0,2026-10-04 17:00:00+00:00,Sun 1:00PM
196172257,NFL Satellite to NBA $888 MEGA 8's Special (10-21),154078,Classic,15.0,2,69,2,888.0,2026-10-04 17:00:00+00:00,Sun 1:00PM
196170538,NFL Satellite to NFL $555 Fantasy Football Millionaire,154078,Classic,22.0,6,29,1,555.0,2026-10-04 17:00:00+00:00,Sun 1:00PM
196170537,NFL Satellite to NFL $555 Fantasy Football Millionaire,154078,Classic,22.0,4,29,1,555.0,2026-10-04 17:00:00+00:00,Sun 1:00PM
196170540,NFL Satellite to NFL $555 Fantasy Football Millionaire,154078,Classic,9.0,14,72,2,555.0,2026-10-04 17:00:00+00:00,Sun 1:00PM
196170541,NFL Satellite to NFL $555 Fantasy Football Millionaire,154078,Classic,9.0,7,72,2,555.0,2026-10-04 17:00:00+00:00,Sun 1:00PM
196170539,NFL Satellite to NFL $555 Fantasy Football Millionaire,154078,Classic,9.0,7,72,2,555.0,2026-10-04 17:00:00+00:00,Sun 1:00PM
196208502,NFL Tiers Single Entry $5 Double Up,154112,Tiers,5.0,9,114,1,500.0,2026-10-04 17:00:00+00:00,Sun 1:00PM
196208499,NFL Tiers Single Entry $25 Double Up,154112,Tiers,25.0,4,34,1,750.0,2026-10-04 17:00:00+00:00,Sun 1:00PM
196208485,NFL Tiers $1K Bootleg [Single Entry],154112,Tiers,33.0,3,35,1,1000.0,2026-10-04 17:00:00+00:00,Sun 1:00PM
196208496,NFL Tiers $750 Chop Block [Single Entry],154112,Tiers,50.0,3,17,1,750.0,2026-10-04 17:00:00+00:00,Sun 1:00PM
196208493,NFL Tiers $1K Quarter Jukebox [Just $0.25!],154112,Tiers,0.25,519,4756,20,1000.0,2026-10-04 17:00:00+00:00,Sun 1:00PM
196204930,NFL Showdown Single Entry $5 Double Up (LAR @ PHI),154093,Showdown Captain Mode,5.0,4,114,1,500.0,2026-10-04 17:00:00+00:00,Sun 1:00PM
196204927,NFL Showdown Single Entry $25 Double Up (LAR @ PHI),154093,Showdown Captain Mode,25.0,3,34,1,750.0,2026-10-04 17:00:00+00:00,Sun 1:00PM
196205769,NFL Showdown $555 Winner Take All [$2K to 1st] (LAR @ PHI),154093,Showdown Captain Mode,555.0,0,4,1,2000.0,2026-10-04 17:00:00+00:00,Sun 1:00PM
196204923,NFL Showdown $750 Fair Catch [Single Entry] (LAR @ PHI),154093,Showdown Captain Mode,12.0,2,73,1,750.0,2026-10-04 17:00:00+00:00,Sun 1:00PM
196204922,NFL Showdown $500 Cover Four [3 Entry Max] (LAR @ PHI),154093,Showdown Captain Mode,4.0,2,148,3,500.0,2026-10-04 17:00:00+00:00,Sun 1:00PM
196170543,NFL Satellite to NFL $555 Fantasy Football Millionaire,154078,Classic,6.0,19,108,3,555.0,2026-10-04 17:00:00+00:00,Sun 1:00PM
196170544,NFL Satellite to NFL $555 Fantasy Football Millionaire,154078,Classic,6.0,13,108,3,555.0,2026-10-04 17:00:00+00:00,Sun 1:00PM
196170542,NFL Satellite to NFL $555 Fantasy Football Millionaire,154078,Classic,6.0,12,108,3,555.0,2026-10-04 17:00:00+00:00,Sun 1:00PM
196170715,NFL SUPERSat to $20 NFL Fantasy Football Millionaire [25x],154078,Classic,3.0,41,198,5,500.0,2026-10-04 17:00:00+00:00,Sun 1:00PM
196170714,NFL SUPERSat to $20 NFL Fantasy Football Millionaire [25x],154078,Classic,3.0,39,198,5,500.0,2026-10-04 17:00:00+00:00,Sun 1:00PM
196170717,NFL SUPERSat to $20 NFL Fantasy Football Millionaire [25x],154078,Classic,5.0,27,118,3,500.0,2026-10-04 17:00:00+00:00,Sun 1:00PM
196170716,NFL SUPERSat to $20 NFL Fantasy Football Millionaire [25x],154078,Classic,5.0,26,118,3,500.0,2026-10-04 17:00:00+00:00,Sun 1:00PM
196170762,NFL $490 2026 FFWC Qualifier Satellite,154078,Classic,8.0,14,72,2,490.0,2026-10-04 17:00:00+00:00,Sun 1:00PM
196170761,NFL $490 2026 FFWC Qualifier Satellite,154078,Classic,8.0,10,72,2,490.0,2026-10-04 17:00:00+00:00,Sun 1:00PM
196208448,NFL Single Entry $2 Double Up (Early Only),154079,Classic,2.0,10,287,1,500.0,2026-10-04 17:00:00+00:00,Sun 1:00PM
196208418,NFL $1K Dime Package [Just $0.10!] (Early Only),154079,Classic,0.1,908,11890,20,1000.0,2026-10-04 17:00:00+00:00,Sun 1:00PM
196207809,"NFL $1,060 Winner Take All [$4K to 1st] (Must Fill) (Early Only)",154079,Classic,1060.0,0,4,1,4000.0,2026-10-04 17:00:00+00:00,Sun 1:00PM
196207813,NFL Satellite to NFL $555 Fantasy Football Millionaire [Must Fill] (Early Only),154079,Classic,201.0,0,3,1,555.0,2026-10-04 17:00:00+00:00,Sun 1:00PM
196211255,NFL Satellite to NHL 11-3 $555 Barn Burner [Must Fill] (Early Only),154079,Classic,201.0,0,3,1,555.0,2026-10-04 17:00:00+00:00,Sun 1:00PM
196204830,NFL Showdown Single Entry $5 Double Up (DAL @ HOU),154086,Showdown Captain Mode,5.0,4,68,1,300.0,2026-10-04 17:00:00+00:00,Sun 1:00PM
196204828,NFL Showdown Single Entry $25 Double Up (DAL @ HOU),154086,Showdown Captain Mode,25.0,3,22,1,500.0,2026-10-04 17:00:00+00:00,Sun 1:00PM
196204824,NFL Showdown $500 Quarter Jukebox [Just $0.25!] (DAL @ HOU),154086,Showdown Captain Mode,0.25,140,2378,20,500.0,2026-10-04 17:00:00+00:00,Sun 1:00PM
196205994,"NFL Showdown $1,060 Winner Take All [$4K to 1st] (Must Fill) (DAL @ HOU)",154086,Showdown Captain Mode,1060.0,0,4,1,4000.0,2026-10-04 17:00:00+00:00,Sun 1:00PM
196205996,"NFL Showdown Satellite to NFL $4,444 Fantasy Football MEGA Millionaire [Must Fill] (DAL @ HOU)",154086,Showdown Captain Mode,1570.0,0,3,1,4444.0,2026-10-04 17:00:00+00:00,Sun 1:00PM
196204870,NFL Showdown Single Entry $5 Double Up (JAX @ CIN),154089,Showdown Captain Mode,5.0,4,68,1,300.0,2026-10-04 17:00:00+00:00,Sun 1:00PM
196204868,NFL Showdown Single Entry $25 Double Up (JAX @ CIN),154089,Showdown Captain Mode,25.0,3,22,1,500.0,2026-10-04 17:00:00+00:00,Sun 1:00PM
196204867,NFL Showdown $500 Daily Dollar [Single Entry] (JAX @ CIN),154089,Showdown Captain Mode,1.0,22,594,1,500.0,2026-10-04 17:00:00+00:00,Sun 1:00PM
196206293,"NFL Showdown $1,060 Winner Take All [$4K to 1st] (Must Fill) (JAX @ CIN)",154089,Showdown Captain Mode,1060.0,0,4,1,4000.0,2026-10-04 17:00:00+00:00,Sun 1:00PM
196206295,"NFL Showdown Satellite to NFL $4,444 Fantasy Football MEGA Millionaire [Must Fill] (JAX @ CIN)",154089,Showdown Captain Mode,1570.0,0,3,1,4444.0,2026-10-04 17:00:00+00:00,Sun 1:00PM
196204897,NFL Showdown Single Entry $5 Double Up (NE @ BUF),154091,Showdown Captain Mode,5.0,4,68,1,300.0,2026-10-04 17:00:00+00:00,Sun 1:00PM
196204895,NFL Showdown Single Entry $25 Double Up (NE @ BUF),154091,Showdown Captain Mode,25.0,3,22,1,500.0,2026-10-04 17:00:00+00:00,Sun 1:00PM
196204894,NFL Showdown $500 Daily Dollar [Single Entry] (NE @ BUF),154091,Showdown Captain Mode,1.0,18,594,1,500.0,2026-10-04 17:00:00+00:00,Sun 1:00PM
196206491,"NFL Showdown $1,060 Winner Take All [$4K to 1st] (Must Fill) (NE @ BUF)",154091,Showdown Captain Mode,1060.0,0,4,1,4000.0,2026-10-04 17:00:00+00:00,Sun 1:00PM
196206493,"NFL Showdown Satellite to NFL $4,444 Fantasy Football MEGA Millionaire [Must Fill] (NE @ BUF)",154091,Showdown Captain Mode,1570.0,0,3,1,4444.0,2026-10-04 17:00:00+00:00,Sun 1:00PM
196170764,NFL $490 2026 FFWC Qualifier Satellite,154078,Classic,18.0,4,32,1,490.0,2026-10-04 17:00:00+00:00,Sun 1:00PM
196170763,NFL $490 2026 FFWC Qualifier Satellite,154078,Classic,18.0,4,32,1,490.0,2026-10-04 17:00:00+00:00,Sun 1:00PM
196200240,$500K NFL Pocket Cup Qualifier #145,154078,Classic,0.25,1119,5707,150,1200.0,2026-10-04 17:00:00+00:00,Sun 1:00PM
196200242,$500K NFL Pocket Cup Qualifier #147,154078,Classic,0.25,1116,5707,150,1200.0,2026-10-04 17:00:00+00:00,Sun 1:00PM
196200243,$500K NFL Pocket Cup Qualifier #148,154078,Classic,0.25,962,5707,150,1200.0,2026-10-04 17:00:00+00:00,Sun 1:00PM
196200241,$500K NFL Pocket Cup Qualifier #146,154078,Classic,0.25,1277,5707,150,1200.0,2026-10-04 17:00:00+00:00,Sun 1:00PM
196204914,NFL Showdown $1K Bootleg [Single Entry] (LAR @ PHI),154093,Showdown Captain Mode,33.0,2,35,1,1000.0,2026-10-04 17:00:00+00:00,Sun 1:00PM
196204929,NFL Showdown $5 Double Up (LAR @ PHI),154093,Showdown Captain Mode,5.0,5,68,2,300.0,2026-10-04 17:00:00+00:00,Sun 1:00PM
196204928,NFL Showdown Single Entry $10 Double Up (LAR @ PHI),154093,Showdown Captain Mode,10.0,3,57,1,500.0,2026-10-04 17:00:00+00:00,Sun 1:00PM
196204926,NFL Showdown Single Entry $50 Double Up (LAR @ PHI),154093,Showdown Captain Mode,50.0,3,22,1,1000.0,2026-10-04 17:00:00+00:00,Sun 1:00PM
196204931,NFL Showdown Single Entry $2 Double Up (LAR @ PHI),154093,Showdown Captain Mode,2.0,1,114,1,200.0,2026-10-04 17:00:00+00:00,Sun 1:00PM
196204836,NFL Showdown $1.5K First Down [20 Entry Max] (TEN @ BAL),154087,Showdown Captain Mode,1.0,110,1783,20,1500.0,2026-10-04 17:00:00+00:00,Sun 1:00PM
196204832,NFL Showdown $500 Chop Block [Single Entry] (TEN @ BAL),154087,Showdown Captain Mode,50.0,0,11,1,500.0,2026-10-04 17:00:00+00:00,Sun 1:00PM
196204831,NFL Showdown $1K Hot Route [Single Entry] (TEN @ BAL),154087,Showdown Captain Mode,100.0,0,11,1,1000.0,2026-10-04 17:00:00+00:00,Sun 1:00PM
196204837,NFL Showdown $500 Quarter Jukebox [Just $0.25!] (TEN @ BAL),154087,Showdown Captain Mode,0.25,92,2378,20,500.0,2026-10-04 17:00:00+00:00,Sun 1:00PM
196206096,"NFL Showdown Satellite to NFL $4,444 Fantasy Football MEGA Millionaire [Must Fill] (TEN @ BAL)",154087,Showdown Captain Mode,1570.0,0,3,1,4444.0,2026-10-04 17:00:00+00:00,Sun 1:00PM
196204843,NFL Showdown Single Entry $5 Double Up (TEN @ BAL),154087,Showdown Captain Mode,5.0,5,68,1,300.0,2026-10-04 17:00:00+00:00,Sun 1:00PM
196204841,NFL Showdown Single Entry $25 Double Up (TEN @ BAL),154087,Showdown Captain Mode,25.0,3,22,1,500.0,2026-10-04 17:00:00+00:00,Sun 1:00PM
196206099,"NFL Showdown Satellite to NFL 10-12 $4,444 Showdown MEGA Millionaire [Must Fill] (TEN @ BAL)",154087,Showdown Captain Mode,1570.0,0,3,1,4444.0,2026-10-04 17:00:00+00:00,Sun 1:00PM
196206101,NFL Showdown Satellite to NFL 11-1 Midseason Main Event [Must Fill] (TEN @ BAL),154087,Showdown Captain Mode,530.0,0,3,1,1500.0,2026-10-04 17:00:00+00:00,Sun 1:00PM
196206094,"NFL Showdown $1,060 Winner Take All [$4K to 1st] (Must Fill) (TEN @ BAL)",154087,Showdown Captain Mode,1060.0,0,4,1,4000.0,2026-10-04 17:00:00+00:00,Sun 1:00PM
196204849,NFL Showdown $1.5K First Down [20 Entry Max] (NYJ @ CHI),154088,Showdown Captain Mode,1.0,70,1783,20,1500.0,2026-10-04 17:00:00+00:00,Sun 1:00PM
196204845,NFL Showdown $500 Chop Block [Single Entry] (NYJ @ CHI),154088,Showdown Captain Mode,50.0,0,11,1,500.0,2026-10-04 17:00:00+00:00,Sun 1:00PM
196204844,NFL Showdown $1K Hot Route [Single Entry] (NYJ @ CHI),154088,Showdown Captain Mode,100.0,0,11,1,1000.0,2026-10-04 17:00:00+00:00,Sun 1:00PM
196204850,NFL Showdown $500 Quarter Jukebox [Just $0.25!] (NYJ @ CHI),154088,Showdown Captain Mode,0.25,86,2378,20,500.0,2026-10-04 17:00:00+00:00,Sun 1:00PM
196206195,"NFL Showdown Satellite to NFL $4,444 Fantasy Football MEGA Millionaire [Must Fill] (NYJ @ CHI)",154088,Showdown Captain Mode,1570.0,0,3,1,4444.0,2026-10-04 17:00:00+00:00,Sun 1:00PM
196204856,NFL Showdown Single Entry $5 Double Up (NYJ @ CHI),154088,Showdown Captain Mode,5.0,4,68,1,300.0,2026-10-04 17:00:00+00:00,Sun 1:00PM
196204854,NFL Showdown Single Entry $25 Double Up (NYJ @ CHI),154088,Showdown Captain Mode,25.0,3,22,1,500.0,2026-10-04 17:00:00+00:00,Sun 1:00PM
196206198,"NFL Showdown Satellite to NFL 10-12 $4,444 Showdown MEGA Millionaire [Must Fill] (NYJ @ CHI)",154088,Showdown Captain Mode,1570.0,0,3,1,4444.0,2026-10-04 17:00:00+00:00,Sun 1:00PM
196206200,NFL Showdown Satellite to NFL 11-1 Midseason Main Event [Must Fill] (NYJ @ CHI),154088,Showdown Captain Mode,530.0,0,3,1,1500.0,2026-10-04 17:00:00+00:00,Sun 1:00PM
196206193,"NFL Showdown $1,060 Winner Take All [$4K to 1st] (Must Fill) (NYJ @ CHI)",154088,Showdown Captain Mode,1060.0,0,4,1,4000.0,2026-10-04 17:00:00+00:00,Sun 1:00PM
196204876,NFL Showdown $1.5K First Down [20 Entry Max] (ARI @ NYG),154090,Showdown Captain Mode,1.0,57,1783,20,1500.0,2026-10-04 17:00:00+00:00,Sun 1:00PM
196204872,NFL Showdown $500 Chop Block [Single Entry] (ARI @ NYG),154090,Showdown Captain Mode,50.0,0,11,1,500.0,2026-10-04 17:00:00+00:00,Sun 1:00PM
196204871,NFL Showdown $1K Hot Route [Single Entry] (ARI @ NYG),154090,Showdown Captain Mode,100.0,0,11,1,1000.0,2026-10-04 17:00:00+00:00,Sun 1:00PM
196204877,NFL Showdown $500 Quarter Jukebox [Just $0.25!] (ARI @ NYG),154090,Showdown Captain Mode,0.25,75,2378,20,500.0,2026-10-04 17:00:00+00:00,Sun 1:00PM
196206394,"NFL Showdown Satellite to NFL $4,444 Fantasy Football MEGA Millionaire [Must Fill] (ARI @ NYG)",154090,Showdown Captain Mode,1570.0,0,3,1,4444.0,2026-10-04 17:00:00+00:00,Sun 1:00PM
196204883,NFL Showdown Single Entry $5 Double Up (ARI @ NYG),154090,Showdown Captain Mode,5.0,4,68,1,300.0,2026-10-04 17:00:00+00:00,Sun 1:00PM
196204881,NFL Showdown Single Entry $25 Double Up (ARI @ NYG),154090,Showdown Captain Mode,25.0,3,22,1,500.0,2026-10-04 17:00:00+00:00,Sun 1:00PM
196206397,"NFL Showdown Satellite to NFL 10-12 $4,444 Showdown MEGA Millionaire [Must Fill] (ARI @ NYG)",154090,Showdown Captain Mode,1570.0,0,3,1,4444.0,2026-10-04 17:00:00+00:00,Sun 1:00PM
196206399,NFL Showdown Satellite to NFL 11-1 Midseason Main Event [Must Fill] (ARI @ NYG),154090,Showdown Captain Mode,530.0,0,3,1,1500.0,2026-10-04 17:00:00+00:00,Sun 1:00PM
196206392,"NFL Showdown $1,060 Winner Take All [$4K to 1st] (Must Fill) (ARI @ NYG)",154090,Showdown Captain Mode,1060.0,0,4,1,4000.0,2026-10-04 17:00:00+00:00,Sun 1:00PM
196204903,NFL Showdown $1.5K First Down [20 Entry Max] (GB @ TB),154092,Showdown Captain Mode,1.0,68,1783,20,1500.0,2026-10-04 17:00:00+00:00,Sun 1:00PM
196204899,NFL Showdown $500 Chop Block [Single Entry] (GB @ TB),154092,Showdown Captain Mode,50.0,0,11,1,500.0,2026-10-04 17:00:00+00:00,Sun 1:00PM
196204898,NFL Showdown $1K Hot Route [Single Entry] (GB @ TB),154092,Showdown Captain Mode,100.0,0,11,1,1000.0,2026-10-04 17:00:00+00:00,Sun 1:00PM
196204904,NFL Showdown $500 Quarter Jukebox [Just $0.25!] (GB @ TB),154092,Showdown Captain Mode,0.25,70,2378,20,500.0,2026-10-04 17:00:00+00:00,Sun 1:00PM
196206593,"NFL Showdown Satellite to NFL $4,444 Fantasy Football MEGA Millionaire [Must Fill] (GB @ TB)",154092,Showdown Captain Mode,1570.0,0,3,1,4444.0,2026-10-04 17:00:00+00:00,Sun 1:00PM
196204910,NFL Showdown Single Entry $5 Double Up (GB @ TB),154092,Showdown Captain Mode,5.0,4,68,1,300.0,2026-10-04 17:00:00+00:00,Sun 1:00PM
196204908,NFL Showdown Single Entry $25 Double Up (GB @ TB),154092,Showdown Captain Mode,25.0,3,22,1,500.0,2026-10-04 17:00:00+00:00,Sun 1:00PM
196206596,"NFL Showdown Satellite to NFL 10-12 $4,444 Showdown MEGA Millionaire [Must Fill] (GB @ TB)",154092,Showdown Captain Mode,1570.0,0,3,1,4444.0,2026-10-04 17:00:00+00:00,Sun 1:00PM
196206598,NFL Showdown Satellite to NFL 11-1 Midseason Main Event [Must Fill] (GB @ TB),154092,Showdown Captain Mode,530.0,0,3,1,1500.0,2026-10-04 17:00:00+00:00,Sun 1:00PM
196206591,"NFL Showdown $1,060 Winner Take All [$4K to 1st] (Must Fill) (GB @ TB)",154092,Showdown Captain Mode,1060.0,0,4,1,4000.0,2026-10-04 17:00:00+00:00,Sun 1:00PM
196204913,NFL Showdown $750 Chop Block [Single Entry] (LAR @ PHI),154093,Showdown Captain Mode,50.0,0,17,1,750.0,2026-10-04 17:00:00+00:00,Sun 1:00PM
196204920,NFL Showdown $1K Quarter Jukebox [Just $0.25!] (LAR @ PHI),154093,Showdown Captain Mode,0.25,96,4756,20,1000.0,2026-10-04 17:00:00+00:00,Sun 1:00PM
196205767,NFL Showdown $267 Winner Take All [$1K to 1st] (LAR @ PHI),154093,Showdown Captain Mode,267.0,0,4,1,1000.0,2026-10-04 17:00:00+00:00,Sun 1:00PM
196205768,NFL Showdown $267 Winner Take All [$1K to 1st] (LAR @ PHI),154093,Showdown Captain Mode,267.0,0,4,1,1000.0,2026-10-04 17:00:00+00:00,Sun 1:00PM
196205766,NFL Showdown $267 Winner Take All [$1K to 1st] (LAR @ PHI),154093,Showdown Captain Mode,267.0,0,4,1,1000.0,2026-10-04 17:00:00+00:00,Sun 1:00PM
196200222,$500K NFL Pocket Cup Qualifier #142,154078,Classic,0.1,3346,14268,150,1200.0,2026-10-04 17:00:00+00:00,Sun 1:00PM
196200223,$500K NFL Pocket Cup Qualifier #143,154078,Classic,0.1,3224,14268,150,1200.0,2026-10-04 17:00:00+00:00,Sun 1:00PM
196200224,$500K NFL Pocket Cup Qualifier #144,154078,Classic,0.1,3016,14268,150,1200.0,2026-10-04 17:00:00+00:00,Sun 1:00PM
196200221,$500K NFL Pocket Cup Qualifier #141,154078,Classic,0.1,3632,14268,150,1200.0,2026-10-04 17:00:00+00:00,Sun 1:00PM
196200129,$500K NFL Pocket Cup Qualifier #140,154078,Classic,0.01,18607,142687,150,1200.0,2026-10-04 17:00:00+00:00,Sun 1:00PM
196200247,$500K NFL Pocket Cup Qualifier #150,154078,Classic,1.0,112,1426,20,1200.0,2026-10-04 17:00:00+00:00,Sun 1:00PM
196200248,$500K NFL Pocket Cup Qualifier #151,154078,Classic,1.0,95,1426,20,1200.0,2026-10-04 17:00:00+00:00,Sun 1:00PM
196200246,$500K NFL Pocket Cup Qualifier #149,154078,Classic,1.0,77,1426,20,1200.0,2026-10-04 17:00:00+00:00,Sun 1:00PM
196170536,NFL Satellite to NFL $555 Fantasy Football Millionaire,154078,Classic,90.0,1,7,1,555.0,2026-10-04 17:00:00+00:00,Sun 1:00PM
196170534,NFL Satellite to NFL $555 Fantasy Football Millionaire,154078,Classic,90.0,1,7,1,555.0,2026-10-04 17:00:00+00:00,Sun 1:00PM
196172231,NFL Satellite to NHL 11-3 $555 Barn Burner,154078,Classic,90.0,1,7,1,555.0,2026-10-04 17:00:00+00:00,Sun 1:00PM
196172230,NFL Satellite to NHL 11-3 $555 Barn Burner,154078,Classic,90.0,1,7,1,555.0,2026-10-04 17:00:00+00:00,Sun 1:00PM
196172232,NFL Satellite to NHL 11-3 $555 Barn Burner,154078,Classic,43.0,0,15,1,555.0,2026-10-04 17:00:00+00:00,Sun 1:00PM
196172266,NFL Satellite to UFC 333 $555 Knockout Special (10-24),154078,Classic,90.0,0,7,1,555.0,2026-10-04 17:00:00+00:00,Sun 1:00PM
196170765,NFL $490 2026 FFWC Qualifier Satellite,154078,Classic,38.0,2,15,1,490.0,2026-10-04 17:00:00+00:00,Sun 1:00PM
196172258,NFL Satellite to NBA $888 MEGA 8's Special (10-21),154078,Classic,140.0,0,7,1,888.0,2026-10-04 17:00:00+00:00,Sun 1:00PM
196170706,NFL SUPERSat to $20 NFL Fantasy Football Millionaire [25x],154078,Classic,0.25,337,2378,20,500.0,2026-10-04 17:00:00+00:00,Sun 1:00PM
196170707,NFL SUPERSat to $20 NFL Fantasy Football Millionaire [25x],154078,Classic,0.25,389,2378,20,500.0,2026-10-04 17:00:00+00:00,Sun 1:00PM
196170708,NFL SUPERSat to $20 NFL Fantasy Football Millionaire [25x],154078,Classic,0.25,335,2378,20,500.0,2026-10-04 17:00:00+00:00,Sun 1:00PM
196170709,NFL SUPERSat to $20 NFL Fantasy Football Millionaire [25x],154078,Classic,0.25,266,2378,20,500.0,2026-10-04 17:00:00+00:00,Sun 1:00PM
196208472,NFL $750 Quarter Jukebox [Just $0.25!] (Sun-Mon),154080,Classic,0.25,333,3567,20,750.0,2026-10-04 17:00:00+00:00,Sun 1:00PM
196208481,NFL $5 Double Up (Sun-Mon),154080,Classic,5.0,10,68,2,300.0,2026-10-04 17:00:00+00:00,Sun 1:00PM
196208462,NFL Single Entry $100 Double Up (Sun-Mon),154080,Classic,100.0,4,33,1,3000.0,2026-10-04 17:00:00+00:00,Sun 1:00PM
196208478,NFL Single Entry $50 Double Up (Sun-Mon),154080,Classic,50.0,5,34,1,1500.0,2026-10-04 17:00:00+00:00,Sun 1:00PM
196208463,NFL $10 Double Up (Sun-Mon),154080,Classic,10.0,16,114,3,1000.0,2026-10-04 17:00:00+00:00,Sun 1:00PM
196208482,NFL $2 Double Up (Sun-Mon),154080,Classic,2.0,33,287,8,500.0,2026-10-04 17:00:00+00:00,Sun 1:00PM
196208015,"NFL Satellite to NFL $4,444 Fantasy Football MEGA Millionaire [Must Fill] (Sun-Mon)",154080,Classic,1570.0,0,3,1,4444.0,2026-10-04 17:00:00+00:00,Sun 1:00PM
196208018,"NFL Satellite to NFL 10-12 $4,444 Showdown MEGA Millionaire [Must Fill] (Sun-Mon)",154080,Classic,1570.0,0,3,1,4444.0,2026-10-04 17:00:00+00:00,Sun 1:00PM
196208020,NFL Satellite to NFL 11-1 Midseason Main Event [Must Fill] (Sun-Mon),154080,Classic,530.0,0,3,1,1500.0,2026-10-04 17:00:00+00:00,Sun 1:00PM
196208013,"NFL $1,060 Winner Take All [$4K to 1st] (Must Fill) (Sun-Mon)",154080,Classic,1060.0,0,4,1,4000.0,2026-10-04 17:00:00+00:00,Sun 1:00PM
196204925,NFL Showdown $750 Daily Dollar [Single Entry] (LAR @ PHI),154093,Showdown Captain Mode,1.0,14,891,1,750.0,2026-10-04 17:00:00+00:00,Sun 1:00PM
196204921,NFL Showdown $500 Dime Package [Just $0.10!] (LAR @ PHI),154093,Showdown Captain Mode,0.1,177,5945,20,500.0,2026-10-04 17:00:00+00:00,Sun 1:00PM
196206690,"NFL Showdown $1,060 Winner Take All [$4K to 1st] (Must Fill) (LAR @ PHI)",154093,Showdown Captain Mode,1060.0,0,4,1,4000.0,2026-10-04 17:00:00+00:00,Sun 1:00PM
196206692,"NFL Showdown Satellite to NFL $4,444 Fantasy Football MEGA Millionaire [Must Fill] (LAR @ PHI)",154093,Showdown Captain Mode,1570.0,0,3,1,4444.0,2026-10-04 17:00:00+00:00,Sun 1:00PM
196206695,"NFL Showdown Satellite to NFL 10-12 $4,444 Showdown MEGA Millionaire [Must Fill] (LAR @ PHI)",154093,Showdown Captain Mode,1570.0,0,3,1,4444.0,2026-10-04 17:00:00+00:00,Sun 1:00PM
196208494,NFL Tiers $500 Dime Package [Just $0.10!],154112,Tiers,0.1,724,5945,20,500.0,2026-10-04 17:00:00+00:00,Sun 1:00PM
196208488,NFL Tiers $5 Double Up,154112,Tiers,5.0,7,68,2,300.0,2026-10-04 17:00:00+00:00,Sun 1:00PM
196208501,NFL Tiers $10 Double Up [Single Entry],154112,Tiers,10.0,9,85,1,740.0,2026-10-04 17:00:00+00:00,Sun 1:00PM
196208500,NFL Tiers $10 Double Up,154112,Tiers,10.0,7,69,2,600.0,2026-10-04 17:00:00+00:00,Sun 1:00PM
196208498,NFL Tiers Single Entry $50 Double Up,154112,Tiers,50.0,4,22,1,1000.0,2026-10-04 17:00:00+00:00,Sun 1:00PM
196208503,NFL Tiers $2 Double Up,154112,Tiers,2.0,13,114,3,200.0,2026-10-04 17:00:00+00:00,Sun 1:00PM
196207916,"NFL Tiers Satellite to NFL $4,444 Fantasy Football MEGA Millionaire [Must Fill]",154112,Tiers,1570.0,0,3,1,4444.0,2026-10-04 17:00:00+00:00,Sun 1:00PM
196207919,"NFL Tiers Satellite to NFL 10-12 $4,444 Showdown MEGA Millionaire [Must Fill]",154112,Tiers,1570.0,0,3,1,4444.0,2026-10-04 17:00:00+00:00,Sun 1:00PM
196207921,NFL Tiers Satellite to NFL 11-1 Midseason Main Event [Must Fill],154112,Tiers,530.0,0,3,1,1500.0,2026-10-04 17:00:00+00:00,Sun 1:00PM
196207914,"NFL Tiers $1,060 Winner Take All [$4K to 1st] (Must Fill)",154112,Tiers,1060.0,0,4,1,4000.0,2026-10-04 17:00:00+00:00,Sun 1:00PM
196170711,NFL SUPERSat to $20 NFL Fantasy Football Millionaire [25x],154078,Classic,1.0,133,594,17,500.0,2026-10-04 17:00:00+00:00,Sun 1:00PM
196170712,NFL SUPERSat to $20 NFL Fantasy Football Millionaire [25x],154078,Classic,1.0,116,594,17,500.0,2026-10-04 17:00:00+00:00,Sun 1:00PM
196170713,NFL SUPERSat to $20 NFL Fantasy Football Millionaire [25x],154078,Classic,1.0,102,594,17,500.0,2026-10-04 17:00:00+00:00,Sun 1:00PM
196170710,NFL SUPERSat to $20 NFL Fantasy Football Millionaire [25x],154078,Classic,1.0,94,594,17,500.0,2026-10-04 17:00:00+00:00,Sun 1:00PM
196205895,"NFL Showdown $1,060 Winner Take All [$4K to 1st] (Must Fill) (IND vs WAS)",154085,Showdown Captain Mode,1060.0,0,4,1,4000.0,2026-10-04 13:30:00+00:00,Sun 9:30AM
196205900,"NFL Showdown Satellite to NFL 10-12 $4,444 Showdown MEGA Millionaire [Must Fill] (IND vs WAS)",154085,Showdown Captain Mode,1570.0,0,3,1,4444.0,2026-10-04 13:30:00+00:00,Sun 9:30AM
196205902,NFL Showdown Satellite to NFL 11-1 Midseason Main Event [Must Fill] (IND vs WAS),154085,Showdown Captain Mode,530.0,0,3,1,1500.0,2026-10-04 13:30:00+00:00,Sun 9:30AM
196205898,NFL Showdown Satellite to NFL $555 Fantasy Football Millionaire [Must Fill] (IND vs WAS),154085,Showdown Captain Mode,201.0,0,3,1,555.0,2026-10-04 13:30:00+00:00,Sun 9:30AM
196205903,NFL Showdown Satellite to NFL 10-25 Midseason Warm Up Millionaire [Must Fill] (IND vs WAS),154085,Showdown Captain Mode,55.0,0,3,1,150.0,2026-10-04 13:30:00+00:00,Sun 9:30AM
196171219,"NFL Satellite to NFL $4,444 Fantasy Football MEGA Millionaire [Must Fill]",154078,Classic,1570.0,1,3,1,4444.0,2026-10-04 17:00:00+00:00,Sun 1:00PM
196171222,"NFL Satellite to NFL 10-12 $4,444 Showdown MEGA Millionaire [Must Fill]",154078,Classic,1570.0,0,3,1,4444.0,2026-10-04 17:00:00+00:00,Sun 1:00PM
196171224,NFL Satellite to NFL 11-1 Midseason Main Event [Must Fill],154078,Classic,530.0,2,3,1,1500.0,2026-10-04 17:00:00+00:00,Sun 1:00PM
196172255,NFL Satellite to NBA $888 MEGA 8's Special (10-21) [Must Fill],154078,Classic,322.0,0,3,1,888.0,2026-10-04 17:00:00+00:00,Sun 1:00PM
196171220,NFL Satellite to NFL $555 Fantasy Football Millionaire [Must Fill],154078,Classic,201.0,1,3,1,555.0,2026-10-04 17:00:00+00:00,Sun 1:00PM
196205999,"NFL Showdown Satellite to NFL 10-12 $4,444 Showdown MEGA Millionaire [Must Fill] (DAL @ HOU)",154086,Showdown Captain Mode,1570.0,0,3,1,4444.0,2026-10-04 17:00:00+00:00,Sun 1:00PM
196204829,NFL Showdown Single Entry $10 Double Up (DAL @ HOU),154086,Showdown Captain Mode,10.0,4,34,1,300.0,2026-10-04 17:00:00+00:00,Sun 1:00PM
196206001,NFL Showdown Satellite to NFL 11-1 Midseason Main Event [Must Fill] (DAL @ HOU),154086,Showdown Captain Mode,530.0,0,3,1,1500.0,2026-10-04 17:00:00+00:00,Sun 1:00PM
196205997,NFL Showdown Satellite to NFL $555 Fantasy Football Millionaire [Must Fill] (DAL @ HOU),154086,Showdown Captain Mode,201.0,0,3,1,555.0,2026-10-04 17:00:00+00:00,Sun 1:00PM
196206002,NFL Showdown Satellite to NFL 10-25 Midseason Warm Up Millionaire [Must Fill] (DAL @ HOU),154086,Showdown Captain Mode,55.0,0,3,1,150.0,2026-10-04 17:00:00+00:00,Sun 1:00PM
196206298,"NFL Showdown Satellite to NFL 10-12 $4,444 Showdown MEGA Millionaire [Must Fill] (JAX @ CIN)",154089,Showdown Captain Mode,1570.0,0,3,1,4444.0,2026-10-04 17:00:00+00:00,Sun 1:00PM
196204869,NFL Showdown Single Entry $10 Double Up (JAX @ CIN),154089,Showdown Captain Mode,10.0,3,34,1,300.0,2026-10-04 17:00:00+00:00,Sun 1:00PM
196206300,NFL Showdown Satellite to NFL 11-1 Midseason Main Event [Must Fill] (JAX @ CIN),154089,Showdown Captain Mode,530.0,0,3,1,1500.0,2026-10-04 17:00:00+00:00,Sun 1:00PM
196206296,NFL Showdown Satellite to NFL $555 Fantasy Football Millionaire [Must Fill] (JAX @ CIN),154089,Showdown Captain Mode,201.0,0,3,1,555.0,2026-10-04 17:00:00+00:00,Sun 1:00PM
196206301,NFL Showdown Satellite to NFL 10-25 Midseason Warm Up Millionaire [Must Fill] (JAX @ CIN),154089,Showdown Captain Mode,55.0,0,3,1,150.0,2026-10-04 17:00:00+00:00,Sun 1:00PM
196206496,"NFL Showdown Satellite to NFL 10-12 $4,444 Showdown MEGA Millionaire [Must Fill] (NE @ BUF)",154091,Showdown Captain Mode,1570.0,0,3,1,4444.0,2026-10-04 17:00:00+00:00,Sun 1:00PM
196204896,NFL Showdown Single Entry $10 Double Up (NE @ BUF),154091,Showdown Captain Mode,10.0,3,34,1,300.0,2026-10-04 17:00:00+00:00,Sun 1:00PM
196206498,NFL Showdown Satellite to NFL 11-1 Midseason Main Event [Must Fill] (NE @ BUF),154091,Showdown Captain Mode,530.0,0,3,1,1500.0,2026-10-04 17:00:00+00:00,Sun 1:00PM
196206494,NFL Showdown Satellite to NFL $555 Fantasy Football Millionaire [Must Fill] (NE @ BUF),154091,Showdown Captain Mode,201.0,0,3,1,555.0,2026-10-04 17:00:00+00:00,Sun 1:00PM
196206499,NFL Showdown Satellite to NFL 10-25 Midseason Warm Up Millionaire [Must Fill] (NE @ BUF),154091,Showdown Captain Mode,55.0,0,3,1,150.0,2026-10-04 17:00:00+00:00,Sun 1:00PM
196206697,NFL Showdown Satellite to NFL 11-1 Midseason Main Event [Must Fill] (LAR @ PHI),154093,Showdown Captain Mode,530.0,0,3,1,1500.0,2026-10-04 17:00:00+00:00,Sun 1:00PM
196206693,NFL Showdown Satellite to NFL $555 Fantasy Football Millionaire [Must Fill] (LAR @ PHI),154093,Showdown Captain Mode,201.0,0,3,1,555.0,2026-10-04 17:00:00+00:00,Sun 1:00PM
196206698,NFL Showdown Satellite to NFL 10-25 Midseason Warm Up Millionaire [Must Fill] (LAR @ PHI),154093,Showdown Captain Mode,55.0,0,3,1,150.0,2026-10-04 17:00:00+00:00,Sun 1:00PM
196172058,NFL Single Stat Satellite to NFL 11-1 Midseason Main Event [Must Fill] (Touchdowns),154114,Single Stat - Touchdowns,530.0,0,3,1,1500.0,2026-10-04 17:00:00+00:00,Sun 1:00PM
196172054,NFL Single Stat Satellite to NFL $555 Fantasy Football Millionaire [Must Fill] (Touchdowns),154114,Single Stat - Touchdowns,201.0,0,3,1,555.0,2026-10-04 17:00:00+00:00,Sun 1:00PM
196172059,NFL Single Stat Satellite to NFL 10-25 Midseason Warm Up Millionaire [Must Fill] (Touchdowns),154114,Single Stat - Touchdowns,55.0,0,3,1,150.0,2026-10-04 17:00:00+00:00,Sun 1:00PM
196172233,NFL Satellite to NHL 11-3 $555 Barn Burner [Must Fill],154078,Classic,201.0,1,3,1,555.0,2026-10-04 17:00:00+00:00,Sun 1:00PM
196172265,NFL Satellite to UFC 333 $555 Knockout Special (10-24) [Must Fill],154078,Classic,201.0,0,3,1,555.0,2026-10-04 17:00:00+00:00,Sun 1:00PM
196172264,NFL Satellite to UFC 333 $555 Knockout Special (10-24) [Must Fill],154078,Classic,201.0,0,3,1,555.0,2026-10-04 17:00:00+00:00,Sun 1:00PM
196172234,NFL Satellite to NHL 10-13 $360 Spin-O-Rama,154078,Classic,9.0,1,47,1,360.0,2026-10-04 17:00:00+00:00,Sun 1:00PM
196170784,NFL Satellite to NFL $333 Wildcat,154078,Classic,5.0,9,79,2,333.0,2026-10-04 17:00:00+00:00,Sun 1:00PM
196170785,NFL Satellite to NFL $333 Wildcat,154078,Classic,5.0,7,79,2,333.0,2026-10-04 17:00:00+00:00,Sun 1:00PM
196170783,NFL Satellite to NFL $333 Wildcat,154078,Classic,5.0,5,79,2,333.0,2026-10-04 17:00:00+00:00,Sun 1:00PM
196211263,NFL Satellite to UFC 332 $555 Knockout Special (10-3) [Must Fill] (Early Only),154079,Classic,201.0,0,3,1,555.0,2026-10-04 17:00:00+00:00,Sun 1:00PM
196209739,NFL Satellite to NFL 10-25 Midseason Warm Up Millionaire (Early Only),154079,Classic,8.0,1,22,1,150.0,2026-10-04 17:00:00+00:00,Sun 1:00PM
196209740,NFL Satellite to NFL 10-25 Midseason Warm Up Millionaire (Early Only),154079,Classic,11.0,1,16,1,150.0,2026-10-04 17:00:00+00:00,Sun 1:00PM
196209741,NFL Satellite to NFL 10-25 Midseason Warm Up Millionaire (Early Only),154079,Classic,16.0,1,11,1,150.0,2026-10-04 17:00:00+00:00,Sun 1:00PM
196209738,NFL Satellite to NFL $333 Wildcat (Early Only),154079,Classic,35.0,1,11,1,333.0,2026-10-04 17:00:00+00:00,Sun 1:00PM
196209737,NFL Satellite to NFL $333 Wildcat (Early Only),154079,Classic,35.0,1,11,1,333.0,2026-10-04 17:00:00+00:00,Sun 1:00PM
196208490,NFL Tiers $400 Safety,154112,Tiers,2.0,4,237,7,400.0,2026-10-04 17:00:00+00:00,Sun 1:00PM
196207917,NFL Tiers Satellite to NFL $555 Fantasy Football Millionaire [Must Fill],154112,Tiers,201.0,0,3,1,555.0,2026-10-04 17:00:00+00:00,Sun 1:00PM
196207922,NFL Tiers Satellite to NFL 10-25 Midseason Warm Up Millionaire [Must Fill],154112,Tiers,55.0,0,3,1,150.0,2026-10-04 17:00:00+00:00,Sun 1:00PM
196187725,NFL Showdown Satellite to NFL $333 Wildcat (PIT @ CLE),154084,Showdown Captain Mode,5.0,19,79,2,333.0,2026-10-02 00:15:00+00:00,Thu 8:15PM
196187726,NFL Showdown Satellite to NFL $333 Wildcat (PIT @ CLE),154084,Showdown Captain Mode,17.0,13,23,1,333.0,2026-10-02 00:15:00+00:00,Thu 8:15PM
196207379,NFL Showdown Satellite to MLB 10-23 $333 Championship Perfect Game (PIT @ CLE),154084,Showdown Captain Mode,17.0,0,23,1,333.0,2026-10-02 00:15:00+00:00,Thu 8:15PM
196187734,NFL Showdown Satellite to NFL 10-25 Midseason Warm Up Millionaire (PIT @ CLE),154084,Showdown Captain Mode,8.0,5,22,1,150.0,2026-10-02 00:15:00+00:00,Thu 8:15PM
196187735,NFL Showdown Satellite to NFL 10-25 Midseason Warm Up Millionaire (PIT @ CLE),154084,Showdown Captain Mode,11.0,4,16,1,150.0,2026-10-02 00:15:00+00:00,Thu 8:15PM
196187737,NFL Showdown Satellite to NFL 10-25 Midseason Warm Up Millionaire (PIT @ CLE),154084,Showdown Captain Mode,16.0,2,11,1,150.0,2026-10-02 00:15:00+00:00,Thu 8:15PM
196187736,NFL Showdown Satellite to NFL 10-25 Midseason Warm Up Millionaire (PIT @ CLE),154084,Showdown Captain Mode,16.0,1,11,1,150.0,2026-10-02 00:15:00+00:00,Thu 8:15PM
196187740,NFL Showdown Satellite to NFL 10-25 Midseason Warm Up Millionaire (PIT @ CLE),154084,Showdown Captain Mode,2.0,10,89,2,150.0,2026-10-02 00:15:00+00:00,Thu 8:15PM
196187717,NFL Showdown $125 2026 FFWC Qualifier Satellite (PIT @ CLE),154084,Showdown Captain Mode,7.0,6,21,1,125.0,2026-10-02 00:15:00+00:00,Thu 8:15PM
196187727,NFL Showdown Satellite to NFL $333 Wildcat (PIT @ CLE),154084,Showdown Captain Mode,35.0,5,11,1,333.0,2026-10-02 00:15:00+00:00,Thu 8:15PM
196187728,NFL Showdown Satellite to NFL $333 Wildcat (PIT @ CLE),154084,Showdown Captain Mode,75.0,1,5,1,333.0,2026-10-02 00:15:00+00:00,Thu 8:15PM
196207380,NFL Showdown Satellite to MLB 10-23 $333 Championship Perfect Game (PIT @ CLE),154084,Showdown Captain Mode,35.0,0,11,1,333.0,2026-10-02 00:15:00+00:00,Thu 8:15PM
196187709,NFL Showdown $125 2026 FFWC Qualifier Satellite (PIT @ CLE),154084,Showdown Captain Mode,29.0,2,5,1,125.0,2026-10-02 00:15:00+00:00,Thu 8:15PM
196187739,NFL Showdown Satellite to NFL 10-25 Midseason Warm Up Millionaire (PIT @ CLE),154084,Showdown Captain Mode,1.0,32,178,5,150.0,2026-10-02 00:15:00+00:00,Thu 8:15PM
196187738,NFL Showdown Satellite to NFL 10-25 Midseason Warm Up Millionaire (PIT @ CLE),154084,Showdown Captain Mode,1.0,31,178,5,150.0,2026-10-02 00:15:00+00:00,Thu 8:15PM
196187708,NFL Showdown $125 2026 FFWC Qualifier Satellite (PIT @ CLE),154084,Showdown Captain Mode,1.0,18,148,4,125.0,2026-10-02 00:15:00+00:00,Thu 8:15PM
196187707,NFL Showdown $125 2026 FFWC Qualifier Satellite (PIT @ CLE),154084,Showdown Captain Mode,1.0,18,148,4,125.0,2026-10-02 00:15:00+00:00,Thu 8:15PM
196185449,NFL Showdown Satellite to NFL 10-25 Midseason Warm Up Millionaire [Must Fill] (PIT @ CLE),154084,Showdown Captain Mode,55.0,0,3,1,150.0,2026-10-02 00:15:00+00:00,Thu 8:15PM
196187744,NFL Showdown Satellite to NHL 10-13 $360 Spin-O-Rama [Must Fill] (PIT @ CLE),154084,Showdown Captain Mode,130.0,0,3,1,360.0,2026-10-02 00:15:00+00:00,Thu 8:15PM
196207381,NFL Showdown Satellite to MLB 10-23 $333 Championship Perfect Game [Must Fill] (PIT @ CLE),154084,Showdown Captain Mode,121.0,0,3,1,333.0,2026-10-02 00:15:00+00:00,Thu 8:15PM
196185550,NFL Satellite to NFL 10-25 Midseason Warm Up Millionaire [Must Fill] (Thu-Mon),154077,Classic,55.0,0,3,1,150.0,2026-10-02 00:15:00+00:00,Thu 8:15PM
196204820,NFL Showdown $400 Fair Catch [Single Entry] (DAL @ HOU),154086,Showdown Captain Mode,12.0,2,39,1,400.0,2026-10-04 17:00:00+00:00,Sun 1:00PM
196205670,NFL Showdown $85 Winner Take All [$300 to 1st] (DAL @ HOU),154086,Showdown Captain Mode,85.0,0,4,1,300.0,2026-10-04 17:00:00+00:00,Sun 1:00PM
196204825,NFL Showdown $250 Dime Package [Just $0.10!] (DAL @ HOU),154086,Showdown Captain Mode,0.1,163,2972,20,250.0,2026-10-04 17:00:00+00:00,Sun 1:00PM
196204860,NFL Showdown $400 Fair Catch [Single Entry] (JAX @ CIN),154089,Showdown Captain Mode,12.0,2,39,1,400.0,2026-10-04 17:00:00+00:00,Sun 1:00PM
196205700,NFL Showdown $85 Winner Take All [$300 to 1st] (JAX @ CIN),154089,Showdown Captain Mode,85.0,0,4,1,300.0,2026-10-04 17:00:00+00:00,Sun 1:00PM
196204865,NFL Showdown $250 Dime Package [Just $0.10!] (JAX @ CIN),154089,Showdown Captain Mode,0.1,156,2972,20,250.0,2026-10-04 17:00:00+00:00,Sun 1:00PM
196204887,NFL Showdown $400 Fair Catch [Single Entry] (NE @ BUF),154091,Showdown Captain Mode,12.0,2,39,1,400.0,2026-10-04 17:00:00+00:00,Sun 1:00PM
196205720,NFL Showdown $85 Winner Take All [$300 to 1st] (NE @ BUF),154091,Showdown Captain Mode,85.0,0,4,1,300.0,2026-10-04 17:00:00+00:00,Sun 1:00PM
196204892,NFL Showdown $250 Dime Package [Just $0.10!] (NE @ BUF),154091,Showdown Captain Mode,0.1,175,2972,20,250.0,2026-10-04 17:00:00+00:00,Sun 1:00PM
196170787,NFL Satellite to NFL $333 Wildcat,154078,Classic,17.0,5,23,1,333.0,2026-10-04 17:00:00+00:00,Sun 1:00PM
196170788,NFL Satellite to NFL $333 Wildcat,154078,Classic,17.0,5,23,1,333.0,2026-10-04 17:00:00+00:00,Sun 1:00PM
196170786,NFL Satellite to NFL $333 Wildcat,154078,Classic,17.0,5,23,1,333.0,2026-10-04 17:00:00+00:00,Sun 1:00PM
196207372,NFL Satellite to MLB 10-23 $333 Championship Perfect Game,154078,Classic,5.0,4,79,2,333.0,2026-10-04 17:00:00+00:00,Sun 1:00PM
196207373,NFL Satellite to MLB 10-23 $333 Championship Perfect Game,154078,Classic,17.0,2,23,1,333.0,2026-10-04 17:00:00+00:00,Sun 1:00PM
196170811,NFL Satellite to NFL 10-25 Midseason Warm Up Millionaire,154078,Classic,8.0,3,22,1,150.0,2026-10-04 17:00:00+00:00,Sun 1:00PM
196170810,NFL Satellite to NFL 10-25 Midseason Warm Up Millionaire,154078,Classic,8.0,3,22,1,150.0,2026-10-04 17:00:00+00:00,Sun 1:00PM
196170813,NFL Satellite to NFL 10-25 Midseason Warm Up Millionaire,154078,Classic,11.0,2,16,1,150.0,2026-10-04 17:00:00+00:00,Sun 1:00PM
196170812,NFL Satellite to NFL 10-25 Midseason Warm Up Millionaire,154078,Classic,11.0,2,16,1,150.0,2026-10-04 17:00:00+00:00,Sun 1:00PM
196204833,NFL Showdown $400 Bootleg [Single Entry] (TEN @ BAL),154087,Showdown Captain Mode,33.0,1,14,1,400.0,2026-10-04 17:00:00+00:00,Sun 1:00PM
196204842,NFL Showdown Single Entry $10 Double Up (TEN @ BAL),154087,Showdown Captain Mode,10.0,3,34,1,300.0,2026-10-04 17:00:00+00:00,Sun 1:00PM
196206097,NFL Showdown Satellite to NFL $555 Fantasy Football Millionaire [Must Fill] (TEN @ BAL),154087,Showdown Captain Mode,201.0,0,3,1,555.0,2026-10-04 17:00:00+00:00,Sun 1:00PM
196206102,NFL Showdown Satellite to NFL 10-25 Midseason Warm Up Millionaire [Must Fill] (TEN @ BAL),154087,Showdown Captain Mode,55.0,0,3,1,150.0,2026-10-04 17:00:00+00:00,Sun 1:00PM
196205680,NFL Showdown $85 Winner Take All [$300 to 1st] (TEN @ BAL),154087,Showdown Captain Mode,85.0,0,4,1,300.0,2026-10-04 17:00:00+00:00,Sun 1:00PM
196204846,NFL Showdown $400 Bootleg [Single Entry] (NYJ @ CHI),154088,Showdown Captain Mode,33.0,1,14,1,400.0,2026-10-04 17:00:00+00:00,Sun 1:00PM
196204855,NFL Showdown Single Entry $10 Double Up (NYJ @ CHI),154088,Showdown Captain Mode,10.0,4,34,1,300.0,2026-10-04 17:00:00+00:00,Sun 1:00PM
196206196,NFL Showdown Satellite to NFL $555 Fantasy Football Millionaire [Must Fill] (NYJ @ CHI),154088,Showdown Captain Mode,201.0,0,3,1,555.0,2026-10-04 17:00:00+00:00,Sun 1:00PM
196206201,NFL Showdown Satellite to NFL 10-25 Midseason Warm Up Millionaire [Must Fill] (NYJ @ CHI),154088,Showdown Captain Mode,55.0,0,3,1,150.0,2026-10-04 17:00:00+00:00,Sun 1:00PM
196205690,NFL Showdown $85 Winner Take All [$300 to 1st] (NYJ @ CHI),154088,Showdown Captain Mode,85.0,0,4,1,300.0,2026-10-04 17:00:00+00:00,Sun 1:00PM
196204873,NFL Showdown $400 Bootleg [Single Entry] (ARI @ NYG),154090,Showdown Captain Mode,33.0,1,14,1,400.0,2026-10-04 17:00:00+00:00,Sun 1:00PM
196204882,NFL Showdown Single Entry $10 Double Up (ARI @ NYG),154090,Showdown Captain Mode,10.0,3,34,1,300.0,2026-10-04 17:00:00+00:00,Sun 1:00PM
196206395,NFL Showdown Satellite to NFL $555 Fantasy Football Millionaire [Must Fill] (ARI @ NYG),154090,Showdown Captain Mode,201.0,0,3,1,555.0,2026-10-04 17:00:00+00:00,Sun 1:00PM
196206400,NFL Showdown Satellite to NFL 10-25 Midseason Warm Up Millionaire [Must Fill] (ARI @ NYG),154090,Showdown Captain Mode,55.0,0,3,1,150.0,2026-10-04 17:00:00+00:00,Sun 1:00PM
196205710,NFL Showdown $85 Winner Take All [$300 to 1st] (ARI @ NYG),154090,Showdown Captain Mode,85.0,0,4,1,300.0,2026-10-04 17:00:00+00:00,Sun 1:00PM
196204900,NFL Showdown $400 Bootleg [Single Entry] (GB @ TB),154092,Showdown Captain Mode,33.0,1,14,1,400.0,2026-10-04 17:00:00+00:00,Sun 1:00PM
196204909,NFL Showdown Single Entry $10 Double Up (GB @ TB),154092,Showdown Captain Mode,10.0,3,34,1,300.0,2026-10-04 17:00:00+00:00,Sun 1:00PM
196206594,NFL Showdown Satellite to NFL $555 Fantasy Football Millionaire [Must Fill] (GB @ TB),154092,Showdown Captain Mode,201.0,0,3,1,555.0,2026-10-04 17:00:00+00:00,Sun 1:00PM
196206599,NFL Showdown Satellite to NFL 10-25 Midseason Warm Up Millionaire [Must Fill] (GB @ TB),154092,Showdown Captain Mode,55.0,0,3,1,150.0,2026-10-04 17:00:00+00:00,Sun 1:00PM
196205730,NFL Showdown $85 Winner Take All [$300 to 1st] (GB @ TB),154092,Showdown Captain Mode,85.0,0,4,1,300.0,2026-10-04 17:00:00+00:00,Sun 1:00PM
196170814,NFL Satellite to NFL 10-25 Midseason Warm Up Millionaire,154078,Classic,16.0,1,11,1,150.0,2026-10-04 17:00:00+00:00,Sun 1:00PM
196170817,NFL Satellite to NFL 10-25 Midseason Warm Up Millionaire,154078,Classic,2.0,5,89,2,150.0,2026-10-04 17:00:00+00:00,Sun 1:00PM
196170776,NFL $125 2026 FFWC Qualifier Satellite,154078,Classic,7.0,7,21,1,125.0,2026-10-04 17:00:00+00:00,Sun 1:00PM
196170777,NFL $125 2026 FFWC Qualifier Satellite,154078,Classic,7.0,4,21,1,125.0,2026-10-04 17:00:00+00:00,Sun 1:00PM
196170775,NFL $125 2026 FFWC Qualifier Satellite,154078,Classic,7.0,4,21,1,125.0,2026-10-04 17:00:00+00:00,Sun 1:00PM
196170751,NFL $50 2026 FFWC Qualifier SUPERSatellite [2x],154078,Classic,9.0,3,13,1,100.0,2026-10-04 17:00:00+00:00,Sun 1:00PM
196172236,NFL Satellite to NHL 10-13 $360 Spin-O-Rama,154078,Classic,38.0,0,11,1,360.0,2026-10-04 17:00:00+00:00,Sun 1:00PM
196170790,NFL Satellite to NFL $333 Wildcat,154078,Classic,35.0,0,11,1,333.0,2026-10-04 17:00:00+00:00,Sun 1:00PM
196170789,NFL Satellite to NFL $333 Wildcat,154078,Classic,35.0,0,11,1,333.0,2026-10-04 17:00:00+00:00,Sun 1:00PM
196170792,NFL Satellite to NFL $333 Wildcat,154078,Classic,75.0,1,5,1,333.0,2026-10-04 17:00:00+00:00,Sun 1:00PM
196170791,NFL Satellite to NFL $333 Wildcat,154078,Classic,75.0,0,5,1,333.0,2026-10-04 17:00:00+00:00,Sun 1:00PM
196207374,NFL Satellite to MLB 10-23 $333 Championship Perfect Game,154078,Classic,35.0,0,11,1,333.0,2026-10-04 17:00:00+00:00,Sun 1:00PM
196207375,NFL Satellite to MLB 10-23 $333 Championship Perfect Game,154078,Classic,75.0,0,5,1,333.0,2026-10-04 17:00:00+00:00,Sun 1:00PM
196170754,NFL $125 2026 FFWC Qualifier Satellite,154078,Classic,29.0,0,5,1,125.0,2026-10-04 17:00:00+00:00,Sun 1:00PM
196170757,NFL $125 2026 FFWC Qualifier Satellite,154078,Classic,29.0,0,5,1,125.0,2026-10-04 17:00:00+00:00,Sun 1:00PM
196170753,NFL $125 2026 FFWC Qualifier Satellite,154078,Classic,29.0,0,5,1,125.0,2026-10-04 17:00:00+00:00,Sun 1:00PM
196209742,NFL Satellite to NFL 10-25 Midseason Warm Up Millionaire (Early Only),154079,Classic,1.0,3,178,5,150.0,2026-10-04 17:00:00+00:00,Sun 1:00PM
196207818,NFL Satellite to NFL 10-25 Midseason Warm Up Millionaire [Must Fill] (Early Only),154079,Classic,55.0,0,3,1,150.0,2026-10-04 17:00:00+00:00,Sun 1:00PM
196211256,NFL Satellite to NHL 10-13 $360 Spin-O-Rama [Must Fill] (Early Only),154079,Classic,130.0,0,3,1,360.0,2026-10-04 17:00:00+00:00,Sun 1:00PM
196211266,NFL Satellite to MLB 10-23 $333 Championship Perfect Game [Must Fill] (Early Only),154079,Classic,121.0,0,3,1,333.0,2026-10-04 17:00:00+00:00,Sun 1:00PM
196209871,NFL $85 Winner Take All [$300 to 1st] (Sun-Mon),154080,Classic,85.0,0,4,1,300.0,2026-10-04 17:00:00+00:00,Sun 1:00PM
196209870,NFL $85 Winner Take All [$300 to 1st] (Sun-Mon),154080,Classic,85.0,0,4,1,300.0,2026-10-04 17:00:00+00:00,Sun 1:00PM
196208016,NFL Satellite to NFL $555 Fantasy Football Millionaire [Must Fill] (Sun-Mon),154080,Classic,201.0,0,3,1,555.0,2026-10-04 17:00:00+00:00,Sun 1:00PM
196208021,NFL Satellite to NFL 10-25 Midseason Warm Up Millionaire [Must Fill] (Sun-Mon),154080,Classic,55.0,0,3,1,150.0,2026-10-04 17:00:00+00:00,Sun 1:00PM
196208480,NFL Single Entry $10 Double Up (Sun-Mon),154080,Classic,10.0,13,114,1,1000.0,2026-10-04 17:00:00+00:00,Sun 1:00PM
196208483,NFL Single Entry $2 Double Up (Sun-Mon),154080,Classic,2.0,11,114,1,200.0,2026-10-04 17:00:00+00:00,Sun 1:00PM
196208473,NFL $300 Dime Package [Just $0.10!] (Sun-Mon),154080,Classic,0.1,419,3567,20,300.0,2026-10-04 17:00:00+00:00,Sun 1:00PM
196170816,NFL Satellite to NFL 10-25 Midseason Warm Up Millionaire,154078,Classic,1.0,17,178,5,150.0,2026-10-04 17:00:00+00:00,Sun 1:00PM
196170815,NFL Satellite to NFL 10-25 Midseason Warm Up Millionaire,154078,Classic,1.0,15,178,5,150.0,2026-10-04 17:00:00+00:00,Sun 1:00PM
196170752,NFL $125 2026 FFWC Qualifier Satellite,154078,Classic,1.0,29,148,4,125.0,2026-10-04 17:00:00+00:00,Sun 1:00PM
196204840,NFL Showdown $400 Daily Dollar [Single Entry] (TEN @ BAL),154087,Showdown Captain Mode,1.0,16,475,1,400.0,2026-10-04 17:00:00+00:00,Sun 1:00PM
196204838,NFL Showdown $250 Dime Package [Just $0.10!] (TEN @ BAL),154087,Showdown Captain Mode,0.1,162,2972,20,250.0,2026-10-04 17:00:00+00:00,Sun 1:00PM
196204853,NFL Showdown $400 Daily Dollar [Single Entry] (NYJ @ CHI),154088,Showdown Captain Mode,1.0,19,475,1,400.0,2026-10-04 17:00:00+00:00,Sun 1:00PM
196204851,NFL Showdown $250 Dime Package [Just $0.10!] (NYJ @ CHI),154088,Showdown Captain Mode,0.1,152,2972,20,250.0,2026-10-04 17:00:00+00:00,Sun 1:00PM
196204880,NFL Showdown $400 Daily Dollar [Single Entry] (ARI @ NYG),154090,Showdown Captain Mode,1.0,11,475,1,400.0,2026-10-04 17:00:00+00:00,Sun 1:00PM
196204878,NFL Showdown $250 Dime Package [Just $0.10!] (ARI @ NYG),154090,Showdown Captain Mode,0.1,157,2972,20,250.0,2026-10-04 17:00:00+00:00,Sun 1:00PM
196204907,NFL Showdown $400 Daily Dollar [Single Entry] (GB @ TB),154092,Showdown Captain Mode,1.0,12,475,1,400.0,2026-10-04 17:00:00+00:00,Sun 1:00PM
196204905,NFL Showdown $250 Dime Package [Just $0.10!] (GB @ TB),154092,Showdown Captain Mode,0.1,161,2972,20,250.0,2026-10-04 17:00:00+00:00,Sun 1:00PM
196171225,NFL Satellite to NFL 10-25 Midseason Warm Up Millionaire [Must Fill],154078,Classic,55.0,1,3,1,150.0,2026-10-04 17:00:00+00:00,Sun 1:00PM
196172239,NFL Satellite to NAS Title Race (11-8) [Must Fill],154078,Classic,145.0,0,3,1,400.0,2026-10-04 17:00:00+00:00,Sun 1:00PM
196172237,NFL Satellite to NHL 10-13 $360 Spin-O-Rama [Must Fill],154078,Classic,130.0,1,3,1,360.0,2026-10-04 17:00:00+00:00,Sun 1:00PM
196207376,NFL Satellite to MLB 10-23 $333 Championship Perfect Game [Must Fill],154078,Classic,121.0,0,3,1,333.0,2026-10-04 17:00:00+00:00,Sun 1:00PM
196187689,NFL Showdown SUPERSat to $20 NFL Fantasy Football Millionaire [4x] (PIT @ CLE),154084,Showdown Captain Mode,4.0,6,23,1,80.0,2026-10-02 00:15:00+00:00,Thu 8:15PM
196187688,NFL Showdown SUPERSat to $20 NFL Fantasy Football Millionaire [4x] (PIT @ CLE),154084,Showdown Captain Mode,4.0,6,23,1,80.0,2026-10-02 00:15:00+00:00,Thu 8:15PM
196187687,NFL Showdown SUPERSat to $20 NFL Fantasy Football Millionaire [4x] (PIT @ CLE),154084,Showdown Captain Mode,4.0,6,23,1,80.0,2026-10-02 00:15:00+00:00,Thu 8:15PM
196187686,NFL Showdown SUPERSat to $20 NFL Fantasy Football Millionaire [4x] (PIT @ CLE),154084,Showdown Captain Mode,4.0,8,23,1,80.0,2026-10-02 00:15:00+00:00,Thu 8:15PM
196187685,NFL Showdown SUPERSat to $20 NFL Fantasy Football Millionaire [2x] (PIT @ CLE),154084,Showdown Captain Mode,0.25,90,190,5,40.0,2026-10-02 00:15:00+00:00,Thu 8:15PM
196187684,NFL Showdown SUPERSat to $20 NFL Fantasy Football Millionaire [2x] (PIT @ CLE),154084,Showdown Captain Mode,0.25,71,190,5,40.0,2026-10-02 00:15:00+00:00,Thu 8:15PM
196187683,NFL Showdown SUPERSat to $20 NFL Fantasy Football Millionaire [2x] (PIT @ CLE),154084,Showdown Captain Mode,0.25,64,190,5,40.0,2026-10-02 00:15:00+00:00,Thu 8:15PM
196187682,NFL Showdown SUPERSat to $20 NFL Fantasy Football Millionaire [2x] (PIT @ CLE),154084,Showdown Captain Mode,0.25,68,190,5,40.0,2026-10-02 00:15:00+00:00,Thu 8:15PM
196187681,NFL Showdown SUPERSat to $20 NFL Fantasy Football Millionaire [2x] (PIT @ CLE),154084,Showdown Captain Mode,0.25,64,190,5,40.0,2026-10-02 00:15:00+00:00,Thu 8:15PM
196187618,NFL Showdown Satellite to $20 NFL Fantasy Football Millionaire (PIT @ CLE),154084,Showdown Captain Mode,2.0,5,11,1,20.0,2026-10-02 00:15:00+00:00,Thu 8:15PM
196187617,NFL Showdown Satellite to $20 NFL Fantasy Football Millionaire (PIT @ CLE),154084,Showdown Captain Mode,2.0,5,11,1,20.0,2026-10-02 00:15:00+00:00,Thu 8:15PM
196187616,NFL Showdown Satellite to $20 NFL Fantasy Football Millionaire (PIT @ CLE),154084,Showdown Captain Mode,2.0,5,11,1,20.0,2026-10-02 00:15:00+00:00,Thu 8:15PM
196187615,NFL Showdown Satellite to $20 NFL Fantasy Football Millionaire (PIT @ CLE),154084,Showdown Captain Mode,2.0,4,11,1,20.0,2026-10-02 00:15:00+00:00,Thu 8:15PM
196187614,NFL Showdown Satellite to $20 NFL Fantasy Football Millionaire (PIT @ CLE),154084,Showdown Captain Mode,2.0,4,11,1,20.0,2026-10-02 00:15:00+00:00,Thu 8:15PM
196187613,NFL Showdown Satellite to $20 NFL Fantasy Football Millionaire (PIT @ CLE),154084,Showdown Captain Mode,2.0,4,11,1,20.0,2026-10-02 00:15:00+00:00,Thu 8:15PM
196187612,NFL Showdown Satellite to $20 NFL Fantasy Football Millionaire (PIT @ CLE),154084,Showdown Captain Mode,2.0,4,11,1,20.0,2026-10-02 00:15:00+00:00,Thu 8:15PM
196187611,NFL Showdown Satellite to $20 NFL Fantasy Football Millionaire (PIT @ CLE),154084,Showdown Captain Mode,2.0,4,11,1,20.0,2026-10-02 00:15:00+00:00,Thu 8:15PM
196187610,NFL Showdown Satellite to $20 NFL Fantasy Football Millionaire (PIT @ CLE),154084,Showdown Captain Mode,2.0,4,11,1,20.0,2026-10-02 00:15:00+00:00,Thu 8:15PM
196187609,NFL Showdown Satellite to $20 NFL Fantasy Football Millionaire (PIT @ CLE),154084,Showdown Captain Mode,2.0,4,11,1,20.0,2026-10-02 00:15:00+00:00,Thu 8:15PM
196187608,NFL Showdown Satellite to $20 NFL Fantasy Football Millionaire (PIT @ CLE),154084,Showdown Captain Mode,2.0,4,11,1,20.0,2026-10-02 00:15:00+00:00,Thu 8:15PM
196187607,NFL Showdown Satellite to $20 NFL Fantasy Football Millionaire (PIT @ CLE),154084,Showdown Captain Mode,2.0,4,11,1,20.0,2026-10-02 00:15:00+00:00,Thu 8:15PM
196187606,NFL Showdown Satellite to $20 NFL Fantasy Football Millionaire (PIT @ CLE),154084,Showdown Captain Mode,2.0,4,11,1,20.0,2026-10-02 00:15:00+00:00,Thu 8:15PM
196187605,NFL Showdown Satellite to $20 NFL Fantasy Football Millionaire (PIT @ CLE),154084,Showdown Captain Mode,2.0,4,11,1,20.0,2026-10-02 00:15:00+00:00,Thu 8:15PM
196187604,NFL Showdown Satellite to $20 NFL Fantasy Football Millionaire (PIT @ CLE),154084,Showdown Captain Mode,2.0,4,11,1,20.0,2026-10-02 00:15:00+00:00,Thu 8:15PM
196187603,NFL Showdown Satellite to $20 NFL Fantasy Football Millionaire (PIT @ CLE),154084,Showdown Captain Mode,2.0,4,11,1,20.0,2026-10-02 00:15:00+00:00,Thu 8:15PM
196187602,NFL Showdown Satellite to $20 NFL Fantasy Football Millionaire (PIT @ CLE),154084,Showdown Captain Mode,2.0,4,11,1,20.0,2026-10-02 00:15:00+00:00,Thu 8:15PM
196187601,NFL Showdown Satellite to $20 NFL Fantasy Football Millionaire (PIT @ CLE),154084,Showdown Captain Mode,2.0,4,11,1,20.0,2026-10-02 00:15:00+00:00,Thu 8:15PM
196187600,NFL Showdown Satellite to $20 NFL Fantasy Football Millionaire (PIT @ CLE),154084,Showdown Captain Mode,2.0,5,11,1,20.0,2026-10-02 00:15:00+00:00,Thu 8:15PM
196187599,NFL Showdown Satellite to $20 NFL Fantasy Football Millionaire (PIT @ CLE),154084,Showdown Captain Mode,2.0,5,11,1,20.0,2026-10-02 00:15:00+00:00,Thu 8:15PM
196187638,NFL Showdown Satellite to $20 NFL Fantasy Football Millionaire (PIT @ CLE),154084,Showdown Captain Mode,1.0,11,23,1,20.0,2026-10-02 00:15:00+00:00,Thu 8:15PM
196187637,NFL Showdown Satellite to $20 NFL Fantasy Football Millionaire (PIT @ CLE),154084,Showdown Captain Mode,1.0,10,23,1,20.0,2026-10-02 00:15:00+00:00,Thu 8:15PM
196187636,NFL Showdown Satellite to $20 NFL Fantasy Football Millionaire (PIT @ CLE),154084,Showdown Captain Mode,1.0,9,23,1,20.0,2026-10-02 00:15:00+00:00,Thu 8:15PM
196187635,NFL Showdown Satellite to $20 NFL Fantasy Football Millionaire (PIT @ CLE),154084,Showdown Captain Mode,1.0,8,23,1,20.0,2026-10-02 00:15:00+00:00,Thu 8:15PM
196187634,NFL Showdown Satellite to $20 NFL Fantasy Football Millionaire (PIT @ CLE),154084,Showdown Captain Mode,1.0,9,23,1,20.0,2026-10-02 00:15:00+00:00,Thu 8:15PM
196187633,NFL Showdown Satellite to $20 NFL Fantasy Football Millionaire (PIT @ CLE),154084,Showdown Captain Mode,1.0,8,23,1,20.0,2026-10-02 00:15:00+00:00,Thu 8:15PM
196187632,NFL Showdown Satellite to $20 NFL Fantasy Football Millionaire (PIT @ CLE),154084,Showdown Captain Mode,1.0,9,23,1,20.0,2026-10-02 00:15:00+00:00,Thu 8:15PM
196187631,NFL Showdown Satellite to $20 NFL Fantasy Football Millionaire (PIT @ CLE),154084,Showdown Captain Mode,1.0,8,23,1,20.0,2026-10-02 00:15:00+00:00,Thu 8:15PM
196187630,NFL Showdown Satellite to $20 NFL Fantasy Football Millionaire (PIT @ CLE),154084,Showdown Captain Mode,1.0,7,23,1,20.0,2026-10-02 00:15:00+00:00,Thu 8:15PM
196187629,NFL Showdown Satellite to $20 NFL Fantasy Football Millionaire (PIT @ CLE),154084,Showdown Captain Mode,1.0,7,23,1,20.0,2026-10-02 00:15:00+00:00,Thu 8:15PM
196187628,NFL Showdown Satellite to $20 NFL Fantasy Football Millionaire (PIT @ CLE),154084,Showdown Captain Mode,1.0,7,23,1,20.0,2026-10-02 00:15:00+00:00,Thu 8:15PM
196187627,NFL Showdown Satellite to $20 NFL Fantasy Football Millionaire (PIT @ CLE),154084,Showdown Captain Mode,1.0,6,23,1,20.0,2026-10-02 00:15:00+00:00,Thu 8:15PM
196187626,NFL Showdown Satellite to $20 NFL Fantasy Football Millionaire (PIT @ CLE),154084,Showdown Captain Mode,1.0,7,23,1,20.0,2026-10-02 00:15:00+00:00,Thu 8:15PM
196187625,NFL Showdown Satellite to $20 NFL Fantasy Football Millionaire (PIT @ CLE),154084,Showdown Captain Mode,1.0,6,23,1,20.0,2026-10-02 00:15:00+00:00,Thu 8:15PM
196187624,NFL Showdown Satellite to $20 NFL Fantasy Football Millionaire (PIT @ CLE),154084,Showdown Captain Mode,1.0,7,23,1,20.0,2026-10-02 00:15:00+00:00,Thu 8:15PM
196187623,NFL Showdown Satellite to $20 NFL Fantasy Football Millionaire (PIT @ CLE),154084,Showdown Captain Mode,1.0,8,23,1,20.0,2026-10-02 00:15:00+00:00,Thu 8:15PM
196187622,NFL Showdown Satellite to $20 NFL Fantasy Football Millionaire (PIT @ CLE),154084,Showdown Captain Mode,1.0,7,23,1,20.0,2026-10-02 00:15:00+00:00,Thu 8:15PM
196187621,NFL Showdown Satellite to $20 NFL Fantasy Football Millionaire (PIT @ CLE),154084,Showdown Captain Mode,1.0,8,23,1,20.0,2026-10-02 00:15:00+00:00,Thu 8:15PM
196187620,NFL Showdown Satellite to $20 NFL Fantasy Football Millionaire (PIT @ CLE),154084,Showdown Captain Mode,1.0,8,23,1,20.0,2026-10-02 00:15:00+00:00,Thu 8:15PM
196187619,NFL Showdown Satellite to $20 NFL Fantasy Football Millionaire (PIT @ CLE),154084,Showdown Captain Mode,1.0,9,23,1,20.0,2026-10-02 00:15:00+00:00,Thu 8:15PM
196187658,NFL Showdown Satellite to $20 NFL Fantasy Football Millionaire (PIT @ CLE),154084,Showdown Captain Mode,0.25,28,95,2,20.0,2026-10-02 00:15:00+00:00,Thu 8:15PM
196187657,NFL Showdown Satellite to $20 NFL Fantasy Football Millionaire (PIT @ CLE),154084,Showdown Captain Mode,0.25,28,95,2,20.0,2026-10-02 00:15:00+00:00,Thu 8:15PM
196187656,NFL Showdown Satellite to $20 NFL Fantasy Football Millionaire (PIT @ CLE),154084,Showdown Captain Mode,0.25,27,95,2,20.0,2026-10-02 00:15:00+00:00,Thu 8:15PM
196187655,NFL Showdown Satellite to $20 NFL Fantasy Football Millionaire (PIT @ CLE),154084,Showdown Captain Mode,0.25,24,95,2,20.0,2026-10-02 00:15:00+00:00,Thu 8:15PM
196187654,NFL Showdown Satellite to $20 NFL Fantasy Football Millionaire (PIT @ CLE),154084,Showdown Captain Mode,0.25,23,95,2,20.0,2026-10-02 00:15:00+00:00,Thu 8:15PM
196187653,NFL Showdown Satellite to $20 NFL Fantasy Football Millionaire (PIT @ CLE),154084,Showdown Captain Mode,0.25,23,95,2,20.0,2026-10-02 00:15:00+00:00,Thu 8:15PM
196187652,NFL Showdown Satellite to $20 NFL Fantasy Football Millionaire (PIT @ CLE),154084,Showdown Captain Mode,0.25,24,95,2,20.0,2026-10-02 00:15:00+00:00,Thu 8:15PM
196187651,NFL Showdown Satellite to $20 NFL Fantasy Football Millionaire (PIT @ CLE),154084,Showdown Captain Mode,0.25,21,95,2,20.0,2026-10-02 00:15:00+00:00,Thu 8:15PM
196187650,NFL Showdown Satellite to $20 NFL Fantasy Football Millionaire (PIT @ CLE),154084,Showdown Captain Mode,0.25,23,95,2,20.0,2026-10-02 00:15:00+00:00,Thu 8:15PM
196187649,NFL Showdown Satellite to $20 NFL Fantasy Football Millionaire (PIT @ CLE),154084,Showdown Captain Mode,0.25,19,95,2,20.0,2026-10-02 00:15:00+00:00,Thu 8:15PM
196187648,NFL Showdown Satellite to $20 NFL Fantasy Football Millionaire (PIT @ CLE),154084,Showdown Captain Mode,0.25,18,95,2,20.0,2026-10-02 00:15:00+00:00,Thu 8:15PM
196187647,NFL Showdown Satellite to $20 NFL Fantasy Football Millionaire (PIT @ CLE),154084,Showdown Captain Mode,0.25,17,95,2,20.0,2026-10-02 00:15:00+00:00,Thu 8:15PM
196187646,NFL Showdown Satellite to $20 NFL Fantasy Football Millionaire (PIT @ CLE),154084,Showdown Captain Mode,0.25,19,95,2,20.0,2026-10-02 00:15:00+00:00,Thu 8:15PM
196187645,NFL Showdown Satellite to $20 NFL Fantasy Football Millionaire (PIT @ CLE),154084,Showdown Captain Mode,0.25,21,95,2,20.0,2026-10-02 00:15:00+00:00,Thu 8:15PM
196187644,NFL Showdown Satellite to $20 NFL Fantasy Football Millionaire (PIT @ CLE),154084,Showdown Captain Mode,0.25,21,95,2,20.0,2026-10-02 00:15:00+00:00,Thu 8:15PM
196187643,NFL Showdown Satellite to $20 NFL Fantasy Football Millionaire (PIT @ CLE),154084,Showdown Captain Mode,0.25,20,95,2,20.0,2026-10-02 00:15:00+00:00,Thu 8:15PM
196187642,NFL Showdown Satellite to $20 NFL Fantasy Football Millionaire (PIT @ CLE),154084,Showdown Captain Mode,0.25,19,95,2,20.0,2026-10-02 00:15:00+00:00,Thu 8:15PM
196187641,NFL Showdown Satellite to $20 NFL Fantasy Football Millionaire (PIT @ CLE),154084,Showdown Captain Mode,0.25,23,95,2,20.0,2026-10-02 00:15:00+00:00,Thu 8:15PM
196187640,NFL Showdown Satellite to $20 NFL Fantasy Football Millionaire (PIT @ CLE),154084,Showdown Captain Mode,0.25,22,95,2,20.0,2026-10-02 00:15:00+00:00,Thu 8:15PM
196187639,NFL Showdown Satellite to $20 NFL Fantasy Football Millionaire (PIT @ CLE),154084,Showdown Captain Mode,0.25,21,95,2,20.0,2026-10-02 00:15:00+00:00,Thu 8:15PM
196187680,NFL Showdown Satellite to $20 NFL Fantasy Football Millionaire (PIT @ CLE),154084,Showdown Captain Mode,0.1,169,237,7,20.0,2026-10-02 00:15:00+00:00,Thu 8:15PM
196187679,NFL Showdown Satellite to $20 NFL Fantasy Football Millionaire (PIT @ CLE),154084,Showdown Captain Mode,0.1,145,237,7,20.0,2026-10-02 00:15:00+00:00,Thu 8:15PM
196187678,NFL Showdown Satellite to $20 NFL Fantasy Football Millionaire (PIT @ CLE),154084,Showdown Captain Mode,0.1,125,237,7,20.0,2026-10-02 00:15:00+00:00,Thu 8:15PM
196187677,NFL Showdown Satellite to $20 NFL Fantasy Football Millionaire (PIT @ CLE),154084,Showdown Captain Mode,0.1,102,237,7,20.0,2026-10-02 00:15:00+00:00,Thu 8:15PM
196187676,NFL Showdown Satellite to $20 NFL Fantasy Football Millionaire (PIT @ CLE),154084,Showdown Captain Mode,0.1,100,237,7,20.0,2026-10-02 00:15:00+00:00,Thu 8:15PM
196187675,NFL Showdown Satellite to $20 NFL Fantasy Football Millionaire (PIT @ CLE),154084,Showdown Captain Mode,0.1,103,237,7,20.0,2026-10-02 00:15:00+00:00,Thu 8:15PM
196187674,NFL Showdown Satellite to $20 NFL Fantasy Football Millionaire (PIT @ CLE),154084,Showdown Captain Mode,0.1,100,237,7,20.0,2026-10-02 00:15:00+00:00,Thu 8:15PM
196187673,NFL Showdown Satellite to $20 NFL Fantasy Football Millionaire (PIT @ CLE),154084,Showdown Captain Mode,0.1,97,237,7,20.0,2026-10-02 00:15:00+00:00,Thu 8:15PM
196187672,NFL Showdown Satellite to $20 NFL Fantasy Football Millionaire (PIT @ CLE),154084,Showdown Captain Mode,0.1,96,237,7,20.0,2026-10-02 00:15:00+00:00,Thu 8:15PM
196187671,NFL Showdown Satellite to $20 NFL Fantasy Football Millionaire (PIT @ CLE),154084,Showdown Captain Mode,0.1,102,237,7,20.0,2026-10-02 00:15:00+00:00,Thu 8:15PM
196187670,NFL Showdown Satellite to $20 NFL Fantasy Football Millionaire (PIT @ CLE),154084,Showdown Captain Mode,0.1,92,237,7,20.0,2026-10-02 00:15:00+00:00,Thu 8:15PM
196187669,NFL Showdown Satellite to $20 NFL Fantasy Football Millionaire (PIT @ CLE),154084,Showdown Captain Mode,0.1,106,237,7,20.0,2026-10-02 00:15:00+00:00,Thu 8:15PM
196187668,NFL Showdown Satellite to $20 NFL Fantasy Football Millionaire (PIT @ CLE),154084,Showdown Captain Mode,0.1,90,237,7,20.0,2026-10-02 00:15:00+00:00,Thu 8:15PM
196187667,NFL Showdown Satellite to $20 NFL Fantasy Football Millionaire (PIT @ CLE),154084,Showdown Captain Mode,0.1,97,237,7,20.0,2026-10-02 00:15:00+00:00,Thu 8:15PM
196187666,NFL Showdown Satellite to $20 NFL Fantasy Football Millionaire (PIT @ CLE),154084,Showdown Captain Mode,0.1,89,237,7,20.0,2026-10-02 00:15:00+00:00,Thu 8:15PM
196187665,NFL Showdown Satellite to $20 NFL Fantasy Football Millionaire (PIT @ CLE),154084,Showdown Captain Mode,0.1,97,237,7,20.0,2026-10-02 00:15:00+00:00,Thu 8:15PM
196187664,NFL Showdown Satellite to $20 NFL Fantasy Football Millionaire (PIT @ CLE),154084,Showdown Captain Mode,0.1,92,237,7,20.0,2026-10-02 00:15:00+00:00,Thu 8:15PM
196187663,NFL Showdown Satellite to $20 NFL Fantasy Football Millionaire (PIT @ CLE),154084,Showdown Captain Mode,0.1,99,237,7,20.0,2026-10-02 00:15:00+00:00,Thu 8:15PM
196187662,NFL Showdown Satellite to $20 NFL Fantasy Football Millionaire (PIT @ CLE),154084,Showdown Captain Mode,0.1,90,237,7,20.0,2026-10-02 00:15:00+00:00,Thu 8:15PM
196187661,NFL Showdown Satellite to $20 NFL Fantasy Football Millionaire (PIT @ CLE),154084,Showdown Captain Mode,0.1,99,237,7,20.0,2026-10-02 00:15:00+00:00,Thu 8:15PM
196187660,NFL Showdown Satellite to $20 NFL Fantasy Football Millionaire (PIT @ CLE),154084,Showdown Captain Mode,0.1,95,237,7,20.0,2026-10-02 00:15:00+00:00,Thu 8:15PM
196187659,NFL Showdown Satellite to $20 NFL Fantasy Football Millionaire (PIT @ CLE),154084,Showdown Captain Mode,0.1,95,237,7,20.0,2026-10-02 00:15:00+00:00,Thu 8:15PM
196187706,NFL Showdown $33 2026 FFWC Qualifier Satellite (PIT @ CLE),154084,Showdown Captain Mode,3.0,3,13,1,33.0,2026-10-02 00:15:00+00:00,Thu 8:15PM
196187705,NFL Showdown $33 2026 FFWC Qualifier Satellite (PIT @ CLE),154084,Showdown Captain Mode,1.0,2,39,1,33.0,2026-10-02 00:15:00+00:00,Thu 8:15PM
196187704,NFL Showdown $18 2026 FFWC Qualifier Satellite (PIT @ CLE),154084,Showdown Captain Mode,3.0,1,7,1,18.0,2026-10-02 00:15:00+00:00,Thu 8:15PM
196187703,NFL Showdown $18 2026 FFWC Qualifier Satellite (PIT @ CLE),154084,Showdown Captain Mode,3.0,1,7,1,18.0,2026-10-02 00:15:00+00:00,Thu 8:15PM
196187702,NFL Showdown $18 2026 FFWC Qualifier Satellite (PIT @ CLE),154084,Showdown Captain Mode,1.0,2,21,1,18.0,2026-10-02 00:15:00+00:00,Thu 8:15PM
196187701,NFL Showdown $18 2026 FFWC Qualifier Satellite (PIT @ CLE),154084,Showdown Captain Mode,0.25,13,85,2,18.0,2026-10-02 00:15:00+00:00,Thu 8:15PM
196187700,NFL Showdown $5 2026 FFWC Qualifier Satellite (PIT @ CLE),154084,Showdown Captain Mode,1.0,1,7,1,6.0,2026-10-02 00:15:00+00:00,Thu 8:15PM
196187699,NFL Showdown $5 2026 FFWC Qualifier Satellite (PIT @ CLE),154084,Showdown Captain Mode,1.0,1,7,1,6.0,2026-10-02 00:15:00+00:00,Thu 8:15PM
196187698,NFL Showdown $5 2026 FFWC Qualifier Satellite (PIT @ CLE),154084,Showdown Captain Mode,1.0,1,7,1,6.0,2026-10-02 00:15:00+00:00,Thu 8:15PM
196187697,NFL Showdown $5 2026 FFWC Qualifier Satellite (PIT @ CLE),154084,Showdown Captain Mode,1.0,1,7,1,6.0,2026-10-02 00:15:00+00:00,Thu 8:15PM
196187696,NFL Showdown $5 2026 FFWC Qualifier Satellite (PIT @ CLE),154084,Showdown Captain Mode,0.5,6,14,1,6.0,2026-10-02 00:15:00+00:00,Thu 8:15PM
196187695,NFL Showdown $5 2026 FFWC Qualifier Satellite (PIT @ CLE),154084,Showdown Captain Mode,0.5,5,14,1,6.0,2026-10-02 00:15:00+00:00,Thu 8:15PM
196187694,NFL Showdown $5 2026 FFWC Qualifier Satellite (PIT @ CLE),154084,Showdown Captain Mode,0.5,5,14,1,6.0,2026-10-02 00:15:00+00:00,Thu 8:15PM
196187693,NFL Showdown $5 2026 FFWC Qualifier Satellite (PIT @ CLE),154084,Showdown Captain Mode,0.5,4,14,1,6.0,2026-10-02 00:15:00+00:00,Thu 8:15PM
196187692,NFL Showdown $5 2026 FFWC Qualifier Satellite (PIT @ CLE),154084,Showdown Captain Mode,0.1,19,71,2,6.0,2026-10-02 00:15:00+00:00,Thu 8:15PM
196187691,NFL Showdown $5 2026 FFWC Qualifier Satellite (PIT @ CLE),154084,Showdown Captain Mode,0.1,25,71,2,6.0,2026-10-02 00:15:00+00:00,Thu 8:15PM
196187690,NFL Showdown $5 2026 FFWC Qualifier Satellite (PIT @ CLE),154084,Showdown Captain Mode,0.1,22,71,2,6.0,2026-10-02 00:15:00+00:00,Thu 8:15PM
196187770,NFL Showdown Satellite to UFC 333 $25 Special (10-24) [2x] (PIT @ CLE),154084,Showdown Captain Mode,3.0,3,19,1,50.0,2026-10-02 00:15:00+00:00,Thu 8:15PM
196187766,NFL Showdown Satellite to UFC 333 $25 Special (10-24) (PIT @ CLE),154084,Showdown Captain Mode,0.25,20,118,3,25.0,2026-10-02 00:15:00+00:00,Thu 8:15PM
196187765,NFL Showdown Satellite to UFC 333 $25 Special (10-24) (PIT @ CLE),154084,Showdown Captain Mode,0.25,21,118,3,25.0,2026-10-02 00:15:00+00:00,Thu 8:15PM
196187768,NFL Showdown Satellite to UFC 333 $25 Special (10-24) (PIT @ CLE),154084,Showdown Captain Mode,0.5,6,59,1,25.0,2026-10-02 00:15:00+00:00,Thu 8:15PM
196187767,NFL Showdown Satellite to UFC 333 $25 Special (10-24) (PIT @ CLE),154084,Showdown Captain Mode,0.5,7,59,1,25.0,2026-10-02 00:15:00+00:00,Thu 8:15PM
196187769,NFL Showdown Satellite to UFC 333 $25 Special (10-24) (PIT @ CLE),154084,Showdown Captain Mode,1.0,6,29,1,25.0,2026-10-02 00:15:00+00:00,Thu 8:15PM
196187756,NFL Showdown SUPERSatellite to NBA 10-20 $20 Opening Tip Off [2x] (PIT @ CLE),154084,Showdown Captain Mode,0.1,101,475,14,40.0,2026-10-02 00:15:00+00:00,Thu 8:15PM
196187754,NFL Showdown Satellite to NBA 10-20 $20 Opening Tip Off (PIT @ CLE),154084,Showdown Captain Mode,2.0,3,11,1,20.0,2026-10-02 00:15:00+00:00,Thu 8:15PM
196187753,NFL Showdown Satellite to NBA 10-20 $20 Opening Tip Off (PIT @ CLE),154084,Showdown Captain Mode,2.0,3,11,1,20.0,2026-10-02 00:15:00+00:00,Thu 8:15PM
196187751,NFL Showdown Satellite to NBA 10-20 $20 Opening Tip Off (PIT @ CLE),154084,Showdown Captain Mode,1.0,7,23,1,20.0,2026-10-02 00:15:00+00:00,Thu 8:15PM
196187750,NFL Showdown Satellite to NBA 10-20 $20 Opening Tip Off (PIT @ CLE),154084,Showdown Captain Mode,1.0,6,23,1,20.0,2026-10-02 00:15:00+00:00,Thu 8:15PM
196187749,NFL Showdown Satellite to NBA 10-20 $20 Opening Tip Off (PIT @ CLE),154084,Showdown Captain Mode,0.25,19,95,2,20.0,2026-10-02 00:15:00+00:00,Thu 8:15PM
196187748,NFL Showdown Satellite to NBA 10-20 $20 Opening Tip Off (PIT @ CLE),154084,Showdown Captain Mode,0.25,18,95,2,20.0,2026-10-02 00:15:00+00:00,Thu 8:15PM
196187747,NFL Showdown Satellite to NBA 10-20 $20 Opening Tip Off (PIT @ CLE),154084,Showdown Captain Mode,0.1,55,237,7,20.0,2026-10-02 00:15:00+00:00,Thu 8:15PM
196187746,NFL Showdown Satellite to NBA 10-20 $20 Opening Tip Off (PIT @ CLE),154084,Showdown Captain Mode,0.1,46,237,7,20.0,2026-10-02 00:15:00+00:00,Thu 8:15PM
196187764,NFL Showdown Satellite to UFC 332 $25 Special (10-3) (PIT @ CLE),154084,Showdown Captain Mode,1.0,4,29,1,25.0,2026-10-02 00:15:00+00:00,Thu 8:15PM
196187763,NFL Showdown Satellite to UFC 332 $25 Special (10-3) (PIT @ CLE),154084,Showdown Captain Mode,1.0,6,29,1,25.0,2026-10-02 00:15:00+00:00,Thu 8:15PM
196187762,NFL Showdown Satellite to UFC 332 $25 Special (10-3) (PIT @ CLE),154084,Showdown Captain Mode,0.5,6,59,1,25.0,2026-10-02 00:15:00+00:00,Thu 8:15PM
196187761,NFL Showdown Satellite to UFC 332 $25 Special (10-3) (PIT @ CLE),154084,Showdown Captain Mode,0.5,6,59,1,25.0,2026-10-02 00:15:00+00:00,Thu 8:15PM
196187760,NFL Showdown Satellite to UFC 332 $25 Special (10-3) (PIT @ CLE),154084,Showdown Captain Mode,0.25,21,118,3,25.0,2026-10-02 00:15:00+00:00,Thu 8:15PM
196187759,NFL Showdown Satellite to UFC 332 $25 Special (10-3) (PIT @ CLE),154084,Showdown Captain Mode,0.25,21,118,3,25.0,2026-10-02 00:15:00+00:00,Thu 8:15PM
196187554,NFL Showdown $100 Contest (PIT @ CLE),154084,Showdown Captain Mode,100.0,0,11,1,1000.0,2026-10-02 00:15:00+00:00,Thu 8:15PM
196187535,NFL Showdown $50 Contest (PIT @ CLE),154084,Showdown Captain Mode,50.0,0,11,1,500.0,2026-10-02 00:15:00+00:00,Thu 8:15PM
196187536,NFL Showdown $27 Contest (PIT @ CLE),154084,Showdown Captain Mode,27.0,2,21,1,500.0,2026-10-02 00:15:00+00:00,Thu 8:15PM
196187537,NFL Showdown $9 Contest (PIT @ CLE),154084,Showdown Captain Mode,9.0,4,39,1,300.0,2026-10-02 00:15:00+00:00,Thu 8:15PM
196187538,NFL Showdown $5 Contest (PIT @ CLE),154084,Showdown Captain Mode,5.0,5,47,1,200.0,2026-10-02 00:15:00+00:00,Thu 8:15PM
196187540,NFL Showdown $3 Contest (PIT @ CLE),154084,Showdown Captain Mode,3.0,35,118,3,300.0,2026-10-02 00:15:00+00:00,Thu 8:15PM
196187539,NFL Showdown $3 Contest (PIT @ CLE),154084,Showdown Captain Mode,3.0,24,118,3,300.0,2026-10-02 00:15:00+00:00,Thu 8:15PM
196187561,NFL Showdown $1 Contest (PIT @ CLE),154084,Showdown Captain Mode,1.0,37,118,3,100.0,2026-10-02 00:15:00+00:00,Thu 8:15PM
196187560,NFL Showdown $1 Contest (PIT @ CLE),154084,Showdown Captain Mode,1.0,39,118,3,100.0,2026-10-02 00:15:00+00:00,Thu 8:15PM
196187543,NFL Showdown $1 Contest (PIT @ CLE),154084,Showdown Captain Mode,1.0,26,118,3,100.0,2026-10-02 00:15:00+00:00,Thu 8:15PM
196187542,NFL Showdown $1 Contest (PIT @ CLE),154084,Showdown Captain Mode,1.0,27,118,3,100.0,2026-10-02 00:15:00+00:00,Thu 8:15PM
196187541,NFL Showdown $1 Contest (PIT @ CLE),154084,Showdown Captain Mode,1.0,27,118,3,100.0,2026-10-02 00:15:00+00:00,Thu 8:15PM
196187559,NFL Showdown $0.25 Contest (PIT @ CLE),154084,Showdown Captain Mode,0.25,102,237,7,50.0,2026-10-02 00:15:00+00:00,Thu 8:15PM
196187558,NFL Showdown $0.25 Contest (PIT @ CLE),154084,Showdown Captain Mode,0.25,71,237,7,50.0,2026-10-02 00:15:00+00:00,Thu 8:15PM
196187557,NFL Showdown $0.25 Contest (PIT @ CLE),154084,Showdown Captain Mode,0.25,68,237,7,50.0,2026-10-02 00:15:00+00:00,Thu 8:15PM
196187556,NFL Showdown $0.25 Contest (PIT @ CLE),154084,Showdown Captain Mode,0.25,62,237,7,50.0,2026-10-02 00:15:00+00:00,Thu 8:15PM
196187555,NFL Showdown $0.25 Contest (PIT @ CLE),154084,Showdown Captain Mode,0.25,57,237,7,50.0,2026-10-02 00:15:00+00:00,Thu 8:15PM
196187553,NFL Showdown $0.25 Contest (PIT @ CLE),154084,Showdown Captain Mode,0.25,56,237,7,50.0,2026-10-02 00:15:00+00:00,Thu 8:15PM
196187552,NFL Showdown $0.25 Contest (PIT @ CLE),154084,Showdown Captain Mode,0.25,54,237,7,50.0,2026-10-02 00:15:00+00:00,Thu 8:15PM
196187551,NFL Showdown $0.25 Contest (PIT @ CLE),154084,Showdown Captain Mode,0.25,63,237,7,50.0,2026-10-02 00:15:00+00:00,Thu 8:15PM
196187550,NFL Showdown $0.25 Contest (PIT @ CLE),154084,Showdown Captain Mode,0.25,52,237,7,50.0,2026-10-02 00:15:00+00:00,Thu 8:15PM
196187549,NFL Showdown $0.25 Contest (PIT @ CLE),154084,Showdown Captain Mode,0.25,52,237,7,50.0,2026-10-02 00:15:00+00:00,Thu 8:15PM
196187548,NFL Showdown $0.25 Contest (PIT @ CLE),154084,Showdown Captain Mode,0.25,51,237,7,50.0,2026-10-02 00:15:00+00:00,Thu 8:15PM
196187547,NFL Showdown $0.25 Contest (PIT @ CLE),154084,Showdown Captain Mode,0.25,52,237,7,50.0,2026-10-02 00:15:00+00:00,Thu 8:15PM
196187546,NFL Showdown $0.25 Contest (PIT @ CLE),154084,Showdown Captain Mode,0.25,57,237,7,50.0,2026-10-02 00:15:00+00:00,Thu 8:15PM
196187545,NFL Showdown $0.25 Contest (PIT @ CLE),154084,Showdown Captain Mode,0.25,50,237,7,50.0,2026-10-02 00:15:00+00:00,Thu 8:15PM
196187544,NFL Showdown $0.25 Contest (PIT @ CLE),154084,Showdown Captain Mode,0.25,52,237,7,50.0,2026-10-02 00:15:00+00:00,Thu 8:15PM
196187534,NFL Showdown $267 Winner Take All [$1K to 1st] (PIT @ CLE),154084,Showdown Captain Mode,267.0,1,4,1,1000.0,2026-10-02 00:15:00+00:00,Thu 8:15PM
196187533,NFL Showdown $267 Winner Take All [$1K to 1st] (PIT @ CLE),154084,Showdown Captain Mode,267.0,1,4,1,1000.0,2026-10-02 00:15:00+00:00,Thu 8:15PM
196187532,NFL Showdown $267 Winner Take All [$1K to 1st] (PIT @ CLE),154084,Showdown Captain Mode,267.0,1,4,1,1000.0,2026-10-02 00:15:00+00:00,Thu 8:15PM
196187531,NFL Showdown $267 Winner Take All [$1K to 1st] (PIT @ CLE),154084,Showdown Captain Mode,267.0,1,4,1,1000.0,2026-10-02 00:15:00+00:00,Thu 8:15PM
196187530,NFL Showdown $267 Winner Take All [$1K to 1st] (PIT @ CLE),154084,Showdown Captain Mode,267.0,1,4,1,1000.0,2026-10-02 00:15:00+00:00,Thu 8:15PM
196187529,NFL Showdown $267 Winner Take All [$1K to 1st] (PIT @ CLE),154084,Showdown Captain Mode,267.0,1,4,1,1000.0,2026-10-02 00:15:00+00:00,Thu 8:15PM
196187528,NFL Showdown $267 Winner Take All [$1K to 1st] (PIT @ CLE),154084,Showdown Captain Mode,267.0,1,4,1,1000.0,2026-10-02 00:15:00+00:00,Thu 8:15PM
196187527,NFL Showdown $267 Winner Take All [$1K to 1st] (PIT @ CLE),154084,Showdown Captain Mode,267.0,1,4,1,1000.0,2026-10-02 00:15:00+00:00,Thu 8:15PM
196187526,NFL Showdown $267 Winner Take All [$1K to 1st] (PIT @ CLE),154084,Showdown Captain Mode,267.0,1,4,1,1000.0,2026-10-02 00:15:00+00:00,Thu 8:15PM
196187525,NFL Showdown $267 Winner Take All [$1K to 1st] (PIT @ CLE),154084,Showdown Captain Mode,267.0,1,4,1,1000.0,2026-10-02 00:15:00+00:00,Thu 8:15PM
196187494,NFL Showdown $100 Winner Take All [$1K to 1st] (PIT @ CLE),154084,Showdown Captain Mode,100.0,2,11,1,1000.0,2026-10-02 00:15:00+00:00,Thu 8:15PM
196187480,NFL Showdown $85 Winner Take All [$300 to 1st] (PIT @ CLE),154084,Showdown Captain Mode,85.0,1,4,1,300.0,2026-10-02 00:15:00+00:00,Thu 8:15PM
196187479,NFL Showdown $85 Winner Take All [$300 to 1st] (PIT @ CLE),154084,Showdown Captain Mode,85.0,1,4,1,300.0,2026-10-02 00:15:00+00:00,Thu 8:15PM
196187478,NFL Showdown $85 Winner Take All [$300 to 1st] (PIT @ CLE),154084,Showdown Captain Mode,85.0,1,4,1,300.0,2026-10-02 00:15:00+00:00,Thu 8:15PM
196187477,NFL Showdown $85 Winner Take All [$300 to 1st] (PIT @ CLE),154084,Showdown Captain Mode,85.0,1,4,1,300.0,2026-10-02 00:15:00+00:00,Thu 8:15PM
196187476,NFL Showdown $85 Winner Take All [$300 to 1st] (PIT @ CLE),154084,Showdown Captain Mode,85.0,1,4,1,300.0,2026-10-02 00:15:00+00:00,Thu 8:15PM
196187475,NFL Showdown $85 Winner Take All [$300 to 1st] (PIT @ CLE),154084,Showdown Captain Mode,85.0,1,4,1,300.0,2026-10-02 00:15:00+00:00,Thu 8:15PM
196187474,NFL Showdown $85 Winner Take All [$300 to 1st] (PIT @ CLE),154084,Showdown Captain Mode,85.0,1,4,1,300.0,2026-10-02 00:15:00+00:00,Thu 8:15PM
196187495,NFL Showdown $50 Winner Take All [$500 to 1st] (PIT @ CLE),154084,Showdown Captain Mode,50.0,5,11,1,500.0,2026-10-02 00:15:00+00:00,Thu 8:15PM
196187524,NFL Showdown $27 Winner Take All [$500 to 1st] (PIT @ CLE),154084,Showdown Captain Mode,27.0,2,21,1,500.0,2026-10-02 00:15:00+00:00,Thu 8:15PM
196187496,NFL Showdown $9 Winner Take All [$500 to 1st] (PIT @ CLE),154084,Showdown Captain Mode,9.0,5,65,1,500.0,2026-10-02 00:15:00+00:00,Thu 8:15PM
196187503,NFL Showdown $5 Winner Take All [$100 to 1st] (PIT @ CLE),154084,Showdown Captain Mode,5.0,4,23,1,100.0,2026-10-02 00:15:00+00:00,Thu 8:15PM
196187502,NFL Showdown $5 Winner Take All [$100 to 1st] (PIT @ CLE),154084,Showdown Captain Mode,5.0,4,23,1,100.0,2026-10-02 00:15:00+00:00,Thu 8:15PM
196187501,NFL Showdown $5 Winner Take All [$100 to 1st] (PIT @ CLE),154084,Showdown Captain Mode,5.0,3,23,1,100.0,2026-10-02 00:15:00+00:00,Thu 8:15PM
196187500,NFL Showdown $5 Winner Take All [$100 to 1st] (PIT @ CLE),154084,Showdown Captain Mode,5.0,3,23,1,100.0,2026-10-02 00:15:00+00:00,Thu 8:15PM
196187499,NFL Showdown $5 Winner Take All [$100 to 1st] (PIT @ CLE),154084,Showdown Captain Mode,5.0,4,23,1,100.0,2026-10-02 00:15:00+00:00,Thu 8:15PM
196187498,NFL Showdown $5 Winner Take All [$100 to 1st] (PIT @ CLE),154084,Showdown Captain Mode,5.0,4,23,1,100.0,2026-10-02 00:15:00+00:00,Thu 8:15PM
196187497,NFL Showdown $5 Winner Take All [$100 to 1st] (PIT @ CLE),154084,Showdown Captain Mode,5.0,4,23,1,100.0,2026-10-02 00:15:00+00:00,Thu 8:15PM
196187507,NFL Showdown $3 Winner Take All [$100 to 1st] (PIT @ CLE),154084,Showdown Captain Mode,3.0,5,39,1,100.0,2026-10-02 00:15:00+00:00,Thu 8:15PM
196187506,NFL Showdown $3 Winner Take All [$100 to 1st] (PIT @ CLE),154084,Showdown Captain Mode,3.0,3,39,1,100.0,2026-10-02 00:15:00+00:00,Thu 8:15PM
196187505,NFL Showdown $3 Winner Take All [$100 to 1st] (PIT @ CLE),154084,Showdown Captain Mode,3.0,4,39,1,100.0,2026-10-02 00:15:00+00:00,Thu 8:15PM
196187504,NFL Showdown $3 Winner Take All [$100 to 1st] (PIT @ CLE),154084,Showdown Captain Mode,3.0,6,39,1,100.0,2026-10-02 00:15:00+00:00,Thu 8:15PM
196187493,NFL Showdown $1 Winner Take All [$100 to 1st] (PIT @ CLE),154084,Showdown Captain Mode,1.0,36,118,3,100.0,2026-10-02 00:15:00+00:00,Thu 8:15PM
196187492,NFL Showdown $1 Winner Take All [$100 to 1st] (PIT @ CLE),154084,Showdown Captain Mode,1.0,38,118,3,100.0,2026-10-02 00:15:00+00:00,Thu 8:15PM
196187491,NFL Showdown $1 Winner Take All [$100 to 1st] (PIT @ CLE),154084,Showdown Captain Mode,1.0,30,118,3,100.0,2026-10-02 00:15:00+00:00,Thu 8:15PM
196187490,NFL Showdown $1 Winner Take All [$100 to 1st] (PIT @ CLE),154084,Showdown Captain Mode,1.0,28,118,3,100.0,2026-10-02 00:15:00+00:00,Thu 8:15PM
196187489,NFL Showdown $1 Winner Take All [$100 to 1st] (PIT @ CLE),154084,Showdown Captain Mode,1.0,29,118,3,100.0,2026-10-02 00:15:00+00:00,Thu 8:15PM
196187488,NFL Showdown $1 Winner Take All [$100 to 1st] (PIT @ CLE),154084,Showdown Captain Mode,1.0,32,118,3,100.0,2026-10-02 00:15:00+00:00,Thu 8:15PM
196187487,NFL Showdown $1 Winner Take All [$100 to 1st] (PIT @ CLE),154084,Showdown Captain Mode,1.0,31,118,3,100.0,2026-10-02 00:15:00+00:00,Thu 8:15PM
196187486,NFL Showdown $1 Winner Take All [$100 to 1st] (PIT @ CLE),154084,Showdown Captain Mode,1.0,28,118,3,100.0,2026-10-02 00:15:00+00:00,Thu 8:15PM
196187485,NFL Showdown $1 Winner Take All [$100 to 1st] (PIT @ CLE),154084,Showdown Captain Mode,1.0,31,118,3,100.0,2026-10-02 00:15:00+00:00,Thu 8:15PM
196187484,NFL Showdown $1 Winner Take All [$100 to 1st] (PIT @ CLE),154084,Showdown Captain Mode,1.0,33,118,3,100.0,2026-10-02 00:15:00+00:00,Thu 8:15PM
196187523,NFL Showdown $0.25 Winner Take All [$100 to 1st] (PIT @ CLE),154084,Showdown Captain Mode,0.25,204,475,10,100.0,2026-10-02 00:15:00+00:00,Thu 8:15PM
196187522,NFL Showdown $0.25 Winner Take All [$100 to 1st] (PIT @ CLE),154084,Showdown Captain Mode,0.25,212,475,10,100.0,2026-10-02 00:15:00+00:00,Thu 8:15PM
196187521,NFL Showdown $0.25 Winner Take All [$100 to 1st] (PIT @ CLE),154084,Showdown Captain Mode,0.25,175,475,10,100.0,2026-10-02 00:15:00+00:00,Thu 8:15PM
196187520,NFL Showdown $0.25 Winner Take All [$100 to 1st] (PIT @ CLE),154084,Showdown Captain Mode,0.25,177,475,10,100.0,2026-10-02 00:15:00+00:00,Thu 8:15PM
196187519,NFL Showdown $0.25 Winner Take All [$100 to 1st] (PIT @ CLE),154084,Showdown Captain Mode,0.25,165,475,10,100.0,2026-10-02 00:15:00+00:00,Thu 8:15PM
196187518,NFL Showdown $0.25 Winner Take All [$100 to 1st] (PIT @ CLE),154084,Showdown Captain Mode,0.25,167,475,10,100.0,2026-10-02 00:15:00+00:00,Thu 8:15PM
196187517,NFL Showdown $0.25 Winner Take All [$100 to 1st] (PIT @ CLE),154084,Showdown Captain Mode,0.25,167,475,10,100.0,2026-10-02 00:15:00+00:00,Thu 8:15PM
196187516,NFL Showdown $0.25 Winner Take All [$100 to 1st] (PIT @ CLE),154084,Showdown Captain Mode,0.25,156,475,10,100.0,2026-10-02 00:15:00+00:00,Thu 8:15PM
196187515,NFL Showdown $0.25 Winner Take All [$100 to 1st] (PIT @ CLE),154084,Showdown Captain Mode,0.25,164,475,10,100.0,2026-10-02 00:15:00+00:00,Thu 8:15PM
196187514,NFL Showdown $0.25 Winner Take All [$100 to 1st] (PIT @ CLE),154084,Showdown Captain Mode,0.25,150,475,10,100.0,2026-10-02 00:15:00+00:00,Thu 8:15PM
196187513,NFL Showdown $0.25 Winner Take All [$100 to 1st] (PIT @ CLE),154084,Showdown Captain Mode,0.25,151,475,10,100.0,2026-10-02 00:15:00+00:00,Thu 8:15PM
196187512,NFL Showdown $0.25 Winner Take All [$100 to 1st] (PIT @ CLE),154084,Showdown Captain Mode,0.25,137,475,10,100.0,2026-10-02 00:15:00+00:00,Thu 8:15PM
196187511,NFL Showdown $0.25 Winner Take All [$100 to 1st] (PIT @ CLE),154084,Showdown Captain Mode,0.25,144,475,10,100.0,2026-10-02 00:15:00+00:00,Thu 8:15PM
196187510,NFL Showdown $0.25 Winner Take All [$100 to 1st] (PIT @ CLE),154084,Showdown Captain Mode,0.25,133,475,10,100.0,2026-10-02 00:15:00+00:00,Thu 8:15PM
196187509,NFL Showdown $0.25 Winner Take All [$100 to 1st] (PIT @ CLE),154084,Showdown Captain Mode,0.25,144,475,10,100.0,2026-10-02 00:15:00+00:00,Thu 8:15PM
196187508,NFL Showdown $0.25 Winner Take All [$100 to 1st] (PIT @ CLE),154084,Showdown Captain Mode,0.25,151,475,10,100.0,2026-10-02 00:15:00+00:00,Thu 8:15PM
196187333,Casual NFL Showdown 10x Booster [Top 3 Win $50] (PIT @ CLE),154084,Showdown Captain Mode,5.0,4,35,1,150.0,2026-10-02 00:15:00+00:00,Thu 8:15PM
196187260,NFL Showdown 10x Booster [Top 3 Win $100] (PIT @ CLE),154084,Showdown Captain Mode,10.0,18,35,1,300.0,2026-10-02 00:15:00+00:00,Thu 8:15PM
196187259,NFL Showdown 10x Booster [Top 3 Win $100] (PIT @ CLE),154084,Showdown Captain Mode,10.0,11,35,1,300.0,2026-10-02 00:15:00+00:00,Thu 8:15PM
196187258,NFL Showdown 10x Booster [Top 3 Win $100] (PIT @ CLE),154084,Showdown Captain Mode,10.0,11,35,1,300.0,2026-10-02 00:15:00+00:00,Thu 8:15PM
196187257,NFL Showdown 10x Booster [Top 3 Win $100] (PIT @ CLE),154084,Showdown Captain Mode,10.0,8,35,1,300.0,2026-10-02 00:15:00+00:00,Thu 8:15PM
196187256,NFL Showdown 10x Booster [Top 3 Win $100] (PIT @ CLE),154084,Showdown Captain Mode,10.0,10,35,1,300.0,2026-10-02 00:15:00+00:00,Thu 8:15PM
196187263,NFL Showdown 10x Booster [Top 5 Win $50] (PIT @ CLE),154084,Showdown Captain Mode,5.0,19,59,1,250.0,2026-10-02 00:15:00+00:00,Thu 8:15PM
196187262,NFL Showdown 10x Booster [Top 5 Win $50] (PIT @ CLE),154084,Showdown Captain Mode,5.0,14,59,1,250.0,2026-10-02 00:15:00+00:00,Thu 8:15PM
196187261,NFL Showdown 10x Booster [Top 5 Win $50] (PIT @ CLE),154084,Showdown Captain Mode,5.0,14,59,1,250.0,2026-10-02 00:15:00+00:00,Thu 8:15PM
196187281,NFL Showdown 10x Booster [Top 5 Win $20] (PIT @ CLE),154084,Showdown Captain Mode,2.0,21,59,1,100.0,2026-10-02 00:15:00+00:00,Thu 8:15PM
196187280,NFL Showdown 10x Booster [Top 5 Win $20] (PIT @ CLE),154084,Showdown Captain Mode,2.0,14,59,1,100.0,2026-10-02 00:15:00+00:00,Thu 8:15PM
196187266,NFL Showdown 10x Booster [Top 5 Win $20] (PIT @ CLE),154084,Showdown Captain Mode,2.0,10,59,1,100.0,2026-10-02 00:15:00+00:00,Thu 8:15PM
196187265,NFL Showdown 10x Booster [Top 5 Win $20] (PIT @ CLE),154084,Showdown Captain Mode,2.0,10,59,1,100.0,2026-10-02 00:15:00+00:00,Thu 8:15PM
196187264,NFL Showdown 10x Booster [Top 5 Win $20] (PIT @ CLE),154084,Showdown Captain Mode,2.0,10,59,1,100.0,2026-10-02 00:15:00+00:00,Thu 8:15PM
196187283,NFL Showdown 10x Booster [Top 3 Win $20] (PIT @ CLE),154084,Showdown Captain Mode,2.0,10,35,1,60.0,2026-10-02 00:15:00+00:00,Thu 8:15PM
196187282,NFL Showdown 10x Booster [Top 3 Win $20] (PIT @ CLE),154084,Showdown Captain Mode,2.0,10,35,1,60.0,2026-10-02 00:15:00+00:00,Thu 8:15PM
196187567,NFL Showdown 40x Micro Booster [Top 5 Win $10] (PIT @ CLE),154084,Showdown Captain Mode,0.25,134,237,7,50.0,2026-10-02 00:15:00+00:00,Thu 8:15PM
196187566,NFL Showdown 40x Micro Booster [Top 5 Win $10] (PIT @ CLE),154084,Showdown Captain Mode,0.25,141,237,7,50.0,2026-10-02 00:15:00+00:00,Thu 8:15PM
196187565,NFL Showdown 40x Micro Booster [Top 5 Win $10] (PIT @ CLE),154084,Showdown Captain Mode,0.25,116,237,7,50.0,2026-10-02 00:15:00+00:00,Thu 8:15PM
196187564,NFL Showdown 40x Micro Booster [Top 5 Win $10] (PIT @ CLE),154084,Showdown Captain Mode,0.25,84,237,7,50.0,2026-10-02 00:15:00+00:00,Thu 8:15PM
196187563,NFL Showdown 40x Micro Booster [Top 5 Win $10] (PIT @ CLE),154084,Showdown Captain Mode,0.25,78,237,7,50.0,2026-10-02 00:15:00+00:00,Thu 8:15PM
196187562,NFL Showdown 40x Micro Booster [Top 5 Win $10] (PIT @ CLE),154084,Showdown Captain Mode,0.25,81,237,7,50.0,2026-10-02 00:15:00+00:00,Thu 8:15PM
196187271,NFL Showdown 40x Micro Booster [Top 5 Win $10] (PIT @ CLE),154084,Showdown Captain Mode,0.25,89,237,7,50.0,2026-10-02 00:15:00+00:00,Thu 8:15PM
196187270,NFL Showdown 40x Micro Booster [Top 5 Win $10] (PIT @ CLE),154084,Showdown Captain Mode,0.25,82,237,7,50.0,2026-10-02 00:15:00+00:00,Thu 8:15PM
196187269,NFL Showdown 40x Micro Booster [Top 5 Win $10] (PIT @ CLE),154084,Showdown Captain Mode,0.25,83,237,7,50.0,2026-10-02 00:15:00+00:00,Thu 8:15PM
196187268,NFL Showdown 40x Micro Booster [Top 5 Win $10] (PIT @ CLE),154084,Showdown Captain Mode,0.25,102,237,7,50.0,2026-10-02 00:15:00+00:00,Thu 8:15PM
196187267,NFL Showdown 40x Micro Booster [Top 5 Win $10] (PIT @ CLE),154084,Showdown Captain Mode,0.25,91,237,7,50.0,2026-10-02 00:15:00+00:00,Thu 8:15PM
196187273,NFL Showdown $25 Quintuple Up [Top 4 Win $125] (PIT @ CLE),154084,Showdown Captain Mode,25.0,5,22,1,500.0,2026-10-02 00:15:00+00:00,Thu 8:15PM
196187272,NFL Showdown $25 Quintuple Up [Top 4 Win $125] (PIT @ CLE),154084,Showdown Captain Mode,25.0,5,22,1,500.0,2026-10-02 00:15:00+00:00,Thu 8:15PM
196187284,NFL Showdown $10 Quintuple Up [Top 5 Win $50] (PIT @ CLE),154084,Showdown Captain Mode,10.0,8,28,1,250.0,2026-10-02 00:15:00+00:00,Thu 8:15PM
196187274,NFL Showdown $10 Quintuple Up [Top 5 Win $50] (PIT @ CLE),154084,Showdown Captain Mode,10.0,6,28,1,250.0,2026-10-02 00:15:00+00:00,Thu 8:15PM
196187291,NFL Showdown $5 Quintuple Up [Top 5 Win $25] (PIT @ CLE),154084,Showdown Captain Mode,5.0,8,28,1,125.0,2026-10-02 00:15:00+00:00,Thu 8:15PM
196187290,NFL Showdown $5 Quintuple Up [Top 5 Win $25] (PIT @ CLE),154084,Showdown Captain Mode,5.0,5,28,1,125.0,2026-10-02 00:15:00+00:00,Thu 8:15PM
196187289,NFL Showdown $5 Quintuple Up [Top 5 Win $25] (PIT @ CLE),154084,Showdown Captain Mode,5.0,5,28,1,125.0,2026-10-02 00:15:00+00:00,Thu 8:15PM
196187288,NFL Showdown $5 Quintuple Up [Top 5 Win $25] (PIT @ CLE),154084,Showdown Captain Mode,5.0,5,28,1,125.0,2026-10-02 00:15:00+00:00,Thu 8:15PM
196187287,NFL Showdown $5 Quintuple Up [Top 5 Win $25] (PIT @ CLE),154084,Showdown Captain Mode,5.0,5,28,1,125.0,2026-10-02 00:15:00+00:00,Thu 8:15PM
196187286,NFL Showdown $5 Quintuple Up [Top 5 Win $25] (PIT @ CLE),154084,Showdown Captain Mode,5.0,5,28,1,125.0,2026-10-02 00:15:00+00:00,Thu 8:15PM
196187285,NFL Showdown $5 Quintuple Up [Top 5 Win $25] (PIT @ CLE),154084,Showdown Captain Mode,5.0,7,28,1,125.0,2026-10-02 00:15:00+00:00,Thu 8:15PM
196187575,NFL Showdown $1 Quintuple Up [Top 5 Win $5] (PIT @ CLE),154084,Showdown Captain Mode,1.0,15,28,1,25.0,2026-10-02 00:15:00+00:00,Thu 8:15PM
196187574,NFL Showdown $1 Quintuple Up [Top 5 Win $5] (PIT @ CLE),154084,Showdown Captain Mode,1.0,7,28,1,25.0,2026-10-02 00:15:00+00:00,Thu 8:15PM
196187573,NFL Showdown $1 Quintuple Up [Top 5 Win $5] (PIT @ CLE),154084,Showdown Captain Mode,1.0,5,28,1,25.0,2026-10-02 00:15:00+00:00,Thu 8:15PM
196187572,NFL Showdown $1 Quintuple Up [Top 5 Win $5] (PIT @ CLE),154084,Showdown Captain Mode,1.0,7,28,1,25.0,2026-10-02 00:15:00+00:00,Thu 8:15PM
196187571,NFL Showdown $1 Quintuple Up [Top 5 Win $5] (PIT @ CLE),154084,Showdown Captain Mode,1.0,7,28,1,25.0,2026-10-02 00:15:00+00:00,Thu 8:15PM
196187570,NFL Showdown $1 Quintuple Up [Top 5 Win $5] (PIT @ CLE),154084,Showdown Captain Mode,1.0,3,28,1,25.0,2026-10-02 00:15:00+00:00,Thu 8:15PM
196187569,NFL Showdown $1 Quintuple Up [Top 5 Win $5] (PIT @ CLE),154084,Showdown Captain Mode,1.0,3,28,1,25.0,2026-10-02 00:15:00+00:00,Thu 8:15PM
196187568,NFL Showdown $1 Quintuple Up [Top 5 Win $5] (PIT @ CLE),154084,Showdown Captain Mode,1.0,4,28,1,25.0,2026-10-02 00:15:00+00:00,Thu 8:15PM
196187301,NFL Showdown $1 Quintuple Up [Top 5 Win $5] (PIT @ CLE),154084,Showdown Captain Mode,1.0,3,28,1,25.0,2026-10-02 00:15:00+00:00,Thu 8:15PM
196187300,NFL Showdown $1 Quintuple Up [Top 5 Win $5] (PIT @ CLE),154084,Showdown Captain Mode,1.0,3,28,1,25.0,2026-10-02 00:15:00+00:00,Thu 8:15PM
196187299,NFL Showdown $1 Quintuple Up [Top 5 Win $5] (PIT @ CLE),154084,Showdown Captain Mode,1.0,2,28,1,25.0,2026-10-02 00:15:00+00:00,Thu 8:15PM
196187298,NFL Showdown $1 Quintuple Up [Top 5 Win $5] (PIT @ CLE),154084,Showdown Captain Mode,1.0,5,28,1,25.0,2026-10-02 00:15:00+00:00,Thu 8:15PM
196187297,NFL Showdown $1 Quintuple Up [Top 5 Win $5] (PIT @ CLE),154084,Showdown Captain Mode,1.0,4,28,1,25.0,2026-10-02 00:15:00+00:00,Thu 8:15PM
196187296,NFL Showdown $1 Quintuple Up [Top 5 Win $5] (PIT @ CLE),154084,Showdown Captain Mode,1.0,5,28,1,25.0,2026-10-02 00:15:00+00:00,Thu 8:15PM
196187295,NFL Showdown $1 Quintuple Up [Top 5 Win $5] (PIT @ CLE),154084,Showdown Captain Mode,1.0,3,28,1,25.0,2026-10-02 00:15:00+00:00,Thu 8:15PM
196187294,NFL Showdown $1 Quintuple Up [Top 5 Win $5] (PIT @ CLE),154084,Showdown Captain Mode,1.0,3,28,1,25.0,2026-10-02 00:15:00+00:00,Thu 8:15PM
196187293,NFL Showdown $1 Quintuple Up [Top 5 Win $5] (PIT @ CLE),154084,Showdown Captain Mode,1.0,2,28,1,25.0,2026-10-02 00:15:00+00:00,Thu 8:15PM
196187292,NFL Showdown $1 Quintuple Up [Top 5 Win $5] (PIT @ CLE),154084,Showdown Captain Mode,1.0,5,28,1,25.0,2026-10-02 00:15:00+00:00,Thu 8:15PM
196187255,NFL Showdown $250 Triple Up [Top 3 Win $750] (PIT @ CLE),154084,Showdown Captain Mode,250.0,2,10,1,2250.0,2026-10-02 00:15:00+00:00,Thu 8:15PM
196187335,NFL Showdown $100 Triple Up [Top 3 Win $300] (PIT @ CLE),154084,Showdown Captain Mode,100.0,3,10,1,900.0,2026-10-02 00:15:00+00:00,Thu 8:15PM
196187334,NFL Showdown $50 Triple Up [Top 5 Win $150] (PIT @ CLE),154084,Showdown Captain Mode,50.0,4,17,1,750.0,2026-10-02 00:15:00+00:00,Thu 8:15PM
196187336,NFL Showdown $25 Triple Up [Top 9 Win $75] (PIT @ CLE),154084,Showdown Captain Mode,25.0,9,31,1,675.0,2026-10-02 00:15:00+00:00,Thu 8:15PM
196187339,NFL Showdown $10 Triple Up [Top 9 Win $30] (PIT @ CLE),154084,Showdown Captain Mode,10.0,10,31,1,270.0,2026-10-02 00:15:00+00:00,Thu 8:15PM
196187338,NFL Showdown $10 Triple Up [Top 9 Win $30] (PIT @ CLE),154084,Showdown Captain Mode,10.0,10,31,1,270.0,2026-10-02 00:15:00+00:00,Thu 8:15PM
196187337,NFL Showdown $10 Triple Up [Top 9 Win $30] (PIT @ CLE),154084,Showdown Captain Mode,10.0,11,31,1,270.0,2026-10-02 00:15:00+00:00,Thu 8:15PM
196187350,NFL Showdown $5 Triple Up [Top 9 Win $15] (PIT @ CLE),154084,Showdown Captain Mode,5.0,10,31,1,135.0,2026-10-02 00:15:00+00:00,Thu 8:15PM
196187349,NFL Showdown $5 Triple Up [Top 9 Win $15] (PIT @ CLE),154084,Showdown Captain Mode,5.0,7,31,1,135.0,2026-10-02 00:15:00+00:00,Thu 8:15PM
196187348,NFL Showdown $5 Triple Up [Top 9 Win $15] (PIT @ CLE),154084,Showdown Captain Mode,5.0,9,31,1,135.0,2026-10-02 00:15:00+00:00,Thu 8:15PM
196187347,NFL Showdown $5 Triple Up [Top 9 Win $15] (PIT @ CLE),154084,Showdown Captain Mode,5.0,9,31,1,135.0,2026-10-02 00:15:00+00:00,Thu 8:15PM
196187346,NFL Showdown $5 Triple Up [Top 9 Win $15] (PIT @ CLE),154084,Showdown Captain Mode,5.0,8,31,1,135.0,2026-10-02 00:15:00+00:00,Thu 8:15PM
196187345,NFL Showdown $5 Triple Up [Top 9 Win $15] (PIT @ CLE),154084,Showdown Captain Mode,5.0,8,31,1,135.0,2026-10-02 00:15:00+00:00,Thu 8:15PM
196187344,NFL Showdown $5 Triple Up [Top 9 Win $15] (PIT @ CLE),154084,Showdown Captain Mode,5.0,8,31,1,135.0,2026-10-02 00:15:00+00:00,Thu 8:15PM
196187343,NFL Showdown $5 Triple Up [Top 9 Win $15] (PIT @ CLE),154084,Showdown Captain Mode,5.0,8,31,1,135.0,2026-10-02 00:15:00+00:00,Thu 8:15PM
196187342,NFL Showdown $5 Triple Up [Top 9 Win $15] (PIT @ CLE),154084,Showdown Captain Mode,5.0,7,31,1,135.0,2026-10-02 00:15:00+00:00,Thu 8:15PM
196187341,NFL Showdown $5 Triple Up [Top 9 Win $15] (PIT @ CLE),154084,Showdown Captain Mode,5.0,8,31,1,135.0,2026-10-02 00:15:00+00:00,Thu 8:15PM
196187340,NFL Showdown $5 Triple Up [Top 9 Win $15] (PIT @ CLE),154084,Showdown Captain Mode,5.0,9,31,1,135.0,2026-10-02 00:15:00+00:00,Thu 8:15PM
196187368,NFL Showdown $1 Triple Up [Top 9 Win $3] (PIT @ CLE),154084,Showdown Captain Mode,1.0,11,31,1,27.0,2026-10-02 00:15:00+00:00,Thu 8:15PM
196187367,NFL Showdown $1 Triple Up [Top 9 Win $3] (PIT @ CLE),154084,Showdown Captain Mode,1.0,8,31,1,27.0,2026-10-02 00:15:00+00:00,Thu 8:15PM
196187366,NFL Showdown $1 Triple Up [Top 9 Win $3] (PIT @ CLE),154084,Showdown Captain Mode,1.0,9,31,1,27.0,2026-10-02 00:15:00+00:00,Thu 8:15PM
196187365,NFL Showdown $1 Triple Up [Top 9 Win $3] (PIT @ CLE),154084,Showdown Captain Mode,1.0,7,31,1,27.0,2026-10-02 00:15:00+00:00,Thu 8:15PM
196187364,NFL Showdown $1 Triple Up [Top 9 Win $3] (PIT @ CLE),154084,Showdown Captain Mode,1.0,9,31,1,27.0,2026-10-02 00:15:00+00:00,Thu 8:15PM
196187363,NFL Showdown $1 Triple Up [Top 9 Win $3] (PIT @ CLE),154084,Showdown Captain Mode,1.0,7,31,1,27.0,2026-10-02 00:15:00+00:00,Thu 8:15PM
196187362,NFL Showdown $1 Triple Up [Top 9 Win $3] (PIT @ CLE),154084,Showdown Captain Mode,1.0,6,31,1,27.0,2026-10-02 00:15:00+00:00,Thu 8:15PM
196187361,NFL Showdown $1 Triple Up [Top 9 Win $3] (PIT @ CLE),154084,Showdown Captain Mode,1.0,6,31,1,27.0,2026-10-02 00:15:00+00:00,Thu 8:15PM
196187360,NFL Showdown $1 Triple Up [Top 9 Win $3] (PIT @ CLE),154084,Showdown Captain Mode,1.0,6,31,1,27.0,2026-10-02 00:15:00+00:00,Thu 8:15PM
196187359,NFL Showdown $1 Triple Up [Top 9 Win $3] (PIT @ CLE),154084,Showdown Captain Mode,1.0,5,31,1,27.0,2026-10-02 00:15:00+00:00,Thu 8:15PM
196187358,NFL Showdown $1 Triple Up [Top 9 Win $3] (PIT @ CLE),154084,Showdown Captain Mode,1.0,7,31,1,27.0,2026-10-02 00:15:00+00:00,Thu 8:15PM
196187357,NFL Showdown $1 Triple Up [Top 9 Win $3] (PIT @ CLE),154084,Showdown Captain Mode,1.0,7,31,1,27.0,2026-10-02 00:15:00+00:00,Thu 8:15PM
196187356,NFL Showdown $1 Triple Up [Top 9 Win $3] (PIT @ CLE),154084,Showdown Captain Mode,1.0,7,31,1,27.0,2026-10-02 00:15:00+00:00,Thu 8:15PM
196187355,NFL Showdown $1 Triple Up [Top 9 Win $3] (PIT @ CLE),154084,Showdown Captain Mode,1.0,8,31,1,27.0,2026-10-02 00:15:00+00:00,Thu 8:15PM
196187354,NFL Showdown $1 Triple Up [Top 9 Win $3] (PIT @ CLE),154084,Showdown Captain Mode,1.0,9,31,1,27.0,2026-10-02 00:15:00+00:00,Thu 8:15PM
196187353,NFL Showdown $1 Triple Up [Top 9 Win $3] (PIT @ CLE),154084,Showdown Captain Mode,1.0,9,31,1,27.0,2026-10-02 00:15:00+00:00,Thu 8:15PM
196187352,NFL Showdown $1 Triple Up [Top 9 Win $3] (PIT @ CLE),154084,Showdown Captain Mode,1.0,10,31,1,27.0,2026-10-02 00:15:00+00:00,Thu 8:15PM
196187351,NFL Showdown $1 Triple Up [Top 9 Win $3] (PIT @ CLE),154084,Showdown Captain Mode,1.0,11,31,1,27.0,2026-10-02 00:15:00+00:00,Thu 8:15PM
196187410,Casual NFL Showdown $10 Double Up (PIT @ CLE),154084,Showdown Captain Mode,10.0,1,11,1,100.0,2026-10-02 00:15:00+00:00,Thu 8:15PM
196187413,Casual NFL Showdown $5 Double Up (PIT @ CLE),154084,Showdown Captain Mode,5.0,2,23,1,100.0,2026-10-02 00:15:00+00:00,Thu 8:15PM
196187412,Casual NFL Showdown $1 Double Up (PIT @ CLE),154084,Showdown Captain Mode,1.0,0,23,1,20.0,2026-10-02 00:15:00+00:00,Thu 8:15PM
196187411,Casual NFL Showdown $1 Double Up (PIT @ CLE),154084,Showdown Captain Mode,1.0,3,23,1,20.0,2026-10-02 00:15:00+00:00,Thu 8:15PM
196187332,NFL Showdown $250 Double Up (PIT @ CLE),154084,Showdown Captain Mode,250.0,4,11,1,2500.0,2026-10-02 00:15:00+00:00,Thu 8:15PM
196187576,NFL Showdown $100 Double Up (PIT @ CLE),154084,Showdown Captain Mode,100.0,4,11,1,1000.0,2026-10-02 00:15:00+00:00,Thu 8:15PM
196187414,NFL Showdown $50 Double Up (PIT @ CLE),154084,Showdown Captain Mode,50.0,4,11,1,500.0,2026-10-02 00:15:00+00:00,Thu 8:15PM
196187408,NFL Showdown $50 Double Up (PIT @ CLE),154084,Showdown Captain Mode,50.0,4,11,1,500.0,2026-10-02 00:15:00+00:00,Thu 8:15PM
196187453,NFL Showdown $25 Double Up (PIT @ CLE),154084,Showdown Captain Mode,25.0,6,11,1,250.0,2026-10-02 00:15:00+00:00,Thu 8:15PM
196187452,NFL Showdown $25 Double Up (PIT @ CLE),154084,Showdown Captain Mode,25.0,4,11,1,250.0,2026-10-02 00:15:00+00:00,Thu 8:15PM
196187451,NFL Showdown $25 Double Up (PIT @ CLE),154084,Showdown Captain Mode,25.0,4,11,1,250.0,2026-10-02 00:15:00+00:00,Thu 8:15PM
196187418,NFL Showdown $25 Double Up (PIT @ CLE),154084,Showdown Captain Mode,25.0,4,11,1,250.0,2026-10-02 00:15:00+00:00,Thu 8:15PM
196187417,NFL Showdown $25 Double Up (PIT @ CLE),154084,Showdown Captain Mode,25.0,4,11,1,250.0,2026-10-02 00:15:00+00:00,Thu 8:15PM
196187416,NFL Showdown $25 Double Up (PIT @ CLE),154084,Showdown Captain Mode,25.0,4,11,1,250.0,2026-10-02 00:15:00+00:00,Thu 8:15PM
196187415,NFL Showdown $25 Double Up (PIT @ CLE),154084,Showdown Captain Mode,25.0,5,11,1,250.0,2026-10-02 00:15:00+00:00,Thu 8:15PM
196187279,NFL Showdown $25 Double Up (PIT @ CLE),154084,Showdown Captain Mode,25.0,4,11,1,250.0,2026-10-02 00:15:00+00:00,Thu 8:15PM
196187278,NFL Showdown $25 Double Up (PIT @ CLE),154084,Showdown Captain Mode,25.0,4,11,1,250.0,2026-10-02 00:15:00+00:00,Thu 8:15PM
196187277,NFL Showdown $25 Double Up (PIT @ CLE),154084,Showdown Captain Mode,25.0,4,11,1,250.0,2026-10-02 00:15:00+00:00,Thu 8:15PM
196187276,NFL Showdown $25 Double Up (PIT @ CLE),154084,Showdown Captain Mode,25.0,4,11,1,250.0,2026-10-02 00:15:00+00:00,Thu 8:15PM
196187275,NFL Showdown $25 Double Up (PIT @ CLE),154084,Showdown Captain Mode,25.0,4,11,1,250.0,2026-10-02 00:15:00+00:00,Thu 8:15PM
196187579,NFL Showdown $15 Double Up (PIT @ CLE),154084,Showdown Captain Mode,15.0,7,16,1,210.0,2026-10-02 00:15:00+00:00,Thu 8:15PM
196187578,NFL Showdown $15 Double Up (PIT @ CLE),154084,Showdown Captain Mode,15.0,7,16,1,210.0,2026-10-02 00:15:00+00:00,Thu 8:15PM
196187407,NFL Showdown $10 Double Up (PIT @ CLE),154084,Showdown Captain Mode,10.0,10,39,1,340.0,2026-10-02 00:15:00+00:00,Thu 8:15PM
196187577,NFL Showdown $10 Double Up (PIT @ CLE),154084,Showdown Captain Mode,10.0,8,23,1,200.0,2026-10-02 00:15:00+00:00,Thu 8:15PM
196187409,NFL Showdown $10 Double Up (PIT @ CLE),154084,Showdown Captain Mode,10.0,7,23,1,200.0,2026-10-02 00:15:00+00:00,Thu 8:15PM
196187473,NFL Showdown $10 Double Up (PIT @ CLE),154084,Showdown Captain Mode,10.0,5,11,1,100.0,2026-10-02 00:15:00+00:00,Thu 8:15PM
196187472,NFL Showdown $10 Double Up (PIT @ CLE),154084,Showdown Captain Mode,10.0,4,11,1,100.0,2026-10-02 00:15:00+00:00,Thu 8:15PM
196187471,NFL Showdown $10 Double Up (PIT @ CLE),154084,Showdown Captain Mode,10.0,4,11,1,100.0,2026-10-02 00:15:00+00:00,Thu 8:15PM
196187450,NFL Showdown $10 Double Up (PIT @ CLE),154084,Showdown Captain Mode,10.0,4,11,1,100.0,2026-10-02 00:15:00+00:00,Thu 8:15PM
196187449,NFL Showdown $10 Double Up (PIT @ CLE),154084,Showdown Captain Mode,10.0,4,11,1,100.0,2026-10-02 00:15:00+00:00,Thu 8:15PM
196187448,NFL Showdown $10 Double Up (PIT @ CLE),154084,Showdown Captain Mode,10.0,5,11,1,100.0,2026-10-02 00:15:00+00:00,Thu 8:15PM
196187447,NFL Showdown $10 Double Up (PIT @ CLE),154084,Showdown Captain Mode,10.0,4,11,1,100.0,2026-10-02 00:15:00+00:00,Thu 8:15PM
196187373,NFL Showdown $10 Double Up (PIT @ CLE),154084,Showdown Captain Mode,10.0,4,11,1,100.0,2026-10-02 00:15:00+00:00,Thu 8:15PM
196187372,NFL Showdown $10 Double Up (PIT @ CLE),154084,Showdown Captain Mode,10.0,4,11,1,100.0,2026-10-02 00:15:00+00:00,Thu 8:15PM
196187371,NFL Showdown $10 Double Up (PIT @ CLE),154084,Showdown Captain Mode,10.0,5,11,1,100.0,2026-10-02 00:15:00+00:00,Thu 8:15PM
196187370,NFL Showdown $10 Double Up (PIT @ CLE),154084,Showdown Captain Mode,10.0,5,11,1,100.0,2026-10-02 00:15:00+00:00,Thu 8:15PM
196187369,NFL Showdown $10 Double Up (PIT @ CLE),154084,Showdown Captain Mode,10.0,5,11,1,100.0,2026-10-02 00:15:00+00:00,Thu 8:15PM
196187406,NFL Showdown $5 Double Up (PIT @ CLE),154084,Showdown Captain Mode,5.0,10,39,1,170.0,2026-10-02 00:15:00+00:00,Thu 8:15PM
196187405,NFL Showdown $5 Double Up (PIT @ CLE),154084,Showdown Captain Mode,5.0,10,39,1,170.0,2026-10-02 00:15:00+00:00,Thu 8:15PM
196187483,NFL Showdown $5 Double Up (PIT @ CLE),154084,Showdown Captain Mode,5.0,9,23,1,100.0,2026-10-02 00:15:00+00:00,Thu 8:15PM
196187482,NFL Showdown $5 Double Up (PIT @ CLE),154084,Showdown Captain Mode,5.0,8,23,1,100.0,2026-10-02 00:15:00+00:00,Thu 8:15PM
196187481,NFL Showdown $5 Double Up (PIT @ CLE),154084,Showdown Captain Mode,5.0,8,23,1,100.0,2026-10-02 00:15:00+00:00,Thu 8:15PM
196187457,NFL Showdown $5 Double Up (PIT @ CLE),154084,Showdown Captain Mode,5.0,8,23,1,100.0,2026-10-02 00:15:00+00:00,Thu 8:15PM
196187456,NFL Showdown $5 Double Up (PIT @ CLE),154084,Showdown Captain Mode,5.0,8,23,1,100.0,2026-10-02 00:15:00+00:00,Thu 8:15PM
196187455,NFL Showdown $5 Double Up (PIT @ CLE),154084,Showdown Captain Mode,5.0,9,23,1,100.0,2026-10-02 00:15:00+00:00,Thu 8:15PM
196187454,NFL Showdown $5 Double Up (PIT @ CLE),154084,Showdown Captain Mode,5.0,8,23,1,100.0,2026-10-02 00:15:00+00:00,Thu 8:15PM
196187423,NFL Showdown $5 Double Up (PIT @ CLE),154084,Showdown Captain Mode,5.0,8,23,1,100.0,2026-10-02 00:15:00+00:00,Thu 8:15PM
196187422,NFL Showdown $5 Double Up (PIT @ CLE),154084,Showdown Captain Mode,5.0,8,23,1,100.0,2026-10-02 00:15:00+00:00,Thu 8:15PM
196187421,NFL Showdown $5 Double Up (PIT @ CLE),154084,Showdown Captain Mode,5.0,8,23,1,100.0,2026-10-02 00:15:00+00:00,Thu 8:15PM
196187420,NFL Showdown $5 Double Up (PIT @ CLE),154084,Showdown Captain Mode,5.0,7,23,1,100.0,2026-10-02 00:15:00+00:00,Thu 8:15PM
196187419,NFL Showdown $5 Double Up (PIT @ CLE),154084,Showdown Captain Mode,5.0,7,23,1,100.0,2026-10-02 00:15:00+00:00,Thu 8:15PM
196187404,NFL Showdown $3 Double Up (PIT @ CLE),154084,Showdown Captain Mode,3.0,15,62,1,162.0,2026-10-02 00:15:00+00:00,Thu 8:15PM
196187403,NFL Showdown $3 Double Up (PIT @ CLE),154084,Showdown Captain Mode,3.0,9,62,1,162.0,2026-10-02 00:15:00+00:00,Thu 8:15PM
196187402,NFL Showdown $3 Double Up (PIT @ CLE),154084,Showdown Captain Mode,3.0,10,39,1,102.0,2026-10-02 00:15:00+00:00,Thu 8:15PM
196187401,NFL Showdown $3 Double Up (PIT @ CLE),154084,Showdown Captain Mode,3.0,10,39,1,102.0,2026-10-02 00:15:00+00:00,Thu 8:15PM
196187460,NFL Showdown $3 Double Up (PIT @ CLE),154084,Showdown Captain Mode,3.0,9,23,1,60.0,2026-10-02 00:15:00+00:00,Thu 8:15PM
196187459,NFL Showdown $3 Double Up (PIT @ CLE),154084,Showdown Captain Mode,3.0,6,23,1,60.0,2026-10-02 00:15:00+00:00,Thu 8:15PM
196187458,NFL Showdown $3 Double Up (PIT @ CLE),154084,Showdown Captain Mode,3.0,5,23,1,60.0,2026-10-02 00:15:00+00:00,Thu 8:15PM
196187426,NFL Showdown $3 Double Up (PIT @ CLE),154084,Showdown Captain Mode,3.0,6,23,1,60.0,2026-10-02 00:15:00+00:00,Thu 8:15PM
196187425,NFL Showdown $3 Double Up (PIT @ CLE),154084,Showdown Captain Mode,3.0,6,23,1,60.0,2026-10-02 00:15:00+00:00,Thu 8:15PM
196187424,NFL Showdown $3 Double Up (PIT @ CLE),154084,Showdown Captain Mode,3.0,5,23,1,60.0,2026-10-02 00:15:00+00:00,Thu 8:15PM
196187306,NFL Showdown $3 Double Up (PIT @ CLE),154084,Showdown Captain Mode,3.0,5,23,1,60.0,2026-10-02 00:15:00+00:00,Thu 8:15PM
196187305,NFL Showdown $3 Double Up (PIT @ CLE),154084,Showdown Captain Mode,3.0,5,23,1,60.0,2026-10-02 00:15:00+00:00,Thu 8:15PM
196187304,NFL Showdown $3 Double Up (PIT @ CLE),154084,Showdown Captain Mode,3.0,5,23,1,60.0,2026-10-02 00:15:00+00:00,Thu 8:15PM
196187303,NFL Showdown $3 Double Up (PIT @ CLE),154084,Showdown Captain Mode,3.0,5,23,1,60.0,2026-10-02 00:15:00+00:00,Thu 8:15PM
196187302,NFL Showdown $3 Double Up (PIT @ CLE),154084,Showdown Captain Mode,3.0,6,23,1,60.0,2026-10-02 00:15:00+00:00,Thu 8:15PM
196187400,NFL Showdown $1 Double Up (PIT @ CLE),154084,Showdown Captain Mode,1.0,21,62,1,54.0,2026-10-02 00:15:00+00:00,Thu 8:15PM
196187399,NFL Showdown $1 Double Up (PIT @ CLE),154084,Showdown Captain Mode,1.0,13,62,1,54.0,2026-10-02 00:15:00+00:00,Thu 8:15PM
196187398,NFL Showdown $1 Double Up (PIT @ CLE),154084,Showdown Captain Mode,1.0,11,62,1,54.0,2026-10-02 00:15:00+00:00,Thu 8:15PM
196187397,NFL Showdown $1 Double Up (PIT @ CLE),154084,Showdown Captain Mode,1.0,11,62,1,54.0,2026-10-02 00:15:00+00:00,Thu 8:15PM
196187396,NFL Showdown $1 Double Up (PIT @ CLE),154084,Showdown Captain Mode,1.0,12,62,1,54.0,2026-10-02 00:15:00+00:00,Thu 8:15PM
196187395,NFL Showdown $1 Double Up (PIT @ CLE),154084,Showdown Captain Mode,1.0,11,62,1,54.0,2026-10-02 00:15:00+00:00,Thu 8:15PM
196187394,NFL Showdown $1 Double Up (PIT @ CLE),154084,Showdown Captain Mode,1.0,10,62,1,54.0,2026-10-02 00:15:00+00:00,Thu 8:15PM
196187393,NFL Showdown $1 Double Up (PIT @ CLE),154084,Showdown Captain Mode,1.0,10,62,1,54.0,2026-10-02 00:15:00+00:00,Thu 8:15PM
196187392,NFL Showdown $1 Double Up (PIT @ CLE),154084,Showdown Captain Mode,1.0,11,62,1,54.0,2026-10-02 00:15:00+00:00,Thu 8:15PM
196187391,NFL Showdown $1 Double Up (PIT @ CLE),154084,Showdown Captain Mode,1.0,11,62,1,54.0,2026-10-02 00:15:00+00:00,Thu 8:15PM
196187390,NFL Showdown $1 Double Up (PIT @ CLE),154084,Showdown Captain Mode,1.0,11,62,1,54.0,2026-10-02 00:15:00+00:00,Thu 8:15PM
196187389,NFL Showdown $1 Double Up (PIT @ CLE),154084,Showdown Captain Mode,1.0,10,62,1,54.0,2026-10-02 00:15:00+00:00,Thu 8:15PM
196187388,NFL Showdown $1 Double Up (PIT @ CLE),154084,Showdown Captain Mode,1.0,10,62,1,54.0,2026-10-02 00:15:00+00:00,Thu 8:15PM
196187387,NFL Showdown $1 Double Up (PIT @ CLE),154084,Showdown Captain Mode,1.0,11,62,1,54.0,2026-10-02 00:15:00+00:00,Thu 8:15PM
196187386,NFL Showdown $1 Double Up (PIT @ CLE),154084,Showdown Captain Mode,1.0,11,62,1,54.0,2026-10-02 00:15:00+00:00,Thu 8:15PM
196187385,NFL Showdown $1 Double Up (PIT @ CLE),154084,Showdown Captain Mode,1.0,8,39,1,34.0,2026-10-02 00:15:00+00:00,Thu 8:15PM
196187384,NFL Showdown $1 Double Up (PIT @ CLE),154084,Showdown Captain Mode,1.0,8,39,1,34.0,2026-10-02 00:15:00+00:00,Thu 8:15PM
196187383,NFL Showdown $1 Double Up (PIT @ CLE),154084,Showdown Captain Mode,1.0,7,39,1,34.0,2026-10-02 00:15:00+00:00,Thu 8:15PM
196187382,NFL Showdown $1 Double Up (PIT @ CLE),154084,Showdown Captain Mode,1.0,7,39,1,34.0,2026-10-02 00:15:00+00:00,Thu 8:15PM
196187381,NFL Showdown $1 Double Up (PIT @ CLE),154084,Showdown Captain Mode,1.0,7,39,1,34.0,2026-10-02 00:15:00+00:00,Thu 8:15PM
196187380,NFL Showdown $1 Double Up (PIT @ CLE),154084,Showdown Captain Mode,1.0,7,39,1,34.0,2026-10-02 00:15:00+00:00,Thu 8:15PM
196187379,NFL Showdown $1 Double Up (PIT @ CLE),154084,Showdown Captain Mode,1.0,7,39,1,34.0,2026-10-02 00:15:00+00:00,Thu 8:15PM
196187378,NFL Showdown $1 Double Up (PIT @ CLE),154084,Showdown Captain Mode,1.0,7,39,1,34.0,2026-10-02 00:15:00+00:00,Thu 8:15PM
196187377,NFL Showdown $1 Double Up (PIT @ CLE),154084,Showdown Captain Mode,1.0,7,39,1,34.0,2026-10-02 00:15:00+00:00,Thu 8:15PM
196187376,NFL Showdown $1 Double Up (PIT @ CLE),154084,Showdown Captain Mode,1.0,7,39,1,34.0,2026-10-02 00:15:00+00:00,Thu 8:15PM
196187375,NFL Showdown $1 Double Up (PIT @ CLE),154084,Showdown Captain Mode,1.0,8,39,1,34.0,2026-10-02 00:15:00+00:00,Thu 8:15PM
196187374,NFL Showdown $1 Double Up (PIT @ CLE),154084,Showdown Captain Mode,1.0,7,39,1,34.0,2026-10-02 00:15:00+00:00,Thu 8:15PM
196187470,NFL Showdown $1 Double Up (PIT @ CLE),154084,Showdown Captain Mode,1.0,7,23,1,20.0,2026-10-02 00:15:00+00:00,Thu 8:15PM
196187469,NFL Showdown $1 Double Up (PIT @ CLE),154084,Showdown Captain Mode,1.0,6,23,1,20.0,2026-10-02 00:15:00+00:00,Thu 8:15PM
196187468,NFL Showdown $1 Double Up (PIT @ CLE),154084,Showdown Captain Mode,1.0,6,23,1,20.0,2026-10-02 00:15:00+00:00,Thu 8:15PM
196187467,NFL Showdown $1 Double Up (PIT @ CLE),154084,Showdown Captain Mode,1.0,5,23,1,20.0,2026-10-02 00:15:00+00:00,Thu 8:15PM
196187466,NFL Showdown $1 Double Up (PIT @ CLE),154084,Showdown Captain Mode,1.0,5,23,1,20.0,2026-10-02 00:15:00+00:00,Thu 8:15PM
196187465,NFL Showdown $1 Double Up (PIT @ CLE),154084,Showdown Captain Mode,1.0,5,23,1,20.0,2026-10-02 00:15:00+00:00,Thu 8:15PM
196187464,NFL Showdown $1 Double Up (PIT @ CLE),154084,Showdown Captain Mode,1.0,5,23,1,20.0,2026-10-02 00:15:00+00:00,Thu 8:15PM
196187463,NFL Showdown $1 Double Up (PIT @ CLE),154084,Showdown Captain Mode,1.0,5,23,1,20.0,2026-10-02 00:15:00+00:00,Thu 8:15PM
196187462,NFL Showdown $1 Double Up (PIT @ CLE),154084,Showdown Captain Mode,1.0,5,23,1,20.0,2026-10-02 00:15:00+00:00,Thu 8:15PM
196187461,NFL Showdown $1 Double Up (PIT @ CLE),154084,Showdown Captain Mode,1.0,5,23,1,20.0,2026-10-02 00:15:00+00:00,Thu 8:15PM
196187446,NFL Showdown $1 Double Up (PIT @ CLE),154084,Showdown Captain Mode,1.0,5,23,1,20.0,2026-10-02 00:15:00+00:00,Thu 8:15PM
196187445,NFL Showdown $1 Double Up (PIT @ CLE),154084,Showdown Captain Mode,1.0,5,23,1,20.0,2026-10-02 00:15:00+00:00,Thu 8:15PM
196187444,NFL Showdown $1 Double Up (PIT @ CLE),154084,Showdown Captain Mode,1.0,5,23,1,20.0,2026-10-02 00:15:00+00:00,Thu 8:15PM
196187443,NFL Showdown $1 Double Up (PIT @ CLE),154084,Showdown Captain Mode,1.0,5,23,1,20.0,2026-10-02 00:15:00+00:00,Thu 8:15PM
196187442,NFL Showdown $1 Double Up (PIT @ CLE),154084,Showdown Captain Mode,1.0,5,23,1,20.0,2026-10-02 00:15:00+00:00,Thu 8:15PM
196187441,NFL Showdown $1 Double Up (PIT @ CLE),154084,Showdown Captain Mode,1.0,5,23,1,20.0,2026-10-02 00:15:00+00:00,Thu 8:15PM
196187440,NFL Showdown $1 Double Up (PIT @ CLE),154084,Showdown Captain Mode,1.0,5,23,1,20.0,2026-10-02 00:15:00+00:00,Thu 8:15PM
196187439,NFL Showdown $1 Double Up (PIT @ CLE),154084,Showdown Captain Mode,1.0,5,23,1,20.0,2026-10-02 00:15:00+00:00,Thu 8:15PM
196187438,NFL Showdown $1 Double Up (PIT @ CLE),154084,Showdown Captain Mode,1.0,5,23,1,20.0,2026-10-02 00:15:00+00:00,Thu 8:15PM
196187437,NFL Showdown $1 Double Up (PIT @ CLE),154084,Showdown Captain Mode,1.0,5,23,1,20.0,2026-10-02 00:15:00+00:00,Thu 8:15PM
196187436,NFL Showdown $1 Double Up (PIT @ CLE),154084,Showdown Captain Mode,1.0,5,23,1,20.0,2026-10-02 00:15:00+00:00,Thu 8:15PM
196187435,NFL Showdown $1 Double Up (PIT @ CLE),154084,Showdown Captain Mode,1.0,5,23,1,20.0,2026-10-02 00:15:00+00:00,Thu 8:15PM
196187434,NFL Showdown $1 Double Up (PIT @ CLE),154084,Showdown Captain Mode,1.0,5,23,1,20.0,2026-10-02 00:15:00+00:00,Thu 8:15PM
196187433,NFL Showdown $1 Double Up (PIT @ CLE),154084,Showdown Captain Mode,1.0,5,23,1,20.0,2026-10-02 00:15:00+00:00,Thu 8:15PM
196187432,NFL Showdown $1 Double Up (PIT @ CLE),154084,Showdown Captain Mode,1.0,5,23,1,20.0,2026-10-02 00:15:00+00:00,Thu 8:15PM
196187431,NFL Showdown $1 Double Up (PIT @ CLE),154084,Showdown Captain Mode,1.0,5,23,1,20.0,2026-10-02 00:15:00+00:00,Thu 8:15PM
196187430,NFL Showdown $1 Double Up (PIT @ CLE),154084,Showdown Captain Mode,1.0,5,23,1,20.0,2026-10-02 00:15:00+00:00,Thu 8:15PM
196187429,NFL Showdown $1 Double Up (PIT @ CLE),154084,Showdown Captain Mode,1.0,5,23,1,20.0,2026-10-02 00:15:00+00:00,Thu 8:15PM
196187428,NFL Showdown $1 Double Up (PIT @ CLE),154084,Showdown Captain Mode,1.0,5,23,1,20.0,2026-10-02 00:15:00+00:00,Thu 8:15PM
196187427,NFL Showdown $1 Double Up (PIT @ CLE),154084,Showdown Captain Mode,1.0,5,23,1,20.0,2026-10-02 00:15:00+00:00,Thu 8:15PM
196187331,NFL Showdown $1 Double Up (PIT @ CLE),154084,Showdown Captain Mode,1.0,6,23,1,20.0,2026-10-02 00:15:00+00:00,Thu 8:15PM
196187330,NFL Showdown $1 Double Up (PIT @ CLE),154084,Showdown Captain Mode,1.0,5,23,1,20.0,2026-10-02 00:15:00+00:00,Thu 8:15PM
196187329,NFL Showdown $1 Double Up (PIT @ CLE),154084,Showdown Captain Mode,1.0,5,23,1,20.0,2026-10-02 00:15:00+00:00,Thu 8:15PM
196187328,NFL Showdown $1 Double Up (PIT @ CLE),154084,Showdown Captain Mode,1.0,5,23,1,20.0,2026-10-02 00:15:00+00:00,Thu 8:15PM
196187327,NFL Showdown $1 Double Up (PIT @ CLE),154084,Showdown Captain Mode,1.0,5,23,1,20.0,2026-10-02 00:15:00+00:00,Thu 8:15PM
196187326,NFL Showdown $1 Double Up (PIT @ CLE),154084,Showdown Captain Mode,1.0,5,23,1,20.0,2026-10-02 00:15:00+00:00,Thu 8:15PM
196187325,NFL Showdown $1 Double Up (PIT @ CLE),154084,Showdown Captain Mode,1.0,5,23,1,20.0,2026-10-02 00:15:00+00:00,Thu 8:15PM
196187324,NFL Showdown $1 Double Up (PIT @ CLE),154084,Showdown Captain Mode,1.0,5,23,1,20.0,2026-10-02 00:15:00+00:00,Thu 8:15PM
196187323,NFL Showdown $1 Double Up (PIT @ CLE),154084,Showdown Captain Mode,1.0,5,23,1,20.0,2026-10-02 00:15:00+00:00,Thu 8:15PM
196187322,NFL Showdown $1 Double Up (PIT @ CLE),154084,Showdown Captain Mode,1.0,5,23,1,20.0,2026-10-02 00:15:00+00:00,Thu 8:15PM
196187321,NFL Showdown $1 Double Up (PIT @ CLE),154084,Showdown Captain Mode,1.0,5,23,1,20.0,2026-10-02 00:15:00+00:00,Thu 8:15PM
196187320,NFL Showdown $1 Double Up (PIT @ CLE),154084,Showdown Captain Mode,1.0,5,23,1,20.0,2026-10-02 00:15:00+00:00,Thu 8:15PM
196187319,NFL Showdown $1 Double Up (PIT @ CLE),154084,Showdown Captain Mode,1.0,5,23,1,20.0,2026-10-02 00:15:00+00:00,Thu 8:15PM
196187318,NFL Showdown $1 Double Up (PIT @ CLE),154084,Showdown Captain Mode,1.0,5,23,1,20.0,2026-10-02 00:15:00+00:00,Thu 8:15PM
196187317,NFL Showdown $1 Double Up (PIT @ CLE),154084,Showdown Captain Mode,1.0,5,23,1,20.0,2026-10-02 00:15:00+00:00,Thu 8:15PM
196187316,NFL Showdown $1 Double Up (PIT @ CLE),154084,Showdown Captain Mode,1.0,5,23,1,20.0,2026-10-02 00:15:00+00:00,Thu 8:15PM
196187315,NFL Showdown $1 Double Up (PIT @ CLE),154084,Showdown Captain Mode,1.0,5,23,1,20.0,2026-10-02 00:15:00+00:00,Thu 8:15PM
196187314,NFL Showdown $1 Double Up (PIT @ CLE),154084,Showdown Captain Mode,1.0,5,23,1,20.0,2026-10-02 00:15:00+00:00,Thu 8:15PM
196187313,NFL Showdown $1 Double Up (PIT @ CLE),154084,Showdown Captain Mode,1.0,5,23,1,20.0,2026-10-02 00:15:00+00:00,Thu 8:15PM
196187312,NFL Showdown $1 Double Up (PIT @ CLE),154084,Showdown Captain Mode,1.0,5,23,1,20.0,2026-10-02 00:15:00+00:00,Thu 8:15PM
196187311,NFL Showdown $1 Double Up (PIT @ CLE),154084,Showdown Captain Mode,1.0,5,23,1,20.0,2026-10-02 00:15:00+00:00,Thu 8:15PM
196187310,NFL Showdown $1 Double Up (PIT @ CLE),154084,Showdown Captain Mode,1.0,5,23,1,20.0,2026-10-02 00:15:00+00:00,Thu 8:15PM
196187309,NFL Showdown $1 Double Up (PIT @ CLE),154084,Showdown Captain Mode,1.0,5,23,1,20.0,2026-10-02 00:15:00+00:00,Thu 8:15PM
196187308,NFL Showdown $1 Double Up (PIT @ CLE),154084,Showdown Captain Mode,1.0,5,23,1,20.0,2026-10-02 00:15:00+00:00,Thu 8:15PM
196187307,NFL Showdown $1 Double Up (PIT @ CLE),154084,Showdown Captain Mode,1.0,6,23,1,20.0,2026-10-02 00:15:00+00:00,Thu 8:15PM
196228124,NFL Showdown FREE 150-Player (PIT @ CLE),154084,Showdown Captain Mode,0.0,2,150,1,0.0,2026-10-02 00:15:00+00:00,Thu 8:15PM
196197679,NFL Showdown FREE 20-Player (PIT @ CLE) x14,154084,Showdown Captain Mode,0.0,8,20,1,0.0,2026-10-02 00:15:00+00:00,Thu 8:15PM
196197965,NFL Showdown FREE 10-Player (PIT @ CLE) x32,154084,Showdown Captain Mode,0.0,3,10,1,0.0,2026-10-02 00:15:00+00:00,Thu 8:15PM
196186696,NFL Satellite to $20 NFL Fantasy Football Millionaire (Thu-Mon),154077,Classic,2.0,10,11,1,20.0,2026-10-02 00:15:00+00:00,Thu 8:15PM
196186695,NFL Satellite to $20 NFL Fantasy Football Millionaire (Thu-Mon),154077,Classic,2.0,6,11,1,20.0,2026-10-02 00:15:00+00:00,Thu 8:15PM
196186694,NFL Satellite to $20 NFL Fantasy Football Millionaire (Thu-Mon),154077,Classic,2.0,5,11,1,20.0,2026-10-02 00:15:00+00:00,Thu 8:15PM
196186699,NFL Satellite to $20 NFL Fantasy Football Millionaire (Thu-Mon),154077,Classic,1.0,17,23,1,20.0,2026-10-02 00:15:00+00:00,Thu 8:15PM
196186698,NFL Satellite to $20 NFL Fantasy Football Millionaire (Thu-Mon),154077,Classic,1.0,6,23,1,20.0,2026-10-02 00:15:00+00:00,Thu 8:15PM
196186697,NFL Satellite to $20 NFL Fantasy Football Millionaire (Thu-Mon),154077,Classic,1.0,7,23,1,20.0,2026-10-02 00:15:00+00:00,Thu 8:15PM
196186701,NFL Satellite to $20 NFL Fantasy Football Millionaire (Thu-Mon),154077,Classic,0.25,26,95,2,20.0,2026-10-02 00:15:00+00:00,Thu 8:15PM
196186700,NFL Satellite to $20 NFL Fantasy Football Millionaire (Thu-Mon),154077,Classic,0.25,23,95,2,20.0,2026-10-02 00:15:00+00:00,Thu 8:15PM
196186703,NFL Satellite to $20 NFL Fantasy Football Millionaire (Thu-Mon),154077,Classic,0.1,71,237,7,20.0,2026-10-02 00:15:00+00:00,Thu 8:15PM
196186702,NFL Satellite to $20 NFL Fantasy Football Millionaire (Thu-Mon),154077,Classic,0.1,65,237,7,20.0,2026-10-02 00:15:00+00:00,Thu 8:15PM
196186690,NFL $1 Contest (Thu-Mon),154077,Classic,1.0,33,118,3,100.0,2026-10-02 00:15:00+00:00,Thu 8:15PM
196186689,NFL $1 Contest (Thu-Mon),154077,Classic,1.0,29,118,3,100.0,2026-10-02 00:15:00+00:00,Thu 8:15PM
196186648,NFL 10x Booster [Top 3 Win $100] (Thu-Mon),154077,Classic,10.0,13,35,1,300.0,2026-10-02 00:15:00+00:00,Thu 8:15PM
196186642,NFL 10x Booster [Top 3 Win $50] (Thu-Mon),154077,Classic,5.0,15,35,1,150.0,2026-10-02 00:15:00+00:00,Thu 8:15PM
196186641,NFL 10x Booster [Top 3 Win $50] (Thu-Mon),154077,Classic,5.0,12,35,1,150.0,2026-10-02 00:15:00+00:00,Thu 8:15PM
196186640,NFL 10x Booster [Top 3 Win $20] (Thu-Mon),154077,Classic,2.0,18,35,1,60.0,2026-10-02 00:15:00+00:00,Thu 8:15PM
196186639,NFL 10x Booster [Top 3 Win $20] (Thu-Mon),154077,Classic,2.0,18,35,1,60.0,2026-10-02 00:15:00+00:00,Thu 8:15PM
196186638,NFL 10x Booster [Top 3 Win $20] (Thu-Mon),154077,Classic,2.0,15,35,1,60.0,2026-10-02 00:15:00+00:00,Thu 8:15PM
196186682,NFL $5 Quintuple Up [Top 5 Win $25] (Thu-Mon),154077,Classic,5.0,14,28,1,125.0,2026-10-02 00:15:00+00:00,Thu 8:15PM
196186681,NFL $5 Quintuple Up [Top 5 Win $25] (Thu-Mon),154077,Classic,5.0,8,28,1,125.0,2026-10-02 00:15:00+00:00,Thu 8:15PM
196186680,NFL $1 Quintuple Up [Top 5 Win $5] (Thu-Mon),154077,Classic,1.0,17,28,1,25.0,2026-10-02 00:15:00+00:00,Thu 8:15PM
196186679,NFL $1 Quintuple Up [Top 5 Win $5] (Thu-Mon),154077,Classic,1.0,15,28,1,25.0,2026-10-02 00:15:00+00:00,Thu 8:15PM
196186678,NFL $1 Quintuple Up [Top 5 Win $5] (Thu-Mon),154077,Classic,1.0,17,28,1,25.0,2026-10-02 00:15:00+00:00,Thu 8:15PM
196186677,NFL $10 Triple Up [Top 9 Win $30] (Thu-Mon),154077,Classic,10.0,8,31,1,270.0,2026-10-02 00:15:00+00:00,Thu 8:15PM
196186676,NFL $5 Triple Up [Top 9 Win $15] (Thu-Mon),154077,Classic,5.0,11,31,1,135.0,2026-10-02 00:15:00+00:00,Thu 8:15PM
196186675,NFL $5 Triple Up [Top 9 Win $15] (Thu-Mon),154077,Classic,5.0,12,31,1,135.0,2026-10-02 00:15:00+00:00,Thu 8:15PM
196186674,NFL $1 Triple Up [Top 9 Win $3] (Thu-Mon),154077,Classic,1.0,18,31,1,27.0,2026-10-02 00:15:00+00:00,Thu 8:15PM
196186673,NFL $1 Triple Up [Top 9 Win $3] (Thu-Mon),154077,Classic,1.0,10,31,1,27.0,2026-10-02 00:15:00+00:00,Thu 8:15PM
196186672,NFL $1 Triple Up [Top 9 Win $3] (Thu-Mon),154077,Classic,1.0,10,31,1,27.0,2026-10-02 00:15:00+00:00,Thu 8:15PM
196186671,NFL $1 Triple Up [Top 9 Win $3] (Thu-Mon),154077,Classic,1.0,8,31,1,27.0,2026-10-02 00:15:00+00:00,Thu 8:15PM
196186670,NFL $1 Triple Up [Top 9 Win $3] (Thu-Mon),154077,Classic,1.0,11,31,1,27.0,2026-10-02 00:15:00+00:00,Thu 8:15PM
196186649,NFL $50 Double Up (Thu-Mon),154077,Classic,50.0,4,11,1,500.0,2026-10-02 00:15:00+00:00,Thu 8:15PM
196186643,NFL $25 Double Up (Thu-Mon),154077,Classic,25.0,11,22,1,500.0,2026-10-02 00:15:00+00:00,Thu 8:15PM
196186669,NFL $25 Double Up (Thu-Mon),154077,Classic,25.0,5,11,1,250.0,2026-10-02 00:15:00+00:00,Thu 8:15PM
196186668,NFL $25 Double Up (Thu-Mon),154077,Classic,25.0,6,11,1,250.0,2026-10-02 00:15:00+00:00,Thu 8:15PM
196186647,NFL $25 Double Up (Thu-Mon),154077,Classic,25.0,5,11,1,250.0,2026-10-02 00:15:00+00:00,Thu 8:15PM
196186646,NFL $25 Double Up (Thu-Mon),154077,Classic,25.0,5,11,1,250.0,2026-10-02 00:15:00+00:00,Thu 8:15PM
196186645,NFL $25 Double Up (Thu-Mon),154077,Classic,25.0,5,11,1,250.0,2026-10-02 00:15:00+00:00,Thu 8:15PM
196186644,NFL $25 Double Up (Thu-Mon),154077,Classic,25.0,5,11,1,250.0,2026-10-02 00:15:00+00:00,Thu 8:15PM
196186651,NFL $10 Double Up (Thu-Mon),154077,Classic,10.0,13,23,1,200.0,2026-10-02 00:15:00+00:00,Thu 8:15PM
196186650,NFL $10 Double Up (Thu-Mon),154077,Classic,10.0,11,23,1,200.0,2026-10-02 00:15:00+00:00,Thu 8:15PM
196186666,NFL $10 Double Up (Thu-Mon),154077,Classic,10.0,10,23,1,200.0,2026-10-02 00:15:00+00:00,Thu 8:15PM
196186665,NFL $10 Double Up (Thu-Mon),154077,Classic,10.0,10,23,1,200.0,2026-10-02 00:15:00+00:00,Thu 8:15PM
196186667,NFL $10 Double Up (Thu-Mon),154077,Classic,10.0,7,11,1,100.0,2026-10-02 00:15:00+00:00,Thu 8:15PM
196186683,NFL $5 Double Up (Thu-Mon),154077,Classic,5.0,10,39,1,170.0,2026-10-02 00:15:00+00:00,Thu 8:15PM
196186664,NFL $5 Double Up (Thu-Mon),154077,Classic,5.0,10,23,1,100.0,2026-10-02 00:15:00+00:00,Thu 8:15PM
196186663,NFL $5 Double Up (Thu-Mon),154077,Classic,5.0,9,23,1,100.0,2026-10-02 00:15:00+00:00,Thu 8:15PM
196186656,NFL $5 Double Up (Thu-Mon),154077,Classic,5.0,8,23,1,100.0,2026-10-02 00:15:00+00:00,Thu 8:15PM
196186655,NFL $5 Double Up (Thu-Mon),154077,Classic,5.0,9,23,1,100.0,2026-10-02 00:15:00+00:00,Thu 8:15PM
196186654,NFL $5 Double Up (Thu-Mon),154077,Classic,5.0,8,23,1,100.0,2026-10-02 00:15:00+00:00,Thu 8:15PM
196186653,NFL $5 Double Up (Thu-Mon),154077,Classic,5.0,9,23,1,100.0,2026-10-02 00:15:00+00:00,Thu 8:15PM
196186652,NFL $5 Double Up (Thu-Mon),154077,Classic,5.0,8,23,1,100.0,2026-10-02 00:15:00+00:00,Thu 8:15PM
196186659,NFL $3 Double Up (Thu-Mon),154077,Classic,3.0,8,23,1,60.0,2026-10-02 00:15:00+00:00,Thu 8:15PM
196186658,NFL $3 Double Up (Thu-Mon),154077,Classic,3.0,9,23,1,60.0,2026-10-02 00:15:00+00:00,Thu 8:15PM
196186657,NFL $3 Double Up (Thu-Mon),154077,Classic,3.0,9,23,1,60.0,2026-10-02 00:15:00+00:00,Thu 8:15PM
196186684,NFL $1 Double Up (Thu-Mon),154077,Classic,1.0,33,62,1,54.0,2026-10-02 00:15:00+00:00,Thu 8:15PM
196186687,NFL $1 Double Up (Thu-Mon),154077,Classic,1.0,15,39,1,34.0,2026-10-02 00:15:00+00:00,Thu 8:15PM
196186686,NFL $1 Double Up (Thu-Mon),154077,Classic,1.0,14,39,1,34.0,2026-10-02 00:15:00+00:00,Thu 8:15PM
196186685,NFL $1 Double Up (Thu-Mon),154077,Classic,1.0,17,39,1,34.0,2026-10-02 00:15:00+00:00,Thu 8:15PM
196186693,NFL $1 Double Up (Thu-Mon),154077,Classic,1.0,13,23,1,20.0,2026-10-02 00:15:00+00:00,Thu 8:15PM
196186692,NFL $1 Double Up (Thu-Mon),154077,Classic,1.0,10,23,1,20.0,2026-10-02 00:15:00+00:00,Thu 8:15PM
196186691,NFL $1 Double Up (Thu-Mon),154077,Classic,1.0,9,23,1,20.0,2026-10-02 00:15:00+00:00,Thu 8:15PM
196186662,NFL $1 Double Up (Thu-Mon),154077,Classic,1.0,8,23,1,20.0,2026-10-02 00:15:00+00:00,Thu 8:15PM
196186661,NFL $1 Double Up (Thu-Mon),154077,Classic,1.0,8,23,1,20.0,2026-10-02 00:15:00+00:00,Thu 8:15PM
196186660,NFL $1 Double Up (Thu-Mon),154077,Classic,1.0,9,23,1,20.0,2026-10-02 00:15:00+00:00,Thu 8:15PM
196222790,NFL FREE 150-Player (Thu-Mon),154077,Classic,0.0,22,150,1,0.0,2026-10-02 00:15:00+00:00,Thu 8:15PM
196222661,NFL FREE 200-Player (Thu-Mon),154077,Classic,0.0,12,200,1,0.0,2026-10-02 00:15:00+00:00,Thu 8:15PM
196216208,NFL FREE 200-Player (Thu-Mon),154077,Classic,0.0,35,200,1,0.0,2026-10-02 00:15:00+00:00,Thu 8:15PM
196226188,NFL FREE 20-Player (Thu-Mon),154077,Classic,0.0,2,20,1,0.0,2026-10-02 00:15:00+00:00,Thu 8:15PM
196186070,NFL Single Stat $20 10-Player [Top 2 Win] (PIT @ CLE Total Yards),154115,Single Stat - Total Yards,20.0,1,10,1,180.0,2026-10-02 00:15:00+00:00,Thu 8:15PM
196186069,NFL Single Stat $10 10-Player [Top 2 Win] (PIT @ CLE Total Yards),154115,Single Stat - Total Yards,10.0,1,10,1,90.0,2026-10-02 00:15:00+00:00,Thu 8:15PM
196186068,NFL Single Stat $5 10-Player [Top 2 Win] (PIT @ CLE Total Yards),154115,Single Stat - Total Yards,5.0,3,10,1,45.0,2026-10-02 00:15:00+00:00,Thu 8:15PM
196186067,NFL Single Stat $2 10-Player [Top 2 Win] (PIT @ CLE Total Yards),154115,Single Stat - Total Yards,2.0,1,10,1,18.0,2026-10-02 00:15:00+00:00,Thu 8:15PM
196186066,NFL Single Stat $2 10-Player [Top 2 Win] (PIT @ CLE Total Yards),154115,Single Stat - Total Yards,2.0,2,10,1,18.0,2026-10-02 00:15:00+00:00,Thu 8:15PM
196186065,NFL Single Stat $1 10-Player [Top 2 Win] (PIT @ CLE Total Yards),154115,Single Stat - Total Yards,1.0,5,10,1,9.0,2026-10-02 00:15:00+00:00,Thu 8:15PM
196186064,NFL Single Stat $1 10-Player [Top 2 Win] (PIT @ CLE Total Yards),154115,Single Stat - Total Yards,1.0,2,10,1,9.0,2026-10-02 00:15:00+00:00,Thu 8:15PM
196205652,NFL Showdown Satellite to $20 NFL Fantasy Football Millionaire (IND vs WAS),154085,Showdown Captain Mode,2.0,1,11,1,20.0,2026-10-04 13:30:00+00:00,Sun 9:30AM
196205651,NFL Showdown Satellite to $20 NFL Fantasy Football Millionaire (IND vs WAS),154085,Showdown Captain Mode,2.0,1,11,1,20.0,2026-10-04 13:30:00+00:00,Sun 9:30AM
196205650,NFL Showdown Satellite to $20 NFL Fantasy Football Millionaire (IND vs WAS),154085,Showdown Captain Mode,2.0,0,11,1,20.0,2026-10-04 13:30:00+00:00,Sun 9:30AM
196205655,NFL Showdown Satellite to $20 NFL Fantasy Football Millionaire (IND vs WAS),154085,Showdown Captain Mode,1.0,2,23,1,20.0,2026-10-04 13:30:00+00:00,Sun 9:30AM
196205654,NFL Showdown Satellite to $20 NFL Fantasy Football Millionaire (IND vs WAS),154085,Showdown Captain Mode,1.0,2,23,1,20.0,2026-10-04 13:30:00+00:00,Sun 9:30AM
196205653,NFL Showdown Satellite to $20 NFL Fantasy Football Millionaire (IND vs WAS),154085,Showdown Captain Mode,1.0,2,23,1,20.0,2026-10-04 13:30:00+00:00,Sun 9:30AM
196205657,NFL Showdown Satellite to $20 NFL Fantasy Football Millionaire (IND vs WAS),154085,Showdown Captain Mode,0.25,8,95,2,20.0,2026-10-04 13:30:00+00:00,Sun 9:30AM
196205656,NFL Showdown Satellite to $20 NFL Fantasy Football Millionaire (IND vs WAS),154085,Showdown Captain Mode,0.25,7,95,2,20.0,2026-10-04 13:30:00+00:00,Sun 9:30AM
196205659,NFL Showdown Satellite to $20 NFL Fantasy Football Millionaire (IND vs WAS),154085,Showdown Captain Mode,0.1,21,237,7,20.0,2026-10-04 13:30:00+00:00,Sun 9:30AM
196205658,NFL Showdown Satellite to $20 NFL Fantasy Football Millionaire (IND vs WAS),154085,Showdown Captain Mode,0.1,24,237,7,20.0,2026-10-04 13:30:00+00:00,Sun 9:30AM
196205585,NFL Showdown 10x Booster [Top 3 Win $100] (IND vs WAS),154085,Showdown Captain Mode,10.0,1,35,1,300.0,2026-10-04 13:30:00+00:00,Sun 9:30AM
196205584,NFL Showdown 10x Booster [Top 3 Win $100] (IND vs WAS),154085,Showdown Captain Mode,10.0,0,35,1,300.0,2026-10-04 13:30:00+00:00,Sun 9:30AM
196205578,NFL Showdown 10x Booster [Top 3 Win $50] (IND vs WAS),154085,Showdown Captain Mode,5.0,3,35,1,150.0,2026-10-04 13:30:00+00:00,Sun 9:30AM
196205577,NFL Showdown 10x Booster [Top 3 Win $50] (IND vs WAS),154085,Showdown Captain Mode,5.0,3,35,1,150.0,2026-10-04 13:30:00+00:00,Sun 9:30AM
196205576,NFL Showdown 10x Booster [Top 3 Win $20] (IND vs WAS),154085,Showdown Captain Mode,2.0,3,35,1,60.0,2026-10-04 13:30:00+00:00,Sun 9:30AM
196205575,NFL Showdown 10x Booster [Top 3 Win $20] (IND vs WAS),154085,Showdown Captain Mode,2.0,2,35,1,60.0,2026-10-04 13:30:00+00:00,Sun 9:30AM
196205633,NFL Showdown $10 Quintuple Up [Top 5 Win $50] (IND vs WAS),154085,Showdown Captain Mode,10.0,1,28,1,250.0,2026-10-04 13:30:00+00:00,Sun 9:30AM
196205632,NFL Showdown $5 Quintuple Up [Top 5 Win $25] (IND vs WAS),154085,Showdown Captain Mode,5.0,1,28,1,125.0,2026-10-04 13:30:00+00:00,Sun 9:30AM
196205631,NFL Showdown $5 Quintuple Up [Top 5 Win $25] (IND vs WAS),154085,Showdown Captain Mode,5.0,1,28,1,125.0,2026-10-04 13:30:00+00:00,Sun 9:30AM
196205630,NFL Showdown $1 Quintuple Up [Top 5 Win $5] (IND vs WAS),154085,Showdown Captain Mode,1.0,3,28,1,25.0,2026-10-04 13:30:00+00:00,Sun 9:30AM
196205629,NFL Showdown $1 Quintuple Up [Top 5 Win $5] (IND vs WAS),154085,Showdown Captain Mode,1.0,1,28,1,25.0,2026-10-04 13:30:00+00:00,Sun 9:30AM
196205628,NFL Showdown $1 Quintuple Up [Top 5 Win $5] (IND vs WAS),154085,Showdown Captain Mode,1.0,1,28,1,25.0,2026-10-04 13:30:00+00:00,Sun 9:30AM
196205627,NFL Showdown $25 Triple Up [Top 9 Win $75] (IND vs WAS),154085,Showdown Captain Mode,25.0,4,31,1,675.0,2026-10-04 13:30:00+00:00,Sun 9:30AM
196205626,NFL Showdown $10 Triple Up [Top 9 Win $30] (IND vs WAS),154085,Showdown Captain Mode,10.0,4,31,1,270.0,2026-10-04 13:30:00+00:00,Sun 9:30AM
196205625,NFL Showdown $5 Triple Up [Top 9 Win $15] (IND vs WAS),154085,Showdown Captain Mode,5.0,3,31,1,135.0,2026-10-04 13:30:00+00:00,Sun 9:30AM
196205624,NFL Showdown $5 Triple Up [Top 9 Win $15] (IND vs WAS),154085,Showdown Captain Mode,5.0,3,31,1,135.0,2026-10-04 13:30:00+00:00,Sun 9:30AM
196205623,NFL Showdown $5 Triple Up [Top 9 Win $15] (IND vs WAS),154085,Showdown Captain Mode,5.0,3,31,1,135.0,2026-10-04 13:30:00+00:00,Sun 9:30AM
196205622,NFL Showdown $1 Triple Up [Top 9 Win $3] (IND vs WAS),154085,Showdown Captain Mode,1.0,4,31,1,27.0,2026-10-04 13:30:00+00:00,Sun 9:30AM
196205621,NFL Showdown $1 Triple Up [Top 9 Win $3] (IND vs WAS),154085,Showdown Captain Mode,1.0,3,31,1,27.0,2026-10-04 13:30:00+00:00,Sun 9:30AM
196205620,NFL Showdown $1 Triple Up [Top 9 Win $3] (IND vs WAS),154085,Showdown Captain Mode,1.0,4,31,1,27.0,2026-10-04 13:30:00+00:00,Sun 9:30AM
196205619,NFL Showdown $1 Triple Up [Top 9 Win $3] (IND vs WAS),154085,Showdown Captain Mode,1.0,4,31,1,27.0,2026-10-04 13:30:00+00:00,Sun 9:30AM
196205618,NFL Showdown $1 Triple Up [Top 9 Win $3] (IND vs WAS),154085,Showdown Captain Mode,1.0,3,31,1,27.0,2026-10-04 13:30:00+00:00,Sun 9:30AM
196205617,NFL Showdown $1 Triple Up [Top 9 Win $3] (IND vs WAS),154085,Showdown Captain Mode,1.0,3,31,1,27.0,2026-10-04 13:30:00+00:00,Sun 9:30AM
196205586,NFL Showdown $100 Double Up (IND vs WAS),154085,Showdown Captain Mode,100.0,1,11,1,1000.0,2026-10-04 13:30:00+00:00,Sun 9:30AM
196205616,NFL Showdown $50 Double Up (IND vs WAS),154085,Showdown Captain Mode,50.0,1,11,1,500.0,2026-10-04 13:30:00+00:00,Sun 9:30AM
196205587,NFL Showdown $50 Double Up (IND vs WAS),154085,Showdown Captain Mode,50.0,1,11,1,500.0,2026-10-04 13:30:00+00:00,Sun 9:30AM
196205581,NFL Showdown $25 Double Up (IND vs WAS),154085,Showdown Captain Mode,25.0,4,22,1,500.0,2026-10-04 13:30:00+00:00,Sun 9:30AM
196205580,NFL Showdown $25 Double Up (IND vs WAS),154085,Showdown Captain Mode,25.0,4,22,1,500.0,2026-10-04 13:30:00+00:00,Sun 9:30AM
196205579,NFL Showdown $25 Double Up (IND vs WAS),154085,Showdown Captain Mode,25.0,4,22,1,500.0,2026-10-04 13:30:00+00:00,Sun 9:30AM
196205615,NFL Showdown $25 Double Up (IND vs WAS),154085,Showdown Captain Mode,25.0,1,11,1,250.0,2026-10-04 13:30:00+00:00,Sun 9:30AM
196205583,NFL Showdown $25 Double Up (IND vs WAS),154085,Showdown Captain Mode,25.0,1,11,1,250.0,2026-10-04 13:30:00+00:00,Sun 9:30AM
196205582,NFL Showdown $25 Double Up (IND vs WAS),154085,Showdown Captain Mode,25.0,1,11,1,250.0,2026-10-04 13:30:00+00:00,Sun 9:30AM
196205590,NFL Showdown $10 Double Up (IND vs WAS),154085,Showdown Captain Mode,10.0,4,23,1,200.0,2026-10-04 13:30:00+00:00,Sun 9:30AM
196205589,NFL Showdown $10 Double Up (IND vs WAS),154085,Showdown Captain Mode,10.0,4,23,1,200.0,2026-10-04 13:30:00+00:00,Sun 9:30AM
196205588,NFL Showdown $10 Double Up (IND vs WAS),154085,Showdown Captain Mode,10.0,4,23,1,200.0,2026-10-04 13:30:00+00:00,Sun 9:30AM
196205612,NFL Showdown $10 Double Up (IND vs WAS),154085,Showdown Captain Mode,10.0,4,23,1,200.0,2026-10-04 13:30:00+00:00,Sun 9:30AM
196205611,NFL Showdown $10 Double Up (IND vs WAS),154085,Showdown Captain Mode,10.0,4,23,1,200.0,2026-10-04 13:30:00+00:00,Sun 9:30AM
196205614,NFL Showdown $10 Double Up (IND vs WAS),154085,Showdown Captain Mode,10.0,1,11,1,100.0,2026-10-04 13:30:00+00:00,Sun 9:30AM
196205613,NFL Showdown $10 Double Up (IND vs WAS),154085,Showdown Captain Mode,10.0,1,11,1,100.0,2026-10-04 13:30:00+00:00,Sun 9:30AM
196205635,NFL Showdown $5 Double Up (IND vs WAS),154085,Showdown Captain Mode,5.0,3,39,1,170.0,2026-10-04 13:30:00+00:00,Sun 9:30AM
196205610,NFL Showdown $5 Double Up (IND vs WAS),154085,Showdown Captain Mode,5.0,4,23,1,100.0,2026-10-04 13:30:00+00:00,Sun 9:30AM
196205597,NFL Showdown $5 Double Up (IND vs WAS),154085,Showdown Captain Mode,5.0,3,23,1,100.0,2026-10-04 13:30:00+00:00,Sun 9:30AM
196205596,NFL Showdown $5 Double Up (IND vs WAS),154085,Showdown Captain Mode,5.0,3,23,1,100.0,2026-10-04 13:30:00+00:00,Sun 9:30AM
196205595,NFL Showdown $5 Double Up (IND vs WAS),154085,Showdown Captain Mode,5.0,3,23,1,100.0,2026-10-04 13:30:00+00:00,Sun 9:30AM
196205594,NFL Showdown $5 Double Up (IND vs WAS),154085,Showdown Captain Mode,5.0,3,23,1,100.0,2026-10-04 13:30:00+00:00,Sun 9:30AM
196205593,NFL Showdown $5 Double Up (IND vs WAS),154085,Showdown Captain Mode,5.0,3,23,1,100.0,2026-10-04 13:30:00+00:00,Sun 9:30AM
196205592,NFL Showdown $5 Double Up (IND vs WAS),154085,Showdown Captain Mode,5.0,3,23,1,100.0,2026-10-04 13:30:00+00:00,Sun 9:30AM
196205591,NFL Showdown $5 Double Up (IND vs WAS),154085,Showdown Captain Mode,5.0,3,23,1,100.0,2026-10-04 13:30:00+00:00,Sun 9:30AM
196205634,NFL Showdown $3 Double Up (IND vs WAS),154085,Showdown Captain Mode,3.0,2,39,1,102.0,2026-10-04 13:30:00+00:00,Sun 9:30AM
196205603,NFL Showdown $3 Double Up (IND vs WAS),154085,Showdown Captain Mode,3.0,2,23,1,60.0,2026-10-04 13:30:00+00:00,Sun 9:30AM
196205602,NFL Showdown $3 Double Up (IND vs WAS),154085,Showdown Captain Mode,3.0,2,23,1,60.0,2026-10-04 13:30:00+00:00,Sun 9:30AM
196205601,NFL Showdown $3 Double Up (IND vs WAS),154085,Showdown Captain Mode,3.0,2,23,1,60.0,2026-10-04 13:30:00+00:00,Sun 9:30AM
196205600,NFL Showdown $3 Double Up (IND vs WAS),154085,Showdown Captain Mode,3.0,2,23,1,60.0,2026-10-04 13:30:00+00:00,Sun 9:30AM
196205599,NFL Showdown $3 Double Up (IND vs WAS),154085,Showdown Captain Mode,3.0,2,23,1,60.0,2026-10-04 13:30:00+00:00,Sun 9:30AM
196205598,NFL Showdown $3 Double Up (IND vs WAS),154085,Showdown Captain Mode,3.0,2,23,1,60.0,2026-10-04 13:30:00+00:00,Sun 9:30AM
196205636,NFL Showdown $1 Double Up (IND vs WAS),154085,Showdown Captain Mode,1.0,4,62,1,54.0,2026-10-04 13:30:00+00:00,Sun 9:30AM
196205639,NFL Showdown $1 Double Up (IND vs WAS),154085,Showdown Captain Mode,1.0,2,39,1,34.0,2026-10-04 13:30:00+00:00,Sun 9:30AM
196205638,NFL Showdown $1 Double Up (IND vs WAS),154085,Showdown Captain Mode,1.0,2,39,1,34.0,2026-10-04 13:30:00+00:00,Sun 9:30AM
196205637,NFL Showdown $1 Double Up (IND vs WAS),154085,Showdown Captain Mode,1.0,2,39,1,34.0,2026-10-04 13:30:00+00:00,Sun 9:30AM
196205649,NFL Showdown $1 Double Up (IND vs WAS),154085,Showdown Captain Mode,1.0,3,23,1,20.0,2026-10-04 13:30:00+00:00,Sun 9:30AM
196205648,NFL Showdown $1 Double Up (IND vs WAS),154085,Showdown Captain Mode,1.0,2,23,1,20.0,2026-10-04 13:30:00+00:00,Sun 9:30AM
196205647,NFL Showdown $1 Double Up (IND vs WAS),154085,Showdown Captain Mode,1.0,2,23,1,20.0,2026-10-04 13:30:00+00:00,Sun 9:30AM
196205646,NFL Showdown $1 Double Up (IND vs WAS),154085,Showdown Captain Mode,1.0,2,23,1,20.0,2026-10-04 13:30:00+00:00,Sun 9:30AM
196205645,NFL Showdown $1 Double Up (IND vs WAS),154085,Showdown Captain Mode,1.0,2,23,1,20.0,2026-10-04 13:30:00+00:00,Sun 9:30AM
196205644,NFL Showdown $1 Double Up (IND vs WAS),154085,Showdown Captain Mode,1.0,2,23,1,20.0,2026-10-04 13:30:00+00:00,Sun 9:30AM
196205643,NFL Showdown $1 Double Up (IND vs WAS),154085,Showdown Captain Mode,1.0,2,23,1,20.0,2026-10-04 13:30:00+00:00,Sun 9:30AM
196205642,NFL Showdown $1 Double Up (IND vs WAS),154085,Showdown Captain Mode,1.0,2,23,1,20.0,2026-10-04 13:30:00+00:00,Sun 9:30AM
196205609,NFL Showdown $1 Double Up (IND vs WAS),154085,Showdown Captain Mode,1.0,2,23,1,20.0,2026-10-04 13:30:00+00:00,Sun 9:30AM
196205608,NFL Showdown $1 Double Up (IND vs WAS),154085,Showdown Captain Mode,1.0,2,23,1,20.0,2026-10-04 13:30:00+00:00,Sun 9:30AM
196205607,NFL Showdown $1 Double Up (IND vs WAS),154085,Showdown Captain Mode,1.0,2,23,1,20.0,2026-10-04 13:30:00+00:00,Sun 9:30AM
196205606,NFL Showdown $1 Double Up (IND vs WAS),154085,Showdown Captain Mode,1.0,2,23,1,20.0,2026-10-04 13:30:00+00:00,Sun 9:30AM
196205605,NFL Showdown $1 Double Up (IND vs WAS),154085,Showdown Captain Mode,1.0,2,23,1,20.0,2026-10-04 13:30:00+00:00,Sun 9:30AM
196205604,NFL Showdown $1 Double Up (IND vs WAS),154085,Showdown Captain Mode,1.0,3,23,1,20.0,2026-10-04 13:30:00+00:00,Sun 9:30AM
196200713,NFL Showdown FREE 200-Player (IND vs WAS),154085,Showdown Captain Mode,0.0,54,200,1,0.0,2026-10-04 13:30:00+00:00,Sun 9:30AM
196170396,NFL $5K Mini Gridiron,154078,Classic,27.0,13,215,6,5000.0,2026-10-04 17:00:00+00:00,Sun 1:00PM
196170026,NFL $5K Mini Hail Mary,154078,Classic,12.0,15,490,14,5000.0,2026-10-04 17:00:00+00:00,Sun 1:00PM
196170035,NFL $5K Mini Slant,154078,Classic,9.0,19,653,19,5000.0,2026-10-04 17:00:00+00:00,Sun 1:00PM
196170250,NFL $5K Mini Flea Flicker,154078,Classic,5.0,54,1189,35,5000.0,2026-10-04 17:00:00+00:00,Sun 1:00PM
196170351,NFL $5K Mini Play-Action,154078,Classic,3.0,107,1981,20,5000.0,2026-10-04 17:00:00+00:00,Sun 1:00PM
196170473,NFL $4K Mini First Down,154078,Classic,1.0,421,4756,20,4000.0,2026-10-04 17:00:00+00:00,Sun 1:00PM
196170406,NFL $250 Dime Package [Just $0.10!],154078,Classic,0.1,715,2972,20,250.0,2026-10-04 17:00:00+00:00,Sun 1:00PM
196170405,NFL $250 Dime Package [Just $0.10!],154078,Classic,0.1,475,2972,20,250.0,2026-10-04 17:00:00+00:00,Sun 1:00PM
196170404,NFL $250 Dime Package [Just $0.10!],154078,Classic,0.1,412,2972,20,250.0,2026-10-04 17:00:00+00:00,Sun 1:00PM
196170403,NFL $250 Dime Package [Just $0.10!],154078,Classic,0.1,352,2972,20,250.0,2026-10-04 17:00:00+00:00,Sun 1:00PM
196170402,NFL $250 Dime Package [Just $0.10!],154078,Classic,0.1,366,2972,20,250.0,2026-10-04 17:00:00+00:00,Sun 1:00PM
196170401,NFL $250 Dime Package [Just $0.10!],154078,Classic,0.1,267,2972,20,250.0,2026-10-04 17:00:00+00:00,Sun 1:00PM
196170400,NFL $250 Dime Package [Just $0.10!],154078,Classic,0.1,283,2972,20,250.0,2026-10-04 17:00:00+00:00,Sun 1:00PM
196170399,NFL $250 Dime Package [Just $0.10!],154078,Classic,0.1,279,2972,20,250.0,2026-10-04 17:00:00+00:00,Sun 1:00PM
196170398,NFL $250 Dime Package [Just $0.10!],154078,Classic,0.1,285,2972,20,250.0,2026-10-04 17:00:00+00:00,Sun 1:00PM
196170397,NFL $250 Dime Package [Just $0.10!],154078,Classic,0.1,282,2972,20,250.0,2026-10-04 17:00:00+00:00,Sun 1:00PM
196170705,NFL SUPERSat to $20 NFL Fantasy Football Millionaire [4x],154078,Classic,4.0,10,23,1,80.0,2026-10-04 17:00:00+00:00,Sun 1:00PM
196170704,NFL SUPERSat to $20 NFL Fantasy Football Millionaire [4x],154078,Classic,4.0,9,23,1,80.0,2026-10-04 17:00:00+00:00,Sun 1:00PM
196170703,NFL SUPERSat to $20 NFL Fantasy Football Millionaire [4x],154078,Classic,4.0,8,23,1,80.0,2026-10-04 17:00:00+00:00,Sun 1:00PM
196170702,NFL SUPERSat to $20 NFL Fantasy Football Millionaire [2x],154078,Classic,0.25,44,190,5,40.0,2026-10-04 17:00:00+00:00,Sun 1:00PM
196170701,NFL SUPERSat to $20 NFL Fantasy Football Millionaire [2x],154078,Classic,0.25,41,190,5,40.0,2026-10-04 17:00:00+00:00,Sun 1:00PM
196170700,NFL SUPERSat to $20 NFL Fantasy Football Millionaire [2x],154078,Classic,0.25,31,190,5,40.0,2026-10-04 17:00:00+00:00,Sun 1:00PM
196170699,NFL SUPERSat to $20 NFL Fantasy Football Millionaire [2x],154078,Classic,0.25,31,190,5,40.0,2026-10-04 17:00:00+00:00,Sun 1:00PM
196170698,NFL SUPERSat to $20 NFL Fantasy Football Millionaire [2x],154078,Classic,0.25,28,190,5,40.0,2026-10-04 17:00:00+00:00,Sun 1:00PM
196170697,NFL SUPERSat to $20 NFL Fantasy Football Millionaire [2x],154078,Classic,0.25,28,190,5,40.0,2026-10-04 17:00:00+00:00,Sun 1:00PM
196170696,NFL SUPERSat to $20 NFL Fantasy Football Millionaire [2x],154078,Classic,0.25,26,190,5,40.0,2026-10-04 17:00:00+00:00,Sun 1:00PM
196170695,NFL SUPERSat to $20 NFL Fantasy Football Millionaire [2x],154078,Classic,0.25,25,190,5,40.0,2026-10-04 17:00:00+00:00,Sun 1:00PM
196170694,NFL SUPERSat to $20 NFL Fantasy Football Millionaire [2x],154078,Classic,0.25,26,190,5,40.0,2026-10-04 17:00:00+00:00,Sun 1:00PM
196170693,NFL SUPERSat to $20 NFL Fantasy Football Millionaire [2x],154078,Classic,0.25,24,190,5,40.0,2026-10-04 17:00:00+00:00,Sun 1:00PM
196170692,NFL SUPERSat to $20 NFL Fantasy Football Millionaire [2x],154078,Classic,0.25,26,190,5,40.0,2026-10-04 17:00:00+00:00,Sun 1:00PM
196170691,NFL SUPERSat to $20 NFL Fantasy Football Millionaire [2x],154078,Classic,0.25,23,190,5,40.0,2026-10-04 17:00:00+00:00,Sun 1:00PM
196170690,NFL SUPERSat to $20 NFL Fantasy Football Millionaire [2x],154078,Classic,0.25,25,190,5,40.0,2026-10-04 17:00:00+00:00,Sun 1:00PM
196170689,NFL SUPERSat to $20 NFL Fantasy Football Millionaire [2x],154078,Classic,0.25,25,190,5,40.0,2026-10-04 17:00:00+00:00,Sun 1:00PM
196170688,NFL SUPERSat to $20 NFL Fantasy Football Millionaire [2x],154078,Classic,0.25,24,190,5,40.0,2026-10-04 17:00:00+00:00,Sun 1:00PM
196170587,NFL Satellite to $20 NFL Fantasy Football Millionaire,154078,Classic,2.0,4,11,1,20.0,2026-10-04 17:00:00+00:00,Sun 1:00PM
196170586,NFL Satellite to $20 NFL Fantasy Football Millionaire,154078,Classic,2.0,4,11,1,20.0,2026-10-04 17:00:00+00:00,Sun 1:00PM
196170585,NFL Satellite to $20 NFL Fantasy Football Millionaire,154078,Classic,2.0,6,11,1,20.0,2026-10-04 17:00:00+00:00,Sun 1:00PM
196170584,NFL Satellite to $20 NFL Fantasy Football Millionaire,154078,Classic,2.0,4,11,1,20.0,2026-10-04 17:00:00+00:00,Sun 1:00PM
196170583,NFL Satellite to $20 NFL Fantasy Football Millionaire,154078,Classic,2.0,4,11,1,20.0,2026-10-04 17:00:00+00:00,Sun 1:00PM
196170582,NFL Satellite to $20 NFL Fantasy Football Millionaire,154078,Classic,2.0,3,11,1,20.0,2026-10-04 17:00:00+00:00,Sun 1:00PM
196170581,NFL Satellite to $20 NFL Fantasy Football Millionaire,154078,Classic,2.0,2,11,1,20.0,2026-10-04 17:00:00+00:00,Sun 1:00PM
196170580,NFL Satellite to $20 NFL Fantasy Football Millionaire,154078,Classic,2.0,3,11,1,20.0,2026-10-04 17:00:00+00:00,Sun 1:00PM
196170579,NFL Satellite to $20 NFL Fantasy Football Millionaire,154078,Classic,2.0,2,11,1,20.0,2026-10-04 17:00:00+00:00,Sun 1:00PM
196170578,NFL Satellite to $20 NFL Fantasy Football Millionaire,154078,Classic,2.0,3,11,1,20.0,2026-10-04 17:00:00+00:00,Sun 1:00PM
196170577,NFL Satellite to $20 NFL Fantasy Football Millionaire,154078,Classic,2.0,2,11,1,20.0,2026-10-04 17:00:00+00:00,Sun 1:00PM
196170576,NFL Satellite to $20 NFL Fantasy Football Millionaire,154078,Classic,2.0,3,11,1,20.0,2026-10-04 17:00:00+00:00,Sun 1:00PM
196170575,NFL Satellite to $20 NFL Fantasy Football Millionaire,154078,Classic,2.0,2,11,1,20.0,2026-10-04 17:00:00+00:00,Sun 1:00PM
196170574,NFL Satellite to $20 NFL Fantasy Football Millionaire,154078,Classic,2.0,4,11,1,20.0,2026-10-04 17:00:00+00:00,Sun 1:00PM
196170573,NFL Satellite to $20 NFL Fantasy Football Millionaire,154078,Classic,2.0,2,11,1,20.0,2026-10-04 17:00:00+00:00,Sun 1:00PM
196170572,NFL Satellite to $20 NFL Fantasy Football Millionaire,154078,Classic,2.0,3,11,1,20.0,2026-10-04 17:00:00+00:00,Sun 1:00PM
196170571,NFL Satellite to $20 NFL Fantasy Football Millionaire,154078,Classic,2.0,3,11,1,20.0,2026-10-04 17:00:00+00:00,Sun 1:00PM
196170570,NFL Satellite to $20 NFL Fantasy Football Millionaire,154078,Classic,2.0,2,11,1,20.0,2026-10-04 17:00:00+00:00,Sun 1:00PM
196170569,NFL Satellite to $20 NFL Fantasy Football Millionaire,154078,Classic,2.0,3,11,1,20.0,2026-10-04 17:00:00+00:00,Sun 1:00PM
196170568,NFL Satellite to $20 NFL Fantasy Football Millionaire,154078,Classic,2.0,2,11,1,20.0,2026-10-04 17:00:00+00:00,Sun 1:00PM
196170567,NFL Satellite to $20 NFL Fantasy Football Millionaire,154078,Classic,2.0,3,11,1,20.0,2026-10-04 17:00:00+00:00,Sun 1:00PM
196170566,NFL Satellite to $20 NFL Fantasy Football Millionaire,154078,Classic,2.0,2,11,1,20.0,2026-10-04 17:00:00+00:00,Sun 1:00PM
196170565,NFL Satellite to $20 NFL Fantasy Football Millionaire,154078,Classic,2.0,2,11,1,20.0,2026-10-04 17:00:00+00:00,Sun 1:00PM
196170564,NFL Satellite to $20 NFL Fantasy Football Millionaire,154078,Classic,2.0,2,11,1,20.0,2026-10-04 17:00:00+00:00,Sun 1:00PM
196170563,NFL Satellite to $20 NFL Fantasy Football Millionaire,154078,Classic,2.0,3,11,1,20.0,2026-10-04 17:00:00+00:00,Sun 1:00PM
196170562,NFL Satellite to $20 NFL Fantasy Football Millionaire,154078,Classic,2.0,2,11,1,20.0,2026-10-04 17:00:00+00:00,Sun 1:00PM
196170561,NFL Satellite to $20 NFL Fantasy Football Millionaire,154078,Classic,2.0,2,11,1,20.0,2026-10-04 17:00:00+00:00,Sun 1:00PM
196170560,NFL Satellite to $20 NFL Fantasy Football Millionaire,154078,Classic,2.0,2,11,1,20.0,2026-10-04 17:00:00+00:00,Sun 1:00PM
196170559,NFL Satellite to $20 NFL Fantasy Football Millionaire,154078,Classic,2.0,2,11,1,20.0,2026-10-04 17:00:00+00:00,Sun 1:00PM
196170558,NFL Satellite to $20 NFL Fantasy Football Millionaire,154078,Classic,2.0,2,11,1,20.0,2026-10-04 17:00:00+00:00,Sun 1:00PM
196170557,NFL Satellite to $20 NFL Fantasy Football Millionaire,154078,Classic,2.0,2,11,1,20.0,2026-10-04 17:00:00+00:00,Sun 1:00PM
196170556,NFL Satellite to $20 NFL Fantasy Football Millionaire,154078,Classic,2.0,2,11,1,20.0,2026-10-04 17:00:00+00:00,Sun 1:00PM
196170555,NFL Satellite to $20 NFL Fantasy Football Millionaire,154078,Classic,2.0,2,11,1,20.0,2026-10-04 17:00:00+00:00,Sun 1:00PM
196170554,NFL Satellite to $20 NFL Fantasy Football Millionaire,154078,Classic,2.0,2,11,1,20.0,2026-10-04 17:00:00+00:00,Sun 1:00PM
196170553,NFL Satellite to $20 NFL Fantasy Football Millionaire,154078,Classic,2.0,2,11,1,20.0,2026-10-04 17:00:00+00:00,Sun 1:00PM
196170552,NFL Satellite to $20 NFL Fantasy Football Millionaire,154078,Classic,2.0,2,11,1,20.0,2026-10-04 17:00:00+00:00,Sun 1:00PM
196170551,NFL Satellite to $20 NFL Fantasy Football Millionaire,154078,Classic,2.0,2,11,1,20.0,2026-10-04 17:00:00+00:00,Sun 1:00PM
196170550,NFL Satellite to $20 NFL Fantasy Football Millionaire,154078,Classic,2.0,2,11,1,20.0,2026-10-04 17:00:00+00:00,Sun 1:00PM
196170549,NFL Satellite to $20 NFL Fantasy Football Millionaire,154078,Classic,2.0,2,11,1,20.0,2026-10-04 17:00:00+00:00,Sun 1:00PM
196170548,NFL Satellite to $20 NFL Fantasy Football Millionaire,154078,Classic,2.0,2,11,1,20.0,2026-10-04 17:00:00+00:00,Sun 1:00PM
196170627,NFL Satellite to $20 NFL Fantasy Football Millionaire,154078,Classic,1.0,11,23,1,20.0,2026-10-04 17:00:00+00:00,Sun 1:00PM
196170626,NFL Satellite to $20 NFL Fantasy Football Millionaire,154078,Classic,1.0,11,23,1,20.0,2026-10-04 17:00:00+00:00,Sun 1:00PM
196170625,NFL Satellite to $20 NFL Fantasy Football Millionaire,154078,Classic,1.0,9,23,1,20.0,2026-10-04 17:00:00+00:00,Sun 1:00PM
196170624,NFL Satellite to $20 NFL Fantasy Football Millionaire,154078,Classic,1.0,10,23,1,20.0,2026-10-04 17:00:00+00:00,Sun 1:00PM
196170623,NFL Satellite to $20 NFL Fantasy Football Millionaire,154078,Classic,1.0,8,23,1,20.0,2026-10-04 17:00:00+00:00,Sun 1:00PM
196170622,NFL Satellite to $20 NFL Fantasy Football Millionaire,154078,Classic,1.0,7,23,1,20.0,2026-10-04 17:00:00+00:00,Sun 1:00PM
196170621,NFL Satellite to $20 NFL Fantasy Football Millionaire,154078,Classic,1.0,6,23,1,20.0,2026-10-04 17:00:00+00:00,Sun 1:00PM
196170620,NFL Satellite to $20 NFL Fantasy Football Millionaire,154078,Classic,1.0,6,23,1,20.0,2026-10-04 17:00:00+00:00,Sun 1:00PM
196170619,NFL Satellite to $20 NFL Fantasy Football Millionaire,154078,Classic,1.0,4,23,1,20.0,2026-10-04 17:00:00+00:00,Sun 1:00PM
196170618,NFL Satellite to $20 NFL Fantasy Football Millionaire,154078,Classic,1.0,4,23,1,20.0,2026-10-04 17:00:00+00:00,Sun 1:00PM
196170617,NFL Satellite to $20 NFL Fantasy Football Millionaire,154078,Classic,1.0,4,23,1,20.0,2026-10-04 17:00:00+00:00,Sun 1:00PM
196170616,NFL Satellite to $20 NFL Fantasy Football Millionaire,154078,Classic,1.0,4,23,1,20.0,2026-10-04 17:00:00+00:00,Sun 1:00PM
196170615,NFL Satellite to $20 NFL Fantasy Football Millionaire,154078,Classic,1.0,4,23,1,20.0,2026-10-04 17:00:00+00:00,Sun 1:00PM
196170614,NFL Satellite to $20 NFL Fantasy Football Millionaire,154078,Classic,1.0,4,23,1,20.0,2026-10-04 17:00:00+00:00,Sun 1:00PM
196170613,NFL Satellite to $20 NFL Fantasy Football Millionaire,154078,Classic,1.0,5,23,1,20.0,2026-10-04 17:00:00+00:00,Sun 1:00PM
196170612,NFL Satellite to $20 NFL Fantasy Football Millionaire,154078,Classic,1.0,5,23,1,20.0,2026-10-04 17:00:00+00:00,Sun 1:00PM
196170611,NFL Satellite to $20 NFL Fantasy Football Millionaire,154078,Classic,1.0,4,23,1,20.0,2026-10-04 17:00:00+00:00,Sun 1:00PM
196170610,NFL Satellite to $20 NFL Fantasy Football Millionaire,154078,Classic,1.0,4,23,1,20.0,2026-10-04 17:00:00+00:00,Sun 1:00PM
196170609,NFL Satellite to $20 NFL Fantasy Football Millionaire,154078,Classic,1.0,4,23,1,20.0,2026-10-04 17:00:00+00:00,Sun 1:00PM
196170608,NFL Satellite to $20 NFL Fantasy Football Millionaire,154078,Classic,1.0,4,23,1,20.0,2026-10-04 17:00:00+00:00,Sun 1:00PM
196170607,NFL Satellite to $20 NFL Fantasy Football Millionaire,154078,Classic,1.0,4,23,1,20.0,2026-10-04 17:00:00+00:00,Sun 1:00PM
196170606,NFL Satellite to $20 NFL Fantasy Football Millionaire,154078,Classic,1.0,4,23,1,20.0,2026-10-04 17:00:00+00:00,Sun 1:00PM
196170605,NFL Satellite to $20 NFL Fantasy Football Millionaire,154078,Classic,1.0,4,23,1,20.0,2026-10-04 17:00:00+00:00,Sun 1:00PM
196170604,NFL Satellite to $20 NFL Fantasy Football Millionaire,154078,Classic,1.0,4,23,1,20.0,2026-10-04 17:00:00+00:00,Sun 1:00PM
196170603,NFL Satellite to $20 NFL Fantasy Football Millionaire,154078,Classic,1.0,4,23,1,20.0,2026-10-04 17:00:00+00:00,Sun 1:00PM
196170602,NFL Satellite to $20 NFL Fantasy Football Millionaire,154078,Classic,1.0,4,23,1,20.0,2026-10-04 17:00:00+00:00,Sun 1:00PM
196170601,NFL Satellite to $20 NFL Fantasy Football Millionaire,154078,Classic,1.0,4,23,1,20.0,2026-10-04 17:00:00+00:00,Sun 1:00PM
196170600,NFL Satellite to $20 NFL Fantasy Football Millionaire,154078,Classic,1.0,4,23,1,20.0,2026-10-04 17:00:00+00:00,Sun 1:00PM
196170599,NFL Satellite to $20 NFL Fantasy Football Millionaire,154078,Classic,1.0,4,23,1,20.0,2026-10-04 17:00:00+00:00,Sun 1:00PM
196170598,NFL Satellite to $20 NFL Fantasy Football Millionaire,154078,Classic,1.0,4,23,1,20.0,2026-10-04 17:00:00+00:00,Sun 1:00PM
196170597,NFL Satellite to $20 NFL Fantasy Football Millionaire,154078,Classic,1.0,4,23,1,20.0,2026-10-04 17:00:00+00:00,Sun 1:00PM
196170596,NFL Satellite to $20 NFL Fantasy Football Millionaire,154078,Classic,1.0,5,23,1,20.0,2026-10-04 17:00:00+00:00,Sun 1:00PM
196170595,NFL Satellite to $20 NFL Fantasy Football Millionaire,154078,Classic,1.0,4,23,1,20.0,2026-10-04 17:00:00+00:00,Sun 1:00PM
196170594,NFL Satellite to $20 NFL Fantasy Football Millionaire,154078,Classic,1.0,5,23,1,20.0,2026-10-04 17:00:00+00:00,Sun 1:00PM
196170593,NFL Satellite to $20 NFL Fantasy Football Millionaire,154078,Classic,1.0,4,23,1,20.0,2026-10-04 17:00:00+00:00,Sun 1:00PM
196170592,NFL Satellite to $20 NFL Fantasy Football Millionaire,154078,Classic,1.0,5,23,1,20.0,2026-10-04 17:00:00+00:00,Sun 1:00PM
196170591,NFL Satellite to $20 NFL Fantasy Football Millionaire,154078,Classic,1.0,5,23,1,20.0,2026-10-04 17:00:00+00:00,Sun 1:00PM
196170590,NFL Satellite to $20 NFL Fantasy Football Millionaire,154078,Classic,1.0,5,23,1,20.0,2026-10-04 17:00:00+00:00,Sun 1:00PM
196170589,NFL Satellite to $20 NFL Fantasy Football Millionaire,154078,Classic,1.0,5,23,1,20.0,2026-10-04 17:00:00+00:00,Sun 1:00PM
196170588,NFL Satellite to $20 NFL Fantasy Football Millionaire,154078,Classic,1.0,5,23,1,20.0,2026-10-04 17:00:00+00:00,Sun 1:00PM
196170637,NFL Satellite to $20 NFL Fantasy Football Millionaire,154078,Classic,0.25,19,95,2,20.0,2026-10-04 17:00:00+00:00,Sun 1:00PM
196170636,NFL Satellite to $20 NFL Fantasy Football Millionaire,154078,Classic,0.25,18,95,2,20.0,2026-10-04 17:00:00+00:00,Sun 1:00PM
196170635,NFL Satellite to $20 NFL Fantasy Football Millionaire,154078,Classic,0.25,17,95,2,20.0,2026-10-04 17:00:00+00:00,Sun 1:00PM
196170634,NFL Satellite to $20 NFL Fantasy Football Millionaire,154078,Classic,0.25,20,95,2,20.0,2026-10-04 17:00:00+00:00,Sun 1:00PM
196170633,NFL Satellite to $20 NFL Fantasy Football Millionaire,154078,Classic,0.25,20,95,2,20.0,2026-10-04 17:00:00+00:00,Sun 1:00PM
196170632,NFL Satellite to $20 NFL Fantasy Football Millionaire,154078,Classic,0.25,15,95,2,20.0,2026-10-04 17:00:00+00:00,Sun 1:00PM
196170631,NFL Satellite to $20 NFL Fantasy Football Millionaire,154078,Classic,0.25,15,95,2,20.0,2026-10-04 17:00:00+00:00,Sun 1:00PM
196170630,NFL Satellite to $20 NFL Fantasy Football Millionaire,154078,Classic,0.25,14,95,2,20.0,2026-10-04 17:00:00+00:00,Sun 1:00PM
196170629,NFL Satellite to $20 NFL Fantasy Football Millionaire,154078,Classic,0.25,18,95,2,20.0,2026-10-04 17:00:00+00:00,Sun 1:00PM
196170628,NFL Satellite to $20 NFL Fantasy Football Millionaire,154078,Classic,0.25,14,95,2,20.0,2026-10-04 17:00:00+00:00,Sun 1:00PM
196170687,NFL Satellite to $20 NFL Fantasy Football Millionaire,154078,Classic,0.1,119,237,7,20.0,2026-10-04 17:00:00+00:00,Sun 1:00PM
196170686,NFL Satellite to $20 NFL Fantasy Football Millionaire,154078,Classic,0.1,99,237,7,20.0,2026-10-04 17:00:00+00:00,Sun 1:00PM
196170685,NFL Satellite to $20 NFL Fantasy Football Millionaire,154078,Classic,0.1,87,237,7,20.0,2026-10-04 17:00:00+00:00,Sun 1:00PM
196170684,NFL Satellite to $20 NFL Fantasy Football Millionaire,154078,Classic,0.1,88,237,7,20.0,2026-10-04 17:00:00+00:00,Sun 1:00PM
196170683,NFL Satellite to $20 NFL Fantasy Football Millionaire,154078,Classic,0.1,88,237,7,20.0,2026-10-04 17:00:00+00:00,Sun 1:00PM
196170682,NFL Satellite to $20 NFL Fantasy Football Millionaire,154078,Classic,0.1,87,237,7,20.0,2026-10-04 17:00:00+00:00,Sun 1:00PM
196170681,NFL Satellite to $20 NFL Fantasy Football Millionaire,154078,Classic,0.1,73,237,7,20.0,2026-10-04 17:00:00+00:00,Sun 1:00PM
196170680,NFL Satellite to $20 NFL Fantasy Football Millionaire,154078,Classic,0.1,75,237,7,20.0,2026-10-04 17:00:00+00:00,Sun 1:00PM
196170679,NFL Satellite to $20 NFL Fantasy Football Millionaire,154078,Classic,0.1,75,237,7,20.0,2026-10-04 17:00:00+00:00,Sun 1:00PM
196170678,NFL Satellite to $20 NFL Fantasy Football Millionaire,154078,Classic,0.1,71,237,7,20.0,2026-10-04 17:00:00+00:00,Sun 1:00PM
196170677,NFL Satellite to $20 NFL Fantasy Football Millionaire,154078,Classic,0.1,72,237,7,20.0,2026-10-04 17:00:00+00:00,Sun 1:00PM
196170676,NFL Satellite to $20 NFL Fantasy Football Millionaire,154078,Classic,0.1,71,237,7,20.0,2026-10-04 17:00:00+00:00,Sun 1:00PM
196170675,NFL Satellite to $20 NFL Fantasy Football Millionaire,154078,Classic,0.1,69,237,7,20.0,2026-10-04 17:00:00+00:00,Sun 1:00PM
196170674,NFL Satellite to $20 NFL Fantasy Football Millionaire,154078,Classic,0.1,68,237,7,20.0,2026-10-04 17:00:00+00:00,Sun 1:00PM
196170673,NFL Satellite to $20 NFL Fantasy Football Millionaire,154078,Classic,0.1,56,237,7,20.0,2026-10-04 17:00:00+00:00,Sun 1:00PM
196170672,NFL Satellite to $20 NFL Fantasy Football Millionaire,154078,Classic,0.1,57,237,7,20.0,2026-10-04 17:00:00+00:00,Sun 1:00PM
196170671,NFL Satellite to $20 NFL Fantasy Football Millionaire,154078,Classic,0.1,57,237,7,20.0,2026-10-04 17:00:00+00:00,Sun 1:00PM
196170670,NFL Satellite to $20 NFL Fantasy Football Millionaire,154078,Classic,0.1,56,237,7,20.0,2026-10-04 17:00:00+00:00,Sun 1:00PM
196170669,NFL Satellite to $20 NFL Fantasy Football Millionaire,154078,Classic,0.1,56,237,7,20.0,2026-10-04 17:00:00+00:00,Sun 1:00PM
196170668,NFL Satellite to $20 NFL Fantasy Football Millionaire,154078,Classic,0.1,57,237,7,20.0,2026-10-04 17:00:00+00:00,Sun 1:00PM
196170667,NFL Satellite to $20 NFL Fantasy Football Millionaire,154078,Classic,0.1,57,237,7,20.0,2026-10-04 17:00:00+00:00,Sun 1:00PM
196170666,NFL Satellite to $20 NFL Fantasy Football Millionaire,154078,Classic,0.1,57,237,7,20.0,2026-10-04 17:00:00+00:00,Sun 1:00PM
196170665,NFL Satellite to $20 NFL Fantasy Football Millionaire,154078,Classic,0.1,56,237,7,20.0,2026-10-04 17:00:00+00:00,Sun 1:00PM
196170664,NFL Satellite to $20 NFL Fantasy Football Millionaire,154078,Classic,0.1,59,237,7,20.0,2026-10-04 17:00:00+00:00,Sun 1:00PM
196170663,NFL Satellite to $20 NFL Fantasy Football Millionaire,154078,Classic,0.1,57,237,7,20.0,2026-10-04 17:00:00+00:00,Sun 1:00PM
196170662,NFL Satellite to $20 NFL Fantasy Football Millionaire,154078,Classic,0.1,55,237,7,20.0,2026-10-04 17:00:00+00:00,Sun 1:00PM
196170661,NFL Satellite to $20 NFL Fantasy Football Millionaire,154078,Classic,0.1,55,237,7,20.0,2026-10-04 17:00:00+00:00,Sun 1:00PM
196170660,NFL Satellite to $20 NFL Fantasy Football Millionaire,154078,Classic,0.1,55,237,7,20.0,2026-10-04 17:00:00+00:00,Sun 1:00PM
196170659,NFL Satellite to $20 NFL Fantasy Football Millionaire,154078,Classic,0.1,52,237,7,20.0,2026-10-04 17:00:00+00:00,Sun 1:00PM
196170658,NFL Satellite to $20 NFL Fantasy Football Millionaire,154078,Classic,0.1,52,237,7,20.0,2026-10-04 17:00:00+00:00,Sun 1:00PM
196170657,NFL Satellite to $20 NFL Fantasy Football Millionaire,154078,Classic,0.1,51,237,7,20.0,2026-10-04 17:00:00+00:00,Sun 1:00PM
196170656,NFL Satellite to $20 NFL Fantasy Football Millionaire,154078,Classic,0.1,52,237,7,20.0,2026-10-04 17:00:00+00:00,Sun 1:00PM
196170655,NFL Satellite to $20 NFL Fantasy Football Millionaire,154078,Classic,0.1,49,237,7,20.0,2026-10-04 17:00:00+00:00,Sun 1:00PM
196170654,NFL Satellite to $20 NFL Fantasy Football Millionaire,154078,Classic,0.1,50,237,7,20.0,2026-10-04 17:00:00+00:00,Sun 1:00PM
196170653,NFL Satellite to $20 NFL Fantasy Football Millionaire,154078,Classic,0.1,41,237,7,20.0,2026-10-04 17:00:00+00:00,Sun 1:00PM
196170652,NFL Satellite to $20 NFL Fantasy Football Millionaire,154078,Classic,0.1,50,237,7,20.0,2026-10-04 17:00:00+00:00,Sun 1:00PM
196170651,NFL Satellite to $20 NFL Fantasy Football Millionaire,154078,Classic,0.1,46,237,7,20.0,2026-10-04 17:00:00+00:00,Sun 1:00PM
196170650,NFL Satellite to $20 NFL Fantasy Football Millionaire,154078,Classic,0.1,47,237,7,20.0,2026-10-04 17:00:00+00:00,Sun 1:00PM
196170649,NFL Satellite to $20 NFL Fantasy Football Millionaire,154078,Classic,0.1,37,237,7,20.0,2026-10-04 17:00:00+00:00,Sun 1:00PM
196170648,NFL Satellite to $20 NFL Fantasy Football Millionaire,154078,Classic,0.1,38,237,7,20.0,2026-10-04 17:00:00+00:00,Sun 1:00PM
196170647,NFL Satellite to $20 NFL Fantasy Football Millionaire,154078,Classic,0.1,37,237,7,20.0,2026-10-04 17:00:00+00:00,Sun 1:00PM
196170646,NFL Satellite to $20 NFL Fantasy Football Millionaire,154078,Classic,0.1,41,237,7,20.0,2026-10-04 17:00:00+00:00,Sun 1:00PM
196170645,NFL Satellite to $20 NFL Fantasy Football Millionaire,154078,Classic,0.1,37,237,7,20.0,2026-10-04 17:00:00+00:00,Sun 1:00PM
196170644,NFL Satellite to $20 NFL Fantasy Football Millionaire,154078,Classic,0.1,36,237,7,20.0,2026-10-04 17:00:00+00:00,Sun 1:00PM
196170643,NFL Satellite to $20 NFL Fantasy Football Millionaire,154078,Classic,0.1,35,237,7,20.0,2026-10-04 17:00:00+00:00,Sun 1:00PM
196170642,NFL Satellite to $20 NFL Fantasy Football Millionaire,154078,Classic,0.1,31,237,7,20.0,2026-10-04 17:00:00+00:00,Sun 1:00PM
196170641,NFL Satellite to $20 NFL Fantasy Football Millionaire,154078,Classic,0.1,31,237,7,20.0,2026-10-04 17:00:00+00:00,Sun 1:00PM
196170640,NFL Satellite to $20 NFL Fantasy Football Millionaire,154078,Classic,0.1,31,237,7,20.0,2026-10-04 17:00:00+00:00,Sun 1:00PM
196170639,NFL Satellite to $20 NFL Fantasy Football Millionaire,154078,Classic,0.1,30,237,7,20.0,2026-10-04 17:00:00+00:00,Sun 1:00PM
196170638,NFL Satellite to $20 NFL Fantasy Football Millionaire,154078,Classic,0.1,45,237,7,20.0,2026-10-04 17:00:00+00:00,Sun 1:00PM
196170774,NFL $50 2026 FFWC Qualifier Satellite,154078,Classic,2.0,4,29,1,50.0,2026-10-04 17:00:00+00:00,Sun 1:00PM
196170750,NFL $33 2026 FFWC Qualifier Satellite,154078,Classic,3.0,3,13,1,33.0,2026-10-04 17:00:00+00:00,Sun 1:00PM
196170749,NFL $33 2026 FFWC Qualifier Satellite,154078,Classic,1.0,5,39,1,33.0,2026-10-04 17:00:00+00:00,Sun 1:00PM
196170748,NFL $18 2026 FFWC Qualifier Satellite,154078,Classic,3.0,2,7,1,18.0,2026-10-04 17:00:00+00:00,Sun 1:00PM
196170747,NFL $18 2026 FFWC Qualifier Satellite,154078,Classic,3.0,2,7,1,18.0,2026-10-04 17:00:00+00:00,Sun 1:00PM
196170746,NFL $18 2026 FFWC Qualifier Satellite,154078,Classic,1.0,4,21,1,18.0,2026-10-04 17:00:00+00:00,Sun 1:00PM
196170745,NFL $18 2026 FFWC Qualifier Satellite,154078,Classic,1.0,2,21,1,18.0,2026-10-04 17:00:00+00:00,Sun 1:00PM
196170744,NFL $18 2026 FFWC Qualifier Satellite,154078,Classic,0.25,10,85,2,18.0,2026-10-04 17:00:00+00:00,Sun 1:00PM
196170743,NFL $5 2026 FFWC Qualifier Satellite,154078,Classic,1.0,1,7,1,6.0,2026-10-04 17:00:00+00:00,Sun 1:00PM
196170742,NFL $5 2026 FFWC Qualifier Satellite,154078,Classic,1.0,1,7,1,6.0,2026-10-04 17:00:00+00:00,Sun 1:00PM
196170741,NFL $5 2026 FFWC Qualifier Satellite,154078,Classic,1.0,1,7,1,6.0,2026-10-04 17:00:00+00:00,Sun 1:00PM
196170740,NFL $5 2026 FFWC Qualifier Satellite,154078,Classic,1.0,1,7,1,6.0,2026-10-04 17:00:00+00:00,Sun 1:00PM
196170739,NFL $5 2026 FFWC Qualifier Satellite,154078,Classic,1.0,1,7,1,6.0,2026-10-04 17:00:00+00:00,Sun 1:00PM
196170738,NFL $5 2026 FFWC Qualifier Satellite,154078,Classic,1.0,1,7,1,6.0,2026-10-04 17:00:00+00:00,Sun 1:00PM
196170737,NFL $5 2026 FFWC Qualifier Satellite,154078,Classic,0.5,7,14,1,6.0,2026-10-04 17:00:00+00:00,Sun 1:00PM
196170736,NFL $5 2026 FFWC Qualifier Satellite,154078,Classic,0.5,4,14,1,6.0,2026-10-04 17:00:00+00:00,Sun 1:00PM
196170735,NFL $5 2026 FFWC Qualifier Satellite,154078,Classic,0.5,3,14,1,6.0,2026-10-04 17:00:00+00:00,Sun 1:00PM
196170734,NFL $5 2026 FFWC Qualifier Satellite,154078,Classic,0.5,3,14,1,6.0,2026-10-04 17:00:00+00:00,Sun 1:00PM
196170733,NFL $5 2026 FFWC Qualifier Satellite,154078,Classic,0.5,3,14,1,6.0,2026-10-04 17:00:00+00:00,Sun 1:00PM
196170732,NFL $5 2026 FFWC Qualifier Satellite,154078,Classic,0.5,3,14,1,6.0,2026-10-04 17:00:00+00:00,Sun 1:00PM
196170731,NFL $5 2026 FFWC Qualifier Satellite,154078,Classic,0.5,3,14,1,6.0,2026-10-04 17:00:00+00:00,Sun 1:00PM
196170730,NFL $5 2026 FFWC Qualifier Satellite,154078,Classic,0.5,3,14,1,6.0,2026-10-04 17:00:00+00:00,Sun 1:00PM
196170729,NFL $5 2026 FFWC Qualifier Satellite,154078,Classic,0.5,3,14,1,6.0,2026-10-04 17:00:00+00:00,Sun 1:00PM
196170728,NFL $5 2026 FFWC Qualifier Satellite,154078,Classic,0.5,3,14,1,6.0,2026-10-04 17:00:00+00:00,Sun 1:00PM
196170727,NFL $5 2026 FFWC Qualifier Satellite,154078,Classic,0.1,26,71,2,6.0,2026-10-04 17:00:00+00:00,Sun 1:00PM
196170726,NFL $5 2026 FFWC Qualifier Satellite,154078,Classic,0.1,20,71,2,6.0,2026-10-04 17:00:00+00:00,Sun 1:00PM
196170725,NFL $5 2026 FFWC Qualifier Satellite,154078,Classic,0.1,18,71,2,6.0,2026-10-04 17:00:00+00:00,Sun 1:00PM
196170724,NFL $5 2026 FFWC Qualifier Satellite,154078,Classic,0.1,18,71,2,6.0,2026-10-04 17:00:00+00:00,Sun 1:00PM
196170723,NFL $5 2026 FFWC Qualifier Satellite,154078,Classic,0.1,17,71,2,6.0,2026-10-04 17:00:00+00:00,Sun 1:00PM
196170722,NFL $5 2026 FFWC Qualifier Satellite,154078,Classic,0.1,16,71,2,6.0,2026-10-04 17:00:00+00:00,Sun 1:00PM
196170721,NFL $5 2026 FFWC Qualifier Satellite,154078,Classic,0.1,14,71,2,6.0,2026-10-04 17:00:00+00:00,Sun 1:00PM
196170720,NFL $5 2026 FFWC Qualifier Satellite,154078,Classic,0.1,14,71,2,6.0,2026-10-04 17:00:00+00:00,Sun 1:00PM
196170719,NFL $5 2026 FFWC Qualifier Satellite,154078,Classic,0.1,15,71,2,6.0,2026-10-04 17:00:00+00:00,Sun 1:00PM
196170718,NFL $5 2026 FFWC Qualifier Satellite,154078,Classic,0.1,13,71,2,6.0,2026-10-04 17:00:00+00:00,Sun 1:00PM
196172278,NFL Satellite to UFC 333 $25 Special (10-24) [2x],154078,Classic,3.0,2,19,1,50.0,2026-10-04 17:00:00+00:00,Sun 1:00PM
196172277,NFL Satellite to UFC 333 $25 Special (10-24) [2x],154078,Classic,3.0,2,19,1,50.0,2026-10-04 17:00:00+00:00,Sun 1:00PM
196172269,NFL Satellite to UFC 333 $25 Special (10-24),154078,Classic,0.1,11,297,8,25.0,2026-10-04 17:00:00+00:00,Sun 1:00PM
196172268,NFL Satellite to UFC 333 $25 Special (10-24),154078,Classic,0.1,11,297,8,25.0,2026-10-04 17:00:00+00:00,Sun 1:00PM
196172267,NFL Satellite to UFC 333 $25 Special (10-24),154078,Classic,0.1,11,297,8,25.0,2026-10-04 17:00:00+00:00,Sun 1:00PM
196172272,NFL Satellite to UFC 333 $25 Special (10-24),154078,Classic,0.25,4,118,3,25.0,2026-10-04 17:00:00+00:00,Sun 1:00PM
196172271,NFL Satellite to UFC 333 $25 Special (10-24),154078,Classic,0.25,4,118,3,25.0,2026-10-04 17:00:00+00:00,Sun 1:00PM
196172270,NFL Satellite to UFC 333 $25 Special (10-24),154078,Classic,0.25,4,118,3,25.0,2026-10-04 17:00:00+00:00,Sun 1:00PM
196172274,NFL Satellite to UFC 333 $25 Special (10-24),154078,Classic,0.5,3,59,1,25.0,2026-10-04 17:00:00+00:00,Sun 1:00PM
196172273,NFL Satellite to UFC 333 $25 Special (10-24),154078,Classic,0.5,3,59,1,25.0,2026-10-04 17:00:00+00:00,Sun 1:00PM
196172276,NFL Satellite to UFC 333 $25 Special (10-24),154078,Classic,1.0,1,29,1,25.0,2026-10-04 17:00:00+00:00,Sun 1:00PM
196172275,NFL Satellite to UFC 333 $25 Special (10-24),154078,Classic,1.0,2,29,1,25.0,2026-10-04 17:00:00+00:00,Sun 1:00PM
196172254,NFL SUPERSatellite to NBA 10-20 $20 Opening Tip Off [2x],154078,Classic,5.0,3,9,1,40.0,2026-10-04 17:00:00+00:00,Sun 1:00PM
196172253,NFL SUPERSatellite to NBA 10-20 $20 Opening Tip Off [2x],154078,Classic,0.25,17,190,5,40.0,2026-10-04 17:00:00+00:00,Sun 1:00PM
196172252,NFL SUPERSatellite to NBA 10-20 $20 Opening Tip Off [2x],154078,Classic,0.1,56,475,14,40.0,2026-10-04 17:00:00+00:00,Sun 1:00PM
196172251,NFL SUPERSatellite to NBA 10-20 $20 Opening Tip Off [2x],154078,Classic,0.1,51,475,14,40.0,2026-10-04 17:00:00+00:00,Sun 1:00PM
196172249,NFL Satellite to NBA 10-20 $20 Opening Tip Off,154078,Classic,2.0,2,11,1,20.0,2026-10-04 17:00:00+00:00,Sun 1:00PM
196172248,NFL Satellite to NBA 10-20 $20 Opening Tip Off,154078,Classic,2.0,2,11,1,20.0,2026-10-04 17:00:00+00:00,Sun 1:00PM
196172247,NFL Satellite to NBA 10-20 $20 Opening Tip Off,154078,Classic,1.0,2,23,1,20.0,2026-10-04 17:00:00+00:00,Sun 1:00PM
196172246,NFL Satellite to NBA 10-20 $20 Opening Tip Off,154078,Classic,0.25,6,95,2,20.0,2026-10-04 17:00:00+00:00,Sun 1:00PM
196172245,NFL Satellite to NBA 10-20 $20 Opening Tip Off,154078,Classic,0.25,6,95,2,20.0,2026-10-04 17:00:00+00:00,Sun 1:00PM
196172244,NFL Satellite to NBA 10-20 $20 Opening Tip Off,154078,Classic,0.1,17,237,7,20.0,2026-10-04 17:00:00+00:00,Sun 1:00PM
196172243,NFL Satellite to NBA 10-20 $20 Opening Tip Off,154078,Classic,0.1,19,237,7,20.0,2026-10-04 17:00:00+00:00,Sun 1:00PM
196172242,NFL Satellite to NBA 10-20 $20 Opening Tip Off,154078,Classic,0.1,19,237,7,20.0,2026-10-04 17:00:00+00:00,Sun 1:00PM
196172241,NFL Satellite to NBA 10-20 $20 Opening Tip Off,154078,Classic,0.1,17,237,7,20.0,2026-10-04 17:00:00+00:00,Sun 1:00PM
196172240,NFL Satellite to NBA 10-20 $20 Opening Tip Off,154078,Classic,0.1,17,237,7,20.0,2026-10-04 17:00:00+00:00,Sun 1:00PM
196172260,NFL Satellite to NBA Best Ball $20 Shootaround,154078,Classic,1.0,1,23,1,20.0,2026-10-04 17:00:00+00:00,Sun 1:00PM
196172259,NFL Satellite to NBA Best Ball $20 Shootaround,154078,Classic,1.0,3,23,1,20.0,2026-10-04 17:00:00+00:00,Sun 1:00PM
196172261,NFL Satellite to NBA Best Ball $20 Shootaround,154078,Classic,0.25,5,95,2,20.0,2026-10-04 17:00:00+00:00,Sun 1:00PM
196172263,NFL Satellite to NBA Best Ball $20 Shootaround,154078,Classic,0.1,26,237,7,20.0,2026-10-04 17:00:00+00:00,Sun 1:00PM
196172262,NFL Satellite to NBA Best Ball $20 Shootaround,154078,Classic,0.1,27,237,7,20.0,2026-10-04 17:00:00+00:00,Sun 1:00PM
196170018,NFL $3 Ticket SUPERSatellite [4x],154078,Classic,0.25,18,57,1,12.0,2026-10-04 17:00:00+00:00,Sun 1:00PM
196170017,NFL $3 Ticket SUPERSatellite [4x],154078,Classic,0.25,18,57,1,12.0,2026-10-04 17:00:00+00:00,Sun 1:00PM
196170437,NFL $10 Hundo [Single Entry],154078,Classic,10.0,32,100,1,900.0,2026-10-04 17:00:00+00:00,Sun 1:00PM
196170436,NFL $10 Hundo [Single Entry],154078,Classic,10.0,21,100,1,900.0,2026-10-04 17:00:00+00:00,Sun 1:00PM
196170435,NFL $10 Hundo [Single Entry],154078,Classic,10.0,18,100,1,900.0,2026-10-04 17:00:00+00:00,Sun 1:00PM
196170434,NFL $10 Hundo [Single Entry],154078,Classic,10.0,16,100,1,900.0,2026-10-04 17:00:00+00:00,Sun 1:00PM
196170472,NFL $5 Hundo [Single Entry],154078,Classic,5.0,26,100,1,450.0,2026-10-04 17:00:00+00:00,Sun 1:00PM
196170471,NFL $5 Hundo [Single Entry],154078,Classic,5.0,16,100,1,450.0,2026-10-04 17:00:00+00:00,Sun 1:00PM
196170470,NFL $5 Hundo [Single Entry],154078,Classic,5.0,15,100,1,450.0,2026-10-04 17:00:00+00:00,Sun 1:00PM
196170469,NFL $5 Hundo [Single Entry],154078,Classic,5.0,15,100,1,450.0,2026-10-04 17:00:00+00:00,Sun 1:00PM
196170468,NFL $3 Hundo [Single Entry],154078,Classic,3.0,30,100,1,270.0,2026-10-04 17:00:00+00:00,Sun 1:00PM
196170467,NFL $3 Hundo [Single Entry],154078,Classic,3.0,17,100,1,270.0,2026-10-04 17:00:00+00:00,Sun 1:00PM
196170466,NFL $3 Hundo [Single Entry],154078,Classic,3.0,17,100,1,270.0,2026-10-04 17:00:00+00:00,Sun 1:00PM
196170465,NFL $3 Hundo [Single Entry],154078,Classic,3.0,19,100,1,270.0,2026-10-04 17:00:00+00:00,Sun 1:00PM
196170464,NFL $3 Hundo [Single Entry],154078,Classic,3.0,17,100,1,270.0,2026-10-04 17:00:00+00:00,Sun 1:00PM
196170463,NFL $3 Hundo [Single Entry],154078,Classic,3.0,17,100,1,270.0,2026-10-04 17:00:00+00:00,Sun 1:00PM
196170462,NFL $1 Hundo [Single Entry],154078,Classic,1.0,37,100,1,90.0,2026-10-04 17:00:00+00:00,Sun 1:00PM
196170461,NFL $1 Hundo [Single Entry],154078,Classic,1.0,29,100,1,90.0,2026-10-04 17:00:00+00:00,Sun 1:00PM
196170460,NFL $1 Hundo [Single Entry],154078,Classic,1.0,27,100,1,90.0,2026-10-04 17:00:00+00:00,Sun 1:00PM
196170459,NFL $1 Hundo [Single Entry],154078,Classic,1.0,26,100,1,90.0,2026-10-04 17:00:00+00:00,Sun 1:00PM
196170458,NFL $1 Hundo [Single Entry],154078,Classic,1.0,22,100,1,90.0,2026-10-04 17:00:00+00:00,Sun 1:00PM
196170457,NFL $1 Hundo [Single Entry],154078,Classic,1.0,23,100,1,90.0,2026-10-04 17:00:00+00:00,Sun 1:00PM
196170456,NFL $1 Hundo [Single Entry],154078,Classic,1.0,19,100,1,90.0,2026-10-04 17:00:00+00:00,Sun 1:00PM
196170455,NFL $1 Hundo [Single Entry],154078,Classic,1.0,16,100,1,90.0,2026-10-04 17:00:00+00:00,Sun 1:00PM
196170454,NFL $1 Hundo [Single Entry],154078,Classic,1.0,14,100,1,90.0,2026-10-04 17:00:00+00:00,Sun 1:00PM
196170453,NFL $1 Hundo [Single Entry],154078,Classic,1.0,11,100,1,90.0,2026-10-04 17:00:00+00:00,Sun 1:00PM
196170452,NFL $1 Hundo [Single Entry],154078,Classic,1.0,11,100,1,90.0,2026-10-04 17:00:00+00:00,Sun 1:00PM
196170451,NFL $1 Hundo [Single Entry],154078,Classic,1.0,10,100,1,90.0,2026-10-04 17:00:00+00:00,Sun 1:00PM
196170450,NFL $1 Hundo [Single Entry],154078,Classic,1.0,12,100,1,90.0,2026-10-04 17:00:00+00:00,Sun 1:00PM
196170449,NFL $1 Hundo [Single Entry],154078,Classic,1.0,11,100,1,90.0,2026-10-04 17:00:00+00:00,Sun 1:00PM
196170448,NFL $1 Hundo [Single Entry],154078,Classic,1.0,10,100,1,90.0,2026-10-04 17:00:00+00:00,Sun 1:00PM
196170447,NFL $1 Hundo [Single Entry],154078,Classic,1.0,10,100,1,90.0,2026-10-04 17:00:00+00:00,Sun 1:00PM
196170446,NFL $1 Hundo [Single Entry],154078,Classic,1.0,10,100,1,90.0,2026-10-04 17:00:00+00:00,Sun 1:00PM
196170445,NFL $1 Hundo [Single Entry],154078,Classic,1.0,10,100,1,90.0,2026-10-04 17:00:00+00:00,Sun 1:00PM
196170444,NFL $1 Hundo [Single Entry],154078,Classic,1.0,10,100,1,90.0,2026-10-04 17:00:00+00:00,Sun 1:00PM
196170443,NFL $1 Hundo [Single Entry],154078,Classic,1.0,11,100,1,90.0,2026-10-04 17:00:00+00:00,Sun 1:00PM
196170442,NFL $1 Hundo [Single Entry],154078,Classic,1.0,10,100,1,90.0,2026-10-04 17:00:00+00:00,Sun 1:00PM
196170441,NFL $1 Hundo [Single Entry],154078,Classic,1.0,11,100,1,90.0,2026-10-04 17:00:00+00:00,Sun 1:00PM
196170440,NFL $1 Hundo [Single Entry],154078,Classic,1.0,12,100,1,90.0,2026-10-04 17:00:00+00:00,Sun 1:00PM
196170439,NFL $1 Hundo [Single Entry],154078,Classic,1.0,12,100,1,90.0,2026-10-04 17:00:00+00:00,Sun 1:00PM
196170438,NFL $1 Hundo [Single Entry],154078,Classic,1.0,12,100,1,90.0,2026-10-04 17:00:00+00:00,Sun 1:00PM
196170029,NFL $50 Contest,154078,Classic,50.0,0,11,1,500.0,2026-10-04 17:00:00+00:00,Sun 1:00PM
196170124,NFL $27 Contest,154078,Classic,27.0,2,21,1,500.0,2026-10-04 17:00:00+00:00,Sun 1:00PM
196170025,NFL $27 Contest,154078,Classic,27.0,0,21,1,500.0,2026-10-04 17:00:00+00:00,Sun 1:00PM
196170074,NFL $9 Contest,154078,Classic,9.0,4,65,1,500.0,2026-10-04 17:00:00+00:00,Sun 1:00PM
196169940,NFL $5 Contest,154078,Classic,5.0,27,237,7,1000.0,2026-10-04 17:00:00+00:00,Sun 1:00PM
196169941,NFL $5 Contest,154078,Classic,5.0,10,118,3,500.0,2026-10-04 17:00:00+00:00,Sun 1:00PM
196170075,NFL $3 Contest,154078,Classic,3.0,16,118,3,300.0,2026-10-04 17:00:00+00:00,Sun 1:00PM
196170008,NFL $3 Contest,154078,Classic,3.0,12,118,3,300.0,2026-10-04 17:00:00+00:00,Sun 1:00PM
196170007,NFL $3 Contest,154078,Classic,3.0,9,118,3,300.0,2026-10-04 17:00:00+00:00,Sun 1:00PM
196170006,NFL $3 Contest,154078,Classic,3.0,6,118,3,300.0,2026-10-04 17:00:00+00:00,Sun 1:00PM
196170020,NFL $1 Contest,154078,Classic,1.0,46,594,17,500.0,2026-10-04 17:00:00+00:00,Sun 1:00PM
196170077,NFL $1 Contest,154078,Classic,1.0,33,237,7,200.0,2026-10-04 17:00:00+00:00,Sun 1:00PM
196170076,NFL $1 Contest,154078,Classic,1.0,32,237,7,200.0,2026-10-04 17:00:00+00:00,Sun 1:00PM
196170019,NFL $1 Contest,154078,Classic,1.0,26,237,7,200.0,2026-10-04 17:00:00+00:00,Sun 1:00PM
196170023,NFL $0.25 Contest,154078,Classic,0.25,101,2378,20,500.0,2026-10-04 17:00:00+00:00,Sun 1:00PM
196170080,NFL $0.25 Contest,154078,Classic,0.25,71,475,14,100.0,2026-10-04 17:00:00+00:00,Sun 1:00PM
196170079,NFL $0.25 Contest,154078,Classic,0.25,53,475,14,100.0,2026-10-04 17:00:00+00:00,Sun 1:00PM
196170078,NFL $0.25 Contest,154078,Classic,0.25,47,475,14,100.0,2026-10-04 17:00:00+00:00,Sun 1:00PM
196170005,NFL $0.25 Contest,154078,Classic,0.25,47,475,14,100.0,2026-10-04 17:00:00+00:00,Sun 1:00PM
196170004,NFL $0.25 Contest,154078,Classic,0.25,43,475,14,100.0,2026-10-04 17:00:00+00:00,Sun 1:00PM
196170003,NFL $0.25 Contest,154078,Classic,0.25,51,475,14,100.0,2026-10-04 17:00:00+00:00,Sun 1:00PM
196170081,"NFL $1,060 Winner Take All [$4K to 1st]",154078,Classic,1060.0,1,4,1,4000.0,2026-10-04 17:00:00+00:00,Sun 1:00PM
196170410,NFL $267 Winner Take All [$1K to 1st],154078,Classic,267.0,1,4,1,1000.0,2026-10-04 17:00:00+00:00,Sun 1:00PM
196170409,NFL $267 Winner Take All [$1K to 1st],154078,Classic,267.0,1,4,1,1000.0,2026-10-04 17:00:00+00:00,Sun 1:00PM
196170408,NFL $267 Winner Take All [$1K to 1st],154078,Classic,267.0,1,4,1,1000.0,2026-10-04 17:00:00+00:00,Sun 1:00PM
196170407,NFL $267 Winner Take All [$1K to 1st],154078,Classic,267.0,1,4,1,1000.0,2026-10-04 17:00:00+00:00,Sun 1:00PM
196170216,NFL $267 Winner Take All [$1K to 1st],154078,Classic,267.0,1,4,1,1000.0,2026-10-04 17:00:00+00:00,Sun 1:00PM
196170215,NFL $267 Winner Take All [$1K to 1st],154078,Classic,267.0,1,4,1,1000.0,2026-10-04 17:00:00+00:00,Sun 1:00PM
196170214,NFL $267 Winner Take All [$1K to 1st],154078,Classic,267.0,1,4,1,1000.0,2026-10-04 17:00:00+00:00,Sun 1:00PM
196170213,NFL $267 Winner Take All [$1K to 1st],154078,Classic,267.0,1,4,1,1000.0,2026-10-04 17:00:00+00:00,Sun 1:00PM
196170037,NFL $100 Winner Take All [$1K to 1st],154078,Classic,100.0,3,11,1,1000.0,2026-10-04 17:00:00+00:00,Sun 1:00PM
196170036,NFL $100 Winner Take All [$1K to 1st],154078,Classic,100.0,1,11,1,1000.0,2026-10-04 17:00:00+00:00,Sun 1:00PM
196170039,NFL $50 Winner Take All [$1K to 1st],154078,Classic,50.0,2,22,1,1000.0,2026-10-04 17:00:00+00:00,Sun 1:00PM
196170038,NFL $50 Winner Take All [$1K to 1st],154078,Classic,50.0,2,22,1,1000.0,2026-10-04 17:00:00+00:00,Sun 1:00PM
196170329,NFL $50 Winner Take All [$500 to 1st],154078,Classic,50.0,3,11,1,500.0,2026-10-04 17:00:00+00:00,Sun 1:00PM
196170328,NFL $50 Winner Take All [$500 to 1st],154078,Classic,50.0,2,11,1,500.0,2026-10-04 17:00:00+00:00,Sun 1:00PM
196170083,NFL $50 Winner Take All [$500 to 1st],154078,Classic,50.0,1,11,1,500.0,2026-10-04 17:00:00+00:00,Sun 1:00PM
196170082,NFL $50 Winner Take All [$500 to 1st],154078,Classic,50.0,1,11,1,500.0,2026-10-04 17:00:00+00:00,Sun 1:00PM
196170041,NFL $50 Winner Take All [$500 to 1st],154078,Classic,50.0,1,11,1,500.0,2026-10-04 17:00:00+00:00,Sun 1:00PM
196170040,NFL $50 Winner Take All [$500 to 1st],154078,Classic,50.0,1,11,1,500.0,2026-10-04 17:00:00+00:00,Sun 1:00PM
196170042,NFL $27 Winner Take All [$1K to 1st],154078,Classic,27.0,2,43,1,1000.0,2026-10-04 17:00:00+00:00,Sun 1:00PM
196170330,NFL $27 Winner Take All [$500 to 1st],154078,Classic,27.0,1,21,1,500.0,2026-10-04 17:00:00+00:00,Sun 1:00PM
196170043,NFL $27 Winner Take All [$500 to 1st],154078,Classic,27.0,1,21,1,500.0,2026-10-04 17:00:00+00:00,Sun 1:00PM
196170011,NFL $9 Winner Take All [$1K to 1st],154078,Classic,9.0,22,130,3,1000.0,2026-10-04 17:00:00+00:00,Sun 1:00PM
196170010,NFL $9 Winner Take All [$1K to 1st],154078,Classic,9.0,20,130,3,1000.0,2026-10-04 17:00:00+00:00,Sun 1:00PM
196170009,NFL $9 Winner Take All [$500 to 1st],154078,Classic,9.0,7,65,1,500.0,2026-10-04 17:00:00+00:00,Sun 1:00PM
196169980,NFL $5 Winner Take All [$1K to 1st],154078,Classic,5.0,45,237,7,1000.0,2026-10-04 17:00:00+00:00,Sun 1:00PM
196170093,NFL $5 Winner Take All [$100 to 1st],154078,Classic,5.0,8,23,1,100.0,2026-10-04 17:00:00+00:00,Sun 1:00PM
196170092,NFL $5 Winner Take All [$100 to 1st],154078,Classic,5.0,4,23,1,100.0,2026-10-04 17:00:00+00:00,Sun 1:00PM
196170091,NFL $5 Winner Take All [$100 to 1st],154078,Classic,5.0,3,23,1,100.0,2026-10-04 17:00:00+00:00,Sun 1:00PM
196170090,NFL $5 Winner Take All [$100 to 1st],154078,Classic,5.0,3,23,1,100.0,2026-10-04 17:00:00+00:00,Sun 1:00PM
196170089,NFL $5 Winner Take All [$100 to 1st],154078,Classic,5.0,3,23,1,100.0,2026-10-04 17:00:00+00:00,Sun 1:00PM
196170088,NFL $5 Winner Take All [$100 to 1st],154078,Classic,5.0,3,23,1,100.0,2026-10-04 17:00:00+00:00,Sun 1:00PM
196170087,NFL $5 Winner Take All [$100 to 1st],154078,Classic,5.0,3,23,1,100.0,2026-10-04 17:00:00+00:00,Sun 1:00PM
196170086,NFL $5 Winner Take All [$100 to 1st],154078,Classic,5.0,6,23,1,100.0,2026-10-04 17:00:00+00:00,Sun 1:00PM
196170085,NFL $5 Winner Take All [$100 to 1st],154078,Classic,5.0,3,23,1,100.0,2026-10-04 17:00:00+00:00,Sun 1:00PM
196170084,NFL $5 Winner Take All [$100 to 1st],154078,Classic,5.0,4,23,1,100.0,2026-10-04 17:00:00+00:00,Sun 1:00PM
196170053,NFL $5 Winner Take All [$100 to 1st],154078,Classic,5.0,2,23,1,100.0,2026-10-04 17:00:00+00:00,Sun 1:00PM
196170052,NFL $5 Winner Take All [$100 to 1st],154078,Classic,5.0,3,23,1,100.0,2026-10-04 17:00:00+00:00,Sun 1:00PM
196170051,NFL $5 Winner Take All [$100 to 1st],154078,Classic,5.0,2,23,1,100.0,2026-10-04 17:00:00+00:00,Sun 1:00PM
196170050,NFL $5 Winner Take All [$100 to 1st],154078,Classic,5.0,2,23,1,100.0,2026-10-04 17:00:00+00:00,Sun 1:00PM
196170049,NFL $5 Winner Take All [$100 to 1st],154078,Classic,5.0,2,23,1,100.0,2026-10-04 17:00:00+00:00,Sun 1:00PM
196170048,NFL $5 Winner Take All [$100 to 1st],154078,Classic,5.0,2,23,1,100.0,2026-10-04 17:00:00+00:00,Sun 1:00PM
196170047,NFL $5 Winner Take All [$100 to 1st],154078,Classic,5.0,2,23,1,100.0,2026-10-04 17:00:00+00:00,Sun 1:00PM
196170046,NFL $5 Winner Take All [$100 to 1st],154078,Classic,5.0,2,23,1,100.0,2026-10-04 17:00:00+00:00,Sun 1:00PM
196170045,NFL $5 Winner Take All [$100 to 1st],154078,Classic,5.0,2,23,1,100.0,2026-10-04 17:00:00+00:00,Sun 1:00PM
196170044,NFL $5 Winner Take All [$100 to 1st],154078,Classic,5.0,4,23,1,100.0,2026-10-04 17:00:00+00:00,Sun 1:00PM
196169982,NFL $3 Winner Take All [$1K to 1st],154078,Classic,3.0,54,396,10,1000.0,2026-10-04 17:00:00+00:00,Sun 1:00PM
196169981,NFL $3 Winner Take All [$1K to 1st],154078,Classic,3.0,60,396,10,1000.0,2026-10-04 17:00:00+00:00,Sun 1:00PM
196170094,NFL $3 Winner Take All [$100 to 1st],154078,Classic,3.0,9,39,1,100.0,2026-10-04 17:00:00+00:00,Sun 1:00PM
196170056,NFL $3 Winner Take All [$100 to 1st],154078,Classic,3.0,5,39,1,100.0,2026-10-04 17:00:00+00:00,Sun 1:00PM
196170055,NFL $3 Winner Take All [$100 to 1st],154078,Classic,3.0,3,39,1,100.0,2026-10-04 17:00:00+00:00,Sun 1:00PM
196170054,NFL $3 Winner Take All [$100 to 1st],154078,Classic,3.0,5,39,1,100.0,2026-10-04 17:00:00+00:00,Sun 1:00PM
196170022,NFL $1 Winner Take All [$500 to 1st],154078,Classic,1.0,62,594,15,500.0,2026-10-04 17:00:00+00:00,Sun 1:00PM
196170021,NFL $1 Winner Take All [$500 to 1st],154078,Classic,1.0,55,594,15,500.0,2026-10-04 17:00:00+00:00,Sun 1:00PM
196170102,NFL $1 Winner Take All [$100 to 1st],154078,Classic,1.0,31,118,3,100.0,2026-10-04 17:00:00+00:00,Sun 1:00PM
196170101,NFL $1 Winner Take All [$100 to 1st],154078,Classic,1.0,27,118,3,100.0,2026-10-04 17:00:00+00:00,Sun 1:00PM
196170100,NFL $1 Winner Take All [$100 to 1st],154078,Classic,1.0,20,118,3,100.0,2026-10-04 17:00:00+00:00,Sun 1:00PM
196170099,NFL $1 Winner Take All [$100 to 1st],154078,Classic,1.0,13,118,3,100.0,2026-10-04 17:00:00+00:00,Sun 1:00PM
196170098,NFL $1 Winner Take All [$100 to 1st],154078,Classic,1.0,14,118,3,100.0,2026-10-04 17:00:00+00:00,Sun 1:00PM
196170097,NFL $1 Winner Take All [$100 to 1st],154078,Classic,1.0,10,118,3,100.0,2026-10-04 17:00:00+00:00,Sun 1:00PM
196170096,NFL $1 Winner Take All [$100 to 1st],154078,Classic,1.0,6,118,3,100.0,2026-10-04 17:00:00+00:00,Sun 1:00PM
196170095,NFL $1 Winner Take All [$100 to 1st],154078,Classic,1.0,6,118,3,100.0,2026-10-04 17:00:00+00:00,Sun 1:00PM
196170062,NFL $1 Winner Take All [$100 to 1st],154078,Classic,1.0,7,118,3,100.0,2026-10-04 17:00:00+00:00,Sun 1:00PM
196170061,NFL $1 Winner Take All [$100 to 1st],154078,Classic,1.0,6,118,3,100.0,2026-10-04 17:00:00+00:00,Sun 1:00PM
196170060,NFL $1 Winner Take All [$100 to 1st],154078,Classic,1.0,6,118,3,100.0,2026-10-04 17:00:00+00:00,Sun 1:00PM
196170059,NFL $1 Winner Take All [$100 to 1st],154078,Classic,1.0,8,118,3,100.0,2026-10-04 17:00:00+00:00,Sun 1:00PM
196170058,NFL $1 Winner Take All [$100 to 1st],154078,Classic,1.0,6,118,3,100.0,2026-10-04 17:00:00+00:00,Sun 1:00PM
196170057,NFL $1 Winner Take All [$100 to 1st],154078,Classic,1.0,7,118,3,100.0,2026-10-04 17:00:00+00:00,Sun 1:00PM
196169983,NFL $0.25 Winner Take All [$500 to 1st],154078,Classic,0.25,377,2378,20,500.0,2026-10-04 17:00:00+00:00,Sun 1:00PM
196170110,NFL $0.25 Winner Take All [$100 to 1st],154078,Classic,0.25,113,475,10,100.0,2026-10-04 17:00:00+00:00,Sun 1:00PM
196170109,NFL $0.25 Winner Take All [$100 to 1st],154078,Classic,0.25,86,475,10,100.0,2026-10-04 17:00:00+00:00,Sun 1:00PM
196170108,NFL $0.25 Winner Take All [$100 to 1st],154078,Classic,0.25,75,475,10,100.0,2026-10-04 17:00:00+00:00,Sun 1:00PM
196170107,NFL $0.25 Winner Take All [$100 to 1st],154078,Classic,0.25,68,475,10,100.0,2026-10-04 17:00:00+00:00,Sun 1:00PM
196170106,NFL $0.25 Winner Take All [$100 to 1st],154078,Classic,0.25,45,475,10,100.0,2026-10-04 17:00:00+00:00,Sun 1:00PM
196170105,NFL $0.25 Winner Take All [$100 to 1st],154078,Classic,0.25,44,475,10,100.0,2026-10-04 17:00:00+00:00,Sun 1:00PM
196170104,NFL $0.25 Winner Take All [$100 to 1st],154078,Classic,0.25,43,475,10,100.0,2026-10-04 17:00:00+00:00,Sun 1:00PM
196170103,NFL $0.25 Winner Take All [$100 to 1st],154078,Classic,0.25,47,475,10,100.0,2026-10-04 17:00:00+00:00,Sun 1:00PM
196170072,NFL $0.25 Winner Take All [$100 to 1st],154078,Classic,0.25,44,475,10,100.0,2026-10-04 17:00:00+00:00,Sun 1:00PM
196170071,NFL $0.25 Winner Take All [$100 to 1st],154078,Classic,0.25,52,475,10,100.0,2026-10-04 17:00:00+00:00,Sun 1:00PM
196170070,NFL $0.25 Winner Take All [$100 to 1st],154078,Classic,0.25,51,475,10,100.0,2026-10-04 17:00:00+00:00,Sun 1:00PM
196170069,NFL $0.25 Winner Take All [$100 to 1st],154078,Classic,0.25,52,475,10,100.0,2026-10-04 17:00:00+00:00,Sun 1:00PM
196170068,NFL $0.25 Winner Take All [$100 to 1st],154078,Classic,0.25,53,475,10,100.0,2026-10-04 17:00:00+00:00,Sun 1:00PM
196170067,NFL $0.25 Winner Take All [$100 to 1st],154078,Classic,0.25,54,475,10,100.0,2026-10-04 17:00:00+00:00,Sun 1:00PM
196170066,NFL $0.25 Winner Take All [$100 to 1st],154078,Classic,0.25,54,475,10,100.0,2026-10-04 17:00:00+00:00,Sun 1:00PM
196170065,NFL $0.25 Winner Take All [$100 to 1st],154078,Classic,0.25,69,475,10,100.0,2026-10-04 17:00:00+00:00,Sun 1:00PM
196170064,NFL $0.25 Winner Take All [$100 to 1st],154078,Classic,0.25,59,475,10,100.0,2026-10-04 17:00:00+00:00,Sun 1:00PM
196170063,NFL $0.25 Winner Take All [$100 to 1st],154078,Classic,0.25,65,475,10,100.0,2026-10-04 17:00:00+00:00,Sun 1:00PM
196170157,Casual NFL 10x Booster [Top 10 Win $100],154078,Classic,10.0,6,117,3,1000.0,2026-10-04 17:00:00+00:00,Sun 1:00PM
196170156,Casual NFL 10x Booster [Top 10 Win $50],154078,Classic,5.0,11,118,3,500.0,2026-10-04 17:00:00+00:00,Sun 1:00PM
196170073,"NFL 10x Booster [Top 3 Win $1,000]",154078,Classic,100.0,1,33,1,3000.0,2026-10-04 17:00:00+00:00,Sun 1:00PM
196169952,NFL 10x Booster [Top 3 Win $500],154078,Classic,50.0,5,34,1,1500.0,2026-10-04 17:00:00+00:00,Sun 1:00PM
196169955,NFL 10x Booster [Top 5 Win $250],154078,Classic,25.0,13,58,1,1250.0,2026-10-04 17:00:00+00:00,Sun 1:00PM
196169954,NFL 10x Booster [Top 5 Win $250],154078,Classic,25.0,5,58,1,1250.0,2026-10-04 17:00:00+00:00,Sun 1:00PM
196169953,NFL 10x Booster [Top 5 Win $250],154078,Classic,25.0,8,58,1,1250.0,2026-10-04 17:00:00+00:00,Sun 1:00PM
196169985,NFL BIG 10x Booster [Top 30 Win $100],154078,Classic,10.0,26,352,10,3000.0,2026-10-04 17:00:00+00:00,Sun 1:00PM
196169956,NFL 10x Booster [Top 10 Win $100],154078,Classic,10.0,17,117,3,1000.0,2026-10-04 17:00:00+00:00,Sun 1:00PM
196169961,NFL 10x Booster [Top 5 Win $100],154078,Classic,10.0,8,58,1,500.0,2026-10-04 17:00:00+00:00,Sun 1:00PM
196169960,NFL 10x Booster [Top 5 Win $100],154078,Classic,10.0,6,58,1,500.0,2026-10-04 17:00:00+00:00,Sun 1:00PM
196169959,NFL 10x Booster [Top 5 Win $100],154078,Classic,10.0,5,58,1,500.0,2026-10-04 17:00:00+00:00,Sun 1:00PM
196169958,NFL 10x Booster [Top 5 Win $100],154078,Classic,10.0,7,58,1,500.0,2026-10-04 17:00:00+00:00,Sun 1:00PM
196169957,NFL 10x Booster [Top 5 Win $100],154078,Classic,10.0,4,58,1,500.0,2026-10-04 17:00:00+00:00,Sun 1:00PM
196169966,NFL 10x Booster [Top 10 Win $50],154078,Classic,5.0,30,118,3,500.0,2026-10-04 17:00:00+00:00,Sun 1:00PM
196169965,NFL 10x Booster [Top 10 Win $50],154078,Classic,5.0,19,118,3,500.0,2026-10-04 17:00:00+00:00,Sun 1:00PM
196169964,NFL 10x Booster [Top 10 Win $50],154078,Classic,5.0,15,118,3,500.0,2026-10-04 17:00:00+00:00,Sun 1:00PM
196169963,NFL 10x Booster [Top 10 Win $50],154078,Classic,5.0,11,118,3,500.0,2026-10-04 17:00:00+00:00,Sun 1:00PM
196169962,NFL 10x Booster [Top 10 Win $50],154078,Classic,5.0,16,118,3,500.0,2026-10-04 17:00:00+00:00,Sun 1:00PM
196169976,NFL 10x Booster [Top 5 Win $50],154078,Classic,5.0,16,59,1,250.0,2026-10-04 17:00:00+00:00,Sun 1:00PM
196169975,NFL 10x Booster [Top 5 Win $50],154078,Classic,5.0,10,59,1,250.0,2026-10-04 17:00:00+00:00,Sun 1:00PM
196169974,NFL 10x Booster [Top 5 Win $50],154078,Classic,5.0,4,59,1,250.0,2026-10-04 17:00:00+00:00,Sun 1:00PM
196169973,NFL 10x Booster [Top 5 Win $50],154078,Classic,5.0,6,59,1,250.0,2026-10-04 17:00:00+00:00,Sun 1:00PM
196169972,NFL 10x Booster [Top 5 Win $50],154078,Classic,5.0,3,59,1,250.0,2026-10-04 17:00:00+00:00,Sun 1:00PM
196169971,NFL 10x Booster [Top 5 Win $50],154078,Classic,5.0,2,59,1,250.0,2026-10-04 17:00:00+00:00,Sun 1:00PM
196169970,NFL 10x Booster [Top 5 Win $50],154078,Classic,5.0,2,59,1,250.0,2026-10-04 17:00:00+00:00,Sun 1:00PM
196169969,NFL 10x Booster [Top 5 Win $50],154078,Classic,5.0,2,59,1,250.0,2026-10-04 17:00:00+00:00,Sun 1:00PM
196169968,NFL 10x Booster [Top 5 Win $50],154078,Classic,5.0,3,59,1,250.0,2026-10-04 17:00:00+00:00,Sun 1:00PM
196169967,NFL 10x Booster [Top 5 Win $50],154078,Classic,5.0,3,59,1,250.0,2026-10-04 17:00:00+00:00,Sun 1:00PM
196170132,NFL 10x Booster [Top 3 Win $50],154078,Classic,5.0,3,35,1,150.0,2026-10-04 17:00:00+00:00,Sun 1:00PM
196170131,NFL 10x Booster [Top 3 Win $50],154078,Classic,5.0,4,35,1,150.0,2026-10-04 17:00:00+00:00,Sun 1:00PM
196170130,NFL 10x Booster [Top 3 Win $50],154078,Classic,5.0,7,35,1,150.0,2026-10-04 17:00:00+00:00,Sun 1:00PM
196170120,NFL 10x Booster [Top 3 Win $50],154078,Classic,5.0,5,35,1,150.0,2026-10-04 17:00:00+00:00,Sun 1:00PM
196170119,NFL 10x Booster [Top 3 Win $50],154078,Classic,5.0,4,35,1,150.0,2026-10-04 17:00:00+00:00,Sun 1:00PM
196170118,NFL 10x Booster [Top 3 Win $50],154078,Classic,5.0,4,35,1,150.0,2026-10-04 17:00:00+00:00,Sun 1:00PM
196170117,NFL 10x Booster [Top 3 Win $50],154078,Classic,5.0,8,35,1,150.0,2026-10-04 17:00:00+00:00,Sun 1:00PM
196169977,NFL 10x Booster [Top 25 Win $20],154078,Classic,2.0,34,297,8,500.0,2026-10-04 17:00:00+00:00,Sun 1:00PM
196170112,NFL 10x Booster [Top 10 Win $20],154078,Classic,2.0,13,118,3,200.0,2026-10-04 17:00:00+00:00,Sun 1:00PM
196170111,NFL 10x Booster [Top 10 Win $20],154078,Classic,2.0,10,118,3,200.0,2026-10-04 17:00:00+00:00,Sun 1:00PM
196169979,NFL 10x Booster [Top 10 Win $20],154078,Classic,2.0,6,118,3,200.0,2026-10-04 17:00:00+00:00,Sun 1:00PM
196169978,NFL 10x Booster [Top 10 Win $20],154078,Classic,2.0,8,118,3,200.0,2026-10-04 17:00:00+00:00,Sun 1:00PM
196170333,NFL 10x Booster [Top 5 Win $20],154078,Classic,2.0,13,59,1,100.0,2026-10-04 17:00:00+00:00,Sun 1:00PM
196170332,NFL 10x Booster [Top 5 Win $20],154078,Classic,2.0,9,59,1,100.0,2026-10-04 17:00:00+00:00,Sun 1:00PM
196170331,NFL 10x Booster [Top 5 Win $20],154078,Classic,2.0,5,59,1,100.0,2026-10-04 17:00:00+00:00,Sun 1:00PM
196170249,NFL 10x Booster [Top 5 Win $20],154078,Classic,2.0,8,59,1,100.0,2026-10-04 17:00:00+00:00,Sun 1:00PM
196170248,NFL 10x Booster [Top 5 Win $20],154078,Classic,2.0,6,59,1,100.0,2026-10-04 17:00:00+00:00,Sun 1:00PM
196170247,NFL 10x Booster [Top 5 Win $20],154078,Classic,2.0,5,59,1,100.0,2026-10-04 17:00:00+00:00,Sun 1:00PM
196170144,NFL 10x Booster [Top 3 Win $20],154078,Classic,2.0,6,35,1,60.0,2026-10-04 17:00:00+00:00,Sun 1:00PM
196170143,NFL 10x Booster [Top 3 Win $20],154078,Classic,2.0,4,35,1,60.0,2026-10-04 17:00:00+00:00,Sun 1:00PM
196170142,NFL 10x Booster [Top 3 Win $20],154078,Classic,2.0,4,35,1,60.0,2026-10-04 17:00:00+00:00,Sun 1:00PM
196170129,NFL 10x Booster [Top 3 Win $20],154078,Classic,2.0,3,35,1,60.0,2026-10-04 17:00:00+00:00,Sun 1:00PM
196170128,NFL 10x Booster [Top 3 Win $20],154078,Classic,2.0,4,35,1,60.0,2026-10-04 17:00:00+00:00,Sun 1:00PM
196170127,NFL 10x Booster [Top 3 Win $20],154078,Classic,2.0,2,35,1,60.0,2026-10-04 17:00:00+00:00,Sun 1:00PM
196170126,NFL 10x Booster [Top 3 Win $20],154078,Classic,2.0,2,35,1,60.0,2026-10-04 17:00:00+00:00,Sun 1:00PM
196170125,NFL 10x Booster [Top 3 Win $20],154078,Classic,2.0,2,35,1,60.0,2026-10-04 17:00:00+00:00,Sun 1:00PM
196169995,NFL BIG 40x Micro Booster [Top 50 Win $10],154078,Classic,0.25,339,2378,20,500.0,2026-10-04 17:00:00+00:00,Sun 1:00PM
196170114,NFL 40x Micro Booster [Top 20 Win $10],154078,Classic,0.25,203,951,20,200.0,2026-10-04 17:00:00+00:00,Sun 1:00PM
196170113,NFL 40x Micro Booster [Top 20 Win $10],154078,Classic,0.25,133,951,20,200.0,2026-10-04 17:00:00+00:00,Sun 1:00PM
196169994,NFL 40x Micro Booster [Top 20 Win $10],154078,Classic,0.25,84,951,20,200.0,2026-10-04 17:00:00+00:00,Sun 1:00PM
196169993,NFL 40x Micro Booster [Top 20 Win $10],154078,Classic,0.25,80,951,20,200.0,2026-10-04 17:00:00+00:00,Sun 1:00PM
196169992,NFL 40x Micro Booster [Top 20 Win $10],154078,Classic,0.25,78,951,20,200.0,2026-10-04 17:00:00+00:00,Sun 1:00PM
196169991,NFL 40x Micro Booster [Top 20 Win $10],154078,Classic,0.25,78,951,20,200.0,2026-10-04 17:00:00+00:00,Sun 1:00PM
196169990,NFL 40x Micro Booster [Top 20 Win $10],154078,Classic,0.25,78,951,20,200.0,2026-10-04 17:00:00+00:00,Sun 1:00PM
196170031,NFL $100 Quintuple Up [Top 4 Win $500],154078,Classic,100.0,2,22,1,2000.0,2026-10-04 17:00:00+00:00,Sun 1:00PM
196170411,NFL $50 Quintuple Up [Top 4 Win $250],154078,Classic,50.0,3,22,1,1000.0,2026-10-04 17:00:00+00:00,Sun 1:00PM
196170002,NFL $25 Quintuple Up [Top 4 Win $125],154078,Classic,25.0,4,22,1,500.0,2026-10-04 17:00:00+00:00,Sun 1:00PM
196170001,NFL $25 Quintuple Up [Top 4 Win $125],154078,Classic,25.0,6,22,1,500.0,2026-10-04 17:00:00+00:00,Sun 1:00PM
196170000,NFL $25 Quintuple Up [Top 4 Win $125],154078,Classic,25.0,4,22,1,500.0,2026-10-04 17:00:00+00:00,Sun 1:00PM
196170015,NFL $10 Quintuple Up [Top 5 Win $50],154078,Classic,10.0,6,28,1,250.0,2026-10-04 17:00:00+00:00,Sun 1:00PM
196170014,NFL $10 Quintuple Up [Top 5 Win $50],154078,Classic,10.0,7,28,1,250.0,2026-10-04 17:00:00+00:00,Sun 1:00PM
196170013,NFL $10 Quintuple Up [Top 5 Win $50],154078,Classic,10.0,3,28,1,250.0,2026-10-04 17:00:00+00:00,Sun 1:00PM
196170012,NFL $10 Quintuple Up [Top 5 Win $50],154078,Classic,10.0,4,28,1,250.0,2026-10-04 17:00:00+00:00,Sun 1:00PM
196169999,NFL $5 Quintuple Up [Top 10 Win $25],154078,Classic,5.0,8,57,1,250.0,2026-10-04 17:00:00+00:00,Sun 1:00PM
196169998,NFL $5 Quintuple Up [Top 10 Win $25],154078,Classic,5.0,10,57,1,250.0,2026-10-04 17:00:00+00:00,Sun 1:00PM
196169997,NFL $5 Quintuple Up [Top 10 Win $25],154078,Classic,5.0,10,57,1,250.0,2026-10-04 17:00:00+00:00,Sun 1:00PM
196169996,NFL $5 Quintuple Up [Top 10 Win $25],154078,Classic,5.0,9,57,1,250.0,2026-10-04 17:00:00+00:00,Sun 1:00PM
196170522,NFL $5 Quintuple Up [Top 5 Win $25],154078,Classic,5.0,10,28,1,125.0,2026-10-04 17:00:00+00:00,Sun 1:00PM
196170521,NFL $5 Quintuple Up [Top 5 Win $25],154078,Classic,5.0,9,28,1,125.0,2026-10-04 17:00:00+00:00,Sun 1:00PM
196170520,NFL $5 Quintuple Up [Top 5 Win $25],154078,Classic,5.0,6,28,1,125.0,2026-10-04 17:00:00+00:00,Sun 1:00PM
196170519,NFL $5 Quintuple Up [Top 5 Win $25],154078,Classic,5.0,6,28,1,125.0,2026-10-04 17:00:00+00:00,Sun 1:00PM
196170518,NFL $5 Quintuple Up [Top 5 Win $25],154078,Classic,5.0,5,28,1,125.0,2026-10-04 17:00:00+00:00,Sun 1:00PM
196170517,NFL $5 Quintuple Up [Top 5 Win $25],154078,Classic,5.0,7,28,1,125.0,2026-10-04 17:00:00+00:00,Sun 1:00PM
196169989,NFL $1 Quintuple Up [Top 25 Win $5],154078,Classic,1.0,18,143,1,125.0,2026-10-04 17:00:00+00:00,Sun 1:00PM
196169988,NFL $1 Quintuple Up [Top 25 Win $5],154078,Classic,1.0,11,143,1,125.0,2026-10-04 17:00:00+00:00,Sun 1:00PM
196169987,NFL $1 Quintuple Up [Top 25 Win $5],154078,Classic,1.0,10,143,1,125.0,2026-10-04 17:00:00+00:00,Sun 1:00PM
196169986,NFL $1 Quintuple Up [Top 25 Win $5],154078,Classic,1.0,10,143,1,125.0,2026-10-04 17:00:00+00:00,Sun 1:00PM
196170418,NFL $1 Quintuple Up [Top 10 Win $5],154078,Classic,1.0,10,57,1,50.0,2026-10-04 17:00:00+00:00,Sun 1:00PM
196170417,NFL $1 Quintuple Up [Top 10 Win $5],154078,Classic,1.0,8,57,1,50.0,2026-10-04 17:00:00+00:00,Sun 1:00PM
196170416,NFL $1 Quintuple Up [Top 10 Win $5],154078,Classic,1.0,6,57,1,50.0,2026-10-04 17:00:00+00:00,Sun 1:00PM
196170415,NFL $1 Quintuple Up [Top 10 Win $5],154078,Classic,1.0,5,57,1,50.0,2026-10-04 17:00:00+00:00,Sun 1:00PM
196170414,NFL $1 Quintuple Up [Top 10 Win $5],154078,Classic,1.0,6,57,1,50.0,2026-10-04 17:00:00+00:00,Sun 1:00PM
196170413,NFL $1 Quintuple Up [Top 10 Win $5],154078,Classic,1.0,6,57,1,50.0,2026-10-04 17:00:00+00:00,Sun 1:00PM
196170412,NFL $1 Quintuple Up [Top 10 Win $5],154078,Classic,1.0,2,57,1,50.0,2026-10-04 17:00:00+00:00,Sun 1:00PM
196170433,NFL $1 Quintuple Up [Top 5 Win $5],154078,Classic,1.0,3,28,1,25.0,2026-10-04 17:00:00+00:00,Sun 1:00PM
196170432,NFL $1 Quintuple Up [Top 5 Win $5],154078,Classic,1.0,3,28,1,25.0,2026-10-04 17:00:00+00:00,Sun 1:00PM
196170431,NFL $1 Quintuple Up [Top 5 Win $5],154078,Classic,1.0,3,28,1,25.0,2026-10-04 17:00:00+00:00,Sun 1:00PM
196170430,NFL $1 Quintuple Up [Top 5 Win $5],154078,Classic,1.0,2,28,1,25.0,2026-10-04 17:00:00+00:00,Sun 1:00PM
196170429,NFL $1 Quintuple Up [Top 5 Win $5],154078,Classic,1.0,2,28,1,25.0,2026-10-04 17:00:00+00:00,Sun 1:00PM
196170428,NFL $1 Quintuple Up [Top 5 Win $5],154078,Classic,1.0,2,28,1,25.0,2026-10-04 17:00:00+00:00,Sun 1:00PM
196170427,NFL $1 Quintuple Up [Top 5 Win $5],154078,Classic,1.0,2,28,1,25.0,2026-10-04 17:00:00+00:00,Sun 1:00PM
196170426,NFL $1 Quintuple Up [Top 5 Win $5],154078,Classic,1.0,4,28,1,25.0,2026-10-04 17:00:00+00:00,Sun 1:00PM
196170425,NFL $1 Quintuple Up [Top 5 Win $5],154078,Classic,1.0,2,28,1,25.0,2026-10-04 17:00:00+00:00,Sun 1:00PM
196170424,NFL $1 Quintuple Up [Top 5 Win $5],154078,Classic,1.0,1,28,1,25.0,2026-10-04 17:00:00+00:00,Sun 1:00PM
196170423,NFL $1 Quintuple Up [Top 5 Win $5],154078,Classic,1.0,1,28,1,25.0,2026-10-04 17:00:00+00:00,Sun 1:00PM
196170422,NFL $1 Quintuple Up [Top 5 Win $5],154078,Classic,1.0,1,28,1,25.0,2026-10-04 17:00:00+00:00,Sun 1:00PM
196170421,NFL $1 Quintuple Up [Top 5 Win $5],154078,Classic,1.0,2,28,1,25.0,2026-10-04 17:00:00+00:00,Sun 1:00PM
196170420,NFL $1 Quintuple Up [Top 5 Win $5],154078,Classic,1.0,2,28,1,25.0,2026-10-04 17:00:00+00:00,Sun 1:00PM
196170419,NFL $1 Quintuple Up [Top 5 Win $5],154078,Classic,1.0,2,28,1,25.0,2026-10-04 17:00:00+00:00,Sun 1:00PM
196170211,Casual NFL $5 Triple Up [Top 9 Win $15],154078,Classic,5.0,1,31,1,135.0,2026-10-04 17:00:00+00:00,Sun 1:00PM
196170212,Casual NFL $1 Triple Up [Top 9 Win $3],154078,Classic,1.0,6,31,1,27.0,2026-10-04 17:00:00+00:00,Sun 1:00PM
196170016,NFL $250 Triple Up [Top 3 Win $750],154078,Classic,250.0,2,10,1,2250.0,2026-10-04 17:00:00+00:00,Sun 1:00PM
196170395,NFL $100 Triple Up [Top 3 Win $300],154078,Classic,100.0,2,10,1,900.0,2026-10-04 17:00:00+00:00,Sun 1:00PM
196170394,NFL $100 Triple Up [Top 3 Win $300],154078,Classic,100.0,2,10,1,900.0,2026-10-04 17:00:00+00:00,Sun 1:00PM
196170393,NFL $100 Triple Up [Top 3 Win $300],154078,Classic,100.0,2,10,1,900.0,2026-10-04 17:00:00+00:00,Sun 1:00PM
196170210,NFL $50 Triple Up [Top 10 Win $150],154078,Classic,50.0,5,34,1,1500.0,2026-10-04 17:00:00+00:00,Sun 1:00PM
196170352,NFL $50 Triple Up [Top 5 Win $150],154078,Classic,50.0,2,17,1,750.0,2026-10-04 17:00:00+00:00,Sun 1:00PM
196169949,NFL $25 Triple Up [Top 18 Win $75],154078,Classic,25.0,8,62,1,1350.0,2026-10-04 17:00:00+00:00,Sun 1:00PM
196170209,NFL $25 Triple Up [Top 9 Win $75],154078,Classic,25.0,3,31,1,675.0,2026-10-04 17:00:00+00:00,Sun 1:00PM
196170208,NFL $25 Triple Up [Top 9 Win $75],154078,Classic,25.0,4,31,1,675.0,2026-10-04 17:00:00+00:00,Sun 1:00PM
196169950,NFL $10 Triple Up [Top 30 Win $30] (Multi-Entry),154078,Classic,10.0,11,103,3,900.0,2026-10-04 17:00:00+00:00,Sun 1:00PM
196170246,NFL $10 Triple Up [Top 18 Win $30],154078,Classic,10.0,8,62,1,540.0,2026-10-04 17:00:00+00:00,Sun 1:00PM
196170207,NFL $10 Triple Up [Top 18 Win $30],154078,Classic,10.0,9,62,1,540.0,2026-10-04 17:00:00+00:00,Sun 1:00PM
196170206,NFL $10 Triple Up [Top 9 Win $30],154078,Classic,10.0,4,31,1,270.0,2026-10-04 17:00:00+00:00,Sun 1:00PM
196170205,NFL $10 Triple Up [Top 9 Win $30],154078,Classic,10.0,4,31,1,270.0,2026-10-04 17:00:00+00:00,Sun 1:00PM
196170204,NFL $10 Triple Up [Top 9 Win $30],154078,Classic,10.0,4,31,1,270.0,2026-10-04 17:00:00+00:00,Sun 1:00PM
196170203,NFL $10 Triple Up [Top 9 Win $30],154078,Classic,10.0,4,31,1,270.0,2026-10-04 17:00:00+00:00,Sun 1:00PM
196170202,NFL $10 Triple Up [Top 9 Win $30],154078,Classic,10.0,4,31,1,270.0,2026-10-04 17:00:00+00:00,Sun 1:00PM
196170245,NFL $5 Triple Up [Top 18 Win $15],154078,Classic,5.0,12,62,1,270.0,2026-10-04 17:00:00+00:00,Sun 1:00PM
196170244,NFL $5 Triple Up [Top 18 Win $15],154078,Classic,5.0,10,62,1,270.0,2026-10-04 17:00:00+00:00,Sun 1:00PM
196170201,NFL $5 Triple Up [Top 18 Win $15],154078,Classic,5.0,9,62,1,270.0,2026-10-04 17:00:00+00:00,Sun 1:00PM
196170200,NFL $5 Triple Up [Top 18 Win $15],154078,Classic,5.0,10,62,1,270.0,2026-10-04 17:00:00+00:00,Sun 1:00PM
196170199,NFL $5 Triple Up [Top 18 Win $15],154078,Classic,5.0,10,62,1,270.0,2026-10-04 17:00:00+00:00,Sun 1:00PM
196170198,NFL $5 Triple Up [Top 9 Win $15],154078,Classic,5.0,7,31,1,135.0,2026-10-04 17:00:00+00:00,Sun 1:00PM
196170197,NFL $5 Triple Up [Top 9 Win $15],154078,Classic,5.0,6,31,1,135.0,2026-10-04 17:00:00+00:00,Sun 1:00PM
196170196,NFL $5 Triple Up [Top 9 Win $15],154078,Classic,5.0,6,31,1,135.0,2026-10-04 17:00:00+00:00,Sun 1:00PM
196170195,NFL $5 Triple Up [Top 9 Win $15],154078,Classic,5.0,6,31,1,135.0,2026-10-04 17:00:00+00:00,Sun 1:00PM
196170194,NFL $5 Triple Up [Top 9 Win $15],154078,Classic,5.0,7,31,1,135.0,2026-10-04 17:00:00+00:00,Sun 1:00PM
196170193,NFL $5 Triple Up [Top 9 Win $15],154078,Classic,5.0,7,31,1,135.0,2026-10-04 17:00:00+00:00,Sun 1:00PM
196170192,NFL $5 Triple Up [Top 9 Win $15],154078,Classic,5.0,6,31,1,135.0,2026-10-04 17:00:00+00:00,Sun 1:00PM
196169951,NFL $1 Triple Up [Top 60 Win $3] (Multi-Entry),154078,Classic,1.0,45,206,6,180.0,2026-10-04 17:00:00+00:00,Sun 1:00PM
196170243,NFL $1 Triple Up [Top 30 Win $3],154078,Classic,1.0,14,103,1,90.0,2026-10-04 17:00:00+00:00,Sun 1:00PM
196170242,NFL $1 Triple Up [Top 30 Win $3],154078,Classic,1.0,13,103,1,90.0,2026-10-04 17:00:00+00:00,Sun 1:00PM
196170176,NFL $1 Triple Up [Top 30 Win $3],154078,Classic,1.0,10,103,1,90.0,2026-10-04 17:00:00+00:00,Sun 1:00PM
196170175,NFL $1 Triple Up [Top 30 Win $3],154078,Classic,1.0,9,103,1,90.0,2026-10-04 17:00:00+00:00,Sun 1:00PM
196170174,NFL $1 Triple Up [Top 30 Win $3],154078,Classic,1.0,9,103,1,90.0,2026-10-04 17:00:00+00:00,Sun 1:00PM
196170173,NFL $1 Triple Up [Top 30 Win $3],154078,Classic,1.0,9,103,1,90.0,2026-10-04 17:00:00+00:00,Sun 1:00PM
196170241,NFL $1 Triple Up [Top 18 Win $3],154078,Classic,1.0,7,62,1,54.0,2026-10-04 17:00:00+00:00,Sun 1:00PM
196170172,NFL $1 Triple Up [Top 18 Win $3],154078,Classic,1.0,7,62,1,54.0,2026-10-04 17:00:00+00:00,Sun 1:00PM
196170171,NFL $1 Triple Up [Top 18 Win $3],154078,Classic,1.0,7,62,1,54.0,2026-10-04 17:00:00+00:00,Sun 1:00PM
196170191,NFL $1 Triple Up [Top 9 Win $3],154078,Classic,1.0,9,31,1,27.0,2026-10-04 17:00:00+00:00,Sun 1:00PM
196170190,NFL $1 Triple Up [Top 9 Win $3],154078,Classic,1.0,7,31,1,27.0,2026-10-04 17:00:00+00:00,Sun 1:00PM
196170189,NFL $1 Triple Up [Top 9 Win $3],154078,Classic,1.0,7,31,1,27.0,2026-10-04 17:00:00+00:00,Sun 1:00PM
196170188,NFL $1 Triple Up [Top 9 Win $3],154078,Classic,1.0,7,31,1,27.0,2026-10-04 17:00:00+00:00,Sun 1:00PM
196170187,NFL $1 Triple Up [Top 9 Win $3],154078,Classic,1.0,6,31,1,27.0,2026-10-04 17:00:00+00:00,Sun 1:00PM
196170186,NFL $1 Triple Up [Top 9 Win $3],154078,Classic,1.0,5,31,1,27.0,2026-10-04 17:00:00+00:00,Sun 1:00PM
196170185,NFL $1 Triple Up [Top 9 Win $3],154078,Classic,1.0,5,31,1,27.0,2026-10-04 17:00:00+00:00,Sun 1:00PM
196170184,NFL $1 Triple Up [Top 9 Win $3],154078,Classic,1.0,5,31,1,27.0,2026-10-04 17:00:00+00:00,Sun 1:00PM
196170183,NFL $1 Triple Up [Top 9 Win $3],154078,Classic,1.0,5,31,1,27.0,2026-10-04 17:00:00+00:00,Sun 1:00PM
196170182,NFL $1 Triple Up [Top 9 Win $3],154078,Classic,1.0,6,31,1,27.0,2026-10-04 17:00:00+00:00,Sun 1:00PM
196170181,NFL $1 Triple Up [Top 9 Win $3],154078,Classic,1.0,5,31,1,27.0,2026-10-04 17:00:00+00:00,Sun 1:00PM
196170180,NFL $1 Triple Up [Top 9 Win $3],154078,Classic,1.0,5,31,1,27.0,2026-10-04 17:00:00+00:00,Sun 1:00PM
196170179,NFL $1 Triple Up [Top 9 Win $3],154078,Classic,1.0,5,31,1,27.0,2026-10-04 17:00:00+00:00,Sun 1:00PM
196170178,NFL $1 Triple Up [Top 9 Win $3],154078,Classic,1.0,5,31,1,27.0,2026-10-04 17:00:00+00:00,Sun 1:00PM
196170177,NFL $1 Triple Up [Top 9 Win $3],154078,Classic,1.0,6,31,1,27.0,2026-10-04 17:00:00+00:00,Sun 1:00PM
196170028,Beginner NFL $25 Double Up,154078,Classic,25.0,0,11,1,250.0,2026-10-04 17:00:00+00:00,Sun 1:00PM
196170027,Beginner NFL $25 Double Up,154078,Classic,25.0,0,11,1,250.0,2026-10-04 17:00:00+00:00,Sun 1:00PM
196170335,Beginner NFL $10 Double Up,154078,Classic,10.0,1,11,1,100.0,2026-10-04 17:00:00+00:00,Sun 1:00PM
196170334,Beginner NFL $10 Double Up,154078,Classic,10.0,0,11,1,100.0,2026-10-04 17:00:00+00:00,Sun 1:00PM
196170141,Beginner NFL $5 Double Up,154078,Classic,5.0,1,23,1,100.0,2026-10-04 17:00:00+00:00,Sun 1:00PM
196170140,Beginner NFL $3 Double Up,154078,Classic,3.0,1,23,1,60.0,2026-10-04 17:00:00+00:00,Sun 1:00PM
196170139,Beginner NFL $1 Double Up,154078,Classic,1.0,5,23,1,20.0,2026-10-04 17:00:00+00:00,Sun 1:00PM
196170138,Beginner NFL $1 Double Up,154078,Classic,1.0,1,23,1,20.0,2026-10-04 17:00:00+00:00,Sun 1:00PM
196170312,Casual NFL $50 Double Up,154078,Classic,50.0,1,11,1,500.0,2026-10-04 17:00:00+00:00,Sun 1:00PM
196170159,Casual NFL $25 Double Up,154078,Classic,25.0,2,11,1,250.0,2026-10-04 17:00:00+00:00,Sun 1:00PM
196170158,Casual NFL $25 Double Up,154078,Classic,25.0,1,11,1,250.0,2026-10-04 17:00:00+00:00,Sun 1:00PM
196170337,Casual NFL $10 Double Up,154078,Classic,10.0,4,23,1,200.0,2026-10-04 17:00:00+00:00,Sun 1:00PM
196170336,Casual NFL $10 Double Up,154078,Classic,10.0,3,23,1,200.0,2026-10-04 17:00:00+00:00,Sun 1:00PM
196170342,Casual NFL $10 Double Up,154078,Classic,10.0,1,11,1,100.0,2026-10-04 17:00:00+00:00,Sun 1:00PM
196170341,Casual NFL $10 Double Up,154078,Classic,10.0,1,11,1,100.0,2026-10-04 17:00:00+00:00,Sun 1:00PM
196170340,Casual NFL $10 Double Up,154078,Classic,10.0,0,11,1,100.0,2026-10-04 17:00:00+00:00,Sun 1:00PM
196170339,Casual NFL $10 Double Up,154078,Classic,10.0,0,11,1,100.0,2026-10-04 17:00:00+00:00,Sun 1:00PM
196170338,Casual NFL $10 Double Up,154078,Classic,10.0,0,11,1,100.0,2026-10-04 17:00:00+00:00,Sun 1:00PM
196170165,Casual NFL $5 Double Up,154078,Classic,5.0,4,23,1,100.0,2026-10-04 17:00:00+00:00,Sun 1:00PM
196170164,Casual NFL $5 Double Up,154078,Classic,5.0,2,23,1,100.0,2026-10-04 17:00:00+00:00,Sun 1:00PM
196170163,Casual NFL $5 Double Up,154078,Classic,5.0,2,23,1,100.0,2026-10-04 17:00:00+00:00,Sun 1:00PM
196170162,Casual NFL $5 Double Up,154078,Classic,5.0,3,23,1,100.0,2026-10-04 17:00:00+00:00,Sun 1:00PM
196170161,Casual NFL $5 Double Up,154078,Classic,5.0,1,23,1,100.0,2026-10-04 17:00:00+00:00,Sun 1:00PM
196170160,Casual NFL $5 Double Up,154078,Classic,5.0,2,23,1,100.0,2026-10-04 17:00:00+00:00,Sun 1:00PM
196170289,Casual NFL $3 Double Up,154078,Classic,3.0,4,62,1,162.0,2026-10-04 17:00:00+00:00,Sun 1:00PM
196170294,Casual NFL $3 Double Up,154078,Classic,3.0,2,39,1,102.0,2026-10-04 17:00:00+00:00,Sun 1:00PM
196170167,Casual NFL $3 Double Up,154078,Classic,3.0,1,23,1,60.0,2026-10-04 17:00:00+00:00,Sun 1:00PM
196170166,Casual NFL $3 Double Up,154078,Classic,3.0,2,23,1,60.0,2026-10-04 17:00:00+00:00,Sun 1:00PM
196170291,Casual NFL $1 Double Up,154078,Classic,1.0,11,124,1,108.0,2026-10-04 17:00:00+00:00,Sun 1:00PM
196170290,Casual NFL $1 Double Up,154078,Classic,1.0,7,124,1,108.0,2026-10-04 17:00:00+00:00,Sun 1:00PM
196170288,Casual NFL $1 Double Up,154078,Classic,1.0,7,62,1,54.0,2026-10-04 17:00:00+00:00,Sun 1:00PM
196170293,Casual NFL $1 Double Up,154078,Classic,1.0,5,39,1,34.0,2026-10-04 17:00:00+00:00,Sun 1:00PM
196170292,Casual NFL $1 Double Up,154078,Classic,1.0,4,39,1,34.0,2026-10-04 17:00:00+00:00,Sun 1:00PM
196170170,Casual NFL $1 Double Up,154078,Classic,1.0,4,23,1,20.0,2026-10-04 17:00:00+00:00,Sun 1:00PM
196170169,Casual NFL $1 Double Up,154078,Classic,1.0,7,23,1,20.0,2026-10-04 17:00:00+00:00,Sun 1:00PM
196170168,Casual NFL $1 Double Up,154078,Classic,1.0,5,23,1,20.0,2026-10-04 17:00:00+00:00,Sun 1:00PM
196170350,"NFL $1,060 50-50 [Top 50% Win]",154078,Classic,1060.0,2,6,1,6000.0,2026-10-04 17:00:00+00:00,Sun 1:00PM
196170024,NFL $530 50-50 [Top 50% Win],154078,Classic,530.0,3,10,1,5000.0,2026-10-04 17:00:00+00:00,Sun 1:00PM
196169984,NFL $250 Double Up,154078,Classic,250.0,2,11,1,2500.0,2026-10-04 17:00:00+00:00,Sun 1:00PM
196170030,NFL $100 Double Up,154078,Classic,100.0,4,22,1,2000.0,2026-10-04 17:00:00+00:00,Sun 1:00PM
196170133,NFL $100 Double Up,154078,Classic,100.0,2,11,1,1000.0,2026-10-04 17:00:00+00:00,Sun 1:00PM
196170116,NFL $100 Double Up,154078,Classic,100.0,2,11,1,1000.0,2026-10-04 17:00:00+00:00,Sun 1:00PM
196170115,NFL $100 Double Up,154078,Classic,100.0,3,11,1,1000.0,2026-10-04 17:00:00+00:00,Sun 1:00PM
196170284,NFL $50 Double Up,154078,Classic,50.0,9,100,1,4400.0,2026-10-04 17:00:00+00:00,Sun 1:00PM
196170283,NFL $50 Double Up,154078,Classic,50.0,6,50,1,2200.0,2026-10-04 17:00:00+00:00,Sun 1:00PM
196170239,NFL $50 Double Up,154078,Classic,50.0,5,22,1,1000.0,2026-10-04 17:00:00+00:00,Sun 1:00PM
196170238,NFL $50 Double Up,154078,Classic,50.0,5,22,1,1000.0,2026-10-04 17:00:00+00:00,Sun 1:00PM
196170311,NFL $50 Double Up,154078,Classic,50.0,3,11,1,500.0,2026-10-04 17:00:00+00:00,Sun 1:00PM
196170123,NFL $50 Double Up,154078,Classic,50.0,3,11,1,500.0,2026-10-04 17:00:00+00:00,Sun 1:00PM
196170122,NFL $50 Double Up,154078,Classic,50.0,3,11,1,500.0,2026-10-04 17:00:00+00:00,Sun 1:00PM
196170121,NFL $50 Double Up,154078,Classic,50.0,3,11,1,500.0,2026-10-04 17:00:00+00:00,Sun 1:00PM
196170282,NFL $25 Double Up,154078,Classic,25.0,11,85,1,1850.0,2026-10-04 17:00:00+00:00,Sun 1:00PM
196170286,NFL $25 Double Up,154078,Classic,25.0,7,62,1,1350.0,2026-10-04 17:00:00+00:00,Sun 1:00PM
196170281,NFL $25 Double Up,154078,Classic,25.0,8,62,1,1350.0,2026-10-04 17:00:00+00:00,Sun 1:00PM
196170310,NFL $25 Double Up,154078,Classic,25.0,6,39,1,850.0,2026-10-04 17:00:00+00:00,Sun 1:00PM
196170309,NFL $25 Double Up,154078,Classic,25.0,8,39,1,850.0,2026-10-04 17:00:00+00:00,Sun 1:00PM
196170137,NFL $25 Double Up,154078,Classic,25.0,7,22,1,500.0,2026-10-04 17:00:00+00:00,Sun 1:00PM
196170136,NFL $25 Double Up,154078,Classic,25.0,6,22,1,500.0,2026-10-04 17:00:00+00:00,Sun 1:00PM
196170135,NFL $25 Double Up,154078,Classic,25.0,6,22,1,500.0,2026-10-04 17:00:00+00:00,Sun 1:00PM
196170134,NFL $25 Double Up,154078,Classic,25.0,6,22,1,500.0,2026-10-04 17:00:00+00:00,Sun 1:00PM
196170511,NFL $25 Double Up,154078,Classic,25.0,4,11,1,250.0,2026-10-04 17:00:00+00:00,Sun 1:00PM
196170510,NFL $25 Double Up,154078,Classic,25.0,3,11,1,250.0,2026-10-04 17:00:00+00:00,Sun 1:00PM
196170509,NFL $25 Double Up,154078,Classic,25.0,3,11,1,250.0,2026-10-04 17:00:00+00:00,Sun 1:00PM
196170508,NFL $25 Double Up,154078,Classic,25.0,3,11,1,250.0,2026-10-04 17:00:00+00:00,Sun 1:00PM
196170034,NFL $25 Double Up,154078,Classic,25.0,3,11,1,250.0,2026-10-04 17:00:00+00:00,Sun 1:00PM
196170033,NFL $25 Double Up,154078,Classic,25.0,3,11,1,250.0,2026-10-04 17:00:00+00:00,Sun 1:00PM
196170032,NFL $25 Double Up,154078,Classic,25.0,3,11,1,250.0,2026-10-04 17:00:00+00:00,Sun 1:00PM
196170285,NFL $10 Double Up,154078,Classic,10.0,18,124,1,1080.0,2026-10-04 17:00:00+00:00,Sun 1:00PM
196170280,NFL $10 Double Up,154078,Classic,10.0,20,124,1,1080.0,2026-10-04 17:00:00+00:00,Sun 1:00PM
196170279,NFL $10 Double Up,154078,Classic,10.0,19,124,1,1080.0,2026-10-04 17:00:00+00:00,Sun 1:00PM
196170277,NFL $10 Double Up,154078,Classic,10.0,18,124,1,1080.0,2026-10-04 17:00:00+00:00,Sun 1:00PM
196170287,NFL $10 Double Up,154078,Classic,10.0,7,62,1,540.0,2026-10-04 17:00:00+00:00,Sun 1:00PM
196170276,NFL $10 Double Up,154078,Classic,10.0,7,62,1,540.0,2026-10-04 17:00:00+00:00,Sun 1:00PM
196170308,NFL $10 Double Up,154078,Classic,10.0,6,39,1,340.0,2026-10-04 17:00:00+00:00,Sun 1:00PM
196170307,NFL $10 Double Up,154078,Classic,10.0,6,39,1,340.0,2026-10-04 17:00:00+00:00,Sun 1:00PM
196170155,NFL $10 Double Up,154078,Classic,10.0,5,23,1,200.0,2026-10-04 17:00:00+00:00,Sun 1:00PM
196170154,NFL $10 Double Up,154078,Classic,10.0,5,23,1,200.0,2026-10-04 17:00:00+00:00,Sun 1:00PM
196170153,NFL $10 Double Up,154078,Classic,10.0,6,23,1,200.0,2026-10-04 17:00:00+00:00,Sun 1:00PM
196170327,NFL $10 Double Up,154078,Classic,10.0,6,11,1,100.0,2026-10-04 17:00:00+00:00,Sun 1:00PM
196170326,NFL $10 Double Up,154078,Classic,10.0,4,11,1,100.0,2026-10-04 17:00:00+00:00,Sun 1:00PM
196170325,NFL $10 Double Up,154078,Classic,10.0,5,11,1,100.0,2026-10-04 17:00:00+00:00,Sun 1:00PM
196170324,NFL $10 Double Up,154078,Classic,10.0,6,11,1,100.0,2026-10-04 17:00:00+00:00,Sun 1:00PM
196170323,NFL $10 Double Up,154078,Classic,10.0,4,11,1,100.0,2026-10-04 17:00:00+00:00,Sun 1:00PM
196170322,NFL $10 Double Up,154078,Classic,10.0,4,11,1,100.0,2026-10-04 17:00:00+00:00,Sun 1:00PM
196170321,NFL $10 Double Up,154078,Classic,10.0,4,11,1,100.0,2026-10-04 17:00:00+00:00,Sun 1:00PM
196170320,NFL $10 Double Up,154078,Classic,10.0,4,11,1,100.0,2026-10-04 17:00:00+00:00,Sun 1:00PM
196170319,NFL $10 Double Up,154078,Classic,10.0,4,11,1,100.0,2026-10-04 17:00:00+00:00,Sun 1:00PM
196170318,NFL $10 Double Up,154078,Classic,10.0,4,11,1,100.0,2026-10-04 17:00:00+00:00,Sun 1:00PM
196170516,NFL $10 Double Up,154078,Classic,10.0,4,11,1,100.0,2026-10-04 17:00:00+00:00,Sun 1:00PM
196170515,NFL $10 Double Up,154078,Classic,10.0,4,11,1,100.0,2026-10-04 17:00:00+00:00,Sun 1:00PM
196170514,NFL $10 Double Up,154078,Classic,10.0,4,11,1,100.0,2026-10-04 17:00:00+00:00,Sun 1:00PM
196170513,NFL $10 Double Up,154078,Classic,10.0,4,11,1,100.0,2026-10-04 17:00:00+00:00,Sun 1:00PM
196170512,NFL $10 Double Up,154078,Classic,10.0,4,11,1,100.0,2026-10-04 17:00:00+00:00,Sun 1:00PM
196170240,NFL $5 Double Up [3 Entry Max],154078,Classic,5.0,27,344,3,1500.0,2026-10-04 17:00:00+00:00,Sun 1:00PM
196170275,NFL $5 Double Up,154078,Classic,5.0,24,124,1,540.0,2026-10-04 17:00:00+00:00,Sun 1:00PM
196170274,NFL $5 Double Up,154078,Classic,5.0,18,124,1,540.0,2026-10-04 17:00:00+00:00,Sun 1:00PM
196170273,NFL $5 Double Up,154078,Classic,5.0,8,62,1,270.0,2026-10-04 17:00:00+00:00,Sun 1:00PM
196170272,NFL $5 Double Up,154078,Classic,5.0,7,62,1,270.0,2026-10-04 17:00:00+00:00,Sun 1:00PM
196170306,NFL $5 Double Up,154078,Classic,5.0,8,39,1,170.0,2026-10-04 17:00:00+00:00,Sun 1:00PM
196170305,NFL $5 Double Up,154078,Classic,5.0,6,39,1,170.0,2026-10-04 17:00:00+00:00,Sun 1:00PM
196170304,NFL $5 Double Up,154078,Classic,5.0,7,39,1,170.0,2026-10-04 17:00:00+00:00,Sun 1:00PM
196170303,NFL $5 Double Up,154078,Classic,5.0,6,39,1,170.0,2026-10-04 17:00:00+00:00,Sun 1:00PM
196170302,NFL $5 Double Up,154078,Classic,5.0,6,39,1,170.0,2026-10-04 17:00:00+00:00,Sun 1:00PM
196170152,NFL $5 Double Up,154078,Classic,5.0,5,23,1,100.0,2026-10-04 17:00:00+00:00,Sun 1:00PM
196170151,NFL $5 Double Up,154078,Classic,5.0,5,23,1,100.0,2026-10-04 17:00:00+00:00,Sun 1:00PM
196170150,NFL $5 Double Up,154078,Classic,5.0,5,23,1,100.0,2026-10-04 17:00:00+00:00,Sun 1:00PM
196170149,NFL $5 Double Up,154078,Classic,5.0,5,23,1,100.0,2026-10-04 17:00:00+00:00,Sun 1:00PM
196170148,NFL $5 Double Up,154078,Classic,5.0,5,23,1,100.0,2026-10-04 17:00:00+00:00,Sun 1:00PM
196170147,NFL $5 Double Up,154078,Classic,5.0,5,23,1,100.0,2026-10-04 17:00:00+00:00,Sun 1:00PM
196170146,NFL $5 Double Up,154078,Classic,5.0,5,23,1,100.0,2026-10-04 17:00:00+00:00,Sun 1:00PM
196170145,NFL $5 Double Up,154078,Classic,5.0,5,23,1,100.0,2026-10-04 17:00:00+00:00,Sun 1:00PM
196170231,NFL $5 Double Up,154078,Classic,5.0,5,23,1,100.0,2026-10-04 17:00:00+00:00,Sun 1:00PM
196170230,NFL $5 Double Up,154078,Classic,5.0,5,23,1,100.0,2026-10-04 17:00:00+00:00,Sun 1:00PM
196170229,NFL $5 Double Up,154078,Classic,5.0,6,23,1,100.0,2026-10-04 17:00:00+00:00,Sun 1:00PM
196170228,NFL $5 Double Up,154078,Classic,5.0,5,23,1,100.0,2026-10-04 17:00:00+00:00,Sun 1:00PM
196170227,NFL $5 Double Up,154078,Classic,5.0,5,23,1,100.0,2026-10-04 17:00:00+00:00,Sun 1:00PM
196170236,NFL $3 Double Up,154078,Classic,3.0,170,1149,20,3000.0,2026-10-04 17:00:00+00:00,Sun 1:00PM
196170237,NFL $3 Double Up [3 Entry Max],154078,Classic,3.0,31,344,3,900.0,2026-10-04 17:00:00+00:00,Sun 1:00PM
196169943,NFL $3 Double Up,154078,Classic,3.0,19,229,1,600.0,2026-10-04 17:00:00+00:00,Sun 1:00PM
196169942,NFL $3 Double Up,154078,Classic,3.0,18,229,1,600.0,2026-10-04 17:00:00+00:00,Sun 1:00PM
196170344,NFL $3 Double Up,154078,Classic,3.0,12,124,1,324.0,2026-10-04 17:00:00+00:00,Sun 1:00PM
196170343,NFL $3 Double Up,154078,Classic,3.0,14,124,1,324.0,2026-10-04 17:00:00+00:00,Sun 1:00PM
196170271,NFL $3 Double Up,154078,Classic,3.0,12,124,1,324.0,2026-10-04 17:00:00+00:00,Sun 1:00PM
196170270,NFL $3 Double Up,154078,Classic,3.0,13,124,1,324.0,2026-10-04 17:00:00+00:00,Sun 1:00PM
196170269,NFL $3 Double Up,154078,Classic,3.0,13,124,1,324.0,2026-10-04 17:00:00+00:00,Sun 1:00PM
196170268,NFL $3 Double Up,154078,Classic,3.0,14,124,1,324.0,2026-10-04 17:00:00+00:00,Sun 1:00PM
196170267,NFL $3 Double Up,154078,Classic,3.0,4,62,1,162.0,2026-10-04 17:00:00+00:00,Sun 1:00PM
196170266,NFL $3 Double Up,154078,Classic,3.0,4,62,1,162.0,2026-10-04 17:00:00+00:00,Sun 1:00PM
196170265,NFL $3 Double Up,154078,Classic,3.0,5,62,1,162.0,2026-10-04 17:00:00+00:00,Sun 1:00PM
196170301,NFL $3 Double Up,154078,Classic,3.0,3,39,1,102.0,2026-10-04 17:00:00+00:00,Sun 1:00PM
196170300,NFL $3 Double Up,154078,Classic,3.0,3,39,1,102.0,2026-10-04 17:00:00+00:00,Sun 1:00PM
196170226,NFL $3 Double Up,154078,Classic,3.0,4,23,1,60.0,2026-10-04 17:00:00+00:00,Sun 1:00PM
196170225,NFL $3 Double Up,154078,Classic,3.0,3,23,1,60.0,2026-10-04 17:00:00+00:00,Sun 1:00PM
196170224,NFL $3 Double Up,154078,Classic,3.0,6,23,1,60.0,2026-10-04 17:00:00+00:00,Sun 1:00PM
196170223,NFL $3 Double Up,154078,Classic,3.0,3,23,1,60.0,2026-10-04 17:00:00+00:00,Sun 1:00PM
196170222,NFL $3 Double Up,154078,Classic,3.0,3,23,1,60.0,2026-10-04 17:00:00+00:00,Sun 1:00PM
196170221,NFL $3 Double Up,154078,Classic,3.0,3,23,1,60.0,2026-10-04 17:00:00+00:00,Sun 1:00PM
196170220,NFL $3 Double Up,154078,Classic,3.0,3,23,1,60.0,2026-10-04 17:00:00+00:00,Sun 1:00PM
196170219,NFL $3 Double Up,154078,Classic,3.0,3,23,1,60.0,2026-10-04 17:00:00+00:00,Sun 1:00PM
196170218,NFL $3 Double Up,154078,Classic,3.0,3,23,1,60.0,2026-10-04 17:00:00+00:00,Sun 1:00PM
196170217,NFL $3 Double Up,154078,Classic,3.0,3,23,1,60.0,2026-10-04 17:00:00+00:00,Sun 1:00PM
196170497,NFL $3 Double Up,154078,Classic,3.0,3,23,1,60.0,2026-10-04 17:00:00+00:00,Sun 1:00PM
196170496,NFL $3 Double Up,154078,Classic,3.0,3,23,1,60.0,2026-10-04 17:00:00+00:00,Sun 1:00PM
196170495,NFL $3 Double Up,154078,Classic,3.0,3,23,1,60.0,2026-10-04 17:00:00+00:00,Sun 1:00PM
196170494,NFL $3 Double Up,154078,Classic,3.0,3,23,1,60.0,2026-10-04 17:00:00+00:00,Sun 1:00PM
196170232,NFL $1 Double Up [3 Entry Max],154078,Classic,1.0,77,862,3,750.0,2026-10-04 17:00:00+00:00,Sun 1:00PM
196170235,NFL $1 Double Up,154078,Classic,1.0,46,459,1,400.0,2026-10-04 17:00:00+00:00,Sun 1:00PM
196170234,NFL $1 Double Up,154078,Classic,1.0,40,459,1,400.0,2026-10-04 17:00:00+00:00,Sun 1:00PM
196170233,NFL $1 Double Up,154078,Classic,1.0,35,459,1,400.0,2026-10-04 17:00:00+00:00,Sun 1:00PM
196169948,NFL $1 Double Up,154078,Classic,1.0,22,229,1,200.0,2026-10-04 17:00:00+00:00,Sun 1:00PM
196169947,NFL $1 Double Up,154078,Classic,1.0,23,229,1,200.0,2026-10-04 17:00:00+00:00,Sun 1:00PM
196169946,NFL $1 Double Up,154078,Classic,1.0,18,229,1,200.0,2026-10-04 17:00:00+00:00,Sun 1:00PM
196169945,NFL $1 Double Up,154078,Classic,1.0,21,229,1,200.0,2026-10-04 17:00:00+00:00,Sun 1:00PM
196169944,NFL $1 Double Up,154078,Classic,1.0,18,229,1,200.0,2026-10-04 17:00:00+00:00,Sun 1:00PM
196170264,NFL $1 Double Up,154078,Classic,1.0,17,124,1,108.0,2026-10-04 17:00:00+00:00,Sun 1:00PM
196170263,NFL $1 Double Up,154078,Classic,1.0,15,124,1,108.0,2026-10-04 17:00:00+00:00,Sun 1:00PM
196170262,NFL $1 Double Up,154078,Classic,1.0,16,124,1,108.0,2026-10-04 17:00:00+00:00,Sun 1:00PM
196170261,NFL $1 Double Up,154078,Classic,1.0,16,124,1,108.0,2026-10-04 17:00:00+00:00,Sun 1:00PM
196170260,NFL $1 Double Up,154078,Classic,1.0,14,124,1,108.0,2026-10-04 17:00:00+00:00,Sun 1:00PM
196170259,NFL $1 Double Up,154078,Classic,1.0,15,124,1,108.0,2026-10-04 17:00:00+00:00,Sun 1:00PM
196170349,NFL $1 Double Up,154078,Classic,1.0,7,62,1,54.0,2026-10-04 17:00:00+00:00,Sun 1:00PM
196170348,NFL $1 Double Up,154078,Classic,1.0,7,62,1,54.0,2026-10-04 17:00:00+00:00,Sun 1:00PM
196170347,NFL $1 Double Up,154078,Classic,1.0,7,62,1,54.0,2026-10-04 17:00:00+00:00,Sun 1:00PM
196170346,NFL $1 Double Up,154078,Classic,1.0,9,62,1,54.0,2026-10-04 17:00:00+00:00,Sun 1:00PM
196170345,NFL $1 Double Up,154078,Classic,1.0,6,62,1,54.0,2026-10-04 17:00:00+00:00,Sun 1:00PM
196170258,NFL $1 Double Up,154078,Classic,1.0,6,62,1,54.0,2026-10-04 17:00:00+00:00,Sun 1:00PM
196170257,NFL $1 Double Up,154078,Classic,1.0,6,62,1,54.0,2026-10-04 17:00:00+00:00,Sun 1:00PM
196170256,NFL $1 Double Up,154078,Classic,1.0,6,62,1,54.0,2026-10-04 17:00:00+00:00,Sun 1:00PM
196170255,NFL $1 Double Up,154078,Classic,1.0,6,62,1,54.0,2026-10-04 17:00:00+00:00,Sun 1:00PM
196170254,NFL $1 Double Up,154078,Classic,1.0,6,62,1,54.0,2026-10-04 17:00:00+00:00,Sun 1:00PM
196170253,NFL $1 Double Up,154078,Classic,1.0,6,62,1,54.0,2026-10-04 17:00:00+00:00,Sun 1:00PM
196170252,NFL $1 Double Up,154078,Classic,1.0,6,62,1,54.0,2026-10-04 17:00:00+00:00,Sun 1:00PM
196170251,NFL $1 Double Up,154078,Classic,1.0,6,62,1,54.0,2026-10-04 17:00:00+00:00,Sun 1:00PM
196170317,NFL $1 Double Up,154078,Classic,1.0,5,39,1,34.0,2026-10-04 17:00:00+00:00,Sun 1:00PM
196170316,NFL $1 Double Up,154078,Classic,1.0,5,39,1,34.0,2026-10-04 17:00:00+00:00,Sun 1:00PM
196170315,NFL $1 Double Up,154078,Classic,1.0,5,39,1,34.0,2026-10-04 17:00:00+00:00,Sun 1:00PM
196170314,NFL $1 Double Up,154078,Classic,1.0,5,39,1,34.0,2026-10-04 17:00:00+00:00,Sun 1:00PM
196170313,NFL $1 Double Up,154078,Classic,1.0,5,39,1,34.0,2026-10-04 17:00:00+00:00,Sun 1:00PM
196170299,NFL $1 Double Up,154078,Classic,1.0,5,39,1,34.0,2026-10-04 17:00:00+00:00,Sun 1:00PM
196170298,NFL $1 Double Up,154078,Classic,1.0,5,39,1,34.0,2026-10-04 17:00:00+00:00,Sun 1:00PM
196170297,NFL $1 Double Up,154078,Classic,1.0,5,39,1,34.0,2026-10-04 17:00:00+00:00,Sun 1:00PM
196170296,NFL $1 Double Up,154078,Classic,1.0,5,39,1,34.0,2026-10-04 17:00:00+00:00,Sun 1:00PM
196170295,NFL $1 Double Up,154078,Classic,1.0,6,39,1,34.0,2026-10-04 17:00:00+00:00,Sun 1:00PM
196170392,NFL $1 Double Up,154078,Classic,1.0,4,23,1,20.0,2026-10-04 17:00:00+00:00,Sun 1:00PM
196170391,NFL $1 Double Up,154078,Classic,1.0,4,23,1,20.0,2026-10-04 17:00:00+00:00,Sun 1:00PM
196170390,NFL $1 Double Up,154078,Classic,1.0,4,23,1,20.0,2026-10-04 17:00:00+00:00,Sun 1:00PM
196170389,NFL $1 Double Up,154078,Classic,1.0,4,23,1,20.0,2026-10-04 17:00:00+00:00,Sun 1:00PM
196170388,NFL $1 Double Up,154078,Classic,1.0,4,23,1,20.0,2026-10-04 17:00:00+00:00,Sun 1:00PM
196170387,NFL $1 Double Up,154078,Classic,1.0,5,23,1,20.0,2026-10-04 17:00:00+00:00,Sun 1:00PM
196170386,NFL $1 Double Up,154078,Classic,1.0,4,23,1,20.0,2026-10-04 17:00:00+00:00,Sun 1:00PM
196170385,NFL $1 Double Up,154078,Classic,1.0,5,23,1,20.0,2026-10-04 17:00:00+00:00,Sun 1:00PM
196170384,NFL $1 Double Up,154078,Classic,1.0,5,23,1,20.0,2026-10-04 17:00:00+00:00,Sun 1:00PM
196170383,NFL $1 Double Up,154078,Classic,1.0,5,23,1,20.0,2026-10-04 17:00:00+00:00,Sun 1:00PM
196170382,NFL $1 Double Up,154078,Classic,1.0,5,23,1,20.0,2026-10-04 17:00:00+00:00,Sun 1:00PM
196170381,NFL $1 Double Up,154078,Classic,1.0,5,23,1,20.0,2026-10-04 17:00:00+00:00,Sun 1:00PM
196170380,NFL $1 Double Up,154078,Classic,1.0,5,23,1,20.0,2026-10-04 17:00:00+00:00,Sun 1:00PM
196170379,NFL $1 Double Up,154078,Classic,1.0,5,23,1,20.0,2026-10-04 17:00:00+00:00,Sun 1:00PM
196170378,NFL $1 Double Up,154078,Classic,1.0,5,23,1,20.0,2026-10-04 17:00:00+00:00,Sun 1:00PM
196170377,NFL $1 Double Up,154078,Classic,1.0,5,23,1,20.0,2026-10-04 17:00:00+00:00,Sun 1:00PM
196170376,NFL $1 Double Up,154078,Classic,1.0,5,23,1,20.0,2026-10-04 17:00:00+00:00,Sun 1:00PM
196170375,NFL $1 Double Up,154078,Classic,1.0,5,23,1,20.0,2026-10-04 17:00:00+00:00,Sun 1:00PM
196170374,NFL $1 Double Up,154078,Classic,1.0,5,23,1,20.0,2026-10-04 17:00:00+00:00,Sun 1:00PM
196170373,NFL $1 Double Up,154078,Classic,1.0,5,23,1,20.0,2026-10-04 17:00:00+00:00,Sun 1:00PM
196170372,NFL $1 Double Up,154078,Classic,1.0,5,23,1,20.0,2026-10-04 17:00:00+00:00,Sun 1:00PM
196170371,NFL $1 Double Up,154078,Classic,1.0,5,23,1,20.0,2026-10-04 17:00:00+00:00,Sun 1:00PM
196170370,NFL $1 Double Up,154078,Classic,1.0,5,23,1,20.0,2026-10-04 17:00:00+00:00,Sun 1:00PM
196170369,NFL $1 Double Up,154078,Classic,1.0,5,23,1,20.0,2026-10-04 17:00:00+00:00,Sun 1:00PM
196170368,NFL $1 Double Up,154078,Classic,1.0,5,23,1,20.0,2026-10-04 17:00:00+00:00,Sun 1:00PM
196170367,NFL $1 Double Up,154078,Classic,1.0,5,23,1,20.0,2026-10-04 17:00:00+00:00,Sun 1:00PM
196170366,NFL $1 Double Up,154078,Classic,1.0,6,23,1,20.0,2026-10-04 17:00:00+00:00,Sun 1:00PM
196170365,NFL $1 Double Up,154078,Classic,1.0,5,23,1,20.0,2026-10-04 17:00:00+00:00,Sun 1:00PM
196170364,NFL $1 Double Up,154078,Classic,1.0,5,23,1,20.0,2026-10-04 17:00:00+00:00,Sun 1:00PM
196170363,NFL $1 Double Up,154078,Classic,1.0,5,23,1,20.0,2026-10-04 17:00:00+00:00,Sun 1:00PM
196170362,NFL $1 Double Up,154078,Classic,1.0,5,23,1,20.0,2026-10-04 17:00:00+00:00,Sun 1:00PM
196170361,NFL $1 Double Up,154078,Classic,1.0,5,23,1,20.0,2026-10-04 17:00:00+00:00,Sun 1:00PM
196170360,NFL $1 Double Up,154078,Classic,1.0,5,23,1,20.0,2026-10-04 17:00:00+00:00,Sun 1:00PM
196170359,NFL $1 Double Up,154078,Classic,1.0,5,23,1,20.0,2026-10-04 17:00:00+00:00,Sun 1:00PM
196170358,NFL $1 Double Up,154078,Classic,1.0,5,23,1,20.0,2026-10-04 17:00:00+00:00,Sun 1:00PM
196170357,NFL $1 Double Up,154078,Classic,1.0,5,23,1,20.0,2026-10-04 17:00:00+00:00,Sun 1:00PM
196170356,NFL $1 Double Up,154078,Classic,1.0,5,23,1,20.0,2026-10-04 17:00:00+00:00,Sun 1:00PM
196170355,NFL $1 Double Up,154078,Classic,1.0,5,23,1,20.0,2026-10-04 17:00:00+00:00,Sun 1:00PM
196170354,NFL $1 Double Up,154078,Classic,1.0,5,23,1,20.0,2026-10-04 17:00:00+00:00,Sun 1:00PM
196170353,NFL $1 Double Up,154078,Classic,1.0,5,23,1,20.0,2026-10-04 17:00:00+00:00,Sun 1:00PM
196170493,NFL $1 Double Up,154078,Classic,1.0,5,23,1,20.0,2026-10-04 17:00:00+00:00,Sun 1:00PM
196170492,NFL $1 Double Up,154078,Classic,1.0,5,23,1,20.0,2026-10-04 17:00:00+00:00,Sun 1:00PM
196170491,NFL $1 Double Up,154078,Classic,1.0,5,23,1,20.0,2026-10-04 17:00:00+00:00,Sun 1:00PM
196170490,NFL $1 Double Up,154078,Classic,1.0,5,23,1,20.0,2026-10-04 17:00:00+00:00,Sun 1:00PM
196170489,NFL $1 Double Up,154078,Classic,1.0,5,23,1,20.0,2026-10-04 17:00:00+00:00,Sun 1:00PM
196170488,NFL $1 Double Up,154078,Classic,1.0,5,23,1,20.0,2026-10-04 17:00:00+00:00,Sun 1:00PM
196170487,NFL $1 Double Up,154078,Classic,1.0,5,23,1,20.0,2026-10-04 17:00:00+00:00,Sun 1:00PM
196170486,NFL $1 Double Up,154078,Classic,1.0,5,23,1,20.0,2026-10-04 17:00:00+00:00,Sun 1:00PM
196170485,NFL $1 Double Up,154078,Classic,1.0,5,23,1,20.0,2026-10-04 17:00:00+00:00,Sun 1:00PM
196170484,NFL $1 Double Up,154078,Classic,1.0,5,23,1,20.0,2026-10-04 17:00:00+00:00,Sun 1:00PM
196170483,NFL $1 Double Up,154078,Classic,1.0,5,23,1,20.0,2026-10-04 17:00:00+00:00,Sun 1:00PM
196170482,NFL $1 Double Up,154078,Classic,1.0,5,23,1,20.0,2026-10-04 17:00:00+00:00,Sun 1:00PM
196170481,NFL $1 Double Up,154078,Classic,1.0,5,23,1,20.0,2026-10-04 17:00:00+00:00,Sun 1:00PM
196170480,NFL $1 Double Up,154078,Classic,1.0,5,23,1,20.0,2026-10-04 17:00:00+00:00,Sun 1:00PM
196170479,NFL $1 Double Up,154078,Classic,1.0,5,23,1,20.0,2026-10-04 17:00:00+00:00,Sun 1:00PM
196170478,NFL $1 Double Up,154078,Classic,1.0,5,23,1,20.0,2026-10-04 17:00:00+00:00,Sun 1:00PM
196170477,NFL $1 Double Up,154078,Classic,1.0,5,23,1,20.0,2026-10-04 17:00:00+00:00,Sun 1:00PM
196170476,NFL $1 Double Up,154078,Classic,1.0,5,23,1,20.0,2026-10-04 17:00:00+00:00,Sun 1:00PM
196170475,NFL $1 Double Up,154078,Classic,1.0,5,23,1,20.0,2026-10-04 17:00:00+00:00,Sun 1:00PM
196170474,NFL $1 Double Up,154078,Classic,1.0,5,23,1,20.0,2026-10-04 17:00:00+00:00,Sun 1:00PM
196170507,NFL $1 Double Up,154078,Classic,1.0,5,23,1,20.0,2026-10-04 17:00:00+00:00,Sun 1:00PM
196170506,NFL $1 Double Up,154078,Classic,1.0,5,23,1,20.0,2026-10-04 17:00:00+00:00,Sun 1:00PM
196170505,NFL $1 Double Up,154078,Classic,1.0,5,23,1,20.0,2026-10-04 17:00:00+00:00,Sun 1:00PM
196170504,NFL $1 Double Up,154078,Classic,1.0,5,23,1,20.0,2026-10-04 17:00:00+00:00,Sun 1:00PM
196170503,NFL $1 Double Up,154078,Classic,1.0,5,23,1,20.0,2026-10-04 17:00:00+00:00,Sun 1:00PM
196170502,NFL $1 Double Up,154078,Classic,1.0,5,23,1,20.0,2026-10-04 17:00:00+00:00,Sun 1:00PM
196170501,NFL $1 Double Up,154078,Classic,1.0,5,23,1,20.0,2026-10-04 17:00:00+00:00,Sun 1:00PM
196170500,NFL $1 Double Up,154078,Classic,1.0,5,23,1,20.0,2026-10-04 17:00:00+00:00,Sun 1:00PM
196170499,NFL $1 Double Up,154078,Classic,1.0,5,23,1,20.0,2026-10-04 17:00:00+00:00,Sun 1:00PM
196170498,NFL $1 Double Up,154078,Classic,1.0,6,23,1,20.0,2026-10-04 17:00:00+00:00,Sun 1:00PM
196214616,NFL FREE 200-Player,154078,Classic,0.0,103,200,1,0.0,2026-10-04 17:00:00+00:00,Sun 1:00PM
196194987,NFL FREE 200-Player,154078,Classic,0.0,134,200,1,0.0,2026-10-04 17:00:00+00:00,Sun 1:00PM
196193990,NFL FREE 200-Player x5,154078,Classic,0.0,121,200,1,0.0,2026-10-04 17:00:00+00:00,Sun 1:00PM
196193158,NFL FREE 200-Player,154078,Classic,0.0,126,200,1,0.0,2026-10-04 17:00:00+00:00,Sun 1:00PM
196195086,NFL FREE 100-Player,154078,Classic,0.0,99,100,1,0.0,2026-10-04 17:00:00+00:00,Sun 1:00PM
196209722,NFL Satellite to $20 NFL Fantasy Football Millionaire (Early Only),154079,Classic,2.0,2,11,1,20.0,2026-10-04 17:00:00+00:00,Sun 1:00PM
196209721,NFL Satellite to $20 NFL Fantasy Football Millionaire (Early Only),154079,Classic,2.0,1,11,1,20.0,2026-10-04 17:00:00+00:00,Sun 1:00PM
196209720,NFL Satellite to $20 NFL Fantasy Football Millionaire (Early Only),154079,Classic,2.0,1,11,1,20.0,2026-10-04 17:00:00+00:00,Sun 1:00PM
196209719,NFL Satellite to $20 NFL Fantasy Football Millionaire (Early Only),154079,Classic,2.0,2,11,1,20.0,2026-10-04 17:00:00+00:00,Sun 1:00PM
196209718,NFL Satellite to $20 NFL Fantasy Football Millionaire (Early Only),154079,Classic,2.0,1,11,1,20.0,2026-10-04 17:00:00+00:00,Sun 1:00PM
196209717,NFL Satellite to $20 NFL Fantasy Football Millionaire (Early Only),154079,Classic,2.0,1,11,1,20.0,2026-10-04 17:00:00+00:00,Sun 1:00PM
196209728,NFL Satellite to $20 NFL Fantasy Football Millionaire (Early Only),154079,Classic,1.0,2,23,1,20.0,2026-10-04 17:00:00+00:00,Sun 1:00PM
196209727,NFL Satellite to $20 NFL Fantasy Football Millionaire (Early Only),154079,Classic,1.0,2,23,1,20.0,2026-10-04 17:00:00+00:00,Sun 1:00PM
196209726,NFL Satellite to $20 NFL Fantasy Football Millionaire (Early Only),154079,Classic,1.0,3,23,1,20.0,2026-10-04 17:00:00+00:00,Sun 1:00PM
196209725,NFL Satellite to $20 NFL Fantasy Football Millionaire (Early Only),154079,Classic,1.0,2,23,1,20.0,2026-10-04 17:00:00+00:00,Sun 1:00PM
196209724,NFL Satellite to $20 NFL Fantasy Football Millionaire (Early Only),154079,Classic,1.0,2,23,1,20.0,2026-10-04 17:00:00+00:00,Sun 1:00PM
196209723,NFL Satellite to $20 NFL Fantasy Football Millionaire (Early Only),154079,Classic,1.0,3,23,1,20.0,2026-10-04 17:00:00+00:00,Sun 1:00PM
196209732,NFL Satellite to $20 NFL Fantasy Football Millionaire (Early Only),154079,Classic,0.25,6,95,2,20.0,2026-10-04 17:00:00+00:00,Sun 1:00PM
196209731,NFL Satellite to $20 NFL Fantasy Football Millionaire (Early Only),154079,Classic,0.25,4,95,2,20.0,2026-10-04 17:00:00+00:00,Sun 1:00PM
196209730,NFL Satellite to $20 NFL Fantasy Football Millionaire (Early Only),154079,Classic,0.25,5,95,2,20.0,2026-10-04 17:00:00+00:00,Sun 1:00PM
196209729,NFL Satellite to $20 NFL Fantasy Football Millionaire (Early Only),154079,Classic,0.25,4,95,2,20.0,2026-10-04 17:00:00+00:00,Sun 1:00PM
196209736,NFL Satellite to $20 NFL Fantasy Football Millionaire (Early Only),154079,Classic,0.1,21,237,7,20.0,2026-10-04 17:00:00+00:00,Sun 1:00PM
196209735,NFL Satellite to $20 NFL Fantasy Football Millionaire (Early Only),154079,Classic,0.1,17,237,7,20.0,2026-10-04 17:00:00+00:00,Sun 1:00PM
196209734,NFL Satellite to $20 NFL Fantasy Football Millionaire (Early Only),154079,Classic,0.1,16,237,7,20.0,2026-10-04 17:00:00+00:00,Sun 1:00PM
196209733,NFL Satellite to $20 NFL Fantasy Football Millionaire (Early Only),154079,Classic,0.1,14,237,7,20.0,2026-10-04 17:00:00+00:00,Sun 1:00PM
196211265,NFL Satellite to EPL $25 Boxing Day Special Ticket (12-26) (Early Only),154079,Classic,4.0,0,7,1,25.0,2026-10-04 17:00:00+00:00,Sun 1:00PM
196211264,NFL Satellite to UFC 333 $25 Special (10-24) (Early Only),154079,Classic,1.0,0,29,1,25.0,2026-10-04 17:00:00+00:00,Sun 1:00PM
196211260,NFL Satellite to NBA 10-20 $20 Opening Tip Off (Early Only),154079,Classic,2.0,1,11,1,20.0,2026-10-04 17:00:00+00:00,Sun 1:00PM
196211259,NFL Satellite to NBA 10-20 $20 Opening Tip Off (Early Only),154079,Classic,1.0,1,23,1,20.0,2026-10-04 17:00:00+00:00,Sun 1:00PM
196211258,NFL Satellite to NBA 10-20 $20 Opening Tip Off (Early Only),154079,Classic,0.25,4,95,2,20.0,2026-10-04 17:00:00+00:00,Sun 1:00PM
196209579,NFL $100 Contest (Early Only),154079,Classic,100.0,0,11,1,1000.0,2026-10-04 17:00:00+00:00,Sun 1:00PM
196209716,NFL $50 Contest (Early Only),154079,Classic,50.0,0,11,1,500.0,2026-10-04 17:00:00+00:00,Sun 1:00PM
196209558,NFL $9 Contest (Early Only),154079,Classic,9.0,2,39,1,300.0,2026-10-04 17:00:00+00:00,Sun 1:00PM
196209580,NFL $5 Contest (Early Only),154079,Classic,5.0,3,47,1,200.0,2026-10-04 17:00:00+00:00,Sun 1:00PM
196209559,NFL $3 Contest (Early Only),154079,Classic,3.0,4,118,3,300.0,2026-10-04 17:00:00+00:00,Sun 1:00PM
196209561,NFL $1 Contest (Early Only),154079,Classic,1.0,4,118,3,100.0,2026-10-04 17:00:00+00:00,Sun 1:00PM
196209560,NFL $1 Contest (Early Only),154079,Classic,1.0,7,118,3,100.0,2026-10-04 17:00:00+00:00,Sun 1:00PM
196209581,NFL $0.25 Contest (Early Only),154079,Classic,0.25,11,237,7,50.0,2026-10-04 17:00:00+00:00,Sun 1:00PM
196209564,NFL $0.25 Contest (Early Only),154079,Classic,0.25,8,237,7,50.0,2026-10-04 17:00:00+00:00,Sun 1:00PM
196209563,NFL $0.25 Contest (Early Only),154079,Classic,0.25,8,237,7,50.0,2026-10-04 17:00:00+00:00,Sun 1:00PM
196209562,NFL $0.25 Contest (Early Only),154079,Classic,0.25,11,237,7,50.0,2026-10-04 17:00:00+00:00,Sun 1:00PM
196209712,NFL $267 Winner Take All [$1K to 1st] (Early Only),154079,Classic,267.0,0,4,1,1000.0,2026-10-04 17:00:00+00:00,Sun 1:00PM
196209711,NFL $267 Winner Take All [$1K to 1st] (Early Only),154079,Classic,267.0,0,4,1,1000.0,2026-10-04 17:00:00+00:00,Sun 1:00PM
196209710,NFL $267 Winner Take All [$1K to 1st] (Early Only),154079,Classic,267.0,0,4,1,1000.0,2026-10-04 17:00:00+00:00,Sun 1:00PM
196209709,NFL $267 Winner Take All [$1K to 1st] (Early Only),154079,Classic,267.0,0,4,1,1000.0,2026-10-04 17:00:00+00:00,Sun 1:00PM
196209708,NFL $267 Winner Take All [$1K to 1st] (Early Only),154079,Classic,267.0,0,4,1,1000.0,2026-10-04 17:00:00+00:00,Sun 1:00PM
196209697,NFL $100 Winner Take All [$1K to 1st] (Early Only),154079,Classic,100.0,0,11,1,1000.0,2026-10-04 17:00:00+00:00,Sun 1:00PM
196209698,NFL $50 Winner Take All [$500 to 1st] (Early Only),154079,Classic,50.0,0,11,1,500.0,2026-10-04 17:00:00+00:00,Sun 1:00PM
196209707,NFL $27 Winner Take All [$500 to 1st] (Early Only),154079,Classic,27.0,0,21,1,500.0,2026-10-04 17:00:00+00:00,Sun 1:00PM
196209701,NFL $5 Winner Take All [$100 to 1st] (Early Only),154079,Classic,5.0,5,23,1,100.0,2026-10-04 17:00:00+00:00,Sun 1:00PM
196209700,NFL $5 Winner Take All [$100 to 1st] (Early Only),154079,Classic,5.0,3,23,1,100.0,2026-10-04 17:00:00+00:00,Sun 1:00PM
196209699,NFL $5 Winner Take All [$100 to 1st] (Early Only),154079,Classic,5.0,3,23,1,100.0,2026-10-04 17:00:00+00:00,Sun 1:00PM
196209703,NFL $3 Winner Take All [$100 to 1st] (Early Only),154079,Classic,3.0,1,39,1,100.0,2026-10-04 17:00:00+00:00,Sun 1:00PM
196209702,NFL $3 Winner Take All [$100 to 1st] (Early Only),154079,Classic,3.0,2,39,1,100.0,2026-10-04 17:00:00+00:00,Sun 1:00PM
196209696,NFL $1 Winner Take All [$100 to 1st] (Early Only),154079,Classic,1.0,5,118,3,100.0,2026-10-04 17:00:00+00:00,Sun 1:00PM
196209695,NFL $1 Winner Take All [$100 to 1st] (Early Only),154079,Classic,1.0,8,118,3,100.0,2026-10-04 17:00:00+00:00,Sun 1:00PM
196209694,NFL $1 Winner Take All [$100 to 1st] (Early Only),154079,Classic,1.0,4,118,3,100.0,2026-10-04 17:00:00+00:00,Sun 1:00PM
196209706,NFL $0.25 Winner Take All [$100 to 1st] (Early Only),154079,Classic,0.25,27,475,10,100.0,2026-10-04 17:00:00+00:00,Sun 1:00PM
196209705,NFL $0.25 Winner Take All [$100 to 1st] (Early Only),154079,Classic,0.25,27,475,10,100.0,2026-10-04 17:00:00+00:00,Sun 1:00PM
196209704,NFL $0.25 Winner Take All [$100 to 1st] (Early Only),154079,Classic,0.25,24,475,10,100.0,2026-10-04 17:00:00+00:00,Sun 1:00PM
196209565,NFL 10x Booster [Top 3 Win $250] (Early Only),154079,Classic,25.0,0,35,1,750.0,2026-10-04 17:00:00+00:00,Sun 1:00PM
196209568,NFL 10x Booster [Top 3 Win $100] (Early Only),154079,Classic,10.0,5,35,1,300.0,2026-10-04 17:00:00+00:00,Sun 1:00PM
196209567,NFL 10x Booster [Top 3 Win $100] (Early Only),154079,Classic,10.0,3,35,1,300.0,2026-10-04 17:00:00+00:00,Sun 1:00PM
196209566,NFL 10x Booster [Top 3 Win $100] (Early Only),154079,Classic,10.0,1,35,1,300.0,2026-10-04 17:00:00+00:00,Sun 1:00PM
196209571,NFL 10x Booster [Top 5 Win $50] (Early Only),154079,Classic,5.0,4,59,1,250.0,2026-10-04 17:00:00+00:00,Sun 1:00PM
196209570,NFL 10x Booster [Top 5 Win $50] (Early Only),154079,Classic,5.0,4,59,1,250.0,2026-10-04 17:00:00+00:00,Sun 1:00PM
196209569,NFL 10x Booster [Top 5 Win $50] (Early Only),154079,Classic,5.0,3,59,1,250.0,2026-10-04 17:00:00+00:00,Sun 1:00PM
196209583,NFL 10x Booster [Top 5 Win $20] (Early Only),154079,Classic,2.0,2,59,1,100.0,2026-10-04 17:00:00+00:00,Sun 1:00PM
196209582,NFL 10x Booster [Top 5 Win $20] (Early Only),154079,Classic,2.0,2,59,1,100.0,2026-10-04 17:00:00+00:00,Sun 1:00PM
196209574,NFL 10x Booster [Top 5 Win $20] (Early Only),154079,Classic,2.0,3,59,1,100.0,2026-10-04 17:00:00+00:00,Sun 1:00PM
196209573,NFL 10x Booster [Top 5 Win $20] (Early Only),154079,Classic,2.0,2,59,1,100.0,2026-10-04 17:00:00+00:00,Sun 1:00PM
196209572,NFL 10x Booster [Top 5 Win $20] (Early Only),154079,Classic,2.0,2,59,1,100.0,2026-10-04 17:00:00+00:00,Sun 1:00PM
196209621,NFL 10x Booster [Top 3 Win $20] (Early Only),154079,Classic,2.0,4,35,1,60.0,2026-10-04 17:00:00+00:00,Sun 1:00PM
196209715,NFL 40x Micro Booster [Top 10 Win $10] (Early Only),154079,Classic,0.25,37,475,10,100.0,2026-10-04 17:00:00+00:00,Sun 1:00PM
196209714,NFL 40x Micro Booster [Top 10 Win $10] (Early Only),154079,Classic,0.25,21,475,10,100.0,2026-10-04 17:00:00+00:00,Sun 1:00PM
196209713,NFL 40x Micro Booster [Top 5 Win $10] (Early Only),154079,Classic,0.25,9,237,7,50.0,2026-10-04 17:00:00+00:00,Sun 1:00PM
196209575,NFL 40x Micro Booster [Top 5 Win $10] (Early Only),154079,Classic,0.25,8,237,7,50.0,2026-10-04 17:00:00+00:00,Sun 1:00PM
196209576,NFL $10 Quintuple Up [Top 5 Win $50] (Early Only),154079,Classic,10.0,2,28,1,250.0,2026-10-04 17:00:00+00:00,Sun 1:00PM
196209586,NFL $5 Quintuple Up [Top 5 Win $25] (Early Only),154079,Classic,5.0,2,28,1,125.0,2026-10-04 17:00:00+00:00,Sun 1:00PM
196209585,NFL $5 Quintuple Up [Top 5 Win $25] (Early Only),154079,Classic,5.0,2,28,1,125.0,2026-10-04 17:00:00+00:00,Sun 1:00PM
196209584,NFL $5 Quintuple Up [Top 5 Win $25] (Early Only),154079,Classic,5.0,2,28,1,125.0,2026-10-04 17:00:00+00:00,Sun 1:00PM
196209577,NFL $1 Quintuple Up [Top 10 Win $5] (Early Only),154079,Classic,1.0,2,57,1,50.0,2026-10-04 17:00:00+00:00,Sun 1:00PM
196209595,NFL $1 Quintuple Up [Top 5 Win $5] (Early Only),154079,Classic,1.0,2,28,1,25.0,2026-10-04 17:00:00+00:00,Sun 1:00PM
196209594,NFL $1 Quintuple Up [Top 5 Win $5] (Early Only),154079,Classic,1.0,1,28,1,25.0,2026-10-04 17:00:00+00:00,Sun 1:00PM
196209593,NFL $1 Quintuple Up [Top 5 Win $5] (Early Only),154079,Classic,1.0,0,28,1,25.0,2026-10-04 17:00:00+00:00,Sun 1:00PM
196209592,NFL $1 Quintuple Up [Top 5 Win $5] (Early Only),154079,Classic,1.0,0,28,1,25.0,2026-10-04 17:00:00+00:00,Sun 1:00PM
196209591,NFL $1 Quintuple Up [Top 5 Win $5] (Early Only),154079,Classic,1.0,0,28,1,25.0,2026-10-04 17:00:00+00:00,Sun 1:00PM
196209590,NFL $1 Quintuple Up [Top 5 Win $5] (Early Only),154079,Classic,1.0,0,28,1,25.0,2026-10-04 17:00:00+00:00,Sun 1:00PM
196209589,NFL $1 Quintuple Up [Top 5 Win $5] (Early Only),154079,Classic,1.0,0,28,1,25.0,2026-10-04 17:00:00+00:00,Sun 1:00PM
196209588,NFL $1 Quintuple Up [Top 5 Win $5] (Early Only),154079,Classic,1.0,0,28,1,25.0,2026-10-04 17:00:00+00:00,Sun 1:00PM
196209587,NFL $1 Quintuple Up [Top 5 Win $5] (Early Only),154079,Classic,1.0,0,28,1,25.0,2026-10-04 17:00:00+00:00,Sun 1:00PM
196209689,NFL $50 Triple Up [Top 5 Win $150] (Early Only),154079,Classic,50.0,1,17,1,750.0,2026-10-04 17:00:00+00:00,Sun 1:00PM
196209622,NFL $25 Triple Up [Top 9 Win $75] (Early Only),154079,Classic,25.0,4,31,1,675.0,2026-10-04 17:00:00+00:00,Sun 1:00PM
196209627,NFL $10 Triple Up [Top 9 Win $30] (Early Only),154079,Classic,10.0,4,31,1,270.0,2026-10-04 17:00:00+00:00,Sun 1:00PM
196209626,NFL $10 Triple Up [Top 9 Win $30] (Early Only),154079,Classic,10.0,4,31,1,270.0,2026-10-04 17:00:00+00:00,Sun 1:00PM
196209625,NFL $10 Triple Up [Top 9 Win $30] (Early Only),154079,Classic,10.0,4,31,1,270.0,2026-10-04 17:00:00+00:00,Sun 1:00PM
196209624,NFL $10 Triple Up [Top 9 Win $30] (Early Only),154079,Classic,10.0,4,31,1,270.0,2026-10-04 17:00:00+00:00,Sun 1:00PM
196209623,NFL $10 Triple Up [Top 9 Win $30] (Early Only),154079,Classic,10.0,5,31,1,270.0,2026-10-04 17:00:00+00:00,Sun 1:00PM
196209637,NFL $5 Triple Up [Top 9 Win $15] (Early Only),154079,Classic,5.0,3,31,1,135.0,2026-10-04 17:00:00+00:00,Sun 1:00PM
196209636,NFL $5 Triple Up [Top 9 Win $15] (Early Only),154079,Classic,5.0,4,31,1,135.0,2026-10-04 17:00:00+00:00,Sun 1:00PM
196209635,NFL $5 Triple Up [Top 9 Win $15] (Early Only),154079,Classic,5.0,3,31,1,135.0,2026-10-04 17:00:00+00:00,Sun 1:00PM
196209634,NFL $5 Triple Up [Top 9 Win $15] (Early Only),154079,Classic,5.0,3,31,1,135.0,2026-10-04 17:00:00+00:00,Sun 1:00PM
196209633,NFL $5 Triple Up [Top 9 Win $15] (Early Only),154079,Classic,5.0,3,31,1,135.0,2026-10-04 17:00:00+00:00,Sun 1:00PM
196209632,NFL $5 Triple Up [Top 9 Win $15] (Early Only),154079,Classic,5.0,3,31,1,135.0,2026-10-04 17:00:00+00:00,Sun 1:00PM
196209631,NFL $5 Triple Up [Top 9 Win $15] (Early Only),154079,Classic,5.0,3,31,1,135.0,2026-10-04 17:00:00+00:00,Sun 1:00PM
196209630,NFL $5 Triple Up [Top 9 Win $15] (Early Only),154079,Classic,5.0,3,31,1,135.0,2026-10-04 17:00:00+00:00,Sun 1:00PM
196209629,NFL $5 Triple Up [Top 9 Win $15] (Early Only),154079,Classic,5.0,4,31,1,135.0,2026-10-04 17:00:00+00:00,Sun 1:00PM
196209628,NFL $5 Triple Up [Top 9 Win $15] (Early Only),154079,Classic,5.0,4,31,1,135.0,2026-10-04 17:00:00+00:00,Sun 1:00PM
196209651,NFL $1 Triple Up [Top 9 Win $3] (Early Only),154079,Classic,1.0,2,31,1,27.0,2026-10-04 17:00:00+00:00,Sun 1:00PM
196209650,NFL $1 Triple Up [Top 9 Win $3] (Early Only),154079,Classic,1.0,2,31,1,27.0,2026-10-04 17:00:00+00:00,Sun 1:00PM
196209649,NFL $1 Triple Up [Top 9 Win $3] (Early Only),154079,Classic,1.0,2,31,1,27.0,2026-10-04 17:00:00+00:00,Sun 1:00PM
196209648,NFL $1 Triple Up [Top 9 Win $3] (Early Only),154079,Classic,1.0,2,31,1,27.0,2026-10-04 17:00:00+00:00,Sun 1:00PM
196209647,NFL $1 Triple Up [Top 9 Win $3] (Early Only),154079,Classic,1.0,2,31,1,27.0,2026-10-04 17:00:00+00:00,Sun 1:00PM
196209646,NFL $1 Triple Up [Top 9 Win $3] (Early Only),154079,Classic,1.0,2,31,1,27.0,2026-10-04 17:00:00+00:00,Sun 1:00PM
196209645,NFL $1 Triple Up [Top 9 Win $3] (Early Only),154079,Classic,1.0,2,31,1,27.0,2026-10-04 17:00:00+00:00,Sun 1:00PM
196209644,NFL $1 Triple Up [Top 9 Win $3] (Early Only),154079,Classic,1.0,2,31,1,27.0,2026-10-04 17:00:00+00:00,Sun 1:00PM
196209643,NFL $1 Triple Up [Top 9 Win $3] (Early Only),154079,Classic,1.0,2,31,1,27.0,2026-10-04 17:00:00+00:00,Sun 1:00PM
196209642,NFL $1 Triple Up [Top 9 Win $3] (Early Only),154079,Classic,1.0,2,31,1,27.0,2026-10-04 17:00:00+00:00,Sun 1:00PM
196209641,NFL $1 Triple Up [Top 9 Win $3] (Early Only),154079,Classic,1.0,2,31,1,27.0,2026-10-04 17:00:00+00:00,Sun 1:00PM
196209640,NFL $1 Triple Up [Top 9 Win $3] (Early Only),154079,Classic,1.0,2,31,1,27.0,2026-10-04 17:00:00+00:00,Sun 1:00PM
196209639,NFL $1 Triple Up [Top 9 Win $3] (Early Only),154079,Classic,1.0,2,31,1,27.0,2026-10-04 17:00:00+00:00,Sun 1:00PM
196209638,NFL $1 Triple Up [Top 9 Win $3] (Early Only),154079,Classic,1.0,3,31,1,27.0,2026-10-04 17:00:00+00:00,Sun 1:00PM
196209578,NFL $100 Double Up (Early Only),154079,Classic,100.0,1,11,1,1000.0,2026-10-04 17:00:00+00:00,Sun 1:00PM
196209688,NFL $50 Double Up (Early Only),154079,Classic,50.0,1,11,1,500.0,2026-10-04 17:00:00+00:00,Sun 1:00PM
196209555,NFL $50 Double Up (Early Only),154079,Classic,50.0,1,11,1,500.0,2026-10-04 17:00:00+00:00,Sun 1:00PM
196209685,NFL $25 Double Up (Early Only),154079,Classic,25.0,5,39,1,850.0,2026-10-04 17:00:00+00:00,Sun 1:00PM
196209687,NFL $25 Double Up (Early Only),154079,Classic,25.0,1,11,1,250.0,2026-10-04 17:00:00+00:00,Sun 1:00PM
196209686,NFL $25 Double Up (Early Only),154079,Classic,25.0,1,11,1,250.0,2026-10-04 17:00:00+00:00,Sun 1:00PM
196209557,NFL $25 Double Up (Early Only),154079,Classic,25.0,1,11,1,250.0,2026-10-04 17:00:00+00:00,Sun 1:00PM
196209556,NFL $25 Double Up (Early Only),154079,Classic,25.0,1,11,1,250.0,2026-10-04 17:00:00+00:00,Sun 1:00PM
196209684,NFL $10 Double Up (Early Only),154079,Classic,10.0,5,39,1,340.0,2026-10-04 17:00:00+00:00,Sun 1:00PM
196209683,NFL $10 Double Up (Early Only),154079,Classic,10.0,5,39,1,340.0,2026-10-04 17:00:00+00:00,Sun 1:00PM
196209682,NFL $10 Double Up (Early Only),154079,Classic,10.0,5,39,1,340.0,2026-10-04 17:00:00+00:00,Sun 1:00PM
196209691,NFL $10 Double Up (Early Only),154079,Classic,10.0,4,23,1,200.0,2026-10-04 17:00:00+00:00,Sun 1:00PM
196209690,NFL $10 Double Up (Early Only),154079,Classic,10.0,4,23,1,200.0,2026-10-04 17:00:00+00:00,Sun 1:00PM
196209620,NFL $10 Double Up (Early Only),154079,Classic,10.0,4,23,1,200.0,2026-10-04 17:00:00+00:00,Sun 1:00PM
196209619,NFL $10 Double Up (Early Only),154079,Classic,10.0,4,23,1,200.0,2026-10-04 17:00:00+00:00,Sun 1:00PM
196209693,NFL $10 Double Up (Early Only),154079,Classic,10.0,1,11,1,100.0,2026-10-04 17:00:00+00:00,Sun 1:00PM
196209692,NFL $10 Double Up (Early Only),154079,Classic,10.0,1,11,1,100.0,2026-10-04 17:00:00+00:00,Sun 1:00PM
196209681,NFL $5 Double Up (Early Only),154079,Classic,5.0,4,39,1,170.0,2026-10-04 17:00:00+00:00,Sun 1:00PM
196209680,NFL $5 Double Up (Early Only),154079,Classic,5.0,4,39,1,170.0,2026-10-04 17:00:00+00:00,Sun 1:00PM
196209679,NFL $5 Double Up (Early Only),154079,Classic,5.0,4,39,1,170.0,2026-10-04 17:00:00+00:00,Sun 1:00PM
196209678,NFL $5 Double Up (Early Only),154079,Classic,5.0,4,39,1,170.0,2026-10-04 17:00:00+00:00,Sun 1:00PM
196209677,NFL $5 Double Up (Early Only),154079,Classic,5.0,4,39,1,170.0,2026-10-04 17:00:00+00:00,Sun 1:00PM
196209618,NFL $5 Double Up (Early Only),154079,Classic,5.0,3,23,1,100.0,2026-10-04 17:00:00+00:00,Sun 1:00PM
196209617,NFL $5 Double Up (Early Only),154079,Classic,5.0,3,23,1,100.0,2026-10-04 17:00:00+00:00,Sun 1:00PM
196209598,NFL $5 Double Up (Early Only),154079,Classic,5.0,3,23,1,100.0,2026-10-04 17:00:00+00:00,Sun 1:00PM
196209597,NFL $5 Double Up (Early Only),154079,Classic,5.0,3,23,1,100.0,2026-10-04 17:00:00+00:00,Sun 1:00PM
196209596,NFL $5 Double Up (Early Only),154079,Classic,5.0,3,23,1,100.0,2026-10-04 17:00:00+00:00,Sun 1:00PM
196209676,NFL $3 Double Up (Early Only),154079,Classic,3.0,2,62,1,162.0,2026-10-04 17:00:00+00:00,Sun 1:00PM
196209675,NFL $3 Double Up (Early Only),154079,Classic,3.0,2,62,1,162.0,2026-10-04 17:00:00+00:00,Sun 1:00PM
196209674,NFL $3 Double Up (Early Only),154079,Classic,3.0,3,39,1,102.0,2026-10-04 17:00:00+00:00,Sun 1:00PM
196209673,NFL $3 Double Up (Early Only),154079,Classic,3.0,2,39,1,102.0,2026-10-04 17:00:00+00:00,Sun 1:00PM
196209616,NFL $3 Double Up (Early Only),154079,Classic,3.0,2,23,1,60.0,2026-10-04 17:00:00+00:00,Sun 1:00PM
196209615,NFL $3 Double Up (Early Only),154079,Classic,3.0,2,23,1,60.0,2026-10-04 17:00:00+00:00,Sun 1:00PM
196209602,NFL $3 Double Up (Early Only),154079,Classic,3.0,3,23,1,60.0,2026-10-04 17:00:00+00:00,Sun 1:00PM
196209601,NFL $3 Double Up (Early Only),154079,Classic,3.0,2,23,1,60.0,2026-10-04 17:00:00+00:00,Sun 1:00PM
196209600,NFL $3 Double Up (Early Only),154079,Classic,3.0,2,23,1,60.0,2026-10-04 17:00:00+00:00,Sun 1:00PM
196209599,NFL $3 Double Up (Early Only),154079,Classic,3.0,2,23,1,60.0,2026-10-04 17:00:00+00:00,Sun 1:00PM
196209672,NFL $1 Double Up (Early Only),154079,Classic,1.0,3,62,1,54.0,2026-10-04 17:00:00+00:00,Sun 1:00PM
196209671,NFL $1 Double Up (Early Only),154079,Classic,1.0,3,62,1,54.0,2026-10-04 17:00:00+00:00,Sun 1:00PM
196209670,NFL $1 Double Up (Early Only),154079,Classic,1.0,2,62,1,54.0,2026-10-04 17:00:00+00:00,Sun 1:00PM
196209669,NFL $1 Double Up (Early Only),154079,Classic,1.0,2,62,1,54.0,2026-10-04 17:00:00+00:00,Sun 1:00PM
196209668,NFL $1 Double Up (Early Only),154079,Classic,1.0,2,62,1,54.0,2026-10-04 17:00:00+00:00,Sun 1:00PM
196209667,NFL $1 Double Up (Early Only),154079,Classic,1.0,2,62,1,54.0,2026-10-04 17:00:00+00:00,Sun 1:00PM
196209666,NFL $1 Double Up (Early Only),154079,Classic,1.0,3,62,1,54.0,2026-10-04 17:00:00+00:00,Sun 1:00PM
196209665,NFL $1 Double Up (Early Only),154079,Classic,1.0,2,62,1,54.0,2026-10-04 17:00:00+00:00,Sun 1:00PM
196209663,NFL $1 Double Up (Early Only),154079,Classic,1.0,2,62,1,54.0,2026-10-04 17:00:00+00:00,Sun 1:00PM
196209662,NFL $1 Double Up (Early Only),154079,Classic,1.0,2,62,1,54.0,2026-10-04 17:00:00+00:00,Sun 1:00PM
196209661,NFL $1 Double Up (Early Only),154079,Classic,1.0,3,39,1,34.0,2026-10-04 17:00:00+00:00,Sun 1:00PM
196209660,NFL $1 Double Up (Early Only),154079,Classic,1.0,2,39,1,34.0,2026-10-04 17:00:00+00:00,Sun 1:00PM
196209659,NFL $1 Double Up (Early Only),154079,Classic,1.0,2,39,1,34.0,2026-10-04 17:00:00+00:00,Sun 1:00PM
196209658,NFL $1 Double Up (Early Only),154079,Classic,1.0,2,39,1,34.0,2026-10-04 17:00:00+00:00,Sun 1:00PM
196209657,NFL $1 Double Up (Early Only),154079,Classic,1.0,2,39,1,34.0,2026-10-04 17:00:00+00:00,Sun 1:00PM
196209656,NFL $1 Double Up (Early Only),154079,Classic,1.0,2,39,1,34.0,2026-10-04 17:00:00+00:00,Sun 1:00PM
196209655,NFL $1 Double Up (Early Only),154079,Classic,1.0,2,39,1,34.0,2026-10-04 17:00:00+00:00,Sun 1:00PM
196209654,NFL $1 Double Up (Early Only),154079,Classic,1.0,2,39,1,34.0,2026-10-04 17:00:00+00:00,Sun 1:00PM
196209653,NFL $1 Double Up (Early Only),154079,Classic,1.0,2,39,1,34.0,2026-10-04 17:00:00+00:00,Sun 1:00PM
196209652,NFL $1 Double Up (Early Only),154079,Classic,1.0,2,39,1,34.0,2026-10-04 17:00:00+00:00,Sun 1:00PM
196209614,NFL $1 Double Up (Early Only),154079,Classic,1.0,2,23,1,20.0,2026-10-04 17:00:00+00:00,Sun 1:00PM
196209613,NFL $1 Double Up (Early Only),154079,Classic,1.0,2,23,1,20.0,2026-10-04 17:00:00+00:00,Sun 1:00PM
196209612,NFL $1 Double Up (Early Only),154079,Classic,1.0,2,23,1,20.0,2026-10-04 17:00:00+00:00,Sun 1:00PM
196209611,NFL $1 Double Up (Early Only),154079,Classic,1.0,2,23,1,20.0,2026-10-04 17:00:00+00:00,Sun 1:00PM
196209610,NFL $1 Double Up (Early Only),154079,Classic,1.0,2,23,1,20.0,2026-10-04 17:00:00+00:00,Sun 1:00PM
196209609,NFL $1 Double Up (Early Only),154079,Classic,1.0,2,23,1,20.0,2026-10-04 17:00:00+00:00,Sun 1:00PM
196209608,NFL $1 Double Up (Early Only),154079,Classic,1.0,2,23,1,20.0,2026-10-04 17:00:00+00:00,Sun 1:00PM
196209607,NFL $1 Double Up (Early Only),154079,Classic,1.0,2,23,1,20.0,2026-10-04 17:00:00+00:00,Sun 1:00PM
196209606,NFL $1 Double Up (Early Only),154079,Classic,1.0,2,23,1,20.0,2026-10-04 17:00:00+00:00,Sun 1:00PM
196209605,NFL $1 Double Up (Early Only),154079,Classic,1.0,2,23,1,20.0,2026-10-04 17:00:00+00:00,Sun 1:00PM
196209604,NFL $1 Double Up (Early Only),154079,Classic,1.0,2,23,1,20.0,2026-10-04 17:00:00+00:00,Sun 1:00PM
196209603,NFL $1 Double Up (Early Only),154079,Classic,1.0,2,23,1,20.0,2026-10-04 17:00:00+00:00,Sun 1:00PM
196222174,NFL FREE 200-Player (Early Only),154079,Classic,0.0,9,200,1,0.0,2026-10-04 17:00:00+00:00,Sun 1:00PM
196210957,NFL Tiers Satellite to $20 NFL Fantasy Football Millionaire,154112,Tiers,2.0,1,11,1,20.0,2026-10-04 17:00:00+00:00,Sun 1:00PM
196210956,NFL Tiers Satellite to $20 NFL Fantasy Football Millionaire,154112,Tiers,2.0,0,11,1,20.0,2026-10-04 17:00:00+00:00,Sun 1:00PM
196210960,NFL Tiers Satellite to $20 NFL Fantasy Football Millionaire,154112,Tiers,1.0,2,23,1,20.0,2026-10-04 17:00:00+00:00,Sun 1:00PM
196210959,NFL Tiers Satellite to $20 NFL Fantasy Football Millionaire,154112,Tiers,1.0,1,23,1,20.0,2026-10-04 17:00:00+00:00,Sun 1:00PM
196210958,NFL Tiers Satellite to $20 NFL Fantasy Football Millionaire,154112,Tiers,1.0,1,23,1,20.0,2026-10-04 17:00:00+00:00,Sun 1:00PM
196210961,NFL Tiers Satellite to $20 NFL Fantasy Football Millionaire,154112,Tiers,0.25,5,95,2,20.0,2026-10-04 17:00:00+00:00,Sun 1:00PM
196210962,NFL Tiers Satellite to $20 NFL Fantasy Football Millionaire,154112,Tiers,0.1,11,237,7,20.0,2026-10-04 17:00:00+00:00,Sun 1:00PM
196210915,NFL Tiers 10x Booster [Top 3 Win $20],154112,Tiers,2.0,3,35,1,60.0,2026-10-04 17:00:00+00:00,Sun 1:00PM
196210914,NFL Tiers 10x Booster [Top 3 Win $20],154112,Tiers,2.0,0,35,1,60.0,2026-10-04 17:00:00+00:00,Sun 1:00PM
196210913,NFL Tiers 10x Booster [Top 3 Win $20],154112,Tiers,2.0,0,35,1,60.0,2026-10-04 17:00:00+00:00,Sun 1:00PM
196210945,NFL Tiers $10 Quintuple Up [Top 5 Win $50],154112,Tiers,10.0,1,28,1,250.0,2026-10-04 17:00:00+00:00,Sun 1:00PM
196210944,NFL Tiers $5 Quintuple Up [Top 5 Win $25],154112,Tiers,5.0,2,28,1,125.0,2026-10-04 17:00:00+00:00,Sun 1:00PM
196210943,NFL Tiers $5 Quintuple Up [Top 5 Win $25],154112,Tiers,5.0,1,28,1,125.0,2026-10-04 17:00:00+00:00,Sun 1:00PM
196210942,NFL Tiers $1 Quintuple Up [Top 5 Win $5],154112,Tiers,1.0,3,28,1,25.0,2026-10-04 17:00:00+00:00,Sun 1:00PM
196210941,NFL Tiers $1 Quintuple Up [Top 5 Win $5],154112,Tiers,1.0,1,28,1,25.0,2026-10-04 17:00:00+00:00,Sun 1:00PM
196210940,NFL Tiers $1 Quintuple Up [Top 5 Win $5],154112,Tiers,1.0,0,28,1,25.0,2026-10-04 17:00:00+00:00,Sun 1:00PM
196210939,NFL Tiers $1 Quintuple Up [Top 5 Win $5],154112,Tiers,1.0,2,28,1,25.0,2026-10-04 17:00:00+00:00,Sun 1:00PM
196210938,NFL Tiers $1 Quintuple Up [Top 5 Win $5],154112,Tiers,1.0,0,28,1,25.0,2026-10-04 17:00:00+00:00,Sun 1:00PM
196210937,NFL Tiers $5 Triple Up [Top 9 Win $15],154112,Tiers,5.0,6,31,1,135.0,2026-10-04 17:00:00+00:00,Sun 1:00PM
196210936,NFL Tiers $1 Triple Up [Top 9 Win $3],154112,Tiers,1.0,6,31,1,27.0,2026-10-04 17:00:00+00:00,Sun 1:00PM
196210935,NFL Tiers $1 Triple Up [Top 9 Win $3],154112,Tiers,1.0,4,31,1,27.0,2026-10-04 17:00:00+00:00,Sun 1:00PM
196210934,NFL Tiers $1 Triple Up [Top 9 Win $3],154112,Tiers,1.0,4,31,1,27.0,2026-10-04 17:00:00+00:00,Sun 1:00PM
196210933,NFL Tiers $1 Triple Up [Top 9 Win $3],154112,Tiers,1.0,3,31,1,27.0,2026-10-04 17:00:00+00:00,Sun 1:00PM
196210932,NFL Tiers $1 Triple Up [Top 9 Win $3],154112,Tiers,1.0,3,31,1,27.0,2026-10-04 17:00:00+00:00,Sun 1:00PM
196210931,NFL Tiers $1 Triple Up [Top 9 Win $3],154112,Tiers,1.0,3,31,1,27.0,2026-10-04 17:00:00+00:00,Sun 1:00PM
196210917,NFL Tiers $25 Double Up,154112,Tiers,25.0,2,11,1,250.0,2026-10-04 17:00:00+00:00,Sun 1:00PM
196210916,NFL Tiers $25 Double Up,154112,Tiers,25.0,2,11,1,250.0,2026-10-04 17:00:00+00:00,Sun 1:00PM
196210918,NFL Tiers $10 Double Up,154112,Tiers,10.0,3,23,1,200.0,2026-10-04 17:00:00+00:00,Sun 1:00PM
196210930,NFL Tiers $10 Double Up,154112,Tiers,10.0,2,11,1,100.0,2026-10-04 17:00:00+00:00,Sun 1:00PM
196210921,NFL Tiers $5 Double Up,154112,Tiers,5.0,3,23,1,100.0,2026-10-04 17:00:00+00:00,Sun 1:00PM
196210920,NFL Tiers $5 Double Up,154112,Tiers,5.0,4,23,1,100.0,2026-10-04 17:00:00+00:00,Sun 1:00PM
196210919,NFL Tiers $5 Double Up,154112,Tiers,5.0,3,23,1,100.0,2026-10-04 17:00:00+00:00,Sun 1:00PM
196210924,NFL Tiers $3 Double Up,154112,Tiers,3.0,3,23,1,60.0,2026-10-04 17:00:00+00:00,Sun 1:00PM
196210923,NFL Tiers $3 Double Up,154112,Tiers,3.0,2,23,1,60.0,2026-10-04 17:00:00+00:00,Sun 1:00PM
196210922,NFL Tiers $3 Double Up,154112,Tiers,3.0,2,23,1,60.0,2026-10-04 17:00:00+00:00,Sun 1:00PM
196210946,NFL Tiers $1 Double Up,154112,Tiers,1.0,4,62,1,54.0,2026-10-04 17:00:00+00:00,Sun 1:00PM
196210949,NFL Tiers $1 Double Up,154112,Tiers,1.0,2,39,1,34.0,2026-10-04 17:00:00+00:00,Sun 1:00PM
196210948,NFL Tiers $1 Double Up,154112,Tiers,1.0,2,39,1,34.0,2026-10-04 17:00:00+00:00,Sun 1:00PM
196210947,NFL Tiers $1 Double Up,154112,Tiers,1.0,2,39,1,34.0,2026-10-04 17:00:00+00:00,Sun 1:00PM
196210955,NFL Tiers $1 Double Up,154112,Tiers,1.0,2,23,1,20.0,2026-10-04 17:00:00+00:00,Sun 1:00PM
196210954,NFL Tiers $1 Double Up,154112,Tiers,1.0,2,23,1,20.0,2026-10-04 17:00:00+00:00,Sun 1:00PM
196210953,NFL Tiers $1 Double Up,154112,Tiers,1.0,2,23,1,20.0,2026-10-04 17:00:00+00:00,Sun 1:00PM
196210952,NFL Tiers $1 Double Up,154112,Tiers,1.0,2,23,1,20.0,2026-10-04 17:00:00+00:00,Sun 1:00PM
196210951,NFL Tiers $1 Double Up,154112,Tiers,1.0,2,23,1,20.0,2026-10-04 17:00:00+00:00,Sun 1:00PM
196210950,NFL Tiers $1 Double Up,154112,Tiers,1.0,2,23,1,20.0,2026-10-04 17:00:00+00:00,Sun 1:00PM
196210929,NFL Tiers $1 Double Up,154112,Tiers,1.0,2,23,1,20.0,2026-10-04 17:00:00+00:00,Sun 1:00PM
196210928,NFL Tiers $1 Double Up,154112,Tiers,1.0,2,23,1,20.0,2026-10-04 17:00:00+00:00,Sun 1:00PM
196210927,NFL Tiers $1 Double Up,154112,Tiers,1.0,3,23,1,20.0,2026-10-04 17:00:00+00:00,Sun 1:00PM
196210926,NFL Tiers $1 Double Up,154112,Tiers,1.0,2,23,1,20.0,2026-10-04 17:00:00+00:00,Sun 1:00PM
196210925,NFL Tiers $1 Double Up,154112,Tiers,1.0,2,23,1,20.0,2026-10-04 17:00:00+00:00,Sun 1:00PM
196209885,NFL Satellite to $20 NFL Fantasy Football Millionaire (Sun-Mon),154080,Classic,2.0,2,11,1,20.0,2026-10-04 17:00:00+00:00,Sun 1:00PM
196209884,NFL Satellite to $20 NFL Fantasy Football Millionaire (Sun-Mon),154080,Classic,2.0,0,11,1,20.0,2026-10-04 17:00:00+00:00,Sun 1:00PM
196209883,NFL Satellite to $20 NFL Fantasy Football Millionaire (Sun-Mon),154080,Classic,2.0,0,11,1,20.0,2026-10-04 17:00:00+00:00,Sun 1:00PM
196209888,NFL Satellite to $20 NFL Fantasy Football Millionaire (Sun-Mon),154080,Classic,1.0,1,23,1,20.0,2026-10-04 17:00:00+00:00,Sun 1:00PM
196209887,NFL Satellite to $20 NFL Fantasy Football Millionaire (Sun-Mon),154080,Classic,1.0,0,23,1,20.0,2026-10-04 17:00:00+00:00,Sun 1:00PM
196209886,NFL Satellite to $20 NFL Fantasy Football Millionaire (Sun-Mon),154080,Classic,1.0,0,23,1,20.0,2026-10-04 17:00:00+00:00,Sun 1:00PM
196209889,NFL Satellite to $20 NFL Fantasy Football Millionaire (Sun-Mon),154080,Classic,0.25,5,95,2,20.0,2026-10-04 17:00:00+00:00,Sun 1:00PM
196209890,NFL Satellite to $20 NFL Fantasy Football Millionaire (Sun-Mon),154080,Classic,0.1,16,237,7,20.0,2026-10-04 17:00:00+00:00,Sun 1:00PM
196209867,NFL 10x Booster [Top 3 Win $50] (Sun-Mon),154080,Classic,5.0,1,35,1,150.0,2026-10-04 17:00:00+00:00,Sun 1:00PM
196209866,NFL 10x Booster [Top 3 Win $50] (Sun-Mon),154080,Classic,5.0,1,35,1,150.0,2026-10-04 17:00:00+00:00,Sun 1:00PM
196209865,NFL 10x Booster [Top 3 Win $20] (Sun-Mon),154080,Classic,2.0,6,35,1,60.0,2026-10-04 17:00:00+00:00,Sun 1:00PM
196209864,NFL 10x Booster [Top 3 Win $20] (Sun-Mon),154080,Classic,2.0,5,35,1,60.0,2026-10-04 17:00:00+00:00,Sun 1:00PM
196209863,NFL 10x Booster [Top 3 Win $20] (Sun-Mon),154080,Classic,2.0,4,35,1,60.0,2026-10-04 17:00:00+00:00,Sun 1:00PM
196209882,NFL $5 Quintuple Up [Top 5 Win $25] (Sun-Mon),154080,Classic,5.0,3,28,1,125.0,2026-10-04 17:00:00+00:00,Sun 1:00PM
196209881,NFL $5 Quintuple Up [Top 5 Win $25] (Sun-Mon),154080,Classic,5.0,3,28,1,125.0,2026-10-04 17:00:00+00:00,Sun 1:00PM
196209880,NFL $1 Quintuple Up [Top 5 Win $5] (Sun-Mon),154080,Classic,1.0,2,28,1,25.0,2026-10-04 17:00:00+00:00,Sun 1:00PM
196209879,NFL $1 Quintuple Up [Top 5 Win $5] (Sun-Mon),154080,Classic,1.0,1,28,1,25.0,2026-10-04 17:00:00+00:00,Sun 1:00PM
196209878,NFL $1 Quintuple Up [Top 5 Win $5] (Sun-Mon),154080,Classic,1.0,0,28,1,25.0,2026-10-04 17:00:00+00:00,Sun 1:00PM
196209858,NFL $10 Triple Up [Top 9 Win $30] (Sun-Mon),154080,Classic,10.0,4,31,1,270.0,2026-10-04 17:00:00+00:00,Sun 1:00PM
196209857,NFL $5 Triple Up [Top 9 Win $15] (Sun-Mon),154080,Classic,5.0,4,31,1,135.0,2026-10-04 17:00:00+00:00,Sun 1:00PM
196209856,NFL $5 Triple Up [Top 9 Win $15] (Sun-Mon),154080,Classic,5.0,4,31,1,135.0,2026-10-04 17:00:00+00:00,Sun 1:00PM
196209855,NFL $1 Triple Up [Top 9 Win $3] (Sun-Mon),154080,Classic,1.0,3,31,1,27.0,2026-10-04 17:00:00+00:00,Sun 1:00PM
196209854,NFL $1 Triple Up [Top 9 Win $3] (Sun-Mon),154080,Classic,1.0,2,31,1,27.0,2026-10-04 17:00:00+00:00,Sun 1:00PM
196209853,NFL $1 Triple Up [Top 9 Win $3] (Sun-Mon),154080,Classic,1.0,2,31,1,27.0,2026-10-04 17:00:00+00:00,Sun 1:00PM
196209852,NFL $1 Triple Up [Top 9 Win $3] (Sun-Mon),154080,Classic,1.0,3,31,1,27.0,2026-10-04 17:00:00+00:00,Sun 1:00PM
196209851,NFL $1 Triple Up [Top 9 Win $3] (Sun-Mon),154080,Classic,1.0,2,31,1,27.0,2026-10-04 17:00:00+00:00,Sun 1:00PM
196209850,NFL $1 Triple Up [Top 9 Win $3] (Sun-Mon),154080,Classic,1.0,2,31,1,27.0,2026-10-04 17:00:00+00:00,Sun 1:00PM
196209849,NFL $50 Double Up (Sun-Mon),154080,Classic,50.0,1,11,1,500.0,2026-10-04 17:00:00+00:00,Sun 1:00PM
196209848,NFL $25 Double Up (Sun-Mon),154080,Classic,25.0,1,11,1,250.0,2026-10-04 17:00:00+00:00,Sun 1:00PM
196209847,NFL $25 Double Up (Sun-Mon),154080,Classic,25.0,1,11,1,250.0,2026-10-04 17:00:00+00:00,Sun 1:00PM
196209846,NFL $25 Double Up (Sun-Mon),154080,Classic,25.0,1,11,1,250.0,2026-10-04 17:00:00+00:00,Sun 1:00PM
196209845,NFL $25 Double Up (Sun-Mon),154080,Classic,25.0,1,11,1,250.0,2026-10-04 17:00:00+00:00,Sun 1:00PM
196209844,NFL $25 Double Up (Sun-Mon),154080,Classic,25.0,1,11,1,250.0,2026-10-04 17:00:00+00:00,Sun 1:00PM
196209843,NFL $10 Double Up (Sun-Mon),154080,Classic,10.0,2,11,1,100.0,2026-10-04 17:00:00+00:00,Sun 1:00PM
196209842,NFL $10 Double Up (Sun-Mon),154080,Classic,10.0,2,11,1,100.0,2026-10-04 17:00:00+00:00,Sun 1:00PM
196209841,NFL $10 Double Up (Sun-Mon),154080,Classic,10.0,1,11,1,100.0,2026-10-04 17:00:00+00:00,Sun 1:00PM
196209840,NFL $10 Double Up (Sun-Mon),154080,Classic,10.0,1,11,1,100.0,2026-10-04 17:00:00+00:00,Sun 1:00PM
196209839,NFL $10 Double Up (Sun-Mon),154080,Classic,10.0,2,11,1,100.0,2026-10-04 17:00:00+00:00,Sun 1:00PM
196209869,NFL $5 Double Up (Sun-Mon),154080,Classic,5.0,5,23,1,100.0,2026-10-04 17:00:00+00:00,Sun 1:00PM
196209868,NFL $5 Double Up (Sun-Mon),154080,Classic,5.0,5,23,1,100.0,2026-10-04 17:00:00+00:00,Sun 1:00PM
196209838,NFL $5 Double Up (Sun-Mon),154080,Classic,5.0,5,23,1,100.0,2026-10-04 17:00:00+00:00,Sun 1:00PM
196209837,NFL $5 Double Up (Sun-Mon),154080,Classic,5.0,5,23,1,100.0,2026-10-04 17:00:00+00:00,Sun 1:00PM
196209836,NFL $5 Double Up (Sun-Mon),154080,Classic,5.0,5,23,1,100.0,2026-10-04 17:00:00+00:00,Sun 1:00PM
196209835,NFL $3 Double Up (Sun-Mon),154080,Classic,3.0,3,23,1,60.0,2026-10-04 17:00:00+00:00,Sun 1:00PM
196209834,NFL $3 Double Up (Sun-Mon),154080,Classic,3.0,3,23,1,60.0,2026-10-04 17:00:00+00:00,Sun 1:00PM
196209833,NFL $3 Double Up (Sun-Mon),154080,Classic,3.0,3,23,1,60.0,2026-10-04 17:00:00+00:00,Sun 1:00PM
196209862,NFL $1 Double Up (Sun-Mon),154080,Classic,1.0,7,39,1,34.0,2026-10-04 17:00:00+00:00,Sun 1:00PM
196209861,NFL $1 Double Up (Sun-Mon),154080,Classic,1.0,3,39,1,34.0,2026-10-04 17:00:00+00:00,Sun 1:00PM
196209860,NFL $1 Double Up (Sun-Mon),154080,Classic,1.0,3,39,1,34.0,2026-10-04 17:00:00+00:00,Sun 1:00PM
196209859,NFL $1 Double Up (Sun-Mon),154080,Classic,1.0,3,39,1,34.0,2026-10-04 17:00:00+00:00,Sun 1:00PM
196209832,NFL $1 Double Up (Sun-Mon),154080,Classic,1.0,3,23,1,20.0,2026-10-04 17:00:00+00:00,Sun 1:00PM
196209831,NFL $1 Double Up (Sun-Mon),154080,Classic,1.0,3,23,1,20.0,2026-10-04 17:00:00+00:00,Sun 1:00PM
196209830,NFL $1 Double Up (Sun-Mon),154080,Classic,1.0,3,23,1,20.0,2026-10-04 17:00:00+00:00,Sun 1:00PM
196209829,NFL $1 Double Up (Sun-Mon),154080,Classic,1.0,3,23,1,20.0,2026-10-04 17:00:00+00:00,Sun 1:00PM
196209877,NFL $1 Double Up (Sun-Mon),154080,Classic,1.0,3,23,1,20.0,2026-10-04 17:00:00+00:00,Sun 1:00PM
196209876,NFL $1 Double Up (Sun-Mon),154080,Classic,1.0,3,23,1,20.0,2026-10-04 17:00:00+00:00,Sun 1:00PM
196209875,NFL $1 Double Up (Sun-Mon),154080,Classic,1.0,3,23,1,20.0,2026-10-04 17:00:00+00:00,Sun 1:00PM
196209874,NFL $1 Double Up (Sun-Mon),154080,Classic,1.0,3,23,1,20.0,2026-10-04 17:00:00+00:00,Sun 1:00PM
196209873,NFL $1 Double Up (Sun-Mon),154080,Classic,1.0,3,23,1,20.0,2026-10-04 17:00:00+00:00,Sun 1:00PM
196209872,NFL $1 Double Up (Sun-Mon),154080,Classic,1.0,3,23,1,20.0,2026-10-04 17:00:00+00:00,Sun 1:00PM
196205672,NFL Showdown Satellite to $20 NFL Fantasy Football Millionaire (DAL @ HOU),154086,Showdown Captain Mode,2.0,1,11,1,20.0,2026-10-04 17:00:00+00:00,Sun 1:00PM
196205673,NFL Showdown Satellite to $20 NFL Fantasy Football Millionaire (DAL @ HOU),154086,Showdown Captain Mode,1.0,1,23,1,20.0,2026-10-04 17:00:00+00:00,Sun 1:00PM
196205674,NFL Showdown Satellite to $20 NFL Fantasy Football Millionaire (DAL @ HOU),154086,Showdown Captain Mode,0.25,1,95,2,20.0,2026-10-04 17:00:00+00:00,Sun 1:00PM
196205675,NFL Showdown Satellite to $20 NFL Fantasy Football Millionaire (DAL @ HOU),154086,Showdown Captain Mode,0.1,8,237,7,20.0,2026-10-04 17:00:00+00:00,Sun 1:00PM
196205669,NFL Showdown $25 Double Up (DAL @ HOU),154086,Showdown Captain Mode,25.0,2,11,1,250.0,2026-10-04 17:00:00+00:00,Sun 1:00PM
196205668,NFL Showdown $10 Double Up (DAL @ HOU),154086,Showdown Captain Mode,10.0,2,11,1,100.0,2026-10-04 17:00:00+00:00,Sun 1:00PM
196205667,NFL Showdown $5 Double Up (DAL @ HOU),154086,Showdown Captain Mode,5.0,4,23,1,100.0,2026-10-04 17:00:00+00:00,Sun 1:00PM
196205666,NFL Showdown $1 Double Up (DAL @ HOU),154086,Showdown Captain Mode,1.0,2,23,1,20.0,2026-10-04 17:00:00+00:00,Sun 1:00PM
196205671,NFL Showdown $1 Double Up (DAL @ HOU),154086,Showdown Captain Mode,1.0,1,23,1,20.0,2026-10-04 17:00:00+00:00,Sun 1:00PM
196205682,NFL Showdown Satellite to $20 NFL Fantasy Football Millionaire (TEN @ BAL),154087,Showdown Captain Mode,2.0,1,11,1,20.0,2026-10-04 17:00:00+00:00,Sun 1:00PM
196205683,NFL Showdown Satellite to $20 NFL Fantasy Football Millionaire (TEN @ BAL),154087,Showdown Captain Mode,1.0,1,23,1,20.0,2026-10-04 17:00:00+00:00,Sun 1:00PM
196205684,NFL Showdown Satellite to $20 NFL Fantasy Football Millionaire (TEN @ BAL),154087,Showdown Captain Mode,0.25,0,95,2,20.0,2026-10-04 17:00:00+00:00,Sun 1:00PM
196205685,NFL Showdown Satellite to $20 NFL Fantasy Football Millionaire (TEN @ BAL),154087,Showdown Captain Mode,0.1,1,237,7,20.0,2026-10-04 17:00:00+00:00,Sun 1:00PM
196205679,NFL Showdown $25 Double Up (TEN @ BAL),154087,Showdown Captain Mode,25.0,2,11,1,250.0,2026-10-04 17:00:00+00:00,Sun 1:00PM
196205678,NFL Showdown $10 Double Up (TEN @ BAL),154087,Showdown Captain Mode,10.0,2,11,1,100.0,2026-10-04 17:00:00+00:00,Sun 1:00PM
196205677,NFL Showdown $5 Double Up (TEN @ BAL),154087,Showdown Captain Mode,5.0,3,23,1,100.0,2026-10-04 17:00:00+00:00,Sun 1:00PM
196205676,NFL Showdown $1 Double Up (TEN @ BAL),154087,Showdown Captain Mode,1.0,2,23,1,20.0,2026-10-04 17:00:00+00:00,Sun 1:00PM
196205681,NFL Showdown $1 Double Up (TEN @ BAL),154087,Showdown Captain Mode,1.0,1,23,1,20.0,2026-10-04 17:00:00+00:00,Sun 1:00PM
196205692,NFL Showdown Satellite to $20 NFL Fantasy Football Millionaire (NYJ @ CHI),154088,Showdown Captain Mode,2.0,0,11,1,20.0,2026-10-04 17:00:00+00:00,Sun 1:00PM
196205693,NFL Showdown Satellite to $20 NFL Fantasy Football Millionaire (NYJ @ CHI),154088,Showdown Captain Mode,1.0,1,23,1,20.0,2026-10-04 17:00:00+00:00,Sun 1:00PM
196205694,NFL Showdown Satellite to $20 NFL Fantasy Football Millionaire (NYJ @ CHI),154088,Showdown Captain Mode,0.25,1,95,2,20.0,2026-10-04 17:00:00+00:00,Sun 1:00PM
196205695,NFL Showdown Satellite to $20 NFL Fantasy Football Millionaire (NYJ @ CHI),154088,Showdown Captain Mode,0.1,2,237,7,20.0,2026-10-04 17:00:00+00:00,Sun 1:00PM
196205689,NFL Showdown $25 Double Up (NYJ @ CHI),154088,Showdown Captain Mode,25.0,2,11,1,250.0,2026-10-04 17:00:00+00:00,Sun 1:00PM
196205688,NFL Showdown $10 Double Up (NYJ @ CHI),154088,Showdown Captain Mode,10.0,2,11,1,100.0,2026-10-04 17:00:00+00:00,Sun 1:00PM
196205687,NFL Showdown $5 Double Up (NYJ @ CHI),154088,Showdown Captain Mode,5.0,3,23,1,100.0,2026-10-04 17:00:00+00:00,Sun 1:00PM
196205686,NFL Showdown $1 Double Up (NYJ @ CHI),154088,Showdown Captain Mode,1.0,2,23,1,20.0,2026-10-04 17:00:00+00:00,Sun 1:00PM
196205691,NFL Showdown $1 Double Up (NYJ @ CHI),154088,Showdown Captain Mode,1.0,1,23,1,20.0,2026-10-04 17:00:00+00:00,Sun 1:00PM
196205702,NFL Showdown Satellite to $20 NFL Fantasy Football Millionaire (JAX @ CIN),154089,Showdown Captain Mode,2.0,0,11,1,20.0,2026-10-04 17:00:00+00:00,Sun 1:00PM
196205703,NFL Showdown Satellite to $20 NFL Fantasy Football Millionaire (JAX @ CIN),154089,Showdown Captain Mode,1.0,1,23,1,20.0,2026-10-04 17:00:00+00:00,Sun 1:00PM
196205704,NFL Showdown Satellite to $20 NFL Fantasy Football Millionaire (JAX @ CIN),154089,Showdown Captain Mode,0.25,0,95,2,20.0,2026-10-04 17:00:00+00:00,Sun 1:00PM
196205705,NFL Showdown Satellite to $20 NFL Fantasy Football Millionaire (JAX @ CIN),154089,Showdown Captain Mode,0.1,1,237,7,20.0,2026-10-04 17:00:00+00:00,Sun 1:00PM
196205699,NFL Showdown $25 Double Up (JAX @ CIN),154089,Showdown Captain Mode,25.0,2,11,1,250.0,2026-10-04 17:00:00+00:00,Sun 1:00PM
196205698,NFL Showdown $10 Double Up (JAX @ CIN),154089,Showdown Captain Mode,10.0,2,11,1,100.0,2026-10-04 17:00:00+00:00,Sun 1:00PM
196205697,NFL Showdown $5 Double Up (JAX @ CIN),154089,Showdown Captain Mode,5.0,3,23,1,100.0,2026-10-04 17:00:00+00:00,Sun 1:00PM
196205696,NFL Showdown $1 Double Up (JAX @ CIN),154089,Showdown Captain Mode,1.0,2,23,1,20.0,2026-10-04 17:00:00+00:00,Sun 1:00PM
196205701,NFL Showdown $1 Double Up (JAX @ CIN),154089,Showdown Captain Mode,1.0,1,23,1,20.0,2026-10-04 17:00:00+00:00,Sun 1:00PM
196205712,NFL Showdown Satellite to $20 NFL Fantasy Football Millionaire (ARI @ NYG),154090,Showdown Captain Mode,2.0,0,11,1,20.0,2026-10-04 17:00:00+00:00,Sun 1:00PM
196205713,NFL Showdown Satellite to $20 NFL Fantasy Football Millionaire (ARI @ NYG),154090,Showdown Captain Mode,1.0,1,23,1,20.0,2026-10-04 17:00:00+00:00,Sun 1:00PM
196205714,NFL Showdown Satellite to $20 NFL Fantasy Football Millionaire (ARI @ NYG),154090,Showdown Captain Mode,0.25,0,95,2,20.0,2026-10-04 17:00:00+00:00,Sun 1:00PM
196205715,NFL Showdown Satellite to $20 NFL Fantasy Football Millionaire (ARI @ NYG),154090,Showdown Captain Mode,0.1,0,237,7,20.0,2026-10-04 17:00:00+00:00,Sun 1:00PM
196205709,NFL Showdown $25 Double Up (ARI @ NYG),154090,Showdown Captain Mode,25.0,2,11,1,250.0,2026-10-04 17:00:00+00:00,Sun 1:00PM
196205708,NFL Showdown $10 Double Up (ARI @ NYG),154090,Showdown Captain Mode,10.0,2,11,1,100.0,2026-10-04 17:00:00+00:00,Sun 1:00PM
196205707,NFL Showdown $5 Double Up (ARI @ NYG),154090,Showdown Captain Mode,5.0,3,23,1,100.0,2026-10-04 17:00:00+00:00,Sun 1:00PM
196205706,NFL Showdown $1 Double Up (ARI @ NYG),154090,Showdown Captain Mode,1.0,2,23,1,20.0,2026-10-04 17:00:00+00:00,Sun 1:00PM
196205711,NFL Showdown $1 Double Up (ARI @ NYG),154090,Showdown Captain Mode,1.0,1,23,1,20.0,2026-10-04 17:00:00+00:00,Sun 1:00PM
196205722,NFL Showdown Satellite to $20 NFL Fantasy Football Millionaire (NE @ BUF),154091,Showdown Captain Mode,2.0,0,11,1,20.0,2026-10-04 17:00:00+00:00,Sun 1:00PM
196205723,NFL Showdown Satellite to $20 NFL Fantasy Football Millionaire (NE @ BUF),154091,Showdown Captain Mode,1.0,1,23,1,20.0,2026-10-04 17:00:00+00:00,Sun 1:00PM
196205724,NFL Showdown Satellite to $20 NFL Fantasy Football Millionaire (NE @ BUF),154091,Showdown Captain Mode,0.25,2,95,2,20.0,2026-10-04 17:00:00+00:00,Sun 1:00PM
196205725,NFL Showdown Satellite to $20 NFL Fantasy Football Millionaire (NE @ BUF),154091,Showdown Captain Mode,0.1,7,237,7,20.0,2026-10-04 17:00:00+00:00,Sun 1:00PM
196205719,NFL Showdown $25 Double Up (NE @ BUF),154091,Showdown Captain Mode,25.0,2,11,1,250.0,2026-10-04 17:00:00+00:00,Sun 1:00PM
196205718,NFL Showdown $10 Double Up (NE @ BUF),154091,Showdown Captain Mode,10.0,2,11,1,100.0,2026-10-04 17:00:00+00:00,Sun 1:00PM
196205717,NFL Showdown $5 Double Up (NE @ BUF),154091,Showdown Captain Mode,5.0,3,23,1,100.0,2026-10-04 17:00:00+00:00,Sun 1:00PM
196205716,NFL Showdown $1 Double Up (NE @ BUF),154091,Showdown Captain Mode,1.0,2,23,1,20.0,2026-10-04 17:00:00+00:00,Sun 1:00PM
196205721,NFL Showdown $1 Double Up (NE @ BUF),154091,Showdown Captain Mode,1.0,1,23,1,20.0,2026-10-04 17:00:00+00:00,Sun 1:00PM
196205732,NFL Showdown Satellite to $20 NFL Fantasy Football Millionaire (GB @ TB),154092,Showdown Captain Mode,2.0,0,11,1,20.0,2026-10-04 17:00:00+00:00,Sun 1:00PM
196205733,NFL Showdown Satellite to $20 NFL Fantasy Football Millionaire (GB @ TB),154092,Showdown Captain Mode,1.0,1,23,1,20.0,2026-10-04 17:00:00+00:00,Sun 1:00PM
196205734,NFL Showdown Satellite to $20 NFL Fantasy Football Millionaire (GB @ TB),154092,Showdown Captain Mode,0.25,0,95,2,20.0,2026-10-04 17:00:00+00:00,Sun 1:00PM
196205735,NFL Showdown Satellite to $20 NFL Fantasy Football Millionaire (GB @ TB),154092,Showdown Captain Mode,0.1,0,237,7,20.0,2026-10-04 17:00:00+00:00,Sun 1:00PM
196205729,NFL Showdown $25 Double Up (GB @ TB),154092,Showdown Captain Mode,25.0,2,11,1,250.0,2026-10-04 17:00:00+00:00,Sun 1:00PM
196205728,NFL Showdown $10 Double Up (GB @ TB),154092,Showdown Captain Mode,10.0,2,11,1,100.0,2026-10-04 17:00:00+00:00,Sun 1:00PM
196205727,NFL Showdown $5 Double Up (GB @ TB),154092,Showdown Captain Mode,5.0,3,23,1,100.0,2026-10-04 17:00:00+00:00,Sun 1:00PM
196205726,NFL Showdown $1 Double Up (GB @ TB),154092,Showdown Captain Mode,1.0,3,23,1,20.0,2026-10-04 17:00:00+00:00,Sun 1:00PM
196205731,NFL Showdown $1 Double Up (GB @ TB),154092,Showdown Captain Mode,1.0,1,23,1,20.0,2026-10-04 17:00:00+00:00,Sun 1:00PM
196205774,NFL Showdown Satellite to $20 NFL Fantasy Football Millionaire (LAR @ PHI),154093,Showdown Captain Mode,2.0,0,11,1,20.0,2026-10-04 17:00:00+00:00,Sun 1:00PM
196205773,NFL Showdown Satellite to $20 NFL Fantasy Football Millionaire (LAR @ PHI),154093,Showdown Captain Mode,2.0,0,11,1,20.0,2026-10-04 17:00:00+00:00,Sun 1:00PM
196205776,NFL Showdown Satellite to $20 NFL Fantasy Football Millionaire (LAR @ PHI),154093,Showdown Captain Mode,1.0,1,23,1,20.0,2026-10-04 17:00:00+00:00,Sun 1:00PM
196205775,NFL Showdown Satellite to $20 NFL Fantasy Football Millionaire (LAR @ PHI),154093,Showdown Captain Mode,1.0,0,23,1,20.0,2026-10-04 17:00:00+00:00,Sun 1:00PM
196205778,NFL Showdown Satellite to $20 NFL Fantasy Football Millionaire (LAR @ PHI),154093,Showdown Captain Mode,0.25,3,95,2,20.0,2026-10-04 17:00:00+00:00,Sun 1:00PM
196205777,NFL Showdown Satellite to $20 NFL Fantasy Football Millionaire (LAR @ PHI),154093,Showdown Captain Mode,0.25,2,95,2,20.0,2026-10-04 17:00:00+00:00,Sun 1:00PM
196205780,NFL Showdown Satellite to $20 NFL Fantasy Football Millionaire (LAR @ PHI),154093,Showdown Captain Mode,0.1,4,237,7,20.0,2026-10-04 17:00:00+00:00,Sun 1:00PM
196205779,NFL Showdown Satellite to $20 NFL Fantasy Football Millionaire (LAR @ PHI),154093,Showdown Captain Mode,0.1,2,237,7,20.0,2026-10-04 17:00:00+00:00,Sun 1:00PM
196205740,NFL Showdown 10x Booster [Top 3 Win $50] (LAR @ PHI),154093,Showdown Captain Mode,5.0,0,35,1,150.0,2026-10-04 17:00:00+00:00,Sun 1:00PM
196205739,NFL Showdown 10x Booster [Top 3 Win $20] (LAR @ PHI),154093,Showdown Captain Mode,2.0,1,35,1,60.0,2026-10-04 17:00:00+00:00,Sun 1:00PM
196205738,NFL Showdown 10x Booster [Top 3 Win $20] (LAR @ PHI),154093,Showdown Captain Mode,2.0,0,35,1,60.0,2026-10-04 17:00:00+00:00,Sun 1:00PM
196205761,NFL Showdown $5 Quintuple Up [Top 5 Win $25] (LAR @ PHI),154093,Showdown Captain Mode,5.0,0,28,1,125.0,2026-10-04 17:00:00+00:00,Sun 1:00PM
196205760,NFL Showdown $1 Quintuple Up [Top 5 Win $5] (LAR @ PHI),154093,Showdown Captain Mode,1.0,2,28,1,25.0,2026-10-04 17:00:00+00:00,Sun 1:00PM
196205759,NFL Showdown $1 Quintuple Up [Top 5 Win $5] (LAR @ PHI),154093,Showdown Captain Mode,1.0,0,28,1,25.0,2026-10-04 17:00:00+00:00,Sun 1:00PM
196205758,NFL Showdown $1 Quintuple Up [Top 5 Win $5] (LAR @ PHI),154093,Showdown Captain Mode,1.0,1,28,1,25.0,2026-10-04 17:00:00+00:00,Sun 1:00PM
196205757,NFL Showdown $5 Triple Up [Top 9 Win $15] (LAR @ PHI),154093,Showdown Captain Mode,5.0,2,31,1,135.0,2026-10-04 17:00:00+00:00,Sun 1:00PM
196205756,NFL Showdown $1 Triple Up [Top 9 Win $3] (LAR @ PHI),154093,Showdown Captain Mode,1.0,1,31,1,27.0,2026-10-04 17:00:00+00:00,Sun 1:00PM
196205755,NFL Showdown $1 Triple Up [Top 9 Win $3] (LAR @ PHI),154093,Showdown Captain Mode,1.0,1,31,1,27.0,2026-10-04 17:00:00+00:00,Sun 1:00PM
196205754,NFL Showdown $1 Triple Up [Top 9 Win $3] (LAR @ PHI),154093,Showdown Captain Mode,1.0,1,31,1,27.0,2026-10-04 17:00:00+00:00,Sun 1:00PM
196205753,NFL Showdown $50 Double Up (LAR @ PHI),154093,Showdown Captain Mode,50.0,2,11,1,500.0,2026-10-04 17:00:00+00:00,Sun 1:00PM
196205752,NFL Showdown $25 Double Up (LAR @ PHI),154093,Showdown Captain Mode,25.0,2,11,1,250.0,2026-10-04 17:00:00+00:00,Sun 1:00PM
196205751,NFL Showdown $25 Double Up (LAR @ PHI),154093,Showdown Captain Mode,25.0,2,11,1,250.0,2026-10-04 17:00:00+00:00,Sun 1:00PM
196205741,NFL Showdown $25 Double Up (LAR @ PHI),154093,Showdown Captain Mode,25.0,2,11,1,250.0,2026-10-04 17:00:00+00:00,Sun 1:00PM
196205748,NFL Showdown $10 Double Up (LAR @ PHI),154093,Showdown Captain Mode,10.0,3,23,1,200.0,2026-10-04 17:00:00+00:00,Sun 1:00PM
196205750,NFL Showdown $10 Double Up (LAR @ PHI),154093,Showdown Captain Mode,10.0,2,11,1,100.0,2026-10-04 17:00:00+00:00,Sun 1:00PM
196205749,NFL Showdown $10 Double Up (LAR @ PHI),154093,Showdown Captain Mode,10.0,2,11,1,100.0,2026-10-04 17:00:00+00:00,Sun 1:00PM
196205747,NFL Showdown $5 Double Up (LAR @ PHI),154093,Showdown Captain Mode,5.0,3,23,1,100.0,2026-10-04 17:00:00+00:00,Sun 1:00PM
196205746,NFL Showdown $5 Double Up (LAR @ PHI),154093,Showdown Captain Mode,5.0,3,23,1,100.0,2026-10-04 17:00:00+00:00,Sun 1:00PM
196205743,NFL Showdown $5 Double Up (LAR @ PHI),154093,Showdown Captain Mode,5.0,3,23,1,100.0,2026-10-04 17:00:00+00:00,Sun 1:00PM
196205742,NFL Showdown $5 Double Up (LAR @ PHI),154093,Showdown Captain Mode,5.0,3,23,1,100.0,2026-10-04 17:00:00+00:00,Sun 1:00PM
196205762,NFL Showdown $3 Double Up (LAR @ PHI),154093,Showdown Captain Mode,3.0,1,39,1,102.0,2026-10-04 17:00:00+00:00,Sun 1:00PM
196205744,NFL Showdown $3 Double Up (LAR @ PHI),154093,Showdown Captain Mode,3.0,1,23,1,60.0,2026-10-04 17:00:00+00:00,Sun 1:00PM
196205763,NFL Showdown $1 Double Up (LAR @ PHI),154093,Showdown Captain Mode,1.0,2,62,1,54.0,2026-10-04 17:00:00+00:00,Sun 1:00PM
196205765,NFL Showdown $1 Double Up (LAR @ PHI),154093,Showdown Captain Mode,1.0,2,39,1,34.0,2026-10-04 17:00:00+00:00,Sun 1:00PM
196205764,NFL Showdown $1 Double Up (LAR @ PHI),154093,Showdown Captain Mode,1.0,1,39,1,34.0,2026-10-04 17:00:00+00:00,Sun 1:00PM
196205772,NFL Showdown $1 Double Up (LAR @ PHI),154093,Showdown Captain Mode,1.0,1,23,1,20.0,2026-10-04 17:00:00+00:00,Sun 1:00PM
196205771,NFL Showdown $1 Double Up (LAR @ PHI),154093,Showdown Captain Mode,1.0,1,23,1,20.0,2026-10-04 17:00:00+00:00,Sun 1:00PM
196205770,NFL Showdown $1 Double Up (LAR @ PHI),154093,Showdown Captain Mode,1.0,1,23,1,20.0,2026-10-04 17:00:00+00:00,Sun 1:00PM
196205745,NFL Showdown $1 Double Up (LAR @ PHI),154093,Showdown Captain Mode,1.0,1,23,1,20.0,2026-10-04 17:00:00+00:00,Sun 1:00PM
196206907,NFL Showdown FREE 200-Player (LAR @ PHI),154093,Showdown Captain Mode,0.0,7,200,1,0.0,2026-10-04 17:00:00+00:00,Sun 1:00PM
196171959,NFL Single Stat $20 10-Player [Top 2 Win] (Touchdowns),154114,Single Stat - Touchdowns,20.0,1,10,1,180.0,2026-10-04 17:00:00+00:00,Sun 1:00PM
196171958,NFL Single Stat $20 10-Player [Top 2 Win] (Touchdowns),154114,Single Stat - Touchdowns,20.0,1,10,1,180.0,2026-10-04 17:00:00+00:00,Sun 1:00PM
196171957,NFL Single Stat $10 10-Player [Top 2 Win] (Touchdowns),154114,Single Stat - Touchdowns,10.0,1,10,1,90.0,2026-10-04 17:00:00+00:00,Sun 1:00PM
196171956,NFL Single Stat $10 10-Player [Top 2 Win] (Touchdowns),154114,Single Stat - Touchdowns,10.0,1,10,1,90.0,2026-10-04 17:00:00+00:00,Sun 1:00PM
196171955,NFL Single Stat $5 10-Player [Top 2 Win] (Touchdowns),154114,Single Stat - Touchdowns,5.0,3,10,1,45.0,2026-10-04 17:00:00+00:00,Sun 1:00PM
196171954,NFL Single Stat $5 10-Player [Top 2 Win] (Touchdowns),154114,Single Stat - Touchdowns,5.0,1,10,1,45.0,2026-10-04 17:00:00+00:00,Sun 1:00PM
196171953,NFL Single Stat $2 10-Player [Top 2 Win] (Touchdowns),154114,Single Stat - Touchdowns,2.0,4,10,1,18.0,2026-10-04 17:00:00+00:00,Sun 1:00PM
196171952,NFL Single Stat $2 10-Player [Top 2 Win] (Touchdowns),154114,Single Stat - Touchdowns,2.0,3,10,1,18.0,2026-10-04 17:00:00+00:00,Sun 1:00PM
196171951,NFL Single Stat $1 10-Player [Top 2 Win] (Touchdowns),154114,Single Stat - Touchdowns,1.0,4,10,1,9.0,2026-10-04 17:00:00+00:00,Sun 1:00PM
196171950,NFL Single Stat $1 10-Player [Top 2 Win] (Touchdowns),154114,Single Stat - Touchdowns,1.0,3,10,1,9.0,2026-10-04 17:00:00+00:00,Sun 1:00PM
196158545,NFL Best Ball $10 12-Player (W4-W17 Sit + Go),154031,Best Ball,10.0,1,12,1,108.0,2026-10-01 22:13:00+00:00,Thu 6:13PM
196222563,NFL Best Ball $1 12-Player (W4-W17 Sit + Go),154031,Best Ball,1.0,1,12,1,10.8,2026-10-01 22:13:00+00:00,Thu 6:13PM
196218686,NFL Best Ball $5 12-Player (W4-W17 Sit + Go),154031,Best Ball,5.0,2,12,1,54.0,2026-10-01 22:13:00+00:00,Thu 6:13PM
196052090,NFL Best Ball $20 12-Player (W4-W17 Sit + Go),154031,Best Ball,20.0,3,12,1,216.0,2026-10-01 22:13:00+00:00,Thu 6:13PM
196052092,NFL Best Ball $50 12-Player (W4-W17 Sit + Go),154031,Best Ball,50.0,0,12,1,540.0,2026-10-01 22:13:00+00:00,Thu 6:13PM
196052091,NFL Best Ball $109 12-Player (W4-W17 Sit + Go),154031,Best Ball,109.0,0,12,1,1200.0,2026-10-01 22:13:00+00:00,Thu 6:13PM
196052095,NFL Best Ball $215 12-Player (W4-W17 Sit + Go),154031,Best Ball,215.0,0,12,1,2400.0,2026-10-01 22:13:00+00:00,Thu 6:13PM
196052097,NFL Best Ball $530 12-Player (W4-W17 Sit + Go),154031,Best Ball,530.0,0,12,1,6000.0,2026-10-01 22:13:00+00:00,Thu 6:13PM
196052099,"NFL Best Ball $1,060 12-Player (W4-W17 Sit + Go)",154031,Best Ball,1060.0,0,12,1,12000.0,2026-10-01 22:13:00+00:00,Thu 6:13PM
196208773,NFL Best Ball $10 6-Player (W4-W17 Sit + Go),154031,Best Ball,10.0,2,6,1,54.0,2026-10-01 23:13:00+00:00,Thu 7:13PM
196223700,NFL Best Ball $1 6-Player (W4-W17 Sit + Go),154031,Best Ball,1.0,1,6,1,5.4,2026-10-01 23:13:00+00:00,Thu 7:13PM
196226034,NFL Best Ball $5 6-Player (W4-W17 Sit + Go),154031,Best Ball,5.0,0,6,1,27.0,2026-10-01 23:13:00+00:00,Thu 7:13PM
196052083,NFL Best Ball $20 6-Player (W4-W17 Sit + Go),154031,Best Ball,20.0,0,6,1,108.0,2026-10-01 23:13:00+00:00,Thu 7:13PM
196052085,NFL Best Ball $50 6-Player (W4-W17 Sit + Go),154031,Best Ball,50.0,0,6,1,270.0,2026-10-01 23:13:00+00:00,Thu 7:13PM
196052078,NFL Best Ball $109 6-Player (W4-W17 Sit + Go),154031,Best Ball,109.0,0,6,1,600.0,2026-10-01 23:13:00+00:00,Thu 7:13PM
196052094,NFL Best Ball $215 6-Player (W4-W17 Sit + Go),154031,Best Ball,215.0,0,6,1,1200.0,2026-10-01 23:13:00+00:00,Thu 7:13PM
196052096,NFL Best Ball $530 6-Player (W4-W17 Sit + Go),154031,Best Ball,530.0,0,6,1,3000.0,2026-10-01 23:13:00+00:00,Thu 7:13PM
196052098,"NFL Best Ball $1,060 6-Player (W4-W17 Sit + Go)",154031,Best Ball,1060.0,0,6,1,6000.0,2026-10-01 23:13:00+00:00,Thu 7:13PM
196222678,NFL Snake $10 12-Player (Thu-Mon),154106,Snake,10.0,1,12,1,108.0,2026-10-01 23:31:00+00:00,Thu 7:31PM
196220146,NFL Snake $1 12-Player (Thu-Mon),154106,Snake,1.0,2,12,1,10.8,2026-10-01 23:31:00+00:00,Thu 7:31PM
196226189,NFL Snake $5 12-Player (Thu-Mon),154106,Snake,5.0,4,12,1,54.0,2026-10-01 23:31:00+00:00,Thu 7:31PM
196185807,NFL Snake $20 12-Player (Thu-Mon),154106,Snake,20.0,1,12,1,216.0,2026-10-01 23:31:00+00:00,Thu 7:31PM
196185809,NFL Snake $50 12-Player (Thu-Mon),154106,Snake,50.0,0,12,1,540.0,2026-10-01 23:31:00+00:00,Thu 7:31PM
196227019,NFL Best Ball $10 3-Player (W4-W17 Sit + Go),154031,Best Ball,10.0,1,3,1,27.0,2026-10-01 23:43:00+00:00,Thu 7:43PM
196225627,NFL Best Ball $5 3-Player (W4-W17 Sit + Go),154031,Best Ball,5.0,1,3,1,13.5,2026-10-01 23:43:00+00:00,Thu 7:43PM
196225817,NFL Best Ball $20 3-Player (W4-W17 Sit + Go),154031,Best Ball,20.0,1,3,1,54.0,2026-10-01 23:43:00+00:00,Thu 7:43PM
196228086,NFL Best Ball $1 3-Player (W4-W17 Sit + Go),154031,Best Ball,1.0,0,3,1,2.7,2026-10-01 23:43:00+00:00,Thu 7:43PM
196052084,NFL Best Ball $50 3-Player (W4-W17 Sit + Go),154031,Best Ball,50.0,0,3,1,135.0,2026-10-01 23:43:00+00:00,Thu 7:43PM
196186817,NFL Best Ball $109 3-Player (W4-W17 Sit + Go),154031,Best Ball,109.0,0,3,1,300.0,2026-10-01 23:43:00+00:00,Thu 7:43PM
196052093,NFL Best Ball $215 3-Player (W4-W17 Sit + Go),154031,Best Ball,215.0,0,3,1,600.0,2026-10-01 23:43:00+00:00,Thu 7:43PM
196052086,NFL Best Ball $530 3-Player (W4-W17 Sit + Go),154031,Best Ball,530.0,0,3,1,1500.0,2026-10-01 23:43:00+00:00,Thu 7:43PM
196052079,"NFL Best Ball $1,060 3-Player (W4-W17 Sit + Go)",154031,Best Ball,1060.0,0,3,1,3000.0,2026-10-01 23:43:00+00:00,Thu 7:43PM
196218027,NFL Snake $10 6-Player (Thu-Mon),154106,Snake,10.0,1,6,1,54.0,2026-10-01 23:52:00+00:00,Thu 7:52PM
196220553,NFL Snake $10 6-Player (Thu-Mon),154106,Snake,10.0,1,6,1,54.0,2026-10-01 23:52:00+00:00,Thu 7:52PM
196205370,NFL Snake $1 6-Player (Thu-Mon),154106,Snake,1.0,1,6,1,5.4,2026-10-01 23:52:00+00:00,Thu 7:52PM
196224842,NFL Snake $5 6-Player (Thu-Mon),154106,Snake,5.0,1,6,1,27.0,2026-10-01 23:52:00+00:00,Thu 7:52PM
196225135,NFL Snake $5 6-Player (Thu-Mon),154106,Snake,5.0,1,6,1,27.0,2026-10-01 23:52:00+00:00,Thu 7:52PM
196185806,NFL Snake $20 6-Player (Thu-Mon),154106,Snake,20.0,1,6,1,108.0,2026-10-01 23:52:00+00:00,Thu 7:52PM
196222220,NFL Snake $20 6-Player (Thu-Mon),154106,Snake,20.0,1,6,1,108.0,2026-10-01 23:52:00+00:00,Thu 7:52PM
196222567,NFL Snake $1 6-Player (Thu-Mon),154106,Snake,1.0,0,6,1,5.4,2026-10-01 23:52:00+00:00,Thu 7:52PM
196185808,NFL Snake $50 6-Player (Thu-Mon),154106,Snake,50.0,0,6,1,270.0,2026-10-01 23:52:00+00:00,Thu 7:52PM
196185810,NFL Snake $109 6-Player (Thu-Mon),154106,Snake,109.0,0,6,1,600.0,2026-10-01 23:52:00+00:00,Thu 7:52PM
196185811,NFL Snake $530 6-Player (Thu-Mon),154106,Snake,530.0,0,6,1,3000.0,2026-10-01 23:52:00+00:00,Thu 7:52PM
196226778,NFL Snake $10 3-Player (Thu-Mon),154106,Snake,10.0,1,3,1,27.0,2026-10-02 00:02:00+00:00,Thu 8:02PM
196224125,NFL Snake $1 3-Player (Thu-Mon),154106,Snake,1.0,1,3,1,2.7,2026-10-02 00:02:00+00:00,Thu 8:02PM
196223774,NFL Snake $20 3-Player (Thu-Mon),154106,Snake,20.0,1,3,1,54.0,2026-10-02 00:02:00+00:00,Thu 8:02PM
196223788,NFL Snake $20 3-Player (Thu-Mon),154106,Snake,20.0,1,3,1,54.0,2026-10-02 00:02:00+00:00,Thu 8:02PM
196225298,NFL Snake $20 3-Player (Thu-Mon),154106,Snake,20.0,1,3,1,54.0,2026-10-02 00:02:00+00:00,Thu 8:02PM
196226928,NFL Snake $10 3-Player (Thu-Mon),154106,Snake,10.0,0,3,1,27.0,2026-10-02 00:02:00+00:00,Thu 8:02PM
196227966,NFL Snake $10 3-Player (Thu-Mon),154106,Snake,10.0,0,3,1,27.0,2026-10-02 00:02:00+00:00,Thu 8:02PM
196224007,NFL Snake $1 3-Player (Thu-Mon),154106,Snake,1.0,0,3,1,2.7,2026-10-02 00:02:00+00:00,Thu 8:02PM
196225295,NFL Snake $1 3-Player (Thu-Mon),154106,Snake,1.0,0,3,1,2.7,2026-10-02 00:02:00+00:00,Thu 8:02PM
196226999,NFL Snake $5 3-Player (Thu-Mon),154106,Snake,5.0,0,3,1,13.5,2026-10-02 00:02:00+00:00,Thu 8:02PM
196227004,NFL Snake $5 3-Player (Thu-Mon),154106,Snake,5.0,0,3,1,13.5,2026-10-02 00:02:00+00:00,Thu 8:02PM
196227158,NFL Snake $5 3-Player (Thu-Mon),154106,Snake,5.0,0,3,1,13.5,2026-10-02 00:02:00+00:00,Thu 8:02PM
196185824,NFL Snake $50 3-Player (Thu-Mon),154106,Snake,50.0,0,3,1,135.0,2026-10-02 00:02:00+00:00,Thu 8:02PM
196185826,NFL Snake $50 3-Player (Thu-Mon),154106,Snake,50.0,0,3,1,135.0,2026-10-02 00:02:00+00:00,Thu 8:02PM
196217896,NFL Snake $50 3-Player (Thu-Mon),154106,Snake,50.0,0,3,1,135.0,2026-10-02 00:02:00+00:00,Thu 8:02PM
196185827,NFL Snake $109 3-Player (Thu-Mon),154106,Snake,109.0,0,3,1,300.0,2026-10-02 00:02:00+00:00,Thu 8:02PM
196185828,NFL Snake $109 3-Player (Thu-Mon),154106,Snake,109.0,0,3,1,300.0,2026-10-02 00:02:00+00:00,Thu 8:02PM
196185829,NFL Snake $109 3-Player (Thu-Mon),154106,Snake,109.0,0,3,1,300.0,2026-10-02 00:02:00+00:00,Thu 8:02PM
196185830,NFL Snake $530 3-Player (Thu-Mon),154106,Snake,530.0,0,3,1,1500.0,2026-10-02 00:02:00+00:00,Thu 8:02PM
196185831,NFL Snake $530 3-Player (Thu-Mon),154106,Snake,530.0,0,3,1,1500.0,2026-10-02 00:02:00+00:00,Thu 8:02PM
196185832,"NFL Snake $1,060 3-Player (Thu-Mon)",154106,Snake,1060.0,0,3,1,3000.0,2026-10-02 00:02:00+00:00,Thu 8:02PM
196185833,"NFL Snake $2,120 3-Player (Thu-Mon)",154106,Snake,2120.0,0,3,1,6000.0,2026-10-02 00:02:00+00:00,Thu 8:02PM
196185834,"NFL Snake $5,300 3-Player (Thu-Mon)",154106,Snake,5300.0,0,3,1,15000.0,2026-10-02 00:02:00+00:00,Thu 8:02PM
196185835,"NFL Snake $10,600 3-Player (Thu-Mon)",154106,Snake,10600.0,0,3,1,30000.0,2026-10-02 00:02:00+00:00,Thu 8:02PM
196185764,NFL Snake Showdown $10 4-Player (PIT @ CLE Snake),154109,Snake Showdown,10.0,1,4,1,36.0,2026-10-02 00:05:00+00:00,Thu 8:05PM
196185765,NFL Snake Showdown $10 4-Player (PIT @ CLE Snake),154109,Snake Showdown,10.0,1,4,1,36.0,2026-10-02 00:05:00+00:00,Thu 8:05PM
196185766,NFL Snake Showdown $10 4-Player (PIT @ CLE Snake),154109,Snake Showdown,10.0,1,4,1,36.0,2026-10-02 00:05:00+00:00,Thu 8:05PM
196225555,NFL Snake Showdown $1 4-Player (PIT @ CLE Snake),154109,Snake Showdown,1.0,3,4,1,3.6,2026-10-02 00:05:00+00:00,Thu 8:05PM
196185759,NFL Snake Showdown $5 4-Player (PIT @ CLE Snake),154109,Snake Showdown,5.0,2,4,1,18.0,2026-10-02 00:05:00+00:00,Thu 8:05PM
196185760,NFL Snake Showdown $5 4-Player (PIT @ CLE Snake),154109,Snake Showdown,5.0,2,4,1,18.0,2026-10-02 00:05:00+00:00,Thu 8:05PM
196226045,NFL Snake Showdown $5 4-Player (PIT @ CLE Snake),154109,Snake Showdown,5.0,1,4,1,18.0,2026-10-02 00:05:00+00:00,Thu 8:05PM
196185770,NFL Snake Showdown $20 4-Player (PIT @ CLE Snake),154109,Snake Showdown,20.0,2,4,1,72.0,2026-10-02 00:05:00+00:00,Thu 8:05PM
196185771,NFL Snake Showdown $20 4-Player (PIT @ CLE Snake),154109,Snake Showdown,20.0,1,4,1,72.0,2026-10-02 00:05:00+00:00,Thu 8:05PM
196185772,NFL Snake Showdown $20 4-Player (PIT @ CLE Snake),154109,Snake Showdown,20.0,1,4,1,72.0,2026-10-02 00:05:00+00:00,Thu 8:05PM
196221744,NFL Snake Showdown $1 4-Player (PIT @ CLE Snake),154109,Snake Showdown,1.0,0,4,1,3.6,2026-10-02 00:05:00+00:00,Thu 8:05PM
196223775,NFL Snake Showdown $1 4-Player (PIT @ CLE Snake),154109,Snake Showdown,1.0,0,4,1,3.6,2026-10-02 00:05:00+00:00,Thu 8:05PM
196185776,NFL Snake Showdown $50 4-Player (PIT @ CLE Snake),154109,Snake Showdown,50.0,0,4,1,180.0,2026-10-02 00:05:00+00:00,Thu 8:05PM
196185780,NFL Snake Showdown $109 4-Player (PIT @ CLE Snake),154109,Snake Showdown,109.0,0,4,1,400.0,2026-10-02 00:05:00+00:00,Thu 8:05PM
196185783,NFL Snake Showdown $530 4-Player (PIT @ CLE Snake),154109,Snake Showdown,530.0,0,4,1,2000.0,2026-10-02 00:05:00+00:00,Thu 8:05PM
196185762,NFL Snake Showdown $10 3-Player (PIT @ CLE Snake),154109,Snake Showdown,10.0,1,3,1,27.0,2026-10-02 00:07:00+00:00,Thu 8:07PM
196185763,NFL Snake Showdown $10 3-Player (PIT @ CLE Snake),154109,Snake Showdown,10.0,1,3,1,27.0,2026-10-02 00:07:00+00:00,Thu 8:07PM
196217894,NFL Snake Showdown $10 3-Player (PIT @ CLE Snake),154109,Snake Showdown,10.0,1,3,1,27.0,2026-10-02 00:07:00+00:00,Thu 8:07PM
196222511,NFL Snake Showdown $1 3-Player (PIT @ CLE Snake),154109,Snake Showdown,1.0,2,3,1,2.7,2026-10-02 00:07:00+00:00,Thu 8:07PM
196185768,NFL Snake Showdown $20 3-Player (PIT @ CLE Snake),154109,Snake Showdown,20.0,1,3,1,54.0,2026-10-02 00:07:00+00:00,Thu 8:07PM
196185769,NFL Snake Showdown $20 3-Player (PIT @ CLE Snake),154109,Snake Showdown,20.0,1,3,1,54.0,2026-10-02 00:07:00+00:00,Thu 8:07PM
196205183,NFL Snake Showdown $20 3-Player (PIT @ CLE Snake),154109,Snake Showdown,20.0,1,3,1,54.0,2026-10-02 00:07:00+00:00,Thu 8:07PM
196221663,NFL Snake Showdown $1 3-Player (PIT @ CLE Snake),154109,Snake Showdown,1.0,0,3,1,2.7,2026-10-02 00:07:00+00:00,Thu 8:07PM
196226553,NFL Snake Showdown $1 3-Player (PIT @ CLE Snake),154109,Snake Showdown,1.0,0,3,1,2.7,2026-10-02 00:07:00+00:00,Thu 8:07PM
196226181,NFL Snake Showdown $5 3-Player (PIT @ CLE Snake),154109,Snake Showdown,5.0,0,3,1,13.5,2026-10-02 00:07:00+00:00,Thu 8:07PM
196226787,NFL Snake Showdown $5 3-Player (PIT @ CLE Snake),154109,Snake Showdown,5.0,0,3,1,13.5,2026-10-02 00:07:00+00:00,Thu 8:07PM
196227953,NFL Snake Showdown $5 3-Player (PIT @ CLE Snake),154109,Snake Showdown,5.0,0,3,1,13.5,2026-10-02 00:07:00+00:00,Thu 8:07PM
196185773,NFL Snake Showdown $50 3-Player (PIT @ CLE Snake),154109,Snake Showdown,50.0,0,3,1,135.0,2026-10-02 00:07:00+00:00,Thu 8:07PM
196185774,NFL Snake Showdown $50 3-Player (PIT @ CLE Snake),154109,Snake Showdown,50.0,0,3,1,135.0,2026-10-02 00:07:00+00:00,Thu 8:07PM
196185775,NFL Snake Showdown $50 3-Player (PIT @ CLE Snake),154109,Snake Showdown,50.0,0,3,1,135.0,2026-10-02 00:07:00+00:00,Thu 8:07PM
196185777,NFL Snake Showdown $109 3-Player (PIT @ CLE Snake),154109,Snake Showdown,109.0,0,3,1,300.0,2026-10-02 00:07:00+00:00,Thu 8:07PM
196185778,NFL Snake Showdown $109 3-Player (PIT @ CLE Snake),154109,Snake Showdown,109.0,0,3,1,300.0,2026-10-02 00:07:00+00:00,Thu 8:07PM
196185779,NFL Snake Showdown $109 3-Player (PIT @ CLE Snake),154109,Snake Showdown,109.0,0,3,1,300.0,2026-10-02 00:07:00+00:00,Thu 8:07PM
196185781,NFL Snake Showdown $530 3-Player (PIT @ CLE Snake),154109,Snake Showdown,530.0,0,3,1,1500.0,2026-10-02 00:07:00+00:00,Thu 8:07PM
196185782,NFL Snake Showdown $530 3-Player (PIT @ CLE Snake),154109,Snake Showdown,530.0,0,3,1,1500.0,2026-10-02 00:07:00+00:00,Thu 8:07PM
196185784,"NFL Snake Showdown $1,060 3-Player (PIT @ CLE Snake)",154109,Snake Showdown,1060.0,0,3,1,3000.0,2026-10-02 00:07:00+00:00,Thu 8:07PM
196185785,"NFL Snake Showdown $2,120 3-Player (PIT @ CLE Snake)",154109,Snake Showdown,2120.0,0,3,1,6000.0,2026-10-02 00:07:00+00:00,Thu 8:07PM
196185786,"NFL Snake Showdown $5,300 3-Player (PIT @ CLE Snake)",154109,Snake Showdown,5300.0,0,3,1,15000.0,2026-10-02 00:07:00+00:00,Thu 8:07PM
196185787,"NFL Snake Showdown $10,600 3-Player (PIT @ CLE Snake)",154109,Snake Showdown,10600.0,0,3,1,30000.0,2026-10-02 00:07:00+00:00,Thu 8:07PM
196185446,NFL Showdown Satellite to $20 NFL Fantasy Football Millionaire [Must Fill] (PIT @ CLE),154084,Showdown Captain Mode,7.4,2,3,1,20.0,2026-10-02 00:15:00+00:00,Thu 8:15PM
196187745,NFL Showdown Satellite to NBA Best Ball $20 Shootaround [Must Fill] (PIT @ CLE),154084,Showdown Captain Mode,7.4,1,3,1,20.0,2026-10-02 00:15:00+00:00,Thu 8:15PM
196187755,NFL Showdown Satellite to NBA 10-20 $20 Opening Tip Off [Must Fill] (PIT @ CLE),154084,Showdown Captain Mode,7.4,2,3,1,20.0,2026-10-02 00:15:00+00:00,Thu 8:15PM
196185354,Casual NFL Showdown $20 50-50 (PIT @ CLE),154084,Showdown Captain Mode,20.0,1,10,1,180.0,2026-10-02 00:15:00+00:00,Thu 8:15PM
196185365,Casual NFL Showdown $5 50-50 (PIT @ CLE),154084,Showdown Captain Mode,5.0,1,10,1,45.0,2026-10-02 00:15:00+00:00,Thu 8:15PM
196185407,Casual NFL Showdown $2 5-Player (PIT @ CLE),154084,Showdown Captain Mode,2.0,1,5,1,9.0,2026-10-02 00:15:00+00:00,Thu 8:15PM
196185379,Casual NFL Showdown $1 50-50 (PIT @ CLE),154084,Showdown Captain Mode,1.0,1,10,1,9.0,2026-10-02 00:15:00+00:00,Thu 8:15PM
196185287,Beginner NFL Showdown $20 50-50 (PIT @ CLE),154084,Showdown Captain Mode,20.0,1,10,1,180.0,2026-10-02 00:15:00+00:00,Thu 8:15PM
196185275,Beginner NFL Showdown $1 50-50 (PIT @ CLE),154084,Showdown Captain Mode,1.0,1,10,1,9.0,2026-10-02 00:15:00+00:00,Thu 8:15PM
196185311,"NFL Showdown $10,600 3-Player (PIT @ CLE)",154084,Showdown Captain Mode,10600.0,1,3,1,30000.0,2026-10-02 00:15:00+00:00,Thu 8:15PM
196185312,"NFL Showdown $10,600 3-Player (PIT @ CLE)",154084,Showdown Captain Mode,10600.0,1,3,1,30000.0,2026-10-02 00:15:00+00:00,Thu 8:15PM
196185315,"NFL Showdown $5,300 50-50 (PIT @ CLE)",154084,Showdown Captain Mode,5300.0,2,4,1,20000.0,2026-10-02 00:15:00+00:00,Thu 8:15PM
196185313,"NFL Showdown $5,300 3-Player (PIT @ CLE)",154084,Showdown Captain Mode,5300.0,1,3,1,15000.0,2026-10-02 00:15:00+00:00,Thu 8:15PM
196185314,"NFL Showdown $5,300 3-Player (PIT @ CLE)",154084,Showdown Captain Mode,5300.0,1,3,1,15000.0,2026-10-02 00:15:00+00:00,Thu 8:15PM
196185349,"NFL Showdown $2,120 50-50 (PIT @ CLE)",154084,Showdown Captain Mode,2120.0,2,4,1,8000.0,2026-10-02 00:15:00+00:00,Thu 8:15PM
196185345,"NFL Showdown $2,120 3-Player (PIT @ CLE)",154084,Showdown Captain Mode,2120.0,1,3,1,6000.0,2026-10-02 00:15:00+00:00,Thu 8:15PM
196185346,"NFL Showdown $2,120 3-Player (PIT @ CLE)",154084,Showdown Captain Mode,2120.0,1,3,1,6000.0,2026-10-02 00:15:00+00:00,Thu 8:15PM
196185318,"NFL Showdown $1,060 50-50 (PIT @ CLE)",154084,Showdown Captain Mode,1060.0,2,4,1,4000.0,2026-10-02 00:15:00+00:00,Thu 8:15PM
196185319,"NFL Showdown $1,060 3-Player (PIT @ CLE)",154084,Showdown Captain Mode,1060.0,2,3,1,3000.0,2026-10-02 00:15:00+00:00,Thu 8:15PM
196185320,"NFL Showdown $1,060 3-Player (PIT @ CLE)",154084,Showdown Captain Mode,1060.0,2,3,1,3000.0,2026-10-02 00:15:00+00:00,Thu 8:15PM
196212261,"NFL Showdown $1,060 3-Player (PIT @ CLE)",154084,Showdown Captain Mode,1060.0,1,3,1,3000.0,2026-10-02 00:15:00+00:00,Thu 8:15PM
196212262,"NFL Showdown $1,060 3-Player (PIT @ CLE)",154084,Showdown Captain Mode,1060.0,1,3,1,3000.0,2026-10-02 00:15:00+00:00,Thu 8:15PM
196185321,NFL Showdown $530 50-50 (PIT @ CLE),154084,Showdown Captain Mode,530.0,2,4,1,2000.0,2026-10-02 00:15:00+00:00,Thu 8:15PM
196185322,NFL Showdown $530 50-50 (PIT @ CLE),154084,Showdown Captain Mode,530.0,2,4,1,2000.0,2026-10-02 00:15:00+00:00,Thu 8:15PM
196185339,NFL Showdown $530 50-50 (PIT @ CLE),154084,Showdown Captain Mode,530.0,1,8,1,4000.0,2026-10-02 00:15:00+00:00,Thu 8:15PM
196185323,NFL Showdown $530 3-Player (PIT @ CLE),154084,Showdown Captain Mode,530.0,2,3,1,1500.0,2026-10-02 00:15:00+00:00,Thu 8:15PM
196185324,NFL Showdown $530 3-Player (PIT @ CLE),154084,Showdown Captain Mode,530.0,2,3,1,1500.0,2026-10-02 00:15:00+00:00,Thu 8:15PM
196212264,NFL Showdown $530 3-Player (PIT @ CLE),154084,Showdown Captain Mode,530.0,1,3,1,1500.0,2026-10-02 00:15:00+00:00,Thu 8:15PM
196212265,NFL Showdown $530 3-Player (PIT @ CLE),154084,Showdown Captain Mode,530.0,1,3,1,1500.0,2026-10-02 00:15:00+00:00,Thu 8:15PM
196185338,NFL Showdown $270 50-50 (PIT @ CLE),154084,Showdown Captain Mode,270.0,1,8,1,2000.0,2026-10-02 00:15:00+00:00,Thu 8:15PM
196185436,NFL Showdown $270 50-50 (PIT @ CLE),154084,Showdown Captain Mode,270.0,2,4,1,1000.0,2026-10-02 00:15:00+00:00,Thu 8:15PM
196185437,NFL Showdown $270 50-50 (PIT @ CLE),154084,Showdown Captain Mode,270.0,1,4,1,1000.0,2026-10-02 00:15:00+00:00,Thu 8:15PM
196185325,NFL Showdown $270 3-Player (PIT @ CLE),154084,Showdown Captain Mode,270.0,2,3,1,750.0,2026-10-02 00:15:00+00:00,Thu 8:15PM
196185326,NFL Showdown $270 3-Player (PIT @ CLE),154084,Showdown Captain Mode,270.0,2,3,1,750.0,2026-10-02 00:15:00+00:00,Thu 8:15PM
196212266,NFL Showdown $270 3-Player (PIT @ CLE),154084,Showdown Captain Mode,270.0,1,3,1,750.0,2026-10-02 00:15:00+00:00,Thu 8:15PM
196212267,NFL Showdown $270 3-Player (PIT @ CLE),154084,Showdown Captain Mode,270.0,1,3,1,750.0,2026-10-02 00:15:00+00:00,Thu 8:15PM
196185337,NFL Showdown $162 50-50 (PIT @ CLE),154084,Showdown Captain Mode,162.0,2,8,1,1200.0,2026-10-02 00:15:00+00:00,Thu 8:15PM
196185212,NFL Showdown $162 50-50 (PIT @ CLE),154084,Showdown Captain Mode,162.0,2,4,1,600.0,2026-10-02 00:15:00+00:00,Thu 8:15PM
196185213,NFL Showdown $162 50-50 (PIT @ CLE),154084,Showdown Captain Mode,162.0,2,4,1,600.0,2026-10-02 00:15:00+00:00,Thu 8:15PM
196185222,NFL Showdown $162 3-Player (PIT @ CLE),154084,Showdown Captain Mode,162.0,2,3,1,450.0,2026-10-02 00:15:00+00:00,Thu 8:15PM
196185223,NFL Showdown $162 3-Player (PIT @ CLE),154084,Showdown Captain Mode,162.0,2,3,1,450.0,2026-10-02 00:15:00+00:00,Thu 8:15PM
196185224,NFL Showdown $162 3-Player (PIT @ CLE),154084,Showdown Captain Mode,162.0,2,3,1,450.0,2026-10-02 00:15:00+00:00,Thu 8:15PM
196212269,NFL Showdown $162 3-Player (PIT @ CLE),154084,Showdown Captain Mode,162.0,1,3,1,450.0,2026-10-02 00:15:00+00:00,Thu 8:15PM
196212270,NFL Showdown $162 3-Player (PIT @ CLE),154084,Showdown Captain Mode,162.0,1,3,1,450.0,2026-10-02 00:15:00+00:00,Thu 8:15PM
196212271,NFL Showdown $162 3-Player (PIT @ CLE),154084,Showdown Captain Mode,162.0,1,3,1,450.0,2026-10-02 00:15:00+00:00,Thu 8:15PM
196185244,NFL Showdown $109 50-50 (PIT @ CLE),154084,Showdown Captain Mode,109.0,1,20,1,2000.0,2026-10-02 00:15:00+00:00,Thu 8:15PM
196185216,NFL Showdown $109 50-50 (PIT @ CLE),154084,Showdown Captain Mode,109.0,1,10,1,1000.0,2026-10-02 00:15:00+00:00,Thu 8:15PM
196185327,NFL Showdown $109 50-50 (PIT @ CLE),154084,Showdown Captain Mode,109.0,2,4,1,400.0,2026-10-02 00:15:00+00:00,Thu 8:15PM
196185328,NFL Showdown $109 50-50 (PIT @ CLE),154084,Showdown Captain Mode,109.0,2,4,1,400.0,2026-10-02 00:15:00+00:00,Thu 8:15PM
196185332,NFL Showdown $109 3-Player (PIT @ CLE),154084,Showdown Captain Mode,109.0,1,3,1,300.0,2026-10-02 00:15:00+00:00,Thu 8:15PM
196185333,NFL Showdown $109 3-Player (PIT @ CLE),154084,Showdown Captain Mode,109.0,1,3,1,300.0,2026-10-02 00:15:00+00:00,Thu 8:15PM
196185334,NFL Showdown $109 3-Player (PIT @ CLE),154084,Showdown Captain Mode,109.0,1,3,1,300.0,2026-10-02 00:15:00+00:00,Thu 8:15PM
196185243,NFL Showdown $50 50-50 (PIT @ CLE),154084,Showdown Captain Mode,50.0,1,20,1,900.0,2026-10-02 00:15:00+00:00,Thu 8:15PM
196185214,NFL Showdown $50 50-50 (PIT @ CLE),154084,Showdown Captain Mode,50.0,1,10,1,450.0,2026-10-02 00:15:00+00:00,Thu 8:15PM
196185215,NFL Showdown $50 50-50 (PIT @ CLE),154084,Showdown Captain Mode,50.0,1,10,1,450.0,2026-10-02 00:15:00+00:00,Thu 8:15PM
196185171,NFL Showdown $50 50-50 (PIT @ CLE),154084,Showdown Captain Mode,50.0,2,4,1,180.0,2026-10-02 00:15:00+00:00,Thu 8:15PM
196185172,NFL Showdown $50 50-50 (PIT @ CLE),154084,Showdown Captain Mode,50.0,2,4,1,180.0,2026-10-02 00:15:00+00:00,Thu 8:15PM
196185173,NFL Showdown $50 50-50 (PIT @ CLE),154084,Showdown Captain Mode,50.0,2,4,1,180.0,2026-10-02 00:15:00+00:00,Thu 8:15PM
196185424,NFL Showdown $50 Double Up (PIT @ CLE),154084,Showdown Captain Mode,50.0,1,22,1,1000.0,2026-10-02 00:15:00+00:00,Thu 8:15PM
196185423,NFL Showdown $50 Double Up (PIT @ CLE),154084,Showdown Captain Mode,50.0,1,11,1,500.0,2026-10-02 00:15:00+00:00,Thu 8:15PM
196185177,NFL Showdown $50 3-Player (PIT @ CLE),154084,Showdown Captain Mode,50.0,1,3,1,135.0,2026-10-02 00:15:00+00:00,Thu 8:15PM
196185178,NFL Showdown $50 3-Player (PIT @ CLE),154084,Showdown Captain Mode,50.0,1,3,1,135.0,2026-10-02 00:15:00+00:00,Thu 8:15PM
196185179,NFL Showdown $50 3-Player (PIT @ CLE),154084,Showdown Captain Mode,50.0,1,3,1,135.0,2026-10-02 00:15:00+00:00,Thu 8:15PM
196185422,NFL Showdown $25 Double Up (PIT @ CLE),154084,Showdown Captain Mode,25.0,1,22,1,500.0,2026-10-02 00:15:00+00:00,Thu 8:15PM
196185421,NFL Showdown $25 Double Up (PIT @ CLE),154084,Showdown Captain Mode,25.0,1,11,1,250.0,2026-10-02 00:15:00+00:00,Thu 8:15PM
196185344,NFL Showdown $20 50-50 (PIT @ CLE),154084,Showdown Captain Mode,20.0,1,50,1,900.0,2026-10-02 00:15:00+00:00,Thu 8:15PM
196185241,NFL Showdown $20 50-50 (PIT @ CLE),154084,Showdown Captain Mode,20.0,1,20,1,360.0,2026-10-02 00:15:00+00:00,Thu 8:15PM
196185242,NFL Showdown $20 50-50 (PIT @ CLE),154084,Showdown Captain Mode,20.0,1,20,1,360.0,2026-10-02 00:15:00+00:00,Thu 8:15PM
196185161,NFL Showdown $20 50-50 (PIT @ CLE),154084,Showdown Captain Mode,20.0,1,10,1,180.0,2026-10-02 00:15:00+00:00,Thu 8:15PM
196185162,NFL Showdown $20 50-50 (PIT @ CLE),154084,Showdown Captain Mode,20.0,1,10,1,180.0,2026-10-02 00:15:00+00:00,Thu 8:15PM
196185435,NFL Showdown $20 100-Player (PIT @ CLE),154084,Showdown Captain Mode,20.0,2,100,1,1800.0,2026-10-02 00:15:00+00:00,Thu 8:15PM
196185194,NFL Showdown $20 3-Player (PIT @ CLE),154084,Showdown Captain Mode,20.0,1,3,1,54.0,2026-10-02 00:15:00+00:00,Thu 8:15PM
196185195,NFL Showdown $20 3-Player (PIT @ CLE),154084,Showdown Captain Mode,20.0,1,3,1,54.0,2026-10-02 00:15:00+00:00,Thu 8:15PM
196185196,NFL Showdown $20 3-Player (PIT @ CLE),154084,Showdown Captain Mode,20.0,1,3,1,54.0,2026-10-02 00:15:00+00:00,Thu 8:15PM
196185343,NFL Showdown $10 50-50 (PIT @ CLE),154084,Showdown Captain Mode,10.0,1,50,1,450.0,2026-10-02 00:15:00+00:00,Thu 8:15PM
196185220,NFL Showdown $10 50-50 (PIT @ CLE),154084,Showdown Captain Mode,10.0,1,20,1,180.0,2026-10-02 00:15:00+00:00,Thu 8:15PM
196185221,NFL Showdown $10 50-50 (PIT @ CLE),154084,Showdown Captain Mode,10.0,1,20,1,180.0,2026-10-02 00:15:00+00:00,Thu 8:15PM
196185197,NFL Showdown $10 50-50 (PIT @ CLE),154084,Showdown Captain Mode,10.0,1,10,1,90.0,2026-10-02 00:15:00+00:00,Thu 8:15PM
196185198,NFL Showdown $10 50-50 (PIT @ CLE),154084,Showdown Captain Mode,10.0,1,10,1,90.0,2026-10-02 00:15:00+00:00,Thu 8:15PM
196185419,NFL Showdown $10 Double Up (PIT @ CLE),154084,Showdown Captain Mode,10.0,1,11,1,100.0,2026-10-02 00:15:00+00:00,Thu 8:15PM
196185420,NFL Showdown $10 Double Up (PIT @ CLE),154084,Showdown Captain Mode,10.0,1,11,1,100.0,2026-10-02 00:15:00+00:00,Thu 8:15PM
196185191,NFL Showdown $10 3-Player (PIT @ CLE),154084,Showdown Captain Mode,10.0,1,3,1,27.0,2026-10-02 00:15:00+00:00,Thu 8:15PM
196185192,NFL Showdown $10 3-Player (PIT @ CLE),154084,Showdown Captain Mode,10.0,1,3,1,27.0,2026-10-02 00:15:00+00:00,Thu 8:15PM
196185193,NFL Showdown $10 3-Player (PIT @ CLE),154084,Showdown Captain Mode,10.0,1,3,1,27.0,2026-10-02 00:15:00+00:00,Thu 8:15PM
196227030,NFL Showdown $10 4-Player (Winner Takes All) (PIT @ CLE),154084,Showdown Captain Mode,10.0,1,4,1,36.0,2026-10-02 00:15:00+00:00,Thu 8:15PM
196185309,NFL Showdown $5 50-50 (PIT @ CLE),154084,Showdown Captain Mode,5.0,1,100,1,450.0,2026-10-02 00:15:00+00:00,Thu 8:15PM
196185342,NFL Showdown $5 50-50 (PIT @ CLE),154084,Showdown Captain Mode,5.0,1,50,1,225.0,2026-10-02 00:15:00+00:00,Thu 8:15PM
196185217,NFL Showdown $5 50-50 (PIT @ CLE),154084,Showdown Captain Mode,5.0,1,20,1,90.0,2026-10-02 00:15:00+00:00,Thu 8:15PM
196185218,NFL Showdown $5 50-50 (PIT @ CLE),154084,Showdown Captain Mode,5.0,1,20,1,90.0,2026-10-02 00:15:00+00:00,Thu 8:15PM
196185219,NFL Showdown $5 50-50 (PIT @ CLE),154084,Showdown Captain Mode,5.0,1,20,1,90.0,2026-10-02 00:15:00+00:00,Thu 8:15PM
196185158,NFL Showdown $5 50-50 (PIT @ CLE),154084,Showdown Captain Mode,5.0,2,10,1,45.0,2026-10-02 00:15:00+00:00,Thu 8:15PM
196185159,NFL Showdown $5 50-50 (PIT @ CLE),154084,Showdown Captain Mode,5.0,1,10,1,45.0,2026-10-02 00:15:00+00:00,Thu 8:15PM
196185160,NFL Showdown $5 50-50 (PIT @ CLE),154084,Showdown Captain Mode,5.0,1,10,1,45.0,2026-10-02 00:15:00+00:00,Thu 8:15PM
196185425,NFL Showdown $5 Double Up (PIT @ CLE),154084,Showdown Captain Mode,5.0,1,11,1,50.0,2026-10-02 00:15:00+00:00,Thu 8:15PM
196185426,NFL Showdown $5 Double Up (PIT @ CLE),154084,Showdown Captain Mode,5.0,1,11,1,50.0,2026-10-02 00:15:00+00:00,Thu 8:15PM
196211222,NFL Showdown $5 15-Player (Top 2 Win) (PIT @ CLE),154084,Showdown Captain Mode,5.0,2,15,1,67.5,2026-10-02 00:15:00+00:00,Thu 8:15PM
196214545,NFL Showdown $5 15-Player (Winner Takes All) (PIT @ CLE),154084,Showdown Captain Mode,5.0,3,15,1,67.5,2026-10-02 00:15:00+00:00,Thu 8:15PM
196185144,NFL Showdown $5 10-Player (PIT @ CLE),154084,Showdown Captain Mode,5.0,1,10,1,45.0,2026-10-02 00:15:00+00:00,Thu 8:15PM
196185188,NFL Showdown $5 3-Player (PIT @ CLE),154084,Showdown Captain Mode,5.0,1,3,1,13.5,2026-10-02 00:15:00+00:00,Thu 8:15PM
196185189,NFL Showdown $5 3-Player (PIT @ CLE),154084,Showdown Captain Mode,5.0,1,3,1,13.5,2026-10-02 00:15:00+00:00,Thu 8:15PM
196185190,NFL Showdown $5 3-Player (PIT @ CLE),154084,Showdown Captain Mode,5.0,1,3,1,13.5,2026-10-02 00:15:00+00:00,Thu 8:15PM
196185166,NFL Showdown $5 3-Player (PIT @ CLE),154084,Showdown Captain Mode,5.0,1,3,1,13.5,2026-10-02 00:15:00+00:00,Thu 8:15PM
196185167,NFL Showdown $5 3-Player (PIT @ CLE),154084,Showdown Captain Mode,5.0,1,3,1,13.5,2026-10-02 00:15:00+00:00,Thu 8:15PM
196185168,NFL Showdown $5 3-Player (PIT @ CLE),154084,Showdown Captain Mode,5.0,1,3,1,13.5,2026-10-02 00:15:00+00:00,Thu 8:15PM
196224639,NFL Showdown $5 3-Player (Winner Takes All) (PIT @ CLE),154084,Showdown Captain Mode,5.0,1,3,1,13.5,2026-10-02 00:15:00+00:00,Thu 8:15PM
196185427,NFL Showdown $3 Double Up (PIT @ CLE),154084,Showdown Captain Mode,3.0,1,11,1,30.0,2026-10-02 00:15:00+00:00,Thu 8:15PM
196185428,NFL Showdown $3 Double Up (PIT @ CLE),154084,Showdown Captain Mode,3.0,1,11,1,30.0,2026-10-02 00:15:00+00:00,Thu 8:15PM
196185310,NFL Showdown $2 50-50 (PIT @ CLE),154084,Showdown Captain Mode,2.0,1,100,1,180.0,2026-10-02 00:15:00+00:00,Thu 8:15PM
196185341,NFL Showdown $2 50-50 (PIT @ CLE),154084,Showdown Captain Mode,2.0,2,50,1,90.0,2026-10-02 00:15:00+00:00,Thu 8:15PM
196185331,NFL Showdown $2 50-50 (PIT @ CLE),154084,Showdown Captain Mode,2.0,2,20,1,36.0,2026-10-02 00:15:00+00:00,Thu 8:15PM
196185163,NFL Showdown $2 50-50 (PIT @ CLE),154084,Showdown Captain Mode,2.0,2,20,1,36.0,2026-10-02 00:15:00+00:00,Thu 8:15PM
196185164,NFL Showdown $2 50-50 (PIT @ CLE),154084,Showdown Captain Mode,2.0,2,20,1,36.0,2026-10-02 00:15:00+00:00,Thu 8:15PM
196185165,NFL Showdown $2 50-50 (PIT @ CLE),154084,Showdown Captain Mode,2.0,2,20,1,36.0,2026-10-02 00:15:00+00:00,Thu 8:15PM
196185300,NFL Showdown $2 50-50 (PIT @ CLE),154084,Showdown Captain Mode,2.0,2,10,1,18.0,2026-10-02 00:15:00+00:00,Thu 8:15PM
196185301,NFL Showdown $2 50-50 (PIT @ CLE),154084,Showdown Captain Mode,2.0,2,10,1,18.0,2026-10-02 00:15:00+00:00,Thu 8:15PM
196185302,NFL Showdown $2 50-50 (PIT @ CLE),154084,Showdown Captain Mode,2.0,2,10,1,18.0,2026-10-02 00:15:00+00:00,Thu 8:15PM
196185432,NFL Showdown $2 100-Player (PIT @ CLE),154084,Showdown Captain Mode,2.0,2,100,1,180.0,2026-10-02 00:15:00+00:00,Thu 8:15PM
196185239,NFL Showdown $2 40-Player (PIT @ CLE),154084,Showdown Captain Mode,2.0,1,40,1,72.0,2026-10-02 00:15:00+00:00,Thu 8:15PM
196185240,NFL Showdown $2 40-Player (PIT @ CLE),154084,Showdown Captain Mode,2.0,1,40,1,72.0,2026-10-02 00:15:00+00:00,Thu 8:15PM
196185234,NFL Showdown $2 20-Player (PIT @ CLE),154084,Showdown Captain Mode,2.0,1,20,1,36.0,2026-10-02 00:15:00+00:00,Thu 8:15PM
196185235,NFL Showdown $2 20-Player (PIT @ CLE),154084,Showdown Captain Mode,2.0,1,20,1,36.0,2026-10-02 00:15:00+00:00,Thu 8:15PM
196185236,NFL Showdown $2 20-Player (PIT @ CLE),154084,Showdown Captain Mode,2.0,1,20,1,36.0,2026-10-02 00:15:00+00:00,Thu 8:15PM
196198865,NFL Showdown $2 20-Player (PIT @ CLE),154084,Showdown Captain Mode,2.0,1,20,1,36.0,2026-10-02 00:15:00+00:00,Thu 8:15PM
196198866,NFL Showdown $2 20-Player (PIT @ CLE),154084,Showdown Captain Mode,2.0,1,20,1,36.0,2026-10-02 00:15:00+00:00,Thu 8:15PM
196185140,NFL Showdown $2 10-Player (PIT @ CLE),154084,Showdown Captain Mode,2.0,1,10,1,18.0,2026-10-02 00:15:00+00:00,Thu 8:15PM
196185141,NFL Showdown $2 10-Player (PIT @ CLE),154084,Showdown Captain Mode,2.0,1,10,1,18.0,2026-10-02 00:15:00+00:00,Thu 8:15PM
196185142,NFL Showdown $2 10-Player (PIT @ CLE),154084,Showdown Captain Mode,2.0,1,10,1,18.0,2026-10-02 00:15:00+00:00,Thu 8:15PM
196185137,NFL Showdown $2 5-Player (PIT @ CLE),154084,Showdown Captain Mode,2.0,1,5,1,9.0,2026-10-02 00:15:00+00:00,Thu 8:15PM
196185138,NFL Showdown $2 5-Player (PIT @ CLE),154084,Showdown Captain Mode,2.0,1,5,1,9.0,2026-10-02 00:15:00+00:00,Thu 8:15PM
196185139,NFL Showdown $2 5-Player (PIT @ CLE),154084,Showdown Captain Mode,2.0,1,5,1,9.0,2026-10-02 00:15:00+00:00,Thu 8:15PM
196198983,NFL Showdown $2 5-Player (PIT @ CLE),154084,Showdown Captain Mode,2.0,1,5,1,9.0,2026-10-02 00:15:00+00:00,Thu 8:15PM
196185185,NFL Showdown $2 3-Player (PIT @ CLE),154084,Showdown Captain Mode,2.0,1,3,1,5.4,2026-10-02 00:15:00+00:00,Thu 8:15PM
196194574,NFL Showdown $2 3-Player (PIT @ CLE),154084,Showdown Captain Mode,2.0,1,3,1,5.4,2026-10-02 00:15:00+00:00,Thu 8:15PM
196194678,NFL Showdown $2 3-Player (PIT @ CLE),154084,Showdown Captain Mode,2.0,1,3,1,5.4,2026-10-02 00:15:00+00:00,Thu 8:15PM
196198998,NFL Showdown $2 3-Player (PIT @ CLE),154084,Showdown Captain Mode,2.0,1,3,1,5.4,2026-10-02 00:15:00+00:00,Thu 8:15PM
196185308,NFL Showdown $1 50-50 (PIT @ CLE),154084,Showdown Captain Mode,1.0,2,100,1,90.0,2026-10-02 00:15:00+00:00,Thu 8:15PM
196195422,NFL Showdown $1 50-50 (PIT @ CLE),154084,Showdown Captain Mode,1.0,1,100,1,90.0,2026-10-02 00:15:00+00:00,Thu 8:15PM
196185340,NFL Showdown $1 50-50 (PIT @ CLE),154084,Showdown Captain Mode,1.0,3,50,1,45.0,2026-10-02 00:15:00+00:00,Thu 8:15PM
196195423,NFL Showdown $1 50-50 (PIT @ CLE),154084,Showdown Captain Mode,1.0,2,50,1,45.0,2026-10-02 00:15:00+00:00,Thu 8:15PM
196185174,NFL Showdown $1 50-50 (PIT @ CLE),154084,Showdown Captain Mode,1.0,3,20,1,18.0,2026-10-02 00:15:00+00:00,Thu 8:15PM
196185175,NFL Showdown $1 50-50 (PIT @ CLE),154084,Showdown Captain Mode,1.0,3,20,1,18.0,2026-10-02 00:15:00+00:00,Thu 8:15PM
196185176,NFL Showdown $1 50-50 (PIT @ CLE),154084,Showdown Captain Mode,1.0,3,20,1,18.0,2026-10-02 00:15:00+00:00,Thu 8:15PM
196195425,NFL Showdown $1 50-50 (PIT @ CLE),154084,Showdown Captain Mode,1.0,2,20,1,18.0,2026-10-02 00:15:00+00:00,Thu 8:15PM
196195426,NFL Showdown $1 50-50 (PIT @ CLE),154084,Showdown Captain Mode,1.0,2,20,1,18.0,2026-10-02 00:15:00+00:00,Thu 8:15PM
196195427,NFL Showdown $1 50-50 (PIT @ CLE),154084,Showdown Captain Mode,1.0,2,20,1,18.0,2026-10-02 00:15:00+00:00,Thu 8:15PM
196185297,NFL Showdown $1 50-50 (PIT @ CLE),154084,Showdown Captain Mode,1.0,3,10,1,9.0,2026-10-02 00:15:00+00:00,Thu 8:15PM
196185298,NFL Showdown $1 50-50 (PIT @ CLE),154084,Showdown Captain Mode,1.0,3,10,1,9.0,2026-10-02 00:15:00+00:00,Thu 8:15PM
196185299,NFL Showdown $1 50-50 (PIT @ CLE),154084,Showdown Captain Mode,1.0,2,10,1,9.0,2026-10-02 00:15:00+00:00,Thu 8:15PM
196185429,NFL Showdown $1 Double Up (PIT @ CLE),154084,Showdown Captain Mode,1.0,7,11,1,10.0,2026-10-02 00:15:00+00:00,Thu 8:15PM
196185430,NFL Showdown $1 Double Up (PIT @ CLE),154084,Showdown Captain Mode,1.0,2,11,1,10.0,2026-10-02 00:15:00+00:00,Thu 8:15PM
196187136,NFL Showdown $1 Double Up (PIT @ CLE),154084,Showdown Captain Mode,1.0,5,11,1,10.0,2026-10-02 00:15:00+00:00,Thu 8:15PM
196196345,NFL Showdown $1 Double Up (PIT @ CLE),154084,Showdown Captain Mode,1.0,2,11,1,10.0,2026-10-02 00:15:00+00:00,Thu 8:15PM
196185431,NFL Showdown $1 100-Player (PIT @ CLE),154084,Showdown Captain Mode,1.0,1,100,1,90.0,2026-10-02 00:15:00+00:00,Thu 8:15PM
196185237,NFL Showdown $1 40-Player (PIT @ CLE),154084,Showdown Captain Mode,1.0,1,40,1,36.0,2026-10-02 00:15:00+00:00,Thu 8:15PM
196185238,NFL Showdown $1 40-Player (PIT @ CLE),154084,Showdown Captain Mode,1.0,2,40,1,36.0,2026-10-02 00:15:00+00:00,Thu 8:15PM
196187157,NFL Showdown $1 40-Player (PIT @ CLE),154084,Showdown Captain Mode,1.0,1,40,1,36.0,2026-10-02 00:15:00+00:00,Thu 8:15PM
196214147,NFL Showdown $1 30-Player (Winner Takes All) (PIT @ CLE),154084,Showdown Captain Mode,1.0,4,30,1,27.0,2026-10-02 00:15:00+00:00,Thu 8:15PM
196185231,NFL Showdown $1 20-Player (PIT @ CLE),154084,Showdown Captain Mode,1.0,1,20,1,18.0,2026-10-02 00:15:00+00:00,Thu 8:15PM
196185232,NFL Showdown $1 20-Player (PIT @ CLE),154084,Showdown Captain Mode,1.0,1,20,1,18.0,2026-10-02 00:15:00+00:00,Thu 8:15PM
196185233,NFL Showdown $1 20-Player (PIT @ CLE),154084,Showdown Captain Mode,1.0,1,20,1,18.0,2026-10-02 00:15:00+00:00,Thu 8:15PM
196193578,NFL Showdown $1 20-Player (Winner Takes All) (PIT @ CLE),154084,Showdown Captain Mode,1.0,7,20,1,18.0,2026-10-02 00:15:00+00:00,Thu 8:15PM
196185199,NFL Showdown $1 10-Player (PIT @ CLE),154084,Showdown Captain Mode,1.0,2,10,1,9.0,2026-10-02 00:15:00+00:00,Thu 8:15PM
196185200,NFL Showdown $1 10-Player (PIT @ CLE),154084,Showdown Captain Mode,1.0,1,10,1,9.0,2026-10-02 00:15:00+00:00,Thu 8:15PM
196185201,NFL Showdown $1 10-Player (PIT @ CLE),154084,Showdown Captain Mode,1.0,2,10,1,9.0,2026-10-02 00:15:00+00:00,Thu 8:15PM
196185146,NFL Showdown $1 5-Player (PIT @ CLE),154084,Showdown Captain Mode,1.0,2,5,1,4.5,2026-10-02 00:15:00+00:00,Thu 8:15PM
196185147,NFL Showdown $1 5-Player (PIT @ CLE),154084,Showdown Captain Mode,1.0,3,5,1,4.5,2026-10-02 00:15:00+00:00,Thu 8:15PM
196185148,NFL Showdown $1 5-Player (PIT @ CLE),154084,Showdown Captain Mode,1.0,1,5,1,4.5,2026-10-02 00:15:00+00:00,Thu 8:15PM
196195414,NFL Showdown $1 5-Player (PIT @ CLE),154084,Showdown Captain Mode,1.0,1,5,1,4.5,2026-10-02 00:15:00+00:00,Thu 8:15PM
196195424,NFL Showdown $1 5-Player (PIT @ CLE),154084,Showdown Captain Mode,1.0,1,5,1,4.5,2026-10-02 00:15:00+00:00,Thu 8:15PM
196185183,NFL Showdown $1 3-Player (PIT @ CLE),154084,Showdown Captain Mode,1.0,1,3,1,2.7,2026-10-02 00:15:00+00:00,Thu 8:15PM
196185184,NFL Showdown $1 3-Player (PIT @ CLE),154084,Showdown Captain Mode,1.0,1,3,1,2.7,2026-10-02 00:15:00+00:00,Thu 8:15PM
196198995,NFL Showdown $1 3-Player (PIT @ CLE),154084,Showdown Captain Mode,1.0,1,3,1,2.7,2026-10-02 00:15:00+00:00,Thu 8:15PM
196200402,NFL Showdown $1 3-Player (PIT @ CLE),154084,Showdown Captain Mode,1.0,1,3,1,2.7,2026-10-02 00:15:00+00:00,Thu 8:15PM
196185418,Casual NFL Showdown $109 5-Player (PIT @ CLE),154084,Showdown Captain Mode,109.0,0,5,1,500.0,2026-10-02 00:15:00+00:00,Thu 8:15PM
196185417,Casual NFL Showdown $109 3-Player (PIT @ CLE),154084,Showdown Captain Mode,109.0,0,3,1,300.0,2026-10-02 00:15:00+00:00,Thu 8:15PM
196185357,Casual NFL Showdown $50 50-50 (PIT @ CLE),154084,Showdown Captain Mode,50.0,0,10,1,450.0,2026-10-02 00:15:00+00:00,Thu 8:15PM
196185358,Casual NFL Showdown $50 50-50 (PIT @ CLE),154084,Showdown Captain Mode,50.0,0,10,1,450.0,2026-10-02 00:15:00+00:00,Thu 8:15PM
196185359,Casual NFL Showdown $50 5-Player (PIT @ CLE),154084,Showdown Captain Mode,50.0,0,5,1,225.0,2026-10-02 00:15:00+00:00,Thu 8:15PM
196185381,Casual NFL Showdown $50 3-Player (PIT @ CLE),154084,Showdown Captain Mode,50.0,0,3,1,135.0,2026-10-02 00:15:00+00:00,Thu 8:15PM
196185382,Casual NFL Showdown $50 3-Player (PIT @ CLE),154084,Showdown Captain Mode,50.0,0,3,1,135.0,2026-10-02 00:15:00+00:00,Thu 8:15PM
196185355,Casual NFL Showdown $20 50-50 (PIT @ CLE),154084,Showdown Captain Mode,20.0,0,10,1,180.0,2026-10-02 00:15:00+00:00,Thu 8:15PM
196185356,Casual NFL Showdown $20 50-50 (PIT @ CLE),154084,Showdown Captain Mode,20.0,0,10,1,180.0,2026-10-02 00:15:00+00:00,Thu 8:15PM
196204756,Casual NFL Showdown $20 50-50 (PIT @ CLE),154084,Showdown Captain Mode,20.0,0,10,1,180.0,2026-10-02 00:15:00+00:00,Thu 8:15PM
196185351,Casual NFL Showdown $20 5-Player (PIT @ CLE),154084,Showdown Captain Mode,20.0,0,5,1,90.0,2026-10-02 00:15:00+00:00,Thu 8:15PM
196185352,Casual NFL Showdown $20 5-Player (PIT @ CLE),154084,Showdown Captain Mode,20.0,0,5,1,90.0,2026-10-02 00:15:00+00:00,Thu 8:15PM
196185353,Casual NFL Showdown $20 5-Player (PIT @ CLE),154084,Showdown Captain Mode,20.0,0,5,1,90.0,2026-10-02 00:15:00+00:00,Thu 8:15PM
196185384,Casual NFL Showdown $20 3-Player (PIT @ CLE),154084,Showdown Captain Mode,20.0,0,3,1,54.0,2026-10-02 00:15:00+00:00,Thu 8:15PM
196185386,Casual NFL Showdown $20 3-Player (PIT @ CLE),154084,Showdown Captain Mode,20.0,0,3,1,54.0,2026-10-02 00:15:00+00:00,Thu 8:15PM
196185387,Casual NFL Showdown $20 3-Player (PIT @ CLE),154084,Showdown Captain Mode,20.0,0,3,1,54.0,2026-10-02 00:15:00+00:00,Thu 8:15PM
196185360,Casual NFL Showdown $10 50-50 (PIT @ CLE),154084,Showdown Captain Mode,10.0,0,10,1,90.0,2026-10-02 00:15:00+00:00,Thu 8:15PM
196185361,Casual NFL Showdown $10 50-50 (PIT @ CLE),154084,Showdown Captain Mode,10.0,0,10,1,90.0,2026-10-02 00:15:00+00:00,Thu 8:15PM
196185362,Casual NFL Showdown $10 50-50 (PIT @ CLE),154084,Showdown Captain Mode,10.0,0,10,1,90.0,2026-10-02 00:15:00+00:00,Thu 8:15PM
196185391,Casual NFL Showdown $10 5-Player (PIT @ CLE),154084,Showdown Captain Mode,10.0,0,5,1,45.0,2026-10-02 00:15:00+00:00,Thu 8:15PM
196185393,Casual NFL Showdown $10 5-Player (PIT @ CLE),154084,Showdown Captain Mode,10.0,0,5,1,45.0,2026-10-02 00:15:00+00:00,Thu 8:15PM
196185395,Casual NFL Showdown $10 5-Player (PIT @ CLE),154084,Showdown Captain Mode,10.0,0,5,1,45.0,2026-10-02 00:15:00+00:00,Thu 8:15PM
196185396,Casual NFL Showdown $10 3-Player (PIT @ CLE),154084,Showdown Captain Mode,10.0,0,3,1,27.0,2026-10-02 00:15:00+00:00,Thu 8:15PM
196185397,Casual NFL Showdown $10 3-Player (PIT @ CLE),154084,Showdown Captain Mode,10.0,0,3,1,27.0,2026-10-02 00:15:00+00:00,Thu 8:15PM
196185398,Casual NFL Showdown $10 3-Player (PIT @ CLE),154084,Showdown Captain Mode,10.0,0,3,1,27.0,2026-10-02 00:15:00+00:00,Thu 8:15PM
196185363,Casual NFL Showdown $5 50-50 (PIT @ CLE),154084,Showdown Captain Mode,5.0,0,10,1,45.0,2026-10-02 00:15:00+00:00,Thu 8:15PM
196185367,Casual NFL Showdown $5 50-50 (PIT @ CLE),154084,Showdown Captain Mode,5.0,0,10,1,45.0,2026-10-02 00:15:00+00:00,Thu 8:15PM
196187217,Casual NFL Showdown $5 50-50 (PIT @ CLE),154084,Showdown Captain Mode,5.0,0,10,1,45.0,2026-10-02 00:15:00+00:00,Thu 8:15PM
196185399,Casual NFL Showdown $5 5-Player (PIT @ CLE),154084,Showdown Captain Mode,5.0,0,5,1,22.5,2026-10-02 00:15:00+00:00,Thu 8:15PM
196185400,Casual NFL Showdown $5 5-Player (PIT @ CLE),154084,Showdown Captain Mode,5.0,0,5,1,22.5,2026-10-02 00:15:00+00:00,Thu 8:15PM
196185401,Casual NFL Showdown $5 5-Player (PIT @ CLE),154084,Showdown Captain Mode,5.0,0,5,1,22.5,2026-10-02 00:15:00+00:00,Thu 8:15PM
196185402,Casual NFL Showdown $5 3-Player (PIT @ CLE),154084,Showdown Captain Mode,5.0,0,3,1,13.5,2026-10-02 00:15:00+00:00,Thu 8:15PM
196185403,Casual NFL Showdown $5 3-Player (PIT @ CLE),154084,Showdown Captain Mode,5.0,0,3,1,13.5,2026-10-02 00:15:00+00:00,Thu 8:15PM
196185404,Casual NFL Showdown $5 3-Player (PIT @ CLE),154084,Showdown Captain Mode,5.0,0,3,1,13.5,2026-10-02 00:15:00+00:00,Thu 8:15PM
196185369,Casual NFL Showdown $3 50-50 (PIT @ CLE),154084,Showdown Captain Mode,3.0,0,10,1,27.0,2026-10-02 00:15:00+00:00,Thu 8:15PM
196185370,Casual NFL Showdown $3 50-50 (PIT @ CLE),154084,Showdown Captain Mode,3.0,0,10,1,27.0,2026-10-02 00:15:00+00:00,Thu 8:15PM
196185372,Casual NFL Showdown $3 50-50 (PIT @ CLE),154084,Showdown Captain Mode,3.0,0,10,1,27.0,2026-10-02 00:15:00+00:00,Thu 8:15PM
196185405,Casual NFL Showdown $2 5-Player (PIT @ CLE),154084,Showdown Captain Mode,2.0,0,5,1,9.0,2026-10-02 00:15:00+00:00,Thu 8:15PM
196185406,Casual NFL Showdown $2 5-Player (PIT @ CLE),154084,Showdown Captain Mode,2.0,0,5,1,9.0,2026-10-02 00:15:00+00:00,Thu 8:15PM
196195392,Casual NFL Showdown $2 5-Player (PIT @ CLE),154084,Showdown Captain Mode,2.0,0,5,1,9.0,2026-10-02 00:15:00+00:00,Thu 8:15PM
196185408,Casual NFL Showdown $2 3-Player (PIT @ CLE),154084,Showdown Captain Mode,2.0,0,3,1,5.4,2026-10-02 00:15:00+00:00,Thu 8:15PM
196185409,Casual NFL Showdown $2 3-Player (PIT @ CLE),154084,Showdown Captain Mode,2.0,0,3,1,5.4,2026-10-02 00:15:00+00:00,Thu 8:15PM
196185410,Casual NFL Showdown $2 3-Player (PIT @ CLE),154084,Showdown Captain Mode,2.0,0,3,1,5.4,2026-10-02 00:15:00+00:00,Thu 8:15PM
196185376,Casual NFL Showdown $1 50-50 (PIT @ CLE),154084,Showdown Captain Mode,1.0,0,10,1,9.0,2026-10-02 00:15:00+00:00,Thu 8:15PM
196185378,Casual NFL Showdown $1 50-50 (PIT @ CLE),154084,Showdown Captain Mode,1.0,0,10,1,9.0,2026-10-02 00:15:00+00:00,Thu 8:15PM
196195436,Casual NFL Showdown $1 50-50 (PIT @ CLE),154084,Showdown Captain Mode,1.0,0,10,1,9.0,2026-10-02 00:15:00+00:00,Thu 8:15PM
196185411,Casual NFL Showdown $1 5-Player (PIT @ CLE),154084,Showdown Captain Mode,1.0,0,5,1,4.5,2026-10-02 00:15:00+00:00,Thu 8:15PM
196185412,Casual NFL Showdown $1 5-Player (PIT @ CLE),154084,Showdown Captain Mode,1.0,0,5,1,4.5,2026-10-02 00:15:00+00:00,Thu 8:15PM
196185413,Casual NFL Showdown $1 5-Player (PIT @ CLE),154084,Showdown Captain Mode,1.0,0,5,1,4.5,2026-10-02 00:15:00+00:00,Thu 8:15PM
196185414,Casual NFL Showdown $1 3-Player (PIT @ CLE),154084,Showdown Captain Mode,1.0,0,3,1,2.7,2026-10-02 00:15:00+00:00,Thu 8:15PM
196185415,Casual NFL Showdown $1 3-Player (PIT @ CLE),154084,Showdown Captain Mode,1.0,0,3,1,2.7,2026-10-02 00:15:00+00:00,Thu 8:15PM
196185416,Casual NFL Showdown $1 3-Player (PIT @ CLE),154084,Showdown Captain Mode,1.0,0,3,1,2.7,2026-10-02 00:15:00+00:00,Thu 8:15PM
196185336,Beginner NFL Showdown $109 5-Player (PIT @ CLE),154084,Showdown Captain Mode,109.0,0,5,1,500.0,2026-10-02 00:15:00+00:00,Thu 8:15PM
196185335,Beginner NFL Showdown $109 3-Player (PIT @ CLE),154084,Showdown Captain Mode,109.0,0,3,1,300.0,2026-10-02 00:15:00+00:00,Thu 8:15PM
196185303,Beginner NFL Showdown $50 50-50 (PIT @ CLE),154084,Showdown Captain Mode,50.0,0,10,1,450.0,2026-10-02 00:15:00+00:00,Thu 8:15PM
196185304,Beginner NFL Showdown $50 50-50 (PIT @ CLE),154084,Showdown Captain Mode,50.0,0,10,1,450.0,2026-10-02 00:15:00+00:00,Thu 8:15PM
196185307,Beginner NFL Showdown $50 5-Player (PIT @ CLE),154084,Showdown Captain Mode,50.0,0,5,1,225.0,2026-10-02 00:15:00+00:00,Thu 8:15PM
196185305,Beginner NFL Showdown $50 3-Player (PIT @ CLE),154084,Showdown Captain Mode,50.0,0,3,1,135.0,2026-10-02 00:15:00+00:00,Thu 8:15PM
196185306,Beginner NFL Showdown $50 3-Player (PIT @ CLE),154084,Showdown Captain Mode,50.0,0,3,1,135.0,2026-10-02 00:15:00+00:00,Thu 8:15PM
196185288,Beginner NFL Showdown $20 50-50 (PIT @ CLE),154084,Showdown Captain Mode,20.0,0,10,1,180.0,2026-10-02 00:15:00+00:00,Thu 8:15PM
196185289,Beginner NFL Showdown $20 50-50 (PIT @ CLE),154084,Showdown Captain Mode,20.0,0,10,1,180.0,2026-10-02 00:15:00+00:00,Thu 8:15PM
196205511,Beginner NFL Showdown $20 50-50 (PIT @ CLE),154084,Showdown Captain Mode,20.0,0,10,1,180.0,2026-10-02 00:15:00+00:00,Thu 8:15PM
196185272,Beginner NFL Showdown $20 5-Player (PIT @ CLE),154084,Showdown Captain Mode,20.0,0,5,1,90.0,2026-10-02 00:15:00+00:00,Thu 8:15PM
196185273,Beginner NFL Showdown $20 5-Player (PIT @ CLE),154084,Showdown Captain Mode,20.0,0,5,1,90.0,2026-10-02 00:15:00+00:00,Thu 8:15PM
196185274,Beginner NFL Showdown $20 5-Player (PIT @ CLE),154084,Showdown Captain Mode,20.0,0,5,1,90.0,2026-10-02 00:15:00+00:00,Thu 8:15PM
196185254,Beginner NFL Showdown $20 3-Player (PIT @ CLE),154084,Showdown Captain Mode,20.0,0,3,1,54.0,2026-10-02 00:15:00+00:00,Thu 8:15PM
196185255,Beginner NFL Showdown $20 3-Player (PIT @ CLE),154084,Showdown Captain Mode,20.0,0,3,1,54.0,2026-10-02 00:15:00+00:00,Thu 8:15PM
196185256,Beginner NFL Showdown $20 3-Player (PIT @ CLE),154084,Showdown Captain Mode,20.0,0,3,1,54.0,2026-10-02 00:15:00+00:00,Thu 8:15PM
196185284,Beginner NFL Showdown $10 50-50 (PIT @ CLE),154084,Showdown Captain Mode,10.0,0,10,1,90.0,2026-10-02 00:15:00+00:00,Thu 8:15PM
196185285,Beginner NFL Showdown $10 50-50 (PIT @ CLE),154084,Showdown Captain Mode,10.0,0,10,1,90.0,2026-10-02 00:15:00+00:00,Thu 8:15PM
196185286,Beginner NFL Showdown $10 50-50 (PIT @ CLE),154084,Showdown Captain Mode,10.0,0,10,1,90.0,2026-10-02 00:15:00+00:00,Thu 8:15PM
196185269,Beginner NFL Showdown $10 5-Player (PIT @ CLE),154084,Showdown Captain Mode,10.0,0,5,1,45.0,2026-10-02 00:15:00+00:00,Thu 8:15PM
196185270,Beginner NFL Showdown $10 5-Player (PIT @ CLE),154084,Showdown Captain Mode,10.0,0,5,1,45.0,2026-10-02 00:15:00+00:00,Thu 8:15PM
196185271,Beginner NFL Showdown $10 5-Player (PIT @ CLE),154084,Showdown Captain Mode,10.0,0,5,1,45.0,2026-10-02 00:15:00+00:00,Thu 8:15PM
196185251,Beginner NFL Showdown $10 3-Player (PIT @ CLE),154084,Showdown Captain Mode,10.0,0,3,1,27.0,2026-10-02 00:15:00+00:00,Thu 8:15PM
196185252,Beginner NFL Showdown $10 3-Player (PIT @ CLE),154084,Showdown Captain Mode,10.0,0,3,1,27.0,2026-10-02 00:15:00+00:00,Thu 8:15PM
196185253,Beginner NFL Showdown $10 3-Player (PIT @ CLE),154084,Showdown Captain Mode,10.0,0,3,1,27.0,2026-10-02 00:15:00+00:00,Thu 8:15PM
196185281,Beginner NFL Showdown $5 50-50 (PIT @ CLE),154084,Showdown Captain Mode,5.0,0,10,1,45.0,2026-10-02 00:15:00+00:00,Thu 8:15PM
196185282,Beginner NFL Showdown $5 50-50 (PIT @ CLE),154084,Showdown Captain Mode,5.0,0,10,1,45.0,2026-10-02 00:15:00+00:00,Thu 8:15PM
196185283,Beginner NFL Showdown $5 50-50 (PIT @ CLE),154084,Showdown Captain Mode,5.0,0,10,1,45.0,2026-10-02 00:15:00+00:00,Thu 8:15PM
196185266,Beginner NFL Showdown $5 5-Player (PIT @ CLE),154084,Showdown Captain Mode,5.0,0,5,1,22.5,2026-10-02 00:15:00+00:00,Thu 8:15PM
196185267,Beginner NFL Showdown $5 5-Player (PIT @ CLE),154084,Showdown Captain Mode,5.0,0,5,1,22.5,2026-10-02 00:15:00+00:00,Thu 8:15PM
196185268,Beginner NFL Showdown $5 5-Player (PIT @ CLE),154084,Showdown Captain Mode,5.0,0,5,1,22.5,2026-10-02 00:15:00+00:00,Thu 8:15PM
196185245,Beginner NFL Showdown $5 3-Player (PIT @ CLE),154084,Showdown Captain Mode,5.0,0,3,1,13.5,2026-10-02 00:15:00+00:00,Thu 8:15PM
196185246,Beginner NFL Showdown $5 3-Player (PIT @ CLE),154084,Showdown Captain Mode,5.0,0,3,1,13.5,2026-10-02 00:15:00+00:00,Thu 8:15PM
196185247,Beginner NFL Showdown $5 3-Player (PIT @ CLE),154084,Showdown Captain Mode,5.0,0,3,1,13.5,2026-10-02 00:15:00+00:00,Thu 8:15PM
196185278,Beginner NFL Showdown $3 50-50 (PIT @ CLE),154084,Showdown Captain Mode,3.0,0,10,1,27.0,2026-10-02 00:15:00+00:00,Thu 8:15PM
196185279,Beginner NFL Showdown $3 50-50 (PIT @ CLE),154084,Showdown Captain Mode,3.0,0,10,1,27.0,2026-10-02 00:15:00+00:00,Thu 8:15PM
196185280,Beginner NFL Showdown $3 50-50 (PIT @ CLE),154084,Showdown Captain Mode,3.0,0,10,1,27.0,2026-10-02 00:15:00+00:00,Thu 8:15PM
196185263,Beginner NFL Showdown $2 5-Player (PIT @ CLE),154084,Showdown Captain Mode,2.0,0,5,1,9.0,2026-10-02 00:15:00+00:00,Thu 8:15PM
196185264,Beginner NFL Showdown $2 5-Player (PIT @ CLE),154084,Showdown Captain Mode,2.0,0,5,1,9.0,2026-10-02 00:15:00+00:00,Thu 8:15PM
196185265,Beginner NFL Showdown $2 5-Player (PIT @ CLE),154084,Showdown Captain Mode,2.0,0,5,1,9.0,2026-10-02 00:15:00+00:00,Thu 8:15PM
196185257,Beginner NFL Showdown $2 3-Player (PIT @ CLE),154084,Showdown Captain Mode,2.0,0,3,1,5.4,2026-10-02 00:15:00+00:00,Thu 8:15PM
196185258,Beginner NFL Showdown $2 3-Player (PIT @ CLE),154084,Showdown Captain Mode,2.0,0,3,1,5.4,2026-10-02 00:15:00+00:00,Thu 8:15PM
196185259,Beginner NFL Showdown $2 3-Player (PIT @ CLE),154084,Showdown Captain Mode,2.0,0,3,1,5.4,2026-10-02 00:15:00+00:00,Thu 8:15PM
196185276,Beginner NFL Showdown $1 50-50 (PIT @ CLE),154084,Showdown Captain Mode,1.0,0,10,1,9.0,2026-10-02 00:15:00+00:00,Thu 8:15PM
196185277,Beginner NFL Showdown $1 50-50 (PIT @ CLE),154084,Showdown Captain Mode,1.0,0,10,1,9.0,2026-10-02 00:15:00+00:00,Thu 8:15PM
196199653,Beginner NFL Showdown $1 50-50 (PIT @ CLE),154084,Showdown Captain Mode,1.0,0,10,1,9.0,2026-10-02 00:15:00+00:00,Thu 8:15PM
196185260,Beginner NFL Showdown $1 5-Player (PIT @ CLE),154084,Showdown Captain Mode,1.0,0,5,1,4.5,2026-10-02 00:15:00+00:00,Thu 8:15PM
196185261,Beginner NFL Showdown $1 5-Player (PIT @ CLE),154084,Showdown Captain Mode,1.0,0,5,1,4.5,2026-10-02 00:15:00+00:00,Thu 8:15PM
196185262,Beginner NFL Showdown $1 5-Player (PIT @ CLE),154084,Showdown Captain Mode,1.0,0,5,1,4.5,2026-10-02 00:15:00+00:00,Thu 8:15PM
196185248,Beginner NFL Showdown $1 3-Player (PIT @ CLE),154084,Showdown Captain Mode,1.0,0,3,1,2.7,2026-10-02 00:15:00+00:00,Thu 8:15PM
196185249,Beginner NFL Showdown $1 3-Player (PIT @ CLE),154084,Showdown Captain Mode,1.0,0,3,1,2.7,2026-10-02 00:15:00+00:00,Thu 8:15PM
196185250,Beginner NFL Showdown $1 3-Player (PIT @ CLE),154084,Showdown Captain Mode,1.0,0,3,1,2.7,2026-10-02 00:15:00+00:00,Thu 8:15PM
196214422,"NFL Showdown $10,600 3-Player (PIT @ CLE)",154084,Showdown Captain Mode,10600.0,0,3,1,30000.0,2026-10-02 00:15:00+00:00,Thu 8:15PM
196214423,"NFL Showdown $10,600 3-Player (PIT @ CLE)",154084,Showdown Captain Mode,10600.0,0,3,1,30000.0,2026-10-02 00:15:00+00:00,Thu 8:15PM
196185316,"NFL Showdown $5,300 50-50 (PIT @ CLE)",154084,Showdown Captain Mode,5300.0,0,4,1,20000.0,2026-10-02 00:15:00+00:00,Thu 8:15PM
196211541,"NFL Showdown $5,300 50-50 (PIT @ CLE)",154084,Showdown Captain Mode,5300.0,0,4,1,20000.0,2026-10-02 00:15:00+00:00,Thu 8:15PM
196214424,"NFL Showdown $5,300 3-Player (PIT @ CLE)",154084,Showdown Captain Mode,5300.0,0,3,1,15000.0,2026-10-02 00:15:00+00:00,Thu 8:15PM
196214425,"NFL Showdown $5,300 3-Player (PIT @ CLE)",154084,Showdown Captain Mode,5300.0,0,3,1,15000.0,2026-10-02 00:15:00+00:00,Thu 8:15PM
196185350,"NFL Showdown $2,120 50-50 (PIT @ CLE)",154084,Showdown Captain Mode,2120.0,0,4,1,8000.0,2026-10-02 00:15:00+00:00,Thu 8:15PM
196211563,"NFL Showdown $2,120 50-50 (PIT @ CLE)",154084,Showdown Captain Mode,2120.0,0,4,1,8000.0,2026-10-02 00:15:00+00:00,Thu 8:15PM
196185347,"NFL Showdown $2,120 5-Player (PIT @ CLE)",154084,Showdown Captain Mode,2120.0,0,5,1,10000.0,2026-10-02 00:15:00+00:00,Thu 8:15PM
196185348,"NFL Showdown $2,120 5-Player (PIT @ CLE)",154084,Showdown Captain Mode,2120.0,0,5,1,10000.0,2026-10-02 00:15:00+00:00,Thu 8:15PM
196214435,"NFL Showdown $2,120 3-Player (PIT @ CLE)",154084,Showdown Captain Mode,2120.0,0,3,1,6000.0,2026-10-02 00:15:00+00:00,Thu 8:15PM
196214436,"NFL Showdown $2,120 3-Player (PIT @ CLE)",154084,Showdown Captain Mode,2120.0,0,3,1,6000.0,2026-10-02 00:15:00+00:00,Thu 8:15PM
196185317,"NFL Showdown $1,060 50-50 (PIT @ CLE)",154084,Showdown Captain Mode,1060.0,0,4,1,4000.0,2026-10-02 00:15:00+00:00,Thu 8:15PM
196216621,"NFL Showdown $1,060 50-50 (PIT @ CLE)",154084,Showdown Captain Mode,1060.0,0,4,1,4000.0,2026-10-02 00:15:00+00:00,Thu 8:15PM
196185202,"NFL Showdown $1,060 5-Player (PIT @ CLE)",154084,Showdown Captain Mode,1060.0,0,5,1,5000.0,2026-10-02 00:15:00+00:00,Thu 8:15PM
196185203,"NFL Showdown $1,060 5-Player (PIT @ CLE)",154084,Showdown Captain Mode,1060.0,0,5,1,5000.0,2026-10-02 00:15:00+00:00,Thu 8:15PM
196214426,"NFL Showdown $1,060 3-Player (PIT @ CLE)",154084,Showdown Captain Mode,1060.0,0,3,1,3000.0,2026-10-02 00:15:00+00:00,Thu 8:15PM
196214427,"NFL Showdown $1,060 3-Player (PIT @ CLE)",154084,Showdown Captain Mode,1060.0,0,3,1,3000.0,2026-10-02 00:15:00+00:00,Thu 8:15PM
196216622,NFL Showdown $530 50-50 (PIT @ CLE),154084,Showdown Captain Mode,530.0,0,4,1,2000.0,2026-10-02 00:15:00+00:00,Thu 8:15PM
196216623,NFL Showdown $530 50-50 (PIT @ CLE),154084,Showdown Captain Mode,530.0,0,4,1,2000.0,2026-10-02 00:15:00+00:00,Thu 8:15PM
196216628,NFL Showdown $530 50-50 (PIT @ CLE),154084,Showdown Captain Mode,530.0,0,8,1,4000.0,2026-10-02 00:15:00+00:00,Thu 8:15PM
196185229,NFL Showdown $530 5-Player (PIT @ CLE),154084,Showdown Captain Mode,530.0,0,5,1,2500.0,2026-10-02 00:15:00+00:00,Thu 8:15PM
196185230,NFL Showdown $530 5-Player (PIT @ CLE),154084,Showdown Captain Mode,530.0,0,5,1,2500.0,2026-10-02 00:15:00+00:00,Thu 8:15PM
196214428,NFL Showdown $530 3-Player (PIT @ CLE),154084,Showdown Captain Mode,530.0,0,3,1,1500.0,2026-10-02 00:15:00+00:00,Thu 8:15PM
196214429,NFL Showdown $530 3-Player (PIT @ CLE),154084,Showdown Captain Mode,530.0,0,3,1,1500.0,2026-10-02 00:15:00+00:00,Thu 8:15PM
196216627,NFL Showdown $270 50-50 (PIT @ CLE),154084,Showdown Captain Mode,270.0,0,8,1,2000.0,2026-10-02 00:15:00+00:00,Thu 8:15PM
196216640,NFL Showdown $270 50-50 (PIT @ CLE),154084,Showdown Captain Mode,270.0,0,4,1,1000.0,2026-10-02 00:15:00+00:00,Thu 8:15PM
196216641,NFL Showdown $270 50-50 (PIT @ CLE),154084,Showdown Captain Mode,270.0,0,4,1,1000.0,2026-10-02 00:15:00+00:00,Thu 8:15PM
196185290,NFL Showdown $270 10-Player (PIT @ CLE),154084,Showdown Captain Mode,270.0,0,10,1,2500.0,2026-10-02 00:15:00+00:00,Thu 8:15PM
196214430,NFL Showdown $270 3-Player (PIT @ CLE),154084,Showdown Captain Mode,270.0,0,3,1,750.0,2026-10-02 00:15:00+00:00,Thu 8:15PM
196214431,NFL Showdown $270 3-Player (PIT @ CLE),154084,Showdown Captain Mode,270.0,0,3,1,750.0,2026-10-02 00:15:00+00:00,Thu 8:15PM
196185227,NFL Showdown $270 5-Player (PIT @ CLE),154084,Showdown Captain Mode,270.0,0,5,1,1250.0,2026-10-02 00:15:00+00:00,Thu 8:15PM
196185228,NFL Showdown $270 5-Player (PIT @ CLE),154084,Showdown Captain Mode,270.0,0,5,1,1250.0,2026-10-02 00:15:00+00:00,Thu 8:15PM
196216626,NFL Showdown $162 50-50 (PIT @ CLE),154084,Showdown Captain Mode,162.0,0,8,1,1200.0,2026-10-02 00:15:00+00:00,Thu 8:15PM
196216606,NFL Showdown $162 50-50 (PIT @ CLE),154084,Showdown Captain Mode,162.0,0,4,1,600.0,2026-10-02 00:15:00+00:00,Thu 8:15PM
196216607,NFL Showdown $162 50-50 (PIT @ CLE),154084,Showdown Captain Mode,162.0,0,4,1,600.0,2026-10-02 00:15:00+00:00,Thu 8:15PM
196185225,NFL Showdown $162 5-Player (PIT @ CLE),154084,Showdown Captain Mode,162.0,0,5,1,750.0,2026-10-02 00:15:00+00:00,Thu 8:15PM
196185226,NFL Showdown $162 5-Player (PIT @ CLE),154084,Showdown Captain Mode,162.0,0,5,1,750.0,2026-10-02 00:15:00+00:00,Thu 8:15PM
196214419,NFL Showdown $162 3-Player (PIT @ CLE),154084,Showdown Captain Mode,162.0,0,3,1,450.0,2026-10-02 00:15:00+00:00,Thu 8:15PM
196214420,NFL Showdown $162 3-Player (PIT @ CLE),154084,Showdown Captain Mode,162.0,0,3,1,450.0,2026-10-02 00:15:00+00:00,Thu 8:15PM
196214421,NFL Showdown $162 3-Player (PIT @ CLE),154084,Showdown Captain Mode,162.0,0,3,1,450.0,2026-10-02 00:15:00+00:00,Thu 8:15PM
196216619,NFL Showdown $109 50-50 (PIT @ CLE),154084,Showdown Captain Mode,109.0,0,20,1,2000.0,2026-10-02 00:15:00+00:00,Thu 8:15PM
196216610,NFL Showdown $109 50-50 (PIT @ CLE),154084,Showdown Captain Mode,109.0,0,10,1,1000.0,2026-10-02 00:15:00+00:00,Thu 8:15PM
196216624,NFL Showdown $109 50-50 (PIT @ CLE),154084,Showdown Captain Mode,109.0,0,4,1,400.0,2026-10-02 00:15:00+00:00,Thu 8:15PM
196216625,NFL Showdown $109 50-50 (PIT @ CLE),154084,Showdown Captain Mode,109.0,0,4,1,400.0,2026-10-02 00:15:00+00:00,Thu 8:15PM
196185329,NFL Showdown $109 5-Player (PIT @ CLE),154084,Showdown Captain Mode,109.0,0,5,1,500.0,2026-10-02 00:15:00+00:00,Thu 8:15PM
196185330,NFL Showdown $109 5-Player (PIT @ CLE),154084,Showdown Captain Mode,109.0,0,5,1,500.0,2026-10-02 00:15:00+00:00,Thu 8:15PM
196214432,NFL Showdown $109 3-Player (PIT @ CLE),154084,Showdown Captain Mode,109.0,0,3,1,300.0,2026-10-02 00:15:00+00:00,Thu 8:15PM
196214433,NFL Showdown $109 3-Player (PIT @ CLE),154084,Showdown Captain Mode,109.0,0,3,1,300.0,2026-10-02 00:15:00+00:00,Thu 8:15PM
196214434,NFL Showdown $109 3-Player (PIT @ CLE),154084,Showdown Captain Mode,109.0,0,3,1,300.0,2026-10-02 00:15:00+00:00,Thu 8:15PM
196216618,NFL Showdown $50 50-50 (PIT @ CLE),154084,Showdown Captain Mode,50.0,0,20,1,900.0,2026-10-02 00:15:00+00:00,Thu 8:15PM
196216608,NFL Showdown $50 50-50 (PIT @ CLE),154084,Showdown Captain Mode,50.0,0,10,1,450.0,2026-10-02 00:15:00+00:00,Thu 8:15PM
196216609,NFL Showdown $50 50-50 (PIT @ CLE),154084,Showdown Captain Mode,50.0,0,10,1,450.0,2026-10-02 00:15:00+00:00,Thu 8:15PM
196216601,NFL Showdown $50 50-50 (PIT @ CLE),154084,Showdown Captain Mode,50.0,0,4,1,180.0,2026-10-02 00:15:00+00:00,Thu 8:15PM
196216602,NFL Showdown $50 50-50 (PIT @ CLE),154084,Showdown Captain Mode,50.0,0,4,1,180.0,2026-10-02 00:15:00+00:00,Thu 8:15PM
196216603,NFL Showdown $50 50-50 (PIT @ CLE),154084,Showdown Captain Mode,50.0,0,4,1,180.0,2026-10-02 00:15:00+00:00,Thu 8:15PM
196216637,NFL Showdown $50 Double Up (PIT @ CLE),154084,Showdown Captain Mode,50.0,0,22,1,1000.0,2026-10-02 00:15:00+00:00,Thu 8:15PM
196216636,NFL Showdown $50 Double Up (PIT @ CLE),154084,Showdown Captain Mode,50.0,0,11,1,500.0,2026-10-02 00:15:00+00:00,Thu 8:15PM
196185293,NFL Showdown $50 20-Player (PIT @ CLE),154084,Showdown Captain Mode,50.0,0,20,1,900.0,2026-10-02 00:15:00+00:00,Thu 8:15PM
196185204,NFL Showdown $50 10-Player (PIT @ CLE),154084,Showdown Captain Mode,50.0,0,10,1,450.0,2026-10-02 00:15:00+00:00,Thu 8:15PM
196185205,NFL Showdown $50 10-Player (PIT @ CLE),154084,Showdown Captain Mode,50.0,0,10,1,450.0,2026-10-02 00:15:00+00:00,Thu 8:15PM
196185180,NFL Showdown $50 5-Player (PIT @ CLE),154084,Showdown Captain Mode,50.0,0,5,1,225.0,2026-10-02 00:15:00+00:00,Thu 8:15PM
196185181,NFL Showdown $50 5-Player (PIT @ CLE),154084,Showdown Captain Mode,50.0,0,5,1,225.0,2026-10-02 00:15:00+00:00,Thu 8:15PM
196214407,NFL Showdown $50 3-Player (PIT @ CLE),154084,Showdown Captain Mode,50.0,0,3,1,135.0,2026-10-02 00:15:00+00:00,Thu 8:15PM
196214408,NFL Showdown $50 3-Player (PIT @ CLE),154084,Showdown Captain Mode,50.0,0,3,1,135.0,2026-10-02 00:15:00+00:00,Thu 8:15PM
196214409,NFL Showdown $50 3-Player (PIT @ CLE),154084,Showdown Captain Mode,50.0,0,3,1,135.0,2026-10-02 00:15:00+00:00,Thu 8:15PM
196216635,NFL Showdown $25 Double Up (PIT @ CLE),154084,Showdown Captain Mode,25.0,0,22,1,500.0,2026-10-02 00:15:00+00:00,Thu 8:15PM
196216634,NFL Showdown $25 Double Up (PIT @ CLE),154084,Showdown Captain Mode,25.0,0,11,1,250.0,2026-10-02 00:15:00+00:00,Thu 8:15PM
196216631,NFL Showdown $20 50-50 (PIT @ CLE),154084,Showdown Captain Mode,20.0,0,50,1,900.0,2026-10-02 00:15:00+00:00,Thu 8:15PM
196216616,NFL Showdown $20 50-50 (PIT @ CLE),154084,Showdown Captain Mode,20.0,0,20,1,360.0,2026-10-02 00:15:00+00:00,Thu 8:15PM
196216617,NFL Showdown $20 50-50 (PIT @ CLE),154084,Showdown Captain Mode,20.0,0,20,1,360.0,2026-10-02 00:15:00+00:00,Thu 8:15PM
196216599,NFL Showdown $20 50-50 (PIT @ CLE),154084,Showdown Captain Mode,20.0,0,10,1,180.0,2026-10-02 00:15:00+00:00,Thu 8:15PM
196216600,NFL Showdown $20 50-50 (PIT @ CLE),154084,Showdown Captain Mode,20.0,0,10,1,180.0,2026-10-02 00:15:00+00:00,Thu 8:15PM
196212848,NFL Showdown $20 100-Player (PIT @ CLE),154084,Showdown Captain Mode,20.0,0,100,1,1800.0,2026-10-02 00:15:00+00:00,Thu 8:15PM
196185296,NFL Showdown $20 40-Player (PIT @ CLE),154084,Showdown Captain Mode,20.0,0,40,1,720.0,2026-10-02 00:15:00+00:00,Thu 8:15PM
196185291,NFL Showdown $20 20-Player (PIT @ CLE),154084,Showdown Captain Mode,20.0,0,20,1,360.0,2026-10-02 00:15:00+00:00,Thu 8:15PM
196185292,NFL Showdown $20 20-Player (PIT @ CLE),154084,Showdown Captain Mode,20.0,0,20,1,360.0,2026-10-02 00:15:00+00:00,Thu 8:15PM
196185210,NFL Showdown $20 10-Player (PIT @ CLE),154084,Showdown Captain Mode,20.0,0,10,1,180.0,2026-10-02 00:15:00+00:00,Thu 8:15PM
196185211,NFL Showdown $20 10-Player (PIT @ CLE),154084,Showdown Captain Mode,20.0,0,10,1,180.0,2026-10-02 00:15:00+00:00,Thu 8:15PM
196185155,NFL Showdown $20 5-Player (PIT @ CLE),154084,Showdown Captain Mode,20.0,0,5,1,90.0,2026-10-02 00:15:00+00:00,Thu 8:15PM
196185156,NFL Showdown $20 5-Player (PIT @ CLE),154084,Showdown Captain Mode,20.0,0,5,1,90.0,2026-10-02 00:15:00+00:00,Thu 8:15PM
196185157,NFL Showdown $20 5-Player (PIT @ CLE),154084,Showdown Captain Mode,20.0,0,5,1,90.0,2026-10-02 00:15:00+00:00,Thu 8:15PM
196214416,NFL Showdown $20 3-Player (PIT @ CLE),154084,Showdown Captain Mode,20.0,0,3,1,54.0,2026-10-02 00:15:00+00:00,Thu 8:15PM
196214417,NFL Showdown $20 3-Player (PIT @ CLE),154084,Showdown Captain Mode,20.0,0,3,1,54.0,2026-10-02 00:15:00+00:00,Thu 8:15PM
196214418,NFL Showdown $20 3-Player (PIT @ CLE),154084,Showdown Captain Mode,20.0,0,3,1,54.0,2026-10-02 00:15:00+00:00,Thu 8:15PM
196216630,NFL Showdown $10 50-50 (PIT @ CLE),154084,Showdown Captain Mode,10.0,0,50,1,450.0,2026-10-02 00:15:00+00:00,Thu 8:15PM
196216614,NFL Showdown $10 50-50 (PIT @ CLE),154084,Showdown Captain Mode,10.0,0,20,1,180.0,2026-10-02 00:15:00+00:00,Thu 8:15PM
196216615,NFL Showdown $10 50-50 (PIT @ CLE),154084,Showdown Captain Mode,10.0,0,20,1,180.0,2026-10-02 00:15:00+00:00,Thu 8:15PM
196216604,NFL Showdown $10 50-50 (PIT @ CLE),154084,Showdown Captain Mode,10.0,0,10,1,90.0,2026-10-02 00:15:00+00:00,Thu 8:15PM
196216605,NFL Showdown $10 50-50 (PIT @ CLE),154084,Showdown Captain Mode,10.0,0,10,1,90.0,2026-10-02 00:15:00+00:00,Thu 8:15PM
196216632,NFL Showdown $10 Double Up (PIT @ CLE),154084,Showdown Captain Mode,10.0,0,11,1,100.0,2026-10-02 00:15:00+00:00,Thu 8:15PM
196216633,NFL Showdown $10 Double Up (PIT @ CLE),154084,Showdown Captain Mode,10.0,0,11,1,100.0,2026-10-02 00:15:00+00:00,Thu 8:15PM
196185434,NFL Showdown $10 100-Player (PIT @ CLE),154084,Showdown Captain Mode,10.0,0,100,1,900.0,2026-10-02 00:15:00+00:00,Thu 8:15PM
196185295,NFL Showdown $10 40-Player (PIT @ CLE),154084,Showdown Captain Mode,10.0,0,40,1,360.0,2026-10-02 00:15:00+00:00,Thu 8:15PM
196185206,NFL Showdown $10 20-Player (PIT @ CLE),154084,Showdown Captain Mode,10.0,0,20,1,180.0,2026-10-02 00:15:00+00:00,Thu 8:15PM
196185207,NFL Showdown $10 20-Player (PIT @ CLE),154084,Showdown Captain Mode,10.0,0,20,1,180.0,2026-10-02 00:15:00+00:00,Thu 8:15PM
196185169,NFL Showdown $10 10-Player (PIT @ CLE),154084,Showdown Captain Mode,10.0,0,10,1,90.0,2026-10-02 00:15:00+00:00,Thu 8:15PM
196185170,NFL Showdown $10 10-Player (PIT @ CLE),154084,Showdown Captain Mode,10.0,0,10,1,90.0,2026-10-02 00:15:00+00:00,Thu 8:15PM
196185152,NFL Showdown $10 5-Player (PIT @ CLE),154084,Showdown Captain Mode,10.0,0,5,1,45.0,2026-10-02 00:15:00+00:00,Thu 8:15PM
196185153,NFL Showdown $10 5-Player (PIT @ CLE),154084,Showdown Captain Mode,10.0,0,5,1,45.0,2026-10-02 00:15:00+00:00,Thu 8:15PM
196185154,NFL Showdown $10 5-Player (PIT @ CLE),154084,Showdown Captain Mode,10.0,0,5,1,45.0,2026-10-02 00:15:00+00:00,Thu 8:15PM
196214413,NFL Showdown $10 3-Player (PIT @ CLE),154084,Showdown Captain Mode,10.0,0,3,1,27.0,2026-10-02 00:15:00+00:00,Thu 8:15PM
196214414,NFL Showdown $10 3-Player (PIT @ CLE),154084,Showdown Captain Mode,10.0,0,3,1,27.0,2026-10-02 00:15:00+00:00,Thu 8:15PM
196214415,NFL Showdown $10 3-Player (PIT @ CLE),154084,Showdown Captain Mode,10.0,0,3,1,27.0,2026-10-02 00:15:00+00:00,Thu 8:15PM
196216620,NFL Showdown $5 50-50 (PIT @ CLE),154084,Showdown Captain Mode,5.0,0,100,1,450.0,2026-10-02 00:15:00+00:00,Thu 8:15PM
196216629,NFL Showdown $5 50-50 (PIT @ CLE),154084,Showdown Captain Mode,5.0,0,50,1,225.0,2026-10-02 00:15:00+00:00,Thu 8:15PM
196216611,NFL Showdown $5 50-50 (PIT @ CLE),154084,Showdown Captain Mode,5.0,0,20,1,90.0,2026-10-02 00:15:00+00:00,Thu 8:15PM
196216612,NFL Showdown $5 50-50 (PIT @ CLE),154084,Showdown Captain Mode,5.0,0,20,1,90.0,2026-10-02 00:15:00+00:00,Thu 8:15PM
196216613,NFL Showdown $5 50-50 (PIT @ CLE),154084,Showdown Captain Mode,5.0,0,20,1,90.0,2026-10-02 00:15:00+00:00,Thu 8:15PM
196216596,NFL Showdown $5 50-50 (PIT @ CLE),154084,Showdown Captain Mode,5.0,0,10,1,45.0,2026-10-02 00:15:00+00:00,Thu 8:15PM
196216597,NFL Showdown $5 50-50 (PIT @ CLE),154084,Showdown Captain Mode,5.0,0,10,1,45.0,2026-10-02 00:15:00+00:00,Thu 8:15PM
196216598,NFL Showdown $5 50-50 (PIT @ CLE),154084,Showdown Captain Mode,5.0,0,10,1,45.0,2026-10-02 00:15:00+00:00,Thu 8:15PM
196216638,NFL Showdown $5 Double Up (PIT @ CLE),154084,Showdown Captain Mode,5.0,0,11,1,50.0,2026-10-02 00:15:00+00:00,Thu 8:15PM
196216639,NFL Showdown $5 Double Up (PIT @ CLE),154084,Showdown Captain Mode,5.0,0,11,1,50.0,2026-10-02 00:15:00+00:00,Thu 8:15PM
196185433,NFL Showdown $5 100-Player (PIT @ CLE),154084,Showdown Captain Mode,5.0,0,100,1,450.0,2026-10-02 00:15:00+00:00,Thu 8:15PM
196186781,NFL Showdown $5 100-Player (PIT @ CLE),154084,Showdown Captain Mode,5.0,0,100,1,450.0,2026-10-02 00:15:00+00:00,Thu 8:15PM
196185294,NFL Showdown $5 40-Player (PIT @ CLE),154084,Showdown Captain Mode,5.0,0,40,1,180.0,2026-10-02 00:15:00+00:00,Thu 8:15PM
196185208,NFL Showdown $5 20-Player (PIT @ CLE),154084,Showdown Captain Mode,5.0,0,20,1,90.0,2026-10-02 00:15:00+00:00,Thu 8:15PM
196185209,NFL Showdown $5 20-Player (PIT @ CLE),154084,Showdown Captain Mode,5.0,0,20,1,90.0,2026-10-02 00:15:00+00:00,Thu 8:15PM
196185143,NFL Showdown $5 10-Player (PIT @ CLE),154084,Showdown Captain Mode,5.0,0,10,1,45.0,2026-10-02 00:15:00+00:00,Thu 8:15PM
196185145,NFL Showdown $5 10-Player (PIT @ CLE),154084,Showdown Captain Mode,5.0,0,10,1,45.0,2026-10-02 00:15:00+00:00,Thu 8:15PM
196224713,NFL Showdown $5 10-Player (PIT @ CLE),154084,Showdown Captain Mode,5.0,0,10,1,45.0,2026-10-02 00:15:00+00:00,Thu 8:15PM
196185149,NFL Showdown $5 5-Player (PIT @ CLE),154084,Showdown Captain Mode,5.0,0,5,1,22.5,2026-10-02 00:15:00+00:00,Thu 8:15PM
196185150,NFL Showdown $5 5-Player (PIT @ CLE),154084,Showdown Captain Mode,5.0,0,5,1,22.5,2026-10-02 00:15:00+00:00,Thu 8:15PM
196185151,NFL Showdown $5 5-Player (PIT @ CLE),154084,Showdown Captain Mode,5.0,0,5,1,22.5,2026-10-02 00:15:00+00:00,Thu 8:15PM
196214410,NFL Showdown $5 3-Player (PIT @ CLE),154084,Showdown Captain Mode,5.0,0,3,1,13.5,2026-10-02 00:15:00+00:00,Thu 8:15PM
196214411,NFL Showdown $5 3-Player (PIT @ CLE),154084,Showdown Captain Mode,5.0,0,3,1,13.5,2026-10-02 00:15:00+00:00,Thu 8:15PM
196214412,NFL Showdown $5 3-Player (PIT @ CLE),154084,Showdown Captain Mode,5.0,0,3,1,13.5,2026-10-02 00:15:00+00:00,Thu 8:15PM
196214404,NFL Showdown $5 3-Player (PIT @ CLE),154084,Showdown Captain Mode,5.0,0,3,1,13.5,2026-10-02 00:15:00+00:00,Thu 8:15PM
196214405,NFL Showdown $5 3-Player (PIT @ CLE),154084,Showdown Captain Mode,5.0,0,3,1,13.5,2026-10-02 00:15:00+00:00,Thu 8:15PM
196214406,NFL Showdown $5 3-Player (PIT @ CLE),154084,Showdown Captain Mode,5.0,0,3,1,13.5,2026-10-02 00:15:00+00:00,Thu 8:15PM
196198877,NFL Showdown $3 Double Up (PIT @ CLE),154084,Showdown Captain Mode,3.0,0,11,1,30.0,2026-10-02 00:15:00+00:00,Thu 8:15PM
196198878,NFL Showdown $3 Double Up (PIT @ CLE),154084,Showdown Captain Mode,3.0,0,11,1,30.0,2026-10-02 00:15:00+00:00,Thu 8:15PM
196198873,NFL Showdown $2 50-50 (PIT @ CLE),154084,Showdown Captain Mode,2.0,0,100,1,180.0,2026-10-02 00:15:00+00:00,Thu 8:15PM
196198876,NFL Showdown $2 50-50 (PIT @ CLE),154084,Showdown Captain Mode,2.0,0,50,1,90.0,2026-10-02 00:15:00+00:00,Thu 8:15PM
196198874,NFL Showdown $2 50-50 (PIT @ CLE),154084,Showdown Captain Mode,2.0,0,20,1,36.0,2026-10-02 00:15:00+00:00,Thu 8:15PM
196198861,NFL Showdown $2 50-50 (PIT @ CLE),154084,Showdown Captain Mode,2.0,0,20,1,36.0,2026-10-02 00:15:00+00:00,Thu 8:15PM
196198862,NFL Showdown $2 50-50 (PIT @ CLE),154084,Showdown Captain Mode,2.0,0,20,1,36.0,2026-10-02 00:15:00+00:00,Thu 8:15PM
196198863,NFL Showdown $2 50-50 (PIT @ CLE),154084,Showdown Captain Mode,2.0,0,20,1,36.0,2026-10-02 00:15:00+00:00,Thu 8:15PM
196199010,NFL Showdown $2 50-50 (PIT @ CLE),154084,Showdown Captain Mode,2.0,0,10,1,18.0,2026-10-02 00:15:00+00:00,Thu 8:15PM
196199011,NFL Showdown $2 50-50 (PIT @ CLE),154084,Showdown Captain Mode,2.0,0,10,1,18.0,2026-10-02 00:15:00+00:00,Thu 8:15PM
196199012,NFL Showdown $2 50-50 (PIT @ CLE),154084,Showdown Captain Mode,2.0,0,10,1,18.0,2026-10-02 00:15:00+00:00,Thu 8:15PM
196198880,NFL Showdown $2 100-Player (PIT @ CLE),154084,Showdown Captain Mode,2.0,0,100,1,180.0,2026-10-02 00:15:00+00:00,Thu 8:15PM
196198869,NFL Showdown $2 40-Player (PIT @ CLE),154084,Showdown Captain Mode,2.0,0,40,1,72.0,2026-10-02 00:15:00+00:00,Thu 8:15PM
196198871,NFL Showdown $2 40-Player (PIT @ CLE),154084,Showdown Captain Mode,2.0,0,40,1,72.0,2026-10-02 00:15:00+00:00,Thu 8:15PM
196198864,NFL Showdown $2 20-Player (PIT @ CLE),154084,Showdown Captain Mode,2.0,0,20,1,36.0,2026-10-02 00:15:00+00:00,Thu 8:15PM
196199129,NFL Showdown $2 20-Player (PIT @ CLE),154084,Showdown Captain Mode,2.0,0,20,1,36.0,2026-10-02 00:15:00+00:00,Thu 8:15PM
196199130,NFL Showdown $2 20-Player (PIT @ CLE),154084,Showdown Captain Mode,2.0,0,20,1,36.0,2026-10-02 00:15:00+00:00,Thu 8:15PM
196198986,NFL Showdown $2 10-Player (PIT @ CLE),154084,Showdown Captain Mode,2.0,0,10,1,18.0,2026-10-02 00:15:00+00:00,Thu 8:15PM
196198987,NFL Showdown $2 10-Player (PIT @ CLE),154084,Showdown Captain Mode,2.0,0,10,1,18.0,2026-10-02 00:15:00+00:00,Thu 8:15PM
196198988,NFL Showdown $2 10-Player (PIT @ CLE),154084,Showdown Captain Mode,2.0,0,10,1,18.0,2026-10-02 00:15:00+00:00,Thu 8:15PM
196198984,NFL Showdown $2 5-Player (PIT @ CLE),154084,Showdown Captain Mode,2.0,0,5,1,9.0,2026-10-02 00:15:00+00:00,Thu 8:15PM
196198985,NFL Showdown $2 5-Player (PIT @ CLE),154084,Showdown Captain Mode,2.0,0,5,1,9.0,2026-10-02 00:15:00+00:00,Thu 8:15PM
196214151,NFL Showdown $2 5-Player (PIT @ CLE),154084,Showdown Captain Mode,2.0,0,5,1,9.0,2026-10-02 00:15:00+00:00,Thu 8:15PM
196198999,NFL Showdown $2 3-Player (PIT @ CLE),154084,Showdown Captain Mode,2.0,0,3,1,5.4,2026-10-02 00:15:00+00:00,Thu 8:15PM
196199000,NFL Showdown $2 3-Player (PIT @ CLE),154084,Showdown Captain Mode,2.0,0,3,1,5.4,2026-10-02 00:15:00+00:00,Thu 8:15PM
196218306,NFL Showdown $2 3-Player (PIT @ CLE),154084,Showdown Captain Mode,2.0,0,3,1,5.4,2026-10-02 00:15:00+00:00,Thu 8:15PM
196198872,NFL Showdown $1 50-50 (PIT @ CLE),154084,Showdown Captain Mode,1.0,0,100,1,90.0,2026-10-02 00:15:00+00:00,Thu 8:15PM
196198875,NFL Showdown $1 50-50 (PIT @ CLE),154084,Showdown Captain Mode,1.0,0,50,1,45.0,2026-10-02 00:15:00+00:00,Thu 8:15PM
196198992,NFL Showdown $1 50-50 (PIT @ CLE),154084,Showdown Captain Mode,1.0,0,20,1,18.0,2026-10-02 00:15:00+00:00,Thu 8:15PM
196198993,NFL Showdown $1 50-50 (PIT @ CLE),154084,Showdown Captain Mode,1.0,0,20,1,18.0,2026-10-02 00:15:00+00:00,Thu 8:15PM
196198994,NFL Showdown $1 50-50 (PIT @ CLE),154084,Showdown Captain Mode,1.0,0,20,1,18.0,2026-10-02 00:15:00+00:00,Thu 8:15PM
196199007,NFL Showdown $1 50-50 (PIT @ CLE),154084,Showdown Captain Mode,1.0,0,10,1,9.0,2026-10-02 00:15:00+00:00,Thu 8:15PM
196199008,NFL Showdown $1 50-50 (PIT @ CLE),154084,Showdown Captain Mode,1.0,0,10,1,9.0,2026-10-02 00:15:00+00:00,Thu 8:15PM
196199009,NFL Showdown $1 50-50 (PIT @ CLE),154084,Showdown Captain Mode,1.0,0,10,1,9.0,2026-10-02 00:15:00+00:00,Thu 8:15PM
196199013,NFL Showdown $1 Double Up (PIT @ CLE),154084,Showdown Captain Mode,1.0,0,11,1,10.0,2026-10-02 00:15:00+00:00,Thu 8:15PM
196199014,NFL Showdown $1 Double Up (PIT @ CLE),154084,Showdown Captain Mode,1.0,0,11,1,10.0,2026-10-02 00:15:00+00:00,Thu 8:15PM
196198879,NFL Showdown $1 100-Player (PIT @ CLE),154084,Showdown Captain Mode,1.0,0,100,1,90.0,2026-10-02 00:15:00+00:00,Thu 8:15PM
196198867,NFL Showdown $1 40-Player (PIT @ CLE),154084,Showdown Captain Mode,1.0,0,40,1,36.0,2026-10-02 00:15:00+00:00,Thu 8:15PM
196198868,NFL Showdown $1 40-Player (PIT @ CLE),154084,Showdown Captain Mode,1.0,0,40,1,36.0,2026-10-02 00:15:00+00:00,Thu 8:15PM
196199004,NFL Showdown $1 20-Player (PIT @ CLE),154084,Showdown Captain Mode,1.0,0,20,1,18.0,2026-10-02 00:15:00+00:00,Thu 8:15PM
196199005,NFL Showdown $1 20-Player (PIT @ CLE),154084,Showdown Captain Mode,1.0,0,20,1,18.0,2026-10-02 00:15:00+00:00,Thu 8:15PM
196199006,NFL Showdown $1 20-Player (PIT @ CLE),154084,Showdown Captain Mode,1.0,0,20,1,18.0,2026-10-02 00:15:00+00:00,Thu 8:15PM
196199001,NFL Showdown $1 10-Player (PIT @ CLE),154084,Showdown Captain Mode,1.0,0,10,1,9.0,2026-10-02 00:15:00+00:00,Thu 8:15PM
196199002,NFL Showdown $1 10-Player (PIT @ CLE),154084,Showdown Captain Mode,1.0,0,10,1,9.0,2026-10-02 00:15:00+00:00,Thu 8:15PM
196199003,NFL Showdown $1 10-Player (PIT @ CLE),154084,Showdown Captain Mode,1.0,0,10,1,9.0,2026-10-02 00:15:00+00:00,Thu 8:15PM
196198989,NFL Showdown $1 5-Player (PIT @ CLE),154084,Showdown Captain Mode,1.0,0,5,1,4.5,2026-10-02 00:15:00+00:00,Thu 8:15PM
196198990,NFL Showdown $1 5-Player (PIT @ CLE),154084,Showdown Captain Mode,1.0,0,5,1,4.5,2026-10-02 00:15:00+00:00,Thu 8:15PM
196198991,NFL Showdown $1 5-Player (PIT @ CLE),154084,Showdown Captain Mode,1.0,0,5,1,4.5,2026-10-02 00:15:00+00:00,Thu 8:15PM
196198996,NFL Showdown $1 3-Player (PIT @ CLE),154084,Showdown Captain Mode,1.0,0,3,1,2.7,2026-10-02 00:15:00+00:00,Thu 8:15PM
196198997,NFL Showdown $1 3-Player (PIT @ CLE),154084,Showdown Captain Mode,1.0,0,3,1,2.7,2026-10-02 00:15:00+00:00,Thu 8:15PM
196203771,NFL Showdown $1 3-Player (PIT @ CLE),154084,Showdown Captain Mode,1.0,0,3,1,2.7,2026-10-02 00:15:00+00:00,Thu 8:15PM
196185455,Beginner NFL $5 50-50 (Thu-Mon),154077,Classic,5.0,1,4,1,18.0,2026-10-02 00:15:00+00:00,Thu 8:15PM
196185464,"NFL $10,600 3-Player (Thu-Mon)",154077,Classic,10600.0,1,3,1,30000.0,2026-10-02 00:15:00+00:00,Thu 8:15PM
196185466,"NFL $5,300 3-Player (Thu-Mon)",154077,Classic,5300.0,1,3,1,15000.0,2026-10-02 00:15:00+00:00,Thu 8:15PM
196185471,"NFL $1,060 3-Player (Thu-Mon)",154077,Classic,1060.0,1,3,1,3000.0,2026-10-02 00:15:00+00:00,Thu 8:15PM
196185472,"NFL $1,060 3-Player (Thu-Mon)",154077,Classic,1060.0,1,3,1,3000.0,2026-10-02 00:15:00+00:00,Thu 8:15PM
196185475,NFL $530 3-Player (Thu-Mon),154077,Classic,530.0,1,3,1,1500.0,2026-10-02 00:15:00+00:00,Thu 8:15PM
196185476,NFL $530 3-Player (Thu-Mon),154077,Classic,530.0,1,3,1,1500.0,2026-10-02 00:15:00+00:00,Thu 8:15PM
196185481,NFL $270 3-Player (Thu-Mon),154077,Classic,270.0,1,3,1,750.0,2026-10-02 00:15:00+00:00,Thu 8:15PM
196185482,NFL $270 3-Player (Thu-Mon),154077,Classic,270.0,1,3,1,750.0,2026-10-02 00:15:00+00:00,Thu 8:15PM
196185488,NFL $109 3-Player (Thu-Mon),154077,Classic,109.0,2,3,1,300.0,2026-10-02 00:15:00+00:00,Thu 8:15PM
196185489,NFL $109 3-Player (Thu-Mon),154077,Classic,109.0,1,3,1,300.0,2026-10-02 00:15:00+00:00,Thu 8:15PM
196185490,NFL $109 3-Player (Thu-Mon),154077,Classic,109.0,1,3,1,300.0,2026-10-02 00:15:00+00:00,Thu 8:15PM
196205226,NFL $50 3-Player (Thu-Mon),154077,Classic,50.0,1,3,1,135.0,2026-10-02 00:15:00+00:00,Thu 8:15PM
196185517,NFL $20 3-Player (Thu-Mon),154077,Classic,20.0,1,3,1,54.0,2026-10-02 00:15:00+00:00,Thu 8:15PM
196194376,NFL $20 3-Player (Thu-Mon),154077,Classic,20.0,1,3,1,54.0,2026-10-02 00:15:00+00:00,Thu 8:15PM
196185519,NFL $10 50-50 (Thu-Mon),154077,Classic,10.0,4,10,1,90.0,2026-10-02 00:15:00+00:00,Thu 8:15PM
196202885,NFL $10 50-50 (Thu-Mon),154077,Classic,10.0,1,10,1,90.0,2026-10-02 00:15:00+00:00,Thu 8:15PM
196185523,NFL $10 Double Up (Thu-Mon),154077,Classic,10.0,2,11,1,100.0,2026-10-02 00:15:00+00:00,Thu 8:15PM
196212281,NFL $10 5-Player (Winner Takes All) (Thu-Mon),154077,Classic,10.0,2,5,1,45.0,2026-10-02 00:15:00+00:00,Thu 8:15PM
196207678,NFL $10 5-Player (Winner Takes All) (Thu-Mon) x2,154077,Classic,10.0,2,5,1,45.0,2026-10-02 00:15:00+00:00,Thu 8:15PM
196212822,NFL $10 3-Player (Thu-Mon),154077,Classic,10.0,1,3,1,27.0,2026-10-02 00:15:00+00:00,Thu 8:15PM
196212823,NFL $10 3-Player (Thu-Mon),154077,Classic,10.0,1,3,1,27.0,2026-10-02 00:15:00+00:00,Thu 8:15PM
196185477,NFL $5 50-50 (Thu-Mon),154077,Classic,5.0,7,10,1,45.0,2026-10-02 00:15:00+00:00,Thu 8:15PM
196205058,NFL $5 50-50 (Thu-Mon),154077,Classic,5.0,1,10,1,45.0,2026-10-02 00:15:00+00:00,Thu 8:15PM
196185479,NFL $5 50-50 (Thu-Mon),154077,Classic,5.0,1,4,1,18.0,2026-10-02 00:15:00+00:00,Thu 8:15PM
196200787,NFL $5 50-50 (Thu-Mon),154077,Classic,5.0,1,4,1,18.0,2026-10-02 00:15:00+00:00,Thu 8:15PM
196185529,NFL $5 Double Up (Thu-Mon),154077,Classic,5.0,2,11,1,50.0,2026-10-02 00:15:00+00:00,Thu 8:15PM
196185530,NFL $5 Double Up (Thu-Mon),154077,Classic,5.0,1,11,1,50.0,2026-10-02 00:15:00+00:00,Thu 8:15PM
196215933,NFL $5 Double Up (Thu-Mon),154077,Classic,5.0,1,11,1,50.0,2026-10-02 00:15:00+00:00,Thu 8:15PM
196185480,NFL $5 20-Player (Thu-Mon),154077,Classic,5.0,2,20,1,90.0,2026-10-02 00:15:00+00:00,Thu 8:15PM
196197360,NFL $5 20-Player (Winner Takes All) (Thu-Mon),154077,Classic,5.0,4,20,1,90.0,2026-10-02 00:15:00+00:00,Thu 8:15PM
196196202,NFL $5 18-Player (Top 2 Win) (Thu-Mon),154077,Classic,5.0,10,18,1,81.0,2026-10-02 00:15:00+00:00,Thu 8:15PM
196185483,NFL $5 10-Player (Thu-Mon),154077,Classic,5.0,1,10,1,45.0,2026-10-02 00:15:00+00:00,Thu 8:15PM
196218818,NFL $5 10-Player (Top 3 Win) (Thu-Mon),154077,Classic,5.0,1,10,1,45.0,2026-10-02 00:15:00+00:00,Thu 8:15PM
196224684,NFL $5 10-Player (Winner Takes All) (Thu-Mon),154077,Classic,5.0,1,10,1,45.0,2026-10-02 00:15:00+00:00,Thu 8:15PM
196224381,NFL $5 6-Player (Top 3 Win) (Thu-Mon),154077,Classic,5.0,1,6,1,27.0,2026-10-02 00:15:00+00:00,Thu 8:15PM
196200626,NFL $5 6-Player (Winner Takes All) (Thu-Mon),154077,Classic,5.0,4,6,1,27.0,2026-10-02 00:15:00+00:00,Thu 8:15PM
196203118,NFL $5 6-Player (Winner Takes All) (Thu-Mon),154077,Classic,5.0,2,6,1,27.0,2026-10-02 00:15:00+00:00,Thu 8:15PM
196185539,NFL $5 3-Player (Thu-Mon),154077,Classic,5.0,1,3,1,13.5,2026-10-02 00:15:00+00:00,Thu 8:15PM
196185540,NFL $5 3-Player (Thu-Mon),154077,Classic,5.0,1,3,1,13.5,2026-10-02 00:15:00+00:00,Thu 8:15PM
196185531,NFL $3 Double Up (Thu-Mon),154077,Classic,3.0,2,11,1,30.0,2026-10-02 00:15:00+00:00,Thu 8:15PM
196185532,NFL $3 Double Up (Thu-Mon),154077,Classic,3.0,2,11,1,30.0,2026-10-02 00:15:00+00:00,Thu 8:15PM
196185486,NFL $2 50-50 (Thu-Mon),154077,Classic,2.0,2,20,1,36.0,2026-10-02 00:15:00+00:00,Thu 8:15PM
196199028,NFL $2 50-50 (Thu-Mon),154077,Classic,2.0,1,20,1,36.0,2026-10-02 00:15:00+00:00,Thu 8:15PM
196215925,NFL $2 50-50 (Thu-Mon),154077,Classic,2.0,1,20,1,36.0,2026-10-02 00:15:00+00:00,Thu 8:15PM
196185487,NFL $2 50-50 (Thu-Mon),154077,Classic,2.0,2,10,1,18.0,2026-10-02 00:15:00+00:00,Thu 8:15PM
196199029,NFL $2 50-50 (Thu-Mon),154077,Classic,2.0,1,10,1,18.0,2026-10-02 00:15:00+00:00,Thu 8:15PM
196218668,NFL $2 50-50  (Thu-Mon),154077,Classic,2.0,2,6,1,10.8,2026-10-02 00:15:00+00:00,Thu 8:15PM
196185491,NFL $2 20-Player (Thu-Mon),154077,Classic,2.0,1,20,1,36.0,2026-10-02 00:15:00+00:00,Thu 8:15PM
196185492,NFL $2 10-Player (Thu-Mon),154077,Classic,2.0,1,10,1,18.0,2026-10-02 00:15:00+00:00,Thu 8:15PM
196185493,NFL $2 10-Player (Thu-Mon),154077,Classic,2.0,2,10,1,18.0,2026-10-02 00:15:00+00:00,Thu 8:15PM
196193885,NFL $2 10-Player (Thu-Mon),154077,Classic,2.0,1,10,1,18.0,2026-10-02 00:15:00+00:00,Thu 8:15PM
196185495,NFL $2 5-Player (Thu-Mon),154077,Classic,2.0,2,5,1,9.0,2026-10-02 00:15:00+00:00,Thu 8:15PM
196185496,NFL $2 5-Player (Thu-Mon),154077,Classic,2.0,1,5,1,9.0,2026-10-02 00:15:00+00:00,Thu 8:15PM
196218689,NFL $2 5-Player (Top 2 Win) (Thu-Mon),154077,Classic,2.0,1,5,1,9.0,2026-10-02 00:15:00+00:00,Thu 8:15PM
196185498,NFL $2 3-Player (Thu-Mon),154077,Classic,2.0,1,3,1,5.4,2026-10-02 00:15:00+00:00,Thu 8:15PM
196185499,NFL $2 3-Player (Thu-Mon),154077,Classic,2.0,1,3,1,5.4,2026-10-02 00:15:00+00:00,Thu 8:15PM
196199035,NFL $2 3-Player (Thu-Mon),154077,Classic,2.0,1,3,1,5.4,2026-10-02 00:15:00+00:00,Thu 8:15PM
196185500,NFL $1 50-50 (Thu-Mon),154077,Classic,1.0,6,20,1,18.0,2026-10-02 00:15:00+00:00,Thu 8:15PM
196195472,NFL $1 50-50 (Thu-Mon),154077,Classic,1.0,3,20,1,18.0,2026-10-02 00:15:00+00:00,Thu 8:15PM
196196608,NFL $1 50-50 (Thu-Mon),154077,Classic,1.0,2,20,1,18.0,2026-10-02 00:15:00+00:00,Thu 8:15PM
196199037,NFL $1 50-50 (Thu-Mon),154077,Classic,1.0,1,20,1,18.0,2026-10-02 00:15:00+00:00,Thu 8:15PM
196185501,NFL $1 50-50 (Thu-Mon),154077,Classic,1.0,2,10,1,9.0,2026-10-02 00:15:00+00:00,Thu 8:15PM
196185502,NFL $1 50-50 (Thu-Mon),154077,Classic,1.0,2,10,1,9.0,2026-10-02 00:15:00+00:00,Thu 8:15PM
196199038,NFL $1 50-50 (Thu-Mon),154077,Classic,1.0,2,10,1,9.0,2026-10-02 00:15:00+00:00,Thu 8:15PM
196199039,NFL $1 50-50 (Thu-Mon),154077,Classic,1.0,1,10,1,9.0,2026-10-02 00:15:00+00:00,Thu 8:15PM
196203242,NFL $1 50-50 (Thu-Mon),154077,Classic,1.0,1,10,1,9.0,2026-10-02 00:15:00+00:00,Thu 8:15PM
196185533,NFL $1 Double Up (Thu-Mon),154077,Classic,1.0,2,11,1,10.0,2026-10-02 00:15:00+00:00,Thu 8:15PM
196185534,NFL $1 Double Up (Thu-Mon),154077,Classic,1.0,2,11,1,10.0,2026-10-02 00:15:00+00:00,Thu 8:15PM
196199051,NFL $1 Double Up (Thu-Mon),154077,Classic,1.0,1,11,1,10.0,2026-10-02 00:15:00+00:00,Thu 8:15PM
196199052,NFL $1 Double Up (Thu-Mon),154077,Classic,1.0,1,11,1,10.0,2026-10-02 00:15:00+00:00,Thu 8:15PM
196218644,NFL $1 50-50  (Thu-Mon),154077,Classic,1.0,2,6,1,5.4,2026-10-02 00:15:00+00:00,Thu 8:15PM
196185504,NFL $1 20-Player (Thu-Mon),154077,Classic,1.0,2,20,1,18.0,2026-10-02 00:15:00+00:00,Thu 8:15PM
196186437,NFL $1 20-Player (Thu-Mon),154077,Classic,1.0,1,20,1,18.0,2026-10-02 00:15:00+00:00,Thu 8:15PM
196199040,NFL $1 20-Player (Thu-Mon),154077,Classic,1.0,1,20,1,18.0,2026-10-02 00:15:00+00:00,Thu 8:15PM
196193916,NFL $1 20-Player (Winner Takes All) (Thu-Mon),154077,Classic,1.0,7,20,1,18.0,2026-10-02 00:15:00+00:00,Thu 8:15PM
196194821,NFL $1 19-Player (Winner Takes All) (Thu-Mon),154077,Classic,1.0,6,19,1,17.1,2026-10-02 00:15:00+00:00,Thu 8:15PM
196194289,NFL $1 12-Player (Top 3 Win) (Thu-Mon),154077,Classic,1.0,3,12,1,10.8,2026-10-02 00:15:00+00:00,Thu 8:15PM
196185505,NFL $1 10-Player (Thu-Mon),154077,Classic,1.0,1,10,1,9.0,2026-10-02 00:15:00+00:00,Thu 8:15PM
196185506,NFL $1 10-Player (Thu-Mon),154077,Classic,1.0,1,10,1,9.0,2026-10-02 00:15:00+00:00,Thu 8:15PM
196185507,NFL $1 5-Player (Thu-Mon),154077,Classic,1.0,4,5,1,4.5,2026-10-02 00:15:00+00:00,Thu 8:15PM
196185508,NFL $1 5-Player (Thu-Mon),154077,Classic,1.0,2,5,1,4.5,2026-10-02 00:15:00+00:00,Thu 8:15PM
196185509,NFL $1 5-Player (Thu-Mon),154077,Classic,1.0,2,5,1,4.5,2026-10-02 00:15:00+00:00,Thu 8:15PM
196196609,NFL $1 5-Player (Thu-Mon),154077,Classic,1.0,1,5,1,4.5,2026-10-02 00:15:00+00:00,Thu 8:15PM
196196610,NFL $1 5-Player (Thu-Mon),154077,Classic,1.0,1,5,1,4.5,2026-10-02 00:15:00+00:00,Thu 8:15PM
196196611,NFL $1 5-Player (Thu-Mon),154077,Classic,1.0,1,5,1,4.5,2026-10-02 00:15:00+00:00,Thu 8:15PM
196199043,NFL $1 5-Player (Thu-Mon),154077,Classic,1.0,1,5,1,4.5,2026-10-02 00:15:00+00:00,Thu 8:15PM
196199044,NFL $1 5-Player (Thu-Mon),154077,Classic,1.0,1,5,1,4.5,2026-10-02 00:15:00+00:00,Thu 8:15PM
196185512,NFL $1 3-Player (Thu-Mon),154077,Classic,1.0,1,3,1,2.7,2026-10-02 00:15:00+00:00,Thu 8:15PM
196205487,NFL $1 3-Player (Thu-Mon),154077,Classic,1.0,1,3,1,2.7,2026-10-02 00:15:00+00:00,Thu 8:15PM
196193919,NFL $2 100-Player (Top 10 Win) (Thu-Mon),154077,Classic,2.0,3,100,1,180.0,2026-10-02 00:15:00+00:00,Thu 8:15PM
196218588,NFL $3 3-Player (Winner Takes All) (Thu-Mon),154077,Classic,3.0,2,3,1,8.1,2026-10-02 00:15:00+00:00,Thu 8:15PM
196218671,NFL $3 50-50 (Thu-Mon),154077,Classic,3.0,1,6,1,16.2,2026-10-02 00:15:00+00:00,Thu 8:15PM
196218687,NFL $3 6-Player (Top 3 Win) (Thu-Mon),154077,Classic,3.0,1,6,1,16.2,2026-10-02 00:15:00+00:00,Thu 8:15PM
196224527,NFL $3 7-Player (Top 3 Win) (Thu-Mon),154077,Classic,3.0,2,7,1,18.9,2026-10-02 00:15:00+00:00,Thu 8:15PM
196185548,NFL Satellite to $20 NFL Fantasy Football Millionaire [Must Fill] (Thu-Mon),154077,Classic,7.4,0,3,1,20.0,2026-10-02 00:15:00+00:00,Thu 8:15PM
196185452,Beginner NFL $50 50-50 (Thu-Mon),154077,Classic,50.0,0,4,1,180.0,2026-10-02 00:15:00+00:00,Thu 8:15PM
196185457,Beginner NFL $50 3-Player (Thu-Mon),154077,Classic,50.0,0,3,1,135.0,2026-10-02 00:15:00+00:00,Thu 8:15PM
196185453,Beginner NFL $20 50-50 (Thu-Mon),154077,Classic,20.0,0,4,1,72.0,2026-10-02 00:15:00+00:00,Thu 8:15PM
196185458,Beginner NFL $20 3-Player (Thu-Mon),154077,Classic,20.0,0,3,1,54.0,2026-10-02 00:15:00+00:00,Thu 8:15PM
196185454,Beginner NFL $10 50-50 (Thu-Mon),154077,Classic,10.0,0,4,1,36.0,2026-10-02 00:15:00+00:00,Thu 8:15PM
196185459,Beginner NFL $10 3-Player (Thu-Mon),154077,Classic,10.0,0,3,1,27.0,2026-10-02 00:15:00+00:00,Thu 8:15PM
196194943,Beginner NFL $5 50-50 (Thu-Mon),154077,Classic,5.0,0,4,1,18.0,2026-10-02 00:15:00+00:00,Thu 8:15PM
196185460,Beginner NFL $5 3-Player (Thu-Mon),154077,Classic,5.0,0,3,1,13.5,2026-10-02 00:15:00+00:00,Thu 8:15PM
196185456,Beginner NFL $3 50-50 (Thu-Mon),154077,Classic,3.0,0,4,1,10.8,2026-10-02 00:15:00+00:00,Thu 8:15PM
196185461,Beginner NFL $2 3-Player (Thu-Mon),154077,Classic,2.0,0,3,1,5.4,2026-10-02 00:15:00+00:00,Thu 8:15PM
196185541,Beginner NFL $1 50-50 (Thu-Mon),154077,Classic,1.0,0,4,1,3.6,2026-10-02 00:15:00+00:00,Thu 8:15PM
196185462,Beginner NFL $1 3-Player (Thu-Mon),154077,Classic,1.0,0,3,1,2.7,2026-10-02 00:15:00+00:00,Thu 8:15PM
196185463,"NFL $10,600 3-Player (Thu-Mon)",154077,Classic,10600.0,0,3,1,30000.0,2026-10-02 00:15:00+00:00,Thu 8:15PM
196214449,"NFL $10,600 3-Player (Thu-Mon)",154077,Classic,10600.0,0,3,1,30000.0,2026-10-02 00:15:00+00:00,Thu 8:15PM
196185467,"NFL $5,300 50-50 (Thu-Mon)",154077,Classic,5300.0,0,4,1,20000.0,2026-10-02 00:15:00+00:00,Thu 8:15PM
196185468,"NFL $5,300 50-50 (Thu-Mon)",154077,Classic,5300.0,0,4,1,20000.0,2026-10-02 00:15:00+00:00,Thu 8:15PM
196185465,"NFL $5,300 3-Player (Thu-Mon)",154077,Classic,5300.0,0,3,1,15000.0,2026-10-02 00:15:00+00:00,Thu 8:15PM
196214450,"NFL $5,300 3-Player (Thu-Mon)",154077,Classic,5300.0,0,3,1,15000.0,2026-10-02 00:15:00+00:00,Thu 8:15PM
196185469,"NFL $1,060 50-50 (Thu-Mon)",154077,Classic,1060.0,0,4,1,4000.0,2026-10-02 00:15:00+00:00,Thu 8:15PM
196185470,"NFL $1,060 50-50 (Thu-Mon)",154077,Classic,1060.0,0,4,1,4000.0,2026-10-02 00:15:00+00:00,Thu 8:15PM
196214451,"NFL $1,060 3-Player (Thu-Mon)",154077,Classic,1060.0,0,3,1,3000.0,2026-10-02 00:15:00+00:00,Thu 8:15PM
196214452,"NFL $1,060 3-Player (Thu-Mon)",154077,Classic,1060.0,0,3,1,3000.0,2026-10-02 00:15:00+00:00,Thu 8:15PM
196185473,NFL $530 50-50 (Thu-Mon),154077,Classic,530.0,0,4,1,2000.0,2026-10-02 00:15:00+00:00,Thu 8:15PM
196185474,NFL $530 50-50 (Thu-Mon),154077,Classic,530.0,0,4,1,2000.0,2026-10-02 00:15:00+00:00,Thu 8:15PM
196214453,NFL $530 3-Player (Thu-Mon),154077,Classic,530.0,0,3,1,1500.0,2026-10-02 00:15:00+00:00,Thu 8:15PM
196214454,NFL $530 3-Player (Thu-Mon),154077,Classic,530.0,0,3,1,1500.0,2026-10-02 00:15:00+00:00,Thu 8:15PM
196185535,NFL $270 50-50 (Thu-Mon),154077,Classic,270.0,0,4,1,1000.0,2026-10-02 00:15:00+00:00,Thu 8:15PM
196185536,NFL $270 50-50 (Thu-Mon),154077,Classic,270.0,0,4,1,1000.0,2026-10-02 00:15:00+00:00,Thu 8:15PM
196214455,NFL $270 3-Player (Thu-Mon),154077,Classic,270.0,0,3,1,750.0,2026-10-02 00:15:00+00:00,Thu 8:15PM
196214456,NFL $270 3-Player (Thu-Mon),154077,Classic,270.0,0,3,1,750.0,2026-10-02 00:15:00+00:00,Thu 8:15PM
196185484,NFL $109 50-50 (Thu-Mon),154077,Classic,109.0,0,4,1,400.0,2026-10-02 00:15:00+00:00,Thu 8:15PM
196185485,NFL $109 50-50 (Thu-Mon),154077,Classic,109.0,0,4,1,400.0,2026-10-02 00:15:00+00:00,Thu 8:15PM
196214457,NFL $109 3-Player (Thu-Mon),154077,Classic,109.0,0,3,1,300.0,2026-10-02 00:15:00+00:00,Thu 8:15PM
196214458,NFL $109 3-Player (Thu-Mon),154077,Classic,109.0,0,3,1,300.0,2026-10-02 00:15:00+00:00,Thu 8:15PM
196214459,NFL $109 3-Player (Thu-Mon),154077,Classic,109.0,0,3,1,300.0,2026-10-02 00:15:00+00:00,Thu 8:15PM
196185497,NFL $50 50-50 (Thu-Mon),154077,Classic,50.0,0,8,1,360.0,2026-10-02 00:15:00+00:00,Thu 8:15PM
196185494,NFL $50 50-50 (Thu-Mon),154077,Classic,50.0,0,4,1,180.0,2026-10-02 00:15:00+00:00,Thu 8:15PM
196185528,NFL $50 Double Up (Thu-Mon),154077,Classic,50.0,0,22,1,1000.0,2026-10-02 00:15:00+00:00,Thu 8:15PM
196185527,NFL $50 Double Up (Thu-Mon),154077,Classic,50.0,0,11,1,500.0,2026-10-02 00:15:00+00:00,Thu 8:15PM
196214460,NFL $50 3-Player (Thu-Mon),154077,Classic,50.0,0,3,1,135.0,2026-10-02 00:15:00+00:00,Thu 8:15PM
196185526,NFL $25 Double Up (Thu-Mon),154077,Classic,25.0,0,22,1,500.0,2026-10-02 00:15:00+00:00,Thu 8:15PM
196185525,NFL $25 Double Up (Thu-Mon),154077,Classic,25.0,0,11,1,250.0,2026-10-02 00:15:00+00:00,Thu 8:15PM
196185514,NFL $20 50-50 (Thu-Mon),154077,Classic,20.0,0,10,1,180.0,2026-10-02 00:15:00+00:00,Thu 8:15PM
196185510,NFL $20 50-50 (Thu-Mon),154077,Classic,20.0,0,4,1,72.0,2026-10-02 00:15:00+00:00,Thu 8:15PM
196185515,NFL $20 5-Player (Thu-Mon),154077,Classic,20.0,0,5,1,90.0,2026-10-02 00:15:00+00:00,Thu 8:15PM
196214461,NFL $20 3-Player (Thu-Mon),154077,Classic,20.0,0,3,1,54.0,2026-10-02 00:15:00+00:00,Thu 8:15PM
196214462,NFL $20 3-Player (Thu-Mon),154077,Classic,20.0,0,3,1,54.0,2026-10-02 00:15:00+00:00,Thu 8:15PM
196216867,NFL $10 50-50 (Thu-Mon),154077,Classic,10.0,0,10,1,90.0,2026-10-02 00:15:00+00:00,Thu 8:15PM
196185518,NFL $10 50-50 (Thu-Mon),154077,Classic,10.0,0,4,1,36.0,2026-10-02 00:15:00+00:00,Thu 8:15PM
196185524,NFL $10 Double Up (Thu-Mon),154077,Classic,10.0,0,11,1,100.0,2026-10-02 00:15:00+00:00,Thu 8:15PM
196212824,NFL $10 Double Up (Thu-Mon),154077,Classic,10.0,0,11,1,100.0,2026-10-02 00:15:00+00:00,Thu 8:15PM
196185520,NFL $10 5-Player (Thu-Mon),154077,Classic,10.0,0,5,1,45.0,2026-10-02 00:15:00+00:00,Thu 8:15PM
196214463,NFL $10 3-Player (Thu-Mon),154077,Classic,10.0,0,3,1,27.0,2026-10-02 00:15:00+00:00,Thu 8:15PM
196214464,NFL $10 3-Player (Thu-Mon),154077,Classic,10.0,0,3,1,27.0,2026-10-02 00:15:00+00:00,Thu 8:15PM
196219313,NFL $5 50-50 (Thu-Mon),154077,Classic,5.0,0,10,1,45.0,2026-10-02 00:15:00+00:00,Thu 8:15PM
196227447,NFL $5 50-50 (Thu-Mon),154077,Classic,5.0,0,4,1,18.0,2026-10-02 00:15:00+00:00,Thu 8:15PM
196227448,NFL $5 50-50 (Thu-Mon),154077,Classic,5.0,0,4,1,18.0,2026-10-02 00:15:00+00:00,Thu 8:15PM
196225435,NFL $5 Double Up (Thu-Mon),154077,Classic,5.0,0,11,1,50.0,2026-10-02 00:15:00+00:00,Thu 8:15PM
196226874,NFL $5 Double Up (Thu-Mon),154077,Classic,5.0,0,11,1,50.0,2026-10-02 00:15:00+00:00,Thu 8:15PM
196186898,NFL $5 20-Player (Thu-Mon),154077,Classic,5.0,0,20,1,90.0,2026-10-02 00:15:00+00:00,Thu 8:15PM
196218567,NFL $5 10-Player (Thu-Mon),154077,Classic,5.0,0,10,1,45.0,2026-10-02 00:15:00+00:00,Thu 8:15PM
196185537,NFL $5 5-Player (Thu-Mon),154077,Classic,5.0,0,5,1,22.5,2026-10-02 00:15:00+00:00,Thu 8:15PM
196185538,NFL $5 5-Player (Thu-Mon),154077,Classic,5.0,0,5,1,22.5,2026-10-02 00:15:00+00:00,Thu 8:15PM
196214465,NFL $5 3-Player (Thu-Mon),154077,Classic,5.0,0,3,1,13.5,2026-10-02 00:15:00+00:00,Thu 8:15PM
196214466,NFL $5 3-Player (Thu-Mon),154077,Classic,5.0,0,3,1,13.5,2026-10-02 00:15:00+00:00,Thu 8:15PM
196199049,NFL $3 Double Up (Thu-Mon),154077,Classic,3.0,0,11,1,30.0,2026-10-02 00:15:00+00:00,Thu 8:15PM
196199050,NFL $3 Double Up (Thu-Mon),154077,Classic,3.0,0,11,1,30.0,2026-10-02 00:15:00+00:00,Thu 8:15PM
196226926,NFL $2 50-50 (Thu-Mon),154077,Classic,2.0,0,20,1,36.0,2026-10-02 00:15:00+00:00,Thu 8:15PM
196215931,NFL $2 50-50 (Thu-Mon),154077,Classic,2.0,0,10,1,18.0,2026-10-02 00:15:00+00:00,Thu 8:15PM
196199030,NFL $2 20-Player (Thu-Mon),154077,Classic,2.0,0,20,1,36.0,2026-10-02 00:15:00+00:00,Thu 8:15PM
196199031,NFL $2 10-Player (Thu-Mon),154077,Classic,2.0,0,10,1,18.0,2026-10-02 00:15:00+00:00,Thu 8:15PM
196199032,NFL $2 10-Player (Thu-Mon),154077,Classic,2.0,0,10,1,18.0,2026-10-02 00:15:00+00:00,Thu 8:15PM
196199033,NFL $2 5-Player (Thu-Mon),154077,Classic,2.0,0,5,1,9.0,2026-10-02 00:15:00+00:00,Thu 8:15PM
196199034,NFL $2 5-Player (Thu-Mon),154077,Classic,2.0,0,5,1,9.0,2026-10-02 00:15:00+00:00,Thu 8:15PM
196199036,NFL $2 3-Player (Thu-Mon),154077,Classic,2.0,0,3,1,5.4,2026-10-02 00:15:00+00:00,Thu 8:15PM
196218585,NFL $2 3-Player (Thu-Mon),154077,Classic,2.0,0,3,1,5.4,2026-10-02 00:15:00+00:00,Thu 8:15PM
196215920,NFL $1 50-50 (Thu-Mon),154077,Classic,1.0,0,20,1,18.0,2026-10-02 00:15:00+00:00,Thu 8:15PM
196215921,NFL $1 50-50 (Thu-Mon),154077,Classic,1.0,0,10,1,9.0,2026-10-02 00:15:00+00:00,Thu 8:15PM
196215926,NFL $1 50-50 (Thu-Mon),154077,Classic,1.0,0,10,1,9.0,2026-10-02 00:15:00+00:00,Thu 8:15PM
196215927,NFL $1 Double Up (Thu-Mon),154077,Classic,1.0,0,11,1,10.0,2026-10-02 00:15:00+00:00,Thu 8:15PM
196215928,NFL $1 Double Up (Thu-Mon),154077,Classic,1.0,0,11,1,10.0,2026-10-02 00:15:00+00:00,Thu 8:15PM
196214549,NFL $1 20-Player (Thu-Mon),154077,Classic,1.0,0,20,1,18.0,2026-10-02 00:15:00+00:00,Thu 8:15PM
196199041,NFL $1 10-Player (Thu-Mon),154077,Classic,1.0,0,10,1,9.0,2026-10-02 00:15:00+00:00,Thu 8:15PM
196199042,NFL $1 10-Player (Thu-Mon),154077,Classic,1.0,0,10,1,9.0,2026-10-02 00:15:00+00:00,Thu 8:15PM
196199045,NFL $1 5-Player (Thu-Mon),154077,Classic,1.0,0,5,1,4.5,2026-10-02 00:15:00+00:00,Thu 8:15PM
196220683,NFL $1 5-Player (Thu-Mon),154077,Classic,1.0,0,5,1,4.5,2026-10-02 00:15:00+00:00,Thu 8:15PM
196222675,NFL $1 5-Player (Thu-Mon),154077,Classic,1.0,0,5,1,4.5,2026-10-02 00:15:00+00:00,Thu 8:15PM
196218581,NFL $1 3-Player (Thu-Mon),154077,Classic,1.0,0,3,1,2.7,2026-10-02 00:15:00+00:00,Thu 8:15PM
196223886,NFL $1 3-Player (Thu-Mon),154077,Classic,1.0,0,3,1,2.7,2026-10-02 00:15:00+00:00,Thu 8:15PM
196224478,NFL $1 3-Player (Thu-Mon),154077,Classic,1.0,0,3,1,2.7,2026-10-02 00:15:00+00:00,Thu 8:15PM
196186077,Beginner NFL Single Stat $20 3-Player (PIT @ CLE Total Yards),154115,Single Stat - Total Yards,20.0,1,3,1,54.0,2026-10-02 00:15:00+00:00,Thu 8:15PM
196186081,Beginner NFL Single Stat $1 3-Player (PIT @ CLE Total Yards),154115,Single Stat - Total Yards,1.0,1,3,1,2.7,2026-10-02 00:15:00+00:00,Thu 8:15PM
196186142,NFL Single Stat $10 Double Up (PIT @ CLE Total Yards),154115,Single Stat - Total Yards,10.0,1,11,1,100.0,2026-10-02 00:15:00+00:00,Thu 8:15PM
196186167,NFL Single Stat Satellite to $20 NFL Fantasy Football Millionaire [Must Fill] (PIT @ CLE Total Yards,154115,Single Stat - Total Yards,7.4,0,3,1,20.0,2026-10-02 00:15:00+00:00,Thu 8:15PM
196186071,Beginner NFL Single Stat $50 50-50 (PIT @ CLE Total Yards),154115,Single Stat - Total Yards,50.0,0,4,1,180.0,2026-10-02 00:15:00+00:00,Thu 8:15PM
196186076,Beginner NFL Single Stat $50 3-Player (PIT @ CLE Total Yards),154115,Single Stat - Total Yards,50.0,0,3,1,135.0,2026-10-02 00:15:00+00:00,Thu 8:15PM
196186072,Beginner NFL Single Stat $20 50-50 (PIT @ CLE Total Yards),154115,Single Stat - Total Yards,20.0,0,4,1,72.0,2026-10-02 00:15:00+00:00,Thu 8:15PM
196201953,Beginner NFL Single Stat $20 3-Player (PIT @ CLE Total Yards),154115,Single Stat - Total Yards,20.0,0,3,1,54.0,2026-10-02 00:15:00+00:00,Thu 8:15PM
196186073,Beginner NFL Single Stat $10 50-50 (PIT @ CLE Total Yards),154115,Single Stat - Total Yards,10.0,0,4,1,36.0,2026-10-02 00:15:00+00:00,Thu 8:15PM
196186078,Beginner NFL Single Stat $10 3-Player (PIT @ CLE Total Yards),154115,Single Stat - Total Yards,10.0,0,3,1,27.0,2026-10-02 00:15:00+00:00,Thu 8:15PM
196186074,Beginner NFL Single Stat $5 50-50 (PIT @ CLE Total Yards),154115,Single Stat - Total Yards,5.0,0,4,1,18.0,2026-10-02 00:15:00+00:00,Thu 8:15PM
196186079,Beginner NFL Single Stat $5 3-Player (PIT @ CLE Total Yards),154115,Single Stat - Total Yards,5.0,0,3,1,13.5,2026-10-02 00:15:00+00:00,Thu 8:15PM
196186075,Beginner NFL Single Stat $3 50-50 (PIT @ CLE Total Yards),154115,Single Stat - Total Yards,3.0,0,4,1,10.8,2026-10-02 00:15:00+00:00,Thu 8:15PM
196186080,Beginner NFL Single Stat $2 3-Player (PIT @ CLE Total Yards),154115,Single Stat - Total Yards,2.0,0,3,1,5.4,2026-10-02 00:15:00+00:00,Thu 8:15PM
196186160,Beginner NFL Single Stat $1 50-50 (PIT @ CLE Total Yards),154115,Single Stat - Total Yards,1.0,0,4,1,3.6,2026-10-02 00:15:00+00:00,Thu 8:15PM
196199801,Beginner NFL Single Stat $1 3-Player (PIT @ CLE Total Yards),154115,Single Stat - Total Yards,1.0,0,3,1,2.7,2026-10-02 00:15:00+00:00,Thu 8:15PM
196186082,"NFL Single Stat $10,600 3-Player (PIT @ CLE Total Yards)",154115,Single Stat - Total Yards,10600.0,0,3,1,30000.0,2026-10-02 00:15:00+00:00,Thu 8:15PM
196186083,"NFL Single Stat $10,600 3-Player (PIT @ CLE Total Yards)",154115,Single Stat - Total Yards,10600.0,0,3,1,30000.0,2026-10-02 00:15:00+00:00,Thu 8:15PM
196186086,"NFL Single Stat $5,300 50-50 (PIT @ CLE Total Yards)",154115,Single Stat - Total Yards,5300.0,0,4,1,20000.0,2026-10-02 00:15:00+00:00,Thu 8:15PM
196186087,"NFL Single Stat $5,300 50-50 (PIT @ CLE Total Yards)",154115,Single Stat - Total Yards,5300.0,0,4,1,20000.0,2026-10-02 00:15:00+00:00,Thu 8:15PM
196186084,"NFL Single Stat $5,300 3-Player (PIT @ CLE Total Yards)",154115,Single Stat - Total Yards,5300.0,0,3,1,15000.0,2026-10-02 00:15:00+00:00,Thu 8:15PM
196186085,"NFL Single Stat $5,300 3-Player (PIT @ CLE Total Yards)",154115,Single Stat - Total Yards,5300.0,0,3,1,15000.0,2026-10-02 00:15:00+00:00,Thu 8:15PM
196186088,"NFL Single Stat $1,060 50-50 (PIT @ CLE Total Yards)",154115,Single Stat - Total Yards,1060.0,0,4,1,4000.0,2026-10-02 00:15:00+00:00,Thu 8:15PM
196186089,"NFL Single Stat $1,060 50-50 (PIT @ CLE Total Yards)",154115,Single Stat - Total Yards,1060.0,0,4,1,4000.0,2026-10-02 00:15:00+00:00,Thu 8:15PM
196186090,"NFL Single Stat $1,060 3-Player (PIT @ CLE Total Yards)",154115,Single Stat - Total Yards,1060.0,0,3,1,3000.0,2026-10-02 00:15:00+00:00,Thu 8:15PM
196186091,"NFL Single Stat $1,060 3-Player (PIT @ CLE Total Yards)",154115,Single Stat - Total Yards,1060.0,0,3,1,3000.0,2026-10-02 00:15:00+00:00,Thu 8:15PM
196186092,NFL Single Stat $530 50-50 (PIT @ CLE Total Yards),154115,Single Stat - Total Yards,530.0,0,4,1,2000.0,2026-10-02 00:15:00+00:00,Thu 8:15PM
196186093,NFL Single Stat $530 50-50 (PIT @ CLE Total Yards),154115,Single Stat - Total Yards,530.0,0,4,1,2000.0,2026-10-02 00:15:00+00:00,Thu 8:15PM
196186094,NFL Single Stat $530 3-Player (PIT @ CLE Total Yards),154115,Single Stat - Total Yards,530.0,0,3,1,1500.0,2026-10-02 00:15:00+00:00,Thu 8:15PM
196186095,NFL Single Stat $530 3-Player (PIT @ CLE Total Yards),154115,Single Stat - Total Yards,530.0,0,3,1,1500.0,2026-10-02 00:15:00+00:00,Thu 8:15PM
196186154,NFL Single Stat $270 50-50 (PIT @ CLE Total Yards),154115,Single Stat - Total Yards,270.0,0,4,1,1000.0,2026-10-02 00:15:00+00:00,Thu 8:15PM
196186155,NFL Single Stat $270 50-50 (PIT @ CLE Total Yards),154115,Single Stat - Total Yards,270.0,0,4,1,1000.0,2026-10-02 00:15:00+00:00,Thu 8:15PM
196186100,NFL Single Stat $270 3-Player (PIT @ CLE Total Yards),154115,Single Stat - Total Yards,270.0,0,3,1,750.0,2026-10-02 00:15:00+00:00,Thu 8:15PM
196186101,NFL Single Stat $270 3-Player (PIT @ CLE Total Yards),154115,Single Stat - Total Yards,270.0,0,3,1,750.0,2026-10-02 00:15:00+00:00,Thu 8:15PM
196186103,NFL Single Stat $109 50-50 (PIT @ CLE Total Yards),154115,Single Stat - Total Yards,109.0,0,4,1,400.0,2026-10-02 00:15:00+00:00,Thu 8:15PM
196186104,NFL Single Stat $109 50-50 (PIT @ CLE Total Yards),154115,Single Stat - Total Yards,109.0,0,4,1,400.0,2026-10-02 00:15:00+00:00,Thu 8:15PM
196186107,NFL Single Stat $109 3-Player (PIT @ CLE Total Yards),154115,Single Stat - Total Yards,109.0,0,3,1,300.0,2026-10-02 00:15:00+00:00,Thu 8:15PM
196186108,NFL Single Stat $109 3-Player (PIT @ CLE Total Yards),154115,Single Stat - Total Yards,109.0,0,3,1,300.0,2026-10-02 00:15:00+00:00,Thu 8:15PM
196186109,NFL Single Stat $109 3-Player (PIT @ CLE Total Yards),154115,Single Stat - Total Yards,109.0,0,3,1,300.0,2026-10-02 00:15:00+00:00,Thu 8:15PM
196186116,NFL Single Stat $50 50-50 (PIT @ CLE Total Yards),154115,Single Stat - Total Yards,50.0,0,8,1,360.0,2026-10-02 00:15:00+00:00,Thu 8:15PM
196186113,NFL Single Stat $50 50-50 (PIT @ CLE Total Yards),154115,Single Stat - Total Yards,50.0,0,4,1,180.0,2026-10-02 00:15:00+00:00,Thu 8:15PM
196186147,NFL Single Stat $50 Double Up (PIT @ CLE Total Yards),154115,Single Stat - Total Yards,50.0,0,22,1,1000.0,2026-10-02 00:15:00+00:00,Thu 8:15PM
196186146,NFL Single Stat $50 Double Up (PIT @ CLE Total Yards),154115,Single Stat - Total Yards,50.0,0,11,1,500.0,2026-10-02 00:15:00+00:00,Thu 8:15PM
196186122,NFL Single Stat $50 3-Player (PIT @ CLE Total Yards),154115,Single Stat - Total Yards,50.0,0,3,1,135.0,2026-10-02 00:15:00+00:00,Thu 8:15PM
196186145,NFL Single Stat $25 Double Up (PIT @ CLE Total Yards),154115,Single Stat - Total Yards,25.0,0,22,1,500.0,2026-10-02 00:15:00+00:00,Thu 8:15PM
196186144,NFL Single Stat $25 Double Up (PIT @ CLE Total Yards),154115,Single Stat - Total Yards,25.0,0,11,1,250.0,2026-10-02 00:15:00+00:00,Thu 8:15PM
196186133,NFL Single Stat $20 50-50 (PIT @ CLE Total Yards),154115,Single Stat - Total Yards,20.0,0,10,1,180.0,2026-10-02 00:15:00+00:00,Thu 8:15PM
196186129,NFL Single Stat $20 50-50 (PIT @ CLE Total Yards),154115,Single Stat - Total Yards,20.0,0,4,1,72.0,2026-10-02 00:15:00+00:00,Thu 8:15PM
196186134,NFL Single Stat $20 5-Player (PIT @ CLE Total Yards),154115,Single Stat - Total Yards,20.0,0,5,1,90.0,2026-10-02 00:15:00+00:00,Thu 8:15PM
196186135,NFL Single Stat $20 3-Player (PIT @ CLE Total Yards),154115,Single Stat - Total Yards,20.0,0,3,1,54.0,2026-10-02 00:15:00+00:00,Thu 8:15PM
196186136,NFL Single Stat $20 3-Player (PIT @ CLE Total Yards),154115,Single Stat - Total Yards,20.0,0,3,1,54.0,2026-10-02 00:15:00+00:00,Thu 8:15PM
196186138,NFL Single Stat $10 50-50 (PIT @ CLE Total Yards),154115,Single Stat - Total Yards,10.0,0,10,1,90.0,2026-10-02 00:15:00+00:00,Thu 8:15PM
196186137,NFL Single Stat $10 50-50 (PIT @ CLE Total Yards),154115,Single Stat - Total Yards,10.0,0,4,1,36.0,2026-10-02 00:15:00+00:00,Thu 8:15PM
196186143,NFL Single Stat $10 Double Up (PIT @ CLE Total Yards),154115,Single Stat - Total Yards,10.0,0,11,1,100.0,2026-10-02 00:15:00+00:00,Thu 8:15PM
196224000,NFL Single Stat $10 Double Up (PIT @ CLE Total Yards),154115,Single Stat - Total Yards,10.0,0,11,1,100.0,2026-10-02 00:15:00+00:00,Thu 8:15PM
196186139,NFL Single Stat $10 5-Player (PIT @ CLE Total Yards),154115,Single Stat - Total Yards,10.0,0,5,1,45.0,2026-10-02 00:15:00+00:00,Thu 8:15PM
196186140,NFL Single Stat $10 3-Player (PIT @ CLE Total Yards),154115,Single Stat - Total Yards,10.0,0,3,1,27.0,2026-10-02 00:15:00+00:00,Thu 8:15PM
196186141,NFL Single Stat $10 3-Player (PIT @ CLE Total Yards),154115,Single Stat - Total Yards,10.0,0,3,1,27.0,2026-10-02 00:15:00+00:00,Thu 8:15PM
196186096,NFL Single Stat $5 50-50 (PIT @ CLE Total Yards),154115,Single Stat - Total Yards,5.0,0,10,1,45.0,2026-10-02 00:15:00+00:00,Thu 8:15PM
196186097,NFL Single Stat $5 50-50 (PIT @ CLE Total Yards),154115,Single Stat - Total Yards,5.0,0,4,1,18.0,2026-10-02 00:15:00+00:00,Thu 8:15PM
196186098,NFL Single Stat $5 50-50 (PIT @ CLE Total Yards),154115,Single Stat - Total Yards,5.0,0,4,1,18.0,2026-10-02 00:15:00+00:00,Thu 8:15PM
196186148,NFL Single Stat $5 Double Up (PIT @ CLE Total Yards),154115,Single Stat - Total Yards,5.0,0,11,1,50.0,2026-10-02 00:15:00+00:00,Thu 8:15PM
196186149,NFL Single Stat $5 Double Up (PIT @ CLE Total Yards),154115,Single Stat - Total Yards,5.0,0,11,1,50.0,2026-10-02 00:15:00+00:00,Thu 8:15PM
196186099,NFL Single Stat $5 20-Player (PIT @ CLE Total Yards),154115,Single Stat - Total Yards,5.0,0,20,1,90.0,2026-10-02 00:15:00+00:00,Thu 8:15PM
196186102,NFL Single Stat $5 10-Player (PIT @ CLE Total Yards),154115,Single Stat - Total Yards,5.0,0,10,1,45.0,2026-10-02 00:15:00+00:00,Thu 8:15PM
196186156,NFL Single Stat $5 5-Player (PIT @ CLE Total Yards),154115,Single Stat - Total Yards,5.0,0,5,1,22.5,2026-10-02 00:15:00+00:00,Thu 8:15PM
196186157,NFL Single Stat $5 5-Player (PIT @ CLE Total Yards),154115,Single Stat - Total Yards,5.0,0,5,1,22.5,2026-10-02 00:15:00+00:00,Thu 8:15PM
196186158,NFL Single Stat $5 3-Player (PIT @ CLE Total Yards),154115,Single Stat - Total Yards,5.0,0,3,1,13.5,2026-10-02 00:15:00+00:00,Thu 8:15PM
196186159,NFL Single Stat $5 3-Player (PIT @ CLE Total Yards),154115,Single Stat - Total Yards,5.0,0,3,1,13.5,2026-10-02 00:15:00+00:00,Thu 8:15PM
196186150,NFL Single Stat $3 Double Up (PIT @ CLE Total Yards),154115,Single Stat - Total Yards,3.0,0,11,1,30.0,2026-10-02 00:15:00+00:00,Thu 8:15PM
196186151,NFL Single Stat $3 Double Up (PIT @ CLE Total Yards),154115,Single Stat - Total Yards,3.0,0,11,1,30.0,2026-10-02 00:15:00+00:00,Thu 8:15PM
196186105,NFL Single Stat $2 50-50 (PIT @ CLE Total Yards),154115,Single Stat - Total Yards,2.0,0,20,1,36.0,2026-10-02 00:15:00+00:00,Thu 8:15PM
196186106,NFL Single Stat $2 50-50 (PIT @ CLE Total Yards),154115,Single Stat - Total Yards,2.0,0,10,1,18.0,2026-10-02 00:15:00+00:00,Thu 8:15PM
196186110,NFL Single Stat $2 20-Player (PIT @ CLE Total Yards),154115,Single Stat - Total Yards,2.0,0,20,1,36.0,2026-10-02 00:15:00+00:00,Thu 8:15PM
196186111,NFL Single Stat $2 10-Player (PIT @ CLE Total Yards),154115,Single Stat - Total Yards,2.0,0,10,1,18.0,2026-10-02 00:15:00+00:00,Thu 8:15PM
196186112,NFL Single Stat $2 10-Player (PIT @ CLE Total Yards),154115,Single Stat - Total Yards,2.0,0,10,1,18.0,2026-10-02 00:15:00+00:00,Thu 8:15PM
196186114,NFL Single Stat $2 5-Player (PIT @ CLE Total Yards),154115,Single Stat - Total Yards,2.0,0,5,1,9.0,2026-10-02 00:15:00+00:00,Thu 8:15PM
196186115,NFL Single Stat $2 5-Player (PIT @ CLE Total Yards),154115,Single Stat - Total Yards,2.0,0,5,1,9.0,2026-10-02 00:15:00+00:00,Thu 8:15PM
196186117,NFL Single Stat $2 3-Player (PIT @ CLE Total Yards),154115,Single Stat - Total Yards,2.0,0,3,1,5.4,2026-10-02 00:15:00+00:00,Thu 8:15PM
196186118,NFL Single Stat $2 3-Player (PIT @ CLE Total Yards),154115,Single Stat - Total Yards,2.0,0,3,1,5.4,2026-10-02 00:15:00+00:00,Thu 8:15PM
196186119,NFL Single Stat $1 50-50 (PIT @ CLE Total Yards),154115,Single Stat - Total Yards,1.0,0,20,1,18.0,2026-10-02 00:15:00+00:00,Thu 8:15PM
196186120,NFL Single Stat $1 50-50 (PIT @ CLE Total Yards),154115,Single Stat - Total Yards,1.0,0,10,1,9.0,2026-10-02 00:15:00+00:00,Thu 8:15PM
196186121,NFL Single Stat $1 50-50 (PIT @ CLE Total Yards),154115,Single Stat - Total Yards,1.0,0,10,1,9.0,2026-10-02 00:15:00+00:00,Thu 8:15PM
196186152,NFL Single Stat $1 Double Up (PIT @ CLE Total Yards),154115,Single Stat - Total Yards,1.0,0,11,1,10.0,2026-10-02 00:15:00+00:00,Thu 8:15PM
196186153,NFL Single Stat $1 Double Up (PIT @ CLE Total Yards),154115,Single Stat - Total Yards,1.0,0,11,1,10.0,2026-10-02 00:15:00+00:00,Thu 8:15PM
196186123,NFL Single Stat $1 20-Player (PIT @ CLE Total Yards),154115,Single Stat - Total Yards,1.0,0,20,1,18.0,2026-10-02 00:15:00+00:00,Thu 8:15PM
196186124,NFL Single Stat $1 10-Player (PIT @ CLE Total Yards),154115,Single Stat - Total Yards,1.0,0,10,1,9.0,2026-10-02 00:15:00+00:00,Thu 8:15PM
196186125,NFL Single Stat $1 10-Player (PIT @ CLE Total Yards),154115,Single Stat - Total Yards,1.0,0,10,1,9.0,2026-10-02 00:15:00+00:00,Thu 8:15PM
196186126,NFL Single Stat $1 5-Player (PIT @ CLE Total Yards),154115,Single Stat - Total Yards,1.0,0,5,1,4.5,2026-10-02 00:15:00+00:00,Thu 8:15PM
196186127,NFL Single Stat $1 5-Player (PIT @ CLE Total Yards),154115,Single Stat - Total Yards,1.0,0,5,1,4.5,2026-10-02 00:15:00+00:00,Thu 8:15PM
196186128,NFL Single Stat $1 5-Player (PIT @ CLE Total Yards),154115,Single Stat - Total Yards,1.0,0,5,1,4.5,2026-10-02 00:15:00+00:00,Thu 8:15PM
196186130,NFL Single Stat $1 3-Player (PIT @ CLE Total Yards),154115,Single Stat - Total Yards,1.0,0,3,1,2.7,2026-10-02 00:15:00+00:00,Thu 8:15PM
196186131,NFL Single Stat $1 3-Player (PIT @ CLE Total Yards),154115,Single Stat - Total Yards,1.0,0,3,1,2.7,2026-10-02 00:15:00+00:00,Thu 8:15PM
196186132,NFL Single Stat $1 3-Player (PIT @ CLE Total Yards),154115,Single Stat - Total Yards,1.0,0,3,1,2.7,2026-10-02 00:15:00+00:00,Thu 8:15PM
196205078,NFL Snake Showdown $10 4-Player (IND vs WAS Snake),154118,Snake Showdown,10.0,1,4,1,36.0,2026-10-04 13:20:00+00:00,Sun 9:20AM
196205079,NFL Snake Showdown $10 4-Player (IND vs WAS Snake),154118,Snake Showdown,10.0,1,4,1,36.0,2026-10-04 13:20:00+00:00,Sun 9:20AM
196205080,NFL Snake Showdown $10 4-Player (IND vs WAS Snake),154118,Snake Showdown,10.0,1,4,1,36.0,2026-10-04 13:20:00+00:00,Sun 9:20AM
196205072,NFL Snake Showdown $5 4-Player (IND vs WAS Snake),154118,Snake Showdown,5.0,1,4,1,18.0,2026-10-04 13:20:00+00:00,Sun 9:20AM
196205073,NFL Snake Showdown $5 4-Player (IND vs WAS Snake),154118,Snake Showdown,5.0,1,4,1,18.0,2026-10-04 13:20:00+00:00,Sun 9:20AM
196205074,NFL Snake Showdown $5 4-Player (IND vs WAS Snake),154118,Snake Showdown,5.0,1,4,1,18.0,2026-10-04 13:20:00+00:00,Sun 9:20AM
196205084,NFL Snake Showdown $20 4-Player (IND vs WAS Snake),154118,Snake Showdown,20.0,1,4,1,72.0,2026-10-04 13:20:00+00:00,Sun 9:20AM
196205085,NFL Snake Showdown $20 4-Player (IND vs WAS Snake),154118,Snake Showdown,20.0,1,4,1,72.0,2026-10-04 13:20:00+00:00,Sun 9:20AM
196205086,NFL Snake Showdown $20 4-Player (IND vs WAS Snake),154118,Snake Showdown,20.0,1,4,1,72.0,2026-10-04 13:20:00+00:00,Sun 9:20AM
196205066,NFL Snake Showdown $1 4-Player (IND vs WAS Snake),154118,Snake Showdown,1.0,0,4,1,3.6,2026-10-04 13:20:00+00:00,Sun 9:20AM
196205067,NFL Snake Showdown $1 4-Player (IND vs WAS Snake),154118,Snake Showdown,1.0,0,4,1,3.6,2026-10-04 13:20:00+00:00,Sun 9:20AM
196205068,NFL Snake Showdown $1 4-Player (IND vs WAS Snake),154118,Snake Showdown,1.0,0,4,1,3.6,2026-10-04 13:20:00+00:00,Sun 9:20AM
196205090,NFL Snake Showdown $50 4-Player (IND vs WAS Snake),154118,Snake Showdown,50.0,0,4,1,180.0,2026-10-04 13:20:00+00:00,Sun 9:20AM
196205094,NFL Snake Showdown $109 4-Player (IND vs WAS Snake),154118,Snake Showdown,109.0,0,4,1,400.0,2026-10-04 13:20:00+00:00,Sun 9:20AM
196205097,NFL Snake Showdown $530 4-Player (IND vs WAS Snake),154118,Snake Showdown,530.0,0,4,1,2000.0,2026-10-04 13:20:00+00:00,Sun 9:20AM
196205075,NFL Snake Showdown $10 3-Player (IND vs WAS Snake),154118,Snake Showdown,10.0,1,3,1,27.0,2026-10-04 13:22:00+00:00,Sun 9:22AM
196205076,NFL Snake Showdown $10 3-Player (IND vs WAS Snake),154118,Snake Showdown,10.0,1,3,1,27.0,2026-10-04 13:22:00+00:00,Sun 9:22AM
196205077,NFL Snake Showdown $10 3-Player (IND vs WAS Snake),154118,Snake Showdown,10.0,1,3,1,27.0,2026-10-04 13:22:00+00:00,Sun 9:22AM
196205069,NFL Snake Showdown $5 3-Player (IND vs WAS Snake),154118,Snake Showdown,5.0,1,3,1,13.5,2026-10-04 13:22:00+00:00,Sun 9:22AM
196205070,NFL Snake Showdown $5 3-Player (IND vs WAS Snake),154118,Snake Showdown,5.0,1,3,1,13.5,2026-10-04 13:22:00+00:00,Sun 9:22AM
196205071,NFL Snake Showdown $5 3-Player (IND vs WAS Snake),154118,Snake Showdown,5.0,1,3,1,13.5,2026-10-04 13:22:00+00:00,Sun 9:22AM
196205081,NFL Snake Showdown $20 3-Player (IND vs WAS Snake),154118,Snake Showdown,20.0,1,3,1,54.0,2026-10-04 13:22:00+00:00,Sun 9:22AM
196205082,NFL Snake Showdown $20 3-Player (IND vs WAS Snake),154118,Snake Showdown,20.0,1,3,1,54.0,2026-10-04 13:22:00+00:00,Sun 9:22AM
196205083,NFL Snake Showdown $20 3-Player (IND vs WAS Snake),154118,Snake Showdown,20.0,1,3,1,54.0,2026-10-04 13:22:00+00:00,Sun 9:22AM
196205063,NFL Snake Showdown $1 3-Player (IND vs WAS Snake),154118,Snake Showdown,1.0,0,3,1,2.7,2026-10-04 13:22:00+00:00,Sun 9:22AM
196205064,NFL Snake Showdown $1 3-Player (IND vs WAS Snake),154118,Snake Showdown,1.0,0,3,1,2.7,2026-10-04 13:22:00+00:00,Sun 9:22AM
196205065,NFL Snake Showdown $1 3-Player (IND vs WAS Snake),154118,Snake Showdown,1.0,0,3,1,2.7,2026-10-04 13:22:00+00:00,Sun 9:22AM
196205087,NFL Snake Showdown $50 3-Player (IND vs WAS Snake),154118,Snake Showdown,50.0,0,3,1,135.0,2026-10-04 13:22:00+00:00,Sun 9:22AM
196205088,NFL Snake Showdown $50 3-Player (IND vs WAS Snake),154118,Snake Showdown,50.0,0,3,1,135.0,2026-10-04 13:22:00+00:00,Sun 9:22AM
196205089,NFL Snake Showdown $50 3-Player (IND vs WAS Snake),154118,Snake Showdown,50.0,0,3,1,135.0,2026-10-04 13:22:00+00:00,Sun 9:22AM
196205091,NFL Snake Showdown $109 3-Player (IND vs WAS Snake),154118,Snake Showdown,109.0,0,3,1,300.0,2026-10-04 13:22:00+00:00,Sun 9:22AM
196205092,NFL Snake Showdown $109 3-Player (IND vs WAS Snake),154118,Snake Showdown,109.0,0,3,1,300.0,2026-10-04 13:22:00+00:00,Sun 9:22AM
196205093,NFL Snake Showdown $109 3-Player (IND vs WAS Snake),154118,Snake Showdown,109.0,0,3,1,300.0,2026-10-04 13:22:00+00:00,Sun 9:22AM
196205095,NFL Snake Showdown $530 3-Player (IND vs WAS Snake),154118,Snake Showdown,530.0,0,3,1,1500.0,2026-10-04 13:22:00+00:00,Sun 9:22AM
196205096,NFL Snake Showdown $530 3-Player (IND vs WAS Snake),154118,Snake Showdown,530.0,0,3,1,1500.0,2026-10-04 13:22:00+00:00,Sun 9:22AM
196205098,"NFL Snake Showdown $1,060 3-Player (IND vs WAS Snake)",154118,Snake Showdown,1060.0,0,3,1,3000.0,2026-10-04 13:22:00+00:00,Sun 9:22AM
196205099,"NFL Snake Showdown $2,120 3-Player (IND vs WAS Snake)",154118,Snake Showdown,2120.0,0,3,1,6000.0,2026-10-04 13:22:00+00:00,Sun 9:22AM
196205100,"NFL Snake Showdown $5,300 3-Player (IND vs WAS Snake)",154118,Snake Showdown,5300.0,0,3,1,15000.0,2026-10-04 13:22:00+00:00,Sun 9:22AM
196205101,"NFL Snake Showdown $10,600 3-Player (IND vs WAS Snake)",154118,Snake Showdown,10600.0,0,3,1,30000.0,2026-10-04 13:22:00+00:00,Sun 9:22AM
196205901,NFL Showdown Satellite to $20 NFL Fantasy Football Millionaire [Must Fill] (IND vs WAS),154085,Showdown Captain Mode,7.4,0,3,1,20.0,2026-10-04 13:30:00+00:00,Sun 9:30AM
196205805,Beginner NFL Showdown $50 50-50 (IND vs WAS),154085,Showdown Captain Mode,50.0,0,4,1,180.0,2026-10-04 13:30:00+00:00,Sun 9:30AM
196205810,Beginner NFL Showdown $50 3-Player (IND vs WAS),154085,Showdown Captain Mode,50.0,0,3,1,135.0,2026-10-04 13:30:00+00:00,Sun 9:30AM
196205806,Beginner NFL Showdown $20 50-50 (IND vs WAS),154085,Showdown Captain Mode,20.0,0,4,1,72.0,2026-10-04 13:30:00+00:00,Sun 9:30AM
196205811,Beginner NFL Showdown $20 3-Player (IND vs WAS),154085,Showdown Captain Mode,20.0,0,3,1,54.0,2026-10-04 13:30:00+00:00,Sun 9:30AM
196205807,Beginner NFL Showdown $10 50-50 (IND vs WAS),154085,Showdown Captain Mode,10.0,0,4,1,36.0,2026-10-04 13:30:00+00:00,Sun 9:30AM
196205812,Beginner NFL Showdown $10 3-Player (IND vs WAS),154085,Showdown Captain Mode,10.0,0,3,1,27.0,2026-10-04 13:30:00+00:00,Sun 9:30AM
196205808,Beginner NFL Showdown $5 50-50 (IND vs WAS),154085,Showdown Captain Mode,5.0,0,4,1,18.0,2026-10-04 13:30:00+00:00,Sun 9:30AM
196205813,Beginner NFL Showdown $5 3-Player (IND vs WAS),154085,Showdown Captain Mode,5.0,0,3,1,13.5,2026-10-04 13:30:00+00:00,Sun 9:30AM
196205809,Beginner NFL Showdown $3 50-50 (IND vs WAS),154085,Showdown Captain Mode,3.0,0,4,1,10.8,2026-10-04 13:30:00+00:00,Sun 9:30AM
196205814,Beginner NFL Showdown $2 3-Player (IND vs WAS),154085,Showdown Captain Mode,2.0,0,3,1,5.4,2026-10-04 13:30:00+00:00,Sun 9:30AM
196205894,Beginner NFL Showdown $1 50-50 (IND vs WAS),154085,Showdown Captain Mode,1.0,0,4,1,3.6,2026-10-04 13:30:00+00:00,Sun 9:30AM
196205815,Beginner NFL Showdown $1 3-Player (IND vs WAS),154085,Showdown Captain Mode,1.0,0,3,1,2.7,2026-10-04 13:30:00+00:00,Sun 9:30AM
196205816,"NFL Showdown $10,600 3-Player (IND vs WAS)",154085,Showdown Captain Mode,10600.0,0,3,1,30000.0,2026-10-04 13:30:00+00:00,Sun 9:30AM
196205817,"NFL Showdown $10,600 3-Player (IND vs WAS)",154085,Showdown Captain Mode,10600.0,0,3,1,30000.0,2026-10-04 13:30:00+00:00,Sun 9:30AM
196205820,"NFL Showdown $5,300 50-50 (IND vs WAS)",154085,Showdown Captain Mode,5300.0,0,4,1,20000.0,2026-10-04 13:30:00+00:00,Sun 9:30AM
196205821,"NFL Showdown $5,300 50-50 (IND vs WAS)",154085,Showdown Captain Mode,5300.0,0,4,1,20000.0,2026-10-04 13:30:00+00:00,Sun 9:30AM
196205818,"NFL Showdown $5,300 3-Player (IND vs WAS)",154085,Showdown Captain Mode,5300.0,0,3,1,15000.0,2026-10-04 13:30:00+00:00,Sun 9:30AM
196205819,"NFL Showdown $5,300 3-Player (IND vs WAS)",154085,Showdown Captain Mode,5300.0,0,3,1,15000.0,2026-10-04 13:30:00+00:00,Sun 9:30AM
196205822,"NFL Showdown $1,060 50-50 (IND vs WAS)",154085,Showdown Captain Mode,1060.0,0,4,1,4000.0,2026-10-04 13:30:00+00:00,Sun 9:30AM
196205823,"NFL Showdown $1,060 50-50 (IND vs WAS)",154085,Showdown Captain Mode,1060.0,0,4,1,4000.0,2026-10-04 13:30:00+00:00,Sun 9:30AM
196205824,"NFL Showdown $1,060 3-Player (IND vs WAS)",154085,Showdown Captain Mode,1060.0,0,3,1,3000.0,2026-10-04 13:30:00+00:00,Sun 9:30AM
196205825,"NFL Showdown $1,060 3-Player (IND vs WAS)",154085,Showdown Captain Mode,1060.0,0,3,1,3000.0,2026-10-04 13:30:00+00:00,Sun 9:30AM
196205826,NFL Showdown $530 50-50 (IND vs WAS),154085,Showdown Captain Mode,530.0,0,4,1,2000.0,2026-10-04 13:30:00+00:00,Sun 9:30AM
196205827,NFL Showdown $530 50-50 (IND vs WAS),154085,Showdown Captain Mode,530.0,0,4,1,2000.0,2026-10-04 13:30:00+00:00,Sun 9:30AM
196205828,NFL Showdown $530 3-Player (IND vs WAS),154085,Showdown Captain Mode,530.0,0,3,1,1500.0,2026-10-04 13:30:00+00:00,Sun 9:30AM
196205829,NFL Showdown $530 3-Player (IND vs WAS),154085,Showdown Captain Mode,530.0,0,3,1,1500.0,2026-10-04 13:30:00+00:00,Sun 9:30AM
196205888,NFL Showdown $270 50-50 (IND vs WAS),154085,Showdown Captain Mode,270.0,0,4,1,1000.0,2026-10-04 13:30:00+00:00,Sun 9:30AM
196205889,NFL Showdown $270 50-50 (IND vs WAS),154085,Showdown Captain Mode,270.0,0,4,1,1000.0,2026-10-04 13:30:00+00:00,Sun 9:30AM
196205834,NFL Showdown $270 3-Player (IND vs WAS),154085,Showdown Captain Mode,270.0,0,3,1,750.0,2026-10-04 13:30:00+00:00,Sun 9:30AM
196205835,NFL Showdown $270 3-Player (IND vs WAS),154085,Showdown Captain Mode,270.0,0,3,1,750.0,2026-10-04 13:30:00+00:00,Sun 9:30AM
196205837,NFL Showdown $109 50-50 (IND vs WAS),154085,Showdown Captain Mode,109.0,0,4,1,400.0,2026-10-04 13:30:00+00:00,Sun 9:30AM
196205838,NFL Showdown $109 50-50 (IND vs WAS),154085,Showdown Captain Mode,109.0,0,4,1,400.0,2026-10-04 13:30:00+00:00,Sun 9:30AM
196205841,NFL Showdown $109 3-Player (IND vs WAS),154085,Showdown Captain Mode,109.0,0,3,1,300.0,2026-10-04 13:30:00+00:00,Sun 9:30AM
196205842,NFL Showdown $109 3-Player (IND vs WAS),154085,Showdown Captain Mode,109.0,0,3,1,300.0,2026-10-04 13:30:00+00:00,Sun 9:30AM
196205843,NFL Showdown $109 3-Player (IND vs WAS),154085,Showdown Captain Mode,109.0,0,3,1,300.0,2026-10-04 13:30:00+00:00,Sun 9:30AM
196205850,NFL Showdown $50 50-50 (IND vs WAS),154085,Showdown Captain Mode,50.0,0,8,1,360.0,2026-10-04 13:30:00+00:00,Sun 9:30AM
196205847,NFL Showdown $50 50-50 (IND vs WAS),154085,Showdown Captain Mode,50.0,0,4,1,180.0,2026-10-04 13:30:00+00:00,Sun 9:30AM
196205881,NFL Showdown $50 Double Up (IND vs WAS),154085,Showdown Captain Mode,50.0,0,22,1,1000.0,2026-10-04 13:30:00+00:00,Sun 9:30AM
196205880,NFL Showdown $50 Double Up (IND vs WAS),154085,Showdown Captain Mode,50.0,0,11,1,500.0,2026-10-04 13:30:00+00:00,Sun 9:30AM
196205856,NFL Showdown $50 3-Player (IND vs WAS),154085,Showdown Captain Mode,50.0,0,3,1,135.0,2026-10-04 13:30:00+00:00,Sun 9:30AM
196205879,NFL Showdown $25 Double Up (IND vs WAS),154085,Showdown Captain Mode,25.0,0,22,1,500.0,2026-10-04 13:30:00+00:00,Sun 9:30AM
196205878,NFL Showdown $25 Double Up (IND vs WAS),154085,Showdown Captain Mode,25.0,0,11,1,250.0,2026-10-04 13:30:00+00:00,Sun 9:30AM
196205867,NFL Showdown $20 50-50 (IND vs WAS),154085,Showdown Captain Mode,20.0,0,10,1,180.0,2026-10-04 13:30:00+00:00,Sun 9:30AM
196205863,NFL Showdown $20 50-50 (IND vs WAS),154085,Showdown Captain Mode,20.0,0,4,1,72.0,2026-10-04 13:30:00+00:00,Sun 9:30AM
196205868,NFL Showdown $20 5-Player (IND vs WAS),154085,Showdown Captain Mode,20.0,0,5,1,90.0,2026-10-04 13:30:00+00:00,Sun 9:30AM
196205869,NFL Showdown $20 3-Player (IND vs WAS),154085,Showdown Captain Mode,20.0,0,3,1,54.0,2026-10-04 13:30:00+00:00,Sun 9:30AM
196205870,NFL Showdown $20 3-Player (IND vs WAS),154085,Showdown Captain Mode,20.0,0,3,1,54.0,2026-10-04 13:30:00+00:00,Sun 9:30AM
196205872,NFL Showdown $10 50-50 (IND vs WAS),154085,Showdown Captain Mode,10.0,0,10,1,90.0,2026-10-04 13:30:00+00:00,Sun 9:30AM
196205871,NFL Showdown $10 50-50 (IND vs WAS),154085,Showdown Captain Mode,10.0,0,4,1,36.0,2026-10-04 13:30:00+00:00,Sun 9:30AM
196205876,NFL Showdown $10 Double Up (IND vs WAS),154085,Showdown Captain Mode,10.0,0,11,1,100.0,2026-10-04 13:30:00+00:00,Sun 9:30AM
196205877,NFL Showdown $10 Double Up (IND vs WAS),154085,Showdown Captain Mode,10.0,0,11,1,100.0,2026-10-04 13:30:00+00:00,Sun 9:30AM
196205873,NFL Showdown $10 5-Player (IND vs WAS),154085,Showdown Captain Mode,10.0,0,5,1,45.0,2026-10-04 13:30:00+00:00,Sun 9:30AM
196205874,NFL Showdown $10 3-Player (IND vs WAS),154085,Showdown Captain Mode,10.0,0,3,1,27.0,2026-10-04 13:30:00+00:00,Sun 9:30AM
196205875,NFL Showdown $10 3-Player (IND vs WAS),154085,Showdown Captain Mode,10.0,0,3,1,27.0,2026-10-04 13:30:00+00:00,Sun 9:30AM
196205830,NFL Showdown $5 50-50 (IND vs WAS),154085,Showdown Captain Mode,5.0,0,10,1,45.0,2026-10-04 13:30:00+00:00,Sun 9:30AM
196205831,NFL Showdown $5 50-50 (IND vs WAS),154085,Showdown Captain Mode,5.0,0,4,1,18.0,2026-10-04 13:30:00+00:00,Sun 9:30AM
196205832,NFL Showdown $5 50-50 (IND vs WAS),154085,Showdown Captain Mode,5.0,0,4,1,18.0,2026-10-04 13:30:00+00:00,Sun 9:30AM
196205882,NFL Showdown $5 Double Up (IND vs WAS),154085,Showdown Captain Mode,5.0,0,11,1,50.0,2026-10-04 13:30:00+00:00,Sun 9:30AM
196205883,NFL Showdown $5 Double Up (IND vs WAS),154085,Showdown Captain Mode,5.0,0,11,1,50.0,2026-10-04 13:30:00+00:00,Sun 9:30AM
196205833,NFL Showdown $5 20-Player (IND vs WAS),154085,Showdown Captain Mode,5.0,0,20,1,90.0,2026-10-04 13:30:00+00:00,Sun 9:30AM
196205836,NFL Showdown $5 10-Player (IND vs WAS),154085,Showdown Captain Mode,5.0,0,10,1,45.0,2026-10-04 13:30:00+00:00,Sun 9:30AM
196205890,NFL Showdown $5 5-Player (IND vs WAS),154085,Showdown Captain Mode,5.0,0,5,1,22.5,2026-10-04 13:30:00+00:00,Sun 9:30AM
196205891,NFL Showdown $5 5-Player (IND vs WAS),154085,Showdown Captain Mode,5.0,0,5,1,22.5,2026-10-04 13:30:00+00:00,Sun 9:30AM
196205892,NFL Showdown $5 3-Player (IND vs WAS),154085,Showdown Captain Mode,5.0,0,3,1,13.5,2026-10-04 13:30:00+00:00,Sun 9:30AM
196205893,NFL Showdown $5 3-Player (IND vs WAS),154085,Showdown Captain Mode,5.0,0,3,1,13.5,2026-10-04 13:30:00+00:00,Sun 9:30AM
196205884,NFL Showdown $3 Double Up (IND vs WAS),154085,Showdown Captain Mode,3.0,0,11,1,30.0,2026-10-04 13:30:00+00:00,Sun 9:30AM
196205885,NFL Showdown $3 Double Up (IND vs WAS),154085,Showdown Captain Mode,3.0,0,11,1,30.0,2026-10-04 13:30:00+00:00,Sun 9:30AM
196205839,NFL Showdown $2 50-50 (IND vs WAS),154085,Showdown Captain Mode,2.0,0,20,1,36.0,2026-10-04 13:30:00+00:00,Sun 9:30AM
196205840,NFL Showdown $2 50-50 (IND vs WAS),154085,Showdown Captain Mode,2.0,0,10,1,18.0,2026-10-04 13:30:00+00:00,Sun 9:30AM
196205844,NFL Showdown $2 20-Player (IND vs WAS),154085,Showdown Captain Mode,2.0,0,20,1,36.0,2026-10-04 13:30:00+00:00,Sun 9:30AM
196205845,NFL Showdown $2 10-Player (IND vs WAS),154085,Showdown Captain Mode,2.0,0,10,1,18.0,2026-10-04 13:30:00+00:00,Sun 9:30AM
196205846,NFL Showdown $2 10-Player (IND vs WAS),154085,Showdown Captain Mode,2.0,0,10,1,18.0,2026-10-04 13:30:00+00:00,Sun 9:30AM
196205848,NFL Showdown $2 5-Player (IND vs WAS),154085,Showdown Captain Mode,2.0,0,5,1,9.0,2026-10-04 13:30:00+00:00,Sun 9:30AM
196205849,NFL Showdown $2 5-Player (IND vs WAS),154085,Showdown Captain Mode,2.0,0,5,1,9.0,2026-10-04 13:30:00+00:00,Sun 9:30AM
196205851,NFL Showdown $2 3-Player (IND vs WAS),154085,Showdown Captain Mode,2.0,0,3,1,5.4,2026-10-04 13:30:00+00:00,Sun 9:30AM
196205852,NFL Showdown $2 3-Player (IND vs WAS),154085,Showdown Captain Mode,2.0,0,3,1,5.4,2026-10-04 13:30:00+00:00,Sun 9:30AM
196205853,NFL Showdown $1 50-50 (IND vs WAS),154085,Showdown Captain Mode,1.0,0,20,1,18.0,2026-10-04 13:30:00+00:00,Sun 9:30AM
196205854,NFL Showdown $1 50-50 (IND vs WAS),154085,Showdown Captain Mode,1.0,0,10,1,9.0,2026-10-04 13:30:00+00:00,Sun 9:30AM
196205855,NFL Showdown $1 50-50 (IND vs WAS),154085,Showdown Captain Mode,1.0,0,10,1,9.0,2026-10-04 13:30:00+00:00,Sun 9:30AM
196205886,NFL Showdown $1 Double Up (IND vs WAS),154085,Showdown Captain Mode,1.0,0,11,1,10.0,2026-10-04 13:30:00+00:00,Sun 9:30AM
196205887,NFL Showdown $1 Double Up (IND vs WAS),154085,Showdown Captain Mode,1.0,0,11,1,10.0,2026-10-04 13:30:00+00:00,Sun 9:30AM
196205857,NFL Showdown $1 20-Player (IND vs WAS),154085,Showdown Captain Mode,1.0,0,20,1,18.0,2026-10-04 13:30:00+00:00,Sun 9:30AM
196205858,NFL Showdown $1 10-Player (IND vs WAS),154085,Showdown Captain Mode,1.0,0,10,1,9.0,2026-10-04 13:30:00+00:00,Sun 9:30AM
196205859,NFL Showdown $1 10-Player (IND vs WAS),154085,Showdown Captain Mode,1.0,0,10,1,9.0,2026-10-04 13:30:00+00:00,Sun 9:30AM
196205860,NFL Showdown $1 5-Player (IND vs WAS),154085,Showdown Captain Mode,1.0,0,5,1,4.5,2026-10-04 13:30:00+00:00,Sun 9:30AM
196205861,NFL Showdown $1 5-Player (IND vs WAS),154085,Showdown Captain Mode,1.0,0,5,1,4.5,2026-10-04 13:30:00+00:00,Sun 9:30AM
196205862,NFL Showdown $1 5-Player (IND vs WAS),154085,Showdown Captain Mode,1.0,0,5,1,4.5,2026-10-04 13:30:00+00:00,Sun 9:30AM
196205864,NFL Showdown $1 3-Player (IND vs WAS),154085,Showdown Captain Mode,1.0,0,3,1,2.7,2026-10-04 13:30:00+00:00,Sun 9:30AM
196205865,NFL Showdown $1 3-Player (IND vs WAS),154085,Showdown Captain Mode,1.0,0,3,1,2.7,2026-10-04 13:30:00+00:00,Sun 9:30AM
196205866,NFL Showdown $1 3-Player (IND vs WAS),154085,Showdown Captain Mode,1.0,0,3,1,2.7,2026-10-04 13:30:00+00:00,Sun 9:30AM
196171908,NFL Snake $10 12-Player,154107,Snake,10.0,2,12,1,108.0,2026-10-04 16:16:00+00:00,Sun 12:16PM
196226953,NFL Snake $1 12-Player,154107,Snake,1.0,1,12,1,10.8,2026-10-04 16:16:00+00:00,Sun 12:16PM
196171905,NFL Snake $5 12-Player,154107,Snake,5.0,1,12,1,54.0,2026-10-04 16:16:00+00:00,Sun 12:16PM
196171911,NFL Snake $20 12-Player,154107,Snake,20.0,1,12,1,216.0,2026-10-04 16:16:00+00:00,Sun 12:16PM
196171913,NFL Snake $50 12-Player,154107,Snake,50.0,0,12,1,540.0,2026-10-04 16:16:00+00:00,Sun 12:16PM
196171906,NFL Snake $10 6-Player,154107,Snake,10.0,1,6,1,54.0,2026-10-04 16:37:00+00:00,Sun 12:37PM
196171907,NFL Snake $10 6-Player,154107,Snake,10.0,1,6,1,54.0,2026-10-04 16:37:00+00:00,Sun 12:37PM
196171904,NFL Snake $5 6-Player,154107,Snake,5.0,1,6,1,27.0,2026-10-04 16:37:00+00:00,Sun 12:37PM
196223195,NFL Snake $5 6-Player,154107,Snake,5.0,1,6,1,27.0,2026-10-04 16:37:00+00:00,Sun 12:37PM
196171909,NFL Snake $20 6-Player,154107,Snake,20.0,1,6,1,108.0,2026-10-04 16:37:00+00:00,Sun 12:37PM
196171910,NFL Snake $20 6-Player,154107,Snake,20.0,1,6,1,108.0,2026-10-04 16:37:00+00:00,Sun 12:37PM
196217789,NFL Snake $1 6-Player,154107,Snake,1.0,0,6,1,5.4,2026-10-04 16:37:00+00:00,Sun 12:37PM
196219125,NFL Snake $1 6-Player,154107,Snake,1.0,0,6,1,5.4,2026-10-04 16:37:00+00:00,Sun 12:37PM
196171912,NFL Snake $50 6-Player,154107,Snake,50.0,0,6,1,270.0,2026-10-04 16:37:00+00:00,Sun 12:37PM
196171914,NFL Snake $109 6-Player,154107,Snake,109.0,0,6,1,600.0,2026-10-04 16:37:00+00:00,Sun 12:37PM
196171915,NFL Snake $530 6-Player,154107,Snake,530.0,0,6,1,3000.0,2026-10-04 16:37:00+00:00,Sun 12:37PM
196225490,NFL Snake $10 3-Player,154107,Snake,10.0,1,3,1,27.0,2026-10-04 16:47:00+00:00,Sun 12:47PM
196226780,NFL Snake $10 3-Player,154107,Snake,10.0,1,3,1,27.0,2026-10-04 16:47:00+00:00,Sun 12:47PM
196224799,NFL Snake $5 3-Player,154107,Snake,5.0,1,3,1,13.5,2026-10-04 16:47:00+00:00,Sun 12:47PM
196226052,NFL Snake $5 3-Player,154107,Snake,5.0,1,3,1,13.5,2026-10-04 16:47:00+00:00,Sun 12:47PM
196226098,NFL Snake $5 3-Player,154107,Snake,5.0,1,3,1,13.5,2026-10-04 16:47:00+00:00,Sun 12:47PM
196171926,NFL Snake $20 3-Player,154107,Snake,20.0,1,3,1,54.0,2026-10-04 16:47:00+00:00,Sun 12:47PM
196171927,NFL Snake $20 3-Player,154107,Snake,20.0,1,3,1,54.0,2026-10-04 16:47:00+00:00,Sun 12:47PM
196221068,NFL Snake $20 3-Player,154107,Snake,20.0,1,3,1,54.0,2026-10-04 16:47:00+00:00,Sun 12:47PM
196171928,NFL Snake $50 3-Player,154107,Snake,50.0,1,3,1,135.0,2026-10-04 16:47:00+00:00,Sun 12:47PM
196227986,NFL Snake $10 3-Player,154107,Snake,10.0,0,3,1,27.0,2026-10-04 16:47:00+00:00,Sun 12:47PM
196219411,NFL Snake $1 3-Player,154107,Snake,1.0,0,3,1,2.7,2026-10-04 16:47:00+00:00,Sun 12:47PM
196222114,NFL Snake $1 3-Player,154107,Snake,1.0,0,3,1,2.7,2026-10-04 16:47:00+00:00,Sun 12:47PM
196224552,NFL Snake $1 3-Player,154107,Snake,1.0,0,3,1,2.7,2026-10-04 16:47:00+00:00,Sun 12:47PM
196171929,NFL Snake $50 3-Player,154107,Snake,50.0,0,3,1,135.0,2026-10-04 16:47:00+00:00,Sun 12:47PM
196171930,NFL Snake $50 3-Player,154107,Snake,50.0,0,3,1,135.0,2026-10-04 16:47:00+00:00,Sun 12:47PM
196171931,NFL Snake $109 3-Player,154107,Snake,109.0,0,3,1,300.0,2026-10-04 16:47:00+00:00,Sun 12:47PM
196171932,NFL Snake $109 3-Player,154107,Snake,109.0,0,3,1,300.0,2026-10-04 16:47:00+00:00,Sun 12:47PM
196171933,NFL Snake $109 3-Player,154107,Snake,109.0,0,3,1,300.0,2026-10-04 16:47:00+00:00,Sun 12:47PM
196171934,NFL Snake $530 3-Player,154107,Snake,530.0,0,3,1,1500.0,2026-10-04 16:47:00+00:00,Sun 12:47PM
196171935,NFL Snake $530 3-Player,154107,Snake,530.0,0,3,1,1500.0,2026-10-04 16:47:00+00:00,Sun 12:47PM
196171936,"NFL Snake $1,060 3-Player",154107,Snake,1060.0,0,3,1,3000.0,2026-10-04 16:47:00+00:00,Sun 12:47PM
196171937,"NFL Snake $2,120 3-Player",154107,Snake,2120.0,0,3,1,6000.0,2026-10-04 16:47:00+00:00,Sun 12:47PM
196171938,"NFL Snake $5,300 3-Player",154107,Snake,5300.0,0,3,1,15000.0,2026-10-04 16:47:00+00:00,Sun 12:47PM
196171939,"NFL Snake $10,600 3-Player",154107,Snake,10600.0,0,3,1,30000.0,2026-10-04 16:47:00+00:00,Sun 12:47PM
196205117,NFL Snake Showdown $10 4-Player (LAR @ PHI Snake),154378,Snake Showdown,10.0,1,4,1,36.0,2026-10-04 16:50:00+00:00,Sun 12:50PM
196205118,NFL Snake Showdown $10 4-Player (LAR @ PHI Snake),154378,Snake Showdown,10.0,1,4,1,36.0,2026-10-04 16:50:00+00:00,Sun 12:50PM
196205119,NFL Snake Showdown $10 4-Player (LAR @ PHI Snake),154378,Snake Showdown,10.0,1,4,1,36.0,2026-10-04 16:50:00+00:00,Sun 12:50PM
196205111,NFL Snake Showdown $5 4-Player (LAR @ PHI Snake),154378,Snake Showdown,5.0,1,4,1,18.0,2026-10-04 16:50:00+00:00,Sun 12:50PM
196205112,NFL Snake Showdown $5 4-Player (LAR @ PHI Snake),154378,Snake Showdown,5.0,1,4,1,18.0,2026-10-04 16:50:00+00:00,Sun 12:50PM
196205113,NFL Snake Showdown $5 4-Player (LAR @ PHI Snake),154378,Snake Showdown,5.0,1,4,1,18.0,2026-10-04 16:50:00+00:00,Sun 12:50PM
196205123,NFL Snake Showdown $20 4-Player (LAR @ PHI Snake),154378,Snake Showdown,20.0,1,4,1,72.0,2026-10-04 16:50:00+00:00,Sun 12:50PM
196205124,NFL Snake Showdown $20 4-Player (LAR @ PHI Snake),154378,Snake Showdown,20.0,1,4,1,72.0,2026-10-04 16:50:00+00:00,Sun 12:50PM
196205125,NFL Snake Showdown $20 4-Player (LAR @ PHI Snake),154378,Snake Showdown,20.0,1,4,1,72.0,2026-10-04 16:50:00+00:00,Sun 12:50PM
196205105,NFL Snake Showdown $1 4-Player (LAR @ PHI Snake),154378,Snake Showdown,1.0,0,4,1,3.6,2026-10-04 16:50:00+00:00,Sun 12:50PM
196205106,NFL Snake Showdown $1 4-Player (LAR @ PHI Snake),154378,Snake Showdown,1.0,0,4,1,3.6,2026-10-04 16:50:00+00:00,Sun 12:50PM
196205107,NFL Snake Showdown $1 4-Player (LAR @ PHI Snake),154378,Snake Showdown,1.0,0,4,1,3.6,2026-10-04 16:50:00+00:00,Sun 12:50PM
196205129,NFL Snake Showdown $50 4-Player (LAR @ PHI Snake),154378,Snake Showdown,50.0,0,4,1,180.0,2026-10-04 16:50:00+00:00,Sun 12:50PM
196205133,NFL Snake Showdown $109 4-Player (LAR @ PHI Snake),154378,Snake Showdown,109.0,0,4,1,400.0,2026-10-04 16:50:00+00:00,Sun 12:50PM
196205136,NFL Snake Showdown $530 4-Player (LAR @ PHI Snake),154378,Snake Showdown,530.0,0,4,1,2000.0,2026-10-04 16:50:00+00:00,Sun 12:50PM
196205114,NFL Snake Showdown $10 3-Player (LAR @ PHI Snake),154378,Snake Showdown,10.0,1,3,1,27.0,2026-10-04 16:52:00+00:00,Sun 12:52PM
196205115,NFL Snake Showdown $10 3-Player (LAR @ PHI Snake),154378,Snake Showdown,10.0,1,3,1,27.0,2026-10-04 16:52:00+00:00,Sun 12:52PM
196205116,NFL Snake Showdown $10 3-Player (LAR @ PHI Snake),154378,Snake Showdown,10.0,1,3,1,27.0,2026-10-04 16:52:00+00:00,Sun 12:52PM
196205108,NFL Snake Showdown $5 3-Player (LAR @ PHI Snake),154378,Snake Showdown,5.0,1,3,1,13.5,2026-10-04 16:52:00+00:00,Sun 12:52PM
196205109,NFL Snake Showdown $5 3-Player (LAR @ PHI Snake),154378,Snake Showdown,5.0,1,3,1,13.5,2026-10-04 16:52:00+00:00,Sun 12:52PM
196205110,NFL Snake Showdown $5 3-Player (LAR @ PHI Snake),154378,Snake Showdown,5.0,1,3,1,13.5,2026-10-04 16:52:00+00:00,Sun 12:52PM
196205120,NFL Snake Showdown $20 3-Player (LAR @ PHI Snake),154378,Snake Showdown,20.0,1,3,1,54.0,2026-10-04 16:52:00+00:00,Sun 12:52PM
196205121,NFL Snake Showdown $20 3-Player (LAR @ PHI Snake),154378,Snake Showdown,20.0,1,3,1,54.0,2026-10-04 16:52:00+00:00,Sun 12:52PM
196205122,NFL Snake Showdown $20 3-Player (LAR @ PHI Snake),154378,Snake Showdown,20.0,1,3,1,54.0,2026-10-04 16:52:00+00:00,Sun 12:52PM
196205102,NFL Snake Showdown $1 3-Player (LAR @ PHI Snake),154378,Snake Showdown,1.0,0,3,1,2.7,2026-10-04 16:52:00+00:00,Sun 12:52PM
196205103,NFL Snake Showdown $1 3-Player (LAR @ PHI Snake),154378,Snake Showdown,1.0,0,3,1,2.7,2026-10-04 16:52:00+00:00,Sun 12:52PM
196205104,NFL Snake Showdown $1 3-Player (LAR @ PHI Snake),154378,Snake Showdown,1.0,0,3,1,2.7,2026-10-04 16:52:00+00:00,Sun 12:52PM
196205126,NFL Snake Showdown $50 3-Player (LAR @ PHI Snake),154378,Snake Showdown,50.0,0,3,1,135.0,2026-10-04 16:52:00+00:00,Sun 12:52PM
196205127,NFL Snake Showdown $50 3-Player (LAR @ PHI Snake),154378,Snake Showdown,50.0,0,3,1,135.0,2026-10-04 16:52:00+00:00,Sun 12:52PM
196205128,NFL Snake Showdown $50 3-Player (LAR @ PHI Snake),154378,Snake Showdown,50.0,0,3,1,135.0,2026-10-04 16:52:00+00:00,Sun 12:52PM
196205130,NFL Snake Showdown $109 3-Player (LAR @ PHI Snake),154378,Snake Showdown,109.0,0,3,1,300.0,2026-10-04 16:52:00+00:00,Sun 12:52PM
196205131,NFL Snake Showdown $109 3-Player (LAR @ PHI Snake),154378,Snake Showdown,109.0,0,3,1,300.0,2026-10-04 16:52:00+00:00,Sun 12:52PM
196205132,NFL Snake Showdown $109 3-Player (LAR @ PHI Snake),154378,Snake Showdown,109.0,0,3,1,300.0,2026-10-04 16:52:00+00:00,Sun 12:52PM
196205134,NFL Snake Showdown $530 3-Player (LAR @ PHI Snake),154378,Snake Showdown,530.0,0,3,1,1500.0,2026-10-04 16:52:00+00:00,Sun 12:52PM
196205135,NFL Snake Showdown $530 3-Player (LAR @ PHI Snake),154378,Snake Showdown,530.0,0,3,1,1500.0,2026-10-04 16:52:00+00:00,Sun 12:52PM
196205137,"NFL Snake Showdown $1,060 3-Player (LAR @ PHI Snake)",154378,Snake Showdown,1060.0,0,3,1,3000.0,2026-10-04 16:52:00+00:00,Sun 12:52PM
196205138,"NFL Snake Showdown $2,120 3-Player (LAR @ PHI Snake)",154378,Snake Showdown,2120.0,0,3,1,6000.0,2026-10-04 16:52:00+00:00,Sun 12:52PM
196205139,"NFL Snake Showdown $5,300 3-Player (LAR @ PHI Snake)",154378,Snake Showdown,5300.0,0,3,1,15000.0,2026-10-04 16:52:00+00:00,Sun 12:52PM
196205140,"NFL Snake Showdown $10,600 3-Player (LAR @ PHI Snake)",154378,Snake Showdown,10600.0,0,3,1,30000.0,2026-10-04 16:52:00+00:00,Sun 12:52PM
196171223,NFL Satellite to $20 NFL Fantasy Football Millionaire [Must Fill],154078,Classic,7.4,1,3,1,20.0,2026-10-04 17:00:00+00:00,Sun 1:00PM
196172238,NFL Satellite to NBA Best Ball $20 Shootaround [Must Fill],154078,Classic,7.4,1,3,1,20.0,2026-10-04 17:00:00+00:00,Sun 1:00PM
196172250,NFL Satellite to NBA 10-20 $20 Opening Tip Off [Must Fill],154078,Classic,7.4,1,3,1,20.0,2026-10-04 17:00:00+00:00,Sun 1:00PM
196171148,Casual NFL $20 50-50,154078,Classic,20.0,2,10,1,180.0,2026-10-04 17:00:00+00:00,Sun 1:00PM
196194268,Casual NFL $20 50-50,154078,Classic,20.0,1,10,1,180.0,2026-10-04 17:00:00+00:00,Sun 1:00PM
196171155,Casual NFL $10 50-50,154078,Classic,10.0,2,10,1,90.0,2026-10-04 17:00:00+00:00,Sun 1:00PM
196171156,Casual NFL $5 50-50,154078,Classic,5.0,2,10,1,45.0,2026-10-04 17:00:00+00:00,Sun 1:00PM
196171157,Casual NFL $5 50-50,154078,Classic,5.0,2,10,1,45.0,2026-10-04 17:00:00+00:00,Sun 1:00PM
196171159,Casual NFL $3 50-50,154078,Classic,3.0,2,10,1,27.0,2026-10-04 17:00:00+00:00,Sun 1:00PM
196171186,Casual NFL $2 3-Player,154078,Classic,2.0,1,3,1,5.4,2026-10-04 17:00:00+00:00,Sun 1:00PM
196171162,Casual NFL $1 50-50,154078,Classic,1.0,4,10,1,9.0,2026-10-04 17:00:00+00:00,Sun 1:00PM
196171163,Casual NFL $1 50-50,154078,Classic,1.0,1,10,1,9.0,2026-10-04 17:00:00+00:00,Sun 1:00PM
196171188,Casual NFL $1 5-Player,154078,Classic,1.0,1,5,1,4.5,2026-10-04 17:00:00+00:00,Sun 1:00PM
196171189,Casual NFL $1 5-Player,154078,Classic,1.0,1,5,1,4.5,2026-10-04 17:00:00+00:00,Sun 1:00PM
196171190,Casual NFL $1 5-Player,154078,Classic,1.0,1,5,1,4.5,2026-10-04 17:00:00+00:00,Sun 1:00PM
196171191,Casual NFL $1 3-Player,154078,Classic,1.0,1,3,1,2.7,2026-10-04 17:00:00+00:00,Sun 1:00PM
196171192,Casual NFL $1 3-Player,154078,Classic,1.0,1,3,1,2.7,2026-10-04 17:00:00+00:00,Sun 1:00PM
196171193,Casual NFL $1 3-Player,154078,Classic,1.0,1,3,1,2.7,2026-10-04 17:00:00+00:00,Sun 1:00PM
196171068,Beginner NFL $1 50-50,154078,Classic,1.0,1,10,1,9.0,2026-10-04 17:00:00+00:00,Sun 1:00PM
196171069,Beginner NFL $1 50-50,154078,Classic,1.0,1,10,1,9.0,2026-10-04 17:00:00+00:00,Sun 1:00PM
196171070,Beginner NFL $1 50-50,154078,Classic,1.0,1,10,1,9.0,2026-10-04 17:00:00+00:00,Sun 1:00PM
196171104,"NFL $10,600 3-Player",154078,Classic,10600.0,1,3,1,30000.0,2026-10-04 17:00:00+00:00,Sun 1:00PM
196171105,"NFL $10,600 3-Player",154078,Classic,10600.0,1,3,1,30000.0,2026-10-04 17:00:00+00:00,Sun 1:00PM
196177311,"NFL $10,600 3-Player",154078,Classic,10600.0,1,3,1,30000.0,2026-10-04 17:00:00+00:00,Sun 1:00PM
196177312,"NFL $10,600 3-Player",154078,Classic,10600.0,1,3,1,30000.0,2026-10-04 17:00:00+00:00,Sun 1:00PM
196171108,"NFL $5,300 50-50",154078,Classic,5300.0,1,4,1,20000.0,2026-10-04 17:00:00+00:00,Sun 1:00PM
196171109,"NFL $5,300 50-50",154078,Classic,5300.0,1,4,1,20000.0,2026-10-04 17:00:00+00:00,Sun 1:00PM
196171106,"NFL $5,300 3-Player",154078,Classic,5300.0,1,3,1,15000.0,2026-10-04 17:00:00+00:00,Sun 1:00PM
196171107,"NFL $5,300 3-Player",154078,Classic,5300.0,1,3,1,15000.0,2026-10-04 17:00:00+00:00,Sun 1:00PM
196177313,"NFL $5,300 3-Player",154078,Classic,5300.0,1,3,1,15000.0,2026-10-04 17:00:00+00:00,Sun 1:00PM
196177314,"NFL $5,300 3-Player",154078,Classic,5300.0,1,3,1,15000.0,2026-10-04 17:00:00+00:00,Sun 1:00PM
196171142,"NFL $2,120 50-50",154078,Classic,2120.0,1,4,1,8000.0,2026-10-04 17:00:00+00:00,Sun 1:00PM
196171143,"NFL $2,120 50-50",154078,Classic,2120.0,1,4,1,8000.0,2026-10-04 17:00:00+00:00,Sun 1:00PM
196171138,"NFL $2,120 3-Player",154078,Classic,2120.0,1,3,1,6000.0,2026-10-04 17:00:00+00:00,Sun 1:00PM
196171139,"NFL $2,120 3-Player",154078,Classic,2120.0,1,3,1,6000.0,2026-10-04 17:00:00+00:00,Sun 1:00PM
196177324,"NFL $2,120 3-Player",154078,Classic,2120.0,1,3,1,6000.0,2026-10-04 17:00:00+00:00,Sun 1:00PM
196177325,"NFL $2,120 3-Player",154078,Classic,2120.0,1,3,1,6000.0,2026-10-04 17:00:00+00:00,Sun 1:00PM
196171111,"NFL $1,060 50-50",154078,Classic,1060.0,1,4,1,4000.0,2026-10-04 17:00:00+00:00,Sun 1:00PM
196171112,"NFL $1,060 3-Player",154078,Classic,1060.0,1,3,1,3000.0,2026-10-04 17:00:00+00:00,Sun 1:00PM
196171113,"NFL $1,060 3-Player",154078,Classic,1060.0,1,3,1,3000.0,2026-10-04 17:00:00+00:00,Sun 1:00PM
196177315,"NFL $1,060 3-Player",154078,Classic,1060.0,1,3,1,3000.0,2026-10-04 17:00:00+00:00,Sun 1:00PM
196177316,"NFL $1,060 3-Player",154078,Classic,1060.0,1,3,1,3000.0,2026-10-04 17:00:00+00:00,Sun 1:00PM
196171115,NFL $530 50-50,154078,Classic,530.0,1,4,1,2000.0,2026-10-04 17:00:00+00:00,Sun 1:00PM
196171116,NFL $530 3-Player,154078,Classic,530.0,1,3,1,1500.0,2026-10-04 17:00:00+00:00,Sun 1:00PM
196171117,NFL $530 3-Player,154078,Classic,530.0,1,3,1,1500.0,2026-10-04 17:00:00+00:00,Sun 1:00PM
196177317,NFL $530 3-Player,154078,Classic,530.0,1,3,1,1500.0,2026-10-04 17:00:00+00:00,Sun 1:00PM
196177318,NFL $530 3-Player,154078,Classic,530.0,1,3,1,1500.0,2026-10-04 17:00:00+00:00,Sun 1:00PM
196171214,NFL $270 50-50,154078,Classic,270.0,1,4,1,1000.0,2026-10-04 17:00:00+00:00,Sun 1:00PM
196171118,NFL $270 3-Player,154078,Classic,270.0,1,3,1,750.0,2026-10-04 17:00:00+00:00,Sun 1:00PM
196171119,NFL $270 3-Player,154078,Classic,270.0,1,3,1,750.0,2026-10-04 17:00:00+00:00,Sun 1:00PM
196177319,NFL $270 3-Player,154078,Classic,270.0,1,3,1,750.0,2026-10-04 17:00:00+00:00,Sun 1:00PM
196177320,NFL $270 3-Player,154078,Classic,270.0,1,3,1,750.0,2026-10-04 17:00:00+00:00,Sun 1:00PM
196171006,NFL $162 50-50,154078,Classic,162.0,1,4,1,600.0,2026-10-04 17:00:00+00:00,Sun 1:00PM
196171015,NFL $162 3-Player,154078,Classic,162.0,1,3,1,450.0,2026-10-04 17:00:00+00:00,Sun 1:00PM
196171016,NFL $162 3-Player,154078,Classic,162.0,1,3,1,450.0,2026-10-04 17:00:00+00:00,Sun 1:00PM
196171017,NFL $162 3-Player,154078,Classic,162.0,1,3,1,450.0,2026-10-04 17:00:00+00:00,Sun 1:00PM
196177308,NFL $162 3-Player,154078,Classic,162.0,1,3,1,450.0,2026-10-04 17:00:00+00:00,Sun 1:00PM
196177309,NFL $162 3-Player,154078,Classic,162.0,1,3,1,450.0,2026-10-04 17:00:00+00:00,Sun 1:00PM
196177310,NFL $162 3-Player,154078,Classic,162.0,1,3,1,450.0,2026-10-04 17:00:00+00:00,Sun 1:00PM
196179432,NFL $162 3-Player,154078,Classic,162.0,1,3,1,450.0,2026-10-04 17:00:00+00:00,Sun 1:00PM
196171037,NFL $109 50-50,154078,Classic,109.0,1,20,1,2000.0,2026-10-04 17:00:00+00:00,Sun 1:00PM
196171009,NFL $109 50-50,154078,Classic,109.0,1,10,1,1000.0,2026-10-04 17:00:00+00:00,Sun 1:00PM
196171120,NFL $109 50-50,154078,Classic,109.0,1,4,1,400.0,2026-10-04 17:00:00+00:00,Sun 1:00PM
196171121,NFL $109 50-50,154078,Classic,109.0,1,4,1,400.0,2026-10-04 17:00:00+00:00,Sun 1:00PM
196171125,NFL $109 3-Player,154078,Classic,109.0,1,3,1,300.0,2026-10-04 17:00:00+00:00,Sun 1:00PM
196171126,NFL $109 3-Player,154078,Classic,109.0,2,3,1,300.0,2026-10-04 17:00:00+00:00,Sun 1:00PM
196171127,NFL $109 3-Player,154078,Classic,109.0,1,3,1,300.0,2026-10-04 17:00:00+00:00,Sun 1:00PM
196172806,NFL $109 3-Player,154078,Classic,109.0,1,3,1,300.0,2026-10-04 17:00:00+00:00,Sun 1:00PM
196177321,NFL $109 3-Player,154078,Classic,109.0,1,3,1,300.0,2026-10-04 17:00:00+00:00,Sun 1:00PM
196177322,NFL $109 3-Player,154078,Classic,109.0,1,3,1,300.0,2026-10-04 17:00:00+00:00,Sun 1:00PM
196177323,NFL $109 3-Player,154078,Classic,109.0,1,3,1,300.0,2026-10-04 17:00:00+00:00,Sun 1:00PM
196167445,NFL $109 3-Player (Winner Takes All),154078,Classic,109.0,2,3,1,300.0,2026-10-04 17:00:00+00:00,Sun 1:00PM
196171036,NFL $50 50-50,154078,Classic,50.0,1,20,1,900.0,2026-10-04 17:00:00+00:00,Sun 1:00PM
196171007,NFL $50 50-50,154078,Classic,50.0,1,10,1,450.0,2026-10-04 17:00:00+00:00,Sun 1:00PM
196171008,NFL $50 50-50,154078,Classic,50.0,1,10,1,450.0,2026-10-04 17:00:00+00:00,Sun 1:00PM
196170964,NFL $50 50-50,154078,Classic,50.0,1,4,1,180.0,2026-10-04 17:00:00+00:00,Sun 1:00PM
196170965,NFL $50 50-50,154078,Classic,50.0,1,4,1,180.0,2026-10-04 17:00:00+00:00,Sun 1:00PM
196170966,NFL $50 50-50,154078,Classic,50.0,1,4,1,180.0,2026-10-04 17:00:00+00:00,Sun 1:00PM
196171201,NFL $50 Double Up,154078,Classic,50.0,1,22,1,1000.0,2026-10-04 17:00:00+00:00,Sun 1:00PM
196171200,NFL $50 Double Up,154078,Classic,50.0,1,11,1,500.0,2026-10-04 17:00:00+00:00,Sun 1:00PM
196162141,NFL $50 10-Player (Winner Takes All),154078,Classic,50.0,3,10,1,450.0,2026-10-04 17:00:00+00:00,Sun 1:00PM
196170970,NFL $50 3-Player,154078,Classic,50.0,1,3,1,135.0,2026-10-04 17:00:00+00:00,Sun 1:00PM
196170971,NFL $50 3-Player,154078,Classic,50.0,2,3,1,135.0,2026-10-04 17:00:00+00:00,Sun 1:00PM
196170972,NFL $50 3-Player,154078,Classic,50.0,1,3,1,135.0,2026-10-04 17:00:00+00:00,Sun 1:00PM
196172804,NFL $50 3-Player,154078,Classic,50.0,1,3,1,135.0,2026-10-04 17:00:00+00:00,Sun 1:00PM
196177295,NFL $50 3-Player,154078,Classic,50.0,1,3,1,135.0,2026-10-04 17:00:00+00:00,Sun 1:00PM
196177296,NFL $50 3-Player,154078,Classic,50.0,1,3,1,135.0,2026-10-04 17:00:00+00:00,Sun 1:00PM
196177297,NFL $50 3-Player,154078,Classic,50.0,1,3,1,135.0,2026-10-04 17:00:00+00:00,Sun 1:00PM
196167429,NFL $50 3-Player (Winner Takes All),154078,Classic,50.0,2,3,1,135.0,2026-10-04 17:00:00+00:00,Sun 1:00PM
196171199,NFL $25 Double Up,154078,Classic,25.0,1,22,1,500.0,2026-10-04 17:00:00+00:00,Sun 1:00PM
196171198,NFL $25 Double Up,154078,Classic,25.0,1,11,1,250.0,2026-10-04 17:00:00+00:00,Sun 1:00PM
196171137,NFL $20 50-50,154078,Classic,20.0,4,50,1,900.0,2026-10-04 17:00:00+00:00,Sun 1:00PM
196180190,NFL $20 50-50,154078,Classic,20.0,1,50,1,900.0,2026-10-04 17:00:00+00:00,Sun 1:00PM
196171034,NFL $20 50-50,154078,Classic,20.0,1,20,1,360.0,2026-10-04 17:00:00+00:00,Sun 1:00PM
196171035,NFL $20 50-50,154078,Classic,20.0,1,20,1,360.0,2026-10-04 17:00:00+00:00,Sun 1:00PM
196170954,NFL $20 50-50,154078,Classic,20.0,1,10,1,180.0,2026-10-04 17:00:00+00:00,Sun 1:00PM
196170955,NFL $20 50-50,154078,Classic,20.0,1,10,1,180.0,2026-10-04 17:00:00+00:00,Sun 1:00PM
196224632,NFL $20 50-Player (Top 3 Win),154078,Classic,20.0,2,50,1,900.0,2026-10-04 17:00:00+00:00,Sun 1:00PM
196181842,NFL $20 15-Player (Winner Takes All),154078,Classic,20.0,2,15,1,270.0,2026-10-04 17:00:00+00:00,Sun 1:00PM
196171212,NFL $20 100-Player,154078,Classic,20.0,2,100,1,1800.0,2026-10-04 17:00:00+00:00,Sun 1:00PM
196199866,NFL $20 100-Player,154078,Classic,20.0,1,100,1,1800.0,2026-10-04 17:00:00+00:00,Sun 1:00PM
196212258,NFL $20 100-Player,154078,Classic,20.0,1,100,1,1800.0,2026-10-04 17:00:00+00:00,Sun 1:00PM
196171089,NFL $20 40-Player,154078,Classic,20.0,1,40,1,720.0,2026-10-04 17:00:00+00:00,Sun 1:00PM
196171003,NFL $20 10-Player,154078,Classic,20.0,1,10,1,180.0,2026-10-04 17:00:00+00:00,Sun 1:00PM
196166912,NFL $20 10-Player (Top 2 Win),154078,Classic,20.0,3,10,1,180.0,2026-10-04 17:00:00+00:00,Sun 1:00PM
196212986,NFL $20 10-Player (Top 3 Win),154078,Classic,20.0,2,10,1,180.0,2026-10-04 17:00:00+00:00,Sun 1:00PM
196228357,NFL $20 10-Player (Winner Takes All),154078,Classic,20.0,1,10,1,180.0,2026-10-04 17:00:00+00:00,Sun 1:00PM
196215134,NFL $20 6-Player (Winner Takes All),154078,Classic,20.0,2,6,1,108.0,2026-10-04 17:00:00+00:00,Sun 1:00PM
196170988,NFL $20 3-Player,154078,Classic,20.0,1,3,1,54.0,2026-10-04 17:00:00+00:00,Sun 1:00PM
196170989,NFL $20 3-Player,154078,Classic,20.0,1,3,1,54.0,2026-10-04 17:00:00+00:00,Sun 1:00PM
196172805,NFL $20 3-Player,154078,Classic,20.0,1,3,1,54.0,2026-10-04 17:00:00+00:00,Sun 1:00PM
196177305,NFL $20 3-Player,154078,Classic,20.0,1,3,1,54.0,2026-10-04 17:00:00+00:00,Sun 1:00PM
196177306,NFL $20 3-Player,154078,Classic,20.0,1,3,1,54.0,2026-10-04 17:00:00+00:00,Sun 1:00PM
196224846,NFL $10 50-50!,154078,Classic,10.0,1,100,1,900.0,2026-10-04 17:00:00+00:00,Sun 1:00PM
196171136,NFL $10 50-50,154078,Classic,10.0,1,50,1,450.0,2026-10-04 17:00:00+00:00,Sun 1:00PM
196171013,NFL $10 50-50,154078,Classic,10.0,1,20,1,180.0,2026-10-04 17:00:00+00:00,Sun 1:00PM
196171014,NFL $10 50-50,154078,Classic,10.0,1,20,1,180.0,2026-10-04 17:00:00+00:00,Sun 1:00PM
196170990,NFL $10 50-50,154078,Classic,10.0,3,10,1,90.0,2026-10-04 17:00:00+00:00,Sun 1:00PM
196170991,NFL $10 50-50,154078,Classic,10.0,1,10,1,90.0,2026-10-04 17:00:00+00:00,Sun 1:00PM
196198198,NFL $10 50-50,154078,Classic,10.0,1,10,1,90.0,2026-10-04 17:00:00+00:00,Sun 1:00PM
196171196,NFL $10 Double Up,154078,Classic,10.0,1,11,1,100.0,2026-10-04 17:00:00+00:00,Sun 1:00PM
196171197,NFL $10 Double Up,154078,Classic,10.0,1,11,1,100.0,2026-10-04 17:00:00+00:00,Sun 1:00PM
196171211,NFL $10 100-Player,154078,Classic,10.0,1,100,1,900.0,2026-10-04 17:00:00+00:00,Sun 1:00PM
196171088,NFL $10 40-Player,154078,Classic,10.0,1,40,1,360.0,2026-10-04 17:00:00+00:00,Sun 1:00PM
196170962,NFL $10 10-Player,154078,Classic,10.0,1,10,1,90.0,2026-10-04 17:00:00+00:00,Sun 1:00PM
196170984,NFL $10 3-Player,154078,Classic,10.0,2,3,1,27.0,2026-10-04 17:00:00+00:00,Sun 1:00PM
196170985,NFL $10 3-Player,154078,Classic,10.0,1,3,1,27.0,2026-10-04 17:00:00+00:00,Sun 1:00PM
196170986,NFL $10 3-Player,154078,Classic,10.0,1,3,1,27.0,2026-10-04 17:00:00+00:00,Sun 1:00PM
196177301,NFL $10 3-Player,154078,Classic,10.0,2,3,1,27.0,2026-10-04 17:00:00+00:00,Sun 1:00PM
196177302,NFL $10 3-Player,154078,Classic,10.0,2,3,1,27.0,2026-10-04 17:00:00+00:00,Sun 1:00PM
196177303,NFL $10 3-Player,154078,Classic,10.0,2,3,1,27.0,2026-10-04 17:00:00+00:00,Sun 1:00PM
196223735,NFL $10 20-Player (Top 5 Win),154078,Classic,10.0,3,20,1,180.0,2026-10-04 17:00:00+00:00,Sun 1:00PM
196187958,NFL $10 4-Player (Winner Takes All) x4,154078,Classic,10.0,2,4,1,36.0,2026-10-04 17:00:00+00:00,Sun 1:00PM
196171102,NFL $5 50-50,154078,Classic,5.0,7,100,1,450.0,2026-10-04 17:00:00+00:00,Sun 1:00PM
196194569,NFL $5 50-50,154078,Classic,5.0,6,100,1,450.0,2026-10-04 17:00:00+00:00,Sun 1:00PM
196203046,NFL $5 50-50,154078,Classic,5.0,1,100,1,450.0,2026-10-04 17:00:00+00:00,Sun 1:00PM
196171135,NFL $5 50-50,154078,Classic,5.0,1,50,1,225.0,2026-10-04 17:00:00+00:00,Sun 1:00PM
196171010,NFL $5 50-50,154078,Classic,5.0,1,20,1,90.0,2026-10-04 17:00:00+00:00,Sun 1:00PM
196171011,NFL $5 50-50,154078,Classic,5.0,1,20,1,90.0,2026-10-04 17:00:00+00:00,Sun 1:00PM
196171012,NFL $5 50-50,154078,Classic,5.0,1,20,1,90.0,2026-10-04 17:00:00+00:00,Sun 1:00PM
196170951,NFL $5 50-50,154078,Classic,5.0,6,10,1,45.0,2026-10-04 17:00:00+00:00,Sun 1:00PM
196170952,NFL $5 50-50,154078,Classic,5.0,1,10,1,45.0,2026-10-04 17:00:00+00:00,Sun 1:00PM
196170953,NFL $5 50-50,154078,Classic,5.0,1,10,1,45.0,2026-10-04 17:00:00+00:00,Sun 1:00PM
196180162,NFL $5 50-50,154078,Classic,5.0,1,10,1,45.0,2026-10-04 17:00:00+00:00,Sun 1:00PM
196171202,NFL $5 Double Up,154078,Classic,5.0,5,11,1,50.0,2026-10-04 17:00:00+00:00,Sun 1:00PM
196171203,NFL $5 Double Up,154078,Classic,5.0,2,11,1,50.0,2026-10-04 17:00:00+00:00,Sun 1:00PM
196179623,NFL $5 Double Up,154078,Classic,5.0,5,11,1,50.0,2026-10-04 17:00:00+00:00,Sun 1:00PM
196202258,NFL $5 Double Up,154078,Classic,5.0,2,11,1,50.0,2026-10-04 17:00:00+00:00,Sun 1:00PM
196208236,NFL $5 Double Up,154078,Classic,5.0,1,11,1,50.0,2026-10-04 17:00:00+00:00,Sun 1:00PM
196208237,NFL $5 Double Up,154078,Classic,5.0,1,11,1,50.0,2026-10-04 17:00:00+00:00,Sun 1:00PM
196163293,NFL $5 20-Player (Winner Takes All),154078,Classic,5.0,16,20,1,90.0,2026-10-04 17:00:00+00:00,Sun 1:00PM
196201821,NFL $5 15-Player (Top 2 Win),154078,Classic,5.0,3,15,1,67.5,2026-10-04 17:00:00+00:00,Sun 1:00PM
196215055,NFL $5 14-Player (Winner Takes All),154078,Classic,5.0,2,14,1,63.0,2026-10-04 17:00:00+00:00,Sun 1:00PM
196170938,NFL $5 10-Player,154078,Classic,5.0,1,10,1,45.0,2026-10-04 17:00:00+00:00,Sun 1:00PM
196161813,NFL $5 10-Player (Winner Takes All),154078,Classic,5.0,6,10,1,45.0,2026-10-04 17:00:00+00:00,Sun 1:00PM
196221014,NFL $5 8-Player (Top 2 Win),154078,Classic,5.0,3,8,1,36.0,2026-10-04 17:00:00+00:00,Sun 1:00PM
196170943,NFL $5 5-Player,154078,Classic,5.0,2,5,1,22.5,2026-10-04 17:00:00+00:00,Sun 1:00PM
196202671,NFL $5 5-Player (Winner Takes All),154078,Classic,5.0,2,5,1,22.5,2026-10-04 17:00:00+00:00,Sun 1:00PM
196170959,NFL $5 3-Player,154078,Classic,5.0,1,3,1,13.5,2026-10-04 17:00:00+00:00,Sun 1:00PM
196170960,NFL $5 3-Player,154078,Classic,5.0,1,3,1,13.5,2026-10-04 17:00:00+00:00,Sun 1:00PM
196170961,NFL $5 3-Player,154078,Classic,5.0,1,3,1,13.5,2026-10-04 17:00:00+00:00,Sun 1:00PM
196177292,NFL $5 3-Player,154078,Classic,5.0,1,3,1,13.5,2026-10-04 17:00:00+00:00,Sun 1:00PM
196177293,NFL $5 3-Player,154078,Classic,5.0,1,3,1,13.5,2026-10-04 17:00:00+00:00,Sun 1:00PM
196177294,NFL $5 3-Player,154078,Classic,5.0,1,3,1,13.5,2026-10-04 17:00:00+00:00,Sun 1:00PM
196183675,NFL $5 3-Player,154078,Classic,5.0,1,3,1,13.5,2026-10-04 17:00:00+00:00,Sun 1:00PM
196171204,NFL $3 Double Up,154078,Classic,3.0,3,11,1,30.0,2026-10-04 17:00:00+00:00,Sun 1:00PM
196171205,NFL $3 Double Up,154078,Classic,3.0,2,11,1,30.0,2026-10-04 17:00:00+00:00,Sun 1:00PM
196198595,NFL $3 Double Up,154078,Classic,3.0,1,11,1,30.0,2026-10-04 17:00:00+00:00,Sun 1:00PM
196198596,NFL $3 Double Up,154078,Classic,3.0,1,11,1,30.0,2026-10-04 17:00:00+00:00,Sun 1:00PM
196171103,NFL $2 50-50,154078,Classic,2.0,10,100,1,180.0,2026-10-04 17:00:00+00:00,Sun 1:00PM
196180544,NFL $2 50-50,154078,Classic,2.0,5,100,1,180.0,2026-10-04 17:00:00+00:00,Sun 1:00PM
196197483,NFL $2 50-50,154078,Classic,2.0,4,100,1,180.0,2026-10-04 17:00:00+00:00,Sun 1:00PM
196198591,NFL $2 50-50,154078,Classic,2.0,4,100,1,180.0,2026-10-04 17:00:00+00:00,Sun 1:00PM
196202987,NFL $2 50-50,154078,Classic,2.0,2,100,1,180.0,2026-10-04 17:00:00+00:00,Sun 1:00PM
196171134,NFL $2 50-50,154078,Classic,2.0,4,50,1,90.0,2026-10-04 17:00:00+00:00,Sun 1:00PM
196197484,NFL $2 50-50,154078,Classic,2.0,2,50,1,90.0,2026-10-04 17:00:00+00:00,Sun 1:00PM
196198594,NFL $2 50-50,154078,Classic,2.0,1,50,1,90.0,2026-10-04 17:00:00+00:00,Sun 1:00PM
196171124,NFL $2 50-50,154078,Classic,2.0,3,20,1,36.0,2026-10-04 17:00:00+00:00,Sun 1:00PM
196198592,NFL $2 50-50,154078,Classic,2.0,1,20,1,36.0,2026-10-04 17:00:00+00:00,Sun 1:00PM
196170956,NFL $2 50-50,154078,Classic,2.0,3,20,1,36.0,2026-10-04 17:00:00+00:00,Sun 1:00PM
196170957,NFL $2 50-50,154078,Classic,2.0,3,20,1,36.0,2026-10-04 17:00:00+00:00,Sun 1:00PM
196170958,NFL $2 50-50,154078,Classic,2.0,3,20,1,36.0,2026-10-04 17:00:00+00:00,Sun 1:00PM
196198580,NFL $2 50-50,154078,Classic,2.0,1,20,1,36.0,2026-10-04 17:00:00+00:00,Sun 1:00PM
196198581,NFL $2 50-50,154078,Classic,2.0,1,20,1,36.0,2026-10-04 17:00:00+00:00,Sun 1:00PM
196198582,NFL $2 50-50,154078,Classic,2.0,1,20,1,36.0,2026-10-04 17:00:00+00:00,Sun 1:00PM
196171093,NFL $2 50-50,154078,Classic,2.0,2,10,1,18.0,2026-10-04 17:00:00+00:00,Sun 1:00PM
196171094,NFL $2 50-50,154078,Classic,2.0,2,10,1,18.0,2026-10-04 17:00:00+00:00,Sun 1:00PM
196171095,NFL $2 50-50,154078,Classic,2.0,3,10,1,18.0,2026-10-04 17:00:00+00:00,Sun 1:00PM
196198611,NFL $2 50-50,154078,Classic,2.0,1,10,1,18.0,2026-10-04 17:00:00+00:00,Sun 1:00PM
196198612,NFL $2 50-50,154078,Classic,2.0,1,10,1,18.0,2026-10-04 17:00:00+00:00,Sun 1:00PM
196198613,NFL $2 50-50,154078,Classic,2.0,1,10,1,18.0,2026-10-04 17:00:00+00:00,Sun 1:00PM
196171209,NFL $2 100-Player,154078,Classic,2.0,1,100,1,180.0,2026-10-04 17:00:00+00:00,Sun 1:00PM
196171032,NFL $2 40-Player,154078,Classic,2.0,1,40,1,72.0,2026-10-04 17:00:00+00:00,Sun 1:00PM
196171033,NFL $2 40-Player,154078,Classic,2.0,1,40,1,72.0,2026-10-04 17:00:00+00:00,Sun 1:00PM
196161815,NFL $2 25-Player (Top 3 Win),154078,Classic,2.0,11,25,1,45.0,2026-10-04 17:00:00+00:00,Sun 1:00PM
196171027,NFL $2 20-Player,154078,Classic,2.0,1,20,1,36.0,2026-10-04 17:00:00+00:00,Sun 1:00PM
196171028,NFL $2 20-Player,154078,Classic,2.0,1,20,1,36.0,2026-10-04 17:00:00+00:00,Sun 1:00PM
196171029,NFL $2 20-Player,154078,Classic,2.0,1,20,1,36.0,2026-10-04 17:00:00+00:00,Sun 1:00PM
196162536,NFL $2 15-Player (Top 2 Win),154078,Classic,2.0,3,15,1,27.0,2026-10-04 17:00:00+00:00,Sun 1:00PM
196225760,NFL $2 12-Player (Winner Takes All),154078,Classic,2.0,1,12,1,21.6,2026-10-04 17:00:00+00:00,Sun 1:00PM
196170933,NFL $2 10-Player,154078,Classic,2.0,2,10,1,18.0,2026-10-04 17:00:00+00:00,Sun 1:00PM
196170934,NFL $2 10-Player,154078,Classic,2.0,1,10,1,18.0,2026-10-04 17:00:00+00:00,Sun 1:00PM
196170935,NFL $2 10-Player,154078,Classic,2.0,1,10,1,18.0,2026-10-04 17:00:00+00:00,Sun 1:00PM
196177812,NFL $2 10-Player,154078,Classic,2.0,1,10,1,18.0,2026-10-04 17:00:00+00:00,Sun 1:00PM
196170930,NFL $2 5-Player,154078,Classic,2.0,2,5,1,9.0,2026-10-04 17:00:00+00:00,Sun 1:00PM
196170931,NFL $2 5-Player,154078,Classic,2.0,3,5,1,9.0,2026-10-04 17:00:00+00:00,Sun 1:00PM
196170932,NFL $2 5-Player,154078,Classic,2.0,1,5,1,9.0,2026-10-04 17:00:00+00:00,Sun 1:00PM
196188280,NFL $2 5-Player,154078,Classic,2.0,1,5,1,9.0,2026-10-04 17:00:00+00:00,Sun 1:00PM
196198632,NFL $2 5-Player,154078,Classic,2.0,2,5,1,9.0,2026-10-04 17:00:00+00:00,Sun 1:00PM
196198633,NFL $2 5-Player,154078,Classic,2.0,1,5,1,9.0,2026-10-04 17:00:00+00:00,Sun 1:00PM
196198634,NFL $2 5-Player,154078,Classic,2.0,1,5,1,9.0,2026-10-04 17:00:00+00:00,Sun 1:00PM
196204652,NFL $2 5-Player,154078,Classic,2.0,1,5,1,9.0,2026-10-04 17:00:00+00:00,Sun 1:00PM
196204673,NFL $2 5-Player,154078,Classic,2.0,1,5,1,9.0,2026-10-04 17:00:00+00:00,Sun 1:00PM
196204674,NFL $2 5-Player,154078,Classic,2.0,1,5,1,9.0,2026-10-04 17:00:00+00:00,Sun 1:00PM
196204689,NFL $2 5-Player,154078,Classic,2.0,1,5,1,9.0,2026-10-04 17:00:00+00:00,Sun 1:00PM
196204693,NFL $2 5-Player,154078,Classic,2.0,1,5,1,9.0,2026-10-04 17:00:00+00:00,Sun 1:00PM
196170978,NFL $2 3-Player,154078,Classic,2.0,1,3,1,5.4,2026-10-04 17:00:00+00:00,Sun 1:00PM
196170979,NFL $2 3-Player,154078,Classic,2.0,1,3,1,5.4,2026-10-04 17:00:00+00:00,Sun 1:00PM
196188282,NFL $2 3-Player,154078,Classic,2.0,1,3,1,5.4,2026-10-04 17:00:00+00:00,Sun 1:00PM
196198641,NFL $2 3-Player,154078,Classic,2.0,1,3,1,5.4,2026-10-04 17:00:00+00:00,Sun 1:00PM
196198642,NFL $2 3-Player,154078,Classic,2.0,1,3,1,5.4,2026-10-04 17:00:00+00:00,Sun 1:00PM
196198643,NFL $2 3-Player,154078,Classic,2.0,1,3,1,5.4,2026-10-04 17:00:00+00:00,Sun 1:00PM
196203670,NFL $2 3-Player,154078,Classic,2.0,2,3,1,5.4,2026-10-04 17:00:00+00:00,Sun 1:00PM
196203671,NFL $2 3-Player,154078,Classic,2.0,2,3,1,5.4,2026-10-04 17:00:00+00:00,Sun 1:00PM
196203766,NFL $2 3-Player,154078,Classic,2.0,1,3,1,5.4,2026-10-04 17:00:00+00:00,Sun 1:00PM
196203772,NFL $2 3-Player,154078,Classic,2.0,1,3,1,5.4,2026-10-04 17:00:00+00:00,Sun 1:00PM
196203773,NFL $2 3-Player,154078,Classic,2.0,1,3,1,5.4,2026-10-04 17:00:00+00:00,Sun 1:00PM
196203800,NFL $2 3-Player,154078,Classic,2.0,1,3,1,5.4,2026-10-04 17:00:00+00:00,Sun 1:00PM
196203830,NFL $2 3-Player,154078,Classic,2.0,1,3,1,5.4,2026-10-04 17:00:00+00:00,Sun 1:00PM
196171101,NFL $1 50-50,154078,Classic,1.0,6,100,1,90.0,2026-10-04 17:00:00+00:00,Sun 1:00PM
196197481,NFL $1 50-50,154078,Classic,1.0,4,100,1,90.0,2026-10-04 17:00:00+00:00,Sun 1:00PM
196198590,NFL $1 50-50,154078,Classic,1.0,3,100,1,90.0,2026-10-04 17:00:00+00:00,Sun 1:00PM
196200382,NFL $1 50-50,154078,Classic,1.0,2,100,1,90.0,2026-10-04 17:00:00+00:00,Sun 1:00PM
196216511,NFL $1 50-50,154078,Classic,1.0,1,100,1,90.0,2026-10-04 17:00:00+00:00,Sun 1:00PM
196171133,NFL $1 50-50,154078,Classic,1.0,4,50,1,45.0,2026-10-04 17:00:00+00:00,Sun 1:00PM
196197482,NFL $1 50-50,154078,Classic,1.0,3,50,1,45.0,2026-10-04 17:00:00+00:00,Sun 1:00PM
196198593,NFL $1 50-50,154078,Classic,1.0,2,50,1,45.0,2026-10-04 17:00:00+00:00,Sun 1:00PM
196216514,NFL $1 50-50,154078,Classic,1.0,1,50,1,45.0,2026-10-04 17:00:00+00:00,Sun 1:00PM
196170967,NFL $1 50-50,154078,Classic,1.0,3,20,1,18.0,2026-10-04 17:00:00+00:00,Sun 1:00PM
196170968,NFL $1 50-50,154078,Classic,1.0,3,20,1,18.0,2026-10-04 17:00:00+00:00,Sun 1:00PM
196170969,NFL $1 50-50,154078,Classic,1.0,3,20,1,18.0,2026-10-04 17:00:00+00:00,Sun 1:00PM
196198605,NFL $1 50-50,154078,Classic,1.0,2,20,1,18.0,2026-10-04 17:00:00+00:00,Sun 1:00PM
196198606,NFL $1 50-50,154078,Classic,1.0,2,20,1,18.0,2026-10-04 17:00:00+00:00,Sun 1:00PM
196198607,NFL $1 50-50,154078,Classic,1.0,2,20,1,18.0,2026-10-04 17:00:00+00:00,Sun 1:00PM
196216502,NFL $1 50-50,154078,Classic,1.0,1,20,1,18.0,2026-10-04 17:00:00+00:00,Sun 1:00PM
196216503,NFL $1 50-50,154078,Classic,1.0,1,20,1,18.0,2026-10-04 17:00:00+00:00,Sun 1:00PM
196216504,NFL $1 50-50,154078,Classic,1.0,1,20,1,18.0,2026-10-04 17:00:00+00:00,Sun 1:00PM
196171090,NFL $1 50-50,154078,Classic,1.0,5,10,1,9.0,2026-10-04 17:00:00+00:00,Sun 1:00PM
196171091,NFL $1 50-50,154078,Classic,1.0,3,10,1,9.0,2026-10-04 17:00:00+00:00,Sun 1:00PM
196171092,NFL $1 50-50,154078,Classic,1.0,3,10,1,9.0,2026-10-04 17:00:00+00:00,Sun 1:00PM
196198648,NFL $1 50-50,154078,Classic,1.0,2,10,1,9.0,2026-10-04 17:00:00+00:00,Sun 1:00PM
196198649,NFL $1 50-50,154078,Classic,1.0,2,10,1,9.0,2026-10-04 17:00:00+00:00,Sun 1:00PM
196198650,NFL $1 50-50,154078,Classic,1.0,2,10,1,9.0,2026-10-04 17:00:00+00:00,Sun 1:00PM
196216505,NFL $1 50-50,154078,Classic,1.0,1,10,1,9.0,2026-10-04 17:00:00+00:00,Sun 1:00PM
196216506,NFL $1 50-50,154078,Classic,1.0,1,10,1,9.0,2026-10-04 17:00:00+00:00,Sun 1:00PM
196216507,NFL $1 50-50,154078,Classic,1.0,1,10,1,9.0,2026-10-04 17:00:00+00:00,Sun 1:00PM
196171206,NFL $1 Double Up,154078,Classic,1.0,4,11,1,10.0,2026-10-04 17:00:00+00:00,Sun 1:00PM
196171207,NFL $1 Double Up,154078,Classic,1.0,3,11,1,10.0,2026-10-04 17:00:00+00:00,Sun 1:00PM
196198651,NFL $1 Double Up,154078,Classic,1.0,3,11,1,10.0,2026-10-04 17:00:00+00:00,Sun 1:00PM
196198652,NFL $1 Double Up,154078,Classic,1.0,2,11,1,10.0,2026-10-04 17:00:00+00:00,Sun 1:00PM
196208240,NFL $1 Double Up,154078,Classic,1.0,1,11,1,10.0,2026-10-04 17:00:00+00:00,Sun 1:00PM
196208241,NFL $1 Double Up,154078,Classic,1.0,1,11,1,10.0,2026-10-04 17:00:00+00:00,Sun 1:00PM
196216520,NFL $1 Double Up,154078,Classic,1.0,1,11,1,10.0,2026-10-04 17:00:00+00:00,Sun 1:00PM
196164451,NFL $1 50-Player (Winner Takes All),154078,Classic,1.0,12,50,1,45.0,2026-10-04 17:00:00+00:00,Sun 1:00PM
196171208,NFL $1 100-Player,154078,Classic,1.0,1,100,1,90.0,2026-10-04 17:00:00+00:00,Sun 1:00PM
196171030,NFL $1 40-Player,154078,Classic,1.0,1,40,1,36.0,2026-10-04 17:00:00+00:00,Sun 1:00PM
196171031,NFL $1 40-Player,154078,Classic,1.0,1,40,1,36.0,2026-10-04 17:00:00+00:00,Sun 1:00PM
196164463,NFL $1 40-Player (Top 5 Win),154078,Classic,1.0,5,40,1,36.0,2026-10-04 17:00:00+00:00,Sun 1:00PM
196164449,NFL $1 30-Player (Top 3 Win),154078,Classic,1.0,2,30,1,27.0,2026-10-04 17:00:00+00:00,Sun 1:00PM
196171024,NFL $1 20-Player,154078,Classic,1.0,1,20,1,18.0,2026-10-04 17:00:00+00:00,Sun 1:00PM
196171025,NFL $1 20-Player,154078,Classic,1.0,1,20,1,18.0,2026-10-04 17:00:00+00:00,Sun 1:00PM
196171026,NFL $1 20-Player,154078,Classic,1.0,1,20,1,18.0,2026-10-04 17:00:00+00:00,Sun 1:00PM
196193657,NFL $1 20-Player (Winner Takes All),154078,Classic,1.0,8,20,1,18.0,2026-10-04 17:00:00+00:00,Sun 1:00PM
196164457,NFL $1 15-Player (Winner Takes All),154078,Classic,1.0,6,15,1,13.5,2026-10-04 17:00:00+00:00,Sun 1:00PM
196170992,NFL $1 10-Player,154078,Classic,1.0,1,10,1,9.0,2026-10-04 17:00:00+00:00,Sun 1:00PM
196170993,NFL $1 10-Player,154078,Classic,1.0,1,10,1,9.0,2026-10-04 17:00:00+00:00,Sun 1:00PM
196170994,NFL $1 10-Player,154078,Classic,1.0,1,10,1,9.0,2026-10-04 17:00:00+00:00,Sun 1:00PM
196170939,NFL $1 5-Player,154078,Classic,1.0,1,5,1,4.5,2026-10-04 17:00:00+00:00,Sun 1:00PM
196170940,NFL $1 5-Player,154078,Classic,1.0,2,5,1,4.5,2026-10-04 17:00:00+00:00,Sun 1:00PM
196170941,NFL $1 5-Player,154078,Classic,1.0,1,5,1,4.5,2026-10-04 17:00:00+00:00,Sun 1:00PM
196188281,NFL $1 5-Player,154078,Classic,1.0,1,5,1,4.5,2026-10-04 17:00:00+00:00,Sun 1:00PM
196170976,NFL $1 3-Player,154078,Classic,1.0,2,3,1,2.7,2026-10-04 17:00:00+00:00,Sun 1:00PM
196180885,NFL $1 3-Player,154078,Classic,1.0,2,3,1,2.7,2026-10-04 17:00:00+00:00,Sun 1:00PM
196198638,NFL $1 3-Player,154078,Classic,1.0,2,3,1,2.7,2026-10-04 17:00:00+00:00,Sun 1:00PM
196198639,NFL $1 3-Player,154078,Classic,1.0,1,3,1,2.7,2026-10-04 17:00:00+00:00,Sun 1:00PM
196198640,NFL $1 3-Player,154078,Classic,1.0,1,3,1,2.7,2026-10-04 17:00:00+00:00,Sun 1:00PM
196200592,NFL $1 3-Player,154078,Classic,1.0,1,3,1,2.7,2026-10-04 17:00:00+00:00,Sun 1:00PM
196226100,NFL $1 3-Player,154078,Classic,1.0,1,3,1,2.7,2026-10-04 17:00:00+00:00,Sun 1:00PM
196226101,NFL $1 3-Player,154078,Classic,1.0,1,3,1,2.7,2026-10-04 17:00:00+00:00,Sun 1:00PM
196226102,NFL $1 3-Player,154078,Classic,1.0,1,3,1,2.7,2026-10-04 17:00:00+00:00,Sun 1:00PM
196226107,NFL $1 3-Player,154078,Classic,1.0,1,3,1,2.7,2026-10-04 17:00:00+00:00,Sun 1:00PM
196226109,NFL $1 3-Player,154078,Classic,1.0,1,3,1,2.7,2026-10-04 17:00:00+00:00,Sun 1:00PM
196226110,NFL $1 3-Player,154078,Classic,1.0,1,3,1,2.7,2026-10-04 17:00:00+00:00,Sun 1:00PM
196226121,NFL $1 3-Player,154078,Classic,1.0,1,3,1,2.7,2026-10-04 17:00:00+00:00,Sun 1:00PM
196221958,NFL $1 3-Player (Winner Takes All) x2,154078,Classic,1.0,2,3,1,2.7,2026-10-04 17:00:00+00:00,Sun 1:00PM
196161849,NFL $1 200-Player (Winner Takes All),154078,Classic,1.0,14,200,1,180.0,2026-10-04 17:00:00+00:00,Sun 1:00PM
196161814,NFL $3 10-Player (Winner Takes All) x2,154078,Classic,3.0,8,10,1,27.0,2026-10-04 17:00:00+00:00,Sun 1:00PM
196228404,NFL $3 12-Player (Winner Takes All),154078,Classic,3.0,1,12,1,32.4,2026-10-04 17:00:00+00:00,Sun 1:00PM
196225611,NFL $3 4-Player (Winner Takes All),154078,Classic,3.0,1,4,1,10.8,2026-10-04 17:00:00+00:00,Sun 1:00PM
196219441,NFL $3 6-Player (Top 2 Win),154078,Classic,3.0,2,6,1,16.2,2026-10-04 17:00:00+00:00,Sun 1:00PM
196162164,NFL $5 200-Player (Top 3 Win),154078,Classic,5.0,5,200,1,900.0,2026-10-04 17:00:00+00:00,Sun 1:00PM
196171195,Casual NFL $109 5-Player,154078,Classic,109.0,0,5,1,500.0,2026-10-04 17:00:00+00:00,Sun 1:00PM
196171194,Casual NFL $109 3-Player,154078,Classic,109.0,0,3,1,300.0,2026-10-04 17:00:00+00:00,Sun 1:00PM
196171150,Casual NFL $50 50-50,154078,Classic,50.0,0,10,1,450.0,2026-10-04 17:00:00+00:00,Sun 1:00PM
196171151,Casual NFL $50 50-50,154078,Classic,50.0,0,10,1,450.0,2026-10-04 17:00:00+00:00,Sun 1:00PM
196171152,Casual NFL $50 5-Player,154078,Classic,50.0,0,5,1,225.0,2026-10-04 17:00:00+00:00,Sun 1:00PM
196171165,Casual NFL $50 3-Player,154078,Classic,50.0,0,3,1,135.0,2026-10-04 17:00:00+00:00,Sun 1:00PM
196171166,Casual NFL $50 3-Player,154078,Classic,50.0,0,3,1,135.0,2026-10-04 17:00:00+00:00,Sun 1:00PM
196171147,Casual NFL $20 50-50,154078,Classic,20.0,0,10,1,180.0,2026-10-04 17:00:00+00:00,Sun 1:00PM
196171149,Casual NFL $20 50-50,154078,Classic,20.0,0,10,1,180.0,2026-10-04 17:00:00+00:00,Sun 1:00PM
196200428,Casual NFL $20 50-50,154078,Classic,20.0,0,10,1,180.0,2026-10-04 17:00:00+00:00,Sun 1:00PM
196171144,Casual NFL $20 5-Player,154078,Classic,20.0,0,5,1,90.0,2026-10-04 17:00:00+00:00,Sun 1:00PM
196171145,Casual NFL $20 5-Player,154078,Classic,20.0,0,5,1,90.0,2026-10-04 17:00:00+00:00,Sun 1:00PM
196171146,Casual NFL $20 5-Player,154078,Classic,20.0,0,5,1,90.0,2026-10-04 17:00:00+00:00,Sun 1:00PM
196171167,Casual NFL $20 3-Player,154078,Classic,20.0,0,3,1,54.0,2026-10-04 17:00:00+00:00,Sun 1:00PM
196171168,Casual NFL $20 3-Player,154078,Classic,20.0,0,3,1,54.0,2026-10-04 17:00:00+00:00,Sun 1:00PM
196171169,Casual NFL $20 3-Player,154078,Classic,20.0,0,3,1,54.0,2026-10-04 17:00:00+00:00,Sun 1:00PM
196171153,Casual NFL $10 50-50,154078,Classic,10.0,0,10,1,90.0,2026-10-04 17:00:00+00:00,Sun 1:00PM
196171154,Casual NFL $10 50-50,154078,Classic,10.0,0,10,1,90.0,2026-10-04 17:00:00+00:00,Sun 1:00PM
196217331,Casual NFL $10 50-50,154078,Classic,10.0,0,10,1,90.0,2026-10-04 17:00:00+00:00,Sun 1:00PM
196171170,Casual NFL $10 5-Player,154078,Classic,10.0,0,5,1,45.0,2026-10-04 17:00:00+00:00,Sun 1:00PM
196171171,Casual NFL $10 5-Player,154078,Classic,10.0,0,5,1,45.0,2026-10-04 17:00:00+00:00,Sun 1:00PM
196171172,Casual NFL $10 5-Player,154078,Classic,10.0,0,5,1,45.0,2026-10-04 17:00:00+00:00,Sun 1:00PM
196171173,Casual NFL $10 3-Player,154078,Classic,10.0,0,3,1,27.0,2026-10-04 17:00:00+00:00,Sun 1:00PM
196171174,Casual NFL $10 3-Player,154078,Classic,10.0,0,3,1,27.0,2026-10-04 17:00:00+00:00,Sun 1:00PM
196171175,Casual NFL $10 3-Player,154078,Classic,10.0,0,3,1,27.0,2026-10-04 17:00:00+00:00,Sun 1:00PM
196171158,Casual NFL $5 50-50,154078,Classic,5.0,0,10,1,45.0,2026-10-04 17:00:00+00:00,Sun 1:00PM
196195024,Casual NFL $5 50-50,154078,Classic,5.0,0,10,1,45.0,2026-10-04 17:00:00+00:00,Sun 1:00PM
196199266,Casual NFL $5 50-50,154078,Classic,5.0,0,10,1,45.0,2026-10-04 17:00:00+00:00,Sun 1:00PM
196171176,Casual NFL $5 5-Player,154078,Classic,5.0,0,5,1,22.5,2026-10-04 17:00:00+00:00,Sun 1:00PM
196171177,Casual NFL $5 5-Player,154078,Classic,5.0,0,5,1,22.5,2026-10-04 17:00:00+00:00,Sun 1:00PM
196171178,Casual NFL $5 5-Player,154078,Classic,5.0,0,5,1,22.5,2026-10-04 17:00:00+00:00,Sun 1:00PM
196171179,Casual NFL $5 3-Player,154078,Classic,5.0,0,3,1,13.5,2026-10-04 17:00:00+00:00,Sun 1:00PM
196171180,Casual NFL $5 3-Player,154078,Classic,5.0,0,3,1,13.5,2026-10-04 17:00:00+00:00,Sun 1:00PM
196171181,Casual NFL $5 3-Player,154078,Classic,5.0,0,3,1,13.5,2026-10-04 17:00:00+00:00,Sun 1:00PM
196171160,Casual NFL $3 50-50,154078,Classic,3.0,0,10,1,27.0,2026-10-04 17:00:00+00:00,Sun 1:00PM
196171161,Casual NFL $3 50-50,154078,Classic,3.0,0,10,1,27.0,2026-10-04 17:00:00+00:00,Sun 1:00PM
196180596,Casual NFL $3 50-50,154078,Classic,3.0,0,10,1,27.0,2026-10-04 17:00:00+00:00,Sun 1:00PM
196171182,Casual NFL $2 5-Player,154078,Classic,2.0,0,5,1,9.0,2026-10-04 17:00:00+00:00,Sun 1:00PM
196171183,Casual NFL $2 5-Player,154078,Classic,2.0,0,5,1,9.0,2026-10-04 17:00:00+00:00,Sun 1:00PM
196171184,Casual NFL $2 5-Player,154078,Classic,2.0,0,5,1,9.0,2026-10-04 17:00:00+00:00,Sun 1:00PM
196171185,Casual NFL $2 3-Player,154078,Classic,2.0,0,3,1,5.4,2026-10-04 17:00:00+00:00,Sun 1:00PM
196171187,Casual NFL $2 3-Player,154078,Classic,2.0,0,3,1,5.4,2026-10-04 17:00:00+00:00,Sun 1:00PM
196200467,Casual NFL $2 3-Player,154078,Classic,2.0,0,3,1,5.4,2026-10-04 17:00:00+00:00,Sun 1:00PM
196200492,Casual NFL $2 3-Player,154078,Classic,2.0,0,3,1,5.4,2026-10-04 17:00:00+00:00,Sun 1:00PM
196171164,Casual NFL $1 50-50,154078,Classic,1.0,0,10,1,9.0,2026-10-04 17:00:00+00:00,Sun 1:00PM
196188265,Casual NFL $1 50-50,154078,Classic,1.0,0,10,1,9.0,2026-10-04 17:00:00+00:00,Sun 1:00PM
196197832,Casual NFL $1 50-50,154078,Classic,1.0,0,10,1,9.0,2026-10-04 17:00:00+00:00,Sun 1:00PM
196200435,Casual NFL $1 50-50,154078,Classic,1.0,0,10,1,9.0,2026-10-04 17:00:00+00:00,Sun 1:00PM
196225900,Casual NFL $1 5-Player,154078,Classic,1.0,0,5,1,4.5,2026-10-04 17:00:00+00:00,Sun 1:00PM
196225901,Casual NFL $1 5-Player,154078,Classic,1.0,0,5,1,4.5,2026-10-04 17:00:00+00:00,Sun 1:00PM
196225902,Casual NFL $1 5-Player,154078,Classic,1.0,0,5,1,4.5,2026-10-04 17:00:00+00:00,Sun 1:00PM
196225903,Casual NFL $1 3-Player,154078,Classic,1.0,0,3,1,2.7,2026-10-04 17:00:00+00:00,Sun 1:00PM
196225904,Casual NFL $1 3-Player,154078,Classic,1.0,0,3,1,2.7,2026-10-04 17:00:00+00:00,Sun 1:00PM
196225905,Casual NFL $1 3-Player,154078,Classic,1.0,0,3,1,2.7,2026-10-04 17:00:00+00:00,Sun 1:00PM
196171129,Beginner NFL $109 5-Player,154078,Classic,109.0,0,5,1,500.0,2026-10-04 17:00:00+00:00,Sun 1:00PM
196171128,Beginner NFL $109 3-Player,154078,Classic,109.0,0,3,1,300.0,2026-10-04 17:00:00+00:00,Sun 1:00PM
196171096,Beginner NFL $50 50-50,154078,Classic,50.0,0,10,1,450.0,2026-10-04 17:00:00+00:00,Sun 1:00PM
196171097,Beginner NFL $50 50-50,154078,Classic,50.0,0,10,1,450.0,2026-10-04 17:00:00+00:00,Sun 1:00PM
196171100,Beginner NFL $50 5-Player,154078,Classic,50.0,0,5,1,225.0,2026-10-04 17:00:00+00:00,Sun 1:00PM
196171098,Beginner NFL $50 3-Player,154078,Classic,50.0,0,3,1,135.0,2026-10-04 17:00:00+00:00,Sun 1:00PM
196171099,Beginner NFL $50 3-Player,154078,Classic,50.0,0,3,1,135.0,2026-10-04 17:00:00+00:00,Sun 1:00PM
196171080,Beginner NFL $20 50-50,154078,Classic,20.0,0,10,1,180.0,2026-10-04 17:00:00+00:00,Sun 1:00PM
196171081,Beginner NFL $20 50-50,154078,Classic,20.0,0,10,1,180.0,2026-10-04 17:00:00+00:00,Sun 1:00PM
196171082,Beginner NFL $20 50-50,154078,Classic,20.0,0,10,1,180.0,2026-10-04 17:00:00+00:00,Sun 1:00PM
196171065,Beginner NFL $20 5-Player,154078,Classic,20.0,0,5,1,90.0,2026-10-04 17:00:00+00:00,Sun 1:00PM
196171066,Beginner NFL $20 5-Player,154078,Classic,20.0,0,5,1,90.0,2026-10-04 17:00:00+00:00,Sun 1:00PM
196171067,Beginner NFL $20 5-Player,154078,Classic,20.0,0,5,1,90.0,2026-10-04 17:00:00+00:00,Sun 1:00PM
196171047,Beginner NFL $20 3-Player,154078,Classic,20.0,0,3,1,54.0,2026-10-04 17:00:00+00:00,Sun 1:00PM
196171048,Beginner NFL $20 3-Player,154078,Classic,20.0,0,3,1,54.0,2026-10-04 17:00:00+00:00,Sun 1:00PM
196171049,Beginner NFL $20 3-Player,154078,Classic,20.0,0,3,1,54.0,2026-10-04 17:00:00+00:00,Sun 1:00PM
196171077,Beginner NFL $10 50-50,154078,Classic,10.0,0,10,1,90.0,2026-10-04 17:00:00+00:00,Sun 1:00PM
196171078,Beginner NFL $10 50-50,154078,Classic,10.0,0,10,1,90.0,2026-10-04 17:00:00+00:00,Sun 1:00PM
196171079,Beginner NFL $10 50-50,154078,Classic,10.0,0,10,1,90.0,2026-10-04 17:00:00+00:00,Sun 1:00PM
196171062,Beginner NFL $10 5-Player,154078,Classic,10.0,0,5,1,45.0,2026-10-04 17:00:00+00:00,Sun 1:00PM
196171063,Beginner NFL $10 5-Player,154078,Classic,10.0,0,5,1,45.0,2026-10-04 17:00:00+00:00,Sun 1:00PM
196171064,Beginner NFL $10 5-Player,154078,Classic,10.0,0,5,1,45.0,2026-10-04 17:00:00+00:00,Sun 1:00PM
196171044,Beginner NFL $10 3-Player,154078,Classic,10.0,0,3,1,27.0,2026-10-04 17:00:00+00:00,Sun 1:00PM
196171045,Beginner NFL $10 3-Player,154078,Classic,10.0,0,3,1,27.0,2026-10-04 17:00:00+00:00,Sun 1:00PM
196171046,Beginner NFL $10 3-Player,154078,Classic,10.0,0,3,1,27.0,2026-10-04 17:00:00+00:00,Sun 1:00PM
196171074,Beginner NFL $5 50-50,154078,Classic,5.0,0,10,1,45.0,2026-10-04 17:00:00+00:00,Sun 1:00PM
196171075,Beginner NFL $5 50-50,154078,Classic,5.0,0,10,1,45.0,2026-10-04 17:00:00+00:00,Sun 1:00PM
196171076,Beginner NFL $5 50-50,154078,Classic,5.0,0,10,1,45.0,2026-10-04 17:00:00+00:00,Sun 1:00PM
196171059,Beginner NFL $5 5-Player,154078,Classic,5.0,0,5,1,22.5,2026-10-04 17:00:00+00:00,Sun 1:00PM
196171060,Beginner NFL $5 5-Player,154078,Classic,5.0,0,5,1,22.5,2026-10-04 17:00:00+00:00,Sun 1:00PM
196171061,Beginner NFL $5 5-Player,154078,Classic,5.0,0,5,1,22.5,2026-10-04 17:00:00+00:00,Sun 1:00PM
196171038,Beginner NFL $5 3-Player,154078,Classic,5.0,0,3,1,13.5,2026-10-04 17:00:00+00:00,Sun 1:00PM
196171039,Beginner NFL $5 3-Player,154078,Classic,5.0,0,3,1,13.5,2026-10-04 17:00:00+00:00,Sun 1:00PM
196171040,Beginner NFL $5 3-Player,154078,Classic,5.0,0,3,1,13.5,2026-10-04 17:00:00+00:00,Sun 1:00PM
196171071,Beginner NFL $3 50-50,154078,Classic,3.0,0,10,1,27.0,2026-10-04 17:00:00+00:00,Sun 1:00PM
196171072,Beginner NFL $3 50-50,154078,Classic,3.0,0,10,1,27.0,2026-10-04 17:00:00+00:00,Sun 1:00PM
196171073,Beginner NFL $3 50-50,154078,Classic,3.0,0,10,1,27.0,2026-10-04 17:00:00+00:00,Sun 1:00PM
196171056,Beginner NFL $2 5-Player,154078,Classic,2.0,0,5,1,9.0,2026-10-04 17:00:00+00:00,Sun 1:00PM
196171057,Beginner NFL $2 5-Player,154078,Classic,2.0,0,5,1,9.0,2026-10-04 17:00:00+00:00,Sun 1:00PM
196171058,Beginner NFL $2 5-Player,154078,Classic,2.0,0,5,1,9.0,2026-10-04 17:00:00+00:00,Sun 1:00PM
196171050,Beginner NFL $2 3-Player,154078,Classic,2.0,0,3,1,5.4,2026-10-04 17:00:00+00:00,Sun 1:00PM
196171051,Beginner NFL $2 3-Player,154078,Classic,2.0,0,3,1,5.4,2026-10-04 17:00:00+00:00,Sun 1:00PM
196171052,Beginner NFL $2 3-Player,154078,Classic,2.0,0,3,1,5.4,2026-10-04 17:00:00+00:00,Sun 1:00PM
196172169,Beginner NFL $1 50-50,154078,Classic,1.0,0,10,1,9.0,2026-10-04 17:00:00+00:00,Sun 1:00PM
196172170,Beginner NFL $1 50-50,154078,Classic,1.0,0,10,1,9.0,2026-10-04 17:00:00+00:00,Sun 1:00PM
196172171,Beginner NFL $1 50-50,154078,Classic,1.0,0,10,1,9.0,2026-10-04 17:00:00+00:00,Sun 1:00PM
196171053,Beginner NFL $1 5-Player,154078,Classic,1.0,0,5,1,4.5,2026-10-04 17:00:00+00:00,Sun 1:00PM
196171054,Beginner NFL $1 5-Player,154078,Classic,1.0,0,5,1,4.5,2026-10-04 17:00:00+00:00,Sun 1:00PM
196171055,Beginner NFL $1 5-Player,154078,Classic,1.0,0,5,1,4.5,2026-10-04 17:00:00+00:00,Sun 1:00PM
196171041,Beginner NFL $1 3-Player,154078,Classic,1.0,0,3,1,2.7,2026-10-04 17:00:00+00:00,Sun 1:00PM
196171042,Beginner NFL $1 3-Player,154078,Classic,1.0,0,3,1,2.7,2026-10-04 17:00:00+00:00,Sun 1:00PM
196171043,Beginner NFL $1 3-Player,154078,Classic,1.0,0,3,1,2.7,2026-10-04 17:00:00+00:00,Sun 1:00PM
196183692,"NFL $10,600 3-Player",154078,Classic,10600.0,0,3,1,30000.0,2026-10-04 17:00:00+00:00,Sun 1:00PM
196183693,"NFL $10,600 3-Player",154078,Classic,10600.0,0,3,1,30000.0,2026-10-04 17:00:00+00:00,Sun 1:00PM
196223033,"NFL $5,300 50-50",154078,Classic,5300.0,0,4,1,20000.0,2026-10-04 17:00:00+00:00,Sun 1:00PM
196223034,"NFL $5,300 50-50",154078,Classic,5300.0,0,4,1,20000.0,2026-10-04 17:00:00+00:00,Sun 1:00PM
196183694,"NFL $5,300 3-Player",154078,Classic,5300.0,0,3,1,15000.0,2026-10-04 17:00:00+00:00,Sun 1:00PM
196183695,"NFL $5,300 3-Player",154078,Classic,5300.0,0,3,1,15000.0,2026-10-04 17:00:00+00:00,Sun 1:00PM
196223035,"NFL $2,120 50-50",154078,Classic,2120.0,0,4,1,8000.0,2026-10-04 17:00:00+00:00,Sun 1:00PM
196223036,"NFL $2,120 50-50",154078,Classic,2120.0,0,4,1,8000.0,2026-10-04 17:00:00+00:00,Sun 1:00PM
196171140,"NFL $2,120 5-Player",154078,Classic,2120.0,0,5,1,10000.0,2026-10-04 17:00:00+00:00,Sun 1:00PM
196171141,"NFL $2,120 5-Player",154078,Classic,2120.0,0,5,1,10000.0,2026-10-04 17:00:00+00:00,Sun 1:00PM
196183705,"NFL $2,120 3-Player",154078,Classic,2120.0,0,3,1,6000.0,2026-10-04 17:00:00+00:00,Sun 1:00PM
196183706,"NFL $2,120 3-Player",154078,Classic,2120.0,0,3,1,6000.0,2026-10-04 17:00:00+00:00,Sun 1:00PM
196171110,"NFL $1,060 50-50",154078,Classic,1060.0,0,4,1,4000.0,2026-10-04 17:00:00+00:00,Sun 1:00PM
196215534,"NFL $1,060 50-50",154078,Classic,1060.0,0,4,1,4000.0,2026-10-04 17:00:00+00:00,Sun 1:00PM
196170995,"NFL $1,060 5-Player",154078,Classic,1060.0,0,5,1,5000.0,2026-10-04 17:00:00+00:00,Sun 1:00PM
196170996,"NFL $1,060 5-Player",154078,Classic,1060.0,0,5,1,5000.0,2026-10-04 17:00:00+00:00,Sun 1:00PM
196183696,"NFL $1,060 3-Player",154078,Classic,1060.0,0,3,1,3000.0,2026-10-04 17:00:00+00:00,Sun 1:00PM
196183697,"NFL $1,060 3-Player",154078,Classic,1060.0,0,3,1,3000.0,2026-10-04 17:00:00+00:00,Sun 1:00PM
196171114,NFL $530 50-50,154078,Classic,530.0,0,4,1,2000.0,2026-10-04 17:00:00+00:00,Sun 1:00PM
196171132,NFL $530 50-50,154078,Classic,530.0,0,8,1,4000.0,2026-10-04 17:00:00+00:00,Sun 1:00PM
196215535,NFL $530 50-50,154078,Classic,530.0,0,4,1,2000.0,2026-10-04 17:00:00+00:00,Sun 1:00PM
196171022,NFL $530 5-Player,154078,Classic,530.0,0,5,1,2500.0,2026-10-04 17:00:00+00:00,Sun 1:00PM
196171023,NFL $530 5-Player,154078,Classic,530.0,0,5,1,2500.0,2026-10-04 17:00:00+00:00,Sun 1:00PM
196183698,NFL $530 3-Player,154078,Classic,530.0,0,3,1,1500.0,2026-10-04 17:00:00+00:00,Sun 1:00PM
196183699,NFL $530 3-Player,154078,Classic,530.0,0,3,1,1500.0,2026-10-04 17:00:00+00:00,Sun 1:00PM
196171131,NFL $270 50-50,154078,Classic,270.0,0,8,1,2000.0,2026-10-04 17:00:00+00:00,Sun 1:00PM
196171213,NFL $270 50-50,154078,Classic,270.0,0,4,1,1000.0,2026-10-04 17:00:00+00:00,Sun 1:00PM
196215549,NFL $270 50-50,154078,Classic,270.0,0,4,1,1000.0,2026-10-04 17:00:00+00:00,Sun 1:00PM
196171083,NFL $270 10-Player,154078,Classic,270.0,0,10,1,2500.0,2026-10-04 17:00:00+00:00,Sun 1:00PM
196183700,NFL $270 3-Player,154078,Classic,270.0,0,3,1,750.0,2026-10-04 17:00:00+00:00,Sun 1:00PM
196183701,NFL $270 3-Player,154078,Classic,270.0,0,3,1,750.0,2026-10-04 17:00:00+00:00,Sun 1:00PM
196171020,NFL $270 5-Player,154078,Classic,270.0,0,5,1,1250.0,2026-10-04 17:00:00+00:00,Sun 1:00PM
196171021,NFL $270 5-Player,154078,Classic,270.0,0,5,1,1250.0,2026-10-04 17:00:00+00:00,Sun 1:00PM
196171130,NFL $162 50-50,154078,Classic,162.0,0,8,1,1200.0,2026-10-04 17:00:00+00:00,Sun 1:00PM
196171005,NFL $162 50-50,154078,Classic,162.0,0,4,1,600.0,2026-10-04 17:00:00+00:00,Sun 1:00PM
196215519,NFL $162 50-50,154078,Classic,162.0,0,4,1,600.0,2026-10-04 17:00:00+00:00,Sun 1:00PM
196171018,NFL $162 5-Player,154078,Classic,162.0,0,5,1,750.0,2026-10-04 17:00:00+00:00,Sun 1:00PM
196171019,NFL $162 5-Player,154078,Classic,162.0,0,5,1,750.0,2026-10-04 17:00:00+00:00,Sun 1:00PM
196183689,NFL $162 3-Player,154078,Classic,162.0,0,3,1,450.0,2026-10-04 17:00:00+00:00,Sun 1:00PM
196183690,NFL $162 3-Player,154078,Classic,162.0,0,3,1,450.0,2026-10-04 17:00:00+00:00,Sun 1:00PM
196183691,NFL $162 3-Player,154078,Classic,162.0,0,3,1,450.0,2026-10-04 17:00:00+00:00,Sun 1:00PM
196215532,NFL $109 50-50,154078,Classic,109.0,0,20,1,2000.0,2026-10-04 17:00:00+00:00,Sun 1:00PM
196215522,NFL $109 50-50,154078,Classic,109.0,0,10,1,1000.0,2026-10-04 17:00:00+00:00,Sun 1:00PM
196215536,NFL $109 50-50,154078,Classic,109.0,0,4,1,400.0,2026-10-04 17:00:00+00:00,Sun 1:00PM
196215537,NFL $109 50-50,154078,Classic,109.0,0,4,1,400.0,2026-10-04 17:00:00+00:00,Sun 1:00PM
196171122,NFL $109 5-Player,154078,Classic,109.0,0,5,1,500.0,2026-10-04 17:00:00+00:00,Sun 1:00PM
196171123,NFL $109 5-Player,154078,Classic,109.0,0,5,1,500.0,2026-10-04 17:00:00+00:00,Sun 1:00PM
196183702,NFL $109 3-Player,154078,Classic,109.0,0,3,1,300.0,2026-10-04 17:00:00+00:00,Sun 1:00PM
196183703,NFL $109 3-Player,154078,Classic,109.0,0,3,1,300.0,2026-10-04 17:00:00+00:00,Sun 1:00PM
196183704,NFL $109 3-Player,154078,Classic,109.0,0,3,1,300.0,2026-10-04 17:00:00+00:00,Sun 1:00PM
196215531,NFL $50 50-50,154078,Classic,50.0,0,20,1,900.0,2026-10-04 17:00:00+00:00,Sun 1:00PM
196215520,NFL $50 50-50,154078,Classic,50.0,0,10,1,450.0,2026-10-04 17:00:00+00:00,Sun 1:00PM
196215521,NFL $50 50-50,154078,Classic,50.0,0,10,1,450.0,2026-10-04 17:00:00+00:00,Sun 1:00PM
196215514,NFL $50 50-50,154078,Classic,50.0,0,4,1,180.0,2026-10-04 17:00:00+00:00,Sun 1:00PM
196215515,NFL $50 50-50,154078,Classic,50.0,0,4,1,180.0,2026-10-04 17:00:00+00:00,Sun 1:00PM
196215516,NFL $50 50-50,154078,Classic,50.0,0,4,1,180.0,2026-10-04 17:00:00+00:00,Sun 1:00PM
196215546,NFL $50 Double Up,154078,Classic,50.0,0,22,1,1000.0,2026-10-04 17:00:00+00:00,Sun 1:00PM
196215545,NFL $50 Double Up,154078,Classic,50.0,0,11,1,500.0,2026-10-04 17:00:00+00:00,Sun 1:00PM
196171086,NFL $50 20-Player,154078,Classic,50.0,0,20,1,900.0,2026-10-04 17:00:00+00:00,Sun 1:00PM
196170997,NFL $50 10-Player,154078,Classic,50.0,0,10,1,450.0,2026-10-04 17:00:00+00:00,Sun 1:00PM
196170998,NFL $50 10-Player,154078,Classic,50.0,0,10,1,450.0,2026-10-04 17:00:00+00:00,Sun 1:00PM
196170973,NFL $50 5-Player,154078,Classic,50.0,0,5,1,225.0,2026-10-04 17:00:00+00:00,Sun 1:00PM
196170974,NFL $50 5-Player,154078,Classic,50.0,0,5,1,225.0,2026-10-04 17:00:00+00:00,Sun 1:00PM
196183677,NFL $50 3-Player,154078,Classic,50.0,0,3,1,135.0,2026-10-04 17:00:00+00:00,Sun 1:00PM
196183678,NFL $50 3-Player,154078,Classic,50.0,0,3,1,135.0,2026-10-04 17:00:00+00:00,Sun 1:00PM
196183679,NFL $50 3-Player,154078,Classic,50.0,0,3,1,135.0,2026-10-04 17:00:00+00:00,Sun 1:00PM
196215544,NFL $25 Double Up,154078,Classic,25.0,0,22,1,500.0,2026-10-04 17:00:00+00:00,Sun 1:00PM
196215543,NFL $25 Double Up,154078,Classic,25.0,0,11,1,250.0,2026-10-04 17:00:00+00:00,Sun 1:00PM
196215540,NFL $20 50-50,154078,Classic,20.0,0,50,1,900.0,2026-10-04 17:00:00+00:00,Sun 1:00PM
196215529,NFL $20 50-50,154078,Classic,20.0,0,20,1,360.0,2026-10-04 17:00:00+00:00,Sun 1:00PM
196215530,NFL $20 50-50,154078,Classic,20.0,0,20,1,360.0,2026-10-04 17:00:00+00:00,Sun 1:00PM
196215512,NFL $20 50-50,154078,Classic,20.0,0,10,1,180.0,2026-10-04 17:00:00+00:00,Sun 1:00PM
196215513,NFL $20 50-50,154078,Classic,20.0,0,10,1,180.0,2026-10-04 17:00:00+00:00,Sun 1:00PM
196221032,NFL $20 100-Player,154078,Classic,20.0,0,100,1,1800.0,2026-10-04 17:00:00+00:00,Sun 1:00PM
196211564,NFL $20 40-Player,154078,Classic,20.0,0,40,1,720.0,2026-10-04 17:00:00+00:00,Sun 1:00PM
196171084,NFL $20 20-Player,154078,Classic,20.0,0,20,1,360.0,2026-10-04 17:00:00+00:00,Sun 1:00PM
196171085,NFL $20 20-Player,154078,Classic,20.0,0,20,1,360.0,2026-10-04 17:00:00+00:00,Sun 1:00PM
196171004,NFL $20 10-Player,154078,Classic,20.0,0,10,1,180.0,2026-10-04 17:00:00+00:00,Sun 1:00PM
196195087,NFL $20 10-Player,154078,Classic,20.0,0,10,1,180.0,2026-10-04 17:00:00+00:00,Sun 1:00PM
196170948,NFL $20 5-Player,154078,Classic,20.0,0,5,1,90.0,2026-10-04 17:00:00+00:00,Sun 1:00PM
196170949,NFL $20 5-Player,154078,Classic,20.0,0,5,1,90.0,2026-10-04 17:00:00+00:00,Sun 1:00PM
196170950,NFL $20 5-Player,154078,Classic,20.0,0,5,1,90.0,2026-10-04 17:00:00+00:00,Sun 1:00PM
196183686,NFL $20 3-Player,154078,Classic,20.0,0,3,1,54.0,2026-10-04 17:00:00+00:00,Sun 1:00PM
196183687,NFL $20 3-Player,154078,Classic,20.0,0,3,1,54.0,2026-10-04 17:00:00+00:00,Sun 1:00PM
196183688,NFL $20 3-Player,154078,Classic,20.0,0,3,1,54.0,2026-10-04 17:00:00+00:00,Sun 1:00PM
196215539,NFL $10 50-50,154078,Classic,10.0,0,50,1,450.0,2026-10-04 17:00:00+00:00,Sun 1:00PM
196215527,NFL $10 50-50,154078,Classic,10.0,0,20,1,180.0,2026-10-04 17:00:00+00:00,Sun 1:00PM
196215528,NFL $10 50-50,154078,Classic,10.0,0,20,1,180.0,2026-10-04 17:00:00+00:00,Sun 1:00PM
196215517,NFL $10 50-50,154078,Classic,10.0,0,10,1,90.0,2026-10-04 17:00:00+00:00,Sun 1:00PM
196215518,NFL $10 50-50,154078,Classic,10.0,0,10,1,90.0,2026-10-04 17:00:00+00:00,Sun 1:00PM
196215541,NFL $10 Double Up,154078,Classic,10.0,0,11,1,100.0,2026-10-04 17:00:00+00:00,Sun 1:00PM
196215542,NFL $10 Double Up,154078,Classic,10.0,0,11,1,100.0,2026-10-04 17:00:00+00:00,Sun 1:00PM
196222854,NFL $10 100-Player,154078,Classic,10.0,0,100,1,900.0,2026-10-04 17:00:00+00:00,Sun 1:00PM
196222894,NFL $10 40-Player,154078,Classic,10.0,0,40,1,360.0,2026-10-04 17:00:00+00:00,Sun 1:00PM
196170999,NFL $10 20-Player,154078,Classic,10.0,0,20,1,180.0,2026-10-04 17:00:00+00:00,Sun 1:00PM
196171000,NFL $10 20-Player,154078,Classic,10.0,0,20,1,180.0,2026-10-04 17:00:00+00:00,Sun 1:00PM
196170963,NFL $10 10-Player,154078,Classic,10.0,0,10,1,90.0,2026-10-04 17:00:00+00:00,Sun 1:00PM
196218474,NFL $10 10-Player,154078,Classic,10.0,0,10,1,90.0,2026-10-04 17:00:00+00:00,Sun 1:00PM
196170945,NFL $10 5-Player,154078,Classic,10.0,0,5,1,45.0,2026-10-04 17:00:00+00:00,Sun 1:00PM
196170946,NFL $10 5-Player,154078,Classic,10.0,0,5,1,45.0,2026-10-04 17:00:00+00:00,Sun 1:00PM
196170947,NFL $10 5-Player,154078,Classic,10.0,0,5,1,45.0,2026-10-04 17:00:00+00:00,Sun 1:00PM
196183683,NFL $10 3-Player,154078,Classic,10.0,0,3,1,27.0,2026-10-04 17:00:00+00:00,Sun 1:00PM
196183684,NFL $10 3-Player,154078,Classic,10.0,0,3,1,27.0,2026-10-04 17:00:00+00:00,Sun 1:00PM
196183685,NFL $10 3-Player,154078,Classic,10.0,0,3,1,27.0,2026-10-04 17:00:00+00:00,Sun 1:00PM
196215533,NFL $5 50-50,154078,Classic,5.0,0,100,1,450.0,2026-10-04 17:00:00+00:00,Sun 1:00PM
196215538,NFL $5 50-50,154078,Classic,5.0,0,50,1,225.0,2026-10-04 17:00:00+00:00,Sun 1:00PM
196215524,NFL $5 50-50,154078,Classic,5.0,0,20,1,90.0,2026-10-04 17:00:00+00:00,Sun 1:00PM
196215525,NFL $5 50-50,154078,Classic,5.0,0,20,1,90.0,2026-10-04 17:00:00+00:00,Sun 1:00PM
196215526,NFL $5 50-50,154078,Classic,5.0,0,20,1,90.0,2026-10-04 17:00:00+00:00,Sun 1:00PM
196215509,NFL $5 50-50,154078,Classic,5.0,0,10,1,45.0,2026-10-04 17:00:00+00:00,Sun 1:00PM
196215510,NFL $5 50-50,154078,Classic,5.0,0,10,1,45.0,2026-10-04 17:00:00+00:00,Sun 1:00PM
196215511,NFL $5 50-50,154078,Classic,5.0,0,10,1,45.0,2026-10-04 17:00:00+00:00,Sun 1:00PM
196215547,NFL $5 Double Up,154078,Classic,5.0,0,11,1,50.0,2026-10-04 17:00:00+00:00,Sun 1:00PM
196215548,NFL $5 Double Up,154078,Classic,5.0,0,11,1,50.0,2026-10-04 17:00:00+00:00,Sun 1:00PM
196171210,NFL $5 100-Player,154078,Classic,5.0,0,100,1,450.0,2026-10-04 17:00:00+00:00,Sun 1:00PM
196171087,NFL $5 40-Player,154078,Classic,5.0,0,40,1,180.0,2026-10-04 17:00:00+00:00,Sun 1:00PM
196171001,NFL $5 20-Player,154078,Classic,5.0,0,20,1,90.0,2026-10-04 17:00:00+00:00,Sun 1:00PM
196171002,NFL $5 20-Player,154078,Classic,5.0,0,20,1,90.0,2026-10-04 17:00:00+00:00,Sun 1:00PM
196170936,NFL $5 10-Player,154078,Classic,5.0,0,10,1,45.0,2026-10-04 17:00:00+00:00,Sun 1:00PM
196170937,NFL $5 10-Player,154078,Classic,5.0,0,10,1,45.0,2026-10-04 17:00:00+00:00,Sun 1:00PM
196198224,NFL $5 10-Player,154078,Classic,5.0,0,10,1,45.0,2026-10-04 17:00:00+00:00,Sun 1:00PM
196170942,NFL $5 5-Player,154078,Classic,5.0,0,5,1,22.5,2026-10-04 17:00:00+00:00,Sun 1:00PM
196170944,NFL $5 5-Player,154078,Classic,5.0,0,5,1,22.5,2026-10-04 17:00:00+00:00,Sun 1:00PM
196188279,NFL $5 5-Player,154078,Classic,5.0,0,5,1,22.5,2026-10-04 17:00:00+00:00,Sun 1:00PM
196183680,NFL $5 3-Player,154078,Classic,5.0,0,3,1,13.5,2026-10-04 17:00:00+00:00,Sun 1:00PM
196183682,NFL $5 3-Player,154078,Classic,5.0,0,3,1,13.5,2026-10-04 17:00:00+00:00,Sun 1:00PM
196200072,NFL $5 3-Player,154078,Classic,5.0,0,3,1,13.5,2026-10-04 17:00:00+00:00,Sun 1:00PM
196183674,NFL $5 3-Player,154078,Classic,5.0,0,3,1,13.5,2026-10-04 17:00:00+00:00,Sun 1:00PM
196183676,NFL $5 3-Player,154078,Classic,5.0,0,3,1,13.5,2026-10-04 17:00:00+00:00,Sun 1:00PM
196216885,NFL $5 3-Player,154078,Classic,5.0,0,3,1,13.5,2026-10-04 17:00:00+00:00,Sun 1:00PM
196208238,NFL $3 Double Up,154078,Classic,3.0,0,11,1,30.0,2026-10-04 17:00:00+00:00,Sun 1:00PM
196208239,NFL $3 Double Up,154078,Classic,3.0,0,11,1,30.0,2026-10-04 17:00:00+00:00,Sun 1:00PM
196216512,NFL $2 50-50,154078,Classic,2.0,0,100,1,180.0,2026-10-04 17:00:00+00:00,Sun 1:00PM
196216515,NFL $2 50-50,154078,Classic,2.0,0,50,1,90.0,2026-10-04 17:00:00+00:00,Sun 1:00PM
196216513,NFL $2 50-50,154078,Classic,2.0,0,20,1,36.0,2026-10-04 17:00:00+00:00,Sun 1:00PM
196216499,NFL $2 50-50,154078,Classic,2.0,0,20,1,36.0,2026-10-04 17:00:00+00:00,Sun 1:00PM
196216500,NFL $2 50-50,154078,Classic,2.0,0,20,1,36.0,2026-10-04 17:00:00+00:00,Sun 1:00PM
196216501,NFL $2 50-50,154078,Classic,2.0,0,20,1,36.0,2026-10-04 17:00:00+00:00,Sun 1:00PM
196216508,NFL $2 50-50,154078,Classic,2.0,0,10,1,18.0,2026-10-04 17:00:00+00:00,Sun 1:00PM
196216509,NFL $2 50-50,154078,Classic,2.0,0,10,1,18.0,2026-10-04 17:00:00+00:00,Sun 1:00PM
196216510,NFL $2 50-50,154078,Classic,2.0,0,10,1,18.0,2026-10-04 17:00:00+00:00,Sun 1:00PM
196198598,NFL $2 100-Player,154078,Classic,2.0,0,100,1,180.0,2026-10-04 17:00:00+00:00,Sun 1:00PM
196198588,NFL $2 40-Player,154078,Classic,2.0,0,40,1,72.0,2026-10-04 17:00:00+00:00,Sun 1:00PM
196198589,NFL $2 40-Player,154078,Classic,2.0,0,40,1,72.0,2026-10-04 17:00:00+00:00,Sun 1:00PM
196198583,NFL $2 20-Player,154078,Classic,2.0,0,20,1,36.0,2026-10-04 17:00:00+00:00,Sun 1:00PM
196198584,NFL $2 20-Player,154078,Classic,2.0,0,20,1,36.0,2026-10-04 17:00:00+00:00,Sun 1:00PM
196198585,NFL $2 20-Player,154078,Classic,2.0,0,20,1,36.0,2026-10-04 17:00:00+00:00,Sun 1:00PM
196198602,NFL $2 10-Player,154078,Classic,2.0,0,10,1,18.0,2026-10-04 17:00:00+00:00,Sun 1:00PM
196198603,NFL $2 10-Player,154078,Classic,2.0,0,10,1,18.0,2026-10-04 17:00:00+00:00,Sun 1:00PM
196198604,NFL $2 10-Player,154078,Classic,2.0,0,10,1,18.0,2026-10-04 17:00:00+00:00,Sun 1:00PM
196204685,NFL $2 5-Player,154078,Classic,2.0,0,5,1,9.0,2026-10-04 17:00:00+00:00,Sun 1:00PM
196204716,NFL $2 5-Player,154078,Classic,2.0,0,5,1,9.0,2026-10-04 17:00:00+00:00,Sun 1:00PM
196204719,NFL $2 5-Player,154078,Classic,2.0,0,5,1,9.0,2026-10-04 17:00:00+00:00,Sun 1:00PM
196203831,NFL $2 3-Player,154078,Classic,2.0,0,3,1,5.4,2026-10-04 17:00:00+00:00,Sun 1:00PM
196203837,NFL $2 3-Player,154078,Classic,2.0,0,3,1,5.4,2026-10-04 17:00:00+00:00,Sun 1:00PM
196219431,NFL $2 3-Player,154078,Classic,2.0,0,3,1,5.4,2026-10-04 17:00:00+00:00,Sun 1:00PM
196223783,NFL $1 50-50,154078,Classic,1.0,0,100,1,90.0,2026-10-04 17:00:00+00:00,Sun 1:00PM
196223784,NFL $1 50-50,154078,Classic,1.0,0,50,1,45.0,2026-10-04 17:00:00+00:00,Sun 1:00PM
196223777,NFL $1 50-50,154078,Classic,1.0,0,20,1,18.0,2026-10-04 17:00:00+00:00,Sun 1:00PM
196223778,NFL $1 50-50,154078,Classic,1.0,0,20,1,18.0,2026-10-04 17:00:00+00:00,Sun 1:00PM
196223779,NFL $1 50-50,154078,Classic,1.0,0,20,1,18.0,2026-10-04 17:00:00+00:00,Sun 1:00PM
196223780,NFL $1 50-50,154078,Classic,1.0,0,10,1,9.0,2026-10-04 17:00:00+00:00,Sun 1:00PM
196223781,NFL $1 50-50,154078,Classic,1.0,0,10,1,9.0,2026-10-04 17:00:00+00:00,Sun 1:00PM
196223782,NFL $1 50-50,154078,Classic,1.0,0,10,1,9.0,2026-10-04 17:00:00+00:00,Sun 1:00PM
196216519,NFL $1 Double Up,154078,Classic,1.0,0,11,1,10.0,2026-10-04 17:00:00+00:00,Sun 1:00PM
196225282,NFL $1 Double Up,154078,Classic,1.0,0,11,1,10.0,2026-10-04 17:00:00+00:00,Sun 1:00PM
196198597,NFL $1 100-Player,154078,Classic,1.0,0,100,1,90.0,2026-10-04 17:00:00+00:00,Sun 1:00PM
196198586,NFL $1 40-Player,154078,Classic,1.0,0,40,1,36.0,2026-10-04 17:00:00+00:00,Sun 1:00PM
196198587,NFL $1 40-Player,154078,Classic,1.0,0,40,1,36.0,2026-10-04 17:00:00+00:00,Sun 1:00PM
196198608,NFL $1 20-Player,154078,Classic,1.0,0,20,1,18.0,2026-10-04 17:00:00+00:00,Sun 1:00PM
196198609,NFL $1 20-Player,154078,Classic,1.0,0,20,1,18.0,2026-10-04 17:00:00+00:00,Sun 1:00PM
196198610,NFL $1 20-Player,154078,Classic,1.0,0,20,1,18.0,2026-10-04 17:00:00+00:00,Sun 1:00PM
196198644,NFL $1 10-Player,154078,Classic,1.0,0,10,1,9.0,2026-10-04 17:00:00+00:00,Sun 1:00PM
196198645,NFL $1 10-Player,154078,Classic,1.0,0,10,1,9.0,2026-10-04 17:00:00+00:00,Sun 1:00PM
196198646,NFL $1 10-Player,154078,Classic,1.0,0,10,1,9.0,2026-10-04 17:00:00+00:00,Sun 1:00PM
196198635,NFL $1 5-Player,154078,Classic,1.0,0,5,1,4.5,2026-10-04 17:00:00+00:00,Sun 1:00PM
196198636,NFL $1 5-Player,154078,Classic,1.0,0,5,1,4.5,2026-10-04 17:00:00+00:00,Sun 1:00PM
196198637,NFL $1 5-Player,154078,Classic,1.0,0,5,1,4.5,2026-10-04 17:00:00+00:00,Sun 1:00PM
196226122,NFL $1 3-Player,154078,Classic,1.0,0,3,1,2.7,2026-10-04 17:00:00+00:00,Sun 1:00PM
196226125,NFL $1 3-Player,154078,Classic,1.0,0,3,1,2.7,2026-10-04 17:00:00+00:00,Sun 1:00PM
196226126,NFL $1 3-Player,154078,Classic,1.0,0,3,1,2.7,2026-10-04 17:00:00+00:00,Sun 1:00PM
196207816,NFL Satellite to $20 NFL Fantasy Football Millionaire [Must Fill] (Early Only),154079,Classic,7.4,1,3,1,20.0,2026-10-04 17:00:00+00:00,Sun 1:00PM
196211257,NFL Satellite to NBA Best Ball $20 Shootaround [Must Fill] (Early Only),154079,Classic,7.4,1,3,1,20.0,2026-10-04 17:00:00+00:00,Sun 1:00PM
196211261,NFL Satellite to NBA 10-20 $20 Opening Tip Off [Must Fill] (Early Only),154079,Classic,7.4,1,3,1,20.0,2026-10-04 17:00:00+00:00,Sun 1:00PM
196207732,"NFL $5,300 50-50 (Early Only)",154079,Classic,5300.0,1,4,1,20000.0,2026-10-04 17:00:00+00:00,Sun 1:00PM
196207733,"NFL $5,300 50-50 (Early Only)",154079,Classic,5300.0,1,4,1,20000.0,2026-10-04 17:00:00+00:00,Sun 1:00PM
196207788,NFL $20 3-Player (Early Only),154079,Classic,20.0,2,3,1,54.0,2026-10-04 17:00:00+00:00,Sun 1:00PM
196207794,NFL $10 3-Player (Early Only),154079,Classic,10.0,1,3,1,27.0,2026-10-04 17:00:00+00:00,Sun 1:00PM
196207757,NFL $2 50-50 (Early Only),154079,Classic,2.0,1,10,1,18.0,2026-10-04 17:00:00+00:00,Sun 1:00PM
196207770,NFL $1 50-50 (Early Only),154079,Classic,1.0,3,20,1,18.0,2026-10-04 17:00:00+00:00,Sun 1:00PM
196219413,NFL $3 7-Player (Top 2 Win) (Early Only),154079,Classic,3.0,1,7,1,18.9,2026-10-04 17:00:00+00:00,Sun 1:00PM
196207709,Beginner NFL $50 50-50 (Early Only),154079,Classic,50.0,0,4,1,180.0,2026-10-04 17:00:00+00:00,Sun 1:00PM
196207718,Beginner NFL $50 3-Player (Early Only),154079,Classic,50.0,0,3,1,135.0,2026-10-04 17:00:00+00:00,Sun 1:00PM
196207710,Beginner NFL $20 50-50 (Early Only),154079,Classic,20.0,0,4,1,72.0,2026-10-04 17:00:00+00:00,Sun 1:00PM
196207719,Beginner NFL $20 3-Player (Early Only),154079,Classic,20.0,0,3,1,54.0,2026-10-04 17:00:00+00:00,Sun 1:00PM
196207712,Beginner NFL $10 50-50 (Early Only),154079,Classic,10.0,0,10,1,90.0,2026-10-04 17:00:00+00:00,Sun 1:00PM
196207711,Beginner NFL $10 50-50 (Early Only),154079,Classic,10.0,0,4,1,36.0,2026-10-04 17:00:00+00:00,Sun 1:00PM
196207720,Beginner NFL $10 5-Player (Early Only),154079,Classic,10.0,0,5,1,45.0,2026-10-04 17:00:00+00:00,Sun 1:00PM
196207721,Beginner NFL $10 3-Player (Early Only),154079,Classic,10.0,0,3,1,27.0,2026-10-04 17:00:00+00:00,Sun 1:00PM
196207713,Beginner NFL $5 50-50 (Early Only),154079,Classic,5.0,0,10,1,45.0,2026-10-04 17:00:00+00:00,Sun 1:00PM
196207714,Beginner NFL $5 50-50 (Early Only),154079,Classic,5.0,0,4,1,18.0,2026-10-04 17:00:00+00:00,Sun 1:00PM
196207722,Beginner NFL $5 5-Player (Early Only),154079,Classic,5.0,0,5,1,22.5,2026-10-04 17:00:00+00:00,Sun 1:00PM
196207723,Beginner NFL $5 3-Player (Early Only),154079,Classic,5.0,0,3,1,13.5,2026-10-04 17:00:00+00:00,Sun 1:00PM
196207715,Beginner NFL $3 50-50 (Early Only),154079,Classic,3.0,0,10,1,27.0,2026-10-04 17:00:00+00:00,Sun 1:00PM
196207716,Beginner NFL $3 50-50 (Early Only),154079,Classic,3.0,0,4,1,10.8,2026-10-04 17:00:00+00:00,Sun 1:00PM
196207724,Beginner NFL $2 5-Player (Early Only),154079,Classic,2.0,0,5,1,9.0,2026-10-04 17:00:00+00:00,Sun 1:00PM
196207725,Beginner NFL $2 3-Player (Early Only),154079,Classic,2.0,0,3,1,5.4,2026-10-04 17:00:00+00:00,Sun 1:00PM
196207717,Beginner NFL $1 50-50 (Early Only),154079,Classic,1.0,0,10,1,9.0,2026-10-04 17:00:00+00:00,Sun 1:00PM
196207726,Beginner NFL $1 5-Player (Early Only),154079,Classic,1.0,0,5,1,4.5,2026-10-04 17:00:00+00:00,Sun 1:00PM
196207727,Beginner NFL $1 3-Player (Early Only),154079,Classic,1.0,0,3,1,2.7,2026-10-04 17:00:00+00:00,Sun 1:00PM
196207728,"NFL $10,600 3-Player (Early Only)",154079,Classic,10600.0,0,3,1,30000.0,2026-10-04 17:00:00+00:00,Sun 1:00PM
196207729,"NFL $10,600 3-Player (Early Only)",154079,Classic,10600.0,0,3,1,30000.0,2026-10-04 17:00:00+00:00,Sun 1:00PM
196223045,"NFL $5,300 50-50 (Early Only)",154079,Classic,5300.0,0,4,1,20000.0,2026-10-04 17:00:00+00:00,Sun 1:00PM
196223046,"NFL $5,300 50-50 (Early Only)",154079,Classic,5300.0,0,4,1,20000.0,2026-10-04 17:00:00+00:00,Sun 1:00PM
196207730,"NFL $5,300 3-Player (Early Only)",154079,Classic,5300.0,0,3,1,15000.0,2026-10-04 17:00:00+00:00,Sun 1:00PM
196207731,"NFL $5,300 3-Player (Early Only)",154079,Classic,5300.0,0,3,1,15000.0,2026-10-04 17:00:00+00:00,Sun 1:00PM
196207734,"NFL $1,060 50-50 (Early Only)",154079,Classic,1060.0,0,4,1,4000.0,2026-10-04 17:00:00+00:00,Sun 1:00PM
196207735,"NFL $1,060 50-50 (Early Only)",154079,Classic,1060.0,0,4,1,4000.0,2026-10-04 17:00:00+00:00,Sun 1:00PM
196207736,"NFL $1,060 3-Player (Early Only)",154079,Classic,1060.0,0,3,1,3000.0,2026-10-04 17:00:00+00:00,Sun 1:00PM
196207737,"NFL $1,060 3-Player (Early Only)",154079,Classic,1060.0,0,3,1,3000.0,2026-10-04 17:00:00+00:00,Sun 1:00PM
196207738,NFL $530 50-50 (Early Only),154079,Classic,530.0,0,4,1,2000.0,2026-10-04 17:00:00+00:00,Sun 1:00PM
196207739,NFL $530 50-50 (Early Only),154079,Classic,530.0,0,4,1,2000.0,2026-10-04 17:00:00+00:00,Sun 1:00PM
196207740,NFL $530 3-Player (Early Only),154079,Classic,530.0,0,3,1,1500.0,2026-10-04 17:00:00+00:00,Sun 1:00PM
196207741,NFL $530 3-Player (Early Only),154079,Classic,530.0,0,3,1,1500.0,2026-10-04 17:00:00+00:00,Sun 1:00PM
196207796,NFL $270 50-50 (Early Only),154079,Classic,270.0,0,4,1,1000.0,2026-10-04 17:00:00+00:00,Sun 1:00PM
196207807,NFL $270 50-50 (Early Only),154079,Classic,270.0,0,4,1,1000.0,2026-10-04 17:00:00+00:00,Sun 1:00PM
196207808,NFL $270 50-50 (Early Only),154079,Classic,270.0,0,4,1,1000.0,2026-10-04 17:00:00+00:00,Sun 1:00PM
196207746,NFL $270 3-Player (Early Only),154079,Classic,270.0,0,3,1,750.0,2026-10-04 17:00:00+00:00,Sun 1:00PM
196207747,NFL $270 3-Player (Early Only),154079,Classic,270.0,0,3,1,750.0,2026-10-04 17:00:00+00:00,Sun 1:00PM
196207751,NFL $109 50-50 (Early Only),154079,Classic,109.0,0,6,1,600.0,2026-10-04 17:00:00+00:00,Sun 1:00PM
196207749,NFL $109 50-50 (Early Only),154079,Classic,109.0,0,4,1,400.0,2026-10-04 17:00:00+00:00,Sun 1:00PM
196207750,NFL $109 50-50 (Early Only),154079,Classic,109.0,0,4,1,400.0,2026-10-04 17:00:00+00:00,Sun 1:00PM
196207708,NFL $109 5-Player (Early Only),154079,Classic,109.0,0,5,1,500.0,2026-10-04 17:00:00+00:00,Sun 1:00PM
196207758,NFL $109 3-Player (Early Only),154079,Classic,109.0,0,3,1,300.0,2026-10-04 17:00:00+00:00,Sun 1:00PM
196207759,NFL $109 3-Player (Early Only),154079,Classic,109.0,0,3,1,300.0,2026-10-04 17:00:00+00:00,Sun 1:00PM
196207760,NFL $109 3-Player (Early Only),154079,Classic,109.0,0,3,1,300.0,2026-10-04 17:00:00+00:00,Sun 1:00PM
196207767,NFL $50 50-50 (Early Only),154079,Classic,50.0,0,8,1,360.0,2026-10-04 17:00:00+00:00,Sun 1:00PM
196207764,NFL $50 50-50 (Early Only),154079,Classic,50.0,0,4,1,180.0,2026-10-04 17:00:00+00:00,Sun 1:00PM
196207802,NFL $50 Double Up (Early Only),154079,Classic,50.0,0,22,1,1000.0,2026-10-04 17:00:00+00:00,Sun 1:00PM
196207801,NFL $50 Double Up (Early Only),154079,Classic,50.0,0,11,1,500.0,2026-10-04 17:00:00+00:00,Sun 1:00PM
196207771,NFL $50 5-Player (Early Only),154079,Classic,50.0,0,5,1,225.0,2026-10-04 17:00:00+00:00,Sun 1:00PM
196207774,NFL $50 3-Player (Early Only),154079,Classic,50.0,0,3,1,135.0,2026-10-04 17:00:00+00:00,Sun 1:00PM
196207800,NFL $25 Double Up (Early Only),154079,Classic,25.0,0,22,1,500.0,2026-10-04 17:00:00+00:00,Sun 1:00PM
196207799,NFL $25 Double Up (Early Only),154079,Classic,25.0,0,11,1,250.0,2026-10-04 17:00:00+00:00,Sun 1:00PM
196207785,NFL $20 50-50 (Early Only),154079,Classic,20.0,0,10,1,180.0,2026-10-04 17:00:00+00:00,Sun 1:00PM
196207781,NFL $20 50-50 (Early Only),154079,Classic,20.0,0,4,1,72.0,2026-10-04 17:00:00+00:00,Sun 1:00PM
196207786,NFL $20 10-Player (Early Only),154079,Classic,20.0,0,10,1,180.0,2026-10-04 17:00:00+00:00,Sun 1:00PM
196207787,NFL $20 5-Player (Early Only),154079,Classic,20.0,0,5,1,90.0,2026-10-04 17:00:00+00:00,Sun 1:00PM
196207789,NFL $20 3-Player (Early Only),154079,Classic,20.0,0,3,1,54.0,2026-10-04 17:00:00+00:00,Sun 1:00PM
196218725,NFL $20 3-Player (Early Only),154079,Classic,20.0,0,3,1,54.0,2026-10-04 17:00:00+00:00,Sun 1:00PM
196207791,NFL $10 50-50 (Early Only),154079,Classic,10.0,0,10,1,90.0,2026-10-04 17:00:00+00:00,Sun 1:00PM
196207790,NFL $10 50-50 (Early Only),154079,Classic,10.0,0,4,1,36.0,2026-10-04 17:00:00+00:00,Sun 1:00PM
196207797,NFL $10 Double Up (Early Only),154079,Classic,10.0,0,11,1,100.0,2026-10-04 17:00:00+00:00,Sun 1:00PM
196207798,NFL $10 Double Up (Early Only),154079,Classic,10.0,0,11,1,100.0,2026-10-04 17:00:00+00:00,Sun 1:00PM
196207792,NFL $10 10-Player (Early Only),154079,Classic,10.0,0,10,1,90.0,2026-10-04 17:00:00+00:00,Sun 1:00PM
196207793,NFL $10 5-Player (Early Only),154079,Classic,10.0,0,5,1,45.0,2026-10-04 17:00:00+00:00,Sun 1:00PM
196207795,NFL $10 3-Player (Early Only),154079,Classic,10.0,0,3,1,27.0,2026-10-04 17:00:00+00:00,Sun 1:00PM
196218584,NFL $10 3-Player (Early Only),154079,Classic,10.0,0,3,1,27.0,2026-10-04 17:00:00+00:00,Sun 1:00PM
196207742,NFL $5 50-50 (Early Only),154079,Classic,5.0,0,10,1,45.0,2026-10-04 17:00:00+00:00,Sun 1:00PM
196207743,NFL $5 50-50 (Early Only),154079,Classic,5.0,0,4,1,18.0,2026-10-04 17:00:00+00:00,Sun 1:00PM
196207744,NFL $5 50-50 (Early Only),154079,Classic,5.0,0,4,1,18.0,2026-10-04 17:00:00+00:00,Sun 1:00PM
196207803,NFL $5 Double Up (Early Only),154079,Classic,5.0,0,11,1,50.0,2026-10-04 17:00:00+00:00,Sun 1:00PM
196207804,NFL $5 Double Up (Early Only),154079,Classic,5.0,0,11,1,50.0,2026-10-04 17:00:00+00:00,Sun 1:00PM
196207745,NFL $5 20-Player (Early Only),154079,Classic,5.0,0,20,1,90.0,2026-10-04 17:00:00+00:00,Sun 1:00PM
196207748,NFL $5 10-Player (Early Only),154079,Classic,5.0,0,10,1,45.0,2026-10-04 17:00:00+00:00,Sun 1:00PM
196207752,NFL $5 5-Player (Early Only),154079,Classic,5.0,0,5,1,22.5,2026-10-04 17:00:00+00:00,Sun 1:00PM
196207753,NFL $5 5-Player (Early Only),154079,Classic,5.0,0,5,1,22.5,2026-10-04 17:00:00+00:00,Sun 1:00PM
196207754,NFL $5 3-Player (Early Only),154079,Classic,5.0,0,3,1,13.5,2026-10-04 17:00:00+00:00,Sun 1:00PM
196207755,NFL $5 3-Player (Early Only),154079,Classic,5.0,0,3,1,13.5,2026-10-04 17:00:00+00:00,Sun 1:00PM
196207805,NFL $3 Double Up (Early Only),154079,Classic,3.0,0,11,1,30.0,2026-10-04 17:00:00+00:00,Sun 1:00PM
196207806,NFL $3 Double Up (Early Only),154079,Classic,3.0,0,11,1,30.0,2026-10-04 17:00:00+00:00,Sun 1:00PM
196207756,NFL $2 50-50 (Early Only),154079,Classic,2.0,0,20,1,36.0,2026-10-04 17:00:00+00:00,Sun 1:00PM
196226296,NFL $2 50-50 (Early Only),154079,Classic,2.0,0,10,1,18.0,2026-10-04 17:00:00+00:00,Sun 1:00PM
196207761,NFL $2 20-Player (Early Only),154079,Classic,2.0,0,20,1,36.0,2026-10-04 17:00:00+00:00,Sun 1:00PM
196207762,NFL $2 10-Player (Early Only),154079,Classic,2.0,0,10,1,18.0,2026-10-04 17:00:00+00:00,Sun 1:00PM
196207763,NFL $2 10-Player (Early Only),154079,Classic,2.0,0,10,1,18.0,2026-10-04 17:00:00+00:00,Sun 1:00PM
196207765,NFL $2 5-Player (Early Only),154079,Classic,2.0,0,5,1,9.0,2026-10-04 17:00:00+00:00,Sun 1:00PM
196207766,NFL $2 5-Player (Early Only),154079,Classic,2.0,0,5,1,9.0,2026-10-04 17:00:00+00:00,Sun 1:00PM
196207768,NFL $2 3-Player (Early Only),154079,Classic,2.0,0,3,1,5.4,2026-10-04 17:00:00+00:00,Sun 1:00PM
196207769,NFL $2 3-Player (Early Only),154079,Classic,2.0,0,3,1,5.4,2026-10-04 17:00:00+00:00,Sun 1:00PM
196208262,NFL $1 50-50 (Early Only),154079,Classic,1.0,0,20,1,18.0,2026-10-04 17:00:00+00:00,Sun 1:00PM
196207772,NFL $1 50-50 (Early Only),154079,Classic,1.0,0,10,1,9.0,2026-10-04 17:00:00+00:00,Sun 1:00PM
196207773,NFL $1 50-50 (Early Only),154079,Classic,1.0,0,10,1,9.0,2026-10-04 17:00:00+00:00,Sun 1:00PM
196207775,NFL $1 20-Player (Early Only),154079,Classic,1.0,0,20,1,18.0,2026-10-04 17:00:00+00:00,Sun 1:00PM
196207776,NFL $1 10-Player (Early Only),154079,Classic,1.0,0,10,1,9.0,2026-10-04 17:00:00+00:00,Sun 1:00PM
196207777,NFL $1 10-Player (Early Only),154079,Classic,1.0,0,10,1,9.0,2026-10-04 17:00:00+00:00,Sun 1:00PM
196207778,NFL $1 5-Player (Early Only),154079,Classic,1.0,0,5,1,4.5,2026-10-04 17:00:00+00:00,Sun 1:00PM
196207779,NFL $1 5-Player (Early Only),154079,Classic,1.0,0,5,1,4.5,2026-10-04 17:00:00+00:00,Sun 1:00PM
196207780,NFL $1 5-Player (Early Only),154079,Classic,1.0,0,5,1,4.5,2026-10-04 17:00:00+00:00,Sun 1:00PM
196207782,NFL $1 3-Player (Early Only),154079,Classic,1.0,0,3,1,2.7,2026-10-04 17:00:00+00:00,Sun 1:00PM
196207783,NFL $1 3-Player (Early Only),154079,Classic,1.0,0,3,1,2.7,2026-10-04 17:00:00+00:00,Sun 1:00PM
196207784,NFL $1 3-Player (Early Only),154079,Classic,1.0,0,3,1,2.7,2026-10-04 17:00:00+00:00,Sun 1:00PM
196207920,NFL Tiers Satellite to $20 NFL Fantasy Football Millionaire [Must Fill],154112,Tiers,7.4,1,3,1,20.0,2026-10-04 17:00:00+00:00,Sun 1:00PM
196207913,Beginner NFL Tiers $1 50-50,154112,Tiers,1.0,1,4,1,3.6,2026-10-04 17:00:00+00:00,Sun 1:00PM
196207853,NFL Tiers $270 3-Player,154112,Tiers,270.0,1,3,1,750.0,2026-10-04 17:00:00+00:00,Sun 1:00PM
196207887,NFL Tiers $20 5-Player,154112,Tiers,20.0,1,5,1,90.0,2026-10-04 17:00:00+00:00,Sun 1:00PM
196207888,NFL Tiers $20 3-Player,154112,Tiers,20.0,1,3,1,54.0,2026-10-04 17:00:00+00:00,Sun 1:00PM
196207889,NFL Tiers $20 3-Player,154112,Tiers,20.0,1,3,1,54.0,2026-10-04 17:00:00+00:00,Sun 1:00PM
196207892,NFL Tiers $10 5-Player,154112,Tiers,10.0,1,5,1,45.0,2026-10-04 17:00:00+00:00,Sun 1:00PM
196207894,NFL Tiers $10 3-Player,154112,Tiers,10.0,1,3,1,27.0,2026-10-04 17:00:00+00:00,Sun 1:00PM
196217353,NFL Tiers $10 3-Player,154112,Tiers,10.0,1,3,1,27.0,2026-10-04 17:00:00+00:00,Sun 1:00PM
196207855,NFL Tiers $5 10-Player,154112,Tiers,5.0,1,10,1,45.0,2026-10-04 17:00:00+00:00,Sun 1:00PM
196207909,NFL Tiers $5 5-Player,154112,Tiers,5.0,1,5,1,22.5,2026-10-04 17:00:00+00:00,Sun 1:00PM
196207910,NFL Tiers $5 5-Player,154112,Tiers,5.0,1,5,1,22.5,2026-10-04 17:00:00+00:00,Sun 1:00PM
196207911,NFL Tiers $5 3-Player,154112,Tiers,5.0,1,3,1,13.5,2026-10-04 17:00:00+00:00,Sun 1:00PM
196207912,NFL Tiers $5 3-Player,154112,Tiers,5.0,1,3,1,13.5,2026-10-04 17:00:00+00:00,Sun 1:00PM
196225303,NFL Tiers $5 3-Player,154112,Tiers,5.0,1,3,1,13.5,2026-10-04 17:00:00+00:00,Sun 1:00PM
196207903,NFL Tiers $3 Double Up,154112,Tiers,3.0,1,11,1,30.0,2026-10-04 17:00:00+00:00,Sun 1:00PM
196224524,NFL Tiers $2 50-50 ,154112,Tiers,2.0,1,6,1,10.8,2026-10-04 17:00:00+00:00,Sun 1:00PM
196224529,NFL Tiers $2 5-Player (Top 2 Win),154112,Tiers,2.0,1,5,1,9.0,2026-10-04 17:00:00+00:00,Sun 1:00PM
196207870,NFL Tiers $2 3-Player,154112,Tiers,2.0,1,3,1,5.4,2026-10-04 17:00:00+00:00,Sun 1:00PM
196224523,NFL Tiers $1 50-50 ,154112,Tiers,1.0,1,6,1,5.4,2026-10-04 17:00:00+00:00,Sun 1:00PM
196207883,NFL Tiers $1 3-Player,154112,Tiers,1.0,1,3,1,2.7,2026-10-04 17:00:00+00:00,Sun 1:00PM
196224491,NFL Tiers $3 3-Player (Winner Takes All),154112,Tiers,3.0,1,3,1,8.1,2026-10-04 17:00:00+00:00,Sun 1:00PM
196224525,NFL Tiers $3 50-50,154112,Tiers,3.0,1,6,1,16.2,2026-10-04 17:00:00+00:00,Sun 1:00PM
196224526,NFL Tiers $3 6-Player (Top 3 Win),154112,Tiers,3.0,1,6,1,16.2,2026-10-04 17:00:00+00:00,Sun 1:00PM
196224531,NFL Tiers $3 7-Player (Top 3 Win),154112,Tiers,3.0,1,7,1,18.9,2026-10-04 17:00:00+00:00,Sun 1:00PM
196207824,Beginner NFL Tiers $50 50-50,154112,Tiers,50.0,0,4,1,180.0,2026-10-04 17:00:00+00:00,Sun 1:00PM
196207829,Beginner NFL Tiers $50 3-Player,154112,Tiers,50.0,0,3,1,135.0,2026-10-04 17:00:00+00:00,Sun 1:00PM
196207825,Beginner NFL Tiers $20 50-50,154112,Tiers,20.0,0,4,1,72.0,2026-10-04 17:00:00+00:00,Sun 1:00PM
196207830,Beginner NFL Tiers $20 3-Player,154112,Tiers,20.0,0,3,1,54.0,2026-10-04 17:00:00+00:00,Sun 1:00PM
196207826,Beginner NFL Tiers $10 50-50,154112,Tiers,10.0,0,4,1,36.0,2026-10-04 17:00:00+00:00,Sun 1:00PM
196207831,Beginner NFL Tiers $10 3-Player,154112,Tiers,10.0,0,3,1,27.0,2026-10-04 17:00:00+00:00,Sun 1:00PM
196207827,Beginner NFL Tiers $5 50-50,154112,Tiers,5.0,0,4,1,18.0,2026-10-04 17:00:00+00:00,Sun 1:00PM
196207832,Beginner NFL Tiers $5 3-Player,154112,Tiers,5.0,0,3,1,13.5,2026-10-04 17:00:00+00:00,Sun 1:00PM
196207828,Beginner NFL Tiers $3 50-50,154112,Tiers,3.0,0,4,1,10.8,2026-10-04 17:00:00+00:00,Sun 1:00PM
196207833,Beginner NFL Tiers $2 3-Player,154112,Tiers,2.0,0,3,1,5.4,2026-10-04 17:00:00+00:00,Sun 1:00PM
196224011,Beginner NFL Tiers $1 50-50,154112,Tiers,1.0,0,4,1,3.6,2026-10-04 17:00:00+00:00,Sun 1:00PM
196207834,Beginner NFL Tiers $1 3-Player,154112,Tiers,1.0,0,3,1,2.7,2026-10-04 17:00:00+00:00,Sun 1:00PM
196207835,"NFL Tiers $10,600 3-Player",154112,Tiers,10600.0,0,3,1,30000.0,2026-10-04 17:00:00+00:00,Sun 1:00PM
196207836,"NFL Tiers $10,600 3-Player",154112,Tiers,10600.0,0,3,1,30000.0,2026-10-04 17:00:00+00:00,Sun 1:00PM
196207839,"NFL Tiers $5,300 50-50",154112,Tiers,5300.0,0,4,1,20000.0,2026-10-04 17:00:00+00:00,Sun 1:00PM
196207840,"NFL Tiers $5,300 50-50",154112,Tiers,5300.0,0,4,1,20000.0,2026-10-04 17:00:00+00:00,Sun 1:00PM
196207837,"NFL Tiers $5,300 3-Player",154112,Tiers,5300.0,0,3,1,15000.0,2026-10-04 17:00:00+00:00,Sun 1:00PM
196207838,"NFL Tiers $5,300 3-Player",154112,Tiers,5300.0,0,3,1,15000.0,2026-10-04 17:00:00+00:00,Sun 1:00PM
196207841,"NFL Tiers $1,060 50-50",154112,Tiers,1060.0,0,4,1,4000.0,2026-10-04 17:00:00+00:00,Sun 1:00PM
196207842,"NFL Tiers $1,060 50-50",154112,Tiers,1060.0,0,4,1,4000.0,2026-10-04 17:00:00+00:00,Sun 1:00PM
196207843,"NFL Tiers $1,060 3-Player",154112,Tiers,1060.0,0,3,1,3000.0,2026-10-04 17:00:00+00:00,Sun 1:00PM
196207844,"NFL Tiers $1,060 3-Player",154112,Tiers,1060.0,0,3,1,3000.0,2026-10-04 17:00:00+00:00,Sun 1:00PM
196207845,NFL Tiers $530 50-50,154112,Tiers,530.0,0,4,1,2000.0,2026-10-04 17:00:00+00:00,Sun 1:00PM
196207846,NFL Tiers $530 50-50,154112,Tiers,530.0,0,4,1,2000.0,2026-10-04 17:00:00+00:00,Sun 1:00PM
196207847,NFL Tiers $530 3-Player,154112,Tiers,530.0,0,3,1,1500.0,2026-10-04 17:00:00+00:00,Sun 1:00PM
196207848,NFL Tiers $530 3-Player,154112,Tiers,530.0,0,3,1,1500.0,2026-10-04 17:00:00+00:00,Sun 1:00PM
196207907,NFL Tiers $270 50-50,154112,Tiers,270.0,0,4,1,1000.0,2026-10-04 17:00:00+00:00,Sun 1:00PM
196207908,NFL Tiers $270 50-50,154112,Tiers,270.0,0,4,1,1000.0,2026-10-04 17:00:00+00:00,Sun 1:00PM
196207854,NFL Tiers $270 3-Player,154112,Tiers,270.0,0,3,1,750.0,2026-10-04 17:00:00+00:00,Sun 1:00PM
196224126,NFL Tiers $270 3-Player,154112,Tiers,270.0,0,3,1,750.0,2026-10-04 17:00:00+00:00,Sun 1:00PM
196207856,NFL Tiers $109 50-50,154112,Tiers,109.0,0,4,1,400.0,2026-10-04 17:00:00+00:00,Sun 1:00PM
196207857,NFL Tiers $109 50-50,154112,Tiers,109.0,0,4,1,400.0,2026-10-04 17:00:00+00:00,Sun 1:00PM
196207860,NFL Tiers $109 3-Player,154112,Tiers,109.0,0,3,1,300.0,2026-10-04 17:00:00+00:00,Sun 1:00PM
196207861,NFL Tiers $109 3-Player,154112,Tiers,109.0,0,3,1,300.0,2026-10-04 17:00:00+00:00,Sun 1:00PM
196207862,NFL Tiers $109 3-Player,154112,Tiers,109.0,0,3,1,300.0,2026-10-04 17:00:00+00:00,Sun 1:00PM
196207869,NFL Tiers $50 50-50,154112,Tiers,50.0,0,8,1,360.0,2026-10-04 17:00:00+00:00,Sun 1:00PM
196207866,NFL Tiers $50 50-50,154112,Tiers,50.0,0,4,1,180.0,2026-10-04 17:00:00+00:00,Sun 1:00PM
196207900,NFL Tiers $50 Double Up,154112,Tiers,50.0,0,22,1,1000.0,2026-10-04 17:00:00+00:00,Sun 1:00PM
196207899,NFL Tiers $50 Double Up,154112,Tiers,50.0,0,11,1,500.0,2026-10-04 17:00:00+00:00,Sun 1:00PM
196207875,NFL Tiers $50 3-Player,154112,Tiers,50.0,0,3,1,135.0,2026-10-04 17:00:00+00:00,Sun 1:00PM
196207898,NFL Tiers $25 Double Up,154112,Tiers,25.0,0,22,1,500.0,2026-10-04 17:00:00+00:00,Sun 1:00PM
196207897,NFL Tiers $25 Double Up,154112,Tiers,25.0,0,11,1,250.0,2026-10-04 17:00:00+00:00,Sun 1:00PM
196207886,NFL Tiers $20 50-50,154112,Tiers,20.0,0,10,1,180.0,2026-10-04 17:00:00+00:00,Sun 1:00PM
196207882,NFL Tiers $20 50-50,154112,Tiers,20.0,0,4,1,72.0,2026-10-04 17:00:00+00:00,Sun 1:00PM
196228022,NFL Tiers $20 5-Player,154112,Tiers,20.0,0,5,1,90.0,2026-10-04 17:00:00+00:00,Sun 1:00PM
196228023,NFL Tiers $20 3-Player,154112,Tiers,20.0,0,3,1,54.0,2026-10-04 17:00:00+00:00,Sun 1:00PM
196228024,NFL Tiers $20 3-Player,154112,Tiers,20.0,0,3,1,54.0,2026-10-04 17:00:00+00:00,Sun 1:00PM
196207891,NFL Tiers $10 50-50,154112,Tiers,10.0,0,10,1,90.0,2026-10-04 17:00:00+00:00,Sun 1:00PM
196207890,NFL Tiers $10 50-50,154112,Tiers,10.0,0,4,1,36.0,2026-10-04 17:00:00+00:00,Sun 1:00PM
196207895,NFL Tiers $10 Double Up,154112,Tiers,10.0,0,11,1,100.0,2026-10-04 17:00:00+00:00,Sun 1:00PM
196207896,NFL Tiers $10 Double Up,154112,Tiers,10.0,0,11,1,100.0,2026-10-04 17:00:00+00:00,Sun 1:00PM
196228025,NFL Tiers $10 5-Player,154112,Tiers,10.0,0,5,1,45.0,2026-10-04 17:00:00+00:00,Sun 1:00PM
196228026,NFL Tiers $10 3-Player,154112,Tiers,10.0,0,3,1,27.0,2026-10-04 17:00:00+00:00,Sun 1:00PM
196228027,NFL Tiers $10 3-Player,154112,Tiers,10.0,0,3,1,27.0,2026-10-04 17:00:00+00:00,Sun 1:00PM
196207849,NFL Tiers $5 50-50,154112,Tiers,5.0,0,10,1,45.0,2026-10-04 17:00:00+00:00,Sun 1:00PM
196207850,NFL Tiers $5 50-50,154112,Tiers,5.0,0,4,1,18.0,2026-10-04 17:00:00+00:00,Sun 1:00PM
196207851,NFL Tiers $5 50-50,154112,Tiers,5.0,0,4,1,18.0,2026-10-04 17:00:00+00:00,Sun 1:00PM
196207901,NFL Tiers $5 Double Up,154112,Tiers,5.0,0,11,1,50.0,2026-10-04 17:00:00+00:00,Sun 1:00PM
196207902,NFL Tiers $5 Double Up,154112,Tiers,5.0,0,11,1,50.0,2026-10-04 17:00:00+00:00,Sun 1:00PM
196207852,NFL Tiers $5 20-Player,154112,Tiers,5.0,0,20,1,90.0,2026-10-04 17:00:00+00:00,Sun 1:00PM
196208337,NFL Tiers $5 10-Player,154112,Tiers,5.0,0,10,1,45.0,2026-10-04 17:00:00+00:00,Sun 1:00PM
196228028,NFL Tiers $5 5-Player,154112,Tiers,5.0,0,5,1,22.5,2026-10-04 17:00:00+00:00,Sun 1:00PM
196228029,NFL Tiers $5 5-Player,154112,Tiers,5.0,0,5,1,22.5,2026-10-04 17:00:00+00:00,Sun 1:00PM
196228030,NFL Tiers $5 3-Player,154112,Tiers,5.0,0,3,1,13.5,2026-10-04 17:00:00+00:00,Sun 1:00PM
196228031,NFL Tiers $5 3-Player,154112,Tiers,5.0,0,3,1,13.5,2026-10-04 17:00:00+00:00,Sun 1:00PM
196207904,NFL Tiers $3 Double Up,154112,Tiers,3.0,0,11,1,30.0,2026-10-04 17:00:00+00:00,Sun 1:00PM
196221092,NFL Tiers $3 Double Up,154112,Tiers,3.0,0,11,1,30.0,2026-10-04 17:00:00+00:00,Sun 1:00PM
196207858,NFL Tiers $2 50-50,154112,Tiers,2.0,0,20,1,36.0,2026-10-04 17:00:00+00:00,Sun 1:00PM
196207859,NFL Tiers $2 50-50,154112,Tiers,2.0,0,10,1,18.0,2026-10-04 17:00:00+00:00,Sun 1:00PM
196207863,NFL Tiers $2 20-Player,154112,Tiers,2.0,0,20,1,36.0,2026-10-04 17:00:00+00:00,Sun 1:00PM
196207864,NFL Tiers $2 10-Player,154112,Tiers,2.0,0,10,1,18.0,2026-10-04 17:00:00+00:00,Sun 1:00PM
196207865,NFL Tiers $2 10-Player,154112,Tiers,2.0,0,10,1,18.0,2026-10-04 17:00:00+00:00,Sun 1:00PM
196207867,NFL Tiers $2 5-Player,154112,Tiers,2.0,0,5,1,9.0,2026-10-04 17:00:00+00:00,Sun 1:00PM
196207868,NFL Tiers $2 5-Player,154112,Tiers,2.0,0,5,1,9.0,2026-10-04 17:00:00+00:00,Sun 1:00PM
196207871,NFL Tiers $2 3-Player,154112,Tiers,2.0,0,3,1,5.4,2026-10-04 17:00:00+00:00,Sun 1:00PM
196224490,NFL Tiers $2 3-Player,154112,Tiers,2.0,0,3,1,5.4,2026-10-04 17:00:00+00:00,Sun 1:00PM
196207872,NFL Tiers $1 50-50,154112,Tiers,1.0,0,20,1,18.0,2026-10-04 17:00:00+00:00,Sun 1:00PM
196207873,NFL Tiers $1 50-50,154112,Tiers,1.0,0,10,1,9.0,2026-10-04 17:00:00+00:00,Sun 1:00PM
196207874,NFL Tiers $1 50-50,154112,Tiers,1.0,0,10,1,9.0,2026-10-04 17:00:00+00:00,Sun 1:00PM
196207905,NFL Tiers $1 Double Up,154112,Tiers,1.0,0,11,1,10.0,2026-10-04 17:00:00+00:00,Sun 1:00PM
196207906,NFL Tiers $1 Double Up,154112,Tiers,1.0,0,11,1,10.0,2026-10-04 17:00:00+00:00,Sun 1:00PM
196207876,NFL Tiers $1 20-Player,154112,Tiers,1.0,0,20,1,18.0,2026-10-04 17:00:00+00:00,Sun 1:00PM
196207877,NFL Tiers $1 10-Player,154112,Tiers,1.0,0,10,1,9.0,2026-10-04 17:00:00+00:00,Sun 1:00PM
196207878,NFL Tiers $1 10-Player,154112,Tiers,1.0,0,10,1,9.0,2026-10-04 17:00:00+00:00,Sun 1:00PM
196207879,NFL Tiers $1 5-Player,154112,Tiers,1.0,0,5,1,4.5,2026-10-04 17:00:00+00:00,Sun 1:00PM
196207880,NFL Tiers $1 5-Player,154112,Tiers,1.0,0,5,1,4.5,2026-10-04 17:00:00+00:00,Sun 1:00PM
196207881,NFL Tiers $1 5-Player,154112,Tiers,1.0,0,5,1,4.5,2026-10-04 17:00:00+00:00,Sun 1:00PM
196207884,NFL Tiers $1 3-Player,154112,Tiers,1.0,0,3,1,2.7,2026-10-04 17:00:00+00:00,Sun 1:00PM
196207885,NFL Tiers $1 3-Player,154112,Tiers,1.0,0,3,1,2.7,2026-10-04 17:00:00+00:00,Sun 1:00PM
196224489,NFL Tiers $1 3-Player,154112,Tiers,1.0,0,3,1,2.7,2026-10-04 17:00:00+00:00,Sun 1:00PM
196225403,NFL $10 20-Player (Winner Takes All) (Sun-Mon),154080,Classic,10.0,1,20,1,180.0,2026-10-04 17:00:00+00:00,Sun 1:00PM
196211355,NFL $10 5-Player (Winner Takes All) (Sun-Mon),154080,Classic,10.0,1,5,1,45.0,2026-10-04 17:00:00+00:00,Sun 1:00PM
196212868,NFL $10 5-Player (Winner Takes All) (Sun-Mon),154080,Classic,10.0,1,5,1,45.0,2026-10-04 17:00:00+00:00,Sun 1:00PM
196208000,NFL $5 Double Up (Sun-Mon),154080,Classic,5.0,2,11,1,50.0,2026-10-04 17:00:00+00:00,Sun 1:00PM
196216407,NFL $5 20-Player (Top 3 Win) (Sun-Mon),154080,Classic,5.0,1,20,1,90.0,2026-10-04 17:00:00+00:00,Sun 1:00PM
196208787,NFL $5 12-Player (Top 3 Win) (Sun-Mon),154080,Classic,5.0,9,12,1,54.0,2026-10-04 17:00:00+00:00,Sun 1:00PM
196207954,NFL $5 10-Player (Sun-Mon),154080,Classic,5.0,1,10,1,45.0,2026-10-04 17:00:00+00:00,Sun 1:00PM
196207957,NFL $2 50-50 (Sun-Mon),154080,Classic,2.0,1,20,1,36.0,2026-10-04 17:00:00+00:00,Sun 1:00PM
196207969,NFL $2 3-Player (Sun-Mon),154080,Classic,2.0,2,3,1,5.4,2026-10-04 17:00:00+00:00,Sun 1:00PM
196207971,NFL $1 50-50 (Sun-Mon),154080,Classic,1.0,1,20,1,18.0,2026-10-04 17:00:00+00:00,Sun 1:00PM
196207976,NFL $1 10-Player (Sun-Mon),154080,Classic,1.0,1,10,1,9.0,2026-10-04 17:00:00+00:00,Sun 1:00PM
196207977,NFL $1 10-Player (Sun-Mon),154080,Classic,1.0,1,10,1,9.0,2026-10-04 17:00:00+00:00,Sun 1:00PM
196207978,NFL $1 5-Player (Sun-Mon),154080,Classic,1.0,1,5,1,4.5,2026-10-04 17:00:00+00:00,Sun 1:00PM
196207979,NFL $1 5-Player (Sun-Mon),154080,Classic,1.0,1,5,1,4.5,2026-10-04 17:00:00+00:00,Sun 1:00PM
196207983,NFL $1 3-Player (Sun-Mon),154080,Classic,1.0,2,3,1,2.7,2026-10-04 17:00:00+00:00,Sun 1:00PM
196218304,NFL $1 3-Player (Sun-Mon),154080,Classic,1.0,1,3,1,2.7,2026-10-04 17:00:00+00:00,Sun 1:00PM
196208019,NFL Satellite to $20 NFL Fantasy Football Millionaire [Must Fill] (Sun-Mon),154080,Classic,7.4,0,3,1,20.0,2026-10-04 17:00:00+00:00,Sun 1:00PM
196207923,Beginner NFL $50 50-50 (Sun-Mon),154080,Classic,50.0,0,4,1,180.0,2026-10-04 17:00:00+00:00,Sun 1:00PM
196207928,Beginner NFL $50 3-Player (Sun-Mon),154080,Classic,50.0,0,3,1,135.0,2026-10-04 17:00:00+00:00,Sun 1:00PM
196207924,Beginner NFL $20 50-50 (Sun-Mon),154080,Classic,20.0,0,4,1,72.0,2026-10-04 17:00:00+00:00,Sun 1:00PM
196207929,Beginner NFL $20 3-Player (Sun-Mon),154080,Classic,20.0,0,3,1,54.0,2026-10-04 17:00:00+00:00,Sun 1:00PM
196207925,Beginner NFL $10 50-50 (Sun-Mon),154080,Classic,10.0,0,4,1,36.0,2026-10-04 17:00:00+00:00,Sun 1:00PM
196207930,Beginner NFL $10 3-Player (Sun-Mon),154080,Classic,10.0,0,3,1,27.0,2026-10-04 17:00:00+00:00,Sun 1:00PM
196207926,Beginner NFL $5 50-50 (Sun-Mon),154080,Classic,5.0,0,4,1,18.0,2026-10-04 17:00:00+00:00,Sun 1:00PM
196207931,Beginner NFL $5 3-Player (Sun-Mon),154080,Classic,5.0,0,3,1,13.5,2026-10-04 17:00:00+00:00,Sun 1:00PM
196207927,Beginner NFL $3 50-50 (Sun-Mon),154080,Classic,3.0,0,4,1,10.8,2026-10-04 17:00:00+00:00,Sun 1:00PM
196207932,Beginner NFL $2 3-Player (Sun-Mon),154080,Classic,2.0,0,3,1,5.4,2026-10-04 17:00:00+00:00,Sun 1:00PM
196208012,Beginner NFL $1 50-50 (Sun-Mon),154080,Classic,1.0,0,4,1,3.6,2026-10-04 17:00:00+00:00,Sun 1:00PM
196207933,Beginner NFL $1 3-Player (Sun-Mon),154080,Classic,1.0,0,3,1,2.7,2026-10-04 17:00:00+00:00,Sun 1:00PM
196207934,"NFL $10,600 3-Player (Sun-Mon)",154080,Classic,10600.0,0,3,1,30000.0,2026-10-04 17:00:00+00:00,Sun 1:00PM
196207935,"NFL $10,600 3-Player (Sun-Mon)",154080,Classic,10600.0,0,3,1,30000.0,2026-10-04 17:00:00+00:00,Sun 1:00PM
196207938,"NFL $5,300 50-50 (Sun-Mon)",154080,Classic,5300.0,0,4,1,20000.0,2026-10-04 17:00:00+00:00,Sun 1:00PM
196207939,"NFL $5,300 50-50 (Sun-Mon)",154080,Classic,5300.0,0,4,1,20000.0,2026-10-04 17:00:00+00:00,Sun 1:00PM
196207936,"NFL $5,300 3-Player (Sun-Mon)",154080,Classic,5300.0,0,3,1,15000.0,2026-10-04 17:00:00+00:00,Sun 1:00PM
196207937,"NFL $5,300 3-Player (Sun-Mon)",154080,Classic,5300.0,0,3,1,15000.0,2026-10-04 17:00:00+00:00,Sun 1:00PM
196207940,"NFL $1,060 50-50 (Sun-Mon)",154080,Classic,1060.0,0,4,1,4000.0,2026-10-04 17:00:00+00:00,Sun 1:00PM
196207941,"NFL $1,060 50-50 (Sun-Mon)",154080,Classic,1060.0,0,4,1,4000.0,2026-10-04 17:00:00+00:00,Sun 1:00PM
196207942,"NFL $1,060 3-Player (Sun-Mon)",154080,Classic,1060.0,0,3,1,3000.0,2026-10-04 17:00:00+00:00,Sun 1:00PM
196207943,"NFL $1,060 3-Player (Sun-Mon)",154080,Classic,1060.0,0,3,1,3000.0,2026-10-04 17:00:00+00:00,Sun 1:00PM
196207944,NFL $530 50-50 (Sun-Mon),154080,Classic,530.0,0,4,1,2000.0,2026-10-04 17:00:00+00:00,Sun 1:00PM
196207945,NFL $530 50-50 (Sun-Mon),154080,Classic,530.0,0,4,1,2000.0,2026-10-04 17:00:00+00:00,Sun 1:00PM
196207946,NFL $530 3-Player (Sun-Mon),154080,Classic,530.0,0,3,1,1500.0,2026-10-04 17:00:00+00:00,Sun 1:00PM
196207947,NFL $530 3-Player (Sun-Mon),154080,Classic,530.0,0,3,1,1500.0,2026-10-04 17:00:00+00:00,Sun 1:00PM
196208006,NFL $270 50-50 (Sun-Mon),154080,Classic,270.0,0,4,1,1000.0,2026-10-04 17:00:00+00:00,Sun 1:00PM
196208007,NFL $270 50-50 (Sun-Mon),154080,Classic,270.0,0,4,1,1000.0,2026-10-04 17:00:00+00:00,Sun 1:00PM
196207952,NFL $270 3-Player (Sun-Mon),154080,Classic,270.0,0,3,1,750.0,2026-10-04 17:00:00+00:00,Sun 1:00PM
196207953,NFL $270 3-Player (Sun-Mon),154080,Classic,270.0,0,3,1,750.0,2026-10-04 17:00:00+00:00,Sun 1:00PM
196207955,NFL $109 50-50 (Sun-Mon),154080,Classic,109.0,0,4,1,400.0,2026-10-04 17:00:00+00:00,Sun 1:00PM
196207956,NFL $109 50-50 (Sun-Mon),154080,Classic,109.0,0,4,1,400.0,2026-10-04 17:00:00+00:00,Sun 1:00PM
196207959,NFL $109 3-Player (Sun-Mon),154080,Classic,109.0,0,3,1,300.0,2026-10-04 17:00:00+00:00,Sun 1:00PM
196207960,NFL $109 3-Player (Sun-Mon),154080,Classic,109.0,0,3,1,300.0,2026-10-04 17:00:00+00:00,Sun 1:00PM
196207961,NFL $109 3-Player (Sun-Mon),154080,Classic,109.0,0,3,1,300.0,2026-10-04 17:00:00+00:00,Sun 1:00PM
196207968,NFL $50 50-50 (Sun-Mon),154080,Classic,50.0,0,8,1,360.0,2026-10-04 17:00:00+00:00,Sun 1:00PM
196207965,NFL $50 50-50 (Sun-Mon),154080,Classic,50.0,0,4,1,180.0,2026-10-04 17:00:00+00:00,Sun 1:00PM
196207999,NFL $50 Double Up (Sun-Mon),154080,Classic,50.0,0,22,1,1000.0,2026-10-04 17:00:00+00:00,Sun 1:00PM
196207998,NFL $50 Double Up (Sun-Mon),154080,Classic,50.0,0,11,1,500.0,2026-10-04 17:00:00+00:00,Sun 1:00PM
196207974,NFL $50 3-Player (Sun-Mon),154080,Classic,50.0,0,3,1,135.0,2026-10-04 17:00:00+00:00,Sun 1:00PM
196207997,NFL $25 Double Up (Sun-Mon),154080,Classic,25.0,0,22,1,500.0,2026-10-04 17:00:00+00:00,Sun 1:00PM
196207996,NFL $25 Double Up (Sun-Mon),154080,Classic,25.0,0,11,1,250.0,2026-10-04 17:00:00+00:00,Sun 1:00PM
196207985,NFL $20 50-50 (Sun-Mon),154080,Classic,20.0,0,10,1,180.0,2026-10-04 17:00:00+00:00,Sun 1:00PM
196207981,NFL $20 50-50 (Sun-Mon),154080,Classic,20.0,0,4,1,72.0,2026-10-04 17:00:00+00:00,Sun 1:00PM
196207986,NFL $20 5-Player (Sun-Mon),154080,Classic,20.0,0,5,1,90.0,2026-10-04 17:00:00+00:00,Sun 1:00PM
196207987,NFL $20 3-Player (Sun-Mon),154080,Classic,20.0,0,3,1,54.0,2026-10-04 17:00:00+00:00,Sun 1:00PM
196207988,NFL $20 3-Player (Sun-Mon),154080,Classic,20.0,0,3,1,54.0,2026-10-04 17:00:00+00:00,Sun 1:00PM
196207990,NFL $10 50-50 (Sun-Mon),154080,Classic,10.0,0,10,1,90.0,2026-10-04 17:00:00+00:00,Sun 1:00PM
196207989,NFL $10 50-50 (Sun-Mon),154080,Classic,10.0,0,4,1,36.0,2026-10-04 17:00:00+00:00,Sun 1:00PM
196207994,NFL $10 Double Up (Sun-Mon),154080,Classic,10.0,0,11,1,100.0,2026-10-04 17:00:00+00:00,Sun 1:00PM
196207995,NFL $10 Double Up (Sun-Mon),154080,Classic,10.0,0,11,1,100.0,2026-10-04 17:00:00+00:00,Sun 1:00PM
196207991,NFL $10 5-Player (Sun-Mon),154080,Classic,10.0,0,5,1,45.0,2026-10-04 17:00:00+00:00,Sun 1:00PM
196207992,NFL $10 3-Player (Sun-Mon),154080,Classic,10.0,0,3,1,27.0,2026-10-04 17:00:00+00:00,Sun 1:00PM
196207993,NFL $10 3-Player (Sun-Mon),154080,Classic,10.0,0,3,1,27.0,2026-10-04 17:00:00+00:00,Sun 1:00PM
196207948,NFL $5 50-50 (Sun-Mon),154080,Classic,5.0,0,10,1,45.0,2026-10-04 17:00:00+00:00,Sun 1:00PM
196207949,NFL $5 50-50 (Sun-Mon),154080,Classic,5.0,0,4,1,18.0,2026-10-04 17:00:00+00:00,Sun 1:00PM
196207950,NFL $5 50-50 (Sun-Mon),154080,Classic,5.0,0,4,1,18.0,2026-10-04 17:00:00+00:00,Sun 1:00PM
196208001,NFL $5 Double Up (Sun-Mon),154080,Classic,5.0,0,11,1,50.0,2026-10-04 17:00:00+00:00,Sun 1:00PM
196218423,NFL $5 Double Up (Sun-Mon),154080,Classic,5.0,0,11,1,50.0,2026-10-04 17:00:00+00:00,Sun 1:00PM
196207951,NFL $5 20-Player (Sun-Mon),154080,Classic,5.0,0,20,1,90.0,2026-10-04 17:00:00+00:00,Sun 1:00PM
196218407,NFL $5 10-Player (Sun-Mon),154080,Classic,5.0,0,10,1,45.0,2026-10-04 17:00:00+00:00,Sun 1:00PM
196208008,NFL $5 5-Player (Sun-Mon),154080,Classic,5.0,0,5,1,22.5,2026-10-04 17:00:00+00:00,Sun 1:00PM
196208009,NFL $5 5-Player (Sun-Mon),154080,Classic,5.0,0,5,1,22.5,2026-10-04 17:00:00+00:00,Sun 1:00PM
196208010,NFL $5 3-Player (Sun-Mon),154080,Classic,5.0,0,3,1,13.5,2026-10-04 17:00:00+00:00,Sun 1:00PM
196208011,NFL $5 3-Player (Sun-Mon),154080,Classic,5.0,0,3,1,13.5,2026-10-04 17:00:00+00:00,Sun 1:00PM
196208002,NFL $3 Double Up (Sun-Mon),154080,Classic,3.0,0,11,1,30.0,2026-10-04 17:00:00+00:00,Sun 1:00PM
196208003,NFL $3 Double Up (Sun-Mon),154080,Classic,3.0,0,11,1,30.0,2026-10-04 17:00:00+00:00,Sun 1:00PM
196208768,NFL $2 50-50 (Sun-Mon),154080,Classic,2.0,0,20,1,36.0,2026-10-04 17:00:00+00:00,Sun 1:00PM
196207958,NFL $2 50-50 (Sun-Mon),154080,Classic,2.0,0,10,1,18.0,2026-10-04 17:00:00+00:00,Sun 1:00PM
196207962,NFL $2 20-Player (Sun-Mon),154080,Classic,2.0,0,20,1,36.0,2026-10-04 17:00:00+00:00,Sun 1:00PM
196207963,NFL $2 10-Player (Sun-Mon),154080,Classic,2.0,0,10,1,18.0,2026-10-04 17:00:00+00:00,Sun 1:00PM
196207964,NFL $2 10-Player (Sun-Mon),154080,Classic,2.0,0,10,1,18.0,2026-10-04 17:00:00+00:00,Sun 1:00PM
196207966,NFL $2 5-Player (Sun-Mon),154080,Classic,2.0,0,5,1,9.0,2026-10-04 17:00:00+00:00,Sun 1:00PM
196207967,NFL $2 5-Player (Sun-Mon),154080,Classic,2.0,0,5,1,9.0,2026-10-04 17:00:00+00:00,Sun 1:00PM
196207970,NFL $2 3-Player (Sun-Mon),154080,Classic,2.0,0,3,1,5.4,2026-10-04 17:00:00+00:00,Sun 1:00PM
196219471,NFL $2 3-Player (Sun-Mon),154080,Classic,2.0,0,3,1,5.4,2026-10-04 17:00:00+00:00,Sun 1:00PM
196214646,NFL $1 50-50 (Sun-Mon),154080,Classic,1.0,0,20,1,18.0,2026-10-04 17:00:00+00:00,Sun 1:00PM
196207972,NFL $1 50-50 (Sun-Mon),154080,Classic,1.0,0,10,1,9.0,2026-10-04 17:00:00+00:00,Sun 1:00PM
196207973,NFL $1 50-50 (Sun-Mon),154080,Classic,1.0,0,10,1,9.0,2026-10-04 17:00:00+00:00,Sun 1:00PM
196208004,NFL $1 Double Up (Sun-Mon),154080,Classic,1.0,0,11,1,10.0,2026-10-04 17:00:00+00:00,Sun 1:00PM
196208005,NFL $1 Double Up (Sun-Mon),154080,Classic,1.0,0,11,1,10.0,2026-10-04 17:00:00+00:00,Sun 1:00PM
196207975,NFL $1 20-Player (Sun-Mon),154080,Classic,1.0,0,20,1,18.0,2026-10-04 17:00:00+00:00,Sun 1:00PM
196220593,NFL $1 10-Player (Sun-Mon),154080,Classic,1.0,0,10,1,9.0,2026-10-04 17:00:00+00:00,Sun 1:00PM
196220621,NFL $1 10-Player (Sun-Mon),154080,Classic,1.0,0,10,1,9.0,2026-10-04 17:00:00+00:00,Sun 1:00PM
196207980,NFL $1 5-Player (Sun-Mon),154080,Classic,1.0,0,5,1,4.5,2026-10-04 17:00:00+00:00,Sun 1:00PM
196220622,NFL $1 5-Player (Sun-Mon),154080,Classic,1.0,0,5,1,4.5,2026-10-04 17:00:00+00:00,Sun 1:00PM
196220625,NFL $1 5-Player (Sun-Mon),154080,Classic,1.0,0,5,1,4.5,2026-10-04 17:00:00+00:00,Sun 1:00PM
196207982,NFL $1 3-Player (Sun-Mon),154080,Classic,1.0,0,3,1,2.7,2026-10-04 17:00:00+00:00,Sun 1:00PM
196207984,NFL $1 3-Player (Sun-Mon),154080,Classic,1.0,0,3,1,2.7,2026-10-04 17:00:00+00:00,Sun 1:00PM
196224262,NFL $1 3-Player (Sun-Mon),154080,Classic,1.0,0,3,1,2.7,2026-10-04 17:00:00+00:00,Sun 1:00PM
196206000,NFL Showdown Satellite to $20 NFL Fantasy Football Millionaire [Must Fill] (DAL @ HOU),154086,Showdown Captain Mode,7.4,0,3,1,20.0,2026-10-04 17:00:00+00:00,Sun 1:00PM
196205904,Beginner NFL Showdown $50 50-50 (DAL @ HOU),154086,Showdown Captain Mode,50.0,0,4,1,180.0,2026-10-04 17:00:00+00:00,Sun 1:00PM
196205909,Beginner NFL Showdown $50 3-Player (DAL @ HOU),154086,Showdown Captain Mode,50.0,0,3,1,135.0,2026-10-04 17:00:00+00:00,Sun 1:00PM
196205905,Beginner NFL Showdown $20 50-50 (DAL @ HOU),154086,Showdown Captain Mode,20.0,0,4,1,72.0,2026-10-04 17:00:00+00:00,Sun 1:00PM
196205910,Beginner NFL Showdown $20 3-Player (DAL @ HOU),154086,Showdown Captain Mode,20.0,0,3,1,54.0,2026-10-04 17:00:00+00:00,Sun 1:00PM
196205906,Beginner NFL Showdown $10 50-50 (DAL @ HOU),154086,Showdown Captain Mode,10.0,0,4,1,36.0,2026-10-04 17:00:00+00:00,Sun 1:00PM
196205911,Beginner NFL Showdown $10 3-Player (DAL @ HOU),154086,Showdown Captain Mode,10.0,0,3,1,27.0,2026-10-04 17:00:00+00:00,Sun 1:00PM
196205907,Beginner NFL Showdown $5 50-50 (DAL @ HOU),154086,Showdown Captain Mode,5.0,0,4,1,18.0,2026-10-04 17:00:00+00:00,Sun 1:00PM
196205912,Beginner NFL Showdown $5 3-Player (DAL @ HOU),154086,Showdown Captain Mode,5.0,0,3,1,13.5,2026-10-04 17:00:00+00:00,Sun 1:00PM
196205908,Beginner NFL Showdown $3 50-50 (DAL @ HOU),154086,Showdown Captain Mode,3.0,0,4,1,10.8,2026-10-04 17:00:00+00:00,Sun 1:00PM
196205913,Beginner NFL Showdown $2 3-Player (DAL @ HOU),154086,Showdown Captain Mode,2.0,0,3,1,5.4,2026-10-04 17:00:00+00:00,Sun 1:00PM
196205993,Beginner NFL Showdown $1 50-50 (DAL @ HOU),154086,Showdown Captain Mode,1.0,0,4,1,3.6,2026-10-04 17:00:00+00:00,Sun 1:00PM
196205914,Beginner NFL Showdown $1 3-Player (DAL @ HOU),154086,Showdown Captain Mode,1.0,0,3,1,2.7,2026-10-04 17:00:00+00:00,Sun 1:00PM
196205915,"NFL Showdown $10,600 3-Player (DAL @ HOU)",154086,Showdown Captain Mode,10600.0,0,3,1,30000.0,2026-10-04 17:00:00+00:00,Sun 1:00PM
196205916,"NFL Showdown $10,600 3-Player (DAL @ HOU)",154086,Showdown Captain Mode,10600.0,0,3,1,30000.0,2026-10-04 17:00:00+00:00,Sun 1:00PM
196205919,"NFL Showdown $5,300 50-50 (DAL @ HOU)",154086,Showdown Captain Mode,5300.0,0,4,1,20000.0,2026-10-04 17:00:00+00:00,Sun 1:00PM
196205920,"NFL Showdown $5,300 50-50 (DAL @ HOU)",154086,Showdown Captain Mode,5300.0,0,4,1,20000.0,2026-10-04 17:00:00+00:00,Sun 1:00PM
196205917,"NFL Showdown $5,300 3-Player (DAL @ HOU)",154086,Showdown Captain Mode,5300.0,0,3,1,15000.0,2026-10-04 17:00:00+00:00,Sun 1:00PM
196205918,"NFL Showdown $5,300 3-Player (DAL @ HOU)",154086,Showdown Captain Mode,5300.0,0,3,1,15000.0,2026-10-04 17:00:00+00:00,Sun 1:00PM
196205921,"NFL Showdown $1,060 50-50 (DAL @ HOU)",154086,Showdown Captain Mode,1060.0,0,4,1,4000.0,2026-10-04 17:00:00+00:00,Sun 1:00PM
196205922,"NFL Showdown $1,060 50-50 (DAL @ HOU)",154086,Showdown Captain Mode,1060.0,0,4,1,4000.0,2026-10-04 17:00:00+00:00,Sun 1:00PM
196205923,"NFL Showdown $1,060 3-Player (DAL @ HOU)",154086,Showdown Captain Mode,1060.0,0,3,1,3000.0,2026-10-04 17:00:00+00:00,Sun 1:00PM
196205924,"NFL Showdown $1,060 3-Player (DAL @ HOU)",154086,Showdown Captain Mode,1060.0,0,3,1,3000.0,2026-10-04 17:00:00+00:00,Sun 1:00PM
196205925,NFL Showdown $530 50-50 (DAL @ HOU),154086,Showdown Captain Mode,530.0,0,4,1,2000.0,2026-10-04 17:00:00+00:00,Sun 1:00PM
196205926,NFL Showdown $530 50-50 (DAL @ HOU),154086,Showdown Captain Mode,530.0,0,4,1,2000.0,2026-10-04 17:00:00+00:00,Sun 1:00PM
196205927,NFL Showdown $530 3-Player (DAL @ HOU),154086,Showdown Captain Mode,530.0,0,3,1,1500.0,2026-10-04 17:00:00+00:00,Sun 1:00PM
196205928,NFL Showdown $530 3-Player (DAL @ HOU),154086,Showdown Captain Mode,530.0,0,3,1,1500.0,2026-10-04 17:00:00+00:00,Sun 1:00PM
196205987,NFL Showdown $270 50-50 (DAL @ HOU),154086,Showdown Captain Mode,270.0,0,4,1,1000.0,2026-10-04 17:00:00+00:00,Sun 1:00PM
196205988,NFL Showdown $270 50-50 (DAL @ HOU),154086,Showdown Captain Mode,270.0,0,4,1,1000.0,2026-10-04 17:00:00+00:00,Sun 1:00PM
196205933,NFL Showdown $270 3-Player (DAL @ HOU),154086,Showdown Captain Mode,270.0,0,3,1,750.0,2026-10-04 17:00:00+00:00,Sun 1:00PM
196205934,NFL Showdown $270 3-Player (DAL @ HOU),154086,Showdown Captain Mode,270.0,0,3,1,750.0,2026-10-04 17:00:00+00:00,Sun 1:00PM
196205936,NFL Showdown $109 50-50 (DAL @ HOU),154086,Showdown Captain Mode,109.0,0,4,1,400.0,2026-10-04 17:00:00+00:00,Sun 1:00PM
196205937,NFL Showdown $109 50-50 (DAL @ HOU),154086,Showdown Captain Mode,109.0,0,4,1,400.0,2026-10-04 17:00:00+00:00,Sun 1:00PM
196205940,NFL Showdown $109 3-Player (DAL @ HOU),154086,Showdown Captain Mode,109.0,0,3,1,300.0,2026-10-04 17:00:00+00:00,Sun 1:00PM
196205941,NFL Showdown $109 3-Player (DAL @ HOU),154086,Showdown Captain Mode,109.0,0,3,1,300.0,2026-10-04 17:00:00+00:00,Sun 1:00PM
196205942,NFL Showdown $109 3-Player (DAL @ HOU),154086,Showdown Captain Mode,109.0,0,3,1,300.0,2026-10-04 17:00:00+00:00,Sun 1:00PM
196205949,NFL Showdown $50 50-50 (DAL @ HOU),154086,Showdown Captain Mode,50.0,0,8,1,360.0,2026-10-04 17:00:00+00:00,Sun 1:00PM
196205946,NFL Showdown $50 50-50 (DAL @ HOU),154086,Showdown Captain Mode,50.0,0,4,1,180.0,2026-10-04 17:00:00+00:00,Sun 1:00PM
196205980,NFL Showdown $50 Double Up (DAL @ HOU),154086,Showdown Captain Mode,50.0,0,22,1,1000.0,2026-10-04 17:00:00+00:00,Sun 1:00PM
196205979,NFL Showdown $50 Double Up (DAL @ HOU),154086,Showdown Captain Mode,50.0,0,11,1,500.0,2026-10-04 17:00:00+00:00,Sun 1:00PM
196205955,NFL Showdown $50 3-Player (DAL @ HOU),154086,Showdown Captain Mode,50.0,0,3,1,135.0,2026-10-04 17:00:00+00:00,Sun 1:00PM
196205978,NFL Showdown $25 Double Up (DAL @ HOU),154086,Showdown Captain Mode,25.0,0,22,1,500.0,2026-10-04 17:00:00+00:00,Sun 1:00PM
196205977,NFL Showdown $25 Double Up (DAL @ HOU),154086,Showdown Captain Mode,25.0,0,11,1,250.0,2026-10-04 17:00:00+00:00,Sun 1:00PM
196205966,NFL Showdown $20 50-50 (DAL @ HOU),154086,Showdown Captain Mode,20.0,0,10,1,180.0,2026-10-04 17:00:00+00:00,Sun 1:00PM
196205962,NFL Showdown $20 50-50 (DAL @ HOU),154086,Showdown Captain Mode,20.0,0,4,1,72.0,2026-10-04 17:00:00+00:00,Sun 1:00PM
196205967,NFL Showdown $20 5-Player (DAL @ HOU),154086,Showdown Captain Mode,20.0,0,5,1,90.0,2026-10-04 17:00:00+00:00,Sun 1:00PM
196205968,NFL Showdown $20 3-Player (DAL @ HOU),154086,Showdown Captain Mode,20.0,0,3,1,54.0,2026-10-04 17:00:00+00:00,Sun 1:00PM
196205969,NFL Showdown $20 3-Player (DAL @ HOU),154086,Showdown Captain Mode,20.0,0,3,1,54.0,2026-10-04 17:00:00+00:00,Sun 1:00PM
196205971,NFL Showdown $10 50-50 (DAL @ HOU),154086,Showdown Captain Mode,10.0,0,10,1,90.0,2026-10-04 17:00:00+00:00,Sun 1:00PM
196205970,NFL Showdown $10 50-50 (DAL @ HOU),154086,Showdown Captain Mode,10.0,0,4,1,36.0,2026-10-04 17:00:00+00:00,Sun 1:00PM
196205975,NFL Showdown $10 Double Up (DAL @ HOU),154086,Showdown Captain Mode,10.0,0,11,1,100.0,2026-10-04 17:00:00+00:00,Sun 1:00PM
196205976,NFL Showdown $10 Double Up (DAL @ HOU),154086,Showdown Captain Mode,10.0,0,11,1,100.0,2026-10-04 17:00:00+00:00,Sun 1:00PM
196205972,NFL Showdown $10 5-Player (DAL @ HOU),154086,Showdown Captain Mode,10.0,0,5,1,45.0,2026-10-04 17:00:00+00:00,Sun 1:00PM
196205973,NFL Showdown $10 3-Player (DAL @ HOU),154086,Showdown Captain Mode,10.0,0,3,1,27.0,2026-10-04 17:00:00+00:00,Sun 1:00PM
196205974,NFL Showdown $10 3-Player (DAL @ HOU),154086,Showdown Captain Mode,10.0,0,3,1,27.0,2026-10-04 17:00:00+00:00,Sun 1:00PM
196205929,NFL Showdown $5 50-50 (DAL @ HOU),154086,Showdown Captain Mode,5.0,0,10,1,45.0,2026-10-04 17:00:00+00:00,Sun 1:00PM
196205930,NFL Showdown $5 50-50 (DAL @ HOU),154086,Showdown Captain Mode,5.0,0,4,1,18.0,2026-10-04 17:00:00+00:00,Sun 1:00PM
196205931,NFL Showdown $5 50-50 (DAL @ HOU),154086,Showdown Captain Mode,5.0,0,4,1,18.0,2026-10-04 17:00:00+00:00,Sun 1:00PM
196205981,NFL Showdown $5 Double Up (DAL @ HOU),154086,Showdown Captain Mode,5.0,0,11,1,50.0,2026-10-04 17:00:00+00:00,Sun 1:00PM
196205982,NFL Showdown $5 Double Up (DAL @ HOU),154086,Showdown Captain Mode,5.0,0,11,1,50.0,2026-10-04 17:00:00+00:00,Sun 1:00PM
196205932,NFL Showdown $5 20-Player (DAL @ HOU),154086,Showdown Captain Mode,5.0,0,20,1,90.0,2026-10-04 17:00:00+00:00,Sun 1:00PM
196205935,NFL Showdown $5 10-Player (DAL @ HOU),154086,Showdown Captain Mode,5.0,0,10,1,45.0,2026-10-04 17:00:00+00:00,Sun 1:00PM
196205989,NFL Showdown $5 5-Player (DAL @ HOU),154086,Showdown Captain Mode,5.0,0,5,1,22.5,2026-10-04 17:00:00+00:00,Sun 1:00PM
196205990,NFL Showdown $5 5-Player (DAL @ HOU),154086,Showdown Captain Mode,5.0,0,5,1,22.5,2026-10-04 17:00:00+00:00,Sun 1:00PM
196205991,NFL Showdown $5 3-Player (DAL @ HOU),154086,Showdown Captain Mode,5.0,0,3,1,13.5,2026-10-04 17:00:00+00:00,Sun 1:00PM
196205992,NFL Showdown $5 3-Player (DAL @ HOU),154086,Showdown Captain Mode,5.0,0,3,1,13.5,2026-10-04 17:00:00+00:00,Sun 1:00PM
196205983,NFL Showdown $3 Double Up (DAL @ HOU),154086,Showdown Captain Mode,3.0,0,11,1,30.0,2026-10-04 17:00:00+00:00,Sun 1:00PM
196205984,NFL Showdown $3 Double Up (DAL @ HOU),154086,Showdown Captain Mode,3.0,0,11,1,30.0,2026-10-04 17:00:00+00:00,Sun 1:00PM
196205938,NFL Showdown $2 50-50 (DAL @ HOU),154086,Showdown Captain Mode,2.0,0,20,1,36.0,2026-10-04 17:00:00+00:00,Sun 1:00PM
196205939,NFL Showdown $2 50-50 (DAL @ HOU),154086,Showdown Captain Mode,2.0,0,10,1,18.0,2026-10-04 17:00:00+00:00,Sun 1:00PM
196205943,NFL Showdown $2 20-Player (DAL @ HOU),154086,Showdown Captain Mode,2.0,0,20,1,36.0,2026-10-04 17:00:00+00:00,Sun 1:00PM
196205944,NFL Showdown $2 10-Player (DAL @ HOU),154086,Showdown Captain Mode,2.0,0,10,1,18.0,2026-10-04 17:00:00+00:00,Sun 1:00PM
196205945,NFL Showdown $2 10-Player (DAL @ HOU),154086,Showdown Captain Mode,2.0,0,10,1,18.0,2026-10-04 17:00:00+00:00,Sun 1:00PM
196205947,NFL Showdown $2 5-Player (DAL @ HOU),154086,Showdown Captain Mode,2.0,0,5,1,9.0,2026-10-04 17:00:00+00:00,Sun 1:00PM
196205948,NFL Showdown $2 5-Player (DAL @ HOU),154086,Showdown Captain Mode,2.0,0,5,1,9.0,2026-10-04 17:00:00+00:00,Sun 1:00PM
196205950,NFL Showdown $2 3-Player (DAL @ HOU),154086,Showdown Captain Mode,2.0,0,3,1,5.4,2026-10-04 17:00:00+00:00,Sun 1:00PM
196205951,NFL Showdown $2 3-Player (DAL @ HOU),154086,Showdown Captain Mode,2.0,0,3,1,5.4,2026-10-04 17:00:00+00:00,Sun 1:00PM
196205952,NFL Showdown $1 50-50 (DAL @ HOU),154086,Showdown Captain Mode,1.0,0,20,1,18.0,2026-10-04 17:00:00+00:00,Sun 1:00PM
196205953,NFL Showdown $1 50-50 (DAL @ HOU),154086,Showdown Captain Mode,1.0,0,10,1,9.0,2026-10-04 17:00:00+00:00,Sun 1:00PM
196205954,NFL Showdown $1 50-50 (DAL @ HOU),154086,Showdown Captain Mode,1.0,0,10,1,9.0,2026-10-04 17:00:00+00:00,Sun 1:00PM
196205985,NFL Showdown $1 Double Up (DAL @ HOU),154086,Showdown Captain Mode,1.0,0,11,1,10.0,2026-10-04 17:00:00+00:00,Sun 1:00PM
196205986,NFL Showdown $1 Double Up (DAL @ HOU),154086,Showdown Captain Mode,1.0,0,11,1,10.0,2026-10-04 17:00:00+00:00,Sun 1:00PM
196205956,NFL Showdown $1 20-Player (DAL @ HOU),154086,Showdown Captain Mode,1.0,0,20,1,18.0,2026-10-04 17:00:00+00:00,Sun 1:00PM
196205957,NFL Showdown $1 10-Player (DAL @ HOU),154086,Showdown Captain Mode,1.0,0,10,1,9.0,2026-10-04 17:00:00+00:00,Sun 1:00PM
196205958,NFL Showdown $1 10-Player (DAL @ HOU),154086,Showdown Captain Mode,1.0,0,10,1,9.0,2026-10-04 17:00:00+00:00,Sun 1:00PM
196205959,NFL Showdown $1 5-Player (DAL @ HOU),154086,Showdown Captain Mode,1.0,0,5,1,4.5,2026-10-04 17:00:00+00:00,Sun 1:00PM
196205960,NFL Showdown $1 5-Player (DAL @ HOU),154086,Showdown Captain Mode,1.0,0,5,1,4.5,2026-10-04 17:00:00+00:00,Sun 1:00PM
196205961,NFL Showdown $1 5-Player (DAL @ HOU),154086,Showdown Captain Mode,1.0,0,5,1,4.5,2026-10-04 17:00:00+00:00,Sun 1:00PM
196205963,NFL Showdown $1 3-Player (DAL @ HOU),154086,Showdown Captain Mode,1.0,0,3,1,2.7,2026-10-04 17:00:00+00:00,Sun 1:00PM
196205964,NFL Showdown $1 3-Player (DAL @ HOU),154086,Showdown Captain Mode,1.0,0,3,1,2.7,2026-10-04 17:00:00+00:00,Sun 1:00PM
196205965,NFL Showdown $1 3-Player (DAL @ HOU),154086,Showdown Captain Mode,1.0,0,3,1,2.7,2026-10-04 17:00:00+00:00,Sun 1:00PM
196206083,NFL Showdown $3 Double Up (TEN @ BAL),154087,Showdown Captain Mode,3.0,1,11,1,30.0,2026-10-04 17:00:00+00:00,Sun 1:00PM
196206100,NFL Showdown Satellite to $20 NFL Fantasy Football Millionaire [Must Fill] (TEN @ BAL),154087,Showdown Captain Mode,7.4,0,3,1,20.0,2026-10-04 17:00:00+00:00,Sun 1:00PM
196206003,Beginner NFL Showdown $50 50-50 (TEN @ BAL),154087,Showdown Captain Mode,50.0,0,4,1,180.0,2026-10-04 17:00:00+00:00,Sun 1:00PM
196206008,Beginner NFL Showdown $50 3-Player (TEN @ BAL),154087,Showdown Captain Mode,50.0,0,3,1,135.0,2026-10-04 17:00:00+00:00,Sun 1:00PM
196206004,Beginner NFL Showdown $20 50-50 (TEN @ BAL),154087,Showdown Captain Mode,20.0,0,4,1,72.0,2026-10-04 17:00:00+00:00,Sun 1:00PM
196206009,Beginner NFL Showdown $20 3-Player (TEN @ BAL),154087,Showdown Captain Mode,20.0,0,3,1,54.0,2026-10-04 17:00:00+00:00,Sun 1:00PM
196206005,Beginner NFL Showdown $10 50-50 (TEN @ BAL),154087,Showdown Captain Mode,10.0,0,4,1,36.0,2026-10-04 17:00:00+00:00,Sun 1:00PM
196206010,Beginner NFL Showdown $10 3-Player (TEN @ BAL),154087,Showdown Captain Mode,10.0,0,3,1,27.0,2026-10-04 17:00:00+00:00,Sun 1:00PM
196206006,Beginner NFL Showdown $5 50-50 (TEN @ BAL),154087,Showdown Captain Mode,5.0,0,4,1,18.0,2026-10-04 17:00:00+00:00,Sun 1:00PM
196206011,Beginner NFL Showdown $5 3-Player (TEN @ BAL),154087,Showdown Captain Mode,5.0,0,3,1,13.5,2026-10-04 17:00:00+00:00,Sun 1:00PM
196206007,Beginner NFL Showdown $3 50-50 (TEN @ BAL),154087,Showdown Captain Mode,3.0,0,4,1,10.8,2026-10-04 17:00:00+00:00,Sun 1:00PM
196206012,Beginner NFL Showdown $2 3-Player (TEN @ BAL),154087,Showdown Captain Mode,2.0,0,3,1,5.4,2026-10-04 17:00:00+00:00,Sun 1:00PM
196206093,Beginner NFL Showdown $1 50-50 (TEN @ BAL),154087,Showdown Captain Mode,1.0,0,4,1,3.6,2026-10-04 17:00:00+00:00,Sun 1:00PM
196206013,Beginner NFL Showdown $1 3-Player (TEN @ BAL),154087,Showdown Captain Mode,1.0,0,3,1,2.7,2026-10-04 17:00:00+00:00,Sun 1:00PM
196206014,"NFL Showdown $10,600 3-Player (TEN @ BAL)",154087,Showdown Captain Mode,10600.0,0,3,1,30000.0,2026-10-04 17:00:00+00:00,Sun 1:00PM
196206015,"NFL Showdown $10,600 3-Player (TEN @ BAL)",154087,Showdown Captain Mode,10600.0,0,3,1,30000.0,2026-10-04 17:00:00+00:00,Sun 1:00PM
196206018,"NFL Showdown $5,300 50-50 (TEN @ BAL)",154087,Showdown Captain Mode,5300.0,0,4,1,20000.0,2026-10-04 17:00:00+00:00,Sun 1:00PM
196206019,"NFL Showdown $5,300 50-50 (TEN @ BAL)",154087,Showdown Captain Mode,5300.0,0,4,1,20000.0,2026-10-04 17:00:00+00:00,Sun 1:00PM
196206016,"NFL Showdown $5,300 3-Player (TEN @ BAL)",154087,Showdown Captain Mode,5300.0,0,3,1,15000.0,2026-10-04 17:00:00+00:00,Sun 1:00PM
196206017,"NFL Showdown $5,300 3-Player (TEN @ BAL)",154087,Showdown Captain Mode,5300.0,0,3,1,15000.0,2026-10-04 17:00:00+00:00,Sun 1:00PM
196206020,"NFL Showdown $1,060 50-50 (TEN @ BAL)",154087,Showdown Captain Mode,1060.0,0,4,1,4000.0,2026-10-04 17:00:00+00:00,Sun 1:00PM
196206021,"NFL Showdown $1,060 50-50 (TEN @ BAL)",154087,Showdown Captain Mode,1060.0,0,4,1,4000.0,2026-10-04 17:00:00+00:00,Sun 1:00PM
196206022,"NFL Showdown $1,060 3-Player (TEN @ BAL)",154087,Showdown Captain Mode,1060.0,0,3,1,3000.0,2026-10-04 17:00:00+00:00,Sun 1:00PM
196206023,"NFL Showdown $1,060 3-Player (TEN @ BAL)",154087,Showdown Captain Mode,1060.0,0,3,1,3000.0,2026-10-04 17:00:00+00:00,Sun 1:00PM
196206024,NFL Showdown $530 50-50 (TEN @ BAL),154087,Showdown Captain Mode,530.0,0,4,1,2000.0,2026-10-04 17:00:00+00:00,Sun 1:00PM
196206025,NFL Showdown $530 50-50 (TEN @ BAL),154087,Showdown Captain Mode,530.0,0,4,1,2000.0,2026-10-04 17:00:00+00:00,Sun 1:00PM
196206026,NFL Showdown $530 3-Player (TEN @ BAL),154087,Showdown Captain Mode,530.0,0,3,1,1500.0,2026-10-04 17:00:00+00:00,Sun 1:00PM
196206027,NFL Showdown $530 3-Player (TEN @ BAL),154087,Showdown Captain Mode,530.0,0,3,1,1500.0,2026-10-04 17:00:00+00:00,Sun 1:00PM
196206087,NFL Showdown $270 50-50 (TEN @ BAL),154087,Showdown Captain Mode,270.0,0,4,1,1000.0,2026-10-04 17:00:00+00:00,Sun 1:00PM
196206088,NFL Showdown $270 50-50 (TEN @ BAL),154087,Showdown Captain Mode,270.0,0,4,1,1000.0,2026-10-04 17:00:00+00:00,Sun 1:00PM
196206032,NFL Showdown $270 3-Player (TEN @ BAL),154087,Showdown Captain Mode,270.0,0,3,1,750.0,2026-10-04 17:00:00+00:00,Sun 1:00PM
196206033,NFL Showdown $270 3-Player (TEN @ BAL),154087,Showdown Captain Mode,270.0,0,3,1,750.0,2026-10-04 17:00:00+00:00,Sun 1:00PM
196206035,NFL Showdown $109 50-50 (TEN @ BAL),154087,Showdown Captain Mode,109.0,0,4,1,400.0,2026-10-04 17:00:00+00:00,Sun 1:00PM
196206036,NFL Showdown $109 50-50 (TEN @ BAL),154087,Showdown Captain Mode,109.0,0,4,1,400.0,2026-10-04 17:00:00+00:00,Sun 1:00PM
196206039,NFL Showdown $109 3-Player (TEN @ BAL),154087,Showdown Captain Mode,109.0,0,3,1,300.0,2026-10-04 17:00:00+00:00,Sun 1:00PM
196206040,NFL Showdown $109 3-Player (TEN @ BAL),154087,Showdown Captain Mode,109.0,0,3,1,300.0,2026-10-04 17:00:00+00:00,Sun 1:00PM
196206041,NFL Showdown $109 3-Player (TEN @ BAL),154087,Showdown Captain Mode,109.0,0,3,1,300.0,2026-10-04 17:00:00+00:00,Sun 1:00PM
196206048,NFL Showdown $50 50-50 (TEN @ BAL),154087,Showdown Captain Mode,50.0,0,8,1,360.0,2026-10-04 17:00:00+00:00,Sun 1:00PM
196206045,NFL Showdown $50 50-50 (TEN @ BAL),154087,Showdown Captain Mode,50.0,0,4,1,180.0,2026-10-04 17:00:00+00:00,Sun 1:00PM
196206080,NFL Showdown $50 Double Up (TEN @ BAL),154087,Showdown Captain Mode,50.0,0,22,1,1000.0,2026-10-04 17:00:00+00:00,Sun 1:00PM
196206079,NFL Showdown $50 Double Up (TEN @ BAL),154087,Showdown Captain Mode,50.0,0,11,1,500.0,2026-10-04 17:00:00+00:00,Sun 1:00PM
196206054,NFL Showdown $50 3-Player (TEN @ BAL),154087,Showdown Captain Mode,50.0,0,3,1,135.0,2026-10-04 17:00:00+00:00,Sun 1:00PM
196206078,NFL Showdown $25 Double Up (TEN @ BAL),154087,Showdown Captain Mode,25.0,0,22,1,500.0,2026-10-04 17:00:00+00:00,Sun 1:00PM
196206077,NFL Showdown $25 Double Up (TEN @ BAL),154087,Showdown Captain Mode,25.0,0,11,1,250.0,2026-10-04 17:00:00+00:00,Sun 1:00PM
196206066,NFL Showdown $20 50-50 (TEN @ BAL),154087,Showdown Captain Mode,20.0,0,10,1,180.0,2026-10-04 17:00:00+00:00,Sun 1:00PM
196206061,NFL Showdown $20 50-50 (TEN @ BAL),154087,Showdown Captain Mode,20.0,0,4,1,72.0,2026-10-04 17:00:00+00:00,Sun 1:00PM
196206067,NFL Showdown $20 5-Player (TEN @ BAL),154087,Showdown Captain Mode,20.0,0,5,1,90.0,2026-10-04 17:00:00+00:00,Sun 1:00PM
196206068,NFL Showdown $20 3-Player (TEN @ BAL),154087,Showdown Captain Mode,20.0,0,3,1,54.0,2026-10-04 17:00:00+00:00,Sun 1:00PM
196206069,NFL Showdown $20 3-Player (TEN @ BAL),154087,Showdown Captain Mode,20.0,0,3,1,54.0,2026-10-04 17:00:00+00:00,Sun 1:00PM
196206071,NFL Showdown $10 50-50 (TEN @ BAL),154087,Showdown Captain Mode,10.0,0,10,1,90.0,2026-10-04 17:00:00+00:00,Sun 1:00PM
196206070,NFL Showdown $10 50-50 (TEN @ BAL),154087,Showdown Captain Mode,10.0,0,4,1,36.0,2026-10-04 17:00:00+00:00,Sun 1:00PM
196206075,NFL Showdown $10 Double Up (TEN @ BAL),154087,Showdown Captain Mode,10.0,0,11,1,100.0,2026-10-04 17:00:00+00:00,Sun 1:00PM
196206076,NFL Showdown $10 Double Up (TEN @ BAL),154087,Showdown Captain Mode,10.0,0,11,1,100.0,2026-10-04 17:00:00+00:00,Sun 1:00PM
196206072,NFL Showdown $10 5-Player (TEN @ BAL),154087,Showdown Captain Mode,10.0,0,5,1,45.0,2026-10-04 17:00:00+00:00,Sun 1:00PM
196206073,NFL Showdown $10 3-Player (TEN @ BAL),154087,Showdown Captain Mode,10.0,0,3,1,27.0,2026-10-04 17:00:00+00:00,Sun 1:00PM
196206074,NFL Showdown $10 3-Player (TEN @ BAL),154087,Showdown Captain Mode,10.0,0,3,1,27.0,2026-10-04 17:00:00+00:00,Sun 1:00PM
196206028,NFL Showdown $5 50-50 (TEN @ BAL),154087,Showdown Captain Mode,5.0,0,10,1,45.0,2026-10-04 17:00:00+00:00,Sun 1:00PM
196206029,NFL Showdown $5 50-50 (TEN @ BAL),154087,Showdown Captain Mode,5.0,0,4,1,18.0,2026-10-04 17:00:00+00:00,Sun 1:00PM
196206030,NFL Showdown $5 50-50 (TEN @ BAL),154087,Showdown Captain Mode,5.0,0,4,1,18.0,2026-10-04 17:00:00+00:00,Sun 1:00PM
196206081,NFL Showdown $5 Double Up (TEN @ BAL),154087,Showdown Captain Mode,5.0,0,11,1,50.0,2026-10-04 17:00:00+00:00,Sun 1:00PM
196206082,NFL Showdown $5 Double Up (TEN @ BAL),154087,Showdown Captain Mode,5.0,0,11,1,50.0,2026-10-04 17:00:00+00:00,Sun 1:00PM
196206031,NFL Showdown $5 20-Player (TEN @ BAL),154087,Showdown Captain Mode,5.0,0,20,1,90.0,2026-10-04 17:00:00+00:00,Sun 1:00PM
196206034,NFL Showdown $5 10-Player (TEN @ BAL),154087,Showdown Captain Mode,5.0,0,10,1,45.0,2026-10-04 17:00:00+00:00,Sun 1:00PM
196206089,NFL Showdown $5 5-Player (TEN @ BAL),154087,Showdown Captain Mode,5.0,0,5,1,22.5,2026-10-04 17:00:00+00:00,Sun 1:00PM
196206090,NFL Showdown $5 5-Player (TEN @ BAL),154087,Showdown Captain Mode,5.0,0,5,1,22.5,2026-10-04 17:00:00+00:00,Sun 1:00PM
196206091,NFL Showdown $5 3-Player (TEN @ BAL),154087,Showdown Captain Mode,5.0,0,3,1,13.5,2026-10-04 17:00:00+00:00,Sun 1:00PM
196206092,NFL Showdown $5 3-Player (TEN @ BAL),154087,Showdown Captain Mode,5.0,0,3,1,13.5,2026-10-04 17:00:00+00:00,Sun 1:00PM
196206084,NFL Showdown $3 Double Up (TEN @ BAL),154087,Showdown Captain Mode,3.0,0,11,1,30.0,2026-10-04 17:00:00+00:00,Sun 1:00PM
196209744,NFL Showdown $3 Double Up (TEN @ BAL),154087,Showdown Captain Mode,3.0,0,11,1,30.0,2026-10-04 17:00:00+00:00,Sun 1:00PM
196206037,NFL Showdown $2 50-50 (TEN @ BAL),154087,Showdown Captain Mode,2.0,0,20,1,36.0,2026-10-04 17:00:00+00:00,Sun 1:00PM
196206038,NFL Showdown $2 50-50 (TEN @ BAL),154087,Showdown Captain Mode,2.0,0,10,1,18.0,2026-10-04 17:00:00+00:00,Sun 1:00PM
196206042,NFL Showdown $2 20-Player (TEN @ BAL),154087,Showdown Captain Mode,2.0,0,20,1,36.0,2026-10-04 17:00:00+00:00,Sun 1:00PM
196206043,NFL Showdown $2 10-Player (TEN @ BAL),154087,Showdown Captain Mode,2.0,0,10,1,18.0,2026-10-04 17:00:00+00:00,Sun 1:00PM
196206044,NFL Showdown $2 10-Player (TEN @ BAL),154087,Showdown Captain Mode,2.0,0,10,1,18.0,2026-10-04 17:00:00+00:00,Sun 1:00PM
196206046,NFL Showdown $2 5-Player (TEN @ BAL),154087,Showdown Captain Mode,2.0,0,5,1,9.0,2026-10-04 17:00:00+00:00,Sun 1:00PM
196206047,NFL Showdown $2 5-Player (TEN @ BAL),154087,Showdown Captain Mode,2.0,0,5,1,9.0,2026-10-04 17:00:00+00:00,Sun 1:00PM
196206049,NFL Showdown $2 3-Player (TEN @ BAL),154087,Showdown Captain Mode,2.0,0,3,1,5.4,2026-10-04 17:00:00+00:00,Sun 1:00PM
196206050,NFL Showdown $2 3-Player (TEN @ BAL),154087,Showdown Captain Mode,2.0,0,3,1,5.4,2026-10-04 17:00:00+00:00,Sun 1:00PM
196206051,NFL Showdown $1 50-50 (TEN @ BAL),154087,Showdown Captain Mode,1.0,0,20,1,18.0,2026-10-04 17:00:00+00:00,Sun 1:00PM
196206052,NFL Showdown $1 50-50 (TEN @ BAL),154087,Showdown Captain Mode,1.0,0,10,1,9.0,2026-10-04 17:00:00+00:00,Sun 1:00PM
196206053,NFL Showdown $1 50-50 (TEN @ BAL),154087,Showdown Captain Mode,1.0,0,10,1,9.0,2026-10-04 17:00:00+00:00,Sun 1:00PM
196206085,NFL Showdown $1 Double Up (TEN @ BAL),154087,Showdown Captain Mode,1.0,0,11,1,10.0,2026-10-04 17:00:00+00:00,Sun 1:00PM
196206086,NFL Showdown $1 Double Up (TEN @ BAL),154087,Showdown Captain Mode,1.0,0,11,1,10.0,2026-10-04 17:00:00+00:00,Sun 1:00PM
196206055,NFL Showdown $1 20-Player (TEN @ BAL),154087,Showdown Captain Mode,1.0,0,20,1,18.0,2026-10-04 17:00:00+00:00,Sun 1:00PM
196206056,NFL Showdown $1 10-Player (TEN @ BAL),154087,Showdown Captain Mode,1.0,0,10,1,9.0,2026-10-04 17:00:00+00:00,Sun 1:00PM
196206057,NFL Showdown $1 10-Player (TEN @ BAL),154087,Showdown Captain Mode,1.0,0,10,1,9.0,2026-10-04 17:00:00+00:00,Sun 1:00PM
196206058,NFL Showdown $1 5-Player (TEN @ BAL),154087,Showdown Captain Mode,1.0,0,5,1,4.5,2026-10-04 17:00:00+00:00,Sun 1:00PM
196206059,NFL Showdown $1 5-Player (TEN @ BAL),154087,Showdown Captain Mode,1.0,0,5,1,4.5,2026-10-04 17:00:00+00:00,Sun 1:00PM
196206060,NFL Showdown $1 5-Player (TEN @ BAL),154087,Showdown Captain Mode,1.0,0,5,1,4.5,2026-10-04 17:00:00+00:00,Sun 1:00PM
196206063,NFL Showdown $1 3-Player (TEN @ BAL),154087,Showdown Captain Mode,1.0,0,3,1,2.7,2026-10-04 17:00:00+00:00,Sun 1:00PM
196206064,NFL Showdown $1 3-Player (TEN @ BAL),154087,Showdown Captain Mode,1.0,0,3,1,2.7,2026-10-04 17:00:00+00:00,Sun 1:00PM
196206065,NFL Showdown $1 3-Player (TEN @ BAL),154087,Showdown Captain Mode,1.0,0,3,1,2.7,2026-10-04 17:00:00+00:00,Sun 1:00PM
196206199,NFL Showdown Satellite to $20 NFL Fantasy Football Millionaire [Must Fill] (NYJ @ CHI),154088,Showdown Captain Mode,7.4,0,3,1,20.0,2026-10-04 17:00:00+00:00,Sun 1:00PM
196206103,Beginner NFL Showdown $50 50-50 (NYJ @ CHI),154088,Showdown Captain Mode,50.0,0,4,1,180.0,2026-10-04 17:00:00+00:00,Sun 1:00PM
196206108,Beginner NFL Showdown $50 3-Player (NYJ @ CHI),154088,Showdown Captain Mode,50.0,0,3,1,135.0,2026-10-04 17:00:00+00:00,Sun 1:00PM
196206104,Beginner NFL Showdown $20 50-50 (NYJ @ CHI),154088,Showdown Captain Mode,20.0,0,4,1,72.0,2026-10-04 17:00:00+00:00,Sun 1:00PM
196206109,Beginner NFL Showdown $20 3-Player (NYJ @ CHI),154088,Showdown Captain Mode,20.0,0,3,1,54.0,2026-10-04 17:00:00+00:00,Sun 1:00PM
196206105,Beginner NFL Showdown $10 50-50 (NYJ @ CHI),154088,Showdown Captain Mode,10.0,0,4,1,36.0,2026-10-04 17:00:00+00:00,Sun 1:00PM
196206110,Beginner NFL Showdown $10 3-Player (NYJ @ CHI),154088,Showdown Captain Mode,10.0,0,3,1,27.0,2026-10-04 17:00:00+00:00,Sun 1:00PM
196206106,Beginner NFL Showdown $5 50-50 (NYJ @ CHI),154088,Showdown Captain Mode,5.0,0,4,1,18.0,2026-10-04 17:00:00+00:00,Sun 1:00PM
196206111,Beginner NFL Showdown $5 3-Player (NYJ @ CHI),154088,Showdown Captain Mode,5.0,0,3,1,13.5,2026-10-04 17:00:00+00:00,Sun 1:00PM
196206107,Beginner NFL Showdown $3 50-50 (NYJ @ CHI),154088,Showdown Captain Mode,3.0,0,4,1,10.8,2026-10-04 17:00:00+00:00,Sun 1:00PM
196206112,Beginner NFL Showdown $2 3-Player (NYJ @ CHI),154088,Showdown Captain Mode,2.0,0,3,1,5.4,2026-10-04 17:00:00+00:00,Sun 1:00PM
196206192,Beginner NFL Showdown $1 50-50 (NYJ @ CHI),154088,Showdown Captain Mode,1.0,0,4,1,3.6,2026-10-04 17:00:00+00:00,Sun 1:00PM
196206113,Beginner NFL Showdown $1 3-Player (NYJ @ CHI),154088,Showdown Captain Mode,1.0,0,3,1,2.7,2026-10-04 17:00:00+00:00,Sun 1:00PM
196206114,"NFL Showdown $10,600 3-Player (NYJ @ CHI)",154088,Showdown Captain Mode,10600.0,0,3,1,30000.0,2026-10-04 17:00:00+00:00,Sun 1:00PM
196206115,"NFL Showdown $10,600 3-Player (NYJ @ CHI)",154088,Showdown Captain Mode,10600.0,0,3,1,30000.0,2026-10-04 17:00:00+00:00,Sun 1:00PM
196206118,"NFL Showdown $5,300 50-50 (NYJ @ CHI)",154088,Showdown Captain Mode,5300.0,0,4,1,20000.0,2026-10-04 17:00:00+00:00,Sun 1:00PM
196206119,"NFL Showdown $5,300 50-50 (NYJ @ CHI)",154088,Showdown Captain Mode,5300.0,0,4,1,20000.0,2026-10-04 17:00:00+00:00,Sun 1:00PM
196206116,"NFL Showdown $5,300 3-Player (NYJ @ CHI)",154088,Showdown Captain Mode,5300.0,0,3,1,15000.0,2026-10-04 17:00:00+00:00,Sun 1:00PM
196206117,"NFL Showdown $5,300 3-Player (NYJ @ CHI)",154088,Showdown Captain Mode,5300.0,0,3,1,15000.0,2026-10-04 17:00:00+00:00,Sun 1:00PM
196206120,"NFL Showdown $1,060 50-50 (NYJ @ CHI)",154088,Showdown Captain Mode,1060.0,0,4,1,4000.0,2026-10-04 17:00:00+00:00,Sun 1:00PM
196206121,"NFL Showdown $1,060 50-50 (NYJ @ CHI)",154088,Showdown Captain Mode,1060.0,0,4,1,4000.0,2026-10-04 17:00:00+00:00,Sun 1:00PM
196206122,"NFL Showdown $1,060 3-Player (NYJ @ CHI)",154088,Showdown Captain Mode,1060.0,0,3,1,3000.0,2026-10-04 17:00:00+00:00,Sun 1:00PM
196206123,"NFL Showdown $1,060 3-Player (NYJ @ CHI)",154088,Showdown Captain Mode,1060.0,0,3,1,3000.0,2026-10-04 17:00:00+00:00,Sun 1:00PM
196206124,NFL Showdown $530 50-50 (NYJ @ CHI),154088,Showdown Captain Mode,530.0,0,4,1,2000.0,2026-10-04 17:00:00+00:00,Sun 1:00PM
196206125,NFL Showdown $530 50-50 (NYJ @ CHI),154088,Showdown Captain Mode,530.0,0,4,1,2000.0,2026-10-04 17:00:00+00:00,Sun 1:00PM
196206126,NFL Showdown $530 3-Player (NYJ @ CHI),154088,Showdown Captain Mode,530.0,0,3,1,1500.0,2026-10-04 17:00:00+00:00,Sun 1:00PM
196206127,NFL Showdown $530 3-Player (NYJ @ CHI),154088,Showdown Captain Mode,530.0,0,3,1,1500.0,2026-10-04 17:00:00+00:00,Sun 1:00PM
196206186,NFL Showdown $270 50-50 (NYJ @ CHI),154088,Showdown Captain Mode,270.0,0,4,1,1000.0,2026-10-04 17:00:00+00:00,Sun 1:00PM
196206187,NFL Showdown $270 50-50 (NYJ @ CHI),154088,Showdown Captain Mode,270.0,0,4,1,1000.0,2026-10-04 17:00:00+00:00,Sun 1:00PM
196206132,NFL Showdown $270 3-Player (NYJ @ CHI),154088,Showdown Captain Mode,270.0,0,3,1,750.0,2026-10-04 17:00:00+00:00,Sun 1:00PM
196206133,NFL Showdown $270 3-Player (NYJ @ CHI),154088,Showdown Captain Mode,270.0,0,3,1,750.0,2026-10-04 17:00:00+00:00,Sun 1:00PM
196206135,NFL Showdown $109 50-50 (NYJ @ CHI),154088,Showdown Captain Mode,109.0,0,4,1,400.0,2026-10-04 17:00:00+00:00,Sun 1:00PM
196206136,NFL Showdown $109 50-50 (NYJ @ CHI),154088,Showdown Captain Mode,109.0,0,4,1,400.0,2026-10-04 17:00:00+00:00,Sun 1:00PM
196206139,NFL Showdown $109 3-Player (NYJ @ CHI),154088,Showdown Captain Mode,109.0,0,3,1,300.0,2026-10-04 17:00:00+00:00,Sun 1:00PM
196206140,NFL Showdown $109 3-Player (NYJ @ CHI),154088,Showdown Captain Mode,109.0,0,3,1,300.0,2026-10-04 17:00:00+00:00,Sun 1:00PM
196206141,NFL Showdown $109 3-Player (NYJ @ CHI),154088,Showdown Captain Mode,109.0,0,3,1,300.0,2026-10-04 17:00:00+00:00,Sun 1:00PM
196206148,NFL Showdown $50 50-50 (NYJ @ CHI),154088,Showdown Captain Mode,50.0,0,8,1,360.0,2026-10-04 17:00:00+00:00,Sun 1:00PM
196206145,NFL Showdown $50 50-50 (NYJ @ CHI),154088,Showdown Captain Mode,50.0,0,4,1,180.0,2026-10-04 17:00:00+00:00,Sun 1:00PM
196206179,NFL Showdown $50 Double Up (NYJ @ CHI),154088,Showdown Captain Mode,50.0,0,22,1,1000.0,2026-10-04 17:00:00+00:00,Sun 1:00PM
196206178,NFL Showdown $50 Double Up (NYJ @ CHI),154088,Showdown Captain Mode,50.0,0,11,1,500.0,2026-10-04 17:00:00+00:00,Sun 1:00PM
196206154,NFL Showdown $50 3-Player (NYJ @ CHI),154088,Showdown Captain Mode,50.0,0,3,1,135.0,2026-10-04 17:00:00+00:00,Sun 1:00PM
196206177,NFL Showdown $25 Double Up (NYJ @ CHI),154088,Showdown Captain Mode,25.0,0,22,1,500.0,2026-10-04 17:00:00+00:00,Sun 1:00PM
196206176,NFL Showdown $25 Double Up (NYJ @ CHI),154088,Showdown Captain Mode,25.0,0,11,1,250.0,2026-10-04 17:00:00+00:00,Sun 1:00PM
196206165,NFL Showdown $20 50-50 (NYJ @ CHI),154088,Showdown Captain Mode,20.0,0,10,1,180.0,2026-10-04 17:00:00+00:00,Sun 1:00PM
196206161,NFL Showdown $20 50-50 (NYJ @ CHI),154088,Showdown Captain Mode,20.0,0,4,1,72.0,2026-10-04 17:00:00+00:00,Sun 1:00PM
196206166,NFL Showdown $20 5-Player (NYJ @ CHI),154088,Showdown Captain Mode,20.0,0,5,1,90.0,2026-10-04 17:00:00+00:00,Sun 1:00PM
196206167,NFL Showdown $20 3-Player (NYJ @ CHI),154088,Showdown Captain Mode,20.0,0,3,1,54.0,2026-10-04 17:00:00+00:00,Sun 1:00PM
196206168,NFL Showdown $20 3-Player (NYJ @ CHI),154088,Showdown Captain Mode,20.0,0,3,1,54.0,2026-10-04 17:00:00+00:00,Sun 1:00PM
196206170,NFL Showdown $10 50-50 (NYJ @ CHI),154088,Showdown Captain Mode,10.0,0,10,1,90.0,2026-10-04 17:00:00+00:00,Sun 1:00PM
196206169,NFL Showdown $10 50-50 (NYJ @ CHI),154088,Showdown Captain Mode,10.0,0,4,1,36.0,2026-10-04 17:00:00+00:00,Sun 1:00PM
196206174,NFL Showdown $10 Double Up (NYJ @ CHI),154088,Showdown Captain Mode,10.0,0,11,1,100.0,2026-10-04 17:00:00+00:00,Sun 1:00PM
196206175,NFL Showdown $10 Double Up (NYJ @ CHI),154088,Showdown Captain Mode,10.0,0,11,1,100.0,2026-10-04 17:00:00+00:00,Sun 1:00PM
196206171,NFL Showdown $10 5-Player (NYJ @ CHI),154088,Showdown Captain Mode,10.0,0,5,1,45.0,2026-10-04 17:00:00+00:00,Sun 1:00PM
196206172,NFL Showdown $10 3-Player (NYJ @ CHI),154088,Showdown Captain Mode,10.0,0,3,1,27.0,2026-10-04 17:00:00+00:00,Sun 1:00PM
196206173,NFL Showdown $10 3-Player (NYJ @ CHI),154088,Showdown Captain Mode,10.0,0,3,1,27.0,2026-10-04 17:00:00+00:00,Sun 1:00PM
196206128,NFL Showdown $5 50-50 (NYJ @ CHI),154088,Showdown Captain Mode,5.0,0,10,1,45.0,2026-10-04 17:00:00+00:00,Sun 1:00PM
196206129,NFL Showdown $5 50-50 (NYJ @ CHI),154088,Showdown Captain Mode,5.0,0,4,1,18.0,2026-10-04 17:00:00+00:00,Sun 1:00PM
196206130,NFL Showdown $5 50-50 (NYJ @ CHI),154088,Showdown Captain Mode,5.0,0,4,1,18.0,2026-10-04 17:00:00+00:00,Sun 1:00PM
196206180,NFL Showdown $5 Double Up (NYJ @ CHI),154088,Showdown Captain Mode,5.0,0,11,1,50.0,2026-10-04 17:00:00+00:00,Sun 1:00PM
196206181,NFL Showdown $5 Double Up (NYJ @ CHI),154088,Showdown Captain Mode,5.0,0,11,1,50.0,2026-10-04 17:00:00+00:00,Sun 1:00PM
196206131,NFL Showdown $5 20-Player (NYJ @ CHI),154088,Showdown Captain Mode,5.0,0,20,1,90.0,2026-10-04 17:00:00+00:00,Sun 1:00PM
196206134,NFL Showdown $5 10-Player (NYJ @ CHI),154088,Showdown Captain Mode,5.0,0,10,1,45.0,2026-10-04 17:00:00+00:00,Sun 1:00PM
196206188,NFL Showdown $5 5-Player (NYJ @ CHI),154088,Showdown Captain Mode,5.0,0,5,1,22.5,2026-10-04 17:00:00+00:00,Sun 1:00PM
196206189,NFL Showdown $5 5-Player (NYJ @ CHI),154088,Showdown Captain Mode,5.0,0,5,1,22.5,2026-10-04 17:00:00+00:00,Sun 1:00PM
196206190,NFL Showdown $5 3-Player (NYJ @ CHI),154088,Showdown Captain Mode,5.0,0,3,1,13.5,2026-10-04 17:00:00+00:00,Sun 1:00PM
196206191,NFL Showdown $5 3-Player (NYJ @ CHI),154088,Showdown Captain Mode,5.0,0,3,1,13.5,2026-10-04 17:00:00+00:00,Sun 1:00PM
196206182,NFL Showdown $3 Double Up (NYJ @ CHI),154088,Showdown Captain Mode,3.0,0,11,1,30.0,2026-10-04 17:00:00+00:00,Sun 1:00PM
196206183,NFL Showdown $3 Double Up (NYJ @ CHI),154088,Showdown Captain Mode,3.0,0,11,1,30.0,2026-10-04 17:00:00+00:00,Sun 1:00PM
196206137,NFL Showdown $2 50-50 (NYJ @ CHI),154088,Showdown Captain Mode,2.0,0,20,1,36.0,2026-10-04 17:00:00+00:00,Sun 1:00PM
196206138,NFL Showdown $2 50-50 (NYJ @ CHI),154088,Showdown Captain Mode,2.0,0,10,1,18.0,2026-10-04 17:00:00+00:00,Sun 1:00PM
196206142,NFL Showdown $2 20-Player (NYJ @ CHI),154088,Showdown Captain Mode,2.0,0,20,1,36.0,2026-10-04 17:00:00+00:00,Sun 1:00PM
196206143,NFL Showdown $2 10-Player (NYJ @ CHI),154088,Showdown Captain Mode,2.0,0,10,1,18.0,2026-10-04 17:00:00+00:00,Sun 1:00PM
196206144,NFL Showdown $2 10-Player (NYJ @ CHI),154088,Showdown Captain Mode,2.0,0,10,1,18.0,2026-10-04 17:00:00+00:00,Sun 1:00PM
196206146,NFL Showdown $2 5-Player (NYJ @ CHI),154088,Showdown Captain Mode,2.0,0,5,1,9.0,2026-10-04 17:00:00+00:00,Sun 1:00PM
196206147,NFL Showdown $2 5-Player (NYJ @ CHI),154088,Showdown Captain Mode,2.0,0,5,1,9.0,2026-10-04 17:00:00+00:00,Sun 1:00PM
196206149,NFL Showdown $2 3-Player (NYJ @ CHI),154088,Showdown Captain Mode,2.0,0,3,1,5.4,2026-10-04 17:00:00+00:00,Sun 1:00PM
196206150,NFL Showdown $2 3-Player (NYJ @ CHI),154088,Showdown Captain Mode,2.0,0,3,1,5.4,2026-10-04 17:00:00+00:00,Sun 1:00PM
196206151,NFL Showdown $1 50-50 (NYJ @ CHI),154088,Showdown Captain Mode,1.0,0,20,1,18.0,2026-10-04 17:00:00+00:00,Sun 1:00PM
196206152,NFL Showdown $1 50-50 (NYJ @ CHI),154088,Showdown Captain Mode,1.0,0,10,1,9.0,2026-10-04 17:00:00+00:00,Sun 1:00PM
196206153,NFL Showdown $1 50-50 (NYJ @ CHI),154088,Showdown Captain Mode,1.0,0,10,1,9.0,2026-10-04 17:00:00+00:00,Sun 1:00PM
196206184,NFL Showdown $1 Double Up (NYJ @ CHI),154088,Showdown Captain Mode,1.0,0,11,1,10.0,2026-10-04 17:00:00+00:00,Sun 1:00PM
196206185,NFL Showdown $1 Double Up (NYJ @ CHI),154088,Showdown Captain Mode,1.0,0,11,1,10.0,2026-10-04 17:00:00+00:00,Sun 1:00PM
196206155,NFL Showdown $1 20-Player (NYJ @ CHI),154088,Showdown Captain Mode,1.0,0,20,1,18.0,2026-10-04 17:00:00+00:00,Sun 1:00PM
196206156,NFL Showdown $1 10-Player (NYJ @ CHI),154088,Showdown Captain Mode,1.0,0,10,1,9.0,2026-10-04 17:00:00+00:00,Sun 1:00PM
196206157,NFL Showdown $1 10-Player (NYJ @ CHI),154088,Showdown Captain Mode,1.0,0,10,1,9.0,2026-10-04 17:00:00+00:00,Sun 1:00PM
196206158,NFL Showdown $1 5-Player (NYJ @ CHI),154088,Showdown Captain Mode,1.0,0,5,1,4.5,2026-10-04 17:00:00+00:00,Sun 1:00PM
196206159,NFL Showdown $1 5-Player (NYJ @ CHI),154088,Showdown Captain Mode,1.0,0,5,1,4.5,2026-10-04 17:00:00+00:00,Sun 1:00PM
196206160,NFL Showdown $1 5-Player (NYJ @ CHI),154088,Showdown Captain Mode,1.0,0,5,1,4.5,2026-10-04 17:00:00+00:00,Sun 1:00PM
196206162,NFL Showdown $1 3-Player (NYJ @ CHI),154088,Showdown Captain Mode,1.0,0,3,1,2.7,2026-10-04 17:00:00+00:00,Sun 1:00PM
196206163,NFL Showdown $1 3-Player (NYJ @ CHI),154088,Showdown Captain Mode,1.0,0,3,1,2.7,2026-10-04 17:00:00+00:00,Sun 1:00PM
196206164,NFL Showdown $1 3-Player (NYJ @ CHI),154088,Showdown Captain Mode,1.0,0,3,1,2.7,2026-10-04 17:00:00+00:00,Sun 1:00PM
196206299,NFL Showdown Satellite to $20 NFL Fantasy Football Millionaire [Must Fill] (JAX @ CIN),154089,Showdown Captain Mode,7.4,0,3,1,20.0,2026-10-04 17:00:00+00:00,Sun 1:00PM
196206202,Beginner NFL Showdown $50 50-50 (JAX @ CIN),154089,Showdown Captain Mode,50.0,0,4,1,180.0,2026-10-04 17:00:00+00:00,Sun 1:00PM
196206207,Beginner NFL Showdown $50 3-Player (JAX @ CIN),154089,Showdown Captain Mode,50.0,0,3,1,135.0,2026-10-04 17:00:00+00:00,Sun 1:00PM
196206203,Beginner NFL Showdown $20 50-50 (JAX @ CIN),154089,Showdown Captain Mode,20.0,0,4,1,72.0,2026-10-04 17:00:00+00:00,Sun 1:00PM
196206208,Beginner NFL Showdown $20 3-Player (JAX @ CIN),154089,Showdown Captain Mode,20.0,0,3,1,54.0,2026-10-04 17:00:00+00:00,Sun 1:00PM
196206204,Beginner NFL Showdown $10 50-50 (JAX @ CIN),154089,Showdown Captain Mode,10.0,0,4,1,36.0,2026-10-04 17:00:00+00:00,Sun 1:00PM
196206209,Beginner NFL Showdown $10 3-Player (JAX @ CIN),154089,Showdown Captain Mode,10.0,0,3,1,27.0,2026-10-04 17:00:00+00:00,Sun 1:00PM
196206205,Beginner NFL Showdown $5 50-50 (JAX @ CIN),154089,Showdown Captain Mode,5.0,0,4,1,18.0,2026-10-04 17:00:00+00:00,Sun 1:00PM
196206210,Beginner NFL Showdown $5 3-Player (JAX @ CIN),154089,Showdown Captain Mode,5.0,0,3,1,13.5,2026-10-04 17:00:00+00:00,Sun 1:00PM
196206206,Beginner NFL Showdown $3 50-50 (JAX @ CIN),154089,Showdown Captain Mode,3.0,0,4,1,10.8,2026-10-04 17:00:00+00:00,Sun 1:00PM
196206211,Beginner NFL Showdown $2 3-Player (JAX @ CIN),154089,Showdown Captain Mode,2.0,0,3,1,5.4,2026-10-04 17:00:00+00:00,Sun 1:00PM
196206292,Beginner NFL Showdown $1 50-50 (JAX @ CIN),154089,Showdown Captain Mode,1.0,0,4,1,3.6,2026-10-04 17:00:00+00:00,Sun 1:00PM
196206212,Beginner NFL Showdown $1 3-Player (JAX @ CIN),154089,Showdown Captain Mode,1.0,0,3,1,2.7,2026-10-04 17:00:00+00:00,Sun 1:00PM
196206213,"NFL Showdown $10,600 3-Player (JAX @ CIN)",154089,Showdown Captain Mode,10600.0,0,3,1,30000.0,2026-10-04 17:00:00+00:00,Sun 1:00PM
196206214,"NFL Showdown $10,600 3-Player (JAX @ CIN)",154089,Showdown Captain Mode,10600.0,0,3,1,30000.0,2026-10-04 17:00:00+00:00,Sun 1:00PM
196206217,"NFL Showdown $5,300 50-50 (JAX @ CIN)",154089,Showdown Captain Mode,5300.0,0,4,1,20000.0,2026-10-04 17:00:00+00:00,Sun 1:00PM
196206218,"NFL Showdown $5,300 50-50 (JAX @ CIN)",154089,Showdown Captain Mode,5300.0,0,4,1,20000.0,2026-10-04 17:00:00+00:00,Sun 1:00PM
196206215,"NFL Showdown $5,300 3-Player (JAX @ CIN)",154089,Showdown Captain Mode,5300.0,0,3,1,15000.0,2026-10-04 17:00:00+00:00,Sun 1:00PM
196206216,"NFL Showdown $5,300 3-Player (JAX @ CIN)",154089,Showdown Captain Mode,5300.0,0,3,1,15000.0,2026-10-04 17:00:00+00:00,Sun 1:00PM
196206219,"NFL Showdown $1,060 50-50 (JAX @ CIN)",154089,Showdown Captain Mode,1060.0,0,4,1,4000.0,2026-10-04 17:00:00+00:00,Sun 1:00PM
196206220,"NFL Showdown $1,060 50-50 (JAX @ CIN)",154089,Showdown Captain Mode,1060.0,0,4,1,4000.0,2026-10-04 17:00:00+00:00,Sun 1:00PM
196206221,"NFL Showdown $1,060 3-Player (JAX @ CIN)",154089,Showdown Captain Mode,1060.0,0,3,1,3000.0,2026-10-04 17:00:00+00:00,Sun 1:00PM
196206222,"NFL Showdown $1,060 3-Player (JAX @ CIN)",154089,Showdown Captain Mode,1060.0,0,3,1,3000.0,2026-10-04 17:00:00+00:00,Sun 1:00PM
196206223,NFL Showdown $530 50-50 (JAX @ CIN),154089,Showdown Captain Mode,530.0,0,4,1,2000.0,2026-10-04 17:00:00+00:00,Sun 1:00PM
196206224,NFL Showdown $530 50-50 (JAX @ CIN),154089,Showdown Captain Mode,530.0,0,4,1,2000.0,2026-10-04 17:00:00+00:00,Sun 1:00PM
196206225,NFL Showdown $530 3-Player (JAX @ CIN),154089,Showdown Captain Mode,530.0,0,3,1,1500.0,2026-10-04 17:00:00+00:00,Sun 1:00PM
196206226,NFL Showdown $530 3-Player (JAX @ CIN),154089,Showdown Captain Mode,530.0,0,3,1,1500.0,2026-10-04 17:00:00+00:00,Sun 1:00PM
196206286,NFL Showdown $270 50-50 (JAX @ CIN),154089,Showdown Captain Mode,270.0,0,4,1,1000.0,2026-10-04 17:00:00+00:00,Sun 1:00PM
196206287,NFL Showdown $270 50-50 (JAX @ CIN),154089,Showdown Captain Mode,270.0,0,4,1,1000.0,2026-10-04 17:00:00+00:00,Sun 1:00PM
196206231,NFL Showdown $270 3-Player (JAX @ CIN),154089,Showdown Captain Mode,270.0,0,3,1,750.0,2026-10-04 17:00:00+00:00,Sun 1:00PM
196206232,NFL Showdown $270 3-Player (JAX @ CIN),154089,Showdown Captain Mode,270.0,0,3,1,750.0,2026-10-04 17:00:00+00:00,Sun 1:00PM
196206234,NFL Showdown $109 50-50 (JAX @ CIN),154089,Showdown Captain Mode,109.0,0,4,1,400.0,2026-10-04 17:00:00+00:00,Sun 1:00PM
196206235,NFL Showdown $109 50-50 (JAX @ CIN),154089,Showdown Captain Mode,109.0,0,4,1,400.0,2026-10-04 17:00:00+00:00,Sun 1:00PM
196206238,NFL Showdown $109 3-Player (JAX @ CIN),154089,Showdown Captain Mode,109.0,0,3,1,300.0,2026-10-04 17:00:00+00:00,Sun 1:00PM
196206239,NFL Showdown $109 3-Player (JAX @ CIN),154089,Showdown Captain Mode,109.0,0,3,1,300.0,2026-10-04 17:00:00+00:00,Sun 1:00PM
196206240,NFL Showdown $109 3-Player (JAX @ CIN),154089,Showdown Captain Mode,109.0,0,3,1,300.0,2026-10-04 17:00:00+00:00,Sun 1:00PM
196206247,NFL Showdown $50 50-50 (JAX @ CIN),154089,Showdown Captain Mode,50.0,0,8,1,360.0,2026-10-04 17:00:00+00:00,Sun 1:00PM
196206244,NFL Showdown $50 50-50 (JAX @ CIN),154089,Showdown Captain Mode,50.0,0,4,1,180.0,2026-10-04 17:00:00+00:00,Sun 1:00PM
196206279,NFL Showdown $50 Double Up (JAX @ CIN),154089,Showdown Captain Mode,50.0,0,22,1,1000.0,2026-10-04 17:00:00+00:00,Sun 1:00PM
196206278,NFL Showdown $50 Double Up (JAX @ CIN),154089,Showdown Captain Mode,50.0,0,11,1,500.0,2026-10-04 17:00:00+00:00,Sun 1:00PM
196206253,NFL Showdown $50 3-Player (JAX @ CIN),154089,Showdown Captain Mode,50.0,0,3,1,135.0,2026-10-04 17:00:00+00:00,Sun 1:00PM
196206277,NFL Showdown $25 Double Up (JAX @ CIN),154089,Showdown Captain Mode,25.0,0,22,1,500.0,2026-10-04 17:00:00+00:00,Sun 1:00PM
196206276,NFL Showdown $25 Double Up (JAX @ CIN),154089,Showdown Captain Mode,25.0,0,11,1,250.0,2026-10-04 17:00:00+00:00,Sun 1:00PM
196206264,NFL Showdown $20 50-50 (JAX @ CIN),154089,Showdown Captain Mode,20.0,0,10,1,180.0,2026-10-04 17:00:00+00:00,Sun 1:00PM
196206260,NFL Showdown $20 50-50 (JAX @ CIN),154089,Showdown Captain Mode,20.0,0,4,1,72.0,2026-10-04 17:00:00+00:00,Sun 1:00PM
196206265,NFL Showdown $20 5-Player (JAX @ CIN),154089,Showdown Captain Mode,20.0,0,5,1,90.0,2026-10-04 17:00:00+00:00,Sun 1:00PM
196206266,NFL Showdown $20 3-Player (JAX @ CIN),154089,Showdown Captain Mode,20.0,0,3,1,54.0,2026-10-04 17:00:00+00:00,Sun 1:00PM
196206267,NFL Showdown $20 3-Player (JAX @ CIN),154089,Showdown Captain Mode,20.0,0,3,1,54.0,2026-10-04 17:00:00+00:00,Sun 1:00PM
196206269,NFL Showdown $10 50-50 (JAX @ CIN),154089,Showdown Captain Mode,10.0,0,10,1,90.0,2026-10-04 17:00:00+00:00,Sun 1:00PM
196206268,NFL Showdown $10 50-50 (JAX @ CIN),154089,Showdown Captain Mode,10.0,0,4,1,36.0,2026-10-04 17:00:00+00:00,Sun 1:00PM
196206274,NFL Showdown $10 Double Up (JAX @ CIN),154089,Showdown Captain Mode,10.0,0,11,1,100.0,2026-10-04 17:00:00+00:00,Sun 1:00PM
196206275,NFL Showdown $10 Double Up (JAX @ CIN),154089,Showdown Captain Mode,10.0,0,11,1,100.0,2026-10-04 17:00:00+00:00,Sun 1:00PM
196206270,NFL Showdown $10 5-Player (JAX @ CIN),154089,Showdown Captain Mode,10.0,0,5,1,45.0,2026-10-04 17:00:00+00:00,Sun 1:00PM
196206271,NFL Showdown $10 3-Player (JAX @ CIN),154089,Showdown Captain Mode,10.0,0,3,1,27.0,2026-10-04 17:00:00+00:00,Sun 1:00PM
196206273,NFL Showdown $10 3-Player (JAX @ CIN),154089,Showdown Captain Mode,10.0,0,3,1,27.0,2026-10-04 17:00:00+00:00,Sun 1:00PM
196206227,NFL Showdown $5 50-50 (JAX @ CIN),154089,Showdown Captain Mode,5.0,0,10,1,45.0,2026-10-04 17:00:00+00:00,Sun 1:00PM
196206228,NFL Showdown $5 50-50 (JAX @ CIN),154089,Showdown Captain Mode,5.0,0,4,1,18.0,2026-10-04 17:00:00+00:00,Sun 1:00PM
196206229,NFL Showdown $5 50-50 (JAX @ CIN),154089,Showdown Captain Mode,5.0,0,4,1,18.0,2026-10-04 17:00:00+00:00,Sun 1:00PM
196206280,NFL Showdown $5 Double Up (JAX @ CIN),154089,Showdown Captain Mode,5.0,0,11,1,50.0,2026-10-04 17:00:00+00:00,Sun 1:00PM
196206281,NFL Showdown $5 Double Up (JAX @ CIN),154089,Showdown Captain Mode,5.0,0,11,1,50.0,2026-10-04 17:00:00+00:00,Sun 1:00PM
196206230,NFL Showdown $5 20-Player (JAX @ CIN),154089,Showdown Captain Mode,5.0,0,20,1,90.0,2026-10-04 17:00:00+00:00,Sun 1:00PM
196206233,NFL Showdown $5 10-Player (JAX @ CIN),154089,Showdown Captain Mode,5.0,0,10,1,45.0,2026-10-04 17:00:00+00:00,Sun 1:00PM
196206288,NFL Showdown $5 5-Player (JAX @ CIN),154089,Showdown Captain Mode,5.0,0,5,1,22.5,2026-10-04 17:00:00+00:00,Sun 1:00PM
196206289,NFL Showdown $5 5-Player (JAX @ CIN),154089,Showdown Captain Mode,5.0,0,5,1,22.5,2026-10-04 17:00:00+00:00,Sun 1:00PM
196206290,NFL Showdown $5 3-Player (JAX @ CIN),154089,Showdown Captain Mode,5.0,0,3,1,13.5,2026-10-04 17:00:00+00:00,Sun 1:00PM
196206291,NFL Showdown $5 3-Player (JAX @ CIN),154089,Showdown Captain Mode,5.0,0,3,1,13.5,2026-10-04 17:00:00+00:00,Sun 1:00PM
196206282,NFL Showdown $3 Double Up (JAX @ CIN),154089,Showdown Captain Mode,3.0,0,11,1,30.0,2026-10-04 17:00:00+00:00,Sun 1:00PM
196206283,NFL Showdown $3 Double Up (JAX @ CIN),154089,Showdown Captain Mode,3.0,0,11,1,30.0,2026-10-04 17:00:00+00:00,Sun 1:00PM
196206236,NFL Showdown $2 50-50 (JAX @ CIN),154089,Showdown Captain Mode,2.0,0,20,1,36.0,2026-10-04 17:00:00+00:00,Sun 1:00PM
196206237,NFL Showdown $2 50-50 (JAX @ CIN),154089,Showdown Captain Mode,2.0,0,10,1,18.0,2026-10-04 17:00:00+00:00,Sun 1:00PM
196206241,NFL Showdown $2 20-Player (JAX @ CIN),154089,Showdown Captain Mode,2.0,0,20,1,36.0,2026-10-04 17:00:00+00:00,Sun 1:00PM
196206242,NFL Showdown $2 10-Player (JAX @ CIN),154089,Showdown Captain Mode,2.0,0,10,1,18.0,2026-10-04 17:00:00+00:00,Sun 1:00PM
196206243,NFL Showdown $2 10-Player (JAX @ CIN),154089,Showdown Captain Mode,2.0,0,10,1,18.0,2026-10-04 17:00:00+00:00,Sun 1:00PM
196206245,NFL Showdown $2 5-Player (JAX @ CIN),154089,Showdown Captain Mode,2.0,0,5,1,9.0,2026-10-04 17:00:00+00:00,Sun 1:00PM
196206246,NFL Showdown $2 5-Player (JAX @ CIN),154089,Showdown Captain Mode,2.0,0,5,1,9.0,2026-10-04 17:00:00+00:00,Sun 1:00PM
196206248,NFL Showdown $2 3-Player (JAX @ CIN),154089,Showdown Captain Mode,2.0,0,3,1,5.4,2026-10-04 17:00:00+00:00,Sun 1:00PM
196206249,NFL Showdown $2 3-Player (JAX @ CIN),154089,Showdown Captain Mode,2.0,0,3,1,5.4,2026-10-04 17:00:00+00:00,Sun 1:00PM
196206250,NFL Showdown $1 50-50 (JAX @ CIN),154089,Showdown Captain Mode,1.0,0,20,1,18.0,2026-10-04 17:00:00+00:00,Sun 1:00PM
196206251,NFL Showdown $1 50-50 (JAX @ CIN),154089,Showdown Captain Mode,1.0,0,10,1,9.0,2026-10-04 17:00:00+00:00,Sun 1:00PM
196206252,NFL Showdown $1 50-50 (JAX @ CIN),154089,Showdown Captain Mode,1.0,0,10,1,9.0,2026-10-04 17:00:00+00:00,Sun 1:00PM
196206284,NFL Showdown $1 Double Up (JAX @ CIN),154089,Showdown Captain Mode,1.0,0,11,1,10.0,2026-10-04 17:00:00+00:00,Sun 1:00PM
196206285,NFL Showdown $1 Double Up (JAX @ CIN),154089,Showdown Captain Mode,1.0,0,11,1,10.0,2026-10-04 17:00:00+00:00,Sun 1:00PM
196206254,NFL Showdown $1 20-Player (JAX @ CIN),154089,Showdown Captain Mode,1.0,0,20,1,18.0,2026-10-04 17:00:00+00:00,Sun 1:00PM
196206255,NFL Showdown $1 10-Player (JAX @ CIN),154089,Showdown Captain Mode,1.0,0,10,1,9.0,2026-10-04 17:00:00+00:00,Sun 1:00PM
196206256,NFL Showdown $1 10-Player (JAX @ CIN),154089,Showdown Captain Mode,1.0,0,10,1,9.0,2026-10-04 17:00:00+00:00,Sun 1:00PM
196206257,NFL Showdown $1 5-Player (JAX @ CIN),154089,Showdown Captain Mode,1.0,0,5,1,4.5,2026-10-04 17:00:00+00:00,Sun 1:00PM
196206258,NFL Showdown $1 5-Player (JAX @ CIN),154089,Showdown Captain Mode,1.0,0,5,1,4.5,2026-10-04 17:00:00+00:00,Sun 1:00PM
196206259,NFL Showdown $1 5-Player (JAX @ CIN),154089,Showdown Captain Mode,1.0,0,5,1,4.5,2026-10-04 17:00:00+00:00,Sun 1:00PM
196206261,NFL Showdown $1 3-Player (JAX @ CIN),154089,Showdown Captain Mode,1.0,0,3,1,2.7,2026-10-04 17:00:00+00:00,Sun 1:00PM
196206262,NFL Showdown $1 3-Player (JAX @ CIN),154089,Showdown Captain Mode,1.0,0,3,1,2.7,2026-10-04 17:00:00+00:00,Sun 1:00PM
196206263,NFL Showdown $1 3-Player (JAX @ CIN),154089,Showdown Captain Mode,1.0,0,3,1,2.7,2026-10-04 17:00:00+00:00,Sun 1:00PM
196206398,NFL Showdown Satellite to $20 NFL Fantasy Football Millionaire [Must Fill] (ARI @ NYG),154090,Showdown Captain Mode,7.4,0,3,1,20.0,2026-10-04 17:00:00+00:00,Sun 1:00PM
196206302,Beginner NFL Showdown $50 50-50 (ARI @ NYG),154090,Showdown Captain Mode,50.0,0,4,1,180.0,2026-10-04 17:00:00+00:00,Sun 1:00PM
196206307,Beginner NFL Showdown $50 3-Player (ARI @ NYG),154090,Showdown Captain Mode,50.0,0,3,1,135.0,2026-10-04 17:00:00+00:00,Sun 1:00PM
196206303,Beginner NFL Showdown $20 50-50 (ARI @ NYG),154090,Showdown Captain Mode,20.0,0,4,1,72.0,2026-10-04 17:00:00+00:00,Sun 1:00PM
196206308,Beginner NFL Showdown $20 3-Player (ARI @ NYG),154090,Showdown Captain Mode,20.0,0,3,1,54.0,2026-10-04 17:00:00+00:00,Sun 1:00PM
196206304,Beginner NFL Showdown $10 50-50 (ARI @ NYG),154090,Showdown Captain Mode,10.0,0,4,1,36.0,2026-10-04 17:00:00+00:00,Sun 1:00PM
196206309,Beginner NFL Showdown $10 3-Player (ARI @ NYG),154090,Showdown Captain Mode,10.0,0,3,1,27.0,2026-10-04 17:00:00+00:00,Sun 1:00PM
196206305,Beginner NFL Showdown $5 50-50 (ARI @ NYG),154090,Showdown Captain Mode,5.0,0,4,1,18.0,2026-10-04 17:00:00+00:00,Sun 1:00PM
196206310,Beginner NFL Showdown $5 3-Player (ARI @ NYG),154090,Showdown Captain Mode,5.0,0,3,1,13.5,2026-10-04 17:00:00+00:00,Sun 1:00PM
196206306,Beginner NFL Showdown $3 50-50 (ARI @ NYG),154090,Showdown Captain Mode,3.0,0,4,1,10.8,2026-10-04 17:00:00+00:00,Sun 1:00PM
196206311,Beginner NFL Showdown $2 3-Player (ARI @ NYG),154090,Showdown Captain Mode,2.0,0,3,1,5.4,2026-10-04 17:00:00+00:00,Sun 1:00PM
196206391,Beginner NFL Showdown $1 50-50 (ARI @ NYG),154090,Showdown Captain Mode,1.0,0,4,1,3.6,2026-10-04 17:00:00+00:00,Sun 1:00PM
196206312,Beginner NFL Showdown $1 3-Player (ARI @ NYG),154090,Showdown Captain Mode,1.0,0,3,1,2.7,2026-10-04 17:00:00+00:00,Sun 1:00PM
196206313,"NFL Showdown $10,600 3-Player (ARI @ NYG)",154090,Showdown Captain Mode,10600.0,0,3,1,30000.0,2026-10-04 17:00:00+00:00,Sun 1:00PM
196206314,"NFL Showdown $10,600 3-Player (ARI @ NYG)",154090,Showdown Captain Mode,10600.0,0,3,1,30000.0,2026-10-04 17:00:00+00:00,Sun 1:00PM
196206317,"NFL Showdown $5,300 50-50 (ARI @ NYG)",154090,Showdown Captain Mode,5300.0,0,4,1,20000.0,2026-10-04 17:00:00+00:00,Sun 1:00PM
196206318,"NFL Showdown $5,300 50-50 (ARI @ NYG)",154090,Showdown Captain Mode,5300.0,0,4,1,20000.0,2026-10-04 17:00:00+00:00,Sun 1:00PM
196206315,"NFL Showdown $5,300 3-Player (ARI @ NYG)",154090,Showdown Captain Mode,5300.0,0,3,1,15000.0,2026-10-04 17:00:00+00:00,Sun 1:00PM
196206316,"NFL Showdown $5,300 3-Player (ARI @ NYG)",154090,Showdown Captain Mode,5300.0,0,3,1,15000.0,2026-10-04 17:00:00+00:00,Sun 1:00PM
196206319,"NFL Showdown $1,060 50-50 (ARI @ NYG)",154090,Showdown Captain Mode,1060.0,0,4,1,4000.0,2026-10-04 17:00:00+00:00,Sun 1:00PM
196206320,"NFL Showdown $1,060 50-50 (ARI @ NYG)",154090,Showdown Captain Mode,1060.0,0,4,1,4000.0,2026-10-04 17:00:00+00:00,Sun 1:00PM
196206321,"NFL Showdown $1,060 3-Player (ARI @ NYG)",154090,Showdown Captain Mode,1060.0,0,3,1,3000.0,2026-10-04 17:00:00+00:00,Sun 1:00PM
196206322,"NFL Showdown $1,060 3-Player (ARI @ NYG)",154090,Showdown Captain Mode,1060.0,0,3,1,3000.0,2026-10-04 17:00:00+00:00,Sun 1:00PM
196206323,NFL Showdown $530 50-50 (ARI @ NYG),154090,Showdown Captain Mode,530.0,0,4,1,2000.0,2026-10-04 17:00:00+00:00,Sun 1:00PM
196206324,NFL Showdown $530 50-50 (ARI @ NYG),154090,Showdown Captain Mode,530.0,0,4,1,2000.0,2026-10-04 17:00:00+00:00,Sun 1:00PM
196206325,NFL Showdown $530 3-Player (ARI @ NYG),154090,Showdown Captain Mode,530.0,0,3,1,1500.0,2026-10-04 17:00:00+00:00,Sun 1:00PM
196206326,NFL Showdown $530 3-Player (ARI @ NYG),154090,Showdown Captain Mode,530.0,0,3,1,1500.0,2026-10-04 17:00:00+00:00,Sun 1:00PM
196206385,NFL Showdown $270 50-50 (ARI @ NYG),154090,Showdown Captain Mode,270.0,0,4,1,1000.0,2026-10-04 17:00:00+00:00,Sun 1:00PM
196206386,NFL Showdown $270 50-50 (ARI @ NYG),154090,Showdown Captain Mode,270.0,0,4,1,1000.0,2026-10-04 17:00:00+00:00,Sun 1:00PM
196206331,NFL Showdown $270 3-Player (ARI @ NYG),154090,Showdown Captain Mode,270.0,0,3,1,750.0,2026-10-04 17:00:00+00:00,Sun 1:00PM
196206332,NFL Showdown $270 3-Player (ARI @ NYG),154090,Showdown Captain Mode,270.0,0,3,1,750.0,2026-10-04 17:00:00+00:00,Sun 1:00PM
196206334,NFL Showdown $109 50-50 (ARI @ NYG),154090,Showdown Captain Mode,109.0,0,4,1,400.0,2026-10-04 17:00:00+00:00,Sun 1:00PM
196206335,NFL Showdown $109 50-50 (ARI @ NYG),154090,Showdown Captain Mode,109.0,0,4,1,400.0,2026-10-04 17:00:00+00:00,Sun 1:00PM
196206338,NFL Showdown $109 3-Player (ARI @ NYG),154090,Showdown Captain Mode,109.0,0,3,1,300.0,2026-10-04 17:00:00+00:00,Sun 1:00PM
196206339,NFL Showdown $109 3-Player (ARI @ NYG),154090,Showdown Captain Mode,109.0,0,3,1,300.0,2026-10-04 17:00:00+00:00,Sun 1:00PM
196206340,NFL Showdown $109 3-Player (ARI @ NYG),154090,Showdown Captain Mode,109.0,0,3,1,300.0,2026-10-04 17:00:00+00:00,Sun 1:00PM
196206347,NFL Showdown $50 50-50 (ARI @ NYG),154090,Showdown Captain Mode,50.0,0,8,1,360.0,2026-10-04 17:00:00+00:00,Sun 1:00PM
196206344,NFL Showdown $50 50-50 (ARI @ NYG),154090,Showdown Captain Mode,50.0,0,4,1,180.0,2026-10-04 17:00:00+00:00,Sun 1:00PM
196206378,NFL Showdown $50 Double Up (ARI @ NYG),154090,Showdown Captain Mode,50.0,0,22,1,1000.0,2026-10-04 17:00:00+00:00,Sun 1:00PM
196206377,NFL Showdown $50 Double Up (ARI @ NYG),154090,Showdown Captain Mode,50.0,0,11,1,500.0,2026-10-04 17:00:00+00:00,Sun 1:00PM
196206353,NFL Showdown $50 3-Player (ARI @ NYG),154090,Showdown Captain Mode,50.0,0,3,1,135.0,2026-10-04 17:00:00+00:00,Sun 1:00PM
196206376,NFL Showdown $25 Double Up (ARI @ NYG),154090,Showdown Captain Mode,25.0,0,22,1,500.0,2026-10-04 17:00:00+00:00,Sun 1:00PM
196206375,NFL Showdown $25 Double Up (ARI @ NYG),154090,Showdown Captain Mode,25.0,0,11,1,250.0,2026-10-04 17:00:00+00:00,Sun 1:00PM
196206364,NFL Showdown $20 50-50 (ARI @ NYG),154090,Showdown Captain Mode,20.0,0,10,1,180.0,2026-10-04 17:00:00+00:00,Sun 1:00PM
196206360,NFL Showdown $20 50-50 (ARI @ NYG),154090,Showdown Captain Mode,20.0,0,4,1,72.0,2026-10-04 17:00:00+00:00,Sun 1:00PM
196206365,NFL Showdown $20 5-Player (ARI @ NYG),154090,Showdown Captain Mode,20.0,0,5,1,90.0,2026-10-04 17:00:00+00:00,Sun 1:00PM
196206366,NFL Showdown $20 3-Player (ARI @ NYG),154090,Showdown Captain Mode,20.0,0,3,1,54.0,2026-10-04 17:00:00+00:00,Sun 1:00PM
196206367,NFL Showdown $20 3-Player (ARI @ NYG),154090,Showdown Captain Mode,20.0,0,3,1,54.0,2026-10-04 17:00:00+00:00,Sun 1:00PM
196206369,NFL Showdown $10 50-50 (ARI @ NYG),154090,Showdown Captain Mode,10.0,0,10,1,90.0,2026-10-04 17:00:00+00:00,Sun 1:00PM
196206368,NFL Showdown $10 50-50 (ARI @ NYG),154090,Showdown Captain Mode,10.0,0,4,1,36.0,2026-10-04 17:00:00+00:00,Sun 1:00PM
196206373,NFL Showdown $10 Double Up (ARI @ NYG),154090,Showdown Captain Mode,10.0,0,11,1,100.0,2026-10-04 17:00:00+00:00,Sun 1:00PM
196206374,NFL Showdown $10 Double Up (ARI @ NYG),154090,Showdown Captain Mode,10.0,0,11,1,100.0,2026-10-04 17:00:00+00:00,Sun 1:00PM
196206370,NFL Showdown $10 5-Player (ARI @ NYG),154090,Showdown Captain Mode,10.0,0,5,1,45.0,2026-10-04 17:00:00+00:00,Sun 1:00PM
196206371,NFL Showdown $10 3-Player (ARI @ NYG),154090,Showdown Captain Mode,10.0,0,3,1,27.0,2026-10-04 17:00:00+00:00,Sun 1:00PM
196206372,NFL Showdown $10 3-Player (ARI @ NYG),154090,Showdown Captain Mode,10.0,0,3,1,27.0,2026-10-04 17:00:00+00:00,Sun 1:00PM
196206327,NFL Showdown $5 50-50 (ARI @ NYG),154090,Showdown Captain Mode,5.0,0,10,1,45.0,2026-10-04 17:00:00+00:00,Sun 1:00PM
196206328,NFL Showdown $5 50-50 (ARI @ NYG),154090,Showdown Captain Mode,5.0,0,4,1,18.0,2026-10-04 17:00:00+00:00,Sun 1:00PM
196206329,NFL Showdown $5 50-50 (ARI @ NYG),154090,Showdown Captain Mode,5.0,0,4,1,18.0,2026-10-04 17:00:00+00:00,Sun 1:00PM
196206379,NFL Showdown $5 Double Up (ARI @ NYG),154090,Showdown Captain Mode,5.0,0,11,1,50.0,2026-10-04 17:00:00+00:00,Sun 1:00PM
196206380,NFL Showdown $5 Double Up (ARI @ NYG),154090,Showdown Captain Mode,5.0,0,11,1,50.0,2026-10-04 17:00:00+00:00,Sun 1:00PM
196206330,NFL Showdown $5 20-Player (ARI @ NYG),154090,Showdown Captain Mode,5.0,0,20,1,90.0,2026-10-04 17:00:00+00:00,Sun 1:00PM
196206333,NFL Showdown $5 10-Player (ARI @ NYG),154090,Showdown Captain Mode,5.0,0,10,1,45.0,2026-10-04 17:00:00+00:00,Sun 1:00PM
196206387,NFL Showdown $5 5-Player (ARI @ NYG),154090,Showdown Captain Mode,5.0,0,5,1,22.5,2026-10-04 17:00:00+00:00,Sun 1:00PM
196206388,NFL Showdown $5 5-Player (ARI @ NYG),154090,Showdown Captain Mode,5.0,0,5,1,22.5,2026-10-04 17:00:00+00:00,Sun 1:00PM
196206389,NFL Showdown $5 3-Player (ARI @ NYG),154090,Showdown Captain Mode,5.0,0,3,1,13.5,2026-10-04 17:00:00+00:00,Sun 1:00PM
196206390,NFL Showdown $5 3-Player (ARI @ NYG),154090,Showdown Captain Mode,5.0,0,3,1,13.5,2026-10-04 17:00:00+00:00,Sun 1:00PM
196206381,NFL Showdown $3 Double Up (ARI @ NYG),154090,Showdown Captain Mode,3.0,0,11,1,30.0,2026-10-04 17:00:00+00:00,Sun 1:00PM
196206382,NFL Showdown $3 Double Up (ARI @ NYG),154090,Showdown Captain Mode,3.0,0,11,1,30.0,2026-10-04 17:00:00+00:00,Sun 1:00PM
196206336,NFL Showdown $2 50-50 (ARI @ NYG),154090,Showdown Captain Mode,2.0,0,20,1,36.0,2026-10-04 17:00:00+00:00,Sun 1:00PM
196206337,NFL Showdown $2 50-50 (ARI @ NYG),154090,Showdown Captain Mode,2.0,0,10,1,18.0,2026-10-04 17:00:00+00:00,Sun 1:00PM
196206341,NFL Showdown $2 20-Player (ARI @ NYG),154090,Showdown Captain Mode,2.0,0,20,1,36.0,2026-10-04 17:00:00+00:00,Sun 1:00PM
196206342,NFL Showdown $2 10-Player (ARI @ NYG),154090,Showdown Captain Mode,2.0,0,10,1,18.0,2026-10-04 17:00:00+00:00,Sun 1:00PM
196206343,NFL Showdown $2 10-Player (ARI @ NYG),154090,Showdown Captain Mode,2.0,0,10,1,18.0,2026-10-04 17:00:00+00:00,Sun 1:00PM
196206345,NFL Showdown $2 5-Player (ARI @ NYG),154090,Showdown Captain Mode,2.0,0,5,1,9.0,2026-10-04 17:00:00+00:00,Sun 1:00PM
196206346,NFL Showdown $2 5-Player (ARI @ NYG),154090,Showdown Captain Mode,2.0,0,5,1,9.0,2026-10-04 17:00:00+00:00,Sun 1:00PM
196206348,NFL Showdown $2 3-Player (ARI @ NYG),154090,Showdown Captain Mode,2.0,0,3,1,5.4,2026-10-04 17:00:00+00:00,Sun 1:00PM
196206349,NFL Showdown $2 3-Player (ARI @ NYG),154090,Showdown Captain Mode,2.0,0,3,1,5.4,2026-10-04 17:00:00+00:00,Sun 1:00PM
196206350,NFL Showdown $1 50-50 (ARI @ NYG),154090,Showdown Captain Mode,1.0,0,20,1,18.0,2026-10-04 17:00:00+00:00,Sun 1:00PM
196206351,NFL Showdown $1 50-50 (ARI @ NYG),154090,Showdown Captain Mode,1.0,0,10,1,9.0,2026-10-04 17:00:00+00:00,Sun 1:00PM
196206352,NFL Showdown $1 50-50 (ARI @ NYG),154090,Showdown Captain Mode,1.0,0,10,1,9.0,2026-10-04 17:00:00+00:00,Sun 1:00PM
196206383,NFL Showdown $1 Double Up (ARI @ NYG),154090,Showdown Captain Mode,1.0,0,11,1,10.0,2026-10-04 17:00:00+00:00,Sun 1:00PM
196206384,NFL Showdown $1 Double Up (ARI @ NYG),154090,Showdown Captain Mode,1.0,0,11,1,10.0,2026-10-04 17:00:00+00:00,Sun 1:00PM
196206354,NFL Showdown $1 20-Player (ARI @ NYG),154090,Showdown Captain Mode,1.0,0,20,1,18.0,2026-10-04 17:00:00+00:00,Sun 1:00PM
196206355,NFL Showdown $1 10-Player (ARI @ NYG),154090,Showdown Captain Mode,1.0,0,10,1,9.0,2026-10-04 17:00:00+00:00,Sun 1:00PM
196206356,NFL Showdown $1 10-Player (ARI @ NYG),154090,Showdown Captain Mode,1.0,0,10,1,9.0,2026-10-04 17:00:00+00:00,Sun 1:00PM
196206357,NFL Showdown $1 5-Player (ARI @ NYG),154090,Showdown Captain Mode,1.0,0,5,1,4.5,2026-10-04 17:00:00+00:00,Sun 1:00PM
196206358,NFL Showdown $1 5-Player (ARI @ NYG),154090,Showdown Captain Mode,1.0,0,5,1,4.5,2026-10-04 17:00:00+00:00,Sun 1:00PM
196206359,NFL Showdown $1 5-Player (ARI @ NYG),154090,Showdown Captain Mode,1.0,0,5,1,4.5,2026-10-04 17:00:00+00:00,Sun 1:00PM
196206361,NFL Showdown $1 3-Player (ARI @ NYG),154090,Showdown Captain Mode,1.0,0,3,1,2.7,2026-10-04 17:00:00+00:00,Sun 1:00PM
196206362,NFL Showdown $1 3-Player (ARI @ NYG),154090,Showdown Captain Mode,1.0,0,3,1,2.7,2026-10-04 17:00:00+00:00,Sun 1:00PM
196206363,NFL Showdown $1 3-Player (ARI @ NYG),154090,Showdown Captain Mode,1.0,0,3,1,2.7,2026-10-04 17:00:00+00:00,Sun 1:00PM
196206497,NFL Showdown Satellite to $20 NFL Fantasy Football Millionaire [Must Fill] (NE @ BUF),154091,Showdown Captain Mode,7.4,0,3,1,20.0,2026-10-04 17:00:00+00:00,Sun 1:00PM
196206401,Beginner NFL Showdown $50 50-50 (NE @ BUF),154091,Showdown Captain Mode,50.0,0,4,1,180.0,2026-10-04 17:00:00+00:00,Sun 1:00PM
196206406,Beginner NFL Showdown $50 3-Player (NE @ BUF),154091,Showdown Captain Mode,50.0,0,3,1,135.0,2026-10-04 17:00:00+00:00,Sun 1:00PM
196206402,Beginner NFL Showdown $20 50-50 (NE @ BUF),154091,Showdown Captain Mode,20.0,0,4,1,72.0,2026-10-04 17:00:00+00:00,Sun 1:00PM
196206407,Beginner NFL Showdown $20 3-Player (NE @ BUF),154091,Showdown Captain Mode,20.0,0,3,1,54.0,2026-10-04 17:00:00+00:00,Sun 1:00PM
196206403,Beginner NFL Showdown $10 50-50 (NE @ BUF),154091,Showdown Captain Mode,10.0,0,4,1,36.0,2026-10-04 17:00:00+00:00,Sun 1:00PM
196206408,Beginner NFL Showdown $10 3-Player (NE @ BUF),154091,Showdown Captain Mode,10.0,0,3,1,27.0,2026-10-04 17:00:00+00:00,Sun 1:00PM
196206404,Beginner NFL Showdown $5 50-50 (NE @ BUF),154091,Showdown Captain Mode,5.0,0,4,1,18.0,2026-10-04 17:00:00+00:00,Sun 1:00PM
196206409,Beginner NFL Showdown $5 3-Player (NE @ BUF),154091,Showdown Captain Mode,5.0,0,3,1,13.5,2026-10-04 17:00:00+00:00,Sun 1:00PM
196206405,Beginner NFL Showdown $3 50-50 (NE @ BUF),154091,Showdown Captain Mode,3.0,0,4,1,10.8,2026-10-04 17:00:00+00:00,Sun 1:00PM
196206410,Beginner NFL Showdown $2 3-Player (NE @ BUF),154091,Showdown Captain Mode,2.0,0,3,1,5.4,2026-10-04 17:00:00+00:00,Sun 1:00PM
196206490,Beginner NFL Showdown $1 50-50 (NE @ BUF),154091,Showdown Captain Mode,1.0,0,4,1,3.6,2026-10-04 17:00:00+00:00,Sun 1:00PM
196206411,Beginner NFL Showdown $1 3-Player (NE @ BUF),154091,Showdown Captain Mode,1.0,0,3,1,2.7,2026-10-04 17:00:00+00:00,Sun 1:00PM
196206412,"NFL Showdown $10,600 3-Player (NE @ BUF)",154091,Showdown Captain Mode,10600.0,0,3,1,30000.0,2026-10-04 17:00:00+00:00,Sun 1:00PM
196206413,"NFL Showdown $10,600 3-Player (NE @ BUF)",154091,Showdown Captain Mode,10600.0,0,3,1,30000.0,2026-10-04 17:00:00+00:00,Sun 1:00PM
196206416,"NFL Showdown $5,300 50-50 (NE @ BUF)",154091,Showdown Captain Mode,5300.0,0,4,1,20000.0,2026-10-04 17:00:00+00:00,Sun 1:00PM
196206417,"NFL Showdown $5,300 50-50 (NE @ BUF)",154091,Showdown Captain Mode,5300.0,0,4,1,20000.0,2026-10-04 17:00:00+00:00,Sun 1:00PM
196206414,"NFL Showdown $5,300 3-Player (NE @ BUF)",154091,Showdown Captain Mode,5300.0,0,3,1,15000.0,2026-10-04 17:00:00+00:00,Sun 1:00PM
196206415,"NFL Showdown $5,300 3-Player (NE @ BUF)",154091,Showdown Captain Mode,5300.0,0,3,1,15000.0,2026-10-04 17:00:00+00:00,Sun 1:00PM
196206418,"NFL Showdown $1,060 50-50 (NE @ BUF)",154091,Showdown Captain Mode,1060.0,0,4,1,4000.0,2026-10-04 17:00:00+00:00,Sun 1:00PM
196206419,"NFL Showdown $1,060 50-50 (NE @ BUF)",154091,Showdown Captain Mode,1060.0,0,4,1,4000.0,2026-10-04 17:00:00+00:00,Sun 1:00PM
196206420,"NFL Showdown $1,060 3-Player (NE @ BUF)",154091,Showdown Captain Mode,1060.0,0,3,1,3000.0,2026-10-04 17:00:00+00:00,Sun 1:00PM
196206421,"NFL Showdown $1,060 3-Player (NE @ BUF)",154091,Showdown Captain Mode,1060.0,0,3,1,3000.0,2026-10-04 17:00:00+00:00,Sun 1:00PM
196206422,NFL Showdown $530 50-50 (NE @ BUF),154091,Showdown Captain Mode,530.0,0,4,1,2000.0,2026-10-04 17:00:00+00:00,Sun 1:00PM
196206423,NFL Showdown $530 50-50 (NE @ BUF),154091,Showdown Captain Mode,530.0,0,4,1,2000.0,2026-10-04 17:00:00+00:00,Sun 1:00PM
196206424,NFL Showdown $530 3-Player (NE @ BUF),154091,Showdown Captain Mode,530.0,0,3,1,1500.0,2026-10-04 17:00:00+00:00,Sun 1:00PM
196206425,NFL Showdown $530 3-Player (NE @ BUF),154091,Showdown Captain Mode,530.0,0,3,1,1500.0,2026-10-04 17:00:00+00:00,Sun 1:00PM
196206484,NFL Showdown $270 50-50 (NE @ BUF),154091,Showdown Captain Mode,270.0,0,4,1,1000.0,2026-10-04 17:00:00+00:00,Sun 1:00PM
196206485,NFL Showdown $270 50-50 (NE @ BUF),154091,Showdown Captain Mode,270.0,0,4,1,1000.0,2026-10-04 17:00:00+00:00,Sun 1:00PM
196206430,NFL Showdown $270 3-Player (NE @ BUF),154091,Showdown Captain Mode,270.0,0,3,1,750.0,2026-10-04 17:00:00+00:00,Sun 1:00PM
196206431,NFL Showdown $270 3-Player (NE @ BUF),154091,Showdown Captain Mode,270.0,0,3,1,750.0,2026-10-04 17:00:00+00:00,Sun 1:00PM
196206433,NFL Showdown $109 50-50 (NE @ BUF),154091,Showdown Captain Mode,109.0,0,4,1,400.0,2026-10-04 17:00:00+00:00,Sun 1:00PM
196206434,NFL Showdown $109 50-50 (NE @ BUF),154091,Showdown Captain Mode,109.0,0,4,1,400.0,2026-10-04 17:00:00+00:00,Sun 1:00PM
196206437,NFL Showdown $109 3-Player (NE @ BUF),154091,Showdown Captain Mode,109.0,0,3,1,300.0,2026-10-04 17:00:00+00:00,Sun 1:00PM
196206438,NFL Showdown $109 3-Player (NE @ BUF),154091,Showdown Captain Mode,109.0,0,3,1,300.0,2026-10-04 17:00:00+00:00,Sun 1:00PM
196206439,NFL Showdown $109 3-Player (NE @ BUF),154091,Showdown Captain Mode,109.0,0,3,1,300.0,2026-10-04 17:00:00+00:00,Sun 1:00PM
196206446,NFL Showdown $50 50-50 (NE @ BUF),154091,Showdown Captain Mode,50.0,0,8,1,360.0,2026-10-04 17:00:00+00:00,Sun 1:00PM
196206443,NFL Showdown $50 50-50 (NE @ BUF),154091,Showdown Captain Mode,50.0,0,4,1,180.0,2026-10-04 17:00:00+00:00,Sun 1:00PM
196206477,NFL Showdown $50 Double Up (NE @ BUF),154091,Showdown Captain Mode,50.0,0,22,1,1000.0,2026-10-04 17:00:00+00:00,Sun 1:00PM
196206476,NFL Showdown $50 Double Up (NE @ BUF),154091,Showdown Captain Mode,50.0,0,11,1,500.0,2026-10-04 17:00:00+00:00,Sun 1:00PM
196206452,NFL Showdown $50 3-Player (NE @ BUF),154091,Showdown Captain Mode,50.0,0,3,1,135.0,2026-10-04 17:00:00+00:00,Sun 1:00PM
196206475,NFL Showdown $25 Double Up (NE @ BUF),154091,Showdown Captain Mode,25.0,0,22,1,500.0,2026-10-04 17:00:00+00:00,Sun 1:00PM
196206474,NFL Showdown $25 Double Up (NE @ BUF),154091,Showdown Captain Mode,25.0,0,11,1,250.0,2026-10-04 17:00:00+00:00,Sun 1:00PM
196206463,NFL Showdown $20 50-50 (NE @ BUF),154091,Showdown Captain Mode,20.0,0,10,1,180.0,2026-10-04 17:00:00+00:00,Sun 1:00PM
196206459,NFL Showdown $20 50-50 (NE @ BUF),154091,Showdown Captain Mode,20.0,0,4,1,72.0,2026-10-04 17:00:00+00:00,Sun 1:00PM
196206464,NFL Showdown $20 5-Player (NE @ BUF),154091,Showdown Captain Mode,20.0,0,5,1,90.0,2026-10-04 17:00:00+00:00,Sun 1:00PM
196206465,NFL Showdown $20 3-Player (NE @ BUF),154091,Showdown Captain Mode,20.0,0,3,1,54.0,2026-10-04 17:00:00+00:00,Sun 1:00PM
196206466,NFL Showdown $20 3-Player (NE @ BUF),154091,Showdown Captain Mode,20.0,0,3,1,54.0,2026-10-04 17:00:00+00:00,Sun 1:00PM
196206468,NFL Showdown $10 50-50 (NE @ BUF),154091,Showdown Captain Mode,10.0,0,10,1,90.0,2026-10-04 17:00:00+00:00,Sun 1:00PM
196206467,NFL Showdown $10 50-50 (NE @ BUF),154091,Showdown Captain Mode,10.0,0,4,1,36.0,2026-10-04 17:00:00+00:00,Sun 1:00PM
196206472,NFL Showdown $10 Double Up (NE @ BUF),154091,Showdown Captain Mode,10.0,0,11,1,100.0,2026-10-04 17:00:00+00:00,Sun 1:00PM
196206473,NFL Showdown $10 Double Up (NE @ BUF),154091,Showdown Captain Mode,10.0,0,11,1,100.0,2026-10-04 17:00:00+00:00,Sun 1:00PM
196206469,NFL Showdown $10 5-Player (NE @ BUF),154091,Showdown Captain Mode,10.0,0,5,1,45.0,2026-10-04 17:00:00+00:00,Sun 1:00PM
196206470,NFL Showdown $10 3-Player (NE @ BUF),154091,Showdown Captain Mode,10.0,0,3,1,27.0,2026-10-04 17:00:00+00:00,Sun 1:00PM
196206471,NFL Showdown $10 3-Player (NE @ BUF),154091,Showdown Captain Mode,10.0,0,3,1,27.0,2026-10-04 17:00:00+00:00,Sun 1:00PM
196206426,NFL Showdown $5 50-50 (NE @ BUF),154091,Showdown Captain Mode,5.0,0,10,1,45.0,2026-10-04 17:00:00+00:00,Sun 1:00PM
196206427,NFL Showdown $5 50-50 (NE @ BUF),154091,Showdown Captain Mode,5.0,0,4,1,18.0,2026-10-04 17:00:00+00:00,Sun 1:00PM
196206428,NFL Showdown $5 50-50 (NE @ BUF),154091,Showdown Captain Mode,5.0,0,4,1,18.0,2026-10-04 17:00:00+00:00,Sun 1:00PM
196206478,NFL Showdown $5 Double Up (NE @ BUF),154091,Showdown Captain Mode,5.0,0,11,1,50.0,2026-10-04 17:00:00+00:00,Sun 1:00PM
196206479,NFL Showdown $5 Double Up (NE @ BUF),154091,Showdown Captain Mode,5.0,0,11,1,50.0,2026-10-04 17:00:00+00:00,Sun 1:00PM
196206429,NFL Showdown $5 20-Player (NE @ BUF),154091,Showdown Captain Mode,5.0,0,20,1,90.0,2026-10-04 17:00:00+00:00,Sun 1:00PM
196206432,NFL Showdown $5 10-Player (NE @ BUF),154091,Showdown Captain Mode,5.0,0,10,1,45.0,2026-10-04 17:00:00+00:00,Sun 1:00PM
196206486,NFL Showdown $5 5-Player (NE @ BUF),154091,Showdown Captain Mode,5.0,0,5,1,22.5,2026-10-04 17:00:00+00:00,Sun 1:00PM
196206487,NFL Showdown $5 5-Player (NE @ BUF),154091,Showdown Captain Mode,5.0,0,5,1,22.5,2026-10-04 17:00:00+00:00,Sun 1:00PM
196206488,NFL Showdown $5 3-Player (NE @ BUF),154091,Showdown Captain Mode,5.0,0,3,1,13.5,2026-10-04 17:00:00+00:00,Sun 1:00PM
196206489,NFL Showdown $5 3-Player (NE @ BUF),154091,Showdown Captain Mode,5.0,0,3,1,13.5,2026-10-04 17:00:00+00:00,Sun 1:00PM
196206480,NFL Showdown $3 Double Up (NE @ BUF),154091,Showdown Captain Mode,3.0,0,11,1,30.0,2026-10-04 17:00:00+00:00,Sun 1:00PM
196206481,NFL Showdown $3 Double Up (NE @ BUF),154091,Showdown Captain Mode,3.0,0,11,1,30.0,2026-10-04 17:00:00+00:00,Sun 1:00PM
196206435,NFL Showdown $2 50-50 (NE @ BUF),154091,Showdown Captain Mode,2.0,0,20,1,36.0,2026-10-04 17:00:00+00:00,Sun 1:00PM
196206436,NFL Showdown $2 50-50 (NE @ BUF),154091,Showdown Captain Mode,2.0,0,10,1,18.0,2026-10-04 17:00:00+00:00,Sun 1:00PM
196206440,NFL Showdown $2 20-Player (NE @ BUF),154091,Showdown Captain Mode,2.0,0,20,1,36.0,2026-10-04 17:00:00+00:00,Sun 1:00PM
196206441,NFL Showdown $2 10-Player (NE @ BUF),154091,Showdown Captain Mode,2.0,0,10,1,18.0,2026-10-04 17:00:00+00:00,Sun 1:00PM
196206442,NFL Showdown $2 10-Player (NE @ BUF),154091,Showdown Captain Mode,2.0,0,10,1,18.0,2026-10-04 17:00:00+00:00,Sun 1:00PM
196206444,NFL Showdown $2 5-Player (NE @ BUF),154091,Showdown Captain Mode,2.0,0,5,1,9.0,2026-10-04 17:00:00+00:00,Sun 1:00PM
196206445,NFL Showdown $2 5-Player (NE @ BUF),154091,Showdown Captain Mode,2.0,0,5,1,9.0,2026-10-04 17:00:00+00:00,Sun 1:00PM
196206447,NFL Showdown $2 3-Player (NE @ BUF),154091,Showdown Captain Mode,2.0,0,3,1,5.4,2026-10-04 17:00:00+00:00,Sun 1:00PM
196206448,NFL Showdown $2 3-Player (NE @ BUF),154091,Showdown Captain Mode,2.0,0,3,1,5.4,2026-10-04 17:00:00+00:00,Sun 1:00PM
196206449,NFL Showdown $1 50-50 (NE @ BUF),154091,Showdown Captain Mode,1.0,0,20,1,18.0,2026-10-04 17:00:00+00:00,Sun 1:00PM
196206450,NFL Showdown $1 50-50 (NE @ BUF),154091,Showdown Captain Mode,1.0,0,10,1,9.0,2026-10-04 17:00:00+00:00,Sun 1:00PM
196206451,NFL Showdown $1 50-50 (NE @ BUF),154091,Showdown Captain Mode,1.0,0,10,1,9.0,2026-10-04 17:00:00+00:00,Sun 1:00PM
196206482,NFL Showdown $1 Double Up (NE @ BUF),154091,Showdown Captain Mode,1.0,0,11,1,10.0,2026-10-04 17:00:00+00:00,Sun 1:00PM
196206483,NFL Showdown $1 Double Up (NE @ BUF),154091,Showdown Captain Mode,1.0,0,11,1,10.0,2026-10-04 17:00:00+00:00,Sun 1:00PM
196206453,NFL Showdown $1 20-Player (NE @ BUF),154091,Showdown Captain Mode,1.0,0,20,1,18.0,2026-10-04 17:00:00+00:00,Sun 1:00PM
196206454,NFL Showdown $1 10-Player (NE @ BUF),154091,Showdown Captain Mode,1.0,0,10,1,9.0,2026-10-04 17:00:00+00:00,Sun 1:00PM
196206455,NFL Showdown $1 10-Player (NE @ BUF),154091,Showdown Captain Mode,1.0,0,10,1,9.0,2026-10-04 17:00:00+00:00,Sun 1:00PM
196206456,NFL Showdown $1 5-Player (NE @ BUF),154091,Showdown Captain Mode,1.0,0,5,1,4.5,2026-10-04 17:00:00+00:00,Sun 1:00PM
196206457,NFL Showdown $1 5-Player (NE @ BUF),154091,Showdown Captain Mode,1.0,0,5,1,4.5,2026-10-04 17:00:00+00:00,Sun 1:00PM
196206458,NFL Showdown $1 5-Player (NE @ BUF),154091,Showdown Captain Mode,1.0,0,5,1,4.5,2026-10-04 17:00:00+00:00,Sun 1:00PM
196206460,NFL Showdown $1 3-Player (NE @ BUF),154091,Showdown Captain Mode,1.0,0,3,1,2.7,2026-10-04 17:00:00+00:00,Sun 1:00PM
196206461,NFL Showdown $1 3-Player (NE @ BUF),154091,Showdown Captain Mode,1.0,0,3,1,2.7,2026-10-04 17:00:00+00:00,Sun 1:00PM
196206462,NFL Showdown $1 3-Player (NE @ BUF),154091,Showdown Captain Mode,1.0,0,3,1,2.7,2026-10-04 17:00:00+00:00,Sun 1:00PM
196206560,NFL Showdown $1 3-Player (GB @ TB),154092,Showdown Captain Mode,1.0,1,3,1,2.7,2026-10-04 17:00:00+00:00,Sun 1:00PM
196206597,NFL Showdown Satellite to $20 NFL Fantasy Football Millionaire [Must Fill] (GB @ TB),154092,Showdown Captain Mode,7.4,0,3,1,20.0,2026-10-04 17:00:00+00:00,Sun 1:00PM
196206500,Beginner NFL Showdown $50 50-50 (GB @ TB),154092,Showdown Captain Mode,50.0,0,4,1,180.0,2026-10-04 17:00:00+00:00,Sun 1:00PM
196206505,Beginner NFL Showdown $50 3-Player (GB @ TB),154092,Showdown Captain Mode,50.0,0,3,1,135.0,2026-10-04 17:00:00+00:00,Sun 1:00PM
196206501,Beginner NFL Showdown $20 50-50 (GB @ TB),154092,Showdown Captain Mode,20.0,0,4,1,72.0,2026-10-04 17:00:00+00:00,Sun 1:00PM
196206506,Beginner NFL Showdown $20 3-Player (GB @ TB),154092,Showdown Captain Mode,20.0,0,3,1,54.0,2026-10-04 17:00:00+00:00,Sun 1:00PM
196206502,Beginner NFL Showdown $10 50-50 (GB @ TB),154092,Showdown Captain Mode,10.0,0,4,1,36.0,2026-10-04 17:00:00+00:00,Sun 1:00PM
196206507,Beginner NFL Showdown $10 3-Player (GB @ TB),154092,Showdown Captain Mode,10.0,0,3,1,27.0,2026-10-04 17:00:00+00:00,Sun 1:00PM
196206503,Beginner NFL Showdown $5 50-50 (GB @ TB),154092,Showdown Captain Mode,5.0,0,4,1,18.0,2026-10-04 17:00:00+00:00,Sun 1:00PM
196206508,Beginner NFL Showdown $5 3-Player (GB @ TB),154092,Showdown Captain Mode,5.0,0,3,1,13.5,2026-10-04 17:00:00+00:00,Sun 1:00PM
196206504,Beginner NFL Showdown $3 50-50 (GB @ TB),154092,Showdown Captain Mode,3.0,0,4,1,10.8,2026-10-04 17:00:00+00:00,Sun 1:00PM
196206509,Beginner NFL Showdown $2 3-Player (GB @ TB),154092,Showdown Captain Mode,2.0,0,3,1,5.4,2026-10-04 17:00:00+00:00,Sun 1:00PM
196206590,Beginner NFL Showdown $1 50-50 (GB @ TB),154092,Showdown Captain Mode,1.0,0,4,1,3.6,2026-10-04 17:00:00+00:00,Sun 1:00PM
196206510,Beginner NFL Showdown $1 3-Player (GB @ TB),154092,Showdown Captain Mode,1.0,0,3,1,2.7,2026-10-04 17:00:00+00:00,Sun 1:00PM
196206511,"NFL Showdown $10,600 3-Player (GB @ TB)",154092,Showdown Captain Mode,10600.0,0,3,1,30000.0,2026-10-04 17:00:00+00:00,Sun 1:00PM
196206512,"NFL Showdown $10,600 3-Player (GB @ TB)",154092,Showdown Captain Mode,10600.0,0,3,1,30000.0,2026-10-04 17:00:00+00:00,Sun 1:00PM
196206515,"NFL Showdown $5,300 50-50 (GB @ TB)",154092,Showdown Captain Mode,5300.0,0,4,1,20000.0,2026-10-04 17:00:00+00:00,Sun 1:00PM
196206516,"NFL Showdown $5,300 50-50 (GB @ TB)",154092,Showdown Captain Mode,5300.0,0,4,1,20000.0,2026-10-04 17:00:00+00:00,Sun 1:00PM
196206513,"NFL Showdown $5,300 3-Player (GB @ TB)",154092,Showdown Captain Mode,5300.0,0,3,1,15000.0,2026-10-04 17:00:00+00:00,Sun 1:00PM
196206514,"NFL Showdown $5,300 3-Player (GB @ TB)",154092,Showdown Captain Mode,5300.0,0,3,1,15000.0,2026-10-04 17:00:00+00:00,Sun 1:00PM
196206517,"NFL Showdown $1,060 50-50 (GB @ TB)",154092,Showdown Captain Mode,1060.0,0,4,1,4000.0,2026-10-04 17:00:00+00:00,Sun 1:00PM
196206518,"NFL Showdown $1,060 50-50 (GB @ TB)",154092,Showdown Captain Mode,1060.0,0,4,1,4000.0,2026-10-04 17:00:00+00:00,Sun 1:00PM
196206519,"NFL Showdown $1,060 3-Player (GB @ TB)",154092,Showdown Captain Mode,1060.0,0,3,1,3000.0,2026-10-04 17:00:00+00:00,Sun 1:00PM
196206520,"NFL Showdown $1,060 3-Player (GB @ TB)",154092,Showdown Captain Mode,1060.0,0,3,1,3000.0,2026-10-04 17:00:00+00:00,Sun 1:00PM
196206521,NFL Showdown $530 50-50 (GB @ TB),154092,Showdown Captain Mode,530.0,0,4,1,2000.0,2026-10-04 17:00:00+00:00,Sun 1:00PM
196206522,NFL Showdown $530 50-50 (GB @ TB),154092,Showdown Captain Mode,530.0,0,4,1,2000.0,2026-10-04 17:00:00+00:00,Sun 1:00PM
196206523,NFL Showdown $530 3-Player (GB @ TB),154092,Showdown Captain Mode,530.0,0,3,1,1500.0,2026-10-04 17:00:00+00:00,Sun 1:00PM
196206524,NFL Showdown $530 3-Player (GB @ TB),154092,Showdown Captain Mode,530.0,0,3,1,1500.0,2026-10-04 17:00:00+00:00,Sun 1:00PM
196206584,NFL Showdown $270 50-50 (GB @ TB),154092,Showdown Captain Mode,270.0,0,4,1,1000.0,2026-10-04 17:00:00+00:00,Sun 1:00PM
196206585,NFL Showdown $270 50-50 (GB @ TB),154092,Showdown Captain Mode,270.0,0,4,1,1000.0,2026-10-04 17:00:00+00:00,Sun 1:00PM
196206529,NFL Showdown $270 3-Player (GB @ TB),154092,Showdown Captain Mode,270.0,0,3,1,750.0,2026-10-04 17:00:00+00:00,Sun 1:00PM
196206530,NFL Showdown $270 3-Player (GB @ TB),154092,Showdown Captain Mode,270.0,0,3,1,750.0,2026-10-04 17:00:00+00:00,Sun 1:00PM
196206532,NFL Showdown $109 50-50 (GB @ TB),154092,Showdown Captain Mode,109.0,0,4,1,400.0,2026-10-04 17:00:00+00:00,Sun 1:00PM
196206533,NFL Showdown $109 50-50 (GB @ TB),154092,Showdown Captain Mode,109.0,0,4,1,400.0,2026-10-04 17:00:00+00:00,Sun 1:00PM
196206536,NFL Showdown $109 3-Player (GB @ TB),154092,Showdown Captain Mode,109.0,0,3,1,300.0,2026-10-04 17:00:00+00:00,Sun 1:00PM
196206537,NFL Showdown $109 3-Player (GB @ TB),154092,Showdown Captain Mode,109.0,0,3,1,300.0,2026-10-04 17:00:00+00:00,Sun 1:00PM
196206538,NFL Showdown $109 3-Player (GB @ TB),154092,Showdown Captain Mode,109.0,0,3,1,300.0,2026-10-04 17:00:00+00:00,Sun 1:00PM
196206546,NFL Showdown $50 50-50 (GB @ TB),154092,Showdown Captain Mode,50.0,0,8,1,360.0,2026-10-04 17:00:00+00:00,Sun 1:00PM
196206543,NFL Showdown $50 50-50 (GB @ TB),154092,Showdown Captain Mode,50.0,0,4,1,180.0,2026-10-04 17:00:00+00:00,Sun 1:00PM
196206577,NFL Showdown $50 Double Up (GB @ TB),154092,Showdown Captain Mode,50.0,0,22,1,1000.0,2026-10-04 17:00:00+00:00,Sun 1:00PM
196206576,NFL Showdown $50 Double Up (GB @ TB),154092,Showdown Captain Mode,50.0,0,11,1,500.0,2026-10-04 17:00:00+00:00,Sun 1:00PM
196206552,NFL Showdown $50 3-Player (GB @ TB),154092,Showdown Captain Mode,50.0,0,3,1,135.0,2026-10-04 17:00:00+00:00,Sun 1:00PM
196206575,NFL Showdown $25 Double Up (GB @ TB),154092,Showdown Captain Mode,25.0,0,22,1,500.0,2026-10-04 17:00:00+00:00,Sun 1:00PM
196206574,NFL Showdown $25 Double Up (GB @ TB),154092,Showdown Captain Mode,25.0,0,11,1,250.0,2026-10-04 17:00:00+00:00,Sun 1:00PM
196206563,NFL Showdown $20 50-50 (GB @ TB),154092,Showdown Captain Mode,20.0,0,10,1,180.0,2026-10-04 17:00:00+00:00,Sun 1:00PM
196206559,NFL Showdown $20 50-50 (GB @ TB),154092,Showdown Captain Mode,20.0,0,4,1,72.0,2026-10-04 17:00:00+00:00,Sun 1:00PM
196206564,NFL Showdown $20 5-Player (GB @ TB),154092,Showdown Captain Mode,20.0,0,5,1,90.0,2026-10-04 17:00:00+00:00,Sun 1:00PM
196206565,NFL Showdown $20 3-Player (GB @ TB),154092,Showdown Captain Mode,20.0,0,3,1,54.0,2026-10-04 17:00:00+00:00,Sun 1:00PM
196206566,NFL Showdown $20 3-Player (GB @ TB),154092,Showdown Captain Mode,20.0,0,3,1,54.0,2026-10-04 17:00:00+00:00,Sun 1:00PM
196206568,NFL Showdown $10 50-50 (GB @ TB),154092,Showdown Captain Mode,10.0,0,10,1,90.0,2026-10-04 17:00:00+00:00,Sun 1:00PM
196206567,NFL Showdown $10 50-50 (GB @ TB),154092,Showdown Captain Mode,10.0,0,4,1,36.0,2026-10-04 17:00:00+00:00,Sun 1:00PM
196206572,NFL Showdown $10 Double Up (GB @ TB),154092,Showdown Captain Mode,10.0,0,11,1,100.0,2026-10-04 17:00:00+00:00,Sun 1:00PM
196206573,NFL Showdown $10 Double Up (GB @ TB),154092,Showdown Captain Mode,10.0,0,11,1,100.0,2026-10-04 17:00:00+00:00,Sun 1:00PM
196206569,NFL Showdown $10 5-Player (GB @ TB),154092,Showdown Captain Mode,10.0,0,5,1,45.0,2026-10-04 17:00:00+00:00,Sun 1:00PM
196206570,NFL Showdown $10 3-Player (GB @ TB),154092,Showdown Captain Mode,10.0,0,3,1,27.0,2026-10-04 17:00:00+00:00,Sun 1:00PM
196206571,NFL Showdown $10 3-Player (GB @ TB),154092,Showdown Captain Mode,10.0,0,3,1,27.0,2026-10-04 17:00:00+00:00,Sun 1:00PM
196206525,NFL Showdown $5 50-50 (GB @ TB),154092,Showdown Captain Mode,5.0,0,10,1,45.0,2026-10-04 17:00:00+00:00,Sun 1:00PM
196206526,NFL Showdown $5 50-50 (GB @ TB),154092,Showdown Captain Mode,5.0,0,4,1,18.0,2026-10-04 17:00:00+00:00,Sun 1:00PM
196206527,NFL Showdown $5 50-50 (GB @ TB),154092,Showdown Captain Mode,5.0,0,4,1,18.0,2026-10-04 17:00:00+00:00,Sun 1:00PM
196206578,NFL Showdown $5 Double Up (GB @ TB),154092,Showdown Captain Mode,5.0,0,11,1,50.0,2026-10-04 17:00:00+00:00,Sun 1:00PM
196206579,NFL Showdown $5 Double Up (GB @ TB),154092,Showdown Captain Mode,5.0,0,11,1,50.0,2026-10-04 17:00:00+00:00,Sun 1:00PM
196206528,NFL Showdown $5 20-Player (GB @ TB),154092,Showdown Captain Mode,5.0,0,20,1,90.0,2026-10-04 17:00:00+00:00,Sun 1:00PM
196206531,NFL Showdown $5 10-Player (GB @ TB),154092,Showdown Captain Mode,5.0,0,10,1,45.0,2026-10-04 17:00:00+00:00,Sun 1:00PM
196206586,NFL Showdown $5 5-Player (GB @ TB),154092,Showdown Captain Mode,5.0,0,5,1,22.5,2026-10-04 17:00:00+00:00,Sun 1:00PM
196206587,NFL Showdown $5 5-Player (GB @ TB),154092,Showdown Captain Mode,5.0,0,5,1,22.5,2026-10-04 17:00:00+00:00,Sun 1:00PM
196206588,NFL Showdown $5 3-Player (GB @ TB),154092,Showdown Captain Mode,5.0,0,3,1,13.5,2026-10-04 17:00:00+00:00,Sun 1:00PM
196206589,NFL Showdown $5 3-Player (GB @ TB),154092,Showdown Captain Mode,5.0,0,3,1,13.5,2026-10-04 17:00:00+00:00,Sun 1:00PM
196206580,NFL Showdown $3 Double Up (GB @ TB),154092,Showdown Captain Mode,3.0,0,11,1,30.0,2026-10-04 17:00:00+00:00,Sun 1:00PM
196206581,NFL Showdown $3 Double Up (GB @ TB),154092,Showdown Captain Mode,3.0,0,11,1,30.0,2026-10-04 17:00:00+00:00,Sun 1:00PM
196206534,NFL Showdown $2 50-50 (GB @ TB),154092,Showdown Captain Mode,2.0,0,20,1,36.0,2026-10-04 17:00:00+00:00,Sun 1:00PM
196206535,NFL Showdown $2 50-50 (GB @ TB),154092,Showdown Captain Mode,2.0,0,10,1,18.0,2026-10-04 17:00:00+00:00,Sun 1:00PM
196206539,NFL Showdown $2 20-Player (GB @ TB),154092,Showdown Captain Mode,2.0,0,20,1,36.0,2026-10-04 17:00:00+00:00,Sun 1:00PM
196206540,NFL Showdown $2 10-Player (GB @ TB),154092,Showdown Captain Mode,2.0,0,10,1,18.0,2026-10-04 17:00:00+00:00,Sun 1:00PM
196206541,NFL Showdown $2 10-Player (GB @ TB),154092,Showdown Captain Mode,2.0,0,10,1,18.0,2026-10-04 17:00:00+00:00,Sun 1:00PM
196206544,NFL Showdown $2 5-Player (GB @ TB),154092,Showdown Captain Mode,2.0,0,5,1,9.0,2026-10-04 17:00:00+00:00,Sun 1:00PM
196206545,NFL Showdown $2 5-Player (GB @ TB),154092,Showdown Captain Mode,2.0,0,5,1,9.0,2026-10-04 17:00:00+00:00,Sun 1:00PM
196206547,NFL Showdown $2 3-Player (GB @ TB),154092,Showdown Captain Mode,2.0,0,3,1,5.4,2026-10-04 17:00:00+00:00,Sun 1:00PM
196206548,NFL Showdown $2 3-Player (GB @ TB),154092,Showdown Captain Mode,2.0,0,3,1,5.4,2026-10-04 17:00:00+00:00,Sun 1:00PM
196206549,NFL Showdown $1 50-50 (GB @ TB),154092,Showdown Captain Mode,1.0,0,20,1,18.0,2026-10-04 17:00:00+00:00,Sun 1:00PM
196206550,NFL Showdown $1 50-50 (GB @ TB),154092,Showdown Captain Mode,1.0,0,10,1,9.0,2026-10-04 17:00:00+00:00,Sun 1:00PM
196206551,NFL Showdown $1 50-50 (GB @ TB),154092,Showdown Captain Mode,1.0,0,10,1,9.0,2026-10-04 17:00:00+00:00,Sun 1:00PM
196206582,NFL Showdown $1 Double Up (GB @ TB),154092,Showdown Captain Mode,1.0,0,11,1,10.0,2026-10-04 17:00:00+00:00,Sun 1:00PM
196206583,NFL Showdown $1 Double Up (GB @ TB),154092,Showdown Captain Mode,1.0,0,11,1,10.0,2026-10-04 17:00:00+00:00,Sun 1:00PM
196206553,NFL Showdown $1 20-Player (GB @ TB),154092,Showdown Captain Mode,1.0,0,20,1,18.0,2026-10-04 17:00:00+00:00,Sun 1:00PM
196206554,NFL Showdown $1 10-Player (GB @ TB),154092,Showdown Captain Mode,1.0,0,10,1,9.0,2026-10-04 17:00:00+00:00,Sun 1:00PM
196206555,NFL Showdown $1 10-Player (GB @ TB),154092,Showdown Captain Mode,1.0,0,10,1,9.0,2026-10-04 17:00:00+00:00,Sun 1:00PM
196206556,NFL Showdown $1 5-Player (GB @ TB),154092,Showdown Captain Mode,1.0,0,5,1,4.5,2026-10-04 17:00:00+00:00,Sun 1:00PM
196206557,NFL Showdown $1 5-Player (GB @ TB),154092,Showdown Captain Mode,1.0,0,5,1,4.5,2026-10-04 17:00:00+00:00,Sun 1:00PM
196206558,NFL Showdown $1 5-Player (GB @ TB),154092,Showdown Captain Mode,1.0,0,5,1,4.5,2026-10-04 17:00:00+00:00,Sun 1:00PM
196206561,NFL Showdown $1 3-Player (GB @ TB),154092,Showdown Captain Mode,1.0,0,3,1,2.7,2026-10-04 17:00:00+00:00,Sun 1:00PM
196206562,NFL Showdown $1 3-Player (GB @ TB),154092,Showdown Captain Mode,1.0,0,3,1,2.7,2026-10-04 17:00:00+00:00,Sun 1:00PM
196221571,NFL Showdown $1 3-Player (GB @ TB),154092,Showdown Captain Mode,1.0,0,3,1,2.7,2026-10-04 17:00:00+00:00,Sun 1:00PM
196206696,NFL Showdown Satellite to $20 NFL Fantasy Football Millionaire [Must Fill] (LAR @ PHI),154093,Showdown Captain Mode,7.4,0,3,1,20.0,2026-10-04 17:00:00+00:00,Sun 1:00PM
196206600,Beginner NFL Showdown $50 50-50 (LAR @ PHI),154093,Showdown Captain Mode,50.0,0,4,1,180.0,2026-10-04 17:00:00+00:00,Sun 1:00PM
196206605,Beginner NFL Showdown $50 3-Player (LAR @ PHI),154093,Showdown Captain Mode,50.0,0,3,1,135.0,2026-10-04 17:00:00+00:00,Sun 1:00PM
196206601,Beginner NFL Showdown $20 50-50 (LAR @ PHI),154093,Showdown Captain Mode,20.0,0,4,1,72.0,2026-10-04 17:00:00+00:00,Sun 1:00PM
196206606,Beginner NFL Showdown $20 3-Player (LAR @ PHI),154093,Showdown Captain Mode,20.0,0,3,1,54.0,2026-10-04 17:00:00+00:00,Sun 1:00PM
196206602,Beginner NFL Showdown $10 50-50 (LAR @ PHI),154093,Showdown Captain Mode,10.0,0,4,1,36.0,2026-10-04 17:00:00+00:00,Sun 1:00PM
196206607,Beginner NFL Showdown $10 3-Player (LAR @ PHI),154093,Showdown Captain Mode,10.0,0,3,1,27.0,2026-10-04 17:00:00+00:00,Sun 1:00PM
196206603,Beginner NFL Showdown $5 50-50 (LAR @ PHI),154093,Showdown Captain Mode,5.0,0,4,1,18.0,2026-10-04 17:00:00+00:00,Sun 1:00PM
196206608,Beginner NFL Showdown $5 3-Player (LAR @ PHI),154093,Showdown Captain Mode,5.0,0,3,1,13.5,2026-10-04 17:00:00+00:00,Sun 1:00PM
196206604,Beginner NFL Showdown $3 50-50 (LAR @ PHI),154093,Showdown Captain Mode,3.0,0,4,1,10.8,2026-10-04 17:00:00+00:00,Sun 1:00PM
196206609,Beginner NFL Showdown $2 3-Player (LAR @ PHI),154093,Showdown Captain Mode,2.0,0,3,1,5.4,2026-10-04 17:00:00+00:00,Sun 1:00PM
196206689,Beginner NFL Showdown $1 50-50 (LAR @ PHI),154093,Showdown Captain Mode,1.0,0,4,1,3.6,2026-10-04 17:00:00+00:00,Sun 1:00PM
196206610,Beginner NFL Showdown $1 3-Player (LAR @ PHI),154093,Showdown Captain Mode,1.0,0,3,1,2.7,2026-10-04 17:00:00+00:00,Sun 1:00PM
196206611,"NFL Showdown $10,600 3-Player (LAR @ PHI)",154093,Showdown Captain Mode,10600.0,0,3,1,30000.0,2026-10-04 17:00:00+00:00,Sun 1:00PM
196206612,"NFL Showdown $10,600 3-Player (LAR @ PHI)",154093,Showdown Captain Mode,10600.0,0,3,1,30000.0,2026-10-04 17:00:00+00:00,Sun 1:00PM
196206615,"NFL Showdown $5,300 50-50 (LAR @ PHI)",154093,Showdown Captain Mode,5300.0,0,4,1,20000.0,2026-10-04 17:00:00+00:00,Sun 1:00PM
196206616,"NFL Showdown $5,300 50-50 (LAR @ PHI)",154093,Showdown Captain Mode,5300.0,0,4,1,20000.0,2026-10-04 17:00:00+00:00,Sun 1:00PM
196206613,"NFL Showdown $5,300 3-Player (LAR @ PHI)",154093,Showdown Captain Mode,5300.0,0,3,1,15000.0,2026-10-04 17:00:00+00:00,Sun 1:00PM
196206614,"NFL Showdown $5,300 3-Player (LAR @ PHI)",154093,Showdown Captain Mode,5300.0,0,3,1,15000.0,2026-10-04 17:00:00+00:00,Sun 1:00PM
196206617,"NFL Showdown $1,060 50-50 (LAR @ PHI)",154093,Showdown Captain Mode,1060.0,0,4,1,4000.0,2026-10-04 17:00:00+00:00,Sun 1:00PM
196206618,"NFL Showdown $1,060 50-50 (LAR @ PHI)",154093,Showdown Captain Mode,1060.0,0,4,1,4000.0,2026-10-04 17:00:00+00:00,Sun 1:00PM
196206619,"NFL Showdown $1,060 3-Player (LAR @ PHI)",154093,Showdown Captain Mode,1060.0,0,3,1,3000.0,2026-10-04 17:00:00+00:00,Sun 1:00PM
196206620,"NFL Showdown $1,060 3-Player (LAR @ PHI)",154093,Showdown Captain Mode,1060.0,0,3,1,3000.0,2026-10-04 17:00:00+00:00,Sun 1:00PM
196206621,NFL Showdown $530 50-50 (LAR @ PHI),154093,Showdown Captain Mode,530.0,0,4,1,2000.0,2026-10-04 17:00:00+00:00,Sun 1:00PM
196206622,NFL Showdown $530 50-50 (LAR @ PHI),154093,Showdown Captain Mode,530.0,0,4,1,2000.0,2026-10-04 17:00:00+00:00,Sun 1:00PM
196206623,NFL Showdown $530 3-Player (LAR @ PHI),154093,Showdown Captain Mode,530.0,0,3,1,1500.0,2026-10-04 17:00:00+00:00,Sun 1:00PM
196206624,NFL Showdown $530 3-Player (LAR @ PHI),154093,Showdown Captain Mode,530.0,0,3,1,1500.0,2026-10-04 17:00:00+00:00,Sun 1:00PM
196206683,NFL Showdown $270 50-50 (LAR @ PHI),154093,Showdown Captain Mode,270.0,0,4,1,1000.0,2026-10-04 17:00:00+00:00,Sun 1:00PM
196206684,NFL Showdown $270 50-50 (LAR @ PHI),154093,Showdown Captain Mode,270.0,0,4,1,1000.0,2026-10-04 17:00:00+00:00,Sun 1:00PM
196206629,NFL Showdown $270 3-Player (LAR @ PHI),154093,Showdown Captain Mode,270.0,0,3,1,750.0,2026-10-04 17:00:00+00:00,Sun 1:00PM
196206630,NFL Showdown $270 3-Player (LAR @ PHI),154093,Showdown Captain Mode,270.0,0,3,1,750.0,2026-10-04 17:00:00+00:00,Sun 1:00PM
196206632,NFL Showdown $109 50-50 (LAR @ PHI),154093,Showdown Captain Mode,109.0,0,4,1,400.0,2026-10-04 17:00:00+00:00,Sun 1:00PM
196206633,NFL Showdown $109 50-50 (LAR @ PHI),154093,Showdown Captain Mode,109.0,0,4,1,400.0,2026-10-04 17:00:00+00:00,Sun 1:00PM
196206636,NFL Showdown $109 3-Player (LAR @ PHI),154093,Showdown Captain Mode,109.0,0,3,1,300.0,2026-10-04 17:00:00+00:00,Sun 1:00PM
196206637,NFL Showdown $109 3-Player (LAR @ PHI),154093,Showdown Captain Mode,109.0,0,3,1,300.0,2026-10-04 17:00:00+00:00,Sun 1:00PM
196206638,NFL Showdown $109 3-Player (LAR @ PHI),154093,Showdown Captain Mode,109.0,0,3,1,300.0,2026-10-04 17:00:00+00:00,Sun 1:00PM
196206645,NFL Showdown $50 50-50 (LAR @ PHI),154093,Showdown Captain Mode,50.0,0,8,1,360.0,2026-10-04 17:00:00+00:00,Sun 1:00PM
196206642,NFL Showdown $50 50-50 (LAR @ PHI),154093,Showdown Captain Mode,50.0,0,4,1,180.0,2026-10-04 17:00:00+00:00,Sun 1:00PM
196206676,NFL Showdown $50 Double Up (LAR @ PHI),154093,Showdown Captain Mode,50.0,0,22,1,1000.0,2026-10-04 17:00:00+00:00,Sun 1:00PM
196206675,NFL Showdown $50 Double Up (LAR @ PHI),154093,Showdown Captain Mode,50.0,0,11,1,500.0,2026-10-04 17:00:00+00:00,Sun 1:00PM
196206651,NFL Showdown $50 3-Player (LAR @ PHI),154093,Showdown Captain Mode,50.0,0,3,1,135.0,2026-10-04 17:00:00+00:00,Sun 1:00PM
196206674,NFL Showdown $25 Double Up (LAR @ PHI),154093,Showdown Captain Mode,25.0,0,22,1,500.0,2026-10-04 17:00:00+00:00,Sun 1:00PM
196206673,NFL Showdown $25 Double Up (LAR @ PHI),154093,Showdown Captain Mode,25.0,0,11,1,250.0,2026-10-04 17:00:00+00:00,Sun 1:00PM
196206662,NFL Showdown $20 50-50 (LAR @ PHI),154093,Showdown Captain Mode,20.0,0,10,1,180.0,2026-10-04 17:00:00+00:00,Sun 1:00PM
196206658,NFL Showdown $20 50-50 (LAR @ PHI),154093,Showdown Captain Mode,20.0,0,4,1,72.0,2026-10-04 17:00:00+00:00,Sun 1:00PM
196206663,NFL Showdown $20 5-Player (LAR @ PHI),154093,Showdown Captain Mode,20.0,0,5,1,90.0,2026-10-04 17:00:00+00:00,Sun 1:00PM
196206664,NFL Showdown $20 3-Player (LAR @ PHI),154093,Showdown Captain Mode,20.0,0,3,1,54.0,2026-10-04 17:00:00+00:00,Sun 1:00PM
196206665,NFL Showdown $20 3-Player (LAR @ PHI),154093,Showdown Captain Mode,20.0,0,3,1,54.0,2026-10-04 17:00:00+00:00,Sun 1:00PM
196206667,NFL Showdown $10 50-50 (LAR @ PHI),154093,Showdown Captain Mode,10.0,0,10,1,90.0,2026-10-04 17:00:00+00:00,Sun 1:00PM
196206666,NFL Showdown $10 50-50 (LAR @ PHI),154093,Showdown Captain Mode,10.0,0,4,1,36.0,2026-10-04 17:00:00+00:00,Sun 1:00PM
196206671,NFL Showdown $10 Double Up (LAR @ PHI),154093,Showdown Captain Mode,10.0,0,11,1,100.0,2026-10-04 17:00:00+00:00,Sun 1:00PM
196206672,NFL Showdown $10 Double Up (LAR @ PHI),154093,Showdown Captain Mode,10.0,0,11,1,100.0,2026-10-04 17:00:00+00:00,Sun 1:00PM
196206668,NFL Showdown $10 5-Player (LAR @ PHI),154093,Showdown Captain Mode,10.0,0,5,1,45.0,2026-10-04 17:00:00+00:00,Sun 1:00PM
196206669,NFL Showdown $10 3-Player (LAR @ PHI),154093,Showdown Captain Mode,10.0,0,3,1,27.0,2026-10-04 17:00:00+00:00,Sun 1:00PM
196206670,NFL Showdown $10 3-Player (LAR @ PHI),154093,Showdown Captain Mode,10.0,0,3,1,27.0,2026-10-04 17:00:00+00:00,Sun 1:00PM
196206625,NFL Showdown $5 50-50 (LAR @ PHI),154093,Showdown Captain Mode,5.0,0,10,1,45.0,2026-10-04 17:00:00+00:00,Sun 1:00PM
196206626,NFL Showdown $5 50-50 (LAR @ PHI),154093,Showdown Captain Mode,5.0,0,4,1,18.0,2026-10-04 17:00:00+00:00,Sun 1:00PM
196206627,NFL Showdown $5 50-50 (LAR @ PHI),154093,Showdown Captain Mode,5.0,0,4,1,18.0,2026-10-04 17:00:00+00:00,Sun 1:00PM
196206677,NFL Showdown $5 Double Up (LAR @ PHI),154093,Showdown Captain Mode,5.0,0,11,1,50.0,2026-10-04 17:00:00+00:00,Sun 1:00PM
196206678,NFL Showdown $5 Double Up (LAR @ PHI),154093,Showdown Captain Mode,5.0,0,11,1,50.0,2026-10-04 17:00:00+00:00,Sun 1:00PM
196206628,NFL Showdown $5 20-Player (LAR @ PHI),154093,Showdown Captain Mode,5.0,0,20,1,90.0,2026-10-04 17:00:00+00:00,Sun 1:00PM
196206631,NFL Showdown $5 10-Player (LAR @ PHI),154093,Showdown Captain Mode,5.0,0,10,1,45.0,2026-10-04 17:00:00+00:00,Sun 1:00PM
196206685,NFL Showdown $5 5-Player (LAR @ PHI),154093,Showdown Captain Mode,5.0,0,5,1,22.5,2026-10-04 17:00:00+00:00,Sun 1:00PM
196206686,NFL Showdown $5 5-Player (LAR @ PHI),154093,Showdown Captain Mode,5.0,0,5,1,22.5,2026-10-04 17:00:00+00:00,Sun 1:00PM
196206687,NFL Showdown $5 3-Player (LAR @ PHI),154093,Showdown Captain Mode,5.0,0,3,1,13.5,2026-10-04 17:00:00+00:00,Sun 1:00PM
196206688,NFL Showdown $5 3-Player (LAR @ PHI),154093,Showdown Captain Mode,5.0,0,3,1,13.5,2026-10-04 17:00:00+00:00,Sun 1:00PM
196206679,NFL Showdown $3 Double Up (LAR @ PHI),154093,Showdown Captain Mode,3.0,0,11,1,30.0,2026-10-04 17:00:00+00:00,Sun 1:00PM
196206680,NFL Showdown $3 Double Up (LAR @ PHI),154093,Showdown Captain Mode,3.0,0,11,1,30.0,2026-10-04 17:00:00+00:00,Sun 1:00PM
196206634,NFL Showdown $2 50-50 (LAR @ PHI),154093,Showdown Captain Mode,2.0,0,20,1,36.0,2026-10-04 17:00:00+00:00,Sun 1:00PM
196206635,NFL Showdown $2 50-50 (LAR @ PHI),154093,Showdown Captain Mode,2.0,0,10,1,18.0,2026-10-04 17:00:00+00:00,Sun 1:00PM
196206639,NFL Showdown $2 20-Player (LAR @ PHI),154093,Showdown Captain Mode,2.0,0,20,1,36.0,2026-10-04 17:00:00+00:00,Sun 1:00PM
196206640,NFL Showdown $2 10-Player (LAR @ PHI),154093,Showdown Captain Mode,2.0,0,10,1,18.0,2026-10-04 17:00:00+00:00,Sun 1:00PM
196206641,NFL Showdown $2 10-Player (LAR @ PHI),154093,Showdown Captain Mode,2.0,0,10,1,18.0,2026-10-04 17:00:00+00:00,Sun 1:00PM
196206643,NFL Showdown $2 5-Player (LAR @ PHI),154093,Showdown Captain Mode,2.0,0,5,1,9.0,2026-10-04 17:00:00+00:00,Sun 1:00PM
196206644,NFL Showdown $2 5-Player (LAR @ PHI),154093,Showdown Captain Mode,2.0,0,5,1,9.0,2026-10-04 17:00:00+00:00,Sun 1:00PM
196206646,NFL Showdown $2 3-Player (LAR @ PHI),154093,Showdown Captain Mode,2.0,0,3,1,5.4,2026-10-04 17:00:00+00:00,Sun 1:00PM
196206647,NFL Showdown $2 3-Player (LAR @ PHI),154093,Showdown Captain Mode,2.0,0,3,1,5.4,2026-10-04 17:00:00+00:00,Sun 1:00PM
196206648,NFL Showdown $1 50-50 (LAR @ PHI),154093,Showdown Captain Mode,1.0,0,20,1,18.0,2026-10-04 17:00:00+00:00,Sun 1:00PM
196206649,NFL Showdown $1 50-50 (LAR @ PHI),154093,Showdown Captain Mode,1.0,0,10,1,9.0,2026-10-04 17:00:00+00:00,Sun 1:00PM
196206650,NFL Showdown $1 50-50 (LAR @ PHI),154093,Showdown Captain Mode,1.0,0,10,1,9.0,2026-10-04 17:00:00+00:00,Sun 1:00PM
196206681,NFL Showdown $1 Double Up (LAR @ PHI),154093,Showdown Captain Mode,1.0,0,11,1,10.0,2026-10-04 17:00:00+00:00,Sun 1:00PM
196206682,NFL Showdown $1 Double Up (LAR @ PHI),154093,Showdown Captain Mode,1.0,0,11,1,10.0,2026-10-04 17:00:00+00:00,Sun 1:00PM
196206652,NFL Showdown $1 20-Player (LAR @ PHI),154093,Showdown Captain Mode,1.0,0,20,1,18.0,2026-10-04 17:00:00+00:00,Sun 1:00PM
196206653,NFL Showdown $1 10-Player (LAR @ PHI),154093,Showdown Captain Mode,1.0,0,10,1,9.0,2026-10-04 17:00:00+00:00,Sun 1:00PM
196206654,NFL Showdown $1 10-Player (LAR @ PHI),154093,Showdown Captain Mode,1.0,0,10,1,9.0,2026-10-04 17:00:00+00:00,Sun 1:00PM
196206655,NFL Showdown $1 5-Player (LAR @ PHI),154093,Showdown Captain Mode,1.0,0,5,1,4.5,2026-10-04 17:00:00+00:00,Sun 1:00PM
196206656,NFL Showdown $1 5-Player (LAR @ PHI),154093,Showdown Captain Mode,1.0,0,5,1,4.5,2026-10-04 17:00:00+00:00,Sun 1:00PM
196206657,NFL Showdown $1 5-Player (LAR @ PHI),154093,Showdown Captain Mode,1.0,0,5,1,4.5,2026-10-04 17:00:00+00:00,Sun 1:00PM
196206659,NFL Showdown $1 3-Player (LAR @ PHI),154093,Showdown Captain Mode,1.0,0,3,1,2.7,2026-10-04 17:00:00+00:00,Sun 1:00PM
196206660,NFL Showdown $1 3-Player (LAR @ PHI),154093,Showdown Captain Mode,1.0,0,3,1,2.7,2026-10-04 17:00:00+00:00,Sun 1:00PM
196206661,NFL Showdown $1 3-Player (LAR @ PHI),154093,Showdown Captain Mode,1.0,0,3,1,2.7,2026-10-04 17:00:00+00:00,Sun 1:00PM
196172003,NFL Single Stat $2 5-Player (Touchdowns),154114,Single Stat - Touchdowns,2.0,1,5,1,9.0,2026-10-04 17:00:00+00:00,Sun 1:00PM
196172008,NFL Single Stat $1 50-50 (Touchdowns),154114,Single Stat - Touchdowns,1.0,1,20,1,18.0,2026-10-04 17:00:00+00:00,Sun 1:00PM
196172009,NFL Single Stat $1 50-50 (Touchdowns),154114,Single Stat - Touchdowns,1.0,1,10,1,9.0,2026-10-04 17:00:00+00:00,Sun 1:00PM
196197539,NFL Single Stat $1 50-50 (Touchdowns),154114,Single Stat - Touchdowns,1.0,1,10,1,9.0,2026-10-04 17:00:00+00:00,Sun 1:00PM
196172012,NFL Single Stat $1 20-Player (Touchdowns),154114,Single Stat - Touchdowns,1.0,1,20,1,18.0,2026-10-04 17:00:00+00:00,Sun 1:00PM
196172057,NFL Single Stat Satellite to $20 NFL Fantasy Football Millionaire [Must Fill] (Touchdowns),154114,Single Stat - Touchdowns,7.4,0,3,1,20.0,2026-10-04 17:00:00+00:00,Sun 1:00PM
196171960,Beginner NFL Single Stat $50 50-50 (Touchdowns),154114,Single Stat - Touchdowns,50.0,0,4,1,180.0,2026-10-04 17:00:00+00:00,Sun 1:00PM
196171965,Beginner NFL Single Stat $50 3-Player (Touchdowns),154114,Single Stat - Touchdowns,50.0,0,3,1,135.0,2026-10-04 17:00:00+00:00,Sun 1:00PM
196171961,Beginner NFL Single Stat $20 50-50 (Touchdowns),154114,Single Stat - Touchdowns,20.0,0,4,1,72.0,2026-10-04 17:00:00+00:00,Sun 1:00PM
196171966,Beginner NFL Single Stat $20 3-Player (Touchdowns),154114,Single Stat - Touchdowns,20.0,0,3,1,54.0,2026-10-04 17:00:00+00:00,Sun 1:00PM
196171962,Beginner NFL Single Stat $10 50-50 (Touchdowns),154114,Single Stat - Touchdowns,10.0,0,4,1,36.0,2026-10-04 17:00:00+00:00,Sun 1:00PM
196171967,Beginner NFL Single Stat $10 3-Player (Touchdowns),154114,Single Stat - Touchdowns,10.0,0,3,1,27.0,2026-10-04 17:00:00+00:00,Sun 1:00PM
196171963,Beginner NFL Single Stat $5 50-50 (Touchdowns),154114,Single Stat - Touchdowns,5.0,0,4,1,18.0,2026-10-04 17:00:00+00:00,Sun 1:00PM
196171968,Beginner NFL Single Stat $5 3-Player (Touchdowns),154114,Single Stat - Touchdowns,5.0,0,3,1,13.5,2026-10-04 17:00:00+00:00,Sun 1:00PM
196171964,Beginner NFL Single Stat $3 50-50 (Touchdowns),154114,Single Stat - Touchdowns,3.0,0,4,1,10.8,2026-10-04 17:00:00+00:00,Sun 1:00PM
196171969,Beginner NFL Single Stat $2 3-Player (Touchdowns),154114,Single Stat - Touchdowns,2.0,0,3,1,5.4,2026-10-04 17:00:00+00:00,Sun 1:00PM
196172050,Beginner NFL Single Stat $1 50-50 (Touchdowns),154114,Single Stat - Touchdowns,1.0,0,4,1,3.6,2026-10-04 17:00:00+00:00,Sun 1:00PM
196171970,Beginner NFL Single Stat $1 3-Player (Touchdowns),154114,Single Stat - Touchdowns,1.0,0,3,1,2.7,2026-10-04 17:00:00+00:00,Sun 1:00PM
196171971,"NFL Single Stat $10,600 3-Player (Touchdowns)",154114,Single Stat - Touchdowns,10600.0,0,3,1,30000.0,2026-10-04 17:00:00+00:00,Sun 1:00PM
196171972,"NFL Single Stat $10,600 3-Player (Touchdowns)",154114,Single Stat - Touchdowns,10600.0,0,3,1,30000.0,2026-10-04 17:00:00+00:00,Sun 1:00PM
196171975,"NFL Single Stat $5,300 50-50 (Touchdowns)",154114,Single Stat - Touchdowns,5300.0,0,4,1,20000.0,2026-10-04 17:00:00+00:00,Sun 1:00PM
196171976,"NFL Single Stat $5,300 50-50 (Touchdowns)",154114,Single Stat - Touchdowns,5300.0,0,4,1,20000.0,2026-10-04 17:00:00+00:00,Sun 1:00PM
196171973,"NFL Single Stat $5,300 3-Player (Touchdowns)",154114,Single Stat - Touchdowns,5300.0,0,3,1,15000.0,2026-10-04 17:00:00+00:00,Sun 1:00PM
196171974,"NFL Single Stat $5,300 3-Player (Touchdowns)",154114,Single Stat - Touchdowns,5300.0,0,3,1,15000.0,2026-10-04 17:00:00+00:00,Sun 1:00PM
196171977,"NFL Single Stat $1,060 50-50 (Touchdowns)",154114,Single Stat - Touchdowns,1060.0,0,4,1,4000.0,2026-10-04 17:00:00+00:00,Sun 1:00PM
196171978,"NFL Single Stat $1,060 50-50 (Touchdowns)",154114,Single Stat - Touchdowns,1060.0,0,4,1,4000.0,2026-10-04 17:00:00+00:00,Sun 1:00PM
196171979,"NFL Single Stat $1,060 3-Player (Touchdowns)",154114,Single Stat - Touchdowns,1060.0,0,3,1,3000.0,2026-10-04 17:00:00+00:00,Sun 1:00PM
196171980,"NFL Single Stat $1,060 3-Player (Touchdowns)",154114,Single Stat - Touchdowns,1060.0,0,3,1,3000.0,2026-10-04 17:00:00+00:00,Sun 1:00PM
196171981,NFL Single Stat $530 50-50 (Touchdowns),154114,Single Stat - Touchdowns,530.0,0,4,1,2000.0,2026-10-04 17:00:00+00:00,Sun 1:00PM
196171982,NFL Single Stat $530 50-50 (Touchdowns),154114,Single Stat - Touchdowns,530.0,0,4,1,2000.0,2026-10-04 17:00:00+00:00,Sun 1:00PM
196171983,NFL Single Stat $530 3-Player (Touchdowns),154114,Single Stat - Touchdowns,530.0,0,3,1,1500.0,2026-10-04 17:00:00+00:00,Sun 1:00PM
196171984,NFL Single Stat $530 3-Player (Touchdowns),154114,Single Stat - Touchdowns,530.0,0,3,1,1500.0,2026-10-04 17:00:00+00:00,Sun 1:00PM
196172044,NFL Single Stat $270 50-50 (Touchdowns),154114,Single Stat - Touchdowns,270.0,0,4,1,1000.0,2026-10-04 17:00:00+00:00,Sun 1:00PM
196172045,NFL Single Stat $270 50-50 (Touchdowns),154114,Single Stat - Touchdowns,270.0,0,4,1,1000.0,2026-10-04 17:00:00+00:00,Sun 1:00PM
196171989,NFL Single Stat $270 3-Player (Touchdowns),154114,Single Stat - Touchdowns,270.0,0,3,1,750.0,2026-10-04 17:00:00+00:00,Sun 1:00PM
196171990,NFL Single Stat $270 3-Player (Touchdowns),154114,Single Stat - Touchdowns,270.0,0,3,1,750.0,2026-10-04 17:00:00+00:00,Sun 1:00PM
196171992,NFL Single Stat $109 50-50 (Touchdowns),154114,Single Stat - Touchdowns,109.0,0,4,1,400.0,2026-10-04 17:00:00+00:00,Sun 1:00PM
196171993,NFL Single Stat $109 50-50 (Touchdowns),154114,Single Stat - Touchdowns,109.0,0,4,1,400.0,2026-10-04 17:00:00+00:00,Sun 1:00PM
196171996,NFL Single Stat $109 3-Player (Touchdowns),154114,Single Stat - Touchdowns,109.0,0,3,1,300.0,2026-10-04 17:00:00+00:00,Sun 1:00PM
196171997,NFL Single Stat $109 3-Player (Touchdowns),154114,Single Stat - Touchdowns,109.0,0,3,1,300.0,2026-10-04 17:00:00+00:00,Sun 1:00PM
196171998,NFL Single Stat $109 3-Player (Touchdowns),154114,Single Stat - Touchdowns,109.0,0,3,1,300.0,2026-10-04 17:00:00+00:00,Sun 1:00PM
196172005,NFL Single Stat $50 50-50 (Touchdowns),154114,Single Stat - Touchdowns,50.0,0,8,1,360.0,2026-10-04 17:00:00+00:00,Sun 1:00PM
196172002,NFL Single Stat $50 50-50 (Touchdowns),154114,Single Stat - Touchdowns,50.0,0,4,1,180.0,2026-10-04 17:00:00+00:00,Sun 1:00PM
196172037,NFL Single Stat $50 Double Up (Touchdowns),154114,Single Stat - Touchdowns,50.0,0,22,1,1000.0,2026-10-04 17:00:00+00:00,Sun 1:00PM
196172036,NFL Single Stat $50 Double Up (Touchdowns),154114,Single Stat - Touchdowns,50.0,0,11,1,500.0,2026-10-04 17:00:00+00:00,Sun 1:00PM
196172011,NFL Single Stat $50 3-Player (Touchdowns),154114,Single Stat - Touchdowns,50.0,0,3,1,135.0,2026-10-04 17:00:00+00:00,Sun 1:00PM
196172034,NFL Single Stat $25 Double Up (Touchdowns),154114,Single Stat - Touchdowns,25.0,0,22,1,500.0,2026-10-04 17:00:00+00:00,Sun 1:00PM
196172033,NFL Single Stat $25 Double Up (Touchdowns),154114,Single Stat - Touchdowns,25.0,0,11,1,250.0,2026-10-04 17:00:00+00:00,Sun 1:00PM
196172022,NFL Single Stat $20 50-50 (Touchdowns),154114,Single Stat - Touchdowns,20.0,0,10,1,180.0,2026-10-04 17:00:00+00:00,Sun 1:00PM
196172018,NFL Single Stat $20 50-50 (Touchdowns),154114,Single Stat - Touchdowns,20.0,0,4,1,72.0,2026-10-04 17:00:00+00:00,Sun 1:00PM
196172023,NFL Single Stat $20 5-Player (Touchdowns),154114,Single Stat - Touchdowns,20.0,0,5,1,90.0,2026-10-04 17:00:00+00:00,Sun 1:00PM
196172024,NFL Single Stat $20 3-Player (Touchdowns),154114,Single Stat - Touchdowns,20.0,0,3,1,54.0,2026-10-04 17:00:00+00:00,Sun 1:00PM
196172025,NFL Single Stat $20 3-Player (Touchdowns),154114,Single Stat - Touchdowns,20.0,0,3,1,54.0,2026-10-04 17:00:00+00:00,Sun 1:00PM
196172027,NFL Single Stat $10 50-50 (Touchdowns),154114,Single Stat - Touchdowns,10.0,0,10,1,90.0,2026-10-04 17:00:00+00:00,Sun 1:00PM
196172026,NFL Single Stat $10 50-50 (Touchdowns),154114,Single Stat - Touchdowns,10.0,0,4,1,36.0,2026-10-04 17:00:00+00:00,Sun 1:00PM
196172031,NFL Single Stat $10 Double Up (Touchdowns),154114,Single Stat - Touchdowns,10.0,0,11,1,100.0,2026-10-04 17:00:00+00:00,Sun 1:00PM
196172032,NFL Single Stat $10 Double Up (Touchdowns),154114,Single Stat - Touchdowns,10.0,0,11,1,100.0,2026-10-04 17:00:00+00:00,Sun 1:00PM
196172028,NFL Single Stat $10 5-Player (Touchdowns),154114,Single Stat - Touchdowns,10.0,0,5,1,45.0,2026-10-04 17:00:00+00:00,Sun 1:00PM
196172029,NFL Single Stat $10 3-Player (Touchdowns),154114,Single Stat - Touchdowns,10.0,0,3,1,27.0,2026-10-04 17:00:00+00:00,Sun 1:00PM
196172030,NFL Single Stat $10 3-Player (Touchdowns),154114,Single Stat - Touchdowns,10.0,0,3,1,27.0,2026-10-04 17:00:00+00:00,Sun 1:00PM
196171985,NFL Single Stat $5 50-50 (Touchdowns),154114,Single Stat - Touchdowns,5.0,0,10,1,45.0,2026-10-04 17:00:00+00:00,Sun 1:00PM
196171986,NFL Single Stat $5 50-50 (Touchdowns),154114,Single Stat - Touchdowns,5.0,0,4,1,18.0,2026-10-04 17:00:00+00:00,Sun 1:00PM
196171987,NFL Single Stat $5 50-50 (Touchdowns),154114,Single Stat - Touchdowns,5.0,0,4,1,18.0,2026-10-04 17:00:00+00:00,Sun 1:00PM
196172038,NFL Single Stat $5 Double Up (Touchdowns),154114,Single Stat - Touchdowns,5.0,0,11,1,50.0,2026-10-04 17:00:00+00:00,Sun 1:00PM
196172039,NFL Single Stat $5 Double Up (Touchdowns),154114,Single Stat - Touchdowns,5.0,0,11,1,50.0,2026-10-04 17:00:00+00:00,Sun 1:00PM
196171988,NFL Single Stat $5 20-Player (Touchdowns),154114,Single Stat - Touchdowns,5.0,0,20,1,90.0,2026-10-04 17:00:00+00:00,Sun 1:00PM
196171991,NFL Single Stat $5 10-Player (Touchdowns),154114,Single Stat - Touchdowns,5.0,0,10,1,45.0,2026-10-04 17:00:00+00:00,Sun 1:00PM
196172046,NFL Single Stat $5 5-Player (Touchdowns),154114,Single Stat - Touchdowns,5.0,0,5,1,22.5,2026-10-04 17:00:00+00:00,Sun 1:00PM
196172047,NFL Single Stat $5 5-Player (Touchdowns),154114,Single Stat - Touchdowns,5.0,0,5,1,22.5,2026-10-04 17:00:00+00:00,Sun 1:00PM
196172048,NFL Single Stat $5 3-Player (Touchdowns),154114,Single Stat - Touchdowns,5.0,0,3,1,13.5,2026-10-04 17:00:00+00:00,Sun 1:00PM
196172049,NFL Single Stat $5 3-Player (Touchdowns),154114,Single Stat - Touchdowns,5.0,0,3,1,13.5,2026-10-04 17:00:00+00:00,Sun 1:00PM
196172040,NFL Single Stat $3 Double Up (Touchdowns),154114,Single Stat - Touchdowns,3.0,0,11,1,30.0,2026-10-04 17:00:00+00:00,Sun 1:00PM
196172041,NFL Single Stat $3 Double Up (Touchdowns),154114,Single Stat - Touchdowns,3.0,0,11,1,30.0,2026-10-04 17:00:00+00:00,Sun 1:00PM
196171994,NFL Single Stat $2 50-50 (Touchdowns),154114,Single Stat - Touchdowns,2.0,0,20,1,36.0,2026-10-04 17:00:00+00:00,Sun 1:00PM
196171995,NFL Single Stat $2 50-50 (Touchdowns),154114,Single Stat - Touchdowns,2.0,0,10,1,18.0,2026-10-04 17:00:00+00:00,Sun 1:00PM
196171999,NFL Single Stat $2 20-Player (Touchdowns),154114,Single Stat - Touchdowns,2.0,0,20,1,36.0,2026-10-04 17:00:00+00:00,Sun 1:00PM
196172000,NFL Single Stat $2 10-Player (Touchdowns),154114,Single Stat - Touchdowns,2.0,0,10,1,18.0,2026-10-04 17:00:00+00:00,Sun 1:00PM
196172001,NFL Single Stat $2 10-Player (Touchdowns),154114,Single Stat - Touchdowns,2.0,0,10,1,18.0,2026-10-04 17:00:00+00:00,Sun 1:00PM
196172004,NFL Single Stat $2 5-Player (Touchdowns),154114,Single Stat - Touchdowns,2.0,0,5,1,9.0,2026-10-04 17:00:00+00:00,Sun 1:00PM
196205176,NFL Single Stat $2 5-Player (Touchdowns),154114,Single Stat - Touchdowns,2.0,0,5,1,9.0,2026-10-04 17:00:00+00:00,Sun 1:00PM
196172006,NFL Single Stat $2 3-Player (Touchdowns),154114,Single Stat - Touchdowns,2.0,0,3,1,5.4,2026-10-04 17:00:00+00:00,Sun 1:00PM
196172007,NFL Single Stat $2 3-Player (Touchdowns),154114,Single Stat - Touchdowns,2.0,0,3,1,5.4,2026-10-04 17:00:00+00:00,Sun 1:00PM
196202911,NFL Single Stat $1 50-50 (Touchdowns),154114,Single Stat - Touchdowns,1.0,0,20,1,18.0,2026-10-04 17:00:00+00:00,Sun 1:00PM
196172010,NFL Single Stat $1 50-50 (Touchdowns),154114,Single Stat - Touchdowns,1.0,0,10,1,9.0,2026-10-04 17:00:00+00:00,Sun 1:00PM
196197994,NFL Single Stat $1 50-50 (Touchdowns),154114,Single Stat - Touchdowns,1.0,0,10,1,9.0,2026-10-04 17:00:00+00:00,Sun 1:00PM
196172042,NFL Single Stat $1 Double Up (Touchdowns),154114,Single Stat - Touchdowns,1.0,0,11,1,10.0,2026-10-04 17:00:00+00:00,Sun 1:00PM
196172043,NFL Single Stat $1 Double Up (Touchdowns),154114,Single Stat - Touchdowns,1.0,0,11,1,10.0,2026-10-04 17:00:00+00:00,Sun 1:00PM
196181893,NFL Single Stat $1 20-Player (Touchdowns),154114,Single Stat - Touchdowns,1.0,0,20,1,18.0,2026-10-04 17:00:00+00:00,Sun 1:00PM
196172013,NFL Single Stat $1 10-Player (Touchdowns),154114,Single Stat - Touchdowns,1.0,0,10,1,9.0,2026-10-04 17:00:00+00:00,Sun 1:00PM
196172014,NFL Single Stat $1 10-Player (Touchdowns),154114,Single Stat - Touchdowns,1.0,0,10,1,9.0,2026-10-04 17:00:00+00:00,Sun 1:00PM
196172015,NFL Single Stat $1 5-Player (Touchdowns),154114,Single Stat - Touchdowns,1.0,0,5,1,4.5,2026-10-04 17:00:00+00:00,Sun 1:00PM
196172016,NFL Single Stat $1 5-Player (Touchdowns),154114,Single Stat - Touchdowns,1.0,0,5,1,4.5,2026-10-04 17:00:00+00:00,Sun 1:00PM
196172017,NFL Single Stat $1 5-Player (Touchdowns),154114,Single Stat - Touchdowns,1.0,0,5,1,4.5,2026-10-04 17:00:00+00:00,Sun 1:00PM
196172019,NFL Single Stat $1 3-Player (Touchdowns),154114,Single Stat - Touchdowns,1.0,0,3,1,2.7,2026-10-04 17:00:00+00:00,Sun 1:00PM
196172020,NFL Single Stat $1 3-Player (Touchdowns),154114,Single Stat - Touchdowns,1.0,0,3,1,2.7,2026-10-04 17:00:00+00:00,Sun 1:00PM
196172021,NFL Single Stat $1 3-Player (Touchdowns),154114,Single Stat - Touchdowns,1.0,0,3,1,2.7,2026-10-04 17:00:00+00:00,Sun 1:00PM
