contest_id,name,draft_group,game_type,entry_fee,entries,max_entries,max_per_user,prize_pool,starts_utc,starts_text
195905122,NFL $2.75M Fantasy Football Millionaire [$1M to 1st],153769,Classic,20.0,2312,161764,150,2750000.0,2026-09-27 17:00:00+00:00,Sun 1:00PM
195905124,NFL $2.75M Fantasy Football Millionaire [$1M to 1st],153769,Classic,555.0,61,5505,150,2750000.0,2026-09-27 17:00:00+00:00,Sun 1:00PM
195745385,NFL $6M Midseason Main Event [$1.5M to 1st],153728,Classic,1500.0,4,4444,133,6000000.0,2026-11-01 18:00:00+00:00,Sun 1:00PM
195786068,NFL Showdown $1.5M Monday Night Showdown [$500K to 1st] (NYG @ LAR),153449,Showdown Captain Mode,20.0,23363,88235,150,1500000.0,2026-09-22 00:15:00+00:00,Mon 8:15PM
195786066,NFL Showdown $600K Wildcat [$150K to 1st] (NYG @ LAR),153449,Showdown Captain Mode,333.0,644,2002,60,600000.0,2026-09-22 00:15:00+00:00,Mon 8:15PM
195786075,NFL Showdown $50K Power Sweep [5 Entry Max] (NYG @ LAR),153449,Showdown Captain Mode,150.0,84,370,5,50000.0,2026-09-22 00:15:00+00:00,Mon 8:15PM
195786070,NFL Showdown $300K Play-Action [20 Entry Max] (NYG @ LAR),153449,Showdown Captain Mode,3.0,36915,118906,20,300000.0,2026-09-22 00:15:00+00:00,Mon 8:15PM
195786112,"NFL Showdown $160K Four-Point Stance [$50K to 1st, 5 Entry Max] (NYG @ LAR)",153449,Showdown Captain Mode,444.0,130,400,5,160000.0,2026-09-22 00:15:00+00:00,Mon 8:15PM
195786069,NFL Showdown $250K Flea Flicker [$50K to 1st] (NYG @ LAR),153449,Showdown Captain Mode,5.0,18610,59453,150,250000.0,2026-09-22 00:15:00+00:00,Mon 8:15PM
195786050,NFL Showdown $402K Luxury Box [$100K to 1st] (NYG @ LAR),153449,Showdown Captain Mode,3180.0,50,134,4,402000.0,2026-09-22 00:15:00+00:00,Mon 8:15PM
195786067,NFL Showdown $150K Bootleg [$50K to 1st] (NYG @ LAR),153449,Showdown Captain Mode,33.0,1370,5300,150,150000.0,2026-09-22 00:15:00+00:00,Mon 8:15PM
195786064,NFL Showdown $61K Luxury Box [$20K to 1st] (NYG @ LAR),153449,Showdown Captain Mode,1500.0,12,43,1,61000.0,2026-09-22 00:15:00+00:00,Mon 8:15PM
195786065,NFL Showdown $21.3K Luxury Box [$10K to 1st] (NYG @ LAR),153449,Showdown Captain Mode,1500.0,8,15,1,21300.0,2026-09-22 00:15:00+00:00,Mon 8:15PM
195786048,NFL Showdown $100K Huddle [Single Entry] (NYG @ LAR),153449,Showdown Captain Mode,5.0,4901,23781,1,100000.0,2026-09-22 00:15:00+00:00,Mon 8:15PM
195786049,NFL Showdown $10K Huddle [Single Entry] (NYG @ LAR),153449,Showdown Captain Mode,5.0,1541,2378,1,10000.0,2026-09-22 00:15:00+00:00,Mon 8:15PM
195786101,NFL Showdown Single Entry $5 Double Up (NYG @ LAR),153449,Showdown Captain Mode,5.0,383,1379,1,6000.0,2026-09-22 00:15:00+00:00,Mon 8:15PM
195786102,NFL Showdown Single Entry $5 Double Up (NYG @ LAR),153449,Showdown Captain Mode,5.0,226,689,1,3000.0,2026-09-22 00:15:00+00:00,Mon 8:15PM
195786062,NFL Showdown Single Entry $5 Double Up (NYG @ LAR),153449,Showdown Captain Mode,5.0,127,229,1,1000.0,2026-09-22 00:15:00+00:00,Mon 8:15PM
195786118,NFL Showdown Single Entry $5 Double Up (NYG @ LAR),153449,Showdown Captain Mode,5.0,93,229,1,1000.0,2026-09-22 00:15:00+00:00,Mon 8:15PM
195786119,NFL Showdown Single Entry $5 Double Up (NYG @ LAR),153449,Showdown Captain Mode,5.0,77,229,1,1000.0,2026-09-22 00:15:00+00:00,Mon 8:15PM
195786120,NFL Showdown Single Entry $5 Double Up (NYG @ LAR),153449,Showdown Captain Mode,5.0,77,229,1,1000.0,2026-09-22 00:15:00+00:00,Mon 8:15PM
195786121,NFL Showdown Single Entry $5 Double Up (NYG @ LAR),153449,Showdown Captain Mode,5.0,73,229,1,1000.0,2026-09-22 00:15:00+00:00,Mon 8:15PM
195905125,NFL $900K Luxury Box [$200K to 1st],153769,Classic,3180.0,4,300,9,900000.0,2026-09-27 17:00:00+00:00,Sun 1:00PM
195905121,NFL $750K Play-Action [20 Entry Max],153769,Classic,3.0,4309,297265,20,750000.0,2026-09-27 17:00:00+00:00,Sun 1:00PM
195905126,"NFL $500K Power Sweep [$100K to 1st, 5 Entry Max]",153769,Classic,150.0,86,3703,5,500000.0,2026-09-27 17:00:00+00:00,Sun 1:00PM
195786127,NFL $30K Flea Flicker [$10K to 1st] (Mon-Thu),153468,Classic,5.0,3558,7134,150,30000.0,2026-09-22 00:15:00+00:00,Mon 8:15PM
195786138,NFL $7.5K Pylon [Single Entry] (Mon-Thu),153468,Classic,3.0,903,2972,1,7500.0,2026-09-22 00:15:00+00:00,Mon 8:15PM
195908553,NFL $20K Thunderdome [Must Fill] (Mon-Thu),153468,Classic,5300.0,0,4,1,20000.0,2026-09-22 00:15:00+00:00,Mon 8:15PM
195801281,NFL In-Game $15K 2nd Half Clash [$5K to 1st] (2H NYG @ LAR),153454,In-Game Showdown (H2),20.0,25,882,26,15000.0,2026-09-22 01:15:00+00:00,Mon 9:15PM
195801711,NFL In-Game $20K Thunderdome [Must Fill] (2H NYG @ LAR),153454,In-Game Showdown (H2),5300.0,0,4,1,20000.0,2026-09-22 01:15:00+00:00,Mon 9:15PM
195801714,"NFL In-Game $10,170 2026 FFWC Qualifier Satellite [Must Fill] (2H NYG @ LAR)",153454,In-Game Showdown (H2),3592.0,0,3,1,10170.0,2026-09-22 01:15:00+00:00,Mon 9:15PM
195783829,NFL Single Stat $20K Thunderdome [Must Fill] (NYG @ LAR Total Yards),153467,Single Stat - Total Yards,5300.0,0,4,1,20000.0,2026-09-22 00:15:00+00:00,Mon 8:15PM
195784072,NFL Single Stat $3K Winner Take All [20 Entry Max] (NYG @ LAR Total Yards),153467,Single Stat - Total Yards,5.0,249,713,20,3000.0,2026-09-22 00:15:00+00:00,Mon 8:15PM
195783934,NFL Single Stat $1K Winner Take All [Single Entry] (NYG @ LAR Total Yards),153467,Single Stat - Total Yards,5.0,46,237,1,1000.0,2026-09-22 00:15:00+00:00,Mon 8:15PM
195786095,NFL Showdown Single Entry $25 Double Up (NYG @ LAR),153449,Showdown Captain Mode,25.0,128,459,1,10000.0,2026-09-22 00:15:00+00:00,Mon 8:15PM
195786097,NFL Showdown Single Entry $25 Double Up (NYG @ LAR),153449,Showdown Captain Mode,25.0,72,275,1,6000.0,2026-09-22 00:15:00+00:00,Mon 8:15PM
195786058,NFL Showdown Single Entry $25 Double Up (NYG @ LAR),153449,Showdown Captain Mode,25.0,23,45,1,1000.0,2026-09-22 00:15:00+00:00,Mon 8:15PM
195786114,NFL Showdown Single Entry $25 Double Up (NYG @ LAR),153449,Showdown Captain Mode,25.0,17,45,1,1000.0,2026-09-22 00:15:00+00:00,Mon 8:15PM
195786115,NFL Showdown Single Entry $25 Double Up (NYG @ LAR),153449,Showdown Captain Mode,25.0,16,45,1,1000.0,2026-09-22 00:15:00+00:00,Mon 8:15PM
195786116,NFL Showdown Single Entry $25 Double Up (NYG @ LAR),153449,Showdown Captain Mode,25.0,16,45,1,1000.0,2026-09-22 00:15:00+00:00,Mon 8:15PM
195786117,NFL Showdown Single Entry $25 Double Up (NYG @ LAR),153449,Showdown Captain Mode,25.0,18,45,1,1000.0,2026-09-22 00:15:00+00:00,Mon 8:15PM
195786054,NFL Showdown $250 Double Up (NYG @ LAR),153449,Showdown Captain Mode,250.0,20,71,2,16000.0,2026-09-22 00:15:00+00:00,Mon 8:15PM
195786063,NFL Showdown $80K Thunderdome [$40K to 1st] (NYG @ LAR),153449,Showdown Captain Mode,5300.0,10,16,1,80000.0,2026-09-22 00:15:00+00:00,Mon 8:15PM
195777395,NFL Showdown $20K Thunderdome [Must Fill] (NYG @ LAR),153449,Showdown Captain Mode,5300.0,0,4,1,20000.0,2026-09-22 00:15:00+00:00,Mon 8:15PM
195795716,$14M 2026 Fantasy Football World Championship Qualifier #34 (NYG @ LAR),153449,Showdown Captain Mode,490.0,86,200,6,83300.0,2026-09-22 00:15:00+00:00,Mon 8:15PM
195795618,$3M NFL King of the Desert Qualifier #24 (NYG @ LAR),153449,Showdown Captain Mode,400.0,27,67,2,22800.0,2026-09-22 00:15:00+00:00,Mon 8:15PM
195795717,$14M 2026 Fantasy Football World Championship Qualifier #35 (NYG @ LAR),153449,Showdown Captain Mode,5085.0,12,16,1,70000.0,2026-09-22 00:15:00+00:00,Mon 8:15PM
195786083,"NFL Showdown $100K Spy [$20K to 1st, Single Entry] (NYG @ LAR)",153449,Showdown Captain Mode,100.0,342,1111,1,100000.0,2026-09-22 00:15:00+00:00,Mon 8:15PM
195786084,NFL Showdown $35K Spy [Single Entry] (NYG @ LAR),153449,Showdown Captain Mode,100.0,116,388,1,35000.0,2026-09-22 00:15:00+00:00,Mon 8:15PM
195786081,"NFL Showdown $40K Double Spy [$10K to 1st, Single Entry] (NYG @ LAR)",153449,Showdown Captain Mode,200.0,44,222,1,40000.0,2026-09-22 00:15:00+00:00,Mon 8:15PM
195786082,NFL Showdown $10K Double Spy [Single Entry] (NYG @ LAR),153449,Showdown Captain Mode,200.0,11,55,1,10000.0,2026-09-22 00:15:00+00:00,Mon 8:15PM
195786111,NFL Showdown $100K Chain-Mover [$20K to 1st] (NYG @ LAR),153449,Showdown Captain Mode,10.0,3416,11764,150,100000.0,2026-09-22 00:15:00+00:00,Mon 8:15PM
195786072,NFL Showdown $70K First Down [20 Entry Max] (NYG @ LAR),153449,Showdown Captain Mode,1.0,23732,83234,20,70000.0,2026-09-22 00:15:00+00:00,Mon 8:15PM
195786086,"NFL Showdown $35K Bubble Screen [$10K to 1st, Single Entry] (NYG @ LAR)",153449,Showdown Captain Mode,15.0,898,2745,1,35000.0,2026-09-22 00:15:00+00:00,Mon 8:15PM
195786088,"NFL Showdown $20K Bubble Screen [Single Entry, $5K to 1st] (NYG @ LAR)",153449,Showdown Captain Mode,15.0,571,1568,1,20000.0,2026-09-22 00:15:00+00:00,Mon 8:15PM
195786047,NFL Showdown $100K mini-MAX [150 Entry Max] (NYG @ LAR),153449,Showdown Captain Mode,0.5,89183,237812,150,100000.0,2026-09-22 00:15:00+00:00,Mon 8:15PM
195786052,NFL Showdown $30K Red Zone [Single Entry] (NYG @ LAR),153449,Showdown Captain Mode,50.0,158,681,1,30000.0,2026-09-22 00:15:00+00:00,Mon 8:15PM
195786085,NFL Showdown $20K Red Zone [Single Entry] (NYG @ LAR),153449,Showdown Captain Mode,50.0,91,454,1,20000.0,2026-09-22 00:15:00+00:00,Mon 8:15PM
195786077,NFL Showdown $20K Hard Count [5 Entry Max] (NYG @ LAR),153449,Showdown Captain Mode,20.0,368,1176,5,20000.0,2026-09-22 00:15:00+00:00,Mon 8:15PM
195777396,NFL Showdown $100K Heavy Hitter [Must Fill] (NYG @ LAR),153449,Showdown Captain Mode,26200.0,1,4,1,100000.0,2026-09-22 00:15:00+00:00,Mon 8:15PM
195777397,NFL Showdown $75K Heavy Hitter [Must Fill] (NYG @ LAR),153449,Showdown Captain Mode,26200.0,1,3,1,75000.0,2026-09-22 00:15:00+00:00,Mon 8:15PM
195786051,NFL Showdown $25K Checkdown Pass [Single Entry] (NYG @ LAR),153449,Showdown Captain Mode,777.0,11,35,1,25000.0,2026-09-22 00:15:00+00:00,Mon 8:15PM
195779205,"NFL Showdown SUPERSatellite to $4,444 NFL Fantasy Football MEGA Millionaire [3x] (NYG @ LAR)",153449,Showdown Captain Mode,147.0,32,100,3,13332.0,2026-09-22 00:15:00+00:00,Mon 8:15PM
195779200,"NFL Showdown Satellite to NFL $4,444 Fantasy Football MEGA Millionaire (NYG @ LAR)",153449,Showdown Captain Mode,176.0,9,28,1,4444.0,2026-09-22 00:15:00+00:00,Mon 8:15PM
195779201,"NFL Showdown Satellite to NFL $4,444 Fantasy Football MEGA Millionaire (NYG @ LAR)",153449,Showdown Captain Mode,176.0,7,28,1,4444.0,2026-09-22 00:15:00+00:00,Mon 8:15PM
195779197,"NFL Showdown Satellite to NFL $4,444 Fantasy Football MEGA Millionaire (NYG @ LAR)",153449,Showdown Captain Mode,448.0,4,11,1,4444.0,2026-09-22 00:15:00+00:00,Mon 8:15PM
195779199,"NFL Showdown Satellite to NFL $4,444 Fantasy Football MEGA Millionaire (NYG @ LAR)",153449,Showdown Captain Mode,448.0,3,11,1,4444.0,2026-09-22 00:15:00+00:00,Mon 8:15PM
195779198,"NFL Showdown Satellite to NFL $4,444 Fantasy Football MEGA Millionaire (NYG @ LAR)",153449,Showdown Captain Mode,448.0,3,11,1,4444.0,2026-09-22 00:15:00+00:00,Mon 8:15PM
195779359,"NFL Showdown Satellite to NFL 10-12 $4,444 Showdown MEGA Millionaire (NYG @ LAR)",153449,Showdown Captain Mode,70.0,16,72,2,4444.0,2026-09-22 00:15:00+00:00,Mon 8:15PM
195786089,NFL Showdown $15K Pylon [Single Entry] (NYG @ LAR),153449,Showdown Captain Mode,3.0,1477,5945,1,15000.0,2026-09-22 00:15:00+00:00,Mon 8:15PM
195786078,NFL Showdown $15K Cover Four [5 Entry Max] (NYG @ LAR),153449,Showdown Captain Mode,4.0,1441,4458,5,15000.0,2026-09-22 00:15:00+00:00,Mon 8:15PM
195777398,NFL Showdown $60K Nosebleed Section [Must Fill] (NYG @ LAR),153449,Showdown Captain Mode,10600.0,0,6,1,60000.0,2026-09-22 00:15:00+00:00,Mon 8:15PM
195786076,NFL Showdown $15K Goal Line [5 Entry Max] (NYG @ LAR),153449,Showdown Captain Mode,75.0,49,227,5,15000.0,2026-09-22 00:15:00+00:00,Mon 8:15PM
195786071,NFL Showdown $12K Safety [20 Entry Max] (NYG @ LAR),153449,Showdown Captain Mode,2.0,2893,7134,20,12000.0,2026-09-22 00:15:00+00:00,Mon 8:15PM
195786108,"NFL Showdown $10K Super Booster [Top 10 Win $1,000] (NYG @ LAR)",153449,Showdown Captain Mode,27.0,188,431,12,10000.0,2026-09-22 00:15:00+00:00,Mon 8:15PM
195786109,NFL Showdown $4K Super Booster [Top 40 Win $100] (NYG @ LAR),153449,Showdown Captain Mode,4.0,587,1189,20,4000.0,2026-09-22 00:15:00+00:00,Mon 8:15PM
195786110,NFL Showdown $2K Super Booster [Top 100 Win $20] (NYG @ LAR),153449,Showdown Captain Mode,2.0,595,1189,20,2000.0,2026-09-22 00:15:00+00:00,Mon 8:15PM
195786053,NFL Showdown $10K Dimeback [Single Entry] (NYG @ LAR),153449,Showdown Captain Mode,6.0,590,1960,1,10000.0,2026-09-22 00:15:00+00:00,Mon 8:15PM
195786073,NFL Showdown $10K Quarter Jukebox [Just $0.25!] (NYG @ LAR),153449,Showdown Captain Mode,0.25,17952,47562,20,10000.0,2026-09-22 00:15:00+00:00,Mon 8:15PM
195786090,NFL Showdown $7.5K Daily Dollar [Single Entry] (NYG @ LAR),153449,Showdown Captain Mode,1.0,2550,8917,1,7500.0,2026-09-22 00:15:00+00:00,Mon 8:15PM
195786080,NFL Showdown $7.5K Singleback [5 Entry Max] (NYG @ LAR),153449,Showdown Captain Mode,1.0,2665,8917,5,7500.0,2026-09-22 00:15:00+00:00,Mon 8:15PM
195786074,NFL Showdown $5K Dime Package [Just $0.10!]  (NYG @ LAR),153449,Showdown Captain Mode,0.1,21210,59453,20,5000.0,2026-09-22 00:15:00+00:00,Mon 8:15PM
195786091,NFL Showdown Single Entry $100 Double Up (NYG @ LAR),153449,Showdown Captain Mode,100.0,33,88,1,8000.0,2026-09-22 00:15:00+00:00,Mon 8:15PM
195786092,NFL Showdown Single Entry $100 Double Up (NYG @ LAR),153449,Showdown Captain Mode,100.0,17,44,1,4000.0,2026-09-22 00:15:00+00:00,Mon 8:15PM
195786098,NFL Showdown Single Entry $10 Double Up (NYG @ LAR),153449,Showdown Captain Mode,10.0,214,574,1,5000.0,2026-09-22 00:15:00+00:00,Mon 8:15PM
195786099,NFL Showdown Single Entry $10 Double Up (NYG @ LAR),153449,Showdown Captain Mode,10.0,129,344,1,3000.0,2026-09-22 00:15:00+00:00,Mon 8:15PM
195786093,NFL Showdown Single Entry $50 Double Up (NYG @ LAR),153449,Showdown Captain Mode,50.0,48,113,1,5000.0,2026-09-22 00:15:00+00:00,Mon 8:15PM
195786094,NFL Showdown Single Entry $50 Double Up (NYG @ LAR),153449,Showdown Captain Mode,50.0,22,68,1,3000.0,2026-09-22 00:15:00+00:00,Mon 8:15PM
195801810,NFL In-Game $20K Thunderdome [Must Fill] (4Q NYG @ LAR),153455,In-Game Showdown (Q4),5300.0,0,4,1,20000.0,2026-09-22 01:45:00+00:00,Mon 9:45PM
195801813,"NFL In-Game $10,170 2026 FFWC Qualifier Satellite [Must Fill] (4Q NYG @ LAR)",153455,In-Game Showdown (Q4),3592.0,0,3,1,10170.0,2026-09-22 01:45:00+00:00,Mon 9:45PM
195801289,NFL In-Game $3K 4th Quarter Finish [$1K to 1st] (4Q NYG @ LAR),153455,In-Game Showdown (Q4),15.0,11,235,7,3000.0,2026-09-22 01:45:00+00:00,Mon 9:45PM
195801811,"NFL In-Game Satellite to NFL $4,444 Fantasy Football MEGA Millionaire [Must Fill] (4Q NYG @ LAR)",153455,In-Game Showdown (Q4),1570.0,0,3,1,4444.0,2026-09-22 01:45:00+00:00,Mon 9:45PM
195801814,"NFL In-Game Satellite to NFL 10-12 $4,444 Showdown MEGA Millionaire [Must Fill] (4Q NYG @ LAR)",153455,In-Game Showdown (Q4),1570.0,0,3,1,4444.0,2026-09-22 01:45:00+00:00,Mon 9:45PM
195786103,NFL Showdown $2 Double Up (NYG @ LAR),153449,Showdown Captain Mode,2.0,887,2298,20,4000.0,2026-09-22 00:15:00+00:00,Mon 8:15PM
195786106,"NFL Showdown $1,060 50-50 [Top 50% Win] (NYG @ LAR)",153449,Showdown Captain Mode,1060.0,4,12,1,12000.0,2026-09-22 00:15:00+00:00,Mon 8:15PM
195786055,NFL Showdown $100 Double Up (NYG @ LAR),153449,Showdown Captain Mode,100.0,19,68,2,6200.0,2026-09-22 00:15:00+00:00,Mon 8:15PM
195786107,NFL Showdown $530 50-50 [Top 50% Win] (NYG @ LAR),153449,Showdown Captain Mode,530.0,4,16,1,8000.0,2026-09-22 00:15:00+00:00,Mon 8:15PM
195786137,NFL $6K Fair Catch [Single Entry] (Mon-Thu),153468,Classic,12.0,181,588,1,6000.0,2026-09-22 00:15:00+00:00,Mon 8:15PM
195786135,NFL $5K Spy [Single Entry] (Mon-Thu),153468,Classic,100.0,13,55,1,5000.0,2026-09-22 00:15:00+00:00,Mon 8:15PM
195786125,NFL $4.8K Wildcat [Single Entry] (Mon-Thu),153468,Classic,333.0,3,16,1,4800.0,2026-09-22 00:15:00+00:00,Mon 8:15PM
195786128,NFL $2.5K Play-Action [20 Entry Max] (Mon-Thu),153468,Classic,3.0,324,990,20,2500.0,2026-09-22 00:15:00+00:00,Mon 8:15PM
195786129,NFL $5K First Down [20 Entry Max] (Mon-Thu),153468,Classic,1.0,2522,5945,20,5000.0,2026-09-22 00:15:00+00:00,Mon 8:15PM
195779360,"NFL Showdown Satellite to NFL 10-12 $4,444 Showdown MEGA Millionaire (NYG @ LAR)",153449,Showdown Captain Mode,176.0,8,28,1,4444.0,2026-09-22 00:15:00+00:00,Mon 8:15PM
195779361,"NFL Showdown Satellite to NFL 10-12 $4,444 Showdown MEGA Millionaire (NYG @ LAR)",153449,Showdown Captain Mode,176.0,8,28,1,4444.0,2026-09-22 00:15:00+00:00,Mon 8:15PM
195779203,"NFL Showdown Satellite to NFL $4,444 Fantasy Football MEGA Millionaire (NYG @ LAR)",153449,Showdown Captain Mode,37.0,35,140,4,4444.0,2026-09-22 00:15:00+00:00,Mon 8:15PM
195779358,"NFL Showdown Satellite to NFL 10-12 $4,444 Showdown MEGA Millionaire (NYG @ LAR)",153449,Showdown Captain Mode,37.0,30,140,4,4444.0,2026-09-22 00:15:00+00:00,Mon 8:15PM
195777401,"NFL Showdown $10,170 2026 FFWC Qualifier Satellite [Must Fill] (NYG @ LAR)",153449,Showdown Captain Mode,3592.0,1,3,1,10170.0,2026-09-22 00:15:00+00:00,Mon 8:15PM
195786100,NFL Showdown $5 Double Up (NYG @ LAR),153449,Showdown Captain Mode,5.0,576,1379,41,6000.0,2026-09-22 00:15:00+00:00,Mon 8:15PM
195786056,NFL Showdown $50 Double Up (NYG @ LAR),153449,Showdown Captain Mode,50.0,22,68,2,3000.0,2026-09-22 00:15:00+00:00,Mon 8:15PM
195786057,NFL Showdown $25 Double Up (NYG @ LAR),153449,Showdown Captain Mode,25.0,43,137,4,3000.0,2026-09-22 00:15:00+00:00,Mon 8:15PM
195786126,NFL $4K Bootleg [$1K to 1st] (Mon-Thu),153468,Classic,33.0,49,141,4,4000.0,2026-09-22 00:15:00+00:00,Mon 8:15PM
195908556,"NFL $10,170 2026 FFWC Qualifier Satellite [Must Fill] (Mon-Thu)",153468,Classic,3592.0,0,3,1,10170.0,2026-09-22 00:15:00+00:00,Mon 8:15PM
195786142,NFL Single Entry $5 Double Up (Mon-Thu),153468,Classic,5.0,48,172,1,750.0,2026-09-22 00:15:00+00:00,Mon 8:15PM
195786122,NFL Single Entry $25 Double Up (Mon-Thu),153468,Classic,25.0,12,45,1,1000.0,2026-09-22 00:15:00+00:00,Mon 8:15PM
195786141,NFL $5 Double Up (Mon-Thu),153468,Classic,5.0,15,68,2,300.0,2026-09-22 00:15:00+00:00,Mon 8:15PM
195783832,"NFL Single Stat $10,170 2026 FFWC Qualifier Satellite [Must Fill] (NYG @ LAR Total Yards)",153467,Single Stat - Total Yards,3592.0,0,3,1,10170.0,2026-09-22 00:15:00+00:00,Mon 8:15PM
195783933,NFL Single Stat $1K Winner Take All [3 Entry Max] (NYG @ LAR Total Yards),153467,Single Stat - Total Yards,1.0,982,1189,3,1000.0,2026-09-22 00:15:00+00:00,Mon 8:15PM
195783830,"NFL Single Stat Satellite to NFL $4,444 Fantasy Football MEGA Millionaire [Must Fill] (NYG @ LAR Tot",153467,Single Stat - Total Yards,1570.0,0,3,1,4444.0,2026-09-22 00:15:00+00:00,Mon 8:15PM
195783833,"NFL Single Stat Satellite to NFL 10-12 $4,444 Showdown MEGA Millionaire [Must Fill] (NYG @ LAR Total",153467,Single Stat - Total Yards,1570.0,0,3,1,4444.0,2026-09-22 00:15:00+00:00,Mon 8:15PM
195783828,"NFL Single Stat $1,060 Winner Take All [$4K to 1st] (Must Fill) (NYG @ LAR Total Yards)",153467,Single Stat - Total Yards,1060.0,0,4,1,4000.0,2026-09-22 00:15:00+00:00,Mon 8:15PM
195786113,NFL Showdown Single Entry $250 Double Up (NYG @ LAR),153449,Showdown Captain Mode,250.0,3,11,1,2500.0,2026-09-22 00:15:00+00:00,Mon 8:15PM
195786061,NFL Showdown Single Entry $250 Double Up (NYG @ LAR),153449,Showdown Captain Mode,250.0,3,11,1,2500.0,2026-09-22 00:15:00+00:00,Mon 8:15PM
195779230,NFL Showdown SUPERSatellite to NFL $555 Fantasy Football Millionaire [10x] (NYG @ LAR),153449,Showdown Captain Mode,63.0,30,100,3,5550.0,2026-09-22 00:15:00+00:00,Mon 8:15PM
195779353,"NFL Showdown $5,085 2026 FFWC Qualifier Satellite (NYG @ LAR)",153449,Showdown Captain Mode,84.0,19,68,2,5085.0,2026-09-22 00:15:00+00:00,Mon 8:15PM
195779354,"NFL Showdown $5,085 2026 FFWC Qualifier Satellite (NYG @ LAR)",153449,Showdown Captain Mode,513.0,10,11,1,5085.0,2026-09-22 00:15:00+00:00,Mon 8:15PM
195779357,"NFL Showdown Satellite to NFL 10-12 $4,444 Showdown MEGA Millionaire (NYG @ LAR)",153449,Showdown Captain Mode,13.0,124,402,12,4444.0,2026-09-22 00:15:00+00:00,Mon 8:15PM
195779227,NFL Showdown SUPERSatellite to NFL $555 Fantasy Football Millionaire [2x] (NYG @ LAR),153449,Showdown Captain Mode,19.0,26,68,2,1110.0,2026-09-22 00:15:00+00:00,Mon 8:15PM
195779226,NFL Showdown SUPERSatellite to NFL $555 Fantasy Football Millionaire [2x] (NYG @ LAR),153449,Showdown Captain Mode,19.0,17,68,2,1110.0,2026-09-22 00:15:00+00:00,Mon 8:15PM
195779202,"NFL Showdown Satellite to NFL $4,444 Fantasy Football MEGA Millionaire (NYG @ LAR)",153449,Showdown Captain Mode,75.0,20,67,2,4444.0,2026-09-22 00:15:00+00:00,Mon 8:15PM
195779204,"NFL Showdown Satellite to NFL $4,444 Fantasy Football MEGA Millionaire (NYG @ LAR)",153449,Showdown Captain Mode,13.0,135,402,12,4444.0,2026-09-22 00:15:00+00:00,Mon 8:15PM
195779363,"NFL Showdown Satellite to NFL 10-12 $4,444 Showdown MEGA Millionaire (NYG @ LAR)",153449,Showdown Captain Mode,448.0,4,11,1,4444.0,2026-09-22 00:15:00+00:00,Mon 8:15PM
195779362,"NFL Showdown Satellite to NFL 10-12 $4,444 Showdown MEGA Millionaire (NYG @ LAR)",153449,Showdown Captain Mode,448.0,3,11,1,4444.0,2026-09-22 00:15:00+00:00,Mon 8:15PM
195779229,NFL Showdown SUPERSatellite to NFL $555 Fantasy Football Millionaire [2x] (NYG @ LAR),153449,Showdown Captain Mode,137.0,3,9,1,1110.0,2026-09-22 00:15:00+00:00,Mon 8:15PM
195779228,NFL Showdown SUPERSatellite to NFL $555 Fantasy Football Millionaire [2x] (NYG @ LAR),153449,Showdown Captain Mode,137.0,2,9,1,1110.0,2026-09-22 00:15:00+00:00,Mon 8:15PM
195779370,NFL Showdown SUPERSatellite to NFL 11-1 Midseason Main Event [2x] (NYG @ LAR),153449,Showdown Captain Mode,50.0,15,68,2,3000.0,2026-09-22 00:15:00+00:00,Mon 8:15PM
195912952,NFL Showdown Satellite to NFL 11-1 Midseason Main Event (NYG @ LAR),153449,Showdown Captain Mode,17.0,25,103,3,1500.0,2026-09-22 00:15:00+00:00,Mon 8:15PM
195779371,NFL Showdown Satellite to NFL 11-1 Midseason Main Event (NYG @ LAR),153449,Showdown Captain Mode,17.0,32,103,3,1500.0,2026-09-22 00:15:00+00:00,Mon 8:15PM
195779351,"NFL Showdown $1,350 2026 FFWC Qualifier Satellite (NYG @ LAR)",153449,Showdown Captain Mode,23.0,19,69,2,1350.0,2026-09-22 00:15:00+00:00,Mon 8:15PM
195792926,$500K NFL Pocket Cup Qualifier #111 (NYG @ LAR),153449,Showdown Captain Mode,3.0,368,673,20,1700.0,2026-09-22 00:15:00+00:00,Mon 8:15PM
195779372,NFL Showdown Satellite to NFL 11-1 Midseason Main Event (NYG @ LAR),153449,Showdown Captain Mode,5.0,137,356,10,1500.0,2026-09-22 00:15:00+00:00,Mon 8:15PM
195912935,NFL Showdown Satellite to NFL 11-1 Midseason Main Event (NYG @ LAR),153449,Showdown Captain Mode,26.0,18,67,2,1500.0,2026-09-22 00:15:00+00:00,Mon 8:15PM
195779368,NFL Showdown Satellite to NFL 11-1 Midseason Main Event (NYG @ LAR),153449,Showdown Captain Mode,26.0,25,67,2,1500.0,2026-09-22 00:15:00+00:00,Mon 8:15PM
195779369,NFL Showdown Satellite to NFL 11-1 Midseason Main Event (NYG @ LAR),153449,Showdown Captain Mode,151.0,7,11,1,1500.0,2026-09-22 00:15:00+00:00,Mon 8:15PM
195779352,"NFL Showdown $1,350 2026 FFWC Qualifier Satellite (NYG @ LAR)",153449,Showdown Captain Mode,136.0,8,11,1,1350.0,2026-09-22 00:15:00+00:00,Mon 8:15PM
195801279,NFL In-Game $1.8K Deep Threat [Single Entry] (2H NYG @ LAR),153454,In-Game Showdown (H2),180.0,0,11,1,1800.0,2026-09-22 01:15:00+00:00,Mon 9:15PM
195801286,NFL In-Game $1K Huddle [Single Entry] (2H NYG @ LAR),153454,In-Game Showdown (H2),5.0,16,237,1,1000.0,2026-09-22 01:15:00+00:00,Mon 9:15PM
195801282,NFL In-Game $500 Play-Action (2H NYG @ LAR),153454,In-Game Showdown (H2),3.0,5,198,5,500.0,2026-09-22 01:15:00+00:00,Mon 9:15PM
195801280,NFL In-Game $600 Bootleg [Single Entry] (2H NYG @ LAR),153454,In-Game Showdown (H2),33.0,0,21,1,600.0,2026-09-22 01:15:00+00:00,Mon 9:15PM
195801412,NFL In-Game $267 Winner Take All [$1K to 1st] (2H NYG @ LAR),153454,In-Game Showdown (H2),267.0,0,4,1,1000.0,2026-09-22 01:15:00+00:00,Mon 9:15PM
195779211,NFL Showdown Satellite to NFL $555 Fantasy Football Millionaire (NYG @ LAR),153449,Showdown Captain Mode,22.0,9,29,1,555.0,2026-09-22 00:15:00+00:00,Mon 8:15PM
195779214,NFL Showdown Satellite to NFL $555 Fantasy Football Millionaire (NYG @ LAR),153449,Showdown Captain Mode,22.0,8,29,1,555.0,2026-09-22 00:15:00+00:00,Mon 8:15PM
195779212,NFL Showdown Satellite to NFL $555 Fantasy Football Millionaire (NYG @ LAR),153449,Showdown Captain Mode,22.0,12,29,1,555.0,2026-09-22 00:15:00+00:00,Mon 8:15PM
195779213,NFL Showdown Satellite to NFL $555 Fantasy Football Millionaire (NYG @ LAR),153449,Showdown Captain Mode,22.0,9,29,1,555.0,2026-09-22 00:15:00+00:00,Mon 8:15PM
195779215,NFL Showdown Satellite to NFL $555 Fantasy Football Millionaire (NYG @ LAR),153449,Showdown Captain Mode,22.0,7,29,1,555.0,2026-09-22 00:15:00+00:00,Mon 8:15PM
195786060,NFL Showdown Single Entry $2 Double Up (NYG @ LAR),153449,Showdown Captain Mode,2.0,281,574,1,1000.0,2026-09-22 00:15:00+00:00,Mon 8:15PM
195786059,NFL Showdown $10 Double Up (NYG @ LAR),153449,Showdown Captain Mode,10.0,53,114,3,1000.0,2026-09-22 00:15:00+00:00,Mon 8:15PM
195905123,NFL $125K First Down [20 Entry Max],153769,Classic,1.0,3222,148632,20,125000.0,2026-09-27 17:00:00+00:00,Sun 1:00PM
195779221,NFL Showdown Satellite to NFL $555 Fantasy Football Millionaire (NYG @ LAR),153449,Showdown Captain Mode,6.0,45,108,3,555.0,2026-09-22 00:15:00+00:00,Mon 8:15PM
195779225,NFL Showdown Satellite to NFL $555 Fantasy Football Millionaire (NYG @ LAR),153449,Showdown Captain Mode,6.0,33,108,3,555.0,2026-09-22 00:15:00+00:00,Mon 8:15PM
195779222,NFL Showdown Satellite to NFL $555 Fantasy Football Millionaire (NYG @ LAR),153449,Showdown Captain Mode,6.0,46,108,3,555.0,2026-09-22 00:15:00+00:00,Mon 8:15PM
195779223,NFL Showdown Satellite to NFL $555 Fantasy Football Millionaire (NYG @ LAR),153449,Showdown Captain Mode,6.0,37,108,3,555.0,2026-09-22 00:15:00+00:00,Mon 8:15PM
195779224,NFL Showdown Satellite to NFL $555 Fantasy Football Millionaire (NYG @ LAR),153449,Showdown Captain Mode,6.0,30,108,3,555.0,2026-09-22 00:15:00+00:00,Mon 8:15PM
195779216,NFL Showdown Satellite to NFL $555 Fantasy Football Millionaire (NYG @ LAR),153449,Showdown Captain Mode,9.0,20,72,2,555.0,2026-09-22 00:15:00+00:00,Mon 8:15PM
195779220,NFL Showdown Satellite to NFL $555 Fantasy Football Millionaire (NYG @ LAR),153449,Showdown Captain Mode,9.0,19,72,2,555.0,2026-09-22 00:15:00+00:00,Mon 8:15PM
195779218,NFL Showdown Satellite to NFL $555 Fantasy Football Millionaire (NYG @ LAR),153449,Showdown Captain Mode,9.0,17,72,2,555.0,2026-09-22 00:15:00+00:00,Mon 8:15PM
195779217,NFL Showdown Satellite to NFL $555 Fantasy Football Millionaire (NYG @ LAR),153449,Showdown Captain Mode,9.0,21,72,2,555.0,2026-09-22 00:15:00+00:00,Mon 8:15PM
195779219,NFL Showdown Satellite to NFL $555 Fantasy Football Millionaire (NYG @ LAR),153449,Showdown Captain Mode,9.0,18,72,2,555.0,2026-09-22 00:15:00+00:00,Mon 8:15PM
195786140,NFL $10 Double Up [Single Entry] (Mon-Thu),153468,Classic,10.0,32,85,1,740.0,2026-09-22 00:15:00+00:00,Mon 8:15PM
195786123,NFL Single Entry $50 Double Up (Mon-Thu),153468,Classic,50.0,7,22,1,1000.0,2026-09-22 00:15:00+00:00,Mon 8:15PM
195786133,NFL $2K Nickel [3 Entry Max] (Mon-Thu),153468,Classic,5.0,157,475,3,2000.0,2026-09-22 00:15:00+00:00,Mon 8:15PM
195786136,NFL $2K Red Zone [Single Entry] (Mon-Thu),153468,Classic,50.0,15,45,1,2000.0,2026-09-22 00:15:00+00:00,Mon 8:15PM
195786130,NFL $2.5K mini-MAX [150 Entry Max] (Mon-Thu),153468,Classic,0.5,2514,5945,150,2500.0,2026-09-22 00:15:00+00:00,Mon 8:15PM
195779350,NFL Showdown $490 2026 FFWC Qualifier Satellite (NYG @ LAR),153449,Showdown Captain Mode,38.0,7,15,1,490.0,2026-09-22 00:15:00+00:00,Mon 8:15PM
195779349,NFL Showdown $490 2026 FFWC Qualifier Satellite (NYG @ LAR),153449,Showdown Captain Mode,18.0,8,32,1,490.0,2026-09-22 00:15:00+00:00,Mon 8:15PM
195779348,NFL Showdown $490 2026 FFWC Qualifier Satellite (NYG @ LAR),153449,Showdown Captain Mode,8.0,28,72,2,490.0,2026-09-22 00:15:00+00:00,Mon 8:15PM
195777399,"NFL Showdown Satellite to NFL $4,444 Fantasy Football MEGA Millionaire [Must Fill] (NYG @ LAR)",153449,Showdown Captain Mode,1570.0,1,3,1,4444.0,2026-09-22 00:15:00+00:00,Mon 8:15PM
195779207,NFL Showdown Satellite to NFL $555 Fantasy Football Millionaire (NYG @ LAR),153449,Showdown Captain Mode,90.0,2,7,1,555.0,2026-09-22 00:15:00+00:00,Mon 8:15PM
195779208,NFL Showdown Satellite to NFL $555 Fantasy Football Millionaire (NYG @ LAR),153449,Showdown Captain Mode,90.0,2,7,1,555.0,2026-09-22 00:15:00+00:00,Mon 8:15PM
195779209,NFL Showdown Satellite to NFL $555 Fantasy Football Millionaire (NYG @ LAR),153449,Showdown Captain Mode,90.0,2,7,1,555.0,2026-09-22 00:15:00+00:00,Mon 8:15PM
195779210,NFL Showdown Satellite to NFL $555 Fantasy Football Millionaire (NYG @ LAR),153449,Showdown Captain Mode,90.0,2,7,1,555.0,2026-09-22 00:15:00+00:00,Mon 8:15PM
195779206,NFL Showdown Satellite to NFL $555 Fantasy Football Millionaire (NYG @ LAR),153449,Showdown Captain Mode,90.0,3,7,1,555.0,2026-09-22 00:15:00+00:00,Mon 8:15PM
195777405,NFL Showdown Satellite to NFL Midseason Main Event (11-1) [Must Fill] (NYG @ LAR),153449,Showdown Captain Mode,530.0,1,3,1,1500.0,2026-09-22 00:15:00+00:00,Mon 8:15PM
195777402,"NFL Showdown Satellite to NFL 10-12 $4,444 Showdown MEGA Millionaire [Must Fill] (NYG @ LAR)",153449,Showdown Captain Mode,1570.0,0,3,1,4444.0,2026-09-22 00:15:00+00:00,Mon 8:15PM
195777400,NFL Showdown Satellite to NFL $555 Fantasy Football Millionaire [Must Fill] (NYG @ LAR),153449,Showdown Captain Mode,201.0,1,3,1,555.0,2026-09-22 00:15:00+00:00,Mon 8:15PM
195786139,NFL $1K Daily Dollar [Single Entry] (Mon-Thu),153468,Classic,1.0,638,1189,1,1000.0,2026-09-22 00:15:00+00:00,Mon 8:15PM
195786131,NFL $1K Quarter Jukebox [Just $0.25!] (Mon-Thu),153468,Classic,0.25,2401,4756,20,1000.0,2026-09-22 00:15:00+00:00,Mon 8:15PM
195786134,NFL $500 Singleback [3 Entry Max] (Mon-Thu),153468,Classic,1.0,231,594,3,500.0,2026-09-22 00:15:00+00:00,Mon 8:15PM
195786132,NFL $500 Dime Package [Just $0.10!] (Mon-Thu),153468,Classic,0.1,2455,5945,20,500.0,2026-09-22 00:15:00+00:00,Mon 8:15PM
195908552,"NFL $1,060 Winner Take All [$4K to 1st] (Must Fill) (Mon-Thu)",153468,Classic,1060.0,1,4,1,4000.0,2026-09-22 00:15:00+00:00,Mon 8:15PM
195801283,NFL In-Game $500 First Down (2H NYG @ LAR),153454,In-Game Showdown (H2),1.0,53,594,17,500.0,2026-09-22 01:15:00+00:00,Mon 9:15PM
195801712,"NFL In-Game Satellite to NFL $4,444 Fantasy Football MEGA Millionaire [Must Fill] (2H NYG @ LAR)",153454,In-Game Showdown (H2),1570.0,0,3,1,4444.0,2026-09-22 01:15:00+00:00,Mon 9:15PM
195801715,"NFL In-Game Satellite to NFL 10-12 $4,444 Showdown MEGA Millionaire [Must Fill] (2H NYG @ LAR)",153454,In-Game Showdown (H2),1570.0,0,3,1,4444.0,2026-09-22 01:15:00+00:00,Mon 9:15PM
195801710,"NFL In-Game $1,060 Winner Take All [$4K to 1st] (Must Fill) (2H NYG @ LAR)",153454,In-Game Showdown (H2),1060.0,0,4,1,4000.0,2026-09-22 01:15:00+00:00,Mon 9:15PM
195801718,NFL In-Game Satellite to NFL 11-1 Midseason Main Event [Must Fill] (2H NYG @ LAR),153454,In-Game Showdown (H2),530.0,0,3,1,1500.0,2026-09-22 01:15:00+00:00,Mon 9:15PM
195908432,NFL $85 Winner Take All [$300 to 1st] (Mon-Thu),153468,Classic,85.0,2,4,1,300.0,2026-09-22 00:15:00+00:00,Mon 8:15PM
195908554,"NFL Satellite to NFL $4,444 Fantasy Football MEGA Millionaire [Must Fill] (Mon-Thu)",153468,Classic,1570.0,0,3,1,4444.0,2026-09-22 00:15:00+00:00,Mon 8:15PM
195908557,"NFL Satellite to NFL 10-12 $4,444 Showdown MEGA Millionaire [Must Fill] (Mon-Thu)",153468,Classic,1570.0,0,3,1,4444.0,2026-09-22 00:15:00+00:00,Mon 8:15PM
195908560,NFL Satellite to NFL 11-1 Midseason Main Event [Must Fill] (Mon-Thu),153468,Classic,530.0,0,3,1,1500.0,2026-09-22 00:15:00+00:00,Mon 8:15PM
195908555,NFL Satellite to NFL $555 Fantasy Football Millionaire [Must Fill] (Mon-Thu),153468,Classic,201.0,0,3,1,555.0,2026-09-22 00:15:00+00:00,Mon 8:15PM
195801288,NFL In-Game $285 Bootleg [Single Entry] (4Q NYG @ LAR),153455,In-Game Showdown (Q4),33.0,0,10,1,285.0,2026-09-22 01:45:00+00:00,Mon 9:45PM
195801809,"NFL In-Game $1,060 Winner Take All [$4K to 1st] (Must Fill) (4Q NYG @ LAR)",153455,In-Game Showdown (Q4),1060.0,0,4,1,4000.0,2026-09-22 01:45:00+00:00,Mon 9:45PM
195801817,NFL In-Game Satellite to NFL 11-1 Midseason Main Event [Must Fill] (4Q NYG @ LAR),153455,In-Game Showdown (Q4),530.0,0,3,1,1500.0,2026-09-22 01:45:00+00:00,Mon 9:45PM
195801812,NFL In-Game Satellite to NFL $555 Fantasy Football Millionaire [Must Fill] (4Q NYG @ LAR),153455,In-Game Showdown (Q4),201.0,0,3,1,555.0,2026-09-22 01:45:00+00:00,Mon 9:45PM
195801290,NFL In-Game $150 First Down (4Q NYG @ LAR),153455,In-Game Showdown (Q4),1.0,17,178,5,150.0,2026-09-22 01:45:00+00:00,Mon 9:45PM
195783836,NFL Single Stat Satellite to NFL 11-1 Midseason Main Event [Must Fill] (NYG @ LAR Total Yards),153467,Single Stat - Total Yards,530.0,0,3,1,1500.0,2026-09-22 00:15:00+00:00,Mon 8:15PM
195783831,NFL Single Stat Satellite to NFL $555 Fantasy Football Millionaire [Must Fill] (NYG @ LAR Total Yard,153467,Single Stat - Total Yards,201.0,0,3,1,555.0,2026-09-22 00:15:00+00:00,Mon 8:15PM
195783835,NFL Single Stat Satellite to NFL $333 Wildcat [Must Fill] (NYG @ LAR Total Yards),153467,Single Stat - Total Yards,121.0,0,3,1,333.0,2026-09-22 00:15:00+00:00,Mon 8:15PM
195779506,NFL Showdown Satellite to NHL 11-3 $555 Barn Burner [Must Fill] (NYG @ LAR),153449,Showdown Captain Mode,201.0,1,3,1,555.0,2026-09-22 00:15:00+00:00,Mon 8:15PM
195779533,NFL Showdown Satellite to NBA $888 MEGA 8's Special (10-21) [Must Fill] (NYG @ LAR),153449,Showdown Captain Mode,322.0,0,3,1,888.0,2026-09-22 00:15:00+00:00,Mon 8:15PM
195779364,NFL Showdown Satellite to NFL $333 Wildcat (NYG @ LAR),153449,Showdown Captain Mode,5.0,38,79,2,333.0,2026-09-22 00:15:00+00:00,Mon 8:15PM
195779507,NFL Showdown Satellite to NHL 10-13 $360 Spin-O-Rama (NYG @ LAR),153449,Showdown Captain Mode,5.0,24,85,2,360.0,2026-09-22 00:15:00+00:00,Mon 8:15PM
195779365,NFL Showdown Satellite to NFL $333 Wildcat (NYG @ LAR),153449,Showdown Captain Mode,17.0,13,23,1,333.0,2026-09-22 00:15:00+00:00,Mon 8:15PM
195801713,NFL In-Game Satellite to NFL $555 Fantasy Football Millionaire [Must Fill] (2H NYG @ LAR),153454,In-Game Showdown (H2),201.0,0,3,1,555.0,2026-09-22 01:15:00+00:00,Mon 9:15PM
195801411,NFL In-Game $25 Winner Take All [$110 to 1st] (2H NYG @ LAR),153454,In-Game Showdown (H2),25.0,0,5,1,110.0,2026-09-22 01:15:00+00:00,Mon 9:15PM
195801285,NFL In-Game $400 Red Zone [Single Entry] (2H NYG @ LAR),153454,In-Game Showdown (H2),50.0,0,9,1,400.0,2026-09-22 01:15:00+00:00,Mon 9:15PM
195801284,NFL In-Game $100 Quarter Jukebox [Just $0.25!] (2H NYG @ LAR),153454,In-Game Showdown (H2),0.25,57,475,14,100.0,2026-09-22 01:15:00+00:00,Mon 9:15PM
195801287,NFL In-Game $100 Daily Dollar [Single Entry] (2H NYG @ LAR),153454,In-Game Showdown (H2),1.0,5,118,1,100.0,2026-09-22 01:15:00+00:00,Mon 9:15PM
195908559,NFL Satellite to NFL $333 Wildcat [Must Fill] (Mon-Thu),153468,Classic,121.0,0,3,1,333.0,2026-09-22 00:15:00+00:00,Mon 8:15PM
195786124,NFL Single Entry $2 Double Up (Mon-Thu),153468,Classic,2.0,34,114,1,200.0,2026-09-22 00:15:00+00:00,Mon 8:15PM
195915202,NFL Showdown Satellite to NFL 10-25 Midseason Warm Up Millionaire (NYG @ LAR),153449,Showdown Captain Mode,16.0,0,11,1,150.0,2026-09-22 00:15:00+00:00,Mon 8:15PM
195912959,NFL Showdown Satellite to NFL 10-25 Midseason Warm Up Millionaire (NYG @ LAR),153449,Showdown Captain Mode,16.0,2,11,1,150.0,2026-09-22 00:15:00+00:00,Mon 8:15PM
195912958,NFL Showdown Satellite to NFL 10-25 Midseason Warm Up Millionaire (NYG @ LAR),153449,Showdown Captain Mode,16.0,1,11,1,150.0,2026-09-22 00:15:00+00:00,Mon 8:15PM
195779356,NFL Showdown $125 2026 FFWC Qualifier Satellite (NYG @ LAR),153449,Showdown Captain Mode,7.0,9,21,1,125.0,2026-09-22 00:15:00+00:00,Mon 8:15PM
195779344,NFL Showdown $50 2026 FFWC Qualifier SUPERSatellite [2x] (NYG @ LAR),153449,Showdown Captain Mode,9.0,3,13,1,100.0,2026-09-22 00:15:00+00:00,Mon 8:15PM
195779366,NFL Showdown Satellite to NFL $333 Wildcat (NYG @ LAR),153449,Showdown Captain Mode,35.0,5,11,1,333.0,2026-09-22 00:15:00+00:00,Mon 8:15PM
195779367,NFL Showdown Satellite to NFL $333 Wildcat (NYG @ LAR),153449,Showdown Captain Mode,75.0,1,5,1,333.0,2026-09-22 00:15:00+00:00,Mon 8:15PM
195779510,NFL Showdown Satellite to MLB 9-29 $333 Postseason Perfect Game (NYG @ LAR),153449,Showdown Captain Mode,35.0,2,11,1,333.0,2026-09-22 00:15:00+00:00,Mon 8:15PM
195779347,NFL Showdown $125 2026 FFWC Qualifier Satellite (NYG @ LAR),153449,Showdown Captain Mode,29.0,3,5,1,125.0,2026-09-22 00:15:00+00:00,Mon 8:15PM
195779346,NFL Showdown $125 2026 FFWC Qualifier Satellite (NYG @ LAR),153449,Showdown Captain Mode,1.0,54,148,4,125.0,2026-09-22 00:15:00+00:00,Mon 8:15PM
195779345,NFL Showdown $125 2026 FFWC Qualifier Satellite (NYG @ LAR),153449,Showdown Captain Mode,1.0,43,148,4,125.0,2026-09-22 00:15:00+00:00,Mon 8:15PM
195779508,NFL Showdown Satellite to NHL 10-13 $360 Spin-O-Rama [Must Fill] (NYG @ LAR),153449,Showdown Captain Mode,130.0,1,3,1,360.0,2026-09-22 00:15:00+00:00,Mon 8:15PM
195912961,NFL Showdown Satellite to NFL 10-25 Midseason Warm Up Millionaire [Must Fill] (NYG @ LAR),153449,Showdown Captain Mode,55.0,1,3,1,150.0,2026-09-22 00:15:00+00:00,Mon 8:15PM
195912960,NFL Showdown Satellite to NFL 10-25 Midseason Warm Up Millionaire [Must Fill] (NYG @ LAR),153449,Showdown Captain Mode,55.0,1,3,1,150.0,2026-09-22 00:15:00+00:00,Mon 8:15PM
195777404,NFL Showdown Satellite to NFL $333 Wildcat [Must Fill] (NYG @ LAR),153449,Showdown Captain Mode,121.0,0,3,1,333.0,2026-09-22 00:15:00+00:00,Mon 8:15PM
195801291,NFL In-Game $50 Quarter Jukebox [Just $0.25!] (4Q NYG @ LAR),153455,In-Game Showdown (Q4),0.25,32,237,7,50.0,2026-09-22 01:45:00+00:00,Mon 9:45PM
195801816,NFL In-Game Satellite to NFL $333 Wildcat [Must Fill] (4Q NYG @ LAR),153455,In-Game Showdown (Q4),121.0,0,3,1,333.0,2026-09-22 01:45:00+00:00,Mon 9:45PM
195779511,NFL Showdown Satellite to MLB 9-29 $333 Postseason Perfect Game [Must Fill] (NYG @ LAR),153449,Showdown Captain Mode,121.0,0,3,1,333.0,2026-09-22 00:15:00+00:00,Mon 8:15PM
195801717,NFL In-Game Satellite to NFL $333 Wildcat [Must Fill] (2H NYG @ LAR),153454,In-Game Showdown (H2),121.0,0,3,1,333.0,2026-09-22 01:15:00+00:00,Mon 9:15PM
195779323,NFL Showdown SUPERSat to $20 NFL Fantasy Football Millionaire [4x] (NYG @ LAR),153449,Showdown Captain Mode,4.0,12,23,1,80.0,2026-09-22 00:15:00+00:00,Mon 8:15PM
195779322,NFL Showdown SUPERSat to $20 NFL Fantasy Football Millionaire [4x] (NYG @ LAR),153449,Showdown Captain Mode,4.0,11,23,1,80.0,2026-09-22 00:15:00+00:00,Mon 8:15PM
195779321,NFL Showdown SUPERSat to $20 NFL Fantasy Football Millionaire [4x] (NYG @ LAR),153449,Showdown Captain Mode,4.0,9,23,1,80.0,2026-09-22 00:15:00+00:00,Mon 8:15PM
195779320,NFL Showdown SUPERSat to $20 NFL Fantasy Football Millionaire [4x] (NYG @ LAR),153449,Showdown Captain Mode,4.0,8,23,1,80.0,2026-09-22 00:15:00+00:00,Mon 8:15PM
195779319,NFL Showdown SUPERSat to $20 NFL Fantasy Football Millionaire [4x] (NYG @ LAR),153449,Showdown Captain Mode,4.0,9,23,1,80.0,2026-09-22 00:15:00+00:00,Mon 8:15PM
195779318,NFL Showdown SUPERSat to $20 NFL Fantasy Football Millionaire [4x] (NYG @ LAR),153449,Showdown Captain Mode,4.0,8,23,1,80.0,2026-09-22 00:15:00+00:00,Mon 8:15PM
195916309,NFL Showdown SUPERSat to $20 NFL Fantasy Football Millionaire [2x] (NYG @ LAR),153449,Showdown Captain Mode,0.25,25,190,5,40.0,2026-09-22 00:15:00+00:00,Mon 8:15PM
195779316,NFL Showdown SUPERSat to $20 NFL Fantasy Football Millionaire [2x] (NYG @ LAR),153449,Showdown Captain Mode,0.25,179,190,5,40.0,2026-09-22 00:15:00+00:00,Mon 8:15PM
195779315,NFL Showdown SUPERSat to $20 NFL Fantasy Football Millionaire [2x] (NYG @ LAR),153449,Showdown Captain Mode,0.25,140,190,5,40.0,2026-09-22 00:15:00+00:00,Mon 8:15PM
195779314,NFL Showdown SUPERSat to $20 NFL Fantasy Football Millionaire [2x] (NYG @ LAR),153449,Showdown Captain Mode,0.25,127,190,5,40.0,2026-09-22 00:15:00+00:00,Mon 8:15PM
195779313,NFL Showdown SUPERSat to $20 NFL Fantasy Football Millionaire [2x] (NYG @ LAR),153449,Showdown Captain Mode,0.25,135,190,5,40.0,2026-09-22 00:15:00+00:00,Mon 8:15PM
195916572,NFL Showdown Satellite to $20 NFL Fantasy Football Millionaire (NYG @ LAR),153449,Showdown Captain Mode,2.0,1,11,1,20.0,2026-09-22 00:15:00+00:00,Mon 8:15PM
195914834,NFL Showdown Satellite to $20 NFL Fantasy Football Millionaire (NYG @ LAR),153449,Showdown Captain Mode,2.0,8,11,1,20.0,2026-09-22 00:15:00+00:00,Mon 8:15PM
195779250,NFL Showdown Satellite to $20 NFL Fantasy Football Millionaire (NYG @ LAR),153449,Showdown Captain Mode,2.0,9,11,1,20.0,2026-09-22 00:15:00+00:00,Mon 8:15PM
195779248,NFL Showdown Satellite to $20 NFL Fantasy Football Millionaire (NYG @ LAR),153449,Showdown Captain Mode,2.0,10,11,1,20.0,2026-09-22 00:15:00+00:00,Mon 8:15PM
195779247,NFL Showdown Satellite to $20 NFL Fantasy Football Millionaire (NYG @ LAR),153449,Showdown Captain Mode,2.0,10,11,1,20.0,2026-09-22 00:15:00+00:00,Mon 8:15PM
195779246,NFL Showdown Satellite to $20 NFL Fantasy Football Millionaire (NYG @ LAR),153449,Showdown Captain Mode,2.0,9,11,1,20.0,2026-09-22 00:15:00+00:00,Mon 8:15PM
195779245,NFL Showdown Satellite to $20 NFL Fantasy Football Millionaire (NYG @ LAR),153449,Showdown Captain Mode,2.0,9,11,1,20.0,2026-09-22 00:15:00+00:00,Mon 8:15PM
195779243,NFL Showdown Satellite to $20 NFL Fantasy Football Millionaire (NYG @ LAR),153449,Showdown Captain Mode,2.0,7,11,1,20.0,2026-09-22 00:15:00+00:00,Mon 8:15PM
195779242,NFL Showdown Satellite to $20 NFL Fantasy Football Millionaire (NYG @ LAR),153449,Showdown Captain Mode,2.0,7,11,1,20.0,2026-09-22 00:15:00+00:00,Mon 8:15PM
195779241,NFL Showdown Satellite to $20 NFL Fantasy Football Millionaire (NYG @ LAR),153449,Showdown Captain Mode,2.0,10,11,1,20.0,2026-09-22 00:15:00+00:00,Mon 8:15PM
195779240,NFL Showdown Satellite to $20 NFL Fantasy Football Millionaire (NYG @ LAR),153449,Showdown Captain Mode,2.0,8,11,1,20.0,2026-09-22 00:15:00+00:00,Mon 8:15PM
195779239,NFL Showdown Satellite to $20 NFL Fantasy Football Millionaire (NYG @ LAR),153449,Showdown Captain Mode,2.0,8,11,1,20.0,2026-09-22 00:15:00+00:00,Mon 8:15PM
195779238,NFL Showdown Satellite to $20 NFL Fantasy Football Millionaire (NYG @ LAR),153449,Showdown Captain Mode,2.0,7,11,1,20.0,2026-09-22 00:15:00+00:00,Mon 8:15PM
195779237,NFL Showdown Satellite to $20 NFL Fantasy Football Millionaire (NYG @ LAR),153449,Showdown Captain Mode,2.0,8,11,1,20.0,2026-09-22 00:15:00+00:00,Mon 8:15PM
195779236,NFL Showdown Satellite to $20 NFL Fantasy Football Millionaire (NYG @ LAR),153449,Showdown Captain Mode,2.0,7,11,1,20.0,2026-09-22 00:15:00+00:00,Mon 8:15PM
195779235,NFL Showdown Satellite to $20 NFL Fantasy Football Millionaire (NYG @ LAR),153449,Showdown Captain Mode,2.0,7,11,1,20.0,2026-09-22 00:15:00+00:00,Mon 8:15PM
195779234,NFL Showdown Satellite to $20 NFL Fantasy Football Millionaire (NYG @ LAR),153449,Showdown Captain Mode,2.0,7,11,1,20.0,2026-09-22 00:15:00+00:00,Mon 8:15PM
195779233,NFL Showdown Satellite to $20 NFL Fantasy Football Millionaire (NYG @ LAR),153449,Showdown Captain Mode,2.0,7,11,1,20.0,2026-09-22 00:15:00+00:00,Mon 8:15PM
195779232,NFL Showdown Satellite to $20 NFL Fantasy Football Millionaire (NYG @ LAR),153449,Showdown Captain Mode,2.0,7,11,1,20.0,2026-09-22 00:15:00+00:00,Mon 8:15PM
195779231,NFL Showdown Satellite to $20 NFL Fantasy Football Millionaire (NYG @ LAR),153449,Showdown Captain Mode,2.0,9,11,1,20.0,2026-09-22 00:15:00+00:00,Mon 8:15PM
195915566,NFL Showdown Satellite to $20 NFL Fantasy Football Millionaire (NYG @ LAR),153449,Showdown Captain Mode,1.0,10,23,1,20.0,2026-09-22 00:15:00+00:00,Mon 8:15PM
195779271,NFL Showdown Satellite to $20 NFL Fantasy Football Millionaire (NYG @ LAR),153449,Showdown Captain Mode,1.0,22,23,1,20.0,2026-09-22 00:15:00+00:00,Mon 8:15PM
195779270,NFL Showdown Satellite to $20 NFL Fantasy Football Millionaire (NYG @ LAR),153449,Showdown Captain Mode,1.0,18,23,1,20.0,2026-09-22 00:15:00+00:00,Mon 8:15PM
195779269,NFL Showdown Satellite to $20 NFL Fantasy Football Millionaire (NYG @ LAR),153449,Showdown Captain Mode,1.0,20,23,1,20.0,2026-09-22 00:15:00+00:00,Mon 8:15PM
195779268,NFL Showdown Satellite to $20 NFL Fantasy Football Millionaire (NYG @ LAR),153449,Showdown Captain Mode,1.0,17,23,1,20.0,2026-09-22 00:15:00+00:00,Mon 8:15PM
195779267,NFL Showdown Satellite to $20 NFL Fantasy Football Millionaire (NYG @ LAR),153449,Showdown Captain Mode,1.0,19,23,1,20.0,2026-09-22 00:15:00+00:00,Mon 8:15PM
195779266,NFL Showdown Satellite to $20 NFL Fantasy Football Millionaire (NYG @ LAR),153449,Showdown Captain Mode,1.0,16,23,1,20.0,2026-09-22 00:15:00+00:00,Mon 8:15PM
195779264,NFL Showdown Satellite to $20 NFL Fantasy Football Millionaire (NYG @ LAR),153449,Showdown Captain Mode,1.0,17,23,1,20.0,2026-09-22 00:15:00+00:00,Mon 8:15PM
195779263,NFL Showdown Satellite to $20 NFL Fantasy Football Millionaire (NYG @ LAR),153449,Showdown Captain Mode,1.0,15,23,1,20.0,2026-09-22 00:15:00+00:00,Mon 8:15PM
195779262,NFL Showdown Satellite to $20 NFL Fantasy Football Millionaire (NYG @ LAR),153449,Showdown Captain Mode,1.0,17,23,1,20.0,2026-09-22 00:15:00+00:00,Mon 8:15PM
195779261,NFL Showdown Satellite to $20 NFL Fantasy Football Millionaire (NYG @ LAR),153449,Showdown Captain Mode,1.0,14,23,1,20.0,2026-09-22 00:15:00+00:00,Mon 8:15PM
195779260,NFL Showdown Satellite to $20 NFL Fantasy Football Millionaire (NYG @ LAR),153449,Showdown Captain Mode,1.0,15,23,1,20.0,2026-09-22 00:15:00+00:00,Mon 8:15PM
195779259,NFL Showdown Satellite to $20 NFL Fantasy Football Millionaire (NYG @ LAR),153449,Showdown Captain Mode,1.0,16,23,1,20.0,2026-09-22 00:15:00+00:00,Mon 8:15PM
195779258,NFL Showdown Satellite to $20 NFL Fantasy Football Millionaire (NYG @ LAR),153449,Showdown Captain Mode,1.0,14,23,1,20.0,2026-09-22 00:15:00+00:00,Mon 8:15PM
195779257,NFL Showdown Satellite to $20 NFL Fantasy Football Millionaire (NYG @ LAR),153449,Showdown Captain Mode,1.0,15,23,1,20.0,2026-09-22 00:15:00+00:00,Mon 8:15PM
195779256,NFL Showdown Satellite to $20 NFL Fantasy Football Millionaire (NYG @ LAR),153449,Showdown Captain Mode,1.0,15,23,1,20.0,2026-09-22 00:15:00+00:00,Mon 8:15PM
195779255,NFL Showdown Satellite to $20 NFL Fantasy Football Millionaire (NYG @ LAR),153449,Showdown Captain Mode,1.0,16,23,1,20.0,2026-09-22 00:15:00+00:00,Mon 8:15PM
195779254,NFL Showdown Satellite to $20 NFL Fantasy Football Millionaire (NYG @ LAR),153449,Showdown Captain Mode,1.0,17,23,1,20.0,2026-09-22 00:15:00+00:00,Mon 8:15PM
195779253,NFL Showdown Satellite to $20 NFL Fantasy Football Millionaire (NYG @ LAR),153449,Showdown Captain Mode,1.0,15,23,1,20.0,2026-09-22 00:15:00+00:00,Mon 8:15PM
195779252,NFL Showdown Satellite to $20 NFL Fantasy Football Millionaire (NYG @ LAR),153449,Showdown Captain Mode,1.0,16,23,1,20.0,2026-09-22 00:15:00+00:00,Mon 8:15PM
195779292,NFL Showdown Satellite to $20 NFL Fantasy Football Millionaire (NYG @ LAR),153449,Showdown Captain Mode,0.25,83,95,2,20.0,2026-09-22 00:15:00+00:00,Mon 8:15PM
195779291,NFL Showdown Satellite to $20 NFL Fantasy Football Millionaire (NYG @ LAR),153449,Showdown Captain Mode,0.25,60,95,2,20.0,2026-09-22 00:15:00+00:00,Mon 8:15PM
195779290,NFL Showdown Satellite to $20 NFL Fantasy Football Millionaire (NYG @ LAR),153449,Showdown Captain Mode,0.25,53,95,2,20.0,2026-09-22 00:15:00+00:00,Mon 8:15PM
195779289,NFL Showdown Satellite to $20 NFL Fantasy Football Millionaire (NYG @ LAR),153449,Showdown Captain Mode,0.25,53,95,2,20.0,2026-09-22 00:15:00+00:00,Mon 8:15PM
195779288,NFL Showdown Satellite to $20 NFL Fantasy Football Millionaire (NYG @ LAR),153449,Showdown Captain Mode,0.25,46,95,2,20.0,2026-09-22 00:15:00+00:00,Mon 8:15PM
195779287,NFL Showdown Satellite to $20 NFL Fantasy Football Millionaire (NYG @ LAR),153449,Showdown Captain Mode,0.25,49,95,2,20.0,2026-09-22 00:15:00+00:00,Mon 8:15PM
195779286,NFL Showdown Satellite to $20 NFL Fantasy Football Millionaire (NYG @ LAR),153449,Showdown Captain Mode,0.25,46,95,2,20.0,2026-09-22 00:15:00+00:00,Mon 8:15PM
195779285,NFL Showdown Satellite to $20 NFL Fantasy Football Millionaire (NYG @ LAR),153449,Showdown Captain Mode,0.25,51,95,2,20.0,2026-09-22 00:15:00+00:00,Mon 8:15PM
195779284,NFL Showdown Satellite to $20 NFL Fantasy Football Millionaire (NYG @ LAR),153449,Showdown Captain Mode,0.25,44,95,2,20.0,2026-09-22 00:15:00+00:00,Mon 8:15PM
195779283,NFL Showdown Satellite to $20 NFL Fantasy Football Millionaire (NYG @ LAR),153449,Showdown Captain Mode,0.25,41,95,2,20.0,2026-09-22 00:15:00+00:00,Mon 8:15PM
195779282,NFL Showdown Satellite to $20 NFL Fantasy Football Millionaire (NYG @ LAR),153449,Showdown Captain Mode,0.25,42,95,2,20.0,2026-09-22 00:15:00+00:00,Mon 8:15PM
195779281,NFL Showdown Satellite to $20 NFL Fantasy Football Millionaire (NYG @ LAR),153449,Showdown Captain Mode,0.25,43,95,2,20.0,2026-09-22 00:15:00+00:00,Mon 8:15PM
195779280,NFL Showdown Satellite to $20 NFL Fantasy Football Millionaire (NYG @ LAR),153449,Showdown Captain Mode,0.25,43,95,2,20.0,2026-09-22 00:15:00+00:00,Mon 8:15PM
195779279,NFL Showdown Satellite to $20 NFL Fantasy Football Millionaire (NYG @ LAR),153449,Showdown Captain Mode,0.25,45,95,2,20.0,2026-09-22 00:15:00+00:00,Mon 8:15PM
195779278,NFL Showdown Satellite to $20 NFL Fantasy Football Millionaire (NYG @ LAR),153449,Showdown Captain Mode,0.25,43,95,2,20.0,2026-09-22 00:15:00+00:00,Mon 8:15PM
195779277,NFL Showdown Satellite to $20 NFL Fantasy Football Millionaire (NYG @ LAR),153449,Showdown Captain Mode,0.25,40,95,2,20.0,2026-09-22 00:15:00+00:00,Mon 8:15PM
195779276,NFL Showdown Satellite to $20 NFL Fantasy Football Millionaire (NYG @ LAR),153449,Showdown Captain Mode,0.25,40,95,2,20.0,2026-09-22 00:15:00+00:00,Mon 8:15PM
195779275,NFL Showdown Satellite to $20 NFL Fantasy Football Millionaire (NYG @ LAR),153449,Showdown Captain Mode,0.25,41,95,2,20.0,2026-09-22 00:15:00+00:00,Mon 8:15PM
195779274,NFL Showdown Satellite to $20 NFL Fantasy Football Millionaire (NYG @ LAR),153449,Showdown Captain Mode,0.25,43,95,2,20.0,2026-09-22 00:15:00+00:00,Mon 8:15PM
195779273,NFL Showdown Satellite to $20 NFL Fantasy Football Millionaire (NYG @ LAR),153449,Showdown Captain Mode,0.25,42,95,2,20.0,2026-09-22 00:15:00+00:00,Mon 8:15PM
195916786,NFL Showdown Satellite to $20 NFL Fantasy Football Millionaire (NYG @ LAR),153449,Showdown Captain Mode,0.1,7,237,7,20.0,2026-09-22 00:15:00+00:00,Mon 8:15PM
195915846,NFL Showdown Satellite to $20 NFL Fantasy Football Millionaire (NYG @ LAR),153449,Showdown Captain Mode,0.1,72,237,7,20.0,2026-09-22 00:15:00+00:00,Mon 8:15PM
195914910,NFL Showdown Satellite to $20 NFL Fantasy Football Millionaire (NYG @ LAR),153449,Showdown Captain Mode,0.1,135,237,7,20.0,2026-09-22 00:15:00+00:00,Mon 8:15PM
195779309,NFL Showdown Satellite to $20 NFL Fantasy Football Millionaire (NYG @ LAR),153449,Showdown Captain Mode,0.1,226,237,7,20.0,2026-09-22 00:15:00+00:00,Mon 8:15PM
195779308,NFL Showdown Satellite to $20 NFL Fantasy Football Millionaire (NYG @ LAR),153449,Showdown Captain Mode,0.1,209,237,7,20.0,2026-09-22 00:15:00+00:00,Mon 8:15PM
195779307,NFL Showdown Satellite to $20 NFL Fantasy Football Millionaire (NYG @ LAR),153449,Showdown Captain Mode,0.1,194,237,7,20.0,2026-09-22 00:15:00+00:00,Mon 8:15PM
195779306,NFL Showdown Satellite to $20 NFL Fantasy Football Millionaire (NYG @ LAR),153449,Showdown Captain Mode,0.1,196,237,7,20.0,2026-09-22 00:15:00+00:00,Mon 8:15PM
195779305,NFL Showdown Satellite to $20 NFL Fantasy Football Millionaire (NYG @ LAR),153449,Showdown Captain Mode,0.1,186,237,7,20.0,2026-09-22 00:15:00+00:00,Mon 8:15PM
195779304,NFL Showdown Satellite to $20 NFL Fantasy Football Millionaire (NYG @ LAR),153449,Showdown Captain Mode,0.1,171,237,7,20.0,2026-09-22 00:15:00+00:00,Mon 8:15PM
195779303,NFL Showdown Satellite to $20 NFL Fantasy Football Millionaire (NYG @ LAR),153449,Showdown Captain Mode,0.1,180,237,7,20.0,2026-09-22 00:15:00+00:00,Mon 8:15PM
195779302,NFL Showdown Satellite to $20 NFL Fantasy Football Millionaire (NYG @ LAR),153449,Showdown Captain Mode,0.1,181,237,7,20.0,2026-09-22 00:15:00+00:00,Mon 8:15PM
195779301,NFL Showdown Satellite to $20 NFL Fantasy Football Millionaire (NYG @ LAR),153449,Showdown Captain Mode,0.1,175,237,7,20.0,2026-09-22 00:15:00+00:00,Mon 8:15PM
195779300,NFL Showdown Satellite to $20 NFL Fantasy Football Millionaire (NYG @ LAR),153449,Showdown Captain Mode,0.1,172,237,7,20.0,2026-09-22 00:15:00+00:00,Mon 8:15PM
195779299,NFL Showdown Satellite to $20 NFL Fantasy Football Millionaire (NYG @ LAR),153449,Showdown Captain Mode,0.1,177,237,7,20.0,2026-09-22 00:15:00+00:00,Mon 8:15PM
195779298,NFL Showdown Satellite to $20 NFL Fantasy Football Millionaire (NYG @ LAR),153449,Showdown Captain Mode,0.1,179,237,7,20.0,2026-09-22 00:15:00+00:00,Mon 8:15PM
195779297,NFL Showdown Satellite to $20 NFL Fantasy Football Millionaire (NYG @ LAR),153449,Showdown Captain Mode,0.1,173,237,7,20.0,2026-09-22 00:15:00+00:00,Mon 8:15PM
195779296,NFL Showdown Satellite to $20 NFL Fantasy Football Millionaire (NYG @ LAR),153449,Showdown Captain Mode,0.1,173,237,7,20.0,2026-09-22 00:15:00+00:00,Mon 8:15PM
195779295,NFL Showdown Satellite to $20 NFL Fantasy Football Millionaire (NYG @ LAR),153449,Showdown Captain Mode,0.1,177,237,7,20.0,2026-09-22 00:15:00+00:00,Mon 8:15PM
195779294,NFL Showdown Satellite to $20 NFL Fantasy Football Millionaire (NYG @ LAR),153449,Showdown Captain Mode,0.1,170,237,7,20.0,2026-09-22 00:15:00+00:00,Mon 8:15PM
195779293,NFL Showdown Satellite to $20 NFL Fantasy Football Millionaire (NYG @ LAR),153449,Showdown Captain Mode,0.1,175,237,7,20.0,2026-09-22 00:15:00+00:00,Mon 8:15PM
195779355,NFL Showdown $50 2026 FFWC Qualifier Satellite (NYG @ LAR),153449,Showdown Captain Mode,2.0,4,29,1,50.0,2026-09-22 00:15:00+00:00,Mon 8:15PM
195779343,NFL Showdown $33 2026 FFWC Qualifier SUPERSatellite [2x] (NYG @ LAR),153449,Showdown Captain Mode,1.0,8,78,2,66.0,2026-09-22 00:15:00+00:00,Mon 8:15PM
195779342,NFL Showdown $33 2026 FFWC Qualifier Satellite (NYG @ LAR),153449,Showdown Captain Mode,3.0,3,13,1,33.0,2026-09-22 00:15:00+00:00,Mon 8:15PM
195779341,NFL Showdown $33 2026 FFWC Qualifier Satellite (NYG @ LAR),153449,Showdown Captain Mode,1.0,5,39,1,33.0,2026-09-22 00:15:00+00:00,Mon 8:15PM
195779340,NFL Showdown $18 2026 FFWC Qualifier Satellite (NYG @ LAR),153449,Showdown Captain Mode,3.0,3,7,1,18.0,2026-09-22 00:15:00+00:00,Mon 8:15PM
195779339,NFL Showdown $18 2026 FFWC Qualifier Satellite (NYG @ LAR),153449,Showdown Captain Mode,3.0,3,7,1,18.0,2026-09-22 00:15:00+00:00,Mon 8:15PM
195779338,NFL Showdown $18 2026 FFWC Qualifier Satellite (NYG @ LAR),153449,Showdown Captain Mode,3.0,3,7,1,18.0,2026-09-22 00:15:00+00:00,Mon 8:15PM
195779337,NFL Showdown $18 2026 FFWC Qualifier Satellite (NYG @ LAR),153449,Showdown Captain Mode,1.0,4,21,1,18.0,2026-09-22 00:15:00+00:00,Mon 8:15PM
195779336,NFL Showdown $18 2026 FFWC Qualifier Satellite (NYG @ LAR),153449,Showdown Captain Mode,0.25,30,85,2,18.0,2026-09-22 00:15:00+00:00,Mon 8:15PM
195779335,NFL Showdown $5 2026 FFWC Qualifier Satellite (NYG @ LAR),153449,Showdown Captain Mode,1.0,3,7,1,6.0,2026-09-22 00:15:00+00:00,Mon 8:15PM
195779334,NFL Showdown $5 2026 FFWC Qualifier Satellite (NYG @ LAR),153449,Showdown Captain Mode,1.0,3,7,1,6.0,2026-09-22 00:15:00+00:00,Mon 8:15PM
195779333,NFL Showdown $5 2026 FFWC Qualifier Satellite (NYG @ LAR),153449,Showdown Captain Mode,1.0,2,7,1,6.0,2026-09-22 00:15:00+00:00,Mon 8:15PM
195779332,NFL Showdown $5 2026 FFWC Qualifier Satellite (NYG @ LAR),153449,Showdown Captain Mode,1.0,2,7,1,6.0,2026-09-22 00:15:00+00:00,Mon 8:15PM
195916732,NFL Showdown $5 2026 FFWC Qualifier Satellite (NYG @ LAR),153449,Showdown Captain Mode,0.5,0,14,1,6.0,2026-09-22 00:15:00+00:00,Mon 8:15PM
195779330,NFL Showdown $5 2026 FFWC Qualifier Satellite (NYG @ LAR),153449,Showdown Captain Mode,0.5,9,14,1,6.0,2026-09-22 00:15:00+00:00,Mon 8:15PM
195779329,NFL Showdown $5 2026 FFWC Qualifier Satellite (NYG @ LAR),153449,Showdown Captain Mode,0.5,9,14,1,6.0,2026-09-22 00:15:00+00:00,Mon 8:15PM
195779328,NFL Showdown $5 2026 FFWC Qualifier Satellite (NYG @ LAR),153449,Showdown Captain Mode,0.5,6,14,1,6.0,2026-09-22 00:15:00+00:00,Mon 8:15PM
195779327,NFL Showdown $5 2026 FFWC Qualifier Satellite (NYG @ LAR),153449,Showdown Captain Mode,0.1,44,71,2,6.0,2026-09-22 00:15:00+00:00,Mon 8:15PM
195779326,NFL Showdown $5 2026 FFWC Qualifier Satellite (NYG @ LAR),153449,Showdown Captain Mode,0.1,36,71,2,6.0,2026-09-22 00:15:00+00:00,Mon 8:15PM
195779325,NFL Showdown $5 2026 FFWC Qualifier Satellite (NYG @ LAR),153449,Showdown Captain Mode,0.1,41,71,2,6.0,2026-09-22 00:15:00+00:00,Mon 8:15PM
195779324,NFL Showdown $5 2026 FFWC Qualifier Satellite (NYG @ LAR),153449,Showdown Captain Mode,0.1,44,71,2,6.0,2026-09-22 00:15:00+00:00,Mon 8:15PM
195779514,NFL Showdown Satellite to MLB 9-29 $20 Postseason Opener (NYG @ LAR),153449,Showdown Captain Mode,2.0,3,11,1,20.0,2026-09-22 00:15:00+00:00,Mon 8:15PM
195779513,NFL Showdown Satellite to MLB 9-29 $20 Postseason Opener (NYG @ LAR),153449,Showdown Captain Mode,2.0,5,11,1,20.0,2026-09-22 00:15:00+00:00,Mon 8:15PM
195779517,NFL Showdown Satellite to MLB 9-29 $20 Postseason Opener (NYG @ LAR),153449,Showdown Captain Mode,1.0,6,23,1,20.0,2026-09-22 00:15:00+00:00,Mon 8:15PM
195779516,NFL Showdown Satellite to MLB 9-29 $20 Postseason Opener (NYG @ LAR),153449,Showdown Captain Mode,1.0,6,23,1,20.0,2026-09-22 00:15:00+00:00,Mon 8:15PM
195779512,NFL Showdown Satellite to MLB 9-29 $20 Postseason Opener (NYG @ LAR),153449,Showdown Captain Mode,0.25,43,95,2,20.0,2026-09-22 00:15:00+00:00,Mon 8:15PM
195779503,NFL Showdown Satellite to NHL 9-29 $15 Opening Night Puck Drop (NYG @ LAR),153449,Showdown Captain Mode,1.0,9,17,1,15.0,2026-09-22 00:15:00+00:00,Mon 8:15PM
195779502,NFL Showdown Satellite to NHL 9-29 $15 Opening Night Puck Drop (NYG @ LAR),153449,Showdown Captain Mode,1.0,11,17,1,15.0,2026-09-22 00:15:00+00:00,Mon 8:15PM
195779501,NFL Showdown Satellite to NHL 9-29 $15 Opening Night Puck Drop (NYG @ LAR),153449,Showdown Captain Mode,1.0,9,17,1,15.0,2026-09-22 00:15:00+00:00,Mon 8:15PM
195779504,NFL Showdown Satellite to NHL 9-29 $15 Opening Night Puck Drop (NYG @ LAR),153449,Showdown Captain Mode,0.25,35,71,2,15.0,2026-09-22 00:15:00+00:00,Mon 8:15PM
195779527,NFL Showdown SUPERSatellite to NBA 10-20 $20 Opening Tip Off [2x] (NYG @ LAR),153449,Showdown Captain Mode,0.1,190,475,14,40.0,2026-09-22 00:15:00+00:00,Mon 8:15PM
195779525,NFL Showdown Satellite to NBA 10-20 $20 Opening Tip Off (NYG @ LAR),153449,Showdown Captain Mode,2.0,4,11,1,20.0,2026-09-22 00:15:00+00:00,Mon 8:15PM
195779524,NFL Showdown Satellite to NBA 10-20 $20 Opening Tip Off (NYG @ LAR),153449,Showdown Captain Mode,2.0,4,11,1,20.0,2026-09-22 00:15:00+00:00,Mon 8:15PM
195779523,NFL Showdown Satellite to NBA 10-20 $20 Opening Tip Off (NYG @ LAR),153449,Showdown Captain Mode,1.0,6,23,1,20.0,2026-09-22 00:15:00+00:00,Mon 8:15PM
195779522,NFL Showdown Satellite to NBA 10-20 $20 Opening Tip Off (NYG @ LAR),153449,Showdown Captain Mode,1.0,8,23,1,20.0,2026-09-22 00:15:00+00:00,Mon 8:15PM
195779521,NFL Showdown Satellite to NBA 10-20 $20 Opening Tip Off (NYG @ LAR),153449,Showdown Captain Mode,0.25,35,95,2,20.0,2026-09-22 00:15:00+00:00,Mon 8:15PM
195779520,NFL Showdown Satellite to NBA 10-20 $20 Opening Tip Off (NYG @ LAR),153449,Showdown Captain Mode,0.25,31,95,2,20.0,2026-09-22 00:15:00+00:00,Mon 8:15PM
195779519,NFL Showdown Satellite to NBA 10-20 $20 Opening Tip Off (NYG @ LAR),153449,Showdown Captain Mode,0.1,102,237,7,20.0,2026-09-22 00:15:00+00:00,Mon 8:15PM
195779518,NFL Showdown Satellite to NBA 10-20 $20 Opening Tip Off (NYG @ LAR),153449,Showdown Captain Mode,0.1,102,237,7,20.0,2026-09-22 00:15:00+00:00,Mon 8:15PM
195779171,NFL Showdown $100 Contest (NYG @ LAR),153449,Showdown Captain Mode,100.0,2,11,1,1000.0,2026-09-22 00:15:00+00:00,Mon 8:15PM
195779151,NFL Showdown $50 Contest (NYG @ LAR),153449,Showdown Captain Mode,50.0,2,11,1,500.0,2026-09-22 00:15:00+00:00,Mon 8:15PM
195779152,NFL Showdown $27 Contest (NYG @ LAR),153449,Showdown Captain Mode,27.0,3,21,1,500.0,2026-09-22 00:15:00+00:00,Mon 8:15PM
195779153,NFL Showdown $9 Contest (NYG @ LAR),153449,Showdown Captain Mode,9.0,8,39,1,300.0,2026-09-22 00:15:00+00:00,Mon 8:15PM
195779155,NFL Showdown $5 Contest (NYG @ LAR),153449,Showdown Captain Mode,5.0,9,47,1,200.0,2026-09-22 00:15:00+00:00,Mon 8:15PM
195779154,NFL Showdown $5 Contest (NYG @ LAR),153449,Showdown Captain Mode,5.0,10,47,1,200.0,2026-09-22 00:15:00+00:00,Mon 8:15PM
195779157,NFL Showdown $3 Contest (NYG @ LAR),153449,Showdown Captain Mode,3.0,69,118,3,300.0,2026-09-22 00:15:00+00:00,Mon 8:15PM
195779156,NFL Showdown $3 Contest (NYG @ LAR),153449,Showdown Captain Mode,3.0,46,118,3,300.0,2026-09-22 00:15:00+00:00,Mon 8:15PM
195779180,NFL Showdown $1 Contest (NYG @ LAR),153449,Showdown Captain Mode,1.0,88,118,3,100.0,2026-09-22 00:15:00+00:00,Mon 8:15PM
195779179,NFL Showdown $1 Contest (NYG @ LAR),153449,Showdown Captain Mode,1.0,60,118,3,100.0,2026-09-22 00:15:00+00:00,Mon 8:15PM
195779178,NFL Showdown $1 Contest (NYG @ LAR),153449,Showdown Captain Mode,1.0,54,118,3,100.0,2026-09-22 00:15:00+00:00,Mon 8:15PM
195779160,NFL Showdown $1 Contest (NYG @ LAR),153449,Showdown Captain Mode,1.0,43,118,3,100.0,2026-09-22 00:15:00+00:00,Mon 8:15PM
195779159,NFL Showdown $1 Contest (NYG @ LAR),153449,Showdown Captain Mode,1.0,39,118,3,100.0,2026-09-22 00:15:00+00:00,Mon 8:15PM
195779158,NFL Showdown $1 Contest (NYG @ LAR),153449,Showdown Captain Mode,1.0,43,118,3,100.0,2026-09-22 00:15:00+00:00,Mon 8:15PM
195779177,NFL Showdown $0.25 Contest (NYG @ LAR),153449,Showdown Captain Mode,0.25,149,237,7,50.0,2026-09-22 00:15:00+00:00,Mon 8:15PM
195779176,NFL Showdown $0.25 Contest (NYG @ LAR),153449,Showdown Captain Mode,0.25,115,237,7,50.0,2026-09-22 00:15:00+00:00,Mon 8:15PM
195779175,NFL Showdown $0.25 Contest (NYG @ LAR),153449,Showdown Captain Mode,0.25,117,237,7,50.0,2026-09-22 00:15:00+00:00,Mon 8:15PM
195779174,NFL Showdown $0.25 Contest (NYG @ LAR),153449,Showdown Captain Mode,0.25,89,237,7,50.0,2026-09-22 00:15:00+00:00,Mon 8:15PM
195779173,NFL Showdown $0.25 Contest (NYG @ LAR),153449,Showdown Captain Mode,0.25,89,237,7,50.0,2026-09-22 00:15:00+00:00,Mon 8:15PM
195779172,NFL Showdown $0.25 Contest (NYG @ LAR),153449,Showdown Captain Mode,0.25,84,237,7,50.0,2026-09-22 00:15:00+00:00,Mon 8:15PM
195779170,NFL Showdown $0.25 Contest (NYG @ LAR),153449,Showdown Captain Mode,0.25,79,237,7,50.0,2026-09-22 00:15:00+00:00,Mon 8:15PM
195779169,NFL Showdown $0.25 Contest (NYG @ LAR),153449,Showdown Captain Mode,0.25,78,237,7,50.0,2026-09-22 00:15:00+00:00,Mon 8:15PM
195779168,NFL Showdown $0.25 Contest (NYG @ LAR),153449,Showdown Captain Mode,0.25,81,237,7,50.0,2026-09-22 00:15:00+00:00,Mon 8:15PM
195779167,NFL Showdown $0.25 Contest (NYG @ LAR),153449,Showdown Captain Mode,0.25,82,237,7,50.0,2026-09-22 00:15:00+00:00,Mon 8:15PM
195779166,NFL Showdown $0.25 Contest (NYG @ LAR),153449,Showdown Captain Mode,0.25,82,237,7,50.0,2026-09-22 00:15:00+00:00,Mon 8:15PM
195779165,NFL Showdown $0.25 Contest (NYG @ LAR),153449,Showdown Captain Mode,0.25,78,237,7,50.0,2026-09-22 00:15:00+00:00,Mon 8:15PM
195779164,NFL Showdown $0.25 Contest (NYG @ LAR),153449,Showdown Captain Mode,0.25,79,237,7,50.0,2026-09-22 00:15:00+00:00,Mon 8:15PM
195779163,NFL Showdown $0.25 Contest (NYG @ LAR),153449,Showdown Captain Mode,0.25,85,237,7,50.0,2026-09-22 00:15:00+00:00,Mon 8:15PM
195779162,NFL Showdown $0.25 Contest (NYG @ LAR),153449,Showdown Captain Mode,0.25,78,237,7,50.0,2026-09-22 00:15:00+00:00,Mon 8:15PM
195779161,NFL Showdown $0.25 Contest (NYG @ LAR),153449,Showdown Captain Mode,0.25,87,237,7,50.0,2026-09-22 00:15:00+00:00,Mon 8:15PM
195915448,NFL Showdown $267 Winner Take All [$1K to 1st] (NYG @ LAR),153449,Showdown Captain Mode,267.0,0,4,1,1000.0,2026-09-22 00:15:00+00:00,Mon 8:15PM
195779150,NFL Showdown $267 Winner Take All [$1K to 1st] (NYG @ LAR),153449,Showdown Captain Mode,267.0,1,4,1,1000.0,2026-09-22 00:15:00+00:00,Mon 8:15PM
195779149,NFL Showdown $267 Winner Take All [$1K to 1st] (NYG @ LAR),153449,Showdown Captain Mode,267.0,1,4,1,1000.0,2026-09-22 00:15:00+00:00,Mon 8:15PM
195779148,NFL Showdown $267 Winner Take All [$1K to 1st] (NYG @ LAR),153449,Showdown Captain Mode,267.0,1,4,1,1000.0,2026-09-22 00:15:00+00:00,Mon 8:15PM
195779147,NFL Showdown $267 Winner Take All [$1K to 1st] (NYG @ LAR),153449,Showdown Captain Mode,267.0,1,4,1,1000.0,2026-09-22 00:15:00+00:00,Mon 8:15PM
195779145,NFL Showdown $267 Winner Take All [$1K to 1st] (NYG @ LAR),153449,Showdown Captain Mode,267.0,2,4,1,1000.0,2026-09-22 00:15:00+00:00,Mon 8:15PM
195779144,NFL Showdown $267 Winner Take All [$1K to 1st] (NYG @ LAR),153449,Showdown Captain Mode,267.0,1,4,1,1000.0,2026-09-22 00:15:00+00:00,Mon 8:15PM
195779143,NFL Showdown $267 Winner Take All [$1K to 1st] (NYG @ LAR),153449,Showdown Captain Mode,267.0,1,4,1,1000.0,2026-09-22 00:15:00+00:00,Mon 8:15PM
195779142,NFL Showdown $267 Winner Take All [$1K to 1st] (NYG @ LAR),153449,Showdown Captain Mode,267.0,1,4,1,1000.0,2026-09-22 00:15:00+00:00,Mon 8:15PM
195779141,NFL Showdown $267 Winner Take All [$1K to 1st] (NYG @ LAR),153449,Showdown Captain Mode,267.0,2,4,1,1000.0,2026-09-22 00:15:00+00:00,Mon 8:15PM
195779107,NFL Showdown $100 Winner Take All [$1K to 1st] (NYG @ LAR),153449,Showdown Captain Mode,100.0,3,11,1,1000.0,2026-09-22 00:15:00+00:00,Mon 8:15PM
195779093,NFL Showdown $85 Winner Take All [$300 to 1st] (NYG @ LAR),153449,Showdown Captain Mode,85.0,2,4,1,300.0,2026-09-22 00:15:00+00:00,Mon 8:15PM
195779092,NFL Showdown $85 Winner Take All [$300 to 1st] (NYG @ LAR),153449,Showdown Captain Mode,85.0,1,4,1,300.0,2026-09-22 00:15:00+00:00,Mon 8:15PM
195779091,NFL Showdown $85 Winner Take All [$300 to 1st] (NYG @ LAR),153449,Showdown Captain Mode,85.0,1,4,1,300.0,2026-09-22 00:15:00+00:00,Mon 8:15PM
195779090,NFL Showdown $85 Winner Take All [$300 to 1st] (NYG @ LAR),153449,Showdown Captain Mode,85.0,1,4,1,300.0,2026-09-22 00:15:00+00:00,Mon 8:15PM
195779089,NFL Showdown $85 Winner Take All [$300 to 1st] (NYG @ LAR),153449,Showdown Captain Mode,85.0,2,4,1,300.0,2026-09-22 00:15:00+00:00,Mon 8:15PM
195779088,NFL Showdown $85 Winner Take All [$300 to 1st] (NYG @ LAR),153449,Showdown Captain Mode,85.0,1,4,1,300.0,2026-09-22 00:15:00+00:00,Mon 8:15PM
195779087,NFL Showdown $85 Winner Take All [$300 to 1st] (NYG @ LAR),153449,Showdown Captain Mode,85.0,1,4,1,300.0,2026-09-22 00:15:00+00:00,Mon 8:15PM
195779108,NFL Showdown $50 Winner Take All [$500 to 1st] (NYG @ LAR),153449,Showdown Captain Mode,50.0,8,11,1,500.0,2026-09-22 00:15:00+00:00,Mon 8:15PM
195779140,NFL Showdown $27 Winner Take All [$500 to 1st] (NYG @ LAR),153449,Showdown Captain Mode,27.0,7,21,1,500.0,2026-09-22 00:15:00+00:00,Mon 8:15PM
195779109,NFL Showdown $9 Winner Take All [$500 to 1st] (NYG @ LAR),153449,Showdown Captain Mode,9.0,18,65,1,500.0,2026-09-22 00:15:00+00:00,Mon 8:15PM
195779116,NFL Showdown $5 Winner Take All [$100 to 1st] (NYG @ LAR),153449,Showdown Captain Mode,5.0,13,23,1,100.0,2026-09-22 00:15:00+00:00,Mon 8:15PM
195779115,NFL Showdown $5 Winner Take All [$100 to 1st] (NYG @ LAR),153449,Showdown Captain Mode,5.0,11,23,1,100.0,2026-09-22 00:15:00+00:00,Mon 8:15PM
195779114,NFL Showdown $5 Winner Take All [$100 to 1st] (NYG @ LAR),153449,Showdown Captain Mode,5.0,11,23,1,100.0,2026-09-22 00:15:00+00:00,Mon 8:15PM
195779113,NFL Showdown $5 Winner Take All [$100 to 1st] (NYG @ LAR),153449,Showdown Captain Mode,5.0,10,23,1,100.0,2026-09-22 00:15:00+00:00,Mon 8:15PM
195779112,NFL Showdown $5 Winner Take All [$100 to 1st] (NYG @ LAR),153449,Showdown Captain Mode,5.0,10,23,1,100.0,2026-09-22 00:15:00+00:00,Mon 8:15PM
195779111,NFL Showdown $5 Winner Take All [$100 to 1st] (NYG @ LAR),153449,Showdown Captain Mode,5.0,10,23,1,100.0,2026-09-22 00:15:00+00:00,Mon 8:15PM
195779110,NFL Showdown $5 Winner Take All [$100 to 1st] (NYG @ LAR),153449,Showdown Captain Mode,5.0,14,23,1,100.0,2026-09-22 00:15:00+00:00,Mon 8:15PM
195779121,NFL Showdown $3 Winner Take All [$100 to 1st] (NYG @ LAR),153449,Showdown Captain Mode,3.0,14,39,1,100.0,2026-09-22 00:15:00+00:00,Mon 8:15PM
195779120,NFL Showdown $3 Winner Take All [$100 to 1st] (NYG @ LAR),153449,Showdown Captain Mode,3.0,13,39,1,100.0,2026-09-22 00:15:00+00:00,Mon 8:15PM
195779119,NFL Showdown $3 Winner Take All [$100 to 1st] (NYG @ LAR),153449,Showdown Captain Mode,3.0,12,39,1,100.0,2026-09-22 00:15:00+00:00,Mon 8:15PM
195779118,NFL Showdown $3 Winner Take All [$100 to 1st] (NYG @ LAR),153449,Showdown Captain Mode,3.0,13,39,1,100.0,2026-09-22 00:15:00+00:00,Mon 8:15PM
195779117,NFL Showdown $3 Winner Take All [$100 to 1st] (NYG @ LAR),153449,Showdown Captain Mode,3.0,13,39,1,100.0,2026-09-22 00:15:00+00:00,Mon 8:15PM
195779106,NFL Showdown $1 Winner Take All [$100 to 1st] (NYG @ LAR),153449,Showdown Captain Mode,1.0,95,118,3,100.0,2026-09-22 00:15:00+00:00,Mon 8:15PM
195779105,NFL Showdown $1 Winner Take All [$100 to 1st] (NYG @ LAR),153449,Showdown Captain Mode,1.0,88,118,3,100.0,2026-09-22 00:15:00+00:00,Mon 8:15PM
195779104,NFL Showdown $1 Winner Take All [$100 to 1st] (NYG @ LAR),153449,Showdown Captain Mode,1.0,76,118,3,100.0,2026-09-22 00:15:00+00:00,Mon 8:15PM
195779103,NFL Showdown $1 Winner Take All [$100 to 1st] (NYG @ LAR),153449,Showdown Captain Mode,1.0,70,118,3,100.0,2026-09-22 00:15:00+00:00,Mon 8:15PM
195779102,NFL Showdown $1 Winner Take All [$100 to 1st] (NYG @ LAR),153449,Showdown Captain Mode,1.0,73,118,3,100.0,2026-09-22 00:15:00+00:00,Mon 8:15PM
195779101,NFL Showdown $1 Winner Take All [$100 to 1st] (NYG @ LAR),153449,Showdown Captain Mode,1.0,61,118,3,100.0,2026-09-22 00:15:00+00:00,Mon 8:15PM
195779100,NFL Showdown $1 Winner Take All [$100 to 1st] (NYG @ LAR),153449,Showdown Captain Mode,1.0,62,118,3,100.0,2026-09-22 00:15:00+00:00,Mon 8:15PM
195779099,NFL Showdown $1 Winner Take All [$100 to 1st] (NYG @ LAR),153449,Showdown Captain Mode,1.0,63,118,3,100.0,2026-09-22 00:15:00+00:00,Mon 8:15PM
195779098,NFL Showdown $1 Winner Take All [$100 to 1st] (NYG @ LAR),153449,Showdown Captain Mode,1.0,62,118,3,100.0,2026-09-22 00:15:00+00:00,Mon 8:15PM
195779097,NFL Showdown $1 Winner Take All [$100 to 1st] (NYG @ LAR),153449,Showdown Captain Mode,1.0,67,118,3,100.0,2026-09-22 00:15:00+00:00,Mon 8:15PM
195779139,NFL Showdown $0.25 Winner Take All [$100 to 1st] (NYG @ LAR),153449,Showdown Captain Mode,0.25,473,475,10,100.0,2026-09-22 00:15:00+00:00,Mon 8:15PM
195779138,NFL Showdown $0.25 Winner Take All [$100 to 1st] (NYG @ LAR),153449,Showdown Captain Mode,0.25,415,475,10,100.0,2026-09-22 00:15:00+00:00,Mon 8:15PM
195779137,NFL Showdown $0.25 Winner Take All [$100 to 1st] (NYG @ LAR),153449,Showdown Captain Mode,0.25,376,475,10,100.0,2026-09-22 00:15:00+00:00,Mon 8:15PM
195779136,NFL Showdown $0.25 Winner Take All [$100 to 1st] (NYG @ LAR),153449,Showdown Captain Mode,0.25,334,475,10,100.0,2026-09-22 00:15:00+00:00,Mon 8:15PM
195779135,NFL Showdown $0.25 Winner Take All [$100 to 1st] (NYG @ LAR),153449,Showdown Captain Mode,0.25,336,475,10,100.0,2026-09-22 00:15:00+00:00,Mon 8:15PM
195779134,NFL Showdown $0.25 Winner Take All [$100 to 1st] (NYG @ LAR),153449,Showdown Captain Mode,0.25,312,475,10,100.0,2026-09-22 00:15:00+00:00,Mon 8:15PM
195779133,NFL Showdown $0.25 Winner Take All [$100 to 1st] (NYG @ LAR),153449,Showdown Captain Mode,0.25,307,475,10,100.0,2026-09-22 00:15:00+00:00,Mon 8:15PM
195779132,NFL Showdown $0.25 Winner Take All [$100 to 1st] (NYG @ LAR),153449,Showdown Captain Mode,0.25,288,475,10,100.0,2026-09-22 00:15:00+00:00,Mon 8:15PM
195779131,NFL Showdown $0.25 Winner Take All [$100 to 1st] (NYG @ LAR),153449,Showdown Captain Mode,0.25,261,475,10,100.0,2026-09-22 00:15:00+00:00,Mon 8:15PM
195779130,NFL Showdown $0.25 Winner Take All [$100 to 1st] (NYG @ LAR),153449,Showdown Captain Mode,0.25,250,475,10,100.0,2026-09-22 00:15:00+00:00,Mon 8:15PM
195779129,NFL Showdown $0.25 Winner Take All [$100 to 1st] (NYG @ LAR),153449,Showdown Captain Mode,0.25,248,475,10,100.0,2026-09-22 00:15:00+00:00,Mon 8:15PM
195779128,NFL Showdown $0.25 Winner Take All [$100 to 1st] (NYG @ LAR),153449,Showdown Captain Mode,0.25,277,475,10,100.0,2026-09-22 00:15:00+00:00,Mon 8:15PM
195779127,NFL Showdown $0.25 Winner Take All [$100 to 1st] (NYG @ LAR),153449,Showdown Captain Mode,0.25,250,475,10,100.0,2026-09-22 00:15:00+00:00,Mon 8:15PM
195779126,NFL Showdown $0.25 Winner Take All [$100 to 1st] (NYG @ LAR),153449,Showdown Captain Mode,0.25,268,475,10,100.0,2026-09-22 00:15:00+00:00,Mon 8:15PM
195779125,NFL Showdown $0.25 Winner Take All [$100 to 1st] (NYG @ LAR),153449,Showdown Captain Mode,0.25,270,475,10,100.0,2026-09-22 00:15:00+00:00,Mon 8:15PM
195779124,NFL Showdown $0.25 Winner Take All [$100 to 1st] (NYG @ LAR),153449,Showdown Captain Mode,0.25,256,475,10,100.0,2026-09-22 00:15:00+00:00,Mon 8:15PM
195779123,NFL Showdown $0.25 Winner Take All [$100 to 1st] (NYG @ LAR),153449,Showdown Captain Mode,0.25,262,475,10,100.0,2026-09-22 00:15:00+00:00,Mon 8:15PM
195779122,NFL Showdown $0.25 Winner Take All [$100 to 1st] (NYG @ LAR),153449,Showdown Captain Mode,0.25,308,475,10,100.0,2026-09-22 00:15:00+00:00,Mon 8:15PM
195778949,Casual NFL Showdown 10x Booster [Top 3 Win $50] (NYG @ LAR),153449,Showdown Captain Mode,5.0,11,35,1,150.0,2026-09-22 00:15:00+00:00,Mon 8:15PM
195778950,Casual NFL Showdown 10x Booster [Top 3 Win $20] (NYG @ LAR),153449,Showdown Captain Mode,2.0,3,35,1,60.0,2026-09-22 00:15:00+00:00,Mon 8:15PM
195778877,NFL Showdown 10x Booster [Top 3 Win $100] (NYG @ LAR),153449,Showdown Captain Mode,10.0,24,35,1,300.0,2026-09-22 00:15:00+00:00,Mon 8:15PM
195778876,NFL Showdown 10x Booster [Top 3 Win $100] (NYG @ LAR),153449,Showdown Captain Mode,10.0,16,35,1,300.0,2026-09-22 00:15:00+00:00,Mon 8:15PM
195778875,NFL Showdown 10x Booster [Top 3 Win $100] (NYG @ LAR),153449,Showdown Captain Mode,10.0,15,35,1,300.0,2026-09-22 00:15:00+00:00,Mon 8:15PM
195778874,NFL Showdown 10x Booster [Top 3 Win $100] (NYG @ LAR),153449,Showdown Captain Mode,10.0,13,35,1,300.0,2026-09-22 00:15:00+00:00,Mon 8:15PM
195778873,NFL Showdown 10x Booster [Top 3 Win $100] (NYG @ LAR),153449,Showdown Captain Mode,10.0,12,35,1,300.0,2026-09-22 00:15:00+00:00,Mon 8:15PM
195778880,NFL Showdown 10x Booster [Top 5 Win $50] (NYG @ LAR),153449,Showdown Captain Mode,5.0,36,59,1,250.0,2026-09-22 00:15:00+00:00,Mon 8:15PM
195778879,NFL Showdown 10x Booster [Top 5 Win $50] (NYG @ LAR),153449,Showdown Captain Mode,5.0,33,59,1,250.0,2026-09-22 00:15:00+00:00,Mon 8:15PM
195778878,NFL Showdown 10x Booster [Top 5 Win $50] (NYG @ LAR),153449,Showdown Captain Mode,5.0,27,59,1,250.0,2026-09-22 00:15:00+00:00,Mon 8:15PM
195778898,NFL Showdown 10x Booster [Top 5 Win $20] (NYG @ LAR),153449,Showdown Captain Mode,2.0,38,59,1,100.0,2026-09-22 00:15:00+00:00,Mon 8:15PM
195778897,NFL Showdown 10x Booster [Top 5 Win $20] (NYG @ LAR),153449,Showdown Captain Mode,2.0,30,59,1,100.0,2026-09-22 00:15:00+00:00,Mon 8:15PM
195778883,NFL Showdown 10x Booster [Top 5 Win $20] (NYG @ LAR),153449,Showdown Captain Mode,2.0,26,59,1,100.0,2026-09-22 00:15:00+00:00,Mon 8:15PM
195778882,NFL Showdown 10x Booster [Top 5 Win $20] (NYG @ LAR),153449,Showdown Captain Mode,2.0,19,59,1,100.0,2026-09-22 00:15:00+00:00,Mon 8:15PM
195778881,NFL Showdown 10x Booster [Top 5 Win $20] (NYG @ LAR),153449,Showdown Captain Mode,2.0,19,59,1,100.0,2026-09-22 00:15:00+00:00,Mon 8:15PM
195778900,NFL Showdown 10x Booster [Top 3 Win $20] (NYG @ LAR),153449,Showdown Captain Mode,2.0,24,35,1,60.0,2026-09-22 00:15:00+00:00,Mon 8:15PM
195778899,NFL Showdown 10x Booster [Top 3 Win $20] (NYG @ LAR),153449,Showdown Captain Mode,2.0,20,35,1,60.0,2026-09-22 00:15:00+00:00,Mon 8:15PM
195915722,NFL Showdown 40x Micro Booster [Top 5 Win $10] (NYG @ LAR),153449,Showdown Captain Mode,0.25,53,237,7,50.0,2026-09-22 00:15:00+00:00,Mon 8:15PM
195779185,NFL Showdown 40x Micro Booster [Top 5 Win $10] (NYG @ LAR),153449,Showdown Captain Mode,0.25,219,237,7,50.0,2026-09-22 00:15:00+00:00,Mon 8:15PM
195779184,NFL Showdown 40x Micro Booster [Top 5 Win $10] (NYG @ LAR),153449,Showdown Captain Mode,0.25,181,237,7,50.0,2026-09-22 00:15:00+00:00,Mon 8:15PM
195779183,NFL Showdown 40x Micro Booster [Top 5 Win $10] (NYG @ LAR),153449,Showdown Captain Mode,0.25,159,237,7,50.0,2026-09-22 00:15:00+00:00,Mon 8:15PM
195779182,NFL Showdown 40x Micro Booster [Top 5 Win $10] (NYG @ LAR),153449,Showdown Captain Mode,0.25,145,237,7,50.0,2026-09-22 00:15:00+00:00,Mon 8:15PM
195779181,NFL Showdown 40x Micro Booster [Top 5 Win $10] (NYG @ LAR),153449,Showdown Captain Mode,0.25,139,237,7,50.0,2026-09-22 00:15:00+00:00,Mon 8:15PM
195778888,NFL Showdown 40x Micro Booster [Top 5 Win $10] (NYG @ LAR),153449,Showdown Captain Mode,0.25,138,237,7,50.0,2026-09-22 00:15:00+00:00,Mon 8:15PM
195778887,NFL Showdown 40x Micro Booster [Top 5 Win $10] (NYG @ LAR),153449,Showdown Captain Mode,0.25,141,237,7,50.0,2026-09-22 00:15:00+00:00,Mon 8:15PM
195778886,NFL Showdown 40x Micro Booster [Top 5 Win $10] (NYG @ LAR),153449,Showdown Captain Mode,0.25,132,237,7,50.0,2026-09-22 00:15:00+00:00,Mon 8:15PM
195778885,NFL Showdown 40x Micro Booster [Top 5 Win $10] (NYG @ LAR),153449,Showdown Captain Mode,0.25,136,237,7,50.0,2026-09-22 00:15:00+00:00,Mon 8:15PM
195778884,NFL Showdown 40x Micro Booster [Top 5 Win $10] (NYG @ LAR),153449,Showdown Captain Mode,0.25,141,237,7,50.0,2026-09-22 00:15:00+00:00,Mon 8:15PM
195778890,NFL Showdown $25 Quintuple Up [Top 4 Win $125] (NYG @ LAR),153449,Showdown Captain Mode,25.0,9,22,1,500.0,2026-09-22 00:15:00+00:00,Mon 8:15PM
195778889,NFL Showdown $25 Quintuple Up [Top 4 Win $125] (NYG @ LAR),153449,Showdown Captain Mode,25.0,8,22,1,500.0,2026-09-22 00:15:00+00:00,Mon 8:15PM
195778901,NFL Showdown $10 Quintuple Up [Top 5 Win $50] (NYG @ LAR),153449,Showdown Captain Mode,10.0,8,28,1,250.0,2026-09-22 00:15:00+00:00,Mon 8:15PM
195778891,NFL Showdown $10 Quintuple Up [Top 5 Win $50] (NYG @ LAR),153449,Showdown Captain Mode,10.0,9,28,1,250.0,2026-09-22 00:15:00+00:00,Mon 8:15PM
195778907,NFL Showdown $5 Quintuple Up [Top 5 Win $25] (NYG @ LAR),153449,Showdown Captain Mode,5.0,19,28,1,125.0,2026-09-22 00:15:00+00:00,Mon 8:15PM
195778906,NFL Showdown $5 Quintuple Up [Top 5 Win $25] (NYG @ LAR),153449,Showdown Captain Mode,5.0,12,28,1,125.0,2026-09-22 00:15:00+00:00,Mon 8:15PM
195778905,NFL Showdown $5 Quintuple Up [Top 5 Win $25] (NYG @ LAR),153449,Showdown Captain Mode,5.0,11,28,1,125.0,2026-09-22 00:15:00+00:00,Mon 8:15PM
195778904,NFL Showdown $5 Quintuple Up [Top 5 Win $25] (NYG @ LAR),153449,Showdown Captain Mode,5.0,12,28,1,125.0,2026-09-22 00:15:00+00:00,Mon 8:15PM
195778903,NFL Showdown $5 Quintuple Up [Top 5 Win $25] (NYG @ LAR),153449,Showdown Captain Mode,5.0,12,28,1,125.0,2026-09-22 00:15:00+00:00,Mon 8:15PM
195778902,NFL Showdown $5 Quintuple Up [Top 5 Win $25] (NYG @ LAR),153449,Showdown Captain Mode,5.0,11,28,1,125.0,2026-09-22 00:15:00+00:00,Mon 8:15PM
195915981,NFL Showdown $1 Quintuple Up [Top 5 Win $5] (NYG @ LAR),153449,Showdown Captain Mode,1.0,2,28,1,25.0,2026-09-22 00:15:00+00:00,Mon 8:15PM
195914419,NFL Showdown $1 Quintuple Up [Top 5 Win $5] (NYG @ LAR),153449,Showdown Captain Mode,1.0,13,28,1,25.0,2026-09-22 00:15:00+00:00,Mon 8:15PM
195779190,NFL Showdown $1 Quintuple Up [Top 5 Win $5] (NYG @ LAR),153449,Showdown Captain Mode,1.0,21,28,1,25.0,2026-09-22 00:15:00+00:00,Mon 8:15PM
195779189,NFL Showdown $1 Quintuple Up [Top 5 Win $5] (NYG @ LAR),153449,Showdown Captain Mode,1.0,14,28,1,25.0,2026-09-22 00:15:00+00:00,Mon 8:15PM
195779188,NFL Showdown $1 Quintuple Up [Top 5 Win $5] (NYG @ LAR),153449,Showdown Captain Mode,1.0,13,28,1,25.0,2026-09-22 00:15:00+00:00,Mon 8:15PM
195779187,NFL Showdown $1 Quintuple Up [Top 5 Win $5] (NYG @ LAR),153449,Showdown Captain Mode,1.0,12,28,1,25.0,2026-09-22 00:15:00+00:00,Mon 8:15PM
195778917,NFL Showdown $1 Quintuple Up [Top 5 Win $5] (NYG @ LAR),153449,Showdown Captain Mode,1.0,9,28,1,25.0,2026-09-22 00:15:00+00:00,Mon 8:15PM
195778916,NFL Showdown $1 Quintuple Up [Top 5 Win $5] (NYG @ LAR),153449,Showdown Captain Mode,1.0,9,28,1,25.0,2026-09-22 00:15:00+00:00,Mon 8:15PM
195778915,NFL Showdown $1 Quintuple Up [Top 5 Win $5] (NYG @ LAR),153449,Showdown Captain Mode,1.0,12,28,1,25.0,2026-09-22 00:15:00+00:00,Mon 8:15PM
195778914,NFL Showdown $1 Quintuple Up [Top 5 Win $5] (NYG @ LAR),153449,Showdown Captain Mode,1.0,9,28,1,25.0,2026-09-22 00:15:00+00:00,Mon 8:15PM
195778913,NFL Showdown $1 Quintuple Up [Top 5 Win $5] (NYG @ LAR),153449,Showdown Captain Mode,1.0,7,28,1,25.0,2026-09-22 00:15:00+00:00,Mon 8:15PM
195778912,NFL Showdown $1 Quintuple Up [Top 5 Win $5] (NYG @ LAR),153449,Showdown Captain Mode,1.0,6,28,1,25.0,2026-09-22 00:15:00+00:00,Mon 8:15PM
195778911,NFL Showdown $1 Quintuple Up [Top 5 Win $5] (NYG @ LAR),153449,Showdown Captain Mode,1.0,6,28,1,25.0,2026-09-22 00:15:00+00:00,Mon 8:15PM
195778910,NFL Showdown $1 Quintuple Up [Top 5 Win $5] (NYG @ LAR),153449,Showdown Captain Mode,1.0,7,28,1,25.0,2026-09-22 00:15:00+00:00,Mon 8:15PM
195778909,NFL Showdown $1 Quintuple Up [Top 5 Win $5] (NYG @ LAR),153449,Showdown Captain Mode,1.0,8,28,1,25.0,2026-09-22 00:15:00+00:00,Mon 8:15PM
195778908,NFL Showdown $1 Quintuple Up [Top 5 Win $5] (NYG @ LAR),153449,Showdown Captain Mode,1.0,10,28,1,25.0,2026-09-22 00:15:00+00:00,Mon 8:15PM
195778953,Casual NFL Showdown $1 Triple Up [Top 9 Win $3] (NYG @ LAR),153449,Showdown Captain Mode,1.0,2,31,1,27.0,2026-09-22 00:15:00+00:00,Mon 8:15PM
195778872,NFL Showdown $250 Triple Up [Top 3 Win $750] (NYG @ LAR),153449,Showdown Captain Mode,250.0,2,10,1,2250.0,2026-09-22 00:15:00+00:00,Mon 8:15PM
195778952,NFL Showdown $100 Triple Up [Top 3 Win $300] (NYG @ LAR),153449,Showdown Captain Mode,100.0,4,10,1,900.0,2026-09-22 00:15:00+00:00,Mon 8:15PM
195778951,NFL Showdown $50 Triple Up [Top 5 Win $150] (NYG @ LAR),153449,Showdown Captain Mode,50.0,6,17,1,750.0,2026-09-22 00:15:00+00:00,Mon 8:15PM
195778954,NFL Showdown $25 Triple Up [Top 9 Win $75] (NYG @ LAR),153449,Showdown Captain Mode,25.0,13,31,1,675.0,2026-09-22 00:15:00+00:00,Mon 8:15PM
195778956,NFL Showdown $10 Triple Up [Top 9 Win $30] (NYG @ LAR),153449,Showdown Captain Mode,10.0,16,31,1,270.0,2026-09-22 00:15:00+00:00,Mon 8:15PM
195778955,NFL Showdown $10 Triple Up [Top 9 Win $30] (NYG @ LAR),153449,Showdown Captain Mode,10.0,17,31,1,270.0,2026-09-22 00:15:00+00:00,Mon 8:15PM
195778966,NFL Showdown $5 Triple Up [Top 9 Win $15] (NYG @ LAR),153449,Showdown Captain Mode,5.0,22,31,1,135.0,2026-09-22 00:15:00+00:00,Mon 8:15PM
195778965,NFL Showdown $5 Triple Up [Top 9 Win $15] (NYG @ LAR),153449,Showdown Captain Mode,5.0,16,31,1,135.0,2026-09-22 00:15:00+00:00,Mon 8:15PM
195778964,NFL Showdown $5 Triple Up [Top 9 Win $15] (NYG @ LAR),153449,Showdown Captain Mode,5.0,16,31,1,135.0,2026-09-22 00:15:00+00:00,Mon 8:15PM
195778963,NFL Showdown $5 Triple Up [Top 9 Win $15] (NYG @ LAR),153449,Showdown Captain Mode,5.0,16,31,1,135.0,2026-09-22 00:15:00+00:00,Mon 8:15PM
195778962,NFL Showdown $5 Triple Up [Top 9 Win $15] (NYG @ LAR),153449,Showdown Captain Mode,5.0,14,31,1,135.0,2026-09-22 00:15:00+00:00,Mon 8:15PM
195778961,NFL Showdown $5 Triple Up [Top 9 Win $15] (NYG @ LAR),153449,Showdown Captain Mode,5.0,15,31,1,135.0,2026-09-22 00:15:00+00:00,Mon 8:15PM
195778960,NFL Showdown $5 Triple Up [Top 9 Win $15] (NYG @ LAR),153449,Showdown Captain Mode,5.0,15,31,1,135.0,2026-09-22 00:15:00+00:00,Mon 8:15PM
195778959,NFL Showdown $5 Triple Up [Top 9 Win $15] (NYG @ LAR),153449,Showdown Captain Mode,5.0,15,31,1,135.0,2026-09-22 00:15:00+00:00,Mon 8:15PM
195778958,NFL Showdown $5 Triple Up [Top 9 Win $15] (NYG @ LAR),153449,Showdown Captain Mode,5.0,19,31,1,135.0,2026-09-22 00:15:00+00:00,Mon 8:15PM
195778957,NFL Showdown $5 Triple Up [Top 9 Win $15] (NYG @ LAR),153449,Showdown Captain Mode,5.0,19,31,1,135.0,2026-09-22 00:15:00+00:00,Mon 8:15PM
195778989,NFL Showdown $1 Triple Up [Top 9 Win $3] (NYG @ LAR),153449,Showdown Captain Mode,1.0,17,31,1,27.0,2026-09-22 00:15:00+00:00,Mon 8:15PM
195778988,NFL Showdown $1 Triple Up [Top 9 Win $3] (NYG @ LAR),153449,Showdown Captain Mode,1.0,20,31,1,27.0,2026-09-22 00:15:00+00:00,Mon 8:15PM
195778987,NFL Showdown $1 Triple Up [Top 9 Win $3] (NYG @ LAR),153449,Showdown Captain Mode,1.0,11,31,1,27.0,2026-09-22 00:15:00+00:00,Mon 8:15PM
195778986,NFL Showdown $1 Triple Up [Top 9 Win $3] (NYG @ LAR),153449,Showdown Captain Mode,1.0,10,31,1,27.0,2026-09-22 00:15:00+00:00,Mon 8:15PM
195778985,NFL Showdown $1 Triple Up [Top 9 Win $3] (NYG @ LAR),153449,Showdown Captain Mode,1.0,9,31,1,27.0,2026-09-22 00:15:00+00:00,Mon 8:15PM
195778984,NFL Showdown $1 Triple Up [Top 9 Win $3] (NYG @ LAR),153449,Showdown Captain Mode,1.0,9,31,1,27.0,2026-09-22 00:15:00+00:00,Mon 8:15PM
195778983,NFL Showdown $1 Triple Up [Top 9 Win $3] (NYG @ LAR),153449,Showdown Captain Mode,1.0,9,31,1,27.0,2026-09-22 00:15:00+00:00,Mon 8:15PM
195778982,NFL Showdown $1 Triple Up [Top 9 Win $3] (NYG @ LAR),153449,Showdown Captain Mode,1.0,9,31,1,27.0,2026-09-22 00:15:00+00:00,Mon 8:15PM
195778981,NFL Showdown $1 Triple Up [Top 9 Win $3] (NYG @ LAR),153449,Showdown Captain Mode,1.0,7,31,1,27.0,2026-09-22 00:15:00+00:00,Mon 8:15PM
195778980,NFL Showdown $1 Triple Up [Top 9 Win $3] (NYG @ LAR),153449,Showdown Captain Mode,1.0,9,31,1,27.0,2026-09-22 00:15:00+00:00,Mon 8:15PM
195778979,NFL Showdown $1 Triple Up [Top 9 Win $3] (NYG @ LAR),153449,Showdown Captain Mode,1.0,7,31,1,27.0,2026-09-22 00:15:00+00:00,Mon 8:15PM
195778978,NFL Showdown $1 Triple Up [Top 9 Win $3] (NYG @ LAR),153449,Showdown Captain Mode,1.0,7,31,1,27.0,2026-09-22 00:15:00+00:00,Mon 8:15PM
195778977,NFL Showdown $1 Triple Up [Top 9 Win $3] (NYG @ LAR),153449,Showdown Captain Mode,1.0,8,31,1,27.0,2026-09-22 00:15:00+00:00,Mon 8:15PM
195778976,NFL Showdown $1 Triple Up [Top 9 Win $3] (NYG @ LAR),153449,Showdown Captain Mode,1.0,8,31,1,27.0,2026-09-22 00:15:00+00:00,Mon 8:15PM
195778975,NFL Showdown $1 Triple Up [Top 9 Win $3] (NYG @ LAR),153449,Showdown Captain Mode,1.0,8,31,1,27.0,2026-09-22 00:15:00+00:00,Mon 8:15PM
195778974,NFL Showdown $1 Triple Up [Top 9 Win $3] (NYG @ LAR),153449,Showdown Captain Mode,1.0,6,31,1,27.0,2026-09-22 00:15:00+00:00,Mon 8:15PM
195778973,NFL Showdown $1 Triple Up [Top 9 Win $3] (NYG @ LAR),153449,Showdown Captain Mode,1.0,9,31,1,27.0,2026-09-22 00:15:00+00:00,Mon 8:15PM
195778972,NFL Showdown $1 Triple Up [Top 9 Win $3] (NYG @ LAR),153449,Showdown Captain Mode,1.0,7,31,1,27.0,2026-09-22 00:15:00+00:00,Mon 8:15PM
195778971,NFL Showdown $1 Triple Up [Top 9 Win $3] (NYG @ LAR),153449,Showdown Captain Mode,1.0,8,31,1,27.0,2026-09-22 00:15:00+00:00,Mon 8:15PM
195778970,NFL Showdown $1 Triple Up [Top 9 Win $3] (NYG @ LAR),153449,Showdown Captain Mode,1.0,7,31,1,27.0,2026-09-22 00:15:00+00:00,Mon 8:15PM
195778969,NFL Showdown $1 Triple Up [Top 9 Win $3] (NYG @ LAR),153449,Showdown Captain Mode,1.0,9,31,1,27.0,2026-09-22 00:15:00+00:00,Mon 8:15PM
195778968,NFL Showdown $1 Triple Up [Top 9 Win $3] (NYG @ LAR),153449,Showdown Captain Mode,1.0,10,31,1,27.0,2026-09-22 00:15:00+00:00,Mon 8:15PM
195778967,NFL Showdown $1 Triple Up [Top 9 Win $3] (NYG @ LAR),153449,Showdown Captain Mode,1.0,17,31,1,27.0,2026-09-22 00:15:00+00:00,Mon 8:15PM
195779031,Casual NFL Showdown $10 Double Up (NYG @ LAR),153449,Showdown Captain Mode,10.0,2,11,1,100.0,2026-09-22 00:15:00+00:00,Mon 8:15PM
195779035,Casual NFL Showdown $5 Double Up (NYG @ LAR),153449,Showdown Captain Mode,5.0,3,23,1,100.0,2026-09-22 00:15:00+00:00,Mon 8:15PM
195779034,Casual NFL Showdown $3 Double Up (NYG @ LAR),153449,Showdown Captain Mode,3.0,3,23,1,60.0,2026-09-22 00:15:00+00:00,Mon 8:15PM
195779033,Casual NFL Showdown $1 Double Up (NYG @ LAR),153449,Showdown Captain Mode,1.0,14,23,1,20.0,2026-09-22 00:15:00+00:00,Mon 8:15PM
195779032,Casual NFL Showdown $1 Double Up (NYG @ LAR),153449,Showdown Captain Mode,1.0,4,23,1,20.0,2026-09-22 00:15:00+00:00,Mon 8:15PM
195778948,NFL Showdown $250 Double Up (NYG @ LAR),153449,Showdown Captain Mode,250.0,3,11,1,2500.0,2026-09-22 00:15:00+00:00,Mon 8:15PM
195779193,NFL Showdown $100 Double Up (NYG @ LAR),153449,Showdown Captain Mode,100.0,3,11,1,1000.0,2026-09-22 00:15:00+00:00,Mon 8:15PM
195779036,NFL Showdown $50 Double Up (NYG @ LAR),153449,Showdown Captain Mode,50.0,3,11,1,500.0,2026-09-22 00:15:00+00:00,Mon 8:15PM
195779029,NFL Showdown $50 Double Up (NYG @ LAR),153449,Showdown Captain Mode,50.0,3,11,1,500.0,2026-09-22 00:15:00+00:00,Mon 8:15PM
195779067,NFL Showdown $25 Double Up (NYG @ LAR),153449,Showdown Captain Mode,25.0,6,11,1,250.0,2026-09-22 00:15:00+00:00,Mon 8:15PM
195779066,NFL Showdown $25 Double Up (NYG @ LAR),153449,Showdown Captain Mode,25.0,3,11,1,250.0,2026-09-22 00:15:00+00:00,Mon 8:15PM
195779039,NFL Showdown $25 Double Up (NYG @ LAR),153449,Showdown Captain Mode,25.0,3,11,1,250.0,2026-09-22 00:15:00+00:00,Mon 8:15PM
195779038,NFL Showdown $25 Double Up (NYG @ LAR),153449,Showdown Captain Mode,25.0,3,11,1,250.0,2026-09-22 00:15:00+00:00,Mon 8:15PM
195779037,NFL Showdown $25 Double Up (NYG @ LAR),153449,Showdown Captain Mode,25.0,3,11,1,250.0,2026-09-22 00:15:00+00:00,Mon 8:15PM
195778896,NFL Showdown $25 Double Up (NYG @ LAR),153449,Showdown Captain Mode,25.0,3,11,1,250.0,2026-09-22 00:15:00+00:00,Mon 8:15PM
195778895,NFL Showdown $25 Double Up (NYG @ LAR),153449,Showdown Captain Mode,25.0,3,11,1,250.0,2026-09-22 00:15:00+00:00,Mon 8:15PM
195778894,NFL Showdown $25 Double Up (NYG @ LAR),153449,Showdown Captain Mode,25.0,3,11,1,250.0,2026-09-22 00:15:00+00:00,Mon 8:15PM
195778893,NFL Showdown $25 Double Up (NYG @ LAR),153449,Showdown Captain Mode,25.0,4,11,1,250.0,2026-09-22 00:15:00+00:00,Mon 8:15PM
195778892,NFL Showdown $25 Double Up (NYG @ LAR),153449,Showdown Captain Mode,25.0,3,11,1,250.0,2026-09-22 00:15:00+00:00,Mon 8:15PM
195779196,NFL Showdown $15 Double Up (NYG @ LAR),153449,Showdown Captain Mode,15.0,7,16,1,210.0,2026-09-22 00:15:00+00:00,Mon 8:15PM
195779195,NFL Showdown $15 Double Up (NYG @ LAR),153449,Showdown Captain Mode,15.0,5,16,1,210.0,2026-09-22 00:15:00+00:00,Mon 8:15PM
195779028,NFL Showdown $10 Double Up (NYG @ LAR),153449,Showdown Captain Mode,10.0,13,39,1,340.0,2026-09-22 00:15:00+00:00,Mon 8:15PM
195779194,NFL Showdown $10 Double Up (NYG @ LAR),153449,Showdown Captain Mode,10.0,5,23,1,200.0,2026-09-22 00:15:00+00:00,Mon 8:15PM
195779030,NFL Showdown $10 Double Up (NYG @ LAR),153449,Showdown Captain Mode,10.0,5,23,1,200.0,2026-09-22 00:15:00+00:00,Mon 8:15PM
195779086,NFL Showdown $10 Double Up (NYG @ LAR),153449,Showdown Captain Mode,10.0,5,11,1,100.0,2026-09-22 00:15:00+00:00,Mon 8:15PM
195779085,NFL Showdown $10 Double Up (NYG @ LAR),153449,Showdown Captain Mode,10.0,4,11,1,100.0,2026-09-22 00:15:00+00:00,Mon 8:15PM
195779065,NFL Showdown $10 Double Up (NYG @ LAR),153449,Showdown Captain Mode,10.0,6,11,1,100.0,2026-09-22 00:15:00+00:00,Mon 8:15PM
195779064,NFL Showdown $10 Double Up (NYG @ LAR),153449,Showdown Captain Mode,10.0,4,11,1,100.0,2026-09-22 00:15:00+00:00,Mon 8:15PM
195779063,NFL Showdown $10 Double Up (NYG @ LAR),153449,Showdown Captain Mode,10.0,4,11,1,100.0,2026-09-22 00:15:00+00:00,Mon 8:15PM
195778994,NFL Showdown $10 Double Up (NYG @ LAR),153449,Showdown Captain Mode,10.0,4,11,1,100.0,2026-09-22 00:15:00+00:00,Mon 8:15PM
195778993,NFL Showdown $10 Double Up (NYG @ LAR),153449,Showdown Captain Mode,10.0,4,11,1,100.0,2026-09-22 00:15:00+00:00,Mon 8:15PM
195778992,NFL Showdown $10 Double Up (NYG @ LAR),153449,Showdown Captain Mode,10.0,4,11,1,100.0,2026-09-22 00:15:00+00:00,Mon 8:15PM
195778991,NFL Showdown $10 Double Up (NYG @ LAR),153449,Showdown Captain Mode,10.0,4,11,1,100.0,2026-09-22 00:15:00+00:00,Mon 8:15PM
195778990,NFL Showdown $10 Double Up (NYG @ LAR),153449,Showdown Captain Mode,10.0,6,11,1,100.0,2026-09-22 00:15:00+00:00,Mon 8:15PM
195779027,NFL Showdown $5 Double Up (NYG @ LAR),153449,Showdown Captain Mode,5.0,15,39,1,170.0,2026-09-22 00:15:00+00:00,Mon 8:15PM
195779026,NFL Showdown $5 Double Up (NYG @ LAR),153449,Showdown Captain Mode,5.0,12,39,1,170.0,2026-09-22 00:15:00+00:00,Mon 8:15PM
195779096,NFL Showdown $5 Double Up (NYG @ LAR),153449,Showdown Captain Mode,5.0,10,23,1,100.0,2026-09-22 00:15:00+00:00,Mon 8:15PM
195779095,NFL Showdown $5 Double Up (NYG @ LAR),153449,Showdown Captain Mode,5.0,6,23,1,100.0,2026-09-22 00:15:00+00:00,Mon 8:15PM
195779094,NFL Showdown $5 Double Up (NYG @ LAR),153449,Showdown Captain Mode,5.0,5,23,1,100.0,2026-09-22 00:15:00+00:00,Mon 8:15PM
195779071,NFL Showdown $5 Double Up (NYG @ LAR),153449,Showdown Captain Mode,5.0,6,23,1,100.0,2026-09-22 00:15:00+00:00,Mon 8:15PM
195779070,NFL Showdown $5 Double Up (NYG @ LAR),153449,Showdown Captain Mode,5.0,6,23,1,100.0,2026-09-22 00:15:00+00:00,Mon 8:15PM
195779069,NFL Showdown $5 Double Up (NYG @ LAR),153449,Showdown Captain Mode,5.0,5,23,1,100.0,2026-09-22 00:15:00+00:00,Mon 8:15PM
195779068,NFL Showdown $5 Double Up (NYG @ LAR),153449,Showdown Captain Mode,5.0,4,23,1,100.0,2026-09-22 00:15:00+00:00,Mon 8:15PM
195779044,NFL Showdown $5 Double Up (NYG @ LAR),153449,Showdown Captain Mode,5.0,4,23,1,100.0,2026-09-22 00:15:00+00:00,Mon 8:15PM
195779043,NFL Showdown $5 Double Up (NYG @ LAR),153449,Showdown Captain Mode,5.0,4,23,1,100.0,2026-09-22 00:15:00+00:00,Mon 8:15PM
195779042,NFL Showdown $5 Double Up (NYG @ LAR),153449,Showdown Captain Mode,5.0,4,23,1,100.0,2026-09-22 00:15:00+00:00,Mon 8:15PM
195779041,NFL Showdown $5 Double Up (NYG @ LAR),153449,Showdown Captain Mode,5.0,4,23,1,100.0,2026-09-22 00:15:00+00:00,Mon 8:15PM
195779040,NFL Showdown $5 Double Up (NYG @ LAR),153449,Showdown Captain Mode,5.0,7,23,1,100.0,2026-09-22 00:15:00+00:00,Mon 8:15PM
195779025,NFL Showdown $3 Double Up (NYG @ LAR),153449,Showdown Captain Mode,3.0,28,62,1,162.0,2026-09-22 00:15:00+00:00,Mon 8:15PM
195779024,NFL Showdown $3 Double Up (NYG @ LAR),153449,Showdown Captain Mode,3.0,19,62,1,162.0,2026-09-22 00:15:00+00:00,Mon 8:15PM
195779023,NFL Showdown $3 Double Up (NYG @ LAR),153449,Showdown Captain Mode,3.0,18,39,1,102.0,2026-09-22 00:15:00+00:00,Mon 8:15PM
195779022,NFL Showdown $3 Double Up (NYG @ LAR),153449,Showdown Captain Mode,3.0,12,39,1,102.0,2026-09-22 00:15:00+00:00,Mon 8:15PM
195779074,NFL Showdown $3 Double Up (NYG @ LAR),153449,Showdown Captain Mode,3.0,10,23,1,60.0,2026-09-22 00:15:00+00:00,Mon 8:15PM
195779073,NFL Showdown $3 Double Up (NYG @ LAR),153449,Showdown Captain Mode,3.0,8,23,1,60.0,2026-09-22 00:15:00+00:00,Mon 8:15PM
195779072,NFL Showdown $3 Double Up (NYG @ LAR),153449,Showdown Captain Mode,3.0,7,23,1,60.0,2026-09-22 00:15:00+00:00,Mon 8:15PM
195779047,NFL Showdown $3 Double Up (NYG @ LAR),153449,Showdown Captain Mode,3.0,6,23,1,60.0,2026-09-22 00:15:00+00:00,Mon 8:15PM
195779046,NFL Showdown $3 Double Up (NYG @ LAR),153449,Showdown Captain Mode,3.0,6,23,1,60.0,2026-09-22 00:15:00+00:00,Mon 8:15PM
195779045,NFL Showdown $3 Double Up (NYG @ LAR),153449,Showdown Captain Mode,3.0,7,23,1,60.0,2026-09-22 00:15:00+00:00,Mon 8:15PM
195778922,NFL Showdown $3 Double Up (NYG @ LAR),153449,Showdown Captain Mode,3.0,6,23,1,60.0,2026-09-22 00:15:00+00:00,Mon 8:15PM
195778921,NFL Showdown $3 Double Up (NYG @ LAR),153449,Showdown Captain Mode,3.0,6,23,1,60.0,2026-09-22 00:15:00+00:00,Mon 8:15PM
195778920,NFL Showdown $3 Double Up (NYG @ LAR),153449,Showdown Captain Mode,3.0,6,23,1,60.0,2026-09-22 00:15:00+00:00,Mon 8:15PM
195778919,NFL Showdown $3 Double Up (NYG @ LAR),153449,Showdown Captain Mode,3.0,6,23,1,60.0,2026-09-22 00:15:00+00:00,Mon 8:15PM
195778918,NFL Showdown $3 Double Up (NYG @ LAR),153449,Showdown Captain Mode,3.0,7,23,1,60.0,2026-09-22 00:15:00+00:00,Mon 8:15PM
195915900,NFL Showdown $1 Double Up (NYG @ LAR),153449,Showdown Captain Mode,1.0,10,62,1,54.0,2026-09-22 00:15:00+00:00,Mon 8:15PM
195779020,NFL Showdown $1 Double Up (NYG @ LAR),153449,Showdown Captain Mode,1.0,38,62,1,54.0,2026-09-22 00:15:00+00:00,Mon 8:15PM
195779019,NFL Showdown $1 Double Up (NYG @ LAR),153449,Showdown Captain Mode,1.0,31,62,1,54.0,2026-09-22 00:15:00+00:00,Mon 8:15PM
195779018,NFL Showdown $1 Double Up (NYG @ LAR),153449,Showdown Captain Mode,1.0,25,62,1,54.0,2026-09-22 00:15:00+00:00,Mon 8:15PM
195779017,NFL Showdown $1 Double Up (NYG @ LAR),153449,Showdown Captain Mode,1.0,24,62,1,54.0,2026-09-22 00:15:00+00:00,Mon 8:15PM
195779016,NFL Showdown $1 Double Up (NYG @ LAR),153449,Showdown Captain Mode,1.0,24,62,1,54.0,2026-09-22 00:15:00+00:00,Mon 8:15PM
195779015,NFL Showdown $1 Double Up (NYG @ LAR),153449,Showdown Captain Mode,1.0,24,62,1,54.0,2026-09-22 00:15:00+00:00,Mon 8:15PM
195779014,NFL Showdown $1 Double Up (NYG @ LAR),153449,Showdown Captain Mode,1.0,23,62,1,54.0,2026-09-22 00:15:00+00:00,Mon 8:15PM
195779013,NFL Showdown $1 Double Up (NYG @ LAR),153449,Showdown Captain Mode,1.0,21,62,1,54.0,2026-09-22 00:15:00+00:00,Mon 8:15PM
195779012,NFL Showdown $1 Double Up (NYG @ LAR),153449,Showdown Captain Mode,1.0,19,62,1,54.0,2026-09-22 00:15:00+00:00,Mon 8:15PM
195779011,NFL Showdown $1 Double Up (NYG @ LAR),153449,Showdown Captain Mode,1.0,19,62,1,54.0,2026-09-22 00:15:00+00:00,Mon 8:15PM
195779010,NFL Showdown $1 Double Up (NYG @ LAR),153449,Showdown Captain Mode,1.0,21,62,1,54.0,2026-09-22 00:15:00+00:00,Mon 8:15PM
195779009,NFL Showdown $1 Double Up (NYG @ LAR),153449,Showdown Captain Mode,1.0,23,62,1,54.0,2026-09-22 00:15:00+00:00,Mon 8:15PM
195779008,NFL Showdown $1 Double Up (NYG @ LAR),153449,Showdown Captain Mode,1.0,22,62,1,54.0,2026-09-22 00:15:00+00:00,Mon 8:15PM
195779007,NFL Showdown $1 Double Up (NYG @ LAR),153449,Showdown Captain Mode,1.0,23,62,1,54.0,2026-09-22 00:15:00+00:00,Mon 8:15PM
195779006,NFL Showdown $1 Double Up (NYG @ LAR),153449,Showdown Captain Mode,1.0,18,39,1,34.0,2026-09-22 00:15:00+00:00,Mon 8:15PM
195779005,NFL Showdown $1 Double Up (NYG @ LAR),153449,Showdown Captain Mode,1.0,15,39,1,34.0,2026-09-22 00:15:00+00:00,Mon 8:15PM
195779004,NFL Showdown $1 Double Up (NYG @ LAR),153449,Showdown Captain Mode,1.0,15,39,1,34.0,2026-09-22 00:15:00+00:00,Mon 8:15PM
195779003,NFL Showdown $1 Double Up (NYG @ LAR),153449,Showdown Captain Mode,1.0,13,39,1,34.0,2026-09-22 00:15:00+00:00,Mon 8:15PM
195779002,NFL Showdown $1 Double Up (NYG @ LAR),153449,Showdown Captain Mode,1.0,12,39,1,34.0,2026-09-22 00:15:00+00:00,Mon 8:15PM
195779001,NFL Showdown $1 Double Up (NYG @ LAR),153449,Showdown Captain Mode,1.0,12,39,1,34.0,2026-09-22 00:15:00+00:00,Mon 8:15PM
195779000,NFL Showdown $1 Double Up (NYG @ LAR),153449,Showdown Captain Mode,1.0,12,39,1,34.0,2026-09-22 00:15:00+00:00,Mon 8:15PM
195778999,NFL Showdown $1 Double Up (NYG @ LAR),153449,Showdown Captain Mode,1.0,12,39,1,34.0,2026-09-22 00:15:00+00:00,Mon 8:15PM
195778998,NFL Showdown $1 Double Up (NYG @ LAR),153449,Showdown Captain Mode,1.0,13,39,1,34.0,2026-09-22 00:15:00+00:00,Mon 8:15PM
195778997,NFL Showdown $1 Double Up (NYG @ LAR),153449,Showdown Captain Mode,1.0,12,39,1,34.0,2026-09-22 00:15:00+00:00,Mon 8:15PM
195778996,NFL Showdown $1 Double Up (NYG @ LAR),153449,Showdown Captain Mode,1.0,12,39,1,34.0,2026-09-22 00:15:00+00:00,Mon 8:15PM
195778995,NFL Showdown $1 Double Up (NYG @ LAR),153449,Showdown Captain Mode,1.0,13,39,1,34.0,2026-09-22 00:15:00+00:00,Mon 8:15PM
195779084,NFL Showdown $1 Double Up (NYG @ LAR),153449,Showdown Captain Mode,1.0,12,23,1,20.0,2026-09-22 00:15:00+00:00,Mon 8:15PM
195779083,NFL Showdown $1 Double Up (NYG @ LAR),153449,Showdown Captain Mode,1.0,15,23,1,20.0,2026-09-22 00:15:00+00:00,Mon 8:15PM
195779082,NFL Showdown $1 Double Up (NYG @ LAR),153449,Showdown Captain Mode,1.0,11,23,1,20.0,2026-09-22 00:15:00+00:00,Mon 8:15PM
195779081,NFL Showdown $1 Double Up (NYG @ LAR),153449,Showdown Captain Mode,1.0,8,23,1,20.0,2026-09-22 00:15:00+00:00,Mon 8:15PM
195779080,NFL Showdown $1 Double Up (NYG @ LAR),153449,Showdown Captain Mode,1.0,9,23,1,20.0,2026-09-22 00:15:00+00:00,Mon 8:15PM
195779079,NFL Showdown $1 Double Up (NYG @ LAR),153449,Showdown Captain Mode,1.0,8,23,1,20.0,2026-09-22 00:15:00+00:00,Mon 8:15PM
195779078,NFL Showdown $1 Double Up (NYG @ LAR),153449,Showdown Captain Mode,1.0,8,23,1,20.0,2026-09-22 00:15:00+00:00,Mon 8:15PM
195779077,NFL Showdown $1 Double Up (NYG @ LAR),153449,Showdown Captain Mode,1.0,7,23,1,20.0,2026-09-22 00:15:00+00:00,Mon 8:15PM
195779076,NFL Showdown $1 Double Up (NYG @ LAR),153449,Showdown Captain Mode,1.0,8,23,1,20.0,2026-09-22 00:15:00+00:00,Mon 8:15PM
195779075,NFL Showdown $1 Double Up (NYG @ LAR),153449,Showdown Captain Mode,1.0,7,23,1,20.0,2026-09-22 00:15:00+00:00,Mon 8:15PM
195779062,NFL Showdown $1 Double Up (NYG @ LAR),153449,Showdown Captain Mode,1.0,8,23,1,20.0,2026-09-22 00:15:00+00:00,Mon 8:15PM
195779061,NFL Showdown $1 Double Up (NYG @ LAR),153449,Showdown Captain Mode,1.0,8,23,1,20.0,2026-09-22 00:15:00+00:00,Mon 8:15PM
195779060,NFL Showdown $1 Double Up (NYG @ LAR),153449,Showdown Captain Mode,1.0,8,23,1,20.0,2026-09-22 00:15:00+00:00,Mon 8:15PM
195779059,NFL Showdown $1 Double Up (NYG @ LAR),153449,Showdown Captain Mode,1.0,8,23,1,20.0,2026-09-22 00:15:00+00:00,Mon 8:15PM
195779058,NFL Showdown $1 Double Up (NYG @ LAR),153449,Showdown Captain Mode,1.0,7,23,1,20.0,2026-09-22 00:15:00+00:00,Mon 8:15PM
195779057,NFL Showdown $1 Double Up (NYG @ LAR),153449,Showdown Captain Mode,1.0,7,23,1,20.0,2026-09-22 00:15:00+00:00,Mon 8:15PM
195779056,NFL Showdown $1 Double Up (NYG @ LAR),153449,Showdown Captain Mode,1.0,7,23,1,20.0,2026-09-22 00:15:00+00:00,Mon 8:15PM
195779055,NFL Showdown $1 Double Up (NYG @ LAR),153449,Showdown Captain Mode,1.0,7,23,1,20.0,2026-09-22 00:15:00+00:00,Mon 8:15PM
195779054,NFL Showdown $1 Double Up (NYG @ LAR),153449,Showdown Captain Mode,1.0,7,23,1,20.0,2026-09-22 00:15:00+00:00,Mon 8:15PM
195779053,NFL Showdown $1 Double Up (NYG @ LAR),153449,Showdown Captain Mode,1.0,7,23,1,20.0,2026-09-22 00:15:00+00:00,Mon 8:15PM
195779052,NFL Showdown $1 Double Up (NYG @ LAR),153449,Showdown Captain Mode,1.0,7,23,1,20.0,2026-09-22 00:15:00+00:00,Mon 8:15PM
195779051,NFL Showdown $1 Double Up (NYG @ LAR),153449,Showdown Captain Mode,1.0,7,23,1,20.0,2026-09-22 00:15:00+00:00,Mon 8:15PM
195779050,NFL Showdown $1 Double Up (NYG @ LAR),153449,Showdown Captain Mode,1.0,7,23,1,20.0,2026-09-22 00:15:00+00:00,Mon 8:15PM
195779049,NFL Showdown $1 Double Up (NYG @ LAR),153449,Showdown Captain Mode,1.0,7,23,1,20.0,2026-09-22 00:15:00+00:00,Mon 8:15PM
195779048,NFL Showdown $1 Double Up (NYG @ LAR),153449,Showdown Captain Mode,1.0,7,23,1,20.0,2026-09-22 00:15:00+00:00,Mon 8:15PM
195778947,NFL Showdown $1 Double Up (NYG @ LAR),153449,Showdown Captain Mode,1.0,7,23,1,20.0,2026-09-22 00:15:00+00:00,Mon 8:15PM
195778946,NFL Showdown $1 Double Up (NYG @ LAR),153449,Showdown Captain Mode,1.0,7,23,1,20.0,2026-09-22 00:15:00+00:00,Mon 8:15PM
195778945,NFL Showdown $1 Double Up (NYG @ LAR),153449,Showdown Captain Mode,1.0,7,23,1,20.0,2026-09-22 00:15:00+00:00,Mon 8:15PM
195778944,NFL Showdown $1 Double Up (NYG @ LAR),153449,Showdown Captain Mode,1.0,7,23,1,20.0,2026-09-22 00:15:00+00:00,Mon 8:15PM
195778943,NFL Showdown $1 Double Up (NYG @ LAR),153449,Showdown Captain Mode,1.0,7,23,1,20.0,2026-09-22 00:15:00+00:00,Mon 8:15PM
195778942,NFL Showdown $1 Double Up (NYG @ LAR),153449,Showdown Captain Mode,1.0,7,23,1,20.0,2026-09-22 00:15:00+00:00,Mon 8:15PM
195778941,NFL Showdown $1 Double Up (NYG @ LAR),153449,Showdown Captain Mode,1.0,7,23,1,20.0,2026-09-22 00:15:00+00:00,Mon 8:15PM
195778940,NFL Showdown $1 Double Up (NYG @ LAR),153449,Showdown Captain Mode,1.0,7,23,1,20.0,2026-09-22 00:15:00+00:00,Mon 8:15PM
195778939,NFL Showdown $1 Double Up (NYG @ LAR),153449,Showdown Captain Mode,1.0,7,23,1,20.0,2026-09-22 00:15:00+00:00,Mon 8:15PM
195778938,NFL Showdown $1 Double Up (NYG @ LAR),153449,Showdown Captain Mode,1.0,8,23,1,20.0,2026-09-22 00:15:00+00:00,Mon 8:15PM
195778937,NFL Showdown $1 Double Up (NYG @ LAR),153449,Showdown Captain Mode,1.0,7,23,1,20.0,2026-09-22 00:15:00+00:00,Mon 8:15PM
195778936,NFL Showdown $1 Double Up (NYG @ LAR),153449,Showdown Captain Mode,1.0,8,23,1,20.0,2026-09-22 00:15:00+00:00,Mon 8:15PM
195778935,NFL Showdown $1 Double Up (NYG @ LAR),153449,Showdown Captain Mode,1.0,7,23,1,20.0,2026-09-22 00:15:00+00:00,Mon 8:15PM
195778934,NFL Showdown $1 Double Up (NYG @ LAR),153449,Showdown Captain Mode,1.0,7,23,1,20.0,2026-09-22 00:15:00+00:00,Mon 8:15PM
195778933,NFL Showdown $1 Double Up (NYG @ LAR),153449,Showdown Captain Mode,1.0,7,23,1,20.0,2026-09-22 00:15:00+00:00,Mon 8:15PM
195778932,NFL Showdown $1 Double Up (NYG @ LAR),153449,Showdown Captain Mode,1.0,7,23,1,20.0,2026-09-22 00:15:00+00:00,Mon 8:15PM
195778931,NFL Showdown $1 Double Up (NYG @ LAR),153449,Showdown Captain Mode,1.0,7,23,1,20.0,2026-09-22 00:15:00+00:00,Mon 8:15PM
195778930,NFL Showdown $1 Double Up (NYG @ LAR),153449,Showdown Captain Mode,1.0,7,23,1,20.0,2026-09-22 00:15:00+00:00,Mon 8:15PM
195778929,NFL Showdown $1 Double Up (NYG @ LAR),153449,Showdown Captain Mode,1.0,7,23,1,20.0,2026-09-22 00:15:00+00:00,Mon 8:15PM
195778928,NFL Showdown $1 Double Up (NYG @ LAR),153449,Showdown Captain Mode,1.0,7,23,1,20.0,2026-09-22 00:15:00+00:00,Mon 8:15PM
195778927,NFL Showdown $1 Double Up (NYG @ LAR),153449,Showdown Captain Mode,1.0,7,23,1,20.0,2026-09-22 00:15:00+00:00,Mon 8:15PM
195778926,NFL Showdown $1 Double Up (NYG @ LAR),153449,Showdown Captain Mode,1.0,7,23,1,20.0,2026-09-22 00:15:00+00:00,Mon 8:15PM
195778925,NFL Showdown $1 Double Up (NYG @ LAR),153449,Showdown Captain Mode,1.0,8,23,1,20.0,2026-09-22 00:15:00+00:00,Mon 8:15PM
195778924,NFL Showdown $1 Double Up (NYG @ LAR),153449,Showdown Captain Mode,1.0,10,23,1,20.0,2026-09-22 00:15:00+00:00,Mon 8:15PM
195778923,NFL Showdown $1 Double Up (NYG @ LAR),153449,Showdown Captain Mode,1.0,11,23,1,20.0,2026-09-22 00:15:00+00:00,Mon 8:15PM
195915835,NFL Showdown FREE 200-Player (NYG @ LAR),153449,Showdown Captain Mode,0.0,19,200,1,0.0,2026-09-22 00:15:00+00:00,Mon 8:15PM
195908160,NFL Showdown FREE 200-Player (NYG @ LAR),153449,Showdown Captain Mode,0.0,176,200,1,0.0,2026-09-22 00:15:00+00:00,Mon 8:15PM
195913939,NFL Showdown FREE 100-Player (NYG @ LAR),153449,Showdown Captain Mode,0.0,34,100,1,0.0,2026-09-22 00:15:00+00:00,Mon 8:15PM
195913646,NFL Showdown FREE 50-Player (NYG @ LAR),153449,Showdown Captain Mode,0.0,26,50,1,0.0,2026-09-22 00:15:00+00:00,Mon 8:15PM
195913368,NFL Satellite to $20 NFL Fantasy Football Millionaire (Mon-Thu),153468,Classic,2.0,9,11,1,20.0,2026-09-22 00:15:00+00:00,Mon 8:15PM
195908435,NFL Satellite to $20 NFL Fantasy Football Millionaire (Mon-Thu),153468,Classic,1.0,19,23,1,20.0,2026-09-22 00:15:00+00:00,Mon 8:15PM
195908436,NFL Satellite to $20 NFL Fantasy Football Millionaire (Mon-Thu),153468,Classic,0.25,53,95,2,20.0,2026-09-22 00:15:00+00:00,Mon 8:15PM
195908437,NFL Satellite to $20 NFL Fantasy Football Millionaire (Mon-Thu),153468,Classic,0.1,114,237,7,20.0,2026-09-22 00:15:00+00:00,Mon 8:15PM
195913343,NFL $25 Double Up (Mon-Thu),153468,Classic,25.0,2,11,1,250.0,2026-09-22 00:15:00+00:00,Mon 8:15PM
195908430,NFL $25 Double Up (Mon-Thu),153468,Classic,25.0,7,11,1,250.0,2026-09-22 00:15:00+00:00,Mon 8:15PM
195908429,NFL $10 Double Up (Mon-Thu),153468,Classic,10.0,7,11,1,100.0,2026-09-22 00:15:00+00:00,Mon 8:15PM
195908428,NFL $5 Double Up (Mon-Thu),153468,Classic,5.0,11,23,1,100.0,2026-09-22 00:15:00+00:00,Mon 8:15PM
195915198,NFL $1 Double Up (Mon-Thu),153468,Classic,1.0,4,23,1,20.0,2026-09-22 00:15:00+00:00,Mon 8:15PM
195912140,NFL $1 Double Up (Mon-Thu),153468,Classic,1.0,20,23,1,20.0,2026-09-22 00:15:00+00:00,Mon 8:15PM
195908433,NFL $1 Double Up (Mon-Thu),153468,Classic,1.0,16,23,1,20.0,2026-09-22 00:15:00+00:00,Mon 8:15PM
195915848,NFL FREE 200-Player (Mon-Thu),153468,Classic,0.0,5,200,1,0.0,2026-09-22 00:15:00+00:00,Mon 8:15PM
195913621,NFL FREE 50-Player (Mon-Thu),153468,Classic,0.0,36,50,1,0.0,2026-09-22 00:15:00+00:00,Mon 8:15PM
195783942,NFL Single Stat $20 10-Player [Top 2 Win] (NYG @ LAR Total Yards),153467,Single Stat - Total Yards,20.0,2,10,1,180.0,2026-09-22 00:15:00+00:00,Mon 8:15PM
195783941,NFL Single Stat $10 10-Player [Top 2 Win] (NYG @ LAR Total Yards),153467,Single Stat - Total Yards,10.0,2,10,1,90.0,2026-09-22 00:15:00+00:00,Mon 8:15PM
195783940,NFL Single Stat $5 10-Player [Top 2 Win] (NYG @ LAR Total Yards),153467,Single Stat - Total Yards,5.0,3,10,1,45.0,2026-09-22 00:15:00+00:00,Mon 8:15PM
195783939,NFL Single Stat $5 10-Player [Top 2 Win] (NYG @ LAR Total Yards),153467,Single Stat - Total Yards,5.0,1,10,1,45.0,2026-09-22 00:15:00+00:00,Mon 8:15PM
195783938,NFL Single Stat $2 10-Player [Top 2 Win] (NYG @ LAR Total Yards),153467,Single Stat - Total Yards,2.0,3,10,1,18.0,2026-09-22 00:15:00+00:00,Mon 8:15PM
195783937,NFL Single Stat $2 10-Player [Top 2 Win] (NYG @ LAR Total Yards),153467,Single Stat - Total Yards,2.0,2,10,1,18.0,2026-09-22 00:15:00+00:00,Mon 8:15PM
195916604,NFL Single Stat $1 10-Player [Top 2 Win] (NYG @ LAR Total Yards),153467,Single Stat - Total Yards,1.0,0,10,1,9.0,2026-09-22 00:15:00+00:00,Mon 8:15PM
195783935,NFL Single Stat $1 10-Player [Top 2 Win] (NYG @ LAR Total Yards),153467,Single Stat - Total Yards,1.0,1,10,1,9.0,2026-09-22 00:15:00+00:00,Mon 8:15PM
195801410,NFL In-Game $10 Double Up (2H NYG @ LAR),153454,In-Game Showdown (H2),10.0,1,11,1,100.0,2026-09-22 01:15:00+00:00,Mon 9:15PM
195801413,NFL In-Game $1 Double Up (2H NYG @ LAR),153454,In-Game Showdown (H2),1.0,1,23,1,20.0,2026-09-22 01:15:00+00:00,Mon 9:15PM
195915322,NFL In-Game FREE 200-Player (2H NYG @ LAR),153454,In-Game Showdown (H2),0.0,3,200,1,0.0,2026-09-22 01:15:00+00:00,Mon 9:15PM
195801417,NFL In-Game $10 Double Up (4Q NYG @ LAR),153455,In-Game Showdown (Q4),10.0,1,11,1,100.0,2026-09-22 01:45:00+00:00,Mon 9:45PM
195801416,NFL In-Game $1 Double Up (4Q NYG @ LAR),153455,In-Game Showdown (Q4),1.0,2,23,1,20.0,2026-09-22 01:45:00+00:00,Mon 9:45PM
195915323,NFL In-Game FREE 200-Player (4Q NYG @ LAR),153455,In-Game Showdown (Q4),0.0,1,200,1,0.0,2026-09-22 01:45:00+00:00,Mon 9:45PM
195913855,NFL FREE 200-Player,153769,Classic,0.0,191,200,1,0.0,2026-09-27 17:00:00+00:00,Sun 1:00PM
195913372,NFL FREE 200-Player,153769,Classic,0.0,153,200,1,0.0,2026-09-27 17:00:00+00:00,Sun 1:00PM
195913784,NFL Snake Showdown $10 4-Player (NYG @ LAR Snake),153461,Snake Showdown,10.0,1,4,1,36.0,2026-09-22 00:05:00+00:00,Mon 8:05PM
195915856,NFL Snake Showdown $10 4-Player (NYG @ LAR Snake),153461,Snake Showdown,10.0,1,4,1,36.0,2026-09-22 00:05:00+00:00,Mon 8:05PM
195916287,NFL Snake Showdown $10 4-Player (NYG @ LAR Snake),153461,Snake Showdown,10.0,1,4,1,36.0,2026-09-22 00:05:00+00:00,Mon 8:05PM
195915177,NFL Snake Showdown $5 4-Player (NYG @ LAR Snake),153461,Snake Showdown,5.0,1,4,1,18.0,2026-09-22 00:05:00+00:00,Mon 8:05PM
195777499,NFL Snake Showdown $20 4-Player (NYG @ LAR Snake),153461,Snake Showdown,20.0,1,4,1,72.0,2026-09-22 00:05:00+00:00,Mon 8:05PM
195913956,NFL Snake Showdown $20 4-Player (NYG @ LAR Snake),153461,Snake Showdown,20.0,1,4,1,72.0,2026-09-22 00:05:00+00:00,Mon 8:05PM
195916606,NFL Snake Showdown $20 4-Player (NYG @ LAR Snake),153461,Snake Showdown,20.0,1,4,1,72.0,2026-09-22 00:05:00+00:00,Mon 8:05PM
195916037,NFL Snake Showdown $109 4-Player (NYG @ LAR Snake),153461,Snake Showdown,109.0,1,4,1,400.0,2026-09-22 00:05:00+00:00,Mon 8:05PM
195913787,NFL Snake Showdown $1 4-Player (NYG @ LAR Snake),153461,Snake Showdown,1.0,0,4,1,3.6,2026-09-22 00:05:00+00:00,Mon 8:05PM
195913991,NFL Snake Showdown $1 4-Player (NYG @ LAR Snake),153461,Snake Showdown,1.0,0,4,1,3.6,2026-09-22 00:05:00+00:00,Mon 8:05PM
195916513,NFL Snake Showdown $1 4-Player (NYG @ LAR Snake),153461,Snake Showdown,1.0,0,4,1,3.6,2026-09-22 00:05:00+00:00,Mon 8:05PM
195915311,NFL Snake Showdown $5 4-Player (NYG @ LAR Snake),153461,Snake Showdown,5.0,0,4,1,18.0,2026-09-22 00:05:00+00:00,Mon 8:05PM
195916605,NFL Snake Showdown $5 4-Player (NYG @ LAR Snake),153461,Snake Showdown,5.0,0,4,1,18.0,2026-09-22 00:05:00+00:00,Mon 8:05PM
195777503,NFL Snake Showdown $50 4-Player (NYG @ LAR Snake),153461,Snake Showdown,50.0,0,4,1,180.0,2026-09-22 00:05:00+00:00,Mon 8:05PM
195777510,NFL Snake Showdown $530 4-Player (NYG @ LAR Snake),153461,Snake Showdown,530.0,0,4,1,2000.0,2026-09-22 00:05:00+00:00,Mon 8:05PM
195915334,NFL Snake Showdown $10 3-Player (NYG @ LAR Snake),153461,Snake Showdown,10.0,0,3,1,27.0,2026-09-22 00:07:00+00:00,Mon 8:07PM
195916730,NFL Snake Showdown $10 3-Player (NYG @ LAR Snake),153461,Snake Showdown,10.0,0,3,1,27.0,2026-09-22 00:07:00+00:00,Mon 8:07PM
195916761,NFL Snake Showdown $10 3-Player (NYG @ LAR Snake),153461,Snake Showdown,10.0,0,3,1,27.0,2026-09-22 00:07:00+00:00,Mon 8:07PM
195915708,NFL Snake Showdown $1 3-Player (NYG @ LAR Snake),153461,Snake Showdown,1.0,0,3,1,2.7,2026-09-22 00:07:00+00:00,Mon 8:07PM
195915862,NFL Snake Showdown $1 3-Player (NYG @ LAR Snake),153461,Snake Showdown,1.0,0,3,1,2.7,2026-09-22 00:07:00+00:00,Mon 8:07PM
195916829,NFL Snake Showdown $1 3-Player (NYG @ LAR Snake),153461,Snake Showdown,1.0,0,3,1,2.7,2026-09-22 00:07:00+00:00,Mon 8:07PM
195914892,NFL Snake Showdown $5 3-Player (NYG @ LAR Snake),153461,Snake Showdown,5.0,0,3,1,13.5,2026-09-22 00:07:00+00:00,Mon 8:07PM
195915992,NFL Snake Showdown $5 3-Player (NYG @ LAR Snake),153461,Snake Showdown,5.0,0,3,1,13.5,2026-09-22 00:07:00+00:00,Mon 8:07PM
195916731,NFL Snake Showdown $5 3-Player (NYG @ LAR Snake),153461,Snake Showdown,5.0,0,3,1,13.5,2026-09-22 00:07:00+00:00,Mon 8:07PM
195915300,NFL Snake Showdown $20 3-Player (NYG @ LAR Snake),153461,Snake Showdown,20.0,0,3,1,54.0,2026-09-22 00:07:00+00:00,Mon 8:07PM
195915819,NFL Snake Showdown $20 3-Player (NYG @ LAR Snake),153461,Snake Showdown,20.0,0,3,1,54.0,2026-09-22 00:07:00+00:00,Mon 8:07PM
195916480,NFL Snake Showdown $20 3-Player (NYG @ LAR Snake),153461,Snake Showdown,20.0,0,3,1,54.0,2026-09-22 00:07:00+00:00,Mon 8:07PM
195777500,NFL Snake Showdown $50 3-Player (NYG @ LAR Snake),153461,Snake Showdown,50.0,0,3,1,135.0,2026-09-22 00:07:00+00:00,Mon 8:07PM
195777501,NFL Snake Showdown $50 3-Player (NYG @ LAR Snake),153461,Snake Showdown,50.0,0,3,1,135.0,2026-09-22 00:07:00+00:00,Mon 8:07PM
195777502,NFL Snake Showdown $50 3-Player (NYG @ LAR Snake),153461,Snake Showdown,50.0,0,3,1,135.0,2026-09-22 00:07:00+00:00,Mon 8:07PM
195777504,NFL Snake Showdown $109 3-Player (NYG @ LAR Snake),153461,Snake Showdown,109.0,0,3,1,300.0,2026-09-22 00:07:00+00:00,Mon 8:07PM
195777505,NFL Snake Showdown $109 3-Player (NYG @ LAR Snake),153461,Snake Showdown,109.0,0,3,1,300.0,2026-09-22 00:07:00+00:00,Mon 8:07PM
195777506,NFL Snake Showdown $109 3-Player (NYG @ LAR Snake),153461,Snake Showdown,109.0,0,3,1,300.0,2026-09-22 00:07:00+00:00,Mon 8:07PM
195777508,NFL Snake Showdown $530 3-Player (NYG @ LAR Snake),153461,Snake Showdown,530.0,0,3,1,1500.0,2026-09-22 00:07:00+00:00,Mon 8:07PM
195777509,NFL Snake Showdown $530 3-Player (NYG @ LAR Snake),153461,Snake Showdown,530.0,0,3,1,1500.0,2026-09-22 00:07:00+00:00,Mon 8:07PM
195777511,"NFL Snake Showdown $1,060 3-Player (NYG @ LAR Snake)",153461,Snake Showdown,1060.0,0,3,1,3000.0,2026-09-22 00:07:00+00:00,Mon 8:07PM
195777512,"NFL Snake Showdown $2,120 3-Player (NYG @ LAR Snake)",153461,Snake Showdown,2120.0,0,3,1,6000.0,2026-09-22 00:07:00+00:00,Mon 8:07PM
195777513,"NFL Snake Showdown $5,300 3-Player (NYG @ LAR Snake)",153461,Snake Showdown,5300.0,0,3,1,15000.0,2026-09-22 00:07:00+00:00,Mon 8:07PM
195777514,"NFL Snake Showdown $10,600 3-Player (NYG @ LAR Snake)",153461,Snake Showdown,10600.0,0,3,1,30000.0,2026-09-22 00:07:00+00:00,Mon 8:07PM
195779515,NFL Showdown Satellite to MLB 9-29 $20 Postseason Opener [Must Fill] (NYG @ LAR),153449,Showdown Captain Mode,7.4,1,3,1,20.0,2026-09-22 00:15:00+00:00,Mon 8:15PM
195779509,NFL Showdown Satellite to NBA Best Ball $20 Shootaround [Must Fill] (NYG @ LAR),153449,Showdown Captain Mode,7.4,2,3,1,20.0,2026-09-22 00:15:00+00:00,Mon 8:15PM
195779526,NFL Showdown Satellite to NBA 10-20 $20 Opening Tip Off [Must Fill] (NYG @ LAR),153449,Showdown Captain Mode,7.4,1,3,1,20.0,2026-09-22 00:15:00+00:00,Mon 8:15PM
195779505,NFL Showdown Satellite to NHL 9-29 $15 Opening Night Puck Drop [Must Fill] (NYG @ LAR),153449,Showdown Captain Mode,5.55,2,3,1,15.0,2026-09-22 00:15:00+00:00,Mon 8:15PM
195777331,Casual NFL Showdown $50 50-50 (NYG @ LAR),153449,Showdown Captain Mode,50.0,1,10,1,450.0,2026-09-22 00:15:00+00:00,Mon 8:15PM
195777347,Casual NFL Showdown $20 3-Player (NYG @ LAR),153449,Showdown Captain Mode,20.0,2,3,1,54.0,2026-09-22 00:15:00+00:00,Mon 8:15PM
195777349,Casual NFL Showdown $20 3-Player (NYG @ LAR),153449,Showdown Captain Mode,20.0,1,3,1,54.0,2026-09-22 00:15:00+00:00,Mon 8:15PM
195777333,Casual NFL Showdown $10 50-50 (NYG @ LAR),153449,Showdown Captain Mode,10.0,1,10,1,90.0,2026-09-22 00:15:00+00:00,Mon 8:15PM
195777354,Casual NFL Showdown $10 3-Player (NYG @ LAR),153449,Showdown Captain Mode,10.0,2,3,1,27.0,2026-09-22 00:15:00+00:00,Mon 8:15PM
195777339,Casual NFL Showdown $3 50-50 (NYG @ LAR),153449,Showdown Captain Mode,3.0,2,10,1,27.0,2026-09-22 00:15:00+00:00,Mon 8:15PM
195777340,Casual NFL Showdown $3 50-50 (NYG @ LAR),153449,Showdown Captain Mode,3.0,1,10,1,27.0,2026-09-22 00:15:00+00:00,Mon 8:15PM
195777341,Casual NFL Showdown $3 50-50 (NYG @ LAR),153449,Showdown Captain Mode,3.0,1,10,1,27.0,2026-09-22 00:15:00+00:00,Mon 8:15PM
195901923,Casual NFL Showdown $3 50-50 (NYG @ LAR),153449,Showdown Captain Mode,3.0,1,10,1,27.0,2026-09-22 00:15:00+00:00,Mon 8:15PM
195777342,Casual NFL Showdown $1 50-50 (NYG @ LAR),153449,Showdown Captain Mode,1.0,2,10,1,9.0,2026-09-22 00:15:00+00:00,Mon 8:15PM
195777343,Casual NFL Showdown $1 50-50 (NYG @ LAR),153449,Showdown Captain Mode,1.0,1,10,1,9.0,2026-09-22 00:15:00+00:00,Mon 8:15PM
195777344,Casual NFL Showdown $1 50-50 (NYG @ LAR),153449,Showdown Captain Mode,1.0,1,10,1,9.0,2026-09-22 00:15:00+00:00,Mon 8:15PM
195777368,Casual NFL Showdown $1 5-Player (NYG @ LAR),153449,Showdown Captain Mode,1.0,1,5,1,4.5,2026-09-22 00:15:00+00:00,Mon 8:15PM
195777371,Casual NFL Showdown $1 3-Player (NYG @ LAR),153449,Showdown Captain Mode,1.0,1,3,1,2.7,2026-09-22 00:15:00+00:00,Mon 8:15PM
195777256,Beginner NFL Showdown $5 50-50 (NYG @ LAR),153449,Showdown Captain Mode,5.0,1,10,1,45.0,2026-09-22 00:15:00+00:00,Mon 8:15PM
195777251,Beginner NFL Showdown $3 50-50 (NYG @ LAR),153449,Showdown Captain Mode,3.0,1,10,1,27.0,2026-09-22 00:15:00+00:00,Mon 8:15PM
195777284,"NFL Showdown $10,600 3-Player (NYG @ LAR)",153449,Showdown Captain Mode,10600.0,1,3,1,30000.0,2026-09-22 00:15:00+00:00,Mon 8:15PM
195777285,"NFL Showdown $10,600 3-Player (NYG @ LAR)",153449,Showdown Captain Mode,10600.0,1,3,1,30000.0,2026-09-22 00:15:00+00:00,Mon 8:15PM
195904013,"NFL Showdown $10,600 3-Player (NYG @ LAR)",153449,Showdown Captain Mode,10600.0,1,3,1,30000.0,2026-09-22 00:15:00+00:00,Mon 8:15PM
195904014,"NFL Showdown $10,600 3-Player (NYG @ LAR)",153449,Showdown Captain Mode,10600.0,1,3,1,30000.0,2026-09-22 00:15:00+00:00,Mon 8:15PM
195777286,"NFL Showdown $5,300 3-Player (NYG @ LAR)",153449,Showdown Captain Mode,5300.0,1,3,1,15000.0,2026-09-22 00:15:00+00:00,Mon 8:15PM
195777287,"NFL Showdown $5,300 3-Player (NYG @ LAR)",153449,Showdown Captain Mode,5300.0,1,3,1,15000.0,2026-09-22 00:15:00+00:00,Mon 8:15PM
195904015,"NFL Showdown $5,300 3-Player (NYG @ LAR)",153449,Showdown Captain Mode,5300.0,1,3,1,15000.0,2026-09-22 00:15:00+00:00,Mon 8:15PM
195904016,"NFL Showdown $5,300 3-Player (NYG @ LAR)",153449,Showdown Captain Mode,5300.0,1,3,1,15000.0,2026-09-22 00:15:00+00:00,Mon 8:15PM
195777318,"NFL Showdown $2,120 3-Player (NYG @ LAR)",153449,Showdown Captain Mode,2120.0,1,3,1,6000.0,2026-09-22 00:15:00+00:00,Mon 8:15PM
195777319,"NFL Showdown $2,120 3-Player (NYG @ LAR)",153449,Showdown Captain Mode,2120.0,1,3,1,6000.0,2026-09-22 00:15:00+00:00,Mon 8:15PM
195777175,"NFL Showdown $1,060 5-Player (NYG @ LAR)",153449,Showdown Captain Mode,1060.0,1,5,1,5000.0,2026-09-22 00:15:00+00:00,Mon 8:15PM
195777292,"NFL Showdown $1,060 3-Player (NYG @ LAR)",153449,Showdown Captain Mode,1060.0,1,3,1,3000.0,2026-09-22 00:15:00+00:00,Mon 8:15PM
195777293,"NFL Showdown $1,060 3-Player (NYG @ LAR)",153449,Showdown Captain Mode,1060.0,1,3,1,3000.0,2026-09-22 00:15:00+00:00,Mon 8:15PM
195777296,NFL Showdown $530 3-Player (NYG @ LAR),153449,Showdown Captain Mode,530.0,2,3,1,1500.0,2026-09-22 00:15:00+00:00,Mon 8:15PM
195777297,NFL Showdown $530 3-Player (NYG @ LAR),153449,Showdown Captain Mode,530.0,1,3,1,1500.0,2026-09-22 00:15:00+00:00,Mon 8:15PM
195777298,NFL Showdown $270 3-Player (NYG @ LAR),153449,Showdown Captain Mode,270.0,1,3,1,750.0,2026-09-22 00:15:00+00:00,Mon 8:15PM
195777299,NFL Showdown $270 3-Player (NYG @ LAR),153449,Showdown Captain Mode,270.0,1,3,1,750.0,2026-09-22 00:15:00+00:00,Mon 8:15PM
195777196,NFL Showdown $162 3-Player (NYG @ LAR),153449,Showdown Captain Mode,162.0,1,3,1,450.0,2026-09-22 00:15:00+00:00,Mon 8:15PM
195777197,NFL Showdown $162 3-Player (NYG @ LAR),153449,Showdown Captain Mode,162.0,1,3,1,450.0,2026-09-22 00:15:00+00:00,Mon 8:15PM
195904011,NFL Showdown $162 3-Player (NYG @ LAR),153449,Showdown Captain Mode,162.0,1,3,1,450.0,2026-09-22 00:15:00+00:00,Mon 8:15PM
195777301,NFL Showdown $109 50-50 (NYG @ LAR),153449,Showdown Captain Mode,109.0,2,4,1,400.0,2026-09-22 00:15:00+00:00,Mon 8:15PM
195913045,NFL Showdown $109 5-Player (Winner Takes All) (NYG @ LAR),153449,Showdown Captain Mode,109.0,2,5,1,500.0,2026-09-22 00:15:00+00:00,Mon 8:15PM
195777305,NFL Showdown $109 3-Player (NYG @ LAR),153449,Showdown Captain Mode,109.0,1,3,1,300.0,2026-09-22 00:15:00+00:00,Mon 8:15PM
195777306,NFL Showdown $109 3-Player (NYG @ LAR),153449,Showdown Captain Mode,109.0,1,3,1,300.0,2026-09-22 00:15:00+00:00,Mon 8:15PM
195777307,NFL Showdown $109 3-Player (NYG @ LAR),153449,Showdown Captain Mode,109.0,1,3,1,300.0,2026-09-22 00:15:00+00:00,Mon 8:15PM
195777381,NFL Showdown $50 Double Up (NYG @ LAR),153449,Showdown Captain Mode,50.0,2,22,1,1000.0,2026-09-22 00:15:00+00:00,Mon 8:15PM
195777380,NFL Showdown $50 Double Up (NYG @ LAR),153449,Showdown Captain Mode,50.0,1,11,1,500.0,2026-09-22 00:15:00+00:00,Mon 8:15PM
195777150,NFL Showdown $50 3-Player (NYG @ LAR),153449,Showdown Captain Mode,50.0,1,3,1,135.0,2026-09-22 00:15:00+00:00,Mon 8:15PM
195777151,NFL Showdown $50 3-Player (NYG @ LAR),153449,Showdown Captain Mode,50.0,1,3,1,135.0,2026-09-22 00:15:00+00:00,Mon 8:15PM
195777152,NFL Showdown $50 3-Player (NYG @ LAR),153449,Showdown Captain Mode,50.0,2,3,1,135.0,2026-09-22 00:15:00+00:00,Mon 8:15PM
195777379,NFL Showdown $25 Double Up (NYG @ LAR),153449,Showdown Captain Mode,25.0,1,22,1,500.0,2026-09-22 00:15:00+00:00,Mon 8:15PM
195777378,NFL Showdown $25 Double Up (NYG @ LAR),153449,Showdown Captain Mode,25.0,1,11,1,250.0,2026-09-22 00:15:00+00:00,Mon 8:15PM
195777392,NFL Showdown $20 100-Player (NYG @ LAR),153449,Showdown Captain Mode,20.0,2,100,1,1800.0,2026-09-22 00:15:00+00:00,Mon 8:15PM
195777168,NFL Showdown $20 3-Player (NYG @ LAR),153449,Showdown Captain Mode,20.0,2,3,1,54.0,2026-09-22 00:15:00+00:00,Mon 8:15PM
195777169,NFL Showdown $20 3-Player (NYG @ LAR),153449,Showdown Captain Mode,20.0,1,3,1,54.0,2026-09-22 00:15:00+00:00,Mon 8:15PM
195777376,NFL Showdown $10 Double Up (NYG @ LAR),153449,Showdown Captain Mode,10.0,1,11,1,100.0,2026-09-22 00:15:00+00:00,Mon 8:15PM
195777377,NFL Showdown $10 Double Up (NYG @ LAR),153449,Showdown Captain Mode,10.0,1,11,1,100.0,2026-09-22 00:15:00+00:00,Mon 8:15PM
195777391,NFL Showdown $10 100-Player (NYG @ LAR),153449,Showdown Captain Mode,10.0,2,100,1,900.0,2026-09-22 00:15:00+00:00,Mon 8:15PM
195915850,NFL Showdown $10 100-Player (NYG @ LAR),153449,Showdown Captain Mode,10.0,1,100,1,900.0,2026-09-22 00:15:00+00:00,Mon 8:15PM
195915877,NFL Showdown $10 100-Player (NYG @ LAR),153449,Showdown Captain Mode,10.0,1,100,1,900.0,2026-09-22 00:15:00+00:00,Mon 8:15PM
195832063,NFL Showdown $10 3-Player (NYG @ LAR),153449,Showdown Captain Mode,10.0,1,3,1,27.0,2026-09-22 00:15:00+00:00,Mon 8:15PM
195832065,NFL Showdown $10 3-Player (NYG @ LAR),153449,Showdown Captain Mode,10.0,1,3,1,27.0,2026-09-22 00:15:00+00:00,Mon 8:15PM
195832066,NFL Showdown $10 3-Player (NYG @ LAR),153449,Showdown Captain Mode,10.0,1,3,1,27.0,2026-09-22 00:15:00+00:00,Mon 8:15PM
195777282,NFL Showdown $5 50-50 (NYG @ LAR),153449,Showdown Captain Mode,5.0,1,100,1,450.0,2026-09-22 00:15:00+00:00,Mon 8:15PM
195777382,NFL Showdown $5 Double Up (NYG @ LAR),153449,Showdown Captain Mode,5.0,1,11,1,50.0,2026-09-22 00:15:00+00:00,Mon 8:15PM
195777383,NFL Showdown $5 Double Up (NYG @ LAR),153449,Showdown Captain Mode,5.0,1,11,1,50.0,2026-09-22 00:15:00+00:00,Mon 8:15PM
195777390,NFL Showdown $5 100-Player (NYG @ LAR),153449,Showdown Captain Mode,5.0,1,100,1,450.0,2026-09-22 00:15:00+00:00,Mon 8:15PM
195915879,NFL Showdown $5 100-Player (NYG @ LAR),153449,Showdown Captain Mode,5.0,2,100,1,450.0,2026-09-22 00:15:00+00:00,Mon 8:15PM
195914701,NFL Showdown $5 16-Player (Winner Takes All) (NYG @ LAR),153449,Showdown Captain Mode,5.0,2,16,1,72.0,2026-09-22 00:15:00+00:00,Mon 8:15PM
195912053,NFL Showdown $5 10-Player (Winner Takes All) (NYG @ LAR),153449,Showdown Captain Mode,5.0,8,10,1,45.0,2026-09-22 00:15:00+00:00,Mon 8:15PM
195916009,NFL Showdown $5 6-Player (Top 3 Win) (NYG @ LAR),153449,Showdown Captain Mode,5.0,1,6,1,27.0,2026-09-22 00:15:00+00:00,Mon 8:15PM
195777163,NFL Showdown $5 3-Player (NYG @ LAR),153449,Showdown Captain Mode,5.0,2,3,1,13.5,2026-09-22 00:15:00+00:00,Mon 8:15PM
195832069,NFL Showdown $5 3-Player (NYG @ LAR),153449,Showdown Captain Mode,5.0,1,3,1,13.5,2026-09-22 00:15:00+00:00,Mon 8:15PM
195832070,NFL Showdown $5 3-Player (NYG @ LAR),153449,Showdown Captain Mode,5.0,1,3,1,13.5,2026-09-22 00:15:00+00:00,Mon 8:15PM
195904002,NFL Showdown $5 3-Player (NYG @ LAR),153449,Showdown Captain Mode,5.0,1,3,1,13.5,2026-09-22 00:15:00+00:00,Mon 8:15PM
195777139,NFL Showdown $5 3-Player (NYG @ LAR),153449,Showdown Captain Mode,5.0,1,3,1,13.5,2026-09-22 00:15:00+00:00,Mon 8:15PM
195777140,NFL Showdown $5 3-Player (NYG @ LAR),153449,Showdown Captain Mode,5.0,2,3,1,13.5,2026-09-22 00:15:00+00:00,Mon 8:15PM
195777141,NFL Showdown $5 3-Player (NYG @ LAR),153449,Showdown Captain Mode,5.0,1,3,1,13.5,2026-09-22 00:15:00+00:00,Mon 8:15PM
195903995,NFL Showdown $5 3-Player (NYG @ LAR),153449,Showdown Captain Mode,5.0,1,3,1,13.5,2026-09-22 00:15:00+00:00,Mon 8:15PM
195903996,NFL Showdown $5 3-Player (NYG @ LAR),153449,Showdown Captain Mode,5.0,1,3,1,13.5,2026-09-22 00:15:00+00:00,Mon 8:15PM
195777384,NFL Showdown $3 Double Up (NYG @ LAR),153449,Showdown Captain Mode,3.0,3,11,1,30.0,2026-09-22 00:15:00+00:00,Mon 8:15PM
195777385,NFL Showdown $3 Double Up (NYG @ LAR),153449,Showdown Captain Mode,3.0,2,11,1,30.0,2026-09-22 00:15:00+00:00,Mon 8:15PM
195786785,NFL Showdown $3 Double Up (NYG @ LAR),153449,Showdown Captain Mode,3.0,1,11,1,30.0,2026-09-22 00:15:00+00:00,Mon 8:15PM
195786786,NFL Showdown $3 Double Up (NYG @ LAR),153449,Showdown Captain Mode,3.0,1,11,1,30.0,2026-09-22 00:15:00+00:00,Mon 8:15PM
195841237,NFL Showdown $3 Double Up (NYG @ LAR),153449,Showdown Captain Mode,3.0,1,11,1,30.0,2026-09-22 00:15:00+00:00,Mon 8:15PM
195841238,NFL Showdown $3 Double Up (NYG @ LAR),153449,Showdown Captain Mode,3.0,2,11,1,30.0,2026-09-22 00:15:00+00:00,Mon 8:15PM
195900323,NFL Showdown $3 Double Up (NYG @ LAR),153449,Showdown Captain Mode,3.0,1,11,1,30.0,2026-09-22 00:15:00+00:00,Mon 8:15PM
195900324,NFL Showdown $3 Double Up (NYG @ LAR),153449,Showdown Captain Mode,3.0,1,11,1,30.0,2026-09-22 00:15:00+00:00,Mon 8:15PM
195777283,NFL Showdown $2 50-50 (NYG @ LAR),153449,Showdown Captain Mode,2.0,2,100,1,180.0,2026-09-22 00:15:00+00:00,Mon 8:15PM
195786781,NFL Showdown $2 50-50 (NYG @ LAR),153449,Showdown Captain Mode,2.0,2,100,1,180.0,2026-09-22 00:15:00+00:00,Mon 8:15PM
195841233,NFL Showdown $2 50-50 (NYG @ LAR),153449,Showdown Captain Mode,2.0,2,100,1,180.0,2026-09-22 00:15:00+00:00,Mon 8:15PM
195900322,NFL Showdown $2 50-50 (NYG @ LAR),153449,Showdown Captain Mode,2.0,1,100,1,180.0,2026-09-22 00:15:00+00:00,Mon 8:15PM
195777314,NFL Showdown $2 50-50 (NYG @ LAR),153449,Showdown Captain Mode,2.0,2,50,1,90.0,2026-09-22 00:15:00+00:00,Mon 8:15PM
195786784,NFL Showdown $2 50-50 (NYG @ LAR),153449,Showdown Captain Mode,2.0,2,50,1,90.0,2026-09-22 00:15:00+00:00,Mon 8:15PM
195841236,NFL Showdown $2 50-50 (NYG @ LAR),153449,Showdown Captain Mode,2.0,1,50,1,90.0,2026-09-22 00:15:00+00:00,Mon 8:15PM
195777304,NFL Showdown $2 50-50 (NYG @ LAR),153449,Showdown Captain Mode,2.0,2,20,1,36.0,2026-09-22 00:15:00+00:00,Mon 8:15PM
195786782,NFL Showdown $2 50-50 (NYG @ LAR),153449,Showdown Captain Mode,2.0,2,20,1,36.0,2026-09-22 00:15:00+00:00,Mon 8:15PM
195841234,NFL Showdown $2 50-50 (NYG @ LAR),153449,Showdown Captain Mode,2.0,1,20,1,36.0,2026-09-22 00:15:00+00:00,Mon 8:15PM
195777136,NFL Showdown $2 50-50 (NYG @ LAR),153449,Showdown Captain Mode,2.0,2,20,1,36.0,2026-09-22 00:15:00+00:00,Mon 8:15PM
195777137,NFL Showdown $2 50-50 (NYG @ LAR),153449,Showdown Captain Mode,2.0,2,20,1,36.0,2026-09-22 00:15:00+00:00,Mon 8:15PM
195777138,NFL Showdown $2 50-50 (NYG @ LAR),153449,Showdown Captain Mode,2.0,1,20,1,36.0,2026-09-22 00:15:00+00:00,Mon 8:15PM
195786770,NFL Showdown $2 50-50 (NYG @ LAR),153449,Showdown Captain Mode,2.0,1,20,1,36.0,2026-09-22 00:15:00+00:00,Mon 8:15PM
195786771,NFL Showdown $2 50-50 (NYG @ LAR),153449,Showdown Captain Mode,2.0,1,20,1,36.0,2026-09-22 00:15:00+00:00,Mon 8:15PM
195786772,NFL Showdown $2 50-50 (NYG @ LAR),153449,Showdown Captain Mode,2.0,1,20,1,36.0,2026-09-22 00:15:00+00:00,Mon 8:15PM
195777273,NFL Showdown $2 50-50 (NYG @ LAR),153449,Showdown Captain Mode,2.0,1,10,1,18.0,2026-09-22 00:15:00+00:00,Mon 8:15PM
195777274,NFL Showdown $2 50-50 (NYG @ LAR),153449,Showdown Captain Mode,2.0,1,10,1,18.0,2026-09-22 00:15:00+00:00,Mon 8:15PM
195777275,NFL Showdown $2 50-50 (NYG @ LAR),153449,Showdown Captain Mode,2.0,1,10,1,18.0,2026-09-22 00:15:00+00:00,Mon 8:15PM
195786817,NFL Showdown $2 50-50 (NYG @ LAR),153449,Showdown Captain Mode,2.0,1,10,1,18.0,2026-09-22 00:15:00+00:00,Mon 8:15PM
195786818,NFL Showdown $2 50-50 (NYG @ LAR),153449,Showdown Captain Mode,2.0,1,10,1,18.0,2026-09-22 00:15:00+00:00,Mon 8:15PM
195786819,NFL Showdown $2 50-50 (NYG @ LAR),153449,Showdown Captain Mode,2.0,1,10,1,18.0,2026-09-22 00:15:00+00:00,Mon 8:15PM
195777389,NFL Showdown $2 100-Player (NYG @ LAR),153449,Showdown Captain Mode,2.0,1,100,1,180.0,2026-09-22 00:15:00+00:00,Mon 8:15PM
195786788,NFL Showdown $2 100-Player (NYG @ LAR),153449,Showdown Captain Mode,2.0,1,100,1,180.0,2026-09-22 00:15:00+00:00,Mon 8:15PM
195841242,NFL Showdown $2 100-Player (NYG @ LAR),153449,Showdown Captain Mode,2.0,1,100,1,180.0,2026-09-22 00:15:00+00:00,Mon 8:15PM
195777212,NFL Showdown $2 40-Player (NYG @ LAR),153449,Showdown Captain Mode,2.0,1,40,1,72.0,2026-09-22 00:15:00+00:00,Mon 8:15PM
195777213,NFL Showdown $2 40-Player (NYG @ LAR),153449,Showdown Captain Mode,2.0,1,40,1,72.0,2026-09-22 00:15:00+00:00,Mon 8:15PM
195786778,NFL Showdown $2 40-Player (NYG @ LAR),153449,Showdown Captain Mode,2.0,1,40,1,72.0,2026-09-22 00:15:00+00:00,Mon 8:15PM
195786779,NFL Showdown $2 40-Player (NYG @ LAR),153449,Showdown Captain Mode,2.0,1,40,1,72.0,2026-09-22 00:15:00+00:00,Mon 8:15PM
195777207,NFL Showdown $2 20-Player (NYG @ LAR),153449,Showdown Captain Mode,2.0,1,20,1,36.0,2026-09-22 00:15:00+00:00,Mon 8:15PM
195777208,NFL Showdown $2 20-Player (NYG @ LAR),153449,Showdown Captain Mode,2.0,1,20,1,36.0,2026-09-22 00:15:00+00:00,Mon 8:15PM
195777209,NFL Showdown $2 20-Player (NYG @ LAR),153449,Showdown Captain Mode,2.0,1,20,1,36.0,2026-09-22 00:15:00+00:00,Mon 8:15PM
195786773,NFL Showdown $2 20-Player (NYG @ LAR),153449,Showdown Captain Mode,2.0,1,20,1,36.0,2026-09-22 00:15:00+00:00,Mon 8:15PM
195786774,NFL Showdown $2 20-Player (NYG @ LAR),153449,Showdown Captain Mode,2.0,1,20,1,36.0,2026-09-22 00:15:00+00:00,Mon 8:15PM
195786775,NFL Showdown $2 20-Player (NYG @ LAR),153449,Showdown Captain Mode,2.0,1,20,1,36.0,2026-09-22 00:15:00+00:00,Mon 8:15PM
195777113,NFL Showdown $2 10-Player (NYG @ LAR),153449,Showdown Captain Mode,2.0,1,10,1,18.0,2026-09-22 00:15:00+00:00,Mon 8:15PM
195777114,NFL Showdown $2 10-Player (NYG @ LAR),153449,Showdown Captain Mode,2.0,3,10,1,18.0,2026-09-22 00:15:00+00:00,Mon 8:15PM
195777115,NFL Showdown $2 10-Player (NYG @ LAR),153449,Showdown Captain Mode,2.0,1,10,1,18.0,2026-09-22 00:15:00+00:00,Mon 8:15PM
195786793,NFL Showdown $2 10-Player (NYG @ LAR),153449,Showdown Captain Mode,2.0,1,10,1,18.0,2026-09-22 00:15:00+00:00,Mon 8:15PM
195786794,NFL Showdown $2 10-Player (NYG @ LAR),153449,Showdown Captain Mode,2.0,1,10,1,18.0,2026-09-22 00:15:00+00:00,Mon 8:15PM
195786795,NFL Showdown $2 10-Player (NYG @ LAR),153449,Showdown Captain Mode,2.0,1,10,1,18.0,2026-09-22 00:15:00+00:00,Mon 8:15PM
195914685,NFL Showdown $2 8-Player (Winner Takes All) (NYG @ LAR),153449,Showdown Captain Mode,2.0,2,8,1,14.4,2026-09-22 00:15:00+00:00,Mon 8:15PM
195777110,NFL Showdown $2 5-Player (NYG @ LAR),153449,Showdown Captain Mode,2.0,1,5,1,9.0,2026-09-22 00:15:00+00:00,Mon 8:15PM
195777111,NFL Showdown $2 5-Player (NYG @ LAR),153449,Showdown Captain Mode,2.0,1,5,1,9.0,2026-09-22 00:15:00+00:00,Mon 8:15PM
195777112,NFL Showdown $2 5-Player (NYG @ LAR),153449,Showdown Captain Mode,2.0,1,5,1,9.0,2026-09-22 00:15:00+00:00,Mon 8:15PM
195786790,NFL Showdown $2 5-Player (NYG @ LAR),153449,Showdown Captain Mode,2.0,1,5,1,9.0,2026-09-22 00:15:00+00:00,Mon 8:15PM
195786791,NFL Showdown $2 5-Player (NYG @ LAR),153449,Showdown Captain Mode,2.0,1,5,1,9.0,2026-09-22 00:15:00+00:00,Mon 8:15PM
195786792,NFL Showdown $2 5-Player (NYG @ LAR),153449,Showdown Captain Mode,2.0,1,5,1,9.0,2026-09-22 00:15:00+00:00,Mon 8:15PM
195777158,NFL Showdown $2 3-Player (NYG @ LAR),153449,Showdown Captain Mode,2.0,1,3,1,5.4,2026-09-22 00:15:00+00:00,Mon 8:15PM
195777159,NFL Showdown $2 3-Player (NYG @ LAR),153449,Showdown Captain Mode,2.0,1,3,1,5.4,2026-09-22 00:15:00+00:00,Mon 8:15PM
195777160,NFL Showdown $2 3-Player (NYG @ LAR),153449,Showdown Captain Mode,2.0,1,3,1,5.4,2026-09-22 00:15:00+00:00,Mon 8:15PM
195786805,NFL Showdown $2 3-Player (NYG @ LAR),153449,Showdown Captain Mode,2.0,1,3,1,5.4,2026-09-22 00:15:00+00:00,Mon 8:15PM
195786806,NFL Showdown $2 3-Player (NYG @ LAR),153449,Showdown Captain Mode,2.0,1,3,1,5.4,2026-09-22 00:15:00+00:00,Mon 8:15PM
195786807,NFL Showdown $2 3-Player (NYG @ LAR),153449,Showdown Captain Mode,2.0,1,3,1,5.4,2026-09-22 00:15:00+00:00,Mon 8:15PM
195841210,NFL Showdown $2 3-Player (NYG @ LAR),153449,Showdown Captain Mode,2.0,1,3,1,5.4,2026-09-22 00:15:00+00:00,Mon 8:15PM
195841211,NFL Showdown $2 3-Player (NYG @ LAR),153449,Showdown Captain Mode,2.0,1,3,1,5.4,2026-09-22 00:15:00+00:00,Mon 8:15PM
195841212,NFL Showdown $2 3-Player (NYG @ LAR),153449,Showdown Captain Mode,2.0,2,3,1,5.4,2026-09-22 00:15:00+00:00,Mon 8:15PM
195915573,NFL Showdown $2 3-Player (NYG @ LAR),153449,Showdown Captain Mode,2.0,1,3,1,5.4,2026-09-22 00:15:00+00:00,Mon 8:15PM
195915574,NFL Showdown $2 3-Player (NYG @ LAR),153449,Showdown Captain Mode,2.0,1,3,1,5.4,2026-09-22 00:15:00+00:00,Mon 8:15PM
195916654,NFL Showdown $2 3-Player (Winner Takes All) (NYG @ LAR),153449,Showdown Captain Mode,2.0,2,3,1,5.4,2026-09-22 00:15:00+00:00,Mon 8:15PM
195777281,NFL Showdown $1 50-50 (NYG @ LAR),153449,Showdown Captain Mode,1.0,5,100,1,90.0,2026-09-22 00:15:00+00:00,Mon 8:15PM
195786780,NFL Showdown $1 50-50 (NYG @ LAR),153449,Showdown Captain Mode,1.0,2,100,1,90.0,2026-09-22 00:15:00+00:00,Mon 8:15PM
195841232,NFL Showdown $1 50-50 (NYG @ LAR),153449,Showdown Captain Mode,1.0,1,100,1,90.0,2026-09-22 00:15:00+00:00,Mon 8:15PM
195777313,NFL Showdown $1 50-50 (NYG @ LAR),153449,Showdown Captain Mode,1.0,2,50,1,45.0,2026-09-22 00:15:00+00:00,Mon 8:15PM
195786783,NFL Showdown $1 50-50 (NYG @ LAR),153449,Showdown Captain Mode,1.0,2,50,1,45.0,2026-09-22 00:15:00+00:00,Mon 8:15PM
195777147,NFL Showdown $1 50-50 (NYG @ LAR),153449,Showdown Captain Mode,1.0,1,20,1,18.0,2026-09-22 00:15:00+00:00,Mon 8:15PM
195777148,NFL Showdown $1 50-50 (NYG @ LAR),153449,Showdown Captain Mode,1.0,1,20,1,18.0,2026-09-22 00:15:00+00:00,Mon 8:15PM
195777149,NFL Showdown $1 50-50 (NYG @ LAR),153449,Showdown Captain Mode,1.0,1,20,1,18.0,2026-09-22 00:15:00+00:00,Mon 8:15PM
195786799,NFL Showdown $1 50-50 (NYG @ LAR),153449,Showdown Captain Mode,1.0,1,20,1,18.0,2026-09-22 00:15:00+00:00,Mon 8:15PM
195786800,NFL Showdown $1 50-50 (NYG @ LAR),153449,Showdown Captain Mode,1.0,1,20,1,18.0,2026-09-22 00:15:00+00:00,Mon 8:15PM
195786801,NFL Showdown $1 50-50 (NYG @ LAR),153449,Showdown Captain Mode,1.0,1,20,1,18.0,2026-09-22 00:15:00+00:00,Mon 8:15PM
195841208,NFL Showdown $1 50-50 (NYG @ LAR),153449,Showdown Captain Mode,1.0,1,20,1,18.0,2026-09-22 00:15:00+00:00,Mon 8:15PM
195777270,NFL Showdown $1 50-50 (NYG @ LAR),153449,Showdown Captain Mode,1.0,2,10,1,9.0,2026-09-22 00:15:00+00:00,Mon 8:15PM
195777271,NFL Showdown $1 50-50 (NYG @ LAR),153449,Showdown Captain Mode,1.0,2,10,1,9.0,2026-09-22 00:15:00+00:00,Mon 8:15PM
195777272,NFL Showdown $1 50-50 (NYG @ LAR),153449,Showdown Captain Mode,1.0,2,10,1,9.0,2026-09-22 00:15:00+00:00,Mon 8:15PM
195786814,NFL Showdown $1 50-50 (NYG @ LAR),153449,Showdown Captain Mode,1.0,1,10,1,9.0,2026-09-22 00:15:00+00:00,Mon 8:15PM
195786815,NFL Showdown $1 50-50 (NYG @ LAR),153449,Showdown Captain Mode,1.0,1,10,1,9.0,2026-09-22 00:15:00+00:00,Mon 8:15PM
195786816,NFL Showdown $1 50-50 (NYG @ LAR),153449,Showdown Captain Mode,1.0,5,10,1,9.0,2026-09-22 00:15:00+00:00,Mon 8:15PM
195841226,NFL Showdown $1 50-50 (NYG @ LAR),153449,Showdown Captain Mode,1.0,1,10,1,9.0,2026-09-22 00:15:00+00:00,Mon 8:15PM
195841227,NFL Showdown $1 50-50 (NYG @ LAR),153449,Showdown Captain Mode,1.0,1,10,1,9.0,2026-09-22 00:15:00+00:00,Mon 8:15PM
195841228,NFL Showdown $1 50-50 (NYG @ LAR),153449,Showdown Captain Mode,1.0,1,10,1,9.0,2026-09-22 00:15:00+00:00,Mon 8:15PM
195777386,NFL Showdown $1 Double Up (NYG @ LAR),153449,Showdown Captain Mode,1.0,6,11,1,10.0,2026-09-22 00:15:00+00:00,Mon 8:15PM
195777387,NFL Showdown $1 Double Up (NYG @ LAR),153449,Showdown Captain Mode,1.0,3,11,1,10.0,2026-09-22 00:15:00+00:00,Mon 8:15PM
195786820,NFL Showdown $1 Double Up (NYG @ LAR),153449,Showdown Captain Mode,1.0,2,11,1,10.0,2026-09-22 00:15:00+00:00,Mon 8:15PM
195786821,NFL Showdown $1 Double Up (NYG @ LAR),153449,Showdown Captain Mode,1.0,2,11,1,10.0,2026-09-22 00:15:00+00:00,Mon 8:15PM
195841239,NFL Showdown $1 Double Up (NYG @ LAR),153449,Showdown Captain Mode,1.0,1,11,1,10.0,2026-09-22 00:15:00+00:00,Mon 8:15PM
195841240,NFL Showdown $1 Double Up (NYG @ LAR),153449,Showdown Captain Mode,1.0,1,11,1,10.0,2026-09-22 00:15:00+00:00,Mon 8:15PM
195777388,NFL Showdown $1 100-Player (NYG @ LAR),153449,Showdown Captain Mode,1.0,1,100,1,90.0,2026-09-22 00:15:00+00:00,Mon 8:15PM
195786787,NFL Showdown $1 100-Player (NYG @ LAR),153449,Showdown Captain Mode,1.0,1,100,1,90.0,2026-09-22 00:15:00+00:00,Mon 8:15PM
195777210,NFL Showdown $1 40-Player (NYG @ LAR),153449,Showdown Captain Mode,1.0,1,40,1,36.0,2026-09-22 00:15:00+00:00,Mon 8:15PM
195777211,NFL Showdown $1 40-Player (NYG @ LAR),153449,Showdown Captain Mode,1.0,1,40,1,36.0,2026-09-22 00:15:00+00:00,Mon 8:15PM
195786776,NFL Showdown $1 40-Player (NYG @ LAR),153449,Showdown Captain Mode,1.0,1,40,1,36.0,2026-09-22 00:15:00+00:00,Mon 8:15PM
195786777,NFL Showdown $1 40-Player (NYG @ LAR),153449,Showdown Captain Mode,1.0,1,40,1,36.0,2026-09-22 00:15:00+00:00,Mon 8:15PM
195914699,NFL Showdown $1 25-Player (Winner Takes All) (NYG @ LAR),153449,Showdown Captain Mode,1.0,2,25,1,22.5,2026-09-22 00:15:00+00:00,Mon 8:15PM
195777204,NFL Showdown $1 20-Player (NYG @ LAR),153449,Showdown Captain Mode,1.0,1,20,1,18.0,2026-09-22 00:15:00+00:00,Mon 8:15PM
195777205,NFL Showdown $1 20-Player (NYG @ LAR),153449,Showdown Captain Mode,1.0,1,20,1,18.0,2026-09-22 00:15:00+00:00,Mon 8:15PM
195777206,NFL Showdown $1 20-Player (NYG @ LAR),153449,Showdown Captain Mode,1.0,1,20,1,18.0,2026-09-22 00:15:00+00:00,Mon 8:15PM
195786811,NFL Showdown $1 20-Player (NYG @ LAR),153449,Showdown Captain Mode,1.0,1,20,1,18.0,2026-09-22 00:15:00+00:00,Mon 8:15PM
195786812,NFL Showdown $1 20-Player (NYG @ LAR),153449,Showdown Captain Mode,1.0,1,20,1,18.0,2026-09-22 00:15:00+00:00,Mon 8:15PM
195786813,NFL Showdown $1 20-Player (NYG @ LAR),153449,Showdown Captain Mode,1.0,1,20,1,18.0,2026-09-22 00:15:00+00:00,Mon 8:15PM
195914697,NFL Showdown $1 18-Player (Winner Takes All) (NYG @ LAR),153449,Showdown Captain Mode,1.0,2,18,1,16.2,2026-09-22 00:15:00+00:00,Mon 8:15PM
195915875,NFL Showdown $1 12-Player (Winner Takes All) (NYG @ LAR),153449,Showdown Captain Mode,1.0,2,12,1,10.8,2026-09-22 00:15:00+00:00,Mon 8:15PM
195777172,NFL Showdown $1 10-Player (NYG @ LAR),153449,Showdown Captain Mode,1.0,1,10,1,9.0,2026-09-22 00:15:00+00:00,Mon 8:15PM
195777173,NFL Showdown $1 10-Player (NYG @ LAR),153449,Showdown Captain Mode,1.0,1,10,1,9.0,2026-09-22 00:15:00+00:00,Mon 8:15PM
195777174,NFL Showdown $1 10-Player (NYG @ LAR),153449,Showdown Captain Mode,1.0,1,10,1,9.0,2026-09-22 00:15:00+00:00,Mon 8:15PM
195786808,NFL Showdown $1 10-Player (NYG @ LAR),153449,Showdown Captain Mode,1.0,1,10,1,9.0,2026-09-22 00:15:00+00:00,Mon 8:15PM
195786809,NFL Showdown $1 10-Player (NYG @ LAR),153449,Showdown Captain Mode,1.0,1,10,1,9.0,2026-09-22 00:15:00+00:00,Mon 8:15PM
195786810,NFL Showdown $1 10-Player (NYG @ LAR),153449,Showdown Captain Mode,1.0,2,10,1,9.0,2026-09-22 00:15:00+00:00,Mon 8:15PM
195841215,NFL Showdown $1 10-Player (NYG @ LAR),153449,Showdown Captain Mode,1.0,1,10,1,9.0,2026-09-22 00:15:00+00:00,Mon 8:15PM
195777119,NFL Showdown $1 5-Player (NYG @ LAR),153449,Showdown Captain Mode,1.0,1,5,1,4.5,2026-09-22 00:15:00+00:00,Mon 8:15PM
195777120,NFL Showdown $1 5-Player (NYG @ LAR),153449,Showdown Captain Mode,1.0,1,5,1,4.5,2026-09-22 00:15:00+00:00,Mon 8:15PM
195777121,NFL Showdown $1 5-Player (NYG @ LAR),153449,Showdown Captain Mode,1.0,2,5,1,4.5,2026-09-22 00:15:00+00:00,Mon 8:15PM
195786796,NFL Showdown $1 5-Player (NYG @ LAR),153449,Showdown Captain Mode,1.0,2,5,1,4.5,2026-09-22 00:15:00+00:00,Mon 8:15PM
195786797,NFL Showdown $1 5-Player (NYG @ LAR),153449,Showdown Captain Mode,1.0,1,5,1,4.5,2026-09-22 00:15:00+00:00,Mon 8:15PM
195786798,NFL Showdown $1 5-Player (NYG @ LAR),153449,Showdown Captain Mode,1.0,1,5,1,4.5,2026-09-22 00:15:00+00:00,Mon 8:15PM
195841200,NFL Showdown $1 5-Player (NYG @ LAR),153449,Showdown Captain Mode,1.0,1,5,1,4.5,2026-09-22 00:15:00+00:00,Mon 8:15PM
195841201,NFL Showdown $1 5-Player (NYG @ LAR),153449,Showdown Captain Mode,1.0,1,5,1,4.5,2026-09-22 00:15:00+00:00,Mon 8:15PM
195841202,NFL Showdown $1 5-Player (NYG @ LAR),153449,Showdown Captain Mode,1.0,1,5,1,4.5,2026-09-22 00:15:00+00:00,Mon 8:15PM
195777156,NFL Showdown $1 3-Player (NYG @ LAR),153449,Showdown Captain Mode,1.0,1,3,1,2.7,2026-09-22 00:15:00+00:00,Mon 8:15PM
195777157,NFL Showdown $1 3-Player (NYG @ LAR),153449,Showdown Captain Mode,1.0,1,3,1,2.7,2026-09-22 00:15:00+00:00,Mon 8:15PM
195779938,NFL Showdown $1 3-Player (NYG @ LAR),153449,Showdown Captain Mode,1.0,1,3,1,2.7,2026-09-22 00:15:00+00:00,Mon 8:15PM
195786803,NFL Showdown $1 3-Player (NYG @ LAR),153449,Showdown Captain Mode,1.0,2,3,1,2.7,2026-09-22 00:15:00+00:00,Mon 8:15PM
195786804,NFL Showdown $1 3-Player (NYG @ LAR),153449,Showdown Captain Mode,1.0,1,3,1,2.7,2026-09-22 00:15:00+00:00,Mon 8:15PM
195793791,NFL Showdown $1 3-Player (NYG @ LAR),153449,Showdown Captain Mode,1.0,2,3,1,2.7,2026-09-22 00:15:00+00:00,Mon 8:15PM
195841209,NFL Showdown $1 3-Player (NYG @ LAR),153449,Showdown Captain Mode,1.0,1,3,1,2.7,2026-09-22 00:15:00+00:00,Mon 8:15PM
195914112,NFL Showdown $1 3-Player (NYG @ LAR),153449,Showdown Captain Mode,1.0,1,3,1,2.7,2026-09-22 00:15:00+00:00,Mon 8:15PM
195914751,NFL Showdown $1 3-Player (NYG @ LAR),153449,Showdown Captain Mode,1.0,1,3,1,2.7,2026-09-22 00:15:00+00:00,Mon 8:15PM
195915308,NFL Showdown $1 3-Player (NYG @ LAR),153449,Showdown Captain Mode,1.0,1,3,1,2.7,2026-09-22 00:15:00+00:00,Mon 8:15PM
195915309,NFL Showdown $1 3-Player (NYG @ LAR),153449,Showdown Captain Mode,1.0,2,3,1,2.7,2026-09-22 00:15:00+00:00,Mon 8:15PM
195915310,NFL Showdown $1 3-Player (NYG @ LAR),153449,Showdown Captain Mode,1.0,1,3,1,2.7,2026-09-22 00:15:00+00:00,Mon 8:15PM
195915572,NFL Showdown $1 3-Player (NYG @ LAR),153449,Showdown Captain Mode,1.0,1,3,1,2.7,2026-09-22 00:15:00+00:00,Mon 8:15PM
195913953,NFL Showdown $3 10-Player (Winner Takes All) (NYG @ LAR),153449,Showdown Captain Mode,3.0,5,10,1,27.0,2026-09-22 00:15:00+00:00,Mon 8:15PM
195916214,NFL Showdown $3 7-Player (Winner Takes All) (NYG @ LAR),153449,Showdown Captain Mode,3.0,1,7,1,18.9,2026-09-22 00:15:00+00:00,Mon 8:15PM
195914672,NFL Showdown $3 8-Player (Winner Takes All) (NYG @ LAR),153449,Showdown Captain Mode,3.0,1,8,1,21.6,2026-09-22 00:15:00+00:00,Mon 8:15PM
195914434,NFL Showdown Satellite to $20 NFL Fantasy Football Millionaire [Must Fill] (NYG @ LAR),153449,Showdown Captain Mode,7.4,0,3,1,20.0,2026-09-22 00:15:00+00:00,Mon 8:15PM
195777375,Casual NFL Showdown $109 5-Player (NYG @ LAR),153449,Showdown Captain Mode,109.0,0,5,1,500.0,2026-09-22 00:15:00+00:00,Mon 8:15PM
195777374,Casual NFL Showdown $109 3-Player (NYG @ LAR),153449,Showdown Captain Mode,109.0,0,3,1,300.0,2026-09-22 00:15:00+00:00,Mon 8:15PM
195777330,Casual NFL Showdown $50 50-50 (NYG @ LAR),153449,Showdown Captain Mode,50.0,0,10,1,450.0,2026-09-22 00:15:00+00:00,Mon 8:15PM
195779470,Casual NFL Showdown $50 50-50 (NYG @ LAR),153449,Showdown Captain Mode,50.0,0,10,1,450.0,2026-09-22 00:15:00+00:00,Mon 8:15PM
195777332,Casual NFL Showdown $50 5-Player (NYG @ LAR),153449,Showdown Captain Mode,50.0,0,5,1,225.0,2026-09-22 00:15:00+00:00,Mon 8:15PM
195777345,Casual NFL Showdown $50 3-Player (NYG @ LAR),153449,Showdown Captain Mode,50.0,0,3,1,135.0,2026-09-22 00:15:00+00:00,Mon 8:15PM
195777346,Casual NFL Showdown $50 3-Player (NYG @ LAR),153449,Showdown Captain Mode,50.0,0,3,1,135.0,2026-09-22 00:15:00+00:00,Mon 8:15PM
195777327,Casual NFL Showdown $20 50-50 (NYG @ LAR),153449,Showdown Captain Mode,20.0,0,10,1,180.0,2026-09-22 00:15:00+00:00,Mon 8:15PM
195777328,Casual NFL Showdown $20 50-50 (NYG @ LAR),153449,Showdown Captain Mode,20.0,0,10,1,180.0,2026-09-22 00:15:00+00:00,Mon 8:15PM
195777329,Casual NFL Showdown $20 50-50 (NYG @ LAR),153449,Showdown Captain Mode,20.0,0,10,1,180.0,2026-09-22 00:15:00+00:00,Mon 8:15PM
195777324,Casual NFL Showdown $20 5-Player (NYG @ LAR),153449,Showdown Captain Mode,20.0,0,5,1,90.0,2026-09-22 00:15:00+00:00,Mon 8:15PM
195777325,Casual NFL Showdown $20 5-Player (NYG @ LAR),153449,Showdown Captain Mode,20.0,0,5,1,90.0,2026-09-22 00:15:00+00:00,Mon 8:15PM
195777326,Casual NFL Showdown $20 5-Player (NYG @ LAR),153449,Showdown Captain Mode,20.0,0,5,1,90.0,2026-09-22 00:15:00+00:00,Mon 8:15PM
195777348,Casual NFL Showdown $20 3-Player (NYG @ LAR),153449,Showdown Captain Mode,20.0,0,3,1,54.0,2026-09-22 00:15:00+00:00,Mon 8:15PM
195789972,Casual NFL Showdown $20 3-Player (NYG @ LAR),153449,Showdown Captain Mode,20.0,0,3,1,54.0,2026-09-22 00:15:00+00:00,Mon 8:15PM
195913098,Casual NFL Showdown $20 3-Player (NYG @ LAR),153449,Showdown Captain Mode,20.0,0,3,1,54.0,2026-09-22 00:15:00+00:00,Mon 8:15PM
195777334,Casual NFL Showdown $10 50-50 (NYG @ LAR),153449,Showdown Captain Mode,10.0,0,10,1,90.0,2026-09-22 00:15:00+00:00,Mon 8:15PM
195777335,Casual NFL Showdown $10 50-50 (NYG @ LAR),153449,Showdown Captain Mode,10.0,0,10,1,90.0,2026-09-22 00:15:00+00:00,Mon 8:15PM
195816134,Casual NFL Showdown $10 50-50 (NYG @ LAR),153449,Showdown Captain Mode,10.0,0,10,1,90.0,2026-09-22 00:15:00+00:00,Mon 8:15PM
195777350,Casual NFL Showdown $10 5-Player (NYG @ LAR),153449,Showdown Captain Mode,10.0,0,5,1,45.0,2026-09-22 00:15:00+00:00,Mon 8:15PM
195777351,Casual NFL Showdown $10 5-Player (NYG @ LAR),153449,Showdown Captain Mode,10.0,0,5,1,45.0,2026-09-22 00:15:00+00:00,Mon 8:15PM
195777352,Casual NFL Showdown $10 5-Player (NYG @ LAR),153449,Showdown Captain Mode,10.0,0,5,1,45.0,2026-09-22 00:15:00+00:00,Mon 8:15PM
195777353,Casual NFL Showdown $10 3-Player (NYG @ LAR),153449,Showdown Captain Mode,10.0,0,3,1,27.0,2026-09-22 00:15:00+00:00,Mon 8:15PM
195777355,Casual NFL Showdown $10 3-Player (NYG @ LAR),153449,Showdown Captain Mode,10.0,0,3,1,27.0,2026-09-22 00:15:00+00:00,Mon 8:15PM
195904693,Casual NFL Showdown $10 3-Player (NYG @ LAR),153449,Showdown Captain Mode,10.0,0,3,1,27.0,2026-09-22 00:15:00+00:00,Mon 8:15PM
195777336,Casual NFL Showdown $5 50-50 (NYG @ LAR),153449,Showdown Captain Mode,5.0,0,10,1,45.0,2026-09-22 00:15:00+00:00,Mon 8:15PM
195777337,Casual NFL Showdown $5 50-50 (NYG @ LAR),153449,Showdown Captain Mode,5.0,0,10,1,45.0,2026-09-22 00:15:00+00:00,Mon 8:15PM
195777338,Casual NFL Showdown $5 50-50 (NYG @ LAR),153449,Showdown Captain Mode,5.0,0,10,1,45.0,2026-09-22 00:15:00+00:00,Mon 8:15PM
195777356,Casual NFL Showdown $5 5-Player (NYG @ LAR),153449,Showdown Captain Mode,5.0,0,5,1,22.5,2026-09-22 00:15:00+00:00,Mon 8:15PM
195777357,Casual NFL Showdown $5 5-Player (NYG @ LAR),153449,Showdown Captain Mode,5.0,0,5,1,22.5,2026-09-22 00:15:00+00:00,Mon 8:15PM
195777358,Casual NFL Showdown $5 5-Player (NYG @ LAR),153449,Showdown Captain Mode,5.0,0,5,1,22.5,2026-09-22 00:15:00+00:00,Mon 8:15PM
195777359,Casual NFL Showdown $5 3-Player (NYG @ LAR),153449,Showdown Captain Mode,5.0,0,3,1,13.5,2026-09-22 00:15:00+00:00,Mon 8:15PM
195777360,Casual NFL Showdown $5 3-Player (NYG @ LAR),153449,Showdown Captain Mode,5.0,0,3,1,13.5,2026-09-22 00:15:00+00:00,Mon 8:15PM
195777361,Casual NFL Showdown $5 3-Player (NYG @ LAR),153449,Showdown Captain Mode,5.0,0,3,1,13.5,2026-09-22 00:15:00+00:00,Mon 8:15PM
195914535,Casual NFL Showdown $3 50-50 (NYG @ LAR),153449,Showdown Captain Mode,3.0,0,10,1,27.0,2026-09-22 00:15:00+00:00,Mon 8:15PM
195914536,Casual NFL Showdown $3 50-50 (NYG @ LAR),153449,Showdown Captain Mode,3.0,0,10,1,27.0,2026-09-22 00:15:00+00:00,Mon 8:15PM
195914537,Casual NFL Showdown $3 50-50 (NYG @ LAR),153449,Showdown Captain Mode,3.0,0,10,1,27.0,2026-09-22 00:15:00+00:00,Mon 8:15PM
195777362,Casual NFL Showdown $2 5-Player (NYG @ LAR),153449,Showdown Captain Mode,2.0,0,5,1,9.0,2026-09-22 00:15:00+00:00,Mon 8:15PM
195777363,Casual NFL Showdown $2 5-Player (NYG @ LAR),153449,Showdown Captain Mode,2.0,0,5,1,9.0,2026-09-22 00:15:00+00:00,Mon 8:15PM
195777364,Casual NFL Showdown $2 5-Player (NYG @ LAR),153449,Showdown Captain Mode,2.0,0,5,1,9.0,2026-09-22 00:15:00+00:00,Mon 8:15PM
195777365,Casual NFL Showdown $2 3-Player (NYG @ LAR),153449,Showdown Captain Mode,2.0,0,3,1,5.4,2026-09-22 00:15:00+00:00,Mon 8:15PM
195777366,Casual NFL Showdown $2 3-Player (NYG @ LAR),153449,Showdown Captain Mode,2.0,0,3,1,5.4,2026-09-22 00:15:00+00:00,Mon 8:15PM
195777367,Casual NFL Showdown $2 3-Player (NYG @ LAR),153449,Showdown Captain Mode,2.0,0,3,1,5.4,2026-09-22 00:15:00+00:00,Mon 8:15PM
195914538,Casual NFL Showdown $1 50-50 (NYG @ LAR),153449,Showdown Captain Mode,1.0,0,10,1,9.0,2026-09-22 00:15:00+00:00,Mon 8:15PM
195914539,Casual NFL Showdown $1 50-50 (NYG @ LAR),153449,Showdown Captain Mode,1.0,0,10,1,9.0,2026-09-22 00:15:00+00:00,Mon 8:15PM
195914540,Casual NFL Showdown $1 50-50 (NYG @ LAR),153449,Showdown Captain Mode,1.0,0,10,1,9.0,2026-09-22 00:15:00+00:00,Mon 8:15PM
195777369,Casual NFL Showdown $1 5-Player (NYG @ LAR),153449,Showdown Captain Mode,1.0,0,5,1,4.5,2026-09-22 00:15:00+00:00,Mon 8:15PM
195777370,Casual NFL Showdown $1 5-Player (NYG @ LAR),153449,Showdown Captain Mode,1.0,0,5,1,4.5,2026-09-22 00:15:00+00:00,Mon 8:15PM
195913364,Casual NFL Showdown $1 5-Player (NYG @ LAR),153449,Showdown Captain Mode,1.0,0,5,1,4.5,2026-09-22 00:15:00+00:00,Mon 8:15PM
195777372,Casual NFL Showdown $1 3-Player (NYG @ LAR),153449,Showdown Captain Mode,1.0,0,3,1,2.7,2026-09-22 00:15:00+00:00,Mon 8:15PM
195777373,Casual NFL Showdown $1 3-Player (NYG @ LAR),153449,Showdown Captain Mode,1.0,0,3,1,2.7,2026-09-22 00:15:00+00:00,Mon 8:15PM
195913365,Casual NFL Showdown $1 3-Player (NYG @ LAR),153449,Showdown Captain Mode,1.0,0,3,1,2.7,2026-09-22 00:15:00+00:00,Mon 8:15PM
195777309,Beginner NFL Showdown $109 5-Player (NYG @ LAR),153449,Showdown Captain Mode,109.0,0,5,1,500.0,2026-09-22 00:15:00+00:00,Mon 8:15PM
195777308,Beginner NFL Showdown $109 3-Player (NYG @ LAR),153449,Showdown Captain Mode,109.0,0,3,1,300.0,2026-09-22 00:15:00+00:00,Mon 8:15PM
195777276,Beginner NFL Showdown $50 50-50 (NYG @ LAR),153449,Showdown Captain Mode,50.0,0,10,1,450.0,2026-09-22 00:15:00+00:00,Mon 8:15PM
195777277,Beginner NFL Showdown $50 50-50 (NYG @ LAR),153449,Showdown Captain Mode,50.0,0,10,1,450.0,2026-09-22 00:15:00+00:00,Mon 8:15PM
195777280,Beginner NFL Showdown $50 5-Player (NYG @ LAR),153449,Showdown Captain Mode,50.0,0,5,1,225.0,2026-09-22 00:15:00+00:00,Mon 8:15PM
195777278,Beginner NFL Showdown $50 3-Player (NYG @ LAR),153449,Showdown Captain Mode,50.0,0,3,1,135.0,2026-09-22 00:15:00+00:00,Mon 8:15PM
195777279,Beginner NFL Showdown $50 3-Player (NYG @ LAR),153449,Showdown Captain Mode,50.0,0,3,1,135.0,2026-09-22 00:15:00+00:00,Mon 8:15PM
195777260,Beginner NFL Showdown $20 50-50 (NYG @ LAR),153449,Showdown Captain Mode,20.0,0,10,1,180.0,2026-09-22 00:15:00+00:00,Mon 8:15PM
195777261,Beginner NFL Showdown $20 50-50 (NYG @ LAR),153449,Showdown Captain Mode,20.0,0,10,1,180.0,2026-09-22 00:15:00+00:00,Mon 8:15PM
195777262,Beginner NFL Showdown $20 50-50 (NYG @ LAR),153449,Showdown Captain Mode,20.0,0,10,1,180.0,2026-09-22 00:15:00+00:00,Mon 8:15PM
195777245,Beginner NFL Showdown $20 5-Player (NYG @ LAR),153449,Showdown Captain Mode,20.0,0,5,1,90.0,2026-09-22 00:15:00+00:00,Mon 8:15PM
195777246,Beginner NFL Showdown $20 5-Player (NYG @ LAR),153449,Showdown Captain Mode,20.0,0,5,1,90.0,2026-09-22 00:15:00+00:00,Mon 8:15PM
195777247,Beginner NFL Showdown $20 5-Player (NYG @ LAR),153449,Showdown Captain Mode,20.0,0,5,1,90.0,2026-09-22 00:15:00+00:00,Mon 8:15PM
195777227,Beginner NFL Showdown $20 3-Player (NYG @ LAR),153449,Showdown Captain Mode,20.0,0,3,1,54.0,2026-09-22 00:15:00+00:00,Mon 8:15PM
195777228,Beginner NFL Showdown $20 3-Player (NYG @ LAR),153449,Showdown Captain Mode,20.0,0,3,1,54.0,2026-09-22 00:15:00+00:00,Mon 8:15PM
195777229,Beginner NFL Showdown $20 3-Player (NYG @ LAR),153449,Showdown Captain Mode,20.0,0,3,1,54.0,2026-09-22 00:15:00+00:00,Mon 8:15PM
195777257,Beginner NFL Showdown $10 50-50 (NYG @ LAR),153449,Showdown Captain Mode,10.0,0,10,1,90.0,2026-09-22 00:15:00+00:00,Mon 8:15PM
195777258,Beginner NFL Showdown $10 50-50 (NYG @ LAR),153449,Showdown Captain Mode,10.0,0,10,1,90.0,2026-09-22 00:15:00+00:00,Mon 8:15PM
195777259,Beginner NFL Showdown $10 50-50 (NYG @ LAR),153449,Showdown Captain Mode,10.0,0,10,1,90.0,2026-09-22 00:15:00+00:00,Mon 8:15PM
195777242,Beginner NFL Showdown $10 5-Player (NYG @ LAR),153449,Showdown Captain Mode,10.0,0,5,1,45.0,2026-09-22 00:15:00+00:00,Mon 8:15PM
195777243,Beginner NFL Showdown $10 5-Player (NYG @ LAR),153449,Showdown Captain Mode,10.0,0,5,1,45.0,2026-09-22 00:15:00+00:00,Mon 8:15PM
195777244,Beginner NFL Showdown $10 5-Player (NYG @ LAR),153449,Showdown Captain Mode,10.0,0,5,1,45.0,2026-09-22 00:15:00+00:00,Mon 8:15PM
195777224,Beginner NFL Showdown $10 3-Player (NYG @ LAR),153449,Showdown Captain Mode,10.0,0,3,1,27.0,2026-09-22 00:15:00+00:00,Mon 8:15PM
195777225,Beginner NFL Showdown $10 3-Player (NYG @ LAR),153449,Showdown Captain Mode,10.0,0,3,1,27.0,2026-09-22 00:15:00+00:00,Mon 8:15PM
195777226,Beginner NFL Showdown $10 3-Player (NYG @ LAR),153449,Showdown Captain Mode,10.0,0,3,1,27.0,2026-09-22 00:15:00+00:00,Mon 8:15PM
195777254,Beginner NFL Showdown $5 50-50 (NYG @ LAR),153449,Showdown Captain Mode,5.0,0,10,1,45.0,2026-09-22 00:15:00+00:00,Mon 8:15PM
195777255,Beginner NFL Showdown $5 50-50 (NYG @ LAR),153449,Showdown Captain Mode,5.0,0,10,1,45.0,2026-09-22 00:15:00+00:00,Mon 8:15PM
195912932,Beginner NFL Showdown $5 50-50 (NYG @ LAR),153449,Showdown Captain Mode,5.0,0,10,1,45.0,2026-09-22 00:15:00+00:00,Mon 8:15PM
195777239,Beginner NFL Showdown $5 5-Player (NYG @ LAR),153449,Showdown Captain Mode,5.0,0,5,1,22.5,2026-09-22 00:15:00+00:00,Mon 8:15PM
195777240,Beginner NFL Showdown $5 5-Player (NYG @ LAR),153449,Showdown Captain Mode,5.0,0,5,1,22.5,2026-09-22 00:15:00+00:00,Mon 8:15PM
195777241,Beginner NFL Showdown $5 5-Player (NYG @ LAR),153449,Showdown Captain Mode,5.0,0,5,1,22.5,2026-09-22 00:15:00+00:00,Mon 8:15PM
195777218,Beginner NFL Showdown $5 3-Player (NYG @ LAR),153449,Showdown Captain Mode,5.0,0,3,1,13.5,2026-09-22 00:15:00+00:00,Mon 8:15PM
195777219,Beginner NFL Showdown $5 3-Player (NYG @ LAR),153449,Showdown Captain Mode,5.0,0,3,1,13.5,2026-09-22 00:15:00+00:00,Mon 8:15PM
195777220,Beginner NFL Showdown $5 3-Player (NYG @ LAR),153449,Showdown Captain Mode,5.0,0,3,1,13.5,2026-09-22 00:15:00+00:00,Mon 8:15PM
195777252,Beginner NFL Showdown $3 50-50 (NYG @ LAR),153449,Showdown Captain Mode,3.0,0,10,1,27.0,2026-09-22 00:15:00+00:00,Mon 8:15PM
195777253,Beginner NFL Showdown $3 50-50 (NYG @ LAR),153449,Showdown Captain Mode,3.0,0,10,1,27.0,2026-09-22 00:15:00+00:00,Mon 8:15PM
195916692,Beginner NFL Showdown $3 50-50 (NYG @ LAR),153449,Showdown Captain Mode,3.0,0,10,1,27.0,2026-09-22 00:15:00+00:00,Mon 8:15PM
195777236,Beginner NFL Showdown $2 5-Player (NYG @ LAR),153449,Showdown Captain Mode,2.0,0,5,1,9.0,2026-09-22 00:15:00+00:00,Mon 8:15PM
195777237,Beginner NFL Showdown $2 5-Player (NYG @ LAR),153449,Showdown Captain Mode,2.0,0,5,1,9.0,2026-09-22 00:15:00+00:00,Mon 8:15PM
195777238,Beginner NFL Showdown $2 5-Player (NYG @ LAR),153449,Showdown Captain Mode,2.0,0,5,1,9.0,2026-09-22 00:15:00+00:00,Mon 8:15PM
195777230,Beginner NFL Showdown $2 3-Player (NYG @ LAR),153449,Showdown Captain Mode,2.0,0,3,1,5.4,2026-09-22 00:15:00+00:00,Mon 8:15PM
195777231,Beginner NFL Showdown $2 3-Player (NYG @ LAR),153449,Showdown Captain Mode,2.0,0,3,1,5.4,2026-09-22 00:15:00+00:00,Mon 8:15PM
195777232,Beginner NFL Showdown $2 3-Player (NYG @ LAR),153449,Showdown Captain Mode,2.0,0,3,1,5.4,2026-09-22 00:15:00+00:00,Mon 8:15PM
195777248,Beginner NFL Showdown $1 50-50 (NYG @ LAR),153449,Showdown Captain Mode,1.0,0,10,1,9.0,2026-09-22 00:15:00+00:00,Mon 8:15PM
195777249,Beginner NFL Showdown $1 50-50 (NYG @ LAR),153449,Showdown Captain Mode,1.0,0,10,1,9.0,2026-09-22 00:15:00+00:00,Mon 8:15PM
195777250,Beginner NFL Showdown $1 50-50 (NYG @ LAR),153449,Showdown Captain Mode,1.0,0,10,1,9.0,2026-09-22 00:15:00+00:00,Mon 8:15PM
195846369,Beginner NFL Showdown $1 50-50 (NYG @ LAR),153449,Showdown Captain Mode,1.0,0,10,1,9.0,2026-09-22 00:15:00+00:00,Mon 8:15PM
195777233,Beginner NFL Showdown $1 5-Player (NYG @ LAR),153449,Showdown Captain Mode,1.0,0,5,1,4.5,2026-09-22 00:15:00+00:00,Mon 8:15PM
195777234,Beginner NFL Showdown $1 5-Player (NYG @ LAR),153449,Showdown Captain Mode,1.0,0,5,1,4.5,2026-09-22 00:15:00+00:00,Mon 8:15PM
195777235,Beginner NFL Showdown $1 5-Player (NYG @ LAR),153449,Showdown Captain Mode,1.0,0,5,1,4.5,2026-09-22 00:15:00+00:00,Mon 8:15PM
195846367,Beginner NFL Showdown $1 5-Player (NYG @ LAR),153449,Showdown Captain Mode,1.0,0,5,1,4.5,2026-09-22 00:15:00+00:00,Mon 8:15PM
195777221,Beginner NFL Showdown $1 3-Player (NYG @ LAR),153449,Showdown Captain Mode,1.0,0,3,1,2.7,2026-09-22 00:15:00+00:00,Mon 8:15PM
195777222,Beginner NFL Showdown $1 3-Player (NYG @ LAR),153449,Showdown Captain Mode,1.0,0,3,1,2.7,2026-09-22 00:15:00+00:00,Mon 8:15PM
195777223,Beginner NFL Showdown $1 3-Player (NYG @ LAR),153449,Showdown Captain Mode,1.0,0,3,1,2.7,2026-09-22 00:15:00+00:00,Mon 8:15PM
195916424,"NFL Showdown $10,600 3-Player (NYG @ LAR)",153449,Showdown Captain Mode,10600.0,0,3,1,30000.0,2026-09-22 00:15:00+00:00,Mon 8:15PM
195916425,"NFL Showdown $10,600 3-Player (NYG @ LAR)",153449,Showdown Captain Mode,10600.0,0,3,1,30000.0,2026-09-22 00:15:00+00:00,Mon 8:15PM
195777288,"NFL Showdown $5,300 50-50 (NYG @ LAR)",153449,Showdown Captain Mode,5300.0,0,4,1,20000.0,2026-09-22 00:15:00+00:00,Mon 8:15PM
195777289,"NFL Showdown $5,300 50-50 (NYG @ LAR)",153449,Showdown Captain Mode,5300.0,0,4,1,20000.0,2026-09-22 00:15:00+00:00,Mon 8:15PM
195916426,"NFL Showdown $5,300 3-Player (NYG @ LAR)",153449,Showdown Captain Mode,5300.0,0,3,1,15000.0,2026-09-22 00:15:00+00:00,Mon 8:15PM
195916427,"NFL Showdown $5,300 3-Player (NYG @ LAR)",153449,Showdown Captain Mode,5300.0,0,3,1,15000.0,2026-09-22 00:15:00+00:00,Mon 8:15PM
195777322,"NFL Showdown $2,120 50-50 (NYG @ LAR)",153449,Showdown Captain Mode,2120.0,0,4,1,8000.0,2026-09-22 00:15:00+00:00,Mon 8:15PM
195777323,"NFL Showdown $2,120 50-50 (NYG @ LAR)",153449,Showdown Captain Mode,2120.0,0,4,1,8000.0,2026-09-22 00:15:00+00:00,Mon 8:15PM
195777320,"NFL Showdown $2,120 5-Player (NYG @ LAR)",153449,Showdown Captain Mode,2120.0,0,5,1,10000.0,2026-09-22 00:15:00+00:00,Mon 8:15PM
195777321,"NFL Showdown $2,120 5-Player (NYG @ LAR)",153449,Showdown Captain Mode,2120.0,0,5,1,10000.0,2026-09-22 00:15:00+00:00,Mon 8:15PM
195904026,"NFL Showdown $2,120 3-Player (NYG @ LAR)",153449,Showdown Captain Mode,2120.0,0,3,1,6000.0,2026-09-22 00:15:00+00:00,Mon 8:15PM
195904027,"NFL Showdown $2,120 3-Player (NYG @ LAR)",153449,Showdown Captain Mode,2120.0,0,3,1,6000.0,2026-09-22 00:15:00+00:00,Mon 8:15PM
195777290,"NFL Showdown $1,060 50-50 (NYG @ LAR)",153449,Showdown Captain Mode,1060.0,0,4,1,4000.0,2026-09-22 00:15:00+00:00,Mon 8:15PM
195777291,"NFL Showdown $1,060 50-50 (NYG @ LAR)",153449,Showdown Captain Mode,1060.0,0,4,1,4000.0,2026-09-22 00:15:00+00:00,Mon 8:15PM
195777176,"NFL Showdown $1,060 5-Player (NYG @ LAR)",153449,Showdown Captain Mode,1060.0,0,5,1,5000.0,2026-09-22 00:15:00+00:00,Mon 8:15PM
195916507,"NFL Showdown $1,060 5-Player (NYG @ LAR)",153449,Showdown Captain Mode,1060.0,0,5,1,5000.0,2026-09-22 00:15:00+00:00,Mon 8:15PM
195904017,"NFL Showdown $1,060 3-Player (NYG @ LAR)",153449,Showdown Captain Mode,1060.0,0,3,1,3000.0,2026-09-22 00:15:00+00:00,Mon 8:15PM
195904018,"NFL Showdown $1,060 3-Player (NYG @ LAR)",153449,Showdown Captain Mode,1060.0,0,3,1,3000.0,2026-09-22 00:15:00+00:00,Mon 8:15PM
195777294,NFL Showdown $530 50-50 (NYG @ LAR),153449,Showdown Captain Mode,530.0,0,4,1,2000.0,2026-09-22 00:15:00+00:00,Mon 8:15PM
195777295,NFL Showdown $530 50-50 (NYG @ LAR),153449,Showdown Captain Mode,530.0,0,4,1,2000.0,2026-09-22 00:15:00+00:00,Mon 8:15PM
195777312,NFL Showdown $530 50-50 (NYG @ LAR),153449,Showdown Captain Mode,530.0,0,8,1,4000.0,2026-09-22 00:15:00+00:00,Mon 8:15PM
195777202,NFL Showdown $530 5-Player (NYG @ LAR),153449,Showdown Captain Mode,530.0,0,5,1,2500.0,2026-09-22 00:15:00+00:00,Mon 8:15PM
195777203,NFL Showdown $530 5-Player (NYG @ LAR),153449,Showdown Captain Mode,530.0,0,5,1,2500.0,2026-09-22 00:15:00+00:00,Mon 8:15PM
195904019,NFL Showdown $530 3-Player (NYG @ LAR),153449,Showdown Captain Mode,530.0,0,3,1,1500.0,2026-09-22 00:15:00+00:00,Mon 8:15PM
195904020,NFL Showdown $530 3-Player (NYG @ LAR),153449,Showdown Captain Mode,530.0,0,3,1,1500.0,2026-09-22 00:15:00+00:00,Mon 8:15PM
195777311,NFL Showdown $270 50-50 (NYG @ LAR),153449,Showdown Captain Mode,270.0,0,8,1,2000.0,2026-09-22 00:15:00+00:00,Mon 8:15PM
195777393,NFL Showdown $270 50-50 (NYG @ LAR),153449,Showdown Captain Mode,270.0,0,4,1,1000.0,2026-09-22 00:15:00+00:00,Mon 8:15PM
195777394,NFL Showdown $270 50-50 (NYG @ LAR),153449,Showdown Captain Mode,270.0,0,4,1,1000.0,2026-09-22 00:15:00+00:00,Mon 8:15PM
195777263,NFL Showdown $270 10-Player (NYG @ LAR),153449,Showdown Captain Mode,270.0,0,10,1,2500.0,2026-09-22 00:15:00+00:00,Mon 8:15PM
195904021,NFL Showdown $270 3-Player (NYG @ LAR),153449,Showdown Captain Mode,270.0,0,3,1,750.0,2026-09-22 00:15:00+00:00,Mon 8:15PM
195904022,NFL Showdown $270 3-Player (NYG @ LAR),153449,Showdown Captain Mode,270.0,0,3,1,750.0,2026-09-22 00:15:00+00:00,Mon 8:15PM
195777200,NFL Showdown $270 5-Player (NYG @ LAR),153449,Showdown Captain Mode,270.0,0,5,1,1250.0,2026-09-22 00:15:00+00:00,Mon 8:15PM
195777201,NFL Showdown $270 5-Player (NYG @ LAR),153449,Showdown Captain Mode,270.0,0,5,1,1250.0,2026-09-22 00:15:00+00:00,Mon 8:15PM
195777310,NFL Showdown $162 50-50 (NYG @ LAR),153449,Showdown Captain Mode,162.0,0,8,1,1200.0,2026-09-22 00:15:00+00:00,Mon 8:15PM
195777185,NFL Showdown $162 50-50 (NYG @ LAR),153449,Showdown Captain Mode,162.0,0,4,1,600.0,2026-09-22 00:15:00+00:00,Mon 8:15PM
195777186,NFL Showdown $162 50-50 (NYG @ LAR),153449,Showdown Captain Mode,162.0,0,4,1,600.0,2026-09-22 00:15:00+00:00,Mon 8:15PM
195777198,NFL Showdown $162 5-Player (NYG @ LAR),153449,Showdown Captain Mode,162.0,0,5,1,750.0,2026-09-22 00:15:00+00:00,Mon 8:15PM
195777199,NFL Showdown $162 5-Player (NYG @ LAR),153449,Showdown Captain Mode,162.0,0,5,1,750.0,2026-09-22 00:15:00+00:00,Mon 8:15PM
195904010,NFL Showdown $162 3-Player (NYG @ LAR),153449,Showdown Captain Mode,162.0,0,3,1,450.0,2026-09-22 00:15:00+00:00,Mon 8:15PM
195904012,NFL Showdown $162 3-Player (NYG @ LAR),153449,Showdown Captain Mode,162.0,0,3,1,450.0,2026-09-22 00:15:00+00:00,Mon 8:15PM
195916483,NFL Showdown $162 3-Player (NYG @ LAR),153449,Showdown Captain Mode,162.0,0,3,1,450.0,2026-09-22 00:15:00+00:00,Mon 8:15PM
195777217,NFL Showdown $109 50-50 (NYG @ LAR),153449,Showdown Captain Mode,109.0,0,20,1,2000.0,2026-09-22 00:15:00+00:00,Mon 8:15PM
195777189,NFL Showdown $109 50-50 (NYG @ LAR),153449,Showdown Captain Mode,109.0,0,10,1,1000.0,2026-09-22 00:15:00+00:00,Mon 8:15PM
195777300,NFL Showdown $109 50-50 (NYG @ LAR),153449,Showdown Captain Mode,109.0,0,4,1,400.0,2026-09-22 00:15:00+00:00,Mon 8:15PM
195914742,NFL Showdown $109 50-50 (NYG @ LAR),153449,Showdown Captain Mode,109.0,0,4,1,400.0,2026-09-22 00:15:00+00:00,Mon 8:15PM
195777302,NFL Showdown $109 5-Player (NYG @ LAR),153449,Showdown Captain Mode,109.0,0,5,1,500.0,2026-09-22 00:15:00+00:00,Mon 8:15PM
195777303,NFL Showdown $109 5-Player (NYG @ LAR),153449,Showdown Captain Mode,109.0,0,5,1,500.0,2026-09-22 00:15:00+00:00,Mon 8:15PM
195904023,NFL Showdown $109 3-Player (NYG @ LAR),153449,Showdown Captain Mode,109.0,0,3,1,300.0,2026-09-22 00:15:00+00:00,Mon 8:15PM
195904024,NFL Showdown $109 3-Player (NYG @ LAR),153449,Showdown Captain Mode,109.0,0,3,1,300.0,2026-09-22 00:15:00+00:00,Mon 8:15PM
195914504,NFL Showdown $109 3-Player (NYG @ LAR),153449,Showdown Captain Mode,109.0,0,3,1,300.0,2026-09-22 00:15:00+00:00,Mon 8:15PM
195777216,NFL Showdown $50 50-50 (NYG @ LAR),153449,Showdown Captain Mode,50.0,0,20,1,900.0,2026-09-22 00:15:00+00:00,Mon 8:15PM
195777187,NFL Showdown $50 50-50 (NYG @ LAR),153449,Showdown Captain Mode,50.0,0,10,1,450.0,2026-09-22 00:15:00+00:00,Mon 8:15PM
195777188,NFL Showdown $50 50-50 (NYG @ LAR),153449,Showdown Captain Mode,50.0,0,10,1,450.0,2026-09-22 00:15:00+00:00,Mon 8:15PM
195777144,NFL Showdown $50 50-50 (NYG @ LAR),153449,Showdown Captain Mode,50.0,0,4,1,180.0,2026-09-22 00:15:00+00:00,Mon 8:15PM
195777145,NFL Showdown $50 50-50 (NYG @ LAR),153449,Showdown Captain Mode,50.0,0,4,1,180.0,2026-09-22 00:15:00+00:00,Mon 8:15PM
195777146,NFL Showdown $50 50-50 (NYG @ LAR),153449,Showdown Captain Mode,50.0,0,4,1,180.0,2026-09-22 00:15:00+00:00,Mon 8:15PM
195912967,NFL Showdown $50 Double Up (NYG @ LAR),153449,Showdown Captain Mode,50.0,0,22,1,1000.0,2026-09-22 00:15:00+00:00,Mon 8:15PM
195912966,NFL Showdown $50 Double Up (NYG @ LAR),153449,Showdown Captain Mode,50.0,0,11,1,500.0,2026-09-22 00:15:00+00:00,Mon 8:15PM
195777266,NFL Showdown $50 20-Player (NYG @ LAR),153449,Showdown Captain Mode,50.0,0,20,1,900.0,2026-09-22 00:15:00+00:00,Mon 8:15PM
195777177,NFL Showdown $50 10-Player (NYG @ LAR),153449,Showdown Captain Mode,50.0,0,10,1,450.0,2026-09-22 00:15:00+00:00,Mon 8:15PM
195777178,NFL Showdown $50 10-Player (NYG @ LAR),153449,Showdown Captain Mode,50.0,0,10,1,450.0,2026-09-22 00:15:00+00:00,Mon 8:15PM
195777153,NFL Showdown $50 5-Player (NYG @ LAR),153449,Showdown Captain Mode,50.0,0,5,1,225.0,2026-09-22 00:15:00+00:00,Mon 8:15PM
195777154,NFL Showdown $50 5-Player (NYG @ LAR),153449,Showdown Captain Mode,50.0,0,5,1,225.0,2026-09-22 00:15:00+00:00,Mon 8:15PM
195908664,NFL Showdown $50 5-Player (NYG @ LAR),153449,Showdown Captain Mode,50.0,0,5,1,225.0,2026-09-22 00:15:00+00:00,Mon 8:15PM
195903998,NFL Showdown $50 3-Player (NYG @ LAR),153449,Showdown Captain Mode,50.0,0,3,1,135.0,2026-09-22 00:15:00+00:00,Mon 8:15PM
195903999,NFL Showdown $50 3-Player (NYG @ LAR),153449,Showdown Captain Mode,50.0,0,3,1,135.0,2026-09-22 00:15:00+00:00,Mon 8:15PM
195904000,NFL Showdown $50 3-Player (NYG @ LAR),153449,Showdown Captain Mode,50.0,0,3,1,135.0,2026-09-22 00:15:00+00:00,Mon 8:15PM
195912965,NFL Showdown $25 Double Up (NYG @ LAR),153449,Showdown Captain Mode,25.0,0,22,1,500.0,2026-09-22 00:15:00+00:00,Mon 8:15PM
195912964,NFL Showdown $25 Double Up (NYG @ LAR),153449,Showdown Captain Mode,25.0,0,11,1,250.0,2026-09-22 00:15:00+00:00,Mon 8:15PM
195777317,NFL Showdown $20 50-50 (NYG @ LAR),153449,Showdown Captain Mode,20.0,0,50,1,900.0,2026-09-22 00:15:00+00:00,Mon 8:15PM
195777214,NFL Showdown $20 50-50 (NYG @ LAR),153449,Showdown Captain Mode,20.0,0,20,1,360.0,2026-09-22 00:15:00+00:00,Mon 8:15PM
195777215,NFL Showdown $20 50-50 (NYG @ LAR),153449,Showdown Captain Mode,20.0,0,20,1,360.0,2026-09-22 00:15:00+00:00,Mon 8:15PM
195777134,NFL Showdown $20 50-50 (NYG @ LAR),153449,Showdown Captain Mode,20.0,0,10,1,180.0,2026-09-22 00:15:00+00:00,Mon 8:15PM
195777135,NFL Showdown $20 50-50 (NYG @ LAR),153449,Showdown Captain Mode,20.0,0,10,1,180.0,2026-09-22 00:15:00+00:00,Mon 8:15PM
195914247,NFL Showdown $20 100-Player (NYG @ LAR),153449,Showdown Captain Mode,20.0,0,100,1,1800.0,2026-09-22 00:15:00+00:00,Mon 8:15PM
195777269,NFL Showdown $20 40-Player (NYG @ LAR),153449,Showdown Captain Mode,20.0,0,40,1,720.0,2026-09-22 00:15:00+00:00,Mon 8:15PM
195777264,NFL Showdown $20 20-Player (NYG @ LAR),153449,Showdown Captain Mode,20.0,0,20,1,360.0,2026-09-22 00:15:00+00:00,Mon 8:15PM
195777265,NFL Showdown $20 20-Player (NYG @ LAR),153449,Showdown Captain Mode,20.0,0,20,1,360.0,2026-09-22 00:15:00+00:00,Mon 8:15PM
195777183,NFL Showdown $20 10-Player (NYG @ LAR),153449,Showdown Captain Mode,20.0,0,10,1,180.0,2026-09-22 00:15:00+00:00,Mon 8:15PM
195777184,NFL Showdown $20 10-Player (NYG @ LAR),153449,Showdown Captain Mode,20.0,0,10,1,180.0,2026-09-22 00:15:00+00:00,Mon 8:15PM
195777128,NFL Showdown $20 5-Player (NYG @ LAR),153449,Showdown Captain Mode,20.0,0,5,1,90.0,2026-09-22 00:15:00+00:00,Mon 8:15PM
195777129,NFL Showdown $20 5-Player (NYG @ LAR),153449,Showdown Captain Mode,20.0,0,5,1,90.0,2026-09-22 00:15:00+00:00,Mon 8:15PM
195777130,NFL Showdown $20 5-Player (NYG @ LAR),153449,Showdown Captain Mode,20.0,0,5,1,90.0,2026-09-22 00:15:00+00:00,Mon 8:15PM
195904007,NFL Showdown $20 3-Player (NYG @ LAR),153449,Showdown Captain Mode,20.0,0,3,1,54.0,2026-09-22 00:15:00+00:00,Mon 8:15PM
195904008,NFL Showdown $20 3-Player (NYG @ LAR),153449,Showdown Captain Mode,20.0,0,3,1,54.0,2026-09-22 00:15:00+00:00,Mon 8:15PM
195904009,NFL Showdown $20 3-Player (NYG @ LAR),153449,Showdown Captain Mode,20.0,0,3,1,54.0,2026-09-22 00:15:00+00:00,Mon 8:15PM
195777316,NFL Showdown $10 50-50 (NYG @ LAR),153449,Showdown Captain Mode,10.0,0,50,1,450.0,2026-09-22 00:15:00+00:00,Mon 8:15PM
195777193,NFL Showdown $10 50-50 (NYG @ LAR),153449,Showdown Captain Mode,10.0,0,20,1,180.0,2026-09-22 00:15:00+00:00,Mon 8:15PM
195777194,NFL Showdown $10 50-50 (NYG @ LAR),153449,Showdown Captain Mode,10.0,0,20,1,180.0,2026-09-22 00:15:00+00:00,Mon 8:15PM
195777170,NFL Showdown $10 50-50 (NYG @ LAR),153449,Showdown Captain Mode,10.0,0,10,1,90.0,2026-09-22 00:15:00+00:00,Mon 8:15PM
195777171,NFL Showdown $10 50-50 (NYG @ LAR),153449,Showdown Captain Mode,10.0,0,10,1,90.0,2026-09-22 00:15:00+00:00,Mon 8:15PM
195912962,NFL Showdown $10 Double Up (NYG @ LAR),153449,Showdown Captain Mode,10.0,0,11,1,100.0,2026-09-22 00:15:00+00:00,Mon 8:15PM
195912963,NFL Showdown $10 Double Up (NYG @ LAR),153449,Showdown Captain Mode,10.0,0,11,1,100.0,2026-09-22 00:15:00+00:00,Mon 8:15PM
195916780,NFL Showdown $10 100-Player (NYG @ LAR),153449,Showdown Captain Mode,10.0,0,100,1,900.0,2026-09-22 00:15:00+00:00,Mon 8:15PM
195777268,NFL Showdown $10 40-Player (NYG @ LAR),153449,Showdown Captain Mode,10.0,0,40,1,360.0,2026-09-22 00:15:00+00:00,Mon 8:15PM
195915881,NFL Showdown $10 40-Player (NYG @ LAR),153449,Showdown Captain Mode,10.0,0,40,1,360.0,2026-09-22 00:15:00+00:00,Mon 8:15PM
195777179,NFL Showdown $10 20-Player (NYG @ LAR),153449,Showdown Captain Mode,10.0,0,20,1,180.0,2026-09-22 00:15:00+00:00,Mon 8:15PM
195777180,NFL Showdown $10 20-Player (NYG @ LAR),153449,Showdown Captain Mode,10.0,0,20,1,180.0,2026-09-22 00:15:00+00:00,Mon 8:15PM
195777142,NFL Showdown $10 10-Player (NYG @ LAR),153449,Showdown Captain Mode,10.0,0,10,1,90.0,2026-09-22 00:15:00+00:00,Mon 8:15PM
195777143,NFL Showdown $10 10-Player (NYG @ LAR),153449,Showdown Captain Mode,10.0,0,10,1,90.0,2026-09-22 00:15:00+00:00,Mon 8:15PM
195777125,NFL Showdown $10 5-Player (NYG @ LAR),153449,Showdown Captain Mode,10.0,0,5,1,45.0,2026-09-22 00:15:00+00:00,Mon 8:15PM
195777126,NFL Showdown $10 5-Player (NYG @ LAR),153449,Showdown Captain Mode,10.0,0,5,1,45.0,2026-09-22 00:15:00+00:00,Mon 8:15PM
195777127,NFL Showdown $10 5-Player (NYG @ LAR),153449,Showdown Captain Mode,10.0,0,5,1,45.0,2026-09-22 00:15:00+00:00,Mon 8:15PM
195904004,NFL Showdown $10 3-Player (NYG @ LAR),153449,Showdown Captain Mode,10.0,0,3,1,27.0,2026-09-22 00:15:00+00:00,Mon 8:15PM
195904005,NFL Showdown $10 3-Player (NYG @ LAR),153449,Showdown Captain Mode,10.0,0,3,1,27.0,2026-09-22 00:15:00+00:00,Mon 8:15PM
195915316,NFL Showdown $10 3-Player (NYG @ LAR),153449,Showdown Captain Mode,10.0,0,3,1,27.0,2026-09-22 00:15:00+00:00,Mon 8:15PM
195916573,NFL Showdown $5 50-50 (NYG @ LAR),153449,Showdown Captain Mode,5.0,0,100,1,450.0,2026-09-22 00:15:00+00:00,Mon 8:15PM
195777315,NFL Showdown $5 50-50 (NYG @ LAR),153449,Showdown Captain Mode,5.0,0,50,1,225.0,2026-09-22 00:15:00+00:00,Mon 8:15PM
195777190,NFL Showdown $5 50-50 (NYG @ LAR),153449,Showdown Captain Mode,5.0,0,20,1,90.0,2026-09-22 00:15:00+00:00,Mon 8:15PM
195777191,NFL Showdown $5 50-50 (NYG @ LAR),153449,Showdown Captain Mode,5.0,0,20,1,90.0,2026-09-22 00:15:00+00:00,Mon 8:15PM
195777192,NFL Showdown $5 50-50 (NYG @ LAR),153449,Showdown Captain Mode,5.0,0,20,1,90.0,2026-09-22 00:15:00+00:00,Mon 8:15PM
195777131,NFL Showdown $5 50-50 (NYG @ LAR),153449,Showdown Captain Mode,5.0,0,10,1,45.0,2026-09-22 00:15:00+00:00,Mon 8:15PM
195777132,NFL Showdown $5 50-50 (NYG @ LAR),153449,Showdown Captain Mode,5.0,0,10,1,45.0,2026-09-22 00:15:00+00:00,Mon 8:15PM
195777133,NFL Showdown $5 50-50 (NYG @ LAR),153449,Showdown Captain Mode,5.0,0,10,1,45.0,2026-09-22 00:15:00+00:00,Mon 8:15PM
195912968,NFL Showdown $5 Double Up (NYG @ LAR),153449,Showdown Captain Mode,5.0,0,11,1,50.0,2026-09-22 00:15:00+00:00,Mon 8:15PM
195912969,NFL Showdown $5 Double Up (NYG @ LAR),153449,Showdown Captain Mode,5.0,0,11,1,50.0,2026-09-22 00:15:00+00:00,Mon 8:15PM
195916602,NFL Showdown $5 100-Player (NYG @ LAR),153449,Showdown Captain Mode,5.0,0,100,1,450.0,2026-09-22 00:15:00+00:00,Mon 8:15PM
195777267,NFL Showdown $5 40-Player (NYG @ LAR),153449,Showdown Captain Mode,5.0,0,40,1,180.0,2026-09-22 00:15:00+00:00,Mon 8:15PM
195777181,NFL Showdown $5 20-Player (NYG @ LAR),153449,Showdown Captain Mode,5.0,0,20,1,90.0,2026-09-22 00:15:00+00:00,Mon 8:15PM
195777182,NFL Showdown $5 20-Player (NYG @ LAR),153449,Showdown Captain Mode,5.0,0,20,1,90.0,2026-09-22 00:15:00+00:00,Mon 8:15PM
195777116,NFL Showdown $5 10-Player (NYG @ LAR),153449,Showdown Captain Mode,5.0,0,10,1,45.0,2026-09-22 00:15:00+00:00,Mon 8:15PM
195777117,NFL Showdown $5 10-Player (NYG @ LAR),153449,Showdown Captain Mode,5.0,0,10,1,45.0,2026-09-22 00:15:00+00:00,Mon 8:15PM
195777118,NFL Showdown $5 10-Player (NYG @ LAR),153449,Showdown Captain Mode,5.0,0,10,1,45.0,2026-09-22 00:15:00+00:00,Mon 8:15PM
195777122,NFL Showdown $5 5-Player (NYG @ LAR),153449,Showdown Captain Mode,5.0,0,5,1,22.5,2026-09-22 00:15:00+00:00,Mon 8:15PM
195777123,NFL Showdown $5 5-Player (NYG @ LAR),153449,Showdown Captain Mode,5.0,0,5,1,22.5,2026-09-22 00:15:00+00:00,Mon 8:15PM
195777124,NFL Showdown $5 5-Player (NYG @ LAR),153449,Showdown Captain Mode,5.0,0,5,1,22.5,2026-09-22 00:15:00+00:00,Mon 8:15PM
195913848,NFL Showdown $5 5-Player (NYG @ LAR),153449,Showdown Captain Mode,5.0,0,5,1,22.5,2026-09-22 00:15:00+00:00,Mon 8:15PM
195904001,NFL Showdown $5 3-Player (NYG @ LAR),153449,Showdown Captain Mode,5.0,0,3,1,13.5,2026-09-22 00:15:00+00:00,Mon 8:15PM
195904003,NFL Showdown $5 3-Player (NYG @ LAR),153449,Showdown Captain Mode,5.0,0,3,1,13.5,2026-09-22 00:15:00+00:00,Mon 8:15PM
195913754,NFL Showdown $5 3-Player (NYG @ LAR),153449,Showdown Captain Mode,5.0,0,3,1,13.5,2026-09-22 00:15:00+00:00,Mon 8:15PM
195903997,NFL Showdown $5 3-Player (NYG @ LAR),153449,Showdown Captain Mode,5.0,0,3,1,13.5,2026-09-22 00:15:00+00:00,Mon 8:15PM
195916824,NFL Showdown $5 3-Player (NYG @ LAR),153449,Showdown Captain Mode,5.0,0,3,1,13.5,2026-09-22 00:15:00+00:00,Mon 8:15PM
195916825,NFL Showdown $5 3-Player (NYG @ LAR),153449,Showdown Captain Mode,5.0,0,3,1,13.5,2026-09-22 00:15:00+00:00,Mon 8:15PM
195914533,NFL Showdown $3 Double Up (NYG @ LAR),153449,Showdown Captain Mode,3.0,0,11,1,30.0,2026-09-22 00:15:00+00:00,Mon 8:15PM
195914534,NFL Showdown $3 Double Up (NYG @ LAR),153449,Showdown Captain Mode,3.0,0,11,1,30.0,2026-09-22 00:15:00+00:00,Mon 8:15PM
195913654,NFL Showdown $2 50-50 (NYG @ LAR),153449,Showdown Captain Mode,2.0,0,100,1,180.0,2026-09-22 00:15:00+00:00,Mon 8:15PM
195913656,NFL Showdown $2 50-50 (NYG @ LAR),153449,Showdown Captain Mode,2.0,0,50,1,90.0,2026-09-22 00:15:00+00:00,Mon 8:15PM
195913655,NFL Showdown $2 50-50 (NYG @ LAR),153449,Showdown Captain Mode,2.0,0,20,1,36.0,2026-09-22 00:15:00+00:00,Mon 8:15PM
195841203,NFL Showdown $2 50-50 (NYG @ LAR),153449,Showdown Captain Mode,2.0,0,20,1,36.0,2026-09-22 00:15:00+00:00,Mon 8:15PM
195841204,NFL Showdown $2 50-50 (NYG @ LAR),153449,Showdown Captain Mode,2.0,0,20,1,36.0,2026-09-22 00:15:00+00:00,Mon 8:15PM
195841205,NFL Showdown $2 50-50 (NYG @ LAR),153449,Showdown Captain Mode,2.0,0,20,1,36.0,2026-09-22 00:15:00+00:00,Mon 8:15PM
195841229,NFL Showdown $2 50-50 (NYG @ LAR),153449,Showdown Captain Mode,2.0,0,10,1,18.0,2026-09-22 00:15:00+00:00,Mon 8:15PM
195841230,NFL Showdown $2 50-50 (NYG @ LAR),153449,Showdown Captain Mode,2.0,0,10,1,18.0,2026-09-22 00:15:00+00:00,Mon 8:15PM
195841231,NFL Showdown $2 50-50 (NYG @ LAR),153449,Showdown Captain Mode,2.0,0,10,1,18.0,2026-09-22 00:15:00+00:00,Mon 8:15PM
195900325,NFL Showdown $2 100-Player (NYG @ LAR),153449,Showdown Captain Mode,2.0,0,100,1,180.0,2026-09-22 00:15:00+00:00,Mon 8:15PM
195841224,NFL Showdown $2 40-Player (NYG @ LAR),153449,Showdown Captain Mode,2.0,0,40,1,72.0,2026-09-22 00:15:00+00:00,Mon 8:15PM
195841225,NFL Showdown $2 40-Player (NYG @ LAR),153449,Showdown Captain Mode,2.0,0,40,1,72.0,2026-09-22 00:15:00+00:00,Mon 8:15PM
195841219,NFL Showdown $2 20-Player (NYG @ LAR),153449,Showdown Captain Mode,2.0,0,20,1,36.0,2026-09-22 00:15:00+00:00,Mon 8:15PM
195841220,NFL Showdown $2 20-Player (NYG @ LAR),153449,Showdown Captain Mode,2.0,0,20,1,36.0,2026-09-22 00:15:00+00:00,Mon 8:15PM
195841221,NFL Showdown $2 20-Player (NYG @ LAR),153449,Showdown Captain Mode,2.0,0,20,1,36.0,2026-09-22 00:15:00+00:00,Mon 8:15PM
195841197,NFL Showdown $2 10-Player (NYG @ LAR),153449,Showdown Captain Mode,2.0,0,10,1,18.0,2026-09-22 00:15:00+00:00,Mon 8:15PM
195841198,NFL Showdown $2 10-Player (NYG @ LAR),153449,Showdown Captain Mode,2.0,0,10,1,18.0,2026-09-22 00:15:00+00:00,Mon 8:15PM
195841199,NFL Showdown $2 10-Player (NYG @ LAR),153449,Showdown Captain Mode,2.0,0,10,1,18.0,2026-09-22 00:15:00+00:00,Mon 8:15PM
195841194,NFL Showdown $2 5-Player (NYG @ LAR),153449,Showdown Captain Mode,2.0,0,5,1,9.0,2026-09-22 00:15:00+00:00,Mon 8:15PM
195841195,NFL Showdown $2 5-Player (NYG @ LAR),153449,Showdown Captain Mode,2.0,0,5,1,9.0,2026-09-22 00:15:00+00:00,Mon 8:15PM
195841196,NFL Showdown $2 5-Player (NYG @ LAR),153449,Showdown Captain Mode,2.0,0,5,1,9.0,2026-09-22 00:15:00+00:00,Mon 8:15PM
195915575,NFL Showdown $2 3-Player (NYG @ LAR),153449,Showdown Captain Mode,2.0,0,3,1,5.4,2026-09-22 00:15:00+00:00,Mon 8:15PM
195916823,NFL Showdown $2 3-Player (NYG @ LAR),153449,Showdown Captain Mode,2.0,0,3,1,5.4,2026-09-22 00:15:00+00:00,Mon 8:15PM
195916828,NFL Showdown $2 3-Player (NYG @ LAR),153449,Showdown Captain Mode,2.0,0,3,1,5.4,2026-09-22 00:15:00+00:00,Mon 8:15PM
195913647,NFL Showdown $1 50-50 (NYG @ LAR),153449,Showdown Captain Mode,1.0,0,100,1,90.0,2026-09-22 00:15:00+00:00,Mon 8:15PM
195841235,NFL Showdown $1 50-50 (NYG @ LAR),153449,Showdown Captain Mode,1.0,0,50,1,45.0,2026-09-22 00:15:00+00:00,Mon 8:15PM
195841206,NFL Showdown $1 50-50 (NYG @ LAR),153449,Showdown Captain Mode,1.0,0,20,1,18.0,2026-09-22 00:15:00+00:00,Mon 8:15PM
195841207,NFL Showdown $1 50-50 (NYG @ LAR),153449,Showdown Captain Mode,1.0,0,20,1,18.0,2026-09-22 00:15:00+00:00,Mon 8:15PM
195913765,NFL Showdown $1 50-50 (NYG @ LAR),153449,Showdown Captain Mode,1.0,0,20,1,18.0,2026-09-22 00:15:00+00:00,Mon 8:15PM
195913651,NFL Showdown $1 50-50 (NYG @ LAR),153449,Showdown Captain Mode,1.0,0,10,1,9.0,2026-09-22 00:15:00+00:00,Mon 8:15PM
195913652,NFL Showdown $1 50-50 (NYG @ LAR),153449,Showdown Captain Mode,1.0,0,10,1,9.0,2026-09-22 00:15:00+00:00,Mon 8:15PM
195913653,NFL Showdown $1 50-50 (NYG @ LAR),153449,Showdown Captain Mode,1.0,0,10,1,9.0,2026-09-22 00:15:00+00:00,Mon 8:15PM
195913649,NFL Showdown $1 Double Up (NYG @ LAR),153449,Showdown Captain Mode,1.0,0,11,1,10.0,2026-09-22 00:15:00+00:00,Mon 8:15PM
195913650,NFL Showdown $1 Double Up (NYG @ LAR),153449,Showdown Captain Mode,1.0,0,11,1,10.0,2026-09-22 00:15:00+00:00,Mon 8:15PM
195841241,NFL Showdown $1 100-Player (NYG @ LAR),153449,Showdown Captain Mode,1.0,0,100,1,90.0,2026-09-22 00:15:00+00:00,Mon 8:15PM
195841222,NFL Showdown $1 40-Player (NYG @ LAR),153449,Showdown Captain Mode,1.0,0,40,1,36.0,2026-09-22 00:15:00+00:00,Mon 8:15PM
195841223,NFL Showdown $1 40-Player (NYG @ LAR),153449,Showdown Captain Mode,1.0,0,40,1,36.0,2026-09-22 00:15:00+00:00,Mon 8:15PM
195841216,NFL Showdown $1 20-Player (NYG @ LAR),153449,Showdown Captain Mode,1.0,0,20,1,18.0,2026-09-22 00:15:00+00:00,Mon 8:15PM
195841217,NFL Showdown $1 20-Player (NYG @ LAR),153449,Showdown Captain Mode,1.0,0,20,1,18.0,2026-09-22 00:15:00+00:00,Mon 8:15PM
195841218,NFL Showdown $1 20-Player (NYG @ LAR),153449,Showdown Captain Mode,1.0,0,20,1,18.0,2026-09-22 00:15:00+00:00,Mon 8:15PM
195841213,NFL Showdown $1 10-Player (NYG @ LAR),153449,Showdown Captain Mode,1.0,0,10,1,9.0,2026-09-22 00:15:00+00:00,Mon 8:15PM
195841214,NFL Showdown $1 10-Player (NYG @ LAR),153449,Showdown Captain Mode,1.0,0,10,1,9.0,2026-09-22 00:15:00+00:00,Mon 8:15PM
195915315,NFL Showdown $1 10-Player (NYG @ LAR),153449,Showdown Captain Mode,1.0,0,10,1,9.0,2026-09-22 00:15:00+00:00,Mon 8:15PM
195915312,NFL Showdown $1 5-Player (NYG @ LAR),153449,Showdown Captain Mode,1.0,0,5,1,4.5,2026-09-22 00:15:00+00:00,Mon 8:15PM
195915313,NFL Showdown $1 5-Player (NYG @ LAR),153449,Showdown Captain Mode,1.0,0,5,1,4.5,2026-09-22 00:15:00+00:00,Mon 8:15PM
195915314,NFL Showdown $1 5-Player (NYG @ LAR),153449,Showdown Captain Mode,1.0,0,5,1,4.5,2026-09-22 00:15:00+00:00,Mon 8:15PM
195915570,NFL Showdown $1 3-Player (NYG @ LAR),153449,Showdown Captain Mode,1.0,0,3,1,2.7,2026-09-22 00:15:00+00:00,Mon 8:15PM
195915571,NFL Showdown $1 3-Player (NYG @ LAR),153449,Showdown Captain Mode,1.0,0,3,1,2.7,2026-09-22 00:15:00+00:00,Mon 8:15PM
195916820,NFL Showdown $1 3-Player (NYG @ LAR),153449,Showdown Captain Mode,1.0,0,3,1,2.7,2026-09-22 00:15:00+00:00,Mon 8:15PM
195913101,NFL Satellite to $20 NFL Fantasy Football Millionaire [Must Fill] (Mon-Thu),153468,Classic,7.4,1,3,1,20.0,2026-09-22 00:15:00+00:00,Mon 8:15PM
195908466,Beginner NFL $3 50-50 (Mon-Thu),153468,Classic,3.0,1,4,1,10.8,2026-09-22 00:15:00+00:00,Mon 8:15PM
195908551,Beginner NFL $1 50-50 (Mon-Thu),153468,Classic,1.0,1,4,1,3.6,2026-09-22 00:15:00+00:00,Mon 8:15PM
195908473,"NFL $10,600 3-Player (Mon-Thu)",153468,Classic,10600.0,1,3,1,30000.0,2026-09-22 00:15:00+00:00,Mon 8:15PM
195908475,"NFL $5,300 3-Player (Mon-Thu)",153468,Classic,5300.0,1,3,1,15000.0,2026-09-22 00:15:00+00:00,Mon 8:15PM
195908481,"NFL $1,060 3-Player (Mon-Thu)",153468,Classic,1060.0,1,3,1,3000.0,2026-09-22 00:15:00+00:00,Mon 8:15PM
195908482,"NFL $1,060 3-Player (Mon-Thu)",153468,Classic,1060.0,1,3,1,3000.0,2026-09-22 00:15:00+00:00,Mon 8:15PM
195908485,NFL $530 3-Player (Mon-Thu),153468,Classic,530.0,1,3,1,1500.0,2026-09-22 00:15:00+00:00,Mon 8:15PM
195908486,NFL $530 3-Player (Mon-Thu),153468,Classic,530.0,1,3,1,1500.0,2026-09-22 00:15:00+00:00,Mon 8:15PM
195908491,NFL $270 3-Player (Mon-Thu),153468,Classic,270.0,2,3,1,750.0,2026-09-22 00:15:00+00:00,Mon 8:15PM
195908492,NFL $270 3-Player (Mon-Thu),153468,Classic,270.0,1,3,1,750.0,2026-09-22 00:15:00+00:00,Mon 8:15PM
195908498,NFL $109 3-Player (Mon-Thu),153468,Classic,109.0,1,3,1,300.0,2026-09-22 00:15:00+00:00,Mon 8:15PM
195908499,NFL $109 3-Player (Mon-Thu),153468,Classic,109.0,1,3,1,300.0,2026-09-22 00:15:00+00:00,Mon 8:15PM
195908500,NFL $109 3-Player (Mon-Thu),153468,Classic,109.0,1,3,1,300.0,2026-09-22 00:15:00+00:00,Mon 8:15PM
195908513,NFL $50 3-Player (Mon-Thu),153468,Classic,50.0,1,3,1,135.0,2026-09-22 00:15:00+00:00,Mon 8:15PM
195908535,NFL $25 Double Up (Mon-Thu),153468,Classic,25.0,1,11,1,250.0,2026-09-22 00:15:00+00:00,Mon 8:15PM
195913305,NFL $25 Double Up (Mon-Thu),153468,Classic,25.0,1,11,1,250.0,2026-09-22 00:15:00+00:00,Mon 8:15PM
195908520,NFL $20 50-50 (Mon-Thu),153468,Classic,20.0,1,4,1,72.0,2026-09-22 00:15:00+00:00,Mon 8:15PM
195913044,NFL $20 50-50 (Mon-Thu),153468,Classic,20.0,1,4,1,72.0,2026-09-22 00:15:00+00:00,Mon 8:15PM
195913386,NFL $20 50-50 (Mon-Thu),153468,Classic,20.0,2,4,1,72.0,2026-09-22 00:15:00+00:00,Mon 8:15PM
195915197,NFL $20 15-Player (Winner Takes All) (Mon-Thu),153468,Classic,20.0,1,15,1,270.0,2026-09-22 00:15:00+00:00,Mon 8:15PM
195908526,NFL $20 3-Player (Mon-Thu),153468,Classic,20.0,1,3,1,54.0,2026-09-22 00:15:00+00:00,Mon 8:15PM
195908527,NFL $20 3-Player (Mon-Thu),153468,Classic,20.0,1,3,1,54.0,2026-09-22 00:15:00+00:00,Mon 8:15PM
195908533,NFL $10 Double Up (Mon-Thu),153468,Classic,10.0,1,11,1,100.0,2026-09-22 00:15:00+00:00,Mon 8:15PM
195908531,NFL $10 3-Player (Mon-Thu),153468,Classic,10.0,1,3,1,27.0,2026-09-22 00:15:00+00:00,Mon 8:15PM
195908532,NFL $10 3-Player (Mon-Thu),153468,Classic,10.0,1,3,1,27.0,2026-09-22 00:15:00+00:00,Mon 8:15PM
195908487,NFL $5 50-50 (Mon-Thu),153468,Classic,5.0,4,10,1,45.0,2026-09-22 00:15:00+00:00,Mon 8:15PM
195911236,NFL $5 50-50 (Mon-Thu),153468,Classic,5.0,4,10,1,45.0,2026-09-22 00:15:00+00:00,Mon 8:15PM
195908489,NFL $5 50-50 (Mon-Thu),153468,Classic,5.0,2,4,1,18.0,2026-09-22 00:15:00+00:00,Mon 8:15PM
195908549,NFL $5 3-Player (Mon-Thu),153468,Classic,5.0,2,3,1,13.5,2026-09-22 00:15:00+00:00,Mon 8:15PM
195908550,NFL $5 3-Player (Mon-Thu),153468,Classic,5.0,1,3,1,13.5,2026-09-22 00:15:00+00:00,Mon 8:15PM
195908541,NFL $3 Double Up (Mon-Thu),153468,Classic,3.0,3,11,1,30.0,2026-09-22 00:15:00+00:00,Mon 8:15PM
195908542,NFL $3 Double Up (Mon-Thu),153468,Classic,3.0,1,11,1,30.0,2026-09-22 00:15:00+00:00,Mon 8:15PM
195911125,NFL $3 Double Up (Mon-Thu),153468,Classic,3.0,1,11,1,30.0,2026-09-22 00:15:00+00:00,Mon 8:15PM
195911307,NFL $3 Double Up (Mon-Thu),153468,Classic,3.0,1,11,1,30.0,2026-09-22 00:15:00+00:00,Mon 8:15PM
195911308,NFL $3 Double Up (Mon-Thu),153468,Classic,3.0,2,11,1,30.0,2026-09-22 00:15:00+00:00,Mon 8:15PM
195913915,NFL $3 Double Up (Mon-Thu),153468,Classic,3.0,1,11,1,30.0,2026-09-22 00:15:00+00:00,Mon 8:15PM
195908496,NFL $2 50-50 (Mon-Thu),153468,Classic,2.0,1,20,1,36.0,2026-09-22 00:15:00+00:00,Mon 8:15PM
195911286,NFL $2 50-50 (Mon-Thu),153468,Classic,2.0,1,20,1,36.0,2026-09-22 00:15:00+00:00,Mon 8:15PM
195908497,NFL $2 50-50 (Mon-Thu),153468,Classic,2.0,2,10,1,18.0,2026-09-22 00:15:00+00:00,Mon 8:15PM
195911023,NFL $2 50-50 (Mon-Thu),153468,Classic,2.0,1,10,1,18.0,2026-09-22 00:15:00+00:00,Mon 8:15PM
195911287,NFL $2 50-50 (Mon-Thu),153468,Classic,2.0,1,10,1,18.0,2026-09-22 00:15:00+00:00,Mon 8:15PM
195908501,NFL $2 20-Player (Mon-Thu),153468,Classic,2.0,1,20,1,36.0,2026-09-22 00:15:00+00:00,Mon 8:15PM
195911288,NFL $2 20-Player (Mon-Thu),153468,Classic,2.0,1,20,1,36.0,2026-09-22 00:15:00+00:00,Mon 8:15PM
195908502,NFL $2 10-Player (Mon-Thu),153468,Classic,2.0,1,10,1,18.0,2026-09-22 00:15:00+00:00,Mon 8:15PM
195908503,NFL $2 10-Player (Mon-Thu),153468,Classic,2.0,1,10,1,18.0,2026-09-22 00:15:00+00:00,Mon 8:15PM
195911289,NFL $2 10-Player (Mon-Thu),153468,Classic,2.0,1,10,1,18.0,2026-09-22 00:15:00+00:00,Mon 8:15PM
195911290,NFL $2 10-Player (Mon-Thu),153468,Classic,2.0,1,10,1,18.0,2026-09-22 00:15:00+00:00,Mon 8:15PM
195908505,NFL $2 5-Player (Mon-Thu),153468,Classic,2.0,1,5,1,9.0,2026-09-22 00:15:00+00:00,Mon 8:15PM
195908506,NFL $2 5-Player (Mon-Thu),153468,Classic,2.0,1,5,1,9.0,2026-09-22 00:15:00+00:00,Mon 8:15PM
195911291,NFL $2 5-Player (Mon-Thu),153468,Classic,2.0,2,5,1,9.0,2026-09-22 00:15:00+00:00,Mon 8:15PM
195911292,NFL $2 5-Player (Mon-Thu),153468,Classic,2.0,1,5,1,9.0,2026-09-22 00:15:00+00:00,Mon 8:15PM
195911590,NFL $2 5-Player (Mon-Thu),153468,Classic,2.0,1,5,1,9.0,2026-09-22 00:15:00+00:00,Mon 8:15PM
195914586,NFL $2 5-Player (Mon-Thu),153468,Classic,2.0,1,5,1,9.0,2026-09-22 00:15:00+00:00,Mon 8:15PM
195914587,NFL $2 5-Player (Mon-Thu),153468,Classic,2.0,1,5,1,9.0,2026-09-22 00:15:00+00:00,Mon 8:15PM
195910836,NFL $2 3-Player (Mon-Thu),153468,Classic,2.0,1,3,1,5.4,2026-09-22 00:15:00+00:00,Mon 8:15PM
195911293,NFL $2 3-Player (Mon-Thu),153468,Classic,2.0,2,3,1,5.4,2026-09-22 00:15:00+00:00,Mon 8:15PM
195911294,NFL $2 3-Player (Mon-Thu),153468,Classic,2.0,2,3,1,5.4,2026-09-22 00:15:00+00:00,Mon 8:15PM
195913936,NFL $2 3-Player (Mon-Thu),153468,Classic,2.0,1,3,1,5.4,2026-09-22 00:15:00+00:00,Mon 8:15PM
195913937,NFL $2 3-Player (Mon-Thu),153468,Classic,2.0,1,3,1,5.4,2026-09-22 00:15:00+00:00,Mon 8:15PM
195908510,NFL $1 50-50 (Mon-Thu),153468,Classic,1.0,3,20,1,18.0,2026-09-22 00:15:00+00:00,Mon 8:15PM
195911295,NFL $1 50-50 (Mon-Thu),153468,Classic,1.0,1,20,1,18.0,2026-09-22 00:15:00+00:00,Mon 8:15PM
195908511,NFL $1 50-50 (Mon-Thu),153468,Classic,1.0,5,10,1,9.0,2026-09-22 00:15:00+00:00,Mon 8:15PM
195908512,NFL $1 50-50 (Mon-Thu),153468,Classic,1.0,2,10,1,9.0,2026-09-22 00:15:00+00:00,Mon 8:15PM
195911296,NFL $1 50-50 (Mon-Thu),153468,Classic,1.0,1,10,1,9.0,2026-09-22 00:15:00+00:00,Mon 8:15PM
195911297,NFL $1 50-50 (Mon-Thu),153468,Classic,1.0,2,10,1,9.0,2026-09-22 00:15:00+00:00,Mon 8:15PM
195911658,NFL $1 50-50 (Mon-Thu),153468,Classic,1.0,1,10,1,9.0,2026-09-22 00:15:00+00:00,Mon 8:15PM
195908543,NFL $1 Double Up (Mon-Thu),153468,Classic,1.0,3,11,1,10.0,2026-09-22 00:15:00+00:00,Mon 8:15PM
195908544,NFL $1 Double Up (Mon-Thu),153468,Classic,1.0,4,11,1,10.0,2026-09-22 00:15:00+00:00,Mon 8:15PM
195910991,NFL $1 Double Up (Mon-Thu),153468,Classic,1.0,4,11,1,10.0,2026-09-22 00:15:00+00:00,Mon 8:15PM
195911126,NFL $1 Double Up (Mon-Thu),153468,Classic,1.0,4,11,1,10.0,2026-09-22 00:15:00+00:00,Mon 8:15PM
195911127,NFL $1 Double Up (Mon-Thu),153468,Classic,1.0,1,11,1,10.0,2026-09-22 00:15:00+00:00,Mon 8:15PM
195911309,NFL $1 Double Up (Mon-Thu),153468,Classic,1.0,2,11,1,10.0,2026-09-22 00:15:00+00:00,Mon 8:15PM
195911310,NFL $1 Double Up (Mon-Thu),153468,Classic,1.0,3,11,1,10.0,2026-09-22 00:15:00+00:00,Mon 8:15PM
195912429,NFL $1 Double Up (Mon-Thu),153468,Classic,1.0,1,11,1,10.0,2026-09-22 00:15:00+00:00,Mon 8:15PM
195912446,NFL $1 Double Up (Mon-Thu),153468,Classic,1.0,1,11,1,10.0,2026-09-22 00:15:00+00:00,Mon 8:15PM
195908514,NFL $1 20-Player (Mon-Thu),153468,Classic,1.0,1,20,1,18.0,2026-09-22 00:15:00+00:00,Mon 8:15PM
195911298,NFL $1 20-Player (Mon-Thu),153468,Classic,1.0,2,20,1,18.0,2026-09-22 00:15:00+00:00,Mon 8:15PM
195911906,NFL $1 20-Player (Mon-Thu),153468,Classic,1.0,1,20,1,18.0,2026-09-22 00:15:00+00:00,Mon 8:15PM
195908515,NFL $1 10-Player (Mon-Thu),153468,Classic,1.0,1,10,1,9.0,2026-09-22 00:15:00+00:00,Mon 8:15PM
195908516,NFL $1 10-Player (Mon-Thu),153468,Classic,1.0,1,10,1,9.0,2026-09-22 00:15:00+00:00,Mon 8:15PM
195911299,NFL $1 10-Player (Mon-Thu),153468,Classic,1.0,1,10,1,9.0,2026-09-22 00:15:00+00:00,Mon 8:15PM
195911300,NFL $1 10-Player (Mon-Thu),153468,Classic,1.0,2,10,1,9.0,2026-09-22 00:15:00+00:00,Mon 8:15PM
195913408,NFL $1 10-Player (Mon-Thu),153468,Classic,1.0,1,10,1,9.0,2026-09-22 00:15:00+00:00,Mon 8:15PM
195908517,NFL $1 5-Player (Mon-Thu),153468,Classic,1.0,2,5,1,4.5,2026-09-22 00:15:00+00:00,Mon 8:15PM
195908518,NFL $1 5-Player (Mon-Thu),153468,Classic,1.0,1,5,1,4.5,2026-09-22 00:15:00+00:00,Mon 8:15PM
195908519,NFL $1 5-Player (Mon-Thu),153468,Classic,1.0,3,5,1,4.5,2026-09-22 00:15:00+00:00,Mon 8:15PM
195911301,NFL $1 5-Player (Mon-Thu),153468,Classic,1.0,1,5,1,4.5,2026-09-22 00:15:00+00:00,Mon 8:15PM
195911302,NFL $1 5-Player (Mon-Thu),153468,Classic,1.0,1,5,1,4.5,2026-09-22 00:15:00+00:00,Mon 8:15PM
195911303,NFL $1 5-Player (Mon-Thu),153468,Classic,1.0,1,5,1,4.5,2026-09-22 00:15:00+00:00,Mon 8:15PM
195911304,NFL $1 3-Player (Mon-Thu),153468,Classic,1.0,2,3,1,2.7,2026-09-22 00:15:00+00:00,Mon 8:15PM
195911305,NFL $1 3-Player (Mon-Thu),153468,Classic,1.0,2,3,1,2.7,2026-09-22 00:15:00+00:00,Mon 8:15PM
195911306,NFL $1 3-Player (Mon-Thu),153468,Classic,1.0,2,3,1,2.7,2026-09-22 00:15:00+00:00,Mon 8:15PM
195913041,NFL $1 3-Player (Mon-Thu),153468,Classic,1.0,1,3,1,2.7,2026-09-22 00:15:00+00:00,Mon 8:15PM
195913042,NFL $1 3-Player (Mon-Thu),153468,Classic,1.0,1,3,1,2.7,2026-09-22 00:15:00+00:00,Mon 8:15PM
195914599,NFL $1 3-Player (Mon-Thu),153468,Classic,1.0,1,3,1,2.7,2026-09-22 00:15:00+00:00,Mon 8:15PM
195911928,NFL $3 10-Player (Top 3 Win) (Mon-Thu),153468,Classic,3.0,4,10,1,27.0,2026-09-22 00:15:00+00:00,Mon 8:15PM
195908462,Beginner NFL $50 50-50 (Mon-Thu),153468,Classic,50.0,0,4,1,180.0,2026-09-22 00:15:00+00:00,Mon 8:15PM
195908467,Beginner NFL $50 3-Player (Mon-Thu),153468,Classic,50.0,0,3,1,135.0,2026-09-22 00:15:00+00:00,Mon 8:15PM
195908463,Beginner NFL $20 50-50 (Mon-Thu),153468,Classic,20.0,0,4,1,72.0,2026-09-22 00:15:00+00:00,Mon 8:15PM
195908468,Beginner NFL $20 3-Player (Mon-Thu),153468,Classic,20.0,0,3,1,54.0,2026-09-22 00:15:00+00:00,Mon 8:15PM
195908464,Beginner NFL $10 50-50 (Mon-Thu),153468,Classic,10.0,0,4,1,36.0,2026-09-22 00:15:00+00:00,Mon 8:15PM
195908469,Beginner NFL $10 3-Player (Mon-Thu),153468,Classic,10.0,0,3,1,27.0,2026-09-22 00:15:00+00:00,Mon 8:15PM
195908465,Beginner NFL $5 50-50 (Mon-Thu),153468,Classic,5.0,0,4,1,18.0,2026-09-22 00:15:00+00:00,Mon 8:15PM
195908470,Beginner NFL $5 3-Player (Mon-Thu),153468,Classic,5.0,0,3,1,13.5,2026-09-22 00:15:00+00:00,Mon 8:15PM
195916254,Beginner NFL $3 50-50 (Mon-Thu),153468,Classic,3.0,0,4,1,10.8,2026-09-22 00:15:00+00:00,Mon 8:15PM
195908471,Beginner NFL $2 3-Player (Mon-Thu),153468,Classic,2.0,0,3,1,5.4,2026-09-22 00:15:00+00:00,Mon 8:15PM
195911513,Beginner NFL $1 50-50 (Mon-Thu),153468,Classic,1.0,0,4,1,3.6,2026-09-22 00:15:00+00:00,Mon 8:15PM
195908472,Beginner NFL $1 3-Player (Mon-Thu),153468,Classic,1.0,0,3,1,2.7,2026-09-22 00:15:00+00:00,Mon 8:15PM
195908474,"NFL $10,600 3-Player (Mon-Thu)",153468,Classic,10600.0,0,3,1,30000.0,2026-09-22 00:15:00+00:00,Mon 8:15PM
195912618,"NFL $10,600 3-Player (Mon-Thu)",153468,Classic,10600.0,0,3,1,30000.0,2026-09-22 00:15:00+00:00,Mon 8:15PM
195908477,"NFL $5,300 50-50 (Mon-Thu)",153468,Classic,5300.0,0,4,1,20000.0,2026-09-22 00:15:00+00:00,Mon 8:15PM
195908478,"NFL $5,300 50-50 (Mon-Thu)",153468,Classic,5300.0,0,4,1,20000.0,2026-09-22 00:15:00+00:00,Mon 8:15PM
195908476,"NFL $5,300 3-Player (Mon-Thu)",153468,Classic,5300.0,0,3,1,15000.0,2026-09-22 00:15:00+00:00,Mon 8:15PM
195912619,"NFL $5,300 3-Player (Mon-Thu)",153468,Classic,5300.0,0,3,1,15000.0,2026-09-22 00:15:00+00:00,Mon 8:15PM
195908479,"NFL $1,060 50-50 (Mon-Thu)",153468,Classic,1060.0,0,4,1,4000.0,2026-09-22 00:15:00+00:00,Mon 8:15PM
195908480,"NFL $1,060 50-50 (Mon-Thu)",153468,Classic,1060.0,0,4,1,4000.0,2026-09-22 00:15:00+00:00,Mon 8:15PM
195912620,"NFL $1,060 3-Player (Mon-Thu)",153468,Classic,1060.0,0,3,1,3000.0,2026-09-22 00:15:00+00:00,Mon 8:15PM
195912621,"NFL $1,060 3-Player (Mon-Thu)",153468,Classic,1060.0,0,3,1,3000.0,2026-09-22 00:15:00+00:00,Mon 8:15PM
195908483,NFL $530 50-50 (Mon-Thu),153468,Classic,530.0,0,4,1,2000.0,2026-09-22 00:15:00+00:00,Mon 8:15PM
195908484,NFL $530 50-50 (Mon-Thu),153468,Classic,530.0,0,4,1,2000.0,2026-09-22 00:15:00+00:00,Mon 8:15PM
195912622,NFL $530 3-Player (Mon-Thu),153468,Classic,530.0,0,3,1,1500.0,2026-09-22 00:15:00+00:00,Mon 8:15PM
195912623,NFL $530 3-Player (Mon-Thu),153468,Classic,530.0,0,3,1,1500.0,2026-09-22 00:15:00+00:00,Mon 8:15PM
195908545,NFL $270 50-50 (Mon-Thu),153468,Classic,270.0,0,4,1,1000.0,2026-09-22 00:15:00+00:00,Mon 8:15PM
195908546,NFL $270 50-50 (Mon-Thu),153468,Classic,270.0,0,4,1,1000.0,2026-09-22 00:15:00+00:00,Mon 8:15PM
195912624,NFL $270 3-Player (Mon-Thu),153468,Classic,270.0,0,3,1,750.0,2026-09-22 00:15:00+00:00,Mon 8:15PM
195912625,NFL $270 3-Player (Mon-Thu),153468,Classic,270.0,0,3,1,750.0,2026-09-22 00:15:00+00:00,Mon 8:15PM
195908494,NFL $109 50-50 (Mon-Thu),153468,Classic,109.0,0,4,1,400.0,2026-09-22 00:15:00+00:00,Mon 8:15PM
195908495,NFL $109 50-50 (Mon-Thu),153468,Classic,109.0,0,4,1,400.0,2026-09-22 00:15:00+00:00,Mon 8:15PM
195912626,NFL $109 3-Player (Mon-Thu),153468,Classic,109.0,0,3,1,300.0,2026-09-22 00:15:00+00:00,Mon 8:15PM
195912627,NFL $109 3-Player (Mon-Thu),153468,Classic,109.0,0,3,1,300.0,2026-09-22 00:15:00+00:00,Mon 8:15PM
195912628,NFL $109 3-Player (Mon-Thu),153468,Classic,109.0,0,3,1,300.0,2026-09-22 00:15:00+00:00,Mon 8:15PM
195908507,NFL $50 50-50 (Mon-Thu),153468,Classic,50.0,0,8,1,360.0,2026-09-22 00:15:00+00:00,Mon 8:15PM
195908504,NFL $50 50-50 (Mon-Thu),153468,Classic,50.0,0,4,1,180.0,2026-09-22 00:15:00+00:00,Mon 8:15PM
195908538,NFL $50 Double Up (Mon-Thu),153468,Classic,50.0,0,22,1,1000.0,2026-09-22 00:15:00+00:00,Mon 8:15PM
195908537,NFL $50 Double Up (Mon-Thu),153468,Classic,50.0,0,11,1,500.0,2026-09-22 00:15:00+00:00,Mon 8:15PM
195912629,NFL $50 3-Player (Mon-Thu),153468,Classic,50.0,0,3,1,135.0,2026-09-22 00:15:00+00:00,Mon 8:15PM
195908536,NFL $25 Double Up (Mon-Thu),153468,Classic,25.0,0,22,1,500.0,2026-09-22 00:15:00+00:00,Mon 8:15PM
195913335,NFL $25 Double Up (Mon-Thu),153468,Classic,25.0,0,11,1,250.0,2026-09-22 00:15:00+00:00,Mon 8:15PM
195908524,NFL $20 50-50 (Mon-Thu),153468,Classic,20.0,0,10,1,180.0,2026-09-22 00:15:00+00:00,Mon 8:15PM
195913405,NFL $20 50-50 (Mon-Thu),153468,Classic,20.0,0,4,1,72.0,2026-09-22 00:15:00+00:00,Mon 8:15PM
195908525,NFL $20 5-Player (Mon-Thu),153468,Classic,20.0,0,5,1,90.0,2026-09-22 00:15:00+00:00,Mon 8:15PM
195912630,NFL $20 3-Player (Mon-Thu),153468,Classic,20.0,0,3,1,54.0,2026-09-22 00:15:00+00:00,Mon 8:15PM
195912631,NFL $20 3-Player (Mon-Thu),153468,Classic,20.0,0,3,1,54.0,2026-09-22 00:15:00+00:00,Mon 8:15PM
195908529,NFL $10 50-50 (Mon-Thu),153468,Classic,10.0,0,10,1,90.0,2026-09-22 00:15:00+00:00,Mon 8:15PM
195908528,NFL $10 50-50 (Mon-Thu),153468,Classic,10.0,0,4,1,36.0,2026-09-22 00:15:00+00:00,Mon 8:15PM
195908534,NFL $10 Double Up (Mon-Thu),153468,Classic,10.0,0,11,1,100.0,2026-09-22 00:15:00+00:00,Mon 8:15PM
195914579,NFL $10 Double Up (Mon-Thu),153468,Classic,10.0,0,11,1,100.0,2026-09-22 00:15:00+00:00,Mon 8:15PM
195908530,NFL $10 5-Player (Mon-Thu),153468,Classic,10.0,0,5,1,45.0,2026-09-22 00:15:00+00:00,Mon 8:15PM
195912632,NFL $10 3-Player (Mon-Thu),153468,Classic,10.0,0,3,1,27.0,2026-09-22 00:15:00+00:00,Mon 8:15PM
195912633,NFL $10 3-Player (Mon-Thu),153468,Classic,10.0,0,3,1,27.0,2026-09-22 00:15:00+00:00,Mon 8:15PM
195911420,NFL $5 50-50 (Mon-Thu),153468,Classic,5.0,0,10,1,45.0,2026-09-22 00:15:00+00:00,Mon 8:15PM
195908488,NFL $5 50-50 (Mon-Thu),153468,Classic,5.0,0,4,1,18.0,2026-09-22 00:15:00+00:00,Mon 8:15PM
195914648,NFL $5 50-50 (Mon-Thu),153468,Classic,5.0,0,4,1,18.0,2026-09-22 00:15:00+00:00,Mon 8:15PM
195908539,NFL $5 Double Up (Mon-Thu),153468,Classic,5.0,0,11,1,50.0,2026-09-22 00:15:00+00:00,Mon 8:15PM
195908540,NFL $5 Double Up (Mon-Thu),153468,Classic,5.0,0,11,1,50.0,2026-09-22 00:15:00+00:00,Mon 8:15PM
195908490,NFL $5 20-Player (Mon-Thu),153468,Classic,5.0,0,20,1,90.0,2026-09-22 00:15:00+00:00,Mon 8:15PM
195908493,NFL $5 10-Player (Mon-Thu),153468,Classic,5.0,0,10,1,45.0,2026-09-22 00:15:00+00:00,Mon 8:15PM
195908547,NFL $5 5-Player (Mon-Thu),153468,Classic,5.0,0,5,1,22.5,2026-09-22 00:15:00+00:00,Mon 8:15PM
195908548,NFL $5 5-Player (Mon-Thu),153468,Classic,5.0,0,5,1,22.5,2026-09-22 00:15:00+00:00,Mon 8:15PM
195912634,NFL $5 3-Player (Mon-Thu),153468,Classic,5.0,0,3,1,13.5,2026-09-22 00:15:00+00:00,Mon 8:15PM
195912635,NFL $5 3-Player (Mon-Thu),153468,Classic,5.0,0,3,1,13.5,2026-09-22 00:15:00+00:00,Mon 8:15PM
195914602,NFL $3 Double Up (Mon-Thu),153468,Classic,3.0,0,11,1,30.0,2026-09-22 00:15:00+00:00,Mon 8:15PM
195914603,NFL $3 Double Up (Mon-Thu),153468,Classic,3.0,0,11,1,30.0,2026-09-22 00:15:00+00:00,Mon 8:15PM
195914581,NFL $2 50-50 (Mon-Thu),153468,Classic,2.0,0,20,1,36.0,2026-09-22 00:15:00+00:00,Mon 8:15PM
195914582,NFL $2 50-50 (Mon-Thu),153468,Classic,2.0,0,10,1,18.0,2026-09-22 00:15:00+00:00,Mon 8:15PM
195914583,NFL $2 20-Player (Mon-Thu),153468,Classic,2.0,0,20,1,36.0,2026-09-22 00:15:00+00:00,Mon 8:15PM
195914584,NFL $2 10-Player (Mon-Thu),153468,Classic,2.0,0,10,1,18.0,2026-09-22 00:15:00+00:00,Mon 8:15PM
195914585,NFL $2 10-Player (Mon-Thu),153468,Classic,2.0,0,10,1,18.0,2026-09-22 00:15:00+00:00,Mon 8:15PM
195916655,NFL $2 5-Player (Mon-Thu),153468,Classic,2.0,0,5,1,9.0,2026-09-22 00:15:00+00:00,Mon 8:15PM
195916729,NFL $2 5-Player (Mon-Thu),153468,Classic,2.0,0,5,1,9.0,2026-09-22 00:15:00+00:00,Mon 8:15PM
195914588,NFL $2 3-Player (Mon-Thu),153468,Classic,2.0,0,3,1,5.4,2026-09-22 00:15:00+00:00,Mon 8:15PM
195914589,NFL $2 3-Player (Mon-Thu),153468,Classic,2.0,0,3,1,5.4,2026-09-22 00:15:00+00:00,Mon 8:15PM
195914590,NFL $1 50-50 (Mon-Thu),153468,Classic,1.0,0,20,1,18.0,2026-09-22 00:15:00+00:00,Mon 8:15PM
195914591,NFL $1 50-50 (Mon-Thu),153468,Classic,1.0,0,10,1,9.0,2026-09-22 00:15:00+00:00,Mon 8:15PM
195914592,NFL $1 50-50 (Mon-Thu),153468,Classic,1.0,0,10,1,9.0,2026-09-22 00:15:00+00:00,Mon 8:15PM
195914604,NFL $1 Double Up (Mon-Thu),153468,Classic,1.0,0,11,1,10.0,2026-09-22 00:15:00+00:00,Mon 8:15PM
195914605,NFL $1 Double Up (Mon-Thu),153468,Classic,1.0,0,11,1,10.0,2026-09-22 00:15:00+00:00,Mon 8:15PM
195914593,NFL $1 20-Player (Mon-Thu),153468,Classic,1.0,0,20,1,18.0,2026-09-22 00:15:00+00:00,Mon 8:15PM
195914594,NFL $1 10-Player (Mon-Thu),153468,Classic,1.0,0,10,1,9.0,2026-09-22 00:15:00+00:00,Mon 8:15PM
195914595,NFL $1 10-Player (Mon-Thu),153468,Classic,1.0,0,10,1,9.0,2026-09-22 00:15:00+00:00,Mon 8:15PM
195914596,NFL $1 5-Player (Mon-Thu),153468,Classic,1.0,0,5,1,4.5,2026-09-22 00:15:00+00:00,Mon 8:15PM
195914597,NFL $1 5-Player (Mon-Thu),153468,Classic,1.0,0,5,1,4.5,2026-09-22 00:15:00+00:00,Mon 8:15PM
195914598,NFL $1 5-Player (Mon-Thu),153468,Classic,1.0,0,5,1,4.5,2026-09-22 00:15:00+00:00,Mon 8:15PM
195914600,NFL $1 3-Player (Mon-Thu),153468,Classic,1.0,0,3,1,2.7,2026-09-22 00:15:00+00:00,Mon 8:15PM
195914601,NFL $1 3-Player (Mon-Thu),153468,Classic,1.0,0,3,1,2.7,2026-09-22 00:15:00+00:00,Mon 8:15PM
195914739,NFL $1 3-Player (Mon-Thu),153468,Classic,1.0,0,3,1,2.7,2026-09-22 00:15:00+00:00,Mon 8:15PM
195783834,NFL Single Stat Satellite to $20 NFL Fantasy Football Millionaire [Must Fill] (NYG @ LAR Total Yards,153467,Single Stat - Total Yards,7.4,1,3,1,20.0,2026-09-22 00:15:00+00:00,Mon 8:15PM
195783741,Beginner NFL Single Stat $5 50-50 (NYG @ LAR Total Yards),153467,Single Stat - Total Yards,5.0,1,4,1,18.0,2026-09-22 00:15:00+00:00,Mon 8:15PM
195783817,NFL Single Stat $3 Double Up (NYG @ LAR Total Yards),153467,Single Stat - Total Yards,3.0,1,11,1,30.0,2026-09-22 00:15:00+00:00,Mon 8:15PM
195783772,NFL Single Stat $2 50-50 (NYG @ LAR Total Yards),153467,Single Stat - Total Yards,2.0,1,20,1,36.0,2026-09-22 00:15:00+00:00,Mon 8:15PM
195783778,NFL Single Stat $2 10-Player (NYG @ LAR Total Yards),153467,Single Stat - Total Yards,2.0,1,10,1,18.0,2026-09-22 00:15:00+00:00,Mon 8:15PM
195783786,NFL Single Stat $1 50-50 (NYG @ LAR Total Yards),153467,Single Stat - Total Yards,1.0,4,20,1,18.0,2026-09-22 00:15:00+00:00,Mon 8:15PM
195783787,NFL Single Stat $1 50-50 (NYG @ LAR Total Yards),153467,Single Stat - Total Yards,1.0,1,10,1,9.0,2026-09-22 00:15:00+00:00,Mon 8:15PM
195783790,NFL Single Stat $1 20-Player (NYG @ LAR Total Yards),153467,Single Stat - Total Yards,1.0,1,20,1,18.0,2026-09-22 00:15:00+00:00,Mon 8:15PM
195783738,Beginner NFL Single Stat $50 50-50 (NYG @ LAR Total Yards),153467,Single Stat - Total Yards,50.0,0,4,1,180.0,2026-09-22 00:15:00+00:00,Mon 8:15PM
195783743,Beginner NFL Single Stat $50 3-Player (NYG @ LAR Total Yards),153467,Single Stat - Total Yards,50.0,0,3,1,135.0,2026-09-22 00:15:00+00:00,Mon 8:15PM
195783739,Beginner NFL Single Stat $20 50-50 (NYG @ LAR Total Yards),153467,Single Stat - Total Yards,20.0,0,4,1,72.0,2026-09-22 00:15:00+00:00,Mon 8:15PM
195783744,Beginner NFL Single Stat $20 3-Player (NYG @ LAR Total Yards),153467,Single Stat - Total Yards,20.0,0,3,1,54.0,2026-09-22 00:15:00+00:00,Mon 8:15PM
195783740,Beginner NFL Single Stat $10 50-50 (NYG @ LAR Total Yards),153467,Single Stat - Total Yards,10.0,0,4,1,36.0,2026-09-22 00:15:00+00:00,Mon 8:15PM
195783745,Beginner NFL Single Stat $10 3-Player (NYG @ LAR Total Yards),153467,Single Stat - Total Yards,10.0,0,3,1,27.0,2026-09-22 00:15:00+00:00,Mon 8:15PM
195911010,Beginner NFL Single Stat $5 50-50 (NYG @ LAR Total Yards),153467,Single Stat - Total Yards,5.0,0,4,1,18.0,2026-09-22 00:15:00+00:00,Mon 8:15PM
195783746,Beginner NFL Single Stat $5 3-Player (NYG @ LAR Total Yards),153467,Single Stat - Total Yards,5.0,0,3,1,13.5,2026-09-22 00:15:00+00:00,Mon 8:15PM
195783742,Beginner NFL Single Stat $3 50-50 (NYG @ LAR Total Yards),153467,Single Stat - Total Yards,3.0,0,4,1,10.8,2026-09-22 00:15:00+00:00,Mon 8:15PM
195783747,Beginner NFL Single Stat $2 3-Player (NYG @ LAR Total Yards),153467,Single Stat - Total Yards,2.0,0,3,1,5.4,2026-09-22 00:15:00+00:00,Mon 8:15PM
195783827,Beginner NFL Single Stat $1 50-50 (NYG @ LAR Total Yards),153467,Single Stat - Total Yards,1.0,0,4,1,3.6,2026-09-22 00:15:00+00:00,Mon 8:15PM
195783748,Beginner NFL Single Stat $1 3-Player (NYG @ LAR Total Yards),153467,Single Stat - Total Yards,1.0,0,3,1,2.7,2026-09-22 00:15:00+00:00,Mon 8:15PM
195783749,"NFL Single Stat $10,600 3-Player (NYG @ LAR Total Yards)",153467,Single Stat - Total Yards,10600.0,0,3,1,30000.0,2026-09-22 00:15:00+00:00,Mon 8:15PM
195783750,"NFL Single Stat $10,600 3-Player (NYG @ LAR Total Yards)",153467,Single Stat - Total Yards,10600.0,0,3,1,30000.0,2026-09-22 00:15:00+00:00,Mon 8:15PM
195783753,"NFL Single Stat $5,300 50-50 (NYG @ LAR Total Yards)",153467,Single Stat - Total Yards,5300.0,0,4,1,20000.0,2026-09-22 00:15:00+00:00,Mon 8:15PM
195783754,"NFL Single Stat $5,300 50-50 (NYG @ LAR Total Yards)",153467,Single Stat - Total Yards,5300.0,0,4,1,20000.0,2026-09-22 00:15:00+00:00,Mon 8:15PM
195783751,"NFL Single Stat $5,300 3-Player (NYG @ LAR Total Yards)",153467,Single Stat - Total Yards,5300.0,0,3,1,15000.0,2026-09-22 00:15:00+00:00,Mon 8:15PM
195783752,"NFL Single Stat $5,300 3-Player (NYG @ LAR Total Yards)",153467,Single Stat - Total Yards,5300.0,0,3,1,15000.0,2026-09-22 00:15:00+00:00,Mon 8:15PM
195783755,"NFL Single Stat $1,060 50-50 (NYG @ LAR Total Yards)",153467,Single Stat - Total Yards,1060.0,0,4,1,4000.0,2026-09-22 00:15:00+00:00,Mon 8:15PM
195783756,"NFL Single Stat $1,060 50-50 (NYG @ LAR Total Yards)",153467,Single Stat - Total Yards,1060.0,0,4,1,4000.0,2026-09-22 00:15:00+00:00,Mon 8:15PM
195783757,"NFL Single Stat $1,060 3-Player (NYG @ LAR Total Yards)",153467,Single Stat - Total Yards,1060.0,0,3,1,3000.0,2026-09-22 00:15:00+00:00,Mon 8:15PM
195783758,"NFL Single Stat $1,060 3-Player (NYG @ LAR Total Yards)",153467,Single Stat - Total Yards,1060.0,0,3,1,3000.0,2026-09-22 00:15:00+00:00,Mon 8:15PM
195783759,NFL Single Stat $530 50-50 (NYG @ LAR Total Yards),153467,Single Stat - Total Yards,530.0,0,4,1,2000.0,2026-09-22 00:15:00+00:00,Mon 8:15PM
195783760,NFL Single Stat $530 50-50 (NYG @ LAR Total Yards),153467,Single Stat - Total Yards,530.0,0,4,1,2000.0,2026-09-22 00:15:00+00:00,Mon 8:15PM
195783761,NFL Single Stat $530 3-Player (NYG @ LAR Total Yards),153467,Single Stat - Total Yards,530.0,0,3,1,1500.0,2026-09-22 00:15:00+00:00,Mon 8:15PM
195783762,NFL Single Stat $530 3-Player (NYG @ LAR Total Yards),153467,Single Stat - Total Yards,530.0,0,3,1,1500.0,2026-09-22 00:15:00+00:00,Mon 8:15PM
195783821,NFL Single Stat $270 50-50 (NYG @ LAR Total Yards),153467,Single Stat - Total Yards,270.0,0,4,1,1000.0,2026-09-22 00:15:00+00:00,Mon 8:15PM
195783822,NFL Single Stat $270 50-50 (NYG @ LAR Total Yards),153467,Single Stat - Total Yards,270.0,0,4,1,1000.0,2026-09-22 00:15:00+00:00,Mon 8:15PM
195783767,NFL Single Stat $270 3-Player (NYG @ LAR Total Yards),153467,Single Stat - Total Yards,270.0,0,3,1,750.0,2026-09-22 00:15:00+00:00,Mon 8:15PM
195783768,NFL Single Stat $270 3-Player (NYG @ LAR Total Yards),153467,Single Stat - Total Yards,270.0,0,3,1,750.0,2026-09-22 00:15:00+00:00,Mon 8:15PM
195783770,NFL Single Stat $109 50-50 (NYG @ LAR Total Yards),153467,Single Stat - Total Yards,109.0,0,4,1,400.0,2026-09-22 00:15:00+00:00,Mon 8:15PM
195783771,NFL Single Stat $109 50-50 (NYG @ LAR Total Yards),153467,Single Stat - Total Yards,109.0,0,4,1,400.0,2026-09-22 00:15:00+00:00,Mon 8:15PM
195783774,NFL Single Stat $109 3-Player (NYG @ LAR Total Yards),153467,Single Stat - Total Yards,109.0,0,3,1,300.0,2026-09-22 00:15:00+00:00,Mon 8:15PM
195783775,NFL Single Stat $109 3-Player (NYG @ LAR Total Yards),153467,Single Stat - Total Yards,109.0,0,3,1,300.0,2026-09-22 00:15:00+00:00,Mon 8:15PM
195783776,NFL Single Stat $109 3-Player (NYG @ LAR Total Yards),153467,Single Stat - Total Yards,109.0,0,3,1,300.0,2026-09-22 00:15:00+00:00,Mon 8:15PM
195783783,NFL Single Stat $50 50-50 (NYG @ LAR Total Yards),153467,Single Stat - Total Yards,50.0,0,8,1,360.0,2026-09-22 00:15:00+00:00,Mon 8:15PM
195783780,NFL Single Stat $50 50-50 (NYG @ LAR Total Yards),153467,Single Stat - Total Yards,50.0,0,4,1,180.0,2026-09-22 00:15:00+00:00,Mon 8:15PM
195783814,NFL Single Stat $50 Double Up (NYG @ LAR Total Yards),153467,Single Stat - Total Yards,50.0,0,22,1,1000.0,2026-09-22 00:15:00+00:00,Mon 8:15PM
195783813,NFL Single Stat $50 Double Up (NYG @ LAR Total Yards),153467,Single Stat - Total Yards,50.0,0,11,1,500.0,2026-09-22 00:15:00+00:00,Mon 8:15PM
195783789,NFL Single Stat $50 3-Player (NYG @ LAR Total Yards),153467,Single Stat - Total Yards,50.0,0,3,1,135.0,2026-09-22 00:15:00+00:00,Mon 8:15PM
195783812,NFL Single Stat $25 Double Up (NYG @ LAR Total Yards),153467,Single Stat - Total Yards,25.0,0,22,1,500.0,2026-09-22 00:15:00+00:00,Mon 8:15PM
195783811,NFL Single Stat $25 Double Up (NYG @ LAR Total Yards),153467,Single Stat - Total Yards,25.0,0,11,1,250.0,2026-09-22 00:15:00+00:00,Mon 8:15PM
195783800,NFL Single Stat $20 50-50 (NYG @ LAR Total Yards),153467,Single Stat - Total Yards,20.0,0,10,1,180.0,2026-09-22 00:15:00+00:00,Mon 8:15PM
195783796,NFL Single Stat $20 50-50 (NYG @ LAR Total Yards),153467,Single Stat - Total Yards,20.0,0,4,1,72.0,2026-09-22 00:15:00+00:00,Mon 8:15PM
195783801,NFL Single Stat $20 5-Player (NYG @ LAR Total Yards),153467,Single Stat - Total Yards,20.0,0,5,1,90.0,2026-09-22 00:15:00+00:00,Mon 8:15PM
195783802,NFL Single Stat $20 3-Player (NYG @ LAR Total Yards),153467,Single Stat - Total Yards,20.0,0,3,1,54.0,2026-09-22 00:15:00+00:00,Mon 8:15PM
195783803,NFL Single Stat $20 3-Player (NYG @ LAR Total Yards),153467,Single Stat - Total Yards,20.0,0,3,1,54.0,2026-09-22 00:15:00+00:00,Mon 8:15PM
195783805,NFL Single Stat $10 50-50 (NYG @ LAR Total Yards),153467,Single Stat - Total Yards,10.0,0,10,1,90.0,2026-09-22 00:15:00+00:00,Mon 8:15PM
195783804,NFL Single Stat $10 50-50 (NYG @ LAR Total Yards),153467,Single Stat - Total Yards,10.0,0,4,1,36.0,2026-09-22 00:15:00+00:00,Mon 8:15PM
195783809,NFL Single Stat $10 Double Up (NYG @ LAR Total Yards),153467,Single Stat - Total Yards,10.0,0,11,1,100.0,2026-09-22 00:15:00+00:00,Mon 8:15PM
195783810,NFL Single Stat $10 Double Up (NYG @ LAR Total Yards),153467,Single Stat - Total Yards,10.0,0,11,1,100.0,2026-09-22 00:15:00+00:00,Mon 8:15PM
195783806,NFL Single Stat $10 5-Player (NYG @ LAR Total Yards),153467,Single Stat - Total Yards,10.0,0,5,1,45.0,2026-09-22 00:15:00+00:00,Mon 8:15PM
195783807,NFL Single Stat $10 3-Player (NYG @ LAR Total Yards),153467,Single Stat - Total Yards,10.0,0,3,1,27.0,2026-09-22 00:15:00+00:00,Mon 8:15PM
195783808,NFL Single Stat $10 3-Player (NYG @ LAR Total Yards),153467,Single Stat - Total Yards,10.0,0,3,1,27.0,2026-09-22 00:15:00+00:00,Mon 8:15PM
195783763,NFL Single Stat $5 50-50 (NYG @ LAR Total Yards),153467,Single Stat - Total Yards,5.0,0,10,1,45.0,2026-09-22 00:15:00+00:00,Mon 8:15PM
195783764,NFL Single Stat $5 50-50 (NYG @ LAR Total Yards),153467,Single Stat - Total Yards,5.0,0,4,1,18.0,2026-09-22 00:15:00+00:00,Mon 8:15PM
195783765,NFL Single Stat $5 50-50 (NYG @ LAR Total Yards),153467,Single Stat - Total Yards,5.0,0,4,1,18.0,2026-09-22 00:15:00+00:00,Mon 8:15PM
195783815,NFL Single Stat $5 Double Up (NYG @ LAR Total Yards),153467,Single Stat - Total Yards,5.0,0,11,1,50.0,2026-09-22 00:15:00+00:00,Mon 8:15PM
195783816,NFL Single Stat $5 Double Up (NYG @ LAR Total Yards),153467,Single Stat - Total Yards,5.0,0,11,1,50.0,2026-09-22 00:15:00+00:00,Mon 8:15PM
195783766,NFL Single Stat $5 20-Player (NYG @ LAR Total Yards),153467,Single Stat - Total Yards,5.0,0,20,1,90.0,2026-09-22 00:15:00+00:00,Mon 8:15PM
195783769,NFL Single Stat $5 10-Player (NYG @ LAR Total Yards),153467,Single Stat - Total Yards,5.0,0,10,1,45.0,2026-09-22 00:15:00+00:00,Mon 8:15PM
195783823,NFL Single Stat $5 5-Player (NYG @ LAR Total Yards),153467,Single Stat - Total Yards,5.0,0,5,1,22.5,2026-09-22 00:15:00+00:00,Mon 8:15PM
195783824,NFL Single Stat $5 5-Player (NYG @ LAR Total Yards),153467,Single Stat - Total Yards,5.0,0,5,1,22.5,2026-09-22 00:15:00+00:00,Mon 8:15PM
195783825,NFL Single Stat $5 3-Player (NYG @ LAR Total Yards),153467,Single Stat - Total Yards,5.0,0,3,1,13.5,2026-09-22 00:15:00+00:00,Mon 8:15PM
195783826,NFL Single Stat $5 3-Player (NYG @ LAR Total Yards),153467,Single Stat - Total Yards,5.0,0,3,1,13.5,2026-09-22 00:15:00+00:00,Mon 8:15PM
195783818,NFL Single Stat $3 Double Up (NYG @ LAR Total Yards),153467,Single Stat - Total Yards,3.0,0,11,1,30.0,2026-09-22 00:15:00+00:00,Mon 8:15PM
195912176,NFL Single Stat $3 Double Up (NYG @ LAR Total Yards),153467,Single Stat - Total Yards,3.0,0,11,1,30.0,2026-09-22 00:15:00+00:00,Mon 8:15PM
195790777,NFL Single Stat $2 50-50 (NYG @ LAR Total Yards),153467,Single Stat - Total Yards,2.0,0,20,1,36.0,2026-09-22 00:15:00+00:00,Mon 8:15PM
195783773,NFL Single Stat $2 50-50 (NYG @ LAR Total Yards),153467,Single Stat - Total Yards,2.0,0,10,1,18.0,2026-09-22 00:15:00+00:00,Mon 8:15PM
195783777,NFL Single Stat $2 20-Player (NYG @ LAR Total Yards),153467,Single Stat - Total Yards,2.0,0,20,1,36.0,2026-09-22 00:15:00+00:00,Mon 8:15PM
195783779,NFL Single Stat $2 10-Player (NYG @ LAR Total Yards),153467,Single Stat - Total Yards,2.0,0,10,1,18.0,2026-09-22 00:15:00+00:00,Mon 8:15PM
195914337,NFL Single Stat $2 10-Player (NYG @ LAR Total Yards),153467,Single Stat - Total Yards,2.0,0,10,1,18.0,2026-09-22 00:15:00+00:00,Mon 8:15PM
195783781,NFL Single Stat $2 5-Player (NYG @ LAR Total Yards),153467,Single Stat - Total Yards,2.0,0,5,1,9.0,2026-09-22 00:15:00+00:00,Mon 8:15PM
195783782,NFL Single Stat $2 5-Player (NYG @ LAR Total Yards),153467,Single Stat - Total Yards,2.0,0,5,1,9.0,2026-09-22 00:15:00+00:00,Mon 8:15PM
195783784,NFL Single Stat $2 3-Player (NYG @ LAR Total Yards),153467,Single Stat - Total Yards,2.0,0,3,1,5.4,2026-09-22 00:15:00+00:00,Mon 8:15PM
195783785,NFL Single Stat $2 3-Player (NYG @ LAR Total Yards),153467,Single Stat - Total Yards,2.0,0,3,1,5.4,2026-09-22 00:15:00+00:00,Mon 8:15PM
195787549,NFL Single Stat $1 50-50 (NYG @ LAR Total Yards),153467,Single Stat - Total Yards,1.0,0,20,1,18.0,2026-09-22 00:15:00+00:00,Mon 8:15PM
195783788,NFL Single Stat $1 50-50 (NYG @ LAR Total Yards),153467,Single Stat - Total Yards,1.0,0,10,1,9.0,2026-09-22 00:15:00+00:00,Mon 8:15PM
195911636,NFL Single Stat $1 50-50 (NYG @ LAR Total Yards),153467,Single Stat - Total Yards,1.0,0,10,1,9.0,2026-09-22 00:15:00+00:00,Mon 8:15PM
195783819,NFL Single Stat $1 Double Up (NYG @ LAR Total Yards),153467,Single Stat - Total Yards,1.0,0,11,1,10.0,2026-09-22 00:15:00+00:00,Mon 8:15PM
195783820,NFL Single Stat $1 Double Up (NYG @ LAR Total Yards),153467,Single Stat - Total Yards,1.0,0,11,1,10.0,2026-09-22 00:15:00+00:00,Mon 8:15PM
195911458,NFL Single Stat $1 20-Player (NYG @ LAR Total Yards),153467,Single Stat - Total Yards,1.0,0,20,1,18.0,2026-09-22 00:15:00+00:00,Mon 8:15PM
195783791,NFL Single Stat $1 10-Player (NYG @ LAR Total Yards),153467,Single Stat - Total Yards,1.0,0,10,1,9.0,2026-09-22 00:15:00+00:00,Mon 8:15PM
195783792,NFL Single Stat $1 10-Player (NYG @ LAR Total Yards),153467,Single Stat - Total Yards,1.0,0,10,1,9.0,2026-09-22 00:15:00+00:00,Mon 8:15PM
195783793,NFL Single Stat $1 5-Player (NYG @ LAR Total Yards),153467,Single Stat - Total Yards,1.0,0,5,1,4.5,2026-09-22 00:15:00+00:00,Mon 8:15PM
195783794,NFL Single Stat $1 5-Player (NYG @ LAR Total Yards),153467,Single Stat - Total Yards,1.0,0,5,1,4.5,2026-09-22 00:15:00+00:00,Mon 8:15PM
195783795,NFL Single Stat $1 5-Player (NYG @ LAR Total Yards),153467,Single Stat - Total Yards,1.0,0,5,1,4.5,2026-09-22 00:15:00+00:00,Mon 8:15PM
195783797,NFL Single Stat $1 3-Player (NYG @ LAR Total Yards),153467,Single Stat - Total Yards,1.0,0,3,1,2.7,2026-09-22 00:15:00+00:00,Mon 8:15PM
195783798,NFL Single Stat $1 3-Player (NYG @ LAR Total Yards),153467,Single Stat - Total Yards,1.0,0,3,1,2.7,2026-09-22 00:15:00+00:00,Mon 8:15PM
195783799,NFL Single Stat $1 3-Player (NYG @ LAR Total Yards),153467,Single Stat - Total Yards,1.0,0,3,1,2.7,2026-09-22 00:15:00+00:00,Mon 8:15PM
195801702,NFL In-Game $1 Double Up (2H NYG @ LAR),153454,In-Game Showdown (H2),1.0,1,11,1,10.0,2026-09-22 01:15:00+00:00,Mon 9:15PM
195801716,NFL In-Game Satellite to $20 NFL Fantasy Football Millionaire [Must Fill] (2H NYG @ LAR),153454,In-Game Showdown (H2),7.4,0,3,1,20.0,2026-09-22 01:15:00+00:00,Mon 9:15PM
195801620,Beginner NFL In-Game $50 50-50 (2H NYG @ LAR),153454,In-Game Showdown (H2),50.0,0,4,1,180.0,2026-09-22 01:15:00+00:00,Mon 9:15PM
195801625,Beginner NFL In-Game $50 3-Player (2H NYG @ LAR),153454,In-Game Showdown (H2),50.0,0,3,1,135.0,2026-09-22 01:15:00+00:00,Mon 9:15PM
195801621,Beginner NFL In-Game $20 50-50 (2H NYG @ LAR),153454,In-Game Showdown (H2),20.0,0,4,1,72.0,2026-09-22 01:15:00+00:00,Mon 9:15PM
195801626,Beginner NFL In-Game $20 3-Player (2H NYG @ LAR),153454,In-Game Showdown (H2),20.0,0,3,1,54.0,2026-09-22 01:15:00+00:00,Mon 9:15PM
195801622,Beginner NFL In-Game $10 50-50 (2H NYG @ LAR),153454,In-Game Showdown (H2),10.0,0,4,1,36.0,2026-09-22 01:15:00+00:00,Mon 9:15PM
195801627,Beginner NFL In-Game $10 3-Player (2H NYG @ LAR),153454,In-Game Showdown (H2),10.0,0,3,1,27.0,2026-09-22 01:15:00+00:00,Mon 9:15PM
195801623,Beginner NFL In-Game $5 50-50 (2H NYG @ LAR),153454,In-Game Showdown (H2),5.0,0,4,1,18.0,2026-09-22 01:15:00+00:00,Mon 9:15PM
195801628,Beginner NFL In-Game $5 3-Player (2H NYG @ LAR),153454,In-Game Showdown (H2),5.0,0,3,1,13.5,2026-09-22 01:15:00+00:00,Mon 9:15PM
195801624,Beginner NFL In-Game $3 50-50 (2H NYG @ LAR),153454,In-Game Showdown (H2),3.0,0,4,1,10.8,2026-09-22 01:15:00+00:00,Mon 9:15PM
195801629,Beginner NFL In-Game $2 3-Player (2H NYG @ LAR),153454,In-Game Showdown (H2),2.0,0,3,1,5.4,2026-09-22 01:15:00+00:00,Mon 9:15PM
195801709,Beginner NFL In-Game $1 50-50 (2H NYG @ LAR),153454,In-Game Showdown (H2),1.0,0,4,1,3.6,2026-09-22 01:15:00+00:00,Mon 9:15PM
195801630,Beginner NFL In-Game $1 3-Player (2H NYG @ LAR),153454,In-Game Showdown (H2),1.0,0,3,1,2.7,2026-09-22 01:15:00+00:00,Mon 9:15PM
195801631,"NFL In-Game $10,600 3-Player (2H NYG @ LAR)",153454,In-Game Showdown (H2),10600.0,0,3,1,30000.0,2026-09-22 01:15:00+00:00,Mon 9:15PM
195801632,"NFL In-Game $10,600 3-Player (2H NYG @ LAR)",153454,In-Game Showdown (H2),10600.0,0,3,1,30000.0,2026-09-22 01:15:00+00:00,Mon 9:15PM
195801635,"NFL In-Game $5,300 50-50 (2H NYG @ LAR)",153454,In-Game Showdown (H2),5300.0,0,4,1,20000.0,2026-09-22 01:15:00+00:00,Mon 9:15PM
195801636,"NFL In-Game $5,300 50-50 (2H NYG @ LAR)",153454,In-Game Showdown (H2),5300.0,0,4,1,20000.0,2026-09-22 01:15:00+00:00,Mon 9:15PM
195801633,"NFL In-Game $5,300 3-Player (2H NYG @ LAR)",153454,In-Game Showdown (H2),5300.0,0,3,1,15000.0,2026-09-22 01:15:00+00:00,Mon 9:15PM
195801634,"NFL In-Game $5,300 3-Player (2H NYG @ LAR)",153454,In-Game Showdown (H2),5300.0,0,3,1,15000.0,2026-09-22 01:15:00+00:00,Mon 9:15PM
195801637,"NFL In-Game $1,060 50-50 (2H NYG @ LAR)",153454,In-Game Showdown (H2),1060.0,0,4,1,4000.0,2026-09-22 01:15:00+00:00,Mon 9:15PM
195801638,"NFL In-Game $1,060 50-50 (2H NYG @ LAR)",153454,In-Game Showdown (H2),1060.0,0,4,1,4000.0,2026-09-22 01:15:00+00:00,Mon 9:15PM
195801639,"NFL In-Game $1,060 3-Player (2H NYG @ LAR)",153454,In-Game Showdown (H2),1060.0,0,3,1,3000.0,2026-09-22 01:15:00+00:00,Mon 9:15PM
195801640,"NFL In-Game $1,060 3-Player (2H NYG @ LAR)",153454,In-Game Showdown (H2),1060.0,0,3,1,3000.0,2026-09-22 01:15:00+00:00,Mon 9:15PM
195801641,NFL In-Game $530 50-50 (2H NYG @ LAR),153454,In-Game Showdown (H2),530.0,0,4,1,2000.0,2026-09-22 01:15:00+00:00,Mon 9:15PM
195801642,NFL In-Game $530 50-50 (2H NYG @ LAR),153454,In-Game Showdown (H2),530.0,0,4,1,2000.0,2026-09-22 01:15:00+00:00,Mon 9:15PM
195801643,NFL In-Game $530 3-Player (2H NYG @ LAR),153454,In-Game Showdown (H2),530.0,0,3,1,1500.0,2026-09-22 01:15:00+00:00,Mon 9:15PM
195801644,NFL In-Game $530 3-Player (2H NYG @ LAR),153454,In-Game Showdown (H2),530.0,0,3,1,1500.0,2026-09-22 01:15:00+00:00,Mon 9:15PM
195801703,NFL In-Game $270 50-50 (2H NYG @ LAR),153454,In-Game Showdown (H2),270.0,0,4,1,1000.0,2026-09-22 01:15:00+00:00,Mon 9:15PM
195801704,NFL In-Game $270 50-50 (2H NYG @ LAR),153454,In-Game Showdown (H2),270.0,0,4,1,1000.0,2026-09-22 01:15:00+00:00,Mon 9:15PM
195801649,NFL In-Game $270 3-Player (2H NYG @ LAR),153454,In-Game Showdown (H2),270.0,0,3,1,750.0,2026-09-22 01:15:00+00:00,Mon 9:15PM
195801650,NFL In-Game $270 3-Player (2H NYG @ LAR),153454,In-Game Showdown (H2),270.0,0,3,1,750.0,2026-09-22 01:15:00+00:00,Mon 9:15PM
195801652,NFL In-Game $109 50-50 (2H NYG @ LAR),153454,In-Game Showdown (H2),109.0,0,4,1,400.0,2026-09-22 01:15:00+00:00,Mon 9:15PM
195801653,NFL In-Game $109 50-50 (2H NYG @ LAR),153454,In-Game Showdown (H2),109.0,0,4,1,400.0,2026-09-22 01:15:00+00:00,Mon 9:15PM
195801656,NFL In-Game $109 3-Player (2H NYG @ LAR),153454,In-Game Showdown (H2),109.0,0,3,1,300.0,2026-09-22 01:15:00+00:00,Mon 9:15PM
195801657,NFL In-Game $109 3-Player (2H NYG @ LAR),153454,In-Game Showdown (H2),109.0,0,3,1,300.0,2026-09-22 01:15:00+00:00,Mon 9:15PM
195801658,NFL In-Game $109 3-Player (2H NYG @ LAR),153454,In-Game Showdown (H2),109.0,0,3,1,300.0,2026-09-22 01:15:00+00:00,Mon 9:15PM
195801665,NFL In-Game $50 50-50 (2H NYG @ LAR),153454,In-Game Showdown (H2),50.0,0,8,1,360.0,2026-09-22 01:15:00+00:00,Mon 9:15PM
195801662,NFL In-Game $50 50-50 (2H NYG @ LAR),153454,In-Game Showdown (H2),50.0,0,4,1,180.0,2026-09-22 01:15:00+00:00,Mon 9:15PM
195801696,NFL In-Game $50 Double Up (2H NYG @ LAR),153454,In-Game Showdown (H2),50.0,0,22,1,1000.0,2026-09-22 01:15:00+00:00,Mon 9:15PM
195801695,NFL In-Game $50 Double Up (2H NYG @ LAR),153454,In-Game Showdown (H2),50.0,0,11,1,500.0,2026-09-22 01:15:00+00:00,Mon 9:15PM
195801671,NFL In-Game $50 3-Player (2H NYG @ LAR),153454,In-Game Showdown (H2),50.0,0,3,1,135.0,2026-09-22 01:15:00+00:00,Mon 9:15PM
195801694,NFL In-Game $25 Double Up (2H NYG @ LAR),153454,In-Game Showdown (H2),25.0,0,22,1,500.0,2026-09-22 01:15:00+00:00,Mon 9:15PM
195801693,NFL In-Game $25 Double Up (2H NYG @ LAR),153454,In-Game Showdown (H2),25.0,0,11,1,250.0,2026-09-22 01:15:00+00:00,Mon 9:15PM
195801682,NFL In-Game $20 50-50 (2H NYG @ LAR),153454,In-Game Showdown (H2),20.0,0,10,1,180.0,2026-09-22 01:15:00+00:00,Mon 9:15PM
195801678,NFL In-Game $20 50-50 (2H NYG @ LAR),153454,In-Game Showdown (H2),20.0,0,4,1,72.0,2026-09-22 01:15:00+00:00,Mon 9:15PM
195801683,NFL In-Game $20 5-Player (2H NYG @ LAR),153454,In-Game Showdown (H2),20.0,0,5,1,90.0,2026-09-22 01:15:00+00:00,Mon 9:15PM
195801684,NFL In-Game $20 3-Player (2H NYG @ LAR),153454,In-Game Showdown (H2),20.0,0,3,1,54.0,2026-09-22 01:15:00+00:00,Mon 9:15PM
195801685,NFL In-Game $20 3-Player (2H NYG @ LAR),153454,In-Game Showdown (H2),20.0,0,3,1,54.0,2026-09-22 01:15:00+00:00,Mon 9:15PM
195801687,NFL In-Game $10 50-50 (2H NYG @ LAR),153454,In-Game Showdown (H2),10.0,0,10,1,90.0,2026-09-22 01:15:00+00:00,Mon 9:15PM
195801686,NFL In-Game $10 50-50 (2H NYG @ LAR),153454,In-Game Showdown (H2),10.0,0,4,1,36.0,2026-09-22 01:15:00+00:00,Mon 9:15PM
195801691,NFL In-Game $10 Double Up (2H NYG @ LAR),153454,In-Game Showdown (H2),10.0,0,11,1,100.0,2026-09-22 01:15:00+00:00,Mon 9:15PM
195801692,NFL In-Game $10 Double Up (2H NYG @ LAR),153454,In-Game Showdown (H2),10.0,0,11,1,100.0,2026-09-22 01:15:00+00:00,Mon 9:15PM
195801688,NFL In-Game $10 5-Player (2H NYG @ LAR),153454,In-Game Showdown (H2),10.0,0,5,1,45.0,2026-09-22 01:15:00+00:00,Mon 9:15PM
195801689,NFL In-Game $10 3-Player (2H NYG @ LAR),153454,In-Game Showdown (H2),10.0,0,3,1,27.0,2026-09-22 01:15:00+00:00,Mon 9:15PM
195801690,NFL In-Game $10 3-Player (2H NYG @ LAR),153454,In-Game Showdown (H2),10.0,0,3,1,27.0,2026-09-22 01:15:00+00:00,Mon 9:15PM
195801645,NFL In-Game $5 50-50 (2H NYG @ LAR),153454,In-Game Showdown (H2),5.0,0,10,1,45.0,2026-09-22 01:15:00+00:00,Mon 9:15PM
195801646,NFL In-Game $5 50-50 (2H NYG @ LAR),153454,In-Game Showdown (H2),5.0,0,4,1,18.0,2026-09-22 01:15:00+00:00,Mon 9:15PM
195801647,NFL In-Game $5 50-50 (2H NYG @ LAR),153454,In-Game Showdown (H2),5.0,0,4,1,18.0,2026-09-22 01:15:00+00:00,Mon 9:15PM
195801697,NFL In-Game $5 Double Up (2H NYG @ LAR),153454,In-Game Showdown (H2),5.0,0,11,1,50.0,2026-09-22 01:15:00+00:00,Mon 9:15PM
195801698,NFL In-Game $5 Double Up (2H NYG @ LAR),153454,In-Game Showdown (H2),5.0,0,11,1,50.0,2026-09-22 01:15:00+00:00,Mon 9:15PM
195801648,NFL In-Game $5 20-Player (2H NYG @ LAR),153454,In-Game Showdown (H2),5.0,0,20,1,90.0,2026-09-22 01:15:00+00:00,Mon 9:15PM
195801651,NFL In-Game $5 10-Player (2H NYG @ LAR),153454,In-Game Showdown (H2),5.0,0,10,1,45.0,2026-09-22 01:15:00+00:00,Mon 9:15PM
195801705,NFL In-Game $5 5-Player (2H NYG @ LAR),153454,In-Game Showdown (H2),5.0,0,5,1,22.5,2026-09-22 01:15:00+00:00,Mon 9:15PM
195801706,NFL In-Game $5 5-Player (2H NYG @ LAR),153454,In-Game Showdown (H2),5.0,0,5,1,22.5,2026-09-22 01:15:00+00:00,Mon 9:15PM
195801707,NFL In-Game $5 3-Player (2H NYG @ LAR),153454,In-Game Showdown (H2),5.0,0,3,1,13.5,2026-09-22 01:15:00+00:00,Mon 9:15PM
195801708,NFL In-Game $5 3-Player (2H NYG @ LAR),153454,In-Game Showdown (H2),5.0,0,3,1,13.5,2026-09-22 01:15:00+00:00,Mon 9:15PM
195801699,NFL In-Game $3 Double Up (2H NYG @ LAR),153454,In-Game Showdown (H2),3.0,0,11,1,30.0,2026-09-22 01:15:00+00:00,Mon 9:15PM
195801700,NFL In-Game $3 Double Up (2H NYG @ LAR),153454,In-Game Showdown (H2),3.0,0,11,1,30.0,2026-09-22 01:15:00+00:00,Mon 9:15PM
195801654,NFL In-Game $2 50-50 (2H NYG @ LAR),153454,In-Game Showdown (H2),2.0,0,20,1,36.0,2026-09-22 01:15:00+00:00,Mon 9:15PM
195801655,NFL In-Game $2 50-50 (2H NYG @ LAR),153454,In-Game Showdown (H2),2.0,0,10,1,18.0,2026-09-22 01:15:00+00:00,Mon 9:15PM
195801659,NFL In-Game $2 20-Player (2H NYG @ LAR),153454,In-Game Showdown (H2),2.0,0,20,1,36.0,2026-09-22 01:15:00+00:00,Mon 9:15PM
195801660,NFL In-Game $2 10-Player (2H NYG @ LAR),153454,In-Game Showdown (H2),2.0,0,10,1,18.0,2026-09-22 01:15:00+00:00,Mon 9:15PM
195801661,NFL In-Game $2 10-Player (2H NYG @ LAR),153454,In-Game Showdown (H2),2.0,0,10,1,18.0,2026-09-22 01:15:00+00:00,Mon 9:15PM
195801663,NFL In-Game $2 5-Player (2H NYG @ LAR),153454,In-Game Showdown (H2),2.0,0,5,1,9.0,2026-09-22 01:15:00+00:00,Mon 9:15PM
195801664,NFL In-Game $2 5-Player (2H NYG @ LAR),153454,In-Game Showdown (H2),2.0,0,5,1,9.0,2026-09-22 01:15:00+00:00,Mon 9:15PM
195801666,NFL In-Game $2 3-Player (2H NYG @ LAR),153454,In-Game Showdown (H2),2.0,0,3,1,5.4,2026-09-22 01:15:00+00:00,Mon 9:15PM
195801667,NFL In-Game $2 3-Player (2H NYG @ LAR),153454,In-Game Showdown (H2),2.0,0,3,1,5.4,2026-09-22 01:15:00+00:00,Mon 9:15PM
195801668,NFL In-Game $1 50-50 (2H NYG @ LAR),153454,In-Game Showdown (H2),1.0,0,20,1,18.0,2026-09-22 01:15:00+00:00,Mon 9:15PM
195801669,NFL In-Game $1 50-50 (2H NYG @ LAR),153454,In-Game Showdown (H2),1.0,0,10,1,9.0,2026-09-22 01:15:00+00:00,Mon 9:15PM
195801670,NFL In-Game $1 50-50 (2H NYG @ LAR),153454,In-Game Showdown (H2),1.0,0,10,1,9.0,2026-09-22 01:15:00+00:00,Mon 9:15PM
195801701,NFL In-Game $1 Double Up (2H NYG @ LAR),153454,In-Game Showdown (H2),1.0,0,11,1,10.0,2026-09-22 01:15:00+00:00,Mon 9:15PM
195911540,NFL In-Game $1 Double Up (2H NYG @ LAR),153454,In-Game Showdown (H2),1.0,0,11,1,10.0,2026-09-22 01:15:00+00:00,Mon 9:15PM
195801672,NFL In-Game $1 20-Player (2H NYG @ LAR),153454,In-Game Showdown (H2),1.0,0,20,1,18.0,2026-09-22 01:15:00+00:00,Mon 9:15PM
195801673,NFL In-Game $1 10-Player (2H NYG @ LAR),153454,In-Game Showdown (H2),1.0,0,10,1,9.0,2026-09-22 01:15:00+00:00,Mon 9:15PM
195801674,NFL In-Game $1 10-Player (2H NYG @ LAR),153454,In-Game Showdown (H2),1.0,0,10,1,9.0,2026-09-22 01:15:00+00:00,Mon 9:15PM
195801675,NFL In-Game $1 5-Player (2H NYG @ LAR),153454,In-Game Showdown (H2),1.0,0,5,1,4.5,2026-09-22 01:15:00+00:00,Mon 9:15PM
195801676,NFL In-Game $1 5-Player (2H NYG @ LAR),153454,In-Game Showdown (H2),1.0,0,5,1,4.5,2026-09-22 01:15:00+00:00,Mon 9:15PM
195801677,NFL In-Game $1 5-Player (2H NYG @ LAR),153454,In-Game Showdown (H2),1.0,0,5,1,4.5,2026-09-22 01:15:00+00:00,Mon 9:15PM
195801679,NFL In-Game $1 3-Player (2H NYG @ LAR),153454,In-Game Showdown (H2),1.0,0,3,1,2.7,2026-09-22 01:15:00+00:00,Mon 9:15PM
195801680,NFL In-Game $1 3-Player (2H NYG @ LAR),153454,In-Game Showdown (H2),1.0,0,3,1,2.7,2026-09-22 01:15:00+00:00,Mon 9:15PM
195801681,NFL In-Game $1 3-Player (2H NYG @ LAR),153454,In-Game Showdown (H2),1.0,0,3,1,2.7,2026-09-22 01:15:00+00:00,Mon 9:15PM
195801815,NFL In-Game Satellite to $20 NFL Fantasy Football Millionaire [Must Fill] (4Q NYG @ LAR),153455,In-Game Showdown (Q4),7.4,0,3,1,20.0,2026-09-22 01:45:00+00:00,Mon 9:45PM
195801719,Beginner NFL In-Game $50 50-50 (4Q NYG @ LAR),153455,In-Game Showdown (Q4),50.0,0,4,1,180.0,2026-09-22 01:45:00+00:00,Mon 9:45PM
195801724,Beginner NFL In-Game $50 3-Player (4Q NYG @ LAR),153455,In-Game Showdown (Q4),50.0,0,3,1,135.0,2026-09-22 01:45:00+00:00,Mon 9:45PM
195801720,Beginner NFL In-Game $20 50-50 (4Q NYG @ LAR),153455,In-Game Showdown (Q4),20.0,0,4,1,72.0,2026-09-22 01:45:00+00:00,Mon 9:45PM
195801725,Beginner NFL In-Game $20 3-Player (4Q NYG @ LAR),153455,In-Game Showdown (Q4),20.0,0,3,1,54.0,2026-09-22 01:45:00+00:00,Mon 9:45PM
195801721,Beginner NFL In-Game $10 50-50 (4Q NYG @ LAR),153455,In-Game Showdown (Q4),10.0,0,4,1,36.0,2026-09-22 01:45:00+00:00,Mon 9:45PM
195801726,Beginner NFL In-Game $10 3-Player (4Q NYG @ LAR),153455,In-Game Showdown (Q4),10.0,0,3,1,27.0,2026-09-22 01:45:00+00:00,Mon 9:45PM
195801722,Beginner NFL In-Game $5 50-50 (4Q NYG @ LAR),153455,In-Game Showdown (Q4),5.0,0,4,1,18.0,2026-09-22 01:45:00+00:00,Mon 9:45PM
195801727,Beginner NFL In-Game $5 3-Player (4Q NYG @ LAR),153455,In-Game Showdown (Q4),5.0,0,3,1,13.5,2026-09-22 01:45:00+00:00,Mon 9:45PM
195801723,Beginner NFL In-Game $3 50-50 (4Q NYG @ LAR),153455,In-Game Showdown (Q4),3.0,0,4,1,10.8,2026-09-22 01:45:00+00:00,Mon 9:45PM
195801728,Beginner NFL In-Game $2 3-Player (4Q NYG @ LAR),153455,In-Game Showdown (Q4),2.0,0,3,1,5.4,2026-09-22 01:45:00+00:00,Mon 9:45PM
195801808,Beginner NFL In-Game $1 50-50 (4Q NYG @ LAR),153455,In-Game Showdown (Q4),1.0,0,4,1,3.6,2026-09-22 01:45:00+00:00,Mon 9:45PM
195801729,Beginner NFL In-Game $1 3-Player (4Q NYG @ LAR),153455,In-Game Showdown (Q4),1.0,0,3,1,2.7,2026-09-22 01:45:00+00:00,Mon 9:45PM
195801730,"NFL In-Game $10,600 3-Player (4Q NYG @ LAR)",153455,In-Game Showdown (Q4),10600.0,0,3,1,30000.0,2026-09-22 01:45:00+00:00,Mon 9:45PM
195801731,"NFL In-Game $10,600 3-Player (4Q NYG @ LAR)",153455,In-Game Showdown (Q4),10600.0,0,3,1,30000.0,2026-09-22 01:45:00+00:00,Mon 9:45PM
195801734,"NFL In-Game $5,300 50-50 (4Q NYG @ LAR)",153455,In-Game Showdown (Q4),5300.0,0,4,1,20000.0,2026-09-22 01:45:00+00:00,Mon 9:45PM
195801735,"NFL In-Game $5,300 50-50 (4Q NYG @ LAR)",153455,In-Game Showdown (Q4),5300.0,0,4,1,20000.0,2026-09-22 01:45:00+00:00,Mon 9:45PM
195801732,"NFL In-Game $5,300 3-Player (4Q NYG @ LAR)",153455,In-Game Showdown (Q4),5300.0,0,3,1,15000.0,2026-09-22 01:45:00+00:00,Mon 9:45PM
195801733,"NFL In-Game $5,300 3-Player (4Q NYG @ LAR)",153455,In-Game Showdown (Q4),5300.0,0,3,1,15000.0,2026-09-22 01:45:00+00:00,Mon 9:45PM
195801736,"NFL In-Game $1,060 50-50 (4Q NYG @ LAR)",153455,In-Game Showdown (Q4),1060.0,0,4,1,4000.0,2026-09-22 01:45:00+00:00,Mon 9:45PM
195801737,"NFL In-Game $1,060 50-50 (4Q NYG @ LAR)",153455,In-Game Showdown (Q4),1060.0,0,4,1,4000.0,2026-09-22 01:45:00+00:00,Mon 9:45PM
195801738,"NFL In-Game $1,060 3-Player (4Q NYG @ LAR)",153455,In-Game Showdown (Q4),1060.0,0,3,1,3000.0,2026-09-22 01:45:00+00:00,Mon 9:45PM
195801739,"NFL In-Game $1,060 3-Player (4Q NYG @ LAR)",153455,In-Game Showdown (Q4),1060.0,0,3,1,3000.0,2026-09-22 01:45:00+00:00,Mon 9:45PM
195801740,NFL In-Game $530 50-50 (4Q NYG @ LAR),153455,In-Game Showdown (Q4),530.0,0,4,1,2000.0,2026-09-22 01:45:00+00:00,Mon 9:45PM
195801741,NFL In-Game $530 50-50 (4Q NYG @ LAR),153455,In-Game Showdown (Q4),530.0,0,4,1,2000.0,2026-09-22 01:45:00+00:00,Mon 9:45PM
195801742,NFL In-Game $530 3-Player (4Q NYG @ LAR),153455,In-Game Showdown (Q4),530.0,0,3,1,1500.0,2026-09-22 01:45:00+00:00,Mon 9:45PM
195801743,NFL In-Game $530 3-Player (4Q NYG @ LAR),153455,In-Game Showdown (Q4),530.0,0,3,1,1500.0,2026-09-22 01:45:00+00:00,Mon 9:45PM
195801802,NFL In-Game $270 50-50 (4Q NYG @ LAR),153455,In-Game Showdown (Q4),270.0,0,4,1,1000.0,2026-09-22 01:45:00+00:00,Mon 9:45PM
195801803,NFL In-Game $270 50-50 (4Q NYG @ LAR),153455,In-Game Showdown (Q4),270.0,0,4,1,1000.0,2026-09-22 01:45:00+00:00,Mon 9:45PM
195801748,NFL In-Game $270 3-Player (4Q NYG @ LAR),153455,In-Game Showdown (Q4),270.0,0,3,1,750.0,2026-09-22 01:45:00+00:00,Mon 9:45PM
195801749,NFL In-Game $270 3-Player (4Q NYG @ LAR),153455,In-Game Showdown (Q4),270.0,0,3,1,750.0,2026-09-22 01:45:00+00:00,Mon 9:45PM
195801751,NFL In-Game $109 50-50 (4Q NYG @ LAR),153455,In-Game Showdown (Q4),109.0,0,4,1,400.0,2026-09-22 01:45:00+00:00,Mon 9:45PM
195801752,NFL In-Game $109 50-50 (4Q NYG @ LAR),153455,In-Game Showdown (Q4),109.0,0,4,1,400.0,2026-09-22 01:45:00+00:00,Mon 9:45PM
195801755,NFL In-Game $109 3-Player (4Q NYG @ LAR),153455,In-Game Showdown (Q4),109.0,0,3,1,300.0,2026-09-22 01:45:00+00:00,Mon 9:45PM
195801756,NFL In-Game $109 3-Player (4Q NYG @ LAR),153455,In-Game Showdown (Q4),109.0,0,3,1,300.0,2026-09-22 01:45:00+00:00,Mon 9:45PM
195801757,NFL In-Game $109 3-Player (4Q NYG @ LAR),153455,In-Game Showdown (Q4),109.0,0,3,1,300.0,2026-09-22 01:45:00+00:00,Mon 9:45PM
195801764,NFL In-Game $50 50-50 (4Q NYG @ LAR),153455,In-Game Showdown (Q4),50.0,0,8,1,360.0,2026-09-22 01:45:00+00:00,Mon 9:45PM
195801761,NFL In-Game $50 50-50 (4Q NYG @ LAR),153455,In-Game Showdown (Q4),50.0,0,4,1,180.0,2026-09-22 01:45:00+00:00,Mon 9:45PM
195801795,NFL In-Game $50 Double Up (4Q NYG @ LAR),153455,In-Game Showdown (Q4),50.0,0,22,1,1000.0,2026-09-22 01:45:00+00:00,Mon 9:45PM
195801794,NFL In-Game $50 Double Up (4Q NYG @ LAR),153455,In-Game Showdown (Q4),50.0,0,11,1,500.0,2026-09-22 01:45:00+00:00,Mon 9:45PM
195801770,NFL In-Game $50 3-Player (4Q NYG @ LAR),153455,In-Game Showdown (Q4),50.0,0,3,1,135.0,2026-09-22 01:45:00+00:00,Mon 9:45PM
195801793,NFL In-Game $25 Double Up (4Q NYG @ LAR),153455,In-Game Showdown (Q4),25.0,0,22,1,500.0,2026-09-22 01:45:00+00:00,Mon 9:45PM
195801792,NFL In-Game $25 Double Up (4Q NYG @ LAR),153455,In-Game Showdown (Q4),25.0,0,11,1,250.0,2026-09-22 01:45:00+00:00,Mon 9:45PM
195801781,NFL In-Game $20 50-50 (4Q NYG @ LAR),153455,In-Game Showdown (Q4),20.0,0,10,1,180.0,2026-09-22 01:45:00+00:00,Mon 9:45PM
195801777,NFL In-Game $20 50-50 (4Q NYG @ LAR),153455,In-Game Showdown (Q4),20.0,0,4,1,72.0,2026-09-22 01:45:00+00:00,Mon 9:45PM
195801782,NFL In-Game $20 5-Player (4Q NYG @ LAR),153455,In-Game Showdown (Q4),20.0,0,5,1,90.0,2026-09-22 01:45:00+00:00,Mon 9:45PM
195801783,NFL In-Game $20 3-Player (4Q NYG @ LAR),153455,In-Game Showdown (Q4),20.0,0,3,1,54.0,2026-09-22 01:45:00+00:00,Mon 9:45PM
195801784,NFL In-Game $20 3-Player (4Q NYG @ LAR),153455,In-Game Showdown (Q4),20.0,0,3,1,54.0,2026-09-22 01:45:00+00:00,Mon 9:45PM
195801786,NFL In-Game $10 50-50 (4Q NYG @ LAR),153455,In-Game Showdown (Q4),10.0,0,10,1,90.0,2026-09-22 01:45:00+00:00,Mon 9:45PM
195801785,NFL In-Game $10 50-50 (4Q NYG @ LAR),153455,In-Game Showdown (Q4),10.0,0,4,1,36.0,2026-09-22 01:45:00+00:00,Mon 9:45PM
195801790,NFL In-Game $10 Double Up (4Q NYG @ LAR),153455,In-Game Showdown (Q4),10.0,0,11,1,100.0,2026-09-22 01:45:00+00:00,Mon 9:45PM
195801791,NFL In-Game $10 Double Up (4Q NYG @ LAR),153455,In-Game Showdown (Q4),10.0,0,11,1,100.0,2026-09-22 01:45:00+00:00,Mon 9:45PM
195801787,NFL In-Game $10 5-Player (4Q NYG @ LAR),153455,In-Game Showdown (Q4),10.0,0,5,1,45.0,2026-09-22 01:45:00+00:00,Mon 9:45PM
195801788,NFL In-Game $10 3-Player (4Q NYG @ LAR),153455,In-Game Showdown (Q4),10.0,0,3,1,27.0,2026-09-22 01:45:00+00:00,Mon 9:45PM
195801789,NFL In-Game $10 3-Player (4Q NYG @ LAR),153455,In-Game Showdown (Q4),10.0,0,3,1,27.0,2026-09-22 01:45:00+00:00,Mon 9:45PM
195801744,NFL In-Game $5 50-50 (4Q NYG @ LAR),153455,In-Game Showdown (Q4),5.0,0,10,1,45.0,2026-09-22 01:45:00+00:00,Mon 9:45PM
195801745,NFL In-Game $5 50-50 (4Q NYG @ LAR),153455,In-Game Showdown (Q4),5.0,0,4,1,18.0,2026-09-22 01:45:00+00:00,Mon 9:45PM
195801746,NFL In-Game $5 50-50 (4Q NYG @ LAR),153455,In-Game Showdown (Q4),5.0,0,4,1,18.0,2026-09-22 01:45:00+00:00,Mon 9:45PM
195801796,NFL In-Game $5 Double Up (4Q NYG @ LAR),153455,In-Game Showdown (Q4),5.0,0,11,1,50.0,2026-09-22 01:45:00+00:00,Mon 9:45PM
195801797,NFL In-Game $5 Double Up (4Q NYG @ LAR),153455,In-Game Showdown (Q4),5.0,0,11,1,50.0,2026-09-22 01:45:00+00:00,Mon 9:45PM
195801747,NFL In-Game $5 20-Player (4Q NYG @ LAR),153455,In-Game Showdown (Q4),5.0,0,20,1,90.0,2026-09-22 01:45:00+00:00,Mon 9:45PM
195801750,NFL In-Game $5 10-Player (4Q NYG @ LAR),153455,In-Game Showdown (Q4),5.0,0,10,1,45.0,2026-09-22 01:45:00+00:00,Mon 9:45PM
195801804,NFL In-Game $5 5-Player (4Q NYG @ LAR),153455,In-Game Showdown (Q4),5.0,0,5,1,22.5,2026-09-22 01:45:00+00:00,Mon 9:45PM
195801805,NFL In-Game $5 5-Player (4Q NYG @ LAR),153455,In-Game Showdown (Q4),5.0,0,5,1,22.5,2026-09-22 01:45:00+00:00,Mon 9:45PM
195801806,NFL In-Game $5 3-Player (4Q NYG @ LAR),153455,In-Game Showdown (Q4),5.0,0,3,1,13.5,2026-09-22 01:45:00+00:00,Mon 9:45PM
195801807,NFL In-Game $5 3-Player (4Q NYG @ LAR),153455,In-Game Showdown (Q4),5.0,0,3,1,13.5,2026-09-22 01:45:00+00:00,Mon 9:45PM
195801798,NFL In-Game $3 Double Up (4Q NYG @ LAR),153455,In-Game Showdown (Q4),3.0,0,11,1,30.0,2026-09-22 01:45:00+00:00,Mon 9:45PM
195801799,NFL In-Game $3 Double Up (4Q NYG @ LAR),153455,In-Game Showdown (Q4),3.0,0,11,1,30.0,2026-09-22 01:45:00+00:00,Mon 9:45PM
195801753,NFL In-Game $2 50-50 (4Q NYG @ LAR),153455,In-Game Showdown (Q4),2.0,0,20,1,36.0,2026-09-22 01:45:00+00:00,Mon 9:45PM
195801754,NFL In-Game $2 50-50 (4Q NYG @ LAR),153455,In-Game Showdown (Q4),2.0,0,10,1,18.0,2026-09-22 01:45:00+00:00,Mon 9:45PM
195801758,NFL In-Game $2 20-Player (4Q NYG @ LAR),153455,In-Game Showdown (Q4),2.0,0,20,1,36.0,2026-09-22 01:45:00+00:00,Mon 9:45PM
195801759,NFL In-Game $2 10-Player (4Q NYG @ LAR),153455,In-Game Showdown (Q4),2.0,0,10,1,18.0,2026-09-22 01:45:00+00:00,Mon 9:45PM
195801760,NFL In-Game $2 10-Player (4Q NYG @ LAR),153455,In-Game Showdown (Q4),2.0,0,10,1,18.0,2026-09-22 01:45:00+00:00,Mon 9:45PM
195801762,NFL In-Game $2 5-Player (4Q NYG @ LAR),153455,In-Game Showdown (Q4),2.0,0,5,1,9.0,2026-09-22 01:45:00+00:00,Mon 9:45PM
195801763,NFL In-Game $2 5-Player (4Q NYG @ LAR),153455,In-Game Showdown (Q4),2.0,0,5,1,9.0,2026-09-22 01:45:00+00:00,Mon 9:45PM
195801765,NFL In-Game $2 3-Player (4Q NYG @ LAR),153455,In-Game Showdown (Q4),2.0,0,3,1,5.4,2026-09-22 01:45:00+00:00,Mon 9:45PM
195801766,NFL In-Game $2 3-Player (4Q NYG @ LAR),153455,In-Game Showdown (Q4),2.0,0,3,1,5.4,2026-09-22 01:45:00+00:00,Mon 9:45PM
195801767,NFL In-Game $1 50-50 (4Q NYG @ LAR),153455,In-Game Showdown (Q4),1.0,0,20,1,18.0,2026-09-22 01:45:00+00:00,Mon 9:45PM
195801768,NFL In-Game $1 50-50 (4Q NYG @ LAR),153455,In-Game Showdown (Q4),1.0,0,10,1,9.0,2026-09-22 01:45:00+00:00,Mon 9:45PM
195801769,NFL In-Game $1 50-50 (4Q NYG @ LAR),153455,In-Game Showdown (Q4),1.0,0,10,1,9.0,2026-09-22 01:45:00+00:00,Mon 9:45PM
195801800,NFL In-Game $1 Double Up (4Q NYG @ LAR),153455,In-Game Showdown (Q4),1.0,0,11,1,10.0,2026-09-22 01:45:00+00:00,Mon 9:45PM
195801801,NFL In-Game $1 Double Up (4Q NYG @ LAR),153455,In-Game Showdown (Q4),1.0,0,11,1,10.0,2026-09-22 01:45:00+00:00,Mon 9:45PM
195801771,NFL In-Game $1 20-Player (4Q NYG @ LAR),153455,In-Game Showdown (Q4),1.0,0,20,1,18.0,2026-09-22 01:45:00+00:00,Mon 9:45PM
195801772,NFL In-Game $1 10-Player (4Q NYG @ LAR),153455,In-Game Showdown (Q4),1.0,0,10,1,9.0,2026-09-22 01:45:00+00:00,Mon 9:45PM
195801773,NFL In-Game $1 10-Player (4Q NYG @ LAR),153455,In-Game Showdown (Q4),1.0,0,10,1,9.0,2026-09-22 01:45:00+00:00,Mon 9:45PM
195801774,NFL In-Game $1 5-Player (4Q NYG @ LAR),153455,In-Game Showdown (Q4),1.0,0,5,1,4.5,2026-09-22 01:45:00+00:00,Mon 9:45PM
195801775,NFL In-Game $1 5-Player (4Q NYG @ LAR),153455,In-Game Showdown (Q4),1.0,0,5,1,4.5,2026-09-22 01:45:00+00:00,Mon 9:45PM
195801776,NFL In-Game $1 5-Player (4Q NYG @ LAR),153455,In-Game Showdown (Q4),1.0,0,5,1,4.5,2026-09-22 01:45:00+00:00,Mon 9:45PM
195801778,NFL In-Game $1 3-Player (4Q NYG @ LAR),153455,In-Game Showdown (Q4),1.0,0,3,1,2.7,2026-09-22 01:45:00+00:00,Mon 9:45PM
195801779,NFL In-Game $1 3-Player (4Q NYG @ LAR),153455,In-Game Showdown (Q4),1.0,0,3,1,2.7,2026-09-22 01:45:00+00:00,Mon 9:45PM
195801780,NFL In-Game $1 3-Player (4Q NYG @ LAR),153455,In-Game Showdown (Q4),1.0,0,3,1,2.7,2026-09-22 01:45:00+00:00,Mon 9:45PM
195913116,NFL Best Ball $10 12-Player (W3-W17 Sit + Go),153694,Best Ball,10.0,3,12,1,108.0,2026-09-24 22:13:00+00:00,Thu 6:13PM
195912577,NFL Best Ball $5 12-Player (W3-W17 Sit + Go),153694,Best Ball,5.0,2,12,1,54.0,2026-09-24 22:13:00+00:00,Thu 6:13PM
195806387,NFL Best Ball $20 12-Player (W3-W17 Sit + Go),153694,Best Ball,20.0,2,12,1,216.0,2026-09-24 22:13:00+00:00,Thu 6:13PM
195916590,NFL Best Ball $1 12-Player (W3-W17 Sit + Go),153694,Best Ball,1.0,0,12,1,10.8,2026-09-24 22:13:00+00:00,Thu 6:13PM
195806389,NFL Best Ball $50 12-Player (W3-W17 Sit + Go),153694,Best Ball,50.0,0,12,1,540.0,2026-09-24 22:13:00+00:00,Thu 6:13PM
195806388,NFL Best Ball $109 12-Player (W3-W17 Sit + Go),153694,Best Ball,109.0,0,12,1,1200.0,2026-09-24 22:13:00+00:00,Thu 6:13PM
195806392,NFL Best Ball $215 12-Player (W3-W17 Sit + Go),153694,Best Ball,215.0,0,12,1,2400.0,2026-09-24 22:13:00+00:00,Thu 6:13PM
195806394,NFL Best Ball $530 12-Player (W3-W17 Sit + Go),153694,Best Ball,530.0,0,12,1,6000.0,2026-09-24 22:13:00+00:00,Thu 6:13PM
195806396,"NFL Best Ball $1,060 12-Player (W3-W17 Sit + Go)",153694,Best Ball,1060.0,0,12,1,12000.0,2026-09-24 22:13:00+00:00,Thu 6:13PM
195806382,NFL Best Ball $50 6-Player (W3-W17 Sit + Go),153694,Best Ball,50.0,1,6,1,270.0,2026-09-24 23:13:00+00:00,Thu 7:13PM
195857562,NFL Best Ball $10 6-Player (W3-W17 Sit + Go),153694,Best Ball,10.0,0,6,1,54.0,2026-09-24 23:13:00+00:00,Thu 7:13PM
195911529,NFL Best Ball $1 6-Player (W3-W17 Sit + Go),153694,Best Ball,1.0,0,6,1,5.4,2026-09-24 23:13:00+00:00,Thu 7:13PM
195912240,NFL Best Ball $5 6-Player (W3-W17 Sit + Go),153694,Best Ball,5.0,0,6,1,27.0,2026-09-24 23:13:00+00:00,Thu 7:13PM
195806380,NFL Best Ball $20 6-Player (W3-W17 Sit + Go),153694,Best Ball,20.0,0,6,1,108.0,2026-09-24 23:13:00+00:00,Thu 7:13PM
195806375,NFL Best Ball $109 6-Player (W3-W17 Sit + Go),153694,Best Ball,109.0,0,6,1,600.0,2026-09-24 23:13:00+00:00,Thu 7:13PM
195806391,NFL Best Ball $215 6-Player (W3-W17 Sit + Go),153694,Best Ball,215.0,0,6,1,1200.0,2026-09-24 23:13:00+00:00,Thu 7:13PM
195806393,NFL Best Ball $530 6-Player (W3-W17 Sit + Go),153694,Best Ball,530.0,0,6,1,3000.0,2026-09-24 23:13:00+00:00,Thu 7:13PM
195806395,"NFL Best Ball $1,060 6-Player (W3-W17 Sit + Go)",153694,Best Ball,1060.0,0,6,1,6000.0,2026-09-24 23:13:00+00:00,Thu 7:13PM
195915978,NFL Best Ball $10 3-Player (W3-W17 Sit + Go),153694,Best Ball,10.0,0,3,1,27.0,2026-09-24 23:43:00+00:00,Thu 7:43PM
195916764,NFL Best Ball $1 3-Player (W3-W17 Sit + Go),153694,Best Ball,1.0,0,3,1,2.7,2026-09-24 23:43:00+00:00,Thu 7:43PM
195912144,NFL Best Ball $5 3-Player (W3-W17 Sit + Go),153694,Best Ball,5.0,0,3,1,13.5,2026-09-24 23:43:00+00:00,Thu 7:43PM
195806379,NFL Best Ball $20 3-Player (W3-W17 Sit + Go),153694,Best Ball,20.0,0,3,1,54.0,2026-09-24 23:43:00+00:00,Thu 7:43PM
195806381,NFL Best Ball $50 3-Player (W3-W17 Sit + Go),153694,Best Ball,50.0,0,3,1,135.0,2026-09-24 23:43:00+00:00,Thu 7:43PM
195806374,NFL Best Ball $109 3-Player (W3-W17 Sit + Go),153694,Best Ball,109.0,0,3,1,300.0,2026-09-24 23:43:00+00:00,Thu 7:43PM
195806390,NFL Best Ball $215 3-Player (W3-W17 Sit + Go),153694,Best Ball,215.0,0,3,1,600.0,2026-09-24 23:43:00+00:00,Thu 7:43PM
195806383,NFL Best Ball $530 3-Player (W3-W17 Sit + Go),153694,Best Ball,530.0,0,3,1,1500.0,2026-09-24 23:43:00+00:00,Thu 7:43PM
195806376,"NFL Best Ball $1,060 3-Player (W3-W17 Sit + Go)",153694,Best Ball,1060.0,0,3,1,3000.0,2026-09-24 23:43:00+00:00,Thu 7:43PM
195913243,NFL $5 50-Player (Top 5 Win),153769,Classic,5.0,14,50,1,225.0,2026-09-27 17:00:00+00:00,Sun 1:00PM
195914114,NFL $2 50-Player (Top 3 Win),153769,Classic,2.0,3,50,1,90.0,2026-09-27 17:00:00+00:00,Sun 1:00PM
195914117,NFL $2 25-Player (Top 3 Win),153769,Classic,2.0,2,25,1,45.0,2026-09-27 17:00:00+00:00,Sun 1:00PM
195914118,NFL $2 10-Player (Winner Takes All),153769,Classic,2.0,3,10,1,18.0,2026-09-27 17:00:00+00:00,Sun 1:00PM
195914427,NFL $1 30-Player (Winner Takes All),153769,Classic,1.0,8,30,1,27.0,2026-09-27 17:00:00+00:00,Sun 1:00PM
195914120,NFL $1 25-Player (Top 2 Win),153769,Classic,1.0,5,25,1,22.5,2026-09-27 17:00:00+00:00,Sun 1:00PM
195914393,NFL $2 200-Player (Top 10 Win),153769,Classic,2.0,4,200,1,360.0,2026-09-27 17:00:00+00:00,Sun 1:00PM
195914109,NFL $3 10-Player (Winner Takes All),153769,Classic,3.0,2,10,1,27.0,2026-09-27 17:00:00+00:00,Sun 1:00PM
195914113,NFL $3 15-Player (Winner Takes All),153769,Classic,3.0,4,15,1,40.5,2026-09-27 17:00:00+00:00,Sun 1:00PM
195913369,NFL $5 100-Player (Top 10 Win),153769,Classic,5.0,10,100,1,450.0,2026-09-27 17:00:00+00:00,Sun 1:00PM
